chr	start	end	coverage	methylation_level
chr1	100028	100029	39	0.7342
chr1	100128	100129	24	0.7581
chr1	100184	100185	35	0.7764
chr1	100284	100285	32	0.7006
chr1	100378	100379	32	0.8591
chr1	100464	100465	27	0.7559
chr1	100564	100565	26	0.6617
chr1	100584	100585	35	0.8304
chr1	100632	100633	30	0.8184
chr1	100655	100656	28	0.751
chr1	100755	100756	35	0.7894
chr1	100855	100856	24	0.8822
chr1	100955	100956	26	0.8209
chr1	101055	101056	41	0.7697
chr1	101155	101156	28	0.7078
chr1	101205	101206	24	0.5563
chr1	101222	101223	39	0.6546
chr1	101506	101507	30	0.6415
chr1	101755	101756	30	0.6536
chr1	101777	101778	31	0.7605
chr1	101811	101812	25	0.511
chr1	101896	101897	27	0.6434
chr1	101965	101966	35	0.5167
chr1	102015	102016	20	0.6235
chr1	102069	102070	29	0.6224
chr1	102169	102170	33	0.5266
chr1	102269	102270	33	0.4986
chr1	102319	102320	33	0.6059
chr1	102368	102369	29	0.5747
chr1	102509	102510	31	0.5876
chr1	102698	102699	37	0.5575
chr1	102798	102799	30	0.4569
chr1	102846	102847	23	0.6362
chr1	102889	102890	21	0.2253
chr1	102969	102970	33	0.2709
chr1	103019	103020	22	0.3066
chr1	103119	103120	40	0.2295
chr1	103219	103220	29	0.3834
chr1	103314	103315	31	0.408
chr1	103403	103404	32	0.4088
chr1	103810	103811	25	0.2439
chr1	103910	103911	26	0.3272
chr1	103972	103973	34	0.2438
chr1	103984	103985	26	0.3749
chr1	104009	104010	31	1.0
chr1	104109	104110	27	0.848
chr1	104159	104160	27	0.6415
chr1	104259	104260	25	0.7808
chr1	104359	104360	32	0.9401
chr1	104459	104460	42	1.0
chr1	104501	104502	30	0.953
chr1	104675	104676	32	1.0
chr1	104910	104911	26	0.7588
chr1	104922	104923	33	0.5
chr1	104940	104941	36	0.7175
chr1	104960	104961	33	0.7016
chr1	105042	105043	27	0.867
chr1	105106	105107	19	0.8873
chr1	105206	105207	36	0.8028
chr1	105306	105307	24	0.8816
chr1	105378	105379	30	0.7956
chr1	105420	105421	23	0.9464
chr1	105520	105521	31	0.8463
chr1	105693	105694	24	0.9396
chr1	105835	105836	37	0.7532
chr1	105891	105892	34	0.8972
chr1	105901	105902	36	0.676
chr1	105933	105934	24	0.8184
chr1	105951	105952	29	0.7974
chr1	106001	106002	33	0.8821
chr1	106043	106044	23	0.7644
chr1	106062	106063	30	0.5944
chr1	106081	106082	28	0.7902
chr1	106096	106097	25	0.7589
chr1	106122	106123	32	0.758
chr1	106164	106165	41	0.8292
chr1	106194	106195	30	0.6403
chr1	106213	106214	35	0.7896
chr1	106235	106236	31	0.7731
chr1	106264	106265	34	0.7732
chr1	106314	106315	37	0.6486
chr1	106343	106344	17	0.6336
chr1	106393	106394	26	0.7738
chr1	106414	106415	22	0.6542
chr1	106427	106428	29	0.755
chr1	106526	106527	40	0.8032
chr1	106616	106617	25	0.6669
chr1	106711	106712	28	0.6145
chr1	106761	106762	21	0.6598
chr1	106861	106862	32	0.8339
chr1	106918	106919	40	0.8699
chr1	106992	106993	27	0.728
chr1	107020	107021	26	0.7496
chr1	107032	107033	33	0.6513
chr1	107092	107093	32	0.8322
chr1	107202	107203	35	0.8217
chr1	107270	107271	19	0.8059
chr1	107304	107305	30	0.6848
chr1	107384	107385	37	0.5713
chr1	107398	107399	30	0.2908
chr1	107498	107499	36	0.082
chr1	107588	107589	30	0.0876
chr1	107688	107689	21	0.151
chr1	107788	107789	28	0.199
chr1	107838	107839	22	0.1508
chr1	107891	107892	35	0.2171
chr1	107908	107909	24	0.2049
chr1	108008	108009	26	0.1739
chr1	108213	108214	30	0.1846
chr1	108217	108218	28	0.3151
chr1	108289	108290	24	0.0912
chr1	108316	108317	31	0.9767
chr1	108366	108367	23	0.9361
chr1	108466	108467	35	0.7573
chr1	108516	108517	34	0.8447
chr1	108616	108617	30	0.7844
chr1	108683	108684	30	0.9737
chr1	108742	108743	32	1.0
chr1	108788	108789	34	0.951
chr1	109036	109037	33	0.9144
chr1	109136	109137	37	0.9558
chr1	109236	109237	36	0.994
chr1	109292	109293	25	0.9619
chr1	109312	109313	21	0.898
chr1	109317	109318	31	0.4774
chr1	109367	109368	33	0.71
chr1	109467	109468	36	0.628
chr1	109567	109568	33	0.5333
chr1	109625	109626	32	0.5414
chr1	109725	109726	31	0.64
chr1	109797	109798	29	0.5852
chr1	109848	109849	32	0.6733
chr1	109948	109949	34	0.5448
chr1	110110	110111	29	0.6478
chr1	110370	110371	38	0.6683
chr1	110568	110569	31	0.5501
chr1	110682	110683	24	0.5759
chr1	110716	110717	30	0.6233
chr1	110742	110743	24	0.711
chr1	110774	110775	33	0.712
chr1	110792	110793	28	0.6788
chr1	110882	110883	31	0.7733
chr1	110982	110983	32	0.688
chr1	111082	111083	29	0.6248
chr1	111182	111183	29	0.8059
chr1	111255	111256	31	0.7227
chr1	111302	111303	30	0.6332
chr1	111481	111482	35	0.471
chr1	111832	111833	32	0.6859
chr1	111888	111889	20	0.7202
chr1	111918	111919	23	0.8904
chr1	111968	111969	32	0.7886
chr1	112026	112027	22	0.8313
chr1	112115	112116	19	0.8316
chr1	112215	112216	30	0.8015
chr1	112300	112301	22	0.8789
chr1	112400	112401	25	0.9334
chr1	112447	112448	28	0.6532
chr1	112547	112548	22	0.7253
chr1	112926	112927	26	0.9589
chr1	112932	112933	37	0.9051
chr1	113004	113005	27	0.8306
chr1	113046	113047	34	0.9024
chr1	113146	113147	22	0.7927
chr1	113246	113247	32	0.9003
chr1	113298	113299	28	0.9008
chr1	113390	113391	29	0.8428
chr1	113485	113486	35	0.7912
chr1	113818	113819	29	0.713
chr1	113918	113919	36	0.6252
chr1	113956	113957	27	0.7765
chr1	114014	114015	29	0.9382
chr1	114022	114023	26	0.7378
chr1	114122	114123	18	0.904
chr1	114222	114223	37	0.6236
chr1	114322	114323	28	0.7541
chr1	114422	114423	30	0.7105
chr1	114500	114501	26	0.6185
chr1	114671	114672	33	0.6641
chr1	114771	114772	33	0.7127
chr1	114975	114976	28	0.7601
chr1	115025	115026	28	0.6343
chr1	115133	115134	33	0.6483
chr1	115229	115230	30	0.8329
chr1	115295	115296	24	0.7828
chr1	115345	115346	34	0.6502
chr1	115349	115350	32	0.7018
chr1	115385	115386	28	0.6245
chr1	115389	115390	23	0.6978
chr1	115453	115454	33	0.7835
chr1	115467	115468	27	0.7968
chr1	115509	115510	36	0.9821
chr1	115583	115584	36	0.9389
chr1	115683	115684	22	0.9523
chr1	115763	115764	30	0.9555
chr1	115813	115814	32	0.8962
chr1	115913	115914	36	0.9357
chr1	115997	115998	29	0.8357
chr1	116194	116195	28	0.938
chr1	116294	116295	26	0.9213
chr1	116306	116307	36	0.8844
chr1	116350	116351	21	0.8802
chr1	116357	116358	34	1.0
chr1	116455	116456	20	0.6644
chr1	116554	116555	36	0.8224
chr1	116654	116655	31	0.6128
chr1	116745	116746	34	0.9506
chr1	116845	116846	25	0.7916
chr1	116862	116863	32	0.8414
chr1	117047	117048	34	0.9325
chr1	117061	117062	31	0.726
chr1	117179	117180	31	0.7549
chr1	117241	117242	24	0.6109
chr1	117375	117376	28	0.9295
chr1	117419	117420	28	0.8333
chr1	117529	117530	24	0.7719
chr1	117543	117544	25	0.8717
chr1	117625	117626	33	0.8369
chr1	117691	117692	28	0.8326
chr1	117765	117766	24	0.8033
chr1	117865	117866	34	0.7813
chr1	117965	117966	29	0.8626
chr1	118025	118026	30	0.6598
chr1	118252	118253	34	0.887
chr1	118300	118301	32	0.6505
chr1	118314	118315	28	0.9183
chr1	118319	118320	26	0.5908
chr1	118334	118335	26	0.7144
chr1	118368	118369	28	0.5932
chr1	118412	118413	24	0.5176
chr1	118436	118437	28	0.5468
chr1	118486	118487	26	0.6246
chr1	118515	118516	34	0.6577
chr1	118542	118543	25	0.6478
chr1	118577	118578	30	0.5391
chr1	118627	118628	24	0.7769
chr1	118651	118652	28	0.5385
chr1	118674	118675	35	0.4318
chr1	118713	118714	23	0.6264
chr1	118747	118748	30	0.5032
chr1	118787	118788	29	0.6009
chr1	118804	118805	24	0.5162
chr1	118854	118855	40	0.5024
chr1	118904	118905	24	0.5575
chr1	119004	119005	37	0.5367
chr1	119091	119092	32	0.6702
chr1	119191	119192	33	0.6533
chr1	119268	119269	26	0.5907
chr1	119304	119305	28	0.6678
chr1	119366	119367	38	0.5687
chr1	119436	119437	23	0.6189
chr1	119444	119445	26	0.6424
chr1	119536	119537	24	0.4785
chr1	119556	119557	27	0.5845
chr1	119576	119577	44	0.6612
chr1	119586	119587	30	0.7394
chr1	119630	119631	31	0.4965
chr1	119660	119661	28	0.4291
chr1	119686	119687	22	0.8355
chr1	119786	119787	25	0.8549
chr1	119886	119887	26	0.6959
chr1	119983	119984	25	0.6892
chr1	120066	120067	43	0.4121
chr1	120166	120167	31	0.8016
chr1	120192	120193	26	0.8509
chr1	120292	120293	28	0.9641
chr1	120630	120631	21	0.5833
chr1	120717	120718	24	0.9139
chr1	120769	120770	24	1.0
chr1	120775	120776	35	0.0335
chr1	120875	120876	35	0.0194
chr1	120930	120931	24	0.0421
chr1	121002	121003	35	0.0992
chr1	121102	121103	38	0.057
chr1	121202	121203	32	0.0447
chr1	121278	121279	30	0.0346
chr1	121778	121779	19	0.0709
chr1	121952	121953	27	0.0708
chr1	122062	122063	32	0.1087
chr1	122148	122149	32	0.1323
chr1	122222	122223	32	0.0983
chr1	122226	122227	22	0.18
chr1	122262	122263	27	0.0
chr1	122362	122363	27	0.0631
chr1	122462	122463	25	0.0871
chr1	122562	122563	32	0.0542
chr1	122662	122663	38	0.0381
chr1	122762	122763	25	0.1049
chr1	122781	122782	30	0.0209
chr1	122881	122882	26	0.2229
chr1	123007	123008	32	0.1409
chr1	123107	123108	25	0.0684
chr1	123222	123223	32	0.1711
chr1	123280	123281	30	0.0888
chr1	124018	124019	35	0.7481
chr1	124068	124069	35	0.7218
chr1	124118	124119	32	0.8198
chr1	124218	124219	25	0.7647
chr1	124318	124319	33	0.7405
chr1	124393	124394	22	0.832
chr1	124493	124494	28	0.7664
chr1	124496	124497	27	0.8122
chr1	124596	124597	28	0.8084
chr1	124725	124726	24	0.9505
chr1	124827	124828	41	0.7065
chr1	124974	124975	24	0.7246
chr1	125000	125001	23	0.7404
chr1	125034	125035	28	0.6387
chr1	125134	125135	25	0.7866
chr1	125234	125235	36	0.9013
chr1	125334	125335	37	0.7329
chr1	125384	125385	24	0.826
chr1	125448	125449	23	0.7397
chr1	125705	125706	30	0.5175
chr1	125806	125807	16	0.8007
chr1	125812	125813	25	0.8111
chr1	125890	125891	35	0.7072
chr1	125896	125897	30	0.2505
chr1	125986	125987	40	0.1455
chr1	126086	126087	15	0.2744
chr1	126163	126164	27	0.2788
chr1	126263	126264	28	0.2442
chr1	126363	126364	30	0.1513
chr1	126420	126421	30	0.1672
chr1	126920	126921	24	0.178
chr1	126944	126945	35	0.1588
chr1	126950	126951	33	0.2087
chr1	127054	127055	39	0.279
chr1	127068	127069	29	0.2212
chr1	127188	127189	34	0.2121
chr1	127234	127235	31	0.283
chr1	127264	127265	24	0.0729
chr1	127364	127365	19	0.0832
chr1	127378	127379	28	0.159
chr1	127406	127407	22	0.1761
chr1	127446	127447	36	0.7192
chr1	127516	127517	34	0.8165
chr1	127616	127617	27	0.7687
chr1	127716	127717	20	0.7443
chr1	127795	127796	31	0.8159
chr1	127862	127863	38	0.6674
chr1	127870	127871	31	0.4903
chr1	128064	128065	30	0.7026
chr1	128116	128117	33	0.7397
chr1	128120	128121	34	0.8068
chr1	128134	128135	31	0.682
chr1	128234	128235	42	0.0
chr1	128284	128285	28	0.5301
chr1	128345	128346	30	0.579
chr1	128445	128446	29	0.0
chr1	128545	128546	31	0.512
chr1	128620	128621	23	0.0621
chr1	128966	128967	30	0.6365
chr1	129100	129101	31	0.0
chr1	129126	129127	32	0.3074
chr1	129162	129163	33	0.0
chr1	129190	129191	33	0.7833
chr1	129270	129271	30	0.8917
chr1	129333	129334	33	0.9256
chr1	129383	129384	30	0.8717
chr1	129442	129443	31	0.8337
chr1	129542	129543	26	0.784
chr1	129642	129643	32	0.7242
chr1	129679	129680	31	0.9114
chr1	129687	129688	34	0.9549
chr1	129696	129697	34	0.6151
chr1	129796	129797	24	0.7117
chr1	129896	129897	33	0.6782
chr1	129996	129997	22	0.7172
chr1	130096	130097	23	0.6037
chr1	130146	130147	28	0.6088
chr1	130216	130217	29	0.4905
chr1	130228	130229	34	0.5327
chr1	130335	130336	28	0.5478
chr1	130653	130654	30	0.5684
chr1	130753	130754	22	0.5873
chr1	130795	130796	22	0.7473
chr1	130861	130862	32	0.7455
chr1	131021	131022	38	0.734
chr1	131057	131058	30	0.6835
chr1	131123	131124	30	0.6262
chr1	131243	131244	29	0.555
chr1	131273	131274	38	0.3219
chr1	131333	131334	27	0.0312
chr1	131429	131430	38	0.0
chr1	131483	131484	34	0.0
chr1	131583	131584	30	0.0922
chr1	131683	131684	37	0.0481
chr1	131741	131742	25	0.1122
chr1	131756	131757	29	0.0346
chr1	131856	131857	22	0.1635
chr1	132149	132150	37	0.1013
chr1	132175	132176	40	0.1167
chr1	132201	132202	32	0.1007
chr1	132211	132212	39	0.2716
chr1	132261	132262	33	0.4237
chr1	132361	132362	25	0.2088
chr1	132461	132462	34	0.2237
chr1	132561	132562	22	0.4307
chr1	132611	132612	24	0.2287
chr1	132671	132672	26	0.2266
chr1	132867	132868	29	0.3406
chr1	132897	132898	29	0.3162
chr1	132979	132980	36	0.1201
chr1	133085	133086	40	0.3055
chr1	133097	133098	33	0.1825
chr1	133157	133158	37	0.2785
chr1	133241	133242	26	0.2151
chr1	133287	133288	27	0.2135
chr1	133289	133290	34	0.1798
chr1	133329	133330	27	0.4476
chr1	133337	133338	31	0.388
chr1	133378	133379	37	0.8143
chr1	133429	133430	37	0.9033
chr1	133529	133530	32	0.9447
chr1	133604	133605	26	1.0
chr1	133689	133690	28	1.0
chr1	133782	133783	26	1.0
chr1	133835	133836	23	0.9529
chr1	133952	133953	25	0.9675
chr1	134008	134009	40	0.9466
chr1	134016	134017	35	0.0713
chr1	134054	134055	31	0.1371
chr1	134081	134082	33	0.2125
chr1	134107	134108	33	0.0701
chr1	134157	134158	27	0.2599
chr1	134207	134208	28	0.0355
chr1	134247	134248	31	0.2159
chr1	134285	134286	23	0.1452
chr1	134320	134321	32	0.1447
chr1	134359	134360	36	0.0537
chr1	134374	134375	35	0.1809
chr1	134407	134408	19	0.2746
chr1	134427	134428	27	0.0542
chr1	134447	134448	31	0.1281
chr1	134484	134485	26	0.1117
chr1	134507	134508	25	0.1301
chr1	134511	134512	27	0.1249
chr1	134589	134590	33	0.0501
chr1	134689	134690	26	0.043
chr1	134789	134790	28	0.1725
chr1	134874	134875	28	0.233
chr1	134974	134975	30	0.1905
chr1	135048	135049	34	0.166
chr1	135186	135187	24	0.0552
chr1	135190	135191	36	0.1748
chr1	135226	135227	25	0.1539
chr1	135232	135233	33	0.048
chr1	135294	135295	26	0.179
chr1	135299	135300	35	0.7436
chr1	135389	135390	28	0.7154
chr1	135489	135490	30	0.7314
chr1	135589	135590	41	0.7988
chr1	135650	135651	28	0.798
chr1	135708	135709	26	0.7042
chr1	135758	135759	32	0.7505
chr1	135797	135798	32	0.7511
chr1	135974	135975	28	0.7491
chr1	136036	136037	25	0.6141
chr1	136058	136059	31	0.7216
chr1	136078	136079	30	0.8022
chr1	136084	136085	23	0.7012
chr1	136118	136119	26	0.6977
chr1	136208	136209	31	0.5527
chr1	136282	136283	33	0.5996
chr1	136298	136299	15	0.7299
chr1	136326	136327	32	0.661
chr1	136376	136377	28	0.7658
chr1	136416	136417	28	1.0
chr1	136516	136517	29	0.9673
chr1	136616	136617	30	0.9543
chr1	136716	136717	29	0.8514
chr1	136816	136817	33	0.9861
chr1	136916	136917	24	0.7714
chr1	136983	136984	35	0.8498
chr1	136994	136995	37	0.9111
chr1	137123	137124	34	0.8758
chr1	137483	137484	30	0.9471
chr1	137509	137510	32	0.7761
chr1	137531	137532	27	0.0914
chr1	137631	137632	32	0.154
chr1	137731	137732	34	0.0745
chr1	137804	137805	32	0.1055
chr1	137904	137905	32	0.0396
chr1	137980	137981	36	0.1341
chr1	138080	138081	31	0.0745
chr1	138111	138112	35	0.1031
chr1	138533	138534	31	0.1272
chr1	138670	138671	26	0.1536
chr1	138744	138745	27	0.1
chr1	138765	138766	27	0.7365
chr1	138852	138853	21	0.7599
chr1	138952	138953	30	0.7902
chr1	139052	139053	30	0.8999
chr1	139152	139153	41	0.7928
chr1	139234	139235	24	0.8749
chr1	139244	139245	33	0.8412
chr1	139345	139346	29	0.869
chr1	139385	139386	34	0.8138
chr1	139428	139429	32	0.6816
chr1	139478	139479	33	0.5778
chr1	139551	139552	26	0.5418
chr1	139631	139632	29	0.5507
chr1	139731	139732	25	0.6424
chr1	139799	139800	18	0.6977
chr1	139869	139870	26	0.7146
chr1	139875	139876	35	0.7125
chr1	139925	139926	35	0.6713
chr1	139971	139972	32	0.7213
chr1	140071	140072	31	0.5874
chr1	140121	140122	34	0.3727
chr1	140171	140172	29	0.3281
chr1	140271	140272	26	0.7243
chr1	140324	140325	27	0.8054
chr1	140424	140425	30	0.5303
chr1	140474	140475	33	0.4479
chr1	140516	140517	25	0.4788
chr1	140616	140617	35	0.7808
chr1	140769	140770	30	0.727
chr1	141120	141121	29	0.7498
chr1	141148	141149	27	0.7129
chr1	141196	141197	39	0.3778
chr1	141296	141297	34	0.4819
chr1	141396	141397	32	0.3161
chr1	141446	141447	33	0.276
chr1	141546	141547	27	0.3205
chr1	141646	141647	30	0.3157
chr1	141720	141721	29	0.3439
chr1	141796	141797	32	0.2618
chr1	142004	142005	33	0.3416
chr1	142104	142105	29	0.2642
chr1	142204	142205	33	0.4132
chr1	142304	142305	32	0.2384
chr1	142354	142355	32	0.3697
chr1	142403	142404	33	0.8066
chr1	142458	142459	30	0.7595
chr1	142558	142559	23	0.8274
chr1	142658	142659	32	0.784
chr1	142758	142759	26	0.7891
chr1	142858	142859	30	0.7705
chr1	142876	142877	35	0.9191
chr1	142958	142959	26	0.8139
chr1	142964	142965	35	0.8057
chr1	143064	143065	39	0.5722
chr1	143137	143138	37	0.749
chr1	143237	143238	31	0.6596
chr1	143337	143338	25	0.6207
chr1	143437	143438	30	0.7665
chr1	143461	143462	24	0.674
chr1	143585	143586	29	0.8357
chr1	143795	143796	34	0.7504
chr1	143895	143896	19	0.8042
chr1	143901	143902	25	0.784
chr1	143945	143946	30	0.8127
chr1	143999	144000	36	0.7863
chr1	144111	144112	26	0.8641
chr1	144313	144314	29	0.8299
chr1	144333	144334	28	0.7341
chr1	144381	144382	21	0.7278
chr1	144481	144482	31	0.6108
chr1	144581	144582	32	0.8605
chr1	144681	144682	27	0.8457
chr1	144781	144782	37	0.816
chr1	144881	144882	24	0.6367
chr1	144932	144933	31	0.7718
chr1	145432	145433	27	0.7422
chr1	145452	145453	32	0.8557
chr1	145458	145459	30	0.9271
chr1	145558	145559	24	0.6887
chr1	145640	145641	23	0.7191
chr1	145739	145740	33	0.9495
chr1	145839	145840	23	0.6956
chr1	145939	145940	26	0.6839
chr1	145942	145943	37	0.6185
chr1	146361	146362	30	0.805
chr1	146419	146420	21	0.5558
chr1	146459	146460	34	0.7436
chr1	146483	146484	30	0.6684
chr1	146687	146688	39	0.7896
chr1	146701	146702	32	0.7129
chr1	146787	146788	25	0.7462
chr1	146841	146842	28	0.6994
chr1	146870	146871	33	0.0424
chr1	146957	146958	28	0.1074
chr1	147041	147042	21	0.2266
chr1	147141	147142	28	0.1838
chr1	147241	147242	30	0.1602
chr1	147321	147322	29	0.2085
chr1	147370	147371	32	0.2162
chr1	147573	147574	33	0.0417
chr1	147782	147783	34	0.1765
chr1	147850	147851	28	0.0115
chr1	147872	147873	35	0.111
chr1	147908	147909	23	0.0323
chr1	147958	147959	24	0.0137
chr1	148008	148009	38	0.102
chr1	148108	148109	33	0.0796
chr1	148208	148209	28	0.2069
chr1	148266	148267	27	0.0299
chr1	148366	148367	27	0.0442
chr1	148416	148417	27	0.1759
chr1	148663	148664	26	0.084
chr1	148763	148764	25	0.0732
chr1	148829	148830	26	0.1332
chr1	148846	148847	30	0.0583
chr1	148946	148947	36	0.1375
chr1	149019	149020	18	0.2393
chr1	149119	149120	18	0.0301
chr1	149186	149187	29	0.0495
chr1	149230	149231	28	0.0736
chr1	149330	149331	40	0.1726
chr1	149438	149439	29	0.0
chr1	149538	149539	30	0.0899
chr1	149542	149543	28	0.0
chr1	149562	149563	37	0.0801
chr1	149601	149602	34	0.1966
chr1	149683	149684	23	0.0595
chr1	149767	149768	33	0.2037
chr1	149867	149868	33	0.0549
chr1	149942	149943	26	0.034
chr1	150033	150034	27	0.1244
chr1	150398	150399	20	0.1074
chr1	150416	150417	29	0.0444
chr1	150430	150431	31	0.1025
chr1	150530	150531	35	0.1899
chr1	150630	150631	24	0.1228
chr1	150730	150731	27	0.1385
chr1	150830	150831	33	0.1752
chr1	150880	150881	40	0.1421
chr1	150928	150929	32	0.2083
chr1	151040	151041	34	0.2883
chr1	151225	151226	20	0.2837
chr1	151361	151362	28	0.2717
chr1	151363	151364	33	0.2337
chr1	151449	151450	26	0.2567
chr1	151499	151500	23	0.2503
chr1	151599	151600	26	0.2765
chr1	151687	151688	34	0.1247
chr1	151787	151788	26	0.1015
chr1	151887	151888	27	0.1641
chr1	151987	151988	27	0.1286
chr1	152026	152027	27	0.2212
chr1	152126	152127	32	0.2184
chr1	152237	152238	28	0.114
chr1	152535	152536	28	0.1797
chr1	152537	152538	34	0.1094
chr1	152595	152596	31	0.1427
chr1	152613	152614	21	0.9372
chr1	152694	152695	25	0.712
chr1	152756	152757	38	0.8586
chr1	152856	152857	39	0.9544
chr1	152956	152957	40	0.7887
chr1	153056	153057	41	0.9643
chr1	153106	153107	34	0.9564
chr1	153206	153207	29	0.8269
chr1	153230	153231	24	0.9532
chr1	153470	153471	35	0.8658
chr1	153622	153623	37	0.8368
chr1	153660	153661	29	0.9043
chr1	153667	153668	32	0.9249
chr1	153767	153768	37	1.0
chr1	153867	153868	33	0.9568
chr1	153967	153968	34	0.8092
chr1	154023	154024	29	0.8588
chr1	154073	154074	28	0.8335
chr1	154172	154173	29	0.8102
chr1	154224	154225	32	0.8579
chr1	154255	154256	23	0.8735
chr1	154355	154356	21	0.9145
chr1	154613	154614	26	0.9905
chr1	154713	154714	34	1.0
chr1	154845	154846	35	0.8039
chr1	154897	154898	22	0.8833
chr1	154939	154940	32	0.7756
chr1	155013	155014	24	0.8209
chr1	155083	155084	24	0.6894
chr1	155151	155152	32	0.8449
chr1	155189	155190	20	0.9422
chr1	155289	155290	37	0.6973
chr1	155374	155375	28	0.8799
chr1	155474	155475	29	0.8682
chr1	155574	155575	23	0.7883
chr1	155638	155639	23	0.6147
chr1	155660	155661	32	0.7238
chr1	155760	155761	19	0.8785
chr1	155860	155861	28	0.885
chr1	156085	156086	28	0.8599
chr1	156097	156098	28	0.9317
chr1	156125	156126	22	0.8853
chr1	156147	156148	28	0.7818
chr1	156247	156248	32	0.8564
chr1	156297	156298	17	0.9097
chr1	156397	156398	32	0.8326
chr1	156497	156498	27	0.7973
chr1	156597	156598	34	0.7851
chr1	156666	156667	31	0.8019
chr1	156690	156691	34	0.7452
chr1	157176	157177	27	0.7125
chr1	157178	157179	19	0.7832
chr1	157184	157185	39	0.7023
chr1	157232	157233	28	0.7498
chr1	157332	157333	28	0.8287
chr1	157432	157433	32	0.7589
chr1	157529	157530	31	0.8303
chr1	157590	157591	26	0.828
chr1	157644	157645	30	0.8215
chr1	157744	157745	27	0.823
chr1	157774	157775	27	0.6518
chr1	157874	157875	27	0.6298
chr1	157974	157975	23	0.6299
chr1	158263	158264	30	0.6203
chr1	158299	158300	25	0.7721
chr1	158337	158338	14	0.6057
chr1	158348	158349	32	0.8656
chr1	158415	158416	33	0.7063
chr1	158515	158516	29	0.8081
chr1	158613	158614	23	0.8899
chr1	158709	158710	35	0.7768
chr1	158786	158787	28	0.7465
chr1	158816	158817	24	0.7448
chr1	159033	159034	35	0.8617
chr1	159133	159134	21	0.608
chr1	159153	159154	29	0.559
chr1	159231	159232	33	0.6762
chr1	159265	159266	23	0.2302
chr1	159325	159326	30	0.1036
chr1	159375	159376	21	0.1675
chr1	159475	159476	27	0.2522
chr1	159575	159576	30	0.2327
chr1	159659	159660	29	0.3174
chr1	159715	159716	22	0.1994
chr1	159825	159826	36	0.2004
chr1	160092	160093	34	0.1707
chr1	160094	160095	26	0.2155
chr1	160148	160149	32	0.2286
chr1	160191	160192	29	0.7558
chr1	160252	160253	38	0.5417
chr1	160302	160303	32	0.7802
chr1	160370	160371	26	0.6356
chr1	160424	160425	34	0.4565
chr1	160524	160525	34	0.5442
chr1	160608	160609	34	0.6642
chr1	160691	160692	39	0.4932
chr1	161102	161103	25	0.6971
chr1	161166	161167	32	0.5704
chr1	161183	161184	39	0.0
chr1	161283	161284	40	0.166
chr1	161383	161384	21	0.0775
chr1	161483	161484	30	0.0347
chr1	161560	161561	35	0.0829
chr1	161659	161660	32	0.0203
chr1	161759	161760	32	0.1008
chr1	161920	161921	24	0.2276
chr1	162096	162097	22	0.0973
chr1	162152	162153	30	0.0507
chr1	162160	162161	29	0.1397
chr1	162177	162178	31	0.6655
chr1	162271	162272	34	0.8908
chr1	162368	162369	21	0.6794
chr1	162468	162469	38	0.7318
chr1	162556	162557	26	0.8127
chr1	162609	162610	31	0.7724
chr1	162614	162615	31	0.9011
chr1	162781	162782	27	0.9067
chr1	162902	162903	25	0.8182
chr1	163002	163003	35	0.6654
chr1	163018	163019	38	0.758
chr1	163078	163079	33	0.823
chr1	163096	163097	25	0.7713
chr1	163146	163147	22	0.7621
chr1	163196	163197	36	0.6896
chr1	163273	163274	21	0.6662
chr1	163373	163374	22	0.6467
chr1	163453	163454	30	0.8163
chr1	163503	163504	35	0.8035
chr1	163658	163659	36	0.8967
chr1	163896	163897	25	0.7431
chr1	163918	163919	32	0.6236
chr1	163972	163973	33	0.7809
chr1	164004	164005	36	0.8547
chr1	164104	164105	32	0.6648
chr1	164204	164205	20	0.7942
chr1	164304	164305	28	0.8164
chr1	164404	164405	26	0.7766
chr1	164484	164485	33	0.7522
chr1	164536	164537	28	0.6573
chr1	164642	164643	29	0.7999
chr1	165004	165005	22	0.8182
chr1	165024	165025	29	0.8823
chr1	165073	165074	31	0.1097
chr1	165123	165124	31	0.1043
chr1	165223	165224	27	0.0706
chr1	165323	165324	33	0.0734
chr1	165423	165424	23	0.0583
chr1	165508	165509	25	0.0
chr1	165546	165547	26	0.1437
chr1	165680	165681	31	0.0447
chr1	165906	165907	31	0.1662
chr1	166006	166007	31	0.0
chr1	166060	166061	22	0.1355
chr1	166099	166100	24	0.9296
chr1	166198	166199	22	0.8082
chr1	166298	166299	32	0.7675
chr1	166398	166399	28	0.8442
chr1	166448	166449	27	0.7137
chr1	166548	166549	27	0.7331
chr1	166648	166649	32	0.8618
chr1	166691	166692	34	0.8753
chr1	166923	166924	25	0.8216
chr1	167023	167024	29	0.8092
chr1	167123	167124	26	0.6977
chr1	167245	167246	26	0.7599
chr1	167339	167340	27	0.7338
chr1	167372	167373	32	0.8921
chr1	167439	167440	34	1.0
chr1	167539	167540	32	1.0
chr1	167639	167640	32	1.0
chr1	167739	167740	24	0.8968
chr1	167839	167840	37	0.9035
chr1	167847	167848	19	0.8387
chr1	168014	168015	37	0.9505
chr1	168309	168310	33	0.6415
chr1	168367	168368	29	1.0
chr1	168393	168394	31	1.0
chr1	168424	168425	26	0.7868
chr1	168474	168475	30	0.8155
chr1	168574	168575	23	0.5685
chr1	168634	168635	20	0.8213
chr1	168734	168735	24	0.6271
chr1	168834	168835	18	0.8199
chr1	168884	168885	22	0.6536
chr1	168974	168975	24	0.6926
chr1	169079	169080	30	0.7406
chr1	169243	169244	34	0.613
chr1	169411	169412	31	0.6034
chr1	169485	169486	36	0.7914
chr1	169527	169528	34	0.856
chr1	169627	169628	21	0.8767
chr1	169727	169728	29	1.0
chr1	169793	169794	25	0.7609
chr1	169893	169894	19	0.9037
chr1	169993	169994	34	0.8195
chr1	169999	170000	33	0.8898
chr1	170234	170235	24	0.8173
chr1	170441	170442	26	0.7839
chr1	170471	170472	36	0.8778
chr1	170513	170514	29	0.7991
chr1	171582	171583	27	0.096
chr1	171636	171637	31	0.0634
chr1	171706	171707	32	0.1471
chr1	171806	171807	21	0.0868
chr1	171856	171857	26	0.0215
chr1	171956	171957	31	0.0488
chr1	172056	172057	26	0.0
chr1	172127	172128	35	0.0881
chr1	172227	172228	29	0.0501
chr1	172360	172361	35	0.084
chr1	172460	172461	24	0.1789
chr1	172596	172597	32	0.1145
chr1	172646	172647	30	0.0844
chr1	172648	172649	35	0.1279
chr1	172655	172656	32	0.7638
chr1	172755	172756	30	0.888
chr1	172855	172856	31	0.8148
chr1	172924	172925	39	0.8819
chr1	173024	173025	38	0.8641
chr1	173075	173076	40	0.7659
chr1	173175	173176	27	0.8181
chr1	173194	173195	23	0.7646
chr1	173294	173295	37	0.782
chr1	173596	173597	30	0.6468
chr1	173600	173601	31	0.8699
chr1	173658	173659	35	0.7893
chr1	173688	173689	24	0.614
chr1	173766	173767	27	0.6352
chr1	173844	173845	28	0.7804
chr1	173882	173883	30	0.8592
chr1	173884	173885	22	0.8069
chr1	173996	173997	25	0.6728
chr1	174004	174005	31	0.8533
chr1	174052	174053	24	0.9548
chr1	174107	174108	27	0.7502
chr1	174196	174197	26	0.798
chr1	174296	174297	31	0.8393
chr1	174373	174374	29	0.8401
chr1	174432	174433	31	0.8453
chr1	174489	174490	23	0.7747
chr1	174589	174590	27	0.8983
chr1	174607	174608	33	0.8206
chr1	174707	174708	23	0.7048
chr1	174832	174833	29	0.7989
chr1	174968	174969	28	0.8523
chr1	175130	175131	29	0.7177
chr1	175204	175205	34	0.7869
chr1	175250	175251	31	0.4872
chr1	175342	175343	31	0.7066
chr1	175442	175443	30	0.6322
chr1	175513	175514	26	0.5602
chr1	175613	175614	33	0.6612
chr1	175705	175706	28	0.5563
chr1	175805	175806	23	0.6514
chr1	176029	176030	27	0.64
chr1	176099	176100	30	0.7268
chr1	176144	176145	32	0.9992
chr1	176244	176245	29	0.9005
chr1	176344	176345	25	0.9708
chr1	176414	176415	29	1.0
chr1	176479	176480	24	0.9421
chr1	176579	176580	38	0.9845
chr1	176635	176636	38	0.8924
chr1	176958	176959	31	1.0
chr1	176964	176965	30	0.7977
chr1	177008	177009	25	0.8589
chr1	177031	177032	24	0.7985
chr1	177084	177085	41	0.6351
chr1	177184	177185	24	0.5389
chr1	177284	177285	35	0.6162
chr1	177368	177369	25	0.6827
chr1	177468	177469	30	0.6807
chr1	177499	177500	30	0.8292
chr1	177829	177830	36	0.6123
chr1	177839	177840	25	0.7512
chr1	177869	177870	35	0.2042
chr1	177969	177970	28	0.1778
chr1	178069	178070	28	0.052
chr1	178169	178170	31	0.1514
chr1	178267	178268	33	0.205
chr1	178296	178297	30	0.0739
chr1	178396	178397	33	0.2351
chr1	178580	178581	35	0.1058
chr1	178682	178683	36	0.1814
chr1	178696	178697	24	0.0819
chr1	178720	178721	24	0.1747
chr1	178761	178762	24	0.6574
chr1	178861	178862	30	0.6634
chr1	178961	178962	33	0.5909
chr1	179061	179062	26	0.5875
chr1	179148	179149	23	0.6823
chr1	179241	179242	26	0.6694
chr1	179299	179300	33	0.7615
chr1	179454	179455	34	0.5531
chr1	179585	179586	21	0.6423
chr1	179685	179686	27	0.6701
chr1	179723	179724	35	0.7269
chr1	179772	179773	34	0.8164
chr1	179823	179824	23	0.967
chr1	179921	179922	25	0.929
chr1	180021	180022	33	0.8374
chr1	180121	180122	32	0.8038
chr1	180138	180139	26	0.944
chr1	180238	180239	31	0.7712
chr1	180338	180339	21	0.9644
chr1	180438	180439	31	0.9566
chr1	180472	180473	28	0.8807
chr1	180496	180497	24	0.8633
chr1	180546	180547	37	0.6521
chr1	180646	180647	29	0.7722
chr1	180746	180747	32	0.9526
chr1	180796	180797	33	0.9939
chr1	180896	180897	38	0.8022
chr1	180996	180997	36	0.9054
chr1	181046	181047	32	0.7367
chr1	181089	181090	23	0.8441
chr1	181189	181190	37	0.8476
chr1	181567	181568	21	0.8948
chr1	181631	181632	24	0.9367
chr1	181636	181637	38	0.1812
chr1	181651	181652	28	0.0782
chr1	181666	181667	28	0.2924
chr1	181701	181702	28	0.3572
chr1	181737	181738	30	0.0794
chr1	181775	181776	30	0.0217
chr1	181794	181795	28	0.3098
chr1	181844	181845	28	0.1703
chr1	181868	181869	35	0.1578
chr1	181918	181919	29	0.2196
chr1	181959	181960	24	0.2753
chr1	182007	182008	33	0.1518
chr1	182039	182040	32	0.211
chr1	182067	182068	28	0.1423
chr1	182093	182094	24	0.2969
chr1	182122	182123	24	0.1411
chr1	182142	182143	25	0.0649
chr1	182235	182236	18	0.1188
chr1	182303	182304	25	0.1042
chr1	182395	182396	33	0.2334
chr1	182445	182446	27	0.2209
chr1	182545	182546	27	0.2777
chr1	182645	182646	27	0.1211
chr1	182669	182670	31	0.1299
chr1	182681	182682	38	0.1815
chr1	182693	182694	24	0.052
chr1	182787	182788	29	0.1004
chr1	182819	182820	27	0.1532
chr1	183133	183134	26	0.2801
chr1	183161	183162	26	0.6994
chr1	183232	183233	30	0.9697
chr1	183332	183333	28	0.8783
chr1	183432	183433	28	0.8463
chr1	183483	183484	24	0.8788
chr1	183583	183584	34	0.8055
chr1	183678	183679	27	0.8562
chr1	183704	183705	34	0.7149
chr1	183816	183817	23	0.6981
chr1	183916	183917	27	0.826
chr1	184096	184097	29	0.7757
chr1	184118	184119	28	0.7645
chr1	184162	184163	40	0.1974
chr1	184233	184234	40	0.0756
chr1	184333	184334	20	0.1412
chr1	184433	184434	35	0.2139
chr1	184483	184484	34	0.0478
chr1	184537	184538	37	0.1986
chr1	184637	184638	34	0.1261
chr1	184721	184722	45	0.0385
chr1	184900	184901	34	0.0785
chr1	185021	185022	33	0.0896
chr1	185121	185122	28	0.0838
chr1	185221	185222	40	0.0604
chr1	185277	185278	27	0.1486
chr1	185299	185300	29	0.1409
chr1	185316	185317	31	0.0395
chr1	185397	185398	31	0.0742
chr1	185497	185498	31	0.1561
chr1	185558	185559	36	0.3166
chr1	185613	185614	32	0.2632
chr1	185680	185681	31	0.0801
chr1	185703	185704	35	0.2546
chr1	186043	186044	31	0.1261
chr1	186133	186134	37	0.1408
chr1	186144	186145	28	0.0565
chr1	186244	186245	27	0.1845
chr1	186344	186345	31	0.3
chr1	186431	186432	26	0.1858
chr1	186531	186532	27	0.1594
chr1	186581	186582	28	0.204
chr1	186607	186608	26	0.0654
chr1	186707	186708	36	0.1807
chr1	186819	186820	30	0.1461
chr1	186919	186920	28	0.0
chr1	187030	187031	26	0.2106
chr1	187080	187081	24	0.1108
chr1	187113	187114	29	0.2388
chr1	187213	187214	43	0.2237
chr1	187313	187314	28	0.0446
chr1	187363	187364	27	0.0566
chr1	187437	187438	38	0.0053
chr1	187487	187488	36	0.2646
chr1	187563	187564	35	0.0935
chr1	187647	187648	28	0.0689
chr1	187772	187773	31	0.1931
chr1	188076	188077	32	0.0378
chr1	188078	188079	28	0.1196
chr1	188098	188099	27	0.0658
chr1	188132	188133	36	0.7408
chr1	188182	188183	34	0.7276
chr1	188257	188258	32	0.9835
chr1	188357	188358	25	0.9024
chr1	188439	188440	35	0.6819
chr1	188539	188540	34	0.8343
chr1	188584	188585	26	0.8595
chr1	188712	188713	25	0.7861
chr1	188815	188816	30	0.8789
chr1	188997	188998	29	0.7796
chr1	189037	189038	36	0.8461
chr1	189055	189056	29	0.7157
chr1	189155	189156	22	0.6506
chr1	189232	189233	30	0.7781
chr1	189316	189317	35	0.7944
chr1	189416	189417	20	0.8287
chr1	189516	189517	34	0.6248
chr1	189583	189584	34	1.0
chr1	189742	189743	31	0.7597
chr1	189842	189843	27	0.7989
chr1	189946	189947	26	0.6521
chr1	190097	190098	23	0.7375
chr1	190099	190100	23	0.8523
chr1	190149	190150	26	0.8048
chr1	190155	190156	28	0.1847
chr1	190220	190221	31	0.1491
chr1	190320	190321	21	0.0097
chr1	190409	190410	31	0.1693
chr1	190463	190464	28	0.1961
chr1	190513	190514	38	0.2961
chr1	190563	190564	27	0.1686
chr1	190613	190614	16	0.1068
chr1	190708	190709	18	0.1812
chr1	191120	191121	27	0.0
chr1	191378	191379	27	0.1163
chr1	191468	191469	36	0.113
chr1	191554	191555	34	0.1245
chr1	191580	191581	31	0.1046
chr1	191616	191617	32	0.1047
chr1	191629	191630	29	0.4678
chr1	191725	191726	32	0.4913
chr1	191787	191788	26	0.6759
chr1	191887	191888	29	0.6665
chr1	191987	191988	36	0.4296
chr1	192070	192071	39	0.5645
chr1	192157	192158	33	0.6043
chr1	192263	192264	28	0.426
chr1	192406	192407	34	0.569
chr1	192506	192507	24	0.5325
chr1	192611	192612	27	0.4146
chr1	192613	192614	28	0.5424
chr1	192681	192682	24	0.654
chr1	192687	192688	31	0.974
chr1	192784	192785	32	0.8491
chr1	192881	192882	40	0.9355
chr1	192973	192974	34	0.9061
chr1	193073	193074	13	0.9818
chr1	193173	193174	28	0.9094
chr1	193209	193210	31	0.874
chr1	193495	193496	31	0.8976
chr1	193499	193500	39	0.6767
chr1	193509	193510	25	0.8016
chr1	193533	193534	24	0.8706
chr1	193569	193570	21	0.8451
chr1	193705	193706	33	0.8225
chr1	193913	193914	35	0.8944
chr1	193941	193942	35	0.8329
chr1	193961	193962	30	0.8369
chr1	193996	193997	38	0.6251
chr1	194054	194055	29	0.7039
chr1	194107	194108	34	0.5975
chr1	194159	194160	31	0.6065
chr1	194209	194210	25	0.7078
chr1	194309	194310	31	0.7209
chr1	194409	194410	30	0.6757
chr1	194509	194510	20	0.8424
chr1	194541	194542	37	0.8159
chr1	194680	194681	32	0.578
chr1	194780	194781	30	0.5888
chr1	195007	195008	45	0.7797
chr1	195045	195046	17	0.6355
chr1	195067	195068	33	0.6789
chr1	195108	195109	29	0.2025
chr1	195208	195209	22	1.0
chr1	195308	195309	34	0.6972
chr1	195358	195359	23	0.9696
chr1	195458	195459	36	1.0
chr1	195558	195559	37	0.2832
chr1	195608	195609	37	0.988
chr1	195653	195654	27	1.0
chr1	195753	195754	35	0.3981
chr1	195971	195972	37	0.8374
chr1	196047	196048	34	0.8226
chr1	196082	196083	34	0.7424
chr1	196182	196183	26	0.5719
chr1	196232	196233	29	0.7555
chr1	196282	196283	34	0.7298
chr1	196382	196383	35	0.7189
chr1	196482	196483	28	0.7097
chr1	196582	196583	28	0.6311
chr1	196590	196591	31	0.6387
chr1	196690	196691	36	0.6258
chr1	196790	196791	40	0.6758
chr1	196938	196939	31	0.5241
chr1	197059	197060	34	0.8496
chr1	197063	197064	27	0.714
chr1	197105	197106	31	0.7363
chr1	197137	197138	23	1.0
chr1	197237	197238	29	0.8879
chr1	197290	197291	28	0.9516
chr1	197340	197341	29	0.7531
chr1	197425	197426	30	0.755
chr1	197525	197526	28	0.9726
chr1	197568	197569	35	0.8181
chr1	197757	197758	33	0.6526
chr1	197799	197800	34	0.9219
chr1	197816	197817	37	0.8494
chr1	197906	197907	32	0.9466
chr1	197956	197957	37	0.7302
chr1	198056	198057	36	0.7731
chr1	198138	198139	32	0.7725
chr1	198238	198239	22	0.7056
chr1	198273	198274	38	0.8395
chr1	198545	198546	34	0.6652
chr1	198645	198646	34	0.7247
chr1	198691	198692	25	0.8078
chr1	198701	198702	30	0.6733
chr1	198777	198778	32	0.9468
chr1	198877	198878	28	0.7568
chr1	198927	198928	28	0.9082
chr1	199027	199028	29	0.7302
chr1	199127	199128	26	0.6881
chr1	199180	199181	33	0.6178
chr1	199280	199281	37	0.8102
chr1	199298	199299	29	0.9053
chr1	199396	199397	30	0.7607
chr1	199484	199485	30	0.6948
chr1	199518	199519	20	0.7758
chr1	199696	199697	29	0.8601
chr1	199718	199719	28	0.8477
chr1	199726	199727	26	0.9056
chr1	199744	199745	35	0.7634
chr1	199754	199755	29	0.1534
chr1	199854	199855	33	0.0409
chr1	199906	199907	34	0.1338
chr1	200006	200007	25	0.1292
chr1	200088	200089	32	0.0
chr1	200138	200139	31	0.0447
chr1	200174	200175	34	0.0066
chr1	200448	200449	16	0.1699
chr1	200460	200461	36	0.1717
chr1	200481	200482	37	0.7587
chr1	200581	200582	37	0.8567
chr1	200638	200639	31	0.5846
chr1	200688	200689	31	0.6818
chr1	200738	200739	25	0.7472
chr1	200788	200789	23	0.7301
chr1	200856	200857	34	0.696
chr1	200950	200951	18	0.852
chr1	200993	200994	25	0.6435
chr1	201093	201094	39	0.7023
chr1	201193	201194	33	0.5753
chr1	201382	201383	35	0.8113
chr1	201460	201461	36	0.6554
chr1	201466	201467	39	0.7147
chr1	201479	201480	26	0.6897
chr1	201578	201579	33	0.8308
chr1	201678	201679	25	0.6106
chr1	201728	201729	33	0.6455
chr1	201790	201791	30	0.7034
chr1	201889	201890	29	0.8277
chr1	201949	201950	41	0.5701
chr1	202049	202050	31	0.6152
chr1	202149	202150	39	0.6968
chr1	202288	202289	24	0.7582
chr1	202354	202355	31	0.7961
chr1	202358	202359	29	0.693
chr1	202366	202367	33	0.6967
chr1	202416	202417	20	0.6123
chr1	202516	202517	27	0.894
chr1	202566	202567	39	0.8205
chr1	202666	202667	28	0.7759
chr1	202728	202729	30	0.7883
chr1	202828	202829	29	0.8152
chr1	202902	202903	31	0.9338
chr1	203103	203104	27	0.8325
chr1	203294	203295	23	0.8513
chr1	203430	203431	38	0.7448
chr1	203518	203519	33	0.8943
chr1	203638	203639	25	0.8878
chr1	203662	203663	37	0.7932
chr1	203678	203679	26	0.7878
chr1	203716	203717	27	0.7923
chr1	203792	203793	28	0.7661
chr1	203840	203841	28	0.8392
chr1	203940	203941	26	0.9615
chr1	204040	204041	32	0.719
chr1	204140	204141	29	0.6654
chr1	204218	204219	30	0.8281
chr1	204294	204295	28	0.8153
chr1	204344	204345	17	0.7854
chr1	204373	204374	27	0.8286
chr1	204581	204582	30	0.8903
chr1	204810	204811	23	0.6891
chr1	204886	204887	24	0.8033
chr1	204920	204921	40	0.2815
chr1	205020	205021	31	0.1367
chr1	205120	205121	31	0.0
chr1	205220	205221	35	0.1022
chr1	205320	205321	31	0.0927
chr1	205378	205379	26	0.2168
chr1	205431	205432	30	0.1446
chr1	205531	205532	28	0.0575
chr1	205631	205632	25	0.158
chr1	205762	205763	38	0.2207
chr1	205882	205883	22	0.2164
chr1	205922	205923	31	0.0763
chr1	205930	205931	21	0.079
chr1	205979	205980	31	0.9256
chr1	206079	206080	30	0.8579
chr1	206140	206141	20	0.9077
chr1	206240	206241	27	0.8688
chr1	206340	206341	36	0.8467
chr1	206428	206429	20	0.7235
chr1	206480	206481	24	0.8815
chr1	206631	206632	32	0.7108
chr1	206819	206820	36	0.7298
chr1	206831	206832	36	0.8921
chr1	206836	206837	27	0.7303
chr1	206936	206937	23	0.829
chr1	207036	207037	31	0.6979
chr1	207100	207101	31	0.8003
chr1	207200	207201	29	0.7388
chr1	207300	207301	38	0.7757
chr1	207347	207348	29	0.7107
chr1	207508	207509	32	0.8839
chr1	207608	207609	31	0.8745
chr1	207726	207727	29	0.825
chr1	207748	207749	30	0.7843
chr1	207870	207871	34	0.7532
chr1	207876	207877	33	0.8421
chr1	207904	207905	28	0.689
chr1	208152	208153	30	0.813
chr1	208204	208205	28	0.7145
chr1	208209	208210	37	0.6382
chr1	208309	208310	24	0.7056
chr1	208409	208410	35	0.8608
chr1	208509	208510	37	0.7096
chr1	208604	208605	36	0.7673
chr1	208679	208680	31	0.8119
chr1	208759	208760	38	0.6405
chr1	208791	208792	32	0.9222
chr1	208998	208999	26	0.8798
chr1	209120	209121	21	0.7194
chr1	209343	209344	25	0.8014
chr1	209491	209492	17	0.8463
chr1	209509	209510	33	0.743
chr1	209545	209546	29	0.8089
chr1	209583	209584	26	0.8431
chr1	209683	209684	23	0.6237
chr1	209739	209740	26	0.6961
chr1	209771	209772	27	0.8406
chr1	209793	209794	31	0.7233
chr1	209840	209841	31	0.0982
chr1	209940	209941	18	0.1087
chr1	209990	209991	24	0.0971
chr1	210090	210091	35	0.2052
chr1	210140	210141	22	0.2889
chr1	210200	210201	23	0.0
chr1	210298	210299	36	0.1592
chr1	210398	210399	35	0.0672
chr1	210498	210499	26	0.0612
chr1	210616	210617	26	0.161
chr1	210716	210717	29	0.1446
chr1	210720	210721	36	0.1332
chr1	210790	210791	23	0.1068
chr1	210798	210799	33	0.0516
chr1	210848	210849	37	0.2299
chr1	210922	210923	23	0.0794
chr1	210972	210973	20	0.0866
chr1	211046	211047	37	0.0117
chr1	211096	211097	32	0.1547
chr1	211196	211197	41	0.0366
chr1	211263	211264	18	0.218
chr1	211454	211455	20	0.0706
chr1	211554	211555	33	0.2625
chr1	211654	211655	29	0.2467
chr1	211744	211745	27	0.1391
chr1	211746	211747	29	0.3118
chr1	211820	211821	30	0.023
chr1	212068	212069	28	0.0831
chr1	212098	212099	25	0.1447
chr1	212105	212106	37	0.7688
chr1	212205	212206	32	0.6359
chr1	212291	212292	33	0.7322
chr1	212391	212392	23	0.7878
chr1	212482	212483	26	0.6505
chr1	212571	212572	30	0.839
chr1	212671	212672	29	0.7197
chr1	212771	212772	28	0.7696
chr1	212871	212872	32	0.7009
chr1	212881	212882	29	0.4949
chr1	212899	212900	38	0.8602
chr1	212901	212902	28	0.6635
chr1	212969	212970	28	0.7765
chr1	213061	213062	27	0.7614
chr1	213089	213090	36	0.7248
chr1	213113	213114	35	0.8882
chr1	213207	213208	30	0.8465
chr1	213263	213264	40	0.6244
chr1	213305	213306	32	0.7964
chr1	213329	213330	28	0.1856
chr1	213418	213419	29	0.1763
chr1	213501	213502	25	0.1164
chr1	213574	213575	21	0.2862
chr1	213624	213625	35	0.1434
chr1	213711	213712	28	0.2219
chr1	213811	213812	20	0.1935
chr1	213827	213828	39	0.1077
chr1	213927	213928	24	0.1174
chr1	213991	213992	32	0.2655
chr1	214007	214008	39	0.6545
chr1	214057	214058	32	0.4927
chr1	214157	214158	26	0.6526
chr1	214257	214258	34	0.7954
chr1	214342	214343	27	0.7042
chr1	214428	214429	31	0.7466
chr1	214528	214529	26	0.8661
chr1	214569	214570	31	0.8035
chr1	214669	214670	29	0.715
chr1	214893	214894	28	0.6555
chr1	214933	214934	34	0.8502
chr1	214973	214974	30	0.7407
chr1	214979	214980	21	0.6809
chr1	215039	215040	28	0.4727
chr1	215139	215140	31	0.5125
chr1	215239	215240	30	0.5561
chr1	215289	215290	26	0.4561
chr1	215389	215390	31	0.4805
chr1	215454	215455	41	0.4888
chr1	215476	215477	28	0.6726
chr1	215576	215577	24	0.4748
chr1	215676	215677	38	0.581
chr1	215935	215936	25	0.542
chr1	215955	215956	33	0.6414
chr1	216061	216062	34	0.7766
chr1	216207	216208	29	0.7389
chr1	216339	216340	36	0.5838
chr1	216353	216354	27	0.4976
chr1	216355	216356	31	0.5083
chr1	216361	216362	25	0.6667
chr1	216415	216416	30	0.5364
chr1	216439	216440	30	0.9072
chr1	216539	216540	26	0.9946
chr1	216639	216640	24	0.8241
chr1	216739	216740	32	0.8162
chr1	216792	216793	30	0.7812
chr1	216870	216871	34	0.9084
chr1	216926	216927	21	0.839
chr1	217127	217128	35	0.8049
chr1	217227	217228	29	0.9489
chr1	217271	217272	24	0.8907
chr1	217273	217274	24	0.904
chr1	217299	217300	33	0.843
chr1	217399	217400	37	0.8192
chr1	217470	217471	37	0.9094
chr1	217570	217571	30	0.8738
chr1	217670	217671	23	0.998
chr1	217768	217769	27	0.9241
chr1	217807	217808	28	0.9256
chr1	217932	217933	29	0.9002
chr1	218124	218125	38	0.6963
chr1	218247	218248	36	0.6842
chr1	218309	218310	35	0.875
chr1	218317	218318	29	0.8048
chr1	218355	218356	26	0.82
chr1	218370	218371	28	0.8021
chr1	218389	218390	33	0.8979
chr1	218413	218414	26	0.7428
chr1	218456	218457	30	0.9152
chr1	218471	218472	36	0.9232
chr1	218504	218505	25	0.7343
chr1	218523	218524	37	0.6943
chr1	218573	218574	33	0.7895
chr1	218596	218597	37	0.7151
chr1	218614	218615	24	0.7869
chr1	218643	218644	21	0.8515
chr1	218658	218659	32	0.6536
chr1	218707	218708	38	0.7355
chr1	218755	218756	23	0.573
chr1	218770	218771	38	0.8664
chr1	218789	218790	33	0.8609
chr1	218889	218890	18	0.7971
chr1	218989	218990	35	0.7168
chr1	219089	219090	28	0.7785
chr1	219189	219190	34	0.8816
chr1	219195	219196	35	0.8182
chr1	219207	219208	34	0.6819
chr1	219223	219224	35	0.7029
chr1	219245	219246	38	0.7282
chr1	219247	219248	27	0.7647
chr1	219317	219318	30	0.9763
chr1	219657	219658	33	0.8058
chr1	219667	219668	31	0.0699
chr1	219696	219697	37	0.1692
chr1	219746	219747	21	0.1132
chr1	219775	219776	26	0.1411
chr1	219796	219797	32	0.1585
chr1	219811	219812	25	0.125
chr1	219848	219849	34	0.0828
chr1	219872	219873	35	0.1362
chr1	219921	219922	37	0.2819
chr1	219940	219941	26	0.1454
chr1	219986	219987	25	0.1187
chr1	220009	220010	22	0.0439
chr1	220050	220051	20	0.1953
chr1	220071	220072	36	0.161
chr1	220097	220098	36	0.2981
chr1	220122	220123	29	0.0404
chr1	220172	220173	25	0.0989
chr1	220186	220187	20	0.1088
chr1	220286	220287	28	0.114
chr1	220386	220387	31	0.2109
chr1	220484	220485	29	0.0502
chr1	220581	220582	31	0.0438
chr1	220681	220682	31	0.0542
chr1	220783	220784	26	0.1187
chr1	220809	220810	25	0.1888
chr1	220845	220846	27	0.133
chr1	220997	220998	31	0.1026
chr1	221051	221052	29	0.0923
chr1	221087	221088	33	0.2403
chr1	221184	221185	32	0.1907
chr1	221284	221285	30	0.1717
chr1	221337	221338	31	0.1027
chr1	221437	221438	30	0.0997
chr1	221487	221488	31	0.0765
chr1	221548	221549	33	0.2966
chr1	221711	221712	30	0.2233
chr1	221893	221894	26	0.083
chr1	221993	221994	33	0.0174
chr1	222083	222084	31	0.0741
chr1	222097	222098	32	0.949
chr1	222158	222159	28	0.835
chr1	222258	222259	30	0.6217
chr1	222308	222309	26	0.9611
chr1	222408	222409	30	0.4206
chr1	222508	222509	27	0.6675
chr1	222581	222582	36	0.7286
chr1	222681	222682	28	0.9124
chr1	222781	222782	30	0.8813
chr1	222908	222909	33	0.5052
chr1	223008	223009	25	0.7188
chr1	223111	223112	33	0.997
chr1	223147	223148	25	0.98
chr1	223156	223157	23	0.8236
chr1	223256	223257	32	0.7411
chr1	223325	223326	19	0.6569
chr1	223395	223396	23	0.8777
chr1	223495	223496	32	0.8009
chr1	223579	223580	29	0.7657
chr1	223653	223654	15	0.9001
chr1	223705	223706	31	0.9771
chr1	223733	223734	25	0.8026
chr1	223950	223951	31	0.9481
chr1	224220	224221	26	0.8417
chr1	224274	224275	33	0.8786
chr1	224318	224319	30	0.9031
chr1	224338	224339	31	0.9002
chr1	224408	224409	24	0.956
chr1	224416	224417	28	0.9469
chr1	224482	224483	30	0.8651
chr1	224512	224513	19	0.8794
chr1	224518	224519	23	0.7536
chr1	224536	224537	25	0.8061
chr1	224538	224539	27	0.9332
chr1	224578	224579	30	0.0
chr1	224654	224655	25	0.1103
chr1	224754	224755	32	0.1107
chr1	224835	224836	29	0.0804
chr1	224935	224936	32	0.0856
chr1	225035	225036	31	0.1935
chr1	225107	225108	21	0.0
chr1	225132	225133	27	0.1849
chr1	225232	225233	36	0.0688
chr1	225332	225333	31	0.1711
chr1	225458	225459	33	0.1246
chr1	225506	225507	39	0.1501
chr1	225551	225552	22	0.9069
chr1	225609	225610	27	0.9637
chr1	225659	225660	35	0.9077
chr1	225759	225760	33	0.9603
chr1	225859	225860	28	0.8563
chr1	225936	225937	29	0.8981
chr1	226036	226037	32	0.8973
chr1	226101	226102	35	0.9183
chr1	226201	226202	36	0.9757
chr1	226301	226302	26	0.8545
chr1	226450	226451	32	1.0
chr1	226488	226489	22	0.7903
chr1	226498	226499	42	0.7842
chr1	226566	226567	34	0.8019
chr1	226616	226617	33	0.5726
chr1	226666	226667	33	0.8228
chr1	226766	226767	22	0.7186
chr1	226830	226831	29	0.5655
chr1	226930	226931	39	0.7245
chr1	226939	226940	25	0.7017
chr1	227063	227064	23	0.6852
chr1	227365	227366	34	0.8145
chr1	227431	227432	26	0.6341
chr1	227495	227496	25	0.5373
chr1	227663	227664	27	0.6157
chr1	227787	227788	30	0.5127
chr1	227791	227792	36	0.7356
chr1	227821	227822	32	0.7493
chr1	227831	227832	31	0.7596
chr1	227931	227932	30	1.0
chr1	228027	228028	30	0.8661
chr1	228118	228119	21	0.935
chr1	228176	228177	32	0.8904
chr1	228256	228257	37	0.8229
chr1	228320	228321	29	0.8736
chr1	228339	228340	22	0.8011
chr1	228626	228627	28	0.789
chr1	228797	228798	25	0.9521
chr1	228825	228826	34	0.9028
chr1	228853	228854	30	0.9526
chr1	228931	228932	30	0.9621
chr1	229145	229146	27	0.8828
chr1	229147	229148	34	0.9253
chr1	229191	229192	36	0.904
chr1	229205	229206	36	0.8243
chr1	229233	229234	26	0.8275
chr1	229238	229239	36	0.9769
chr1	229311	229312	32	0.7784
chr1	229411	229412	34	0.859
chr1	229511	229512	28	0.7513
chr1	229611	229612	30	0.8885
chr1	229711	229712	28	0.7919
chr1	229775	229776	29	0.849
chr1	230026	230027	25	0.7052
chr1	230056	230057	28	0.944
chr1	230072	230073	31	0.8058
chr1	230168	230169	27	0.8261
chr1	230178	230179	26	0.841
chr1	230276	230277	25	0.9092
chr1	230324	230325	34	0.7988
chr1	230402	230403	28	0.7832
chr1	230418	230419	37	0.7925
chr1	230440	230441	29	0.7194
chr1	230472	230473	26	0.7291
chr1	230491	230492	34	0.6396
chr1	230591	230592	27	0.8731
chr1	230663	230664	21	0.7234
chr1	230763	230764	32	0.8805
chr1	230863	230864	31	0.7284
chr1	230945	230946	26	0.787
chr1	230995	230996	30	0.8944
chr1	231042	231043	26	1.0
chr1	231368	231369	24	0.6941
chr1	231469	231470	29	0.9171
chr1	231473	231474	30	0.7468
chr1	231480	231481	27	0.1557
chr1	231530	231531	32	0.3339
chr1	231630	231631	28	0.2325
chr1	231682	231683	28	0.2768
chr1	231780	231781	36	0.1129
chr1	231852	231853	37	0.1875
chr1	231923	231924	33	0.3891
chr1	231973	231974	30	0.326
chr1	231983	231984	35	0.2681
chr1	232483	232484	28	0.254
chr1	232539	232540	33	0.2017
chr1	232629	232630	33	0.1598
chr1	232717	232718	30	0.1143
chr1	232743	232744	24	0.2261
chr1	232887	232888	32	0.0925
chr1	232925	232926	32	0.0768
chr1	232933	232934	17	0.3238
chr1	232982	232983	24	0.8987
chr1	233082	233083	33	0.8711
chr1	233158	233159	31	0.8041
chr1	233258	233259	31	0.9319
chr1	233318	233319	30	0.9191
chr1	233418	233419	27	0.8137
chr1	233465	233466	19	0.902
chr1	233565	233566	29	0.8883
chr1	233761	233762	30	0.5852
chr1	233861	233862	22	0.9126
chr1	233865	233866	25	0.8649
chr1	233873	233874	34	0.1754
chr1	233934	233935	29	0.36
chr1	234034	234035	22	0.1657
chr1	234107	234108	28	0.1202
chr1	234162	234163	24	0.2394
chr1	234262	234263	40	0.3009
chr1	234299	234300	24	0.2592
chr1	234400	234401	30	0.3504
chr1	234500	234501	37	0.3076
chr1	234600	234601	35	0.2625
chr1	234640	234641	28	0.1664
chr1	234664	234665	27	0.2894
chr1	234798	234799	33	0.1475
chr1	235016	235017	24	0.1169
chr1	235018	235019	32	0.1505
chr1	235048	235049	30	0.235
chr1	235087	235088	30	0.7942
chr1	235152	235153	29	0.811
chr1	235252	235253	23	0.8446
chr1	235352	235353	35	0.7699
chr1	235402	235403	21	0.8708
chr1	235502	235503	28	0.7952
chr1	235602	235603	35	0.759
chr1	235618	235619	27	0.9008
chr1	235872	235873	30	0.9042
chr1	236033	236034	32	0.7665
chr1	236113	236114	25	0.8535
chr1	236148	236149	36	0.7545
chr1	236213	236214	27	0.7167
chr1	236313	236314	33	0.6402
chr1	236375	236376	33	0.5554
chr1	236475	236476	30	0.5584
chr1	236575	236576	38	0.6331
chr1	236650	236651	37	0.6209
chr1	236752	236753	23	0.6086
chr1	237134	237135	22	0.6511
chr1	237180	237181	26	0.6994
chr1	237202	237203	32	0.1268
chr1	237252	237253	35	0.1036
chr1	237352	237353	31	0.252
chr1	237402	237403	29	0.2826
chr1	237502	237503	28	0.1265
chr1	237602	237603	25	0.0653
chr1	237652	237653	25	0.0539
chr1	237712	237713	35	0.1238
chr1	237762	237763	31	0.3902
chr1	237773	237774	31	0.3104
chr1	237934	237935	29	0.3634
chr1	238044	238045	24	0.246
chr1	238144	238145	29	0.2552
chr1	238323	238324	27	0.305
chr1	238407	238408	39	0.1049
chr1	238455	238456	28	0.7625
chr1	238519	238520	28	0.8627
chr1	238592	238593	26	0.9003
chr1	238692	238693	35	0.7918
chr1	238744	238745	36	0.8641
chr1	238844	238845	24	0.7742
chr1	238944	238945	19	0.8354
chr1	238977	238978	23	0.9597
chr1	239416	239417	27	0.8145
chr1	239448	239449	34	0.905
chr1	239471	239472	27	0.1317
chr1	239571	239572	30	0.0
chr1	239671	239672	40	0.1458
chr1	239771	239772	31	0.0
chr1	239821	239822	27	0.0
chr1	239914	239915	33	0.083
chr1	240014	240015	31	0.0
chr1	240022	240023	40	0.0746
chr1	240031	240032	36	0.8482
chr1	240131	240132	29	0.8828
chr1	240231	240232	27	0.6465
chr1	240331	240332	29	0.8638
chr1	240423	240424	25	0.9437
chr1	240473	240474	26	0.6247
chr1	240523	240524	27	0.7839
chr1	240584	240585	30	0.8168
chr1	240684	240685	38	0.8842
chr1	240819	240820	37	0.7061
chr1	240919	240920	31	0.7895
chr1	241076	241077	31	0.7373
chr1	241096	241097	28	0.7139
chr1	241110	241111	31	0.7598
chr1	241254	241255	27	0.9742
chr1	241274	241275	36	0.8419
chr1	241364	241365	28	0.8203
chr1	241444	241445	22	0.818
chr1	241502	241503	30	0.8511
chr1	241535	241536	28	0.8839
chr1	241635	241636	29	0.6138
chr1	241735	241736	32	0.9725
chr1	241835	241836	11	0.654
chr1	241885	241886	33	0.8733
chr1	241922	241923	32	0.8063
chr1	242164	242165	23	0.6935
chr1	242204	242205	26	0.8686
chr1	242230	242231	31	0.7846
chr1	242330	242331	22	0.7025
chr1	242380	242381	31	0.7568
chr1	242468	242469	33	0.9452
chr1	242550	242551	19	0.738
chr1	242644	242645	25	0.7629
chr1	242744	242745	30	0.8928
chr1	242761	242762	24	0.7196
chr1	243228	243229	23	0.6896
chr1	243232	243233	36	0.7728
chr1	243258	243259	34	0.6784
chr1	243268	243269	34	0.5731
chr1	243328	243329	35	0.5724
chr1	243428	243429	39	0.5897
chr1	243528	243529	32	0.6275
chr1	243578	243579	27	0.4314
chr1	243678	243679	35	0.7009
chr1	243728	243729	19	0.67
chr1	243773	243774	25	0.7818
chr1	243996	243997	28	0.7489
chr1	244022	244023	33	0.5402
chr1	244058	244059	34	0.7369
chr1	244110	244111	21	0.8602
chr1	244282	244283	31	0.4822
chr1	244334	244335	31	0.5326
chr1	244416	244417	32	0.5219
chr1	244450	244451	25	0.6475
chr1	244500	244501	14	0.6739
chr1	244594	244595	29	0.6657
chr1	244654	244655	28	0.5964
chr1	244732	244733	32	0.5807
chr1	244832	244833	33	0.6749
chr1	244918	244919	23	0.7427
chr1	244996	244997	33	0.6421
chr1	245059	245060	28	0.632
chr1	245183	245184	29	0.7995
chr1	245221	245222	33	0.763
chr1	245249	245250	33	0.6119
chr1	245349	245350	30	0.7566
chr1	245399	245400	33	0.8674
chr1	245491	245492	29	0.8589
chr1	245578	245579	26	0.7487
chr1	245678	245679	19	0.674
chr1	245774	245775	29	0.7365
chr1	245882	245883	38	0.7997
chr1	245993	245994	33	0.8248
chr1	246176	246177	33	0.7693
chr1	246240	246241	29	0.8612
chr1	246263	246264	27	0.8129
chr1	246363	246364	35	0.8022
chr1	246420	246421	27	0.9915
chr1	246520	246521	29	0.886
chr1	246620	246621	34	0.7086
chr1	246705	246706	27	1.0
chr1	246743	246744	26	0.9869
chr1	246843	246844	27	0.9146
chr1	246943	246944	33	0.9315
chr1	247115	247116	38	0.9348
chr1	247215	247216	29	0.892
chr1	247235	247236	30	0.8572
chr1	247265	247266	28	0.8994
chr1	247305	247306	23	0.8311
chr1	247364	247365	32	0.7223
chr1	247464	247465	18	0.8811
chr1	247515	247516	27	0.8574
chr1	247568	247569	30	0.8982
chr1	247648	247649	28	0.8768
chr1	247698	247699	22	0.894
chr1	247798	247799	31	1.0
chr1	247857	247858	25	0.9622
chr1	248168	248169	31	0.8633
chr1	248269	248270	30	0.9828
chr1	248365	248366	24	0.6999
chr1	248369	248370	28	0.8571
chr1	248403	248404	25	0.7883
chr1	248503	248504	26	0.5663
chr1	248603	248604	28	0.6041
chr1	248703	248704	18	0.7298
chr1	248767	248768	21	0.517
chr1	248867	248868	31	0.5759
chr1	248909	248910	27	0.6644
chr1	249056	249057	33	0.5912
chr1	249156	249157	36	0.475
chr1	249160	249161	29	0.6372
chr1	249178	249179	30	0.8526
chr1	249278	249279	26	0.8942
chr1	249378	249379	34	0.7793
chr1	249462	249463	32	0.8498
chr1	249549	249550	26	0.7394
chr1	249649	249650	33	0.8294
chr1	249654	249655	12	0.6741
chr1	249927	249928	34	0.8166
chr1	250089	250090	30	0.9355
chr1	250105	250106	31	0.9533
chr1	250135	250136	33	0.898
chr1	250171	250172	32	0.817
chr1	250262	250263	29	0.8185
chr1	250312	250313	35	0.8813
chr1	250412	250413	26	0.6382
chr1	250512	250513	48	0.8637
chr1	250612	250613	32	0.7604
chr1	250707	250708	33	0.7154
chr1	250757	250758	23	0.6128
chr1	250775	250776	33	0.7087
chr1	250875	250876	28	0.9291
chr1	251284	251285	31	0.7852
chr1	251350	251351	33	0.8241
chr1	251363	251364	30	0.7592
chr1	251433	251434	33	0.9092
chr1	251533	251534	35	0.8217
chr1	251633	251634	25	0.8352
chr1	251684	251685	23	0.7547
chr1	251759	251760	30	0.7681
chr1	251815	251816	23	0.7663
chr1	251860	251861	32	0.9089
chr1	251960	251961	29	0.8221
chr1	252216	252217	32	0.7635
chr1	252316	252317	36	0.7592
chr1	252394	252395	26	0.8893
chr1	252414	252415	33	0.7084
chr1	252419	252420	33	0.0
chr1	252519	252520	25	0.2142
chr1	252582	252583	31	0.05
chr1	252632	252633	30	0.0777
chr1	252732	252733	20	0.1325
chr1	252832	252833	38	0.2092
chr1	252882	252883	33	0.2633
chr1	252939	252940	33	0.1252
chr1	253039	253040	16	0.2332
chr1	253283	253284	34	0.1022
chr1	253353	253354	30	0.2377
chr1	253389	253390	32	0.3302
chr1	253419	253420	32	0.0987
chr1	253441	253442	37	0.149
chr1	253463	253464	29	0.3142
chr1	253517	253518	23	0.35
chr1	253559	253560	30	0.6361
chr1	253642	253643	31	0.7752
chr1	253742	253743	28	0.82
chr1	253792	253793	25	0.6986
chr1	253892	253893	31	0.8392
chr1	253992	253993	32	0.7059
chr1	254007	254008	25	0.6855
chr1	254239	254240	33	0.6637
chr1	254339	254340	28	0.8957
chr1	254451	254452	37	0.5045
chr1	254511	254512	39	0.7481
chr1	254521	254522	28	0.781
chr1	254621	254622	30	0.8023
chr1	254721	254722	23	0.5115
chr1	254810	254811	38	0.5036
chr1	254906	254907	36	0.5615
chr1	254950	254951	33	0.7113
chr1	255290	255291	27	0.7936
chr1	255451	255452	36	1.0
chr1	255497	255498	32	0.5527
chr1	255597	255598	19	0.7257
chr1	255647	255648	27	0.6511
chr1	255747	255748	34	0.7201
chr1	255797	255798	32	0.7235
chr1	255875	255876	30	0.7718
chr1	255925	255926	25	0.6685
chr1	256025	256026	20	0.5444
chr1	256039	256040	30	0.6039
chr1	256321	256322	24	0.7425
chr1	256347	256348	29	0.645
chr1	256375	256376	23	0.6747
chr1	256386	256387	36	0.8973
chr1	256486	256487	27	0.8581
chr1	256586	256587	29	0.8553
chr1	256686	256687	33	0.9333
chr1	256736	256737	35	0.8197
chr1	256836	256837	35	0.8163
chr1	256846	256847	36	0.9275
chr1	256955	256956	27	0.8001
chr1	257055	257056	29	0.8387
chr1	257300	257301	34	0.8052
chr1	257308	257309	34	0.8414
chr1	257380	257381	28	0.847
chr1	257407	257408	34	0.8346
chr1	257481	257482	25	0.9877
chr1	257541	257542	33	0.8677
chr1	257641	257642	29	0.8911
chr1	257741	257742	25	0.9595
chr1	257841	257842	34	0.8664
chr1	257919	257920	32	0.9372
chr1	258019	258020	20	1.0
chr1	258124	258125	30	0.9397
chr1	258319	258320	23	0.8719
chr1	258363	258364	31	0.7881
chr1	258387	258388	24	1.0
chr1	258487	258488	35	1.0
chr1	258587	258588	35	0.9789
chr1	258643	258644	30	1.0
chr1	258743	258744	24	0.9362
chr1	258797	258798	31	1.0
chr1	258897	258898	33	1.0
chr1	258920	258921	27	0.9017
chr1	259020	259021	39	1.0
chr1	259082	259083	37	0.8589
chr1	259120	259121	24	0.9039
chr1	259220	259221	31	0.8671
chr1	259320	259321	30	0.9158
chr1	259420	259421	37	0.9566
chr1	259487	259488	39	0.7344
chr1	259539	259540	25	0.7787
chr1	259606	259607	20	0.8489
chr1	259654	259655	28	0.9065
chr1	259780	259781	21	0.9917
chr1	260060	260061	29	0.9518
chr1	260118	260119	34	0.9449
chr1	260134	260135	25	0.8018
chr1	260159	260160	29	0.8474
chr1	260259	260260	33	0.8863
chr1	260350	260351	30	0.856
chr1	260450	260451	28	0.8969
chr1	260550	260551	26	0.8507
chr1	260650	260651	29	0.8069
chr1	260743	260744	25	0.8962
chr1	260924	260925	37	0.9136
chr1	261024	261025	32	0.833
chr1	261084	261085	30	0.9936
chr1	261092	261093	24	0.9972
chr1	261110	261111	39	0.9702
chr1	261173	261174	24	0.8673
chr1	261273	261274	27	0.9132
chr1	261373	261374	29	0.8945
chr1	261473	261474	34	1.0
chr1	261573	261574	26	0.9281
chr1	261640	261641	30	1.0
chr1	261740	261741	25	0.9297
chr1	261841	261842	26	0.8384
chr1	261941	261942	34	0.9247
chr1	262054	262055	31	0.979
chr1	262154	262155	39	0.8793
chr1	262188	262189	39	0.8628
chr1	262195	262196	38	0.2439
chr1	262245	262246	32	0.0494
chr1	262345	262346	22	0.2042
chr1	262395	262396	26	0.0
chr1	262495	262496	33	0.0844
chr1	262595	262596	27	0.018
chr1	262653	262654	39	0.2243
chr1	262729	262730	27	0.0329
chr1	262879	262880	27	0.0129
chr1	263008	263009	32	0.1323
chr1	263016	263017	21	0.1752
chr1	263120	263121	29	0.0166
chr1	263122	263123	31	0.1035
chr1	263130	263131	31	0.1293
chr1	263278	263279	37	0.1113
chr1	263286	263287	31	0.1398
chr1	263504	263505	32	0.1765
chr1	263520	263521	36	0.0
chr1	263620	263621	31	0.1543
chr1	263720	263721	32	0.0
chr1	263807	263808	31	0.0736
chr1	263907	263908	36	0.0
chr1	264007	264008	33	0.1365
chr1	264106	264107	35	0.0467
chr1	264206	264207	19	0.0063
chr1	264449	264450	21	0.0903
chr1	264549	264550	29	0.0
chr1	264601	264602	25	0.0398
chr1	264649	264650	25	0.177
chr1	264699	264700	26	0.1095
chr1	264767	264768	33	0.1065
chr1	264864	264865	35	0.157
chr1	264964	264965	33	0.0824
chr1	265038	265039	26	0.2333
chr1	265041	265042	33	0.0497
chr1	265203	265204	32	0.059
chr1	265343	265344	32	0.1915
chr1	265357	265358	31	0.1771
chr1	265437	265438	32	0.0345
chr1	265473	265474	24	0.2114
chr1	265536	265537	26	0.1009
chr1	265636	265637	24	0.0208
chr1	265711	265712	31	0.025
chr1	265811	265812	24	0.2337
chr1	265911	265912	31	0.1702
chr1	265964	265965	23	0.213
chr1	266333	266334	24	0.227
chr1	266433	266434	30	0.1073
chr1	266487	266488	31	0.3378
chr1	266501	266502	31	0.3838
chr1	266547	266548	37	0.7369
chr1	266647	266648	31	0.6024
chr1	266747	266748	34	0.7265
chr1	266847	266848	30	0.7315
chr1	266919	266920	38	0.6716
chr1	266969	266970	33	0.6689
chr1	267060	267061	33	0.5813
chr1	267160	267161	23	0.7062
chr1	267260	267261	23	0.7386
chr1	267360	267361	27	0.6918
chr1	267460	267461	35	0.7455
chr1	267528	267529	34	0.8313
chr1	267559	267560	20	0.2084
chr1	267659	267660	30	0.2147
chr1	267709	267710	33	0.3529
chr1	267809	267810	25	0.2252
chr1	267909	267910	22	0.348
chr1	268009	268010	26	0.3986
chr1	268019	268020	33	0.3004
chr1	268270	268271	25	0.2476
chr1	268370	268371	32	0.2715
chr1	268442	268443	32	0.1815
chr1	268449	268450	34	0.7295
chr1	268477	268478	22	0.5836
chr1	268499	268500	32	0.6776
chr1	268538	268539	34	0.5369
chr1	268556	268557	33	0.7311
chr1	268573	268574	32	0.7098
chr1	268621	268622	33	0.5779
chr1	268638	268639	35	0.6286
chr1	268661	268662	24	0.5757
chr1	268711	268712	35	0.6554
chr1	268726	268727	42	0.8593
chr1	268752	268753	21	0.678
chr1	268793	268794	21	0.5782
chr1	268821	268822	33	0.6635
chr1	268857	268858	29	0.7249
chr1	268894	268895	26	0.6694
chr1	268928	268929	27	0.6003
chr1	268978	268979	27	0.6873
chr1	269007	269008	39	0.5868
chr1	269107	269108	28	0.8622
chr1	269178	269179	32	0.541
chr1	269265	269266	22	0.6768
chr1	269332	269333	23	0.6835
chr1	269425	269426	35	0.7831
chr1	269525	269526	29	0.5112
chr1	269569	269570	30	0.5395
chr1	269593	269594	25	0.5539
chr1	269605	269606	34	0.8028
chr1	269669	269670	27	0.7964
chr1	269723	269724	27	0.6845
chr1	269983	269984	33	0.7543
chr1	270007	270008	30	0.5467
chr1	270019	270020	31	0.6693
chr1	270029	270030	33	0.1702
chr1	270120	270121	32	0.0101
chr1	270191	270192	33	0.0
chr1	270243	270244	23	0.1221
chr1	270343	270344	24	0.0329
chr1	270393	270394	38	0.0217
chr1	270493	270494	32	0.0
chr1	270506	270507	41	0.0492
chr1	270836	270837	20	0.0
chr1	270936	270937	27	0.114
chr1	270976	270977	25	0.1569
chr1	271060	271061	36	0.1198
chr1	271110	271111	25	0.0489
chr1	271260	271261	29	0.0735
chr1	271374	271375	21	0.1754
chr1	271391	271392	26	0.739
chr1	271491	271492	32	0.6799
chr1	271591	271592	30	0.6396
chr1	271641	271642	33	0.9042
chr1	271741	271742	23	0.6375
chr1	271841	271842	34	0.7658
chr1	271902	271903	35	0.7584
chr1	271963	271964	35	0.5772
chr1	272239	272240	25	0.8004
chr1	272401	272402	23	0.7866
chr1	272528	272529	23	0.6696
chr1	272570	272571	31	0.8214
chr1	272575	272576	35	0.4014
chr1	272629	272630	20	0.4127
chr1	272714	272715	33	0.6182
chr1	272793	272794	43	0.414
chr1	272850	272851	28	0.3809
chr1	272950	272951	26	0.6257
chr1	273000	273001	28	0.5358
chr1	273038	273039	23	0.5736
chr1	273213	273214	26	0.428
chr1	273255	273256	32	0.7178
chr1	273271	273272	23	0.5013
chr1	273287	273288	30	0.5286
chr1	273313	273314	28	0.51
chr1	273419	273420	21	0.5667
chr1	273557	273558	29	0.6793
chr1	273621	273622	23	0.6889
chr1	273642	273643	23	0.9345
chr1	273714	273715	30	0.8498
chr1	273802	273803	30	0.7944
chr1	273902	273903	24	0.9415
chr1	274002	274003	31	0.9869
chr1	274084	274085	32	0.9275
chr1	274177	274178	35	1.0
chr1	274382	274383	29	0.9754
chr1	274448	274449	29	0.8596
chr1	274455	274456	41	0.7947
chr1	274555	274556	26	0.9066
chr1	274618	274619	28	0.668
chr1	274669	274670	34	0.7736
chr1	274720	274721	23	0.6939
chr1	274820	274821	39	0.8105
chr1	274898	274899	30	0.6637
chr1	274978	274979	25	0.7729
chr1	275078	275079	33	0.8696
chr1	275178	275179	30	0.6642
chr1	275315	275316	32	0.8945
chr1	275415	275416	24	0.665
chr1	275427	275428	22	0.7362
chr1	275487	275488	32	0.7894
chr1	275561	275562	29	0.8061
chr1	275593	275594	27	0.6164
chr1	275701	275702	33	0.6868
chr1	275843	275844	29	0.7779
chr1	275850	275851	34	0.7164
chr1	275930	275931	26	0.8127
chr1	276030	276031	31	0.6995
chr1	276086	276087	31	0.8021
chr1	276186	276187	19	0.5744
chr1	276191	276192	30	0.7821
chr1	276291	276292	30	0.6665
chr1	276456	276457	35	0.6501
chr1	276486	276487	32	0.7124
chr1	276510	276511	37	0.6239
chr1	276582	276583	28	0.8058
chr1	276620	276621	20	0.7658
chr1	276644	276645	32	0.5529
chr1	276660	276661	29	0.661
chr1	276722	276723	24	0.7415
chr1	276890	276891	34	0.5838
chr1	276908	276909	34	0.8119
chr1	276939	276940	24	0.8438
chr1	276989	276990	33	0.7369
chr1	277080	277081	28	0.8261
chr1	277180	277181	29	0.8896
chr1	277230	277231	37	0.8739
chr1	277285	277286	33	0.8389
chr1	277385	277386	31	0.8626
chr1	277435	277436	29	0.7035
chr1	277502	277503	25	0.6654
chr1	277519	277520	33	0.8219
chr1	278019	278020	31	0.6766
chr1	278071	278072	33	0.6906
chr1	278118	278119	26	0.0
chr1	278217	278218	30	0.0
chr1	278317	278318	27	0.0582
chr1	278417	278418	29	0.0452
chr1	278517	278518	23	0.0
chr1	278617	278618	23	0.066
chr1	278651	278652	32	0.1273
chr1	278797	278798	30	0.146
chr1	279128	279129	25	0.0537
chr1	279184	279185	32	0.1664
chr1	279204	279205	29	0.501
chr1	279304	279305	29	0.5856
chr1	279404	279405	25	0.5522
chr1	279504	279505	20	0.509
chr1	279554	279555	32	0.6357
chr1	279622	279623	30	0.8272
chr1	279722	279723	32	0.8546
chr1	279746	279747	37	0.6626
chr1	279997	279998	33	0.761
chr1	280069	280070	32	0.4742
chr1	280075	280076	24	0.6811
chr1	280103	280104	33	0.7243
chr1	280201	280202	16	0.8021
chr1	280267	280268	31	0.8294
chr1	280367	280368	31	0.7585
chr1	280467	280468	32	0.8694
chr1	280503	280504	23	0.8249
chr1	280624	280625	29	0.8889
chr1	280802	280803	27	0.9259
chr1	280892	280893	26	0.796
chr1	280923	280924	28	0.0685
chr1	281023	281024	25	0.0581
chr1	281123	281124	29	0.0274
chr1	281223	281224	28	0.235
chr1	281323	281324	35	0.3791
chr1	281341	281342	23	0.1399
chr1	281490	281491	29	0.0368
chr1	281737	281738	36	0.0133
chr1	281849	281850	24	0.1742
chr1	281879	281880	30	0.0442
chr1	281929	281930	36	0.0477
chr1	282029	282030	25	0.0298
chr1	282129	282130	26	0.0
chr1	282229	282230	25	0.0995
chr1	282281	282282	24	0.0656
chr1	282381	282382	27	0.0009
chr1	282404	282405	32	0.0621
chr1	282779	282780	32	0.1015
chr1	282837	282838	30	0.1215
chr1	282849	282850	32	0.1453
chr1	282884	282885	29	0.0793
chr1	282984	282985	33	0.1167
chr1	283034	283035	23	0.1965
chr1	283118	283119	21	0.1947
chr1	283218	283219	25	0.2893
chr1	283268	283269	32	0.1855
chr1	283341	283342	34	0.0
chr1	283364	283365	29	0.104
chr1	283520	283521	30	0.1081
chr1	283660	283661	34	0.0997
chr1	283826	283827	28	0.0402
chr1	283860	283861	28	0.2534
chr1	283874	283875	28	0.1227
chr1	283901	283902	30	0.7512
chr1	284001	284002	32	0.6973
chr1	284066	284067	35	0.6698
chr1	284128	284129	25	0.7345
chr1	284228	284229	28	0.9013
chr1	284328	284329	29	0.7318
chr1	284384	284385	34	0.8217
chr1	284564	284565	29	0.8415
chr1	284628	284629	29	0.8653
chr1	284674	284675	35	0.6522
chr1	284724	284725	28	0.7033
chr1	284824	284825	31	0.6208
chr1	284880	284881	26	0.5494
chr1	284980	284981	27	0.7138
chr1	285069	285070	35	0.6772
chr1	285169	285170	29	0.5486
chr1	285229	285230	28	0.7012
chr1	285344	285345	22	0.6767
chr1	285553	285554	26	0.684
chr1	285684	285685	28	0.6267
chr1	285782	285783	31	0.7384
chr1	285787	285788	28	0.2836
chr1	285887	285888	24	0.2419
chr1	285987	285988	26	0.3283
chr1	286037	286038	27	0.2395
chr1	286137	286138	26	0.3557
chr1	286237	286238	32	0.3135
chr1	286287	286288	26	0.2583
chr1	286327	286328	38	0.2213
chr1	286427	286428	25	0.4484
chr1	286823	286824	16	0.2763
chr1	286859	286860	30	0.3514
chr1	286895	286896	21	0.4946
chr1	286955	286956	25	0.3838
chr1	287029	287030	22	0.3718
chr1	287175	287176	32	0.2384
chr1	287217	287218	26	0.6035
chr1	287289	287290	30	0.6701
chr1	287389	287390	34	0.6478
chr1	287489	287490	35	0.7287
chr1	287589	287590	36	0.5726
chr1	287639	287640	36	0.725
chr1	287707	287708	28	0.5701
chr1	287846	287847	32	0.6326
chr1	287946	287947	31	0.6287
chr1	288046	288047	30	0.6193
chr1	288092	288093	37	0.8318
chr1	288118	288119	26	0.6774
chr1	288218	288219	34	0.3735
chr1	288318	288319	34	0.5936
chr1	288417	288418	33	0.5824
chr1	288515	288516	28	0.5379
chr1	288604	288605	32	0.7041
chr1	288657	288658	31	0.6057
chr1	288779	288780	31	0.5447
chr1	288948	288949	35	0.555
chr1	289168	289169	28	0.5368
chr1	289228	289229	22	0.5693
chr1	289258	289259	38	0.216
chr1	289358	289359	32	0.1373
chr1	289458	289459	21	0.2981
chr1	289540	289541	38	0.1329
chr1	289590	289591	32	0.3376
chr1	289690	289691	29	0.2281
chr1	289740	289741	31	0.215
chr1	289758	289759	25	0.2052
chr1	289858	289859	26	0.1757
chr1	290234	290235	29	0.2686
chr1	290262	290263	23	0.3229
chr1	290290	290291	20	0.306
chr1	290300	290301	29	0.469
chr1	290400	290401	30	0.3881
chr1	290499	290500	43	0.0
chr1	290599	290600	35	0.474
chr1	290699	290700	33	0.0
chr1	290749	290750	27	0.0
chr1	290824	290825	28	0.0
chr1	290840	290841	30	0.458
chr1	290980	290981	31	0.0
chr1	291186	291187	31	0.0
chr1	291329	291330	21	0.482
chr1	291425	291426	35	0.0439
chr1	291454	291455	29	0.8532
chr1	291554	291555	29	0.6758
chr1	291654	291655	29	0.8209
chr1	291709	291710	30	0.8919
chr1	291809	291810	30	0.8806
chr1	291902	291903	24	0.6479
chr1	291993	291994	18	0.7531
chr1	292093	292094	29	0.7352
chr1	292209	292210	37	0.9095
chr1	292395	292396	45	0.8954
chr1	292415	292416	31	0.7991
chr1	292427	292428	33	0.7439
chr1	292434	292435	25	0.8001
chr1	292534	292535	35	0.7419
chr1	292634	292635	36	0.9046
chr1	292734	292735	25	0.8093
chr1	292801	292802	23	0.8237
chr1	292851	292852	27	0.697
chr1	292885	292886	26	0.7252
chr1	293152	293153	27	0.8642
chr1	293269	293270	31	0.7407
chr1	293279	293280	28	0.8699
chr1	293305	293306	41	0.8389
chr1	293383	293384	31	0.7328
chr1	293397	293398	32	0.689
chr1	293405	293406	30	0.8254
chr1	293479	293480	32	0.5234
chr1	293483	293484	34	0.7496
chr1	293579	293580	42	0.7411
chr1	293587	293588	31	0.849
chr1	293643	293644	34	0.767
chr1	293680	293681	33	0.6866
chr1	293763	293764	38	0.7927
chr1	293859	293860	20	0.7251
chr1	293919	293920	29	0.9239
chr1	294019	294020	24	0.9011
chr1	294119	294120	36	0.7887
chr1	294136	294137	26	0.7894
chr1	294385	294386	29	0.9347
chr1	294540	294541	31	0.7404
chr1	294624	294625	33	0.992
chr1	294634	294635	30	0.6851
chr1	294734	294735	34	0.7295
chr1	294834	294835	35	0.7407
chr1	294934	294935	39	0.7296
chr1	294995	294996	39	0.7247
chr1	295095	295096	28	0.7651
chr1	295219	295220	20	0.6027
chr1	295405	295406	29	0.7094
chr1	295549	295550	19	0.6281
chr1	295615	295616	34	0.8747
chr1	295641	295642	32	0.8552
chr1	295669	295670	22	0.7605
chr1	295699	295700	30	0.7513
chr1	295719	295720	20	0.8088
chr1	295819	295820	18	0.9382
chr1	295919	295920	35	0.702
chr1	295969	295970	30	0.6974
chr1	296069	296070	28	0.9683
chr1	296119	296120	26	0.9413
chr1	296196	296197	24	0.7857
chr1	296532	296533	24	0.8273
chr1	296622	296623	25	0.8178
chr1	296630	296631	25	0.7488
chr1	296639	296640	37	0.9282
chr1	296739	296740	27	0.7939
chr1	296839	296840	19	0.8961
chr1	296939	296940	36	0.9805
chr1	297039	297040	33	0.8817
chr1	297089	297090	30	0.8277
chr1	297136	297137	39	0.8543
chr1	297236	297237	31	0.8836
chr1	297336	297337	30	0.6572
chr1	297436	297437	24	0.8886
chr1	297590	297591	32	0.8994
chr1	297718	297719	29	0.8431
chr1	297732	297733	23	0.8266
chr1	297912	297913	32	0.7944
chr1	297994	297995	32	0.7295
chr1	298030	298031	30	0.8584
chr1	298066	298067	45	0.7594
chr1	298078	298079	19	0.7897
chr1	298110	298111	25	0.7662
chr1	298182	298183	34	0.8629
chr1	298282	298283	30	0.8752
chr1	298338	298339	38	0.7824
chr1	298431	298432	38	0.9206
chr1	298531	298532	37	0.8056
chr1	298600	298601	35	0.8596
chr1	298802	298803	26	0.833
chr1	298812	298813	31	0.9368
chr1	298868	298869	26	0.7577
chr1	298884	298885	42	0.1624
chr1	298984	298985	36	0.1345
chr1	299049	299050	27	0.2029
chr1	299149	299150	32	0.0662
chr1	299199	299200	23	0.1488
chr1	299292	299293	26	0.1255
chr1	299524	299525	31	0.0068
chr1	299624	299625	35	0.0874
chr1	299658	299659	32	0.1917
chr1	299669	299670	36	0.8237
chr1	299746	299747	30	0.7217
chr1	299846	299847	26	0.8771
chr1	299903	299904	25	0.8438
chr1	300003	300004	35	0.9826
chr1	300103	300104	23	0.7845
chr1	300172	300173	30	0.6634
chr1	300457	300458	36	0.7809
chr1	300557	300558	39	0.7534
chr1	300569	300570	38	0.7421
chr1	300637	300638	35	0.8436
chr1	300642	300643	31	0.7989
chr1	300713	300714	30	0.7414
chr1	300813	300814	25	0.9807
chr1	300863	300864	30	0.9141
chr1	300926	300927	24	0.7319
chr1	300999	301000	35	0.8405
chr1	301049	301050	38	0.828
chr1	301109	301110	25	0.8513
chr1	301425	301426	34	0.7084
chr1	301537	301538	22	0.7168
chr1	301563	301564	32	0.6336
chr1	301571	301572	26	0.738
chr1	301683	301684	33	0.8722
chr1	301737	301738	37	0.8333
chr1	301859	301860	33	0.808
chr1	301975	301976	23	0.9323
chr1	302007	302008	29	0.8943
chr1	302033	302034	26	0.7578
chr1	302040	302041	20	0.9889
chr1	302140	302141	22	1.0
chr1	302240	302241	23	0.953
chr1	302328	302329	24	0.9549
chr1	302428	302429	29	1.0
chr1	302488	302489	31	0.8839
chr1	302520	302521	32	0.9821
chr1	302654	302655	28	0.995
chr1	302926	302927	36	0.9949
chr1	302984	302985	26	0.8341
chr1	303086	303087	30	0.8941
chr1	303140	303141	36	0.8528
chr1	303180	303181	27	0.9387
chr1	303200	303201	34	0.7843
chr1	303224	303225	33	0.9239
chr1	303232	303233	29	0.9747
chr1	303241	303242	38	0.8848
chr1	303341	303342	34	0.8207
chr1	303441	303442	36	0.6249
chr1	303541	303542	22	0.8758
chr1	303612	303613	34	0.8867
chr1	303712	303713	34	0.8558
chr1	303781	303782	38	0.834
chr1	303994	303995	37	0.8795
chr1	304239	304240	16	0.785
chr1	304241	304242	28	0.7734
chr1	304325	304326	32	0.5735
chr1	304343	304344	34	0.806
chr1	304353	304354	25	0.8121
chr1	304529	304530	37	0.8188
chr1	304535	304536	30	0.6135
chr1	304541	304542	22	0.8839
chr1	304555	304556	19	0.7185
chr1	304591	304592	39	0.7942
chr1	304649	304650	39	0.6175
chr1	304656	304657	30	0.7309
chr1	304706	304707	33	0.8474
chr1	304793	304794	31	0.8403
chr1	304893	304894	38	0.8486
chr1	304993	304994	26	0.7838
chr1	305085	305086	27	0.8501
chr1	305185	305186	30	0.7823
chr1	305285	305286	22	0.7961
chr1	305325	305326	26	0.8387
chr1	305329	305330	28	0.7605
chr1	305341	305342	37	0.7337
chr1	305539	305540	31	0.7275
chr1	305545	305546	29	0.6921
chr1	305553	305554	27	0.5682
chr1	305597	305598	28	0.7856
chr1	305645	305646	26	0.6825
chr1	305677	305678	28	0.7337
chr1	305719	305720	27	0.7457
chr1	305743	305744	27	0.7795
chr1	305843	305844	27	0.7844
chr1	305943	305944	35	0.7651
chr1	306043	306044	29	0.7266
chr1	306093	306094	24	0.884
chr1	306193	306194	27	0.7463
chr1	306235	306236	22	0.7078
chr1	306335	306336	37	0.6687
chr1	306349	306350	33	0.7872
chr1	306401	306402	32	0.8481
chr1	306451	306452	21	1.0
chr1	306519	306520	40	0.8659
chr1	306619	306620	34	0.9122
chr1	306676	306677	32	0.995
chr1	306776	306777	28	1.0
chr1	306869	306870	31	0.9606
chr1	306969	306970	28	0.7806
chr1	307069	307070	32	0.9707
chr1	307205	307206	27	0.8006
chr1	307215	307216	23	0.8592
chr1	307257	307258	33	0.0545
chr1	307357	307358	36	0.0884
chr1	307452	307453	28	0.0994
chr1	307502	307503	31	0.1174
chr1	307602	307603	24	0.0359
chr1	307652	307653	35	0.295
chr1	307712	307713	29	0.1297
chr1	307914	307915	30	0.0953
chr1	308151	308152	29	0.1256
chr1	308229	308230	34	0.0792
chr1	308268	308269	35	0.1903
chr1	308368	308369	34	0.1079
chr1	308444	308445	36	0.3362
chr1	308502	308503	29	0.2297
chr1	308592	308593	32	0.3093
chr1	308692	308693	30	0.074
chr1	308767	308768	27	0.1382
chr1	308840	308841	28	0.31
chr1	308940	308941	34	0.4366
chr1	309066	309067	30	0.2847
chr1	309408	309409	30	0.3946
chr1	309504	309505	32	0.1581
chr1	309535	309536	31	0.9489
chr1	309635	309636	27	0.8373
chr1	309717	309718	24	0.9251
chr1	309808	309809	32	0.8646
chr1	309908	309909	27	0.9863
chr1	309984	309985	27	0.8263
chr1	310084	310085	40	0.9548
chr1	310092	310093	28	0.8965
chr1	310251	310252	31	0.98
chr1	310351	310352	30	1.0
chr1	310583	310584	32	0.9718
chr1	310609	310610	36	0.8426
chr1	310624	310625	26	0.7915
chr1	310724	310725	28	0.6954
chr1	310774	310775	31	0.7387
chr1	310832	310833	39	0.8634
chr1	310932	310933	27	0.7491
chr1	311032	311033	23	0.7375
chr1	311132	311133	23	0.7496
chr1	311165	311166	34	0.8342
chr1	311299	311300	34	0.8155
chr1	311399	311400	40	0.954
chr1	311555	311556	28	0.7628
chr1	311569	311570	46	0.7282
chr1	311609	311610	34	0.7576
chr1	311631	311632	29	0.7516
chr1	311692	311693	39	1.0
chr1	311779	311780	35	0.7807
chr1	311879	311880	31	0.8787
chr1	311955	311956	26	0.7018
chr1	312055	312056	32	0.8619
chr1	312079	312080	29	1.0
chr1	312179	312180	25	0.7151
chr1	312281	312282	22	0.8546
chr1	312405	312406	25	1.0
chr1	312429	312430	27	0.8014
chr1	312462	312463	29	0.7934
chr1	312562	312563	31	0.6941
chr1	312662	312663	28	0.9538
chr1	312725	312726	29	0.7788
chr1	312775	312776	32	0.9732
chr1	312837	312838	29	0.7943
chr1	312887	312888	29	0.8843
chr1	312923	312924	22	0.7733
chr1	313364	313365	36	0.802
chr1	313366	313367	31	0.9345
chr1	313394	313395	28	0.8323
chr1	313416	313417	31	0.6986
chr1	313495	313496	27	0.7326
chr1	313595	313596	32	0.7358
chr1	313692	313693	34	0.6607
chr1	313792	313793	30	0.5414
chr1	313870	313871	34	0.7467
chr1	313892	313893	31	0.695
chr1	314029	314030	36	0.7668
chr1	314129	314130	31	0.5969
chr1	314195	314196	32	0.7695
chr1	314218	314219	27	0.8071
chr1	314318	314319	39	0.9215
chr1	314392	314393	28	0.9864
chr1	314450	314451	38	0.9654
chr1	314550	314551	30	0.8112
chr1	314649	314650	29	0.9453
chr1	315076	315077	31	0.9052
chr1	315116	315117	29	0.8472
chr1	315125	315126	28	0.7607
chr1	315209	315210	35	0.8437
chr1	315259	315260	32	0.9567
chr1	315316	315317	21	0.9322
chr1	315416	315417	32	0.7285
chr1	315516	315517	36	0.8963
chr1	315587	315588	25	0.9292
chr1	315646	315647	37	0.9475
chr1	315835	315836	27	0.8019
chr1	315977	315978	32	0.8204
chr1	316118	316119	28	0.934
chr1	316162	316163	29	0.8627
chr1	316436	316437	26	0.831
chr1	316484	316485	27	0.8659
chr1	316498	316499	32	0.8381
chr1	316546	316547	28	0.8888
chr1	316564	316565	30	0.5265
chr1	316638	316639	29	0.6969
chr1	316688	316689	24	0.7789
chr1	316788	316789	40	0.7208
chr1	316888	316889	22	0.8149
chr1	316988	316989	34	0.7212
chr1	317063	317064	27	0.7748
chr1	317181	317182	27	0.8645
chr1	317282	317283	33	0.7894
chr1	317334	317335	28	0.8026
chr1	317354	317355	34	0.4695
chr1	317454	317455	26	0.739
chr1	317547	317548	24	0.6362
chr1	317642	317643	28	0.811
chr1	317742	317743	32	0.5884
chr1	317840	317841	33	0.7725
chr1	317925	317926	29	0.7382
chr1	318025	318026	34	0.7515
chr1	318170	318171	30	0.6636
chr1	318360	318361	25	0.8004
chr1	318460	318461	27	0.673
chr1	318526	318527	21	0.6359
chr1	318538	318539	30	0.7289
chr1	318545	318546	35	0.9368
chr1	318645	318646	28	0.8446
chr1	318745	318746	35	0.8599
chr1	318807	318808	32	0.8132
chr1	318907	318908	31	0.9511
chr1	319007	319008	31	0.9092
chr1	319070	319071	35	0.9192
chr1	319108	319109	28	0.7419
chr1	319461	319462	30	0.7691
chr1	319485	319486	31	0.9044
chr1	319521	319522	27	0.8798
chr1	319651	319652	28	0.8085
chr1	319681	319682	27	0.8609
chr1	319689	319690	30	0.7418
chr1	319759	319760	25	0.7992
chr1	319853	319854	21	0.8393
chr1	319911	319912	25	0.7817
chr1	319917	319918	28	0.8476
chr1	320961	320962	30	0.2276
chr1	321011	321012	20	0.0245
chr1	321069	321070	31	0.3265
chr1	321169	321170	35	0.3244
chr1	321269	321270	30	0.393
chr1	321319	321320	25	0.0294
chr1	321407	321408	29	0.16
chr1	321442	321443	27	0.0886
chr1	322015	322016	36	0.0354
chr1	322034	322035	28	0.8014
chr1	322134	322135	34	0.9703
chr1	322233	322234	30	0.8125
chr1	322298	322299	36	0.8266
chr1	322398	322399	29	0.9423
chr1	322475	322476	36	0.7892
chr1	322547	322548	13	0.9363
chr1	322583	322584	34	0.7938
chr1	323083	323084	32	0.9123
chr1	323133	323134	28	0.8969
chr1	323161	323162	25	0.8122
chr1	323184	323185	22	0.6973
chr1	323284	323285	35	0.5239
chr1	323358	323359	32	0.4802
chr1	323458	323459	29	0.4485
chr1	323508	323509	39	0.4415
chr1	323608	323609	37	0.7127
chr1	323661	323662	39	0.4283
chr1	323718	323719	27	0.5293
chr1	323753	323754	29	0.4537
chr1	323936	323937	31	0.6179
chr1	324040	324041	32	0.6757
chr1	324165	324166	28	0.675
chr1	324203	324204	27	0.4202
chr1	324223	324224	25	0.5641
chr1	324273	324274	31	0.8084
chr1	324323	324324	36	0.7533
chr1	324408	324409	30	0.5229
chr1	324499	324500	33	0.5992
chr1	324577	324578	35	0.6236
chr1	324641	324642	21	0.7172
chr1	324741	324742	24	0.5837
chr1	324755	324756	29	0.8091
chr1	324941	324942	26	0.4594
chr1	325041	325042	37	0.6808
chr1	325141	325142	36	0.7309
chr1	325241	325242	32	0.5898
chr1	325337	325338	31	0.7629
chr1	325362	325363	29	0.9204
chr1	325462	325463	19	0.8459
chr1	325562	325563	46	0.8866
chr1	325662	325663	27	0.8095
chr1	325762	325763	23	0.7629
chr1	325861	325862	25	0.976
chr1	326101	326102	29	0.809
chr1	326201	326202	28	0.7943
chr1	326301	326302	31	0.93
chr1	326329	326330	30	0.9011
chr1	326337	326338	24	0.5585
chr1	326437	326438	17	0.691
chr1	326537	326538	34	0.8126
chr1	326637	326638	36	0.7918
chr1	326737	326738	35	0.45
chr1	326821	326822	26	0.7963
chr1	326845	326846	28	0.7682
chr1	327345	327346	30	0.8901
chr1	327391	327392	25	0.7919
chr1	327405	327406	29	0.7588
chr1	327419	327420	20	0.6473
chr1	327497	327498	27	0.719
chr1	327499	327500	26	0.7117
chr1	327555	327556	35	0.7657
chr1	327603	327604	31	0.7256
chr1	327703	327704	35	0.9012
chr1	327773	327774	27	0.7861
chr1	327827	327828	33	0.5513
chr1	327848	327849	28	0.1847
chr1	327936	327937	28	0.2388
chr1	328009	328010	31	0.049
chr1	328092	328093	33	0.0833
chr1	328167	328168	39	0.087
chr1	328267	328268	23	0.0616
chr1	328356	328357	24	0.0389
chr1	328414	328415	31	0.0286
chr1	328540	328541	33	0.142
chr1	328691	328692	28	0.1132
chr1	328791	328792	32	0.0
chr1	328926	328927	33	0.0
chr1	328982	328983	29	0.1156
chr1	328996	328997	33	0.1689
chr1	329030	329031	30	0.7908
chr1	329130	329131	26	0.8177
chr1	329217	329218	23	0.8484
chr1	329317	329318	30	0.8198
chr1	329398	329399	20	0.9024
chr1	329487	329488	30	0.7698
chr1	329587	329588	34	0.82
chr1	329595	329596	40	0.5989
chr1	329864	329865	30	0.8563
chr1	329964	329965	34	0.8328
chr1	330004	330005	32	0.7583
chr1	330023	330024	33	0.7756
chr1	330123	330124	32	0.8949
chr1	330223	330224	33	0.9993
chr1	330298	330299	27	1.0
chr1	330367	330368	28	0.9639
chr1	330467	330468	27	0.9328
chr1	330524	330525	26	1.0
chr1	330567	330568	27	0.8946
chr1	330693	330694	32	0.8571
chr1	330830	330831	24	0.9703
chr1	330930	330931	33	0.9997
chr1	331030	331031	29	0.8823
chr1	331052	331053	42	0.8118
chr1	331100	331101	36	0.9622
chr1	331149	331150	24	0.6197
chr1	331199	331200	35	0.7133
chr1	331276	331277	26	0.6205
chr1	331376	331377	24	0.783
chr1	331476	331477	43	0.72
chr1	331576	331577	35	0.5493
chr1	331661	331662	26	0.7819
chr1	331761	331762	35	0.8156
chr1	331950	331951	34	0.8554
chr1	332050	332051	36	0.819
chr1	332110	332111	26	0.8075
chr1	332148	332149	31	0.682
chr1	332183	332184	41	0.6162
chr1	332283	332284	34	0.6046
chr1	332333	332334	24	0.6491
chr1	332433	332434	19	0.5794
chr1	332533	332534	36	0.6442
chr1	332633	332634	26	0.6494
chr1	332730	332731	28	0.8457
chr1	332738	332739	36	0.6959
chr1	332925	332926	31	0.6179
chr1	333080	333081	35	0.6754
chr1	333282	333283	40	0.696
chr1	333286	333287	26	0.741
chr1	333342	333343	29	0.4834
chr1	333363	333364	23	0.6826
chr1	333463	333464	29	0.8091
chr1	333563	333564	27	0.8687
chr1	333663	333664	27	0.8293
chr1	333763	333764	29	0.7702
chr1	333797	333798	26	0.7667
chr1	333897	333898	30	0.9387
chr1	333925	333926	34	0.8646
chr1	333927	333928	31	0.8142
chr1	333933	333934	26	0.7429
chr1	334027	334028	29	0.8689
chr1	334099	334100	32	0.9085
chr1	334169	334170	33	0.9866
chr1	334247	334248	32	0.6386
chr1	334347	334348	25	0.756
chr1	334421	334422	29	0.7972
chr1	334491	334492	24	0.8258
chr1	334509	334510	35	0.7199
chr1	334583	334584	29	0.8206
chr1	334659	334660	34	0.8888
chr1	334749	334750	25	0.971
chr1	334859	334860	33	0.855
chr1	334889	334890	41	0.8271
chr1	334927	334928	28	0.736
chr1	334977	334978	25	0.6779
chr1	335027	335028	38	0.7476
chr1	335109	335110	31	0.8091
chr1	335209	335210	24	0.9071
chr1	335309	335310	28	0.8619
chr1	335331	335332	23	0.7721
chr1	335553	335554	35	0.8433
chr1	335707	335708	31	0.8231
chr1	335749	335750	38	0.6306
chr1	335759	335760	28	0.8599
chr1	335773	335774	30	0.6738
chr1	335873	335874	41	0.8639
chr1	335973	335974	39	0.7192
chr1	336034	336035	25	0.8091
chr1	336093	336094	32	0.8226
chr1	336193	336194	27	0.8102
chr1	336273	336274	29	0.7168
chr1	336286	336287	32	0.6589
chr1	336657	336658	35	0.763
chr1	336757	336758	26	0.7318
chr1	336827	336828	33	0.8706
chr1	336839	336840	30	0.8669
chr1	337833	337834	27	0.95
chr1	337900	337901	33	0.7966
chr1	337999	338000	27	0.767
chr1	338099	338100	29	0.8541
chr1	338199	338200	15	0.9119
chr1	338254	338255	33	1.0
chr1	338255	338256	36	0.8154
chr1	338363	338364	30	0.7076
chr1	338403	338404	28	0.7832
chr1	338503	338504	24	0.7027
chr1	338627	338628	33	0.8193
chr1	338679	338680	35	0.8449
chr1	338711	338712	31	0.7689
chr1	338725	338726	32	0.8121
chr1	338772	338773	26	0.7493
chr1	338828	338829	29	0.7484
chr1	338895	338896	32	0.7277
chr1	338995	338996	31	0.6883
chr1	339095	339096	27	0.8728
chr1	339177	339178	26	0.7009
chr1	339233	339234	24	0.7533
chr1	339259	339260	29	0.7232
chr1	339359	339360	29	0.9277
chr1	339459	339460	32	0.841
chr1	339559	339560	34	0.6829
chr1	339733	339734	24	0.8782
chr1	339761	339762	33	0.5767
chr1	339791	339792	23	0.9105
chr1	339815	339816	31	0.7796
chr1	339915	339916	32	0.7794
chr1	339995	339996	37	0.5185
chr1	340095	340096	22	0.8335
chr1	340181	340182	28	0.7304
chr1	340281	340282	27	0.8423
chr1	340294	340295	26	0.7631
chr1	340419	340420	23	0.6129
chr1	340519	340520	31	0.7618
chr1	340619	340620	31	0.6652
chr1	340645	340646	40	0.7874
chr1	340689	340690	25	0.7192
chr1	340789	340790	35	0.8287
chr1	340888	340889	28	0.8553
chr1	340938	340939	22	0.7807
chr1	341038	341039	27	0.6203
chr1	341090	341091	23	0.7063
chr1	341190	341191	36	0.798
chr1	341252	341253	35	0.6199
chr1	341532	341533	26	0.912
chr1	341666	341667	27	0.7942
chr1	341744	341745	26	0.6394
chr1	341754	341755	32	0.794
chr1	341770	341771	29	0.4688
chr1	341820	341821	26	0.5921
chr1	341910	341911	23	0.6856
chr1	341960	341961	32	0.6482
chr1	342010	342011	27	0.6902
chr1	342110	342111	21	0.5374
chr1	342210	342211	31	0.9163
chr1	342287	342288	29	0.5538
chr1	342316	342317	30	0.9537
chr1	342437	342438	32	0.7548
chr1	342537	342538	28	0.3502
chr1	342682	342683	28	0.784
chr1	342782	342783	29	0.7643
chr1	342802	342803	29	0.5189
chr1	342823	342824	28	0.6661
chr1	342905	342906	31	0.8351
chr1	343003	343004	37	0.9564
chr1	343056	343057	35	0.7353
chr1	343156	343157	22	0.8709
chr1	343256	343257	25	0.8763
chr1	343296	343297	28	0.82
chr1	343628	343629	22	0.7816
chr1	343638	343639	23	0.832
chr1	343688	343689	31	0.94
chr1	343759	343760	33	0.6143
chr1	343859	343860	33	0.8289
chr1	343959	343960	28	0.4708
chr1	344031	344032	33	0.653
chr1	344094	344095	35	0.4615
chr1	344186	344187	26	0.8723
chr1	344316	344317	36	0.9354
chr1	344416	344417	26	0.8731
chr1	344606	344607	24	0.4355
chr1	344736	344737	29	0.8251
chr1	344750	344751	36	0.7426
chr1	344793	344794	42	1.0
chr1	344843	344844	28	0.9498
chr1	344911	344912	31	0.9314
chr1	344978	344979	31	0.9122
chr1	345033	345034	29	1.0
chr1	345094	345095	16	1.0
chr1	345194	345195	32	0.9702
chr1	345244	345245	26	0.9036
chr1	345258	345259	26	0.8525
chr1	345386	345387	35	0.9758
chr1	345521	345522	26	0.9709
chr1	345621	345622	38	0.9518
chr1	345717	345718	29	0.8636
chr1	345753	345754	31	0.8263
chr1	345853	345854	30	0.4018
chr1	345911	345912	36	0.7316
chr1	345977	345978	36	0.5491
chr1	346027	346028	36	0.7924
chr1	346102	346103	28	0.8597
chr1	346202	346203	31	0.7353
chr1	346209	346210	23	0.4859
chr1	346309	346310	23	0.5951
chr1	346410	346411	36	0.6611
chr1	346631	346632	31	0.8368
chr1	346755	346756	34	0.5825
chr1	346760	346761	26	0.0
chr1	346816	346817	27	0.0492
chr1	346916	346917	30	0.0068
chr1	347008	347009	38	0.1215
chr1	347108	347109	27	0.0008
chr1	347208	347209	34	0.0406
chr1	347230	347231	37	0.0588
chr1	347366	347367	34	0.1036
chr1	347466	347467	35	0.1138
chr1	347566	347567	30	0.0
chr1	347584	347585	30	0.0914
chr1	347740	347741	30	0.1124
chr1	347822	347823	32	0.0
chr1	347916	347917	35	0.0693
chr1	348018	348019	29	0.1385
chr1	348048	348049	24	0.1271
chr1	348064	348065	27	0.0763
chr1	348164	348165	21	0.188
chr1	348264	348265	29	0.0977
chr1	348364	348365	33	0.1011
chr1	348464	348465	27	0.0
chr1	348515	348516	23	0.1407
chr1	348615	348616	29	0.0
chr1	348715	348716	30	0.1324
chr1	348893	348894	26	0.1683
chr1	348939	348940	31	0.0189
chr1	348979	348980	34	0.2016
chr1	348985	348986	28	0.1321
chr1	349084	349085	26	0.1713
chr1	349164	349165	34	0.1814
chr1	349229	349230	28	0.2744
chr1	349320	349321	19	0.3048
chr1	349420	349421	32	0.1807
chr1	349499	349500	28	0.1535
chr1	349618	349619	24	0.3066
chr1	349680	349681	26	0.0483
chr1	349792	349793	31	0.0846
chr1	349862	349863	25	0.1967
chr1	349912	349913	29	0.2779
chr1	349920	349921	20	0.1021
chr1	349950	349951	25	0.1197
chr1	350040	350041	26	0.1012
chr1	350116	350117	28	0.136
chr1	350127	350128	27	0.7669
chr1	350227	350228	35	0.9181
chr1	350327	350328	28	0.8572
chr1	350377	350378	28	0.8117
chr1	350427	350428	34	0.8789
chr1	350519	350520	21	0.7503
chr1	350618	350619	25	0.8489
chr1	350628	350629	25	0.8917
chr1	350960	350961	18	0.9235
chr1	351000	351001	31	0.762
chr1	351023	351024	33	0.8475
chr1	351080	351081	27	0.8102
chr1	351139	351140	28	0.8335
chr1	351191	351192	34	1.0
chr1	351241	351242	28	0.8218
chr1	351341	351342	27	0.7415
chr1	351441	351442	29	0.76
chr1	351541	351542	33	0.7571
chr1	351641	351642	40	0.7355
chr1	351852	351853	20	0.7682
chr1	351898	351899	36	0.9077
chr1	351932	351933	38	0.916
chr1	351958	351959	24	0.9743
chr1	352057	352058	33	0.7993
chr1	352157	352158	32	0.8304
chr1	352246	352247	26	0.8611
chr1	352346	352347	34	0.9585
chr1	352429	352430	24	1.0
chr1	352624	352625	25	1.0
chr1	352743	352744	26	0.9269
chr1	352886	352887	26	0.8511
chr1	352920	352921	33	1.0
chr1	352956	352957	30	0.8505
chr1	352996	352997	24	1.0
chr1	353096	353097	28	0.5358
chr1	353196	353197	27	0.7125
chr1	353273	353274	44	0.9917
chr1	353373	353374	19	0.7751
chr1	353430	353431	32	0.463
chr1	353521	353522	23	1.0
chr1	353621	353622	23	0.7756
chr1	353915	353916	29	0.7712
chr1	354015	354016	30	0.6715
chr1	354059	354060	31	0.9493
chr1	354101	354102	32	0.7657
chr1	354134	354135	27	0.2125
chr1	354234	354235	30	0.1685
chr1	354311	354312	22	0.2307
chr1	354411	354412	28	0.3489
chr1	354511	354512	33	0.4019
chr1	354561	354562	29	0.088
chr1	354630	354631	28	0.1289
chr1	354670	354671	30	0.1313
chr1	354770	354771	25	0.2536
chr1	355147	355148	29	0.269
chr1	355179	355180	29	0.1383
chr1	355197	355198	27	0.1993
chr1	355244	355245	34	0.966
chr1	355329	355330	33	0.7899
chr1	355429	355430	34	0.6235
chr1	355513	355514	26	0.7181
chr1	355613	355614	29	0.7636
chr1	355713	355714	30	0.5831
chr1	355728	355729	33	0.6131
chr1	355917	355918	31	0.8529
chr1	356153	356154	21	0.7708
chr1	356161	356162	24	0.766
chr1	356181	356182	28	0.5439
chr1	356191	356192	25	0.8309
chr1	356270	356271	26	0.7094
chr1	356363	356364	36	0.7709
chr1	356463	356464	33	0.7475
chr1	356563	356564	28	0.7878
chr1	356613	356614	20	0.7638
chr1	356671	356672	25	0.8842
chr1	356786	356787	21	0.7524
chr1	356917	356918	25	0.7951
chr1	357017	357018	28	0.6762
chr1	357117	357118	30	0.7628
chr1	357173	357174	30	0.8238
chr1	357229	357230	29	0.6894
chr1	357271	357272	26	0.6769
chr1	357307	357308	21	0.7347
chr1	357367	357368	24	0.794
chr1	357447	357448	29	0.6505
chr1	357513	357514	34	0.787
chr1	357536	357537	25	0.675
chr1	357636	357637	37	0.637
chr1	357736	357737	32	0.8379
chr1	357817	357818	29	0.9392
chr1	357892	357893	32	0.8456
chr1	357964	357965	26	0.8714
chr1	358000	358001	29	0.7664
chr1	358100	358101	27	0.6656
chr1	358336	358337	22	0.6885
chr1	358436	358437	31	0.7571
chr1	358492	358493	20	0.6937
chr1	358502	358503	31	0.5353
chr1	358602	358603	30	0.7295
chr1	358684	358685	30	0.6993
chr1	358740	358741	36	0.4814
chr1	358840	358841	30	0.6528
chr1	358890	358891	29	0.7017
chr1	358990	358991	27	0.6463
chr1	359004	359005	26	0.485
chr1	359129	359130	22	0.7284
chr1	359505	359506	32	0.4901
chr1	359585	359586	31	0.5015
chr1	359591	359592	30	0.9018
chr1	359641	359642	22	0.9844
chr1	359735	359736	32	0.902
chr1	359787	359788	27	0.9378
chr1	359846	359847	33	0.8844
chr1	359924	359925	21	0.835
chr1	360024	360025	27	0.959
chr1	360078	360079	32	0.7378
chr1	360114	360115	28	0.8254
chr1	360256	360257	27	0.7652
chr1	360376	360377	33	1.0
chr1	360538	360539	23	0.8446
chr1	360634	360635	29	0.856
chr1	360636	360637	30	0.9177
chr1	360714	360715	30	1.0
chr1	360756	360757	26	0.8515
chr1	360858	360859	29	0.7996
chr1	360916	360917	30	0.7297
chr1	360986	360987	24	0.7741
chr1	361017	361018	26	0.1475
chr1	361108	361109	30	0.4172
chr1	361208	361209	29	0.1879
chr1	361308	361309	29	0.186
chr1	361408	361409	27	0.2399
chr1	361452	361453	24	0.1266
chr1	361552	361553	32	0.1833
chr1	361693	361694	34	0.3076
chr1	361801	361802	30	0.1431
chr1	361805	361806	21	0.2162
chr1	361828	361829	26	0.8767
chr1	361878	361879	33	0.8388
chr1	361964	361965	31	0.8453
chr1	362057	362058	31	0.9001
chr1	362131	362132	39	0.8676
chr1	362187	362188	24	0.9226
chr1	362237	362238	31	1.0
chr1	362332	362333	31	1.0
chr1	362362	362363	38	0.988
chr1	362745	362746	33	1.0
chr1	362879	362880	28	0.8951
chr1	362883	362884	22	0.9494
chr1	362889	362890	17	0.9299
chr1	362938	362939	31	0.8706
chr1	363035	363036	33	0.8193
chr1	363085	363086	24	0.7584
chr1	363185	363186	34	0.8738
chr1	363274	363275	36	0.91
chr1	363374	363375	23	0.861
chr1	363414	363415	29	0.6845
chr1	363659	363660	32	0.7852
chr1	363811	363812	34	0.785
chr1	363839	363840	23	0.8456
chr1	363863	363864	29	0.7003
chr1	363916	363917	24	0.8162
chr1	364016	364017	29	0.73
chr1	364116	364117	30	0.6897
chr1	364216	364217	33	0.7886
chr1	364276	364277	27	0.6116
chr1	364376	364377	31	0.7006
chr1	364569	364570	27	0.744
chr1	364589	364590	30	0.6741
chr1	364591	364592	25	0.5307
chr1	364627	364628	39	0.544
chr1	364727	364728	42	0.7013
chr1	364803	364804	17	0.6517
chr1	364853	364854	37	0.7118
chr1	364953	364954	33	0.5402
chr1	365053	365054	25	0.6186
chr1	365121	365122	33	0.8286
chr1	365219	365220	28	0.789
chr1	365481	365482	37	0.7435
chr1	365649	365650	27	0.8174
chr1	365761	365762	26	0.68
chr1	365831	365832	33	0.5864
chr1	365838	365839	28	0.8241
chr1	365938	365939	36	0.5291
chr1	366038	366039	30	0.4471
chr1	366121	366122	38	0.6191
chr1	366221	366222	22	0.6643
chr1	366321	366322	28	0.4955
chr1	366379	366380	38	0.6585
chr1	366775	366776	26	0.7198
chr1	366875	366876	22	0.7776
chr1	366879	366880	37	0.694
chr1	366943	366944	27	0.6448
chr1	367101	367102	24	0.6711
chr1	367233	367234	35	0.7807
chr1	367263	367264	37	0.5266
chr1	367271	367272	38	0.6377
chr1	367319	367320	31	0.7306
chr1	367339	367340	29	0.7379
chr1	367353	367354	34	0.7199
chr1	367363	367364	25	0.8573
chr1	367447	367448	27	0.931
chr1	367547	367548	32	0.8063
chr1	367647	367648	28	0.9177
chr1	367747	367748	35	0.8802
chr1	367802	367803	31	0.6713
chr1	368223	368224	32	0.844
chr1	368295	368296	25	0.7708
chr1	368317	368318	22	0.8332
chr1	368331	368332	24	0.8149
chr1	368509	368510	34	0.867
chr1	368511	368512	19	0.7562
chr1	368539	368540	30	0.9523
chr1	368555	368556	39	0.7743
chr1	368661	368662	37	0.834
chr1	368709	368710	35	0.9462
chr1	368798	368799	35	0.8817
chr1	368898	368899	34	0.8386
chr1	368998	368999	28	0.9412
chr1	369098	369099	27	0.8641
chr1	369198	369199	35	0.9271
chr1	369269	369270	28	0.903
chr1	369388	369389	19	0.7848
chr1	369488	369489	37	0.8244
chr1	369592	369593	32	0.8513
chr1	369692	369693	34	0.9144
chr1	369793	369794	43	0.8419
chr1	369809	369810	34	0.7423
chr1	369815	369816	24	0.8944
chr1	369842	369843	21	0.8205
chr1	369942	369943	29	1.0
chr1	370042	370043	18	0.8569
chr1	370092	370093	26	0.7799
chr1	370192	370193	22	0.7795
chr1	370284	370285	28	0.8422
chr1	370316	370317	36	0.7426
chr1	370416	370417	26	0.8137
chr1	370688	370689	31	0.865
chr1	370718	370719	35	0.7051
chr1	370766	370767	44	0.9035
chr1	370817	370818	37	0.6901
chr1	370917	370918	31	0.7295
chr1	370978	370979	30	0.8968
chr1	371054	371055	33	0.7424
chr1	371113	371114	22	0.8068
chr1	371213	371214	33	0.8047
chr1	371292	371293	33	0.9607
chr1	371392	371393	30	0.7412
chr1	371550	371551	22	0.7592
chr1	371728	371729	24	0.817
chr1	371746	371747	36	0.7515
chr1	371777	371778	27	0.5441
chr1	371877	371878	27	0.446
chr1	371977	371978	31	0.5333
chr1	372077	372078	36	0.4995
chr1	372127	372128	24	0.6687
chr1	372177	372178	36	0.6457
chr1	372229	372230	31	0.5706
chr1	372277	372278	27	0.4864
chr1	373388	373389	27	0.7481
chr1	373481	373482	28	0.7242
chr1	373581	373582	23	0.6208
chr1	373681	373682	38	0.6013
chr1	373781	373782	26	0.7518
chr1	373831	373832	34	0.5316
chr1	373856	373857	36	0.5836
chr1	374032	374033	29	0.7035
chr1	374132	374133	31	0.6527
chr1	374232	374233	36	0.5404
chr1	374284	374285	38	0.5831
chr1	374290	374291	23	0.6946
chr1	374418	374419	29	0.7111
chr1	374436	374437	27	0.7297
chr1	374536	374537	37	0.6582
chr1	374558	374559	26	0.607
chr1	374588	374589	28	0.6011
chr1	374592	374593	25	0.646
chr1	374598	374599	31	0.4669
chr1	374648	374649	25	0.3951
chr1	374748	374749	27	0.7338
chr1	374848	374849	28	0.6431
chr1	374948	374949	29	0.6453
chr1	375048	375049	29	0.5311
chr1	375126	375127	29	0.6025
chr1	375153	375154	33	0.794
chr1	375253	375254	26	0.5144
chr1	375527	375528	23	0.6319
chr1	375627	375628	32	0.5226
chr1	375683	375684	26	0.4735
chr1	375688	375689	24	0.9445
chr1	375781	375782	31	0.9225
chr1	375881	375882	33	0.8503
chr1	375965	375966	31	0.98
chr1	376065	376066	32	0.9067
chr1	376141	376142	36	0.9537
chr1	376531	376532	37	1.0
chr1	376599	376600	33	0.9243
chr1	376639	376640	33	0.9592
chr1	376645	376646	35	0.8529
chr1	376663	376664	33	0.968
chr1	376667	376668	35	0.8812
chr1	376731	376732	35	0.9426
chr1	376791	376792	36	0.7144
chr1	376967	376968	25	0.9718
chr1	377025	377026	27	0.8768
chr1	377033	377034	22	0.8474
chr1	377098	377099	26	0.9164
chr1	377198	377199	21	0.8353
chr1	377298	377299	31	0.8885
chr1	377398	377399	35	0.6465
chr1	377498	377499	28	0.7918
chr1	377527	377528	24	0.7913
chr1	377698	377699	24	0.6808
chr1	377810	377811	32	0.8724
chr1	377910	377911	30	0.7629
chr1	377932	377933	27	0.8596
chr1	377946	377947	21	0.7841
chr1	377984	377985	31	0.8026
chr1	378004	378005	32	0.744
chr1	378204	378205	26	0.859
chr1	378344	378345	36	0.7314
chr1	378376	378377	32	0.7223
chr1	378388	378389	20	0.7981
chr1	378431	378432	35	0.0379
chr1	378505	378506	27	0.1084
chr1	378605	378606	26	0.1687
chr1	378705	378706	30	0.299
chr1	378805	378806	29	0.0678
chr1	378873	378874	32	0.1543
chr1	378907	378908	26	0.0974
chr1	379021	379022	29	0.1817
chr1	379179	379180	27	0.0437
chr1	379227	379228	20	0.0073
chr1	379275	379276	25	0.0907
chr1	379290	379291	29	0.8178
chr1	379340	379341	28	0.7735
chr1	379390	379391	29	0.8584
chr1	379490	379491	30	0.9161
chr1	379540	379541	27	0.8422
chr1	379610	379611	30	0.7819
chr1	379682	379683	31	0.8004
chr1	379767	379768	32	0.7387
chr1	379921	379922	35	0.893
chr1	380173	380174	23	0.6873
chr1	380175	380176	26	0.7816
chr1	380181	380182	30	0.6297
chr1	380210	380211	26	0.5386
chr1	380301	380302	38	0.5219
chr1	380401	380402	30	0.7621
chr1	380501	380502	29	0.4951
chr1	380601	380602	32	0.6504
chr1	380651	380652	36	0.867
chr1	380701	380702	32	0.7294
chr1	380801	380802	42	0.6005
chr1	380825	380826	29	0.6908
chr1	380932	380933	26	0.7256
chr1	381100	381101	26	0.5586
chr1	381279	381280	37	0.6162
chr1	381379	381380	28	0.7079
chr1	381451	381452	25	0.7115
chr1	381461	381462	24	0.6968
chr1	381528	381529	24	0.6149
chr1	381627	381628	27	0.6231
chr1	381727	381728	33	0.5508
chr1	381827	381828	29	0.5655
chr1	381927	381928	30	0.5494
chr1	381968	381969	25	0.6786
chr1	382272	382273	25	0.7008
chr1	382440	382441	31	0.4099
chr1	382524	382525	23	0.5355
chr1	382529	382530	32	0.6238
chr1	382629	382630	30	0.5709
chr1	382729	382730	34	0.7591
chr1	382779	382780	37	0.8036
chr1	382829	382830	28	0.5428
chr1	382908	382909	29	0.7841
chr1	382991	382992	28	0.9377
chr1	383091	383092	25	0.8219
chr1	383242	383243	34	0.7204
chr1	383342	383343	30	0.7346
chr1	383344	383345	34	0.646
chr1	383380	383381	29	0.6418
chr1	383444	383445	29	0.7504
chr1	383546	383547	23	0.9126
chr1	383582	383583	29	0.8081
chr1	383716	383717	12	0.6949
chr1	383720	383721	26	0.7035
chr1	383782	383783	32	0.7501
chr1	383794	383795	26	0.9434
chr1	383811	383812	27	0.8158
chr1	383904	383905	26	0.8853
chr1	383999	384000	34	0.7943
chr1	384089	384090	33	0.7967
chr1	384189	384190	32	0.763
chr1	384289	384290	31	0.6619
chr1	384339	384340	27	0.7402
chr1	384390	384391	29	0.7892
chr1	384665	384666	28	0.7771
chr1	384884	384885	34	0.5982
chr1	384912	384913	34	0.7821
chr1	384940	384941	32	0.5946
chr1	384986	384987	24	0.1331
chr1	385086	385087	29	0.1326
chr1	385161	385162	35	0.1082
chr1	385211	385212	27	0.0586
chr1	385311	385312	39	0.2039
chr1	385411	385412	24	0.1575
chr1	385428	385429	33	0.1187
chr1	385727	385728	37	0.2609
chr1	385775	385776	34	0.0595
chr1	385784	385785	33	0.1156
chr1	385884	385885	23	0.1488
chr1	385979	385980	37	0.2112
chr1	386030	386031	24	0.1621
chr1	386124	386125	30	0.0332
chr1	386224	386225	27	0.0095
chr1	386250	386251	29	0.1455
chr1	386366	386367	29	0.335
chr1	386684	386685	33	0.0097
chr1	386836	386837	34	0.0569
chr1	386872	386873	33	0.0631
chr1	386880	386881	32	0.1753
chr1	386958	386959	33	0.2099
chr1	386970	386971	37	0.0799
chr1	386974	386975	25	0.0963
chr1	387116	387117	31	0.1456
chr1	387137	387138	24	0.1214
chr1	387237	387238	27	0.0893
chr1	387337	387338	36	0.0631
chr1	387437	387438	32	0.1657
chr1	387537	387538	23	0.1621
chr1	387542	387543	31	0.1538
chr1	387673	387674	23	0.1689
chr1	387773	387774	35	0.0224
chr1	387903	387904	20	0.0781
chr1	387923	387924	25	0.0912
chr1	387989	387990	26	0.1
chr1	388009	388010	26	1.0
chr1	388109	388110	21	0.8652
chr1	388191	388192	32	0.6789
chr1	388271	388272	29	0.5162
chr1	388371	388372	26	0.6844
chr1	388421	388422	29	0.5994
chr1	388486	388487	27	0.351
chr1	388561	388562	33	0.8211
chr1	388734	388735	28	1.0
chr1	388848	388849	29	1.0
chr1	388948	388949	26	1.0
chr1	389024	389025	33	0.8347
chr1	389044	389045	26	0.9291
chr1	389105	389106	25	0.8332
chr1	389205	389206	29	0.8344
chr1	389276	389277	30	0.9256
chr1	389376	389377	26	0.707
chr1	389430	389431	33	0.8593
chr1	389515	389516	29	0.756
chr1	389565	389566	31	0.6709
chr1	389584	389585	33	0.8505
chr1	389919	389920	29	0.7626
chr1	389963	389964	28	0.7886
chr1	389991	389992	38	0.9543
chr1	390001	390002	30	0.927
chr1	390095	390096	29	0.6961
chr1	390150	390151	31	0.8503
chr1	390200	390201	27	0.8677
chr1	390274	390275	34	0.7235
chr1	390374	390375	30	0.933
chr1	390474	390475	33	0.7662
chr1	390518	390519	35	0.6812
chr1	390618	390619	35	0.805
chr1	390794	390795	35	0.6204
chr1	391008	391009	27	0.7634
chr1	391026	391027	43	0.7396
chr1	391396	391397	32	0.7886
chr1	391464	391465	30	0.7355
chr1	391488	391489	22	0.7609
chr1	391496	391497	26	0.7054
chr1	391500	391501	32	0.7236
chr1	391510	391511	23	0.6909
chr1	391560	391561	23	0.6518
chr1	391610	391611	29	0.4591
chr1	391708	391709	34	0.6195
chr1	391772	391773	24	0.7434
chr1	391822	391823	35	0.6159
chr1	391922	391923	21	0.5456
chr1	391991	391992	26	0.488
chr1	392310	392311	28	0.5215
chr1	392410	392411	34	0.5687
chr1	392448	392449	36	0.6054
chr1	392622	392623	34	0.6798
chr1	392660	392661	37	0.6251
chr1	392680	392681	17	0.638
chr1	392720	392721	23	0.5394
chr1	392728	392729	37	0.7607
chr1	392792	392793	29	0.6328
chr1	392838	392839	36	0.6372
chr1	392902	392903	28	0.5709
chr1	392931	392932	24	0.6775
chr1	392984	392985	31	0.5673
chr1	393084	393085	29	0.623
chr1	393140	393141	26	0.6799
chr1	393207	393208	32	0.6669
chr1	393257	393258	34	0.6606
chr1	393327	393328	30	0.8368
chr1	393372	393373	25	0.893
chr1	393450	393451	36	0.8071
chr1	393495	393496	28	0.165
chr1	393586	393587	35	1.0
chr1	393686	393687	36	1.0
chr1	393786	393787	30	0.6151
chr1	393886	393887	38	0.4292
chr1	393977	393978	27	0.278
chr1	394273	394274	34	0.298
chr1	394317	394318	33	0.2243
chr1	394357	394358	30	0.6708
chr1	394370	394371	29	0.7942
chr1	394434	394435	22	0.8139
chr1	394534	394535	28	0.7864
chr1	394584	394585	25	0.8028
chr1	394684	394685	32	0.8589
chr1	394784	394785	23	0.702
chr1	394860	394861	23	0.7865
chr1	394869	394870	25	0.7313
chr1	394871	394872	22	0.8029
chr1	394885	394886	36	0.9043
chr1	394913	394914	26	0.5835
chr1	395013	395014	29	0.3874
chr1	395113	395114	30	0.4895
chr1	395213	395214	29	0.5396
chr1	395313	395314	28	0.4925
chr1	395413	395414	16	0.4501
chr1	395454	395455	28	0.5718
chr1	395633	395634	41	0.5618
chr1	395736	395737	33	0.2964
chr1	395887	395888	27	0.2939
chr1	395977	395978	28	0.504
chr1	395979	395980	22	0.4386
chr1	395984	395985	15	0.7139
chr1	396084	396085	25	0.8088
chr1	396134	396135	26	0.794
chr1	396184	396185	29	0.8767
chr1	396272	396273	33	0.7394
chr1	396362	396363	30	0.5683
chr1	396412	396413	27	0.6413
chr1	396423	396424	26	0.6751
chr1	396528	396529	23	0.8445
chr1	396647	396648	29	0.6881
chr1	396806	396807	34	0.7039
chr1	396810	396811	24	0.798
chr1	396892	396893	25	0.5318
chr1	396902	396903	33	0.7057
chr1	396908	396909	38	0.6418
chr1	396980	396981	25	0.7347
chr1	397002	397003	24	0.6975
chr1	397064	397065	32	0.6753
chr1	397198	397199	34	0.7679
chr1	397229	397230	26	0.8437
chr1	397329	397330	31	0.8258
chr1	397411	397412	31	0.6835
chr1	397511	397512	31	0.6609
chr1	397611	397612	32	0.8752
chr1	397675	397676	32	0.939
chr1	397749	397750	38	0.9817
chr1	397849	397850	27	0.7953
chr1	397877	397878	27	0.7818
chr1	397895	397896	32	0.7247
chr1	397937	397938	31	0.5674
chr1	398014	398015	33	0.5634
chr1	398114	398115	36	0.7498
chr1	398214	398215	36	0.6752
chr1	398278	398279	33	0.4141
chr1	398378	398379	30	0.5784
chr1	398464	398465	17	0.6596
chr1	398474	398475	32	0.6048
chr1	398574	398575	26	0.7386
chr1	398674	398675	33	0.5667
chr1	398747	398748	31	0.8047
chr1	398797	398798	31	0.7859
chr1	398897	398898	23	0.9273
chr1	398956	398957	31	0.6635
chr1	398984	398985	28	0.9288
chr1	399229	399230	33	0.7311
chr1	399359	399360	33	0.6488
chr1	399470	399471	22	0.6844
chr1	399560	399561	24	0.6034
chr1	399630	399631	31	0.6801
chr1	399644	399645	29	0.6362
chr1	399652	399653	32	0.7437
chr1	399788	399789	32	0.8123
chr1	399956	399957	27	0.8342
chr1	399983	399984	18	0.7415
chr1	400063	400064	38	0.7437
chr1	400139	400140	26	0.6666
chr1	400205	400206	30	0.7783
chr1	400294	400295	26	0.784
chr1	400344	400345	25	0.6813
chr1	400395	400396	23	0.8109
chr1	400448	400449	39	0.9004
chr1	400548	400549	36	0.8109
chr1	400593	400594	29	0.7084
chr1	400747	400748	38	0.8743
chr1	400847	400848	28	0.8395
chr1	400989	400990	21	0.888
chr1	401089	401090	34	0.7056
chr1	401173	401174	15	0.8806
chr1	401177	401178	31	0.6783
chr1	401182	401183	33	1.0
chr1	401282	401283	25	0.8946
chr1	401382	401383	29	0.8315
chr1	401434	401435	30	0.9552
chr1	401534	401535	32	0.9257
chr1	401634	401635	37	0.9804
chr1	401684	401685	28	0.8247
chr1	401728	401729	27	0.8796
chr1	401846	401847	32	0.7506
chr1	402232	402233	41	0.7216
chr1	402260	402261	20	0.8683
chr1	402276	402277	18	0.8252
chr1	402322	402323	35	0.916
chr1	402352	402353	24	0.8696
chr1	402616	402617	30	0.9092
chr1	402626	402627	28	0.8183
chr1	402644	402645	31	0.8213
chr1	402652	402653	24	0.8017
chr1	402660	402661	24	0.9894
chr1	402688	402689	25	0.692
chr1	402712	402713	24	0.8363
chr1	402742	402743	24	0.8571
chr1	402773	402774	33	0.8708
chr1	402818	402819	38	0.9218
chr1	402836	402837	31	0.8936
chr1	402859	402860	30	0.7643
chr1	402896	402897	21	0.7735
chr1	402941	402942	21	0.7818
chr1	402966	402967	27	0.7796
chr1	402983	402984	36	0.6208
chr1	403017	403018	25	0.8325
chr1	403034	403035	38	0.7491
chr1	403059	403060	31	0.8182
chr1	403109	403110	27	0.7699
chr1	403152	403153	30	0.8501
chr1	403252	403253	28	0.743
chr1	403352	403353	23	0.7515
chr1	403440	403441	27	0.7718
chr1	403540	403541	32	0.7345
chr1	403590	403591	31	0.869
chr1	403654	403655	26	0.8618
chr1	403668	403669	27	0.871
chr1	403804	403805	31	0.8826
chr1	403838	403839	24	0.8664
chr1	403858	403859	35	0.8474
chr1	403908	403909	33	0.8839
chr1	403920	403921	21	0.7768
chr1	403956	403957	35	0.7876
chr1	403961	403962	34	0.0
chr1	404011	404012	27	0.1079
chr1	404073	404074	37	0.0
chr1	404173	404174	25	0.1001
chr1	404273	404274	27	0.1162
chr1	404337	404338	20	0.0
chr1	404387	404388	28	0.0
chr1	404482	404483	30	0.0
chr1	404550	404551	30	0.0263
chr1	404650	404651	21	0.0567
chr1	404872	404873	18	0.0128
chr1	404890	404891	28	0.0814
chr1	404898	404899	29	0.1412
chr1	404920	404921	25	0.1851
chr1	405074	405075	26	0.1385
chr1	405122	405123	32	0.2398
chr1	405192	405193	26	0.1094
chr1	405210	405211	29	0.068
chr1	405330	405331	35	0.1578
chr1	405339	405340	23	0.7708
chr1	405392	405393	38	0.7972
chr1	405492	405493	31	0.8727
chr1	405567	405568	34	0.8657
chr1	405618	405619	24	0.8665
chr1	405673	405674	32	0.8604
chr1	405754	405755	24	0.7523
chr1	405760	405761	21	0.7397
chr1	405860	405861	38	0.7386
chr1	406117	406118	32	0.8802
chr1	406249	406250	27	0.7514
chr1	406267	406268	24	0.6081
chr1	406417	406418	23	0.5429
chr1	406487	406488	31	0.8141
chr1	406503	406504	32	0.5452
chr1	406603	406604	30	0.7221
chr1	406644	406645	36	0.1114
chr1	406744	406745	24	0.2242
chr1	406823	406824	29	0.0675
chr1	406923	406924	32	0.1397
chr1	406973	406974	21	0.1898
chr1	407023	407024	29	0.1271
chr1	407109	407110	31	0.2037
chr1	407169	407170	34	0.0151
chr1	407438	407439	32	0.0671
chr1	407492	407493	35	0.2435
chr1	407524	407525	26	0.3262
chr1	407531	407532	23	0.8147
chr1	407559	407560	34	0.7602
chr1	407588	407589	22	0.73
chr1	407608	407609	19	0.9057
chr1	407650	407651	28	0.9367
chr1	407698	407699	24	0.9595
chr1	407716	407717	35	0.9359
chr1	407731	407732	37	0.8951
chr1	407749	407750	18	0.873
chr1	407789	407790	24	0.9142
chr1	407824	407825	23	0.8827
chr1	407842	407843	30	0.9053
chr1	407862	407863	26	1.0
chr1	407904	407905	26	0.9868
chr1	407954	407955	36	0.9052
chr1	407992	407993	29	0.9905
chr1	408006	408007	31	0.8448
chr1	408097	408098	28	0.9645
chr1	408173	408174	28	0.7997
chr1	408273	408274	21	0.8858
chr1	408356	408357	24	0.8159
chr1	408437	408438	32	0.7916
chr1	408441	408442	28	0.8939
chr1	408553	408554	33	0.9675
chr1	408571	408572	26	0.9062
chr1	408575	408576	34	0.7492
chr1	408909	408910	33	0.7591
chr1	408911	408912	39	0.8453
chr1	408947	408948	37	0.627
chr1	409047	409048	21	0.7252
chr1	409101	409102	28	0.7199
chr1	409189	409190	30	0.5229
chr1	409240	409241	39	0.6355
chr1	409340	409341	37	0.5314
chr1	409425	409426	29	0.4076
chr1	409461	409462	31	0.5795
chr1	409561	409562	34	0.6177
chr1	409672	409673	31	0.5094
chr1	409712	409713	24	0.5914
chr1	409762	409763	24	0.5592
chr1	409790	409791	23	0.5913
chr1	409890	409891	26	0.8192
chr1	409985	409986	30	0.7777
chr1	410085	410086	34	0.7156
chr1	410185	410186	29	0.7416
chr1	410260	410261	31	0.708
chr1	410334	410335	29	0.7113
chr1	410434	410435	31	0.6652
chr1	410589	410590	21	0.7636
chr1	410689	410690	33	0.6327
chr1	410703	410704	19	0.8386
chr1	410705	410706	30	0.8262
chr1	410715	410716	34	0.9477
chr1	410815	410816	32	0.8276
chr1	410915	410916	35	1.0
chr1	411015	411016	28	0.8578
chr1	411102	411103	35	0.9746
chr1	411202	411203	25	0.9735
chr1	411244	411245	39	0.8997
chr1	411614	411615	35	1.0
chr1	411696	411697	23	0.8058
chr1	411814	411815	24	0.9023
chr1	411840	411841	27	0.8611
chr1	411894	411895	33	0.9371
chr1	411920	411921	29	0.8768
chr1	411972	411973	28	0.9841
chr1	411978	411979	33	0.9119
chr1	411984	411985	28	0.8498
chr1	412006	412007	19	0.7598
chr1	412053	412054	26	0.8784
chr1	412153	412154	23	0.8074
chr1	412229	412230	27	0.9284
chr1	412329	412330	25	0.856
chr1	412393	412394	24	0.8462
chr1	412459	412460	29	0.8435
chr1	412559	412560	35	0.8994
chr1	412584	412585	29	0.7276
chr1	412764	412765	23	0.7651
chr1	412866	412867	24	0.8327
chr1	412966	412967	39	0.7892
chr1	413004	413005	24	0.7208
chr1	413030	413031	24	0.7877
chr1	413052	413053	26	0.9566
chr1	413152	413153	22	1.0
chr1	413252	413253	31	1.0
chr1	413326	413327	33	0.9247
chr1	413401	413402	39	0.8114
chr1	413501	413502	37	0.9159
chr1	413575	413576	19	0.8842
chr1	413692	413693	30	0.9164
chr1	413792	413793	27	0.8865
chr1	413899	413900	29	0.9982
chr1	413951	413952	22	0.8221
chr1	413999	414000	28	0.8985
chr1	414008	414009	33	0.9131
chr1	414070	414071	30	0.8373
chr1	414144	414145	37	0.937
chr1	414244	414245	32	0.8619
chr1	414344	414345	27	0.9802
chr1	414394	414395	20	0.8445
chr1	414494	414495	21	0.9586
chr1	414507	414508	31	0.9661
chr1	414660	414661	19	0.9164
chr1	414883	414884	28	0.8643
chr1	414961	414962	19	0.9529
chr1	415015	415016	36	0.8914
chr1	415075	415076	30	0.9349
chr1	415089	415090	28	0.7549
chr1	415119	415120	37	0.9942
chr1	415169	415170	34	0.822
chr1	415203	415204	34	0.9695
chr1	415217	415218	26	0.9039
chr1	415225	415226	37	0.8962
chr1	415233	415234	26	0.7556
chr1	415256	415257	32	0.7359
chr1	415297	415298	33	0.5916
chr1	415344	415345	30	0.8886
chr1	415359	415360	34	0.8277
chr1	415377	415378	27	0.8492
chr1	415407	415408	36	0.7667
chr1	415457	415458	29	0.6985
chr1	415493	415494	27	0.719
chr1	415516	415517	25	0.8137
chr1	415548	415549	34	0.8649
chr1	415588	415589	32	0.8258
chr1	415615	415616	31	0.6093
chr1	415655	415656	32	0.7557
chr1	415677	415678	27	0.8047
chr1	415694	415695	33	0.8924
chr1	415772	415773	40	0.9027
chr1	415865	415866	37	0.7909
chr1	415915	415916	27	0.8507
chr1	416015	416016	32	0.7437
chr1	416115	416116	30	0.5406
chr1	416157	416158	34	0.8256
chr1	416163	416164	29	0.7256
chr1	416263	416264	35	0.8209
chr1	416281	416282	31	0.5788
chr1	416543	416544	23	0.8749
chr1	416557	416558	30	0.9259
chr1	416585	416586	34	0.8734
chr1	416589	416590	25	0.7412
chr1	416623	416624	32	0.7431
chr1	416692	416693	34	0.7961
chr1	416762	416763	28	0.8465
chr1	416812	416813	21	0.7827
chr1	416912	416913	16	0.6986
chr1	417012	417013	30	0.9343
chr1	417062	417063	15	0.8425
chr1	417115	417116	26	0.6719
chr1	417389	417390	22	0.9042
chr1	417391	417392	28	0.8565
chr1	417443	417444	28	0.6675
chr1	417450	417451	30	0.903
chr1	417495	417496	24	0.9694
chr1	417537	417538	29	0.8304
chr1	417587	417588	29	0.9469
chr1	417624	417625	22	0.8867
chr1	417648	417649	27	0.9532
chr1	417696	417697	24	0.8605
chr1	417746	417747	34	0.9758
chr1	417761	417762	35	1.0
chr1	417787	417788	30	0.8837
chr1	417814	417815	33	0.8611
chr1	417835	417836	37	0.9799
chr1	417872	417873	25	0.8249
chr1	417887	417888	26	0.8754
chr1	417937	417938	34	0.9455
chr1	417987	417988	33	0.9908
chr1	418003	418004	21	0.9236
chr1	418005	418006	22	0.8542
chr1	418069	418070	29	0.9918
chr1	418169	418170	23	0.8588
chr1	418269	418270	26	0.9939
chr1	418369	418370	27	0.8625
chr1	418469	418470	25	0.9339
chr1	418526	418527	31	0.8981
chr1	418598	418599	29	0.8784
chr1	418616	418617	26	0.9444
chr1	418732	418733	30	0.9473
chr1	418794	418795	34	0.9657
chr1	418878	418879	34	0.8078
chr1	418954	418955	34	0.9359
chr1	419004	419005	37	0.7417
chr1	419092	419093	35	0.5298
chr1	419190	419191	27	0.8225
chr1	419290	419291	36	0.6476
chr1	419390	419391	21	0.5832
chr1	419490	419491	21	0.7673
chr1	419493	419494	22	0.6841
chr1	419593	419594	31	0.6444
chr1	419786	419787	12	0.6161
chr1	419916	419917	24	0.6919
chr1	419920	419921	32	0.5701
chr1	419928	419929	25	0.2344
chr1	420024	420025	31	0.0704
chr1	420081	420082	29	0.2751
chr1	420181	420182	31	0.3524
chr1	420281	420282	28	0.1582
chr1	420342	420343	30	0.2203
chr1	420403	420404	25	0.2296
chr1	420662	420663	22	0.0495
chr1	420762	420763	35	0.1502
chr1	420826	420827	34	0.2438
chr1	420830	420831	23	0.195
chr1	420832	420833	29	0.2337
chr1	420842	420843	26	0.0323
chr1	420946	420947	31	0.2805
chr1	420980	420981	37	0.3089
chr1	421156	421157	23	0.2176
chr1	421212	421213	29	0.0829
chr1	421214	421215	28	0.2925
chr1	421222	421223	33	0.3795
chr1	421243	421244	33	0.6771
chr1	421335	421336	31	0.4482
chr1	421411	421412	33	0.4658
chr1	421489	421490	34	0.4178
chr1	421539	421540	28	0.691
chr1	421594	421595	32	0.4065
chr1	421657	421658	27	0.7174
chr1	421738	421739	25	0.634
chr1	421801	421802	33	0.6631
chr1	422019	422020	20	0.4692
chr1	422119	422120	28	0.6008
chr1	422313	422314	28	0.6449
chr1	422416	422417	29	0.6673
chr1	422463	422464	32	0.7015
chr1	422563	422564	33	0.7107
chr1	422663	422664	23	0.5648
chr1	422721	422722	25	0.6556
chr1	422821	422822	24	0.6168
chr1	422921	422922	25	0.7095
chr1	422988	422989	29	0.7749
chr1	423088	423089	22	0.7897
chr1	423188	423189	25	0.753
chr1	423254	423255	33	0.7101
chr1	423284	423285	29	0.8469
chr1	423358	423359	38	0.8513
chr1	423408	423409	31	0.7553
chr1	423458	423459	29	0.7557
chr1	423558	423559	33	0.7586
chr1	423636	423637	34	0.7552
chr1	423714	423715	22	0.8305
chr1	423764	423765	34	0.7727
chr1	423864	423865	29	0.9024
chr1	423928	423929	35	0.7453
chr1	424028	424029	24	0.7494
chr1	424128	424129	23	0.9061
chr1	424319	424320	31	0.8811
chr1	424355	424356	28	0.9188
chr1	424389	424390	25	0.7886
chr1	424489	424490	39	0.884
chr1	424589	424590	24	1.0
chr1	424639	424640	34	0.7982
chr1	424739	424740	33	0.9272
chr1	424809	424810	22	0.9898
chr1	424855	424856	38	0.9874
chr1	425015	425016	35	0.9026
chr1	425234	425235	28	0.9693
chr1	425264	425265	29	0.9076
chr1	425270	425271	40	0.8417
chr1	425370	425371	30	0.8664
chr1	425433	425434	33	0.7573
chr1	425533	425534	28	0.8205
chr1	425633	425634	31	0.9524
chr1	425715	425716	41	0.967
chr1	425883	425884	38	1.0
chr1	425983	425984	30	0.9435
chr1	426155	426156	31	0.9152
chr1	426369	426370	32	0.8588
chr1	426387	426388	26	1.0
chr1	426475	426476	19	0.9987
chr1	426499	426500	26	0.8571
chr1	426507	426508	31	0.8685
chr1	426565	426566	32	0.8418
chr1	426607	426608	30	0.9595
chr1	426649	426650	35	0.8337
chr1	426749	426750	32	0.8837
chr1	426799	426800	31	0.7808
chr1	426878	426879	26	0.7687
chr1	426970	426971	30	0.8385
chr1	427057	427058	24	0.7363
chr1	427092	427093	29	0.8132
chr1	427212	427213	34	0.9373
chr1	427312	427313	26	0.7462
chr1	427412	427413	29	0.7704
chr1	427528	427529	32	0.8083
chr1	427570	427571	26	0.7757
chr1	427600	427601	28	0.7132
chr1	427613	427614	35	0.2623
chr1	427713	427714	33	0.2161
chr1	427813	427814	25	0.265
chr1	427864	427865	30	0.3397
chr1	427914	427915	23	0.2377
chr1	428014	428015	34	0.1913
chr1	428114	428115	28	0.384
chr1	428154	428155	31	0.3213
chr1	428588	428589	28	0.1821
chr1	428648	428649	29	0.487
chr1	428670	428671	35	0.3922
chr1	428680	428681	32	0.119
chr1	428748	428749	30	0.1802
chr1	428805	428806	28	0.2954
chr1	428861	428862	31	0.0795
chr1	428961	428962	21	0.1973
chr1	429061	429062	31	0.1035
chr1	429123	429124	30	0.1823
chr1	429314	429315	36	0.1251
chr1	429487	429488	31	0.0
chr1	429535	429536	30	0.1936
chr1	429537	429538	27	0.0945
chr1	429561	429562	32	0.0576
chr1	429575	429576	36	0.1516
chr1	429583	429584	36	0.1357
chr1	429695	429696	31	0.0215
chr1	429797	429798	24	0.102
chr1	429801	429802	30	0.0998
chr1	429865	429866	33	0.1712
chr1	429881	429882	29	0.1742
chr1	429918	429919	33	0.7737
chr1	430018	430019	32	0.7509
chr1	430118	430119	37	0.6893
chr1	430218	430219	25	0.7191
chr1	430312	430313	28	0.5874
chr1	430412	430413	25	0.9207
chr1	430425	430426	22	0.6616
chr1	430525	430526	30	0.6464
chr1	430673	430674	32	0.6294
chr1	430816	430817	27	0.7904
chr1	430916	430917	35	0.5313
chr1	430918	430919	33	0.7542
chr1	430934	430935	29	0.5277
chr1	430946	430947	21	0.7124
chr1	431046	431047	35	0.6292
chr1	431122	431123	28	0.534
chr1	431222	431223	38	0.8371
chr1	431322	431323	31	0.7909
chr1	431422	431423	25	0.7261
chr1	431503	431504	37	0.6128
chr1	431646	431647	26	0.6874
chr1	431746	431747	26	0.5632
chr1	432040	432041	36	0.5523
chr1	432080	432081	22	0.7372
chr1	432130	432131	24	0.6467
chr1	432152	432153	34	0.8209
chr1	432252	432253	27	0.9918
chr1	432305	432306	37	0.4416
chr1	432405	432406	28	0.8108
chr1	432505	432506	32	0.362
chr1	432587	432588	21	0.6432
chr1	432631	432632	32	0.228
chr1	432855	432856	21	0.6482
chr1	432993	432994	24	1.0
chr1	433039	433040	26	0.7912
chr1	433056	433057	31	0.8054
chr1	433156	433157	24	0.8846
chr1	433226	433227	29	0.6995
chr1	433286	433287	21	0.6565
chr1	433386	433387	30	0.7785
chr1	433486	433487	26	0.8133
chr1	433536	433537	37	0.7475
chr1	433558	433559	31	0.8577
chr1	433759	433760	33	0.6864
chr1	433859	433860	26	0.7649
chr1	433901	433902	26	0.8374
chr1	433943	433944	24	0.8529
chr1	433978	433979	36	0.1035
chr1	434078	434079	31	0.1047
chr1	434178	434179	24	0.1226
chr1	434260	434261	31	0.0881
chr1	434360	434361	29	0.0558
chr1	434460	434461	33	0.0923
chr1	434474	434475	24	0.2566
chr1	434694	434695	29	0.1305
chr1	434864	434865	27	0.1347
chr1	434884	434885	33	0.1777
chr1	434944	434945	25	0.0948
chr1	434949	434950	22	0.8082
chr1	435022	435023	35	0.7109
chr1	435122	435123	32	0.9045
chr1	435209	435210	24	0.7527
chr1	435309	435310	32	0.902
chr1	435379	435380	33	0.5757
chr1	435456	435457	26	0.8968
chr1	435847	435848	25	0.8655
chr1	435887	435888	29	0.9029
chr1	436075	436076	23	0.8617
chr1	436155	436156	27	0.7783
chr1	436305	436306	31	0.7857
chr1	436311	436312	29	0.9573
chr1	436326	436327	34	0.7375
chr1	436426	436427	31	0.8096
chr1	436526	436527	34	0.8288
chr1	436585	436586	25	0.6495
chr1	436635	436636	28	0.7182
chr1	436735	436736	33	0.8151
chr1	436821	436822	26	0.8374
chr1	436921	436922	34	0.7706
chr1	437021	437022	27	0.7217
chr1	437115	437116	35	0.5655
chr1	437117	437118	25	0.6014
chr1	437126	437127	26	0.6713
chr1	437153	437154	31	0.59
chr1	437169	437170	30	0.7074
chr1	437199	437200	25	0.6826
chr1	437214	437215	32	0.57
chr1	437229	437230	28	0.6249
chr1	437253	437254	28	0.688
chr1	437290	437291	34	0.6633
chr1	437333	437334	25	0.5211
chr1	437381	437382	28	0.5296
chr1	437404	437405	27	0.4781
chr1	437448	437449	30	0.6203
chr1	437473	437474	31	0.5067
chr1	437523	437524	43	0.5074
chr1	437560	437561	25	0.6473
chr1	437593	437594	31	0.5569
chr1	437608	437609	37	0.6897
chr1	437642	437643	31	0.6722
chr1	437742	437743	28	0.767
chr1	437831	437832	29	0.5673
chr1	437931	437932	37	0.6297
chr1	438015	438016	21	0.6865
chr1	438115	438116	31	0.7087
chr1	438209	438210	34	0.7292
chr1	438233	438234	41	0.6749
chr1	438281	438282	26	0.6679
chr1	438311	438312	30	0.4429
chr1	438337	438338	29	0.772
chr1	438375	438376	34	0.7236
chr1	438385	438386	28	0.6841
chr1	438451	438452	35	0.5166
chr1	438475	438476	35	0.7057
chr1	438512	438513	33	0.6507
chr1	438570	438571	26	0.756
chr1	438629	438630	30	0.6927
chr1	438729	438730	32	0.7061
chr1	438796	438797	30	0.7846
chr1	438896	438897	22	0.8685
chr1	438987	438988	29	0.7339
chr1	439037	439038	30	0.7093
chr1	439091	439092	30	0.7849
chr1	439205	439206	28	0.8092
chr1	439403	439404	22	0.747
chr1	439551	439552	31	0.8316
chr1	439563	439564	35	0.6755
chr1	439589	439590	33	0.7079
chr1	439619	439620	31	0.6507
chr1	439679	439680	32	0.7234
chr1	439729	439730	27	0.6287
chr1	439829	439830	27	0.7043
chr1	439888	439889	31	0.6081
chr1	439988	439989	25	0.6903
chr1	440013	440014	31	0.7133
chr1	440176	440177	37	0.7115
chr1	440276	440277	35	0.7574
chr1	440298	440299	33	0.6821
chr1	440312	440313	26	0.7483
chr1	440341	440342	30	0.6633
chr1	440441	440442	28	0.7832
chr1	440538	440539	30	0.7439
chr1	440627	440628	31	0.8776
chr1	440717	440718	25	0.7492
chr1	440817	440818	31	0.847
chr1	440843	440844	30	0.7807
chr1	440989	440990	36	0.721
chr1	441089	441090	21	0.6496
chr1	441189	441190	29	0.6626
chr1	441289	441290	22	0.7074
chr1	441383	441384	32	0.813
chr1	441424	441425	25	0.7555
chr1	441524	441525	22	0.8169
chr1	441624	441625	16	0.5097
chr1	441707	441708	31	0.7751
chr1	441807	441808	29	0.6774
chr1	441853	441854	38	0.8069
chr1	441903	441904	22	0.8149
chr1	441919	441920	24	0.7797
chr1	441932	441933	28	0.7096
chr1	442032	442033	28	0.9489
chr1	442132	442133	27	0.9538
chr1	442217	442218	31	0.7669
chr1	442317	442318	31	0.6808
chr1	442345	442346	34	0.8699
chr1	442415	442416	25	0.783
chr1	442421	442422	29	0.8738
chr1	442442	442443	28	0.6907
chr1	442458	442459	25	0.826
chr1	442478	442479	33	0.829
chr1	442493	442494	27	0.9173
chr1	442508	442509	31	0.9602
chr1	442531	442532	27	0.7808
chr1	442546	442547	25	0.8829
chr1	442584	442585	28	0.8836
chr1	442611	442612	34	0.9228
chr1	442627	442628	30	0.6991
chr1	442674	442675	31	0.8355
chr1	442689	442690	27	0.9893
chr1	442724	442725	25	0.8635
chr1	442774	442775	30	0.8921
chr1	442783	442784	26	0.7065
chr1	442856	442857	28	0.8993
chr1	442956	442957	35	0.9256
chr1	443006	443007	32	0.6738
chr1	443094	443095	29	0.9722
chr1	443106	443107	29	0.8724
chr1	443158	443159	24	0.8705
chr1	443174	443175	29	0.8526
chr1	443198	443199	29	0.9585
chr1	443268	443269	31	0.8849
chr1	443302	443303	21	0.9552
chr1	443314	443315	38	0.7199
chr1	443420	443421	44	0.785
chr1	443456	443457	22	0.9521
chr1	443482	443483	32	0.7785
chr1	443487	443488	25	0.7074
chr1	443587	443588	30	0.9228
chr1	443687	443688	35	0.6581
chr1	443787	443788	30	0.6861
chr1	443887	443888	16	0.8459
chr1	443983	443984	25	0.7115
chr1	444087	444088	29	0.7382
chr1	444187	444188	18	0.9501
chr1	444462	444463	36	0.7872
chr1	444534	444535	30	0.8731
chr1	444744	444745	29	0.7111
chr1	444872	444873	36	0.7916
chr1	444898	444899	32	0.8996
chr1	444900	444901	31	0.7485
chr1	444926	444927	21	0.6952
chr1	444965	444966	27	0.8628
chr1	445065	445066	30	0.9184
chr1	445165	445166	35	0.8796
chr1	445247	445248	29	0.7013
chr1	445347	445348	33	0.8106
chr1	445447	445448	28	0.9262
chr1	445497	445498	37	0.834
chr1	445661	445662	26	0.7886
chr1	445761	445762	33	0.7376
chr1	445861	445862	28	0.757
chr1	446002	446003	34	0.878
chr1	446100	446101	32	0.8709
chr1	446102	446103	25	0.6918
chr1	446111	446112	33	0.8232
chr1	446211	446212	27	0.8275
chr1	446261	446262	36	0.9175
chr1	446361	446362	29	0.8911
chr1	446461	446462	33	0.8338
chr1	446546	446547	20	0.8188
chr1	446622	446623	27	0.7954
chr1	446940	446941	31	0.9621
chr1	447074	447075	29	0.7985
chr1	447078	447079	26	0.8129
chr1	447160	447161	39	0.8292
chr1	447184	447185	29	0.7866
chr1	447222	447223	32	0.7211
chr1	447246	447247	25	0.8494
chr1	447336	447337	36	0.856
chr1	447344	447345	26	0.9183
chr1	447362	447363	28	0.1004
chr1	447462	447463	35	0.13
chr1	447527	447528	28	0.1384
chr1	447577	447578	24	0.19
chr1	447677	447678	34	0.0369
chr1	447765	447766	28	0.2537
chr1	447856	447857	24	0.0
chr1	447996	447997	25	0.0583
chr1	448096	448097	29	0.1841
chr1	448197	448198	35	0.0869
chr1	448265	448266	28	0.1251
chr1	448283	448284	35	0.2338
chr1	448294	448295	38	0.736
chr1	448394	448395	15	0.8895
chr1	448472	448473	30	0.8397
chr1	448572	448573	16	0.9164
chr1	448652	448653	32	0.6727
chr1	448729	448730	34	0.9497
chr1	448795	448796	32	0.7288
chr1	448804	448805	31	0.8678
chr1	449015	449016	31	0.8818
chr1	449220	449221	25	0.8971
chr1	449316	449317	31	0.7961
chr1	449339	449340	37	0.1301
chr1	449439	449440	34	0.2072
chr1	449539	449540	38	0.2637
chr1	449630	449631	23	0.0798
chr1	449692	449693	31	0.34
chr1	449792	449793	33	0.1616
chr1	449825	449826	28	0.1668
chr1	450158	450159	32	0.0
chr1	450178	450179	20	0.2369
chr1	450206	450207	22	0.104
chr1	450250	450251	31	0.8191
chr1	450350	450351	23	0.8181
chr1	450439	450440	24	0.7289
chr1	450509	450510	32	0.7865
chr1	450572	450573	36	0.8558
chr1	450659	450660	25	0.6339
chr1	450709	450710	13	0.5815
chr1	450729	450730	30	0.5137
chr1	450829	450830	36	0.5871
chr1	450861	450862	29	0.5833
chr1	450892	450893	31	0.7089
chr1	450942	450943	33	0.6848
chr1	451037	451038	25	0.8348
chr1	451137	451138	31	0.6453
chr1	451204	451205	23	0.928
chr1	451300	451301	41	0.6405
chr1	451400	451401	32	0.7258
chr1	451429	451430	33	0.7807
chr1	451754	451755	23	0.6342
chr1	451854	451855	19	0.8161
chr1	451862	451863	28	0.6444
chr1	451871	451872	23	0.7408
chr1	451971	451972	23	0.7907
chr1	452049	452050	29	0.8664
chr1	452149	452150	27	0.9896
chr1	452239	452240	34	0.887
chr1	452317	452318	18	0.94
chr1	452407	452408	33	0.9114
chr1	452410	452411	28	0.9502
chr1	452910	452911	32	0.8102
chr1	452944	452945	38	0.7864
chr1	453014	453015	25	0.8491
chr1	453022	453023	21	0.8783
chr1	453164	453165	23	0.8019
chr1	453356	453357	24	0.8951
chr1	453376	453377	37	0.7553
chr1	453476	453477	23	0.7899
chr1	453576	453577	28	0.3587
chr1	453626	453627	27	0.7766
chr1	453726	453727	28	0.8267
chr1	453794	453795	29	0.7259
chr1	453844	453845	25	0.5994
chr1	453878	453879	39	0.6542
chr1	453978	453979	34	0.7804
chr1	454232	454233	25	0.801
chr1	454394	454395	39	0.7667
chr1	454425	454426	34	0.7354
chr1	454525	454526	31	0.9825
chr1	454592	454593	27	0.9278
chr1	454692	454693	26	0.9651
chr1	454792	454793	34	0.8554
chr1	454892	454893	23	0.963
chr1	454945	454946	22	0.9643
chr1	455433	455434	27	0.9762
chr1	455457	455458	29	0.8947
chr1	455465	455466	30	0.9074
chr1	455471	455472	30	0.5362
chr1	455571	455572	25	0.4875
chr1	455671	455672	29	0.7147
chr1	455727	455728	30	0.5975
chr1	455777	455778	24	0.6505
chr1	455838	455839	30	0.7221
chr1	455925	455926	35	0.5747
chr1	456343	456344	32	0.7198
chr1	456347	456348	29	0.7812
chr1	456361	456362	32	0.6338
chr1	456423	456424	25	0.7189
chr1	456539	456540	31	0.719
chr1	456653	456654	30	0.6801
chr1	456767	456768	30	0.6727
chr1	456797	456798	23	0.7998
chr1	456812	456813	32	0.0955
chr1	456912	456913	21	0.3004
chr1	457012	457013	18	0.2106
chr1	457112	457113	26	0.3628
chr1	457212	457213	28	0.176
chr1	457274	457275	29	0.2497
chr1	457499	457500	31	0.1794
chr1	457567	457568	35	0.2644
chr1	457587	457588	38	0.8067
chr1	457676	457677	32	1.0
chr1	457740	457741	34	0.9264
chr1	457790	457791	26	0.7302
chr1	457890	457891	28	0.7244
chr1	457990	457991	31	0.8606
chr1	458090	458091	31	0.7826
chr1	458146	458147	23	0.8059
chr1	458246	458247	30	0.8349
chr1	458476	458477	34	0.8049
chr1	458576	458577	37	0.8844
chr1	458608	458609	32	0.8578
chr1	458617	458618	28	0.7875
chr1	458667	458668	34	0.8705
chr1	458767	458768	30	0.8385
chr1	458867	458868	26	0.7077
chr1	458940	458941	33	0.9198
chr1	459040	459041	29	0.8894
chr1	459116	459117	30	0.7998
chr1	459132	459133	27	0.8904
chr1	459334	459335	30	0.8343
chr1	459346	459347	27	0.7226
chr1	459460	459461	33	0.8136
chr1	459498	459499	31	0.9079
chr1	459608	459609	24	0.9445
chr1	459612	459613	40	0.7738
chr1	459652	459653	18	0.9008
chr1	459706	459707	31	0.751
chr1	459728	459729	25	0.9945
chr1	459781	459782	29	1.0
chr1	459881	459882	24	0.9772
chr1	459981	459982	25	1.0
chr1	460032	460033	31	0.98
chr1	460132	460133	18	0.9341
chr1	460212	460213	34	0.9982
chr1	460357	460358	24	0.983
chr1	460568	460569	32	1.0
chr1	460668	460669	26	0.8262
chr1	460713	460714	32	0.742
chr1	460791	460792	27	0.5848
chr1	460891	460892	39	0.6357
chr1	460991	460992	33	0.6581
chr1	461091	461092	33	0.7825
chr1	461154	461155	37	0.7047
chr1	461224	461225	22	0.6237
chr1	461474	461475	26	0.6067
chr1	461733	461734	33	0.4487
chr1	461735	461736	26	0.6764
chr1	461761	461762	29	0.0656
chr1	461861	461862	26	0.0774
chr1	461953	461954	33	0.0128
chr1	462012	462013	27	0.0943
chr1	462112	462113	30	0.0583
chr1	462212	462213	30	0.0394
chr1	462273	462274	34	0.1217
chr1	462373	462374	31	0.0768
chr1	462620	462621	27	0.0135
chr1	462720	462721	37	0.1664
chr1	462766	462767	35	0.1084
chr1	462790	462791	18	0.1434
chr1	462799	462800	31	0.9438
chr1	462885	462886	34	0.9011
chr1	462939	462940	20	0.8663
chr1	463025	463026	26	0.9843
chr1	463099	463100	23	0.6937
chr1	463199	463200	29	0.8885
chr1	463272	463273	23	0.935
chr1	463338	463339	40	0.9107
chr1	463438	463439	26	0.8826
chr1	463662	463663	26	0.972
chr1	463762	463763	22	0.9751
chr1	463862	463863	36	0.8483
chr1	463874	463875	27	0.8945
chr1	463988	463989	20	0.859
chr1	463998	463999	34	0.9229
chr1	464136	464137	30	0.9357
chr1	464152	464153	29	0.9198
chr1	464162	464163	32	0.8189
chr1	464167	464168	30	0.8713
chr1	464217	464218	33	0.9638
chr1	464241	464242	24	0.6667
chr1	464261	464262	39	0.7017
chr1	464293	464294	33	0.7753
chr1	464314	464315	28	0.7609
chr1	464335	464336	20	0.6746
chr1	464372	464373	35	0.8481
chr1	464421	464422	37	0.7755
chr1	464459	464460	32	0.8135
chr1	464478	464479	34	0.8619
chr1	464510	464511	29	0.8712
chr1	464560	464561	24	0.6565
chr1	464584	464585	25	0.8851
chr1	464599	464600	26	0.7388
chr1	464614	464615	33	0.8574
chr1	464664	464665	37	0.8274
chr1	464681	464682	23	0.8566
chr1	464696	464697	26	0.7906
chr1	464712	464713	34	0.8158
chr1	464728	464729	20	0.7057
chr1	464828	464829	22	0.7296
chr1	464928	464929	36	0.8693
chr1	465028	465029	26	0.8329
chr1	465128	465129	35	0.7439
chr1	465206	465207	21	0.754
chr1	465274	465275	25	0.6683
chr1	465350	465351	24	0.7093
chr1	465508	465509	28	0.7786
chr1	465526	465527	33	0.8667
chr1	465584	465585	30	0.9083
chr1	465618	465619	25	0.7635
chr1	465620	465621	33	0.7228
chr1	465724	465725	35	0.7261
chr1	465748	465749	30	0.7397
chr1	465754	465755	35	0.8013
chr1	465842	465843	34	0.7307
chr1	465942	465943	36	0.7139
chr1	465992	465993	24	0.7695
chr1	466042	466043	30	0.8472
chr1	466142	466143	29	0.5467
chr1	466242	466243	33	0.5998
chr1	466259	466260	27	0.6565
chr1	466420	466421	26	0.8793
chr1	466656	466657	24	0.8114
chr1	466660	466661	31	0.8561
chr1	466838	466839	34	0.6735
chr1	466866	466867	26	0.7878
chr1	466868	466869	26	0.747
chr1	466972	466973	25	0.6943
chr1	466986	466987	25	0.8055
chr1	467058	467059	33	0.8595
chr1	467081	467082	27	0.8488
chr1	467135	467136	24	0.6112
chr1	467229	467230	28	0.3547
chr1	467328	467329	27	0.7075
chr1	467428	467429	34	0.5359
chr1	467478	467479	32	0.4348
chr1	467552	467553	41	0.6745
chr1	467591	467592	23	0.9204
chr1	467691	467692	27	0.5365
chr1	467976	467977	28	0.5517
chr1	468108	468109	30	0.8061
chr1	468130	468131	32	0.9131
chr1	468230	468231	31	0.8636
chr1	468330	468331	25	0.9878
chr1	468427	468428	36	0.8249
chr1	468513	468514	38	0.8286
chr1	468582	468583	38	0.8361
chr1	468682	468683	28	1.0
chr1	468782	468783	21	0.7817
chr1	468892	468893	32	0.8294
chr1	469027	469028	31	0.8311
chr1	469111	469112	26	0.8809
chr1	469152	469153	30	0.7724
chr1	469252	469253	30	0.8446
chr1	469302	469303	29	0.8276
chr1	469396	469397	31	0.9263
chr1	469495	469496	30	0.8256
chr1	469545	469546	24	0.8159
chr1	469606	469607	40	0.7841
chr1	469818	469819	28	0.865
chr1	469918	469919	29	0.7535
chr1	469955	469956	26	0.8191
chr1	470055	470056	32	0.8502
chr1	470155	470156	30	0.7264
chr1	470255	470256	29	0.9341
chr1	470355	470356	19	0.9312
chr1	470455	470456	31	0.8599
chr1	470497	470498	32	0.9706
chr1	470678	470679	31	0.9958
chr1	470778	470779	26	0.8801
chr1	470934	470935	28	0.7478
chr1	470966	470967	20	0.8791
chr1	470973	470974	30	0.8039
chr1	471073	471074	38	0.7711
chr1	471144	471145	30	0.687
chr1	471228	471229	37	0.8319
chr1	471328	471329	32	0.891
chr1	471410	471411	43	0.8415
chr1	471676	471677	34	0.8162
chr1	471776	471777	34	0.813
chr1	471802	471803	39	0.782
chr1	471844	471845	24	0.7686
chr1	471860	471861	19	0.7056
chr1	472016	472017	36	0.8224
chr1	472122	472123	31	0.6674
chr1	472168	472169	26	0.6871
chr1	472230	472231	33	0.8208
chr1	472245	472246	29	0.799
chr1	472345	472346	30	0.8116
chr1	472404	472405	34	0.677
chr1	472504	472505	36	0.5621
chr1	472604	472605	35	0.8721
chr1	472674	472675	22	0.7092
chr1	472767	472768	28	0.8639
chr1	472827	472828	21	0.91
chr1	473195	473196	24	0.8626
chr1	473360	473361	28	0.6047
chr1	473386	473387	20	0.7776
chr1	473436	473437	24	0.7984
chr1	473446	473447	24	0.6086
chr1	473496	473497	28	0.6217
chr1	473596	473597	31	0.5567
chr1	473646	473647	30	0.5967
chr1	473696	473697	35	0.504
chr1	473796	473797	41	0.6658
chr1	473896	473897	36	0.4979
chr1	473919	473920	35	0.5592
chr1	474070	474071	32	0.4682
chr1	474320	474321	40	0.4397
chr1	474344	474345	31	0.5552
chr1	474508	474509	23	0.6673
chr1	474526	474527	20	0.6869
chr1	474622	474623	26	0.4788
chr1	474782	474783	34	0.5342
chr1	474796	474797	26	0.605
chr1	474896	474897	34	0.6925
chr1	474946	474947	23	0.6089
chr1	475046	475047	30	0.8326
chr1	475146	475147	35	0.7763
chr1	475246	475247	35	0.7681
chr1	475270	475271	35	0.7426
chr1	475531	475532	34	0.5854
chr1	475553	475554	27	0.7098
chr1	475577	475578	27	0.0
chr1	475657	475658	26	0.2908
chr1	475757	475758	26	0.448
chr1	475807	475808	31	0.1786
chr1	475877	475878	27	0.0
chr1	475977	475978	28	0.0
chr1	475978	475979	33	0.0
chr1	476341	476342	35	0.0
chr1	476359	476360	37	0.0
chr1	476403	476404	40	0.7023
chr1	476503	476504	31	0.7527
chr1	476603	476604	27	0.7604
chr1	476700	476701	45	0.7617
chr1	476765	476766	37	0.7023
chr1	476849	476850	32	0.6141
chr1	476907	476908	34	0.9184
chr1	477029	477030	34	0.6831
chr1	477061	477062	30	0.5232
chr1	477068	477069	33	0.8641
chr1	477168	477169	24	0.98
chr1	477243	477244	35	0.7309
chr1	477319	477320	28	0.7639
chr1	477371	477372	27	0.6865
chr1	477471	477472	25	0.6169
chr1	477531	477532	33	0.5921
chr1	477583	477584	22	0.7925
chr1	478036	478037	34	0.616
chr1	478042	478043	28	0.7291
chr1	478048	478049	20	0.8128
chr1	478074	478075	32	0.6839
chr1	478274	478275	40	0.6944
chr1	478318	478319	28	0.5908
chr1	478374	478375	34	0.7324
chr1	478458	478459	29	0.589
chr1	478477	478478	21	0.1998
chr1	478577	478578	30	0.2547
chr1	478677	478678	37	0.2353
chr1	478777	478778	34	0.1172
chr1	478867	478868	34	0.141
chr1	478967	478968	13	0.2429
chr1	478970	478971	31	0.1232
chr1	479181	479182	39	0.4323
chr1	479344	479345	34	0.2683
chr1	479444	479445	33	0.4005
chr1	479472	479473	37	0.2578
chr1	479484	479485	29	0.3617
chr1	479492	479493	30	0.6994
chr1	479508	479509	20	0.6963
chr1	479554	479555	23	0.5628
chr1	479604	479605	30	0.4369
chr1	479623	479624	27	0.5955
chr1	479638	479639	32	0.6606
chr1	479688	479689	26	0.6713
chr1	479707	479708	26	0.6371
chr1	479740	479741	24	0.6667
chr1	479790	479791	27	0.5624
chr1	479808	479809	34	0.488
chr1	479875	479876	21	0.7209
chr1	479913	479914	32	0.8311
chr1	479963	479964	35	0.6621
chr1	479988	479989	22	0.605
chr1	480027	480028	31	0.62
chr1	480127	480128	31	0.5902
chr1	480227	480228	30	0.5871
chr1	480277	480278	24	0.672
chr1	480377	480378	33	0.5216
chr1	480466	480467	31	0.6389
chr1	480539	480540	27	0.8166
chr1	480637	480638	30	0.5982
chr1	480809	480810	42	0.5036
chr1	480829	480830	26	0.6689
chr1	480915	480916	29	0.6504
chr1	480941	480942	32	0.6076
chr1	481031	481032	23	0.7143
chr1	481072	481073	31	0.8992
chr1	481172	481173	36	0.7268
chr1	481235	481236	20	0.7436
chr1	481285	481286	27	0.6324
chr1	481385	481386	24	0.5831
chr1	481485	481486	23	0.7763
chr1	481541	481542	24	0.51
chr1	481599	481600	25	0.7634
chr1	481790	481791	31	0.9115
chr1	481914	481915	34	0.6624
chr1	481994	481995	26	0.5615
chr1	481996	481997	29	0.668
chr1	482017	482018	33	0.7179
chr1	482117	482118	26	0.6493
chr1	482217	482218	18	0.7316
chr1	482317	482318	29	0.9038
chr1	482417	482418	33	0.8217
chr1	482433	482434	25	0.7486
chr1	482533	482534	32	0.7157
chr1	482656	482657	22	0.7212
chr1	482793	482794	30	0.7547
chr1	482813	482814	28	0.756
chr1	482839	482840	37	0.8855
chr1	482853	482854	22	0.7178
chr1	482945	482946	32	0.845
chr1	483011	483012	21	0.6692
chr1	483095	483096	30	0.63
chr1	483145	483146	35	0.6817
chr1	483206	483207	34	0.8142
chr1	483306	483307	31	0.6629
chr1	483361	483362	24	0.8838
chr1	483564	483565	32	0.851
chr1	483778	483779	25	0.8202
chr1	483848	483849	41	0.8234
chr1	483857	483858	26	0.8249
chr1	483878	483879	28	0.7649
chr1	483893	483894	33	0.589
chr1	483908	483909	24	0.6572
chr1	483948	483949	26	0.8326
chr1	483963	483964	26	0.7471
chr1	484009	484010	33	0.7793
chr1	484057	484058	29	0.9191
chr1	484072	484073	38	0.7121
chr1	484095	484096	31	0.6478
chr1	484145	484146	42	0.9408
chr1	484175	484176	25	0.6039
chr1	484204	484205	29	0.7233
chr1	484254	484255	23	0.7286
chr1	484269	484270	30	0.8919
chr1	484319	484320	32	0.8325
chr1	484348	484349	32	0.7391
chr1	484363	484364	16	0.5486
chr1	484364	484365	29	0.8187
chr1	484414	484415	35	0.8643
chr1	484493	484494	32	0.6525
chr1	484577	484578	38	0.7622
chr1	484677	484678	22	0.5823
chr1	484777	484778	36	0.6948
chr1	484843	484844	36	0.6521
chr1	484863	484864	28	0.7177
chr1	484909	484910	27	0.724
chr1	485005	485006	24	0.7803
chr1	485101	485102	30	0.8803
chr1	485119	485120	18	0.7166
chr1	485175	485176	20	0.6821
chr1	485183	485184	28	0.9185
chr1	485212	485213	41	0.8815
chr1	485312	485313	33	0.7524
chr1	485412	485413	34	0.7498
chr1	485512	485513	28	0.7118
chr1	485612	485613	28	0.5553
chr1	485656	485657	34	0.75
chr1	485931	485932	33	0.7722
chr1	486077	486078	39	0.9599
chr1	486147	486148	27	0.9378
chr1	486192	486193	34	0.8063
chr1	486280	486281	27	0.6534
chr1	486380	486381	26	0.7903
chr1	486455	486456	36	0.8033
chr1	486521	486522	22	0.7371
chr1	486621	486622	32	0.6686
chr1	486721	486722	30	0.9591
chr1	486750	486751	35	0.7871
chr1	486992	486993	29	0.8994
chr1	487270	487271	31	0.9738
chr1	487346	487347	27	0.8406
chr1	487357	487358	32	0.1111
chr1	487457	487458	39	0.2771
chr1	487507	487508	33	0.1922
chr1	487607	487608	39	0.1423
chr1	487707	487708	25	0.2457
chr1	487757	487758	26	0.109
chr1	487857	487858	30	0.1813
chr1	487894	487895	25	0.3187
chr1	488285	488286	36	0.2994
chr1	488385	488386	25	0.2053
chr1	488441	488442	27	0.2568
chr1	488465	488466	22	0.8986
chr1	488565	488566	30	0.5629
chr1	488665	488666	26	0.8741
chr1	488765	488766	27	0.7711
chr1	488865	488866	21	0.6331
chr1	488965	488966	32	0.7752
chr1	489038	489039	36	0.6797
chr1	489138	489139	31	0.7826
chr1	489300	489301	33	0.8672
chr1	489308	489309	37	0.8454
chr1	489314	489315	30	0.8752
chr1	489352	489353	28	0.7858
chr1	489392	489393	30	0.7567
chr1	489418	489419	30	0.8726
chr1	489445	489446	20	0.8983
chr1	489464	489465	37	0.7517
chr1	489498	489499	27	0.9117
chr1	489548	489549	26	0.697
chr1	489573	489574	38	0.9693
chr1	489598	489599	21	0.7431
chr1	489627	489628	43	0.8954
chr1	489668	489669	31	0.8214
chr1	489691	489692	31	0.6668
chr1	489731	489732	27	0.9236
chr1	489760	489761	26	0.8438
chr1	489775	489776	33	0.8471
chr1	489804	489805	24	0.8042
chr1	489836	489837	29	0.94
chr1	489890	489891	32	0.9461
chr1	489940	489941	31	0.8894
chr1	490026	490027	22	0.8744
chr1	490113	490114	33	0.8825
chr1	490205	490206	27	0.8403
chr1	490305	490306	24	0.7338
chr1	490307	490308	36	0.7423
chr1	490311	490312	35	0.6379
chr1	490317	490318	40	0.8422
chr1	490345	490346	30	0.7791
chr1	490365	490366	32	0.9062
chr1	490377	490378	26	0.9092
chr1	490481	490482	39	0.7599
chr1	490575	490576	33	0.7909
chr1	490737	490738	33	0.8536
chr1	490797	490798	23	0.8682
chr1	490809	490810	27	0.0836
chr1	490909	490910	25	0.1411
chr1	490959	490960	29	0.0594
chr1	491031	491032	33	0.3378
chr1	491095	491096	23	0.0756
chr1	491158	491159	35	0.0446
chr1	491258	491259	30	0.0949
chr1	491358	491359	26	0.2305
chr1	491414	491415	32	0.0979
chr1	491598	491599	29	0.064
chr1	491757	491758	20	0.0188
chr1	491857	491858	41	0.1949
chr1	491971	491972	32	0.0361
chr1	492043	492044	28	0.0386
chr1	492053	492054	35	0.2684
chr1	492153	492154	29	0.2147
chr1	492203	492204	20	0.1948
chr1	492303	492304	29	0.1892
chr1	492388	492389	21	0.1598
chr1	492438	492439	32	0.1313
chr1	492511	492512	34	0.1702
chr1	492726	492727	24	0.1514
chr1	492856	492857	33	0.1683
chr1	492874	492875	27	0.2175
chr1	492924	492925	38	0.2358
chr1	492926	492927	28	0.2015
chr1	493068	493069	30	0.1767
chr1	493188	493189	30	0.236
chr1	493226	493227	38	0.1379
chr1	493354	493355	37	0.1119
chr1	493362	493363	32	0.8792
chr1	493460	493461	32	0.8159
chr1	493560	493561	31	0.8908
chr1	493645	493646	32	0.9622
chr1	493745	493746	35	0.9008
chr1	493839	493840	33	0.8581
chr1	493876	493877	21	0.8198
chr1	494011	494012	33	0.7065
chr1	494163	494164	22	0.9444
chr1	494370	494371	28	0.8537
chr1	494384	494385	28	0.6817
chr1	494418	494419	33	0.8539
chr1	494504	494505	30	0.8659
chr1	494702	494703	24	0.8784
chr1	494708	494709	36	0.7935
chr1	494750	494751	29	0.9547
chr1	494794	494795	38	0.9494
chr1	494810	494811	24	0.8689
chr1	494839	494840	23	0.148
chr1	494923	494924	20	0.3339
chr1	495023	495024	34	0.2389
chr1	495110	495111	20	0.1267
chr1	495160	495161	29	0.2046
chr1	495260	495261	32	0.2764
chr1	495360	495361	27	0.232
chr1	495391	495392	30	0.2264
chr1	495491	495492	26	0.3063
chr1	495551	495552	29	0.3289
chr1	495575	495576	24	0.8042
chr1	495625	495626	27	0.7972
chr1	495716	495717	35	0.7669
chr1	495816	495817	32	0.6217
chr1	495875	495876	26	0.7744
chr1	495925	495926	29	0.8952
chr1	496015	496016	26	0.8464
chr1	496040	496041	25	0.7604
chr1	496442	496443	27	0.8143
chr1	496452	496453	36	0.8081
chr1	496464	496465	31	0.8282
chr1	496496	496497	28	0.0457
chr1	496550	496551	22	0.0896
chr1	496650	496651	29	0.2609
chr1	496714	496715	27	0.0585
chr1	496793	496794	28	0.0892
chr1	496893	496894	28	0.0681
chr1	496963	496964	32	0.026
chr1	497018	497019	30	0.0826
chr1	497433	497434	27	0.0353
chr1	497437	497438	33	0.0588
chr1	497493	497494	26	0.1426
chr1	497508	497509	22	0.6829
chr1	497567	497568	33	0.6787
chr1	497667	497668	36	0.7658
chr1	497738	497739	33	0.6513
chr1	497829	497830	20	0.5864
chr1	497879	497880	31	0.8475
chr1	497915	497916	30	0.7807
chr1	498015	498016	41	0.6693
chr1	498197	498198	27	0.7722
chr1	498217	498218	25	0.7431
chr1	498224	498225	30	0.7952
chr1	498261	498262	35	0.9373
chr1	498283	498284	29	0.848
chr1	498301	498302	27	0.8015
chr1	498334	498335	29	0.7972
chr1	498357	498358	35	0.9286
chr1	498383	498384	30	0.8332
chr1	498412	498413	25	0.7053
chr1	498427	498428	32	0.6983
chr1	498462	498463	16	0.8342
chr1	498479	498480	36	0.8119
chr1	498494	498495	34	0.7378
chr1	498511	498512	37	0.6824
chr1	498553	498554	28	0.8004
chr1	498575	498576	32	0.8425
chr1	498614	498615	25	0.8842
chr1	498640	498641	29	0.8361
chr1	498679	498680	35	0.856
chr1	498713	498714	31	0.7726
chr1	498734	498735	25	0.8411
chr1	498749	498750	24	0.8739
chr1	498753	498754	32	0.6355
chr1	498853	498854	30	0.7434
chr1	498953	498954	34	0.868
chr1	499039	499040	33	0.7998
chr1	499125	499126	29	0.78
chr1	499215	499216	38	0.8223
chr1	499245	499246	27	0.867
chr1	499399	499400	38	0.8748
chr1	499551	499552	23	0.8543
chr1	499569	499570	29	0.7271
chr1	499639	499640	31	0.7895
chr1	499651	499652	32	0.6939
chr1	499697	499698	34	0.7802
chr1	499730	499731	31	0.8755
chr1	499795	499796	32	0.6305
chr1	499895	499896	28	0.6606
chr1	499950	499951	41	0.688
chr1	500050	500051	33	0.6981
chr1	500100	500101	25	0.5256
chr1	500150	500151	35	0.6498
chr1	500199	500200	30	0.6215
chr1	500452	500453	30	0.7461
chr1	500476	500477	33	0.6432
chr1	500536	500537	38	0.6861
chr1	500560	500561	23	0.7104
chr1	500660	500661	23	0.5914
chr1	500710	500711	36	0.7398
chr1	500810	500811	26	0.5953
chr1	500863	500864	32	0.6759
chr1	500916	500917	33	0.7712
chr1	501016	501017	31	0.7187
chr1	501037	501038	27	0.5683
chr1	501137	501138	33	0.544
chr1	501278	501279	20	0.5722
chr1	501387	501388	31	0.6558
chr1	501399	501400	25	0.5727
chr1	501453	501454	27	0.666
chr1	501470	501471	29	0.0913
chr1	501570	501571	23	0.1481
chr1	501670	501671	23	0.0307
chr1	501761	501762	29	0.22
chr1	501841	501842	31	0.2075
chr1	501941	501942	31	0.0905
chr1	502002	502003	29	0.1988
chr1	502142	502143	28	0.2329
chr1	502176	502177	31	0.1377
chr1	502178	502179	26	0.2554
chr1	502184	502185	20	0.1096
chr1	502234	502235	24	0.0
chr1	502334	502335	39	0.0923
chr1	502434	502435	24	0.1261
chr1	502534	502535	40	0.249
chr1	502625	502626	40	0.0912
chr1	502668	502669	22	0.0
chr1	502817	502818	27	0.025
chr1	502917	502918	31	0.2389
chr1	503023	503024	33	0.1507
chr1	503239	503240	22	0.1034
chr1	503247	503248	29	0.1267
chr1	503251	503252	28	0.1226
chr1	503273	503274	34	0.1245
chr1	503284	503285	20	0.6182
chr1	503384	503385	30	0.528
chr1	503456	503457	30	0.5545
chr1	503556	503557	27	0.6934
chr1	503656	503657	23	0.6907
chr1	503715	503716	21	0.7391
chr1	503732	503733	23	0.6886
chr1	503885	503886	28	0.6846
chr1	503971	503972	19	0.8007
chr1	503975	503976	24	0.7088
chr1	503982	503983	33	0.848
chr1	504060	504061	14	0.8413
chr1	504160	504161	33	0.906
chr1	504224	504225	33	0.8772
chr1	504324	504325	33	0.9253
chr1	504414	504415	28	0.9852
chr1	504428	504429	24	0.9175
chr1	504558	504559	31	0.9001
chr1	504873	504874	33	0.722
chr1	504919	504920	26	0.799
chr1	504963	504964	29	0.8595
chr1	505013	505014	27	0.8104
chr1	505047	505048	31	0.8697
chr1	505053	505054	30	0.7691
chr1	505125	505126	30	0.9275
chr1	505265	505266	20	0.8388
chr1	505293	505294	21	0.8696
chr1	505297	505298	37	0.9627
chr1	505313	505314	36	0.853
chr1	505322	505323	33	0.7051
chr1	505422	505423	37	0.8126
chr1	505522	505523	24	0.8358
chr1	505605	505606	29	0.7813
chr1	505692	505693	28	0.8412
chr1	505760	505761	28	0.7637
chr1	505830	505831	26	0.8705
chr1	506078	506079	27	0.7844
chr1	506239	506240	31	0.8848
chr1	506383	506384	36	0.8815
chr1	506411	506412	27	0.7678
chr1	506431	506432	29	0.9216
chr1	506435	506436	22	0.7983
chr1	506549	506550	31	0.9467
chr1	506585	506586	38	0.834
chr1	506663	506664	27	0.8294
chr1	506702	506703	25	1.0
chr1	506802	506803	27	0.9297
chr1	506864	506865	37	0.7298
chr1	506964	506965	28	0.9096
chr1	507064	507065	33	0.7797
chr1	507150	507151	35	0.9879
chr1	507323	507324	33	0.9105
chr1	507423	507424	30	0.9574
chr1	507449	507450	24	0.86
chr1	507461	507462	34	0.8605
chr1	507485	507486	25	0.7279
chr1	507544	507545	37	0.5831
chr1	507627	507628	32	0.6576
chr1	507727	507728	32	0.6506
chr1	507803	507804	27	0.6589
chr1	507903	507904	30	0.4894
chr1	507989	507990	33	0.7766
chr1	508257	508258	37	0.5507
chr1	508329	508330	37	0.7795
chr1	508333	508334	29	0.5519
chr1	508346	508347	39	0.8284
chr1	508397	508398	38	0.8814
chr1	508497	508498	30	0.8547
chr1	508597	508598	29	0.8482
chr1	508675	508676	29	0.8101
chr1	508763	508764	36	0.8819
chr1	508863	508864	37	0.8032
chr1	508867	508868	33	0.8023
chr1	509153	509154	30	0.8445
chr1	509313	509314	32	0.7021
chr1	509359	509360	21	0.735
chr1	509385	509386	30	0.7943
chr1	509403	509404	28	0.8279
chr1	509498	509499	24	1.0
chr1	509564	509565	40	0.8866
chr1	509657	509658	29	0.9677
chr1	509741	509742	32	0.9142
chr1	509798	509799	15	0.9774
chr1	509848	509849	34	0.8712
chr1	509914	509915	31	0.9623
chr1	510014	510015	29	0.7799
chr1	510308	510309	31	1.0
chr1	510408	510409	40	1.0
chr1	510412	510413	30	0.912
chr1	510424	510425	19	0.7569
chr1	510474	510475	23	0.6993
chr1	510573	510574	30	0.8878
chr1	510623	510624	25	0.7417
chr1	510723	510724	21	0.9581
chr1	510823	510824	21	0.8204
chr1	510921	510922	37	0.8885
chr1	510971	510972	36	0.7262
chr1	511020	511021	32	0.8621
chr1	511433	511434	41	0.8672
chr1	511471	511472	37	0.8286
chr1	511533	511534	29	0.9543
chr1	511544	511545	20	0.6114
chr1	511644	511645	21	0.6735
chr1	511744	511745	30	0.6913
chr1	511844	511845	25	0.7066
chr1	511901	511902	28	0.6961
chr1	511951	511952	28	0.525
chr1	512001	512002	31	0.6004
chr1	512086	512087	28	0.6294
chr1	512586	512587	21	0.8605
chr1	512634	512635	28	0.6616
chr1	512681	512682	24	0.4691
chr1	512781	512782	26	0.8805
chr1	512831	512832	30	0.389
chr1	512931	512932	40	0.514
chr1	513015	513016	33	0.6385
chr1	513115	513116	33	1.0
chr1	513173	513174	33	0.8414
chr1	513174	513175	27	1.0
chr1	513395	513396	34	0.39
chr1	513636	513637	28	1.0
chr1	513672	513673	33	0.7213
chr1	513724	513725	36	0.822
chr1	513747	513748	29	0.622
chr1	513823	513824	25	0.7865
chr1	513900	513901	38	0.6831
chr1	514000	514001	27	0.6201
chr1	514058	514059	27	0.8027
chr1	514158	514159	32	0.5605
chr1	514179	514180	31	0.7963
chr1	514405	514406	29	0.822
chr1	514505	514506	27	0.7483
chr1	514519	514520	27	0.6306
chr1	514587	514588	30	0.7638
chr1	514615	514616	26	0.9223
chr1	514665	514666	35	1.0
chr1	514725	514726	28	0.5746
chr1	514775	514776	35	0.9184
chr1	514875	514876	33	0.9849
chr1	514975	514976	31	1.0
chr1	515075	515076	19	0.5556
chr1	515167	515168	31	0.6815
chr1	515267	515268	35	0.5652
chr1	515367	515368	33	0.8479
chr1	515653	515654	27	0.8167
chr1	515763	515764	26	1.0
chr1	515792	515793	31	0.816
chr1	515892	515893	29	0.8716
chr1	515948	515949	27	0.8491
chr1	516048	516049	28	0.784
chr1	516098	516099	33	0.937
chr1	516156	516157	26	0.9573
chr1	516221	516222	35	0.9116
chr1	516297	516298	28	0.8555
chr1	516674	516675	33	0.944
chr1	516777	516778	36	0.816
chr1	516795	516796	31	0.6409
chr1	516869	516870	26	0.8761
chr1	516879	516880	31	0.1832
chr1	516907	516908	33	0.0943
chr1	516926	516927	26	0.0347
chr1	516947	516948	29	0.0777
chr1	516997	516998	34	0.1622
chr1	517033	517034	26	0.2414
chr1	517048	517049	26	0.0697
chr1	517069	517070	32	0.1613
chr1	517094	517095	31	0.144
chr1	517115	517116	33	0.082
chr1	517165	517166	24	0.0432
chr1	517199	517200	38	0.1281
chr1	517227	517228	23	0.046
chr1	517250	517251	23	0.1622
chr1	517300	517301	37	0.0
chr1	517311	517312	32	0.0676
chr1	517411	517412	25	0.0703
chr1	517491	517492	37	0.0573
chr1	517591	517592	32	0.1501
chr1	517691	517692	27	0.0952
chr1	517723	517724	33	0.052
chr1	517815	517816	22	0.1061
chr1	517925	517926	32	0.1326
chr1	517951	517952	23	0.1046
chr1	517971	517972	38	0.1767
chr1	518017	518018	26	0.105
chr1	518059	518060	29	0.0917
chr1	518091	518092	28	0.1866
chr1	518107	518108	42	0.0485
chr1	518141	518142	25	0.2431
chr1	518191	518192	24	0.2802
chr1	518291	518292	29	0.2297
chr1	518369	518370	25	0.2717
chr1	518469	518470	26	0.146
chr1	518551	518552	28	0.064
chr1	518607	518608	30	0.0803
chr1	518619	518620	34	0.0954
chr1	518719	518720	33	0.1957
chr1	518912	518913	30	0.1251
chr1	519006	519007	32	0.2093
chr1	519013	519014	25	0.0486
chr1	519063	519064	26	0.0555
chr1	519163	519164	29	0.0118
chr1	519253	519254	25	0.1408
chr1	519303	519304	32	0.0268
chr1	519403	519404	31	0.0921
chr1	519495	519496	29	0.1202
chr1	519608	519609	29	0.0
chr1	519708	519709	27	0.1513
chr1	519818	519819	35	0.1181
chr1	519918	519919	38	0.01
chr1	519942	519943	35	0.0922
chr1	519952	519953	27	0.1657
chr1	520070	520071	38	0.1284
chr1	520260	520261	21	0.1297
chr1	520300	520301	31	0.0723
chr1	520346	520347	29	0.1852
chr1	520380	520381	33	0.1148
chr1	520390	520391	38	0.1319
chr1	520439	520440	39	0.0588
chr1	520539	520540	27	0.1225
chr1	520639	520640	34	0.0568
chr1	520710	520711	36	0.1213
chr1	520803	520804	25	0.2557
chr1	520853	520854	24	0.0719
chr1	520953	520954	26	0.1183
chr1	520979	520980	29	0.0988
chr1	521109	521110	30	0.1588
chr1	521278	521279	27	0.0443
chr1	521456	521457	35	0.3083
chr1	521554	521555	38	0.1015
chr1	521585	521586	26	0.7643
chr1	521672	521673	30	0.8574
chr1	521772	521773	30	0.7317
chr1	521872	521873	31	0.6819
chr1	521930	521931	33	0.6865
chr1	522030	522031	32	0.7748
chr1	522130	522131	28	0.7039
chr1	522170	522171	28	0.7702
chr1	522284	522285	28	0.814
chr1	522502	522503	24	0.7801
chr1	522562	522563	22	0.716
chr1	522572	522573	33	0.5042
chr1	522672	522673	31	0.4772
chr1	522772	522773	41	0.6617
chr1	522872	522873	31	0.558
chr1	522972	522973	20	0.4024
chr1	523037	523038	25	0.5384
chr1	523064	523065	33	0.4741
chr1	523164	523165	25	0.4232
chr1	523304	523305	27	0.4979
chr1	523521	523522	31	0.5231
chr1	523533	523534	41	0.5247
chr1	523593	523594	31	0.367
chr1	523607	523608	29	0.0
chr1	523688	523689	39	0.0
chr1	523738	523739	26	0.0
chr1	523807	523808	25	0.0819
chr1	523857	523858	29	0.2436
chr1	523934	523935	35	0.0416
chr1	524034	524035	29	0.0
chr1	524091	524092	34	0.1688
chr1	524117	524118	30	0.1102
chr1	524292	524293	35	0.2117
chr1	524434	524435	31	0.1402
chr1	524545	524546	27	0.0763
chr1	524567	524568	19	0.0
chr1	524591	524592	35	1.0
chr1	524691	524692	29	0.8244
chr1	524791	524792	19	0.9442
chr1	524891	524892	28	0.8213
chr1	524953	524954	25	0.9647
chr1	525032	525033	34	0.9167
chr1	525193	525194	17	0.8906
chr1	525293	525294	33	0.8512
chr1	525323	525324	27	0.8904
chr1	525364	525365	39	0.0964
chr1	525431	525432	29	0.2449
chr1	525531	525532	37	0.0674
chr1	525581	525582	33	0.1816
chr1	525642	525643	34	0.3101
chr1	525695	525696	39	0.4097
chr1	525795	525796	28	0.1928
chr1	525861	525862	23	0.2075
chr1	526256	526257	26	0.377
chr1	526274	526275	32	0.3456
chr1	526324	526325	28	0.714
chr1	526395	526396	23	0.6809
chr1	526453	526454	25	0.7903
chr1	526553	526554	27	0.6267
chr1	526653	526654	26	0.777
chr1	526716	526717	31	0.8607
chr1	526766	526767	25	0.7247
chr1	526846	526847	32	0.7167
chr1	526859	526860	29	0.9195
chr1	527076	527077	34	0.802
chr1	527176	527177	28	0.6395
chr1	527322	527323	28	0.6654
chr1	527374	527375	26	0.7607
chr1	527384	527385	29	0.1321
chr1	527447	527448	38	0.1414
chr1	527547	527548	24	0.1779
chr1	527647	527648	33	0.1449
chr1	527697	527698	28	0.0
chr1	527797	527798	23	0.0703
chr1	527887	527888	32	0.0877
chr1	528007	528008	30	0.1656
chr1	528155	528156	36	0.0786
chr1	528294	528295	31	0.221
chr1	528376	528377	32	0.134
chr1	528416	528417	38	0.419
chr1	528486	528487	27	0.2494
chr1	528536	528537	28	0.1929
chr1	528609	528610	24	0.3196
chr1	528709	528710	17	0.3026
chr1	528781	528782	17	0.2436
chr1	528871	528872	23	0.2441
chr1	528945	528946	17	0.3019
chr1	529115	529116	29	0.2967
chr1	529349	529350	28	0.0791
chr1	529351	529352	30	0.1274
chr1	529439	529440	24	0.256
chr1	529460	529461	30	0.1265
chr1	529516	529517	32	0.2173
chr1	529586	529587	29	0.0984
chr1	529636	529637	28	0.1428
chr1	529686	529687	21	0.2282
chr1	529759	529760	19	0.0608
chr1	529815	529816	31	0.0266
chr1	529881	529882	28	0.1594
chr1	530197	530198	38	0.0848
chr1	530297	530298	32	0.1874
chr1	530323	530324	30	0.175
chr1	530349	530350	19	0.109
chr1	530380	530381	32	0.1761
chr1	530441	530442	23	0.1343
chr1	530541	530542	32	0.0596
chr1	530591	530592	34	0.2218
chr1	530691	530692	32	0.0853
chr1	530791	530792	39	0.2014
chr1	530866	530867	20	0.0036
chr1	530894	530895	32	0.0682
chr1	531089	531090	30	0.2297
chr1	531243	531244	34	0.0806
chr1	531376	531377	24	0.1587
chr1	531388	531389	30	0.054
chr1	531410	531411	29	0.9016
chr1	531509	531510	36	0.409
chr1	531582	531583	37	0.7675
chr1	531682	531683	23	0.7447
chr1	531765	531766	27	0.4999
chr1	531815	531816	37	0.6023
chr1	531872	531873	35	0.7414
chr1	531972	531973	33	0.7607
chr1	531976	531977	31	0.8519
chr1	532139	532140	19	0.4387
chr1	532258	532259	32	0.5493
chr1	532358	532359	32	0.7166
chr1	532458	532459	35	0.7728
chr1	532571	532572	29	0.8503
chr1	532591	532592	29	0.7166
chr1	532626	532627	24	1.0
chr1	532726	532727	18	0.7051
chr1	532826	532827	33	0.6516
chr1	532876	532877	25	0.8716
chr1	532929	532930	31	0.8984
chr1	533006	533007	25	0.8414
chr1	533106	533107	33	0.8036
chr1	533189	533190	25	0.7435
chr1	533190	533191	30	0.7536
chr1	533333	533334	29	0.7918
chr1	533433	533434	41	0.7485
chr1	533556	533557	32	0.9281
chr1	533636	533637	33	0.813
chr1	533661	533662	26	0.0848
chr1	533761	533762	27	0.0992
chr1	533844	533845	28	0.1035
chr1	533938	533939	26	0.1977
chr1	534038	534039	36	0.317
chr1	534088	534089	32	0.1797
chr1	534177	534178	27	0.157
chr1	534438	534439	32	0.2232
chr1	534677	534678	23	0.3518
chr1	534697	534698	30	0.1798
chr1	534726	534727	36	0.9148
chr1	534816	534817	33	0.7899
chr1	534888	534889	26	0.778
chr1	534986	534987	32	0.8944
chr1	535086	535087	25	0.8584
chr1	535186	535187	28	0.8324
chr1	535250	535251	27	0.9191
chr1	535492	535493	20	0.8746
chr1	535636	535637	30	0.8411
chr1	535743	535744	40	0.8119
chr1	535759	535760	27	0.792
chr1	535817	535818	24	0.718
chr1	535858	535859	19	0.6805
chr1	535958	535959	37	0.714
chr1	536008	536009	19	0.8124
chr1	536087	536088	32	0.9033
chr1	536137	536138	28	0.8207
chr1	536206	536207	36	0.7373
chr1	536303	536304	32	0.7122
chr1	536353	536354	27	0.6635
chr1	536453	536454	28	0.6177
chr1	536553	536554	44	0.7301
chr1	536662	536663	27	0.8958
chr1	536762	536763	34	0.8336
chr1	536844	536845	35	0.7008
chr1	536870	536871	29	0.2528
chr1	536927	536928	32	0.0
chr1	537027	537028	30	0.1163
chr1	537127	537128	31	0.0649
chr1	537181	537182	34	0.1553
chr1	537281	537282	28	0.0702
chr1	537329	537330	28	0.1826
chr1	537433	537434	29	0.1902
chr1	537717	537718	29	0.1099
chr1	537771	537772	29	0.1512
chr1	537778	537779	35	0.1381
chr1	537793	537794	34	0.0053
chr1	537818	537819	25	0.2046
chr1	537868	537869	26	0.1162
chr1	537886	537887	33	0.1824
chr1	537936	537937	25	0.1558
chr1	537986	537987	25	0.1991
chr1	538012	538013	30	0.0
chr1	538035	538036	31	0.1516
chr1	538085	538086	31	0.0843
chr1	538104	538105	41	0.0286
chr1	538130	538131	24	0.0174
chr1	538153	538154	24	0.1043
chr1	538196	538197	33	0.1115
chr1	538246	538247	41	0.1004
chr1	538283	538284	31	0.1077
chr1	538322	538323	23	0.0679
chr1	538422	538423	33	0.1398
chr1	538515	538516	41	0.1514
chr1	538611	538612	33	0.1227
chr1	538711	538712	20	0.0512
chr1	538811	538812	27	0.1054
chr1	538861	538862	36	0.0108
chr1	538939	538940	28	0.171
chr1	539137	539138	35	0.0192
chr1	539149	539150	24	0.1165
chr1	539221	539222	30	0.1167
chr1	539227	539228	32	0.2031
chr1	539235	539236	34	0.0768
chr1	539272	539273	28	0.8542
chr1	539322	539323	32	0.6233
chr1	539422	539423	28	0.9706
chr1	539522	539523	24	0.5481
chr1	539614	539615	32	0.6798
chr1	539710	539711	25	0.7258
chr1	539741	539742	31	0.8135
chr1	539889	539890	38	0.695
chr1	539891	539892	29	0.7437
chr1	539899	539900	29	0.7734
chr1	539972	539973	33	0.8804
chr1	540022	540023	31	0.9166
chr1	540072	540073	25	0.7296
chr1	540147	540148	30	0.7189
chr1	540207	540208	36	0.8446
chr1	540257	540258	22	0.7791
chr1	540354	540355	30	0.9361
chr1	540379	540380	25	0.8251
chr1	540479	540480	21	0.8207
chr1	540670	540671	28	0.9067
chr1	540676	540677	31	0.8513
chr1	540718	540719	36	0.7047
chr1	540726	540727	30	0.8404
chr1	540884	540885	26	0.9742
chr1	540974	540975	29	0.9491
chr1	540978	540979	24	0.8676
chr1	541016	541017	30	0.8488
chr1	541043	541044	27	0.6131
chr1	541093	541094	35	0.7062
chr1	541144	541145	26	0.7934
chr1	541244	541245	24	0.9973
chr1	541344	541345	32	0.6715
chr1	541444	541445	30	0.6351
chr1	541544	541545	24	0.7377
chr1	541609	541610	26	0.7037
chr1	541709	541710	33	0.7336
chr1	541854	541855	26	0.7513
chr1	541987	541988	29	0.6733
chr1	542071	542072	32	0.8529
chr1	542114	542115	30	0.6443
chr1	542204	542205	27	0.5907
chr1	542304	542305	35	0.609
chr1	542404	542405	31	0.5737
chr1	542504	542505	33	0.4276
chr1	542555	542556	28	0.7328
chr1	542696	542697	32	0.6291
chr1	542912	542913	26	0.6775
chr1	543008	543009	20	0.6584
chr1	543010	543011	30	0.6072
chr1	543032	543033	40	0.9342
chr1	543132	543133	22	0.8495
chr1	543231	543232	24	0.9202
chr1	543319	543320	24	0.897
chr1	543419	543420	35	0.8928
chr1	543486	543487	27	0.7568
chr1	543574	543575	29	0.8875
chr1	543741	543742	28	0.7371
chr1	543930	543931	30	0.8643
chr1	543944	543945	28	0.7949
chr1	543964	543965	21	0.9181
chr1	543974	543975	27	0.1625
chr1	544074	544075	30	0.0987
chr1	544174	544175	27	0.2001
chr1	544224	544225	32	0.1338
chr1	544287	544288	33	0.056
chr1	544337	544338	29	0.1168
chr1	544437	544438	22	0.0577
chr1	544509	544510	26	0.2017
chr1	544661	544662	22	0.1563
chr1	545014	545015	25	0.3112
chr1	545022	545023	33	0.2064
chr1	545034	545035	30	0.1598
chr1	545044	545045	37	0.1117
chr1	545202	545203	36	0.0067
chr1	545242	545243	13	0.0617
chr1	545304	545305	34	0.1524
chr1	545306	545307	35	0.1218
chr1	545354	545355	34	0.0596
chr1	545363	545364	36	0.9008
chr1	545440	545441	27	1.0
chr1	545533	545534	25	0.8795
chr1	545633	545634	26	0.8906
chr1	545733	545734	37	0.7971
chr1	545828	545829	18	0.8832
chr1	545855	545856	22	0.8966
chr1	545972	545973	30	0.9335
chr1	546122	546123	30	0.8918
chr1	546222	546223	30	0.9566
chr1	546322	546323	34	0.8227
chr1	546326	546327	26	0.8839
chr1	546376	546377	36	0.816
chr1	546608	546609	24	0.8681
chr1	546616	546617	33	0.9124
chr1	546622	546623	23	0.9013
chr1	546644	546645	19	0.827
chr1	546816	546817	29	0.922
chr1	546829	546830	22	0.0002
chr1	546918	546919	29	0.0
chr1	547018	547019	34	0.1879
chr1	547118	547119	25	0.0
chr1	547168	547169	31	0.0728
chr1	547268	547269	28	0.0364
chr1	547354	547355	27	0.0
chr1	547530	547531	28	0.0375
chr1	547630	547631	21	0.0006
chr1	547835	547836	30	0.0
chr1	547857	547858	26	0.2462
chr1	547892	547893	26	0.7043
chr1	547942	547943	33	0.8393
chr1	548042	548043	29	0.8584
chr1	548142	548143	25	0.6483
chr1	548242	548243	31	0.7691
chr1	548289	548290	18	0.9985
chr1	548406	548407	27	0.9147
chr1	548506	548507	29	0.7137
chr1	548606	548607	28	0.9316
chr1	548686	548687	21	0.8675
chr1	548690	548691	22	0.9213
chr1	548715	548716	26	0.0204
chr1	548815	548816	32	0.1774
chr1	548903	548904	31	0.1629
chr1	549003	549004	27	0.0908
chr1	549103	549104	36	0.076
chr1	549203	549204	24	0.1294
chr1	549255	549256	33	0.0719
chr1	549415	549416	27	0.0634
chr1	549537	549538	39	0.033
chr1	549733	549734	22	0.0809
chr1	549775	549776	30	0.1022
chr1	549781	549782	41	0.0863
chr1	549800	549801	29	0.6119
chr1	549900	549901	31	0.6281
chr1	550000	550001	28	0.5347
chr1	550100	550101	37	0.6815
chr1	550200	550201	32	0.7538
chr1	550280	550281	25	0.6957
chr1	550380	550381	24	0.7409
chr1	550635	550636	37	0.6955
chr1	550749	550750	36	0.5952
chr1	550769	550770	31	0.7002
chr1	550782	550783	28	1.0
chr1	550843	550844	30	0.8129
chr1	550917	550918	31	0.9652
chr1	550981	550982	25	0.9358
chr1	551031	551032	25	0.8854
chr1	551131	551132	33	0.8589
chr1	551202	551203	28	0.9264
chr1	551277	551278	36	0.9641
chr1	551447	551448	23	0.9944
chr1	551737	551738	23	0.9674
chr1	551741	551742	35	0.9702
chr1	551768	551769	27	0.8379
chr1	551818	551819	28	0.8379
chr1	551918	551919	29	0.8946
chr1	552018	552019	26	0.8899
chr1	552078	552079	22	0.8783
chr1	552178	552179	19	0.887
chr1	552235	552236	29	0.8915
chr1	552352	552353	33	0.9559
chr1	552452	552453	30	0.8656
chr1	552554	552555	25	0.8126
chr1	552580	552581	30	0.7232
chr1	552632	552633	34	0.7555
chr1	552644	552645	25	0.7985
chr1	552744	552745	28	0.8796
chr1	552844	552845	29	0.8493
chr1	552939	552940	27	0.6867
chr1	552990	552991	31	0.8846
chr1	553047	553048	32	0.671
chr1	553147	553148	27	0.9083
chr1	553253	553254	26	0.8039
chr1	553277	553278	28	0.7447
chr1	553296	553297	25	0.1183
chr1	553396	553397	33	0.2343
chr1	553450	553451	25	0.0931
chr1	553550	553551	30	0.1844
chr1	553615	553616	28	0.1193
chr1	553696	553697	25	0.0313
chr1	553745	553746	21	0.1144
chr1	554044	554045	28	0.0625
chr1	554072	554073	34	0.1418
chr1	554087	554088	28	0.7444
chr1	554187	554188	33	0.6501
chr1	554287	554288	30	0.81
chr1	554337	554338	29	0.6927
chr1	554437	554438	20	0.7173
chr1	554489	554490	32	0.7458
chr1	554605	554606	30	0.7727
chr1	554784	554785	28	0.7258
chr1	554796	554797	30	0.9019
chr1	554806	554807	20	0.7495
chr1	554815	554816	25	0.5888
chr1	554915	554916	21	0.7679
chr1	554986	554987	30	0.9271
chr1	555086	555087	29	0.9181
chr1	555157	555158	29	0.7366
chr1	555256	555257	34	0.6295
chr1	555345	555346	29	0.8092
chr1	555445	555446	31	0.8234
chr1	555565	555566	24	0.8513
chr1	555659	555660	31	0.9115
chr1	555695	555696	25	0.7853
chr1	555723	555724	22	0.8332
chr1	555937	555938	28	0.794
chr1	555978	555979	39	0.9375
chr1	556037	556038	22	0.8285
chr1	556087	556088	24	0.878
chr1	556150	556151	37	0.8597
chr1	556200	556201	30	0.9284
chr1	556282	556283	29	0.9279
chr1	556382	556383	20	0.8491
chr1	556482	556483	27	0.9587
chr1	556514	556515	33	0.9292
chr1	556614	556615	33	0.9139
chr1	556764	556765	30	0.8744
chr1	556957	556958	35	0.9796
chr1	557011	557012	28	0.9534
chr1	557047	557048	35	0.8527
chr1	557083	557084	31	0.69
chr1	557146	557147	33	0.6582
chr1	557246	557247	38	0.5901
chr1	557346	557347	23	0.5012
chr1	557413	557414	32	0.6526
chr1	557513	557514	28	0.7121
chr1	557613	557614	27	0.4502
chr1	557614	557615	35	0.6483
chr1	557928	557929	30	0.5692
chr1	558008	558009	30	0.6911
chr1	558022	558023	33	0.5682
chr1	558070	558071	32	0.8496
chr1	558170	558171	27	0.7486
chr1	558232	558233	26	0.7994
chr1	558327	558328	35	0.7436
chr1	558409	558410	33	0.848
chr1	558490	558491	43	0.8148
chr1	558544	558545	30	0.7434
chr1	558576	558577	28	0.7385
chr1	558816	558817	17	0.8343
chr1	558884	558885	28	0.8635
chr1	558886	558887	24	0.6669
chr1	558931	558932	26	0.638
chr1	558981	558982	25	0.8269
chr1	559081	559082	38	0.8742
chr1	559169	559170	27	0.9272
chr1	559269	559270	21	0.7329
chr1	559369	559370	31	0.7277
chr1	559384	559385	27	0.8328
chr1	559484	559485	28	0.7143
chr1	559734	559735	27	0.8025
chr1	559834	559835	23	0.8795
chr1	559926	559927	25	0.7976
chr1	559974	559975	28	0.8033
chr1	560069	560070	38	0.7511
chr1	560169	560170	26	0.4076
chr1	560250	560251	30	0.494
chr1	560350	560351	30	0.8518
chr1	560400	560401	37	0.8922
chr1	560494	560495	31	0.5498
chr1	560690	560691	27	0.739
chr1	560790	560791	29	0.6431
chr1	561019	561020	33	0.9746
chr1	561085	561086	25	0.8656
chr1	561121	561122	38	0.7526
chr1	561221	561222	37	0.6604
chr1	561321	561322	28	0.7487
chr1	561421	561422	25	0.6961
chr1	561508	561509	25	0.7843
chr1	561608	561609	30	0.6766
chr1	561663	561664	39	0.7361
chr1	561763	561764	26	0.617
chr1	562197	562198	34	0.7633
chr1	562213	562214	35	0.724
chr1	562225	562226	28	0.6534
chr1	562270	562271	28	0.8848
chr1	562370	562371	29	0.9102
chr1	562470	562471	31	0.8908
chr1	562552	562553	34	0.9232
chr1	562652	562653	26	0.7272
chr1	562704	562705	35	0.6873
chr1	562754	562755	27	0.7957
chr1	562826	562827	28	0.9007
chr1	562945	562946	22	0.8582
chr1	563190	563191	24	0.7381
chr1	563290	563291	30	0.892
chr1	563302	563303	30	0.8655
chr1	563338	563339	40	0.7794
chr1	563364	563365	32	0.0781
chr1	563435	563436	28	0.0551
chr1	563485	563486	20	0.055
chr1	563570	563571	19	0.1081
chr1	563670	563671	25	0.1189
chr1	563770	563771	27	0.1759
chr1	563870	563871	34	0.0
chr1	563942	563943	28	0.0195
chr1	564160	564161	27	0.2844
chr1	564188	564189	30	0.1606
chr1	564202	564203	25	0.8313
chr1	564302	564303	33	0.8193
chr1	564352	564353	25	0.7554
chr1	564402	564403	34	0.889
chr1	564483	564484	27	0.7956
chr1	564583	564584	29	0.8429
chr1	564682	564683	25	1.0
chr1	564713	564714	23	0.7742
chr1	564904	564905	21	0.9329
chr1	565004	565005	30	0.8981
chr1	565016	565017	30	0.8851
chr1	565021	565022	34	0.0844
chr1	565071	565072	17	0.0393
chr1	565171	565172	26	0.1282
chr1	565271	565272	19	0.0
chr1	565371	565372	28	0.0299
chr1	565466	565467	33	0.0
chr1	565516	565517	27	0.1703
chr1	565709	565710	32	0.1234
chr1	565809	565810	31	0.0154
chr1	565909	565910	35	0.079
chr1	565949	565950	30	0.155
chr1	565953	565954	35	0.1193
chr1	565957	565958	34	0.0282
chr1	566199	566200	27	0.0542
chr1	566223	566224	20	0.1158
chr1	566257	566258	33	0.0426
chr1	566359	566360	27	0.0946
chr1	566369	566370	35	0.9073
chr1	566445	566446	25	0.8358
chr1	566545	566546	26	0.7392
chr1	566645	566646	38	0.6894
chr1	566745	566746	21	0.8648
chr1	566796	566797	26	0.8137
chr1	566894	566895	30	0.9569
chr1	567022	567023	32	0.8621
chr1	567308	567309	34	0.7092
chr1	567328	567329	23	0.8102
chr1	567394	567395	31	0.8606
chr1	567437	567438	20	0.5071
chr1	567537	567538	23	0.5686
chr1	567594	567595	27	0.7937
chr1	567694	567695	26	0.5201
chr1	567794	567795	25	0.6916
chr1	567894	567895	47	0.6695
chr1	567952	567953	37	0.5962
chr1	568231	568232	33	0.7615
chr1	568331	568332	32	0.7425
chr1	568431	568432	32	0.6917
chr1	568471	568472	31	0.6678
chr1	568479	568480	25	0.6166
chr1	568579	568580	32	0.6688
chr1	568629	568630	28	0.6428
chr1	568729	568730	33	0.613
chr1	568829	568830	30	0.6129
chr1	568929	568930	27	0.524
chr1	568958	568959	34	0.599
chr1	569182	569183	26	0.6759
chr1	569318	569319	29	0.7296
chr1	569418	569419	23	0.6508
chr1	569530	569531	30	0.7754
chr1	569546	569547	34	0.5496
chr1	569558	569559	28	0.416
chr1	569660	569661	31	0.5999
chr1	569678	569679	25	0.731
chr1	569744	569745	29	0.7974
chr1	569768	569769	33	0.6144
chr1	569846	569847	34	0.6418
chr1	569881	569882	33	0.7175
chr1	569981	569982	37	0.7961
chr1	570081	570082	37	0.7703
chr1	570171	570172	22	0.7737
chr1	570271	570272	25	0.8187
chr1	570371	570372	32	0.9533
chr1	570438	570439	21	0.901
chr1	570538	570539	33	0.9033
chr1	570692	570693	27	0.9082
chr1	570799	570800	34	1.0
chr1	570899	570900	34	0.8028
chr1	570933	570934	30	0.7156
chr1	570993	570994	28	0.8211
chr1	570998	570999	41	0.1183
chr1	571048	571049	28	0.1775
chr1	571148	571149	28	0.0857
chr1	571246	571247	29	0.1903
chr1	571346	571347	25	0.0715
chr1	571446	571447	29	0.1662
chr1	571496	571497	26	0.0253
chr1	571523	571524	30	0.1526
chr1	571623	571624	29	0.0552
chr1	571639	571640	29	0.0163
chr1	571697	571698	25	0.0558
chr1	571819	571820	33	0.0722
chr1	572017	572018	38	0.268
chr1	572073	572074	21	0.0979
chr1	572078	572079	26	0.1077
chr1	572168	572169	29	0.0354
chr1	572235	572236	29	0.1929
chr1	572335	572336	32	0.2764
chr1	572435	572436	34	0.1064
chr1	572498	572499	27	0.0652
chr1	572598	572599	22	0.1474
chr1	572776	572777	26	0.1258
chr1	572876	572877	33	0.3153
chr1	572934	572935	22	0.1145
chr1	572992	572993	35	0.2532
chr1	573024	573025	26	0.1607
chr1	573066	573067	29	0.2751
chr1	573172	573173	22	0.1663
chr1	573302	573303	24	0.1809
chr1	573358	573359	29	0.2327
chr1	573365	573366	29	0.7173
chr1	573441	573442	29	0.7133
chr1	573491	573492	29	0.6413
chr1	573591	573592	33	0.5889
chr1	573654	573655	28	0.652
chr1	573704	573705	29	0.6213
chr1	573804	573805	41	0.5973
chr1	573825	573826	23	0.6006
chr1	573949	573950	31	0.6039
chr1	574043	574044	32	0.7747
chr1	574233	574234	33	0.7115
chr1	574353	574354	23	0.7059
chr1	574363	574364	33	0.7438
chr1	574391	574392	28	0.5735
chr1	574405	574406	37	0.5324
chr1	574411	574412	34	0.6602
chr1	574511	574512	30	0.8428
chr1	574561	574562	28	0.7309
chr1	574628	574629	44	0.8335
chr1	574728	574729	28	0.8653
chr1	574828	574829	32	0.8648
chr1	574878	574879	23	0.7449
chr1	574949	574950	19	0.6663
chr1	574976	574977	31	0.7085
chr1	575476	575477	27	0.869
chr1	575558	575559	33	0.8714
chr1	575576	575577	27	0.7767
chr1	575662	575663	31	0.8037
chr1	575714	575715	30	0.8065
chr1	575748	575749	28	0.8852
chr1	575810	575811	23	0.8041
chr1	575872	575873	17	0.8346
chr1	575932	575933	29	0.662
chr1	575972	575973	38	0.8024
chr1	575982	575983	19	0.1834
chr1	576073	576074	34	0.0811
chr1	576173	576174	31	0.225
chr1	576273	576274	33	0.1695
chr1	576373	576374	45	0.1485
chr1	576473	576474	34	0.2728
chr1	576538	576539	19	0.1938
chr1	576638	576639	35	0.1267
chr1	576794	576795	33	0.1282
chr1	576894	576895	24	0.0674
chr1	576936	576937	31	0.0075
chr1	576970	576971	25	0.1352
chr1	577004	577005	35	0.1333
chr1	577052	577053	37	0.2034
chr1	577058	577059	27	0.2971
chr1	577140	577141	33	0.2157
chr1	577198	577199	34	0.2555
chr1	577214	577215	21	0.168
chr1	577276	577277	24	0.0747
chr1	577338	577339	32	0.0
chr1	577351	577352	25	0.6089
chr1	577402	577403	27	0.7813
chr1	577502	577503	29	0.7624
chr1	577602	577603	35	0.7193
chr1	577702	577703	39	0.8629
chr1	577784	577785	32	0.6421
chr1	577857	577858	26	0.5935
chr1	578052	578053	27	0.8763
chr1	578198	578199	29	0.7957
chr1	578298	578299	37	0.7374
chr1	578386	578387	28	0.9241
chr1	578418	578419	31	0.8409
chr1	578468	578469	35	0.8307
chr1	578518	578519	34	0.6319
chr1	578602	578603	23	0.7786
chr1	578652	578653	34	0.7972
chr1	578725	578726	30	0.8154
chr1	578825	578826	35	0.7029
chr1	578925	578926	31	0.5582
chr1	579005	579006	36	0.7274
chr1	579105	579106	29	0.7278
chr1	579394	579395	24	0.5518
chr1	579582	579583	37	0.6731
chr1	579588	579589	26	0.7522
chr1	579682	579683	27	0.7257
chr1	579732	579733	33	0.9308
chr1	579832	579833	46	0.9522
chr1	579889	579890	30	0.969
chr1	579947	579948	29	0.9188
chr1	579997	579998	26	0.827
chr1	580053	580054	26	0.9159
chr1	580153	580154	27	0.9587
chr1	580223	580224	36	0.7067
chr1	580286	580287	29	0.7694
chr1	580386	580387	35	0.8027
chr1	580669	580670	28	0.7578
chr1	580795	580796	26	0.8932
chr1	580805	580806	30	0.8268
chr1	580893	580894	35	0.8258
chr1	580923	580924	32	0.8387
chr1	580982	580983	33	0.6885
chr1	581082	581083	24	0.8203
chr1	581182	581183	34	0.887
chr1	581256	581257	36	1.0
chr1	581349	581350	36	0.944
chr1	581418	581419	25	0.7994
chr1	581654	581655	31	0.7348
chr1	581678	581679	20	0.6858
chr1	581734	581735	30	0.8227
chr1	581743	581744	30	0.487
chr1	581836	581837	30	0.792
chr1	581936	581937	43	0.7821
chr1	581986	581987	32	0.6574
chr1	582086	582087	25	0.5689
chr1	582136	582137	25	0.6398
chr1	582236	582237	19	0.6997
chr1	582302	582303	32	0.599
chr1	582352	582353	22	0.5458
chr1	582416	582417	29	0.7545
chr1	582516	582517	24	0.7585
chr1	582699	582700	28	0.6317
chr1	582809	582810	27	0.6741
chr1	582926	582927	26	0.4757
chr1	582952	582953	24	0.6808
chr1	582956	582957	32	0.7082
chr1	582972	582973	30	0.6509
chr1	582992	582993	34	0.5395
chr1	583018	583019	40	0.5415
chr1	583170	583171	37	0.7294
chr1	583284	583285	24	0.7485
chr1	583356	583357	30	0.5999
chr1	583384	583385	40	0.7766
chr1	583405	583406	37	0.7462
chr1	583505	583506	32	0.7901
chr1	583586	583587	28	0.7268
chr1	583686	583687	30	0.702
chr1	583786	583787	25	0.8484
chr1	583862	583863	29	0.7054
chr1	583914	583915	37	0.7891
chr1	584014	584015	36	0.7556
chr1	584117	584118	28	0.7997
chr1	584234	584235	36	0.8643
chr1	584266	584267	24	0.754
chr1	584272	584273	32	0.6258
chr1	584354	584355	25	0.753
chr1	584454	584455	37	0.5665
chr1	584533	584534	32	0.7527
chr1	584633	584634	22	0.809
chr1	584673	584674	28	0.7201
chr1	584689	584690	27	0.5855
chr1	584775	584776	32	0.6516
chr1	584841	584842	27	0.6964
chr1	584897	584898	34	0.8427
chr1	585055	585056	26	0.8181
chr1	585075	585076	32	0.8282
chr1	585171	585172	31	0.7709
chr1	585221	585222	34	0.7905
chr1	585321	585322	29	0.8162
chr1	585421	585422	31	0.8144
chr1	585495	585496	24	0.6952
chr1	585587	585588	34	0.6639
chr1	586011	586012	28	0.8415
chr1	586027	586028	26	0.6582
chr1	586063	586064	23	0.3223
chr1	586118	586119	38	0.1655
chr1	586170	586171	29	0.3572
chr1	586220	586221	19	0.388
chr1	586320	586321	33	0.2366
chr1	586420	586421	23	0.2045
chr1	586471	586472	26	0.2957
chr1	586502	586503	29	0.2874
chr1	586745	586746	29	0.3714
chr1	586845	586846	29	0.2446
chr1	586851	586852	30	0.0
chr1	586942	586943	33	0.0668
chr1	587042	587043	30	0.1355
chr1	587092	587093	32	0.1038
chr1	587192	587193	31	0.1478
chr1	587292	587293	32	0.1068
chr1	587351	587352	29	0.1155
chr1	587406	587407	24	0.1277
chr1	587410	587411	34	0.146
chr1	587580	587581	30	0.3523
chr1	587884	587885	39	0.0551
chr1	588034	588035	34	0.0906
chr1	588048	588049	35	0.0739
chr1	588144	588145	37	0.2295
chr1	588290	588291	32	0.1201
chr1	588310	588311	24	0.023
chr1	588344	588345	36	0.1659
chr1	588385	588386	32	0.8905
chr1	588468	588469	30	0.7779
chr1	588567	588568	24	0.8054
chr1	588636	588637	26	0.6616
chr1	588686	588687	43	0.7777
chr1	588786	588787	27	0.5954
chr1	588862	588863	36	0.8221
chr1	588990	588991	27	0.7408
chr1	589158	589159	29	0.6153
chr1	589188	589189	23	0.7146
chr1	589220	589221	38	0.9703
chr1	589320	589321	33	0.7999
chr1	589420	589421	29	0.6566
chr1	589506	589507	37	0.715
chr1	589596	589597	30	0.7049
chr1	589695	589696	26	0.7927
chr1	589759	589760	27	0.8819
chr1	589791	589792	31	0.7488
chr1	589891	589892	27	0.8857
chr1	589991	589992	29	0.6678
chr1	590009	590010	28	0.7994
chr1	590059	590060	31	0.7855
chr1	590075	590076	24	0.4418
chr1	590125	590126	28	0.5668
chr1	590224	590225	28	0.668
chr1	590324	590325	30	0.6786
chr1	590396	590397	32	0.8074
chr1	590496	590497	23	0.7497
chr1	590574	590575	33	0.8305
chr1	590653	590654	33	0.6132
chr1	590684	590685	17	0.7601
chr1	590806	590807	29	0.5436
chr1	590992	590993	30	0.7045
chr1	591018	591019	31	0.8686
chr1	591058	591059	22	0.8146
chr1	591158	591159	25	0.8573
chr1	591258	591259	30	0.9518
chr1	591308	591309	32	0.8517
chr1	591408	591409	34	0.945
chr1	591508	591509	18	0.7572
chr1	591558	591559	31	0.7804
chr1	591580	591581	30	0.9774
chr1	591704	591705	31	0.7897
chr1	591868	591869	22	0.7796
chr1	591968	591969	26	0.8322
chr1	592004	592005	26	0.8645
chr1	592020	592021	33	0.7705
chr1	592038	592039	27	0.8472
chr1	592108	592109	40	0.7289
chr1	592208	592209	38	0.9902
chr1	592308	592309	31	0.7737
chr1	592374	592375	40	0.6021
chr1	592411	592412	33	0.9077
chr1	592511	592512	25	0.9118
chr1	592638	592639	26	1.0
chr1	592773	592774	24	0.8561
chr1	592843	592844	24	0.8545
chr1	592852	592853	33	0.8047
chr1	592952	592953	26	0.8304
chr1	593051	593052	34	0.7523
chr1	593101	593102	34	0.9622
chr1	593185	593186	33	0.8713
chr1	593242	593243	27	0.8346
chr1	593292	593293	28	0.821
chr1	593377	593378	26	0.7412
chr1	593412	593413	37	0.7477
chr1	593811	593812	29	0.8987
chr1	593937	593938	38	0.7661
chr1	593995	593996	30	0.7861
chr1	593999	594000	24	0.9551
chr1	594007	594008	33	0.839
chr1	594135	594136	32	0.7831
chr1	594173	594174	28	0.7733
chr1	594267	594268	22	0.7301
chr1	594301	594302	34	0.8241
chr1	594305	594306	38	0.6959
chr1	594341	594342	27	0.7908
chr1	594359	594360	28	0.918
chr1	594409	594410	34	0.9353
chr1	594492	594493	31	0.8296
chr1	594576	594577	26	0.7939
chr1	594642	594643	29	0.8995
chr1	594707	594708	33	0.9631
chr1	594807	594808	32	0.9874
chr1	594907	594908	35	0.9825
chr1	594953	594954	33	0.8734
chr1	595053	595054	31	1.0
chr1	595210	595211	22	1.0
chr1	595387	595388	30	1.0
chr1	595459	595460	34	0.8681
chr1	595474	595475	31	0.19
chr1	595574	595575	31	0.3686
chr1	595674	595675	28	0.1075
chr1	595724	595725	35	0.0988
chr1	595808	595809	24	0.0959
chr1	595871	595872	24	0.2116
chr1	595960	595961	21	0.0642
chr1	596163	596164	32	0.1237
chr1	596362	596363	24	0.1245
chr1	596384	596385	32	0.0886
chr1	596452	596453	36	0.1978
chr1	596462	596463	21	0.7714
chr1	596512	596513	26	0.8243
chr1	596562	596563	31	0.8474
chr1	596613	596614	39	0.6873
chr1	596713	596714	26	0.723
chr1	596793	596794	34	0.7352
chr1	596890	596891	33	0.7616
chr1	596891	596892	22	0.7906
chr1	596991	596992	37	0.8206
chr1	597091	597092	38	0.7213
chr1	597191	597192	28	0.7038
chr1	597215	597216	32	0.737
chr1	597231	597232	36	0.5407
chr1	597283	597284	24	0.7391
chr1	597343	597344	27	0.7299
chr1	597391	597392	30	0.77
chr1	597395	597396	31	0.6944
chr1	597587	597588	28	0.8299
chr1	597667	597668	30	0.7824
chr1	597677	597678	31	0.6497
chr1	597684	597685	31	0.82
chr1	597755	597756	27	0.6629
chr1	597843	597844	17	0.5655
chr1	597915	597916	26	0.7568
chr1	598015	598016	29	0.8586
chr1	598087	598088	31	0.9316
chr1	598137	598138	40	0.6382
chr1	598152	598153	29	0.7788
chr1	598294	598295	23	0.8301
chr1	598517	598518	26	0.8144
chr1	598617	598618	33	0.8817
chr1	598631	598632	42	0.927
chr1	598677	598678	26	0.742
chr1	598835	598836	29	0.8916
chr1	598837	598838	32	0.8692
chr1	598913	598914	26	0.917
chr1	598967	598968	25	0.8612
chr1	598995	598996	35	0.8915
chr1	599107	599108	32	0.663
chr1	599113	599114	29	0.1343
chr1	599152	599153	30	0.0826
chr1	599198	599199	31	0.2176
chr1	599229	599230	28	0.2051
chr1	599255	599256	34	0.2023
chr1	599305	599306	27	0.0552
chr1	599351	599352	24	0.1126
chr1	599401	599402	29	0.0
chr1	599428	599429	29	0.2829
chr1	599475	599476	37	0.204
chr1	599516	599517	24	0.1148
chr1	599537	599538	28	0.1042
chr1	599576	599577	31	0.1618
chr1	599580	599581	25	0.1565
chr1	599662	599663	27	0.2965
chr1	599745	599746	34	0.227
chr1	599819	599820	22	0.0759
chr1	599919	599920	34	0.1197
chr1	600019	600020	33	0.1745
chr1	600033	600034	27	0.1548
chr1	600069	600070	29	0.1194
chr1	600085	600086	32	0.0753
chr1	600101	600102	28	0.029
chr1	600189	600190	26	0.1307
chr1	600377	600378	35	0.1178
chr1	600493	600494	32	0.0871
chr1	600514	600515	20	0.744
chr1	600582	600583	30	0.6806
chr1	600682	600683	31	0.2815
chr1	600758	600759	26	0.7122
chr1	600808	600809	20	0.8125
chr1	600883	600884	36	0.469
chr1	600924	600925	23	0.536
chr1	601024	601025	27	0.7822
chr1	601359	601360	27	0.7885
chr1	601363	601364	27	0.7676
chr1	601368	601369	25	0.8495
chr1	601418	601419	32	0.8374
chr1	601518	601519	34	0.8208
chr1	601618	601619	32	0.7541
chr1	601668	601669	33	0.7458
chr1	601724	601725	24	0.7613
chr1	601824	601825	30	0.8764
chr1	601909	601910	40	0.8705
chr1	602409	602410	29	0.7275
chr1	602433	602434	25	0.8657
chr1	602533	602534	30	0.9068
chr1	602599	602600	34	0.7133
chr1	602601	602602	42	0.8107
chr1	602725	602726	30	0.8032
chr1	602799	602800	26	0.6731
chr1	602869	602870	35	0.8245
chr1	602879	602880	29	0.8941
chr1	602910	602911	34	0.9875
chr1	603002	603003	29	0.9222
chr1	603102	603103	33	0.7416
chr1	603152	603153	28	0.922
chr1	603252	603253	26	0.8543
chr1	603352	603353	34	0.8786
chr1	603390	603391	29	0.886
chr1	603569	603570	31	0.8866
chr1	603687	603688	41	0.8501
chr1	603787	603788	25	0.8564
chr1	603839	603840	41	0.8867
chr1	603844	603845	25	0.7934
chr1	603944	603945	28	0.8646
chr1	604044	604045	26	0.8687
chr1	604144	604145	30	0.8777
chr1	604207	604208	23	0.9874
chr1	604307	604308	36	0.8681
chr1	604308	604309	28	0.8881
chr1	604461	604462	26	0.9937
chr1	604561	604562	29	0.9227
chr1	604661	604662	25	0.8952
chr1	604721	604722	32	0.8082
chr1	604731	604732	34	0.8867
chr1	604853	604854	33	0.7302
chr1	604869	604870	29	0.7265
chr1	604959	604960	38	0.8595
chr1	604961	604962	31	0.9075
chr1	605013	605014	27	0.7826
chr1	605034	605035	33	0.0547
chr1	605134	605135	31	0.0
chr1	605234	605235	37	0.2839
chr1	605334	605335	24	0.1783
chr1	605402	605403	25	0.0194
chr1	605491	605492	30	0.1253
chr1	605557	605558	31	0.1696
chr1	605759	605760	36	0.2544
chr1	606038	606039	26	0.0913
chr1	606116	606117	30	0.0794
chr1	606136	606137	27	0.1973
chr1	606141	606142	29	0.8792
chr1	606241	606242	32	0.7999
chr1	606317	606318	33	0.8776
chr1	606379	606380	19	0.7848
chr1	606479	606480	25	1.0
chr1	606536	606537	35	0.828
chr1	606585	606586	24	0.8676
chr1	606685	606686	40	0.7846
chr1	606828	606829	32	0.8475
chr1	606928	606929	34	0.8217
chr1	606938	606939	23	0.8303
chr1	606952	606953	40	0.9057
chr1	606980	606981	30	0.9585
chr1	607170	607171	31	0.7504
chr1	607174	607175	33	0.8915
chr1	607192	607193	24	0.946
chr1	607316	607317	34	0.9016
chr1	607320	607321	26	0.7275
chr1	607396	607397	32	0.7494
chr1	607434	607435	32	0.7784
chr1	607505	607506	29	0.9957
chr1	607605	607606	31	0.9942
chr1	607705	607706	27	0.9341
chr1	607805	607806	28	0.8651
chr1	607870	607871	32	0.9404
chr1	607970	607971	18	0.8978
chr1	608287	608288	25	1.0
chr1	608323	608324	24	0.8167
chr1	608383	608384	35	0.9813
chr1	608390	608391	29	1.0
chr1	608480	608481	21	1.0
chr1	608580	608581	32	0.9191
chr1	608640	608641	29	0.7317
chr1	608714	608715	34	0.798
chr1	608764	608765	34	0.9245
chr1	608846	608847	26	0.7872
chr1	608946	608947	29	1.0
chr1	609065	609066	31	0.9855
chr1	609186	609187	31	0.902
chr1	609286	609287	31	0.8067
chr1	609384	609385	35	0.8931
chr1	609400	609401	36	0.8719
chr1	609408	609409	38	0.8967
chr1	609448	609449	34	0.8813
chr1	609478	609479	27	1.0
chr1	609482	609483	29	0.821
chr1	609518	609519	36	0.8442
chr1	609536	609537	27	0.7604
chr1	609636	609637	30	0.8116
chr1	609736	609737	28	0.6486
chr1	609836	609837	33	0.8112
chr1	609936	609937	20	0.7658
chr1	610036	610037	19	0.6804
chr1	610039	610040	21	0.6566
chr1	610182	610183	33	0.7361
chr1	610369	610370	24	0.7962
chr1	610385	610386	32	0.6416
chr1	610413	610414	38	0.9009
chr1	610454	610455	34	0.3307
chr1	610548	610549	31	0.2119
chr1	610598	610599	27	0.2273
chr1	610688	610689	19	0.367
chr1	610788	610789	22	0.1786
chr1	610888	610889	30	0.2399
chr1	610988	610989	33	0.2012
chr1	611006	611007	30	0.3343
chr1	611255	611256	29	0.3924
chr1	611460	611461	29	0.2355
chr1	611486	611487	32	0.0423
chr1	611548	611549	28	0.3336
chr1	611572	611573	31	0.7628
chr1	611672	611673	36	0.8362
chr1	611772	611773	26	0.5904
chr1	611872	611873	35	0.7293
chr1	611972	611973	31	0.6851
chr1	612071	612072	33	0.6696
chr1	612171	612172	27	0.8274
chr1	612336	612337	24	0.7467
chr1	612489	612490	33	0.7809
chr1	612515	612516	33	0.659
chr1	612525	612526	22	0.6719
chr1	612556	612557	35	0.8351
chr1	612656	612657	31	0.9178
chr1	612756	612757	32	0.9724
chr1	612856	612857	33	0.8133
chr1	612924	612925	28	0.6697
chr1	612995	612996	30	0.7816
chr1	613145	613146	36	0.8521
chr1	613426	613427	32	0.7971
chr1	613446	613447	25	0.9216
chr1	613510	613511	31	0.9297
chr1	613546	613547	35	0.586
chr1	613646	613647	24	0.0
chr1	613746	613747	26	0.0596
chr1	613846	613847	26	0.4307
chr1	613946	613947	30	0.0
chr1	614020	614021	29	0.3358
chr1	614068	614069	28	0.0863
chr1	614346	614347	30	0.372
chr1	614446	614447	39	0.2346
chr1	614508	614509	32	0.0
chr1	614523	614524	48	0.8562
chr1	614623	614624	33	0.8744
chr1	614723	614724	27	1.0
chr1	614810	614811	21	0.902
chr1	614910	614911	37	1.0
chr1	615010	615011	38	0.8847
chr1	615089	615090	26	0.8159
chr1	615197	615198	34	0.9683
chr1	615320	615321	27	0.7931
chr1	615515	615516	21	0.8507
chr1	615615	615616	29	0.9796
chr1	615703	615704	24	0.8738
chr1	615744	615745	27	0.3371
chr1	615823	615824	23	0.2824
chr1	615879	615880	33	0.2553
chr1	615954	615955	34	0.3441
chr1	616054	616055	37	0.2953
chr1	616154	616155	26	0.2781
chr1	616213	616214	31	0.3667
chr1	616432	616433	29	0.1837
chr1	616647	616648	33	0.3451
chr1	616713	616714	26	0.2964
chr1	616741	616742	28	0.2238
chr1	616765	616766	31	0.8926
chr1	616865	616866	24	0.9074
chr1	616965	616966	36	0.9627
chr1	617065	617066	26	0.9106
chr1	617165	617166	38	0.8351
chr1	617236	617237	28	0.7625
chr1	617304	617305	24	0.864
chr1	617351	617352	21	0.7457
chr1	617851	617852	29	0.8669
chr1	617909	617910	18	0.758
chr1	617952	617953	29	1.0
chr1	618052	618053	32	0.463
chr1	618152	618153	29	0.978
chr1	618228	618229	27	1.0
chr1	618328	618329	32	1.0
chr1	618408	618409	29	0.9596
chr1	618418	618419	38	1.0
chr1	618642	618643	38	0.7464
chr1	618742	618743	34	0.9563
chr1	618828	618829	41	0.6718
chr1	618836	618837	32	1.0
chr1	618882	618883	30	0.6731
chr1	618949	618950	30	0.6908
chr1	619049	619050	26	0.8197
chr1	619149	619150	29	0.6359
chr1	619239	619240	29	0.6438
chr1	619308	619309	25	0.6326
chr1	619360	619361	39	0.7403
chr1	619399	619400	27	0.6006
chr1	619640	619641	26	0.625
chr1	619740	619741	24	0.7649
chr1	619758	619759	33	0.6424
chr1	619774	619775	21	0.6763
chr1	619833	619834	27	0.7005
chr1	619933	619934	41	0.5887
chr1	619987	619988	30	0.5986
chr1	620073	620074	23	0.6561
chr1	620173	620174	30	0.5042
chr1	620224	620225	33	0.6975
chr1	620317	620318	31	0.6865
chr1	620461	620462	36	0.7669
chr1	620719	620720	27	0.7915
chr1	620803	620804	29	0.7511
chr1	620808	620809	28	0.2058
chr1	620908	620909	26	0.0013
chr1	620958	620959	33	0.0964
chr1	621058	621059	23	0.07
chr1	621158	621159	22	0.1839
chr1	621237	621238	25	0.1354
chr1	621298	621299	23	0.1234
chr1	621466	621467	26	0.1587
chr1	621478	621479	26	0.1403
chr1	621520	621521	31	0.0886
chr1	621602	621603	37	0.0805
chr1	621674	621675	28	0.1149
chr1	621693	621694	32	0.7845
chr1	621743	621744	30	0.7504
chr1	621793	621794	24	0.6786
chr1	621893	621894	37	0.8838
chr1	621943	621944	30	0.7729
chr1	622043	622044	25	0.8661
chr1	622143	622144	29	0.8652
chr1	622163	622164	35	0.7507
chr1	622263	622264	26	0.6698
chr1	622363	622364	25	0.6398
chr1	622584	622585	36	0.67
chr1	622654	622655	38	0.7067
chr1	622661	622662	34	0.9248
chr1	622711	622712	31	0.905
chr1	622797	622798	31	0.7527
chr1	622852	622853	31	0.7567
chr1	622952	622953	29	0.7725
chr1	623002	623003	35	0.7989
chr1	623062	623063	38	0.8114
chr1	623093	623094	22	0.8079
chr1	623248	623249	34	0.7977
chr1	623419	623420	27	0.8811
chr1	623519	623520	27	0.8474
chr1	623549	623550	26	0.8287
chr1	623577	623578	26	0.8274
chr1	623605	623606	37	0.9564
chr1	623609	623610	28	0.7274
chr1	623643	623644	36	0.897
chr1	623685	623686	26	0.7875
chr1	623773	623774	36	0.7273
chr1	623775	623776	24	0.8102
chr1	623815	623816	31	0.8461
chr1	623823	623824	26	0.8394
chr1	623828	623829	24	0.0824
chr1	623889	623890	31	0.2773
chr1	623989	623990	31	0.0
chr1	624083	624084	28	0.1171
chr1	624183	624184	25	0.0346
chr1	624258	624259	30	0.2251
chr1	624324	624325	31	0.1777
chr1	624481	624482	29	0.1325
chr1	624595	624596	39	0.2251
chr1	624645	624646	25	0.1436
chr1	624833	624834	32	0.2626
chr1	624841	624842	31	0.1504
chr1	624845	624846	39	0.0751
chr1	624871	624872	35	0.1291
chr1	624969	624970	23	0.1781
chr1	625007	625008	24	0.1362
chr1	625016	625017	27	0.8002
chr1	625055	625056	33	0.8564
chr1	625084	625085	32	0.7753
chr1	625108	625109	38	0.6727
chr1	625133	625134	19	0.7377
chr1	625176	625177	24	0.881
chr1	625203	625204	32	0.9555
chr1	625248	625249	30	0.8645
chr1	625290	625291	34	0.9018
chr1	625340	625341	31	0.8226
chr1	625363	625364	26	0.6794
chr1	625404	625405	33	0.7767
chr1	625428	625429	23	0.7706
chr1	625470	625471	32	0.9751
chr1	625491	625492	28	0.9123
chr1	625506	625507	31	0.7632
chr1	625545	625546	27	0.6258
chr1	625546	625547	22	0.7295
chr1	625646	625647	39	0.9212
chr1	625741	625742	35	0.8096
chr1	625841	625842	35	0.7742
chr1	625941	625942	26	0.8332
chr1	626041	626042	34	0.7693
chr1	626193	626194	30	0.8881
chr1	626235	626236	33	0.7713
chr1	626325	626326	28	0.6779
chr1	626341	626342	24	0.8447
chr1	626355	626356	33	0.7432
chr1	626441	626442	25	0.8345
chr1	626451	626452	25	0.8149
chr1	626466	626467	24	0.9163
chr1	626481	626482	25	0.8866
chr1	626513	626514	33	0.927
chr1	626549	626550	28	0.935
chr1	626580	626581	32	0.8572
chr1	626630	626631	28	0.7559
chr1	626661	626662	25	0.8877
chr1	626695	626696	24	0.9008
chr1	626719	626720	34	0.8602
chr1	626743	626744	41	0.8427
chr1	626778	626779	36	0.7951
chr1	626821	626822	27	1.0
chr1	626862	626863	23	0.8992
chr1	626900	626901	42	1.0
chr1	626931	626932	39	0.9496
chr1	626946	626947	24	0.9866
chr1	626962	626963	34	1.0
chr1	626973	626974	24	0.9554
chr1	627073	627074	24	0.936
chr1	627173	627174	31	0.966
chr1	627237	627238	27	0.8229
chr1	627332	627333	30	0.862
chr1	627393	627394	26	0.9808
chr1	627493	627494	31	0.8663
chr1	627561	627562	33	0.9017
chr1	627635	627636	34	0.9662
chr1	627797	627798	29	1.0
chr1	627805	627806	30	0.8941
chr1	627877	627878	24	0.8997
chr1	627911	627912	29	0.8271
chr1	627918	627919	32	0.7066
chr1	627968	627969	33	0.6338
chr1	628048	628049	27	0.7783
chr1	628137	628138	36	0.6045
chr1	628237	628238	22	0.6412
chr1	628337	628338	25	0.8187
chr1	628361	628362	31	0.7384
chr1	628495	628496	28	0.6992
chr1	628595	628596	33	0.6818
chr1	628625	628626	28	0.6583
chr1	628659	628660	27	0.7156
chr1	628753	628754	22	0.7741
chr1	628783	628784	36	0.7795
chr1	628809	628810	33	0.6747
chr1	628819	628820	24	0.8191
chr1	628853	628854	30	0.7684
chr1	628859	628860	28	0.7185
chr1	628897	628898	30	0.6781
chr1	628903	628904	26	0.6612
chr1	628924	628925	25	0.6646
chr1	629024	629025	42	0.6101
chr1	629124	629125	32	0.8292
chr1	629210	629211	28	0.7657
chr1	629302	629303	30	0.8122
chr1	629402	629403	26	0.7283
chr1	629412	629413	25	0.8161
chr1	629512	629513	26	0.7988
chr1	629612	629613	38	0.8216
chr1	629712	629713	26	0.73
chr1	629812	629813	28	0.7697
chr1	629910	629911	35	0.6921
chr1	629928	629929	28	0.6863
chr1	630010	630011	27	0.8086
chr1	630106	630107	31	0.8096
chr1	630206	630207	30	0.8177
chr1	630306	630307	39	0.9351
chr1	630363	630364	27	0.878
chr1	630442	630443	28	0.7502
chr1	630481	630482	28	0.8106
chr1	630697	630698	26	0.9392
chr1	630721	630722	30	0.7055
chr1	630725	630726	40	0.7923
chr1	630730	630731	33	0.2084
chr1	630765	630766	28	0.0942
chr1	630807	630808	27	0.0
chr1	630837	630838	32	0.1439
chr1	630880	630881	35	0.0344
chr1	630916	630917	27	0.0813
chr1	630966	630967	24	0.0156
chr1	631004	631005	37	0.1589
chr1	631036	631037	27	0.1184
chr1	631058	631059	27	0.0
chr1	631078	631079	32	0.1646
chr1	631128	631129	30	0.0
chr1	631143	631144	29	0.0706
chr1	631184	631185	36	0.0
chr1	631207	631208	33	0.0
chr1	631232	631233	31	0.1241
chr1	631249	631250	32	0.0394
chr1	631283	631284	33	0.0714
chr1	631289	631290	24	0.0099
chr1	631339	631340	26	0.0924
chr1	631439	631440	35	0.0426
chr1	631518	631519	35	0.1271
chr1	631618	631619	31	0.0241
chr1	631718	631719	29	0.0438
chr1	631818	631819	32	0.0948
chr1	631866	631867	26	0.0989
chr1	631880	631881	28	0.1298
chr1	631886	631887	39	0.0817
chr1	632002	632003	33	0.2438
chr1	632188	632189	23	0.1076
chr1	632238	632239	27	0.1795
chr1	632268	632269	31	0.037
chr1	632277	632278	26	0.0
chr1	632366	632367	23	0.0758
chr1	632466	632467	28	0.083
chr1	632566	632567	30	0.0563
chr1	632616	632617	38	0.1168
chr1	632666	632667	28	0.1182
chr1	632766	632767	28	0.0556
chr1	632775	632776	30	0.0
chr1	632891	632892	24	0.0008
chr1	633021	633022	38	0.0
chr1	633153	633154	18	0.0
chr1	633235	633236	33	0.0787
chr1	633343	633344	34	0.1452
chr1	633383	633384	31	0.0831
chr1	633499	633500	39	0.0963
chr1	633505	633506	22	0.1809
chr1	633591	633592	31	0.1715
chr1	633609	633610	33	0.7676
chr1	633709	633710	27	0.6607
chr1	633782	633783	28	0.501
chr1	633882	633883	25	0.7966
chr1	633980	633981	27	0.6837
chr1	634030	634031	27	0.741
chr1	634054	634055	32	0.7381
chr1	634256	634257	22	0.7124
chr1	634356	634357	27	0.6966
chr1	634360	634361	26	0.7321
chr1	634377	634378	27	0.6669
chr1	634477	634478	29	0.7529
chr1	634577	634578	21	0.7405
chr1	634677	634678	24	0.5967
chr1	634773	634774	31	0.7227
chr1	634863	634864	27	0.7584
chr1	634898	634899	26	0.6773
chr1	635118	635119	23	0.644
chr1	635218	635219	31	0.6885
chr1	635284	635285	31	0.7343
chr1	635290	635291	27	0.7706
chr1	635390	635391	33	0.7796
chr1	635490	635491	32	0.9027
chr1	635590	635591	30	0.788
chr1	635640	635641	25	0.8529
chr1	635724	635725	23	0.7516
chr1	635747	635748	30	0.6309
chr1	636037	636038	29	0.9337
chr1	636169	636170	33	0.6596
chr1	636219	636220	27	0.7848
chr1	636279	636280	35	0.7135
chr1	636285	636286	40	0.815
chr1	636377	636378	22	0.7985
chr1	636445	636446	36	0.7923
chr1	636505	636506	30	0.7592
chr1	636523	636524	31	0.8763
chr1	636573	636574	32	0.7065
chr1	636611	636612	31	0.7594
chr1	636665	636666	30	0.8128
chr1	636708	636709	27	0.2626
chr1	636808	636809	27	0.0372
chr1	636879	636880	35	0.2079
chr1	636979	636980	27	0.1039
chr1	637079	637080	31	0.2358
chr1	637179	637180	29	0.1213
chr1	637207	637208	46	0.1392
chr1	637307	637308	37	0.1154
chr1	637438	637439	26	0.1053
chr1	637610	637611	31	0.337
chr1	637616	637617	31	0.0579
chr1	637626	637627	27	0.05
chr1	637651	637652	30	0.026
chr1	637690	637691	35	0.0391
chr1	637713	637714	29	0.2266
chr1	637739	637740	28	0.1655
chr1	637782	637783	22	0.1715
chr1	637797	637798	37	0.024
chr1	637847	637848	26	0.0
chr1	637865	637866	35	0.1276
chr1	637907	637908	30	0.0404
chr1	637943	637944	32	0.0524
chr1	637958	637959	31	0.1126
chr1	637976	637977	33	0.0076
chr1	638016	638017	28	0.0572
chr1	638046	638047	26	0.0165
chr1	638061	638062	33	0.1722
chr1	638095	638096	25	0.0584
chr1	638120	638121	24	0.1085
chr1	638150	638151	21	0.1727
chr1	638180	638181	30	0.2137
chr1	638248	638249	22	0.0
chr1	638298	638299	32	0.0153
chr1	638348	638349	40	0.028
chr1	638403	638404	32	0.1991
chr1	638503	638504	36	0.1499
chr1	638577	638578	23	0.0988
chr1	638664	638665	29	0.0965
chr1	638744	638745	29	0.1032
chr1	638880	638881	30	0.1014
chr1	638898	638899	33	0.1951
chr1	638946	638947	35	0.1341
chr1	639150	639151	32	0.1123
chr1	639160	639161	33	0.0
chr1	639260	639261	32	0.1493
chr1	639310	639311	27	0.1349
chr1	639410	639411	32	0.062
chr1	639510	639511	30	0.0197
chr1	639588	639589	28	0.2344
chr1	639651	639652	30	0.0
chr1	639723	639724	33	0.0
chr1	639741	639742	25	0.1157
chr1	639841	639842	29	0.0888
chr1	640025	640026	33	0.0633
chr1	640164	640165	28	0.0807
chr1	640264	640265	26	0.1724
chr1	640328	640329	23	0.2333
chr1	640440	640441	28	0.1408
chr1	640460	640461	28	0.0465
chr1	640478	640479	35	0.1046
chr1	640506	640507	32	0.0973
chr1	640543	640544	30	0.9495
chr1	640643	640644	36	0.8589
chr1	640714	640715	28	1.0
chr1	640777	640778	19	0.8434
chr1	640827	640828	27	0.9009
chr1	640879	640880	37	0.7418
chr1	640979	640980	31	0.8865
chr1	641027	641028	21	0.9551
chr1	641165	641166	29	0.7689
chr1	641265	641266	23	0.9405
chr1	641450	641451	31	0.8565
chr1	641488	641489	34	0.9024
chr1	641498	641499	29	0.866
chr1	641598	641599	32	0.8392
chr1	641698	641699	35	0.8984
chr1	641769	641770	24	0.8827
chr1	641869	641870	22	0.8442
chr1	641922	641923	33	0.9392
chr1	642204	642205	28	0.968
chr1	642254	642255	36	0.8732
chr1	642256	642257	33	0.7759
chr1	642388	642389	34	0.7995
chr1	642468	642469	28	0.8772
chr1	642634	642635	26	0.9211
chr1	642676	642677	33	0.8339
chr1	642776	642777	28	0.824
chr1	642851	642852	33	0.7635
chr1	642922	642923	33	0.6875
chr1	643022	643023	29	0.9589
chr1	643072	643073	37	0.8321
chr1	643129	643130	29	0.8075
chr1	643199	643200	38	0.8109
chr1	643373	643374	30	0.8128
chr1	643473	643474	31	0.7361
chr1	643659	643660	27	0.7609
chr1	643727	643728	29	0.8125
chr1	643755	643756	33	0.505
chr1	643847	643848	34	0.6414
chr1	643933	643934	22	0.5917
chr1	644033	644034	36	0.5723
chr1	644133	644134	29	0.6162
chr1	644150	644151	30	0.7049
chr1	644232	644233	30	0.7204
chr1	644237	644238	35	0.194
chr1	644337	644338	30	0.2536
chr1	644437	644438	30	0.2683
chr1	644537	644538	22	0.115
chr1	644597	644598	27	0.1573
chr1	644683	644684	27	0.1134
chr1	644783	644784	31	0.1845
chr1	644791	644792	33	0.1949
chr1	644927	644928	28	0.387
chr1	645129	645130	42	0.2311
chr1	645133	645134	23	0.1045
chr1	645191	645192	36	0.2232
chr1	645273	645274	35	0.1183
chr1	645295	645296	34	0.4421
chr1	645311	645312	19	0.2517
chr1	645379	645380	32	0.2435
chr1	645425	645426	30	0.3982
chr1	645447	645448	35	0.0771
chr1	645513	645514	34	0.1127
chr1	645535	645536	23	0.8376
chr1	645592	645593	29	0.8741
chr1	645692	645693	36	0.6655
chr1	645792	645793	29	0.7563
chr1	645892	645893	23	0.8081
chr1	645992	645993	25	0.8974
chr1	646042	646043	29	0.759
chr1	646092	646093	23	0.644
chr1	646110	646111	37	0.7777
chr1	646210	646211	38	0.6272
chr1	646359	646360	29	0.8171
chr1	646459	646460	25	0.77
chr1	646483	646484	32	0.7626
chr1	646512	646513	31	0.8014
chr1	646612	646613	33	0.9385
chr1	646684	646685	20	0.7187
chr1	646784	646785	34	0.9205
chr1	646878	646879	22	0.7847
chr1	646939	646940	23	0.8507
chr1	647039	647040	22	0.943
chr1	647052	647053	28	0.8348
chr1	647316	647317	32	0.8881
chr1	647444	647445	28	0.9001
chr1	647559	647560	29	0.9218
chr1	647583	647584	31	0.8102
chr1	647653	647654	29	0.7554
chr1	647693	647694	38	0.0565
chr1	647774	647775	27	0.1834
chr1	647874	647875	31	0.0702
chr1	647947	647948	26	0.0753
chr1	648047	648048	30	0.0089
chr1	648117	648118	34	0.0
chr1	648167	648168	30	0.1099
chr1	648225	648226	28	0.0421
chr1	648511	648512	28	0.1482
chr1	648637	648638	19	0.0277
chr1	648655	648656	24	0.1625
chr1	648703	648704	36	0.0808
chr1	648739	648740	30	0.7511
chr1	648789	648790	31	0.8909
chr1	648889	648890	34	0.904
chr1	648989	648990	31	0.8333
chr1	649083	649084	40	0.7678
chr1	649142	649143	31	0.8339
chr1	649209	649210	27	0.8858
chr1	649309	649310	31	0.9521
chr1	649455	649456	24	0.788
chr1	649555	649556	30	0.9565
chr1	649655	649656	16	0.9298
chr1	649711	649712	26	0.8077
chr1	649717	649718	29	0.7426
chr1	649760	649761	33	0.7786
chr1	649860	649861	28	0.7028
chr1	649960	649961	37	0.3201
chr1	650010	650011	30	0.172
chr1	650070	650071	33	0.8259
chr1	650170	650171	29	0.186
chr1	650172	650173	26	0.7059
chr1	650272	650273	40	0.8818
chr1	650472	650473	31	0.7693
chr1	650506	650507	23	0.926
chr1	650572	650573	27	0.964
chr1	650615	650616	28	0.3354
chr1	650715	650716	31	0.2828
chr1	650765	650766	32	0.3405
chr1	650865	650866	31	0.4268
chr1	650961	650962	29	0.3063
chr1	651057	651058	28	0.3823
chr1	651157	651158	24	0.3961
chr1	651211	651212	27	0.4077
chr1	651311	651312	34	0.5427
chr1	651419	651420	34	0.324
chr1	651767	651768	35	0.3596
chr1	651837	651838	20	0.1659
chr1	651849	651850	27	0.0
chr1	651949	651950	32	0.2104
chr1	652049	652050	27	0.0479
chr1	652111	652112	24	0.1585
chr1	652211	652212	38	0.1583
chr1	652296	652297	35	0.0561
chr1	652470	652471	30	0.1954
chr1	652484	652485	30	0.1516
chr1	652497	652498	31	0.5966
chr1	652597	652598	31	0.6082
chr1	652697	652698	31	0.5008
chr1	652797	652798	30	0.4248
chr1	652854	652855	28	0.5044
chr1	652954	652955	32	0.7889
chr1	652962	652963	32	0.4481
chr1	653097	653098	40	0.5367
chr1	653197	653198	26	0.8299
chr1	653407	653408	35	0.5618
chr1	653453	653454	29	0.6963
chr1	653468	653469	24	0.6382
chr1	653543	653544	24	0.7763
chr1	653630	653631	37	0.7781
chr1	653730	653731	28	0.8049
chr1	653830	653831	30	0.8153
chr1	653930	653931	36	0.6554
chr1	653949	653950	32	0.5703
chr1	654159	654160	29	0.6156
chr1	654277	654278	35	0.5847
chr1	654293	654294	22	0.5069
chr1	654317	654318	29	0.7855
chr1	654365	654366	26	0.0
chr1	654433	654434	28	0.1627
chr1	654483	654484	38	0.0865
chr1	654558	654559	34	0.2234
chr1	654658	654659	19	0.074
chr1	654758	654759	36	0.1264
chr1	654853	654854	23	0.1218
chr1	654882	654883	38	0.2167
chr1	655009	655010	34	0.0846
chr1	655065	655066	36	0.1099
chr1	655114	655115	24	0.9318
chr1	655202	655203	31	0.6046
chr1	655302	655303	33	0.6141
chr1	655352	655353	37	0.5457
chr1	655452	655453	29	0.9172
chr1	655526	655527	27	0.7569
chr1	655626	655627	34	0.6225
chr1	655641	655642	26	0.7022
chr1	655741	655742	32	0.9135
chr1	655876	655877	29	0.7422
chr1	655976	655977	39	0.6593
chr1	656103	656104	29	0.8122
chr1	656191	656192	29	0.997
chr1	656209	656210	26	0.0906
chr1	656309	656310	32	0.0
chr1	656386	656387	37	0.033
chr1	656436	656437	34	0.0594
chr1	656536	656537	26	0.0993
chr1	656586	656587	26	0.0751
chr1	656659	656660	33	0.146
chr1	656874	656875	30	0.1187
chr1	656974	656975	33	0.1482
chr1	656978	656979	28	0.0512
chr1	656996	656997	34	0.6316
chr1	657088	657089	36	0.5381
chr1	657188	657189	35	0.6081
chr1	657288	657289	31	0.6787
chr1	657388	657389	29	0.6212
chr1	657446	657447	37	0.7143
chr1	657491	657492	32	0.7518
chr1	657591	657592	26	0.5488
chr1	657756	657757	30	0.6491
chr1	657865	657866	29	0.7587
chr1	657957	657958	31	0.7957
chr1	657997	657998	28	0.3355
chr1	658097	658098	28	0.398
chr1	658151	658152	27	0.3497
chr1	658251	658252	38	0.4109
chr1	658351	658352	27	0.3763
chr1	658442	658443	31	0.3476
chr1	658519	658520	23	0.4068
chr1	658536	658537	29	0.3267
chr1	658649	658650	30	0.3115
chr1	658892	658893	24	0.3223
chr1	658992	658993	29	0.2142
chr1	659046	659047	42	0.3065
chr1	659072	659073	14	0.3918
chr1	659118	659119	32	0.8787
chr1	659184	659185	37	0.7069
chr1	659245	659246	30	0.7789
chr1	659345	659346	29	0.8098
chr1	659416	659417	33	0.8274
chr1	659466	659467	35	0.7056
chr1	659566	659567	31	0.8535
chr1	659616	659617	33	0.8237
chr1	659716	659717	35	0.7649
chr1	659728	659729	36	0.755
chr1	659839	659840	30	0.6169
chr1	659939	659940	19	0.5482
chr1	660009	660010	21	0.6449
chr1	660026	660027	32	0.3317
chr1	660094	660095	23	0.1717
chr1	660194	660195	21	0.185
chr1	660294	660295	27	0.1738
chr1	660394	660395	27	0.1496
chr1	660494	660495	32	0.1786
chr1	660508	660509	21	0.1357
chr1	660608	660609	30	0.1571
chr1	660968	660969	23	0.133
chr1	660988	660989	39	0.3388
chr1	661066	661067	27	0.1072
chr1	661075	661076	32	0.0877
chr1	661125	661126	38	0.0507
chr1	661217	661218	27	0.204
chr1	661317	661318	36	0.0
chr1	661417	661418	37	0.1039
chr1	661467	661468	26	0.1014
chr1	661567	661568	26	0.1084
chr1	661626	661627	32	0.1069
chr1	661840	661841	32	0.0595
chr1	661976	661977	27	0.0182
chr1	662044	662045	32	0.0715
chr1	662294	662295	25	0.0852
chr1	662310	662311	28	0.2039
chr1	662316	662317	27	0.1196
chr1	662424	662425	27	0.0
chr1	662447	662448	23	0.8775
chr1	662534	662535	27	0.5683
chr1	662594	662595	35	0.6374
chr1	662694	662695	26	0.5499
chr1	662787	662788	29	0.727
chr1	662861	662862	33	0.8248
chr1	662915	662916	34	0.8769
chr1	662931	662932	36	0.6755
chr1	662963	662964	34	0.7678
chr1	663007	663008	25	0.6813
chr1	663107	663108	20	0.757
chr1	663207	663208	29	0.7566
chr1	663307	663308	25	0.5476
chr1	663397	663398	37	0.7427
chr1	663497	663498	29	0.9517
chr1	663527	663528	26	0.7048
chr1	663627	663628	26	0.7945
chr1	663677	663678	29	0.6675
chr1	663709	663710	22	0.6946
chr1	663752	663753	32	0.8288
chr1	663802	663803	33	0.7543
chr1	663902	663903	27	0.8428
chr1	664002	664003	27	0.9265
chr1	664061	664062	30	0.9442
chr1	664149	664150	25	0.8876
chr1	664249	664250	27	0.8943
chr1	664309	664310	28	0.8915
chr1	664425	664426	31	0.8582
chr1	664525	664526	28	0.7047
chr1	664671	664672	28	0.7691
chr1	664785	664786	33	0.9754
chr1	664801	664802	34	0.8455
chr1	664811	664812	31	0.9272
chr1	664830	664831	29	0.6644
chr1	664930	664931	34	0.7029
chr1	664990	664991	33	0.7553
chr1	665078	665079	41	0.7495
chr1	665134	665135	38	0.7399
chr1	665234	665235	29	0.561
chr1	665284	665285	30	0.4421
chr1	665366	665367	35	0.7578
chr1	665503	665504	35	0.5685
chr1	665507	665508	33	0.619
chr1	665573	665574	29	0.4372
chr1	665586	665587	30	0.6862
chr1	665686	665687	36	0.6552
chr1	665786	665787	30	0.812
chr1	665841	665842	36	0.9999
chr1	665941	665942	29	0.7698
chr1	666002	666003	34	0.6867
chr1	666078	666079	29	0.7173
chr1	666160	666161	26	0.97
chr1	666163	666164	31	0.9847
chr1	666634	666635	24	0.8369
chr1	666648	666649	26	0.6927
chr1	666696	666697	36	0.8026
chr1	666727	666728	45	1.0
chr1	666827	666828	36	0.9803
chr1	666927	666928	36	0.9449
chr1	667013	667014	28	0.8484
chr1	667078	667079	35	1.0
chr1	667178	667179	31	1.0
chr1	667235	667236	39	0.9023
chr1	667673	667674	36	1.0
chr1	667719	667720	27	0.9232
chr1	667737	667738	37	0.6206
chr1	667837	667838	34	0.5029
chr1	667887	667888	33	0.4923
chr1	667979	667980	25	0.6092
chr1	668038	668039	23	0.6862
chr1	668115	668116	27	0.486
chr1	668179	668180	32	0.4957
chr1	668239	668240	27	0.6176
chr1	668269	668270	32	0.4676
chr1	668371	668372	33	0.5108
chr1	668463	668464	31	0.5638
chr1	668489	668490	27	0.7234
chr1	668557	668558	25	0.8209
chr1	668607	668608	27	0.8124
chr1	668685	668686	29	0.7021
chr1	668785	668786	25	0.8848
chr1	668885	668886	27	0.8152
chr1	668985	668986	32	0.7685
chr1	669043	669044	26	0.9972
chr1	669144	669145	25	0.7392
chr1	669285	669286	23	0.8452
chr1	669385	669386	28	0.9009
chr1	669387	669388	31	0.8646
chr1	669481	669482	24	0.8195
chr1	669531	669532	33	0.7575
chr1	669581	669582	22	0.5261
chr1	669671	669672	20	0.5558
chr1	669741	669742	40	0.7063
chr1	669841	669842	31	0.5347
chr1	669941	669942	25	0.6856
chr1	669990	669991	23	0.688
chr1	670213	670214	25	0.5669
chr1	670347	670348	21	0.4823
chr1	670349	670350	33	0.523
chr1	670427	670428	29	0.7411
chr1	670471	670472	32	0.0777
chr1	670538	670539	29	0.2226
chr1	670638	670639	26	0.1179
chr1	670694	670695	25	0.2016
chr1	670758	670759	29	0.0917
chr1	670858	670859	33	0.1778
chr1	670958	670959	24	0.2819
chr1	670980	670981	26	0.1506
chr1	671453	671454	29	0.2548
chr1	671501	671502	28	0.3233
chr1	671507	671508	37	0.9228
chr1	671557	671558	32	0.6962
chr1	671648	671649	20	0.7623
chr1	671698	671699	38	0.8203
chr1	671798	671799	34	0.8719
chr1	671898	671899	36	0.8723
chr1	671997	671998	28	0.7107
chr1	672088	672089	29	0.7332
chr1	672101	672102	21	0.646
chr1	672308	672309	29	0.888
chr1	672408	672409	27	0.7377
chr1	672509	672510	40	0.7913
chr1	672688	672689	24	0.9687
chr1	672704	672705	29	0.7931
chr1	672770	672771	35	0.6739
chr1	672878	672879	30	0.8162
chr1	672886	672887	26	0.8668
chr1	672910	672911	34	0.7133
chr1	672970	672971	29	0.8389
chr1	672998	672999	27	0.7387
chr1	673056	673057	38	0.8139
chr1	673154	673155	29	0.7077
chr1	673178	673179	33	0.8512
chr1	673183	673184	32	0.0
chr1	673214	673215	42	0.0671
chr1	673245	673246	32	0.2632
chr1	673295	673296	43	0.1234
chr1	673321	673322	23	0.0973
chr1	673342	673343	42	0.0437
chr1	673377	673378	29	0.105
chr1	673411	673412	31	0.0991
chr1	673431	673432	24	0.1367
chr1	673473	673474	21	0.0713
chr1	673491	673492	29	0.0
chr1	673506	673507	33	0.0
chr1	673521	673522	34	0.2261
chr1	673561	673562	28	0.1452
chr1	673611	673612	26	0.0126
chr1	673648	673649	31	0.2453
chr1	673668	673669	25	0.0396
chr1	673685	673686	25	0.0812
chr1	673759	673760	26	0.0833
chr1	673858	673859	36	0.1647
chr1	673958	673959	34	0.0282
chr1	674039	674040	29	0.0
chr1	674119	674120	28	0.153
chr1	674159	674160	34	0.0039
chr1	674243	674244	30	0.0618
chr1	674345	674346	24	0.249
chr1	674361	674362	27	0.1473
chr1	674367	674368	38	0.0825
chr1	674453	674454	31	0.1521
chr1	674553	674554	26	0.0923
chr1	674603	674604	27	0.1076
chr1	674639	674640	36	0.5883
chr1	674739	674740	31	0.7642
chr1	674839	674840	20	0.5231
chr1	674939	674940	24	0.6137
chr1	675020	675021	31	0.7361
chr1	675103	675104	36	0.5089
chr1	675164	675165	39	0.5691
chr1	675309	675310	21	0.6356
chr1	675409	675410	31	0.8005
chr1	675636	675637	29	0.6247
chr1	675728	675729	21	0.7471
chr1	675756	675757	28	0.8514
chr1	675856	675857	32	0.8024
chr1	675956	675957	30	0.8543
chr1	676041	676042	37	0.7436
chr1	676141	676142	32	0.7393
chr1	676227	676228	27	0.5856
chr1	676270	676271	17	0.8056
chr1	676377	676378	35	0.7405
chr1	676477	676478	29	0.8559
chr1	676577	676578	24	0.7159
chr1	676659	676660	28	0.643
chr1	676671	676672	32	0.886
chr1	676697	676698	23	0.0516
chr1	676797	676798	28	0.1499
chr1	676847	676848	29	0.07
chr1	676947	676948	15	0.1351
chr1	677047	677048	32	0.0873
chr1	677147	677148	35	0.0783
chr1	677185	677186	27	0.0083
chr1	677285	677286	27	0.0
chr1	677425	677426	27	0.1331
chr1	677525	677526	22	0.0795
chr1	677583	677584	28	0.0672
chr1	677592	677593	36	0.7698
chr1	677688	677689	24	0.5974
chr1	677788	677789	22	0.9071
chr1	677872	677873	39	0.8128
chr1	677945	677946	28	0.6355
chr1	678021	678022	24	0.6679
chr1	678103	678104	22	0.666
chr1	678323	678324	28	0.8149
chr1	678507	678508	34	0.8385
chr1	678585	678586	35	0.7576
chr1	678675	678676	31	0.8499
chr1	678727	678728	32	0.8041
chr1	678821	678822	29	0.6909
chr1	678957	678958	34	0.8355
chr1	678999	679000	33	0.7857
chr1	679061	679062	33	0.8621
chr1	679135	679136	34	0.8229
chr1	679185	679186	20	0.7296
chr1	679285	679286	33	0.9252
chr1	679385	679386	21	0.8969
chr1	679476	679477	42	0.9025
chr1	679543	679544	27	1.0
chr1	679745	679746	32	0.8258
chr1	679927	679928	27	0.8391
chr1	680069	680070	23	0.8523
chr1	680111	680112	29	0.7662
chr1	680123	680124	28	0.8242
chr1	680149	680150	25	0.1867
chr1	680235	680236	25	0.0716
chr1	680285	680286	24	0.1159
chr1	680370	680371	22	0.0806
chr1	680420	680421	39	0.1068
chr1	680520	680521	30	0.0
chr1	680588	680589	33	0.0954
chr1	680615	680616	30	0.0719
chr1	680715	680716	30	0.1267
chr1	680911	680912	23	0.2979
chr1	681035	681036	24	0.047
chr1	681087	681088	15	0.1101
chr1	681096	681097	25	0.9166
chr1	681164	681165	25	0.9302
chr1	681264	681265	30	0.7639
chr1	681364	681365	28	0.7781
chr1	681464	681465	29	0.8356
chr1	681514	681515	38	0.6534
chr1	681569	681570	27	0.9651
chr1	681580	681581	31	0.9141
chr1	681806	681807	34	0.8622
chr1	682062	682063	27	0.8992
chr1	682080	682081	24	0.8365
chr1	682122	682123	26	0.7542
chr1	682144	682145	27	0.8145
chr1	682288	682289	38	0.7059
chr1	682400	682401	26	0.8467
chr1	682430	682431	33	0.855
chr1	682482	682483	31	0.7903
chr1	682524	682525	29	0.9597
chr1	682540	682541	22	0.8802
chr1	682558	682559	33	0.7069
chr1	682588	682589	37	0.88
chr1	682688	682689	29	0.91
chr1	682766	682767	34	0.8834
chr1	682866	682867	23	0.964
chr1	682916	682917	32	0.7207
chr1	683016	683017	29	0.7531
chr1	683070	683071	27	0.8111
chr1	683137	683138	28	0.9566
chr1	683378	683379	29	0.778
chr1	683462	683463	28	0.774
chr1	683468	683469	28	0.8172
chr1	683481	683482	31	0.8401
chr1	683581	683582	29	0.8331
chr1	683681	683682	23	0.9465
chr1	683781	683782	23	1.0
chr1	683851	683852	34	0.9204
chr1	683951	683952	32	0.9124
chr1	684013	684014	31	0.8037
chr1	684172	684173	35	0.7777
chr1	684272	684273	32	0.8584
chr1	684372	684373	27	0.9669
chr1	684538	684539	24	0.891
chr1	684548	684549	23	0.8511
chr1	684576	684577	29	0.8102
chr1	684594	684595	29	0.8546
chr1	684694	684695	34	0.7619
chr1	684794	684795	24	0.7655
chr1	684894	684895	31	0.7189
chr1	684994	684995	30	0.7866
chr1	685044	685045	33	0.6524
chr1	685068	685069	33	0.767
chr1	685168	685169	28	0.677
chr1	685268	685269	33	0.6462
chr1	685406	685407	37	0.8856
chr1	685418	685419	39	0.8446
chr1	685434	685435	32	0.6857
chr1	685445	685446	31	0.709
chr1	685545	685546	32	0.7423
chr1	685595	685596	36	0.6337
chr1	685669	685670	18	0.728
chr1	685769	685770	24	0.5506
chr1	685869	685870	30	0.5848
chr1	685968	685969	23	0.707
chr1	686068	686069	33	0.6282
chr1	686168	686169	34	0.6762
chr1	686362	686363	30	0.483
chr1	686489	686490	33	0.5496
chr1	686513	686514	30	0.6103
chr1	686569	686570	31	0.7141
chr1	686611	686612	32	0.9604
chr1	686702	686703	27	0.9341
chr1	686802	686803	31	0.7453
chr1	686902	686903	29	0.9226
chr1	686963	686964	31	0.9631
chr1	687063	687064	23	0.8627
chr1	687083	687084	21	0.9124
chr1	687243	687244	21	1.0
chr1	687377	687378	33	0.9152
chr1	687477	687478	29	0.8385
chr1	687507	687508	25	0.9034
chr1	687516	687517	20	0.8749
chr1	687566	687567	27	0.8153
chr1	687616	687617	31	0.8767
chr1	687674	687675	25	0.8926
chr1	687739	687740	27	0.7973
chr1	687839	687840	30	0.9491
chr1	687939	687940	29	0.7771
chr1	687989	687990	19	0.8619
chr1	688086	688087	30	0.8677
chr1	688586	688587	27	0.6887
chr1	688734	688735	34	0.8722
chr1	688754	688755	27	0.6849
chr1	688756	688757	29	0.9602
chr1	688942	688943	21	0.8834
chr1	689022	689023	25	0.7985
chr1	689028	689029	31	0.6415
chr1	689056	689057	30	0.6905
chr1	689085	689086	22	0.717
chr1	689115	689116	28	0.6472
chr1	689144	689145	32	0.62
chr1	689161	689162	36	0.7166
chr1	689211	689212	12	0.5553
chr1	689239	689240	38	0.6363
chr1	689264	689265	23	0.7659
chr1	689279	689280	25	0.5182
chr1	689298	689299	35	0.7424
chr1	689333	689334	29	0.7672
chr1	689348	689349	25	0.7166
chr1	689398	689399	27	0.7994
chr1	689448	689449	26	0.6091
chr1	689485	689486	29	0.6817
chr1	689579	689580	31	0.7875
chr1	689668	689669	32	0.5527
chr1	689718	689719	26	0.7222
chr1	689818	689819	29	0.4986
chr1	689918	689919	30	0.8651
chr1	689956	689957	32	0.5044
chr1	690034	690035	34	0.5813
chr1	690114	690115	32	0.4205
chr1	690364	690365	26	0.7097
chr1	690388	690389	19	0.6852
chr1	690401	690402	26	1.0
chr1	690501	690502	31	0.9551
chr1	690601	690602	20	1.0
chr1	690701	690702	37	1.0
chr1	690801	690802	28	1.0
chr1	690881	690882	29	0.9762
chr1	690981	690982	31	1.0
chr1	691081	691082	29	0.9047
chr1	691181	691182	25	1.0
chr1	691281	691282	31	0.8037
chr1	691313	691314	28	0.8888
chr1	691351	691352	28	0.8198
chr1	691387	691388	25	0.8084
chr1	691437	691438	27	0.8471
chr1	691487	691488	25	0.8148
chr1	691587	691588	29	0.786
chr1	691675	691676	29	0.75
chr1	691775	691776	39	0.7584
chr1	691875	691876	22	1.0
chr1	691891	691892	30	0.723
chr1	692012	692013	29	0.8054
chr1	692112	692113	30	0.9163
chr1	692212	692213	25	0.8566
chr1	692333	692334	33	0.7492
chr1	692341	692342	31	0.7851
chr1	692349	692350	32	0.0
chr1	692404	692405	29	0.117
chr1	692504	692505	27	0.0514
chr1	692604	692605	27	0.1478
chr1	692704	692705	37	0.1897
chr1	692754	692755	28	0.0438
chr1	692804	692805	27	0.0901
chr1	692904	692905	32	0.0
chr1	692912	692913	31	0.0424
chr1	693412	693413	25	0.0
chr1	693448	693449	27	0.1324
chr1	693466	693467	39	0.2178
chr1	693498	693499	29	0.0372
chr1	693552	693553	26	0.087
chr1	693762	693763	34	0.0
chr1	693778	693779	28	0.139
chr1	693802	693803	27	0.1332
chr1	693836	693837	33	0.0945
chr1	693876	693877	24	0.0894
chr1	693884	693885	22	0.23
chr1	693891	693892	26	0.013
chr1	693991	693992	27	0.0
chr1	694091	694092	30	0.0654
chr1	694141	694142	32	0.0
chr1	694194	694195	31	0.0263
chr1	694244	694245	29	0.0078
chr1	694329	694330	28	0.0675
chr1	694492	694493	26	0.0
chr1	694663	694664	31	0.0304
chr1	694677	694678	32	0.1204
chr1	694679	694680	25	0.0477
chr1	694721	694722	30	0.0334
chr1	694843	694844	31	0.1162
chr1	694861	694862	24	0.1043
chr1	695123	695124	27	0.082
chr1	695161	695162	31	0.8529
chr1	695211	695212	30	0.6025
chr1	695311	695312	29	0.6118
chr1	695411	695412	29	0.7119
chr1	695511	695512	32	0.4882
chr1	695561	695562	29	0.7671
chr1	695611	695612	13	0.7877
chr1	695684	695685	30	0.8616
chr1	695798	695799	26	0.7657
chr1	695898	695899	29	0.9229
chr1	696058	696059	26	0.7362
chr1	696158	696159	37	0.762
chr1	696164	696165	22	0.7005
chr1	696196	696197	25	0.724
chr1	696207	696208	31	0.7874
chr1	696293	696294	27	0.8985
chr1	696393	696394	33	0.8883
chr1	696493	696494	30	1.0
chr1	696560	696561	21	0.9571
chr1	696629	696630	29	0.9326
chr1	696711	696712	32	0.8808
chr1	696758	696759	29	1.0
chr1	696858	696859	31	0.9682
chr1	696958	696959	29	0.9449
chr1	697034	697035	30	0.9664
chr1	697073	697074	28	0.8472
chr1	697123	697124	28	0.9657
chr1	697223	697224	30	0.8293
chr1	697305	697306	32	0.8176
chr1	697405	697406	33	0.9415
chr1	697491	697492	24	0.788
chr1	697591	697592	25	0.814
chr1	697742	697743	27	0.8465
chr1	697794	697795	21	0.8083
chr1	697831	697832	31	0.8158
chr1	697881	697882	38	0.8256
chr1	697931	697932	30	0.8189
chr1	697981	697982	29	0.8533
chr1	698048	698049	25	0.8164
chr1	698109	698110	26	0.8321
chr1	698193	698194	24	0.7963
chr1	698293	698294	25	0.8652
chr1	698385	698386	31	0.9058
chr1	698540	698541	27	0.9458
chr1	698640	698641	34	0.7354
chr1	698740	698741	39	0.8738
chr1	698884	698885	30	0.9527
chr1	698928	698929	30	0.7757
chr1	698952	698953	32	0.9025
chr1	698995	698996	31	0.7133
chr1	699091	699092	28	0.8477
chr1	699191	699192	32	0.8616
chr1	699291	699292	28	0.7598
chr1	699356	699357	30	0.802
chr1	699449	699450	34	0.9439
chr1	699549	699550	26	0.7613
chr1	699599	699600	34	0.8326
chr1	699606	699607	23	0.8802
chr1	699860	699861	36	0.8567
chr1	699982	699983	26	0.9125
chr1	700114	700115	33	0.803
chr1	700186	700187	26	0.8459
chr1	700194	700195	32	0.7975
chr1	700209	700210	29	0.661
chr1	700309	700310	40	0.7468
chr1	700359	700360	25	0.7692
chr1	700459	700460	23	0.7998
chr1	700509	700510	22	0.759
chr1	700577	700578	45	0.6531
chr1	700677	700678	39	0.7573
chr1	700679	700680	27	0.7131
chr1	700906	700907	34	0.7643
chr1	701006	701007	33	0.7284
chr1	701018	701019	21	0.818
chr1	701064	701065	36	0.6622
chr1	701083	701084	31	0.2087
chr1	701183	701184	30	0.095
chr1	701233	701234	37	0.265
chr1	701333	701334	29	0.0626
chr1	701433	701434	26	0.1155
chr1	701520	701521	34	0.1789
chr1	701538	701539	29	0.2516
chr1	701650	701651	24	0.1158
chr1	701680	701681	29	0.2938
chr1	701685	701686	32	0.9316
chr1	701735	701736	33	0.967
chr1	701806	701807	26	0.8821
chr1	701856	701857	20	0.8133
chr1	701934	701935	34	0.8868
chr1	702015	702016	29	0.8624
chr1	702065	702066	28	0.7968
chr1	702133	702134	38	0.9059
chr1	702195	702196	39	0.9411
chr1	702219	702220	30	0.7975
chr1	702319	702320	34	0.8251
chr1	702567	702568	24	0.7554
chr1	702667	702668	30	0.9307
chr1	702791	702792	35	0.8431
chr1	702923	702924	39	0.9043
chr1	702963	702964	29	0.7297
chr1	702965	702966	24	0.8211
chr1	702973	702974	28	0.7315
chr1	703009	703010	33	0.6583
chr1	703111	703112	26	0.8548
chr1	703141	703142	38	0.8141
chr1	703157	703158	30	0.7883
chr1	703187	703188	37	0.1499
chr1	703287	703288	29	0.0
chr1	703387	703388	28	0.0
chr1	703484	703485	28	0.0
chr1	703577	703578	38	0.0549
chr1	703611	703612	29	0.0077
chr1	703799	703800	31	0.1437
chr1	704032	704033	30	0.0169
chr1	704072	704073	32	0.0967
chr1	704114	704115	27	0.115
chr1	704141	704142	28	0.6499
chr1	704199	704200	35	0.626
chr1	704299	704300	23	0.469
chr1	704399	704400	26	0.639
chr1	704470	704471	29	0.7008
chr1	704520	704521	27	0.4976
chr1	704592	704593	22	0.5833
chr1	704637	704638	29	0.538
chr1	705129	705130	26	0.5892
chr1	705151	705152	36	0.564
chr1	705189	705190	30	0.5513
chr1	705239	705240	25	0.1753
chr1	705339	705340	26	0.2314
chr1	705439	705440	29	0.0716
chr1	705539	705540	36	0.1436
chr1	705639	705640	26	0.1176
chr1	705652	705653	28	0.0
chr1	705752	705753	30	0.048
chr1	706000	706001	36	0.1287
chr1	706052	706053	29	0.1276
chr1	706076	706077	37	0.873
chr1	706132	706133	34	0.7999
chr1	706182	706183	24	0.695
chr1	706282	706283	28	0.9235
chr1	706382	706383	27	0.9366
chr1	706482	706483	30	0.9757
chr1	706582	706583	26	0.71
chr1	706674	706675	36	0.8777
chr1	706687	706688	29	0.8524
chr1	707062	707063	28	0.6917
chr1	707228	707229	29	0.8147
chr1	707276	707277	31	0.7448
chr1	707326	707327	28	0.2131
chr1	707376	707377	25	0.0159
chr1	707437	707438	35	0.0788
chr1	707487	707488	31	0.0342
chr1	707537	707538	22	0.1176
chr1	707637	707638	44	0.0471
chr1	707701	707702	29	0.2447
chr1	707751	707752	26	0.2674
chr1	707808	707809	29	0.1894
chr1	707908	707909	26	0.1521
chr1	708008	708009	33	0.0788
chr1	708223	708224	29	0.0997
chr1	708261	708262	37	0.0704
chr1	708299	708300	36	0.1677
chr1	708328	708329	25	0.7263
chr1	708428	708429	35	0.693
chr1	708528	708529	33	0.8706
chr1	708628	708629	33	0.6701
chr1	708728	708729	26	0.7639
chr1	708781	708782	31	0.7807
chr1	708881	708882	28	0.7645
chr1	709035	709036	22	1.0
chr1	709203	709204	27	0.8044
chr1	709219	709220	27	0.8958
chr1	709267	709268	34	0.7602
chr1	709278	709279	38	0.8042
chr1	709378	709379	29	0.8492
chr1	709439	709440	32	0.8401
chr1	709536	709537	33	0.8992
chr1	709613	709614	32	0.8652
chr1	709713	709714	27	1.0
chr1	709789	709790	24	0.691
chr1	709850	709851	35	0.7384
chr1	710188	710189	23	1.0
chr1	710242	710243	35	0.7961
chr1	710258	710259	36	0.7981
chr1	710265	710266	31	0.2254
chr1	710355	710356	26	0.2538
chr1	710455	710456	27	0.2684
chr1	710553	710554	22	0.153
chr1	710612	710613	41	0.3937
chr1	710662	710663	33	0.358
chr1	710730	710731	35	0.2334
chr1	710776	710777	27	0.2998
chr1	710980	710981	26	0.2998
chr1	711080	711081	32	0.1938
chr1	711180	711181	42	0.2229
chr1	711204	711205	28	0.2933
chr1	711222	711223	24	0.3165
chr1	711416	711417	43	0.3041
chr1	711496	711497	38	0.256
chr1	711530	711531	34	0.1413
chr1	711532	711533	35	0.2852
chr1	711616	711617	23	0.32
chr1	711640	711641	30	0.2582
chr1	711664	711665	25	0.3223
chr1	711674	711675	28	0.2692
chr1	711713	711714	27	0.8047
chr1	711806	711807	31	0.9319
chr1	711856	711857	26	0.7574
chr1	711906	711907	31	0.8232
chr1	711956	711957	38	0.7928
chr1	712049	712050	33	0.6454
chr1	712099	712100	29	0.6107
chr1	712154	712155	25	0.904
chr1	712254	712255	34	0.7939
chr1	712258	712259	33	0.7633
chr1	712591	712592	19	0.9286
chr1	712698	712699	26	0.8072
chr1	712798	712799	26	0.7306
chr1	712892	712893	28	0.9718
chr1	712910	712911	26	0.1152
chr1	713001	713002	26	0.1919
chr1	713101	713102	26	0.0
chr1	713174	713175	35	0.0929
chr1	713224	713225	33	0.1978
chr1	713324	713325	29	0.1739
chr1	713353	713354	32	0.1514
chr1	713480	713481	24	0.1887
chr1	713580	713581	34	0.1671
chr1	713626	713627	38	0.1869
chr1	713664	713665	33	0.3259
chr1	713671	713672	30	0.9615
chr1	713727	713728	31	0.8354
chr1	713777	713778	32	0.6416
chr1	713877	713878	33	0.8197
chr1	713965	713966	29	1.0
chr1	714044	714045	22	0.9584
chr1	714130	714131	32	0.7519
chr1	714199	714200	24	1.0
chr1	714320	714321	28	0.8376
chr1	714457	714458	22	1.0
chr1	714557	714558	26	0.8543
chr1	714657	714658	25	0.8534
chr1	714685	714686	27	0.9031
chr1	714725	714726	31	0.8035
chr1	714735	714736	25	0.7869
chr1	714799	714800	24	0.7868
chr1	714997	714998	38	0.8448
chr1	715023	715024	29	0.9482
chr1	715057	715058	35	0.8243
chr1	715067	715068	29	0.8482
chr1	715158	715159	25	0.7267
chr1	715222	715223	39	0.7152
chr1	715322	715323	37	0.7895
chr1	715372	715373	33	0.8268
chr1	715431	715432	30	0.7422
chr1	715531	715532	26	0.6763
chr1	715628	715629	31	0.7283
chr1	715857	715858	38	1.0
chr1	715881	715882	20	0.8978
chr1	715955	715956	31	0.8508
chr1	716021	716022	30	0.7386
chr1	716103	716104	25	0.8948
chr1	716197	716198	26	0.9014
chr1	716271	716272	25	0.8316
chr1	716329	716330	30	0.7373
chr1	716349	716350	15	0.859
chr1	716351	716352	30	0.7454
chr1	716357	716358	30	0.7922
chr1	716365	716366	37	0.8791
chr1	716388	716389	36	0.9401
chr1	716433	716434	34	0.7784
chr1	716475	716476	33	0.8026
chr1	716490	716491	26	0.6931
chr1	716517	716518	34	0.8242
chr1	716563	716564	26	0.945
chr1	716579	716580	31	0.8251
chr1	716608	716609	23	0.7869
chr1	716623	716624	32	0.8922
chr1	716661	716662	28	0.8251
chr1	716706	716707	30	0.9051
chr1	716723	716724	23	0.8864
chr1	716773	716774	28	0.8064
chr1	716813	716814	22	0.8635
chr1	716839	716840	33	0.7256
chr1	716846	716847	34	0.9401
chr1	716946	716947	30	0.8047
chr1	716996	716997	29	0.9409
chr1	717096	717097	30	0.9029
chr1	717146	717147	22	0.9647
chr1	717246	717247	25	0.9412
chr1	717296	717297	30	0.8982
chr1	717482	717483	27	0.849
chr1	717524	717525	30	0.6537
chr1	717616	717617	33	0.8221
chr1	717626	717627	32	0.9146
chr1	717630	717631	22	0.7764
chr1	717678	717679	31	0.7764
chr1	717734	717735	24	0.8022
chr1	717752	717753	36	0.7823
chr1	717852	717853	29	0.8029
chr1	717952	717953	24	0.7508
chr1	718052	718053	30	0.855
chr1	718152	718153	33	0.6843
chr1	718163	718164	30	0.9973
chr1	718390	718391	36	0.7566
chr1	718438	718439	30	0.9344
chr1	718459	718460	27	0.751
chr1	718559	718560	37	0.7939
chr1	718659	718660	33	0.7645
chr1	718759	718760	30	0.4208
chr1	718809	718810	25	0.7095
chr1	718859	718860	34	0.8205
chr1	718912	718913	20	0.5349
chr1	719429	719430	30	0.6008
chr1	719463	719464	27	0.872
chr1	719554	719555	27	0.9472
chr1	719604	719605	37	0.8444
chr1	719666	719667	31	0.9074
chr1	719766	719767	34	0.9496
chr1	719866	719867	30	0.9352
chr1	719938	719939	29	0.9472
chr1	720038	720039	29	0.8098
chr1	720138	720139	16	0.9067
chr1	720320	720321	28	0.8956
chr1	720332	720333	31	0.7973
chr1	720420	720421	26	0.8761
chr1	720428	720429	27	0.6288
chr1	720478	720479	31	0.8112
chr1	720578	720579	39	0.6147
chr1	720628	720629	17	0.5684
chr1	720678	720679	34	0.6902
chr1	720728	720729	31	0.7102
chr1	720828	720829	29	0.7762
chr1	720928	720929	36	0.5864
chr1	720944	720945	26	0.5758
chr1	721237	721238	32	0.5372
chr1	721267	721268	33	0.4964
chr1	721567	721568	27	0.6559
chr1	721589	721590	18	0.6299
chr1	721617	721618	22	0.6672
chr1	721641	721642	30	0.6432
chr1	721677	721678	27	0.6275
chr1	721706	721707	26	0.9459
chr1	721767	721768	26	0.8359
chr1	721867	721868	24	0.9977
chr1	721967	721968	25	0.8233
chr1	722044	722045	29	0.7686
chr1	722125	722126	32	0.8343
chr1	722175	722176	33	0.9947
chr1	722176	722177	39	0.9559
chr1	722305	722306	27	0.7161
chr1	722467	722468	24	0.8217
chr1	722567	722568	40	0.7979
chr1	722601	722602	25	0.8189
chr1	722607	722608	26	0.6425
chr1	722707	722708	30	0.7039
chr1	722807	722808	29	0.8504
chr1	722907	722908	29	0.8021
chr1	722957	722958	21	0.721
chr1	723027	723028	28	0.7663
chr1	723392	723393	27	0.8052
chr1	723492	723493	30	0.7156
chr1	723522	723523	24	0.7411
chr1	723638	723639	30	0.7235
chr1	723676	723677	28	0.8047
chr1	723750	723751	42	0.7992
chr1	723786	723787	30	0.8539
chr1	723829	723830	28	0.6025
chr1	723879	723880	28	0.567
chr1	723962	723963	27	0.5426
chr1	724062	724063	33	0.7173
chr1	724116	724117	25	0.8595
chr1	724166	724167	25	0.68
chr1	724266	724267	33	0.7035
chr1	724366	724367	27	0.7727
chr1	724388	724389	24	0.6487
chr1	724753	724754	30	0.61
chr1	724902	724903	23	0.6795
chr1	724988	724989	30	0.7377
chr1	724996	724997	31	0.8407
chr1	725023	725024	33	0.4885
chr1	725123	725124	25	0.5362
chr1	725223	725224	25	0.4961
chr1	725319	725320	25	0.354
chr1	725419	725420	24	0.6052
chr1	725472	725473	25	0.6391
chr1	725878	725879	30	0.4443
chr1	725924	725925	27	0.4752
chr1	725954	725955	40	0.4256
chr1	725964	725965	19	0.2067
chr1	726042	726043	35	0.3227
chr1	726123	726124	36	0.3124
chr1	726223	726224	34	0.1407
chr1	726323	726324	21	0.1721
chr1	726423	726424	27	0.241
chr1	726438	726439	24	0.1305
chr1	726593	726594	29	0.113
chr1	726851	726852	25	0.269
chr1	726889	726890	30	0.1755
chr1	726949	726950	24	0.1303
chr1	726969	726970	30	0.0885
chr1	727101	727102	31	0.1883
chr1	727119	727120	29	0.0793
chr1	727159	727160	32	0.739
chr1	727259	727260	26	0.8073
chr1	727359	727360	27	0.8334
chr1	727459	727460	34	0.7694
chr1	727559	727560	29	0.7445
chr1	727635	727636	33	0.7402
chr1	727688	727689	24	0.7987
chr1	727739	727740	24	0.62
chr1	727898	727899	31	0.694
chr1	727970	727971	27	0.7008
chr1	727977	727978	36	0.7516
chr1	728077	728078	20	0.8797
chr1	728177	728178	21	0.7626
chr1	728277	728278	24	0.8162
chr1	728377	728378	31	0.7422
chr1	728477	728478	27	0.7695
chr1	728523	728524	34	0.8043
chr1	728633	728634	29	0.5998
chr1	728747	728748	34	0.7066
chr1	728898	728899	37	0.7231
chr1	728910	728911	26	0.5553
chr1	729216	729217	30	0.7945
chr1	729260	729261	28	0.7716
chr1	729280	729281	31	0.6795
chr1	729318	729319	38	0.7694
chr1	729325	729326	34	0.6831
chr1	729411	729412	30	0.7611
chr1	729511	729512	30	0.6051
chr1	729587	729588	31	0.8215
chr1	729687	729688	29	0.8274
chr1	729756	729757	30	0.7898
chr1	729776	729777	28	0.6683
chr1	729925	729926	32	0.7886
chr1	730031	730032	25	0.7782
chr1	730041	730042	30	0.6208
chr1	730109	730110	25	0.9513
chr1	730245	730246	35	0.7504
chr1	730273	730274	36	0.8135
chr1	730289	730290	20	0.7072
chr1	730403	730404	28	0.6765
chr1	730447	730448	29	0.8916
chr1	730527	730528	26	0.8186
chr1	730551	730552	27	0.8668
chr1	730651	730652	39	0.6977
chr1	730706	730707	35	0.7297
chr1	730765	730766	27	0.8163
chr1	730865	730866	37	0.834
chr1	730956	730957	35	0.823
chr1	731056	731057	24	0.7841
chr1	731067	731068	27	0.6728
chr1	731167	731168	34	0.6832
chr1	731342	731343	36	0.7915
chr1	731442	731443	24	0.7054
chr1	731542	731543	29	0.8016
chr1	731626	731627	27	0.8399
chr1	731639	731640	35	0.8326
chr1	731733	731734	33	0.8469
chr1	731833	731834	36	0.8698
chr1	731883	731884	31	0.8963
chr1	731983	731984	30	0.8198
chr1	732044	732045	27	0.7122
chr1	732093	732094	22	0.9312
chr1	732254	732255	32	0.9124
chr1	732372	732373	27	0.9761
chr1	732378	732379	30	0.8437
chr1	732386	732387	31	0.6164
chr1	732471	732472	31	0.506
chr1	732571	732572	26	0.6308
chr1	732671	732672	23	0.6209
chr1	732771	732772	31	0.4972
chr1	732871	732872	23	0.5757
chr1	732971	732972	21	0.5318
chr1	733071	733072	32	0.6004
chr1	733171	733172	33	0.6323
chr1	733339	733340	31	0.5518
chr1	733369	733370	29	0.7223
chr1	733469	733470	34	0.665
chr1	733651	733652	22	0.5735
chr1	733689	733690	31	0.6108
chr1	733709	733710	29	0.7046
chr1	733797	733798	24	0.5083
chr1	733831	733832	27	0.6358
chr1	733931	733932	29	0.9882
chr1	733981	733982	26	0.9025
chr1	734031	734032	31	0.8526
chr1	734093	734094	31	0.8159
chr1	734193	734194	34	0.9445
chr1	734293	734294	26	0.8793
chr1	734335	734336	34	0.8835
chr1	734603	734604	27	0.8764
chr1	734635	734636	24	0.767
chr1	734695	734696	27	0.8991
chr1	734718	734719	25	0.2182
chr1	734790	734791	31	0.1627
chr1	734861	734862	38	0.1946
chr1	734961	734962	35	0.202
chr1	735061	735062	38	0.1329
chr1	735161	735162	24	0.1666
chr1	735226	735227	32	0.1916
chr1	735360	735361	23	0.1165
chr1	735460	735461	37	0.1981
chr1	735560	735561	32	0.1678
chr1	735640	735641	34	0.2504
chr1	735661	735662	24	0.6571
chr1	735723	735724	31	0.6073
chr1	735774	735775	35	0.6516
chr1	735874	735875	28	0.6893
chr1	735953	735954	36	0.7641
chr1	736053	736054	35	0.7083
chr1	736094	736095	25	0.8104
chr1	736209	736210	36	0.7282
chr1	736379	736380	33	0.6901
chr1	736387	736388	35	0.8134
chr1	736451	736452	34	0.7561
chr1	736493	736494	26	0.767
chr1	736593	736594	22	0.7855
chr1	736693	736694	32	0.8122
chr1	736793	736794	29	0.8676
chr1	736867	736868	28	0.7207
chr1	736924	736925	31	0.8273
chr1	736992	736993	36	0.7434
chr1	737113	737114	29	0.7727
chr1	737147	737148	37	0.8115
chr1	737184	737185	32	0.7035
chr1	737284	737285	30	0.7513
chr1	737334	737335	27	0.6244
chr1	737434	737435	28	0.9834
chr1	737534	737535	29	0.8891
chr1	737634	737635	31	0.8939
chr1	737677	737678	31	0.7879
chr1	737810	737811	23	0.7802
chr1	737950	737951	29	0.8885
chr1	738065	738066	22	0.8815
chr1	738141	738142	28	0.6642
chr1	738151	738152	26	0.827
chr1	738251	738252	28	0.722
chr1	738339	738340	29	0.8751
chr1	738401	738402	30	0.691
chr1	738474	738475	28	0.7818
chr1	738529	738530	21	0.7949
chr1	738598	738599	28	0.7481
chr1	738645	738646	28	0.717
chr1	738745	738746	25	0.7782
chr1	739129	739130	33	0.8273
chr1	739173	739174	28	0.9704
chr1	739213	739214	22	0.8362
chr1	739285	739286	30	0.8805
chr1	739377	739378	30	0.7509
chr1	739435	739436	38	0.7855
chr1	739521	739522	25	0.7242
chr1	739581	739582	24	0.8504
chr1	739587	739588	39	0.9621
chr1	739607	739608	35	0.799
chr1	739609	739610	33	0.8617
chr1	739625	739626	31	0.8103
chr1	739675	739676	31	0.601
chr1	739751	739752	30	0.8785
chr1	739851	739852	34	0.918
chr1	739951	739952	32	0.6963
chr1	740051	740052	32	0.93
chr1	740073	740074	25	0.9011
chr1	740284	740285	26	0.8299
chr1	740419	740420	21	0.8376
chr1	740457	740458	29	0.8195
chr1	740459	740460	30	0.935
chr1	740467	740468	29	0.8382
chr1	740527	740528	28	0.9377
chr1	740627	740628	31	0.959
chr1	740685	740686	33	0.6884
chr1	740785	740786	31	0.8876
chr1	740835	740836	30	0.9355
chr1	740935	740936	26	0.8291
chr1	740969	740970	37	0.935
chr1	741069	741070	30	1.0
chr1	741269	741270	34	0.7337
chr1	741438	741439	27	0.6967
chr1	741454	741455	27	0.9252
chr1	741542	741543	32	0.94
chr1	741590	741591	30	0.9125
chr1	741656	741657	28	0.7501
chr1	741784	741785	39	0.965
chr1	741826	741827	28	0.849
chr1	741854	741855	32	0.8506
chr1	741906	741907	37	0.9091
chr1	741912	741913	29	0.9502
chr1	741930	741931	36	0.9437
chr1	741979	741980	32	0.0815
chr1	742062	742063	24	0.3931
chr1	742139	742140	27	0.3018
chr1	742239	742240	23	0.0942
chr1	742339	742340	31	0.3883
chr1	742439	742440	27	0.1288
chr1	742506	742507	37	0.0259
chr1	743006	743007	30	0.4248
chr1	743133	743134	26	0.086
chr1	743143	743144	25	0.0912
chr1	743193	743194	33	0.1127
chr1	743293	743294	18	0.2503
chr1	743393	743394	21	0.3051
chr1	743455	743456	24	0.1928
chr1	743555	743556	23	0.2128
chr1	743642	743643	32	0.1045
chr1	743678	743679	29	0.0133
chr1	743955	743956	25	0.2008
chr1	744086	744087	23	0.0592
chr1	744092	744093	33	0.2456
chr1	744160	744161	33	0.0591
chr1	744208	744209	24	0.1487
chr1	744262	744263	33	0.3067
chr1	744380	744381	30	0.3237
chr1	744432	744433	25	0.2443
chr1	744450	744451	36	0.1445
chr1	744456	744457	34	0.3244
chr1	744466	744467	37	0.1141
chr1	744484	744485	29	0.979
chr1	744557	744558	30	0.8043
chr1	744657	744658	31	0.8332
chr1	744733	744734	21	0.9
chr1	744826	744827	31	0.8757
chr1	744892	744893	34	0.8666
chr1	744966	744967	25	0.8859
chr1	745123	745124	24	0.8594
chr1	745283	745284	28	0.85
chr1	745383	745384	32	0.7975
chr1	745433	745434	38	0.9109
chr1	745467	745468	30	0.8165
chr1	745567	745568	29	0.7203
chr1	745667	745668	25	0.7905
chr1	745767	745768	35	0.8426
chr1	745817	745818	34	0.9366
chr1	745917	745918	31	0.9289
chr1	745966	745967	21	0.8132
chr1	746173	746174	36	0.74
chr1	746273	746274	31	1.0
chr1	746303	746304	27	0.8359
chr1	746321	746322	25	0.835
chr1	746340	746341	26	0.8355
chr1	746390	746391	39	0.929
chr1	746490	746491	37	0.8705
chr1	746545	746546	41	0.7867
chr1	746645	746646	25	0.7169
chr1	746745	746746	38	0.6685
chr1	746795	746796	29	0.8595
chr1	746875	746876	29	0.7854
chr1	746889	746890	32	0.7585
chr1	747097	747098	25	0.6834
chr1	747371	747372	35	0.7002
chr1	747389	747390	19	0.7754
chr1	747447	747448	32	0.704
chr1	747476	747477	34	0.2468
chr1	747576	747577	40	0.1225
chr1	747676	747677	29	0.3493
chr1	747745	747746	22	0.1145
chr1	747845	747846	31	0.1575
chr1	747895	747896	23	0.183
chr1	747945	747946	29	0.0152
chr1	747986	747987	34	0.3864
chr1	748086	748087	27	0.2182
chr1	748186	748187	25	0.0849
chr1	748292	748293	31	0.0785
chr1	748392	748393	30	0.1959
chr1	748478	748479	31	0.147
chr1	748488	748489	34	0.1083
chr1	748498	748499	30	0.5938
chr1	748598	748599	25	0.7352
chr1	748698	748699	32	0.791
chr1	748764	748765	38	0.7479
chr1	748846	748847	34	0.7884
chr1	748946	748947	30	0.6127
chr1	748996	748997	31	0.776
chr1	748999	749000	29	0.8438
chr1	749188	749189	30	0.6971
chr1	749208	749209	36	0.6113
chr1	749504	749505	29	0.4878
chr1	749554	749555	29	0.5585
chr1	749648	749649	26	0.7606
chr1	749650	749651	34	0.639
chr1	749682	749683	24	0.4396
chr1	749688	749689	34	0.1802
chr1	749720	749721	19	0.2413
chr1	749770	749771	25	0.2767
chr1	749792	749793	20	0.2982
chr1	749813	749814	26	0.3966
chr1	749863	749864	28	0.2251
chr1	749889	749890	31	0.3023
chr1	749904	749905	29	0.335
chr1	749936	749937	26	0.2772
chr1	749959	749960	21	0.1567
chr1	749980	749981	31	0.1925
chr1	750002	750003	38	0.3529
chr1	750044	750045	31	0.4204
chr1	750072	750073	34	0.4616
chr1	750116	750117	23	0.2444
chr1	750154	750155	32	0.2902
chr1	750178	750179	26	0.3066
chr1	750205	750206	34	0.1252
chr1	750238	750239	26	0.2833
chr1	750240	750241	29	0.2513
chr1	750340	750341	35	0.2307
chr1	750422	750423	23	0.2582
chr1	750522	750523	38	0.256
chr1	750572	750573	18	0.1565
chr1	750622	750623	29	0.1517
chr1	750712	750713	33	0.1989
chr1	750756	750757	29	0.1291
chr1	750770	750771	32	0.1842
chr1	750810	750811	34	0.0913
chr1	750832	750833	20	0.1902
chr1	750882	750883	28	0.2521
chr1	751068	751069	26	0.2371
chr1	751078	751079	25	0.2342
chr1	751102	751103	34	0.2437
chr1	751212	751213	25	0.3466
chr1	751217	751218	26	0.8871
chr1	751298	751299	37	0.7803
chr1	751388	751389	24	0.9028
chr1	751488	751489	25	0.8228
chr1	751571	751572	32	0.828
chr1	751621	751622	33	1.0
chr1	751721	751722	29	0.7593
chr1	751785	751786	32	0.8704
chr1	751887	751888	39	0.8343
chr1	752048	752049	41	0.7905
chr1	752184	752185	17	1.0
chr1	752310	752311	23	0.8919
chr1	752326	752327	27	0.7422
chr1	752472	752473	30	0.7911
chr1	752528	752529	29	0.8952
chr1	752644	752645	20	0.7735
chr1	753528	753529	29	0.9846
chr1	753582	753583	31	0.8321
chr1	753682	753683	36	0.8112
chr1	753736	753737	34	0.8927
chr1	753836	753837	32	0.8938
chr1	753936	753937	40	0.8749
chr1	753996	753997	27	0.8802
chr1	754096	754097	18	0.9151
chr1	754423	754424	25	0.91
chr1	754525	754526	24	0.9216
chr1	754573	754574	33	0.8677
chr1	754649	754650	30	0.8831
chr1	754665	754666	28	0.9441
chr1	754679	754680	22	0.9433
chr1	754707	754708	25	0.8767
chr1	754731	754732	24	0.9673
chr1	754745	754746	28	0.8628
chr1	754767	754768	29	0.8714
chr1	754859	754860	26	0.8728
chr1	754867	754868	33	0.0644
chr1	754908	754909	36	0.011
chr1	754923	754924	31	0.0
chr1	754965	754966	29	0.2208
chr1	755000	755001	34	0.0634
chr1	755018	755019	28	0.0004
chr1	755068	755069	27	0.0101
chr1	755097	755098	30	0.1452
chr1	755125	755126	36	0.022
chr1	755140	755141	25	0.0915
chr1	755179	755180	32	0.0584
chr1	755229	755230	21	0.0556
chr1	755244	755245	21	0.0149
chr1	755267	755268	32	0.002
chr1	755307	755308	34	0.0167
chr1	755353	755354	29	0.0457
chr1	755385	755386	25	0.2022
chr1	755435	755436	32	0.0
chr1	755535	755536	34	0.0916
chr1	755635	755636	31	0.0
chr1	755717	755718	27	0.0226
chr1	755817	755818	35	0.0073
chr1	755883	755884	34	0.1586
chr1	756009	756010	24	0.1042
chr1	756091	756092	36	0.0484
chr1	756185	756186	28	0.1276
chr1	756207	756208	38	0.0873
chr1	756209	756210	33	0.0711
chr1	756235	756236	29	0.6655
chr1	756335	756336	21	0.8409
chr1	756385	756386	27	0.8115
chr1	756435	756436	26	0.7689
chr1	756535	756536	28	0.8162
chr1	756635	756636	32	0.7897
chr1	756685	756686	21	0.842
chr1	756696	756697	35	0.8429
chr1	756907	756908	29	0.7249
chr1	757104	757105	28	0.7086
chr1	757152	757153	32	0.8447
chr1	757204	757205	27	0.8178
chr1	757227	757228	28	0.8573
chr1	757327	757328	28	0.7121
chr1	757377	757378	29	0.861
chr1	757430	757431	28	0.7798
chr1	757494	757495	29	0.9072
chr1	757594	757595	35	0.8653
chr1	757644	757645	28	0.8542
chr1	757676	757677	34	0.8421
chr1	757993	757994	29	0.9149
chr1	758045	758046	22	0.8126
chr1	758084	758085	27	0.5436
chr1	758134	758135	20	0.5937
chr1	758224	758225	31	0.4787
chr1	758324	758325	29	0.5052
chr1	758396	758397	29	0.4168
chr1	758496	758497	29	0.6471
chr1	758596	758597	37	0.4853
chr1	758655	758656	30	0.4558
chr1	758796	758797	22	0.4825
chr1	759100	759101	19	0.6843
chr1	759102	759103	25	0.5988
chr1	759146	759147	26	0.5715
chr1	759189	759190	30	0.7034
chr1	759289	759290	22	0.5591
chr1	759389	759390	38	0.6983
chr1	759439	759440	25	0.6938
chr1	759521	759522	27	0.6872
chr1	759607	759608	24	0.7565
chr1	759713	759714	17	0.6684
chr1	760020	760021	22	0.7243
chr1	760086	760087	20	0.836
chr1	760098	760099	39	0.6884
chr1	760107	760108	31	0.8812
chr1	760183	760184	26	0.5842
chr1	760283	760284	21	0.8449
chr1	760357	760358	39	0.8121
chr1	760455	760456	28	0.7352
chr1	760555	760556	28	0.7244
chr1	760608	760609	34	0.5908
chr1	760698	760699	29	0.8066
chr1	760798	760799	29	0.6602
chr1	760980	760981	27	0.8813
chr1	761173	761174	26	0.794
chr1	761213	761214	24	0.6321
chr1	761217	761218	32	0.5498
chr1	761339	761340	36	0.8399
chr1	761357	761358	31	0.8023
chr1	761427	761428	31	0.7533
chr1	761531	761532	29	0.6568
chr1	761583	761584	35	0.7402
chr1	761610	761611	23	0.5192
chr1	761662	761663	34	0.6086
chr1	761714	761715	25	0.5839
chr1	761765	761766	32	0.5488
chr1	761815	761816	34	0.6759
chr1	761870	761871	28	0.7151
chr1	761970	761971	28	0.7378
chr1	762070	762071	25	0.5949
chr1	762108	762109	25	0.6766
chr1	762208	762209	33	0.8474
chr1	762330	762331	30	0.6373
chr1	762348	762349	37	0.544
chr1	762392	762393	38	0.7064
chr1	762401	762402	31	0.9977
chr1	762427	762428	32	0.8566
chr1	762469	762470	30	0.8651
chr1	762519	762520	27	0.8653
chr1	762545	762546	27	0.9042
chr1	762595	762596	31	0.9554
chr1	762621	762622	25	0.8037
chr1	762644	762645	35	1.0
chr1	762659	762660	28	0.9344
chr1	762689	762690	27	0.8885
chr1	762739	762740	39	0.9078
chr1	762789	762790	24	0.9907
chr1	762819	762820	32	0.7871
chr1	762850	762851	28	0.8662
chr1	762869	762870	23	0.9934
chr1	762883	762884	38	0.9598
chr1	762968	762969	19	0.881
chr1	763068	763069	32	0.9799
chr1	763141	763142	23	0.8743
chr1	763222	763223	29	0.8065
chr1	763272	763273	27	1.0
chr1	763284	763285	26	0.8893
chr1	763356	763357	31	0.8445
chr1	763378	763379	29	0.8189
chr1	763478	763479	36	0.9846
chr1	763552	763553	31	0.8939
chr1	763572	763573	29	0.9007
chr1	763668	763669	25	0.9579
chr1	763680	763681	36	0.8744
chr1	763696	763697	36	0.7843
chr1	763725	763726	33	0.9851
chr1	763775	763776	23	0.8061
chr1	763827	763828	31	0.8251
chr1	763905	763906	30	0.8735
chr1	764005	764006	31	0.8053
chr1	764105	764106	47	0.8488
chr1	764205	764206	27	0.8627
chr1	764220	764221	35	0.8695
chr1	764401	764402	22	0.894
chr1	764693	764694	28	0.8103
chr1	764697	764698	29	1.0
chr1	764761	764762	37	0.6689
chr1	764797	764798	28	0.6553
chr1	764847	764848	34	0.9143
chr1	764947	764948	30	0.9834
chr1	765047	765048	24	0.9243
chr1	765143	765144	33	0.732
chr1	765243	765244	36	0.8577
chr1	765320	765321	31	0.8977
chr1	765537	765538	30	0.8337
chr1	765637	765638	23	0.9574
chr1	765737	765738	37	0.8246
chr1	765837	765838	28	0.797
chr1	765841	765842	36	0.8648
chr1	765846	765847	23	0.8061
chr1	765944	765945	24	0.884
chr1	766011	766012	37	0.7689
chr1	766067	766068	28	0.8483
chr1	766117	766118	36	0.7973
chr1	766217	766218	30	0.7197
chr1	766288	766289	36	0.8455
chr1	766337	766338	30	0.5969
chr1	766437	766438	26	0.8365
chr1	766703	766704	27	0.7436
chr1	766810	766811	24	0.7635
chr1	766960	766961	38	0.9325
chr1	766968	766969	35	0.9421
chr1	767032	767033	33	0.7427
chr1	767210	767211	27	0.8547
chr1	767212	767213	34	0.9137
chr1	767223	767224	29	0.2345
chr1	767297	767298	33	0.1966
chr1	767397	767398	33	0.2465
chr1	767497	767498	31	0.1359
chr1	767552	767553	28	0.1473
chr1	767613	767614	26	0.2709
chr1	767675	767676	32	0.1495
chr1	768098	768099	29	0.1738
chr1	768138	768139	24	0.3276
chr1	768172	768173	36	0.0882
chr1	768221	768222	37	0.8903
chr1	768282	768283	21	0.4686
chr1	768341	768342	25	0.5584
chr1	768441	768442	32	0.7416
chr1	768491	768492	34	0.7147
chr1	768554	768555	26	0.767
chr1	768654	768655	33	0.6735
chr1	768742	768743	36	0.613
chr1	768922	768923	20	0.7551
chr1	768924	768925	26	0.7289
chr1	768982	768983	25	0.873
chr1	769019	769020	30	0.5046
chr1	769119	769120	43	0.6232
chr1	769173	769174	33	0.6256
chr1	769245	769246	25	0.6985
chr1	769345	769346	33	0.8072
chr1	769445	769446	32	0.6968
chr1	769495	769496	22	0.6742
chr1	769562	769563	32	0.6896
chr1	769935	769936	33	0.7407
chr1	769945	769946	30	0.6038
chr1	769997	769998	27	0.6443
chr1	770003	770004	30	0.0301
chr1	770102	770103	34	0.0329
chr1	770202	770203	25	0.0
chr1	770302	770303	23	0.0348
chr1	770402	770403	29	0.0216
chr1	770452	770453	30	0.1018
chr1	770501	770502	28	0.0
chr1	770601	770602	30	0.1131
chr1	770701	770702	34	0.1491
chr1	770842	770843	27	0.143
chr1	770936	770937	22	0.0878
chr1	770944	770945	31	0.1014
chr1	771044	771045	19	0.1428
chr1	771098	771099	34	0.0691
chr1	771124	771125	29	0.0368
chr1	771226	771227	21	0.104
chr1	771238	771239	27	0.1004
chr1	771276	771277	30	0.1371
chr1	771322	771323	32	0.8896
chr1	771422	771423	22	0.9148
chr1	771497	771498	26	0.7344
chr1	771547	771548	25	0.8225
chr1	771647	771648	26	0.8298
chr1	771747	771748	28	0.8053
chr1	771807	771808	33	0.5437
chr1	772055	772056	30	0.7957
chr1	772160	772161	28	0.6207
chr1	772260	772261	21	0.7953
chr1	772282	772283	30	0.636
chr1	772288	772289	37	0.7901
chr1	772323	772324	33	0.8716
chr1	772352	772353	17	0.6361
chr1	772380	772381	40	0.8264
chr1	772430	772431	28	0.8474
chr1	772447	772448	25	0.646
chr1	772465	772466	24	0.8047
chr1	772515	772516	23	0.7163
chr1	772531	772532	24	0.6501
chr1	772581	772582	30	0.7202
chr1	772617	772618	30	0.8452
chr1	772635	772636	21	0.7068
chr1	772666	772667	30	0.7734
chr1	772683	772684	24	0.7538
chr1	772721	772722	37	0.6654
chr1	772768	772769	25	0.8549
chr1	772784	772785	31	0.7599
chr1	772801	772802	33	0.7415
chr1	772831	772832	22	0.8015
chr1	772842	772843	30	0.5963
chr1	772912	772913	29	0.7963
chr1	773012	773013	28	0.66
chr1	773112	773113	30	0.8048
chr1	773212	773213	41	0.8734
chr1	773312	773313	32	0.7521
chr1	773338	773339	35	0.8336
chr1	773386	773387	31	0.7794
chr1	773400	773401	28	0.6406
chr1	773404	773405	31	0.7263
chr1	773532	773533	38	0.789
chr1	773638	773639	24	0.7865
chr1	773674	773675	32	0.7819
chr1	773766	773767	21	0.6199
chr1	773780	773781	38	0.7069
chr1	773800	773801	38	0.7013
chr1	773830	773831	25	0.602
chr1	773880	773881	35	0.6184
chr1	773980	773981	25	0.6036
chr1	774080	774081	36	0.5703
chr1	774180	774181	28	0.5713
chr1	774264	774265	29	0.5537
chr1	774593	774594	30	0.4719
chr1	774601	774602	33	0.6629
chr1	774607	774608	30	0.1029
chr1	774707	774708	31	0.1386
chr1	774806	774807	29	0.0254
chr1	774906	774907	42	0.0
chr1	774966	774967	23	0.0261
chr1	775066	775067	32	0.0317
chr1	775133	775134	34	0.0112
chr1	775335	775336	34	0.0897
chr1	775632	775633	40	0.0825
chr1	775742	775743	36	0.0727
chr1	775750	775751	22	0.0591
chr1	775796	775797	26	0.1031
chr1	775822	775823	24	0.0196
chr1	775860	775861	26	0.0628
chr1	775918	775919	36	0.066
chr1	776042	776043	23	0.1504
chr1	776050	776051	36	0.1624
chr1	776090	776091	30	0.1529
chr1	776130	776131	27	0.1687
chr1	776143	776144	33	0.1664
chr1	776243	776244	30	0.0571
chr1	776343	776344	27	0.0874
chr1	776443	776444	20	0.0429
chr1	776522	776523	29	0.0727
chr1	776572	776573	23	0.1326
chr1	776622	776623	27	0.0369
chr1	776647	776648	28	0.0
chr1	776770	776771	30	0.038
chr1	776870	776871	31	0.1791
chr1	777119	777120	29	0.1449
chr1	777201	777202	35	0.0781
chr1	777213	777214	34	0.7738
chr1	777313	777314	20	0.6899
chr1	777374	777375	21	0.5451
chr1	777447	777448	35	0.7347
chr1	777508	777509	23	0.8435
chr1	777608	777609	31	0.6662
chr1	777658	777659	28	0.5489
chr1	777667	777668	25	0.7943
chr1	777961	777962	34	0.8827
chr1	778061	778062	31	0.7779
chr1	778153	778154	29	0.7456
chr1	778159	778160	36	0.8581
chr1	778223	778224	33	0.6627
chr1	778296	778297	27	0.7062
chr1	778390	778391	31	0.7636
chr1	778482	778483	27	0.8635
chr1	778545	778546	28	0.8634
chr1	778645	778646	28	0.8731
chr1	778771	778772	36	0.6971
chr1	778871	778872	33	0.8496
chr1	779089	779090	29	0.8184
chr1	779171	779172	30	0.9081
chr1	779233	779234	29	0.7627
chr1	779237	779238	23	0.7914
chr1	779321	779322	23	0.8685
chr1	779327	779328	32	0.8386
chr1	779366	779367	32	0.6957
chr1	779399	779400	27	0.7716
chr1	779423	779424	35	0.8922
chr1	779459	779460	30	0.7488
chr1	779476	779477	27	0.6128
chr1	779507	779508	29	0.8403
chr1	779557	779558	38	0.7049
chr1	779587	779588	35	0.7884
chr1	779637	779638	31	0.6815
chr1	779679	779680	35	0.8791
chr1	779711	779712	30	0.9649
chr1	779734	779735	22	0.6793
chr1	779755	779756	29	0.8674
chr1	779803	779804	29	0.7001
chr1	779903	779904	30	0.891
chr1	780003	780004	35	0.9253
chr1	780103	780104	32	0.8137
chr1	780191	780192	21	0.9187
chr1	780277	780278	27	0.8825
chr1	780441	780442	30	0.7157
chr1	780445	780446	29	0.6443
chr1	780503	780504	37	0.6906
chr1	780505	780506	30	0.9215
chr1	780553	780554	16	0.8218
chr1	780573	780574	25	0.7158
chr1	780583	780584	35	0.0172
chr1	780599	780600	25	0.1532
chr1	780631	780632	33	0.1018
chr1	780654	780655	41	0.187
chr1	780704	780705	23	0.0886
chr1	780731	780732	30	0.0642
chr1	780753	780754	26	0.0348
chr1	780781	780782	29	0.1363
chr1	780808	780809	36	0.1187
chr1	780826	780827	31	0.0658
chr1	780852	780853	31	0.0968
chr1	780896	780897	31	0.0369
chr1	780941	780942	26	0.0984
chr1	780976	780977	21	0.0564
chr1	781026	781027	34	0.2774
chr1	781045	781046	34	0.1283
chr1	781145	781146	30	0.1668
chr1	781245	781246	41	0.2557
chr1	781310	781311	29	0.2034
chr1	781410	781411	29	0.1451
chr1	781530	781531	37	0.2145
chr1	781574	781575	35	0.1089
chr1	781680	781681	17	0.1388
chr1	781686	781687	29	0.0989
chr1	781758	781759	27	0.1723
chr1	781794	781795	28	0.9615
chr1	781890	781891	25	0.9981
chr1	781990	781991	27	0.9504
chr1	782090	782091	41	0.9837
chr1	782150	782151	35	0.8225
chr1	782206	782207	29	0.8407
chr1	782279	782280	30	0.9193
chr1	782283	782284	37	0.9599
chr1	782383	782384	30	0.8821
chr1	782523	782524	27	0.9457
chr1	782623	782624	32	0.9024
chr1	782723	782724	30	0.8505
chr1	782730	782731	34	0.9277
chr1	782745	782746	31	0.8122
chr1	782768	782769	24	0.9915
chr1	782818	782819	19	0.9746
chr1	782833	782834	27	1.0
chr1	782883	782884	34	0.9171
chr1	782906	782907	28	1.0
chr1	782942	782943	35	0.8654
chr1	782992	782993	28	0.9522
chr1	783007	783008	30	0.8665
chr1	783034	783035	34	0.9763
chr1	783073	783074	32	0.7593
chr1	783089	783090	35	0.7844
chr1	783109	783110	21	0.8849
chr1	783159	783160	37	0.9906
chr1	783196	783197	28	0.7543
chr1	783246	783247	30	0.8011
chr1	783268	783269	34	0.8765
chr1	783314	783315	26	0.8936
chr1	783329	783330	29	0.9259
chr1	783334	783335	25	1.0
chr1	783418	783419	30	0.9171
chr1	783518	783519	28	0.8811
chr1	783618	783619	29	0.8652
chr1	783718	783719	32	1.0
chr1	783768	783769	34	0.9395
chr1	783868	783869	16	0.9667
chr1	783918	783919	32	0.8966
chr1	783942	783943	35	0.8268
chr1	784126	784127	24	0.9218
chr1	784230	784231	37	0.8473
chr1	784344	784345	29	0.929
chr1	784361	784362	38	0.8311
chr1	784461	784462	24	0.7083
chr1	784532	784533	27	0.6264
chr1	784595	784596	33	0.7424
chr1	784666	784667	35	0.8937
chr1	784766	784767	36	0.8485
chr1	784802	784803	26	0.8007
chr1	784931	784932	26	0.7166
chr1	785237	785238	28	0.6827
chr1	785241	785242	28	0.6583
chr1	785311	785312	25	0.8766
chr1	785337	785338	41	0.578
chr1	785402	785403	30	0.707
chr1	785502	785503	36	0.5839
chr1	785588	785589	25	0.5524
chr1	785648	785649	30	0.5153
chr1	785706	785707	29	0.3868
chr1	785756	785757	39	0.491
chr1	785833	785834	28	0.3606
chr1	785933	785934	29	0.6601
chr1	786033	786034	30	0.5253
chr1	786177	786178	28	0.4171
chr1	786328	786329	30	0.5183
chr1	786332	786333	23	0.6973
chr1	786382	786383	29	0.5008
chr1	786396	786397	39	0.7212
chr1	786496	786497	27	0.7983
chr1	786596	786597	29	0.7487
chr1	786646	786647	30	0.6571
chr1	786696	786697	30	0.8687
chr1	786796	786797	26	0.7469
chr1	786824	786825	22	0.8384
chr1	787226	787227	27	0.7898
chr1	787312	787313	32	0.9258
chr1	787339	787340	28	0.6427
chr1	787439	787440	27	0.7234
chr1	787539	787540	36	0.7617
chr1	787633	787634	34	0.7716
chr1	787718	787719	32	0.8918
chr1	787783	787784	22	0.9207
chr1	787814	787815	33	0.6907
chr1	788154	788155	30	0.7933
chr1	788281	788282	24	0.7394
chr1	788313	788314	26	0.8786
chr1	788369	788370	28	0.7966
chr1	788386	788387	33	0.9037
chr1	788486	788487	35	0.8247
chr1	788536	788537	25	0.8683
chr1	788622	788623	21	0.7863
chr1	788721	788722	32	0.7785
chr1	788792	788793	29	0.7682
chr1	788892	788893	29	0.7836
chr1	788935	788936	26	0.722
chr1	789256	789257	36	0.7792
chr1	789356	789357	23	0.9762
chr1	789456	789457	26	0.7643
chr1	789536	789537	24	0.8203
chr1	789577	789578	29	0.7937
chr1	789677	789678	29	0.8245
chr1	789765	789766	29	0.8385
chr1	789865	789866	34	0.8397
chr1	789915	789916	25	0.913
chr1	790015	790016	32	0.8337
chr1	790098	790099	22	0.8507
chr1	790154	790155	31	0.9027
chr1	790176	790177	34	0.7677
chr1	790353	790354	33	0.9611
chr1	790520	790521	29	0.7622
chr1	790540	790541	23	0.9476
chr1	790549	790550	38	0.8412
chr1	790649	790650	32	0.8466
chr1	790749	790750	31	0.834
chr1	790810	790811	28	0.7829
chr1	790910	790911	33	0.8838
chr1	791010	791011	23	0.773
chr1	791061	791062	36	0.6776
chr1	791283	791284	31	0.8272
chr1	791391	791392	21	0.5637
chr1	791419	791420	39	0.6882
chr1	791513	791514	22	0.718
chr1	791529	791530	29	0.6647
chr1	791601	791602	23	0.7829
chr1	791663	791664	25	0.8453
chr1	791687	791688	43	0.753
chr1	791725	791726	20	0.7416
chr1	791775	791776	35	0.9051
chr1	791825	791826	31	0.5785
chr1	791925	791926	29	0.9078
chr1	791982	791983	29	0.8053
chr1	792082	792083	29	0.7235
chr1	792132	792133	27	0.8897
chr1	792232	792233	31	0.6508
chr1	792305	792306	31	0.7755
chr1	792494	792495	36	0.6288
chr1	792613	792614	29	0.9442
chr1	792713	792714	29	0.7998
chr1	792811	792812	28	0.8211
chr1	792819	792820	27	0.657
chr1	792913	792914	36	0.6977
chr1	792963	792964	31	0.6147
chr1	793053	793054	32	0.6901
chr1	793153	793154	33	0.6838
chr1	793237	793238	28	0.575
chr1	793572	793573	34	0.6407
chr1	793574	793575	34	0.7054
chr1	793630	793631	27	0.5774
chr1	793652	793653	23	0.6455
chr1	793730	793731	36	0.7643
chr1	793818	793819	33	0.6881
chr1	793904	793905	35	0.7558
chr1	794044	794045	38	0.7836
chr1	794052	794053	27	0.6147
chr1	794067	794068	33	0.642
chr1	794111	794112	32	0.7008
chr1	794132	794133	27	0.7242
chr1	794147	794148	28	0.7029
chr1	794197	794198	30	0.8316
chr1	794219	794220	30	0.7634
chr1	794237	794238	31	0.5485
chr1	794253	794254	26	0.7167
chr1	794274	794275	32	0.7725
chr1	794324	794325	29	0.5937
chr1	794374	794375	39	0.7211
chr1	794390	794391	37	0.7586
chr1	794440	794441	25	0.7821
chr1	794463	794464	42	0.6005
chr1	794492	794493	31	0.7224
chr1	794535	794536	31	0.6374
chr1	794585	794586	34	0.5487
chr1	794608	794609	30	0.6051
chr1	794708	794709	28	0.758
chr1	794788	794789	23	0.6081
chr1	794845	794846	26	0.7415
chr1	794902	794903	23	0.6523
chr1	794967	794968	25	0.7125
chr1	795038	795039	25	0.7431
chr1	795138	795139	24	0.808
chr1	795148	795149	26	0.7366
chr1	795254	795255	31	0.6914
chr1	795272	795273	33	0.5541
chr1	795342	795343	29	0.7877
chr1	795426	795427	31	0.5648
chr1	795488	795489	29	0.6914
chr1	795590	795591	28	0.6252
chr1	795622	795623	30	0.715
chr1	795630	795631	32	0.6621
chr1	795730	795731	33	0.7934
chr1	795830	795831	29	0.8106
chr1	795930	795931	35	0.7426
chr1	796030	796031	39	0.7915
chr1	796091	796092	26	0.8797
chr1	796115	796116	31	0.788
chr1	796215	796216	29	0.6866
chr1	796400	796401	22	0.8873
chr1	796500	796501	33	0.8725
chr1	796598	796599	31	0.859
chr1	796620	796621	29	0.8048
chr1	796644	796645	26	0.8307
chr1	796698	796699	35	0.8549
chr1	796728	796729	29	0.8076
chr1	796768	796769	33	0.7618
chr1	796802	796803	22	0.7621
chr1	796924	796925	30	0.9174
chr1	796962	796963	23	0.7131
chr1	796972	796973	28	0.7255
chr1	797061	797062	26	0.9822
chr1	797161	797162	39	0.8402
chr1	797261	797262	35	0.8019
chr1	797361	797362	27	0.9427
chr1	797417	797418	26	0.9223
chr1	797505	797506	36	0.8333
chr1	797567	797568	36	0.6864
chr1	797667	797668	30	0.9057
chr1	797767	797768	27	0.8168
chr1	798044	798045	34	0.9731
chr1	798144	798145	25	0.8369
chr1	798190	798191	28	0.7786
chr1	798264	798265	35	0.7888
chr1	798274	798275	34	0.8016
chr1	798480	798481	25	0.9091
chr1	798554	798555	29	0.7918
chr1	798604	798605	37	0.8944
chr1	798628	798629	27	0.0903
chr1	798678	798679	27	0.0804
chr1	798778	798779	26	0.0073
chr1	798870	798871	29	0.0201
chr1	798934	798935	29	0.0
chr1	799012	799013	35	0.1779
chr1	799112	799113	34	0.0695
chr1	799143	799144	31	0.0995
chr1	799355	799356	30	0.1148
chr1	799455	799456	31	0.1101
chr1	799501	799502	31	0.1301
chr1	799541	799542	27	0.1422
chr1	799550	799551	34	0.8857
chr1	799650	799651	24	0.9411
chr1	799750	799751	31	0.8757
chr1	799800	799801	29	0.8924
chr1	799851	799852	33	0.7428
chr1	799951	799952	39	0.74
chr1	800051	800052	21	0.8954
chr1	800070	800071	27	0.8749
chr1	800270	800271	29	0.9179
chr1	800304	800305	28	0.8474
chr1	800360	800361	23	0.9418
chr1	800404	800405	24	0.906
chr1	800436	800437	23	0.8639
chr1	800484	800485	32	0.8901
chr1	800538	800539	32	0.8539
chr1	800602	800603	26	0.8531
chr1	800626	800627	23	0.843
chr1	800642	800643	27	0.9004
chr1	800740	800741	33	0.9976
chr1	800789	800790	19	0.662
chr1	800889	800890	28	0.7854
chr1	800989	800990	32	0.8164
chr1	801056	801057	24	0.8547
chr1	801118	801119	26	0.7418
chr1	801192	801193	32	0.9103
chr1	801258	801259	25	0.8103
chr1	801288	801289	21	0.7143
chr1	801388	801389	29	0.7925
chr1	801488	801489	35	0.7987
chr1	801588	801589	43	0.8195
chr1	801759	801760	30	0.7859
chr1	801763	801764	28	0.824
chr1	801777	801778	31	0.8222
chr1	801797	801798	33	0.2937
chr1	801897	801898	22	0.1981
chr1	801986	801987	33	0.0688
chr1	802086	802087	21	0.2491
chr1	802163	802164	29	0.0489
chr1	802263	802264	34	0.0172
chr1	802269	802270	33	0.1302
chr1	802369	802370	26	0.1571
chr1	802469	802470	33	0.1244
chr1	802628	802629	31	0.1124
chr1	802682	802683	28	0.096
chr1	802688	802689	24	0.708
chr1	802788	802789	24	0.6264
chr1	802852	802853	33	0.6728
chr1	802952	802953	32	0.6765
chr1	803034	803035	24	0.6233
chr1	803084	803085	35	0.756
chr1	803134	803135	37	0.6119
chr1	803234	803235	38	0.6079
chr1	803570	803571	24	0.5922
chr1	803578	803579	32	0.7314
chr1	803736	803737	30	0.7074
chr1	803818	803819	30	0.6571
chr1	803848	803849	29	0.6642
chr1	803872	803873	20	0.8565
chr1	803879	803880	26	0.5633
chr1	803929	803930	35	0.5916
chr1	804029	804030	39	0.5108
chr1	804100	804101	29	0.5046
chr1	804200	804201	30	0.6058
chr1	804283	804284	25	0.6412
chr1	804343	804344	30	0.6685
chr1	804363	804364	30	0.5172
chr1	804463	804464	49	0.6579
chr1	804572	804573	30	0.5971
chr1	804672	804673	26	0.6201
chr1	804772	804773	32	0.5986
chr1	804796	804797	29	0.5405
chr1	804918	804919	28	0.4701
chr1	804978	804979	26	0.686
chr1	805104	805105	28	0.3307
chr1	805234	805235	26	0.543
chr1	805263	805264	23	0.756
chr1	805363	805364	29	0.6885
chr1	805416	805417	28	0.8147
chr1	805510	805511	21	0.8965
chr1	805560	805561	30	1.0
chr1	805660	805661	30	0.744
chr1	805760	805761	33	0.8205
chr1	805794	805795	37	0.886
chr1	805910	805911	37	0.9516
chr1	806067	806068	41	1.0
chr1	806167	806168	24	0.8372
chr1	806267	806268	28	0.9012
chr1	806269	806270	32	0.9143
chr1	806323	806324	18	0.7988
chr1	806354	806355	20	0.9776
chr1	806434	806435	32	0.8569
chr1	806534	806535	26	1.0
chr1	806634	806635	28	0.9507
chr1	806691	806692	24	0.8298
chr1	806741	806742	32	0.8649
chr1	806833	806834	34	0.9366
chr1	806870	806871	23	1.0
chr1	806990	806991	36	1.0
chr1	807267	807268	37	0.9473
chr1	807349	807350	25	0.8833
chr1	807355	807356	24	0.9525
chr1	807378	807379	34	0.7513
chr1	807452	807453	33	0.675
chr1	807502	807503	24	0.7767
chr1	807552	807553	34	0.7883
chr1	807630	807631	31	0.8886
chr1	807730	807731	24	0.8798
chr1	807830	807831	21	0.8645
chr1	807880	807881	30	0.6587
chr1	807933	807934	27	0.8719
chr1	808071	808072	32	0.8563
chr1	808206	808207	37	0.7028
chr1	808334	808335	27	0.5404
chr1	808358	808359	17	0.8443
chr1	808363	808364	27	0.8107
chr1	808392	808393	33	0.8662
chr1	808412	808413	28	0.9063
chr1	808448	808449	36	0.8022
chr1	808477	808478	26	0.7862
chr1	808503	808504	25	0.9057
chr1	808522	808523	24	0.9131
chr1	808566	808567	31	0.9528
chr1	808581	808582	30	0.7344
chr1	808631	808632	27	0.7278
chr1	808656	808657	28	0.7407
chr1	808683	808684	31	0.7165
chr1	808710	808711	29	0.7452
chr1	808730	808731	26	1.0
chr1	808745	808746	28	0.9442
chr1	808795	808796	30	0.8926
chr1	808826	808827	30	0.9178
chr1	808852	808853	32	0.6677
chr1	808869	808870	24	0.9106
chr1	808969	808970	28	0.7825
chr1	809059	809060	33	0.7762
chr1	809118	809119	19	0.7944
chr1	809218	809219	29	0.6456
chr1	809318	809319	35	0.7301
chr1	809384	809385	32	0.7019
chr1	809396	809397	26	0.7538
chr1	809614	809615	34	0.7788
chr1	809616	809617	35	0.9432
chr1	809650	809651	34	0.8079
chr1	809714	809715	23	0.834
chr1	809720	809721	31	0.909
chr1	809820	809821	32	0.6178
chr1	809920	809921	28	0.8198
chr1	809987	809988	31	0.88
chr1	810087	810088	29	0.9155
chr1	810187	810188	36	0.9756
chr1	810287	810288	33	0.693
chr1	810294	810295	29	0.7467
chr1	810794	810795	18	0.8597
chr1	810838	810839	23	0.7433
chr1	810880	810881	25	0.6933
chr1	810894	810895	29	0.7721
chr1	810954	810955	25	0.7044
chr1	810982	810983	27	0.7363
chr1	811114	811115	23	0.6915
chr1	811208	811209	30	0.6674
chr1	811252	811253	33	0.3048
chr1	811323	811324	29	0.1888
chr1	811418	811419	27	0.2057
chr1	811518	811519	24	0.33
chr1	811593	811594	19	0.1497
chr1	811653	811654	30	0.3686
chr1	811753	811754	23	0.1407
chr1	811757	811758	30	0.3366
chr1	812024	812025	24	0.1986
chr1	812124	812125	29	0.2842
chr1	812224	812225	37	0.0444
chr1	812292	812293	38	0.0995
chr1	812327	812328	32	0.8605
chr1	812406	812407	13	0.7677
chr1	812506	812507	37	0.6357
chr1	812589	812590	31	0.7739
chr1	812668	812669	46	0.8226
chr1	812671	812672	29	0.808
chr1	812781	812782	25	0.7501
chr1	812881	812882	29	0.6344
chr1	812893	812894	29	0.8373
chr1	812973	812974	38	0.8098
chr1	812981	812982	36	0.096
chr1	813081	813082	38	0.0213
chr1	813181	813182	27	0.0157
chr1	813281	813282	33	0.0844
chr1	813381	813382	31	0.0767
chr1	813451	813452	32	0.0
chr1	813518	813519	35	0.0784
chr1	813759	813760	30	0.0801
chr1	813939	813940	31	0.2083
chr1	814047	814048	36	0.1247
chr1	814053	814054	30	0.0207
chr1	814087	814088	28	0.1559
chr1	814123	814124	25	0.1147
chr1	814299	814300	28	0.0837
chr1	814353	814354	30	0.0895
chr1	814377	814378	32	0.1155
chr1	814389	814390	21	0.1322
chr1	814445	814446	28	0.1167
chr1	814501	814502	28	0.056
chr1	814533	814534	25	0.1017
chr1	814541	814542	37	0.0104
chr1	814641	814642	28	0.0982
chr1	814723	814724	29	0.2805
chr1	814823	814824	28	0.0697
chr1	814923	814924	35	0.0
chr1	814997	814998	34	0.1087
chr1	815056	815057	34	0.1056
chr1	815156	815157	29	0.0482
chr1	815256	815257	35	0.0402
chr1	815504	815505	38	0.0431
chr1	815562	815563	22	0.0181
chr1	815564	815565	37	0.039
chr1	815642	815643	32	0.0691
chr1	815662	815663	30	0.1122
chr1	815792	815793	30	0.174
chr1	815802	815803	17	0.2292
chr1	815876	815877	29	0.0704
chr1	815926	815927	43	0.1362
chr1	815948	815949	29	1.0
chr1	816048	816049	25	1.0
chr1	816111	816112	36	1.0
chr1	816174	816175	38	0.7909
chr1	816256	816257	28	0.7617
chr1	816323	816324	31	0.9423
chr1	816423	816424	33	0.7762
chr1	816442	816443	23	0.9301
chr1	816703	816704	24	0.9461
chr1	816838	816839	28	0.9699
chr1	816922	816923	29	0.9646
chr1	816932	816933	30	0.041
chr1	817032	817033	27	0.127
chr1	817082	817083	32	0.0964
chr1	817147	817148	30	0.0
chr1	817247	817248	32	0.0904
chr1	817302	817303	29	0.0
chr1	817352	817353	33	0.0
chr1	817443	817444	19	0.16
chr1	817543	817544	22	0.0247
chr1	817831	817832	37	0.0724
chr1	817931	817932	25	0.0548
chr1	818041	818042	23	0.0156
chr1	818135	818136	34	0.0412
chr1	818143	818144	28	0.0561
chr1	818187	818188	28	0.1089
chr1	818273	818274	21	0.2821
chr1	818285	818286	27	0.1225
chr1	818289	818290	31	0.0848
chr1	818343	818344	35	0.0399
chr1	818361	818362	29	0.1011
chr1	818365	818366	34	0.1222
chr1	818370	818371	36	0.0561
chr1	818441	818442	25	0.0
chr1	818541	818542	28	0.2109
chr1	818641	818642	38	0.1708
chr1	818691	818692	30	0.1858
chr1	818750	818751	41	0.2301
chr1	818788	818789	33	0.1811
chr1	818941	818942	33	0.167
chr1	819041	819042	20	0.131
chr1	819049	819050	25	0.0847
chr1	819137	819138	25	0.1175
chr1	819155	819156	32	0.2292
chr1	819263	819264	33	0.0613
chr1	819265	819266	34	0.0361
chr1	819313	819314	18	0.0
chr1	819350	819351	30	1.0
chr1	819450	819451	19	0.8771
chr1	819550	819551	36	1.0
chr1	819627	819628	31	0.7433
chr1	819727	819728	26	0.94
chr1	819802	819803	26	0.88
chr1	819897	819898	18	0.8927
chr1	820086	820087	39	0.7617
chr1	820186	820187	24	0.8128
chr1	820286	820287	22	0.7616
chr1	820312	820313	30	0.8524
chr1	820317	820318	26	0.5833
chr1	820367	820368	28	0.8918
chr1	820417	820418	37	0.765
chr1	820467	820468	31	0.6593
chr1	820522	820523	36	0.6753
chr1	820572	820573	35	0.7032
chr1	820672	820673	24	0.7887
chr1	820726	820727	31	0.839
chr1	820808	820809	27	0.7076
chr1	820908	820909	26	0.6426
chr1	821008	821009	34	0.7473
chr1	821249	821250	21	0.5524
chr1	821299	821300	29	0.7609
chr1	821307	821308	42	0.7644
chr1	821383	821384	35	0.7378
chr1	821463	821464	33	0.7724
chr1	821535	821536	26	0.711
chr1	821581	821582	32	0.6669
chr1	821595	821596	24	0.6403
chr1	821625	821626	19	0.7219
chr1	821679	821680	31	0.6726
chr1	821689	821690	23	0.5683
chr1	821787	821788	22	0.646
chr1	821865	821866	27	0.748
chr1	821950	821951	33	0.6786
chr1	822050	822051	34	0.6676
chr1	822104	822105	25	0.6774
chr1	822141	822142	26	0.699
chr1	822241	822242	28	0.608
chr1	822461	822462	28	0.7596
chr1	822525	822526	23	0.7545
chr1	822643	822644	17	0.6616
chr1	822667	822668	27	0.7836
chr1	822773	822774	32	0.6301
chr1	822785	822786	33	0.8059
chr1	822789	822790	26	0.7767
chr1	822871	822872	33	0.5814
chr1	822913	822914	29	0.6203
chr1	822923	822924	29	0.6592
chr1	823023	823024	30	0.9096
chr1	823104	823105	31	0.7307
chr1	823154	823155	24	0.5708
chr1	823204	823205	35	0.7658
chr1	823256	823257	29	0.596
chr1	823351	823352	30	0.7645
chr1	823424	823425	31	0.8073
chr1	823537	823538	29	0.6354
chr1	823637	823638	33	0.8094
chr1	823756	823757	34	0.8894
chr1	823856	823857	32	0.7254
chr1	823876	823877	28	0.6875
chr1	824014	824015	23	0.6808
chr1	824056	824057	35	0.6861
chr1	824074	824075	35	0.7277
chr1	824108	824109	37	0.7571
chr1	824136	824137	25	0.7559
chr1	824162	824163	33	0.6435
chr1	824236	824237	26	0.6881
chr1	824284	824285	30	0.7453
chr1	824336	824337	30	0.802
chr1	824346	824347	25	0.0213
chr1	824435	824436	22	0.0231
chr1	824494	824495	32	0.0015
chr1	824594	824595	28	0.0
chr1	824694	824695	29	0.0
chr1	824794	824795	37	0.1489
chr1	824844	824845	35	0.0746
chr1	825010	825011	21	0.0
chr1	825110	825111	30	0.0868
chr1	825276	825277	25	0.0472
chr1	825426	825427	35	0.0805
chr1	825450	825451	37	0.0942
chr1	825488	825489	39	0.0516
chr1	825578	825579	32	0.1138
chr1	825642	825643	28	0.1069
chr1	825706	825707	22	0.1578
chr1	825715	825716	31	0.9345
chr1	825765	825766	26	0.7749
chr1	825825	825826	30	0.8145
chr1	825925	825926	23	0.9624
chr1	825975	825976	23	0.6771
chr1	826075	826076	28	0.8791
chr1	826144	826145	31	0.932
chr1	826235	826236	31	0.8126
chr1	826274	826275	28	0.961
chr1	826380	826381	24	0.9877
chr1	826382	826383	26	0.687
chr1	826610	826611	25	0.926
chr1	826712	826713	30	0.936
chr1	826718	826719	39	0.9117
chr1	826788	826789	29	0.9041
chr1	826856	826857	30	0.8964
chr1	826874	826875	31	0.618
chr1	826944	826945	24	0.7688
chr1	827044	827045	29	0.7423
chr1	827144	827145	23	0.6109
chr1	827244	827245	27	0.7179
chr1	827306	827307	31	0.7343
chr1	827347	827348	31	0.6591
chr1	827517	827518	31	0.6513
chr1	827765	827766	35	0.8066
chr1	827801	827802	27	0.7038
chr1	827821	827822	36	0.7573
chr1	827842	827843	28	0.0451
chr1	827892	827893	33	0.2656
chr1	827992	827993	29	0.1048
chr1	828051	828052	33	0.2047
chr1	828151	828152	33	0.3192
chr1	828251	828252	27	0.3246
chr1	828303	828304	35	0.2078
chr1	828314	828315	39	0.2504
chr1	828510	828511	24	0.1023
chr1	828610	828611	36	0.0872
chr1	828710	828711	23	0.2212
chr1	828770	828771	31	0.1753
chr1	828777	828778	31	0.0932
chr1	828796	828797	28	0.152
chr1	828824	828825	31	0.0757
chr1	828845	828846	29	0.0468
chr1	828887	828888	25	0.0844
chr1	828902	828903	28	0.0
chr1	828950	828951	16	0.039
chr1	828965	828966	27	0.0785
chr1	828991	828992	31	0.0236
chr1	829041	829042	29	0.0907
chr1	829056	829057	26	0.0265
chr1	829092	829093	33	0.0694
chr1	829126	829127	25	0.0635
chr1	829148	829149	31	0.0565
chr1	829173	829174	26	0.1691
chr1	829196	829197	32	0.0053
chr1	829241	829242	29	0.0982
chr1	829281	829282	23	0.0262
chr1	829331	829332	29	0.0967
chr1	829357	829358	33	0.0334
chr1	829457	829458	29	0.0
chr1	829557	829558	25	0.0593
chr1	829657	829658	18	0.0875
chr1	829757	829758	22	0.0517
chr1	829832	829833	24	0.1665
chr1	829907	829908	26	0.1062
chr1	830049	830050	27	0.1083
chr1	830103	830104	28	0.0127
chr1	830143	830144	34	0.0252
chr1	830241	830242	27	0.0523
chr1	830313	830314	28	0.2195
chr1	830341	830342	28	0.8337
chr1	830441	830442	30	0.7668
chr1	830541	830542	31	0.7731
chr1	830641	830642	32	0.7095
chr1	830741	830742	33	0.7245
chr1	830813	830814	30	0.7066
chr1	830844	830845	29	0.6463
chr1	830973	830974	29	0.6745
chr1	831310	831311	32	0.7725
chr1	831334	831335	29	0.9971
chr1	831400	831401	24	0.8821
chr1	831450	831451	35	0.6321
chr1	831528	831529	28	0.7661
chr1	831578	831579	21	0.8653
chr1	831678	831679	21	0.7184
chr1	831778	831779	27	0.8263
chr1	831850	831851	19	0.7278
chr1	831932	831933	36	0.8801
chr1	831968	831969	39	0.8008
chr1	832468	832469	32	0.6798
chr1	832552	832553	29	0.7184
chr1	832566	832567	36	0.7946
chr1	832574	832575	37	0.4198
chr1	832660	832661	35	0.6167
chr1	832710	832711	28	0.4898
chr1	832810	832811	24	0.5643
chr1	832910	832911	33	0.4951
chr1	833004	833005	21	0.4981
chr1	833015	833016	34	0.7016
chr1	833154	833155	31	0.6106
chr1	833413	833414	27	0.3701
chr1	833691	833692	36	0.6339
chr1	833835	833836	28	0.4973
chr1	833847	833848	28	0.6376
chr1	833865	833866	40	0.5548
chr1	833897	833898	23	0.8921
chr1	833902	833903	30	0.7219
chr1	833928	833929	35	0.88
chr1	833978	833979	34	0.7064
chr1	833997	833998	24	0.8086
chr1	834017	834018	26	0.8774
chr1	834036	834037	25	0.8478
chr1	834052	834053	32	0.6881
chr1	834091	834092	26	0.8132
chr1	834106	834107	18	0.8318
chr1	834131	834132	42	0.8684
chr1	834154	834155	24	0.7379
chr1	834169	834170	38	0.8028
chr1	834196	834197	34	0.8243
chr1	834242	834243	33	0.7775
chr1	834257	834258	25	0.6892
chr1	834284	834285	24	0.6721
chr1	834334	834335	28	0.8024
chr1	834368	834369	35	0.8168
chr1	834390	834391	32	0.7906
chr1	834425	834426	34	0.8002
chr1	834475	834476	29	0.7167
chr1	834575	834576	25	0.8585
chr1	834654	834655	30	0.8341
chr1	834754	834755	29	0.7839
chr1	834845	834846	25	0.9209
chr1	834895	834896	16	0.7163
chr1	834945	834946	27	0.7351
chr1	835099	835100	30	0.6843
chr1	835101	835102	17	0.752
chr1	835127	835128	14	0.866
chr1	835147	835148	36	0.7091
chr1	835149	835150	28	0.8819
chr1	835195	835196	41	0.782
chr1	835215	835216	24	0.7074
chr1	835277	835278	37	0.8941
chr1	835309	835310	40	0.8921
chr1	835346	835347	33	0.0654
chr1	835446	835447	25	0.0
chr1	835526	835527	37	0.2803
chr1	835626	835627	33	0.2439
chr1	835676	835677	28	0.0277
chr1	835732	835733	31	0.1953
chr1	835832	835833	31	0.1641
chr1	835862	835863	37	0.2327
chr1	836028	836029	31	0.2778
chr1	836128	836129	33	0.3086
chr1	836475	836476	39	0.1009
chr1	836512	836513	26	0.5969
chr1	836612	836613	30	0.5349
chr1	836684	836685	28	0.7105
chr1	836763	836764	26	0.7319
chr1	836824	836825	38	0.7711
chr1	836919	836920	34	0.6488
chr1	837013	837014	24	0.7213
chr1	837113	837114	22	0.7357
chr1	837229	837230	29	0.7355
chr1	837283	837284	31	0.4682
chr1	837323	837324	34	0.672
chr1	837363	837364	31	0.8348
chr1	837463	837464	27	0.576
chr1	837553	837554	29	0.6129
chr1	837653	837654	24	0.5521
chr1	837753	837754	33	0.5232
chr1	837850	837851	37	0.7345
chr1	837960	837961	30	0.7915
chr1	838079	838080	31	0.734
chr1	838239	838240	28	0.6348
chr1	838285	838286	34	0.7715
chr1	838297	838298	26	0.1862
chr1	838347	838348	33	0.0677
chr1	838447	838448	37	0.0545
chr1	838536	838537	31	0.2605
chr1	838617	838618	32	0.2281
chr1	838667	838668	37	0.1087
chr1	838764	838765	25	0.0464
chr1	839038	839039	35	0.1226
chr1	839138	839139	38	0.129
chr1	839150	839151	32	0.1178
chr1	839157	839158	33	0.1452
chr1	839239	839240	28	0.2756
chr1	839339	839340	22	0.1358
chr1	839439	839440	41	0.2863
chr1	839504	839505	33	0.333
chr1	839600	839601	21	0.258
chr1	839739	839740	28	0.3634
chr1	839913	839914	39	0.1508
chr1	839977	839978	22	0.1852
chr1	840033	840034	25	0.1452
chr1	840101	840102	39	0.2746
chr1	840123	840124	30	0.3289
chr1	840177	840178	36	0.154
chr1	840199	840200	34	0.1962
chr1	840311	840312	19	0.2523
chr1	840348	840349	31	0.7599
chr1	840448	840449	31	0.7438
chr1	840514	840515	35	0.8322
chr1	840564	840565	27	0.9078
chr1	840664	840665	27	0.7114
chr1	840760	840761	26	0.6709
chr1	840810	840811	38	0.7471
chr1	840903	840904	21	0.6412
chr1	841133	841134	30	0.9117
chr1	841199	841200	25	0.788
chr1	841225	841226	29	0.8962
chr1	841325	841326	29	0.839
chr1	841415	841416	30	0.8172
chr1	841505	841506	31	0.9714
chr1	841605	841606	21	0.8422
chr1	841676	841677	27	0.8078
chr1	841756	841757	30	0.7235
chr1	841904	841905	38	0.7268
chr1	842130	842131	28	0.814
chr1	842246	842247	23	0.7635
chr1	842272	842273	19	0.9165
chr1	842301	842302	38	0.6578
chr1	842353	842354	38	0.9025
chr1	842453	842454	22	0.7931
chr1	842553	842554	24	0.8552
chr1	842603	842604	24	0.9331
chr1	842703	842704	30	0.7556
chr1	842803	842804	37	0.9641
chr1	842840	842841	24	0.9081
chr1	842997	842998	39	0.8485
chr1	843097	843098	34	0.926
chr1	843200	843201	25	0.8072
chr1	843343	843344	29	0.7383
chr1	843367	843368	31	0.951
chr1	843431	843432	37	0.8254
chr1	843476	843477	28	0.5924
chr1	843576	843577	31	0.7736
chr1	843676	843677	31	0.5252
chr1	843776	843777	34	0.5803
chr1	843876	843877	35	0.6572
chr1	843976	843977	26	0.7062
chr1	843979	843980	30	0.5442
chr1	844306	844307	37	0.6866
chr1	844330	844331	19	0.6789
chr1	844356	844357	24	0.8686
chr1	844456	844457	28	0.9648
chr1	844556	844557	21	0.7175
chr1	844606	844607	27	0.8556
chr1	844702	844703	29	0.7546
chr1	844752	844753	31	0.7184
chr1	844819	844820	24	0.8079
chr1	844882	844883	33	0.9684
chr1	844982	844983	33	0.8701
chr1	845256	845257	32	0.7971
chr1	845356	845357	33	0.8227
chr1	845402	845403	24	0.7339
chr1	845452	845453	24	0.7667
chr1	845477	845478	31	1.0
chr1	845577	845578	30	0.795
chr1	845677	845678	24	0.4861
chr1	845777	845778	27	0.7577
chr1	845833	845834	28	0.726
chr1	845913	845914	38	1.0
chr1	845939	845940	38	1.0
chr1	846039	846040	31	0.7796
chr1	846156	846157	27	0.6805
chr1	846370	846371	36	1.0
chr1	846458	846459	28	0.4663
chr1	846489	846490	38	0.8664
chr1	846589	846590	27	0.9826
chr1	846689	846690	27	0.7805
chr1	846781	846782	32	0.8433
chr1	846833	846834	32	0.9307
chr1	846928	846929	31	0.9
chr1	846951	846952	20	0.9977
chr1	847377	847378	19	0.8986
chr1	847401	847402	30	0.7541
chr1	847421	847422	24	0.8179
chr1	847521	847522	25	0.8138
chr1	847621	847622	24	0.6835
chr1	847721	847722	31	0.6291
chr1	847810	847811	26	0.6979
chr1	847868	847869	32	0.8243
chr1	847921	847922	32	0.7065
chr1	848151	848152	31	0.9157
chr1	848300	848301	23	0.7748
chr1	848324	848325	31	0.7652
chr1	848348	848349	23	0.6393
chr1	848368	848369	27	0.976
chr1	848451	848452	28	0.8591
chr1	848551	848552	35	0.8559
chr1	848620	848621	29	0.95
chr1	848670	848671	32	0.9543
chr1	848770	848771	38	0.9709
chr1	848870	848871	27	0.8624
chr1	848940	848941	22	0.7197
chr1	849040	849041	27	0.8928
chr1	849353	849354	31	0.8075
chr1	849492	849493	38	0.8445
chr1	849504	849505	34	0.7893
chr1	849512	849513	35	0.0734
chr1	849593	849594	28	0.1347
chr1	849693	849694	32	0.2766
chr1	849778	849779	26	0.102
chr1	849878	849879	28	0.1917
chr1	849978	849979	27	0.2745
chr1	850002	850003	22	0.2793
chr1	850469	850470	32	0.0
chr1	850491	850492	32	0.0951
chr1	850625	850626	28	0.1074
chr1	850733	850734	26	0.2755
chr1	850757	850758	21	0.1006
chr1	850885	850886	25	0.1726
chr1	850907	850908	25	0.0607
chr1	850936	850937	30	0.8494
chr1	851036	851037	31	0.9862
chr1	851121	851122	30	0.9088
chr1	851171	851172	19	0.8678
chr1	851271	851272	28	0.8251
chr1	851371	851372	30	0.9008
chr1	851387	851388	35	0.7253
chr1	851668	851669	34	0.8589
chr1	851742	851743	30	0.8002
chr1	851747	851748	32	0.1415
chr1	851847	851848	30	0.0636
chr1	851934	851935	29	0.1275
chr1	851994	851995	32	0.1939
chr1	852094	852095	36	0.14
chr1	852144	852145	30	0.1125
chr1	852156	852157	33	0.0685
chr1	852256	852257	32	0.2438
chr1	852419	852420	29	0.2154
chr1	852447	852448	28	0.1717
chr1	852513	852514	38	0.0908
chr1	852545	852546	32	0.2307
chr1	852603	852604	31	0.2377
chr1	852671	852672	30	0.0722
chr1	852711	852712	33	0.1224
chr1	852715	852716	31	0.1573
chr1	852747	852748	23	0.26
chr1	852795	852796	26	0.7861
chr1	852845	852846	33	0.696
chr1	852945	852946	33	0.6159
chr1	853045	853046	28	0.6892
chr1	853145	853146	32	0.8349
chr1	853205	853206	24	0.8507
chr1	853255	853256	32	0.7456
chr1	853355	853356	24	0.7038
chr1	853361	853362	26	0.7238
chr1	853842	853843	38	0.7766
chr1	853844	853845	27	0.5958
chr1	853924	853925	30	0.8697
chr1	853943	853944	28	0.6109
chr1	854043	854044	33	0.6863
chr1	854143	854144	31	0.7249
chr1	854201	854202	18	0.8231
chr1	854257	854258	33	0.7792
chr1	854339	854340	22	0.6205
chr1	854439	854440	26	0.7331
chr1	854448	854449	34	0.7316
chr1	854948	854949	31	0.7105
chr1	854982	854983	32	0.682
chr1	854987	854988	36	0.821
chr1	855052	855053	28	0.6953
chr1	855143	855144	26	0.6305
chr1	855243	855244	29	0.8076
chr1	855343	855344	20	0.7242
chr1	855428	855429	32	0.7637
chr1	855775	855776	28	0.633
chr1	855999	856000	27	0.7656
chr1	856005	856006	25	0.6435
chr1	856015	856016	33	0.6226
chr1	856115	856116	35	0.7127
chr1	856121	856122	33	0.7601
chr1	856165	856166	29	0.7459
chr1	856195	856196	34	0.0516
chr1	856248	856249	25	0.0
chr1	856313	856314	25	0.0435
chr1	856363	856364	33	0.0639
chr1	856463	856464	34	0.1229
chr1	856562	856563	27	0.1846
chr1	856660	856661	23	0.098
chr1	856760	856761	22	0.1969
chr1	856811	856812	30	0.0571
chr1	857028	857029	25	0.1525
chr1	857377	857378	25	0.0685
chr1	857391	857392	30	0.1272
chr1	857441	857442	32	0.7305
chr1	857541	857542	32	0.85
chr1	857641	857642	26	0.7045
chr1	857741	857742	29	0.9623
chr1	857823	857824	29	0.7071
chr1	857923	857924	27	0.7624
chr1	857978	857979	29	0.5701
chr1	858028	858029	29	0.6802
chr1	858128	858129	33	0.7973
chr1	858476	858477	29	0.8063
chr1	858576	858577	29	0.8682
chr1	858618	858619	33	0.7595
chr1	858632	858633	35	0.6419
chr1	858642	858643	24	0.7424
chr1	858742	858743	28	0.6405
chr1	858842	858843	32	0.8344
chr1	858899	858900	27	0.661
chr1	858999	859000	32	0.6946
chr1	859099	859100	24	0.7041
chr1	859199	859200	35	0.8433
chr1	859216	859217	30	0.825
chr1	859371	859372	28	0.6648
chr1	859387	859388	31	0.5365
chr1	859469	859470	28	0.6037
chr1	859480	859481	32	0.8026
chr1	859580	859581	25	0.8012
chr1	859680	859681	31	0.9158
chr1	859775	859776	32	0.6228
chr1	859875	859876	37	0.7206
chr1	859975	859976	30	0.8047
chr1	860021	860022	31	0.8824
chr1	860171	860172	38	0.9228
chr1	860271	860272	37	0.9037
chr1	860371	860372	28	0.7441
chr1	860445	860446	26	0.7723
chr1	860453	860454	29	0.7106
chr1	860553	860554	31	0.6668
chr1	860653	860654	26	0.8201
chr1	860703	860704	36	0.6323
chr1	860803	860804	18	0.7653
chr1	860903	860904	26	0.597
chr1	860937	860938	24	0.5608
chr1	861177	861178	21	0.7345
chr1	861416	861417	31	0.7265
chr1	861450	861451	26	0.779
chr1	861500	861501	30	0.6861
chr1	861518	861519	30	0.7243
chr1	861542	861543	28	0.608
chr1	861560	861561	33	0.7467
chr1	861606	861607	19	0.866
chr1	861750	861751	30	0.7723
chr1	861769	861770	25	0.9876
chr1	861819	861820	33	0.9036
chr1	861919	861920	27	0.9221
chr1	862016	862017	30	0.8841
chr1	862072	862073	29	0.8896
chr1	862149	862150	35	0.734
chr1	862199	862200	27	0.9077
chr1	862247	862248	30	0.894
chr1	862404	862405	26	0.8629
chr1	862553	862554	36	0.9922
chr1	862688	862689	34	0.9346
chr1	862696	862697	34	0.8432
chr1	862744	862745	24	0.8298
chr1	862819	862820	30	0.6722
chr1	862919	862920	31	0.8342
chr1	863019	863020	25	0.6928
chr1	863089	863090	25	0.8619
chr1	863189	863190	28	0.6858
chr1	863199	863200	28	0.6302
chr1	863484	863485	26	0.7033
chr1	863532	863533	34	0.7334
chr1	863562	863563	26	0.8069
chr1	863603	863604	41	0.1419
chr1	863681	863682	35	0.0
chr1	863781	863782	25	0.0957
chr1	863881	863882	26	0.0272
chr1	863981	863982	19	0.0917
chr1	864069	864070	23	0.1547
chr1	864085	864086	33	0.1614
chr1	864239	864240	27	0.0903
chr1	864387	864388	24	0.056
chr1	864487	864488	27	0.1077
chr1	864489	864490	35	0.0228
chr1	864511	864512	36	0.2621
chr1	864582	864583	33	0.4426
chr1	864682	864683	33	0.29
chr1	864733	864734	26	0.0976
chr1	864833	864834	32	0.3073
chr1	864905	864906	30	0.1621
chr1	865289	865290	31	0.1881
chr1	865293	865294	27	0.3679
chr1	865328	865329	35	0.7412
chr1	865426	865427	29	0.6899
chr1	865476	865477	30	0.6976
chr1	865576	865577	23	0.8632
chr1	865636	865637	35	0.7274
chr1	865732	865733	37	0.8443
chr1	865787	865788	25	0.8422
chr1	865837	865838	39	0.9112
chr1	865853	865854	21	0.8116
chr1	865953	865954	29	0.8686
chr1	866053	866054	23	0.7158
chr1	866222	866223	36	0.7629
chr1	866322	866323	29	0.7098
chr1	866396	866397	30	0.8632
chr1	866407	866408	35	0.637
chr1	866500	866501	35	0.6593
chr1	866593	866594	35	0.6549
chr1	866693	866694	24	0.8796
chr1	866743	866744	35	0.7951
chr1	866829	866830	36	0.6053
chr1	866927	866928	36	0.7912
chr1	866994	866995	34	0.5976
chr1	867462	867463	35	0.7136
chr1	867534	867535	22	0.672
chr1	867584	867585	25	0.8364
chr1	867657	867658	25	0.9031
chr1	867757	867758	37	0.9247
chr1	867857	867858	30	0.939
chr1	867907	867908	23	0.7189
chr1	867957	867958	24	1.0
chr1	868023	868024	29	0.8408
chr1	868131	868132	21	1.0
chr1	868231	868232	40	0.9355
chr1	868293	868294	34	0.8695
chr1	868319	868320	30	0.8219
chr1	868419	868420	32	0.687
chr1	868519	868520	34	0.8117
chr1	868619	868620	36	0.5852
chr1	868719	868720	30	0.7815
chr1	868776	868777	20	0.7794
chr1	869138	869139	33	0.7234
chr1	869150	869151	20	0.8367
chr1	869208	869209	34	0.7126
chr1	869250	869251	27	0.7639
chr1	869350	869351	26	0.6499
chr1	869450	869451	25	0.7427
chr1	869500	869501	35	0.7729
chr1	869600	869601	24	0.7173
chr1	869700	869701	25	0.7209
chr1	869736	869737	28	0.7692
chr1	869848	869849	29	0.6502
chr1	869850	869851	30	0.7806
chr1	869936	869937	25	0.7551
chr1	869950	869951	27	0.2176
chr1	870050	870051	44	0.0534
chr1	870100	870101	37	0.0798
chr1	870200	870201	30	0.1661
chr1	870279	870280	27	0.0
chr1	870352	870353	28	0.1381
chr1	870433	870434	20	0.1857
chr1	870482	870483	34	0.0978
chr1	870582	870583	24	0.0497
chr1	871003	871004	34	0.0883
chr1	871019	871020	36	0.0605
chr1	871093	871094	32	0.1562
chr1	871102	871103	32	0.0905
chr1	871152	871153	28	0.0
chr1	871182	871183	32	0.0341
chr1	871232	871233	34	0.0501
chr1	871248	871249	31	0.1159
chr1	871263	871264	39	0.2406
chr1	871309	871310	41	0.1379
chr1	871336	871337	24	0.0537
chr1	871386	871387	27	0.075
chr1	871408	871409	29	0.0206
chr1	871430	871431	22	0.0796
chr1	871463	871464	33	0.0554
chr1	871489	871490	42	0.0
chr1	871539	871540	36	0.0625
chr1	871564	871565	24	0.1643
chr1	871587	871588	26	0.0
chr1	871603	871604	25	0.0966
chr1	871604	871605	21	0.0903
chr1	871704	871705	34	0.1121
chr1	871804	871805	30	0.0853
chr1	871904	871905	23	0.1341
chr1	872004	872005	26	0.0571
chr1	872082	872083	28	0.0
chr1	872230	872231	31	0.0049
chr1	872242	872243	36	0.0795
chr1	872252	872253	31	0.1611
chr1	872348	872349	26	0.1345
chr1	872368	872369	18	0.2182
chr1	872408	872409	38	0.0829
chr1	872436	872437	27	0.1253
chr1	872522	872523	36	0.1106
chr1	872576	872577	28	0.0935
chr1	872582	872583	31	0.813
chr1	872651	872652	37	0.8857
chr1	872701	872702	28	0.9204
chr1	872801	872802	34	0.8971
chr1	872855	872856	31	0.8882
chr1	872955	872956	30	0.7568
chr1	873005	873006	38	0.7914
chr1	873048	873049	29	0.8262
chr1	873148	873149	28	0.8144
chr1	873266	873267	27	0.7642
chr1	873274	873275	26	0.6951
chr1	873322	873323	27	0.8382
chr1	873418	873419	34	0.7584
chr1	873534	873535	34	0.7511
chr1	873540	873541	27	0.9205
chr1	873580	873581	21	0.7681
chr1	873582	873583	34	0.7725
chr1	873615	873616	32	0.7737
chr1	873685	873686	28	0.8131
chr1	873737	873738	33	0.6889
chr1	873793	873794	30	0.7509
chr1	873893	873894	27	0.8768
chr1	873943	873944	32	0.7973
chr1	874020	874021	19	0.7845
chr1	874075	874076	27	0.8311
chr1	874175	874176	21	0.9509
chr1	874349	874350	30	0.7765
chr1	874449	874450	32	0.7944
chr1	874529	874530	31	0.6101
chr1	874575	874576	27	0.3335
chr1	874651	874652	35	0.1046
chr1	874745	874746	30	0.648
chr1	874795	874796	30	0.0
chr1	874895	874896	33	0.1665
chr1	874953	874954	33	0.0
chr1	875044	875045	23	0.4201
chr1	875096	875097	32	0.3801
chr1	875459	875460	26	0.0
chr1	875601	875602	20	0.0165
chr1	875659	875660	31	0.0
chr1	875671	875672	31	0.3004
chr1	875692	875693	35	0.6861
chr1	875777	875778	31	0.5838
chr1	875863	875864	25	0.6541
chr1	875913	875914	30	0.6585
chr1	876013	876014	32	0.669
chr1	876086	876087	32	0.7675
chr1	876150	876151	36	0.806
chr1	876322	876323	31	0.6549
chr1	876450	876451	28	0.6787
chr1	876550	876551	23	0.8455
chr1	876584	876585	25	0.7891
chr1	876608	876609	29	0.7153
chr1	876634	876635	20	0.6706
chr1	876684	876685	27	0.7762
chr1	876784	876785	32	0.7947
chr1	876864	876865	30	0.7115
chr1	876964	876965	28	0.7268
chr1	877014	877015	35	0.7463
chr1	877114	877115	36	0.6509
chr1	877154	877155	23	0.7523
chr1	877254	877255	29	0.6159
chr1	877532	877533	25	0.8391
chr1	877566	877567	29	0.7043
chr1	877632	877633	27	0.6737
chr1	877676	877677	27	0.7991
chr1	877776	877777	31	0.6092
chr1	877837	877838	31	0.8996
chr1	877887	877888	38	0.8007
chr1	877987	877988	40	0.9245
chr1	878056	878057	27	0.7525
chr1	878106	878107	24	0.6967
chr1	878206	878207	28	0.8333
chr1	878264	878265	31	0.6902
chr1	878293	878294	34	0.7533
chr1	878405	878406	32	0.7935
chr1	878510	878511	25	0.7303
chr1	878666	878667	27	0.9017
chr1	878766	878767	25	0.816
chr1	878780	878781	31	0.6895
chr1	878788	878789	36	0.7023
chr1	878810	878811	28	0.1224
chr1	878860	878861	27	0.0
chr1	878910	878911	30	0.0676
chr1	878960	878961	28	0.1599
chr1	879036	879037	31	0.1966
chr1	879136	879137	31	0.1627
chr1	879236	879237	26	0.177
chr1	879304	879305	24	0.069
chr1	879398	879399	29	0.1184
chr1	879408	879409	35	0.7675
chr1	879500	879501	22	0.8607
chr1	879600	879601	21	0.7923
chr1	879656	879657	35	0.7723
chr1	879756	879757	37	0.7337
chr1	879856	879857	26	0.7989
chr1	879894	879895	35	0.8801
chr1	880084	880085	33	0.6697
chr1	880287	880288	23	0.7682
chr1	880369	880370	21	0.7431
chr1	880371	880372	33	0.79
chr1	880441	880442	28	0.8061
chr1	880505	880506	25	0.8807
chr1	880641	880642	30	0.5497
chr1	880691	880692	26	0.7877
chr1	880730	880731	34	0.7799
chr1	880780	880781	38	0.7919
chr1	880880	880881	28	0.9094
chr1	880930	880931	35	0.7892
chr1	881030	881031	24	0.9095
chr1	881130	881131	40	0.7072
chr1	881207	881208	29	0.9341
chr1	881393	881394	32	0.6579
chr1	881493	881494	33	0.8123
chr1	881545	881546	33	0.7767
chr1	881552	881553	38	0.896
chr1	881602	881603	31	0.9283
chr1	881702	881703	33	0.8332
chr1	881802	881803	37	0.8468
chr1	881879	881880	33	0.8319
chr1	881968	881969	34	0.8808
chr1	881977	881978	34	0.7654
chr1	882170	882171	29	0.7832
chr1	882270	882271	30	0.769
chr1	882360	882361	37	0.7805
chr1	882396	882397	28	0.9503
chr1	882474	882475	32	0.8723
chr1	882494	882495	31	0.8857
chr1	882596	882597	24	0.6158
chr1	882644	882645	25	0.8766
chr1	882649	882650	31	0.9203
chr1	882749	882750	31	0.9016
chr1	882849	882850	29	0.874
chr1	882949	882950	41	0.9956
chr1	883011	883012	44	0.8473
chr1	883097	883098	31	0.8358
chr1	883171	883172	38	0.9977
chr1	883369	883370	31	0.7603
chr1	883489	883490	29	0.9517
chr1	883539	883540	34	0.9189
chr1	883579	883580	27	0.7244
chr1	883593	883594	36	0.8469
chr1	883653	883654	34	0.8334
chr1	883663	883664	27	0.9142
chr1	883791	883792	30	0.8967
chr1	883823	883824	31	0.8931
chr1	883893	883894	34	0.9159
chr1	883961	883962	26	0.9805
chr1	883994	883995	25	0.0
chr1	884094	884095	32	0.0
chr1	884194	884195	41	0.0041
chr1	884263	884264	33	0.1993
chr1	884362	884363	21	0.0913
chr1	884405	884406	28	0.0866
chr1	884505	884506	38	0.1229
chr1	884605	884606	21	0.0
chr1	884683	884684	32	0.0527
chr1	884693	884694	21	0.0492
chr1	884737	884738	31	0.8123
chr1	884794	884795	28	0.8138
chr1	884860	884861	36	0.8154
chr1	884910	884911	37	0.8741
chr1	885010	885011	31	0.676
chr1	885092	885093	26	0.7387
chr1	885188	885189	35	0.6276
chr1	885288	885289	31	0.7032
chr1	885327	885328	28	0.8374
chr1	885428	885429	21	0.7636
chr1	885824	885825	27	0.7923
chr1	885832	885833	35	0.6398
chr1	885876	885877	34	0.0644
chr1	885976	885977	35	0.1808
chr1	886076	886077	28	0.0831
chr1	886176	886177	28	0.2174
chr1	886276	886277	28	0.0
chr1	886301	886302	31	0.2559
chr1	886429	886430	30	0.0357
chr1	886633	886634	29	0.0066
chr1	886639	886640	32	0.1846
chr1	886646	886647	40	0.0686
chr1	886746	886747	36	0.1201
chr1	886827	886828	28	0.1117
chr1	886927	886928	24	0.1729
chr1	886977	886978	33	0.0314
chr1	886982	886983	23	0.1999
chr1	887269	887270	29	0.1674
chr1	887381	887382	26	0.2482
chr1	887389	887390	42	0.1326
chr1	887425	887426	34	0.1708
chr1	887493	887494	34	0.1466
chr1	887509	887510	34	0.2031
chr1	887523	887524	32	0.1592
chr1	887619	887620	29	0.0772
chr1	887695	887696	24	0.3269
chr1	887732	887733	29	0.6736
chr1	887832	887833	32	0.7973
chr1	887902	887903	18	0.914
chr1	887967	887968	33	0.8361
chr1	888067	888068	35	0.7832
chr1	888167	888168	35	0.7767
chr1	888224	888225	22	0.8453
chr1	888324	888325	25	0.8688
chr1	888360	888361	38	0.9767
chr1	888860	888861	39	0.9097
chr1	888896	888897	29	0.8304
chr1	888905	888906	29	0.8783
chr1	889005	889006	31	0.7734
chr1	889105	889106	29	0.7778
chr1	889195	889196	30	0.8733
chr1	889262	889263	34	1.0
chr1	889312	889313	29	0.949
chr1	889390	889391	35	0.8695
chr1	889407	889408	29	1.0
chr1	889590	889591	24	1.0
chr1	889866	889867	26	0.7558
chr1	889970	889971	32	0.7775
chr1	890004	890005	20	0.8924
chr1	890100	890101	32	0.884
chr1	890204	890205	29	0.8508
chr1	890238	890239	27	0.9876
chr1	890346	890347	29	0.8679
chr1	890360	890361	28	0.9002
chr1	890380	890381	38	0.9105
chr1	890480	890481	34	0.813
chr1	890561	890562	34	0.8512
chr1	890640	890641	25	0.8303
chr1	890714	890715	21	0.8275
chr1	890814	890815	34	0.8752
chr1	890914	890915	22	0.8618
chr1	890947	890948	26	0.9352
chr1	891191	891192	31	0.8496
chr1	891389	891390	31	0.7571
chr1	891391	891392	26	0.9723
chr1	891485	891486	41	0.9134
chr1	891494	891495	28	0.583
chr1	891594	891595	33	0.6857
chr1	891694	891695	36	0.7255
chr1	891794	891795	30	0.5835
chr1	891893	891894	25	0.5865
chr1	891929	891930	27	0.5752
chr1	892140	892141	27	0.542
chr1	892322	892323	30	0.6221
chr1	892356	892357	33	0.5915
chr1	892380	892381	27	0.5594
chr1	892416	892417	31	0.5069
chr1	892632	892633	25	0.6781
chr1	892662	892663	26	0.7085
chr1	892700	892701	37	0.5869
chr1	892730	892731	42	0.7929
chr1	892746	892747	30	0.5171
chr1	892786	892787	30	0.6259
chr1	892794	892795	21	0.0
chr1	892894	892895	34	0.0
chr1	892975	892976	28	0.0176
chr1	893075	893076	30	0.0229
chr1	893175	893176	21	0.1296
chr1	893183	893184	27	0.0635
chr1	893318	893319	28	0.0674
chr1	893507	893508	35	0.0
chr1	893529	893530	21	0.0146
chr1	893619	893620	32	0.085
chr1	893669	893670	30	0.0428
chr1	893707	893708	31	0.1816
chr1	893819	893820	22	0.1434
chr1	893849	893850	39	0.1292
chr1	893887	893888	26	0.096
chr1	893983	893984	31	0.0903
chr1	893999	894000	32	0.7003
chr1	894099	894100	24	0.7851
chr1	894158	894159	26	0.9661
chr1	894258	894259	32	0.8466
chr1	894358	894359	26	0.9305
chr1	894458	894459	34	0.9896
chr1	894471	894472	34	1.0
chr1	894571	894572	28	0.7475
chr1	894671	894672	31	0.7971
chr1	894771	894772	33	0.6929
chr1	894883	894884	30	0.6533
chr1	894931	894932	29	0.9282
chr1	894960	894961	27	0.6786
chr1	895011	895012	28	0.9837
chr1	895111	895112	31	0.929
chr1	895211	895212	27	0.6721
chr1	895311	895312	27	0.856
chr1	895393	895394	26	0.7469
chr1	895412	895413	27	0.7629
chr1	895512	895513	30	0.9932
chr1	895629	895630	35	0.8743
chr1	895639	895640	32	0.654
chr1	895673	895674	34	0.8153
chr1	895723	895724	36	0.8397
chr1	895823	895824	29	0.8471
chr1	895923	895924	21	0.8626
chr1	896023	896024	29	0.8858
chr1	896073	896074	26	0.7531
chr1	896211	896212	31	0.7322
chr1	896370	896371	43	0.8434
chr1	896390	896391	35	0.7323
chr1	896396	896397	40	0.1129
chr1	896496	896497	29	0.1297
chr1	896552	896553	24	0.3217
chr1	896637	896638	19	0.2182
chr1	896737	896738	37	0.2321
chr1	896781	896782	41	0.2495
chr1	897005	897006	23	0.198
chr1	897114	897115	32	0.3316
chr1	897142	897143	25	0.2325
chr1	897196	897197	22	0.1165
chr1	897248	897249	33	0.1773
chr1	897314	897315	17	0.203
chr1	897332	897333	31	0.2342
chr1	897398	897399	20	0.1126
chr1	897412	897413	39	0.2699
chr1	897502	897503	24	0.3488
chr1	897519	897520	28	0.5547
chr1	897569	897570	25	0.5522
chr1	897665	897666	22	0.5492
chr1	897761	897762	22	0.4482
chr1	897861	897862	29	0.5521
chr1	897911	897912	28	0.6713
chr1	897978	897979	33	0.6278
chr1	898049	898050	37	0.5701
chr1	898212	898213	31	0.4927
chr1	898442	898443	34	0.5408
chr1	898446	898447	37	0.7689
chr1	898460	898461	43	0.6281
chr1	898483	898484	31	0.2754
chr1	898583	898584	35	0.1883
chr1	898633	898634	27	0.0941
chr1	898683	898684	31	0.2161
chr1	898773	898774	35	0.2366
chr1	898873	898874	23	0.2387
chr1	898938	898939	32	0.2642
chr1	898982	898983	34	0.1991
chr1	899173	899174	36	0.0626
chr1	899408	899409	38	0.2113
chr1	899496	899497	33	0.1462
chr1	899501	899502	37	0.28
chr1	899601	899602	29	0.1715
chr1	899686	899687	26	0.1821
chr1	899741	899742	28	0.1561
chr1	899841	899842	20	0.1385
chr1	899941	899942	28	0.1235
chr1	900041	900042	33	0.2184
chr1	900055	900056	32	0.2003
chr1	900155	900156	33	0.1655
chr1	900302	900303	35	0.1156
chr1	900453	900454	32	0.0103
chr1	900551	900552	30	0.1243
chr1	900655	900656	33	0.1037
chr1	900667	900668	35	0.1095
chr1	900685	900686	22	0.2307
chr1	900691	900692	32	0.0503
chr1	900773	900774	32	0.1796
chr1	900941	900942	38	0.0818
chr1	900948	900949	31	0.7541
chr1	901048	901049	36	0.847
chr1	901148	901149	33	0.8802
chr1	901248	901249	37	0.6681
chr1	901348	901349	43	0.8436
chr1	901448	901449	33	0.8994
chr1	901518	901519	28	0.876
chr1	901618	901619	40	0.7859
chr1	901718	901719	37	0.8818
chr1	901933	901934	24	0.6656
chr1	902033	902034	28	0.7877
chr1	902095	902096	32	0.6762
chr1	902101	902102	32	0.7954
chr1	902187	902188	25	0.8241
chr1	902283	902284	21	0.7298
chr1	902315	902316	27	0.7179
chr1	902371	902372	23	0.8476
chr1	902385	902386	37	0.7933
chr1	902471	902472	35	0.819
chr1	902505	902506	25	0.7797
chr1	902512	902513	21	0.46
chr1	902562	902563	27	0.7956
chr1	902662	902663	22	0.7653
chr1	902762	902763	33	0.5819
chr1	902862	902863	23	0.6639
chr1	902962	902963	34	0.7228
chr1	903049	903050	21	0.6087
chr1	903108	903109	21	0.7326
chr1	903208	903209	33	0.6903
chr1	903361	903362	40	0.6863
chr1	903474	903475	41	0.5781
chr1	903574	903575	32	0.5476
chr1	903674	903675	29	0.6393
chr1	903750	903751	26	0.7104
chr1	903782	903783	30	0.5879
chr1	903824	903825	30	0.7256
chr1	903838	903839	32	0.6661
chr1	903962	903963	35	0.565
chr1	903974	903975	27	0.7068
chr1	904056	904057	24	0.7434
chr1	904092	904093	35	0.6643
chr1	904110	904111	38	0.6605
chr1	904150	904151	35	0.6117
chr1	904250	904251	29	0.9417
chr1	904350	904351	31	0.6892
chr1	904439	904440	29	0.7681
chr1	904502	904503	28	0.7846
chr1	904552	904553	24	0.7815
chr1	904652	904653	29	0.639
chr1	904715	904716	27	0.946
chr1	904942	904943	26	0.8208
chr1	905042	905043	31	0.7729
chr1	905186	905187	16	0.7979
chr1	905208	905209	34	0.9194
chr1	905218	905219	29	0.071
chr1	905268	905269	20	0.0
chr1	905296	905297	25	0.0858
chr1	905319	905320	40	0.0
chr1	905369	905370	32	0.0137
chr1	905390	905391	26	0.0
chr1	905412	905413	36	0.0
chr1	905440	905441	31	0.0
chr1	905490	905491	31	0.0796
chr1	905505	905506	30	0.0182
chr1	905529	905530	31	0.1181
chr1	905559	905560	24	0.0589
chr1	905585	905586	28	0.0443
chr1	905615	905616	30	0.0516
chr1	905653	905654	26	0.0317
chr1	905672	905673	32	0.0981
chr1	905678	905679	36	0.0
chr1	905778	905779	31	0.027
chr1	905878	905879	24	0.0164
chr1	905978	905979	28	0.1163
chr1	906078	906079	32	0.0691
chr1	906084	906085	21	0.0471
chr1	906114	906115	34	0.0
chr1	906152	906153	26	0.0822
chr1	906166	906167	39	0.0637
chr1	906196	906197	21	0.0368
chr1	906250	906251	43	0.0919
chr1	906328	906329	43	0.2066
chr1	906428	906429	29	0.1352
chr1	906477	906478	25	1.0
chr1	906547	906548	22	0.751
chr1	906647	906648	25	0.9128
chr1	906725	906726	25	0.8518
chr1	906812	906813	28	0.8399
chr1	906887	906888	24	0.8618
chr1	906949	906950	29	0.7705
chr1	906973	906974	25	0.8998
chr1	907088	907089	27	0.8848
chr1	907291	907292	29	0.9981
chr1	907391	907392	32	0.878
chr1	907445	907446	27	0.8593
chr1	907450	907451	32	0.5791
chr1	907500	907501	29	0.698
chr1	907600	907601	23	0.4412
chr1	907700	907701	34	0.4975
chr1	907800	907801	42	0.6876
chr1	907881	907882	36	0.6687
chr1	907913	907914	33	0.4363
chr1	908072	908073	30	0.6111
chr1	908172	908173	34	0.6327
chr1	908300	908301	34	0.5616
chr1	908304	908305	40	0.7175
chr1	908358	908359	18	0.4512
chr1	908426	908427	24	0.4774
chr1	908498	908499	31	0.477
chr1	908518	908519	37	0.6029
chr1	908559	908560	24	0.2433
chr1	908659	908660	25	0.03
chr1	908709	908710	36	0.3119
chr1	908809	908810	31	0.0911
chr1	908909	908910	30	0.1971
chr1	909009	909010	30	0.1746
chr1	909109	909110	19	0.0
chr1	909169	909170	35	0.1295
chr1	909269	909270	32	0.1322
chr1	909376	909377	34	0.0311
chr1	909570	909571	37	0.1009
chr1	909670	909671	27	0.089
chr1	909748	909749	26	0.1357
chr1	909770	909771	32	0.196
chr1	909781	909782	29	0.8261
chr1	909841	909842	34	0.7842
chr1	909941	909942	25	0.6266
chr1	910013	910014	34	0.5917
chr1	910074	910075	27	0.701
chr1	910146	910147	32	0.6815
chr1	910246	910247	44	0.5996
chr1	910281	910282	40	0.8172
chr1	910381	910382	32	0.6589
chr1	910546	910547	30	0.8495
chr1	910752	910753	33	0.6014
chr1	910758	910759	24	0.6656
chr1	910824	910825	35	0.6776
chr1	910865	910866	26	0.7535
chr1	910965	910966	19	0.7161
chr1	911065	911066	32	0.7271
chr1	911128	911129	28	0.8059
chr1	911178	911179	30	0.6814
chr1	911278	911279	31	0.648
chr1	911374	911375	30	0.5644
chr1	911535	911536	31	0.7391
chr1	911783	911784	23	0.8097
chr1	911823	911824	26	0.5727
chr1	911877	911878	26	0.7832
chr1	911911	911912	25	0.9427
chr1	911981	911982	24	0.757
chr1	912081	912082	28	0.8341
chr1	912147	912148	26	0.6954
chr1	912197	912198	31	0.8952
chr1	912297	912298	38	0.9413
chr1	912383	912384	25	0.8533
chr1	912390	912391	23	0.7815
chr1	912523	912524	29	0.8866
chr1	912727	912728	26	0.7509
chr1	912755	912756	30	0.7666
chr1	912797	912798	27	0.827
chr1	912823	912824	33	0.6363
chr1	912873	912874	18	0.5357
chr1	912973	912974	44	0.5154
chr1	913037	913038	29	0.8064
chr1	913090	913091	24	0.7183
chr1	913190	913191	34	0.7391
chr1	913244	913245	21	0.6196
chr1	913311	913312	32	0.7119
chr1	913586	913587	38	0.7045
chr1	913630	913631	30	0.7215
chr1	913644	913645	35	0.6974
chr1	913675	913676	34	0.0
chr1	913775	913776	35	0.1904
chr1	913875	913876	30	0.073
chr1	913975	913976	34	0.0633
chr1	914075	914076	34	0.1348
chr1	914125	914126	33	0.0067
chr1	914146	914147	32	0.1185
chr1	914277	914278	24	0.2747
chr1	914317	914318	23	0.0686
chr1	914369	914370	31	0.1365
chr1	914376	914377	42	0.6028
chr1	914476	914477	18	0.8274
chr1	914576	914577	28	0.787
chr1	914676	914677	37	0.6296
chr1	914726	914727	33	0.5192
chr1	914826	914827	26	0.7359
chr1	914836	914837	30	0.7344
chr1	914958	914959	31	0.8075
chr1	915058	915059	22	0.5503
chr1	915158	915159	23	0.7307
chr1	915206	915207	32	0.7602
chr1	915242	915243	28	0.9125
chr1	915376	915377	26	0.5708
chr1	915598	915599	20	0.849
chr1	915648	915649	31	0.6872
chr1	915669	915670	31	0.2198
chr1	915769	915770	39	0.002
chr1	915869	915870	20	0.137
chr1	915969	915970	28	0.1029
chr1	916069	916070	35	0.2053
chr1	916120	916121	31	0.2994
chr1	916429	916430	20	0.0353
chr1	916501	916502	28	0.1317
chr1	916507	916508	20	0.8515
chr1	916607	916608	32	0.7634
chr1	916657	916658	32	0.7913
chr1	916757	916758	21	0.6989
chr1	916857	916858	26	0.7649
chr1	916908	916909	14	0.7423
chr1	916986	916987	31	0.8197
chr1	917132	917133	25	0.6848
chr1	917251	917252	24	0.6847
chr1	917389	917390	24	0.8025
chr1	917439	917440	27	0.7534
chr1	917555	917556	32	0.9004
chr1	917571	917572	26	0.7606
chr1	917593	917594	35	0.5356
chr1	917659	917660	21	0.6816
chr1	917787	917788	25	0.7474
chr1	917835	917836	25	0.8996
chr1	917877	917878	31	0.7392
chr1	917888	917889	39	0.0101
chr1	917988	917989	35	0.0558
chr1	918079	918080	24	0.0
chr1	918154	918155	32	0.1609
chr1	918254	918255	35	0.1115
chr1	918304	918305	31	0.0205
chr1	918319	918320	34	0.048
chr1	918405	918406	28	0.1295
chr1	918420	918421	33	0.6951
chr1	918487	918488	32	0.7023
chr1	918540	918541	19	0.7263
chr1	918590	918591	29	0.7306
chr1	918671	918672	35	0.9459
chr1	918762	918763	36	0.6621
chr1	918862	918863	28	0.6623
chr1	918910	918911	36	0.9262
chr1	919272	919273	27	0.8476
chr1	919445	919446	28	0.6513
chr1	919465	919466	26	0.6894
chr1	919474	919475	35	0.6297
chr1	919574	919575	32	0.553
chr1	919669	919670	37	0.4771
chr1	919720	919721	24	0.588
chr1	919820	919821	33	0.6359
chr1	919870	919871	37	0.5466
chr1	919970	919971	26	0.4864
chr1	920024	920025	29	0.5241
chr1	920218	920219	27	0.5306
chr1	920359	920360	30	0.5758
chr1	920427	920428	20	0.547
chr1	920489	920490	25	0.5994
chr1	920655	920656	34	0.5442
chr1	920693	920694	33	0.411
chr1	920717	920718	41	0.588
chr1	920805	920806	32	0.6453
chr1	920849	920850	38	0.4787
chr1	920855	920856	26	0.9476
chr1	920955	920956	28	0.795
chr1	921055	921056	29	0.8042
chr1	921155	921156	23	0.8812
chr1	921254	921255	38	0.8032
chr1	921320	921321	21	0.8145
chr1	921370	921371	28	0.9538
chr1	921384	921385	29	0.7806
chr1	921884	921885	26	0.7509
chr1	922070	922071	28	0.8051
chr1	922126	922127	28	0.8024
chr1	922134	922135	27	0.9444
chr1	922168	922169	27	0.901
chr1	922196	922197	32	0.853
chr1	922222	922223	22	0.8946
chr1	922290	922291	29	0.6563
chr1	922294	922295	39	0.8541
chr1	922320	922321	29	0.8253
chr1	922329	922330	27	0.8928
chr1	922362	922363	27	0.9415
chr1	922410	922411	22	0.9247
chr1	922425	922426	36	0.9352
chr1	922471	922472	29	0.9533
chr1	922521	922522	27	0.9647
chr1	922541	922542	26	0.812
chr1	922564	922565	22	0.9317
chr1	922596	922597	32	0.8427
chr1	922611	922612	32	0.9742
chr1	922626	922627	33	0.8802
chr1	922676	922677	30	0.9561
chr1	922720	922721	32	0.8826
chr1	922750	922751	27	0.7564
chr1	922829	922830	35	0.7906
chr1	922929	922930	33	0.9905
chr1	923029	923030	33	0.7345
chr1	923129	923130	28	0.927
chr1	923289	923290	26	0.9243
chr1	923383	923384	34	0.7987
chr1	923403	923404	27	0.8548
chr1	923425	923426	29	0.7615
chr1	923441	923442	30	0.9692
chr1	923597	923598	31	0.8612
chr1	923606	923607	23	0.6802
chr1	923629	923630	28	0.728
chr1	923661	923662	17	0.8314
chr1	923699	923700	25	0.6106
chr1	923738	923739	36	0.6742
chr1	923788	923789	32	0.6113
chr1	923838	923839	32	0.6197
chr1	923882	923883	38	0.8488
chr1	923899	923900	26	0.5884
chr1	923929	923930	26	0.6209
chr1	923960	923961	23	0.791
chr1	923975	923976	25	0.7047
chr1	923997	923998	32	0.7461
chr1	924024	924025	27	0.6938
chr1	924055	924056	29	0.8096
chr1	924102	924103	31	0.6987
chr1	924127	924128	20	0.7017
chr1	924152	924153	14	0.7729
chr1	924167	924168	33	0.6825
chr1	924179	924180	27	0.5957
chr1	924279	924280	31	0.782
chr1	924379	924380	33	0.6963
chr1	924479	924480	32	0.6484
chr1	924560	924561	37	0.6808
chr1	924617	924618	33	0.6347
chr1	924667	924668	28	0.7556
chr1	924671	924672	34	0.7664
chr1	924873	924874	24	0.7295
chr1	924967	924968	31	0.9128
chr1	925037	925038	27	0.814
chr1	925075	925076	28	0.6123
chr1	925083	925084	28	0.8306
chr1	925159	925160	22	0.6912
chr1	925205	925206	23	0.8575
chr1	925305	925306	24	0.7541
chr1	925355	925356	21	0.8437
chr1	925434	925435	27	0.9475
chr1	925534	925535	30	0.8023
chr1	925634	925635	32	0.7257
chr1	925650	925651	28	0.8545
chr1	925750	925751	27	0.7357
chr1	925879	925880	31	0.9464
chr1	925999	926000	28	0.9142
chr1	926063	926064	35	0.773
chr1	926109	926110	24	0.631
chr1	926184	926185	28	0.5396
chr1	926284	926285	24	0.6146
chr1	926334	926335	30	0.52
chr1	926434	926435	30	0.6536
chr1	926534	926535	21	0.4364
chr1	926584	926585	35	0.6016
chr1	926667	926668	36	0.7515
chr1	926706	926707	34	0.6965
chr1	926936	926937	37	0.7621
chr1	927176	927177	24	0.7393
chr1	927276	927277	30	0.876
chr1	927354	927355	27	0.6059
chr1	927386	927387	25	0.6859
chr1	927486	927487	29	0.7692
chr1	927567	927568	31	0.8858
chr1	927667	927668	22	0.7066
chr1	927724	927725	31	0.8553
chr1	927824	927825	26	0.846
chr1	927887	927888	24	0.9033
chr1	928044	928045	28	0.8688
chr1	928229	928230	37	0.7712
chr1	928293	928294	38	0.6562
chr1	928302	928303	28	0.7452
chr1	928402	928403	34	0.8946
chr1	928498	928499	25	0.7347
chr1	928556	928557	24	0.7074
chr1	928656	928657	24	0.4488
chr1	928686	928687	33	0.7253
chr1	928786	928787	36	0.7203
chr1	928986	928987	30	0.5077
chr1	929076	929077	21	0.6352
chr1	929132	929133	36	0.7524
chr1	929206	929207	29	0.663
chr1	929222	929223	36	0.6498
chr1	929286	929287	31	0.8162
chr1	929294	929295	18	0.6847
chr1	929344	929345	32	0.8198
chr1	929362	929363	37	0.8845
chr1	929396	929397	37	0.7347
chr1	929470	929471	31	0.7569
chr1	929485	929486	24	0.2743
chr1	929585	929586	27	0.1437
chr1	929659	929660	29	0.1876
chr1	929744	929745	25	0.2378
chr1	929837	929838	31	0.2721
chr1	929911	929912	29	0.1208
chr1	930011	930012	39	0.1468
chr1	930053	930054	22	0.2252
chr1	930153	930154	27	0.2181
chr1	930328	930329	24	0.3735
chr1	930500	930501	32	0.2848
chr1	930536	930537	18	0.1712
chr1	930582	930583	34	0.3186
chr1	930591	930592	31	0.021
chr1	930641	930642	30	0.0
chr1	930730	930731	30	0.063
chr1	930783	930784	36	0.0196
chr1	930854	930855	33	0.0797
chr1	930954	930955	28	0.0
chr1	931054	931055	29	0.0861
chr1	931069	931070	31	0.1316
chr1	931229	931230	24	0.0226
chr1	931231	931232	28	0.0976
chr1	931427	931428	27	0.0412
chr1	931571	931572	27	0.0934
chr1	931663	931664	37	0.1859
chr1	931665	931666	30	0.0569
chr1	931719	931720	32	0.1109
chr1	931724	931725	33	0.8566
chr1	931824	931825	30	0.8604
chr1	931924	931925	27	0.8872
chr1	931974	931975	36	0.7482
chr1	932024	932025	23	0.8285
chr1	932074	932075	35	0.831
chr1	932144	932145	23	0.9058
chr1	932362	932363	24	0.9576
chr1	932494	932495	34	1.0
chr1	932506	932507	30	0.888
chr1	932692	932693	22	0.9014
chr1	932700	932701	25	0.9358
chr1	932818	932819	27	0.8212
chr1	932878	932879	28	0.7603
chr1	932914	932915	24	0.8824
chr1	932922	932923	26	0.6701
chr1	932949	932950	35	0.7119
chr1	932981	932982	32	0.7042
chr1	933014	933015	27	0.7144
chr1	933035	933036	24	0.6387
chr1	933078	933079	30	0.6968
chr1	933117	933118	30	0.7308
chr1	933145	933146	28	0.6501
chr1	933160	933161	24	0.6953
chr1	933206	933207	27	0.7235
chr1	933226	933227	26	0.65
chr1	933249	933250	28	0.6627
chr1	933299	933300	30	0.6944
chr1	933314	933315	21	0.6849
chr1	933364	933365	39	0.7356
chr1	933397	933398	44	0.6592
chr1	933419	933420	30	0.7251
chr1	933434	933435	26	0.6937
chr1	933503	933504	27	0.7769
chr1	933580	933581	32	0.7616
chr1	933680	933681	18	0.5933
chr1	933730	933731	36	0.6669
chr1	933830	933831	31	0.7705
chr1	933930	933931	33	0.7123
chr1	934022	934023	26	0.7851
chr1	934230	934231	29	0.7577
chr1	934326	934327	31	0.7925
chr1	934386	934387	27	0.6816
chr1	934422	934423	28	0.6279
chr1	934450	934451	25	0.7962
chr1	934529	934530	27	0.7015
chr1	934592	934593	31	0.7608
chr1	934666	934667	37	0.677
chr1	934766	934767	31	0.7206
chr1	934866	934867	34	0.9127
chr1	934937	934938	27	0.8663
chr1	934996	934997	34	0.8932
chr1	935017	935018	35	0.8021
chr1	935121	935122	24	0.8053
chr1	935221	935222	33	0.6457
chr1	935488	935489	37	0.881
chr1	935552	935553	33	0.9493
chr1	935560	935561	29	0.8672
chr1	935589	935590	33	0.7082
chr1	935653	935654	23	0.7475
chr1	935753	935754	38	0.748
chr1	935849	935850	25	0.9419
chr1	935936	935937	36	0.632
chr1	935975	935976	35	0.6979
chr1	936075	936076	25	0.796
chr1	936283	936284	30	0.6609
chr1	936319	936320	32	0.7914
chr1	936323	936324	27	0.7308
chr1	936333	936334	22	0.7229
chr1	936362	936363	22	0.6524
chr1	936387	936388	30	0.8915
chr1	936429	936430	23	0.7082
chr1	936457	936458	23	0.8407
chr1	936483	936484	26	0.7446
chr1	936514	936515	30	0.8403
chr1	936542	936543	33	0.8237
chr1	936557	936558	33	0.8217
chr1	936585	936586	31	0.7366
chr1	936614	936615	33	0.7294
chr1	936636	936637	29	0.6594
chr1	936654	936655	27	0.714
chr1	936669	936670	31	0.6976
chr1	936688	936689	21	0.7474
chr1	936705	936706	26	0.8485
chr1	936724	936725	37	0.7643
chr1	936772	936773	31	0.6066
chr1	936872	936873	28	0.8488
chr1	936922	936923	28	0.8739
chr1	937022	937023	29	0.8502
chr1	937098	937099	31	0.7375
chr1	937198	937199	27	0.8673
chr1	937202	937203	26	0.7215
chr1	937212	937213	33	0.851
chr1	937402	937403	21	0.8037
chr1	937530	937531	30	0.921
chr1	937560	937561	20	0.7046
chr1	937562	937563	39	0.9211
chr1	937586	937587	36	0.8391
chr1	937640	937641	35	0.8073
chr1	937684	937685	30	0.6726
chr1	937691	937692	34	0.7739
chr1	937791	937792	29	0.674
chr1	937845	937846	29	0.792
chr1	937945	937946	34	0.7335
chr1	938045	938046	37	0.5377
chr1	938145	938146	33	0.7667
chr1	938211	938212	33	0.6542
chr1	938373	938374	26	0.5617
chr1	938473	938474	29	0.6919
chr1	938680	938681	39	0.6784
chr1	938722	938723	26	0.5257
chr1	938736	938737	39	0.5298
chr1	938866	938867	30	0.6939
chr1	938984	938985	25	0.6332
chr1	939046	939047	24	0.8479
chr1	939066	939067	33	0.7526
chr1	939163	939164	28	0.436
chr1	939213	939214	31	0.6326
chr1	939313	939314	25	0.4644
chr1	939413	939414	36	0.7715
chr1	939466	939467	29	0.8155
chr1	939566	939567	21	0.6003
chr1	939616	939617	30	0.674
chr1	939666	939667	25	0.6271
chr1	939705	939706	25	0.6244
chr1	939817	939818	34	0.8651
chr1	939976	939977	25	0.4944
chr1	940169	940170	26	0.7034
chr1	940287	940288	34	0.5023
chr1	940363	940364	33	0.6661
chr1	940373	940374	13	0.9051
chr1	940420	940421	32	0.783
chr1	940520	940521	28	0.808
chr1	940620	940621	23	0.6945
chr1	940671	940672	31	0.7357
chr1	940771	940772	37	0.7725
chr1	940871	940872	26	0.7468
chr1	940894	940895	26	0.7055
chr1	941066	941067	33	0.6123
chr1	941189	941190	32	0.6191
chr1	941277	941278	25	0.7293
chr1	941281	941282	30	0.8271
chr1	941317	941318	26	0.9467
chr1	941383	941384	33	0.8676
chr1	941433	941434	33	0.6787
chr1	941497	941498	25	0.7277
chr1	941597	941598	35	0.9634
chr1	941697	941698	27	0.8503
chr1	941747	941748	32	0.8519
chr1	941847	941848	24	0.7317
chr1	941852	941853	26	0.7802
chr1	941952	941953	34	0.8274
chr1	942052	942053	34	0.8721
chr1	942152	942153	34	0.717
chr1	942261	942262	37	0.78
chr1	942355	942356	28	0.9149
chr1	942361	942362	29	0.2286
chr1	942461	942462	30	0.1336
chr1	942561	942562	33	0.2073
chr1	942661	942662	30	0.1745
chr1	942760	942761	32	0.2444
chr1	942829	942830	31	0.1992
chr1	942877	942878	33	0.0779
chr1	942977	942978	26	0.2297
chr1	943086	943087	37	0.0859
chr1	943278	943279	31	0.4075
chr1	943378	943379	27	0.0
chr1	943528	943529	32	0.2724
chr1	943530	943531	29	0.166
chr1	943592	943593	30	0.389
chr1	943656	943657	25	0.2713
chr1	943700	943701	27	0.1038
chr1	943706	943707	30	0.0
chr1	943756	943757	30	0.0913
chr1	943856	943857	29	0.1967
chr1	943956	943957	27	0.0478
chr1	944033	944034	24	0.0335
chr1	944133	944134	20	0.0099
chr1	944233	944234	29	0.091
chr1	944247	944248	32	0.2432
chr1	944384	944385	27	0.1056
chr1	944665	944666	18	0.0334
chr1	944715	944716	25	0.094
chr1	944817	944818	25	0.0964
chr1	944833	944834	24	0.075
chr1	944879	944880	37	0.0689
chr1	944901	944902	18	0.1013
chr1	944922	944923	22	0.7228
chr1	944983	944984	35	0.6098
chr1	945081	945082	33	0.6616
chr1	945152	945153	31	0.6673
chr1	945212	945213	19	0.7608
chr1	945266	945267	30	0.8293
chr1	945366	945367	30	0.7319
chr1	945401	945402	30	0.6934
chr1	945532	945533	40	0.6299
chr1	945646	945647	30	0.7456
chr1	945746	945747	30	0.5144
chr1	945846	945847	24	0.6777
chr1	945942	945943	28	0.6305
chr1	945952	945953	31	0.8845
chr1	946052	946053	34	0.9552
chr1	946152	946153	31	0.7599
chr1	946252	946253	30	0.7757
chr1	946302	946303	29	0.9455
chr1	946402	946403	35	0.8003
chr1	946496	946497	23	0.9102
chr1	946752	946753	34	0.919
chr1	946766	946767	26	0.7353
chr1	946798	946799	25	0.925
chr1	946898	946899	26	0.8283
chr1	946949	946950	35	1.0
chr1	947012	947013	36	0.8061
chr1	947112	947113	23	0.987
chr1	947196	947197	36	0.9712
chr1	947273	947274	30	0.9208
chr1	947300	947301	33	0.9098
chr1	947400	947401	28	0.8679
chr1	947500	947501	33	0.8779
chr1	947666	947667	33	0.947
chr1	947742	947743	35	0.8649
chr1	947789	947790	29	0.9696
chr1	947889	947890	23	0.8618
chr1	947968	947969	41	0.9927
chr1	948068	948069	34	0.8857
chr1	948118	948119	39	0.7351
chr1	948218	948219	38	0.8573
chr1	948239	948240	19	0.7742
chr1	948339	948340	39	0.7928
chr1	948439	948440	29	0.8848
chr1	948570	948571	33	0.9259
chr1	948604	948605	29	0.922
chr1	948626	948627	36	0.9862
chr1	948665	948666	24	0.0449
chr1	948715	948716	33	0.0347
chr1	948769	948770	23	0.0
chr1	948869	948870	36	0.0
chr1	948969	948970	33	0.0618
chr1	949058	949059	33	0.0
chr1	949099	949100	28	0.0973
chr1	949313	949314	29	0.0537
chr1	949435	949436	20	0.0821
chr1	949523	949524	40	0.1458
chr1	949557	949558	34	0.1115
chr1	949607	949608	34	0.1541
chr1	949707	949708	30	0.0624
chr1	949797	949798	30	0.0296
chr1	949877	949878	25	0.1198
chr1	949927	949928	22	0.0842
chr1	950027	950028	28	0.1296
chr1	950057	950058	33	0.0
chr1	950283	950284	29	0.0899
chr1	950379	950380	33	0.0487
chr1	950428	950429	34	0.7674
chr1	950528	950529	35	0.7542
chr1	950604	950605	25	0.75
chr1	950654	950655	26	0.7405
chr1	950737	950738	23	0.7059
chr1	950837	950838	24	0.7776
chr1	950879	950880	20	0.5758
chr1	951105	951106	21	0.7525
chr1	951219	951220	24	0.6052
chr1	951223	951224	40	0.6939
chr1	951229	951230	33	0.1688
chr1	951329	951330	22	0.0219
chr1	951428	951429	27	0.124
chr1	951528	951529	32	0.1009
chr1	951628	951629	26	0.1872
chr1	951633	951634	31	0.1314
chr1	951653	951654	31	0.1722
chr1	951719	951720	29	0.0894
chr1	951757	951758	29	0.1138
chr1	951775	951776	28	0.0741
chr1	951841	951842	31	0.1206
chr1	951863	951864	32	0.2113
chr1	952057	952058	29	0.0514
chr1	952088	952089	28	0.8186
chr1	952154	952155	30	0.6278
chr1	952254	952255	24	0.5962
chr1	952337	952338	34	0.6422
chr1	952437	952438	23	0.817
chr1	952537	952538	20	0.6327
chr1	952597	952598	30	0.6321
chr1	952703	952704	33	0.6638
chr1	952835	952836	31	0.7002
chr1	953020	953021	30	0.6351
chr1	953060	953061	20	0.7062
chr1	953118	953119	30	0.8188
chr1	953159	953160	39	0.5964
chr1	953259	953260	23	0.8112
chr1	953359	953360	34	0.7472
chr1	953454	953455	22	0.961
chr1	953554	953555	23	0.7626
chr1	953654	953655	36	0.7954
chr1	953701	953702	41	0.8362
chr1	953801	953802	27	0.7708
chr1	953901	953902	32	0.8834
chr1	954001	954002	26	0.799
chr1	954238	954239	26	0.6183
chr1	954276	954277	34	0.8216
chr1	954303	954304	24	0.0
chr1	954403	954404	29	0.0
chr1	954453	954454	35	0.1284
chr1	954553	954554	29	0.0703
chr1	954631	954632	26	0.0
chr1	954728	954729	33	0.0941
chr1	954787	954788	22	0.0649
chr1	954941	954942	27	0.0387
chr1	955156	955157	27	0.0859
chr1	955162	955163	29	0.128
chr1	955240	955241	27	0.1649
chr1	955246	955247	35	0.5879
chr1	955346	955347	21	0.7138
chr1	955426	955427	31	0.7175
chr1	955526	955527	27	0.8386
chr1	955626	955627	34	0.8745
chr1	955724	955725	23	0.713
chr1	955854	955855	24	0.6284
chr1	955984	955985	25	0.4472
chr1	956082	956083	33	0.6199
chr1	956092	956093	25	0.6717
chr1	956160	956161	36	0.7052
chr1	956164	956165	24	0.7791
chr1	956212	956213	30	0.7721
chr1	956248	956249	28	0.9341
chr1	956252	956253	30	0.6786
chr1	956342	956343	33	0.8281
chr1	956380	956381	28	0.8457
chr1	956412	956413	24	0.7399
chr1	956442	956443	27	0.4867
chr1	956496	956497	26	0.6005
chr1	956568	956569	30	0.59
chr1	956668	956669	27	0.5416
chr1	956750	956751	23	0.5069
chr1	956850	956851	30	0.6308
chr1	956950	956951	29	0.5655
chr1	956959	956960	24	0.3705
chr1	957412	957413	38	0.6164
chr1	957472	957473	28	0.5224
chr1	957506	957507	35	0.6992
chr1	957556	957557	37	0.0929
chr1	957607	957608	29	0.0664
chr1	957688	957689	28	0.0015
chr1	957772	957773	30	0.0143
chr1	957850	957851	25	0.0705
chr1	957906	957907	36	0.3085
chr1	957966	957967	36	0.2379
chr1	958045	958046	31	0.007
chr1	958102	958103	24	0.0087
chr1	958602	958603	27	0.0819
chr1	958622	958623	32	0.0873
chr1	958642	958643	31	0.1121
chr1	958680	958681	26	0.6328
chr1	958780	958781	28	0.7243
chr1	958880	958881	29	0.7942
chr1	958980	958981	26	0.6369
chr1	959030	959031	29	0.6014
chr1	959054	959055	26	0.7553
chr1	959206	959207	28	0.6258
chr1	959306	959307	40	0.5129
chr1	959406	959407	32	0.6431
chr1	959446	959447	36	0.7881
chr1	959502	959503	26	0.7904
chr1	959549	959550	28	0.1465
chr1	959649	959650	29	0.2153
chr1	959721	959722	25	0.1025
chr1	959771	959772	33	0.1068
chr1	959859	959860	29	0.1518
chr1	959948	959949	32	0.0096
chr1	960006	960007	40	0.0515
chr1	960022	960023	30	0.0708
chr1	960122	960123	41	0.1158
chr1	960281	960282	27	0.1343
chr1	960425	960426	31	0.1512
chr1	960481	960482	32	0.0486
chr1	960505	960506	33	0.199
chr1	960543	960544	24	0.9497
chr1	960643	960644	31	0.9742
chr1	960705	960706	35	0.7488
chr1	960805	960806	31	0.9367
chr1	960905	960906	35	1.0
chr1	960955	960956	33	0.7813
chr1	960981	960982	25	0.8191
chr1	961081	961082	28	0.8309
chr1	961181	961182	29	0.9149
chr1	961281	961282	29	0.8394
chr1	961381	961382	25	0.9173
chr1	961463	961464	36	0.8771
chr1	961473	961474	34	0.7959
chr1	961573	961574	41	0.8189
chr1	961623	961624	25	0.6747
chr1	961723	961724	39	0.8001
chr1	961823	961824	25	0.5392
chr1	961923	961924	21	0.7809
chr1	961967	961968	29	0.9187
chr1	962228	962229	24	0.8579
chr1	962306	962307	29	0.632
chr1	962312	962313	33	0.7685
chr1	962328	962329	27	0.8208
chr1	962354	962355	31	0.688
chr1	962452	962453	19	0.6665
chr1	962491	962492	23	0.8711
chr1	962541	962542	22	0.8161
chr1	962627	962628	30	0.8107
chr1	962727	962728	29	0.7604
chr1	962827	962828	28	0.7705
chr1	962927	962928	25	0.8336
chr1	962969	962970	28	0.8198
chr1	963394	963395	26	0.847
chr1	963438	963439	26	0.8668
chr1	963462	963463	32	0.9107
chr1	963470	963471	26	0.6633
chr1	963570	963571	26	0.8153
chr1	963658	963659	26	0.6731
chr1	963758	963759	29	0.6388
chr1	963858	963859	31	0.6916
chr1	963911	963912	26	0.5447
chr1	963912	963913	34	0.6258
chr1	964054	964055	28	0.6498
chr1	964114	964115	29	0.4719
chr1	964244	964245	31	0.7622
chr1	964310	964311	37	0.649
chr1	964346	964347	36	0.8052
chr1	964468	964469	33	0.8044
chr1	964482	964483	39	0.6304
chr1	964538	964539	31	0.7332
chr1	964580	964581	33	0.763
chr1	964680	964681	22	0.8481
chr1	964780	964781	31	0.7661
chr1	964880	964881	34	0.73
chr1	964980	964981	30	0.7112
chr1	965079	965080	27	0.6719
chr1	965122	965123	33	0.5642
chr1	965585	965586	27	0.7744
chr1	965639	965640	31	0.9702
chr1	965649	965650	27	0.8206
chr1	965670	965671	33	0.6135
chr1	965770	965771	27	0.5433
chr1	965820	965821	36	0.5146
chr1	965920	965921	27	0.506
chr1	966020	966021	30	0.6553
chr1	966120	966121	37	0.6342
chr1	966162	966163	24	0.5927
chr1	966164	966165	32	0.4807
chr1	966220	966221	35	0.6124
chr1	966247	966248	28	0.902
chr1	966347	966348	28	0.8108
chr1	966415	966416	31	0.8722
chr1	966488	966489	19	0.7806
chr1	966554	966555	34	0.7322
chr1	966654	966655	33	0.856
chr1	966754	966755	26	0.8368
chr1	967060	967061	29	0.8147
chr1	967171	967172	25	0.6583
chr1	967241	967242	27	0.6928
chr1	967254	967255	31	0.709
chr1	967354	967355	31	0.7174
chr1	967454	967455	26	0.8474
chr1	967504	967505	26	0.7419
chr1	967604	967605	41	0.8108
chr1	967704	967705	31	0.6049
chr1	967765	967766	27	0.5917
chr1	968186	968187	23	0.5591
chr1	968228	968229	35	0.6849
chr1	968278	968279	27	0.6314
chr1	968323	968324	30	0.8282
chr1	968423	968424	22	0.7998
chr1	968523	968524	29	0.8382
chr1	968623	968624	18	0.3402
chr1	968684	968685	30	0.4057
chr1	968734	968735	21	0.5079
chr1	968802	968803	42	0.7709
chr1	968902	968903	33	0.7661
chr1	968905	968906	19	0.8264
chr1	969050	969051	22	0.6349
chr1	969150	969151	37	0.4274
chr1	969312	969313	26	0.603
chr1	969517	969518	27	0.694
chr1	969531	969532	17	0.6316
chr1	969631	969632	29	0.6621
chr1	969731	969732	31	0.6605
chr1	969831	969832	26	0.7566
chr1	969907	969908	29	0.7127
chr1	970007	970008	25	0.6589
chr1	970051	970052	28	0.7037
chr1	970360	970361	36	0.7377
chr1	970460	970461	27	0.6794
chr1	970528	970529	37	0.6123
chr1	970550	970551	30	0.1051
chr1	970638	970639	23	0.0
chr1	970701	970702	37	0.0
chr1	970751	970752	23	0.0
chr1	970851	970852	33	0.1166
chr1	970906	970907	31	0.1301
chr1	971004	971005	32	0.1832
chr1	971016	971017	36	0.0289
chr1	971116	971117	22	0.0108
chr1	971227	971228	30	0.0503
chr1	971327	971328	23	0.0098
chr1	971452	971453	34	0.0412
chr1	971478	971479	35	0.0541
chr1	971548	971549	37	0.0939
chr1	971579	971580	24	0.805
chr1	971679	971680	25	0.7533
chr1	971761	971762	27	0.5998
chr1	971833	971834	29	0.5149
chr1	971933	971934	38	0.5856
chr1	971983	971984	37	0.6218
chr1	972037	972038	30	0.6885
chr1	972096	972097	25	0.6154
chr1	972563	972564	25	0.7051
chr1	972649	972650	24	0.7413
chr1	972689	972690	29	0.8504
chr1	972739	972740	25	0.9436
chr1	972839	972840	29	0.7037
chr1	972939	972940	31	0.8806
chr1	973036	973037	27	0.8738
chr1	973136	973137	27	0.9301
chr1	973236	973237	34	0.9969
chr1	973314	973315	30	0.8561
chr1	973335	973336	18	0.8775
chr1	973466	973467	28	0.9981
chr1	973673	973674	33	0.9152
chr1	973787	973788	28	0.9708
chr1	973894	973895	30	0.6985
chr1	973960	973961	23	0.8999
chr1	973970	973971	36	0.9873
chr1	974070	974071	35	0.9141
chr1	974170	974171	22	0.9337
chr1	974270	974271	24	0.9734
chr1	974370	974371	30	0.8552
chr1	974470	974471	24	0.9116
chr1	974528	974529	24	0.7959
chr1	974628	974629	24	0.7731
chr1	974885	974886	31	0.9103
chr1	975021	975022	25	0.775
chr1	975085	975086	31	0.8169
chr1	975207	975208	40	0.7679
chr1	975213	975214	26	0.8351
chr1	975247	975248	26	0.9784
chr1	975429	975430	31	0.7832
chr1	975441	975442	36	0.7294
chr1	975516	975517	36	0.786
chr1	975616	975617	26	0.7587
chr1	975683	975684	37	0.7902
chr1	975773	975774	30	0.8292
chr1	975856	975857	36	0.7528
chr1	975947	975948	24	0.6499
chr1	975979	975980	25	0.7785
chr1	976081	976082	27	0.7356
chr1	976217	976218	33	0.7653
chr1	976317	976318	28	0.8439
chr1	976456	976457	26	0.8215
chr1	976554	976555	22	0.7047
chr1	976598	976599	31	0.025
chr1	976698	976699	29	0.084
chr1	976798	976799	25	0.0998
chr1	976870	976871	27	0.0
chr1	976920	976921	32	0.1229
chr1	977009	977010	32	0.0492
chr1	977064	977065	33	0.035
chr1	977164	977165	22	0.0534
chr1	977208	977209	27	0.2766
chr1	977478	977479	27	0.0359
chr1	977578	977579	42	0.1021
chr1	977662	977663	17	0.0658
chr1	977673	977674	27	0.7289
chr1	977738	977739	25	0.8783
chr1	977838	977839	31	0.8802
chr1	977938	977939	32	0.8975
chr1	978032	978033	25	0.7223
chr1	978111	978112	32	0.6985
chr1	978223	978224	22	0.7626
chr1	978323	978324	28	0.6132
chr1	978383	978384	31	0.7083
chr1	978419	978420	29	0.701
chr1	978463	978464	27	0.16
chr1	978515	978516	28	0.2122
chr1	978615	978616	35	0.2654
chr1	978699	978700	37	0.1549
chr1	978749	978750	34	0.2693
chr1	978823	978824	34	0.2194
chr1	978890	978891	25	0.0758
chr1	979167	979168	30	0.2396
chr1	979298	979299	29	0.1667
chr1	979348	979349	29	0.0695
chr1	979375	979376	35	0.7908
chr1	979475	979476	25	0.711
chr1	979575	979576	27	0.6824
chr1	979675	979676	30	0.8156
chr1	979725	979726	43	0.7635
chr1	979793	979794	32	0.7592
chr1	979857	979858	36	0.6522
chr1	979858	979859	27	0.66
chr1	980077	980078	40	0.7182
chr1	980235	980236	25	0.7803
chr1	980285	980286	30	0.7232
chr1	980303	980304	22	0.9091
chr1	980403	980404	29	0.8528
chr1	980503	980504	38	0.9203
chr1	980603	980604	26	0.7076
chr1	980703	980704	26	0.7565
chr1	980794	980795	33	0.7999
chr1	980894	980895	25	0.8274
chr1	981172	981173	33	0.8282
chr1	981186	981187	28	0.7989
chr1	981248	981249	29	0.7249
chr1	981273	981274	32	0.7864
chr1	981373	981374	24	0.7394
chr1	981473	981474	35	0.7911
chr1	981573	981574	29	0.885
chr1	981657	981658	27	0.82
chr1	981753	981754	35	0.6808
chr1	981785	981786	38	0.8499
chr1	981885	981886	34	0.7853
chr1	982025	982026	34	0.8062
chr1	982125	982126	39	0.868
chr1	982129	982130	28	0.9174
chr1	982203	982204	29	0.8441
chr1	982219	982220	25	0.7882
chr1	982269	982270	33	0.7504
chr1	982365	982366	34	0.9613
chr1	982465	982466	37	1.0
chr1	982563	982564	30	0.8432
chr1	982663	982664	26	0.9491
chr1	982744	982745	22	0.8168
chr1	983008	983009	31	0.7251
chr1	983147	983148	26	1.0
chr1	983256	983257	30	0.9711
chr1	983342	983343	23	0.9288
chr1	983350	983351	22	0.677
chr1	983414	983415	35	0.7662
chr1	983514	983515	24	0.6626
chr1	983576	983577	29	0.7525
chr1	983626	983627	36	0.7165
chr1	983706	983707	29	0.5388
chr1	983772	983773	24	0.7309
chr1	983848	983849	33	0.6511
chr1	983922	983923	34	0.7564
chr1	984022	984023	26	0.7166
chr1	984122	984123	21	0.7447
chr1	984223	984224	29	0.7254
chr1	984327	984328	31	0.8188
chr1	984377	984378	27	0.8046
chr1	984587	984588	32	0.6545
chr1	984665	984666	37	0.7817
chr1	984707	984708	30	0.7526
chr1	984723	984724	32	0.7005
chr1	984770	984771	41	0.8268
chr1	984820	984821	23	0.9498
chr1	984920	984921	24	0.9516
chr1	984971	984972	26	0.8412
chr1	985021	985022	32	0.9221
chr1	985121	985122	34	0.7909
chr1	985214	985215	30	0.897
chr1	985247	985248	37	0.8201
chr1	985347	985348	38	0.874
chr1	985447	985448	34	0.9259
chr1	985629	985630	32	0.8633
chr1	985703	985704	27	0.8719
chr1	985705	985706	28	0.9134
chr1	985720	985721	29	0.9049
chr1	985820	985821	22	0.9119
chr1	985920	985921	28	0.5976
chr1	985970	985971	34	0.5777
chr1	986045	986046	26	0.7892
chr1	986116	986117	26	0.9435
chr1	986216	986217	25	0.9275
chr1	986254	986255	28	0.6219
chr1	986475	986476	26	0.5663
chr1	986698	986699	40	0.5397
chr1	986843	986844	31	0.9607
chr1	986852	986853	30	0.5697
chr1	986952	986953	33	0.4503
chr1	987052	987053	35	0.4038
chr1	987102	987103	20	0.5401
chr1	987161	987162	28	0.4855
chr1	987261	987262	32	0.4556
chr1	987316	987317	26	0.7496
chr1	987351	987352	33	0.6305
chr1	987496	987497	20	0.6779
chr1	987835	987836	32	0.3726
chr1	987887	987888	30	0.5126
chr1	987889	987890	25	0.5309
chr1	987933	987934	30	0.6587
chr1	987981	987982	36	0.5985
chr1	988053	988054	29	0.597
chr1	988135	988136	30	0.6772
chr1	988211	988212	30	0.6659
chr1	988289	988290	27	0.5558
chr1	988299	988300	21	0.6245
chr1	988304	988305	34	0.1483
chr1	988403	988404	26	0.0
chr1	988503	988504	39	0.0042
chr1	988577	988578	27	0.0
chr1	988627	988628	30	0.0
chr1	988684	988685	34	0.0405
chr1	988778	988779	27	0.0184
chr1	988781	988782	23	0.0682
chr1	988905	988906	23	0.0408
chr1	989075	989076	23	0.1065
chr1	989119	989120	23	0.2824
chr1	989237	989238	30	0.1003
chr1	989295	989296	27	0.1594
chr1	989341	989342	31	0.0137
chr1	989443	989444	34	0.0652
chr1	989547	989548	27	0.1046
chr1	989559	989560	27	0.1652
chr1	989567	989568	30	0.2873
chr1	989617	989618	34	0.0265
chr1	989712	989713	38	0.0787
chr1	989762	989763	23	0.2118
chr1	989862	989863	35	0.1186
chr1	989918	989919	29	0.2813
chr1	989968	989969	31	0.2345
chr1	990061	990062	30	0.2664
chr1	990188	990189	35	0.3424
chr1	990316	990317	33	0.2226
chr1	990428	990429	30	0.0921
chr1	990474	990475	24	0.3209
chr1	990484	990485	26	0.2694
chr1	990580	990581	24	0.2946
chr1	990700	990701	26	0.2341
chr1	990760	990761	31	0.1132
chr1	990848	990849	28	0.1608
chr1	990886	990887	26	0.0886
chr1	990908	990909	31	0.1566
chr1	990934	990935	35	0.0385
chr1	991017	991018	26	0.1693
chr1	991083	991084	37	0.2515
chr1	991156	991157	46	0.21
chr1	991256	991257	25	0.3826
chr1	991356	991357	22	0.0572
chr1	991456	991457	27	0.1766
chr1	991459	991460	36	0.2831
chr1	991959	991960	26	0.1374
chr1	991992	991993	16	0.0164
chr1	991994	991995	37	0.1104
chr1	992044	992045	24	0.7632
chr1	992118	992119	31	0.7512
chr1	992207	992208	32	0.6768
chr1	992307	992308	20	0.7585
chr1	992407	992408	39	0.7371
chr1	992457	992458	32	0.783
chr1	992516	992517	34	0.6575
chr1	992566	992567	28	0.6055
chr1	992666	992667	31	0.6467
chr1	992766	992767	31	0.8194
chr1	992877	992878	40	0.8314
chr1	993006	993007	44	0.7377
chr1	993024	993025	32	0.6567
chr1	993056	993057	30	0.6818
chr1	993063	993064	33	0.8518
chr1	993131	993132	37	0.7212
chr1	993231	993232	24	0.9312
chr1	993331	993332	27	0.8918
chr1	993408	993409	34	0.9545
chr1	993458	993459	27	1.0
chr1	993558	993559	33	0.8611
chr1	993568	993569	39	0.9721
chr1	993782	993783	33	0.6768
chr1	993999	994000	28	0.8017
chr1	994059	994060	26	0.8004
chr1	994099	994100	34	0.9188
chr1	994135	994136	34	0.8858
chr1	994231	994232	34	0.8808
chr1	994257	994258	30	0.9675
chr1	994269	994270	31	0.7804
chr1	994275	994276	23	0.9199
chr1	994291	994292	33	0.9254
chr1	994443	994444	31	0.9578
chr1	994471	994472	31	0.6454
chr1	994571	994572	35	0.6217
chr1	994627	994628	27	0.634
chr1	994727	994728	39	0.5262
chr1	994827	994828	21	0.6451
chr1	994902	994903	33	0.6882
chr1	994944	994945	25	0.5536
chr1	995045	995046	27	0.7628
chr1	995158	995159	32	0.5811
chr1	995311	995312	29	0.6696
chr1	995315	995316	28	0.7567
chr1	995327	995328	29	0.7187
chr1	995358	995359	31	0.5869
chr1	995458	995459	23	0.5241
chr1	995555	995556	31	0.5626
chr1	995655	995656	34	0.6104
chr1	995755	995756	28	0.6522
chr1	995851	995852	29	0.7532
chr1	996148	996149	25	0.6635
chr1	996248	996249	25	0.5603
chr1	996260	996261	24	0.6658
chr1	996288	996289	31	0.7015
chr1	996315	996316	17	0.8901
chr1	996371	996372	31	0.848
chr1	996426	996427	36	0.8969
chr1	996526	996527	28	0.7475
chr1	996576	996577	29	0.8158
chr1	996626	996627	27	0.7085
chr1	996718	996719	26	0.6989
chr1	996793	996794	23	0.7427
chr1	996913	996914	23	0.8071
chr1	997071	997072	27	0.8745
chr1	997157	997158	28	0.9233
chr1	997165	997166	28	0.9322
chr1	997171	997172	33	0.4726
chr1	997221	997222	35	0.6678
chr1	997321	997322	24	0.5952
chr1	997421	997422	31	0.5376
chr1	997521	997522	33	0.5261
chr1	997621	997622	32	0.4313
chr1	997671	997672	33	0.6148
chr1	997710	997711	29	0.4672
chr1	997851	997852	37	0.4243
chr1	998047	998048	31	0.7077
chr1	998049	998050	25	0.588
chr1	998073	998074	31	0.7114
chr1	998119	998120	29	0.6324
chr1	998245	998246	38	0.5226
chr1	998250	998251	34	0.9287
chr1	998300	998301	27	0.8698
chr1	998400	998401	32	0.8646
chr1	998450	998451	26	0.6904
chr1	998536	998537	31	0.9011
chr1	998586	998587	30	0.9123
chr1	998686	998687	25	0.9457
chr1	998746	998747	36	0.7262
chr1	998846	998847	33	0.9001
chr1	999109	999110	36	0.7982
chr1	999127	999128	37	0.8467
chr1	999187	999188	23	0.8257
chr1	999249	999250	33	0.8628
chr1	999427	999428	32	0.8453
chr1	999551	999552	36	0.8643
chr1	999556	999557	33	0.8734
chr1	999626	999627	22	0.9348
chr1	999701	999702	30	0.7091
chr1	999768	999769	26	0.8935
chr1	999868	999869	28	0.8869
chr1	999968	999969	27	0.9275
chr1	1000068	1000069	29	0.9645
chr1	1000084	1000085	21	0.8468
chr1	1000238	1000239	20	0.8633
chr1	1000320	1000321	29	0.8295
chr1	1000380	1000381	20	0.819
chr1	1000416	1000417	22	0.9031
chr1	1000484	1000485	35	0.921
chr1	1000606	1000607	30	0.869
chr1	1000672	1000673	25	0.8598
chr1	1000680	1000681	30	0.1072
chr1	1000780	1000781	29	0.091
chr1	1000850	1000851	35	0.0504
chr1	1000950	1000951	32	0.0636
chr1	1001050	1001051	31	0.0646
chr1	1001150	1001151	40	0.0
chr1	1001213	1001214	30	0.0211
chr1	1001426	1001427	24	0.0
chr1	1001543	1001544	28	0.1337
chr1	1001664	1001665	35	0.0156
chr1	1001692	1001693	30	0.0563
chr1	1001836	1001837	27	0.195
chr1	1001858	1001859	32	0.093
chr1	1001880	1001881	26	0.1369
chr1	1001886	1001887	21	0.1405
chr1	1001954	1001955	27	0.0874
chr1	1001956	1001957	25	0.0538
chr1	1001966	1001967	29	0.1326
chr1	1002112	1002113	24	0.1303
chr1	1002149	1002150	25	0.9809
chr1	1002214	1002215	32	0.8306
chr1	1002264	1002265	31	0.8517
chr1	1002364	1002365	32	0.8587
chr1	1002419	1002420	26	0.7236
chr1	1002519	1002520	23	0.9628
chr1	1002569	1002570	25	0.7794
chr1	1002644	1002645	27	0.9303
chr1	1002879	1002880	31	0.8733
chr1	1002979	1002980	28	1.0
chr1	1003079	1003080	32	0.9446
chr1	1003085	1003086	32	0.9261
chr1	1003119	1003120	38	0.864
chr1	1003130	1003131	29	0.7471
chr1	1003180	1003181	31	0.7661
chr1	1003280	1003281	35	0.7432
chr1	1003380	1003381	26	0.803
chr1	1003480	1003481	31	0.6455
chr1	1003580	1003581	29	0.7141
chr1	1003680	1003681	23	0.7167
chr1	1003725	1003726	28	0.6205
chr1	1003825	1003826	19	0.7445
chr1	1003937	1003938	41	0.5912
chr1	1004207	1004208	31	0.8623
chr1	1004279	1004280	21	0.577
chr1	1004293	1004294	34	0.7561
chr1	1004309	1004310	29	0.6236
chr1	1004359	1004360	30	0.7534
chr1	1004459	1004460	18	0.7785
chr1	1004523	1004524	30	0.7858
chr1	1004623	1004624	23	0.7855
chr1	1004723	1004724	25	0.7573
chr1	1004742	1004743	27	0.7495
chr1	1004812	1004813	24	0.5884
chr1	1004820	1004821	28	0.1859
chr1	1004920	1004921	32	0.0048
chr1	1005020	1005021	24	0.1208
chr1	1005120	1005121	28	0.1124
chr1	1005220	1005221	26	0.14
chr1	1005266	1005267	25	0.1551
chr1	1005366	1005367	24	0.0633
chr1	1005607	1005608	28	0.1027
chr1	1005617	1005618	31	0.1477
chr1	1005675	1005676	35	0.0606
chr1	1005735	1005736	32	0.1202
chr1	1005821	1005822	29	0.0
chr1	1005951	1005952	30	0.1127
chr1	1005957	1005958	30	0.0932
chr1	1005964	1005965	28	0.0
chr1	1006014	1006015	37	0.0202
chr1	1006114	1006115	29	0.0902
chr1	1006164	1006165	38	0.0952
chr1	1006214	1006215	29	0.0
chr1	1006314	1006315	32	0.1865
chr1	1006414	1006415	30	0.1745
chr1	1006514	1006515	34	0.0463
chr1	1006527	1006528	24	0.1152
chr1	1006660	1006661	30	0.0
chr1	1006769	1006770	30	0.0519
chr1	1006892	1006893	38	0.1819
chr1	1007080	1007081	33	0.0
chr1	1007096	1007097	25	0.084
chr1	1007106	1007107	27	0.0684
chr1	1007108	1007109	34	0.0178
chr1	1007270	1007271	31	0.0685
chr1	1007352	1007353	25	0.0776
chr1	1007476	1007477	32	0.094
chr1	1007523	1007524	38	0.8897
chr1	1007586	1007587	32	0.5999
chr1	1007663	1007664	32	0.5275
chr1	1007738	1007739	23	0.5138
chr1	1007838	1007839	31	0.4547
chr1	1007938	1007939	29	0.6065
chr1	1007955	1007956	34	0.6329
chr1	1008201	1008202	26	0.7256
chr1	1008322	1008323	27	0.5928
chr1	1008396	1008397	33	0.8525
chr1	1008431	1008432	34	0.6415
chr1	1008531	1008532	32	0.8174
chr1	1008601	1008602	28	0.7519
chr1	1008701	1008702	25	0.9673
chr1	1008801	1008802	25	0.9618
chr1	1008901	1008902	29	1.0
chr1	1008903	1008904	26	0.7675
chr1	1009020	1009021	23	0.9065
chr1	1009249	1009250	29	0.8927
chr1	1009301	1009302	30	0.835
chr1	1009343	1009344	41	0.821
chr1	1009428	1009429	34	0.7772
chr1	1009505	1009506	24	0.7875
chr1	1009605	1009606	32	0.8751
chr1	1009673	1009674	26	0.725
chr1	1009773	1009774	23	1.0
chr1	1009814	1009815	32	0.9335
chr1	1009914	1009915	27	0.9225
chr1	1010272	1010273	28	0.913
chr1	1010284	1010285	24	0.7252
chr1	1010346	1010347	30	0.8002
chr1	1010371	1010372	23	0.0
chr1	1010471	1010472	35	0.0
chr1	1010571	1010572	29	0.215
chr1	1010671	1010672	29	0.0361
chr1	1010771	1010772	27	0.0
chr1	1010871	1010872	39	0.0856
chr1	1010886	1010887	23	0.1361
chr1	1011386	1011387	28	0.0786
chr1	1011428	1011429	30	0.0762
chr1	1011480	1011481	23	0.1075
chr1	1011526	1011527	29	0.9666
chr1	1011578	1011579	29	0.7653
chr1	1011678	1011679	23	0.8447
chr1	1011778	1011779	21	0.9843
chr1	1011857	1011858	30	0.8626
chr1	1011957	1011958	22	0.7787
chr1	1012028	1012029	37	0.7359
chr1	1012128	1012129	35	0.7137
chr1	1012460	1012461	35	0.8612
chr1	1012482	1012483	38	0.6279
chr1	1012531	1012532	34	0.6649
chr1	1012606	1012607	23	0.6689
chr1	1012692	1012693	25	0.282
chr1	1012792	1012793	33	0.7183
chr1	1012892	1012893	31	1.0
chr1	1012992	1012993	37	0.593
chr1	1013019	1013020	30	0.3932
chr1	1013322	1013323	30	0.282
chr1	1013477	1013478	26	0.357
chr1	1013559	1013560	28	1.0
chr1	1013572	1013573	34	0.9417
chr1	1013650	1013651	28	0.9724
chr1	1013750	1013751	26	0.8967
chr1	1013841	1013842	33	0.9687
chr1	1013941	1013942	28	0.8138
chr1	1013991	1013992	34	0.809
chr1	1014091	1014092	28	0.8957
chr1	1014141	1014142	29	0.805
chr1	1014474	1014475	33	0.8503
chr1	1014633	1014634	22	0.9486
chr1	1014689	1014690	31	0.9191
chr1	1014696	1014697	40	0.1848
chr1	1014767	1014768	34	0.1579
chr1	1014867	1014868	25	0.0966
chr1	1014967	1014968	24	0.0616
chr1	1015067	1015068	28	0.1263
chr1	1015167	1015168	28	0.0525
chr1	1015217	1015218	24	0.3132
chr1	1015249	1015250	30	0.3367
chr1	1015441	1015442	33	0.0026
chr1	1015564	1015565	27	0.2815
chr1	1015695	1015696	25	0.0834
chr1	1015739	1015740	26	0.2061
chr1	1015835	1015836	24	0.2447
chr1	1015931	1015932	33	0.2166
chr1	1015949	1015950	28	0.2912
chr1	1016081	1016082	30	0.0728
chr1	1016139	1016140	31	0.1425
chr1	1016152	1016153	27	0.0348
chr1	1016217	1016218	26	0.1374
chr1	1016282	1016283	23	0.11
chr1	1016347	1016348	28	0.0
chr1	1016434	1016435	34	0.0459
chr1	1016534	1016535	29	0.0026
chr1	1016634	1016635	29	0.0208
chr1	1016655	1016656	33	0.1532
chr1	1016763	1016764	29	0.1603
chr1	1016863	1016864	30	0.1367
chr1	1017002	1017003	27	0.1318
chr1	1017024	1017025	32	0.0303
chr1	1017036	1017037	25	0.6659
chr1	1017136	1017137	15	0.9199
chr1	1017186	1017187	31	0.587
chr1	1017249	1017250	32	0.7342
chr1	1017300	1017301	24	0.7125
chr1	1017400	1017401	34	0.7245
chr1	1017500	1017501	24	0.7633
chr1	1017546	1017547	27	0.6822
chr1	1017683	1017684	29	0.7748
chr1	1017783	1017784	32	0.9268
chr1	1017916	1017917	36	0.9186
chr1	1017952	1017953	27	0.8672
chr1	1018008	1018009	12	0.8416
chr1	1018022	1018023	33	0.6738
chr1	1018082	1018083	36	0.7213
chr1	1018132	1018133	25	0.6123
chr1	1018232	1018233	33	0.8177
chr1	1018300	1018301	26	0.5977
chr1	1018394	1018395	30	0.7239
chr1	1018413	1018414	31	0.7111
chr1	1018533	1018534	35	0.7492
chr1	1018633	1018634	28	0.7373
chr1	1018685	1018686	40	0.7274
chr1	1018725	1018726	19	0.9116
chr1	1018825	1018826	30	0.9943
chr1	1018922	1018923	29	0.736
chr1	1018997	1018998	19	0.9947
chr1	1019097	1019098	28	0.9368
chr1	1019193	1019194	33	0.9442
chr1	1019293	1019294	30	0.952
chr1	1019393	1019394	32	0.8471
chr1	1019493	1019494	37	0.9999
chr1	1019618	1019619	38	1.0
chr1	1019702	1019703	27	0.8671
chr1	1019704	1019705	25	0.8627
chr1	1019711	1019712	33	0.1963
chr1	1019761	1019762	34	0.2019
chr1	1019811	1019812	29	0.0691
chr1	1019911	1019912	28	0.082
chr1	1019972	1019973	24	0.1061
chr1	1020072	1020073	30	0.0784
chr1	1020172	1020173	25	0.065
chr1	1020253	1020254	35	0.0995
chr1	1020398	1020399	25	0.0381
chr1	1020773	1020774	31	0.0
chr1	1020775	1020776	25	0.1782
chr1	1020851	1020852	25	0.1321
chr1	1020983	1020984	26	0.0737
chr1	1021013	1021014	29	0.1821
chr1	1021267	1021268	41	0.0384
chr1	1021299	1021300	26	0.5515
chr1	1021356	1021357	30	0.7526
chr1	1021406	1021407	21	0.6752
chr1	1021506	1021507	34	0.8648
chr1	1021606	1021607	30	0.7189
chr1	1021656	1021657	22	0.8499
chr1	1021756	1021757	17	0.8741
chr1	1021856	1021857	27	0.7565
chr1	1021889	1021890	26	0.7935
chr1	1021989	1021990	35	0.6958
chr1	1022339	1022340	30	0.9227
chr1	1022355	1022356	29	0.6947
chr1	1022373	1022374	30	0.7296
chr1	1022382	1022383	32	0.7597
chr1	1022406	1022407	33	0.9246
chr1	1022450	1022451	33	0.9112
chr1	1022482	1022483	26	0.8565
chr1	1022507	1022508	31	0.8257
chr1	1022553	1022554	24	0.928
chr1	1022589	1022590	29	0.7425
chr1	1022639	1022640	35	0.8954
chr1	1022654	1022655	32	0.8821
chr1	1022681	1022682	30	0.9007
chr1	1022714	1022715	29	0.9403
chr1	1022739	1022740	30	0.9507
chr1	1022789	1022790	27	0.833
chr1	1022822	1022823	29	0.8976
chr1	1022872	1022873	32	0.9719
chr1	1022922	1022923	28	0.7321
chr1	1022950	1022951	29	0.7252
chr1	1023000	1023001	24	0.917
chr1	1023100	1023101	37	0.7873
chr1	1023186	1023187	37	0.8419
chr1	1023260	1023261	33	0.8728
chr1	1023360	1023361	34	0.7472
chr1	1023417	1023418	25	0.7146
chr1	1023517	1023518	30	0.6816
chr1	1023563	1023564	31	0.6945
chr1	1023585	1023586	28	0.9135
chr1	1023631	1023632	34	0.7422
chr1	1023661	1023662	32	0.8386
chr1	1023709	1023710	20	0.9361
chr1	1023755	1023756	24	0.9187
chr1	1023773	1023774	32	0.6999
chr1	1023839	1023840	30	0.9204
chr1	1023965	1023966	36	0.8106
chr1	1024009	1024010	29	0.784
chr1	1024019	1024020	21	0.7947
chr1	1024119	1024120	37	0.8947
chr1	1024177	1024178	31	0.7938
chr1	1024256	1024257	31	0.6963
chr1	1024356	1024357	25	0.7511
chr1	1024456	1024457	28	0.7646
chr1	1024524	1024525	28	0.8232
chr1	1024809	1024810	33	0.7899
chr1	1024885	1024886	31	0.7199
chr1	1024921	1024922	37	0.7112
chr1	1024953	1024954	31	0.8432
chr1	1025063	1025064	35	0.8426
chr1	1025089	1025090	33	0.7436
chr1	1025161	1025162	34	0.758
chr1	1025209	1025210	33	0.904
chr1	1025277	1025278	21	0.6831
chr1	1025293	1025294	25	0.7138
chr1	1025302	1025303	33	0.0
chr1	1025402	1025403	38	0.0497
chr1	1025502	1025503	29	0.1936
chr1	1025602	1025603	24	0.0528
chr1	1025702	1025703	37	0.1132
chr1	1025802	1025803	24	0.0
chr1	1025897	1025898	30	0.0
chr1	1026066	1026067	35	0.0558
chr1	1026166	1026167	36	0.0
chr1	1026294	1026295	30	0.0
chr1	1026457	1026458	32	0.0
chr1	1026503	1026504	31	0.1014
chr1	1026517	1026518	33	0.175
chr1	1026651	1026652	20	0.0918
chr1	1026661	1026662	37	0.2201
chr1	1026705	1026706	21	0.1242
chr1	1026725	1026726	35	0.0302
chr1	1026747	1026748	30	0.1285
chr1	1026753	1026754	35	0.192
chr1	1026803	1026804	26	0.0488
chr1	1026853	1026854	30	0.2372
chr1	1026876	1026877	30	0.2499
chr1	1026914	1026915	36	0.2469
chr1	1026938	1026939	25	0.309
chr1	1026967	1026968	26	0.2041
chr1	1026985	1026986	35	0.1054
chr1	1027035	1027036	29	0.1181
chr1	1027085	1027086	37	0.19
chr1	1027135	1027136	29	0.2164
chr1	1027150	1027151	17	0.3084
chr1	1027193	1027194	33	0.1194
chr1	1027208	1027209	30	0.1494
chr1	1027238	1027239	32	0.1747
chr1	1027258	1027259	33	0.289
chr1	1027358	1027359	32	0.3172
chr1	1027408	1027409	33	0.2715
chr1	1027502	1027503	25	0.359
chr1	1027602	1027603	38	0.2484
chr1	1027679	1027680	34	0.2505
chr1	1027729	1027730	35	0.2074
chr1	1027731	1027732	24	0.1479
chr1	1027847	1027848	32	0.2859
chr1	1027891	1027892	24	0.0904
chr1	1027913	1027914	34	0.329
chr1	1028001	1028002	29	0.2047
chr1	1028065	1028066	34	0.0848
chr1	1028143	1028144	31	0.3037
chr1	1028149	1028150	36	0.0416
chr1	1028175	1028176	25	0.3073
chr1	1028221	1028222	21	0.0578
chr1	1028250	1028251	27	0.6283
chr1	1028302	1028303	27	0.8715
chr1	1028352	1028353	24	0.8722
chr1	1028452	1028453	36	0.7641
chr1	1028530	1028531	27	0.6774
chr1	1028580	1028581	27	0.8409
chr1	1028672	1028673	39	0.7835
chr1	1028765	1028766	22	0.903
chr1	1028825	1028826	27	0.836
chr1	1028955	1028956	25	0.8597
chr1	1029172	1029173	34	0.825
chr1	1029272	1029273	35	0.764
chr1	1029342	1029343	28	0.7341
chr1	1029359	1029360	27	0.7854
chr1	1029418	1029419	22	0.7903
chr1	1029518	1029519	40	0.7307
chr1	1029618	1029619	30	0.8977
chr1	1029668	1029669	23	0.9244
chr1	1029741	1029742	30	0.9626
chr1	1029797	1029798	31	0.8626
chr1	1029837	1029838	32	0.9154
chr1	1030017	1030018	32	0.7772
chr1	1030199	1030200	28	0.865
chr1	1030299	1030300	26	0.8083
chr1	1030319	1030320	27	0.9184
chr1	1030371	1030372	36	0.8492
chr1	1030409	1030410	27	0.773
chr1	1030500	1030501	26	0.9835
chr1	1030550	1030551	32	0.8482
chr1	1030650	1030651	27	0.8199
chr1	1030700	1030701	40	0.9271
chr1	1030778	1030779	30	0.9788
chr1	1030828	1030829	29	0.8368
chr1	1030887	1030888	29	0.8511
chr1	1030962	1030963	28	0.6886
chr1	1031166	1031167	27	0.7797
chr1	1031266	1031267	34	0.929
chr1	1031366	1031367	26	1.0
chr1	1031390	1031391	27	0.8429
chr1	1031399	1031400	30	0.5747
chr1	1031449	1031450	33	0.6485
chr1	1031499	1031500	32	0.5281
chr1	1031599	1031600	31	0.5787
chr1	1031670	1031671	38	0.7108
chr1	1031770	1031771	28	0.4569
chr1	1031842	1031843	35	0.595
chr1	1031884	1031885	29	0.6163
chr1	1032133	1032134	26	0.6949
chr1	1032233	1032234	33	0.7554
chr1	1032358	1032359	36	0.5444
chr1	1032384	1032385	32	0.7303
chr1	1032458	1032459	37	0.6398
chr1	1032556	1032557	27	0.4613
chr1	1032608	1032609	26	0.6824
chr1	1032758	1032759	28	0.587
chr1	1032775	1032776	28	0.6407
chr1	1032847	1032848	33	0.8557
chr1	1032947	1032948	34	0.8819
chr1	1033047	1033048	28	0.9
chr1	1033109	1033110	32	0.8061
chr1	1033209	1033210	26	0.8258
chr1	1033268	1033269	31	0.8315
chr1	1033368	1033369	34	0.8687
chr1	1033468	1033469	23	0.9457
chr1	1033568	1033569	30	0.8769
chr1	1033668	1033669	25	0.9234
chr1	1033718	1033719	27	0.9557
chr1	1033726	1033727	39	0.7708
chr1	1033733	1033734	32	0.6672
chr1	1033827	1033828	31	0.7037
chr1	1033877	1033878	29	0.7181
chr1	1033970	1033971	33	0.7138
chr1	1034070	1034071	27	0.7088
chr1	1034163	1034164	35	0.6627
chr1	1034189	1034190	29	0.7716
chr1	1034295	1034296	29	0.6038
chr1	1034524	1034525	26	0.6457
chr1	1034538	1034539	34	0.7875
chr1	1034540	1034541	32	0.7449
chr1	1034620	1034621	36	0.7285
chr1	1034748	1034749	33	0.6984
chr1	1034778	1034779	21	0.5724
chr1	1034790	1034791	25	0.7458
chr1	1034844	1034845	32	0.7171
chr1	1034872	1034873	32	0.7481
chr1	1035008	1035009	23	0.7647
chr1	1035052	1035053	40	0.5965
chr1	1035110	1035111	28	0.6716
chr1	1035210	1035211	39	0.8129
chr1	1035310	1035311	33	0.7339
chr1	1035367	1035368	25	0.7339
chr1	1035437	1035438	30	0.8762
chr1	1035537	1035538	25	0.7786
chr1	1035587	1035588	35	0.7015
chr1	1035627	1035628	23	0.6422
chr1	1035915	1035916	28	0.7458
chr1	1036044	1036045	27	0.712
chr1	1036193	1036194	27	0.6079
chr1	1036195	1036196	30	0.7027
chr1	1036199	1036200	41	0.8173
chr1	1036209	1036210	27	0.8984
chr1	1036309	1036310	31	0.871
chr1	1036360	1036361	31	0.917
chr1	1036432	1036433	26	0.7672
chr1	1036482	1036483	26	0.7751
chr1	1036582	1036583	36	0.9253
chr1	1036641	1036642	30	0.8895
chr1	1036788	1036789	29	0.9063
chr1	1037014	1037015	30	0.9293
chr1	1037036	1037037	29	0.9207
chr1	1037206	1037207	25	0.8142
chr1	1037398	1037399	21	0.8586
chr1	1037468	1037469	29	0.8956
chr1	1037474	1037475	30	0.8933
chr1	1037506	1037507	38	0.8224
chr1	1037543	1037544	31	0.6845
chr1	1037643	1037644	27	0.6316
chr1	1037713	1037714	32	0.6925
chr1	1037763	1037764	26	0.6521
chr1	1037863	1037864	30	0.7997
chr1	1037963	1037964	33	0.7786
chr1	1038036	1038037	22	0.7664
chr1	1038271	1038272	30	0.8812
chr1	1038295	1038296	23	0.683
chr1	1038371	1038372	33	0.7014
chr1	1038398	1038399	29	0.1862
chr1	1038457	1038458	32	0.0622
chr1	1038557	1038558	31	0.0561
chr1	1038637	1038638	26	0.1011
chr1	1038720	1038721	30	0.1137
chr1	1038820	1038821	27	0.0
chr1	1038860	1038861	29	0.2078
chr1	1038960	1038961	33	0.1008
chr1	1039060	1039061	30	0.1058
chr1	1039271	1039272	28	0.0546
chr1	1039319	1039320	30	0.1292
chr1	1039327	1039328	23	0.0515
chr1	1039412	1039413	31	0.0
chr1	1039488	1039489	31	0.0679
chr1	1039588	1039589	30	0.0505
chr1	1039688	1039689	34	0.0832
chr1	1039781	1039782	26	0.0889
chr1	1039788	1039789	28	0.0067
chr1	1039888	1039889	27	0.1372
chr1	1039906	1039907	28	0.1534
chr1	1039926	1039927	26	0.0439
chr1	1040004	1040005	31	0.1093
chr1	1040072	1040073	36	0.0889
chr1	1040090	1040091	24	0.1717
chr1	1040148	1040149	32	0.0965
chr1	1040302	1040303	28	0.1626
chr1	1040320	1040321	29	0.0327
chr1	1040370	1040371	32	0.0636
chr1	1040383	1040384	26	0.7681
chr1	1040433	1040434	25	0.6971
chr1	1040490	1040491	26	0.7133
chr1	1040590	1040591	20	0.8403
chr1	1040668	1040669	23	0.9246
chr1	1040767	1040768	32	0.8269
chr1	1040820	1040821	22	0.893
chr1	1041032	1041033	33	0.66
chr1	1041046	1041047	29	0.6611
chr1	1041090	1041091	34	0.6265
chr1	1041095	1041096	33	0.8799
chr1	1041195	1041196	29	0.8513
chr1	1041290	1041291	26	0.7624
chr1	1041366	1041367	32	0.8134
chr1	1041443	1041444	34	0.6605
chr1	1041540	1041541	29	0.8086
chr1	1041640	1041641	25	0.8157
chr1	1041853	1041854	28	0.8711
chr1	1041953	1041954	31	0.7835
chr1	1041981	1041982	24	0.8001
chr1	1042093	1042094	19	0.7228
chr1	1042171	1042172	30	0.7468
chr1	1042257	1042258	30	0.7932
chr1	1042281	1042282	29	0.8336
chr1	1042385	1042386	27	0.8455
chr1	1042421	1042422	31	0.8216
chr1	1042435	1042436	18	0.7377
chr1	1042440	1042441	26	0.0426
chr1	1042540	1042541	25	0.0517
chr1	1042638	1042639	26	0.0
chr1	1042738	1042739	31	0.0174
chr1	1042838	1042839	26	0.1848
chr1	1042938	1042939	33	0.0981
chr1	1042988	1042989	41	0.0161
chr1	1042992	1042993	31	0.0369
chr1	1043092	1043093	32	0.029
chr1	1043192	1043193	34	0.1734
chr1	1043297	1043298	37	0.0076
chr1	1043424	1043425	26	0.0321
chr1	1043466	1043467	25	0.0781
chr1	1043532	1043533	32	0.1917
chr1	1043570	1043571	26	0.1559
chr1	1043836	1043837	32	0.0766
chr1	1043890	1043891	25	0.131
chr1	1043910	1043911	30	0.1153
chr1	1043932	1043933	33	0.8857
chr1	1043999	1044000	28	0.8095
chr1	1044099	1044100	23	0.7931
chr1	1044184	1044185	27	0.7297
chr1	1044234	1044235	31	0.6924
chr1	1044334	1044335	31	0.6705
chr1	1044403	1044404	32	0.7751
chr1	1044453	1044454	34	0.9618
chr1	1044691	1044692	26	0.8613
chr1	1044845	1044846	30	0.7449
chr1	1044945	1044946	32	0.8439
chr1	1044977	1044978	35	0.5802
chr1	1045041	1045042	26	0.7483
chr1	1045061	1045062	33	0.7376
chr1	1045111	1045112	22	0.7828
chr1	1045211	1045212	24	0.8044
chr1	1045311	1045312	31	0.7352
chr1	1045363	1045364	27	0.6641
chr1	1045430	1045431	24	0.9036
chr1	1045530	1045531	24	0.8074
chr1	1045534	1045535	28	0.8433
chr1	1045717	1045718	35	0.514
chr1	1045893	1045894	42	0.7236
chr1	1045947	1045948	31	0.7927
chr1	1045961	1045962	26	0.5665
chr1	1045981	1045982	27	0.8876
chr1	1046043	1046044	33	0.8118
chr1	1046093	1046094	30	0.6736
chr1	1046153	1046154	31	0.7069
chr1	1046215	1046216	35	0.7707
chr1	1046299	1046300	30	0.8595
chr1	1046399	1046400	29	0.8735
chr1	1046471	1046472	36	0.8387
chr1	1046475	1046476	29	0.782
chr1	1046575	1046576	27	0.8784
chr1	1046716	1046717	29	0.9648
chr1	1046839	1046840	30	0.8209
chr1	1046881	1046882	26	0.884
chr1	1046898	1046899	40	0.8477
chr1	1046998	1046999	24	0.9413
chr1	1047086	1047087	26	0.8351
chr1	1047164	1047165	33	1.0
chr1	1047264	1047265	34	0.8202
chr1	1047364	1047365	27	0.7572
chr1	1047397	1047398	27	0.7649
chr1	1047503	1047504	32	0.7326
chr1	1047603	1047604	35	0.9106
chr1	1047706	1047707	35	0.9687
chr1	1047806	1047807	35	0.8697
chr1	1047840	1047841	32	0.9414
chr1	1047876	1047877	30	0.9046
chr1	1047919	1047920	28	0.9128
chr1	1048019	1048020	26	0.7614
chr1	1048119	1048120	28	0.9252
chr1	1048219	1048220	27	0.9513
chr1	1048319	1048320	30	0.831
chr1	1048404	1048405	41	0.8063
chr1	1048463	1048464	31	0.8329
chr1	1048925	1048926	20	0.7938
chr1	1049019	1049020	31	0.8549
chr1	1049036	1049037	24	0.5844
chr1	1049136	1049137	28	0.6096
chr1	1049209	1049210	30	0.5302
chr1	1049259	1049260	24	0.762
chr1	1049359	1049360	27	0.7026
chr1	1049459	1049460	31	0.4638
chr1	1049559	1049560	31	0.7554
chr1	1049587	1049588	30	0.6522
chr1	1049707	1049708	30	0.7637
chr1	1049824	1049825	33	0.453
chr1	1049876	1049877	26	0.5599
chr1	1049892	1049893	33	0.4593
chr1	1049938	1049939	33	0.7078
chr1	1050038	1050039	32	0.618
chr1	1050138	1050139	26	0.7619
chr1	1050238	1050239	27	0.7425
chr1	1050299	1050300	19	0.6312
chr1	1050367	1050368	29	0.7448
chr1	1050467	1050468	33	0.7907
chr1	1050468	1050469	26	0.717
chr1	1050672	1050673	31	0.7238
chr1	1050990	1050991	31	0.6422
chr1	1051028	1051029	30	0.7153
chr1	1051064	1051065	30	0.7103
chr1	1051071	1051072	26	0.5922
chr1	1051121	1051122	24	0.707
chr1	1051221	1051222	24	0.582
chr1	1051319	1051320	27	0.6981
chr1	1051386	1051387	21	0.6758
chr1	1051486	1051487	22	0.6805
chr1	1051536	1051537	35	0.4848
chr1	1051621	1051622	35	0.5539
chr1	1051721	1051722	29	0.5812
chr1	1051836	1051837	26	0.6073
chr1	1052081	1052082	32	0.551
chr1	1052197	1052198	22	0.5038
chr1	1052257	1052258	40	0.6913
chr1	1052271	1052272	26	0.7371
chr1	1052273	1052274	33	0.8497
chr1	1052381	1052382	26	0.7457
chr1	1052393	1052394	28	0.9342
chr1	1052493	1052494	28	0.8548
chr1	1052593	1052594	34	0.8749
chr1	1052651	1052652	34	0.7465
chr1	1052751	1052752	21	0.6524
chr1	1052851	1052852	36	0.8011
chr1	1052901	1052902	25	0.9645
chr1	1052914	1052915	31	0.8255
chr1	1053228	1053229	26	0.7906
chr1	1053328	1053329	30	0.943
chr1	1053428	1053429	32	0.8495
chr1	1053480	1053481	31	0.8185
chr1	1053514	1053515	31	0.8728
chr1	1053534	1053535	38	0.6746
chr1	1053584	1053585	32	0.6254
chr1	1053684	1053685	25	0.738
chr1	1053751	1053752	21	0.6921
chr1	1053851	1053852	29	0.5961
chr1	1053938	1053939	26	0.8343
chr1	1054112	1054113	29	0.5659
chr1	1054327	1054328	17	0.7115
chr1	1054349	1054350	21	0.7223
chr1	1054383	1054384	28	0.9168
chr1	1054448	1054449	32	0.7498
chr1	1054524	1054525	27	0.9431
chr1	1054574	1054575	30	0.7527
chr1	1054664	1054665	32	0.8358
chr1	1054764	1054765	32	0.7721
chr1	1054817	1054818	31	0.7232
chr1	1054917	1054918	39	0.7581
chr1	1055051	1055052	35	0.6546
chr1	1055206	1055207	36	0.7684
chr1	1055208	1055209	28	0.8113
chr1	1055254	1055255	33	0.6881
chr1	1055293	1055294	18	0.7277
chr1	1055393	1055394	27	0.7473
chr1	1055493	1055494	20	0.8
chr1	1055591	1055592	28	0.894
chr1	1055691	1055692	36	0.8296
chr1	1055766	1055767	26	0.9206
chr1	1056037	1056038	31	0.7796
chr1	1056137	1056138	30	0.6938
chr1	1056237	1056238	26	0.8744
chr1	1056267	1056268	26	0.8331
chr1	1056308	1056309	28	0.1695
chr1	1056387	1056388	39	0.1013
chr1	1056437	1056438	29	0.2231
chr1	1056537	1056538	26	0.2078
chr1	1056587	1056588	26	0.1822
chr1	1056687	1056688	32	0.243
chr1	1056727	1056728	25	0.2611
chr1	1056827	1056828	28	0.0289
chr1	1057005	1057006	36	0.1885
chr1	1057021	1057022	40	0.1774
chr1	1057026	1057027	31	0.1551
chr1	1057126	1057127	26	0.049
chr1	1057176	1057177	31	0.3712
chr1	1057244	1057245	25	0.2102
chr1	1057344	1057345	31	0.0783
chr1	1057418	1057419	34	0.0975
chr1	1057516	1057517	20	0.1315
chr1	1057566	1057567	35	0.0876
chr1	1057996	1057997	36	0.1107
chr1	1058097	1058098	26	0.2963
chr1	1058127	1058128	42	0.1609
chr1	1058131	1058132	29	0.1889
chr1	1058295	1058296	35	0.2545
chr1	1058305	1058306	30	0.1187
chr1	1058385	1058386	32	0.2116
chr1	1058485	1058486	36	0.1714
chr1	1058553	1058554	24	0.1101
chr1	1058563	1058564	30	0.4293
chr1	1058577	1058578	26	0.0863
chr1	1058579	1058580	27	0.2267
chr1	1058615	1058616	29	0.9344
chr1	1058685	1058686	24	1.0
chr1	1058785	1058786	35	1.0
chr1	1058835	1058836	35	0.8491
chr1	1058935	1058936	27	0.7908
chr1	1059012	1059013	22	0.9548
chr1	1059077	1059078	24	0.8826
chr1	1059086	1059087	36	0.6915
chr1	1059257	1059258	37	0.7569
chr1	1059360	1059361	29	0.8481
chr1	1059485	1059486	37	0.8153
chr1	1059519	1059520	26	0.8582
chr1	1059575	1059576	25	0.8727
chr1	1059620	1059621	22	0.8565
chr1	1059720	1059721	26	0.9534
chr1	1059820	1059821	29	0.7561
chr1	1059920	1059921	24	0.8132
chr1	1060016	1060017	34	0.9802
chr1	1060114	1060115	31	0.8547
chr1	1060164	1060165	22	0.8514
chr1	1060214	1060215	32	0.9448
chr1	1060232	1060233	33	0.9451
chr1	1060332	1060333	29	0.926
chr1	1060432	1060433	26	0.9213
chr1	1060629	1060630	30	0.8447
chr1	1060631	1060632	20	0.9457
chr1	1060669	1060670	26	0.6791
chr1	1060769	1060770	29	0.6801
chr1	1060855	1060856	27	0.5259
chr1	1060955	1060956	24	0.7223
chr1	1061055	1061056	32	0.6665
chr1	1061155	1061156	33	0.5552
chr1	1061157	1061158	38	0.7725
chr1	1061533	1061534	29	0.6603
chr1	1061597	1061598	30	0.7283
chr1	1061605	1061606	34	0.7066
chr1	1061705	1061706	30	0.9019
chr1	1061805	1061806	27	0.742
chr1	1061905	1061906	37	0.7792
chr1	1062005	1062006	27	0.8199
chr1	1062089	1062090	30	0.9216
chr1	1062189	1062190	30	0.8304
chr1	1062294	1062295	33	0.7323
chr1	1062402	1062403	33	0.8631
chr1	1062420	1062421	22	0.7815
chr1	1062514	1062515	21	0.8618
chr1	1062538	1062539	29	0.896
chr1	1062562	1062563	27	0.7885
chr1	1062566	1062567	22	0.7463
chr1	1062576	1062577	30	0.7526
chr1	1062686	1062687	25	0.7382
chr1	1062694	1062695	34	0.6956
chr1	1062730	1062731	31	0.8961
chr1	1062817	1062818	36	0.7514
chr1	1062917	1062918	35	0.8805
chr1	1062989	1062990	19	0.6982
chr1	1063089	1063090	25	0.7862
chr1	1063139	1063140	28	0.7543
chr1	1063199	1063200	24	0.7587
chr1	1063354	1063355	35	1.0
chr1	1063455	1063456	23	0.999
chr1	1063479	1063480	29	0.8652
chr1	1063533	1063534	29	0.9253
chr1	1063540	1063541	34	0.5734
chr1	1063590	1063591	31	0.6082
chr1	1063677	1063678	29	0.6159
chr1	1063763	1063764	32	0.7
chr1	1063813	1063814	27	0.6675
chr1	1063863	1063864	23	0.6933
chr1	1063932	1063933	31	0.6472
chr1	1063938	1063939	28	0.8725
chr1	1064044	1064045	28	0.6436
chr1	1064050	1064051	32	0.5542
chr1	1064076	1064077	28	0.7171
chr1	1064078	1064079	28	0.7755
chr1	1064118	1064119	31	0.6742
chr1	1064140	1064141	23	0.6383
chr1	1064402	1064403	37	0.7809
chr1	1064420	1064421	25	0.4735
chr1	1064424	1064425	36	0.6393
chr1	1064469	1064470	25	0.5983
chr1	1064569	1064570	15	0.7336
chr1	1064669	1064670	20	0.602
chr1	1064737	1064738	26	0.8271
chr1	1064826	1064827	19	0.7945
chr1	1064908	1064909	23	0.7561
chr1	1064955	1064956	31	0.7334
chr1	1065101	1065102	29	0.8173
chr1	1065241	1065242	33	0.6166
chr1	1065392	1065393	29	0.7606
chr1	1065430	1065431	32	0.8826
chr1	1065435	1065436	32	0.6801
chr1	1065535	1065536	32	0.6748
chr1	1065635	1065636	25	0.732
chr1	1065735	1065736	25	0.6403
chr1	1065835	1065836	32	0.7224
chr1	1065935	1065936	28	0.7336
chr1	1065979	1065980	33	0.6412
chr1	1066135	1066136	24	0.475
chr1	1066408	1066409	24	0.5703
chr1	1066468	1066469	27	0.4836
chr1	1066726	1066727	28	0.6077
chr1	1066786	1066787	31	0.4781
chr1	1066832	1066833	32	0.7298
chr1	1066906	1066907	36	0.8006
chr1	1066955	1066956	23	0.0224
chr1	1067030	1067031	26	0.1098
chr1	1067080	1067081	33	0.0947
chr1	1067180	1067181	27	0.0598
chr1	1067242	1067243	38	0.0
chr1	1067326	1067327	30	0.2022
chr1	1067391	1067392	29	0.0466
chr1	1067447	1067448	21	0.157
chr1	1067453	1067454	32	0.8128
chr1	1067539	1067540	29	0.8346
chr1	1067623	1067624	25	0.8922
chr1	1067697	1067698	37	0.8029
chr1	1067797	1067798	26	0.76
chr1	1067873	1067874	26	0.8173
chr1	1067973	1067974	36	0.948
chr1	1067980	1067981	29	0.7885
chr1	1068269	1068270	30	0.6563
chr1	1068325	1068326	32	0.8558
chr1	1068343	1068344	23	0.8542
chr1	1068431	1068432	29	0.9233
chr1	1068501	1068502	21	0.9862
chr1	1068601	1068602	39	0.7016
chr1	1068615	1068616	38	0.8542
chr1	1068657	1068658	37	0.9236
chr1	1068679	1068680	26	0.8201
chr1	1068717	1068718	25	0.1488
chr1	1068817	1068818	27	0.2623
chr1	1068871	1068872	31	0.2938
chr1	1068971	1068972	31	0.3445
chr1	1069021	1069022	25	0.2415
chr1	1069108	1069109	27	0.2233
chr1	1069173	1069174	14	0.1283
chr1	1069273	1069274	31	0.1808
chr1	1069373	1069374	21	0.2639
chr1	1069592	1069593	24	0.1945
chr1	1069672	1069673	25	0.2396
chr1	1069676	1069677	36	0.1854
chr1	1069681	1069682	30	0.1131
chr1	1069761	1069762	29	0.3075
chr1	1069835	1069836	26	0.1523
chr1	1069898	1069899	31	0.0576
chr1	1069993	1069994	29	0.1341
chr1	1070062	1070063	26	0.0513
chr1	1070162	1070163	26	0.0
chr1	1070227	1070228	27	0.1847
chr1	1070327	1070328	23	0.2087
chr1	1070483	1070484	24	0.1456
chr1	1070583	1070584	20	0.2287
chr1	1070683	1070684	26	0.0837
chr1	1070701	1070702	33	0.2497
chr1	1070753	1070754	32	0.1211
chr1	1070845	1070846	31	0.2648
chr1	1070849	1070850	26	0.1541
chr1	1070909	1070910	33	0.0823
chr1	1070965	1070966	36	0.2477
chr1	1070969	1070970	33	0.3109
chr1	1071143	1071144	29	0.1734
chr1	1071149	1071150	25	0.1739
chr1	1071177	1071178	34	0.117
chr1	1071205	1071206	24	0.7176
chr1	1071305	1071306	24	0.8798
chr1	1071405	1071406	23	0.8324
chr1	1071505	1071506	27	0.6936
chr1	1071584	1071585	34	0.8994
chr1	1071640	1071641	32	0.78
chr1	1071700	1071701	26	0.7014
chr1	1072081	1072082	29	0.892
chr1	1072181	1072182	23	0.6484
chr1	1072239	1072240	31	0.8696
chr1	1072271	1072272	31	0.6818
chr1	1072294	1072295	36	0.562
chr1	1072392	1072393	30	0.6283
chr1	1072492	1072493	25	0.6436
chr1	1072592	1072593	26	0.6915
chr1	1072692	1072693	34	0.7702
chr1	1072762	1072763	32	0.8307
chr1	1072806	1072807	32	0.7067
chr1	1073164	1073165	24	0.725
chr1	1073286	1073287	32	0.7975
chr1	1073340	1073341	33	0.638
chr1	1073376	1073377	22	0.1555
chr1	1073457	1073458	25	0.3083
chr1	1073557	1073558	34	0.1723
chr1	1073657	1073658	28	0.0191
chr1	1073737	1073738	26	0.1708
chr1	1073820	1073821	36	0.2163
chr1	1073976	1073977	37	0.3166
chr1	1073996	1073997	33	0.2628
chr1	1074000	1074001	38	0.3917
chr1	1074007	1074008	34	0.8065
chr1	1074057	1074058	28	0.8905
chr1	1074157	1074158	34	0.7112
chr1	1074257	1074258	30	0.9235
chr1	1074357	1074358	29	0.874
chr1	1074457	1074458	41	1.0
chr1	1074503	1074504	25	0.839
chr1	1074603	1074604	41	0.8675
chr1	1074703	1074704	28	0.8486
chr1	1074767	1074768	37	0.951
chr1	1074823	1074824	21	0.8141
chr1	1074867	1074868	31	0.9907
chr1	1074889	1074890	27	0.8007
chr1	1075083	1075084	33	0.9955
chr1	1075135	1075136	34	0.63
chr1	1075181	1075182	28	0.7875
chr1	1075188	1075189	31	0.6853
chr1	1075238	1075239	27	0.8094
chr1	1075301	1075302	30	0.7459
chr1	1075388	1075389	23	0.8606
chr1	1075488	1075489	31	0.6548
chr1	1075588	1075589	23	0.8115
chr1	1075631	1075632	42	0.828
chr1	1075828	1075829	27	0.8851
chr1	1075928	1075929	32	0.7246
chr1	1076072	1076073	29	0.6429
chr1	1076150	1076151	29	0.8239
chr1	1076364	1076365	31	0.7085
chr1	1076394	1076395	30	0.7397
chr1	1076400	1076401	29	0.7224
chr1	1076406	1076407	33	0.7983
chr1	1076514	1076515	29	0.8935
chr1	1076526	1076527	29	0.6483
chr1	1076545	1076546	34	0.7653
chr1	1076645	1076646	36	0.9181
chr1	1076745	1076746	26	0.9728
chr1	1076845	1076846	31	0.8731
chr1	1076926	1076927	21	0.8988
chr1	1077015	1077016	31	0.8448
chr1	1077030	1077031	24	0.6782
chr1	1077288	1077289	26	1.0
chr1	1077395	1077396	27	0.9655
chr1	1077453	1077454	25	0.905
chr1	1077479	1077480	24	0.9387
chr1	1077579	1077580	27	0.8503
chr1	1077629	1077630	27	0.8686
chr1	1077729	1077730	23	0.7914
chr1	1077796	1077797	24	0.8346
chr1	1077896	1077897	22	0.7164
chr1	1077971	1077972	28	0.7098
chr1	1078091	1078092	26	0.8441
chr1	1078245	1078246	28	0.8833
chr1	1078345	1078346	31	0.8725
chr1	1078445	1078446	23	0.7833
chr1	1078455	1078456	23	0.8605
chr1	1078459	1078460	31	0.8206
chr1	1078479	1078480	31	0.7163
chr1	1078545	1078546	28	0.9223
chr1	1078645	1078646	24	0.8206
chr1	1078695	1078696	30	0.8889
chr1	1078795	1078796	22	0.8601
chr1	1078868	1078869	24	0.9305
chr1	1078946	1078947	24	0.7027
chr1	1079210	1079211	29	0.8663
chr1	1079256	1079257	37	0.7332
chr1	1079304	1079305	25	0.7759
chr1	1079353	1079354	28	0.0663
chr1	1079437	1079438	31	0.0437
chr1	1079537	1079538	32	0.0484
chr1	1079637	1079638	28	0.2437
chr1	1079687	1079688	28	0.002
chr1	1079778	1079779	30	0.051
chr1	1079822	1079823	33	0.0
chr1	1080075	1080076	31	0.0
chr1	1080286	1080287	29	0.0799
chr1	1080370	1080371	26	0.0624
chr1	1080410	1080411	35	0.7796
chr1	1080460	1080461	32	0.6107
chr1	1080560	1080561	27	0.6382
chr1	1080660	1080661	22	0.7196
chr1	1080760	1080761	23	0.783
chr1	1080860	1080861	26	0.8051
chr1	1080960	1080961	33	0.9328
chr1	1081060	1081061	21	0.6621
chr1	1081061	1081062	27	0.7065
chr1	1081161	1081162	26	0.6258
chr1	1081384	1081385	35	0.7627
chr1	1081540	1081541	34	0.7668
chr1	1081634	1081635	29	0.8729
chr1	1081678	1081679	29	0.7962
chr1	1081733	1081734	29	0.7882
chr1	1081783	1081784	32	0.6578
chr1	1081883	1081884	33	0.7382
chr1	1081933	1081934	27	0.683
chr1	1082033	1082034	28	0.6749
chr1	1082133	1082134	31	0.7834
chr1	1082147	1082148	25	0.7565
chr1	1082247	1082248	28	0.715
chr1	1082347	1082348	34	0.7136
chr1	1082349	1082350	28	0.7048
chr1	1082357	1082358	35	0.7655
chr1	1082422	1082423	37	0.6783
chr1	1082511	1082512	34	0.8162
chr1	1082611	1082612	33	0.6919
chr1	1082711	1082712	27	0.8061
chr1	1082780	1082781	29	0.7948
chr1	1082956	1082957	24	0.7208
chr1	1083252	1083253	32	0.8931
chr1	1083292	1083293	27	0.6523
chr1	1083398	1083399	25	0.5808
chr1	1083424	1083425	21	0.6969
chr1	1083446	1083447	33	0.6495
chr1	1083490	1083491	35	0.8387
chr1	1083590	1083591	27	0.859
chr1	1083640	1083641	27	0.944
chr1	1083690	1083691	25	1.0
chr1	1083790	1083791	26	0.856
chr1	1083840	1083841	18	0.7966
chr1	1083940	1083941	27	0.8046
chr1	1083956	1083957	31	0.7905
chr1	1084213	1084214	34	0.8462
chr1	1084323	1084324	23	0.7805
chr1	1084327	1084328	35	0.849
chr1	1084335	1084336	31	0.8003
chr1	1084382	1084383	24	1.0
chr1	1084482	1084483	22	0.7762
chr1	1084532	1084533	30	0.8928
chr1	1084611	1084612	28	0.9988
chr1	1084661	1084662	31	0.8395
chr1	1084761	1084762	29	0.8253
chr1	1084826	1084827	31	0.7971
chr1	1084926	1084927	26	0.9396
chr1	1085026	1085027	30	0.8055
chr1	1085126	1085127	26	0.9534
chr1	1085170	1085171	25	0.7389
chr1	1085196	1085197	23	0.879
chr1	1085207	1085208	29	0.8704
chr1	1085307	1085308	39	0.7927
chr1	1085407	1085408	20	0.9771
chr1	1085507	1085508	33	1.0
chr1	1085587	1085588	32	0.8336
chr1	1085687	1085688	30	0.8567
chr1	1085749	1085750	36	0.7643
chr1	1086113	1086114	27	0.8308
chr1	1086213	1086214	35	0.8913
chr1	1086233	1086234	21	0.9656
chr1	1086285	1086286	35	0.8077
chr1	1086318	1086319	29	0.9057
chr1	1086411	1086412	24	0.7984
chr1	1086489	1086490	31	0.8063
chr1	1086589	1086590	34	0.7635
chr1	1086689	1086690	30	0.8162
chr1	1086789	1086790	28	0.9067
chr1	1086822	1086823	24	0.8987
chr1	1086922	1086923	31	0.8473
chr1	1087022	1087023	31	0.8069
chr1	1087122	1087123	29	0.8371
chr1	1087258	1087259	44	0.8512
chr1	1087288	1087289	26	0.8927
chr1	1087292	1087293	27	0.8408
chr1	1087322	1087323	32	0.7575
chr1	1087390	1087391	38	0.7171
chr1	1087490	1087491	44	0.6608
chr1	1087568	1087569	31	0.6913
chr1	1087618	1087619	24	0.7835
chr1	1087700	1087701	30	0.7559
chr1	1087794	1087795	35	0.9182
chr1	1087894	1087895	35	0.7253
chr1	1087994	1087995	34	0.7704
chr1	1088094	1088095	36	0.6567
chr1	1088122	1088123	37	0.7784
chr1	1088156	1088157	40	0.6705
chr1	1088256	1088257	25	0.5949
chr1	1088309	1088310	30	0.7086
chr1	1088409	1088410	39	0.6462
chr1	1088472	1088473	32	0.6644
chr1	1088572	1088573	34	0.7339
chr1	1088654	1088655	24	0.7247
chr1	1088754	1088755	23	0.6208
chr1	1088888	1088889	23	0.6935
chr1	1089005	1089006	30	0.6454
chr1	1089039	1089040	29	0.4996
chr1	1089045	1089046	31	0.0859
chr1	1089145	1089146	31	0.153
chr1	1089245	1089246	26	0.0674
chr1	1089300	1089301	41	0.2797
chr1	1089392	1089393	23	0.1277
chr1	1089491	1089492	25	0.0364
chr1	1089542	1089543	21	0.0524
chr1	1089646	1089647	27	0.199
chr1	1089835	1089836	26	0.1828
chr1	1089989	1089990	17	0.1405
chr1	1090021	1090022	25	0.1906
chr1	1090079	1090080	26	0.1064
chr1	1090083	1090084	30	0.1247
chr1	1090157	1090158	29	0.1169
chr1	1090213	1090214	38	0.1279
chr1	1090249	1090250	19	0.0406
chr1	1090313	1090314	25	0.1346
chr1	1090391	1090392	30	0.2201
chr1	1090423	1090424	40	0.0339
chr1	1090448	1090449	26	0.6484
chr1	1090548	1090549	21	0.8572
chr1	1090639	1090640	23	0.7078
chr1	1090689	1090690	23	0.7513
chr1	1090789	1090790	28	0.6094
chr1	1090889	1090890	28	0.7254
chr1	1090978	1090979	30	0.5915
chr1	1091478	1091479	39	0.8701
chr1	1091514	1091515	31	0.759
chr1	1091541	1091542	32	0.6561
chr1	1091641	1091642	29	0.6077
chr1	1091741	1091742	29	0.4899
chr1	1091801	1091802	34	0.5534
chr1	1091901	1091902	24	0.6544
chr1	1091999	1092000	41	0.6196
chr1	1092380	1092381	31	0.8295
chr1	1092402	1092403	34	0.6772
chr1	1092422	1092423	32	0.5694
chr1	1092451	1092452	31	0.9396
chr1	1092537	1092538	38	0.8437
chr1	1092636	1092637	32	0.8699
chr1	1092716	1092717	32	0.8571
chr1	1092778	1092779	29	0.7772
chr1	1092850	1092851	27	0.7283
chr1	1092919	1092920	27	0.9084
chr1	1092979	1092980	31	0.9131
chr1	1093176	1093177	25	0.8125
chr1	1093276	1093277	28	0.8732
chr1	1093506	1093507	35	0.8682
chr1	1093570	1093571	28	0.9405
chr1	1093606	1093607	31	0.9259
chr1	1093696	1093697	23	0.8693
chr1	1093756	1093757	37	0.7185
chr1	1093828	1093829	33	0.7974
chr1	1093878	1093879	31	0.9698
chr1	1093978	1093979	29	0.8336
chr1	1094042	1094043	23	0.6726
chr1	1094061	1094062	32	0.8403
chr1	1094161	1094162	32	0.8834
chr1	1094285	1094286	31	0.8597
chr1	1094419	1094420	31	0.9759
chr1	1094427	1094428	31	0.8857
chr1	1094487	1094488	23	0.8927
chr1	1094496	1094497	37	0.8831
chr1	1094596	1094597	27	0.5847
chr1	1094672	1094673	27	0.575
chr1	1094772	1094773	27	0.6689
chr1	1094853	1094854	31	0.8501
chr1	1094908	1094909	43	0.6744
chr1	1094958	1094959	33	0.7294
chr1	1094972	1094973	32	0.8375
chr1	1095149	1095150	29	0.7543
chr1	1095329	1095330	23	0.7748
chr1	1095341	1095342	40	0.6448
chr1	1095415	1095416	36	0.5616
chr1	1095417	1095418	29	0.553
chr1	1095447	1095448	34	0.7623
chr1	1095605	1095606	23	0.6964
chr1	1095614	1095615	24	0.0728
chr1	1095673	1095674	33	0.2617
chr1	1095758	1095759	26	0.1207
chr1	1095858	1095859	29	0.0
chr1	1095958	1095959	30	0.0
chr1	1096008	1096009	29	0.1827
chr1	1096092	1096093	34	0.0934
chr1	1096272	1096273	26	0.1392
chr1	1096432	1096433	26	0.0821
chr1	1096498	1096499	29	0.1673
chr1	1096638	1096639	23	0.083
chr1	1096746	1096747	32	0.0739
chr1	1096790	1096791	33	0.2318
chr1	1096842	1096843	23	0.08
chr1	1096878	1096879	27	0.0869
chr1	1096916	1096917	22	0.1059
chr1	1096943	1096944	29	0.0205
chr1	1097043	1097044	26	0.1743
chr1	1097143	1097144	22	0.0765
chr1	1097193	1097194	29	0.0612
chr1	1097243	1097244	36	0.0
chr1	1097343	1097344	32	0.0248
chr1	1097411	1097412	28	0.1106
chr1	1097464	1097465	27	0.0567
chr1	1097602	1097603	30	0.0471
chr1	1097702	1097703	33	0.1031
chr1	1097749	1097750	30	0.0657
chr1	1097801	1097802	32	0.0816
chr1	1097901	1097902	28	0.06
chr1	1097969	1097970	30	0.1064
chr1	1098048	1098049	32	0.0542
chr1	1098148	1098149	20	0.0
chr1	1098212	1098213	33	0.0
chr1	1098284	1098285	27	0.0605
chr1	1098665	1098666	25	0.0
chr1	1098701	1098702	35	0.1214
chr1	1098743	1098744	30	0.1704
chr1	1098750	1098751	26	0.6654
chr1	1098800	1098801	32	0.83
chr1	1098850	1098851	35	0.719
chr1	1098947	1098948	25	0.8521
chr1	1099032	1099033	30	0.7488
chr1	1099132	1099133	29	0.5901
chr1	1099182	1099183	44	0.8056
chr1	1099261	1099262	23	0.7012
chr1	1099308	1099309	34	0.7908
chr1	1099487	1099488	31	0.5298
chr1	1099587	1099588	32	0.74
chr1	1099687	1099688	31	0.6122
chr1	1099787	1099788	23	0.702
chr1	1099877	1099878	41	0.5833
chr1	1100005	1100006	32	0.5996
chr1	1100147	1100148	33	0.7678
chr1	1100155	1100156	23	0.7831
chr1	1100255	1100256	23	0.6832
chr1	1100269	1100270	24	0.8255
chr1	1100310	1100311	32	0.785
chr1	1100407	1100408	25	0.6686
chr1	1100507	1100508	30	0.7608
chr1	1100607	1100608	37	0.7607
chr1	1100657	1100658	37	0.7424
chr1	1100747	1100748	24	0.7828
chr1	1100847	1100848	27	0.6941
chr1	1100883	1100884	35	0.6974
chr1	1101037	1101038	21	0.8824
chr1	1101137	1101138	37	0.7132
chr1	1101237	1101238	21	0.7387
chr1	1101337	1101338	35	0.834
chr1	1101383	1101384	33	0.6894
chr1	1101437	1101438	20	0.7256
chr1	1101452	1101453	29	0.2023
chr1	1101552	1101553	18	0.0535
chr1	1101652	1101653	28	0.2402
chr1	1101752	1101753	36	0.0939
chr1	1101852	1101853	27	0.1336
chr1	1101952	1101953	37	0.1128
chr1	1102007	1102008	32	0.1571
chr1	1102128	1102129	31	0.0183
chr1	1102228	1102229	26	0.09
chr1	1102384	1102385	34	0.048
chr1	1102504	1102505	18	0.0879
chr1	1102568	1102569	38	0.0462
chr1	1102602	1102603	30	0.0704
chr1	1102642	1102643	36	0.7839
chr1	1102742	1102743	19	0.6414
chr1	1102835	1102836	36	0.6922
chr1	1102935	1102936	34	0.7287
chr1	1103035	1103036	30	0.8012
chr1	1103110	1103111	30	0.8165
chr1	1103144	1103145	29	0.7533
chr1	1103244	1103245	30	0.7113
chr1	1103381	1103382	28	0.8056
chr1	1103431	1103432	30	0.581
chr1	1103465	1103466	26	0.7353
chr1	1103511	1103512	39	0.9779
chr1	1103584	1103585	30	0.9282
chr1	1103634	1103635	29	0.9162
chr1	1103731	1103732	25	0.8147
chr1	1103788	1103789	22	0.9589
chr1	1103888	1103889	28	0.8525
chr1	1103948	1103949	35	0.8312
chr1	1103966	1103967	28	0.9982
chr1	1104066	1104067	28	0.8869
chr1	1104333	1104334	32	0.9844
chr1	1104425	1104426	24	0.8921
chr1	1104447	1104448	29	0.0
chr1	1104547	1104548	28	0.0609
chr1	1104647	1104648	36	0.0612
chr1	1104747	1104748	34	0.0
chr1	1104797	1104798	27	0.0
chr1	1104847	1104848	32	0.0672
chr1	1104947	1104948	31	0.0592
chr1	1104975	1104976	28	0.003
chr1	1105075	1105076	30	0.1243
chr1	1105176	1105177	31	0.097
chr1	1105370	1105371	42	0.0
chr1	1105400	1105401	34	0.0931
chr1	1105405	1105406	23	0.1485
chr1	1105505	1105506	18	0.1357
chr1	1105605	1105606	20	0.1514
chr1	1105655	1105656	26	0.0
chr1	1105755	1105756	37	0.1125
chr1	1105855	1105856	37	0.0811
chr1	1105955	1105956	29	0.0823
chr1	1105994	1105995	30	0.0404
chr1	1106181	1106182	31	0.0651
chr1	1106283	1106284	33	0.1646
chr1	1106394	1106395	27	0.0974
chr1	1106498	1106499	25	0.0889
chr1	1106580	1106581	28	0.0726
chr1	1106582	1106583	28	0.2191
chr1	1106586	1106587	29	0.22
chr1	1106624	1106625	22	0.1217
chr1	1106716	1106717	35	0.1843
chr1	1106894	1106895	22	0.0988
chr1	1106910	1106911	26	0.1219
chr1	1106948	1106949	28	0.1829
chr1	1106966	1106967	30	0.0141
chr1	1106992	1106993	35	0.2046
chr1	1107002	1107003	30	0.1177
chr1	1107052	1107053	28	0.1271
chr1	1107152	1107153	30	0.0406
chr1	1107252	1107253	31	0.0379
chr1	1107352	1107353	40	0.1214
chr1	1107447	1107448	36	0.1588
chr1	1107507	1107508	35	0.1578
chr1	1107680	1107681	33	0.1715
chr1	1107780	1107781	31	0.1029
chr1	1107901	1107902	25	0.1352
chr1	1107925	1107926	32	0.1267
chr1	1108039	1108040	27	0.1671
chr1	1108119	1108120	22	0.0405
chr1	1108217	1108218	26	0.087
chr1	1108235	1108236	18	0.0921
chr1	1108389	1108390	36	0.0833
chr1	1108398	1108399	34	0.8813
chr1	1108471	1108472	38	0.9311
chr1	1108561	1108562	28	0.7952
chr1	1108619	1108620	31	0.7971
chr1	1108706	1108707	28	0.8188
chr1	1108806	1108807	22	0.7756
chr1	1108861	1108862	32	0.7676
chr1	1109171	1109172	25	0.9875
chr1	1109271	1109272	31	0.8611
chr1	1109335	1109336	31	0.9354
chr1	1109379	1109380	30	0.6691
chr1	1109577	1109578	26	0.7343
chr1	1109585	1109586	39	0.8761
chr1	1109667	1109668	29	0.8181
chr1	1109687	1109688	28	0.7955
chr1	1109723	1109724	28	0.8957
chr1	1109733	1109734	30	0.7521
chr1	1109783	1109784	26	0.7976
chr1	1109883	1109884	29	0.7445
chr1	1109933	1109934	30	0.8066
chr1	1110033	1110034	31	0.8561
chr1	1110133	1110134	28	0.837
chr1	1110193	1110194	29	0.7393
chr1	1110252	1110253	24	0.8505
chr1	1110352	1110353	34	0.7667
chr1	1110452	1110453	27	0.9042
chr1	1110588	1110589	25	0.8726
chr1	1110729	1110730	28	0.761
chr1	1110753	1110754	28	0.7513
chr1	1110869	1110870	30	0.8467
chr1	1110979	1110980	28	0.9463
chr1	1110989	1110990	32	0.8924
chr1	1111137	1111138	36	0.8125
chr1	1111173	1111174	37	0.8731
chr1	1111201	1111202	31	0.842
chr1	1111211	1111212	31	1.0
chr1	1111311	1111312	32	0.9411
chr1	1111388	1111389	33	0.9105
chr1	1111488	1111489	27	0.7653
chr1	1111588	1111589	26	0.8995
chr1	1111666	1111667	31	1.0
chr1	1111766	1111767	34	0.8378
chr1	1111881	1111882	24	0.9608
chr1	1112116	1112117	33	1.0
chr1	1112120	1112121	34	0.9014
chr1	1112194	1112195	33	0.9344
chr1	1112260	1112261	30	0.9797
chr1	1112288	1112289	34	0.8498
chr1	1112446	1112447	23	0.7468
chr1	1112452	1112453	36	0.898
chr1	1112488	1112489	35	0.8562
chr1	1112528	1112529	15	0.8446
chr1	1112536	1112537	18	0.9032
chr1	1112555	1112556	37	0.7948
chr1	1112638	1112639	21	0.9764
chr1	1112693	1112694	25	0.84
chr1	1112749	1112750	30	0.7473
chr1	1112849	1112850	27	1.0
chr1	1112949	1112950	26	0.8755
chr1	1113049	1113050	35	0.9063
chr1	1113097	1113098	31	0.744
chr1	1113597	1113598	33	0.859
chr1	1113639	1113640	28	0.8588
chr1	1113666	1113667	37	1.0
chr1	1113716	1113717	35	1.0
chr1	1113777	1113778	41	0.9934
chr1	1113877	1113878	24	0.9718
chr1	1113927	1113928	14	0.9058
chr1	1113981	1113982	33	1.0
chr1	1114081	1114082	24	0.8324
chr1	1114131	1114132	32	0.9902
chr1	1114135	1114136	26	0.9385
chr1	1114267	1114268	27	0.95
chr1	1114497	1114498	30	1.0
chr1	1114583	1114584	30	0.8968
chr1	1114591	1114592	26	0.8131
chr1	1114596	1114597	32	0.6284
chr1	1114646	1114647	34	0.6103
chr1	1114744	1114745	28	0.6932
chr1	1114804	1114805	35	0.7344
chr1	1114874	1114875	26	0.704
chr1	1114974	1114975	39	0.8026
chr1	1115074	1115075	36	0.7211
chr1	1115097	1115098	31	0.5888
chr1	1115255	1115256	24	0.5529
chr1	1115419	1115420	26	0.5913
chr1	1115601	1115602	27	0.582
chr1	1115743	1115744	36	0.7562
chr1	1115745	1115746	33	0.8755
chr1	1115885	1115886	32	0.49
chr1	1115905	1115906	24	0.629
chr1	1115927	1115928	26	0.0128
chr1	1116027	1116028	29	0.1561
chr1	1116077	1116078	24	0.1295
chr1	1116177	1116178	24	0.0965
chr1	1116277	1116278	29	0.0801
chr1	1116377	1116378	32	0.0734
chr1	1116407	1116408	25	0.1032
chr1	1116541	1116542	31	0.0
chr1	1116755	1116756	31	0.0
chr1	1116797	1116798	25	0.0957
chr1	1116813	1116814	28	0.113
chr1	1116842	1116843	27	0.8558
chr1	1116942	1116943	34	0.5408
chr1	1117042	1117043	30	0.7951
chr1	1117142	1117143	29	0.7746
chr1	1117229	1117230	24	0.7702
chr1	1117527	1117528	23	0.6002
chr1	1117567	1117568	40	0.5773
chr1	1117615	1117616	35	0.7229
chr1	1117653	1117654	24	0.6703
chr1	1117753	1117754	33	0.8073
chr1	1117843	1117844	31	0.7413
chr1	1117943	1117944	38	0.7251
chr1	1118001	1118002	32	0.6911
chr1	1118101	1118102	26	0.6344
chr1	1118129	1118130	31	0.8422
chr1	1118355	1118356	31	0.6989
chr1	1118557	1118558	34	0.6839
chr1	1118577	1118578	36	0.7964
chr1	1118618	1118619	34	0.7252
chr1	1118718	1118719	27	0.6827
chr1	1118818	1118819	45	0.715
chr1	1118918	1118919	29	0.7627
chr1	1119018	1119019	37	0.702
chr1	1119080	1119081	27	0.7862
chr1	1119090	1119091	31	0.6909
chr1	1119420	1119421	36	0.6317
chr1	1119464	1119465	40	0.781
chr1	1119480	1119481	35	0.6626
chr1	1119494	1119495	27	0.6244
chr1	1119573	1119574	28	0.686
chr1	1119629	1119630	33	0.6241
chr1	1119729	1119730	35	0.7996
chr1	1119813	1119814	35	0.6915
chr1	1119913	1119914	23	0.5928
chr1	1119984	1119985	28	0.698
chr1	1120280	1120281	29	0.5965
chr1	1120380	1120381	29	0.6727
chr1	1120460	1120461	28	0.6459
chr1	1120498	1120499	32	0.2545
chr1	1120594	1120595	36	0.4191
chr1	1120694	1120695	36	0.1383
chr1	1120794	1120795	24	0.0233
chr1	1120894	1120895	24	0.0544
chr1	1120944	1120945	26	0.2354
chr1	1121031	1121032	37	0.0645
chr1	1121175	1121176	25	0.2061
chr1	1121536	1121537	33	0.3111
chr1	1121572	1121573	41	0.2406
chr1	1121574	1121575	28	0.273
chr1	1121601	1121602	32	0.6112
chr1	1121701	1121702	26	0.7522
chr1	1121801	1121802	27	0.7227
chr1	1121851	1121852	32	0.8283
chr1	1121914	1121915	35	0.8934
chr1	1121964	1121965	38	0.711
chr1	1122064	1122065	38	0.6581
chr1	1122077	1122078	25	0.7572
chr1	1122177	1122178	30	0.7415
chr1	1122520	1122521	28	0.7012
chr1	1122586	1122587	21	0.7236
chr1	1122612	1122613	33	0.7094
chr1	1122637	1122638	23	0.0734
chr1	1122737	1122738	32	0.06
chr1	1122837	1122838	30	0.059
chr1	1122937	1122938	29	0.0358
chr1	1123037	1123038	31	0.1725
chr1	1123122	1123123	27	0.1104
chr1	1123153	1123154	30	0.0585
chr1	1123358	1123359	26	0.0552
chr1	1123458	1123459	35	0.0059
chr1	1123645	1123646	31	0.0622
chr1	1123673	1123674	31	0.1673
chr1	1123739	1123740	31	0.106
chr1	1123762	1123763	39	0.7383
chr1	1123812	1123813	31	0.7472
chr1	1123892	1123893	29	0.7014
chr1	1123992	1123993	24	0.827
chr1	1124092	1124093	18	0.8538
chr1	1124192	1124193	26	0.8284
chr1	1124212	1124213	27	0.7709
chr1	1124312	1124313	27	0.8436
chr1	1124640	1124641	32	0.8521
chr1	1124720	1124721	22	0.8057
chr1	1124730	1124731	34	0.6583
chr1	1124755	1124756	25	0.785
chr1	1124809	1124810	29	0.8756
chr1	1124909	1124910	29	0.7972
chr1	1124980	1124981	28	0.9935
chr1	1125080	1125081	37	0.9591
chr1	1125171	1125172	34	0.9249
chr1	1125271	1125272	23	0.8293
chr1	1125327	1125328	22	0.92
chr1	1125332	1125333	31	0.6678
chr1	1125471	1125472	34	0.6533
chr1	1125626	1125627	27	0.7486
chr1	1125794	1125795	29	0.7509
chr1	1125894	1125895	30	0.9777
chr1	1125934	1125935	31	0.7535
chr1	1125978	1125979	28	0.0853
chr1	1126038	1126039	36	0.0447
chr1	1126122	1126123	26	0.073
chr1	1126222	1126223	34	0.2895
chr1	1126294	1126295	26	0.1191
chr1	1126394	1126395	22	0.148
chr1	1126469	1126470	27	0.1174
chr1	1126873	1126874	30	0.0932
chr1	1126879	1126880	29	0.2831
chr1	1126933	1126934	33	0.2382
chr1	1126957	1126958	31	0.7924
chr1	1127033	1127034	32	0.8604
chr1	1127133	1127134	30	0.9029
chr1	1127191	1127192	34	0.8911
chr1	1127291	1127292	28	0.8561
chr1	1127391	1127392	29	0.8843
chr1	1127468	1127469	24	0.7417
chr1	1127719	1127720	28	0.9597
chr1	1127882	1127883	23	0.913
chr1	1127944	1127945	27	0.9324
chr1	1127965	1127966	31	0.5777
chr1	1128065	1128066	23	0.179
chr1	1128165	1128166	27	0.972
chr1	1128265	1128266	31	0.3954
chr1	1128315	1128316	34	1.0
chr1	1128415	1128416	32	0.6276
chr1	1128436	1128437	29	0.234
chr1	1128536	1128537	27	0.311
chr1	1128636	1128637	25	0.9921
chr1	1128736	1128737	26	0.4025
chr1	1128879	1128880	22	0.9107
chr1	1128951	1128952	31	0.7564
chr1	1128959	1128960	24	0.3952
chr1	1129005	1129006	33	0.2693
chr1	1129105	1129106	28	0.0072
chr1	1129205	1129206	30	0.2672
chr1	1129296	1129297	27	0.2722
chr1	1129346	1129347	28	0.0253
chr1	1129446	1129447	30	0.162
chr1	1129546	1129547	29	0.227
chr1	1129556	1129557	34	0.1077
chr1	1129656	1129657	38	0.1718
chr1	1129756	1129757	28	0.0286
chr1	1129948	1129949	28	0.1009
chr1	1129984	1129985	33	0.0936
chr1	1130012	1130013	30	0.8841
chr1	1130066	1130067	21	0.9838
chr1	1130158	1130159	28	0.9035
chr1	1130208	1130209	21	0.866
chr1	1130308	1130309	29	0.624
chr1	1130408	1130409	28	0.8152
chr1	1130505	1130506	28	0.7649
chr1	1130521	1130522	19	0.8406
chr1	1130724	1130725	30	0.7929
chr1	1130874	1130875	26	0.7152
chr1	1130942	1130943	33	0.9361
chr1	1130990	1130991	27	0.7908
chr1	1131090	1131091	25	0.7528
chr1	1131167	1131168	26	0.6429
chr1	1131267	1131268	34	0.6609
chr1	1131367	1131368	37	0.7961
chr1	1131467	1131468	21	0.8683
chr1	1131477	1131478	23	0.7144
chr1	1131679	1131680	31	0.8728
chr1	1131723	1131724	35	0.7157
chr1	1131735	1131736	40	0.7372
chr1	1131757	1131758	33	0.7434
chr1	1131857	1131858	36	0.8487
chr1	1131957	1131958	34	0.8743
chr1	1132057	1132058	35	0.9532
chr1	1132116	1132117	31	0.9544
chr1	1132200	1132201	36	0.7094
chr1	1132201	1132202	31	0.9673
chr1	1132433	1132434	35	0.953
chr1	1132519	1132520	24	0.8732
chr1	1132524	1132525	32	0.6865
chr1	1132624	1132625	30	1.0
chr1	1132677	1132678	30	0.903
chr1	1132777	1132778	22	0.8425
chr1	1132830	1132831	30	0.7632
chr1	1132930	1132931	41	0.8577
chr1	1133010	1133011	28	0.9326
chr1	1133110	1133111	35	0.8971
chr1	1133231	1133232	23	0.963
chr1	1133333	1133334	29	0.927
chr1	1133466	1133467	39	0.8618
chr1	1133508	1133509	37	0.6651
chr1	1133518	1133519	32	0.9281
chr1	1133536	1133537	18	0.7924
chr1	1133916	1133917	35	0.7559
chr1	1133936	1133937	32	0.8582
chr1	1133942	1133943	36	0.6
chr1	1134021	1134022	36	0.797
chr1	1134121	1134122	27	0.666
chr1	1134214	1134215	36	0.7372
chr1	1134314	1134315	22	0.6618
chr1	1134414	1134415	34	0.7816
chr1	1134470	1134471	32	0.5987
chr1	1134970	1134971	23	0.8705
chr1	1135084	1135085	23	0.8605
chr1	1135088	1135089	32	0.6784
chr1	1135100	1135101	18	0.7855
chr1	1135130	1135131	30	0.8194
chr1	1135156	1135157	39	0.6819
chr1	1135160	1135161	27	0.5769
chr1	1135184	1135185	31	0.9054
chr1	1135194	1135195	25	0.823
chr1	1135238	1135239	25	0.6371
chr1	1135316	1135317	33	0.8692
chr1	1135322	1135323	25	0.8402
chr1	1135377	1135378	33	0.9079
chr1	1135443	1135444	33	0.7905
chr1	1135543	1135544	25	0.8143
chr1	1135643	1135644	30	0.8614
chr1	1135729	1135730	29	0.8644
chr1	1135782	1135783	30	0.953
chr1	1135841	1135842	32	1.0
chr1	1135895	1135896	27	0.8008
chr1	1135995	1135996	32	0.8717
chr1	1136136	1136137	31	0.9093
chr1	1136331	1136332	37	0.8673
chr1	1136431	1136432	28	0.8799
chr1	1136441	1136442	21	0.7501
chr1	1136499	1136500	28	0.9079
chr1	1136603	1136604	31	0.8783
chr1	1136657	1136658	42	0.776
chr1	1136695	1136696	26	0.7815
chr1	1136707	1136708	34	0.857
chr1	1136765	1136766	35	0.8793
chr1	1136893	1136894	29	0.9648
chr1	1136901	1136902	34	0.9193
chr1	1136916	1136917	23	0.881
chr1	1136939	1136940	33	0.9525
chr1	1136957	1136958	33	0.8629
chr1	1137004	1137005	27	0.9118
chr1	1137023	1137024	31	0.8507
chr1	1137073	1137074	28	0.86
chr1	1137109	1137110	33	0.754
chr1	1137152	1137153	32	0.6757
chr1	1137202	1137203	17	0.9039
chr1	1137233	1137234	34	0.7395
chr1	1137248	1137249	22	0.8475
chr1	1137278	1137279	26	0.8264
chr1	1137316	1137317	24	0.7746
chr1	1137364	1137365	28	0.8903
chr1	1137397	1137398	32	0.9324
chr1	1137404	1137405	18	0.8733
chr1	1137504	1137505	25	0.8033
chr1	1137640	1137641	36	0.8381
chr1	1137740	1137741	26	0.7264
chr1	1137840	1137841	31	0.9337
chr1	1137856	1137857	17	0.7187
chr1	1137924	1137925	37	0.8146
chr1	1137968	1137969	31	0.8546
chr1	1138036	1138037	36	0.9567
chr1	1138086	1138087	38	0.8251
chr1	1138094	1138095	30	0.806
chr1	1138118	1138119	32	0.8687
chr1	1138126	1138127	30	0.9412
chr1	1138136	1138137	32	0.6197
chr1	1138236	1138237	28	0.7613
chr1	1138336	1138337	26	0.684
chr1	1138436	1138437	18	0.6691
chr1	1138527	1138528	30	0.6633
chr1	1138591	1138592	24	0.7747
chr1	1138919	1138920	31	0.7837
chr1	1139020	1139021	20	0.6441
chr1	1139052	1139053	29	0.7145
chr1	1139058	1139059	28	0.8336
chr1	1139140	1139141	34	0.8257
chr1	1139204	1139205	36	0.6644
chr1	1139206	1139207	32	0.6709
chr1	1139276	1139277	29	0.9242
chr1	1139302	1139303	29	0.6158
chr1	1139366	1139367	28	0.7735
chr1	1139370	1139371	30	0.767
chr1	1139420	1139421	28	0.9545
chr1	1139435	1139436	22	0.8121
chr1	1139486	1139487	20	0.733
chr1	1139586	1139587	36	0.8056
chr1	1139686	1139687	35	0.8536
chr1	1139765	1139766	35	0.8965
chr1	1139836	1139837	36	0.9219
chr1	1139875	1139876	19	0.7074
chr1	1139925	1139926	24	0.9452
chr1	1139966	1139967	29	0.114
chr1	1140022	1140023	29	0.082
chr1	1140122	1140123	36	0.0728
chr1	1140177	1140178	28	0.086
chr1	1140246	1140247	32	0.0
chr1	1140332	1140333	30	0.0846
chr1	1140382	1140383	26	0.0998
chr1	1140436	1140437	23	0.0893
chr1	1140474	1140475	36	0.0586
chr1	1140591	1140592	29	0.1336
chr1	1140749	1140750	25	0.0401
chr1	1140868	1140869	35	0.1268
chr1	1140940	1140941	32	0.0556
chr1	1140952	1140953	35	0.1246
chr1	1141001	1141002	35	0.8746
chr1	1141101	1141102	26	0.8717
chr1	1141201	1141202	30	0.8227
chr1	1141301	1141302	26	0.7467
chr1	1141378	1141379	40	0.8923
chr1	1141428	1141429	29	0.8608
chr1	1141478	1141479	37	0.7814
chr1	1141498	1141499	31	0.8757
chr1	1141660	1141661	28	0.9591
chr1	1141760	1141761	26	0.9022
chr1	1141873	1141874	30	0.8296
chr1	1141973	1141974	36	0.8759
chr1	1141995	1141996	26	0.8403
chr1	1142023	1142024	33	0.8605
chr1	1142032	1142033	27	0.7834
chr1	1142132	1142133	27	0.8751
chr1	1142232	1142233	34	0.893
chr1	1142290	1142291	26	0.9145
chr1	1142342	1142343	23	0.9383
chr1	1142442	1142443	28	0.9186
chr1	1142492	1142493	28	0.8158
chr1	1142541	1142542	35	0.9761
chr1	1143041	1143042	30	0.8798
chr1	1143081	1143082	28	0.8181
chr1	1143123	1143124	27	0.895
chr1	1143255	1143256	26	0.9564
chr1	1143367	1143368	30	0.8921
chr1	1143373	1143374	26	0.7505
chr1	1143379	1143380	28	0.7362
chr1	1143435	1143436	35	0.9649
chr1	1143471	1143472	28	0.904
chr1	1143552	1143553	32	0.6633
chr1	1143610	1143611	22	0.837
chr1	1143710	1143711	30	0.9066
chr1	1143810	1143811	31	0.8957
chr1	1143860	1143861	27	0.7931
chr1	1143960	1143961	23	0.615
chr1	1143961	1143962	35	0.791
chr1	1144071	1144072	29	0.6918
chr1	1144416	1144417	32	0.7149
chr1	1144448	1144449	23	0.7843
chr1	1144516	1144517	24	0.709
chr1	1144554	1144555	29	0.7404
chr1	1144654	1144655	28	0.8626
chr1	1144754	1144755	34	0.6968
chr1	1144847	1144848	31	0.7894
chr1	1144918	1144919	20	0.5273
chr1	1145015	1145016	28	0.8957
chr1	1145048	1145049	25	0.6588
chr1	1145148	1145149	30	0.6548
chr1	1145282	1145283	28	0.8875
chr1	1145382	1145383	28	0.8548
chr1	1145482	1145483	31	0.8266
chr1	1145546	1145547	30	0.8296
chr1	1145580	1145581	32	0.6052
chr1	1145613	1145614	21	0.7894
chr1	1145713	1145714	35	0.6024
chr1	1145813	1145814	27	0.697
chr1	1145874	1145875	32	0.7703
chr1	1145959	1145960	26	0.6217
chr1	1146028	1146029	35	0.6729
chr1	1146128	1146129	32	0.6018
chr1	1146156	1146157	30	0.6769
chr1	1146256	1146257	21	0.6517
chr1	1146342	1146343	26	0.7472
chr1	1146380	1146381	37	0.8804
chr1	1146465	1146466	30	0.6655
chr1	1146530	1146531	34	0.6709
chr1	1146580	1146581	27	0.8147
chr1	1146679	1146680	28	0.8455
chr1	1146745	1146746	27	0.7452
chr1	1146845	1146846	26	0.8253
chr1	1146879	1146880	32	0.7059
chr1	1147050	1147051	28	0.8509
chr1	1147054	1147055	25	0.8005
chr1	1147092	1147093	24	0.7739
chr1	1147142	1147143	31	0.7151
chr1	1147223	1147224	24	0.7346
chr1	1147323	1147324	40	0.838
chr1	1147423	1147424	32	0.8793
chr1	1147473	1147474	35	0.7702
chr1	1147543	1147544	21	0.879
chr1	1147621	1147622	26	0.7321
chr1	1147721	1147722	33	0.9627
chr1	1147821	1147822	30	0.8938
chr1	1147921	1147922	27	0.8093
chr1	1148021	1148022	35	0.7674
chr1	1148091	1148092	30	0.8441
chr1	1148114	1148115	28	0.776
chr1	1148207	1148208	26	0.8426
chr1	1148257	1148258	33	0.5832
chr1	1148318	1148319	35	0.6535
chr1	1148368	1148369	32	0.7563
chr1	1148468	1148469	32	0.828
chr1	1148518	1148519	38	0.8364
chr1	1148560	1148561	25	0.6975
chr1	1148783	1148784	24	0.7402
chr1	1148912	1148913	24	0.7861
chr1	1148928	1148929	23	0.7824
chr1	1148960	1148961	26	0.6267
chr1	1149060	1149061	28	0.812
chr1	1149110	1149111	33	0.6046
chr1	1149186	1149187	35	0.6837
chr1	1149286	1149287	29	0.7315
chr1	1149386	1149387	30	0.7584
chr1	1149430	1149431	25	0.7122
chr1	1149530	1149531	25	0.7282
chr1	1149771	1149772	28	0.7415
chr1	1149845	1149846	34	0.723
chr1	1149864	1149865	32	0.0923
chr1	1149964	1149965	28	0.3163
chr1	1150015	1150016	29	0.1872
chr1	1150115	1150116	27	0.1884
chr1	1150215	1150216	37	0.2046
chr1	1150300	1150301	26	0.27
chr1	1150413	1150414	30	0.1834
chr1	1150603	1150604	28	0.1213
chr1	1150663	1150664	31	0.2077
chr1	1150703	1150704	30	0.1687
chr1	1150724	1150725	31	0.7782
chr1	1150798	1150799	36	0.3571
chr1	1150872	1150873	33	0.4636
chr1	1150972	1150973	28	0.4721
chr1	1151072	1151073	37	0.9535
chr1	1151122	1151123	29	0.8358
chr1	1151222	1151223	32	0.5791
chr1	1151276	1151277	36	0.6556
chr1	1151398	1151399	25	0.4468
chr1	1151498	1151499	34	0.4959
chr1	1151598	1151599	27	0.6836
chr1	1151698	1151699	34	0.951
chr1	1151865	1151866	29	0.8486
chr1	1151904	1151905	33	0.7253
chr1	1152004	1152005	30	0.7631
chr1	1152104	1152105	31	0.7065
chr1	1152204	1152205	27	0.7764
chr1	1152304	1152305	29	0.6558
chr1	1152354	1152355	27	0.815
chr1	1152405	1152406	21	0.7863
chr1	1152640	1152641	26	0.8308
chr1	1152748	1152749	25	0.6858
chr1	1152780	1152781	29	0.6599
chr1	1152829	1152830	35	0.9795
chr1	1152879	1152880	26	0.7338
chr1	1152979	1152980	36	0.8661
chr1	1153029	1153030	27	0.9624
chr1	1153125	1153126	33	0.7575
chr1	1153203	1153204	38	1.0
chr1	1153303	1153304	32	0.8556
chr1	1153329	1153330	29	0.8466
chr1	1153595	1153596	33	0.9428
chr1	1153641	1153642	27	0.868
chr1	1153661	1153662	27	0.8466
chr1	1153696	1153697	31	0.6694
chr1	1153796	1153797	25	0.8094
chr1	1153866	1153867	27	0.8309
chr1	1153966	1153967	24	0.7106
chr1	1154066	1154067	26	0.7336
chr1	1154166	1154167	30	0.7088
chr1	1154216	1154217	27	0.5471
chr1	1154224	1154225	28	0.7693
chr1	1154475	1154476	32	0.7353
chr1	1154633	1154634	27	0.7304
chr1	1154725	1154726	25	0.7505
chr1	1154749	1154750	33	0.8528
chr1	1154802	1154803	26	0.6488
chr1	1154852	1154853	32	0.888
chr1	1154902	1154903	30	0.811
chr1	1155002	1155003	29	0.7237
chr1	1155102	1155103	29	0.5522
chr1	1155180	1155181	17	0.7516
chr1	1155247	1155248	30	0.7221
chr1	1155442	1155443	38	0.7907
chr1	1155654	1155655	27	0.9344
chr1	1155660	1155661	32	0.6559
chr1	1155684	1155685	33	0.5849
chr1	1155734	1155735	32	0.7312
chr1	1155828	1155829	28	0.891
chr1	1155928	1155929	19	0.8229
chr1	1156028	1156029	29	0.7736
chr1	1156128	1156129	24	0.826
chr1	1156197	1156198	40	0.8264
chr1	1156293	1156294	20	0.7593
chr1	1156480	1156481	27	0.786
chr1	1156586	1156587	31	0.7513
chr1	1156686	1156687	28	0.7151
chr1	1156700	1156701	32	0.677
chr1	1156726	1156727	30	0.8512
chr1	1156735	1156736	35	0.7301
chr1	1156762	1156763	34	0.7807
chr1	1156777	1156778	30	0.837
chr1	1156802	1156803	20	0.8103
chr1	1156833	1156834	34	0.7466
chr1	1156861	1156862	26	0.8757
chr1	1156911	1156912	29	0.8131
chr1	1156961	1156962	29	0.8271
chr1	1157005	1157006	29	0.9053
chr1	1157037	1157038	30	0.7838
chr1	1157061	1157062	31	0.9053
chr1	1157082	1157083	23	0.6673
chr1	1157106	1157107	31	0.8762
chr1	1157136	1157137	32	0.7413
chr1	1157154	1157155	33	0.8734
chr1	1157177	1157178	28	0.8228
chr1	1157213	1157214	38	0.8438
chr1	1157214	1157215	25	0.8234
chr1	1157264	1157265	23	0.7767
chr1	1157364	1157365	35	0.7753
chr1	1157464	1157465	21	0.9021
chr1	1157525	1157526	29	0.7395
chr1	1157625	1157626	24	0.9087
chr1	1157685	1157686	22	0.8238
chr1	1157705	1157706	29	0.8071
chr1	1157745	1157746	32	0.8463
chr1	1157899	1157900	31	0.883
chr1	1157911	1157912	31	0.7214
chr1	1157951	1157952	25	0.9077
chr1	1157991	1157992	27	0.9255
chr1	1157995	1157996	27	0.8044
chr1	1158065	1158066	26	0.9429
chr1	1158091	1158092	30	0.8134
chr1	1158164	1158165	22	0.775
chr1	1158264	1158265	27	0.5673
chr1	1158364	1158365	25	0.7071
chr1	1158464	1158465	30	0.8481
chr1	1158514	1158515	29	0.7167
chr1	1158599	1158600	29	0.7352
chr1	1158663	1158664	23	0.9135
chr1	1158904	1158905	31	0.8869
chr1	1159004	1159005	23	0.9015
chr1	1159186	1159187	23	0.7708
chr1	1159251	1159252	19	0.9463
chr1	1159261	1159262	38	0.7972
chr1	1159289	1159290	28	0.8831
chr1	1159389	1159390	24	0.8046
chr1	1159453	1159454	29	0.9845
chr1	1159553	1159554	27	0.9091
chr1	1159609	1159610	30	0.9127
chr1	1159681	1159682	28	0.7504
chr1	1159747	1159748	28	0.8091
chr1	1159826	1159827	33	0.7702
chr1	1159954	1159955	32	0.8606
chr1	1160344	1160345	28	0.8589
chr1	1160366	1160367	23	0.7863
chr1	1160376	1160377	27	0.6441
chr1	1160454	1160455	27	0.5533
chr1	1160544	1160545	27	0.6342
chr1	1160644	1160645	28	0.6611
chr1	1160744	1160745	30	0.8043
chr1	1160844	1160845	32	0.5946
chr1	1160867	1160868	34	0.5823
chr1	1160967	1160968	35	0.5116
chr1	1161067	1161068	32	0.544
chr1	1161167	1161168	32	0.8105
chr1	1161267	1161268	25	0.7522
chr1	1161355	1161356	36	0.792
chr1	1161521	1161522	22	0.6091
chr1	1161631	1161632	29	0.6308
chr1	1161717	1161718	30	0.7892
chr1	1161759	1161760	30	0.6924
chr1	1161768	1161769	36	0.9275
chr1	1161868	1161869	28	0.9402
chr1	1161929	1161930	31	0.7574
chr1	1162029	1162030	38	0.9349
chr1	1162129	1162130	34	0.7173
chr1	1162215	1162216	24	0.7712
chr1	1162258	1162259	29	0.8474
chr1	1162497	1162498	28	0.9273
chr1	1162553	1162554	26	0.8325
chr1	1162593	1162594	22	0.6764
chr1	1162799	1162800	28	0.7207
chr1	1162845	1162846	28	0.8579
chr1	1162875	1162876	34	0.9544
chr1	1162880	1162881	26	0.9232
chr1	1162898	1162899	28	0.7014
chr1	1162923	1162924	21	0.8699
chr1	1162942	1162943	36	0.9103
chr1	1162967	1162968	22	0.7784
chr1	1163017	1163018	35	0.8023
chr1	1163036	1163037	23	0.9392
chr1	1163065	1163066	27	0.8085
chr1	1163080	1163081	33	0.8109
chr1	1163101	1163102	30	0.9124
chr1	1163151	1163152	32	0.7585
chr1	1163189	1163190	30	0.866
chr1	1163216	1163217	30	0.7947
chr1	1163231	1163232	20	0.7632
chr1	1163251	1163252	27	0.7578
chr1	1163281	1163282	26	0.7991
chr1	1163321	1163322	24	0.7724
chr1	1163336	1163337	35	0.9
chr1	1163371	1163372	29	0.9153
chr1	1163387	1163388	29	0.8472
chr1	1163437	1163438	24	0.8578
chr1	1163487	1163488	22	0.6563
chr1	1163587	1163588	33	0.8676
chr1	1163687	1163688	21	0.6937
chr1	1163778	1163779	40	0.8398
chr1	1163878	1163879	36	0.9092
chr1	1163922	1163923	29	0.8397
chr1	1163952	1163953	33	0.8926
chr1	1163958	1163959	27	0.875
chr1	1163964	1163965	30	0.9225
chr1	1163970	1163971	29	0.9244
chr1	1164032	1164033	27	0.7285
chr1	1164226	1164227	30	0.7953
chr1	1164302	1164303	24	0.8177
chr1	1164307	1164308	29	0.762
chr1	1164407	1164408	26	0.6851
chr1	1164457	1164458	32	0.6631
chr1	1164507	1164508	34	0.7263
chr1	1164607	1164608	32	0.6146
chr1	1164707	1164708	26	0.6247
chr1	1164807	1164808	22	0.6836
chr1	1164885	1164886	33	0.7155
chr1	1164909	1164910	30	0.5529
chr1	1165009	1165010	22	0.5997
chr1	1165509	1165510	22	0.6472
chr1	1165533	1165534	25	0.7781
chr1	1165595	1165596	24	0.6701
chr1	1165657	1165658	38	0.6591
chr1	1165691	1165692	27	0.6606
chr1	1165827	1165828	23	0.6501
chr1	1165831	1165832	33	0.6273
chr1	1165849	1165850	30	0.5209
chr1	1165887	1165888	27	0.6293
chr1	1165944	1165945	30	0.8326
chr1	1166044	1166045	32	0.8912
chr1	1166144	1166145	39	0.8008
chr1	1166194	1166195	30	0.8764
chr1	1166250	1166251	16	0.7705
chr1	1166310	1166311	27	0.8061
chr1	1166325	1166326	30	0.7626
chr1	1166425	1166426	26	0.7534
chr1	1166656	1166657	24	0.6773
chr1	1166666	1166667	39	0.6333
chr1	1166676	1166677	25	0.8271
chr1	1166696	1166697	32	0.8057
chr1	1166796	1166797	25	0.7976
chr1	1166890	1166891	21	0.8775
chr1	1166990	1166991	29	0.7983
chr1	1167090	1167091	22	0.7633
chr1	1167140	1167141	27	0.7172
chr1	1167197	1167198	26	0.871
chr1	1167375	1167376	30	0.7923
chr1	1167415	1167416	28	0.7238
chr1	1167457	1167458	29	0.9403
chr1	1167492	1167493	25	0.8488
chr1	1167592	1167593	26	0.7631
chr1	1167692	1167693	36	0.8676
chr1	1167786	1167787	26	0.9372
chr1	1167836	1167837	38	0.8112
chr1	1167886	1167887	27	0.8607
chr1	1167940	1167941	32	0.9018
chr1	1168179	1168180	32	0.8741
chr1	1168360	1168361	30	0.8996
chr1	1168368	1168369	31	0.8395
chr1	1168378	1168379	24	0.8852
chr1	1168445	1168446	33	1.0
chr1	1168545	1168546	32	0.939
chr1	1168645	1168646	31	0.7818
chr1	1168719	1168720	25	0.931
chr1	1168819	1168820	22	0.9364
chr1	1168881	1168882	32	0.8224
chr1	1168884	1168885	29	0.95
chr1	1169010	1169011	32	0.9723
chr1	1169232	1169233	35	0.8667
chr1	1169234	1169235	34	0.8492
chr1	1169252	1169253	32	0.7321
chr1	1169448	1169449	20	0.8851
chr1	1169544	1169545	21	0.7723
chr1	1169598	1169599	31	0.8141
chr1	1169630	1169631	33	0.8192
chr1	1169665	1169666	38	0.909
chr1	1169715	1169716	30	0.7855
chr1	1169776	1169777	27	1.0
chr1	1169876	1169877	33	0.8897
chr1	1169976	1169977	32	0.9839
chr1	1170076	1170077	35	0.8269
chr1	1170153	1170154	28	0.9494
chr1	1170249	1170250	26	0.8723
chr1	1170293	1170294	24	0.6471
chr1	1170368	1170369	30	0.6297
chr1	1170418	1170419	35	0.6466
chr1	1170468	1170469	34	0.6014
chr1	1170568	1170569	27	0.7746
chr1	1170668	1170669	33	0.6401
chr1	1170748	1170749	26	0.9112
chr1	1170758	1170759	33	0.8036
chr1	1170994	1170995	27	0.815
chr1	1171094	1171095	27	0.4673
chr1	1171286	1171287	30	0.8464
chr1	1171298	1171299	33	0.7339
chr1	1171327	1171328	26	0.7465
chr1	1171427	1171428	32	0.6111
chr1	1171527	1171528	44	0.6378
chr1	1171627	1171628	35	0.6887
chr1	1171727	1171728	35	0.703
chr1	1171780	1171781	26	0.7848
chr1	1171858	1171859	27	0.7493
chr1	1171977	1171978	29	0.5426
chr1	1172077	1172078	34	0.7388
chr1	1172177	1172178	24	0.8185
chr1	1172265	1172266	32	0.6881
chr1	1172270	1172271	29	0.054
chr1	1172370	1172371	33	0.1122
chr1	1172431	1172432	32	0.1259
chr1	1172531	1172532	31	0.1601
chr1	1172583	1172584	39	0.2287
chr1	1172633	1172634	36	0.0772
chr1	1172706	1172707	38	0.0761
chr1	1172766	1172767	28	0.0614
chr1	1173142	1173143	24	0.1889
chr1	1173258	1173259	24	0.0933
chr1	1173336	1173337	33	0.2467
chr1	1173362	1173363	28	0.0819
chr1	1173416	1173417	29	0.0669
chr1	1173458	1173459	18	0.071
chr1	1173466	1173467	31	0.0672
chr1	1173478	1173479	22	0.0841
chr1	1173510	1173511	34	0.0826
chr1	1173522	1173523	27	0.1309
chr1	1173548	1173549	25	0.0454
chr1	1173566	1173567	29	0.9184
chr1	1173666	1173667	29	0.7665
chr1	1173716	1173717	33	0.8338
chr1	1173816	1173817	32	0.728
chr1	1173916	1173917	19	0.7265
chr1	1174016	1174017	19	0.8173
chr1	1174032	1174033	35	0.834
chr1	1174222	1174223	33	0.7984
chr1	1174322	1174323	27	0.819
chr1	1174422	1174423	25	0.9262
chr1	1174494	1174495	39	0.8721
chr1	1174506	1174507	25	0.7621
chr1	1174516	1174517	19	0.8483
chr1	1174601	1174602	20	0.7
chr1	1174651	1174652	39	0.8019
chr1	1174751	1174752	29	0.72
chr1	1174851	1174852	28	0.7803
chr1	1174951	1174952	28	0.8069
chr1	1174993	1174994	28	0.8112
chr1	1175093	1175094	23	0.7271
chr1	1175193	1175194	24	0.6929
chr1	1175452	1175453	34	0.8879
chr1	1175500	1175501	26	0.9371
chr1	1175516	1175517	29	0.801
chr1	1175608	1175609	33	0.6662
chr1	1175636	1175637	32	0.8497
chr1	1175692	1175693	24	0.8042
chr1	1175826	1175827	29	0.7493
chr1	1175836	1175837	25	0.8387
chr1	1175874	1175875	38	0.7769
chr1	1175908	1175909	17	0.7321
chr1	1175939	1175940	30	0.149
chr1	1176025	1176026	30	0.1136
chr1	1176125	1176126	25	0.3588
chr1	1176225	1176226	38	0.2546
chr1	1176325	1176326	31	0.2039
chr1	1176375	1176376	28	0.2687
chr1	1176475	1176476	28	0.2246
chr1	1176484	1176485	23	0.2604
chr1	1176584	1176585	29	0.2221
chr1	1176870	1176871	26	0.0394
chr1	1177078	1177079	22	0.3506
chr1	1177114	1177115	19	0.6807
chr1	1177214	1177215	30	0.6308
chr1	1177314	1177315	33	0.8076
chr1	1177364	1177365	33	0.7181
chr1	1177464	1177465	20	0.7477
chr1	1177564	1177565	28	0.7776
chr1	1177662	1177663	33	0.9481
chr1	1177794	1177795	34	0.8897
chr1	1178061	1178062	33	0.7673
chr1	1178147	1178148	30	0.8327
chr1	1178186	1178187	24	0.8503
chr1	1178268	1178269	33	0.891
chr1	1178355	1178356	34	0.8898
chr1	1178432	1178433	29	0.9552
chr1	1178530	1178531	23	0.8382
chr1	1178630	1178631	23	0.7994
chr1	1178730	1178731	28	0.8629
chr1	1178736	1178737	31	0.8404
chr1	1178836	1178837	26	0.7707
chr1	1178975	1178976	21	0.6358
chr1	1179099	1179100	30	0.9257
chr1	1179175	1179176	29	0.8371
chr1	1179191	1179192	38	0.7228
chr1	1179232	1179233	34	0.1784
chr1	1179332	1179333	33	0.2086
chr1	1179432	1179433	36	0.0059
chr1	1179482	1179483	40	0.1564
chr1	1179582	1179583	18	0.1767
chr1	1179632	1179633	31	0.1633
chr1	1179682	1179683	32	0.0541
chr1	1179766	1179767	32	0.1196
chr1	1179968	1179969	30	0.281
chr1	1179978	1179979	25	0.2891
chr1	1179999	1180000	21	0.6567
chr1	1180099	1180100	32	0.66
chr1	1180149	1180150	21	0.8285
chr1	1180232	1180233	26	0.7298
chr1	1180332	1180333	31	0.7068
chr1	1180395	1180396	29	0.6453
chr1	1180429	1180430	28	0.7438
chr1	1180584	1180585	26	0.736
chr1	1180833	1180834	35	0.7969
chr1	1180837	1180838	27	0.6333
chr1	1180913	1180914	27	0.7043
chr1	1180918	1180919	24	0.5962
chr1	1181018	1181019	34	0.6989
chr1	1181078	1181079	24	0.668
chr1	1181178	1181179	34	0.7359
chr1	1181234	1181235	34	0.4701
chr1	1181284	1181285	27	0.7007
chr1	1181384	1181385	27	0.6848
chr1	1181455	1181456	26	0.6797
chr1	1181517	1181518	30	0.4533
chr1	1181647	1181648	32	0.5338
chr1	1182043	1182044	38	0.7462
chr1	1182123	1182124	32	0.5888
chr1	1182165	1182166	26	0.7287
chr1	1182419	1182420	36	0.704
chr1	1182421	1182422	28	0.6771
chr1	1182439	1182440	33	0.7102
