chr	start	end	coverage	methylation_level
chr1	100022	100023	33	0.8259
chr1	100063	100064	29	0.8542
chr1	100110	100111	28	0.6492
chr1	100149	100150	34	0.7509
chr1	100191	100192	26	0.7885
chr1	100217	100218	20	0.7788
chr1	100237	100238	35	0.9158
chr1	100278	100279	26	0.8243
chr1	100293	100294	26	0.9025
chr1	100336	100337	28	0.8112
chr1	100375	100376	35	0.7332
chr1	100397	100398	30	0.794
chr1	100430	100431	20	0.9066
chr1	100451	100452	33	0.8313
chr1	100470	100471	29	0.771
chr1	100518	100519	40	0.701
chr1	100551	100552	32	0.8986
chr1	100601	100602	34	0.9644
chr1	100651	100652	32	0.6972
chr1	100657	100658	26	0.8744
chr1	100757	100758	34	0.8511
chr1	100857	100858	25	0.7196
chr1	100907	100908	22	0.8374
chr1	100957	100958	27	0.6972
chr1	101049	101050	27	0.8886
chr1	101149	101150	24	0.8938
chr1	101249	101250	42	0.7619
chr1	101325	101326	18	0.8878
chr1	101333	101334	30	0.5066
chr1	101348	101349	29	0.7087
chr1	101370	101371	30	0.6248
chr1	101393	101394	31	0.5828
chr1	101419	101420	30	0.55
chr1	101469	101470	28	0.6258
chr1	101493	101494	25	0.7077
chr1	101542	101543	31	0.7167
chr1	101586	101587	35	0.7584
chr1	101608	101609	21	0.7731
chr1	101639	101640	37	0.8028
chr1	101668	101669	27	0.8751
chr1	101690	101691	33	0.7728
chr1	101720	101721	36	0.7594
chr1	101735	101736	35	0.7122
chr1	101760	101761	24	0.4559
chr1	101860	101861	25	0.6453
chr1	101960	101961	16	0.6436
chr1	102060	102061	25	0.5366
chr1	102110	102111	27	0.596
chr1	102220	102221	27	0.4445
chr1	102266	102267	40	0.4869
chr1	102286	102287	26	0.6353
chr1	102304	102305	30	0.5246
chr1	102478	102479	20	0.517
chr1	102483	102484	29	0.6895
chr1	102517	102518	27	0.6212
chr1	102547	102548	27	0.5949
chr1	102589	102590	33	0.8713
chr1	102639	102640	33	0.7536
chr1	102659	102660	35	0.7151
chr1	102674	102675	20	0.7157
chr1	102723	102724	35	0.801
chr1	102772	102773	34	0.576
chr1	102822	102823	31	0.4951
chr1	102858	102859	27	0.512
chr1	102889	102890	28	0.6034
chr1	102921	102922	30	0.5136
chr1	102925	102926	25	0.5986
chr1	102994	102995	35	0.6098
chr1	103094	103095	31	0.5552
chr1	103194	103195	33	0.6482
chr1	103294	103295	33	0.7596
chr1	103344	103345	29	0.823
chr1	103376	103377	26	0.7604
chr1	103400	103401	33	0.7513
chr1	103414	103415	32	0.9501
chr1	103430	103431	32	0.621
chr1	103448	103449	36	0.7782
chr1	103668	103669	23	0.9902
chr1	103706	103707	26	0.7218
chr1	103714	103715	18	0.8479
chr1	103798	103799	28	0.6384
chr1	103818	103819	26	0.1363
chr1	103842	103843	26	0.1179
chr1	103884	103885	30	0.1574
chr1	103904	103905	18	0.117
chr1	103937	103938	29	0.154
chr1	103959	103960	35	0.1998
chr1	104009	104010	32	0.0844
chr1	104058	104059	31	0.1406
chr1	104108	104109	28	0.1891
chr1	104140	104141	26	0.0
chr1	104205	104206	29	0.1062
chr1	104235	104236	21	0.1536
chr1	104275	104276	27	0.1438
chr1	104277	104278	33	0.0
chr1	104345	104346	20	0.1056
chr1	104445	104446	35	0.0
chr1	104531	104532	28	0.2066
chr1	104631	104632	28	0.0704
chr1	104681	104682	27	0.1159
chr1	104699	104700	24	0.2086
chr1	104779	104780	35	0.0454
chr1	104814	104815	37	0.624
chr1	104837	104838	32	0.6756
chr1	104852	104853	25	0.7234
chr1	104902	104903	20	0.784
chr1	104920	104921	33	0.75
chr1	104969	104970	27	0.8387
chr1	104984	104985	32	0.7003
chr1	105011	105012	31	0.7468
chr1	105031	105032	25	0.6651
chr1	105081	105082	29	0.5631
chr1	105111	105112	31	0.6173
chr1	105150	105151	26	0.6194
chr1	105183	105184	25	0.8231
chr1	105198	105199	16	0.7399
chr1	105248	105249	36	0.6613
chr1	105277	105278	30	0.7341
chr1	105312	105313	28	0.7382
chr1	105323	105324	32	0.6071
chr1	105386	105387	27	0.8896
chr1	105486	105487	26	0.7423
chr1	105586	105587	34	0.7545
chr1	105686	105687	32	0.8739
chr1	105786	105787	36	0.8389
chr1	105814	105815	22	0.8215
chr1	105874	105875	29	0.8229
chr1	105901	105902	19	0.845
chr1	105939	105940	36	0.6262
chr1	105966	105967	30	0.8208
chr1	106006	106007	25	0.722
chr1	106056	106057	22	0.6985
chr1	106078	106079	36	0.7917
chr1	106095	106096	33	0.7747
chr1	106127	106128	28	0.7305
chr1	106162	106163	23	0.6574
chr1	106183	106184	34	0.7479
chr1	106230	106231	37	0.7273
chr1	106280	106281	23	0.6371
chr1	106309	106310	32	0.681
chr1	106327	106328	22	0.846
chr1	106377	106378	31	0.6597
chr1	106416	106417	35	0.6087
chr1	106417	106418	31	0.7194
chr1	106467	106468	27	0.7706
chr1	106558	106559	38	0.7495
chr1	106658	106659	29	0.8106
chr1	106758	106759	26	0.5983
chr1	106808	106809	30	0.6218
chr1	106908	106909	23	0.7516
chr1	107004	107005	35	0.6909
chr1	107010	107011	32	0.521
chr1	107049	107050	26	0.4177
chr1	107066	107067	31	0.69
chr1	107094	107095	23	0.4816
chr1	107112	107113	27	0.5419
chr1	107151	107152	30	0.4876
chr1	107184	107185	24	0.3808
chr1	107221	107222	35	0.6176
chr1	107249	107250	33	0.4672
chr1	107267	107268	30	0.3849
chr1	107297	107298	20	0.5548
chr1	107322	107323	33	0.5401
chr1	107337	107338	30	0.5141
chr1	107356	107357	27	0.4467
chr1	107401	107402	29	0.4215
chr1	107437	107438	24	0.4715
chr1	107459	107460	27	0.3551
chr1	107559	107560	27	0.4751
chr1	107659	107660	27	0.4249
chr1	107759	107760	21	0.6791
chr1	107809	107810	34	0.5314
chr1	107873	107874	27	0.2719
chr1	107881	107882	32	0.052
chr1	107959	107960	31	0.0
chr1	108133	108134	31	0.1557
chr1	108181	108182	29	0.3126
chr1	108283	108284	35	0.0988
chr1	108294	108295	28	0.7861
chr1	108337	108338	34	0.7518
chr1	108381	108382	33	0.8371
chr1	108403	108404	34	0.797
chr1	108426	108427	29	0.9263
chr1	108476	108477	23	0.6935
chr1	108506	108507	34	0.8117
chr1	108553	108554	20	0.744
chr1	108575	108576	30	0.5509
chr1	108599	108600	29	0.8769
chr1	108626	108627	36	0.8567
chr1	108646	108647	36	0.6254
chr1	108696	108697	24	0.795
chr1	108746	108747	26	0.7844
chr1	108772	108773	24	0.7625
chr1	108815	108816	31	0.7052
chr1	108817	108818	24	0.7222
chr1	108898	108899	24	0.8223
chr1	108962	108963	33	0.7089
chr1	109043	109044	27	0.6841
chr1	109093	109094	31	0.6272
chr1	109154	109155	33	0.8643
chr1	109254	109255	31	0.8698
chr1	109348	109349	35	0.6973
chr1	109367	109368	27	0.63
chr1	109404	109405	30	0.6656
chr1	109436	109437	33	0.4462
chr1	109484	109485	26	0.6542
chr1	109534	109535	33	0.6387
chr1	109576	109577	22	0.4274
chr1	109610	109611	33	0.7348
chr1	109654	109655	34	0.543
chr1	109671	109672	23	0.5565
chr1	109687	109688	28	0.6791
chr1	109724	109725	21	0.5545
chr1	109750	109751	24	0.7116
chr1	109780	109781	31	0.6207
chr1	109795	109796	24	0.6559
chr1	109831	109832	35	0.741
chr1	109881	109882	31	0.6809
chr1	109884	109885	20	0.6655
chr1	109984	109985	18	0.5683
chr1	110084	110085	27	0.7643
chr1	110184	110185	26	0.6763
chr1	110284	110285	32	0.5732
chr1	110334	110335	38	0.7528
chr1	110394	110395	38	0.8485
chr1	110427	110428	32	0.6213
chr1	110452	110453	26	0.2865
chr1	110489	110490	28	0.106
chr1	110509	110510	28	0.85
chr1	110559	110560	31	0.775
chr1	110609	110610	24	0.2427
chr1	110624	110625	33	0.4014
chr1	110650	110651	34	0.234
chr1	110700	110701	22	0.129
chr1	110750	110751	26	0.098
chr1	110768	110769	27	0.6714
chr1	110818	110819	28	0.3044
chr1	110840	110841	37	0.7023
chr1	110860	110861	32	0.1315
chr1	110910	110911	28	0.3306
chr1	110944	110945	28	0.4917
chr1	110958	110959	34	0.859
chr1	111058	111059	32	0.988
chr1	111158	111159	22	0.7192
chr1	111241	111242	31	0.838
chr1	111316	111317	33	0.5414
chr1	111416	111417	30	0.877
chr1	111432	111433	25	0.8987
chr1	111488	111489	29	0.8449
chr1	111534	111535	31	1.0
chr1	111584	111585	30	0.9015
chr1	111611	111612	21	0.9008
chr1	111661	111662	31	0.8304
chr1	111692	111693	36	0.875
chr1	111717	111718	25	0.7656
chr1	111740	111741	29	0.9243
chr1	111765	111766	37	0.7195
chr1	111810	111811	30	0.9285
chr1	111843	111844	26	0.8596
chr1	111858	111859	34	0.9253
chr1	111889	111890	25	0.7626
chr1	111915	111916	32	0.8056
chr1	111938	111939	33	0.7737
chr1	111956	111957	33	0.8974
chr1	111975	111976	23	1.0
chr1	111995	111996	28	0.9726
chr1	112040	112041	29	0.9191
chr1	112073	112074	32	0.8459
chr1	112173	112174	29	0.966
chr1	112273	112274	31	0.8599
chr1	112373	112374	22	0.8251
chr1	112442	112443	34	0.8175
chr1	112542	112543	31	0.6973
chr1	112599	112600	28	0.7332
chr1	112651	112652	22	0.9755
chr1	112687	112688	32	0.7317
chr1	112725	112726	33	0.8767
chr1	112754	112755	36	0.8943
chr1	112787	112788	33	0.5707
chr1	112829	112830	32	0.8549
chr1	112866	112867	33	0.69
chr1	112881	112882	28	0.7396
chr1	112896	112897	30	0.7861
chr1	112945	112946	28	0.8295
chr1	112976	112977	22	0.7732
chr1	112994	112995	28	0.8845
chr1	113011	113012	25	0.8979
chr1	113061	113062	29	0.7764
chr1	113088	113089	37	0.7249
chr1	113107	113108	27	0.7585
chr1	113122	113123	24	0.8826
chr1	113146	113147	30	0.7989
chr1	113177	113178	32	0.8646
chr1	113197	113198	18	0.7529
chr1	113260	113261	22	0.9592
chr1	113360	113361	29	0.7828
chr1	113410	113411	31	0.882
chr1	113510	113511	24	0.9563
chr1	113610	113611	35	0.6603
chr1	113642	113643	31	0.6647
chr1	113686	113687	21	1.0
chr1	113704	113705	32	0.7966
chr1	113754	113755	31	0.585
chr1	113773	113774	31	0.8249
chr1	113801	113802	29	0.7913
chr1	113820	113821	29	0.7568
chr1	113841	113842	30	0.7262
chr1	113867	113868	33	0.6253
chr1	113917	113918	26	0.7005
chr1	113936	113937	40	0.667
chr1	113971	113972	32	0.7888
chr1	114012	114013	33	0.7148
chr1	114054	114055	25	0.6048
chr1	114072	114073	30	0.6421
chr1	114100	114101	24	0.8061
chr1	114135	114136	33	0.7764
chr1	114167	114168	16	0.8449
chr1	114267	114268	26	0.7298
chr1	114323	114324	30	0.7203
chr1	114386	114387	32	0.7176
chr1	114438	114439	33	0.6963
chr1	114521	114522	32	0.6819
chr1	114612	114613	30	0.6762
chr1	114638	114639	29	0.8384
chr1	114645	114646	31	0.5449
chr1	114673	114674	35	0.3716
chr1	114688	114689	29	0.6114
chr1	114731	114732	33	0.4028
chr1	114762	114763	20	0.6151
chr1	114786	114787	32	0.5636
chr1	114811	114812	24	0.4735
chr1	114830	114831	30	0.6495
chr1	114853	114854	29	0.5647
chr1	114880	114881	32	0.5394
chr1	114895	114896	30	0.6487
chr1	114945	114946	27	0.5312
chr1	114973	114974	27	0.5039
chr1	114997	114998	32	0.3413
chr1	115013	115014	24	0.4551
chr1	115038	115039	27	0.6758
chr1	115058	115059	24	0.5421
chr1	115097	115098	36	0.4045
chr1	115114	115115	26	0.5085
chr1	115144	115145	21	0.6379
chr1	115148	115149	32	0.5066
chr1	115248	115249	30	0.4342
chr1	115348	115349	35	0.5309
chr1	115417	115418	28	0.565
chr1	115501	115502	40	0.4923
chr1	115551	115552	37	0.6851
chr1	115591	115592	37	0.9376
chr1	115617	115618	19	0.7389
chr1	115865	115866	41	0.8031
chr1	115939	115940	32	0.972
chr1	115999	116000	22	0.8256
chr1	116029	116030	25	0.7092
chr1	116031	116032	27	0.8037
chr1	116053	116054	34	0.0
chr1	116083	116084	27	0.0141
chr1	116110	116111	25	0.1284
chr1	116126	116127	34	0.1477
chr1	116147	116148	35	0.0442
chr1	116197	116198	30	0.0
chr1	116237	116238	37	0.1231
chr1	116255	116256	35	0.0145
chr1	116293	116294	32	0.2537
chr1	116320	116321	27	0.1654
chr1	116369	116370	26	0.0682
chr1	116402	116403	33	0.1895
chr1	116417	116418	23	0.1147
chr1	116454	116455	31	0.1639
chr1	116487	116488	24	0.2014
chr1	116502	116503	30	0.1232
chr1	116536	116537	26	0.0449
chr1	116559	116560	23	0.0754
chr1	116567	116568	29	0.088
chr1	116643	116644	31	0.0924
chr1	116693	116694	25	0.1541
chr1	116787	116788	27	0.0169
chr1	116887	116888	29	0.0326
chr1	116981	116982	25	0.216
chr1	117031	117032	25	0.1635
chr1	117069	117070	30	0.0463
chr1	117112	117113	33	0.6857
chr1	117131	117132	25	0.5919
chr1	117146	117147	33	0.6232
chr1	117161	117162	28	0.581
chr1	117180	117181	26	0.6131
chr1	117206	117207	38	0.7565
chr1	117256	117257	30	0.7458
chr1	117297	117298	30	0.7148
chr1	117314	117315	31	0.7616
chr1	117347	117348	33	0.5966
chr1	117384	117385	36	0.4581
chr1	117399	117400	30	0.5189
chr1	117433	117434	32	0.7358
chr1	117483	117484	26	0.6163
chr1	117522	117523	39	0.5779
chr1	117572	117573	38	0.5948
chr1	117600	117601	24	0.6561
chr1	117650	117651	29	0.7134
chr1	117693	117694	34	0.6175
chr1	117697	117698	36	0.4037
chr1	117797	117798	32	0.6203
chr1	117897	117898	32	0.5654
chr1	117997	117998	31	0.6826
chr1	118097	118098	23	0.5224
chr1	118197	118198	27	0.6235
chr1	118203	118204	36	0.7934
chr1	118234	118235	24	0.6636
chr1	118249	118250	23	0.7281
chr1	118264	118265	33	0.7607
chr1	118290	118291	25	0.7504
chr1	118340	118341	33	0.5439
chr1	118386	118387	28	0.4279
chr1	118401	118402	29	0.5783
chr1	118433	118434	23	0.5022
chr1	118448	118449	26	0.5942
chr1	118466	118467	25	0.8275
chr1	118503	118504	35	0.7507
chr1	118525	118526	39	0.7253
chr1	118552	118553	32	0.6193
chr1	118576	118577	34	0.6172
chr1	118621	118622	29	0.5565
chr1	118637	118638	37	0.5721
chr1	118668	118669	38	0.5093
chr1	118718	118719	29	0.672
chr1	118740	118741	34	0.6892
chr1	118774	118775	31	0.7063
chr1	118792	118793	37	0.611
chr1	118829	118830	27	0.6425
chr1	118839	118840	25	0.5677
chr1	118939	118940	27	0.6837
chr1	118989	118990	36	0.7034
chr1	119078	119079	30	0.4733
chr1	119178	119179	31	0.6656
chr1	119252	119253	32	0.7076
chr1	119352	119353	32	0.7878
chr1	119424	119425	27	0.872
chr1	119432	119433	30	0.6768
chr1	119492	119493	28	0.9013
chr1	119525	119526	34	0.6348
chr1	119544	119545	27	0.6187
chr1	119570	119571	28	0.595
chr1	119620	119621	32	0.7542
chr1	119654	119655	26	0.8449
chr1	119701	119702	29	0.6832
chr1	119716	119717	38	0.5154
chr1	119766	119767	28	0.5815
chr1	119816	119817	28	0.7164
chr1	119843	119844	18	0.604
chr1	119873	119874	36	0.6059
chr1	119923	119924	23	0.7397
chr1	119967	119968	34	0.7398
chr1	119991	119992	34	0.5741
chr1	120006	120007	32	0.8736
chr1	120021	120022	24	0.6726
chr1	120060	120061	23	0.7602
chr1	120081	120082	24	0.7288
chr1	120174	120175	34	0.8032
chr1	120256	120257	26	0.5549
chr1	120356	120357	32	0.6622
chr1	120456	120457	20	0.7416
chr1	120546	120547	26	0.7164
chr1	120614	120615	33	0.8636
chr1	120620	120621	30	0.2816
chr1	120635	120636	34	0.2558
chr1	120667	120668	26	0.1678
chr1	120699	120700	23	0.2674
chr1	120725	120726	31	0.1909
chr1	120765	120766	26	0.2352
chr1	120805	120806	28	0.1899
chr1	120855	120856	26	0.2864
chr1	120902	120903	32	0.1287
chr1	120947	120948	32	0.1993
chr1	120997	120998	29	0.3191
chr1	121040	121041	27	0.3104
chr1	121066	121067	28	0.1655
chr1	121115	121116	25	0.1491
chr1	121127	121128	20	0.2848
chr1	121195	121196	32	0.1614
chr1	121255	121256	35	0.2508
chr1	121355	121356	33	0.3478
chr1	121452	121453	27	0.2917
chr1	121510	121511	38	0.1979
chr1	121610	121611	30	0.2221
chr1	121728	121729	35	0.01
chr1	121798	121799	20	0.0381
chr1	121800	121801	29	0.0647
chr1	121838	121839	29	0.1078
chr1	121856	121857	30	0.0739
chr1	121860	121861	26	0.1519
chr1	121894	121895	26	0.1694
chr1	121978	121979	31	0.0148
chr1	122056	122057	25	0.2423
chr1	122089	122090	27	0.8426
chr1	122104	122105	34	0.8524
chr1	122154	122155	49	0.947
chr1	122173	122174	32	0.905
chr1	122191	122192	21	0.7341
chr1	122241	122242	28	0.8741
chr1	122264	122265	30	0.7256
chr1	122292	122293	28	0.871
chr1	122334	122335	30	0.9254
chr1	122384	122385	25	1.0
chr1	122408	122409	33	0.8394
chr1	122441	122442	32	0.7749
chr1	122468	122469	28	1.0
chr1	122517	122518	23	0.7988
chr1	122541	122542	25	1.0
chr1	122551	122552	36	0.743
chr1	122601	122602	34	0.8059
chr1	122701	122702	26	0.8256
chr1	122769	122770	21	0.9767
chr1	122869	122870	31	0.8487
chr1	122919	122920	38	0.8803
chr1	122969	122970	28	0.827
chr1	122993	122994	34	0.7766
chr1	123025	123026	32	0.8315
chr1	123058	123059	25	0.6689
chr1	123108	123109	35	0.6851
chr1	123158	123159	29	0.9441
chr1	123190	123191	33	0.693
chr1	123240	123241	32	0.9257
chr1	123256	123257	30	0.7278
chr1	123282	123283	32	0.8696
chr1	123297	123298	32	0.7281
chr1	123333	123334	32	0.8988
chr1	123364	123365	36	0.7054
chr1	123414	123415	29	0.8359
chr1	123464	123465	25	0.8043
chr1	123514	123515	26	0.8488
chr1	123552	123553	18	0.65
chr1	123575	123576	44	0.676
chr1	123625	123626	30	0.8003
chr1	123725	123726	13	0.7568
chr1	123784	123785	24	0.9254
chr1	123878	123879	26	0.7613
chr1	123944	123945	36	0.9574
chr1	124044	124045	22	0.8208
chr1	124084	124085	35	0.8279
chr1	124116	124117	29	0.8049
chr1	124145	124146	33	0.1367
chr1	124178	124179	29	0.0719
chr1	124228	124229	30	0.1696
chr1	124246	124247	22	0.1861
chr1	124261	124262	37	0.0619
chr1	124286	124287	33	0.0824
chr1	124301	124302	26	0.3495
chr1	124350	124351	30	0.1524
chr1	124383	124384	24	0.0815
chr1	124414	124415	31	0.0856
chr1	124463	124464	32	0.1645
chr1	124513	124514	27	0.086
chr1	124563	124564	30	0.1971
chr1	124598	124599	35	0.1706
chr1	124614	124615	33	0.05
chr1	124631	124632	26	0.0175
chr1	124731	124732	33	0.1326
chr1	124789	124790	28	0.0
chr1	124889	124890	27	0.0686
chr1	124989	124990	27	0.0568
chr1	125089	125090	26	0.0774
chr1	125177	125178	28	0.0888
chr1	125183	125184	39	0.4469
chr1	125198	125199	26	0.4668
chr1	125248	125249	32	0.5267
chr1	125275	125276	25	0.3822
chr1	125325	125326	28	0.3344
chr1	125356	125357	26	0.5762
chr1	125406	125407	21	0.6125
chr1	125435	125436	34	0.4568
chr1	125451	125452	25	0.4957
chr1	125489	125490	31	0.535
chr1	125524	125525	29	0.5822
chr1	125539	125540	28	0.3979
chr1	125562	125563	31	0.3993
chr1	125593	125594	28	0.3417
chr1	125643	125644	31	0.6317
chr1	125678	125679	32	0.6835
chr1	125706	125707	29	0.5432
chr1	125730	125731	25	0.5752
chr1	125796	125797	38	0.5834
chr1	125896	125897	23	0.5153
chr1	125982	125983	20	0.4846
chr1	126082	126083	29	0.449
chr1	126166	126167	26	0.5569
chr1	126266	126267	30	0.6195
chr1	126366	126367	21	0.7143
chr1	126424	126425	33	0.6934
chr1	126618	126619	25	0.6881
chr1	126624	126625	23	0.6714
chr1	126628	126629	22	0.6766
chr1	126632	126633	23	0.9603
chr1	126668	126669	29	0.9326
chr1	126694	126695	34	0.7852
chr1	126725	126726	33	0.8357
chr1	126769	126770	27	0.6643
chr1	126819	126820	29	0.6314
chr1	126838	126839	25	0.693
chr1	126856	126857	30	0.9572
chr1	126871	126872	27	0.8049
chr1	126898	126899	25	0.8999
chr1	126933	126934	29	0.7117
chr1	126962	126963	38	0.7538
chr1	126991	126992	28	0.8926
chr1	127012	127013	29	0.7858
chr1	127042	127043	20	0.8832
chr1	127059	127060	34	0.591
chr1	127076	127077	31	0.7976
chr1	127091	127092	30	0.7779
chr1	127141	127142	35	0.8289
chr1	127160	127161	31	0.96
chr1	127260	127261	25	0.9968
chr1	127351	127352	37	0.6892
chr1	127401	127402	34	0.6163
chr1	127501	127502	35	0.9119
chr1	127578	127579	33	0.7992
chr1	127642	127643	22	0.9738
chr1	127691	127692	27	0.4588
chr1	127728	127729	33	0.7827
chr1	127758	127759	28	0.242
chr1	127786	127787	25	0.7361
chr1	127828	127829	33	0.301
chr1	127850	127851	31	0.34
chr1	127885	127886	32	0.8087
chr1	127934	127935	25	0.7909
chr1	127960	127961	24	0.8986
chr1	127977	127978	32	1.0
chr1	128008	128009	31	0.7569
chr1	128043	128044	39	0.407
chr1	128067	128068	33	0.5469
chr1	128117	128118	35	0.6555
chr1	128167	128168	24	0.9095
chr1	128217	128218	27	0.6895
chr1	128221	128222	29	0.4691
chr1	128321	128322	33	0.2482
chr1	128421	128422	34	0.4078
chr1	128515	128516	27	0.5179
chr1	128594	128595	26	0.979
chr1	128694	128695	28	0.6067
chr1	128776	128777	30	0.6641
chr1	128814	128815	26	0.0466
chr1	128829	128830	30	0.0523
chr1	128862	128863	25	0.3004
chr1	128892	128893	23	0.1624
chr1	128929	128930	30	0.0
chr1	128974	128975	27	0.0083
chr1	129001	129002	30	0.1639
chr1	129041	129042	29	0.1081
chr1	129059	129060	28	0.0827
chr1	129074	129075	28	0.0148
chr1	129102	129103	27	0.1714
chr1	129140	129141	29	0.0767
chr1	129168	129169	26	0.1839
chr1	129183	129184	24	0.2089
chr1	129210	129211	27	0.1303
chr1	129260	129261	21	0.1329
chr1	129306	129307	30	0.205
chr1	129406	129407	13	0.1811
chr1	129484	129485	24	0.0
chr1	129534	129535	31	0.0
chr1	129584	129585	31	0.0587
chr1	129648	129649	26	0.2681
chr1	129698	129699	20	0.1694
chr1	129748	129749	26	0.1966
chr1	129772	129773	41	0.0823
chr1	129776	129777	26	0.1278
chr1	129814	129815	37	0.207
chr1	129835	129836	30	0.885
chr1	129850	129851	28	0.3114
chr1	129900	129901	44	0.299
chr1	129922	129923	31	0.2522
chr1	129944	129945	30	0.4501
chr1	129980	129981	30	0.6975
chr1	130000	130001	27	0.5426
chr1	130046	130047	39	0.4198
chr1	130094	130095	21	0.1091
chr1	130119	130120	41	0.26
chr1	130169	130170	39	0.487
chr1	130211	130212	23	0.978
chr1	130226	130227	26	0.2223
chr1	130245	130246	31	0.86
chr1	130291	130292	26	0.795
chr1	130306	130307	28	0.082
chr1	130320	130321	34	0.4707
chr1	130378	130379	25	0.2814
chr1	130476	130477	30	0.2077
chr1	130576	130577	31	0.926
chr1	130676	130677	28	0.3332
chr1	130776	130777	33	0.948
chr1	130808	130809	32	0.8587
chr1	130822	130823	20	0.6779
chr1	130872	130873	31	0.7163
chr1	130910	130911	27	0.8032
chr1	130938	130939	29	0.7508
chr1	130988	130989	30	0.6256
chr1	131030	131031	27	0.6165
chr1	131048	131049	36	0.5734
chr1	131090	131091	26	0.7413
chr1	131124	131125	27	0.5609
chr1	131174	131175	29	0.5682
chr1	131224	131225	29	0.7791
chr1	131260	131261	36	0.7242
chr1	131290	131291	29	0.6424
chr1	131319	131320	21	0.747
chr1	131419	131420	33	0.7191
chr1	131519	131520	24	0.7072
chr1	131569	131570	29	0.751
chr1	131669	131670	35	0.6898
chr1	131768	131769	26	0.6428
chr1	131844	131845	34	0.78
chr1	131852	131853	34	0.3668
chr1	131875	131876	29	0.3933
chr1	131890	131891	25	0.3369
chr1	131929	131930	23	0.4232
chr1	131964	131965	26	0.3987
chr1	131981	131982	25	0.1769
chr1	132025	132026	33	0.3276
chr1	132075	132076	30	0.3519
chr1	132112	132113	31	0.3456
chr1	132127	132128	28	0.2964
chr1	132177	132178	35	0.2869
chr1	132226	132227	31	0.5709
chr1	132241	132242	26	0.3892
chr1	132259	132260	35	0.4118
chr1	132295	132296	36	0.1925
chr1	132331	132332	22	0.4302
chr1	132431	132432	37	0.3202
chr1	132511	132512	30	0.5348
chr1	132611	132612	31	0.1887
chr1	132711	132712	33	0.2074
chr1	132867	132868	28	0.6548
chr1	132885	132886	29	0.6752
chr1	132929	132930	31	0.6183
chr1	132957	132958	26	0.4184
chr1	132977	132978	21	0.8233
chr1	133005	133006	22	0.7776
chr1	133143	133144	36	0.7301
chr1	133193	133194	25	0.5429
chr1	133197	133198	30	0.622
chr1	133222	133223	35	0.7016
chr1	133245	133246	34	0.703
chr1	133271	133272	32	0.6049
chr1	133321	133322	37	0.7332
chr1	133366	133367	29	0.7034
chr1	133390	133391	43	0.7614
chr1	133427	133428	37	0.5369
chr1	133466	133467	31	0.6087
chr1	133513	133514	22	0.708
chr1	133554	133555	37	0.5216
chr1	133584	133585	30	0.5885
chr1	133606	133607	32	0.6147
chr1	133640	133641	32	0.683
chr1	133686	133687	31	0.7356
chr1	133736	133737	27	0.6728
chr1	133836	133837	30	0.6595
chr1	133936	133937	34	0.7149
chr1	134028	134029	30	0.7893
chr1	134128	134129	38	0.5462
chr1	134222	134223	40	0.836
chr1	134231	134232	28	0.7321
chr1	134277	134278	26	0.7043
chr1	134312	134313	31	0.723
chr1	134327	134328	39	0.823
chr1	134365	134366	22	0.6556
chr1	134415	134416	20	0.7683
chr1	134465	134466	39	0.7502
chr1	134480	134481	27	0.6588
chr1	134511	134512	25	0.7025
chr1	134536	134537	30	0.7371
chr1	134552	134553	24	0.7949
chr1	134567	134568	19	0.7195
chr1	134610	134611	30	0.555
chr1	134641	134642	28	0.8073
chr1	134691	134692	26	0.7477
chr1	134695	134696	38	0.7814
chr1	134745	134746	26	0.6615
chr1	134845	134846	25	0.7422
chr1	134945	134946	24	0.6653
chr1	134997	134998	31	0.7572
chr1	135093	135094	34	0.8675
chr1	135393	135394	30	0.9115
chr1	135401	135402	30	0.9236
chr1	135489	135490	30	0.817
chr1	135499	135500	30	0.758
chr1	135575	135576	33	0.9419
chr1	135587	135588	35	0.7412
chr1	135610	135611	32	0.6079
chr1	135636	135637	26	0.4904
chr1	135656	135657	29	0.7447
chr1	135706	135707	23	0.73
chr1	135756	135757	22	0.5538
chr1	135790	135791	22	0.6058
chr1	135836	135837	27	0.7724
chr1	135880	135881	33	0.724
chr1	135926	135927	34	0.6911
chr1	135976	135977	32	0.6682
chr1	136001	136002	28	0.633
chr1	136051	136052	24	0.5628
chr1	136095	136096	28	0.7546
chr1	136135	136136	29	0.8261
chr1	136235	136236	30	0.593
chr1	136335	136336	22	0.6235
chr1	136435	136436	29	0.734
chr1	136521	136522	26	0.6713
chr1	136613	136614	21	0.6922
chr1	136615	136616	32	0.6745
chr1	136620	136621	35	0.5581
chr1	136653	136654	36	0.4806
chr1	136692	136693	22	0.5114
chr1	136742	136743	32	0.3511
chr1	136772	136773	43	0.655
chr1	136787	136788	38	0.48
chr1	136823	136824	22	0.6207
chr1	136849	136850	34	0.2755
chr1	136878	136879	35	0.329
chr1	136925	136926	29	0.6172
chr1	136951	136952	31	0.394
chr1	136981	136982	33	0.5245
chr1	137031	137032	32	0.6085
chr1	137047	137048	31	0.2184
chr1	137097	137098	25	0.634
chr1	137114	137115	31	0.5056
chr1	137132	137133	28	0.5684
chr1	137232	137233	19	0.3165
chr1	137332	137333	42	0.5682
chr1	137432	137433	25	0.4182
chr1	137482	137483	33	0.5356
chr1	137580	137581	27	0.6104
chr1	137616	137617	27	0.7291
chr1	137712	137713	29	0.792
chr1	137732	137733	31	0.6629
chr1	137790	137791	29	0.8273
chr1	137800	137801	18	0.8247
chr1	137940	137941	33	0.9313
chr1	137984	137985	35	0.6829
chr1	138036	138037	22	0.8273
chr1	138048	138049	37	0.7004
chr1	138079	138080	20	0.6254
chr1	138116	138117	28	0.4594
chr1	138139	138140	28	0.4217
chr1	138188	138189	37	0.5157
chr1	138223	138224	31	0.6581
chr1	138251	138252	31	0.5977
chr1	138266	138267	33	0.577
chr1	138295	138296	38	0.8255
chr1	138340	138341	37	0.574
chr1	138357	138358	27	0.6216
chr1	138407	138408	31	0.4114
chr1	138457	138458	28	0.3569
chr1	138507	138508	21	0.6433
chr1	138541	138542	23	0.4586
chr1	138569	138570	24	0.6823
chr1	138592	138593	30	0.513
chr1	138607	138608	21	0.8553
chr1	138707	138708	27	0.6999
chr1	138770	138771	31	0.4347
chr1	138820	138821	32	0.2786
chr1	138920	138921	27	0.5027
chr1	138978	138979	34	0.8455
chr1	139028	139029	32	0.7976
chr1	139128	139129	22	0.6787
chr1	139160	139161	27	0.7791
chr1	139169	139170	40	0.6058
chr1	139201	139202	28	0.4603
chr1	139220	139221	26	0.3122
chr1	139270	139271	25	0.4694
chr1	139305	139306	30	0.4009
chr1	139324	139325	29	0.6165
chr1	139362	139363	27	0.485
chr1	139378	139379	26	0.4335
chr1	139396	139397	38	0.3977
chr1	139423	139424	33	0.3762
chr1	139445	139446	33	0.452
chr1	139490	139491	28	0.4447
chr1	139540	139541	34	0.4312
chr1	139587	139588	31	0.4678
chr1	139623	139624	32	0.4041
chr1	139723	139724	29	0.3529
chr1	139786	139787	25	0.5552
chr1	139886	139887	33	0.365
chr1	139984	139985	35	0.4875
chr1	140046	140047	35	0.6437
chr1	140054	140055	32	0.423
chr1	140062	140063	33	0.2064
chr1	140080	140081	30	0.3652
chr1	140092	140093	22	0.3721
chr1	140242	140243	30	0.0
chr1	140288	140289	31	0.3297
chr1	140315	140316	31	0.7084
chr1	140355	140356	35	0.928
chr1	140405	140406	26	0.869
chr1	140430	140431	30	0.8302
chr1	140467	140468	34	0.7001
chr1	140485	140486	24	0.6569
chr1	140525	140526	36	0.7706
chr1	140553	140554	37	0.5664
chr1	140568	140569	27	0.7307
chr1	140618	140619	25	0.7639
chr1	140641	140642	30	0.9246
chr1	140691	140692	34	0.7155
chr1	140729	140730	30	0.815
chr1	140770	140771	23	0.8565
chr1	140816	140817	28	0.7402
chr1	140866	140867	23	0.7706
chr1	140921	140922	32	0.6688
chr1	140994	140995	39	0.6373
chr1	141094	141095	28	0.6952
chr1	141144	141145	26	0.8387
chr1	141244	141245	29	0.8556
chr1	141294	141295	32	0.7183
chr1	141354	141355	39	0.9842
chr1	141360	141361	27	0.8309
chr1	141365	141366	13	0.6449
chr1	141394	141395	30	0.6356
chr1	141436	141437	33	0.6399
chr1	141461	141462	22	0.6986
chr1	141492	141493	34	0.7278
chr1	141531	141532	36	0.6799
chr1	141576	141577	35	0.6918
chr1	141607	141608	25	0.5955
chr1	141622	141623	25	0.7406
chr1	141667	141668	23	0.8298
chr1	141696	141697	32	0.608
chr1	141732	141733	33	0.7247
chr1	141768	141769	31	0.524
chr1	141811	141812	30	0.5672
chr1	141833	141834	37	0.7726
chr1	141835	141836	35	0.7616
chr1	141888	141889	31	0.706
chr1	141988	141989	32	0.6436
chr1	142088	142089	37	0.6439
chr1	142188	142189	28	0.5222
chr1	142238	142239	28	0.613
chr1	142306	142307	31	0.7142
chr1	142356	142357	28	0.8829
chr1	142418	142419	33	0.9384
chr1	142540	142541	35	0.8562
chr1	142612	142613	29	0.7913
chr1	142626	142627	35	0.9204
chr1	142636	142637	31	0.7736
chr1	142696	142697	31	0.7282
chr1	142732	142733	26	1.0
chr1	142757	142758	28	0.7203
chr1	142786	142787	31	0.7553
chr1	142814	142815	33	0.7847
chr1	142864	142865	33	0.7266
chr1	142905	142906	26	0.586
chr1	142934	142935	31	0.8904
chr1	142984	142985	30	0.7009
chr1	143034	143035	32	0.8358
chr1	143061	143062	30	0.7935
chr1	143111	143112	32	0.6326
chr1	143140	143141	21	0.6023
chr1	143240	143241	35	0.8881
chr1	143303	143304	27	0.7286
chr1	143353	143354	26	0.6369
chr1	143453	143454	23	0.755
chr1	143463	143464	27	0.7797
chr1	143537	143538	33	0.6146
chr1	143547	143548	28	0.5064
chr1	143568	143569	26	0.438
chr1	143614	143615	26	0.5527
chr1	143635	143636	27	0.4718
chr1	143685	143686	17	0.4974
chr1	143712	143713	32	0.57
chr1	143727	143728	30	0.4256
chr1	143777	143778	35	0.3464
chr1	143826	143827	29	0.3551
chr1	143876	143877	27	0.6219
chr1	143913	143914	10	0.4786
chr1	143947	143948	31	0.4262
chr1	143990	143991	35	0.5326
chr1	144014	144015	33	0.337
chr1	144114	144115	33	0.3691
chr1	144214	144215	25	0.4737
chr1	144294	144295	29	0.4554
chr1	144357	144358	32	0.5461
chr1	144457	144458	27	0.6308
chr1	144493	144494	32	0.9414
chr1	144591	144592	36	0.7876
chr1	144681	144682	30	0.6547
chr1	144809	144810	34	0.6746
chr1	144879	144880	24	0.765
chr1	144913	144914	31	0.5445
chr1	144945	144946	33	0.8454
chr1	144964	144965	34	0.8508
chr1	145009	145010	23	0.7923
chr1	145029	145030	23	0.7547
chr1	145051	145052	30	0.8142
chr1	145101	145102	39	0.7586
chr1	145144	145145	26	0.7361
chr1	145182	145183	36	0.7792
chr1	145205	145206	35	0.8183
chr1	145227	145228	28	0.8646
chr1	145319	145320	34	0.9323
chr1	145334	145335	27	0.7046
chr1	145384	145385	31	0.9074
chr1	145426	145427	33	0.7379
chr1	145441	145442	39	0.8024
chr1	145459	145460	26	0.8792
chr1	145475	145476	34	0.8076
chr1	145485	145486	26	0.8143
chr1	145585	145586	29	0.7949
chr1	145641	145642	34	0.9241
chr1	145741	145742	36	0.75
chr1	145834	145835	30	0.8022
chr1	145884	145885	27	0.9286
chr1	145984	145985	29	0.7733
chr1	146024	146025	38	0.9064
chr1	146076	146077	27	0.7861
chr1	146101	146102	30	0.8082
chr1	146121	146122	29	0.6321
chr1	146143	146144	26	0.7771
chr1	146166	146167	32	0.7259
chr1	146214	146215	24	0.8778
chr1	146242	146243	39	0.7341
chr1	146261	146262	28	0.8347
chr1	146288	146289	29	0.7271
chr1	146328	146329	28	0.7021
chr1	146363	146364	30	0.534
chr1	146395	146396	33	0.8213
chr1	146436	146437	38	0.7085
chr1	146465	146466	31	0.6714
chr1	146494	146495	33	0.8126
chr1	146534	146535	28	0.7018
chr1	146569	146570	28	0.7851
chr1	146570	146571	28	0.7704
chr1	146670	146671	30	0.823
chr1	146770	146771	30	0.7404
chr1	146820	146821	25	0.7791
chr1	146920	146921	22	0.7994
chr1	147007	147008	26	0.7987
chr1	147051	147052	24	0.7884
chr1	147073	147074	22	0.4686
chr1	147088	147089	19	0.4247
chr1	147136	147137	23	0.4783
chr1	147160	147161	24	0.5623
chr1	147175	147176	38	0.5263
chr1	147197	147198	29	0.653
chr1	147223	147224	27	0.4646
chr1	147249	147250	29	0.4549
chr1	147299	147300	24	0.6105
chr1	147343	147344	30	0.4304
chr1	147378	147379	29	0.5948
chr1	147403	147404	27	0.5503
chr1	147441	147442	24	0.3685
chr1	147491	147492	34	0.6954
chr1	147523	147524	23	0.5053
chr1	147568	147569	26	0.5256
chr1	147659	147660	25	0.6657
chr1	147759	147760	32	0.3604
chr1	147859	147860	28	0.5194
chr1	147940	147941	34	0.5067
chr1	147990	147991	27	0.6297
chr1	148022	148023	29	0.7388
chr1	148030	148031	31	0.2111
chr1	148060	148061	24	0.2113
chr1	148083	148084	26	0.4109
chr1	148133	148134	29	0.3466
chr1	148148	148149	27	0.2843
chr1	148185	148186	21	0.3078
chr1	148235	148236	32	0.2638
chr1	148285	148286	17	0.1139
chr1	148319	148320	27	0.3482
chr1	148336	148337	22	0.2366
chr1	148369	148370	34	0.2487
chr1	148401	148402	24	0.3255
chr1	148426	148427	29	0.4155
chr1	148444	148445	30	0.266
chr1	148466	148467	26	0.3035
chr1	148504	148505	25	0.4387
chr1	148535	148536	28	0.2272
chr1	148552	148553	24	0.2196
chr1	148602	148603	29	0.3029
chr1	148702	148703	31	0.2931
chr1	148761	148762	35	0.1041
chr1	148848	148849	33	0.1931
chr1	148948	148949	28	0.3302
chr1	148998	148999	31	0.3038
chr1	149080	149081	37	0.0
chr1	149082	149083	26	0.0101
chr1	149246	149247	24	0.0985
chr1	149280	149281	31	0.0429
chr1	149354	149355	33	0.0469
chr1	149400	149401	30	0.0
chr1	149448	149449	28	0.0887
chr1	149464	149465	27	0.1845
chr1	149513	149514	33	0.7524
chr1	149536	149537	29	0.9676
chr1	149573	149574	31	0.7456
chr1	149588	149589	36	0.7479
chr1	149603	149604	33	0.8732
chr1	149653	149654	28	0.8977
chr1	149670	149671	25	0.8481
chr1	149708	149709	30	0.7053
chr1	149758	149759	27	0.8567
chr1	149799	149800	34	0.7351
chr1	149818	149819	29	0.9444
chr1	149847	149848	24	0.834
chr1	149882	149883	23	0.7503
chr1	149897	149898	27	0.8234
chr1	149919	149920	33	0.6768
chr1	149957	149958	27	0.7429
chr1	149986	149987	35	0.8306
chr1	150028	150029	26	0.9179
chr1	150046	150047	30	0.8504
chr1	150073	150074	25	0.9486
chr1	150173	150174	27	0.7909
chr1	150252	150253	31	0.8915
chr1	150352	150353	34	0.8793
chr1	150452	150453	28	0.8697
chr1	150552	150553	38	0.8665
chr1	150627	150628	33	0.8815
chr1	150653	150654	37	0.9688
chr1	150727	150728	30	0.7993
chr1	150753	150754	29	0.7118
chr1	150784	150785	24	0.5703
chr1	150820	150821	27	0.6335
chr1	150854	150855	26	0.7222
chr1	150884	150885	31	0.6098
chr1	150899	150900	30	0.5534
chr1	150943	150944	33	0.5557
chr1	150988	150989	26	0.6236
chr1	151038	151039	29	0.5658
chr1	151083	151084	30	0.5368
chr1	151117	151118	29	0.4998
chr1	151157	151158	29	0.5129
chr1	151191	151192	34	0.6436
chr1	151208	151209	33	0.6865
chr1	151258	151259	33	0.6707
chr1	151290	151291	20	0.8375
chr1	151390	151391	30	0.8028
chr1	151440	151441	27	0.8004
chr1	151540	151541	17	0.7891
chr1	151640	151641	31	0.7088
chr1	151740	151741	24	0.7331
chr1	151809	151810	29	0.7091
chr1	151857	151858	24	0.8882
chr1	151907	151908	21	0.682
chr1	151928	151929	18	0.8748
chr1	151945	151946	18	0.8742
chr1	151970	151971	26	0.7872
chr1	151996	151997	22	0.8619
chr1	152028	152029	23	0.8982
chr1	152051	152052	24	0.8136
chr1	152079	152080	38	0.8038
chr1	152116	152117	23	0.8553
chr1	152131	152132	28	0.7062
chr1	152167	152168	29	0.8384
chr1	152185	152186	28	0.8045
chr1	152235	152236	31	0.7612
chr1	152268	152269	32	0.746
chr1	152302	152303	28	0.7927
chr1	152331	152332	32	0.8735
chr1	152346	152347	33	0.669
chr1	152361	152362	31	0.6269
chr1	152377	152378	33	0.7647
chr1	152400	152401	31	0.7579
chr1	152424	152425	29	0.9087
chr1	152426	152427	32	0.896
chr1	152511	152512	27	0.9046
chr1	152611	152612	21	0.7073
chr1	152711	152712	22	0.7486
chr1	152799	152800	27	0.9311
chr1	152899	152900	29	0.9322
chr1	152919	152920	31	0.7884
chr1	152987	152988	39	0.7846
chr1	153011	153012	32	0.5987
chr1	153033	153034	37	0.6904
chr1	153083	153084	30	0.545
chr1	153102	153103	26	0.6579
chr1	153152	153153	30	0.5865
chr1	153173	153174	24	0.5031
chr1	153223	153224	41	0.5353
chr1	153255	153256	19	0.5991
chr1	153282	153283	31	0.6852
chr1	153320	153321	24	0.4847
chr1	153353	153354	32	0.6928
chr1	153377	153378	24	0.5885
chr1	153392	153393	34	0.4706
chr1	153437	153438	35	0.5112
chr1	153454	153455	31	0.613
chr1	153502	153503	21	0.6594
chr1	153518	153519	33	0.5848
chr1	153550	153551	29	0.727
chr1	153650	153651	27	0.6654
chr1	153749	153750	35	0.7236
chr1	153799	153800	28	0.6087
chr1	153861	153862	27	0.707
chr1	153911	153912	34	0.6865
chr1	154011	154012	34	0.8036
chr1	154039	154040	31	0.4981
chr1	154043	154044	29	0.6226
chr1	154081	154082	26	0.2278
chr1	154106	154107	25	0.1684
chr1	154152	154153	26	0.1637
chr1	154202	154203	29	0.3407
chr1	154252	154253	30	0.1637
chr1	154294	154295	34	0.0
chr1	154341	154342	24	0.109
chr1	154363	154364	31	0.0987
chr1	154401	154402	31	0.1176
chr1	154416	154417	35	0.0357
chr1	154448	154449	33	0.1318
chr1	154498	154499	35	0.0305
chr1	154520	154521	28	0.2031
chr1	154539	154540	21	0.0487
chr1	154589	154590	33	0.1729
chr1	154608	154609	24	0.0205
chr1	154610	154611	33	0.1583
chr1	154710	154711	31	0.1218
chr1	154810	154811	30	0.0489
chr1	154910	154911	36	0.1851
chr1	154960	154961	25	0.1296
chr1	155054	155055	29	0.1567
chr1	155119	155120	28	0.1843
chr1	155175	155176	34	0.1444
chr1	155219	155220	38	0.0
chr1	155226	155227	29	0.4648
chr1	155249	155250	34	0.5307
chr1	155299	155300	23	0.3777
chr1	155334	155335	37	0.3983
chr1	155353	155354	19	0.5468
chr1	155386	155387	34	0.4949
chr1	155436	155437	36	0.4227
chr1	155464	155465	26	0.4169
chr1	155502	155503	32	0.3801
chr1	155521	155522	29	0.3893
chr1	155544	155545	31	0.4568
chr1	155571	155572	32	0.3899
chr1	155595	155596	35	0.4042
chr1	155639	155640	34	0.3984
chr1	155683	155684	28	0.4458
chr1	155705	155706	29	0.4454
chr1	155729	155730	26	0.3219
chr1	155768	155769	21	0.3544
chr1	155783	155784	26	0.469
chr1	155808	155809	30	0.4641
chr1	155823	155824	32	0.4495
chr1	155838	155839	27	0.5644
chr1	155938	155939	32	0.3786
chr1	156038	156039	38	0.3045
chr1	156138	156139	28	0.3441
chr1	156188	156189	28	0.4382
chr1	156247	156248	26	0.2916
chr1	156347	156348	28	0.434
chr1	156447	156448	30	0.6001
chr1	156495	156496	38	0.2233
chr1	156521	156522	32	0.0484
chr1	156611	156612	28	0.1816
chr1	156651	156652	22	0.1818
chr1	156723	156724	26	0.3031
chr1	156875	156876	28	0.2961
chr1	156881	156882	27	0.6505
chr1	156898	156899	32	0.4775
chr1	156930	156931	23	0.6711
chr1	156945	156946	27	0.5799
chr1	156980	156981	36	0.6144
chr1	157014	157015	36	0.5779
chr1	157059	157060	30	0.6488
chr1	157074	157075	23	0.3787
chr1	157089	157090	31	0.6251
chr1	157118	157119	31	0.7005
chr1	157156	157157	38	0.6614
chr1	157179	157180	26	0.5697
chr1	157206	157207	27	0.4167
chr1	157243	157244	28	0.778
chr1	157292	157293	37	0.6342
chr1	157307	157308	25	0.4477
chr1	157341	157342	29	0.442
chr1	157357	157358	27	0.7012
chr1	157377	157378	24	0.4262
chr1	157439	157440	28	0.5065
chr1	157531	157532	30	0.6059
chr1	157631	157632	26	0.6777
chr1	157731	157732	27	0.6206
chr1	157831	157832	26	0.5361
chr1	157839	157840	25	0.9846
chr1	158027	158028	35	0.9718
chr1	158047	158048	38	0.8328
chr1	158103	158104	21	0.8491
chr1	158151	158152	33	1.0
chr1	158195	158196	35	0.9672
chr1	158241	158242	36	0.851
chr1	158325	158326	28	0.9771
chr1	158334	158335	28	0.6168
chr1	158355	158356	30	0.4781
chr1	158404	158405	45	0.3287
chr1	158434	158435	27	0.4434
chr1	158465	158466	22	0.5801
chr1	158489	158490	33	0.4745
chr1	158520	158521	26	0.336
chr1	158570	158571	24	0.4395
chr1	158592	158593	36	0.4875
chr1	158608	158609	28	0.4918
chr1	158628	158629	32	0.3835
chr1	158664	158665	32	0.4041
chr1	158704	158705	31	0.5366
chr1	158725	158726	27	0.4235
chr1	158735	158736	23	0.4971
chr1	158835	158836	34	0.5297
chr1	158935	158936	36	0.4847
chr1	159035	159036	23	0.3954
chr1	159135	159136	29	0.4409
chr1	159175	159176	35	0.7499
chr1	159227	159228	38	0.6346
chr1	159317	159318	37	0.5729
chr1	159475	159476	31	0.651
chr1	159549	159550	38	0.6848
chr1	159589	159590	37	0.6309
chr1	159611	159612	36	0.5762
chr1	159615	159616	29	0.9224
chr1	159639	159640	28	0.7565
chr1	159672	159673	43	0.8602
chr1	159687	159688	32	0.8971
chr1	159727	159728	32	0.8491
chr1	159772	159773	27	0.9524
chr1	159787	159788	29	0.8358
chr1	159802	159803	27	0.958
chr1	159832	159833	38	0.7918
chr1	159852	159853	33	0.7033
chr1	159878	159879	33	0.8281
chr1	159900	159901	35	0.9337
chr1	159919	159920	28	0.7838
chr1	159969	159970	31	0.8237
chr1	159999	160000	37	0.6992
chr1	160049	160050	27	0.7473
chr1	160099	160100	26	0.8267
chr1	160149	160150	30	0.8728
chr1	160180	160181	31	0.8566
chr1	160193	160194	28	0.7913
chr1	160293	160294	34	0.8803
chr1	160364	160365	34	0.7939
chr1	160450	160451	34	0.7596
chr1	160517	160518	25	0.8601
chr1	160617	160618	20	0.7691
chr1	160717	160718	41	0.7725
chr1	160773	160774	30	0.8256
chr1	160801	160802	33	0.6879
chr1	160820	160821	36	0.8727
chr1	160870	160871	31	0.8762
chr1	160894	160895	31	0.684
chr1	160930	160931	24	0.8164
chr1	160949	160950	37	0.7671
chr1	160964	160965	38	0.9309
chr1	160988	160989	34	0.7888
chr1	161027	161028	32	0.8825
chr1	161071	161072	27	0.7319
chr1	161098	161099	26	0.7102
chr1	161141	161142	36	0.8006
chr1	161178	161179	34	0.6062
chr1	161201	161202	39	0.8388
chr1	161236	161237	30	0.6874
chr1	161270	161271	15	0.7938
chr1	161370	161371	35	0.633
chr1	161462	161463	32	0.7417
chr1	161550	161551	30	0.7967
chr1	161609	161610	25	0.631
chr1	161662	161663	33	0.6583
chr1	161726	161727	29	0.8676
chr1	161730	161731	21	0.7748
chr1	161770	161771	28	0.6386
chr1	161795	161796	19	0.7134
chr1	161817	161818	33	0.7178
chr1	161836	161837	29	0.8036
chr1	161886	161887	28	0.8288
chr1	161926	161927	34	0.6807
chr1	161971	161972	26	0.8074
chr1	161996	161997	31	0.7796
chr1	162011	162012	36	0.764
chr1	162026	162027	26	0.7771
chr1	162047	162048	34	0.6413
chr1	162063	162064	30	0.6434
chr1	162084	162085	39	0.7543
chr1	162108	162109	30	0.6654
chr1	162158	162159	31	0.8529
chr1	162208	162209	33	0.752
chr1	162226	162227	27	0.802
chr1	162231	162232	29	0.7841
chr1	162281	162282	23	0.5798
chr1	162358	162359	25	0.9875
chr1	162446	162447	29	0.9013
chr1	162522	162523	29	0.9238
chr1	162586	162587	25	0.8603
chr1	162639	162640	31	0.702
chr1	162651	162652	30	0.7756
chr1	162693	162694	30	0.8885
chr1	162703	162704	28	0.4213
chr1	162753	162754	27	0.639
chr1	162778	162779	30	0.5133
chr1	162801	162802	31	0.6
chr1	162823	162824	25	0.6777
chr1	162866	162867	33	0.4252
chr1	162895	162896	32	0.4748
chr1	162913	162914	29	0.4942
chr1	162963	162964	37	0.5921
chr1	163007	163008	31	0.5034
chr1	163050	163051	32	0.5317
chr1	163078	163079	41	0.5185
chr1	163107	163108	24	0.5582
chr1	163132	163133	33	0.5023
chr1	163167	163168	33	0.5486
chr1	163198	163199	28	0.7138
chr1	163255	163256	31	0.5021
chr1	163441	163442	40	0.7399
chr1	163541	163542	27	0.7103
chr1	163597	163598	29	0.2709
chr1	163682	163683	30	0.6288
chr1	163744	163745	27	0.4554
chr1	163760	163761	32	0.1295
chr1	164020	164021	27	0.2219
chr1	164072	164073	37	0.2574
chr1	164092	164093	31	0.2826
chr1	164128	164129	33	0.1713
chr1	164152	164153	26	0.3263
chr1	164177	164178	26	0.2645
chr1	164218	164219	31	0.1199
chr1	164258	164259	29	0.2037
chr1	164308	164309	35	0.1831
chr1	164323	164324	27	0.1059
chr1	164338	164339	37	0.3264
chr1	164353	164354	26	0.1155
chr1	164368	164369	30	0.2137
chr1	164392	164393	33	0.1048
chr1	164426	164427	36	0.3806
chr1	164467	164468	37	0.1679
chr1	164515	164516	37	0.241
chr1	164565	164566	25	0.2078
chr1	164587	164588	22	0.133
chr1	164614	164615	24	0.2027
chr1	164629	164630	39	0.1928
chr1	164655	164656	36	0.189
chr1	164665	164666	21	0.1145
chr1	164765	164766	41	0.1059
chr1	164825	164826	34	0.2384
chr1	164925	164926	36	0.1468
chr1	165025	165026	28	0.2719
chr1	165106	165107	30	0.1278
chr1	165158	165159	31	0.2753
chr1	165212	165213	33	0.088
chr1	165225	165226	32	0.3286
chr1	165254	165255	35	0.4194
chr1	165281	165282	30	0.0498
chr1	165298	165299	31	0.0466
chr1	165324	165325	32	0.0
chr1	165362	165363	32	0.3448
chr1	165401	165402	25	0.3118
chr1	165425	165426	22	0.441
chr1	165451	165452	26	0.1173
chr1	165480	165481	19	0.4535
chr1	165530	165531	27	0.2841
chr1	165571	165572	45	0.3145
chr1	165592	165593	33	0.5084
chr1	165641	165642	29	0.0626
chr1	165691	165692	34	0.0
chr1	165711	165712	37	0.1071
chr1	165761	165762	23	0.4434
chr1	165775	165776	22	0.0
chr1	165825	165826	33	0.0969
chr1	165901	165902	31	0.0644
chr1	165951	165952	36	0.3459
chr1	166037	166038	28	0.0
chr1	166137	166138	33	0.0599
chr1	166231	166232	22	0.0
chr1	166328	166329	40	0.0671
chr1	166374	166375	25	0.7837
chr1	166394	166395	26	0.7161
chr1	166430	166431	20	0.659
chr1	166480	166481	30	0.8458
chr1	166529	166530	29	0.7977
chr1	166570	166571	31	0.8391
chr1	166591	166592	26	0.7263
chr1	166611	166612	34	0.6428
chr1	166652	166653	24	0.7714
chr1	166690	166691	34	0.8053
chr1	166716	166717	29	0.7364
chr1	166734	166735	33	0.521
chr1	166784	166785	32	0.6988
chr1	166834	166835	35	0.7611
chr1	166868	166869	24	0.6492
chr1	166901	166902	25	0.643
chr1	167001	167002	29	0.6301
chr1	167101	167102	37	0.8888
chr1	167151	167152	35	0.7809
chr1	167201	167202	26	0.7724
chr1	167251	167252	35	0.82
chr1	167351	167352	24	0.7615
chr1	167363	167364	24	0.6195
chr1	167371	167372	27	0.8494
chr1	167376	167377	26	0.4867
chr1	167417	167418	37	0.2595
chr1	167452	167453	25	0.5137
chr1	167496	167497	24	0.443
chr1	167545	167546	32	0.4336
chr1	167595	167596	31	0.3834
chr1	167620	167621	30	0.526
chr1	167641	167642	24	0.557
chr1	167676	167677	28	0.4622
chr1	167707	167708	27	0.6068
chr1	167757	167758	29	0.5045
chr1	167787	167788	31	0.3601
chr1	167802	167803	25	0.5649
chr1	167843	167844	27	0.5284
chr1	167861	167862	25	0.5506
chr1	167961	167962	36	0.3994
chr1	168061	168062	40	0.2824
chr1	168152	168153	30	0.4231
chr1	168252	168253	34	0.5404
chr1	168360	168361	38	0.9193
chr1	168370	168371	27	0.8579
chr1	168386	168387	27	0.7159
chr1	168414	168415	27	0.653
chr1	168442	168443	28	0.7717
chr1	168450	168451	34	0.6466
chr1	168632	168633	24	0.7396
chr1	168698	168699	26	0.7133
chr1	168738	168739	27	0.5641
chr1	168758	168759	26	0.681
chr1	168788	168789	28	0.6367
chr1	168816	168817	30	0.7317
chr1	168847	168848	31	0.6919
chr1	168869	168870	34	0.6828
chr1	168919	168920	37	0.6592
chr1	168934	168935	36	0.7045
chr1	168955	168956	27	0.6831
chr1	169005	169006	22	0.5253
chr1	169055	169056	24	0.8217
chr1	169079	169080	26	0.6908
chr1	169101	169102	31	0.5846
chr1	169117	169118	26	0.5124
chr1	169163	169164	31	0.5786
chr1	169203	169204	29	0.6098
chr1	169224	169225	29	0.7303
chr1	169256	169257	30	0.8046
chr1	169268	169269	41	0.7269
chr1	169318	169319	31	0.6408
chr1	169418	169419	25	0.633
chr1	169505	169506	25	0.7982
chr1	169605	169606	29	0.5467
chr1	169655	169656	32	0.801
chr1	169740	169741	30	0.5233
chr1	169754	169755	30	0.7376
chr1	169796	169797	28	0.762
chr1	169802	169803	23	0.5717
chr1	169852	169853	40	0.4927
chr1	169867	169868	27	0.4133
chr1	169887	169888	23	0.4111
chr1	169918	169919	25	0.4986
chr1	169961	169962	37	0.6054
chr1	169981	169982	24	0.3913
chr1	170010	170011	27	0.5277
chr1	170039	170040	25	0.4404
chr1	170072	170073	25	0.6226
chr1	170122	170123	30	0.6241
chr1	170148	170149	23	0.3325
chr1	170188	170189	26	0.5788
chr1	170214	170215	28	0.4733
chr1	170220	170221	30	0.6466
chr1	170309	170310	28	0.4993
chr1	170409	170410	39	0.4123
chr1	170509	170510	44	0.5384
chr1	170609	170610	26	0.477
chr1	170785	170786	27	0.5707
chr1	170827	170828	28	0.765
chr1	170837	170838	28	0.7558
chr1	170973	170974	39	0.919
chr1	171079	171080	24	0.7535
chr1	171093	171094	35	0.1504
chr1	171108	171109	32	0.2743
chr1	171146	171147	30	0.1825
chr1	171165	171166	28	0.1111
chr1	171191	171192	19	0.2214
chr1	171214	171215	29	0.3528
chr1	171264	171265	28	0.3237
chr1	171285	171286	27	0.2565
chr1	171334	171335	31	0.29
chr1	171379	171380	30	0.1755
chr1	171424	171425	36	0.2532
chr1	171446	171447	31	0.1471
chr1	171475	171476	27	0.3072
chr1	171497	171498	29	0.2189
chr1	171515	171516	23	0.3034
chr1	171547	171548	28	0.1766
chr1	171548	171549	32	0.2109
chr1	171636	171637	27	0.1466
chr1	171700	171701	32	0.2067
chr1	171797	171798	33	0.2819
chr1	171849	171850	29	0.1966
chr1	171936	171937	26	0.1188
chr1	171986	171987	31	0.2231
chr1	172028	172029	23	0.2566
chr1	172033	172034	26	0.18
chr1	172073	172074	34	0.2265
chr1	172104	172105	29	0.2963
chr1	172145	172146	21	0.1602
chr1	172189	172190	25	0.412
chr1	172209	172210	34	0.2209
chr1	172224	172225	26	0.0893
chr1	172269	172270	24	0.0949
chr1	172297	172298	36	0.324
chr1	172333	172334	25	0.3459
chr1	172375	172376	31	0.2108
chr1	172407	172408	32	0.1818
chr1	172457	172458	32	0.2764
chr1	172460	172461	26	0.23
chr1	172537	172538	29	0.3775
chr1	172637	172638	27	0.1765
chr1	172690	172691	27	0.2197
chr1	172790	172791	44	0.2027
chr1	172880	172881	29	0.3539
chr1	172926	172927	35	0.0777
chr1	173080	173081	35	0.0215
chr1	173148	173149	27	0.0
chr1	173244	173245	31	0.1285
chr1	173260	173261	34	0.1318
chr1	173356	173357	36	0.04
chr1	173370	173371	32	0.2206
chr1	173375	173376	33	0.7908
chr1	173393	173394	32	0.9093
chr1	173430	173431	21	0.7572
chr1	173445	173446	31	0.4179
chr1	173461	173462	42	0.4143
chr1	173486	173487	37	0.5524
chr1	173505	173506	18	0.4595
chr1	173540	173541	29	0.536
chr1	173590	173591	36	0.578
chr1	173615	173616	30	0.7975
chr1	173634	173635	34	0.7359
chr1	173666	173667	34	0.6323
chr1	173716	173717	28	0.7845
chr1	173757	173758	34	0.8321
chr1	173801	173802	34	0.6869
chr1	173851	173852	34	0.8504
chr1	173924	173925	26	0.9091
chr1	173995	173996	32	0.8845
chr1	174055	174056	26	0.8428
chr1	174155	174156	26	0.8664
chr1	174205	174206	32	0.7333
chr1	174315	174316	34	0.7515
chr1	174349	174350	27	0.9443
chr1	174427	174428	27	0.7215
chr1	174613	174614	37	0.8348
chr1	174695	174696	27	0.5174
chr1	174745	174746	22	0.7544
chr1	174794	174795	36	0.9736
chr1	174844	174845	31	0.8783
chr1	174878	174879	27	0.8793
chr1	174893	174894	30	0.8922
chr1	174943	174944	29	0.7645
chr1	174964	174965	29	0.8525
chr1	174985	174986	17	0.7634
chr1	175015	175016	22	0.8227
chr1	175030	175031	32	0.7648
chr1	175048	175049	29	0.7622
chr1	175091	175092	32	0.9456
chr1	175133	175134	31	0.9918
chr1	175153	175154	33	0.8437
chr1	175198	175199	21	0.8406
chr1	175248	175249	35	0.8759
chr1	175276	175277	34	0.9563
chr1	175361	175362	28	0.8978
chr1	175461	175462	28	0.6708
chr1	175561	175562	29	0.8584
chr1	175661	175662	24	0.9251
chr1	175761	175762	41	0.8853
chr1	175785	175786	30	0.9073
chr1	175845	175846	23	0.893
chr1	175891	175892	34	0.4253
chr1	175906	175907	30	0.4371
chr1	175953	175954	34	0.4012
chr1	175971	175972	30	0.5033
chr1	176009	176010	35	0.5184
chr1	176026	176027	34	0.4382
chr1	176045	176046	28	0.4433
chr1	176076	176077	32	0.6138
chr1	176107	176108	29	0.4352
chr1	176157	176158	25	0.3706
chr1	176198	176199	38	0.5501
chr1	176236	176237	36	0.5695
chr1	176251	176252	23	0.4988
chr1	176291	176292	33	0.6455
chr1	176325	176326	25	0.4248
chr1	176364	176365	33	0.4658
chr1	176385	176386	35	0.4269
chr1	176476	176477	36	0.6007
chr1	176575	176576	34	0.6402
chr1	176675	176676	22	0.6249
chr1	176775	176776	32	0.5468
chr1	176827	176828	34	0.5046
chr1	176901	176902	35	0.6416
chr1	176938	176939	39	0.7589
chr1	176988	176989	46	0.8948
chr1	177027	177028	32	0.8453
chr1	177069	177070	31	0.8092
chr1	177111	177112	30	0.668
chr1	177161	177162	25	0.7765
chr1	177188	177189	23	0.7129
chr1	177238	177239	27	0.7229
chr1	177253	177254	27	0.7921
chr1	177299	177300	35	0.8174
chr1	177333	177334	28	0.7661
chr1	177349	177350	31	0.7018
chr1	177387	177388	40	0.7087
chr1	177422	177423	30	0.8542
chr1	177516	177517	32	0.7614
chr1	177578	177579	29	0.7783
chr1	177638	177639	32	0.7554
chr1	177688	177689	27	0.6875
chr1	177779	177780	22	0.7738
chr1	177869	177870	29	0.888
chr1	177913	177914	36	0.8843
chr1	177963	177964	28	0.7583
chr1	177978	177979	29	0.9054
chr1	178009	178010	32	0.8064
chr1	178038	178039	29	0.8381
chr1	178068	178069	33	0.7764
chr1	178103	178104	22	0.785
chr1	178130	178131	36	0.8377
chr1	178146	178147	30	0.8111
chr1	178172	178173	38	0.8783
chr1	178210	178211	34	0.8733
chr1	178238	178239	25	0.9171
chr1	178288	178289	33	0.6398
chr1	178324	178325	33	0.8598
chr1	178339	178340	29	0.7092
chr1	178354	178355	27	0.7865
chr1	178454	178455	27	0.9492
chr1	178554	178555	22	0.8424
chr1	178654	178655	24	0.8843
chr1	178713	178714	17	0.8725
chr1	178773	178774	31	0.8736
chr1	178805	178806	30	0.9606
chr1	178840	178841	36	0.9828
chr1	178876	178877	25	0.6461
chr1	178896	178897	32	0.6669
chr1	178933	178934	29	0.7815
chr1	178983	178984	39	0.8011
chr1	179011	179012	33	0.9216
chr1	179061	179062	30	0.9109
chr1	179103	179104	29	0.5679
chr1	179153	179154	28	0.9298
chr1	179168	179169	33	0.8141
chr1	179200	179201	24	0.9038
chr1	179233	179234	39	0.7587
chr1	179274	179275	28	0.8322
chr1	179297	179298	27	0.8879
chr1	179336	179337	31	0.8151
chr1	179361	179362	24	0.7372
chr1	179381	179382	25	0.8415
chr1	179431	179432	29	0.783
chr1	179517	179518	34	0.8946
chr1	179602	179603	27	0.968
chr1	179684	179685	37	0.8021
chr1	179748	179749	25	0.8047
chr1	179836	179837	34	0.846
chr1	179886	179887	26	0.7761
chr1	179946	179947	35	0.8435
chr1	179967	179968	26	0.8831
chr1	179982	179983	32	0.732
chr1	180017	180018	32	0.6517
chr1	180035	180036	29	0.8488
chr1	180085	180086	27	0.9483
chr1	180103	180104	23	0.6762
chr1	180131	180132	27	0.7912
chr1	180156	180157	31	0.9108
chr1	180190	180191	33	0.5484
chr1	180207	180208	25	0.7033
chr1	180246	180247	25	0.7458
chr1	180261	180262	20	0.7855
chr1	180278	180279	29	0.9095
chr1	180306	180307	36	0.8359
chr1	180356	180357	30	0.7726
chr1	180376	180377	39	0.6597
chr1	180409	180410	25	0.8968
chr1	180436	180437	19	0.8995
chr1	180455	180456	28	0.796
chr1	180471	180472	26	0.8881
chr1	180571	180572	31	0.6587
chr1	180645	180646	22	0.9094
chr1	180745	180746	34	0.7954
chr1	180845	180846	28	0.7635
chr1	180945	180946	25	0.8765
chr1	180965	180966	30	1.0
chr1	181045	181046	26	0.8481
chr1	181087	181088	27	0.6906
chr1	181109	181110	28	0.7407
chr1	181129	181130	28	0.6177
chr1	181153	181154	42	0.8111
chr1	181203	181204	38	0.7296
chr1	181228	181229	37	0.591
chr1	181251	181252	22	0.7149
chr1	181274	181275	26	0.6053
chr1	181312	181313	33	0.7653
chr1	181362	181363	40	0.6654
chr1	181377	181378	29	0.6937
chr1	181427	181428	30	0.6742
chr1	181472	181473	24	0.7701
chr1	181522	181523	30	0.6479
chr1	181555	181556	28	0.5885
chr1	181655	181656	34	0.5228
chr1	181755	181756	25	0.7668
chr1	181855	181856	21	0.8284
chr1	181905	181906	27	0.658
chr1	182005	182006	29	0.7909
chr1	182101	182102	31	0.8301
chr1	182151	182152	28	0.2047
chr1	182168	182169	31	0.1774
chr1	182183	182184	39	0.2569
chr1	182233	182234	29	0.2615
chr1	182252	182253	33	0.1818
chr1	182271	182272	32	0.3784
chr1	182294	182295	32	0.2474
chr1	182318	182319	31	0.1971
chr1	182353	182354	32	0.385
chr1	182372	182373	32	0.2397
chr1	182387	182388	38	0.2161
chr1	182437	182438	29	0.1888
chr1	182473	182474	17	0.2325
chr1	182497	182498	31	0.2156
chr1	182577	182578	36	0.2795
chr1	182598	182599	28	0.3053
chr1	182613	182614	28	0.1554
chr1	182640	182641	28	0.3373
chr1	182678	182679	36	0.2182
chr1	182693	182694	30	0.3993
chr1	182714	182715	24	0.3916
chr1	182741	182742	25	0.2375
chr1	182751	182752	33	0.2481
chr1	182846	182847	35	0.4549
chr1	182946	182947	27	0.2881
chr1	183010	183011	36	0.2128
chr1	183071	183072	23	0.2273
chr1	183171	183172	30	0.2333
chr1	183271	183272	34	0.1772
chr1	183287	183288	33	0.3652
chr1	183351	183352	33	0.169
chr1	183389	183390	26	0.8118
chr1	183415	183416	32	0.8872
chr1	183437	183438	34	0.6392
chr1	183471	183472	25	0.7701
chr1	183493	183494	31	0.6676
chr1	183543	183544	29	0.8573
chr1	183567	183568	40	0.7166
chr1	183591	183592	27	0.9182
chr1	183635	183636	40	0.7992
chr1	183650	183651	22	0.9427
chr1	183672	183673	25	0.8801
chr1	183722	183723	29	0.7237
chr1	183742	183743	34	0.7646
chr1	183792	183793	37	0.7861
chr1	183838	183839	20	0.784
chr1	183870	183871	27	0.952
chr1	183920	183921	32	0.7572
chr1	183935	183936	29	1.0
chr1	183940	183941	25	0.9041
chr1	183990	183991	23	0.7716
chr1	184090	184091	29	0.6337
chr1	184190	184191	30	0.8667
chr1	184290	184291	33	0.8751
chr1	184385	184386	35	0.8612
chr1	184485	184486	31	0.8688
chr1	184503	184504	32	0.794
chr1	184542	184543	34	0.0946
chr1	184559	184560	24	0.0752
chr1	184581	184582	25	0.1033
chr1	184611	184612	28	0.1226
chr1	184661	184662	33	0.2603
chr1	184707	184708	26	0.1157
chr1	184757	184758	34	0.2547
chr1	184807	184808	40	0.2219
chr1	184852	184853	32	0.1301
chr1	184879	184880	28	0.0187
chr1	184902	184903	25	0.3034
chr1	184917	184918	23	0.0
chr1	184948	184949	29	0.066
chr1	184974	184975	27	0.1844
chr1	185024	185025	34	0.0735
chr1	185049	185050	32	0.1168
chr1	185057	185058	30	0.2817
chr1	185157	185158	29	0.1063
chr1	185257	185258	42	0.198
chr1	185329	185330	22	0.1725
chr1	185429	185430	41	0.1583
chr1	185529	185530	38	0.0829
chr1	185545	185546	18	0.064
chr1	185581	185582	37	0.0917
chr1	185628	185629	35	0.753
chr1	185658	185659	15	0.9362
chr1	185691	185692	33	0.7068
chr1	185729	185730	35	0.6987
chr1	185762	185763	20	0.7939
chr1	185794	185795	23	0.7599
chr1	185826	185827	31	0.7155
chr1	185841	185842	30	0.6365
chr1	185875	185876	32	0.8131
chr1	185894	185895	23	0.8879
chr1	185910	185911	30	0.8117
chr1	185960	185961	22	0.7732
chr1	185982	185983	37	0.774
chr1	186032	186033	24	0.7333
chr1	186054	186055	29	0.8307
chr1	186069	186070	26	0.7485
chr1	186084	186085	31	0.7143
chr1	186106	186107	39	0.6337
chr1	186135	186136	30	0.6922
chr1	186179	186180	36	0.7116
chr1	186279	186280	33	0.6925
chr1	186379	186380	36	0.8539
chr1	186429	186430	34	0.6765
chr1	186517	186518	25	0.6936
chr1	186617	186618	28	0.8643
chr1	186717	186718	24	0.6135
chr1	186785	186786	28	0.7896
chr1	186793	186794	25	0.439
chr1	186840	186841	34	0.5348
chr1	186866	186867	30	0.5727
chr1	186898	186899	17	0.6108
chr1	186913	186914	16	0.4357
chr1	186945	186946	29	0.4093
chr1	186986	186987	31	0.4257
chr1	187007	187008	34	0.423
chr1	187024	187025	28	0.5178
chr1	187074	187075	27	0.6295
chr1	187089	187090	29	0.3186
chr1	187104	187105	25	0.5041
chr1	187146	187147	28	0.6811
chr1	187184	187185	27	0.4642
chr1	187233	187234	32	0.5809
chr1	187283	187284	39	0.5214
chr1	187322	187323	32	0.3157
chr1	187339	187340	34	0.6653
chr1	187439	187440	25	0.626
chr1	187520	187521	29	0.5134
chr1	187594	187595	24	0.4903
chr1	187694	187695	35	0.6076
chr1	187744	187745	32	0.4336
chr1	187844	187845	26	0.3639
chr1	188048	188049	26	0.7587
chr1	188168	188169	33	0.7296
chr1	188218	188219	27	0.8078
chr1	188338	188339	43	0.7171
chr1	188342	188343	28	0.4173
chr1	188366	188367	24	0.7077
chr1	188396	188397	27	0.7483
chr1	188411	188412	23	0.7769
chr1	188446	188447	27	0.8263
chr1	188472	188473	34	0.7336
chr1	188517	188518	32	0.6701
chr1	188543	188544	33	0.7935
chr1	188568	188569	24	0.7607
chr1	188603	188604	27	0.7355
chr1	188624	188625	24	0.9692
chr1	188639	188640	29	0.8267
chr1	188679	188680	28	0.7976
chr1	188717	188718	27	0.8568
chr1	188767	188768	33	0.7793
chr1	188793	188794	40	0.8737
chr1	188843	188844	33	0.7562
chr1	188884	188885	31	0.773
chr1	188908	188909	25	0.7992
chr1	188923	188924	24	0.8829
chr1	188969	188970	32	0.7435
chr1	189030	189031	31	0.717
chr1	189094	189095	30	0.7539
chr1	189178	189179	36	0.8002
chr1	189278	189279	28	0.8617
chr1	189378	189379	30	0.7668
chr1	189478	189479	42	0.7673
chr1	189500	189501	30	0.8282
chr1	189506	189507	28	0.6096
chr1	189525	189526	19	0.6272
chr1	189540	189541	28	0.7938
chr1	189572	189573	29	0.6986
chr1	189587	189588	31	0.8223
chr1	189616	189617	31	0.5701
chr1	189666	189667	21	0.8176
chr1	189691	189692	33	0.7155
chr1	189719	189720	34	0.7398
chr1	189769	189770	38	0.6507
chr1	189806	189807	26	0.6836
chr1	189847	189848	20	0.8799
chr1	189862	189863	35	0.5787
chr1	189894	189895	26	0.8013
chr1	189913	189914	26	0.5661
chr1	189943	189944	22	0.4402
chr1	189962	189963	24	0.5772
chr1	189978	189979	24	0.5276
chr1	189993	189994	35	0.526
chr1	190009	190010	32	0.6911
chr1	190011	190012	30	0.7243
chr1	190090	190091	28	0.5253
chr1	190183	190184	28	0.6721
chr1	190241	190242	33	0.6618
chr1	190341	190342	30	0.7249
chr1	190391	190392	39	0.7621
chr1	190491	190492	35	0.6144
chr1	190513	190514	22	0.7701
chr1	190529	190530	25	0.1208
chr1	190556	190557	33	0.2047
chr1	190573	190574	28	0.1592
chr1	190621	190622	32	0.0957
chr1	190645	190646	33	0.1248
chr1	190678	190679	30	0.0521
chr1	190693	190694	33	0.0153
chr1	190722	190723	25	0.0493
chr1	190745	190746	24	0.1317
chr1	190775	190776	26	0.0706
chr1	190825	190826	26	0.1668
chr1	190843	190844	32	0.231
chr1	190858	190859	26	0.0623
chr1	190883	190884	23	0.3349
chr1	190930	190931	36	0.1541
chr1	190979	190980	31	0.1646
chr1	190994	190995	31	0.1928
chr1	191007	191008	22	0.0932
chr1	191066	191067	26	0.074
chr1	191166	191167	28	0.2327
chr1	191266	191267	26	0.0384
chr1	191366	191367	34	0.2433
chr1	191463	191464	24	0.1431
chr1	191515	191516	26	0.0924
chr1	191555	191556	28	0.1235
chr1	191575	191576	35	0.1819
chr1	191596	191597	32	0.1464
chr1	191611	191612	31	0.1982
chr1	191627	191628	36	0.124
chr1	191654	191655	27	0.0044
chr1	191675	191676	35	0.2527
chr1	191725	191726	27	0.2979
chr1	191775	191776	27	0.0511
chr1	191798	191799	33	0.0164
chr1	191814	191815	27	0.0479
chr1	191829	191830	31	0.152
chr1	191874	191875	29	0.1334
chr1	191889	191890	27	0.2279
chr1	191939	191940	29	0.1883
chr1	191982	191983	23	0.0945
chr1	191997	191998	40	0.1584
chr1	192012	192013	24	0.221
chr1	192041	192042	27	0.1439
chr1	192062	192063	23	0.2393
chr1	192112	192113	34	0.1655
chr1	192212	192213	36	0.192
chr1	192312	192313	37	0.0678
chr1	192383	192384	25	0.1279
chr1	192452	192453	31	0.0264
chr1	192552	192553	36	0.019
chr1	192602	192603	24	0.0256
chr1	192646	192647	25	0.151
chr1	192666	192667	32	0.7918
chr1	192700	192701	32	0.8261
chr1	192733	192734	18	0.8001
chr1	192748	192749	25	0.7097
chr1	192771	192772	26	0.7674
chr1	192821	192822	22	0.6946
chr1	192843	192844	29	0.7829
chr1	192870	192871	25	0.8551
chr1	192907	192908	24	0.7809
chr1	192943	192944	31	0.8382
chr1	192993	192994	27	0.5848
chr1	193024	193025	30	0.7069
chr1	193074	193075	27	0.7442
chr1	193102	193103	30	0.8346
chr1	193136	193137	29	0.6565
chr1	193180	193181	23	0.6513
chr1	193187	193188	25	0.9401
chr1	193287	193288	28	0.7674
chr1	193337	193338	28	0.8491
chr1	193425	193426	22	0.8442
chr1	193525	193526	15	0.7786
chr1	193606	193607	41	0.7999
chr1	193676	193677	28	0.6764
chr1	193748	193749	24	0.8889
chr1	193768	193769	27	0.1552
chr1	193790	193791	29	0.1261
chr1	193817	193818	30	0.0999
chr1	193860	193861	32	0.0528
chr1	193910	193911	22	0.1517
chr1	193935	193936	28	0.0375
chr1	193997	193998	27	0.0
chr1	194017	194018	24	0.1763
chr1	194051	194052	31	0.1524
chr1	194086	194087	24	0.1011
chr1	194136	194137	23	0.1899
chr1	194178	194179	28	0.1527
chr1	194206	194207	30	0.0354
chr1	194234	194235	30	0.1034
chr1	194237	194238	28	0.0328
chr1	194304	194305	32	0.304
chr1	194377	194378	29	0.0479
chr1	194477	194478	26	0.1434
chr1	194577	194578	29	0.2145
chr1	194677	194678	32	0.1276
chr1	194681	194682	29	0.0817
chr1	194690	194691	31	0.3838
chr1	194710	194711	39	0.4109
chr1	194760	194761	30	0.3197
chr1	194810	194811	36	0.5718
chr1	194860	194861	31	0.4495
chr1	194910	194911	38	0.5538
chr1	194960	194961	27	0.3569
chr1	194993	194994	29	0.5248
chr1	195029	195030	27	0.2235
chr1	195079	195080	33	0.385
chr1	195107	195108	24	0.3819
chr1	195145	195146	28	0.4194
chr1	195152	195153	39	0.3834
chr1	195242	195243	25	0.3473
chr1	195342	195343	25	0.3653
chr1	195417	195418	30	0.2721
chr1	195474	195475	31	0.4257
chr1	195536	195537	39	0.3695
chr1	195702	195703	30	0.0
chr1	195714	195715	29	0.1552
chr1	195724	195725	36	0.2264
chr1	195786	195787	32	0.1296
chr1	195872	195873	30	0.15
chr1	196008	196009	30	0.1404
chr1	196029	196030	29	0.6078
chr1	196062	196063	31	0.7734
chr1	196078	196079	25	0.7928
chr1	196099	196100	30	0.7503
chr1	196128	196129	33	0.662
chr1	196145	196146	32	0.6998
chr1	196195	196196	33	0.8244
chr1	196217	196218	36	0.7606
chr1	196264	196265	23	0.5752
chr1	196290	196291	25	0.6851
chr1	196306	196307	27	0.5428
chr1	196329	196330	36	0.5728
chr1	196349	196350	36	0.7529
chr1	196377	196378	22	0.6077
chr1	196400	196401	39	0.5619
chr1	196436	196437	26	0.4602
chr1	196480	196481	22	0.5827
chr1	196507	196508	29	0.5589
chr1	196523	196524	30	0.6185
chr1	196548	196549	29	0.725
chr1	196564	196565	36	0.6807
chr1	196575	196576	39	0.7647
chr1	196630	196631	31	0.6789
chr1	196680	196681	29	0.6045
chr1	196780	196781	34	0.6734
chr1	196856	196857	21	0.6655
chr1	196920	196921	21	0.6096
chr1	196987	196988	32	0.6059
chr1	197087	197088	26	0.6258
chr1	197115	197116	23	0.6694
chr1	197120	197121	29	0.3617
chr1	197157	197158	30	0.4081
chr1	197184	197185	26	0.2648
chr1	197216	197217	33	0.4885
chr1	197261	197262	35	0.5482
chr1	197277	197278	30	0.2984
chr1	197297	197298	18	0.5338
chr1	197346	197347	33	0.4816
chr1	197380	197381	25	0.437
chr1	197395	197396	32	0.3069
chr1	197414	197415	38	0.4223
chr1	197464	197465	33	0.5142
chr1	197491	197492	29	0.4637
chr1	197539	197540	34	0.3368
chr1	197588	197589	21	0.4392
chr1	197602	197603	38	0.5308
chr1	197702	197703	30	0.2888
chr1	197779	197780	28	0.4293
chr1	197829	197830	36	0.6174
chr1	197887	197888	31	0.4458
chr1	197987	197988	18	0.474
chr1	198035	198036	25	0.0
chr1	198079	198080	27	0.0609
chr1	198111	198112	38	0.0837
chr1	198333	198334	26	0.1574
chr1	198381	198382	34	0.1899
chr1	198433	198434	35	0.0439
chr1	198463	198464	34	0.1087
chr1	198469	198470	27	0.7378
chr1	198484	198485	32	0.6072
chr1	198519	198520	28	0.5602
chr1	198538	198539	25	0.6519
chr1	198559	198560	23	0.6775
chr1	198600	198601	28	0.6586
chr1	198648	198649	35	0.4723
chr1	198698	198699	28	0.4929
chr1	198739	198740	31	0.7695
chr1	198789	198790	23	0.6117
chr1	198839	198840	36	0.5834
chr1	198866	198867	30	0.6242
chr1	198916	198917	31	0.5675
chr1	198931	198932	23	0.6439
chr1	198955	198956	21	0.6908
chr1	199005	199006	35	0.5673
chr1	199020	199021	32	0.4913
chr1	199030	199031	27	0.621
chr1	199130	199131	29	0.7173
chr1	199202	199203	35	0.6206
chr1	199271	199272	31	0.5362
chr1	199371	199372	32	0.5855
chr1	199471	199472	29	0.4316
chr1	199571	199572	33	0.5331
chr1	199641	199642	26	0.9439
chr1	199673	199674	40	0.8674
chr1	199675	199676	26	0.9748
chr1	199799	199800	29	0.7136
chr1	199805	199806	29	0.863
chr1	199841	199842	22	0.9287
chr1	199863	199864	21	0.7565
chr1	200055	200056	28	0.9325
chr1	200095	200096	33	0.1274
chr1	200120	200121	32	0.1745
chr1	200136	200137	26	0.0999
chr1	200152	200153	29	0.0347
chr1	200185	200186	37	0.1866
chr1	200206	200207	28	0.3138
chr1	200234	200235	34	0.1347
chr1	200264	200265	32	0.1708
chr1	200298	200299	24	0.1462
chr1	200342	200343	31	0.0083
chr1	200392	200393	40	0.2344
chr1	200424	200425	33	0.155
chr1	200474	200475	36	0.1907
chr1	200511	200512	24	0.154
chr1	200544	200545	42	0.353
chr1	200579	200580	21	0.1941
chr1	200596	200597	28	0.2348
chr1	200690	200691	28	0.0038
chr1	200790	200791	30	0.1466
chr1	200890	200891	31	0.0961
chr1	200975	200976	43	0.1674
chr1	201073	201074	37	0.0498
chr1	201091	201092	30	0.1123
chr1	201167	201168	32	0.2815
chr1	201210	201211	28	0.8244
chr1	201240	201241	26	0.7574
chr1	201280	201281	28	0.8531
chr1	201317	201318	39	0.8502
chr1	201360	201361	34	0.8915
chr1	201389	201390	20	0.7563
chr1	201430	201431	44	0.8257
chr1	201458	201459	29	0.9209
chr1	201508	201509	30	0.8773
chr1	201546	201547	26	0.9421
chr1	201556	201557	27	0.858
chr1	201622	201623	27	0.8014
chr1	201722	201723	27	0.8671
chr1	201779	201780	27	0.7553
chr1	201837	201838	27	0.8441
chr1	201873	201874	25	0.9482
chr1	201875	201876	20	0.7607
chr1	201919	201920	32	0.9678
chr1	201953	201954	23	0.665
chr1	201982	201983	29	0.8978
chr1	202018	202019	21	0.8113
chr1	202055	202056	23	0.8195
chr1	202089	202090	30	0.672
chr1	202109	202110	28	0.8662
chr1	202152	202153	24	0.9518
chr1	202202	202203	34	0.9235
chr1	202237	202238	26	0.9021
chr1	202264	202265	30	0.8974
chr1	202281	202282	28	0.9582
chr1	202319	202320	31	0.888
chr1	202354	202355	30	0.9429
chr1	202369	202370	38	0.8772
chr1	202391	202392	29	0.817
chr1	202424	202425	29	0.8214
chr1	202481	202482	21	0.7421
chr1	202531	202532	32	0.8793
chr1	202581	202582	28	0.9538
chr1	202681	202682	33	0.8647
chr1	202765	202766	30	0.7912
chr1	202845	202846	37	0.8774
chr1	202911	202912	23	0.8859
chr1	202933	202934	29	0.9856
chr1	202955	202956	28	1.0
chr1	203005	203006	28	0.9129
chr1	203055	203056	37	0.8922
chr1	203086	203087	31	0.9753
chr1	203111	203112	28	0.8904
chr1	203151	203152	19	0.9943
chr1	203173	203174	29	0.827
chr1	203188	203189	22	0.8377
chr1	203209	203210	26	0.9386
chr1	203239	203240	22	0.9088
chr1	203259	203260	20	0.8605
chr1	203292	203293	37	0.8269
chr1	203326	203327	36	0.9188
chr1	203376	203377	36	0.9855
chr1	203405	203406	26	0.9648
chr1	203455	203456	30	0.9502
chr1	203475	203476	42	0.7604
chr1	203575	203576	35	0.9329
chr1	203675	203676	30	0.7424
chr1	203729	203730	29	0.9248
chr1	203829	203830	29	0.9546
chr1	203929	203930	33	0.8821
chr1	203955	203956	24	0.8557
chr1	203981	203982	22	0.9796
chr1	204021	204022	38	0.8928
chr1	204054	204055	32	0.8171
chr1	204087	204088	38	0.804
chr1	204137	204138	28	0.7436
chr1	204178	204179	32	0.7555
chr1	204209	204210	22	0.8921
chr1	204242	204243	38	0.7747
chr1	204292	204293	33	0.7906
chr1	204330	204331	25	0.5251
chr1	204350	204351	18	0.7628
chr1	204400	204401	30	0.5506
chr1	204419	204420	30	0.7954
chr1	204438	204439	24	0.703
chr1	204462	204463	33	0.7948
chr1	204491	204492	38	0.8319
chr1	204591	204592	30	0.7222
chr1	204673	204674	29	0.82
chr1	204748	204749	30	0.9559
chr1	204848	204849	37	0.7318
chr1	204948	204949	28	0.709
chr1	204954	204955	31	0.7286
chr1	204987	204988	36	0.7952
chr1	205037	205038	35	0.7783
chr1	205078	205079	26	0.7336
chr1	205093	205094	20	0.6519
chr1	205143	205144	24	0.7107
chr1	205189	205190	25	0.7249
chr1	205215	205216	28	0.5766
chr1	205243	205244	36	0.8599
chr1	205293	205294	24	0.8238
chr1	205334	205335	23	0.7119
chr1	205380	205381	24	0.7039
chr1	205404	205405	31	0.8705
chr1	205416	205417	27	0.8608
chr1	205516	205517	31	0.6517
chr1	205616	205617	26	0.7396
chr1	205716	205717	30	0.7014
chr1	205782	205783	37	0.6937
chr1	205796	205797	41	0.7823
chr1	205878	205879	38	0.7699
chr1	205899	205900	36	0.2305
chr1	205928	205929	30	0.2132
chr1	205968	205969	30	0.3023
chr1	205996	205997	35	0.2976
chr1	206046	206047	22	0.2011
chr1	206085	206086	30	0.3502
chr1	206100	206101	34	0.2257
chr1	206130	206131	34	0.1438
chr1	206145	206146	33	0.3569
chr1	206168	206169	30	0.1926
chr1	206193	206194	33	0.1548
chr1	206212	206213	31	0.072
chr1	206244	206245	26	0.2572
chr1	206292	206293	27	0.1568
chr1	206339	206340	24	0.111
chr1	206383	206384	39	0.2946
chr1	206406	206407	34	0.153
chr1	206456	206457	39	0.1516
chr1	206506	206507	21	0.1851
chr1	206606	206607	36	0.2063
chr1	206675	206676	24	0.1466
chr1	206773	206774	23	0.3212
chr1	206873	206874	32	0.2204
chr1	206923	206924	32	0.1729
chr1	206928	206929	32	0.4254
chr1	206963	206964	32	0.4614
chr1	206994	206995	26	0.299
chr1	207044	207045	28	0.4736
chr1	207076	207077	21	0.4586
chr1	207108	207109	24	0.6136
chr1	207129	207130	35	0.5048
chr1	207160	207161	28	0.3607
chr1	207190	207191	31	0.36
chr1	207221	207222	31	0.4885
chr1	207236	207237	29	0.3166
chr1	207251	207252	31	0.3866
chr1	207294	207295	38	0.2877
chr1	207309	207310	32	0.2524
chr1	207342	207343	34	0.3474
chr1	207382	207383	29	0.2906
chr1	207400	207401	36	0.391
chr1	207411	207412	28	0.3632
chr1	207511	207512	39	0.21
chr1	207611	207612	30	0.3838
chr1	207711	207712	28	0.4656
chr1	207811	207812	39	0.3376
chr1	207893	207894	31	0.4674
chr1	208105	208106	29	0.108
chr1	208115	208116	36	0.0456
chr1	208281	208282	28	0.2824
chr1	208291	208292	23	0.0961
chr1	208297	208298	26	0.2486
chr1	208315	208316	30	0.9153
chr1	208349	208350	33	0.9652
chr1	208367	208368	27	0.8838
chr1	208389	208390	26	0.869
chr1	208404	208405	22	0.8921
chr1	208437	208438	23	0.8954
chr1	208457	208458	44	0.806
chr1	208491	208492	14	0.8986
chr1	208513	208514	29	0.9962
chr1	208538	208539	28	0.9117
chr1	208563	208564	44	0.8339
chr1	208585	208586	29	0.9528
chr1	208623	208624	19	0.9299
chr1	208638	208639	37	0.732
chr1	208673	208674	31	0.9328
chr1	208719	208720	37	0.7953
chr1	208754	208755	21	0.8635
chr1	208786	208787	29	0.9079
chr1	208812	208813	31	0.9615
chr1	208912	208913	26	0.8953
chr1	208962	208963	32	0.9368
chr1	209062	209063	29	0.8852
chr1	209112	209113	29	0.9445
chr1	209175	209176	30	0.9774
chr1	209275	209276	36	0.8554
chr1	209353	209354	34	0.9632
chr1	209361	209362	41	0.5697
chr1	209377	209378	37	0.3682
chr1	209403	209404	34	0.4352
chr1	209426	209427	27	0.4411
chr1	209452	209453	32	0.4885
chr1	209474	209475	26	0.4656
chr1	209489	209490	16	0.2961
chr1	209506	209507	31	0.3999
chr1	209548	209549	26	0.4046
chr1	209567	209568	26	0.521
chr1	209589	209590	38	0.399
chr1	209604	209605	24	0.3792
chr1	209654	209655	29	0.3005
chr1	209669	209670	31	0.5123
chr1	209719	209720	28	0.6568
chr1	209736	209737	30	0.3555
chr1	209751	209752	30	0.3384
chr1	209769	209770	23	0.4455
chr1	209784	209785	23	0.3798
chr1	209810	209811	31	0.3385
chr1	209860	209861	39	0.3078
chr1	209890	209891	26	0.4409
chr1	209905	209906	32	0.5352
chr1	209933	209934	19	0.7299
chr1	209961	209962	22	0.3815
chr1	210040	210041	46	0.3478
chr1	210090	210091	30	0.4119
chr1	210190	210191	33	0.3375
chr1	210272	210273	30	0.3476
chr1	210322	210323	29	0.4383
chr1	210378	210379	27	0.5591
chr1	210444	210445	28	0.614
chr1	210494	210495	28	0.5001
chr1	210536	210537	32	0.0827
chr1	210556	210557	26	0.1678
chr1	210596	210597	32	0.1925
chr1	210710	210711	36	0.1303
chr1	210720	210721	26	0.2254
chr1	210826	210827	29	0.1745
chr1	210882	210883	30	0.0336
chr1	210884	210885	32	0.2121
chr1	210932	210933	19	0.1986
chr1	210982	210983	24	0.1681
chr1	211032	211033	43	0.1295
chr1	211052	211053	32	0.1106
chr1	211067	211068	25	0.3426
chr1	211099	211100	26	0.0392
chr1	211149	211150	29	0.2448
chr1	211188	211189	32	0.1792
chr1	211226	211227	24	0.2987
chr1	211245	211246	32	0.2767
chr1	211271	211272	32	0.279
chr1	211315	211316	29	0.1744
chr1	211365	211366	35	0.3355
chr1	211387	211388	35	0.3337
chr1	211422	211423	27	0.0
chr1	211442	211443	34	0.1888
chr1	211457	211458	30	0.119
chr1	211477	211478	26	0.2169
chr1	211534	211535	29	0.2334
chr1	211584	211585	33	0.1967
chr1	211684	211685	32	0.3896
chr1	211784	211785	30	0.0906
chr1	211884	211885	19	0.2289
chr1	211904	211905	23	0.2825
chr1	211952	211953	27	0.0
chr1	211989	211990	32	0.6437
chr1	212009	212010	31	0.6864
chr1	212027	212028	36	0.5322
chr1	212052	212053	30	0.7231
chr1	212102	212103	30	0.6811
chr1	212126	212127	33	0.8705
chr1	212146	212147	22	0.6608
chr1	212187	212188	37	0.545
chr1	212202	212203	32	0.6882
chr1	212252	212253	34	0.4446
chr1	212289	212290	21	0.7079
chr1	212309	212310	38	0.708
chr1	212329	212330	35	0.7725
chr1	212351	212352	26	0.657
chr1	212401	212402	29	0.6488
chr1	212407	212408	22	0.6432
chr1	212507	212508	32	0.4971
chr1	212607	212608	30	0.7335
chr1	212663	212664	32	0.4418
chr1	212757	212758	33	0.7387
chr1	212787	212788	28	0.8256
chr1	212811	212812	19	0.616
chr1	212830	212831	28	0.2548
chr1	212849	212850	22	0.2689
chr1	212899	212900	34	0.2552
chr1	212929	212930	30	0.3952
chr1	212971	212972	29	0.4004
chr1	212997	212998	35	0.1779
chr1	213029	213030	26	0.1465
chr1	213055	213056	30	0.3077
chr1	213101	213102	26	0.2492
chr1	213149	213150	29	0.3871
chr1	213195	213196	33	0.4367
chr1	213223	213224	28	0.4329
chr1	213242	213243	32	0.4329
chr1	213267	213268	27	0.4967
chr1	213313	213314	29	0.4617
chr1	213320	213321	37	0.3402
chr1	213389	213390	38	0.262
chr1	213489	213490	38	0.3096
chr1	213570	213571	25	0.2839
chr1	213668	213669	40	0.3781
chr1	213736	213737	31	0.3218
chr1	213798	213799	20	0.3529
chr1	213884	213885	33	0.389
chr1	213890	213891	38	0.6809
chr1	213907	213908	24	0.6401
chr1	213950	213951	28	0.7475
chr1	213978	213979	33	0.6399
chr1	214004	214005	30	0.5662
chr1	214054	214055	24	0.7637
chr1	214096	214097	23	0.8357
chr1	214131	214132	27	0.8809
chr1	214163	214164	30	0.6018
chr1	214183	214184	29	0.7685
chr1	214216	214217	30	0.7313
chr1	214244	214245	41	0.7743
chr1	214271	214272	27	0.8642
chr1	214303	214304	25	0.659
chr1	214329	214330	23	0.8992
chr1	214352	214353	26	0.6782
chr1	214385	214386	34	0.739
chr1	214485	214486	28	0.7631
chr1	214535	214536	31	0.7705
chr1	214635	214636	26	0.7366
chr1	214735	214736	29	0.8231
chr1	214835	214836	29	0.649
chr1	215023	215024	34	0.9685
chr1	215031	215032	39	0.9325
chr1	215121	215122	17	0.9975
chr1	215225	215226	28	0.7282
chr1	215259	215260	37	0.8948
chr1	215287	215288	27	0.7703
chr1	215308	215309	25	0.3727
chr1	215343	215344	28	0.3665
chr1	215383	215384	22	0.4775
chr1	215402	215403	25	0.4367
chr1	215433	215434	27	0.3267
chr1	215476	215477	27	0.4677
chr1	215502	215503	35	0.5132
chr1	215524	215525	27	0.594
chr1	215539	215540	25	0.5489
chr1	215563	215564	29	0.3865
chr1	215600	215601	32	0.5039
chr1	215640	215641	24	0.4916
chr1	215655	215656	40	0.6107
chr1	215685	215686	25	0.4942
chr1	215710	215711	31	0.5342
chr1	215760	215761	27	0.4385
chr1	215789	215790	37	0.4631
chr1	215828	215829	31	0.4127
chr1	215843	215844	28	0.2711
chr1	215858	215859	28	0.3804
chr1	215873	215874	34	0.4338
chr1	215880	215881	29	0.4196
chr1	215980	215981	23	0.4673
chr1	216044	216045	29	0.6226
chr1	216107	216108	38	0.3228
chr1	216185	216186	37	0.6485
chr1	216285	216286	30	0.5492
chr1	216347	216348	34	0.5808
chr1	216447	216448	31	0.5938
chr1	216453	216454	23	0.3811
chr1	216465	216466	22	0.8567
chr1	216515	216516	31	0.8902
chr1	216550	216551	26	0.8396
chr1	216592	216593	32	0.8116
chr1	216622	216623	22	0.8389
chr1	216642	216643	30	0.9982
chr1	216664	216665	26	0.8403
chr1	216706	216707	47	0.7821
chr1	216747	216748	31	0.9074
chr1	216762	216763	25	0.92
chr1	216784	216785	27	0.8911
chr1	216830	216831	35	0.9354
chr1	216852	216853	32	0.7066
chr1	216896	216897	39	0.8848
chr1	216920	216921	37	0.8113
chr1	216935	216936	33	0.7364
chr1	216958	216959	24	0.954
chr1	216983	216984	36	0.815
chr1	217019	217020	24	0.8852
chr1	217107	217108	24	0.9683
chr1	217207	217208	29	0.9208
chr1	217258	217259	38	0.9919
chr1	217358	217359	28	0.76
chr1	217450	217451	25	0.9267
chr1	217535	217536	27	0.8363
chr1	217539	217540	32	0.9147
chr1	217609	217610	33	0.8401
chr1	217637	217638	28	0.6647
chr1	217654	217655	33	0.8389
chr1	217684	217685	32	0.8782
chr1	217716	217717	26	0.6189
chr1	217742	217743	34	0.6883
chr1	217763	217764	23	0.8554
chr1	217812	217813	37	0.8086
chr1	217842	217843	29	0.4271
chr1	217859	217860	27	0.6306
chr1	217882	217883	32	0.9833
chr1	217932	217933	32	0.8156
chr1	217960	217961	30	0.6765
chr1	217998	217999	32	0.7249
chr1	218048	218049	26	0.8774
chr1	218070	218071	33	0.7415
chr1	218088	218089	37	0.6481
chr1	218120	218121	34	0.8934
chr1	218145	218146	27	0.9247
chr1	218177	218178	30	0.6388
chr1	218191	218192	28	0.9577
chr1	218241	218242	23	0.9637
chr1	218320	218321	25	0.9499
chr1	218375	218376	31	0.5994
chr1	218425	218426	38	0.7765
chr1	218475	218476	27	0.5749
chr1	218575	218576	18	0.9719
chr1	218648	218649	28	0.8253
chr1	218833	218834	28	0.799
chr1	218857	218858	38	0.08
chr1	218873	218874	30	0.0
chr1	218898	218899	23	0.1375
chr1	218920	218921	28	0.2769
chr1	218949	218950	33	0.0874
chr1	218988	218989	26	0.0528
chr1	219022	219023	34	0.0136
chr1	219072	219073	24	0.1575
chr1	219110	219111	28	0.0766
chr1	219134	219135	26	0.137
chr1	219167	219168	31	0.2043
chr1	219199	219200	34	0.1558
chr1	219238	219239	22	0.0
chr1	219268	219269	26	0.0879
chr1	219283	219284	24	0.064
chr1	219298	219299	31	0.1043
chr1	219326	219327	23	0.0505
chr1	219426	219427	30	0.1675
chr1	219478	219479	30	0.193
chr1	219558	219559	36	0.0
chr1	219649	219650	30	0.1316
chr1	219749	219750	34	0.0598
chr1	219765	219766	26	0.0
chr1	219773	219774	28	0.1578
chr1	219794	219795	31	0.2967
chr1	219824	219825	23	0.3927
chr1	219850	219851	26	0.4858
chr1	219870	219871	34	0.3983
chr1	219885	219886	30	0.2771
chr1	219912	219913	21	0.4536
chr1	219943	219944	31	0.251
chr1	219993	219994	26	0.4199
chr1	220048	220049	22	0.2464
chr1	220091	220092	30	0.2749
chr1	220129	220130	20	0.3445
chr1	220161	220162	30	0.2956
chr1	220211	220212	22	0.2378
chr1	220232	220233	29	0.2516
chr1	220249	220250	33	0.3194
chr1	220282	220283	29	0.1723
chr1	220321	220322	32	0.3541
chr1	220333	220334	29	0.3483
chr1	220386	220387	32	0.2887
chr1	220447	220448	33	0.3048
chr1	220525	220526	24	0.2483
chr1	220625	220626	35	0.3748
chr1	220725	220726	26	0.1749
chr1	220793	220794	29	0.2954
chr1	220869	220870	26	0.4593
chr1	220941	220942	21	0.2153
chr1	220961	220962	35	0.3059
chr1	220966	220967	35	0.585
chr1	220999	221000	28	0.5261
chr1	221033	221034	30	0.4033
chr1	221078	221079	33	0.5302
chr1	221128	221129	32	0.5225
chr1	221152	221153	35	0.4684
chr1	221202	221203	30	0.4111
chr1	221221	221222	22	0.4631
chr1	221271	221272	35	0.2548
chr1	221292	221293	30	0.4314
chr1	221336	221337	27	0.6076
chr1	221351	221352	27	0.4287
chr1	221392	221393	27	0.5111
chr1	221419	221420	24	0.4881
chr1	221434	221435	30	0.229
chr1	221450	221451	34	0.4044
chr1	221465	221466	26	0.3708
chr1	221480	221481	34	0.501
chr1	221485	221486	25	0.4601
chr1	221535	221536	21	0.469
chr1	221635	221636	29	0.2298
chr1	221696	221697	28	0.321
chr1	221796	221797	36	0.4237
chr1	221846	221847	24	0.4242
chr1	221896	221897	27	0.5149
chr1	221971	221972	28	0.4632
chr1	221993	221994	29	0.7554
chr1	222021	222022	32	0.5513
chr1	222039	222040	20	0.6257
chr1	222151	222152	34	0.6713
chr1	222173	222174	31	0.6822
chr1	222215	222216	24	0.5218
chr1	222241	222242	26	0.7022
chr1	222301	222302	26	0.6337
chr1	222375	222376	21	0.7077
chr1	222469	222470	24	0.7214
chr1	222502	222503	28	0.8453
chr1	222532	222533	23	0.7761
chr1	222553	222554	24	0.7614
chr1	222593	222594	29	0.9097
chr1	222626	222627	24	0.8219
chr1	222676	222677	24	0.642
chr1	222705	222706	34	0.7345
chr1	222740	222741	30	0.8034
chr1	222755	222756	35	0.8289
chr1	222789	222790	32	0.8145
chr1	222804	222805	35	0.7411
chr1	222820	222821	23	0.9201
chr1	222839	222840	19	0.7416
chr1	222861	222862	31	0.8799
chr1	222876	222877	29	0.7648
chr1	222925	222926	31	0.7261
chr1	222940	222941	36	0.7198
chr1	222965	222966	33	0.7292
chr1	223065	223066	22	0.8052
chr1	223165	223166	30	0.8149
chr1	223265	223266	35	0.7432
chr1	223365	223366	35	0.7857
chr1	223433	223434	29	0.9688
chr1	223460	223461	33	0.8068
chr1	223482	223483	33	0.5109
chr1	223508	223509	37	0.6346
chr1	223531	223532	28	0.7748
chr1	223546	223547	28	0.6326
chr1	223561	223562	28	0.7788
chr1	223604	223605	38	0.7428
chr1	223631	223632	24	0.6235
chr1	223656	223657	29	0.8611
chr1	223693	223694	29	0.9301
chr1	223731	223732	33	0.8334
chr1	223752	223753	24	0.7925
chr1	223776	223777	29	0.797
chr1	223803	223804	25	0.8441
chr1	223853	223854	24	0.8671
chr1	223885	223886	33	0.7479
chr1	223900	223901	27	0.8238
chr1	223910	223911	28	0.7525
chr1	224010	224011	30	0.8291
chr1	224068	224069	31	0.6817
chr1	224168	224169	31	0.7704
chr1	224227	224228	30	0.8123
chr1	224323	224324	32	0.675
chr1	224405	224406	29	0.907
chr1	224451	224452	26	0.1193
chr1	224501	224502	29	0.0138
chr1	224539	224540	25	0.0
chr1	224586	224587	24	0.0107
chr1	224636	224637	27	0.2098
chr1	224679	224680	27	0.1126
chr1	224702	224703	23	0.0755
chr1	224752	224753	30	0.2349
chr1	224780	224781	24	0.2309
chr1	224811	224812	37	0.0822
chr1	224833	224834	30	0.1706
chr1	224859	224860	33	0.0078
chr1	224889	224890	31	0.1063
chr1	224919	224920	38	0.0392
chr1	224935	224936	27	0.1432
chr1	224941	224942	21	0.0
chr1	225041	225042	29	0.0
chr1	225141	225142	27	0.0
chr1	225241	225242	26	0.1526
chr1	225341	225342	38	0.0789
chr1	225403	225404	27	0.1443
chr1	225485	225486	29	0.0919
chr1	225497	225498	35	0.2054
chr1	225538	225539	24	0.6991
chr1	225563	225564	27	0.7933
chr1	225609	225610	34	0.8121
chr1	225656	225657	20	0.885
chr1	225706	225707	30	0.826
chr1	225745	225746	31	0.6791
chr1	225785	225786	21	0.8062
chr1	225825	225826	22	0.7482
chr1	225853	225854	35	0.7147
chr1	225873	225874	29	0.746
chr1	225895	225896	31	0.9876
chr1	225914	225915	33	0.7945
chr1	225933	225934	37	0.7144
chr1	225948	225949	29	0.9529
chr1	225976	225977	31	0.8658
chr1	226026	226027	22	0.8069
chr1	226042	226043	39	0.831
chr1	226135	226136	30	0.6988
chr1	226235	226236	27	0.804
chr1	226333	226334	34	0.8041
chr1	226383	226384	29	0.7559
chr1	226444	226445	33	0.7879
chr1	226542	226543	29	0.7684
chr1	226566	226567	34	0.8611
chr1	226592	226593	29	0.1386
chr1	226631	226632	24	0.2398
chr1	226668	226669	23	0.1492
chr1	226687	226688	36	0.1426
chr1	226710	226711	30	0.2835
chr1	226751	226752	24	0.1736
chr1	226788	226789	31	0.1773
chr1	226822	226823	24	0.1278
chr1	226840	226841	33	0.3828
chr1	226861	226862	28	0.094
chr1	226886	226887	24	0.2636
chr1	226936	226937	23	0.1805
chr1	226962	226963	25	0.1047
chr1	226994	226995	29	0.1808
chr1	227023	227024	34	0.2538
chr1	227052	227053	29	0.323
chr1	227075	227076	25	0.1765
chr1	227097	227098	32	0.1849
chr1	227115	227116	35	0.178
chr1	227165	227166	28	0.2097
chr1	227228	227229	33	0.2077
chr1	227323	227324	35	0.2761
chr1	227423	227424	33	0.2017
chr1	227523	227524	32	0.1476
chr1	227623	227624	36	0.0784
chr1	227635	227636	22	0.0134
chr1	227679	227680	32	0.16
chr1	227706	227707	29	0.742
chr1	227731	227732	27	0.9452
chr1	227781	227782	29	0.9111
chr1	227817	227818	29	0.6835
chr1	227832	227833	33	0.8768
chr1	227851	227852	35	0.8844
chr1	227866	227867	35	0.8011
chr1	227882	227883	32	0.717
chr1	227926	227927	33	0.8405
chr1	227953	227954	27	0.7947
chr1	228002	228003	28	0.9615
chr1	228047	228048	25	0.8408
chr1	228077	228078	28	0.9796
chr1	228127	228128	37	0.7648
chr1	228174	228175	36	0.7581
chr1	228224	228225	23	0.9651
chr1	228240	228241	22	0.7923
chr1	228340	228341	32	0.9838
chr1	228405	228406	30	0.7482
chr1	228505	228506	23	0.886
chr1	228605	228606	36	0.7009
chr1	228655	228656	31	0.8026
chr1	228755	228756	25	0.8674
chr1	228827	228828	25	0.9168
chr1	228868	228869	23	0.8791
chr1	228883	228884	29	0.7756
chr1	228917	228918	30	0.7475
chr1	228940	228941	32	0.851
chr1	228960	228961	20	0.5926
chr1	228988	228989	27	0.6699
chr1	229027	229028	24	0.8695
chr1	229051	229052	41	0.9218
chr1	229101	229102	33	0.6461
chr1	229135	229136	28	0.8689
chr1	229152	229153	26	0.7166
chr1	229184	229185	32	0.7432
chr1	229199	229200	39	0.6024
chr1	229222	229223	35	0.7444
chr1	229245	229246	31	0.6497
chr1	229284	229285	35	0.7212
chr1	229316	229317	33	0.6751
chr1	229336	229337	28	0.6626
chr1	229355	229356	28	0.7244
chr1	229363	229364	29	0.7285
chr1	229438	229439	34	0.8499
chr1	229538	229539	23	0.7874
chr1	229638	229639	35	0.7555
chr1	229710	229711	29	0.8424
chr1	229810	229811	33	0.7129
chr1	229908	229909	33	0.8867
chr1	229945	229946	33	0.7165
chr1	229990	229991	20	0.6769
chr1	230028	230029	39	0.7504
chr1	230054	230055	36	0.704
chr1	230079	230080	23	0.7444
chr1	230099	230100	34	0.8356
chr1	230122	230123	30	0.876
chr1	230137	230138	33	0.7226
chr1	230177	230178	30	0.8931
chr1	230201	230202	17	0.8279
chr1	230218	230219	32	0.8575
chr1	230264	230265	33	0.7679
chr1	230297	230298	29	0.7753
chr1	230345	230346	33	0.7788
chr1	230362	230363	37	0.8584
chr1	230380	230381	31	0.785
chr1	230417	230418	25	0.8285
chr1	230494	230495	36	0.8817
chr1	230544	230545	25	0.8639
chr1	230644	230645	33	0.8614
chr1	230744	230745	34	0.5989
chr1	230796	230797	27	0.8073
chr1	230849	230850	24	0.8066
chr1	230941	230942	27	0.8686
chr1	230950	230951	28	0.8667
chr1	230965	230966	25	0.9945
chr1	230992	230993	27	0.9006
chr1	231041	231042	23	0.8572
chr1	231091	231092	24	0.7717
chr1	231119	231120	24	0.9586
chr1	231145	231146	33	0.867
chr1	231175	231176	28	0.9184
chr1	231200	231201	30	0.7453
chr1	231232	231233	31	0.8228
chr1	231260	231261	39	0.7027
chr1	231279	231280	32	0.6143
chr1	231294	231295	34	0.6635
chr1	231344	231345	22	0.6781
chr1	231379	231380	29	0.7363
chr1	231414	231415	27	0.6824
chr1	231429	231430	28	0.6847
chr1	231448	231449	33	0.7925
chr1	231507	231508	31	0.6846
chr1	231607	231608	25	0.6464
chr1	231707	231708	34	0.846
chr1	231792	231793	33	0.8508
chr1	231892	231893	35	0.7831
chr1	231942	231943	37	0.8812
chr1	232026	232027	27	0.8289
chr1	232036	232037	30	0.9143
chr1	232064	232065	36	0.9465
chr1	232078	232079	30	0.8801
chr1	232170	232171	24	0.9319
chr1	232240	232241	24	0.8157
chr1	232260	232261	30	0.8261
chr1	232262	232263	33	0.7602
chr1	232274	232275	36	0.6951
chr1	232384	232385	35	1.0
chr1	232391	232392	30	0.7421
chr1	232441	232442	29	0.5872
chr1	232491	232492	27	0.5542
chr1	232541	232542	29	0.5362
chr1	232556	232557	32	0.663
chr1	232602	232603	29	0.6484
chr1	232621	232622	32	0.6167
chr1	232655	232656	24	0.675
chr1	232680	232681	22	0.6667
chr1	232708	232709	26	0.497
chr1	232734	232735	27	0.4616
chr1	232783	232784	32	0.6142
chr1	232808	232809	29	0.6248
chr1	232841	232842	27	0.548
chr1	232862	232863	25	0.6886
chr1	232872	232873	30	0.5974
chr1	232937	232938	27	0.5342
chr1	232993	232994	26	0.5976
chr1	233093	233094	33	0.5181
chr1	233165	233166	27	0.6894
chr1	233215	233216	29	0.5168
chr1	233315	233316	32	0.577
chr1	233325	233326	27	0.9815
chr1	233423	233424	24	0.9696
chr1	233613	233614	31	0.8846
chr1	233625	233626	31	1.0
chr1	233665	233666	24	0.8141
chr1	233697	233698	23	0.9539
chr1	233721	233722	36	0.9239
chr1	233771	233772	24	0.8266
chr1	233816	233817	24	0.7453
chr1	233856	233857	41	0.7256
chr1	233893	233894	30	0.8136
chr1	233909	233910	28	0.8887
chr1	233942	233943	31	0.8096
chr1	233982	233983	33	0.8374
chr1	234002	234003	28	0.8789
chr1	234052	234053	27	0.5544
chr1	234077	234078	35	0.8913
chr1	234103	234104	29	0.7777
chr1	234153	234154	34	0.4339
chr1	234174	234175	26	0.7606
chr1	234224	234225	32	0.8137
chr1	234247	234248	26	0.7591
chr1	234272	234273	32	0.705
chr1	234287	234288	31	0.8721
chr1	234293	234294	39	0.8111
chr1	234393	234394	33	0.8185
chr1	234443	234444	25	0.8638
chr1	234543	234544	33	0.8469
chr1	234643	234644	28	0.7681
chr1	234696	234697	30	0.8812
chr1	234748	234749	26	0.8491
chr1	234760	234761	34	0.8795
chr1	234777	234778	31	0.4591
chr1	234818	234819	32	0.306
chr1	234833	234834	38	0.4467
chr1	234877	234878	25	0.9069
chr1	234902	234903	28	0.5178
chr1	234952	234953	29	0.4257
chr1	234981	234982	30	0.8037
chr1	234996	234997	31	0.4655
chr1	235042	235043	29	0.6619
chr1	235064	235065	36	0.741
chr1	235086	235087	38	0.6201
chr1	235102	235103	30	0.4848
chr1	235134	235135	27	0.8081
chr1	235149	235150	25	0.8429
chr1	235172	235173	28	0.8046
chr1	235196	235197	27	0.407
chr1	235239	235240	27	0.3887
chr1	235255	235256	30	0.5326
chr1	235355	235356	25	0.8279
chr1	235455	235456	26	0.4695
chr1	235505	235506	21	0.5438
chr1	235578	235579	33	0.7553
chr1	235644	235645	33	0.7651
chr1	235761	235762	34	0.5957
chr1	235805	235806	31	0.0399
chr1	235833	235834	23	0.1079
chr1	235850	235851	29	0.1753
chr1	235875	235876	31	0.0941
chr1	235908	235909	28	0.1192
chr1	235944	235945	32	0.0512
chr1	235987	235988	31	0.2467
chr1	236014	236015	38	0.2226
chr1	236037	236038	24	0.2007
chr1	236071	236072	26	0.0778
chr1	236110	236111	30	0.0476
chr1	236160	236161	32	0.2229
chr1	236200	236201	34	0.11
chr1	236270	236271	28	0.2074
chr1	236370	236371	29	0.1101
chr1	236470	236471	25	0.1065
chr1	236523	236524	37	0.1553
chr1	236537	236538	35	0.3467
chr1	236545	236546	31	0.0795
chr1	236564	236565	32	0.0509
chr1	236586	236587	34	0.3793
chr1	236620	236621	29	0.1724
chr1	236638	236639	18	0.1961
chr1	236688	236689	26	0.2575
chr1	236715	236716	34	0.2575
chr1	236747	236748	24	0.1295
chr1	236780	236781	21	0.1407
chr1	236799	236800	27	0.0926
chr1	236822	236823	34	0.2575
chr1	236872	236873	31	0.3405
chr1	236916	236917	31	0.1848
chr1	236940	236941	21	0.2722
chr1	236960	236961	23	0.1349
chr1	236979	236980	29	0.1213
chr1	237029	237030	22	0.3945
chr1	237046	237047	35	0.2676
chr1	237082	237083	31	0.1355
chr1	237123	237124	26	0.1419
chr1	237142	237143	39	0.1392
chr1	237222	237223	19	0.2874
chr1	237322	237323	28	0.2619
chr1	237400	237401	21	0.176
chr1	237478	237479	30	0.2485
chr1	237578	237579	27	0.0626
chr1	237678	237679	32	0.201
chr1	237694	237695	34	0.2663
chr1	237699	237700	24	0.9036
chr1	237733	237734	30	0.8167
chr1	237755	237756	35	0.7135
chr1	237770	237771	42	0.794
chr1	237805	237806	22	0.7631
chr1	237836	237837	25	0.9699
chr1	237883	237884	26	0.837
chr1	237913	237914	24	1.0
chr1	237929	237930	35	0.6597
chr1	237949	237950	33	0.5467
chr1	237998	237999	34	0.6599
chr1	238021	238022	25	0.5532
chr1	238071	238072	36	0.6294
chr1	238115	238116	28	0.7069
chr1	238134	238135	27	0.626
chr1	238184	238185	29	0.6907
chr1	238205	238206	29	0.5458
chr1	238305	238306	19	0.6671
chr1	238361	238362	40	0.5603
chr1	238459	238460	28	0.64
chr1	238559	238560	24	0.8192
chr1	238609	238610	27	0.729
chr1	238663	238664	38	0.7477
chr1	238665	238666	34	0.8284
chr1	238853	238854	28	0.8243
chr1	238961	238962	28	0.8071
chr1	238993	238994	28	0.8802
chr1	239069	239070	39	0.7221
chr1	239105	239106	29	0.6942
chr1	239115	239116	25	0.8888
chr1	239131	239132	32	0.7879
chr1	239160	239161	23	0.9939
chr1	239182	239183	31	0.8136
chr1	239199	239200	32	0.7116
chr1	239240	239241	26	0.7001
chr1	239255	239256	30	0.7468
chr1	239278	239279	33	0.939
chr1	239318	239319	32	0.8178
chr1	239341	239342	26	0.9221
chr1	239359	239360	37	0.8604
chr1	239381	239382	30	0.6526
chr1	239408	239409	29	0.7292
chr1	239426	239427	39	0.9653
chr1	239476	239477	30	0.759
chr1	239526	239527	34	0.7938
chr1	239541	239542	27	0.7472
chr1	239580	239581	37	0.6973
chr1	239613	239614	32	0.8301
chr1	239654	239655	31	0.781
chr1	239660	239661	29	0.9414
chr1	239754	239755	34	0.8297
chr1	239854	239855	22	0.6638
chr1	239954	239955	30	0.716
chr1	240054	240055	34	0.948
chr1	240154	240155	25	0.857
chr1	240214	240215	28	0.9931
chr1	240238	240239	20	0.854
chr1	240288	240289	32	0.8207
chr1	240316	240317	28	0.6562
chr1	240346	240347	32	0.8404
chr1	240374	240375	27	0.6411
chr1	240405	240406	30	0.8715
chr1	240455	240456	30	0.6533
chr1	240476	240477	31	0.6343
chr1	240500	240501	24	0.746
chr1	240546	240547	25	0.7116
chr1	240596	240597	24	0.6172
chr1	240611	240612	23	0.6396
chr1	240640	240641	29	0.5904
chr1	240690	240691	29	0.8055
chr1	240731	240732	36	0.6702
chr1	240781	240782	31	0.6417
chr1	240831	240832	25	0.8942
chr1	240847	240848	32	0.6916
chr1	240947	240948	35	0.6936
chr1	241034	241035	34	0.6555
chr1	241084	241085	37	0.5423
chr1	241158	241159	25	0.8084
chr1	241252	241253	33	0.9642
chr1	241302	241303	28	0.7254
chr1	241402	241403	23	0.6694
chr1	241414	241415	32	0.9038
chr1	241448	241449	22	0.7407
chr1	241489	241490	34	0.9281
chr1	241514	241515	34	0.6319
chr1	241564	241565	28	0.6733
chr1	241614	241615	28	0.5795
chr1	241639	241640	34	0.6239
chr1	241681	241682	35	0.7207
chr1	241696	241697	20	0.6924
chr1	241746	241747	31	0.6957
chr1	241764	241765	22	0.6454
chr1	241790	241791	35	0.7723
chr1	241809	241810	33	0.658
chr1	241850	241851	28	0.7612
chr1	241900	241901	32	0.6772
chr1	241934	241935	37	0.5541
chr1	241954	241955	26	0.7018
chr1	241970	241971	29	0.8301
chr1	241993	241994	25	0.7825
chr1	242012	242013	32	0.7274
chr1	242019	242020	37	0.9077
chr1	242119	242120	33	0.6659
chr1	242169	242170	29	0.5497
chr1	242269	242270	29	0.7148
chr1	242319	242320	34	0.7791
chr1	242419	242420	23	0.7129
chr1	242470	242471	21	0.7931
chr1	242520	242521	26	0.7972
chr1	242588	242589	34	0.5704
chr1	242590	242591	31	0.9591
chr1	242634	242635	32	0.5938
chr1	242649	242650	37	0.6399
chr1	242689	242690	21	0.4067
chr1	242723	242724	31	0.5923
chr1	242741	242742	21	0.4416
chr1	242760	242761	31	0.5751
chr1	242776	242777	38	0.5823
chr1	242810	242811	35	0.3992
chr1	242832	242833	34	0.5531
chr1	242857	242858	36	0.47
chr1	242888	242889	33	0.5602
chr1	242934	242935	28	0.6194
chr1	242977	242978	36	0.6512
chr1	243008	243009	25	0.5473
chr1	243023	243024	34	0.4815
chr1	243051	243052	31	0.5132
chr1	243085	243086	24	0.6863
chr1	243091	243092	37	0.5351
chr1	243185	243186	36	0.417
chr1	243285	243286	30	0.619
chr1	243335	243336	20	0.5048
chr1	243389	243390	28	0.5761
chr1	243489	243490	32	0.4687
chr1	243509	243510	36	0.6379
chr1	243513	243514	25	0.7915
chr1	243563	243564	37	0.3602
chr1	243596	243597	38	0.159
chr1	243613	243614	27	0.2717
chr1	243631	243632	28	0.3011
chr1	243651	243652	32	0.1391
chr1	243677	243678	22	0.346
chr1	243692	243693	32	0.2132
chr1	243726	243727	28	0.1083
chr1	243751	243752	34	0.1399
chr1	243797	243798	30	0.2602
chr1	243847	243848	33	0.1777
chr1	243867	243868	30	0.0562
chr1	243887	243888	28	0.1987
chr1	243920	243921	35	0.2453
chr1	243955	243956	30	0.2041
chr1	243980	243981	33	0.1866
chr1	244017	244018	34	0.1513
chr1	244043	244044	25	0.3991
chr1	244047	244048	33	0.2957
chr1	244097	244098	29	0.2636
chr1	244147	244148	27	0.2987
chr1	244247	244248	29	0.2341
chr1	244347	244348	30	0.1638
chr1	244447	244448	32	0.3109
chr1	244525	244526	29	0.1965
chr1	244607	244608	33	0.203
chr1	244630	244631	32	0.7207
chr1	244669	244670	31	0.8548
chr1	244684	244685	22	0.8091
chr1	244734	244735	23	0.9331
chr1	244784	244785	37	1.0
chr1	244834	244835	31	0.8902
chr1	244849	244850	34	0.9171
chr1	244867	244868	37	0.9635
chr1	244890	244891	34	0.817
chr1	244940	244941	32	0.8653
chr1	244973	244974	34	0.8639
chr1	245007	245008	31	0.8158
chr1	245030	245031	23	0.9043
chr1	245073	245074	33	0.8119
chr1	245088	245089	21	0.8665
chr1	245116	245117	28	0.8831
chr1	245137	245138	30	0.9153
chr1	245157	245158	32	0.6989
chr1	245257	245258	33	0.7343
chr1	245357	245358	32	0.9289
chr1	245448	245449	25	0.9161
chr1	245548	245549	23	0.9665
chr1	245648	245649	29	0.8657
chr1	245708	245709	32	0.9766
chr1	245732	245733	23	0.0302
chr1	245755	245756	28	0.145
chr1	245784	245785	34	0.0878
chr1	245805	245806	25	0.1502
chr1	245855	245856	33	0.1652
chr1	245894	245895	28	0.0719
chr1	245913	245914	29	0.2278
chr1	245934	245935	35	0.1038
chr1	245966	245967	24	0.0603
chr1	245981	245982	27	0.1888
chr1	246011	246012	34	0.0849
chr1	246044	246045	24	0.0468
chr1	246064	246065	27	0.0349
chr1	246088	246089	27	0.1555
chr1	246115	246116	32	0.0755
chr1	246144	246145	32	0.0737
chr1	246190	246191	30	0.1931
chr1	246222	246223	31	0.0783
chr1	246225	246226	25	0.2202
chr1	246275	246276	23	0.2604
chr1	246375	246376	34	0.1664
chr1	246439	246440	37	0.1989
chr1	246539	246540	30	0.1043
chr1	246639	246640	31	0.0
chr1	246683	246684	23	0.1315
chr1	246707	246708	17	0.0293
chr1	246740	246741	22	0.7208
chr1	246761	246762	20	0.779
chr1	246811	246812	31	0.7169
chr1	246849	246850	34	0.7719
chr1	246869	246870	33	0.9102
chr1	246911	246912	28	0.8924
chr1	246945	246946	33	0.845
chr1	246960	246961	32	0.9581
chr1	246975	246976	29	0.8514
chr1	246998	246999	38	0.8707
chr1	247043	247044	24	0.9387
chr1	247090	247091	24	0.9427
chr1	247114	247115	33	1.0
chr1	247164	247165	28	0.7544
chr1	247185	247186	39	0.6936
chr1	247200	247201	29	0.7419
chr1	247250	247251	36	0.7664
chr1	247252	247253	29	0.9963
chr1	247338	247339	30	0.7472
chr1	247392	247393	25	0.7349
chr1	247492	247493	22	0.8672
chr1	247592	247593	25	0.9227
chr1	247642	247643	29	0.948
chr1	247742	247743	20	0.7027
chr1	247762	247763	38	0.8739
chr1	247788	247789	30	0.2691
chr1	247803	247804	36	0.1386
chr1	247853	247854	32	0.1524
chr1	247868	247869	35	0.0883
chr1	247888	247889	24	0.1651
chr1	247920	247921	22	0.1116
chr1	247947	247948	30	0.1967
chr1	247962	247963	34	0.1312
chr1	247977	247978	28	0.0091
chr1	248021	248022	27	0.333
chr1	248049	248050	35	0.2243
chr1	248084	248085	27	0.0297
chr1	248123	248124	26	0.1084
chr1	248139	248140	36	0.0878
chr1	248169	248170	32	0.3011
chr1	248200	248201	31	0.0215
chr1	248225	248226	30	0.2079
chr1	248267	248268	33	0.2096
chr1	248325	248326	29	0.0303
chr1	248405	248406	31	0.1254
chr1	248505	248506	30	0.0363
chr1	248605	248606	22	0.2901
chr1	248705	248706	29	0.1376
chr1	248775	248776	32	0.2
chr1	248781	248782	23	0.2682
chr1	248796	248797	23	0.8367
chr1	248823	248824	25	0.85
chr1	248854	248855	25	0.5841
chr1	248878	248879	38	0.7521
chr1	248913	248914	32	0.7524
chr1	248938	248939	29	0.4952
chr1	248971	248972	24	0.6129
chr1	248995	248996	30	0.6896
chr1	249041	249042	28	0.5436
chr1	249063	249064	37	0.8415
chr1	249082	249083	29	0.6459
chr1	249132	249133	23	0.8565
chr1	249182	249183	23	0.7933
chr1	249220	249221	30	0.6248
chr1	249235	249236	33	0.4871
chr1	249274	249275	32	0.5589
chr1	249374	249375	22	0.7256
chr1	249433	249434	33	0.7033
chr1	249483	249484	30	0.6138
chr1	249533	249534	26	0.8858
chr1	249633	249634	31	0.6979
chr1	249730	249731	38	0.7132
chr1	249748	249749	38	0.7033
chr1	249796	249797	29	0.902
chr1	249820	249821	35	0.8362
chr1	249849	249850	21	0.8246
chr1	249864	249865	30	0.8926
chr1	249914	249915	24	0.722
chr1	249929	249930	30	0.8312
chr1	249966	249967	35	0.8412
chr1	249987	249988	29	0.905
chr1	250011	250012	33	0.9962
chr1	250042	250043	16	0.7366
chr1	250092	250093	28	0.8863
chr1	250137	250138	30	0.8722
chr1	250170	250171	33	0.8245
chr1	250209	250210	24	0.7769
chr1	250259	250260	29	0.9394
chr1	250294	250295	36	0.9909
chr1	250311	250312	20	0.6902
chr1	250334	250335	31	0.8529
chr1	250384	250385	33	0.8578
chr1	250458	250459	29	0.8433
chr1	250558	250559	33	0.883
chr1	250632	250633	27	0.7878
chr1	250682	250683	32	0.8203
chr1	250737	250738	38	0.8507
chr1	250837	250838	28	0.9376
chr1	250931	250932	27	0.96
chr1	250980	250981	35	0.7753
chr1	251012	251013	30	0.5038
chr1	251035	251036	35	0.5029
chr1	251073	251074	28	0.5575
chr1	251102	251103	34	0.6471
chr1	251134	251135	22	0.7897
chr1	251168	251169	26	0.6789
chr1	251202	251203	31	0.8798
chr1	251232	251233	23	0.5108
chr1	251277	251278	29	0.5114
chr1	251327	251328	25	0.6784
chr1	251342	251343	36	0.6459
chr1	251357	251358	33	0.5972
chr1	251407	251408	41	0.7064
chr1	251443	251444	35	0.6694
chr1	251493	251494	27	0.6575
chr1	251494	251495	25	0.6559
chr1	251594	251595	33	0.798
chr1	251687	251688	27	0.6498
chr1	251776	251777	33	0.7077
chr1	251872	251873	32	0.81
chr1	251972	251973	26	0.6448
chr1	252060	252061	33	0.8302
chr1	252082	252083	31	0.6262
chr1	252122	252123	27	0.65
chr1	252171	252172	30	0.5294
chr1	252221	252222	38	0.5236
chr1	252270	252271	36	0.5181
chr1	252291	252292	29	0.5408
chr1	252321	252322	32	0.7274
chr1	252352	252353	30	0.398
chr1	252382	252383	34	0.4559
chr1	252432	252433	34	0.5964
chr1	252467	252468	21	0.6443
chr1	252505	252506	33	0.778
chr1	252525	252526	29	0.5213
chr1	252547	252548	26	0.4582
chr1	252647	252648	23	0.7302
chr1	252720	252721	37	0.7355
chr1	252816	252817	32	0.5306
chr1	252916	252917	21	0.6876
chr1	252972	252973	30	0.5818
chr1	253044	253045	38	0.5237
chr1	253072	253073	25	0.5199
chr1	253105	253106	38	0.2181
chr1	253155	253156	27	0.2619
chr1	253170	253171	20	0.3294
chr1	253201	253202	30	0.3852
chr1	253234	253235	39	0.2466
chr1	253267	253268	29	0.298
chr1	253297	253298	34	0.0
chr1	253312	253313	31	0.3818
chr1	253337	253338	24	0.2554
chr1	253372	253373	34	0.3055
chr1	253422	253423	19	0.2701
chr1	253455	253456	33	0.4086
chr1	253489	253490	35	0.1174
chr1	253525	253526	29	0.1557
chr1	253537	253538	29	0.1997
chr1	253637	253638	24	0.2631
chr1	253737	253738	34	0.2539
chr1	253837	253838	32	0.169
chr1	253933	253934	23	0.1846
chr1	254013	254014	29	0.1227
chr1	254034	254035	36	0.1679
chr1	254061	254062	38	0.0342
chr1	254097	254098	34	0.1119
chr1	254122	254123	34	0.0
chr1	254156	254157	27	0.074
chr1	254206	254207	27	0.1577
chr1	254228	254229	22	0.0666
chr1	254254	254255	25	0.0
chr1	254287	254288	38	0.1035
chr1	254318	254319	30	0.1226
chr1	254345	254346	29	0.0738
chr1	254384	254385	31	0.0458
chr1	254434	254435	27	0.1541
chr1	254481	254482	29	0.0927
chr1	254528	254529	30	0.237
chr1	254545	254546	24	0.0
chr1	254593	254594	31	0.1202
chr1	254623	254624	29	0.0884
chr1	254723	254724	21	0.1791
chr1	254823	254824	32	0.0263
chr1	254923	254924	30	0.0
chr1	254976	254977	30	0.0529
chr1	255059	255060	30	0.2364
chr1	255124	255125	21	0.0759
chr1	255168	255169	22	0.0172
chr1	255222	255223	38	0.2587
chr1	255231	255232	28	0.5312
chr1	255258	255259	36	0.6397
chr1	255292	255293	34	0.5032
chr1	255330	255331	37	0.5729
chr1	255361	255362	29	0.5181
chr1	255380	255381	27	0.6221
chr1	255414	255415	25	0.5525
chr1	255438	255439	32	0.5792
chr1	255466	255467	30	0.4733
chr1	255516	255517	33	0.3525
chr1	255559	255560	25	0.468
chr1	255574	255575	28	0.4884
chr1	255597	255598	35	0.4162
chr1	255619	255620	31	0.424
chr1	255661	255662	25	0.5098
chr1	255690	255691	35	0.4075
chr1	255740	255741	27	0.6247
chr1	255807	255808	28	0.5935
chr1	255900	255901	34	0.488
chr1	256000	256001	32	0.5376
chr1	256057	256058	37	0.4055
chr1	256163	256164	33	0.7236
chr1	256165	256166	31	0.7013
chr1	256179	256180	43	0.842
chr1	256225	256226	35	0.7129
chr1	256245	256246	30	0.7643
chr1	256257	256258	32	0.8018
chr1	256319	256320	27	0.6825
chr1	256347	256348	30	0.5476
chr1	256517	256518	26	0.5612
chr1	256531	256532	34	0.7672
chr1	256540	256541	25	0.166
chr1	256555	256556	27	0.0
chr1	256573	256574	32	0.0869
chr1	256599	256600	28	0.0323
chr1	256649	256650	36	0.1741
chr1	256676	256677	36	0.0243
chr1	256725	256726	40	0.0365
chr1	256743	256744	31	0.0463
chr1	256767	256768	28	0.1266
chr1	256817	256818	26	0.0819
chr1	256833	256834	32	0.137
chr1	256848	256849	34	0.1955
chr1	256898	256899	39	0.2086
chr1	256948	256949	34	0.4614
chr1	256971	256972	28	0.3616
chr1	257004	257005	29	0.3289
chr1	257054	257055	23	0.3927
chr1	257104	257105	34	0.3056
chr1	257165	257166	26	0.1907
chr1	257265	257266	34	0.2722
chr1	257365	257366	22	0.4785
chr1	257465	257466	30	0.089
chr1	257559	257560	30	0.0
chr1	257603	257604	27	0.0
chr1	257695	257696	30	0.0
chr1	257703	257704	27	0.0943
chr1	257765	257766	28	0.0
chr1	257827	257828	26	0.301
chr1	257863	257864	32	0.1399
chr1	257886	257887	33	0.7331
chr1	257922	257923	39	0.5122
chr1	257972	257973	32	0.7791
chr1	258010	258011	31	0.8751
chr1	258056	258057	32	0.8129
chr1	258076	258077	30	0.7993
chr1	258110	258111	30	0.8975
chr1	258135	258136	38	0.7089
chr1	258150	258151	22	0.8928
chr1	258174	258175	37	0.7515
chr1	258189	258190	33	0.6537
chr1	258204	258205	33	0.6868
chr1	258223	258224	33	0.7037
chr1	258246	258247	30	0.6352
chr1	258291	258292	35	0.7637
chr1	258323	258324	21	0.722
chr1	258347	258348	23	0.5763
chr1	258408	258409	32	0.9326
chr1	258486	258487	38	0.7566
chr1	258585	258586	24	0.8916
chr1	258685	258686	42	0.913
chr1	258735	258736	29	0.8613
chr1	258753	258754	29	0.7507
chr1	258777	258778	28	0.705
chr1	258807	258808	32	0.8169
chr1	258876	258877	37	0.5533
chr1	258901	258902	36	0.7158
chr1	258935	258936	23	0.6231
chr1	258980	258981	30	0.7547
chr1	259001	259002	39	0.6733
chr1	259033	259034	37	0.6565
chr1	259058	259059	33	0.67
chr1	259108	259109	30	0.6391
chr1	259123	259124	28	0.8658
chr1	259164	259165	30	0.7746
chr1	259182	259183	30	0.4917
chr1	259204	259205	37	0.8165
chr1	259235	259236	31	0.5608
chr1	259266	259267	38	0.5267
chr1	259269	259270	32	0.75
chr1	259369	259370	24	0.7833
chr1	259464	259465	25	0.6647
chr1	259564	259565	27	0.5418
chr1	259664	259665	28	0.6643
chr1	259694	259695	25	0.8759
chr1	259744	259745	32	0.6688
chr1	259759	259760	22	0.9279
chr1	259784	259785	24	0.8852
chr1	259815	259816	34	0.869
chr1	259863	259864	29	0.7899
chr1	259901	259902	33	0.8922
chr1	259919	259920	22	0.7746
chr1	259936	259937	30	0.8606
chr1	259959	259960	15	0.6782
chr1	260009	260010	30	0.8213
chr1	260044	260045	33	0.9558
chr1	260094	260095	38	0.9425
chr1	260144	260145	33	0.8097
chr1	260163	260164	28	0.7974
chr1	260192	260193	31	0.911
chr1	260227	260228	24	0.8085
chr1	260261	260262	31	0.8479
chr1	260275	260276	29	0.9122
chr1	260375	260376	20	0.8084
chr1	260425	260426	27	0.7795
chr1	260525	260526	41	0.839
chr1	260625	260626	34	1.0
chr1	260675	260676	28	0.967
chr1	260767	260768	31	0.7526
chr1	260823	260824	24	0.8609
chr1	260840	260841	41	0.2181
chr1	260875	260876	32	0.28
chr1	260898	260899	34	0.3008
chr1	260918	260919	35	0.2755
chr1	260942	260943	34	0.3778
chr1	260976	260977	32	0.3631
chr1	260991	260992	24	0.2994
chr1	261041	261042	30	0.3522
chr1	261083	261084	25	0.4352
chr1	261108	261109	26	0.3184
chr1	261158	261159	29	0.2305
chr1	261177	261178	38	0.3124
chr1	261195	261196	23	0.2277
chr1	261217	261218	39	0.3025
chr1	261261	261262	39	0.2273
chr1	261296	261297	30	0.4118
chr1	261338	261339	30	0.3024
chr1	261438	261439	31	0.2818
chr1	261532	261533	31	0.3166
chr1	261600	261601	24	0.2852
chr1	261700	261701	29	0.2186
chr1	261750	261751	38	0.2379
chr1	261817	261818	36	0.4298
chr1	261819	261820	30	0.3381
chr1	261850	261851	34	0.7336
chr1	261889	261890	19	0.7481
chr1	261925	261926	22	0.7177
chr1	261975	261976	29	0.813
chr1	262008	262009	23	0.7487
chr1	262030	262031	23	0.7255
chr1	262048	262049	29	0.7114
chr1	262067	262068	20	0.8699
chr1	262117	262118	25	0.712
chr1	262142	262143	35	0.6588
chr1	262165	262166	25	0.5931
chr1	262196	262197	22	0.6299
chr1	262211	262212	36	0.6785
chr1	262259	262260	26	0.6271
chr1	262279	262280	32	0.6755
chr1	262329	262330	30	0.8213
chr1	262352	262353	35	0.8249
chr1	262452	262453	23	0.7718
chr1	262552	262553	29	0.7671
chr1	262652	262653	21	0.8141
chr1	262718	262719	25	0.7716
chr1	262780	262781	35	0.8985
chr1	262808	262809	28	0.7569
chr1	262864	262865	30	0.7287
chr1	262885	262886	34	0.9066
chr1	262928	262929	31	0.808
chr1	262978	262979	29	0.7741
chr1	263013	263014	25	0.8477
chr1	263063	263064	25	0.787
chr1	263087	263088	29	0.7838
chr1	263114	263115	28	0.6456
chr1	263156	263157	25	0.702
chr1	263206	263207	29	0.8904
chr1	263256	263257	30	0.8213
chr1	263272	263273	31	0.6608
chr1	263290	263291	31	0.7741
chr1	263337	263338	31	0.6536
chr1	263387	263388	30	0.7733
chr1	263434	263435	30	0.8143
chr1	263461	263462	33	0.713
chr1	263478	263479	28	0.6467
chr1	263578	263579	25	0.848
chr1	263678	263679	28	0.7632
chr1	263758	263759	36	0.8543
chr1	263858	263859	23	0.7116
chr1	263958	263959	23	0.6574
chr1	264045	264046	30	0.8517
chr1	264081	264082	24	0.94
chr1	264097	264098	25	0.8209
chr1	264130	264131	25	0.7492
chr1	264180	264181	25	0.834
chr1	264203	264204	31	0.9285
chr1	264244	264245	37	0.7662
chr1	264294	264295	40	0.9082
chr1	264318	264319	29	0.7168
chr1	264368	264369	35	0.8636
chr1	264391	264392	30	0.6236
chr1	264406	264407	31	0.7698
chr1	264432	264433	34	0.8256
chr1	264468	264469	35	0.8374
chr1	264498	264499	33	0.6296
chr1	264513	264514	29	0.9574
chr1	264563	264564	38	0.8858
chr1	264594	264595	25	0.7769
chr1	264619	264620	36	0.7833
chr1	264691	264692	38	0.9057
chr1	264743	264744	17	0.859
chr1	264843	264844	23	0.8836
chr1	264943	264944	29	0.7434
chr1	265043	265044	26	0.8478
chr1	265061	265062	28	0.9206
chr1	265111	265112	43	0.6103
chr1	265156	265157	32	0.1483
chr1	265184	265185	23	0.1524
chr1	265215	265216	23	0.2592
chr1	265239	265240	32	0.0706
chr1	265289	265290	27	0.2469
chr1	265306	265307	32	0.4051
chr1	265339	265340	30	0.1332
chr1	265385	265386	27	0.0214
chr1	265422	265423	28	0.1597
chr1	265450	265451	33	0.2154
chr1	265491	265492	35	0.2435
chr1	265510	265511	29	0.1512
chr1	265535	265536	28	0.0
chr1	265564	265565	32	0.117
chr1	265579	265580	23	0.2392
chr1	265611	265612	33	0.3011
chr1	265661	265662	28	0.1412
chr1	265723	265724	29	0.2148
chr1	265779	265780	33	0.0972
chr1	265849	265850	23	0.1063
chr1	265941	265942	23	0.1859
chr1	265991	265992	28	0.2446
chr1	266061	266062	32	0.1961
chr1	266083	266084	39	0.1664
chr1	266090	266091	30	0.7505
chr1	266140	266141	27	0.6589
chr1	266182	266183	27	0.732
chr1	266218	266219	25	0.7356
chr1	266261	266262	30	0.7405
chr1	266288	266289	26	0.7211
chr1	266318	266319	39	0.5386
chr1	266342	266343	34	0.7296
chr1	266374	266375	29	0.7215
chr1	266392	266393	34	0.7252
chr1	266412	266413	26	0.5908
chr1	266450	266451	26	0.7744
chr1	266494	266495	34	0.6859
chr1	266521	266522	24	0.75
chr1	266585	266586	33	0.7725
chr1	266685	266686	30	0.6615
chr1	266785	266786	37	0.5427
chr1	266885	266886	32	0.8029
chr1	266993	266994	28	0.9241
chr1	267063	267064	30	0.8222
chr1	267135	267136	29	0.9749
chr1	267231	267232	36	0.8676
chr1	267335	267336	20	0.7665
chr1	267379	267380	27	0.9937
chr1	267394	267395	26	0.2241
chr1	267444	267445	31	0.3522
chr1	267460	267461	41	0.0258
chr1	267484	267485	29	0.2173
chr1	267524	267525	28	0.222
chr1	267570	267571	31	0.2721
chr1	267587	267588	24	0.204
chr1	267612	267613	28	0.3342
chr1	267639	267640	38	0.2443
chr1	267664	267665	23	0.0671
chr1	267696	267697	31	0.251
chr1	267722	267723	35	0.2828
chr1	267755	267756	27	0.2721
chr1	267775	267776	34	0.0984
chr1	267824	267825	33	0.1095
chr1	267858	267859	31	0.1379
chr1	267880	267881	29	0.0223
chr1	267895	267896	22	0.2868
chr1	267927	267928	22	0.125
chr1	267942	267943	33	0.1873
chr1	267952	267953	34	0.1789
chr1	268043	268044	30	0.2395
chr1	268136	268137	31	0.1149
chr1	268213	268214	34	0.0861
chr1	268313	268314	34	0.1599
chr1	268367	268368	13	0.2584
chr1	268455	268456	38	0.244
chr1	268525	268526	25	0.1916
chr1	268535	268536	34	0.0443
chr1	268575	268576	37	0.729
chr1	268596	268597	27	0.8215
chr1	268646	268647	37	0.8517
chr1	268689	268690	24	0.8291
chr1	268729	268730	29	0.7535
chr1	268745	268746	26	0.8288
chr1	268773	268774	33	0.8263
chr1	268806	268807	29	0.9155
chr1	268842	268843	33	0.6434
chr1	268857	268858	34	0.8037
chr1	268879	268880	34	0.8472
chr1	268927	268928	27	0.7319
chr1	268942	268943	29	0.8279
chr1	268991	268992	28	0.8632
chr1	269016	269017	30	0.8536
chr1	269116	269117	28	0.8876
chr1	269199	269200	35	0.8651
chr1	269299	269300	41	0.7195
chr1	269399	269400	24	0.7486
chr1	269417	269418	36	1.0
chr1	269439	269440	26	0.7768
chr1	269449	269450	32	0.2629
chr1	269487	269488	28	0.5625
chr1	269537	269538	30	0.0
chr1	269587	269588	30	0.6658
chr1	269637	269638	28	0.6271
chr1	269668	269669	31	0.888
chr1	269685	269686	30	0.8122
chr1	269735	269736	32	0.2972
chr1	269771	269772	23	0.3545
chr1	269796	269797	22	0.6578
chr1	269821	269822	26	0.0
chr1	269848	269849	22	0.5847
chr1	269871	269872	28	0.8374
chr1	269886	269887	37	0.0
chr1	269908	269909	24	0.6863
chr1	269923	269924	31	0.1065
chr1	269970	269971	21	0.6451
chr1	270070	270071	28	0.6465
chr1	270170	270171	26	0.6897
chr1	270243	270244	32	0.822
chr1	270298	270299	44	0.836
chr1	270357	270358	27	0.8243
chr1	270455	270456	26	0.836
chr1	270485	270486	26	0.6413
chr1	270539	270540	32	0.4563
chr1	270583	270584	31	0.1432
chr1	270633	270634	30	0.224
chr1	270668	270669	27	0.186
chr1	270700	270701	31	0.1474
chr1	270739	270740	37	0.1058
chr1	270754	270755	23	0.2358
chr1	270769	270770	25	0.1051
chr1	270784	270785	26	0.1298
chr1	270826	270827	26	0.1576
chr1	270856	270857	30	0.0992
chr1	270875	270876	31	0.1898
chr1	270898	270899	25	0.0092
chr1	270919	270920	26	0.0692
chr1	270934	270935	31	0.0928
chr1	270959	270960	33	0.2636
chr1	270974	270975	32	0.2207
chr1	270995	270996	33	0.0834
chr1	271014	271015	33	0.0611
chr1	271054	271055	33	0.1866
chr1	271096	271097	23	0.3607
chr1	271196	271197	28	0.2808
chr1	271266	271267	31	0.0845
chr1	271366	271367	30	0.0873
chr1	271466	271467	29	0.1359
chr1	271537	271538	33	0.1801
chr1	271571	271572	31	0.1567
chr1	271585	271586	38	0.0672
chr1	271595	271596	27	0.6614
chr1	271610	271611	37	0.7246
chr1	271628	271629	20	0.6323
chr1	271653	271654	24	0.559
chr1	271685	271686	32	0.6139
chr1	271703	271704	30	0.7606
chr1	271726	271727	24	0.7188
chr1	271755	271756	26	0.6081
chr1	271773	271774	34	0.7617
chr1	271791	271792	25	0.6339
chr1	271824	271825	28	0.6617
chr1	271844	271845	29	0.7254
chr1	271865	271866	31	0.5495
chr1	271896	271897	29	0.7425
chr1	271911	271912	29	0.5072
chr1	271935	271936	24	0.6253
chr1	271956	271957	26	0.6134
chr1	271975	271976	30	0.614
chr1	272010	272011	31	0.6282
chr1	272033	272034	27	0.5835
chr1	272050	272051	29	0.6719
chr1	272095	272096	24	0.627
chr1	272118	272119	28	0.4545
chr1	272134	272135	31	0.6289
chr1	272234	272235	31	0.747
chr1	272334	272335	26	0.6362
chr1	272434	272435	41	0.6286
chr1	272534	272535	21	0.5478
chr1	272609	272610	28	0.6132
chr1	272697	272698	27	0.8918
chr1	272749	272750	30	0.8187
chr1	272823	272824	21	0.7136
chr1	272845	272846	37	0.8352
chr1	272949	272950	35	0.7383
chr1	272969	272970	29	0.9679
chr1	272975	272976	25	0.5343
chr1	273017	273018	34	0.3846
chr1	273067	273068	15	0.2985
chr1	273101	273102	29	0.3646
chr1	273118	273119	36	0.3631
chr1	273163	273164	23	0.4514
chr1	273185	273186	30	0.3344
chr1	273213	273214	34	0.4153
chr1	273263	273264	33	0.4786
chr1	273284	273285	30	0.6497
chr1	273326	273327	24	0.4663
chr1	273356	273357	31	0.5161
chr1	273406	273407	34	0.4947
chr1	273448	273449	29	0.5364
chr1	273484	273485	33	0.4211
chr1	273493	273494	20	0.4487
chr1	273593	273594	24	0.4574
chr1	273693	273694	24	0.3828
chr1	273790	273791	27	0.4104
chr1	273890	273891	36	0.4072
chr1	273946	273947	31	0.4755
chr1	273958	273959	23	0.6849
chr1	273980	273981	28	0.8022
chr1	274088	274089	29	0.6174
chr1	274104	274105	26	0.8125
chr1	274208	274209	31	0.8059
chr1	274262	274263	21	0.8885
chr1	274324	274325	20	0.5161
chr1	274416	274417	23	0.704
chr1	274424	274425	28	0.8213
chr1	274444	274445	30	0.7488
chr1	274455	274456	25	0.1052
chr1	274495	274496	29	0.02
chr1	274545	274546	33	0.1493
chr1	274564	274565	32	0.0966
chr1	274596	274597	28	0.1607
chr1	274621	274622	28	0.2398
chr1	274657	274658	19	0.1109
chr1	274672	274673	22	0.1961
chr1	274687	274688	33	0.174
chr1	274703	274704	23	0.2026
chr1	274741	274742	31	0.14
chr1	274791	274792	33	0.3626
chr1	274806	274807	29	0.1503
chr1	274830	274831	27	0.2369
chr1	274856	274857	27	0.0373
chr1	274879	274880	27	0.0645
chr1	274897	274898	34	0.2495
chr1	274947	274948	29	0.1364
chr1	274989	274990	28	0.2064
chr1	275004	275005	24	0.1494
chr1	275017	275018	33	0.1735
chr1	275117	275118	26	0.2117
chr1	275217	275218	33	0.208
chr1	275269	275270	28	0.2331
chr1	275344	275345	32	0.2271
chr1	275442	275443	30	0.1414
chr1	275542	275543	32	0.1989
chr1	275596	275597	27	0.0
chr1	275624	275625	23	0.254
chr1	275642	275643	34	0.1898
chr1	275689	275690	37	0.0389
chr1	275722	275723	36	0.1507
chr1	275740	275741	31	0.1227
chr1	275762	275763	25	0.0361
chr1	275789	275790	23	0.0619
chr1	275816	275817	34	0.2663
chr1	275836	275837	34	0.1677
chr1	275857	275858	27	0.2518
chr1	275903	275904	27	0.1588
chr1	275931	275932	31	0.1085
chr1	275960	275961	28	0.0237
chr1	275992	275993	26	0.1229
chr1	276014	276015	28	0.1402
chr1	276029	276030	30	0.1957
chr1	276044	276045	28	0.1094
chr1	276059	276060	29	0.3409
chr1	276097	276098	40	0.0813
chr1	276121	276122	24	0.1049
chr1	276137	276138	26	0.2398
chr1	276190	276191	20	0.0739
chr1	276290	276291	32	0.2581
chr1	276390	276391	34	0.143
chr1	276450	276451	26	0.105
chr1	276550	276551	31	0.0699
chr1	276650	276651	37	0.1952
chr1	276708	276709	30	0.0846
chr1	276720	276721	34	0.1356
chr1	276745	276746	27	0.7692
chr1	276795	276796	29	0.7116
chr1	276823	276824	25	0.8122
chr1	276846	276847	27	0.7167
chr1	276925	276926	28	0.921
chr1	276975	276976	35	0.8566
chr1	276990	276991	25	0.838
chr1	277026	277027	32	0.7424
chr1	277048	277049	28	0.8848
chr1	277064	277065	29	0.9059
chr1	277083	277084	43	0.6976
chr1	277108	277109	31	0.5974
chr1	277126	277127	35	0.7026
chr1	277155	277156	25	0.792
chr1	277205	277206	34	0.7009
chr1	277230	277231	29	0.9592
chr1	277297	277298	19	0.7617
chr1	277347	277348	22	0.675
chr1	277447	277448	33	0.859
chr1	277522	277523	36	0.9165
chr1	277584	277585	28	0.8108
chr1	277684	277685	29	0.8086
chr1	277752	277753	33	0.7347
chr1	277768	277769	42	0.8194
chr1	277785	277786	27	0.6667
chr1	277812	277813	31	0.5118
chr1	277827	277828	30	0.6808
chr1	277861	277862	35	0.7131
chr1	277892	277893	33	0.7917
chr1	277907	277908	28	0.5576
chr1	277949	277950	23	0.7498
chr1	277964	277965	30	0.7303
chr1	278014	278015	31	0.6761
chr1	278041	278042	41	0.6089
chr1	278085	278086	26	0.6101
chr1	278135	278136	25	0.6717
chr1	278185	278186	24	0.7612
chr1	278208	278209	27	0.6081
chr1	278224	278225	29	0.4585
chr1	278239	278240	24	0.6445
chr1	278261	278262	24	0.5138
chr1	278272	278273	31	0.6613
chr1	278372	278373	30	0.7998
chr1	278446	278447	31	0.7109
chr1	278546	278547	28	0.6183
chr1	278619	278620	34	0.6977
chr1	278694	278695	27	0.6971
chr1	278736	278737	30	0.6307
chr1	278770	278771	36	0.4956
chr1	278795	278796	29	0.8427
chr1	278842	278843	34	0.704
chr1	278884	278885	31	0.8605
chr1	278914	278915	27	0.8128
chr1	278949	278950	33	0.9485
chr1	278988	278989	34	0.7904
chr1	279019	279020	31	0.883
chr1	279069	279070	28	0.9366
chr1	279085	279086	26	0.8936
chr1	279107	279108	33	0.9346
chr1	279148	279149	32	0.9291
chr1	279174	279175	29	0.9515
chr1	279220	279221	37	0.9876
chr1	279257	279258	32	0.924
chr1	279268	279269	27	0.777
chr1	279368	279369	36	0.7819
chr1	279468	279469	32	0.921
chr1	279518	279519	38	0.8322
chr1	279618	279619	33	0.8673
chr1	279718	279719	22	0.9007
chr1	279742	279743	24	1.0
chr1	279787	279788	27	0.1006
chr1	279808	279809	17	0.0
chr1	279835	279836	19	0.0
chr1	279870	279871	32	0.1967
chr1	279902	279903	22	0.233
chr1	279929	279930	29	0.0761
chr1	279979	279980	26	0.0719
chr1	279997	279998	34	0.156
chr1	280047	280048	23	0.1424
chr1	280062	280063	30	0.0507
chr1	280109	280110	38	0.0775
chr1	280133	280134	34	0.1781
chr1	280177	280178	22	0.0943
chr1	280211	280212	18	0.1629
chr1	280253	280254	33	0.1322
chr1	280279	280280	34	0.0043
chr1	280334	280335	23	0.1041
chr1	280434	280435	26	0.1543
chr1	280534	280535	31	0.1276
chr1	280634	280635	22	0.0405
chr1	280734	280735	34	0.145
chr1	280758	280759	33	0.0793
chr1	280782	280783	30	0.2125
chr1	280826	280827	32	0.8364
chr1	280859	280860	35	0.6515
chr1	280896	280897	30	0.6403
chr1	280936	280937	37	0.623
chr1	280984	280985	31	0.816
chr1	281034	281035	34	0.8051
chr1	281054	281055	20	0.8925
chr1	281069	281070	20	0.768
chr1	281119	281120	31	0.6849
chr1	281139	281140	27	0.6896
chr1	281171	281172	24	0.8019
chr1	281193	281194	17	0.8267
chr1	281243	281244	29	0.6163
chr1	281258	281259	28	0.6933
chr1	281358	281359	37	0.9612
chr1	281419	281420	24	0.7204
chr1	281469	281470	35	0.7292
chr1	281566	281567	28	0.676
chr1	281616	281617	25	0.6886
chr1	281683	281684	31	0.6897
chr1	281689	281690	22	0.7029
chr1	281743	281744	31	0.8589
chr1	281781	281782	24	0.283
chr1	281796	281797	24	0.2744
chr1	281819	281820	29	0.123
chr1	281839	281840	39	0.1464
chr1	281889	281890	23	0.2569
chr1	281912	281913	30	0.2813
chr1	281941	281942	32	0.4102
chr1	281963	281964	31	0.2755
chr1	281983	281984	17	0.4421
chr1	282004	282005	38	0.3603
chr1	282025	282026	28	0.168
chr1	282073	282074	28	0.21
chr1	282099	282100	33	0.087
chr1	282149	282150	26	0.1401
chr1	282186	282187	19	0.3216
chr1	282209	282210	30	0.2703
chr1	282225	282226	36	0.348
chr1	282247	282248	34	0.3406
chr1	282255	282256	22	0.2562
chr1	282355	282356	28	0.2847
chr1	282455	282456	32	0.3424
chr1	282555	282556	31	0.214
chr1	282655	282656	29	0.3154
chr1	282729	282730	30	0.1891
chr1	282805	282806	35	0.1923
chr1	282848	282849	26	0.8175
chr1	282869	282870	36	0.8178
chr1	282919	282920	35	0.7078
chr1	282945	282946	23	0.8982
chr1	282977	282978	32	0.6994
chr1	283003	283004	33	0.8438
chr1	283038	283039	19	0.7864
chr1	283077	283078	17	0.9441
chr1	283127	283128	36	0.8607
chr1	283161	283162	34	0.8586
chr1	283176	283177	30	0.8687
chr1	283219	283220	27	0.8348
chr1	283258	283259	27	0.862
chr1	283277	283278	31	0.7794
chr1	283322	283323	24	0.8122
chr1	283357	283358	35	0.9737
chr1	283457	283458	21	0.9463
chr1	283514	283515	28	0.7281
chr1	283614	283615	29	0.7786
chr1	283695	283696	28	0.8218
chr1	283792	283793	34	0.6909
chr1	283796	283797	34	0.8154
chr1	283850	283851	25	0.672
chr1	283875	283876	30	0.6457
chr1	283893	283894	31	0.6787
chr1	283910	283911	30	0.6985
chr1	283937	283938	24	0.5716
chr1	283959	283960	26	0.7039
chr1	284009	284010	15	0.7526
chr1	284059	284060	29	0.7664
chr1	284106	284107	21	0.8868
chr1	284121	284122	35	0.6482
chr1	284153	284154	30	0.6809
chr1	284168	284169	24	0.7969
chr1	284204	284205	32	0.6313
chr1	284254	284255	32	0.7997
chr1	284291	284292	21	0.6821
chr1	284341	284342	29	0.5778
chr1	284379	284380	21	0.5022
chr1	284479	284480	27	0.6288
chr1	284579	284580	25	0.6427
chr1	284655	284656	27	0.5474
chr1	284705	284706	32	0.7166
chr1	284755	284756	27	0.606
chr1	284855	284856	31	0.7931
chr1	284889	284890	30	0.6682
chr1	284897	284898	30	0.6998
chr1	284922	284923	31	0.9518
chr1	284949	284950	27	0.9027
chr1	284981	284982	30	0.6568
chr1	285015	285016	31	0.6378
chr1	285032	285033	30	0.6469
chr1	285059	285060	29	0.8728
chr1	285074	285075	26	0.7717
chr1	285124	285125	32	0.8004
chr1	285147	285148	29	0.7742
chr1	285176	285177	35	0.7368
chr1	285195	285196	30	0.727
chr1	285213	285214	40	0.7226
chr1	285248	285249	30	0.8078
chr1	285263	285264	22	0.7747
chr1	285302	285303	25	0.8019
chr1	285336	285337	30	0.8827
chr1	285353	285354	22	0.787
chr1	285365	285366	35	0.6836
chr1	285461	285462	28	0.8333
chr1	285540	285541	40	0.8118
chr1	285590	285591	31	0.5655
chr1	285654	285655	22	0.6847
chr1	285754	285755	27	0.8723
chr1	285780	285781	35	0.8359
chr1	285802	285803	18	0.8591
chr1	285819	285820	23	0.5722
chr1	285849	285850	16	0.7275
chr1	285864	285865	20	0.8487
chr1	285896	285897	26	0.6188
chr1	285931	285932	35	0.7625
chr1	285960	285961	31	0.6851
chr1	285996	285997	26	0.6347
chr1	286046	286047	20	0.9024
chr1	286079	286080	25	0.7004
chr1	286120	286121	27	0.674
chr1	286170	286171	22	0.8421
chr1	286199	286200	30	0.8133
chr1	286225	286226	30	0.6516
chr1	286240	286241	29	0.7545
chr1	286276	286277	19	0.6088
chr1	286314	286315	31	0.7695
chr1	286328	286329	26	0.6602
chr1	286384	286385	23	0.6185
chr1	286484	286485	27	0.8334
chr1	286540	286541	37	0.7091
chr1	286601	286602	33	0.5654
chr1	286692	286693	40	0.6683
chr1	286792	286793	28	0.7962
chr1	286794	286795	30	0.857
chr1	286828	286829	23	0.6763
chr1	286834	286835	27	0.5919
chr1	286849	286850	26	0.5056
chr1	286888	286889	28	0.6019
chr1	286927	286928	27	0.5318
chr1	286959	286960	28	0.6045
chr1	286988	286989	36	0.7095
chr1	287021	287022	35	0.6548
chr1	287071	287072	28	0.5286
chr1	287096	287097	31	0.8433
chr1	287133	287134	30	0.6572
chr1	287183	287184	35	0.6031
chr1	287219	287220	44	0.4817
chr1	287245	287246	39	0.5055
chr1	287284	287285	24	0.6339
chr1	287299	287300	25	0.7039
chr1	287330	287331	27	0.6188
chr1	287355	287356	28	0.5716
chr1	287401	287402	28	0.5009
chr1	287451	287452	35	0.6885
chr1	287551	287552	25	0.7485
chr1	287651	287652	37	0.6794
chr1	287751	287752	25	0.6372
chr1	287851	287852	27	0.662
chr1	287951	287952	22	0.6371
chr1	287967	287968	29	0.2124
chr1	287969	287970	25	0.0751
chr1	288047	288048	34	0.3457
chr1	288323	288324	34	0.4392
chr1	288381	288382	34	0.2448
chr1	288406	288407	35	0.8229
chr1	288456	288457	24	0.8105
chr1	288492	288493	29	0.7111
chr1	288515	288516	25	0.8393
chr1	288538	288539	27	0.7351
chr1	288567	288568	36	0.7511
chr1	288605	288606	34	0.6388
chr1	288626	288627	35	0.8192
chr1	288664	288665	33	0.7369
chr1	288679	288680	33	0.819
chr1	288701	288702	33	0.7498
chr1	288727	288728	35	0.7862
chr1	288760	288761	35	0.9041
chr1	288781	288782	30	0.6226
chr1	288827	288828	24	0.7332
chr1	288877	288878	31	0.7546
chr1	288891	288892	28	0.8079
chr1	288944	288945	34	0.6447
chr1	289037	289038	31	0.6165
chr1	289137	289138	23	0.8716
chr1	289237	289238	34	0.8534
chr1	289304	289305	34	0.704
chr1	289306	289307	31	0.7594
chr1	289378	289379	41	0.6672
chr1	289387	289388	27	0.668
chr1	289421	289422	24	0.5113
chr1	289466	289467	34	0.7984
chr1	289516	289517	36	0.5942
chr1	289544	289545	30	0.4802
chr1	289573	289574	27	0.5704
chr1	289596	289597	23	0.5698
chr1	289646	289647	29	0.532
chr1	289696	289697	23	0.6314
chr1	289733	289734	35	0.6111
chr1	289754	289755	32	0.6679
chr1	289773	289774	35	0.485
chr1	289800	289801	37	0.4647
chr1	289848	289849	29	0.5623
chr1	289860	289861	26	0.5409
chr1	289910	289911	24	0.5655
chr1	290010	290011	18	0.4996
chr1	290060	290061	26	0.5749
chr1	290110	290111	32	0.5696
chr1	290160	290161	21	0.4727
chr1	290219	290220	29	0.6767
chr1	290291	290292	37	0.5793
chr1	290353	290354	35	0.7256
chr1	290597	290598	30	0.9829
chr1	290605	290606	35	0.8181
chr1	290607	290608	25	0.6144
chr1	290687	290688	23	0.8129
chr1	290720	290721	36	0.5152
chr1	290744	290745	25	0.6462
chr1	290771	290772	26	0.6593
chr1	290795	290796	33	0.6487
chr1	290844	290845	24	0.5892
chr1	290876	290877	33	0.5142
chr1	290903	290904	31	0.7476
chr1	290937	290938	31	0.75
chr1	290955	290956	31	0.6698
chr1	290971	290972	30	0.691
chr1	290999	291000	44	0.5861
chr1	291027	291028	25	0.8217
chr1	291044	291045	27	0.7684
chr1	291094	291095	27	0.6223
chr1	291144	291145	16	0.7419
chr1	291176	291177	25	0.5926
chr1	291195	291196	27	0.6367
chr1	291198	291199	39	0.7446
chr1	291253	291254	33	0.8491
chr1	291353	291354	33	0.6602
chr1	291453	291454	34	0.6889
chr1	291553	291554	24	0.6886
chr1	291620	291621	28	0.6
chr1	291692	291693	28	0.7117
chr1	291724	291725	27	0.8623
chr1	291757	291758	24	0.825
chr1	291772	291773	30	0.8614
chr1	291787	291788	23	0.9866
chr1	291807	291808	28	0.9095
chr1	291841	291842	25	0.9948
chr1	291880	291881	31	0.851
chr1	291906	291907	28	0.8174
chr1	291956	291957	34	0.9623
chr1	292006	292007	36	0.9299
chr1	292038	292039	30	0.9935
chr1	292076	292077	19	0.9587
chr1	292100	292101	39	0.8199
chr1	292150	292151	24	0.9183
chr1	292183	292184	33	0.9429
chr1	292233	292234	32	0.865
chr1	292241	292242	23	0.8052
chr1	292341	292342	32	0.8271
chr1	292391	292392	30	0.9003
chr1	292491	292492	38	1.0
chr1	292591	292592	31	0.9127
chr1	292691	292692	24	0.9631
chr1	292759	292760	32	0.9702
chr1	292761	292762	22	0.8476
chr1	292782	292783	32	0.2572
chr1	292821	292822	41	0.2731
chr1	292854	292855	29	0.124
chr1	292869	292870	30	0.1597
chr1	292907	292908	22	0.1691
chr1	292957	292958	28	0.2147
chr1	292981	292982	31	0.207
chr1	293006	293007	26	0.375
chr1	293026	293027	29	0.2996
chr1	293068	293069	36	0.251
chr1	293117	293118	24	0.2491
chr1	293143	293144	25	0.2088
chr1	293169	293170	36	0.2341
chr1	293189	293190	32	0.1607
chr1	293212	293213	35	0.3042
chr1	293262	293263	26	0.1162
chr1	293289	293290	25	0.2614
chr1	293389	293390	28	0.3216
chr1	293461	293462	37	0.1874
chr1	293533	293534	15	0.3758
chr1	293633	293634	30	0.4656
chr1	293725	293726	23	0.3128
chr1	293757	293758	32	0.0771
chr1	293783	293784	33	0.1593
chr1	293789	293790	37	0.5783
chr1	293821	293822	28	0.8294
chr1	293852	293853	32	0.6053
chr1	293891	293892	28	0.7357
chr1	293917	293918	31	0.7744
chr1	293948	293949	23	0.8315
chr1	293974	293975	30	0.7785
chr1	293990	293991	28	0.7123
chr1	294011	294012	32	0.6567
chr1	294061	294062	30	0.5816
chr1	294079	294080	29	0.7173
chr1	294117	294118	32	0.8111
chr1	294152	294153	34	0.8047
chr1	294201	294202	31	0.6361
chr1	294251	294252	25	0.7734
chr1	294285	294286	34	0.6049
chr1	294312	294313	27	0.7082
chr1	294338	294339	38	0.5397
chr1	294360	294361	32	0.73
chr1	294439	294440	26	0.5066
chr1	294489	294490	30	0.5326
chr1	294564	294565	32	0.7
chr1	294627	294628	17	0.5947
chr1	294727	294728	27	0.6535
chr1	294791	294792	28	0.7168
chr1	294891	294892	30	0.6199
chr1	295005	295006	32	0.8205
chr1	295099	295100	22	0.9778
chr1	295181	295182	20	0.8964
chr1	295199	295200	35	0.8126
chr1	295295	295296	35	0.8898
chr1	295331	295332	29	0.5992
chr1	295357	295358	27	0.5225
chr1	295384	295385	35	0.8791
chr1	295422	295423	25	0.592
chr1	295472	295473	31	0.6649
chr1	295504	295505	29	0.9038
chr1	295554	295555	31	0.901
chr1	295592	295593	28	0.8839
chr1	295642	295643	32	0.746
chr1	295692	295693	36	0.8622
chr1	295740	295741	28	0.7339
chr1	295781	295782	31	0.6741
chr1	295820	295821	35	0.8705
chr1	295828	295829	39	0.7898
chr1	295898	295899	30	0.5406
chr1	295998	295999	33	0.606
chr1	296098	296099	17	0.8713
chr1	296198	296199	32	0.819
chr1	296296	296297	26	0.5501
chr1	296365	296366	29	0.6767
chr1	296407	296408	43	0.4852
chr1	296426	296427	31	0.5206
chr1	296471	296472	34	0.405
chr1	296492	296493	33	0.6699
chr1	296518	296519	35	0.5677
chr1	296533	296534	26	0.5591
chr1	296562	296563	32	0.5708
chr1	296588	296589	31	0.5662
chr1	296634	296635	30	0.5258
chr1	296649	296650	33	0.5246
chr1	296683	296684	24	0.6051
chr1	296717	296718	26	0.6265
chr1	296732	296733	36	0.444
chr1	296754	296755	32	0.6448
chr1	296779	296780	30	0.6443
chr1	296811	296812	37	0.5571
chr1	296852	296853	25	0.5268
chr1	296878	296879	35	0.5835
chr1	296909	296910	33	0.5174
chr1	296924	296925	31	0.5908
chr1	296925	296926	36	0.6923
chr1	296994	296995	34	0.5627
chr1	297075	297076	38	0.5236
chr1	297175	297176	21	0.543
chr1	297225	297226	36	0.6622
chr1	297275	297276	36	0.5396
chr1	297375	297376	39	0.7039
chr1	297423	297424	41	0.5263
chr1	297433	297434	35	0.7101
chr1	297442	297443	21	0.5091
chr1	297472	297473	32	0.4383
chr1	297522	297523	25	0.3601
chr1	297568	297569	27	0.2934
chr1	297583	297584	24	0.568
chr1	297600	297601	16	0.4304
chr1	297649	297650	29	0.5396
chr1	297699	297700	31	0.5158
chr1	297726	297727	28	0.3548
chr1	297744	297745	27	0.5015
chr1	297780	297781	34	0.4486
chr1	297809	297810	29	0.5062
chr1	297827	297828	43	0.4612
chr1	297867	297868	35	0.3542
chr1	297886	297887	26	0.4396
chr1	297936	297937	22	0.3365
chr1	297960	297961	25	0.3892
chr1	297991	297992	25	0.3226
chr1	298015	298016	25	0.5343
chr1	298047	298048	28	0.4252
chr1	298063	298064	31	0.4915
chr1	298163	298164	39	0.4083
chr1	298222	298223	32	0.5805
chr1	298282	298283	28	0.3429
chr1	298352	298353	28	0.4897
chr1	298452	298453	28	0.3862
chr1	298552	298553	35	0.4061
chr1	298636	298637	26	0.3654
chr1	298672	298673	32	0.0
chr1	298772	298773	26	0.0826
chr1	298902	298903	24	0.0113
chr1	298966	298967	34	0.2519
chr1	299036	299037	27	0.0139
chr1	299053	299054	29	0.5402
chr1	299069	299070	26	0.6159
chr1	299084	299085	26	0.6588
chr1	299124	299125	33	0.5556
chr1	299152	299153	31	0.6755
chr1	299179	299180	30	0.6881
chr1	299229	299230	34	0.5624
chr1	299258	299259	31	0.5346
chr1	299276	299277	23	0.5878
chr1	299299	299300	31	0.6884
chr1	299328	299329	26	0.7777
chr1	299356	299357	30	0.513
chr1	299376	299377	34	0.6412
chr1	299426	299427	27	0.5823
chr1	299462	299463	17	0.7378
chr1	299477	299478	33	0.6895
chr1	299511	299512	28	0.7192
chr1	299533	299534	21	0.6732
chr1	299583	299584	23	0.7342
chr1	299683	299684	35	0.6248
chr1	299757	299758	33	0.5693
chr1	299857	299858	31	0.5287
chr1	299955	299956	29	0.5935
chr1	300005	300006	30	0.5578
chr1	300035	300036	33	0.4727
chr1	300057	300058	35	0.8781
chr1	300083	300084	29	0.2209
chr1	300109	300110	32	0.1992
chr1	300159	300160	33	0.081
chr1	300190	300191	30	0.0557
chr1	300225	300226	25	0.1088
chr1	300273	300274	28	0.0883
chr1	300289	300290	27	0.0083
chr1	300314	300315	32	0.0387
chr1	300335	300336	32	0.037
chr1	300361	300362	29	0.0
chr1	300381	300382	29	0.219
chr1	300403	300404	31	0.1061
chr1	300419	300420	37	0.0603
chr1	300438	300439	28	0.0837
chr1	300465	300466	34	0.0284
chr1	300515	300516	28	0.0646
chr1	300546	300547	30	0.0
chr1	300574	300575	35	0.1255
chr1	300674	300675	30	0.1226
chr1	300768	300769	38	0.0523
chr1	300868	300869	31	0.0
chr1	300968	300969	31	0.0
chr1	301042	301043	31	0.0678
chr1	301114	301115	26	0.0461
chr1	301126	301127	30	0.7477
chr1	301155	301156	31	0.6521
chr1	301181	301182	35	0.7543
chr1	301227	301228	26	0.8342
chr1	301256	301257	33	0.6949
chr1	301282	301283	26	0.79
chr1	301302	301303	29	0.7917
chr1	301338	301339	41	0.6464
chr1	301388	301389	37	0.6504
chr1	301403	301404	30	0.6467
chr1	301439	301440	35	0.5969
chr1	301489	301490	36	0.6674
chr1	301522	301523	28	0.6432
chr1	301543	301544	32	0.5833
chr1	301564	301565	34	0.6601
chr1	301592	301593	24	0.7193
chr1	301629	301630	22	0.7234
chr1	301668	301669	33	0.7497
chr1	301692	301693	28	0.7157
chr1	301792	301793	21	0.6908
chr1	301892	301893	29	0.7679
chr1	301942	301943	29	0.6707
chr1	302042	302043	28	0.6823
chr1	302092	302093	31	0.7458
chr1	302177	302178	24	0.7662
chr1	302213	302214	29	0.6648
chr1	302275	302276	36	0.8903
chr1	302291	302292	26	0.7795
chr1	302306	302307	38	0.8321
chr1	302332	302333	22	0.731
chr1	302374	302375	28	0.7882
chr1	302401	302402	20	0.7097
chr1	302428	302429	28	0.8349
chr1	302468	302469	35	0.845
chr1	302483	302484	29	0.614
chr1	302533	302534	27	0.8524
chr1	302564	302565	34	0.8096
chr1	302581	302582	30	0.6872
chr1	302631	302632	33	0.5873
chr1	302681	302682	31	0.8477
chr1	302730	302731	28	0.5537
chr1	302754	302755	16	0.6542
chr1	302790	302791	29	0.6773
chr1	302872	302873	28	0.7046
chr1	302922	302923	32	0.7812
chr1	302999	303000	27	0.7592
chr1	303076	303077	27	0.6785
chr1	303126	303127	39	0.8646
chr1	303200	303201	30	0.984
chr1	303250	303251	32	0.6872
chr1	303252	303253	23	0.9175
chr1	303270	303271	31	0.959
chr1	303307	303308	30	0.7333
chr1	303357	303358	25	0.7046
chr1	303372	303373	31	0.8153
chr1	303416	303417	26	0.7967
chr1	303466	303467	35	0.9073
chr1	303501	303502	36	0.6259
chr1	303527	303528	22	0.7772
chr1	303557	303558	33	0.595
chr1	303581	303582	28	0.8354
chr1	303612	303613	29	0.9497
chr1	303627	303628	25	0.7688
chr1	303648	303649	29	0.8203
chr1	303678	303679	31	0.8047
chr1	303693	303694	38	0.8143
chr1	303729	303730	28	0.7993
chr1	303829	303830	42	0.7349
chr1	303913	303914	26	0.7404
chr1	304013	304014	28	0.6204
chr1	304113	304114	33	0.8345
chr1	304121	304122	39	0.7175
chr1	304125	304126	26	0.8171
chr1	304134	304135	26	0.8446
chr1	304152	304153	30	0.7228
chr1	304183	304184	24	0.5902
chr1	304233	304234	28	0.7544
chr1	304259	304260	34	0.7522
chr1	304305	304306	35	0.8128
chr1	304350	304351	30	0.6273
chr1	304365	304366	29	0.6104
chr1	304407	304408	21	0.8056
chr1	304425	304426	33	0.7276
chr1	304475	304476	27	0.6022
chr1	304499	304500	34	0.581
chr1	304549	304550	22	0.5291
chr1	304591	304592	24	0.5199
chr1	304681	304682	25	0.4299
chr1	304740	304741	31	0.4256
chr1	304840	304841	38	0.4638
chr1	304940	304941	31	0.713
chr1	305040	305041	33	0.5388
chr1	305092	305093	31	0.7392
chr1	305188	305189	20	0.6594
chr1	305258	305259	27	0.589
chr1	305366	305367	36	0.9604
chr1	305400	305401	30	0.6315
chr1	305402	305403	27	0.852
chr1	305526	305527	27	0.757
chr1	305532	305533	26	0.6728
chr1	305571	305572	27	0.5449
chr1	305605	305606	25	0.6021
chr1	305655	305656	26	0.5945
chr1	305688	305689	30	0.6987
chr1	305729	305730	22	0.7498
chr1	305761	305762	36	0.4722
chr1	305794	305795	26	0.5283
chr1	305817	305818	29	0.6429
chr1	305855	305856	24	0.6372
chr1	305905	305906	33	0.6138
chr1	305931	305932	36	0.5882
chr1	305981	305982	35	0.659
chr1	306031	306032	20	0.7738
chr1	306081	306082	28	0.5986
chr1	306109	306110	39	0.6689
chr1	306130	306131	32	0.7144
chr1	306230	306231	36	0.5563
chr1	306280	306281	25	0.579
chr1	306330	306331	35	0.6718
chr1	306430	306431	23	0.6854
chr1	306530	306531	16	0.6091
chr1	306630	306631	35	0.7732
chr1	306648	306649	25	1.0
chr1	306734	306735	33	0.8881
chr1	306782	306783	37	0.9404
chr1	306858	306859	27	0.9321
chr1	306888	306889	33	0.9734
chr1	306890	306891	26	0.8912
chr1	306940	306941	32	0.8874
chr1	307022	307023	35	0.98
chr1	307054	307055	29	0.9124
chr1	307112	307113	30	0.8447
chr1	307117	307118	28	0.5003
chr1	307134	307135	28	0.5184
chr1	307159	307160	32	0.4756
chr1	307186	307187	26	0.4198
chr1	307215	307216	25	0.5243
chr1	307241	307242	26	0.3497
chr1	307261	307262	27	0.33
chr1	307288	307289	28	0.2678
chr1	307338	307339	28	0.4792
chr1	307383	307384	36	0.3487
chr1	307412	307413	32	0.4452
chr1	307453	307454	28	0.2937
chr1	307478	307479	17	0.2347
chr1	307505	307506	27	0.4518
chr1	307544	307545	29	0.4648
chr1	307572	307573	29	0.3156
chr1	307608	307609	27	0.4295
chr1	307659	307660	38	0.3864
chr1	307758	307759	25	0.4883
chr1	307854	307855	20	0.4043
chr1	307914	307915	24	0.3881
chr1	307964	307965	32	0.3723
chr1	308014	308015	34	0.2162
chr1	308064	308065	31	0.3915
chr1	308214	308215	25	0.9168
chr1	308342	308343	26	0.8746
chr1	308346	308347	28	0.7838
chr1	308452	308453	24	0.8478
chr1	308458	308459	30	0.7134
chr1	308502	308503	26	0.7256
chr1	308518	308519	36	0.669
chr1	308567	308568	29	0.5647
chr1	308610	308611	26	0.788
chr1	308651	308652	26	0.5246
chr1	308680	308681	32	0.7851
chr1	308730	308731	35	0.569
chr1	308772	308773	34	0.6861
chr1	308822	308823	31	0.5094
chr1	308845	308846	31	0.6169
chr1	308894	308895	37	0.7897
chr1	308940	308941	25	0.7878
chr1	308990	308991	33	0.7249
chr1	309005	309006	32	0.6652
chr1	309061	309062	31	0.5481
chr1	309161	309162	26	0.5886
chr1	309211	309212	25	0.5882
chr1	309311	309312	35	0.6883
chr1	309411	309412	25	0.7008
chr1	309500	309501	20	0.9006
chr1	309554	309555	30	0.7803
chr1	309592	309593	25	0.6697
chr1	309616	309617	25	0.2978
chr1	309632	309633	29	0.1404
chr1	309668	309669	34	0.1364
chr1	309684	309685	37	0.1484
chr1	309734	309735	31	0.055
chr1	309762	309763	23	0.0451
chr1	309781	309782	29	0.1662
chr1	309818	309819	30	0.1313
chr1	309848	309849	27	0.0756
chr1	309863	309864	32	0.0021
chr1	309890	309891	29	0.0807
chr1	309940	309941	18	0.0641
chr1	309970	309971	31	0.0672
chr1	309985	309986	26	0.1393
chr1	310035	310036	20	0.0775
chr1	310064	310065	27	0.0775
chr1	310069	310070	36	0.1455
chr1	310166	310167	26	0.1207
chr1	310221	310222	35	0.1902
chr1	310321	310322	31	0.2547
chr1	310371	310372	29	0.133
chr1	310458	310459	33	0.0863
chr1	310521	310522	30	0.0744
chr1	310581	310582	30	0.0871
chr1	310630	310631	39	0.8122
chr1	310648	310649	29	0.7712
chr1	310663	310664	31	0.7272
chr1	310686	310687	33	0.7692
chr1	310722	310723	28	0.6623
chr1	310737	310738	32	1.0
chr1	310756	310757	27	0.9247
chr1	310781	310782	34	0.8042
chr1	310805	310806	17	0.7462
chr1	310828	310829	21	0.8112
chr1	310878	310879	24	0.8326
chr1	310905	310906	39	0.7425
chr1	310931	310932	29	0.9476
chr1	310981	310982	21	0.6985
chr1	311023	311024	30	0.7756
chr1	311069	311070	24	0.9215
chr1	311093	311094	35	0.8729
chr1	311123	311124	29	0.8733
chr1	311145	311146	28	0.8349
chr1	311201	311202	23	0.9149
chr1	311301	311302	25	0.7468
chr1	311351	311352	31	0.8397
chr1	311439	311440	29	0.8015
chr1	311489	311490	33	0.7246
chr1	311589	311590	38	0.7338
chr1	311599	311600	28	0.7027
chr1	311685	311686	31	0.874
chr1	311692	311693	25	0.5356
chr1	311742	311743	27	0.5619
chr1	311773	311774	26	0.6227
chr1	311823	311824	27	0.478
chr1	311843	311844	29	0.6093
chr1	311893	311894	20	0.533
chr1	311908	311909	28	0.5284
chr1	311930	311931	25	0.4372
chr1	311953	311954	31	0.4764
chr1	312003	312004	34	0.5176
chr1	312053	312054	28	0.4585
chr1	312075	312076	40	0.6962
chr1	312090	312091	29	0.4852
chr1	312136	312137	35	0.5332
chr1	312163	312164	29	0.4316
chr1	312185	312186	34	0.4232
chr1	312208	312209	32	0.6512
chr1	312245	312246	23	0.6083
chr1	312326	312327	27	0.5031
chr1	312377	312378	33	0.5184
chr1	312477	312478	33	0.5575
chr1	312577	312578	31	0.6322
chr1	312668	312669	24	0.4553
chr1	312718	312719	34	0.4444
chr1	312924	312925	33	0.6511
chr1	313070	313071	23	0.8359
chr1	313094	313095	38	0.8854
chr1	313100	313101	26	0.8329
chr1	313146	313147	28	0.9396
chr1	313170	313171	41	0.5908
chr1	313186	313187	33	0.6654
chr1	313215	313216	26	0.6166
chr1	313232	313233	32	0.8084
chr1	313263	313264	26	0.7994
chr1	313309	313310	28	0.7408
chr1	313332	313333	27	0.8417
chr1	313349	313350	25	0.8088
chr1	313376	313377	30	0.8798
chr1	313414	313415	34	0.8182
chr1	313453	313454	27	0.7272
chr1	313483	313484	33	0.7882
chr1	313520	313521	32	0.7217
chr1	313570	313571	36	0.4731
chr1	313616	313617	33	0.6912
chr1	313650	313651	33	0.5975
chr1	313677	313678	31	0.614
chr1	313727	313728	33	0.6546
chr1	313755	313756	37	0.6975
chr1	313808	313809	24	0.7438
chr1	313858	313859	29	0.6537
chr1	313958	313959	28	0.7776
chr1	314056	314057	29	0.798
chr1	314156	314157	25	0.6059
chr1	314256	314257	30	0.7022
chr1	314294	314295	39	0.9041
chr1	314329	314330	42	0.6979
chr1	314360	314361	34	0.6126
chr1	314376	314377	27	0.6888
chr1	314403	314404	31	0.6568
chr1	314425	314426	19	0.6903
chr1	314459	314460	28	0.5344
chr1	314474	314475	29	0.7082
chr1	314529	314530	27	0.6017
chr1	314556	314557	22	0.6476
chr1	314586	314587	33	0.6311
chr1	314614	314615	30	0.5453
chr1	314634	314635	25	0.5905
chr1	314649	314650	18	0.5169
chr1	314699	314700	40	0.5989
chr1	314725	314726	30	0.727
chr1	314745	314746	32	0.8168
chr1	314764	314765	40	0.7054
chr1	314828	314829	17	0.7688
chr1	314893	314894	19	0.666
chr1	314970	314971	33	0.6599
chr1	315070	315071	28	0.5596
chr1	315120	315121	29	0.6605
chr1	315199	315200	25	0.6664
chr1	315241	315242	33	0.713
chr1	315249	315250	44	0.7177
chr1	315297	315298	40	0.8223
chr1	315318	315319	27	0.7829
chr1	315363	315364	31	0.6942
chr1	315412	315413	28	0.6995
chr1	315462	315463	28	0.6875
chr1	315480	315481	23	0.6683
chr1	315513	315514	28	0.6565
chr1	315563	315564	42	0.6316
chr1	315582	315583	30	0.4385
chr1	315597	315598	32	0.571
chr1	315623	315624	35	0.4827
chr1	315662	315663	28	0.6083
chr1	315693	315694	27	0.5121
chr1	315723	315724	34	0.566
chr1	315745	315746	39	0.878
chr1	315819	315820	34	0.6996
chr1	315869	315870	30	0.6321
chr1	315969	315970	23	0.6241
chr1	316069	316070	26	0.811
chr1	316169	316170	41	0.5764
chr1	316221	316222	32	0.6285
chr1	316227	316228	33	0.9696
chr1	316347	316348	31	0.8147
chr1	316405	316406	32	0.7873
chr1	316589	316590	32	0.7692
chr1	316599	316600	31	0.847
chr1	316614	316615	27	0.1159
chr1	316664	316665	36	0.2464
chr1	316711	316712	35	0.254
chr1	316732	316733	32	0.1406
chr1	316782	316783	26	0.1514
chr1	316806	316807	29	0.1668
chr1	316853	316854	21	0.1812
chr1	316872	316873	31	0.07
chr1	316887	316888	31	0.2759
chr1	316915	316916	29	0.1074
chr1	316965	316966	25	0.1343
chr1	317007	317008	33	0.2064
chr1	317022	317023	28	0.0214
chr1	317048	317049	29	0.2603
chr1	317063	317064	28	0.1101
chr1	317088	317089	31	0.0374
chr1	317105	317106	33	0.0681
chr1	317205	317206	40	0.0692
chr1	317305	317306	31	0.1928
chr1	317391	317392	23	0.1811
chr1	317477	317478	27	0.1019
chr1	317534	317535	29	0.1819
chr1	317554	317555	27	0.0
chr1	317579	317580	29	0.8465
chr1	317600	317601	37	0.8311
chr1	317650	317651	34	0.8567
chr1	317672	317673	33	0.8028
chr1	317696	317697	24	0.8323
chr1	317746	317747	35	0.7684
chr1	317775	317776	33	0.5515
chr1	317818	317819	34	0.5228
chr1	317849	317850	35	0.7272
chr1	317876	317877	38	0.791
chr1	317898	317899	26	0.6959
chr1	317938	317939	29	0.6522
chr1	317953	317954	34	0.7598
chr1	317981	317982	25	0.6443
chr1	317996	317997	32	0.7231
chr1	318022	318023	30	0.7489
chr1	318040	318041	24	0.7702
chr1	318136	318137	35	0.766
chr1	318236	318237	22	0.9374
chr1	318336	318337	28	0.6931
chr1	318419	318420	21	0.6968
chr1	318469	318470	25	0.9253
chr1	318510	318511	31	0.7259
chr1	318532	318533	34	0.6429
chr1	318557	318558	37	0.7363
chr1	318607	318608	28	0.6487
chr1	318622	318623	19	0.6837
chr1	318637	318638	31	0.8463
chr1	318654	318655	37	0.6523
chr1	318677	318678	25	0.7196
chr1	318721	318722	28	0.5582
chr1	318757	318758	28	0.5843
chr1	318799	318800	32	0.6741
chr1	318831	318832	35	0.6178
chr1	318881	318882	28	0.6086
chr1	318941	318942	26	0.6272
chr1	318963	318964	27	0.744
chr1	318991	318992	26	0.5906
chr1	319091	319092	30	0.5653
chr1	319191	319192	23	0.5809
chr1	319256	319257	41	0.6749
chr1	319356	319357	27	0.7057
chr1	319406	319407	28	0.7112
chr1	319468	319469	30	0.6923
chr1	319494	319495	32	0.8435
chr1	319518	319519	32	0.0885
chr1	319566	319567	39	0.0198
chr1	319616	319617	30	0.1342
chr1	319658	319659	26	0.1697
chr1	319697	319698	28	0.1701
chr1	319712	319713	40	0.1687
chr1	319762	319763	29	0.1896
chr1	319812	319813	27	0.1216
chr1	319862	319863	29	0.1115
chr1	319898	319899	30	0.0961
chr1	319948	319949	22	0.0282
chr1	319963	319964	31	0.0
chr1	319973	319974	35	0.1068
chr1	320036	320037	22	0.0
chr1	320118	320119	39	0.0176
chr1	320218	320219	30	0.0971
chr1	320308	320309	31	0.1157
chr1	320408	320409	26	0.0629
chr1	320452	320453	30	0.0122
chr1	320494	320495	22	0.1
chr1	320527	320528	28	0.126
chr1	320574	320575	25	0.1432
chr1	320597	320598	23	0.0894
chr1	320626	320627	26	0.0576
chr1	320641	320642	23	0.1555
chr1	320669	320670	31	0.0687
chr1	320684	320685	25	0.1127
chr1	320728	320729	22	0.1521
chr1	320758	320759	24	0.2196
chr1	320793	320794	24	0.2624
chr1	320837	320838	27	0.2655
chr1	320873	320874	38	0.2212
chr1	320892	320893	27	0.2814
chr1	320921	320922	27	0.2241
chr1	320955	320956	33	0.2059
chr1	320983	320984	27	0.1616
chr1	321033	321034	27	0.1061
chr1	321094	321095	28	0.196
chr1	321194	321195	38	0.2302
chr1	321294	321295	39	0.3199
chr1	321394	321395	29	0.3632
chr1	321444	321445	31	0.143
chr1	321492	321493	28	0.0747
chr1	321502	321503	37	0.5171
chr1	321539	321540	39	0.5879
chr1	321583	321584	28	0.5017
chr1	321633	321634	29	0.5016
chr1	321648	321649	28	0.6763
chr1	321670	321671	31	0.6618
chr1	321709	321710	36	0.5604
chr1	321759	321760	36	0.6176
chr1	321797	321798	27	0.6265
chr1	321819	321820	37	0.3951
chr1	321839	321840	33	0.4616
chr1	321861	321862	34	0.5797
chr1	321882	321883	33	0.4596
chr1	321932	321933	23	0.5333
chr1	321972	321973	25	0.6431
chr1	322016	322017	32	0.51
chr1	322028	322029	28	0.4019
chr1	322112	322113	25	0.4876
chr1	322212	322213	36	0.478
chr1	322312	322313	29	0.5276
chr1	322410	322411	29	0.5558
chr1	322510	322511	33	0.3627
chr1	322536	322537	34	0.7304
chr1	322557	322558	26	0.722
chr1	322601	322602	35	0.9935
chr1	322631	322632	26	0.8114
chr1	322646	322647	22	0.679
chr1	322682	322683	17	0.7486
chr1	322697	322698	20	0.7555
chr1	322723	322724	37	0.8351
chr1	322748	322749	33	0.8117
chr1	322798	322799	35	0.8909
chr1	322820	322821	32	0.8338
chr1	322870	322871	27	0.8099
chr1	322899	322900	38	0.7658
chr1	322949	322950	28	0.9027
chr1	322964	322965	30	0.7305
chr1	323014	323015	31	0.7283
chr1	323038	323039	36	0.9002
chr1	323082	323083	27	0.9186
chr1	323083	323084	31	0.874
chr1	323134	323135	31	1.0
chr1	323234	323235	27	0.9532
chr1	323317	323318	25	0.9031
chr1	323417	323418	33	0.8369
chr1	323517	323518	32	0.8388
chr1	323607	323608	32	0.8534
chr1	323615	323616	21	0.941
chr1	323632	323633	25	0.6833
chr1	323655	323656	32	0.7489
chr1	323705	323706	20	0.4336
chr1	323746	323747	35	0.6707
chr1	323796	323797	32	0.5128
chr1	323846	323847	25	0.67
chr1	323896	323897	30	0.6768
chr1	323917	323918	26	0.6559
chr1	323939	323940	25	0.7059
chr1	323962	323963	34	0.7156
chr1	324012	324013	27	0.6021
chr1	324028	324029	25	0.7257
chr1	324062	324063	34	0.6884
chr1	324097	324098	29	0.5406
chr1	324114	324115	30	0.8425
chr1	324201	324202	31	0.5434
chr1	324301	324302	35	0.6685
chr1	324401	324402	38	0.5776
chr1	324501	324502	23	0.6292
chr1	324552	324553	34	0.6037
chr1	324554	324555	27	0.6916
chr1	324556	324557	20	0.467
chr1	324585	324586	35	0.7208
chr1	324606	324607	37	0.7431
chr1	324623	324624	26	0.6309
chr1	324638	324639	23	0.6886
chr1	324676	324677	37	0.6807
chr1	324714	324715	32	0.744
chr1	324739	324740	28	0.5738
chr1	324754	324755	35	0.6907
chr1	324804	324805	28	0.7187
chr1	324840	324841	37	0.702
chr1	324870	324871	27	0.7504
chr1	324907	324908	39	0.6754
chr1	324957	324958	26	0.6706
chr1	324986	324987	31	0.7734
chr1	325013	325014	26	0.779
chr1	325060	325061	24	0.5857
chr1	325067	325068	27	0.8026
chr1	325117	325118	32	0.7325
chr1	325191	325192	39	0.7262
chr1	325241	325242	32	0.7608
chr1	325321	325322	26	0.6168
chr1	325421	325422	27	0.7274
chr1	325493	325494	32	0.7518
chr1	325495	325496	32	0.7309
chr1	325559	325560	33	0.6339
chr1	325569	325570	28	0.7992
chr1	325584	325585	31	0.8384
chr1	325634	325635	35	0.7316
chr1	325672	325673	28	0.8958
chr1	325687	325688	29	0.8393
chr1	325702	325703	29	0.8355
chr1	325733	325734	30	0.5601
chr1	325756	325757	24	0.4245
chr1	325798	325799	22	0.3177
chr1	325833	325834	31	0.5374
chr1	325880	325881	33	0.5585
chr1	325901	325902	32	0.3493
chr1	325927	325928	32	0.5007
chr1	325969	325970	32	0.6872
chr1	325986	325987	27	0.8888
chr1	326025	326026	32	0.8523
chr1	326058	326059	31	0.7611
chr1	326091	326092	34	0.7645
chr1	326116	326117	29	0.6384
chr1	326204	326205	26	0.8319
chr1	326304	326305	32	0.7074
chr1	326382	326383	26	0.7821
chr1	326482	326483	26	0.7242
chr1	326569	326570	28	0.8165
chr1	326601	326602	26	0.9343
chr1	326717	326718	29	0.922
chr1	326735	326736	35	0.7884
chr1	326973	326974	28	0.726
chr1	327045	327046	28	0.7344
chr1	327086	327087	36	0.6298
chr1	327119	327120	24	0.7796
chr1	327166	327167	26	0.5791
chr1	327184	327185	36	0.5855
chr1	327219	327220	25	0.5731
chr1	327257	327258	33	0.8827
chr1	327282	327283	27	0.5941
chr1	327325	327326	30	0.7647
chr1	327375	327376	24	0.6289
chr1	327393	327394	31	0.4976
chr1	327417	327418	30	0.499
chr1	327437	327438	30	0.497
chr1	327455	327456	35	0.7582
chr1	327481	327482	26	0.7967
chr1	327531	327532	29	0.6224
chr1	327551	327552	34	0.5561
chr1	327586	327587	32	0.7801
chr1	327595	327596	38	0.6023
chr1	327738	327739	20	0.6463
chr1	327838	327839	24	0.6474
chr1	327888	327889	31	0.7893
chr1	327988	327989	29	0.7436
chr1	328088	328089	30	0.7063
chr1	328104	328105	38	0.8588
chr1	328114	328115	33	0.3222
chr1	328132	328133	30	0.2139
chr1	328153	328154	22	0.4022
chr1	328199	328200	26	0.4248
chr1	328230	328231	24	0.2671
chr1	328253	328254	39	0.2566
chr1	328279	328280	29	0.3161
chr1	328303	328304	29	0.2773
chr1	328331	328332	29	0.3613
chr1	328346	328347	29	0.1951
chr1	328381	328382	37	0.2916
chr1	328431	328432	29	0.3315
chr1	328452	328453	25	0.3074
chr1	328487	328488	36	0.3712
chr1	328504	328505	19	0.3382
chr1	328554	328555	37	0.2556
chr1	328584	328585	25	0.2309
chr1	328596	328597	22	0.4439
chr1	328676	328677	38	0.4233
chr1	328776	328777	29	0.3645
chr1	328876	328877	34	0.2481
chr1	328976	328977	21	0.1808
chr1	329076	329077	30	0.3414
chr1	329198	329199	29	0.0153
chr1	329242	329243	25	0.0772
chr1	329258	329259	26	0.0016
chr1	329314	329315	20	0.2189
chr1	329388	329389	31	0.1832
chr1	329484	329485	41	0.1521
chr1	329566	329567	30	0.0502
chr1	329574	329575	29	0.2589
chr1	329618	329619	28	0.3792
chr1	329633	329634	21	0.192
chr1	329682	329683	34	0.3774
chr1	329728	329729	33	0.2386
chr1	329743	329744	27	0.3668
chr1	329783	329784	34	0.3873
chr1	329833	329834	35	0.2924
chr1	329855	329856	33	0.4634
chr1	329874	329875	30	0.5032
chr1	329900	329901	25	0.3794
chr1	329923	329924	25	0.2764
chr1	329946	329947	26	0.3799
chr1	329961	329962	25	0.4217
chr1	329981	329982	34	0.4456
chr1	330026	330027	37	0.3531
chr1	330041	330042	27	0.1923
chr1	330076	330077	34	0.2412
chr1	330143	330144	21	0.2675
chr1	330202	330203	24	0.5336
chr1	330302	330303	28	0.3926
chr1	330402	330403	29	0.2943
chr1	330467	330468	32	0.3198
chr1	330517	330518	35	0.2667
chr1	330589	330590	29	0.856
chr1	330619	330620	35	0.6702
chr1	330771	330772	34	0.7068
chr1	330817	330818	27	0.6171
chr1	330955	330956	39	0.5734
chr1	330997	330998	36	0.9063
chr1	331005	331006	29	0.6121
chr1	331041	331042	35	0.5151
chr1	331065	331066	41	0.5525
chr1	331087	331088	26	0.4421
chr1	331137	331138	15	0.5366
chr1	331187	331188	17	0.2489
chr1	331224	331225	22	0.5158
chr1	331263	331264	35	0.4286
chr1	331295	331296	25	0.2723
chr1	331318	331319	30	0.3888
chr1	331349	331350	33	0.3417
chr1	331379	331380	26	0.3847
chr1	331429	331430	24	0.5041
chr1	331462	331463	32	0.5268
chr1	331490	331491	34	0.501
chr1	331519	331520	33	0.5321
chr1	331619	331620	36	0.6961
chr1	331689	331690	32	0.5965
chr1	331789	331790	38	0.4484
chr1	331889	331890	21	0.547
chr1	331939	331940	38	0.5115
chr1	331989	331990	37	0.574
chr1	332077	332078	33	0.7798
chr1	332093	332094	33	0.6672
chr1	332237	332238	32	0.5904
chr1	332263	332264	33	0.5758
chr1	332275	332276	42	0.6041
chr1	332395	332396	21	0.5947
chr1	332403	332404	25	0.523
chr1	332449	332450	32	0.534
chr1	332489	332490	24	0.7286
chr1	332539	332540	27	0.7229
chr1	332555	332556	39	0.7071
chr1	332604	332605	23	0.7781
chr1	332632	332633	34	0.6226
chr1	332666	332667	22	0.7739
chr1	332688	332689	23	0.7223
chr1	332735	332736	30	0.7941
chr1	332755	332756	32	0.7998
chr1	332777	332778	30	0.8449
chr1	332821	332822	30	0.8674
chr1	332858	332859	31	0.8818
chr1	332895	332896	35	0.9075
chr1	332925	332926	20	0.6465
chr1	332975	332976	30	0.7486
chr1	333000	333001	33	0.6842
chr1	333090	333091	22	0.6789
chr1	333190	333191	22	0.6893
chr1	333290	333291	23	0.6598
chr1	333390	333391	34	0.8454
chr1	333490	333491	35	0.7584
chr1	333556	333557	24	0.8184
chr1	333591	333592	27	0.8572
chr1	333639	333640	39	0.8923
chr1	333676	333677	22	0.8552
chr1	333712	333713	21	0.9516
chr1	333762	333763	25	0.8395
chr1	333783	333784	25	0.6532
chr1	333833	333834	24	0.8706
chr1	333878	333879	23	0.9092
chr1	333895	333896	35	0.9354
chr1	333922	333923	35	0.7535
chr1	333954	333955	34	0.7771
chr1	333985	333986	30	0.7967
chr1	334035	334036	28	0.8812
chr1	334038	334039	32	0.8677
chr1	334138	334139	29	0.932
chr1	334228	334229	32	0.8692
chr1	334328	334329	26	0.7971
chr1	334428	334429	26	0.7485
chr1	334478	334479	27	0.8795
chr1	334526	334527	34	0.7537
chr1	334568	334569	39	0.8543
chr1	334606	334607	26	0.1723
chr1	334650	334651	35	0.2246
chr1	334678	334679	30	0.4002
chr1	334698	334699	35	0.2481
chr1	334714	334715	29	0.1506
chr1	334742	334743	28	0.0986
chr1	334770	334771	26	0.1962
chr1	334785	334786	28	0.3372
chr1	334808	334809	27	0.0777
chr1	334829	334830	28	0.3121
chr1	334859	334860	30	0.1024
chr1	334907	334908	34	0.1122
chr1	334940	334941	30	0.1957
chr1	334990	334991	32	0.178
chr1	335005	335006	22	0.1744
chr1	335049	335050	38	0.286
chr1	335100	335101	34	0.1113
chr1	335200	335201	30	0.289
chr1	335250	335251	33	0.0252
chr1	335350	335351	32	0.1713
chr1	335432	335433	25	0.2618
chr1	335452	335453	17	0.2502
chr1	335492	335493	25	0.0018
chr1	335538	335539	30	0.1897
chr1	335586	335587	31	0.1272
chr1	335609	335610	24	0.1356
chr1	335655	335656	32	0.203
chr1	335680	335681	32	0.1517
chr1	335704	335705	21	0.2027
chr1	335722	335723	27	0.2579
chr1	335757	335758	27	0.1704
chr1	335784	335785	27	0.1503
chr1	335816	335817	29	0.0913
chr1	335854	335855	37	0.2844
chr1	335904	335905	32	0.2211
chr1	335954	335955	31	0.1586
chr1	335969	335970	24	0.24
chr1	335993	335994	32	0.2269
chr1	336017	336018	35	0.0951
chr1	336067	336068	24	0.0645
chr1	336108	336109	30	0.1977
chr1	336208	336209	38	0.179
chr1	336308	336309	21	0.1522
chr1	336385	336386	33	0.1397
chr1	336435	336436	26	0.1264
chr1	336535	336536	31	0.133
chr1	336585	336586	29	0.1437
chr1	336664	336665	35	0.1628
chr1	336688	336689	29	0.048
chr1	336711	336712	20	0.8539
chr1	336738	336739	25	0.7059
chr1	336758	336759	36	0.8794
chr1	336780	336781	24	0.802
chr1	336799	336800	29	0.8693
chr1	336814	336815	36	0.9043
chr1	336864	336865	31	0.7749
chr1	336888	336889	32	0.8337
chr1	336903	336904	32	0.6667
chr1	336940	336941	21	0.8268
chr1	336962	336963	35	0.7079
chr1	336990	336991	27	0.7654
chr1	337038	337039	30	0.9254
chr1	337076	337077	25	0.6843
chr1	337107	337108	34	0.8046
chr1	337130	337131	26	0.6701
chr1	337154	337155	32	0.6634
chr1	337184	337185	28	0.8464
chr1	337284	337285	34	0.7661
chr1	337384	337385	25	0.8263
chr1	337434	337435	37	0.6005
chr1	337534	337535	36	0.829
chr1	337607	337608	35	0.8567
chr1	337699	337700	28	0.7781
chr1	337707	337708	30	0.6743
chr1	337743	337744	32	0.1355
chr1	337793	337794	24	0.1687
chr1	337836	337837	25	0.0636
chr1	337856	337857	31	0.1193
chr1	337879	337880	24	0.0822
chr1	337918	337919	32	0.0527
chr1	337963	337964	28	0.0669
chr1	337985	337986	35	0.0389
chr1	338032	338033	38	0.0752
chr1	338082	338083	28	0.0
chr1	338132	338133	25	0.0325
chr1	338154	338155	37	0.0798
chr1	338178	338179	33	0.0786
chr1	338193	338194	32	0.1414
chr1	338236	338237	30	0.1017
chr1	338270	338271	26	0.0439
chr1	338289	338290	23	0.1621
chr1	338309	338310	32	0.073
chr1	338359	338360	30	0.1291
chr1	338448	338449	20	0.0887
chr1	338548	338549	27	0.0781
chr1	338607	338608	18	0.0
chr1	338661	338662	30	0.1904
chr1	338726	338727	23	0.0542
chr1	338826	338827	40	0.048
chr1	338828	338829	33	0.0
chr1	338877	338878	29	0.5901
chr1	338896	338897	30	0.6767
chr1	338946	338947	21	0.7166
chr1	338996	338997	28	0.4191
chr1	339011	339012	21	0.7694
chr1	339046	339047	22	0.7541
chr1	339072	339073	28	0.7819
chr1	339096	339097	25	0.7871
chr1	339139	339140	38	0.7112
chr1	339189	339190	26	0.7254
chr1	339238	339239	34	0.5947
chr1	339252	339253	34	0.5816
chr1	339303	339304	32	0.7315
chr1	339365	339366	29	0.5185
chr1	339465	339466	24	0.7721
chr1	339565	339566	20	0.5252
chr1	339573	339574	27	0.8534
chr1	339622	339623	30	0.8427
chr1	339657	339658	24	0.756
chr1	339674	339675	24	0.8452
chr1	339704	339705	24	0.7693
chr1	339752	339753	28	0.9071
chr1	339776	339777	38	0.8521
chr1	339797	339798	23	0.9743
chr1	339837	339838	27	0.9994
chr1	339875	339876	30	0.9217
chr1	339897	339898	33	0.7435
chr1	339928	339929	23	0.8695
chr1	339975	339976	35	0.9061
chr1	340007	340008	24	0.7133
chr1	340023	340024	23	0.9994
chr1	340041	340042	35	0.876
chr1	340076	340077	24	0.8776
chr1	340113	340114	29	0.8697
chr1	340201	340202	33	0.9131
chr1	340251	340252	29	0.8158
chr1	340323	340324	31	0.8823
chr1	340423	340424	33	0.8129
chr1	340523	340524	32	0.8376
chr1	340529	340530	33	1.0
chr1	340572	340573	31	0.634
chr1	340590	340591	31	0.6442
chr1	340624	340625	27	0.7463
chr1	340643	340644	25	0.6298
chr1	340693	340694	27	0.6087
chr1	340711	340712	29	0.7102
chr1	340741	340742	39	0.7771
chr1	340786	340787	30	0.7011
chr1	340816	340817	31	0.6916
chr1	340865	340866	39	0.696
chr1	340891	340892	26	0.6859
chr1	340906	340907	35	0.5248
chr1	340937	340938	36	0.5696
chr1	340952	340953	33	0.7015
chr1	340982	340983	26	0.6539
chr1	340997	340998	30	0.6105
chr1	341029	341030	28	0.7004
chr1	341059	341060	26	0.7024
chr1	341062	341063	28	0.7014
chr1	341112	341113	26	0.6899
chr1	341162	341163	11	0.5734
chr1	341253	341254	30	0.5971
chr1	341348	341349	31	0.5331
chr1	341448	341449	27	0.5794
chr1	341520	341521	28	0.6591
chr1	341598	341599	24	0.8151
chr1	341618	341619	22	0.6004
chr1	341624	341625	41	0.2869
chr1	341651	341652	33	0.2791
chr1	341701	341702	30	0.134
chr1	341733	341734	28	0.2851
chr1	341771	341772	30	0.3795
chr1	341786	341787	28	0.3724
chr1	341836	341837	26	0.3147
chr1	341861	341862	31	0.075
chr1	341880	341881	25	0.2708
chr1	341920	341921	39	0.4574
chr1	341956	341957	32	0.3404
chr1	341976	341977	27	0.1519
chr1	342026	342027	18	0.3217
chr1	342056	342057	33	0.2307
chr1	342086	342087	32	0.1422
chr1	342124	342125	25	0.4518
chr1	342180	342181	26	0.3226
chr1	342280	342281	18	0.3112
chr1	342380	342381	25	0.4384
chr1	342480	342481	29	0.2775
chr1	342533	342534	32	0.2472
chr1	342600	342601	29	0.374
chr1	342636	342637	26	0.6768
chr1	342638	342639	29	0.6247
chr1	342672	342673	29	0.6643
chr1	342708	342709	33	0.6342
chr1	342760	342761	33	0.5782
chr1	342814	342815	32	0.4448
chr1	342860	342861	33	0.5117
chr1	342878	342879	27	0.7933
chr1	342918	342919	31	0.6446
chr1	342996	342997	39	0.7071
chr1	343027	343028	38	0.9078
chr1	343077	343078	29	1.0
chr1	343123	343124	41	0.721
chr1	343164	343165	40	0.7557
chr1	343213	343214	27	0.8038
chr1	343263	343264	34	0.7849
chr1	343290	343291	22	0.8772
chr1	343305	343306	30	0.8302
chr1	343355	343356	28	0.8337
chr1	343386	343387	26	0.9018
chr1	343418	343419	36	0.7527
chr1	343468	343469	29	0.7333
chr1	343494	343495	30	0.7167
chr1	343525	343526	28	0.6954
chr1	343575	343576	31	0.8556
chr1	343655	343656	25	0.8435
chr1	343755	343756	32	0.9211
chr1	343855	343856	20	0.7814
chr1	343912	343913	26	0.7973
chr1	344012	344013	27	0.8798
chr1	344064	344065	36	0.7992
chr1	344086	344087	32	0.8229
chr1	344110	344111	22	0.5698
chr1	344145	344146	28	0.6693
chr1	344193	344194	33	0.6337
chr1	344211	344212	30	0.4873
chr1	344233	344234	35	0.7033
chr1	344283	344284	26	0.4679
chr1	344304	344305	26	0.5109
chr1	344354	344355	21	0.6043
chr1	344391	344392	22	0.6149
chr1	344438	344439	32	0.5057
chr1	344458	344459	33	0.4218
chr1	344492	344493	32	0.5845
chr1	344516	344517	28	0.6624
chr1	344535	344536	24	0.4681
chr1	344550	344551	21	0.4135
chr1	344564	344565	29	0.5673
chr1	344664	344665	32	0.4882
chr1	344714	344715	32	0.6347
chr1	344814	344815	26	0.5433
chr1	344914	344915	29	0.4895
chr1	345014	345015	26	0.6906
chr1	345020	345021	28	0.6256
chr1	345029	345030	33	0.2621
chr1	345049	345050	28	0.1769
chr1	345064	345065	26	0.2135
chr1	345084	345085	26	0.1934
chr1	345134	345135	29	0.2301
chr1	345149	345150	35	0.2492
chr1	345199	345200	29	0.2334
chr1	345215	345216	28	0.2865
chr1	345252	345253	30	0.3211
chr1	345272	345273	30	0.2834
chr1	345293	345294	26	0.281
chr1	345343	345344	28	0.1699
chr1	345358	345359	26	0.2897
chr1	345408	345409	31	0.2854
chr1	345451	345452	21	0.2583
chr1	345480	345481	32	0.2514
chr1	345529	345530	28	0.3301
chr1	345558	345559	31	0.2733
chr1	345568	345569	30	0.1806
chr1	345668	345669	35	0.1601
chr1	345768	345769	32	0.1983
chr1	345860	345861	39	0.1251
chr1	345960	345961	24	0.3277
chr1	346060	346061	37	0.1583
chr1	346122	346123	28	0.0457
chr1	346224	346225	34	0.0907
chr1	346246	346247	37	0.1674
chr1	346248	346249	34	0.06
chr1	346292	346293	27	0.0737
chr1	346364	346365	26	0.0
chr1	346524	346525	35	0.1724
chr1	346534	346535	35	0.7891
chr1	346553	346554	35	0.8598
chr1	346583	346584	40	0.8785
chr1	346633	346634	35	0.8539
chr1	346671	346672	37	0.5172
chr1	346686	346687	34	0.6105
chr1	346732	346733	26	0.5998
chr1	346755	346756	40	0.6268
chr1	346792	346793	37	0.7419
chr1	346807	346808	21	0.7227
chr1	346827	346828	34	0.5601
chr1	346877	346878	28	0.6831
chr1	346900	346901	20	0.8717
chr1	346922	346923	33	0.9142
chr1	346972	346973	27	0.7559
chr1	347072	347073	30	0.6892
chr1	347166	347167	20	0.8566
chr1	347266	347267	25	0.991
chr1	347366	347367	31	0.8377
chr1	347576	347577	26	0.9407
chr1	347606	347607	24	0.9024
chr1	347718	347719	36	0.9997
chr1	347734	347735	26	0.838
chr1	347774	347775	22	0.8512
chr1	347776	347777	27	0.8596
chr1	347796	347797	32	0.776
chr1	347806	347807	33	0.1985
chr1	347850	347851	32	0.2774
chr1	347869	347870	29	0.2217
chr1	347912	347913	27	0.3762
chr1	347927	347928	32	0.2295
chr1	347949	347950	29	0.3599
chr1	347986	347987	27	0.3056
chr1	348027	348028	27	0.2747
chr1	348077	348078	37	0.3561
chr1	348106	348107	21	0.3887
chr1	348156	348157	31	0.2724
chr1	348182	348183	19	0.3228
chr1	348220	348221	32	0.42
chr1	348260	348261	31	0.3095
chr1	348298	348299	26	0.4224
chr1	348398	348399	28	0.2679
chr1	348498	348499	24	0.4275
chr1	348598	348599	23	0.2064
chr1	348698	348699	34	0.3662
chr1	348948	348949	35	0.0
chr1	348962	348963	31	0.0196
chr1	349008	349009	33	0.1653
chr1	349040	349041	30	0.1288
chr1	349066	349067	27	0.3311
chr1	349072	349073	27	0.3125
chr1	349138	349139	42	0.0952
chr1	349140	349141	25	0.1359
chr1	349166	349167	27	0.1816
chr1	349180	349181	25	0.6807
chr1	349220	349221	29	0.7559
chr1	349252	349253	29	0.9056
chr1	349267	349268	30	0.802
chr1	349296	349297	30	0.8945
chr1	349314	349315	25	0.5827
chr1	349364	349365	24	0.8472
chr1	349414	349415	38	0.767
chr1	349464	349465	34	1.0
chr1	349489	349490	30	0.941
chr1	349512	349513	31	0.8556
chr1	349533	349534	27	0.7562
chr1	349571	349572	32	0.8493
chr1	349609	349610	23	0.7403
chr1	349628	349629	29	0.6699
chr1	349653	349654	29	0.731
chr1	349672	349673	36	0.6378
chr1	349753	349754	31	0.6941
chr1	349810	349811	37	0.6766
chr1	349872	349873	34	0.7431
chr1	349922	349923	32	0.6698
chr1	350018	350019	29	0.6232
chr1	350118	350119	30	1.0
chr1	350186	350187	25	0.8721
chr1	350219	350220	29	0.6339
chr1	350251	350252	27	0.8862
chr1	350272	350273	32	0.8393
chr1	350302	350303	36	0.8334
chr1	350322	350323	28	0.8205
chr1	350341	350342	26	0.7173
chr1	350363	350364	28	0.9428
chr1	350381	350382	37	0.8702
chr1	350405	350406	39	0.8463
chr1	350425	350426	28	0.8856
chr1	350462	350463	26	0.7957
chr1	350495	350496	23	0.728
chr1	350538	350539	22	0.6442
chr1	350554	350555	26	0.9151
chr1	350583	350584	20	0.8673
chr1	350607	350608	37	0.8856
chr1	350635	350636	29	0.8454
chr1	350650	350651	30	0.757
chr1	350661	350662	25	0.9172
chr1	350761	350762	37	0.8531
chr1	350861	350862	23	0.859
chr1	350961	350962	36	0.5326
chr1	351061	351062	27	0.9012
chr1	351095	351096	30	0.8887
chr1	351119	351120	27	0.9615
chr1	351143	351144	25	0.8196
chr1	351161	351162	30	0.7551
chr1	351211	351212	24	0.787
chr1	351236	351237	34	0.6426
chr1	351251	351252	38	0.758
chr1	351283	351284	24	0.8226
chr1	351298	351299	25	0.875
chr1	351348	351349	29	0.7503
chr1	351372	351373	29	0.8451
chr1	351392	351393	33	0.9241
chr1	351415	351416	23	0.8039
chr1	351438	351439	31	0.7209
chr1	351466	351467	25	0.8805
chr1	351488	351489	27	0.7998
chr1	351503	351504	18	0.8879
chr1	351526	351527	37	0.6528
chr1	351576	351577	29	0.7966
chr1	351614	351615	35	0.7881
chr1	351654	351655	21	0.8941
chr1	351672	351673	26	0.914
chr1	351687	351688	24	0.7451
chr1	351713	351714	30	0.8836
chr1	351718	351719	33	0.8062
chr1	351791	351792	34	0.7664
chr1	351891	351892	35	0.8272
chr1	351985	351986	27	0.8372
chr1	352085	352086	35	0.9694
chr1	352185	352186	36	0.6254
chr1	352256	352257	33	0.6953
chr1	352296	352297	29	0.9293
chr1	352354	352355	22	0.8076
chr1	352386	352387	28	0.4653
chr1	352404	352405	28	0.4308
chr1	352422	352423	22	0.5364
chr1	352450	352451	30	0.5232
chr1	352470	352471	28	0.5008
chr1	352515	352516	21	0.4499
chr1	352534	352535	37	0.5017
chr1	352584	352585	32	0.3593
chr1	352599	352600	28	0.4145
chr1	352614	352615	23	0.5205
chr1	352659	352660	34	0.3551
chr1	352675	352676	25	0.4893
chr1	352712	352713	27	0.5457
chr1	352762	352763	32	0.6517
chr1	352812	352813	32	0.6052
chr1	352827	352828	37	0.581
chr1	352860	352861	30	0.6349
chr1	352868	352869	34	0.413
chr1	352926	352927	32	0.4909
chr1	353026	353027	20	0.5416
chr1	353126	353127	32	0.5382
chr1	353226	353227	27	0.6662
chr1	353326	353327	24	0.4645
chr1	353372	353373	29	0.645
chr1	353399	353400	34	0.8189
chr1	353431	353432	24	0.8191
chr1	353447	353448	36	0.8073
chr1	353462	353463	31	0.6507
chr1	353493	353494	23	0.6107
chr1	353515	353516	26	0.7499
chr1	353531	353532	32	0.7367
chr1	353559	353560	29	0.6647
chr1	353609	353610	26	0.81
chr1	353646	353647	37	0.8065
chr1	353696	353697	31	0.8663
chr1	353724	353725	36	0.7683
chr1	353772	353773	31	0.8601
chr1	353798	353799	29	0.5529
chr1	353831	353832	25	0.7439
chr1	353849	353850	33	0.6604
chr1	353884	353885	29	0.6834
chr1	353904	353905	36	0.7157
chr1	353954	353955	31	0.7354
chr1	354054	354055	27	0.7626
chr1	354149	354150	35	0.4304
chr1	354247	354248	20	0.7817
chr1	354347	354348	32	0.6971
chr1	354385	354386	27	0.9309
chr1	354393	354394	21	0.5317
chr1	354443	354444	34	0.459
chr1	354464	354465	37	0.3823
chr1	354495	354496	37	0.4802
chr1	354512	354513	32	0.5289
chr1	354538	354539	29	0.3486
chr1	354563	354564	33	0.4311
chr1	354589	354590	25	0.4379
chr1	354607	354608	26	0.2448
chr1	354628	354629	29	0.2754
chr1	354659	354660	29	0.4539
chr1	354693	354694	33	0.4997
chr1	354743	354744	28	0.3376
chr1	354784	354785	24	0.6022
chr1	354819	354820	33	0.4682
chr1	354845	354846	31	0.4476
chr1	354868	354869	38	0.5986
chr1	354878	354879	26	0.5228
chr1	354936	354937	30	0.3603
chr1	355018	355019	31	0.3564
chr1	355118	355119	25	0.3699
chr1	355218	355219	24	0.5954
chr1	355299	355300	24	0.3633
chr1	355349	355350	29	0.3952
chr1	355395	355396	29	0.0437
chr1	355407	355408	33	0.0173
chr1	355467	355468	30	0.1556
chr1	355485	355486	24	0.1033
chr1	355579	355580	34	0.3359
chr1	355635	355636	27	0.193
chr1	355705	355706	30	0.003
chr1	355717	355718	26	0.33
chr1	355787	355788	31	0.1306
chr1	355826	355827	29	0.5313
chr1	355870	355871	37	0.7634
chr1	355920	355921	31	0.565
chr1	355957	355958	27	0.6547
chr1	355982	355983	35	0.5038
chr1	356007	356008	31	0.6583
chr1	356053	356054	31	0.5907
chr1	356071	356072	40	0.7851
chr1	356092	356093	26	0.4971
chr1	356125	356126	37	0.5879
chr1	356175	356176	24	0.6631
chr1	356192	356193	27	0.623
chr1	356242	356243	31	0.7026
chr1	356267	356268	31	0.6184
chr1	356303	356304	32	0.5688
chr1	356338	356339	21	0.5603
chr1	356359	356360	31	0.4917
chr1	356459	356460	24	0.7243
chr1	356509	356510	29	0.718
chr1	356609	356610	29	0.7087
chr1	356709	356710	28	0.7488
chr1	356809	356810	27	0.6529
chr1	356813	356814	26	0.4252
chr1	356863	356864	28	0.7076
chr1	356868	356869	21	0.6715
chr1	356906	356907	34	0.592
chr1	356935	356936	34	0.4275
chr1	356976	356977	34	0.6122
chr1	356994	356995	32	0.631
chr1	357009	357010	31	0.6643
chr1	357025	357026	31	0.7071
chr1	357050	357051	21	0.7214
chr1	357083	357084	27	0.5941
chr1	357109	357110	28	0.576
chr1	357144	357145	28	0.4705
chr1	357166	357167	18	0.4949
chr1	357185	357186	37	0.6609
chr1	357235	357236	30	0.7435
chr1	357273	357274	30	0.5926
chr1	357294	357295	26	0.5011
chr1	357326	357327	36	0.4026
chr1	357350	357351	34	0.7111
chr1	357378	357379	27	0.6459
chr1	357478	357479	19	0.5123
chr1	357578	357579	28	0.6189
chr1	357628	357629	27	0.6694
chr1	357728	357729	31	0.6242
chr1	357828	357829	34	0.6862
chr1	357908	357909	27	1.0
chr1	357918	357919	25	0.9755
chr1	358166	358167	33	0.8212
chr1	358240	358241	21	0.7493
chr1	358252	358253	23	0.6539
chr1	358268	358269	29	0.8036
chr1	358296	358297	29	0.8209
chr1	358326	358327	34	0.8332
chr1	358366	358367	28	0.7445
chr1	358403	358404	33	0.8207
chr1	358449	358450	33	0.8233
chr1	358468	358469	29	0.8489
chr1	358514	358515	33	0.7974
chr1	358564	358565	19	0.7804
chr1	358602	358603	33	0.7956
chr1	358617	358618	26	0.8557
chr1	358655	358656	31	0.7054
chr1	358688	358689	30	0.7371
chr1	358717	358718	31	0.8924
chr1	358752	358753	32	0.8771
chr1	358794	358795	28	0.6372
chr1	358815	358816	32	0.9497
chr1	358915	358916	29	0.7448
chr1	358965	358966	28	0.8882
chr1	359065	359066	29	0.7556
chr1	359165	359166	33	1.0
chr1	359237	359238	24	0.8413
chr1	359312	359313	28	0.8435
chr1	359406	359407	32	1.0
chr1	359446	359447	30	0.8487
chr1	359465	359466	30	0.7773
chr1	359499	359500	28	0.7309
chr1	359535	359536	28	0.7861
chr1	359550	359551	26	0.8366
chr1	359591	359592	34	0.8391
chr1	359641	359642	26	0.7514
chr1	359667	359668	33	0.8758
chr1	359699	359700	29	0.862
chr1	359720	359721	29	0.8238
chr1	359769	359770	31	0.9086
chr1	359798	359799	36	0.8585
chr1	359819	359820	32	0.9398
chr1	359869	359870	31	0.8063
chr1	359890	359891	32	0.9815
chr1	359909	359910	22	0.7889
chr1	359924	359925	38	0.8213
chr1	359941	359942	27	0.7661
chr1	359987	359988	29	0.7507
chr1	360037	360038	28	0.6245
chr1	360137	360138	25	0.7914
chr1	360233	360234	39	0.7742
chr1	360333	360334	29	0.7633
chr1	360433	360434	34	0.8704
chr1	360525	360526	32	0.8115
chr1	360559	360560	34	0.7175
chr1	360605	360606	23	0.8354
chr1	360624	360625	25	0.0322
chr1	360648	360649	25	0.1756
chr1	360677	360678	38	0.2114
chr1	360697	360698	23	0.1977
chr1	360712	360713	30	0.3341
chr1	360730	360731	34	0.0986
chr1	360778	360779	32	0.121
chr1	360828	360829	35	0.198
chr1	360878	360879	34	0.3159
chr1	360928	360929	27	0.1507
chr1	360959	360960	32	0.3796
chr1	361009	361010	25	0.1818
chr1	361024	361025	27	0.284
chr1	361063	361064	25	0.2647
chr1	361079	361080	33	0.3061
chr1	361107	361108	30	0.2012
chr1	361143	361144	25	0.1007
chr1	361243	361244	36	0.1742
chr1	361343	361344	28	0.2255
chr1	361404	361405	28	0.2094
chr1	361504	361505	31	0.1284
chr1	361604	361605	36	0.2219
chr1	361680	361681	31	0.1275
chr1	361685	361686	29	0.6831
chr1	361735	361736	28	0.4581
chr1	361785	361786	24	0.6188
chr1	361812	361813	32	0.5402
chr1	361838	361839	27	0.6469
chr1	361858	361859	26	0.4686
chr1	361877	361878	25	0.556
chr1	361914	361915	25	0.5434
chr1	361954	361955	26	0.4482
chr1	361977	361978	27	0.7951
chr1	362014	362015	30	0.5873
chr1	362029	362030	34	0.4553
chr1	362066	362067	28	0.4226
chr1	362094	362095	26	0.7551
chr1	362109	362110	44	0.4233
chr1	362136	362137	27	0.5726
chr1	362151	362152	35	0.6522
chr1	362186	362187	30	0.6425
chr1	362198	362199	24	0.6151
chr1	362248	362249	23	0.601
chr1	362348	362349	28	0.5519
chr1	362448	362449	29	0.6557
chr1	362548	362549	28	0.6365
chr1	362598	362599	32	0.5776
chr1	362679	362680	32	0.7157
chr1	362729	362730	25	0.9251
chr1	362781	362782	26	0.8323
chr1	362855	362856	30	0.6923
chr1	362901	362902	35	0.932
chr1	362925	362926	38	0.852
chr1	362957	362958	32	1.0
chr1	363165	363166	26	0.7912
chr1	363189	363190	30	0.785
chr1	363209	363210	28	0.9531
chr1	363224	363225	28	0.8406
chr1	363256	363257	37	0.6487
chr1	363306	363307	17	0.8276
chr1	363332	363333	24	0.7953
chr1	363352	363353	35	0.8998
chr1	363402	363403	25	0.7758
chr1	363452	363453	32	0.8524
chr1	363502	363503	26	0.7449
chr1	363544	363545	29	0.8768
chr1	363559	363560	27	1.0
chr1	363577	363578	26	0.8631
chr1	363616	363617	27	0.9843
chr1	363634	363635	30	0.7834
chr1	363684	363685	33	0.7983
chr1	363701	363702	29	0.7685
chr1	363724	363725	36	0.8553
chr1	363824	363825	39	0.8997
chr1	363895	363896	35	0.8465
chr1	363995	363996	41	1.0
chr1	364095	364096	30	0.7859
chr1	364169	364170	31	0.919
chr1	364249	364250	34	0.9782
chr1	364264	364265	27	0.1857
chr1	364298	364299	25	0.1364
chr1	364326	364327	35	0.1507
chr1	364360	364361	32	0.0321
chr1	364386	364387	24	0.0488
chr1	364409	364410	31	0.1078
chr1	364459	364460	28	0.2588
chr1	364479	364480	27	0.2183
chr1	364529	364530	33	0.1316
chr1	364563	364564	36	0.1075
chr1	364601	364602	23	0.0293
chr1	364635	364636	26	0.327
chr1	364662	364663	26	0.2705
chr1	364676	364677	27	0.2424
chr1	364743	364744	25	0.2005
chr1	364843	364844	30	0.1333
chr1	364911	364912	28	0.1372
chr1	364974	364975	29	0.0958
chr1	365062	365063	35	0.2476
chr1	365128	365129	27	0.1892
chr1	365158	365159	35	0.1353
chr1	365166	365167	30	0.4005
chr1	365196	365197	29	0.3826
chr1	365245	365246	31	0.3365
chr1	365276	365277	35	0.3519
chr1	365326	365327	22	0.2886
chr1	365359	365360	30	0.3544
chr1	365393	365394	28	0.4416
chr1	365408	365409	32	0.3206
chr1	365439	365440	28	0.4421
chr1	365473	365474	26	0.2936
chr1	365507	365508	25	0.2585
chr1	365533	365534	25	0.4091
chr1	365555	365556	34	0.4618
chr1	365587	365588	23	0.3356
chr1	365637	365638	30	0.4316
chr1	365695	365696	30	0.4992
chr1	365710	365711	33	0.3462
chr1	365759	365760	32	0.2389
chr1	365781	365782	34	0.4507
chr1	365792	365793	21	0.3752
chr1	365864	365865	37	0.3757
chr1	365914	365915	34	0.4091
chr1	366014	366015	34	0.2379
chr1	366114	366115	20	0.4227
chr1	366214	366215	22	0.5176
chr1	366264	366265	23	0.3291
chr1	366352	366353	25	0.2344
chr1	366364	366365	24	0.0871
chr1	366532	366533	30	0.0401
chr1	366632	366633	33	0.0
chr1	366660	366661	16	0.0824
chr1	366708	366709	31	0.031
chr1	366712	366713	23	0.0307
chr1	366738	366739	25	0.0182
chr1	366786	366787	29	0.0048
chr1	366804	366805	24	0.0102
chr1	366830	366831	30	0.1327
chr1	366839	366840	24	0.0
chr1	366854	366855	32	0.117
chr1	366877	366878	32	0.1065
chr1	366927	366928	28	0.1117
chr1	366960	366961	28	0.0
chr1	366978	366979	28	0.0
chr1	367026	367027	38	0.0232
chr1	367049	367050	31	0.0
chr1	367064	367065	27	0.0248
chr1	367095	367096	38	0.3226
chr1	367132	367133	32	0.1542
chr1	367147	367148	33	0.1522
chr1	367170	367171	23	0.2098
chr1	367220	367221	28	0.3304
chr1	367270	367271	35	0.3018
chr1	367279	367280	27	0.3706
chr1	367343	367344	19	0.2561
chr1	367443	367444	26	0.1999
chr1	367543	367544	32	0.0
chr1	367643	367644	21	0.0559
chr1	367715	367716	35	0.0794
chr1	367791	367792	25	0.0844
chr1	367809	367810	31	0.0444
chr1	368027	368028	33	0.151
chr1	368045	368046	20	0.1142
chr1	368121	368122	27	0.0075
chr1	368143	368144	27	0.1812
chr1	368197	368198	25	0.199
chr1	368203	368204	32	0.3568
chr1	368237	368238	35	0.6278
chr1	368255	368256	29	0.4162
chr1	368286	368287	31	0.4323
chr1	368316	368317	35	0.6209
chr1	368334	368335	24	0.4552
chr1	368349	368350	28	0.6006
chr1	368381	368382	31	0.6246
chr1	368422	368423	27	0.5515
chr1	368437	368438	28	0.4503
chr1	368452	368453	27	0.568
chr1	368502	368503	28	0.4842
chr1	368519	368520	27	0.6319
chr1	368539	368540	26	0.5823
chr1	368557	368558	30	0.5384
chr1	368586	368587	29	0.7449
chr1	368603	368604	39	0.5954
chr1	368630	368631	28	0.5544
chr1	368659	368660	33	0.6734
chr1	368677	368678	29	0.5491
chr1	368777	368778	34	0.5529
chr1	368856	368857	30	0.5566
chr1	368956	368957	30	0.5594
chr1	369019	369020	33	0.5589
chr1	369119	369120	36	0.502
chr1	369247	369248	32	0.8912
chr1	369253	369254	28	0.9394
chr1	369363	369364	31	0.6533
chr1	369375	369376	31	0.8538
chr1	369387	369388	37	0.7661
chr1	369441	369442	33	0.8128
chr1	369471	369472	27	0.8406
chr1	369489	369490	32	0.7127
chr1	369509	369510	30	0.6375
chr1	369615	369616	37	0.9125
chr1	369623	369624	25	0.3874
chr1	369662	369663	24	0.3192
chr1	369704	369705	35	0.332
chr1	369733	369734	28	0.4496
chr1	369752	369753	31	0.4508
chr1	369777	369778	32	0.5887
chr1	369794	369795	30	0.3493
chr1	369809	369810	29	0.5673
chr1	369859	369860	30	0.3749
chr1	369874	369875	34	0.4636
chr1	369892	369893	29	0.4296
chr1	369919	369920	28	0.3758
chr1	369954	369955	25	0.3689
chr1	369969	369970	27	0.3723
chr1	369997	369998	26	0.5608
chr1	370014	370015	34	0.4406
chr1	370029	370030	37	0.5671
chr1	370066	370067	35	0.4408
chr1	370091	370092	36	0.3728
chr1	370100	370101	39	0.3187
chr1	370200	370201	23	0.4871
chr1	370300	370301	31	0.5678
chr1	370400	370401	31	0.2828
chr1	370500	370501	31	0.4808
chr1	370594	370595	31	0.7291
chr1	370674	370675	37	0.8062
chr1	370724	370725	26	0.7935
chr1	370844	370845	26	0.6601
chr1	370848	370849	40	0.7757
chr1	370893	370894	25	0.5831
chr1	370912	370913	26	0.5681
chr1	370943	370944	26	0.5423
chr1	370958	370959	24	0.6572
chr1	370977	370978	29	0.425
chr1	371016	371017	30	0.3835
chr1	371046	371047	38	0.6311
chr1	371069	371070	17	0.6618
chr1	371087	371088	26	0.7092
chr1	371137	371138	29	0.4964
chr1	371187	371188	26	0.3809
chr1	371210	371211	28	0.6298
chr1	371265	371266	29	0.5344
chr1	371298	371299	35	0.5922
chr1	371338	371339	31	0.4486
chr1	371375	371376	29	0.5701
chr1	371444	371445	29	0.5633
chr1	371502	371503	30	0.4999
chr1	371562	371563	44	0.461
chr1	371643	371644	37	0.7197
chr1	371743	371744	33	0.589
chr1	371843	371844	30	0.6598
chr1	371851	371852	29	0.5315
chr1	371875	371876	26	0.5944
chr1	371884	371885	32	0.2633
chr1	371908	371909	34	0.282
chr1	371927	371928	38	0.3758
chr1	371958	371959	26	0.4714
chr1	371987	371988	26	0.297
chr1	372005	372006	37	0.4625
chr1	372020	372021	26	0.3598
chr1	372049	372050	25	0.4421
chr1	372077	372078	25	0.3719
chr1	372108	372109	28	0.3707
chr1	372154	372155	27	0.5491
chr1	372186	372187	20	0.5576
chr1	372208	372209	36	0.3319
chr1	372230	372231	26	0.4128
chr1	372249	372250	29	0.4647
chr1	372279	372280	36	0.2834
chr1	372314	372315	27	0.5683
chr1	372334	372335	26	0.5359
chr1	372357	372358	34	0.493
chr1	372381	372382	24	0.4428
chr1	372395	372396	36	0.4244
chr1	372445	372446	22	0.3441
chr1	372541	372542	38	0.3248
chr1	372598	372599	24	0.2828
chr1	372698	372699	36	0.5497
chr1	372777	372778	35	0.3855
chr1	372877	372878	18	0.4135
chr1	373075	373076	21	0.0837
chr1	373165	373166	33	0.0828
chr1	373203	373204	30	0.2636
chr1	373299	373300	28	0.2049
chr1	373317	373318	18	0.3967
chr1	373331	373332	29	0.2804
chr1	373347	373348	31	0.116
chr1	373365	373366	25	0.7841
chr1	373415	373416	26	0.8826
chr1	373453	373454	30	0.8689
chr1	373491	373492	34	0.8331
chr1	373532	373533	31	0.8082
chr1	373564	373565	30	0.7602
chr1	373614	373615	30	0.8542
chr1	373664	373665	26	0.7944
chr1	373689	373690	36	0.9152
chr1	373708	373709	34	0.8168
chr1	373741	373742	31	0.8249
chr1	373759	373760	35	0.8317
chr1	373798	373799	24	0.959
chr1	373824	373825	31	0.9046
chr1	373874	373875	27	0.8591
chr1	373890	373891	24	0.8732
chr1	373990	373991	33	0.9155
chr1	374090	374091	33	0.8782
chr1	374190	374191	32	0.9364
chr1	374290	374291	29	0.8803
chr1	374379	374380	30	0.7508
chr1	374429	374430	33	0.9008
chr1	374437	374438	24	0.5222
chr1	374468	374469	27	0.3877
chr1	374483	374484	34	0.3953
chr1	374530	374531	28	0.4435
chr1	374580	374581	27	0.4012
chr1	374620	374621	36	0.5305
chr1	374670	374671	29	0.422
chr1	374691	374692	24	0.3758
chr1	374734	374735	33	0.5269
chr1	374784	374785	29	0.4886
chr1	374807	374808	32	0.4453
chr1	374825	374826	27	0.2851
chr1	374842	374843	35	0.5115
chr1	374885	374886	27	0.5038
chr1	374934	374935	30	0.4969
chr1	374949	374950	23	0.5038
chr1	374974	374975	34	0.5686
chr1	375074	375075	30	0.5707
chr1	375124	375125	29	0.408
chr1	375174	375175	31	0.504
chr1	375274	375275	29	0.26
chr1	375343	375344	34	0.4101
chr1	375443	375444	36	0.455
chr1	375555	375556	19	0.914
chr1	375675	375676	29	0.9562
chr1	375727	375728	25	0.8663
chr1	375895	375896	33	0.9018
chr1	375905	375906	34	0.8968
chr1	375915	375916	29	0.7084
chr1	375924	375925	29	0.696
chr1	375974	375975	20	0.6117
chr1	376024	376025	30	0.6101
chr1	376043	376044	23	0.7465
chr1	376085	376086	27	0.6879
chr1	376135	376136	34	0.4137
chr1	376185	376186	29	0.6063
chr1	376227	376228	29	0.6922
chr1	376269	376270	38	0.6544
chr1	376307	376308	33	0.6056
chr1	376351	376352	29	0.7637
chr1	376381	376382	26	0.7449
chr1	376384	376385	33	0.7195
chr1	376472	376473	34	0.4669
chr1	376572	376573	31	0.4687
chr1	376644	376645	31	0.4789
chr1	376744	376745	34	0.6743
chr1	376844	376845	21	0.6565
chr1	376870	376871	22	0.8428
chr1	376974	376975	26	0.8902
chr1	377000	377001	30	0.7957
chr1	377034	377035	32	0.7301
chr1	377040	377041	25	0.8789
chr1	377054	377055	37	0.6587
chr1	377196	377197	17	0.7688
chr1	377324	377325	17	0.7263
chr1	377365	377366	37	0.5634
chr1	377395	377396	28	0.5253
chr1	377440	377441	28	0.7713
chr1	377456	377457	39	0.7522
chr1	377506	377507	33	0.6367
chr1	377556	377557	35	0.6436
chr1	377575	377576	34	0.6096
chr1	377614	377615	32	0.5934
chr1	377645	377646	19	0.5414
chr1	377695	377696	27	0.677
chr1	377745	377746	26	0.6824
chr1	377765	377766	27	0.5823
chr1	377780	377781	29	0.629
chr1	377799	377800	31	0.4898
chr1	377823	377824	26	0.6478
chr1	377854	377855	38	0.637
chr1	377866	377867	30	0.7783
chr1	377966	377967	25	0.6083
chr1	378066	378067	37	0.5656
chr1	378116	378117	31	0.5532
chr1	378216	378217	23	0.7258
chr1	378316	378317	25	0.6576
chr1	378366	378367	25	0.6236
chr1	378376	378377	30	0.7135
chr1	378402	378403	22	0.7039
chr1	378413	378414	28	0.112
chr1	378450	378451	26	0.17
chr1	378500	378501	22	0.1555
chr1	378550	378551	29	0.0
chr1	378565	378566	31	0.1008
chr1	378583	378584	28	0.0774
chr1	378616	378617	27	0.1865
chr1	378634	378635	27	0.2791
chr1	378682	378683	42	0.1499
chr1	378710	378711	30	0.1539
chr1	378742	378743	22	0.0845
chr1	378784	378785	32	0.1074
chr1	378805	378806	27	0.162
chr1	378830	378831	35	0.1404
chr1	378850	378851	28	0.0832
chr1	378872	378873	25	0.1383
chr1	378972	378973	27	0.0507
chr1	379052	379053	26	0.0
chr1	379108	379109	26	0.0847
chr1	379208	379209	28	0.0888
chr1	379308	379309	34	0.1949
chr1	379358	379359	24	0.0
chr1	379380	379381	25	0.6739
chr1	379396	379397	38	0.6669
chr1	379424	379425	23	0.6842
chr1	379439	379440	37	0.6871
chr1	379482	379483	28	0.6418
chr1	379528	379529	30	0.6569
chr1	379572	379573	34	0.6353
chr1	379618	379619	38	0.6115
chr1	379634	379635	29	0.7736
chr1	379663	379664	21	0.7369
chr1	379692	379693	29	0.7352
chr1	379742	379743	34	0.6985
chr1	379792	379793	27	0.6549
chr1	379809	379810	29	0.5748
chr1	379822	379823	29	0.802
chr1	379911	379912	30	0.5352
chr1	379962	379963	32	0.4486
chr1	380059	380060	21	0.6155
chr1	380159	380160	25	0.686
chr1	380209	380210	25	0.6235
chr1	380215	380216	31	0.7185
chr1	380247	380248	26	0.6455
chr1	380257	380258	37	0.6118
chr1	380289	380290	31	0.5692
chr1	380325	380326	28	0.4698
chr1	380365	380366	27	0.5355
chr1	380397	380398	20	0.4664
chr1	380439	380440	30	0.5369
chr1	380476	380477	22	0.4894
chr1	380505	380506	24	0.399
chr1	380545	380546	33	0.6836
chr1	380563	380564	22	0.7012
chr1	380593	380594	30	0.4936
chr1	380622	380623	24	0.667
chr1	380660	380661	27	0.6354
chr1	380675	380676	25	0.5011
chr1	380696	380697	34	0.566
chr1	380720	380721	31	0.4685
chr1	380741	380742	28	0.4077
chr1	380764	380765	24	0.5985
chr1	380793	380794	30	0.5913
chr1	380824	380825	35	0.6869
chr1	380874	380875	21	0.4978
chr1	380974	380975	24	0.2894
chr1	381062	381063	26	0.6392
chr1	381142	381143	21	0.4592
chr1	381227	381228	30	0.5712
chr1	381327	381328	29	0.5078
chr1	381357	381358	31	0.1656
chr1	381381	381382	27	0.2742
chr1	381561	381562	30	0.3011
chr1	381657	381658	32	0.3144
chr1	381667	381668	40	0.2065
chr1	381675	381676	33	0.26
chr1	381805	381806	29	0.0789
chr1	381810	381811	29	0.4099
chr1	381841	381842	25	0.1554
chr1	381856	381857	31	0.3418
chr1	381873	381874	30	0.4286
chr1	381908	381909	29	0.1586
chr1	381926	381927	33	0.2602
chr1	381941	381942	31	0.3005
chr1	381979	381980	24	0.2718
chr1	382004	382005	31	0.2852
chr1	382022	382023	32	0.2985
chr1	382049	382050	38	0.2603
chr1	382081	382082	24	0.2327
chr1	382125	382126	32	0.3682
chr1	382175	382176	28	0.4032
chr1	382193	382194	34	0.2305
chr1	382243	382244	33	0.2461
chr1	382262	382263	33	0.2235
chr1	382293	382294	32	0.2175
chr1	382314	382315	29	0.0883
chr1	382364	382365	31	0.2219
chr1	382464	382465	31	0.1019
chr1	382564	382565	35	0.2535
chr1	382614	382615	28	0.3158
chr1	382714	382715	31	0.2266
chr1	382764	382765	28	0.2466
chr1	382864	382865	36	0.2978
chr1	382884	382885	30	0.5488
chr1	383012	383013	26	0.5862
chr1	383036	383037	33	0.6303
chr1	383090	383091	35	0.4681
chr1	383214	383215	35	0.6893
chr1	383239	383240	32	0.7636
chr1	383261	383262	21	0.7237
chr1	383311	383312	25	0.7749
chr1	383361	383362	29	0.5903
chr1	383411	383412	32	0.6318
chr1	383461	383462	32	0.6965
chr1	383491	383492	33	0.8723
chr1	383541	383542	30	0.6698
chr1	383578	383579	25	0.6011
chr1	383626	383627	32	0.6648
chr1	383672	383673	35	0.685
chr1	383702	383703	25	0.5905
chr1	383717	383718	26	0.7515
chr1	383748	383749	35	0.7776
chr1	383761	383762	26	0.8019
chr1	383861	383862	31	0.781
chr1	383911	383912	28	0.6286
chr1	384011	384012	33	0.5699
chr1	384104	384105	23	0.7968
chr1	384204	384205	31	0.5951
chr1	384278	384279	30	0.793
chr1	384326	384327	24	0.3248
chr1	384376	384377	36	0.0575
chr1	384415	384416	35	0.0
chr1	384430	384431	26	0.3549
chr1	384457	384458	29	0.1797
chr1	384488	384489	34	0.4655
chr1	384503	384504	29	0.565
chr1	384518	384519	44	0.5805
chr1	384533	384534	38	0.4972
chr1	384578	384579	37	0.1239
chr1	384599	384600	36	0.3141
chr1	384627	384628	32	0.3662
chr1	384643	384644	30	0.0
chr1	384693	384694	25	0.5884
chr1	384712	384713	27	0.1214
chr1	384762	384763	27	0.55
chr1	384772	384773	26	0.6692
chr1	384872	384873	28	0.4412
chr1	384966	384967	28	0.1232
chr1	385064	385065	42	0.0
chr1	385138	385139	22	0.2305
chr1	385193	385194	28	0.0
chr1	385223	385224	35	0.4183
chr1	385265	385266	31	0.2143
chr1	385312	385313	43	0.7519
chr1	385359	385360	33	0.8412
chr1	385408	385409	28	0.8827
chr1	385440	385441	30	0.7253
chr1	385490	385491	32	0.8095
chr1	385540	385541	28	0.8636
chr1	385567	385568	30	0.6623
chr1	385617	385618	25	0.662
chr1	385653	385654	43	0.7393
chr1	385674	385675	35	0.6823
chr1	385701	385702	36	0.713
chr1	385740	385741	29	0.8526
chr1	385790	385791	22	0.8561
chr1	385840	385841	28	0.6776
chr1	385875	385876	35	0.7868
chr1	385975	385976	40	0.6495
chr1	386025	386026	32	0.7478
chr1	386125	386126	34	0.81
chr1	386204	386205	32	0.7642
chr1	386304	386305	22	0.792
chr1	386355	386356	34	0.8068
chr1	386405	386406	35	0.6919
chr1	386411	386412	23	0.8181
chr1	386483	386484	40	0.8444
chr1	386492	386493	24	0.4826
chr1	386507	386508	35	0.4636
chr1	386539	386540	36	0.3141
chr1	386569	386570	30	0.5861
chr1	386588	386589	32	0.4547
chr1	386608	386609	31	0.6224
chr1	386658	386659	33	0.3047
chr1	386694	386695	34	0.3924
chr1	386716	386717	27	0.4912
chr1	386760	386761	29	0.4797
chr1	386789	386790	26	0.6294
chr1	386809	386810	28	0.4788
chr1	386835	386836	32	0.2935
chr1	386859	386860	31	0.6385
chr1	386874	386875	29	0.4975
chr1	386924	386925	26	0.4008
chr1	386974	386975	21	0.2829
chr1	387002	387003	24	0.5011
chr1	387099	387100	25	0.3526
chr1	387199	387200	34	0.3503
chr1	387280	387281	31	0.611
chr1	387330	387331	21	0.5608
chr1	387430	387431	29	0.4205
chr1	387768	387769	24	0.6614
chr1	387868	387869	37	0.6563
chr1	387876	387877	32	0.6648
chr1	387878	387879	26	0.6624
chr1	387902	387903	24	0.8244
chr1	387920	387921	31	0.7248
chr1	387970	387971	36	0.8764
chr1	388001	388002	35	0.7598
chr1	388026	388027	33	0.6744
chr1	388047	388048	27	0.9054
chr1	388085	388086	30	0.9156
chr1	388120	388121	23	0.8176
chr1	388162	388163	38	0.8003
chr1	388177	388178	28	0.9389
chr1	388227	388228	24	0.8957
chr1	388248	388249	32	0.7439
chr1	388263	388264	24	0.7483
chr1	388307	388308	21	0.7707
chr1	388357	388358	29	0.813
chr1	388374	388375	32	0.7526
chr1	388394	388395	21	0.8376
chr1	388494	388495	25	0.6859
chr1	388544	388545	40	0.6814
chr1	388639	388640	37	0.7251
chr1	388739	388740	26	0.8989
chr1	388839	388840	26	0.9685
chr1	388905	388906	32	0.6971
chr1	388925	388926	25	0.7329
chr1	388957	388958	24	0.0756
chr1	389007	389008	21	0.1132
chr1	389055	389056	39	0.2845
chr1	389084	389085	33	0.169
chr1	389119	389120	39	0.1523
chr1	389162	389163	32	0.095
chr1	389212	389213	32	0.1938
chr1	389249	389250	30	0.1965
chr1	389270	389271	27	0.3223
chr1	389287	389288	28	0.0883
chr1	389315	389316	28	0.11
chr1	389345	389346	31	0.2499
chr1	389376	389377	29	0.1274
chr1	389426	389427	24	0.2686
chr1	389446	389447	24	0.239
chr1	389450	389451	30	0.0891
chr1	389542	389543	26	0.0342
chr1	389637	389638	27	0.1153
chr1	389687	389688	25	0.2503
chr1	389787	389788	33	0.0707
chr1	389887	389888	31	0.0129
chr1	389957	389958	25	0.0956
chr1	389973	389974	29	0.178
chr1	389996	389997	37	0.7477
chr1	390031	390032	32	0.5691
chr1	390052	390053	27	0.7812
chr1	390080	390081	31	0.5846
chr1	390106	390107	46	0.7955
chr1	390121	390122	25	0.8471
chr1	390148	390149	25	0.6133
chr1	390183	390184	37	0.738
chr1	390212	390213	29	0.6118
chr1	390228	390229	32	0.7525
chr1	390265	390266	35	0.7138
chr1	390297	390298	25	0.6468
chr1	390347	390348	37	0.5686
chr1	390397	390398	22	0.5457
chr1	390415	390416	28	0.7443
chr1	390432	390433	26	0.6622
chr1	390462	390463	33	0.6291
chr1	390477	390478	26	0.8566
chr1	390519	390520	29	0.8129
chr1	390549	390550	35	0.6143
chr1	390570	390571	30	0.5518
chr1	390580	390581	22	0.6432
chr1	390630	390631	42	0.7178
chr1	390730	390731	31	0.6896
chr1	390780	390781	33	0.7927
chr1	390870	390871	31	0.6532
chr1	390970	390971	33	0.4932
chr1	391020	391021	29	0.7315
chr1	391120	391121	24	0.6863
chr1	391176	391177	26	0.7448
chr1	391204	391205	28	0.6404
chr1	391234	391235	33	0.5468
chr1	391263	391264	27	0.6328
chr1	391313	391314	35	0.7943
chr1	391340	391341	28	0.5774
chr1	391355	391356	32	0.5757
chr1	391391	391392	28	0.5862
chr1	391406	391407	27	0.6053
chr1	391444	391445	32	0.5954
chr1	391476	391477	30	0.6379
chr1	391526	391527	29	0.7125
chr1	391542	391543	31	0.7319
chr1	391583	391584	33	0.7596
chr1	391633	391634	27	0.839
chr1	391659	391660	29	0.7062
chr1	391709	391710	33	0.6899
chr1	391759	391760	22	0.7504
chr1	391859	391860	29	0.8272
chr1	391959	391960	34	0.8512
chr1	392059	392060	22	0.7508
chr1	392159	392160	26	0.5865
chr1	392209	392210	35	0.8494
chr1	392309	392310	27	0.7183
chr1	392333	392334	27	0.5703
chr1	392409	392410	37	0.8597
chr1	392419	392420	23	0.756
chr1	392442	392443	31	0.9701
chr1	392469	392470	34	0.8717
chr1	392501	392502	32	0.9476
chr1	392528	392529	28	0.8894
chr1	392556	392557	32	0.8867
chr1	392572	392573	23	1.0
chr1	392587	392588	25	0.8457
chr1	392615	392616	32	0.7775
chr1	392645	392646	32	0.8305
chr1	392667	392668	38	0.6919
chr1	392701	392702	39	0.7626
chr1	392719	392720	29	0.8492
chr1	392745	392746	31	0.867
chr1	392775	392776	33	0.7003
chr1	392825	392826	28	0.6709
chr1	392843	392844	25	0.6121
chr1	392871	392872	31	0.6993
chr1	392971	392972	28	0.7136
chr1	393071	393072	30	0.6927
chr1	393121	393122	20	0.8522
chr1	393221	393222	24	0.6286
chr1	393321	393322	24	0.7895
chr1	393339	393340	27	1.0
chr1	393495	393496	33	0.9796
chr1	393541	393542	39	0.9456
chr1	393663	393664	34	0.8564
chr1	393687	393688	29	0.7304
chr1	393695	393696	32	0.5148
chr1	393717	393718	22	0.3668
chr1	393764	393765	26	0.2892
chr1	393814	393815	29	0.4502
chr1	393864	393865	35	0.4131
chr1	393914	393915	30	0.3325
chr1	393944	393945	30	0.4422
chr1	393982	393983	30	0.2625
chr1	393997	393998	29	0.4274
chr1	394012	394013	16	0.4168
chr1	394043	394044	21	0.43
chr1	394074	394075	38	0.5465
chr1	394089	394090	34	0.197
chr1	394111	394112	34	0.3979
chr1	394115	394116	28	0.397
chr1	394215	394216	28	0.3807
chr1	394266	394267	27	0.5291
chr1	394316	394317	21	0.4415
chr1	394416	394417	26	0.4367
chr1	394516	394517	32	0.4347
chr1	394606	394607	28	0.7005
chr1	394638	394639	34	0.759
chr1	394660	394661	26	0.5938
chr1	394694	394695	26	0.5795
chr1	394712	394713	34	0.6866
chr1	394746	394747	26	0.6365
chr1	394778	394779	33	0.6892
chr1	394836	394837	26	0.6608
chr1	394950	394951	31	0.4631
chr1	394984	394985	30	0.5858
chr1	395012	395013	29	0.2982
chr1	395028	395029	25	0.8759
chr1	395078	395079	39	0.8307
chr1	395102	395103	23	0.7838
chr1	395119	395120	33	0.3932
chr1	395166	395167	27	0.4221
chr1	395216	395217	37	0.4435
chr1	395238	395239	27	0.8632
chr1	395262	395263	28	0.5894
chr1	395312	395313	27	0.8108
chr1	395338	395339	26	0.4243
chr1	395375	395376	31	0.6846
chr1	395425	395426	35	0.704
chr1	395444	395445	30	0.3827
chr1	395494	395495	28	0.5979
chr1	395509	395510	35	0.3727
chr1	395559	395560	23	0.4187
chr1	395574	395575	29	0.5166
chr1	395620	395621	32	0.8248
chr1	395703	395704	42	0.4411
chr1	395800	395801	37	0.465
chr1	395900	395901	31	0.5645
chr1	396000	396001	25	0.7768
chr1	396100	396101	29	0.6286
chr1	396177	396178	34	0.7663
chr1	396242	396243	28	0.4357
chr1	396269	396270	25	0.909
chr1	396349	396350	28	0.7339
chr1	396392	396393	29	0.5563
chr1	396425	396426	23	0.6195
chr1	396456	396457	32	0.7
chr1	396479	396480	39	0.7495
chr1	396503	396504	37	0.7004
chr1	396543	396544	26	0.7356
chr1	396570	396571	38	0.5751
chr1	396600	396601	39	0.7449
chr1	396615	396616	26	0.6706
chr1	396641	396642	25	0.4287
chr1	396691	396692	25	0.6466
chr1	396706	396707	37	0.6394
chr1	396729	396730	25	0.5296
chr1	396761	396762	38	0.6433
chr1	396776	396777	33	0.5919
chr1	396791	396792	30	0.7219
chr1	396806	396807	26	0.7369
chr1	396821	396822	35	0.7878
chr1	396856	396857	25	0.6758
chr1	396956	396957	33	0.4273
chr1	397056	397057	24	0.5058
chr1	397156	397157	24	0.7505
chr1	397256	397257	25	0.8197
chr1	397270	397271	27	0.7378
chr1	397340	397341	32	0.6024
chr1	397345	397346	26	0.384
chr1	397377	397378	22	0.3296
chr1	397407	397408	22	0.377
chr1	397445	397446	33	0.2856
chr1	397490	397491	29	0.303
chr1	397514	397515	20	0.4819
chr1	397564	397565	30	0.3146
chr1	397614	397615	34	0.4661
chr1	397634	397635	14	0.1787
chr1	397684	397685	29	0.4486
chr1	397723	397724	34	0.4854
chr1	397749	397750	32	0.2369
chr1	397776	397777	27	0.1966
chr1	397826	397827	31	0.3512
chr1	397871	397872	34	0.3562
chr1	397873	397874	35	0.359
chr1	397953	397954	28	0.4185
chr1	398003	398004	27	0.2455
chr1	398103	398104	33	0.1772
chr1	398203	398204	27	0.3322
chr1	398303	398304	29	0.2544
chr1	398307	398308	24	0.0
chr1	398403	398404	26	0.1518
chr1	398439	398440	31	0.1937
chr1	398453	398454	34	0.2432
chr1	398605	398606	26	0.3205
chr1	398615	398616	32	0.2576
chr1	398665	398666	35	0.1475
chr1	398735	398736	25	0.1423
chr1	398743	398744	28	0.1899
chr1	398755	398756	21	0.0503
chr1	398760	398761	26	0.52
chr1	398788	398789	30	0.5302
chr1	398803	398804	34	0.4249
chr1	398820	398821	33	0.4215
chr1	398835	398836	35	0.4775
chr1	398861	398862	27	0.4275
chr1	398883	398884	30	0.6674
chr1	398933	398934	30	0.5848
chr1	398958	398959	35	0.3818
chr1	398998	398999	30	0.3387
chr1	399048	399049	33	0.5634
chr1	399080	399081	33	0.7085
chr1	399119	399120	25	0.4413
chr1	399136	399137	27	0.7167
chr1	399153	399154	33	0.4866
chr1	399172	399173	32	0.3648
chr1	399197	399198	23	0.4525
chr1	399212	399213	31	0.6046
chr1	399243	399244	26	0.4779
chr1	399256	399257	23	0.3078
chr1	399356	399357	23	0.4512
chr1	399420	399421	27	0.5774
chr1	399520	399521	30	0.5124
chr1	399620	399621	24	0.5235
chr1	399720	399721	23	0.4548
chr1	399880	399881	26	0.6995
chr1	399928	399929	33	0.6345
chr1	399942	399943	32	0.7999
chr1	399962	399963	31	0.839
chr1	399992	399993	21	0.6281
chr1	400000	400001	33	0.4879
chr1	400134	400135	40	0.8071
chr1	400158	400159	28	0.7871
chr1	400184	400185	30	0.917
chr1	400214	400215	22	0.7283
chr1	400245	400246	27	0.8299
chr1	400261	400262	29	0.597
chr1	400301	400302	29	0.6504
chr1	400351	400352	30	0.9572
chr1	400367	400368	21	0.7374
chr1	400412	400413	31	0.8594
chr1	400447	400448	35	0.8022
chr1	400491	400492	29	0.7654
chr1	400509	400510	26	0.9013
chr1	400524	400525	21	0.8434
chr1	400564	400565	31	0.8692
chr1	400585	400586	21	0.7717
chr1	400604	400605	33	0.914
chr1	400622	400623	27	0.7626
chr1	400666	400667	28	0.8556
chr1	400700	400701	28	0.7498
chr1	400715	400716	26	0.7247
chr1	400734	400735	23	0.6031
chr1	400765	400766	24	0.7834
chr1	400772	400773	26	0.8413
chr1	400872	400873	33	0.7466
chr1	400955	400956	28	0.7028
chr1	401055	401056	33	0.834
chr1	401155	401156	31	0.8244
chr1	401250	401251	41	0.7777
chr1	401264	401265	26	0.8589
chr1	401295	401296	36	0.6234
chr1	401342	401343	32	0.8781
chr1	401377	401378	32	0.9104
chr1	401414	401415	27	0.7605
chr1	401457	401458	26	0.6096
chr1	401500	401501	37	0.7807
chr1	401539	401540	28	0.9085
chr1	401589	401590	22	0.7753
chr1	401621	401622	34	0.8194
chr1	401643	401644	29	0.8271
chr1	401683	401684	35	0.838
chr1	401716	401717	27	0.9152
chr1	401766	401767	29	0.8514
chr1	401864	401865	30	0.8828
chr1	401964	401965	26	0.8569
chr1	402049	402050	24	0.8364
chr1	402149	402150	30	0.9097
chr1	402169	402170	32	0.9212
chr1	402197	402198	36	0.7394
chr1	402216	402217	34	0.7546
chr1	402241	402242	28	0.628
chr1	402267	402268	30	0.6138
chr1	402289	402290	20	0.7772
chr1	402338	402339	32	0.7969
chr1	402367	402368	37	0.7455
chr1	402408	402409	30	0.7344
chr1	402437	402438	38	0.7774
chr1	402452	402453	31	0.7867
chr1	402469	402470	37	0.7357
chr1	402494	402495	32	0.9434
chr1	402509	402510	29	0.689
chr1	402559	402560	31	0.6367
chr1	402578	402579	34	0.6734
chr1	402628	402629	29	0.982
chr1	402650	402651	31	0.7807
chr1	402677	402678	37	0.7669
chr1	402777	402778	26	0.7722
chr1	402849	402850	30	0.8047
chr1	402949	402950	33	0.7277
chr1	403049	403050	31	0.8724
chr1	403114	403115	25	0.9684
chr1	403146	403147	28	0.8045
chr1	403192	403193	32	0.7184
chr1	403217	403218	31	0.7041
chr1	403257	403258	27	0.7319
chr1	403287	403288	18	0.8187
chr1	403337	403338	33	0.7791
chr1	403360	403361	29	0.683
chr1	403394	403395	36	0.6031
chr1	403443	403444	30	0.7882
chr1	403476	403477	31	0.6081
chr1	403496	403497	24	0.6143
chr1	403511	403512	34	0.6076
chr1	403540	403541	27	0.5775
chr1	403573	403574	27	0.7169
chr1	403603	403604	26	0.7656
chr1	403642	403643	36	0.7221
chr1	403664	403665	36	0.8251
chr1	403682	403683	25	0.7338
chr1	403700	403701	19	0.722
chr1	403800	403801	30	0.6813
chr1	403900	403901	37	0.8543
chr1	403997	403998	28	0.7968
chr1	404097	404098	23	0.6698
chr1	404161	404162	21	0.6302
chr1	404183	404184	26	0.8725
chr1	404200	404201	33	0.1638
chr1	404250	404251	29	0.0934
chr1	404297	404298	22	0.0677
chr1	404321	404322	29	0.2445
chr1	404352	404353	27	0.2511
chr1	404402	404403	34	0.2367
chr1	404421	404422	26	0.1329
chr1	404467	404468	25	0.2238
chr1	404487	404488	23	0.2958
chr1	404526	404527	23	0.1846
chr1	404554	404555	36	0.2237
chr1	404582	404583	35	0.2782
chr1	404597	404598	35	0.1353
chr1	404611	404612	27	0.114
chr1	404699	404700	22	0.1864
chr1	404799	404800	22	0.2962
chr1	404865	404866	36	0.1748
chr1	404965	404966	30	0.1053
chr1	404973	404974	35	0.0
chr1	405019	405020	35	0.1181
chr1	405068	405069	19	0.3186
chr1	405092	405093	30	0.1288
chr1	405142	405143	30	0.0553
chr1	405177	405178	35	0.2529
chr1	405227	405228	29	0.1666
chr1	405272	405273	34	0.3475
chr1	405322	405323	29	0.1837
chr1	405372	405373	24	0.1492
chr1	405404	405405	28	0.129
chr1	405443	405444	28	0.1748
chr1	405471	405472	25	0.2315
chr1	405487	405488	23	0.2647
chr1	405505	405506	28	0.0621
chr1	405555	405556	38	0.0545
chr1	405565	405566	31	0.205
chr1	405665	405666	27	0.1136
chr1	405765	405766	39	0.1895
chr1	405828	405829	28	0.1164
chr1	405928	405929	32	0.1166
chr1	406028	406029	34	0.1393
chr1	406078	406079	34	0.2832
chr1	406122	406123	31	0.3082
chr1	406146	406147	35	0.1796
chr1	406193	406194	19	0.1338
chr1	406225	406226	32	0.2332
chr1	406240	406241	23	0.258
chr1	406265	406266	26	0.2328
chr1	406295	406296	25	0.2179
chr1	406339	406340	33	0.2455
chr1	406379	406380	24	0.2825
chr1	406403	406404	18	0.3566
chr1	406420	406421	35	0.3612
chr1	406452	406453	27	0.1618
chr1	406469	406470	32	0.0917
chr1	406503	406504	30	0.1169
chr1	406540	406541	32	0.267
chr1	406555	406556	29	0.1407
chr1	406605	406606	28	0.2044
chr1	406633	406634	19	0.1258
chr1	406674	406675	31	0.1828
chr1	406697	406698	28	0.2629
chr1	406797	406798	31	0.2902
chr1	406847	406848	31	0.0578
chr1	406947	406948	27	0.3614
chr1	407047	407048	33	0.1607
chr1	407147	407148	26	0.2254
chr1	407247	407248	20	0.1446
chr1	407249	407250	28	0.0966
chr1	407307	407308	26	0.3397
chr1	407337	407338	36	0.6343
chr1	407359	407360	35	0.7194
chr1	407381	407382	32	0.7035
chr1	407406	407407	22	0.7031
chr1	407438	407439	23	0.771
chr1	407458	407459	27	0.648
chr1	407477	407478	26	0.6574
chr1	407499	407500	20	0.5376
chr1	407549	407550	35	0.772
chr1	407599	407600	26	0.6843
chr1	407632	407633	17	0.7742
chr1	407682	407683	20	0.6176
chr1	407697	407698	33	0.7706
chr1	407714	407715	35	0.6834
chr1	407729	407730	23	0.6791
chr1	407755	407756	28	0.7274
chr1	407779	407780	26	0.7232
chr1	407797	407798	21	0.5546
chr1	407801	407802	24	0.8487
chr1	407901	407902	18	0.7562
chr1	408001	408002	28	0.6699
chr1	408101	408102	23	0.656
chr1	408201	408202	29	0.7295
chr1	408243	408244	32	0.7854
chr1	408252	408253	35	0.5952
chr1	408290	408291	26	0.4417
chr1	408323	408324	22	0.3649
chr1	408344	408345	25	0.4311
chr1	408386	408387	30	0.426
chr1	408401	408402	43	0.4758
chr1	408451	408452	35	0.5245
chr1	408501	408502	35	0.5268
chr1	408521	408522	27	0.4406
chr1	408540	408541	34	0.4911
chr1	408555	408556	22	0.3929
chr1	408577	408578	29	0.3638
chr1	408603	408604	23	0.3418
chr1	408653	408654	27	0.4074
chr1	408686	408687	33	0.5207
chr1	408708	408709	23	0.2519
chr1	408731	408732	36	0.5304
chr1	408831	408832	33	0.3961
chr1	408931	408932	24	0.5549
chr1	409031	409032	30	0.5021
chr1	409131	409132	36	0.4187
chr1	409203	409204	32	0.7435
chr1	409223	409224	21	0.779
chr1	409247	409248	31	0.7498
chr1	409317	409318	24	0.7208
chr1	409459	409460	27	0.9646
chr1	409477	409478	25	0.7529
chr1	409577	409578	29	0.5228
chr1	409595	409596	20	0.8233
chr1	409630	409631	32	0.8881
chr1	409645	409646	30	0.5688
chr1	409667	409668	24	0.8522
chr1	409692	409693	34	0.8303
chr1	409742	409743	31	0.8936
chr1	409765	409766	33	0.7926
chr1	409808	409809	35	0.8766
chr1	409858	409859	26	0.7423
chr1	409873	409874	26	0.6991
chr1	409969	409970	20	0.6305
chr1	410007	410008	19	0.7299
chr1	410032	410033	36	0.7516
chr1	410055	410056	34	0.676
chr1	410062	410063	31	0.9497
chr1	410162	410163	34	0.8715
chr1	410262	410263	27	0.8833
chr1	410362	410363	24	0.8126
chr1	410454	410455	32	0.8698
chr1	410534	410535	23	0.7645
chr1	410536	410537	33	0.8203
chr1	410574	410575	25	0.9318
chr1	410624	410625	28	0.8765
chr1	410650	410651	35	0.7422
chr1	410685	410686	32	0.9267
chr1	410716	410717	29	0.8535
chr1	410747	410748	28	1.0
chr1	410797	410798	28	0.8295
chr1	410846	410847	33	0.8713
chr1	410893	410894	25	0.9438
chr1	410943	410944	28	0.6529
chr1	410963	410964	32	0.8683
chr1	410981	410982	26	0.9216
chr1	411001	411002	27	0.7638
chr1	411035	411036	27	0.7943
chr1	411069	411070	29	0.9136
chr1	411100	411101	32	0.8963
chr1	411123	411124	32	0.828
chr1	411223	411224	32	0.9559
chr1	411273	411274	31	0.9244
chr1	411373	411374	32	0.8277
chr1	411473	411474	30	0.8572
chr1	411573	411574	32	0.8135
chr1	411605	411606	24	1.0
chr1	411631	411632	32	0.76
chr1	411647	411648	29	0.6978
chr1	411666	411667	35	0.4836
chr1	411684	411685	24	0.6736
chr1	411700	411701	40	0.698
chr1	411721	411722	27	0.6197
chr1	411771	411772	23	0.7182
chr1	411807	411808	24	0.7039
chr1	411822	411823	35	0.7276
chr1	411841	411842	39	0.5541
chr1	411873	411874	28	0.6128
chr1	411906	411907	32	0.7442
chr1	411921	411922	35	0.8433
chr1	411954	411955	35	0.7474
chr1	411972	411973	27	0.846
chr1	412022	412023	31	0.6045
chr1	412038	412039	32	0.6378
chr1	412065	412066	33	0.6305
chr1	412084	412085	25	0.6784
chr1	412112	412113	34	0.8209
chr1	412138	412139	25	0.6955
chr1	412163	412164	32	0.8312
chr1	412213	412214	27	0.7934
chr1	412313	412314	25	0.7115
chr1	412413	412414	26	0.5362
chr1	412513	412514	29	0.5969
chr1	412563	412564	25	0.5753
chr1	412613	412614	36	0.5537
chr1	412647	412648	24	0.8393
chr1	412667	412668	29	0.7456
chr1	412679	412680	34	0.7166
chr1	412709	412710	24	0.526
chr1	412729	412730	16	0.7449
chr1	412773	412774	33	0.7019
chr1	412811	412812	31	0.7857
chr1	412856	412857	35	0.6042
chr1	412883	412884	35	0.6845
chr1	412914	412915	26	0.5615
chr1	412942	412943	21	0.6217
chr1	412973	412974	25	0.6493
chr1	412993	412994	29	0.6543
chr1	413028	413029	31	0.7235
chr1	413048	413049	41	0.8787
chr1	413082	413083	25	0.6437
chr1	413097	413098	28	0.6494
chr1	413147	413148	30	0.622
chr1	413162	413163	35	0.8174
chr1	413182	413183	36	0.7167
chr1	413282	413283	32	0.7966
chr1	413382	413383	29	0.5544
chr1	413482	413483	24	0.8083
chr1	413532	413533	26	0.6971
chr1	413595	413596	44	0.6223
chr1	413609	413610	27	0.7756
chr1	413627	413628	31	0.7627
chr1	413635	413636	35	0.5273
chr1	413682	413683	26	0.634
chr1	413697	413698	30	0.5371
chr1	413722	413723	28	0.4743
chr1	413737	413738	24	0.4575
chr1	413786	413787	32	0.5999
chr1	413816	413817	28	0.3901
chr1	413839	413840	33	0.6
chr1	413854	413855	26	0.5031
chr1	413904	413905	23	0.5673
chr1	413919	413920	26	0.75
chr1	413934	413935	24	0.5373
chr1	413972	413973	36	0.4725
chr1	413992	413993	26	0.5351
chr1	414025	414026	27	0.5047
chr1	414064	414065	33	0.3845
chr1	414082	414083	21	0.6291
chr1	414097	414098	26	0.5177
chr1	414120	414121	34	0.4415
chr1	414170	414171	35	0.4637
chr1	414189	414190	33	0.3749
chr1	414217	414218	38	0.7589
chr1	414231	414232	29	0.6073
chr1	414331	414332	29	0.6389
chr1	414393	414394	21	0.4751
chr1	414493	414494	33	0.5997
chr1	414593	414594	29	0.5546
chr1	414693	414694	31	0.6965
chr1	414743	414744	34	0.5003
chr1	414839	414840	31	0.8339
chr1	414843	414844	25	0.8703
chr1	414897	414898	35	0.8108
chr1	414949	414950	31	0.8052
chr1	414975	414976	26	0.7051
chr1	415027	415028	21	0.8426
chr1	415095	415096	37	0.8805
chr1	415187	415188	31	0.7717
chr1	415201	415202	29	0.6339
chr1	415245	415246	24	0.8284
chr1	415287	415288	25	0.8277
chr1	415302	415303	30	0.6395
chr1	415317	415318	30	0.6354
chr1	415334	415335	37	0.6911
chr1	415384	415385	27	0.838
chr1	415408	415409	26	0.9124
chr1	415435	415436	24	0.9814
chr1	415482	415483	27	0.7579
chr1	415515	415516	26	0.702
chr1	415541	415542	29	0.7302
chr1	415566	415567	27	0.8005
chr1	415603	415604	32	0.7159
chr1	415631	415632	23	0.7255
chr1	415648	415649	25	0.8812
chr1	415662	415663	37	0.645
chr1	415762	415763	26	0.888
chr1	415830	415831	28	0.7009
chr1	415904	415905	36	0.6864
chr1	416004	416005	27	0.656
chr1	416006	416007	30	0.9634
chr1	416045	416046	33	0.4865
chr1	416082	416083	36	0.5491
chr1	416112	416113	44	0.6116
chr1	416127	416128	21	0.5461
chr1	416146	416147	28	0.5653
chr1	416183	416184	35	0.6484
chr1	416212	416213	30	0.5937
chr1	416238	416239	33	0.5662
chr1	416282	416283	35	0.6025
chr1	416313	416314	35	0.5797
chr1	416337	416338	24	0.551
chr1	416361	416362	41	0.4634
chr1	416376	416377	31	0.5472
chr1	416397	416398	29	0.6926
chr1	416419	416420	33	0.4141
chr1	416444	416445	26	0.5887
chr1	416482	416483	24	0.7455
chr1	416507	416508	28	0.605
chr1	416532	416533	34	0.5442
chr1	416560	416561	27	0.6063
chr1	416571	416572	31	0.6251
chr1	416671	416672	32	0.6094
chr1	416771	416772	28	0.639
chr1	416856	416857	29	0.5823
chr1	416956	416957	29	0.5663
chr1	417056	417057	34	0.604
chr1	417074	417075	23	0.4776
chr1	417081	417082	32	0.2928
chr1	417121	417122	31	0.3803
chr1	417155	417156	32	0.2273
chr1	417187	417188	31	0.1478
chr1	417235	417236	35	0.2962
chr1	417277	417278	31	0.242
chr1	417320	417321	24	0.3063
chr1	417346	417347	32	0.1936
chr1	417372	417373	27	0.2155
chr1	417387	417388	24	0.184
chr1	417424	417425	22	0.1757
chr1	417439	417440	33	0.3008
chr1	417462	417463	29	0.1986
chr1	417562	417563	20	0.3223
chr1	417662	417663	21	0.3046
chr1	417762	417763	30	0.2269
chr1	417812	417813	37	0.321
chr1	417822	417823	35	0.8424
chr1	417950	417951	35	0.7552
chr1	418056	418057	34	0.7682
chr1	418148	418149	36	0.4833
chr1	418204	418205	26	0.5666
chr1	418230	418231	27	0.6399
chr1	418246	418247	25	0.2246
chr1	418270	418271	32	0.2301
chr1	418320	418321	31	0.1643
chr1	418370	418371	27	0.1384
chr1	418391	418392	28	0.2475
chr1	418420	418421	32	0.4159
chr1	418470	418471	35	0.119
chr1	418508	418509	23	0.1233
chr1	418558	418559	30	0.2264
chr1	418581	418582	30	0.2936
chr1	418615	418616	29	0.2599
chr1	418638	418639	42	0.2674
chr1	418711	418712	24	0.1532
chr1	418811	418812	29	0.272
chr1	418881	418882	26	0.1473
chr1	418981	418982	35	0.2166
chr1	418993	418994	30	0.1611
chr1	419025	419026	36	0.7931
chr1	419064	419065	32	1.0
chr1	419084	419085	37	0.7189
chr1	419129	419130	26	0.8204
chr1	419148	419149	28	0.8468
chr1	419176	419177	36	0.9591
chr1	419196	419197	39	0.7634
chr1	419212	419213	26	0.8083
chr1	419233	419234	24	0.7441
chr1	419283	419284	26	0.902
chr1	419322	419323	29	0.7013
chr1	419365	419366	28	0.6445
chr1	419415	419416	24	0.8979
chr1	419433	419434	35	0.8367
chr1	419450	419451	30	0.9095
chr1	419481	419482	26	0.9763
chr1	419515	419516	27	0.9302
chr1	419565	419566	27	0.8172
chr1	419618	419619	23	0.8216
chr1	419718	419719	28	0.7056
chr1	419818	419819	24	0.7659
chr1	419915	419916	22	1.0
chr1	420007	420008	31	1.0
chr1	420039	420040	32	0.5502
chr1	420089	420090	28	0.4787
chr1	420125	420126	28	0.5946
chr1	420141	420142	31	0.838
chr1	420187	420188	27	0.6501
chr1	420202	420203	26	0.5957
chr1	420252	420253	26	0.5901
chr1	420270	420271	24	0.7861
chr1	420296	420297	29	0.8875
chr1	420316	420317	29	0.5756
chr1	420331	420332	34	0.5415
chr1	420381	420382	31	0.8643
chr1	420403	420404	35	0.6575
chr1	420453	420454	26	0.5414
chr1	420473	420474	34	0.8587
chr1	420498	420499	34	0.7021
chr1	420518	420519	37	0.7631
chr1	420533	420534	37	0.6256
chr1	420559	420560	32	0.5526
chr1	420582	420583	31	0.7869
chr1	420610	420611	33	0.7907
chr1	420710	420711	32	0.7904
chr1	420803	420804	30	0.6599
chr1	420853	420854	24	0.7684
chr1	420939	420940	29	0.566
chr1	420995	420996	29	0.6922
chr1	421095	421096	34	0.7511
chr1	421196	421197	27	0.8354
chr1	421250	421251	34	0.8831
chr1	421265	421266	35	0.7618
chr1	421301	421302	27	0.7788
chr1	421324	421325	16	0.7878
chr1	421370	421371	26	0.7979
chr1	421420	421421	34	0.8127
chr1	421443	421444	22	0.9114
chr1	421488	421489	23	0.8807
chr1	421511	421512	30	0.7409
chr1	421531	421532	28	0.8147
chr1	421581	421582	37	0.9627
chr1	421612	421613	32	0.8722
chr1	421655	421656	22	0.897
chr1	421673	421674	29	0.9704
chr1	421693	421694	38	0.8046
chr1	421713	421714	27	0.8605
chr1	421724	421725	28	0.9076
chr1	421824	421825	25	0.7899
chr1	421906	421907	29	0.8701
chr1	422006	422007	24	0.9743
chr1	422095	422096	35	0.8384
chr1	422141	422142	39	0.9852
chr1	422143	422144	22	0.8656
chr1	422150	422151	25	0.5583
chr1	422188	422189	29	0.5277
chr1	422226	422227	27	0.3568
chr1	422243	422244	34	0.4897
chr1	422268	422269	26	0.4756
chr1	422285	422286	28	0.6752
chr1	422306	422307	35	0.592
chr1	422342	422343	37	0.5236
chr1	422388	422389	26	0.4959
chr1	422432	422433	32	0.5884
chr1	422463	422464	24	0.4721
chr1	422500	422501	34	0.6581
chr1	422521	422522	24	0.5641
chr1	422562	422563	35	0.4738
chr1	422592	422593	36	0.4895
chr1	422619	422620	31	0.4528
chr1	422719	422720	31	0.4604
chr1	422805	422806	34	0.4191
chr1	422905	422906	38	0.5763
chr1	422955	422956	29	0.3798
chr1	423027	423028	18	0.505
chr1	423049	423050	29	0.8524
chr1	423111	423112	21	0.7464
chr1	423151	423152	29	0.6728
chr1	423211	423212	28	0.7154
chr1	423273	423274	27	0.8765
chr1	423285	423286	27	0.7486
chr1	423359	423360	23	0.7623
chr1	423509	423510	22	0.9595
chr1	423529	423530	30	0.6202
chr1	423559	423560	36	0.6604
chr1	423609	423610	26	0.7434
chr1	423645	423646	33	0.6341
chr1	423680	423681	36	0.6333
chr1	423703	423704	35	0.6232
chr1	423719	423720	29	0.5756
chr1	423751	423752	24	0.775
chr1	423786	423787	26	0.6781
chr1	423814	423815	30	0.8284
chr1	423846	423847	33	0.6507
chr1	423896	423897	29	0.6202
chr1	423941	423942	33	0.6714
chr1	423945	423946	27	0.663
chr1	424029	424030	23	0.5553
chr1	424129	424130	35	0.6289
chr1	424229	424230	28	0.7029
chr1	424328	424329	36	0.5867
chr1	424384	424385	37	0.673
chr1	424420	424421	28	0.6891
chr1	424430	424431	27	0.5785
chr1	424463	424464	36	0.6233
chr1	424483	424484	24	0.5862
chr1	424520	424521	37	0.4492
chr1	424570	424571	32	0.5286
chr1	424591	424592	37	0.6788
chr1	424641	424642	26	0.5892
chr1	424691	424692	31	0.4108
chr1	424714	424715	30	0.5292
chr1	424752	424753	28	0.5722
chr1	424767	424768	26	0.4086
chr1	424782	424783	29	0.5144
chr1	424805	424806	25	0.7287
chr1	424836	424837	35	0.7464
chr1	424860	424861	38	0.614
chr1	424897	424898	37	0.5046
chr1	424929	424930	33	0.6073
chr1	424998	424999	25	0.4752
chr1	425098	425099	19	0.5418
chr1	425198	425199	37	0.4631
chr1	425298	425299	30	0.4724
chr1	425398	425399	36	0.638
chr1	425462	425463	30	0.876
chr1	425536	425537	25	0.7856
chr1	425562	425563	37	0.7385
chr1	425616	425617	33	0.7634
chr1	425866	425867	22	0.7384
chr1	425875	425876	30	0.6916
chr1	425916	425917	31	0.7217
chr1	425954	425955	26	0.6726
chr1	425985	425986	28	0.5865
chr1	426024	426025	32	0.7503
chr1	426041	426042	33	0.681
chr1	426084	426085	23	0.7118
chr1	426099	426100	20	0.6522
chr1	426128	426129	38	0.6641
chr1	426157	426158	24	0.6517
chr1	426183	426184	28	0.4569
chr1	426214	426215	36	0.5647
chr1	426244	426245	31	0.6577
chr1	426294	426295	21	0.6827
chr1	426335	426336	27	0.6174
chr1	426356	426357	37	0.6035
chr1	426371	426372	30	0.6935
chr1	426398	426399	23	0.6198
chr1	426413	426414	29	0.6893
chr1	426414	426415	26	0.6718
chr1	426475	426476	27	0.6001
chr1	426575	426576	35	0.7935
chr1	426659	426660	35	0.8094
chr1	426759	426760	38	0.821
chr1	426843	426844	29	0.7508
chr1	426940	426941	34	0.5003
chr1	427112	427113	26	0.9351
chr1	427160	427161	34	0.9723
chr1	427306	427307	35	0.8363
chr1	427310	427311	25	0.9949
chr1	427320	427321	32	0.8497
chr1	427357	427358	28	0.6269
chr1	427382	427383	21	0.7348
chr1	427425	427426	24	0.8753
chr1	427440	427441	34	0.9985
chr1	427465	427466	39	0.7905
chr1	427491	427492	29	0.8097
chr1	427523	427524	31	0.7595
chr1	427541	427542	30	0.9721
chr1	427588	427589	28	0.9537
chr1	427638	427639	33	0.7644
chr1	427671	427672	30	0.8373
chr1	427691	427692	30	0.7327
chr1	427715	427716	33	0.8835
chr1	427734	427735	37	0.8785
chr1	427769	427770	33	0.7492
chr1	427787	427788	31	0.882
chr1	427823	427824	28	0.8693
chr1	427844	427845	29	0.8669
chr1	427944	427945	33	0.9184
chr1	428033	428034	30	0.8123
chr1	428133	428134	31	0.8585
chr1	428233	428234	29	0.7769
chr1	428299	428300	33	0.9521
chr1	428317	428318	27	0.8584
chr1	428360	428361	24	0.6089
chr1	428410	428411	31	0.6484
chr1	428431	428432	26	0.9699
chr1	428453	428454	31	0.6826
chr1	428470	428471	29	0.8788
chr1	428494	428495	38	0.851
chr1	428512	428513	33	0.7032
chr1	428555	428556	29	0.7659
chr1	428588	428589	16	0.8117
chr1	428605	428606	31	0.7543
chr1	428620	428621	35	0.5631
chr1	428661	428662	30	0.9238
chr1	428691	428692	35	0.8226
chr1	428714	428715	25	0.7704
chr1	428750	428751	31	0.6191
chr1	428775	428776	29	0.8491
chr1	428790	428791	25	0.846
chr1	428838	428839	21	0.8027
chr1	428859	428860	27	0.721
chr1	428889	428890	37	0.6634
chr1	428989	428990	31	0.8042
chr1	429040	429041	30	0.7962
chr1	429129	429130	35	0.7377
chr1	429179	429180	32	0.6971
chr1	429279	429280	30	0.6642
chr1	429359	429360	29	0.841
chr1	429449	429450	23	0.8993
chr1	429499	429500	38	0.7436
chr1	429549	429550	27	0.5987
chr1	429599	429600	22	0.6685
chr1	429637	429638	42	0.6281
chr1	429652	429653	28	0.5549
chr1	429702	429703	28	0.7362
chr1	429747	429748	22	0.6278
chr1	429785	429786	28	0.6366
chr1	429833	429834	29	0.7408
chr1	429862	429863	31	0.8147
chr1	429892	429893	25	0.6376
chr1	429922	429923	35	0.6956
chr1	429941	429942	35	0.6949
chr1	429991	429992	26	0.5812
chr1	430020	430021	33	0.72
chr1	430057	430058	27	0.5625
chr1	430157	430158	22	0.739
chr1	430257	430258	26	0.7415
chr1	430357	430358	32	0.6274
chr1	430457	430458	30	0.6642
chr1	430514	430515	30	0.6845
chr1	430577	430578	33	0.6343
chr1	430597	430598	33	0.7806
chr1	430609	430610	27	0.742
chr1	430614	430615	28	0.3722
chr1	430633	430634	29	0.3614
chr1	430652	430653	25	0.2858
chr1	430670	430671	28	0.2575
chr1	430720	430721	24	0.2491
chr1	430745	430746	25	0.5529
chr1	430795	430796	24	0.374
chr1	430813	430814	42	0.3589
chr1	430830	430831	26	0.4349
chr1	430845	430846	26	0.2793
chr1	430865	430866	32	0.4535
chr1	430888	430889	34	0.3668
chr1	430917	430918	30	0.5498
chr1	430933	430934	24	0.5605
chr1	430963	430964	31	0.666
chr1	430978	430979	29	0.3968
chr1	431024	431025	30	0.3097
chr1	431037	431038	25	0.3158
chr1	431137	431138	30	0.473
chr1	431187	431188	31	0.4163
chr1	431237	431238	27	0.4757
chr1	431319	431320	21	0.3018
chr1	431419	431420	19	0.4599
chr1	431431	431432	26	0.6879
chr1	431433	431434	27	0.8212
chr1	431557	431558	24	0.8801
chr1	431677	431678	37	0.8648
chr1	431695	431696	25	0.5131
chr1	431767	431768	26	0.6571
chr1	431885	431886	24	0.7317
chr1	431887	431888	37	0.6237
chr1	431909	431910	34	0.5922
chr1	431957	431958	24	0.8118
chr1	431995	431996	28	0.5652
chr1	432023	432024	23	0.811
chr1	432044	432045	31	0.8237
chr1	432075	432076	41	0.7278
chr1	432114	432115	32	0.825
chr1	432160	432161	37	0.7522
chr1	432203	432204	24	0.801
chr1	432238	432239	41	0.8323
chr1	432267	432268	26	0.7852
chr1	432289	432290	38	0.6831
chr1	432333	432334	37	0.7812
chr1	432371	432372	17	0.7581
chr1	432392	432393	21	0.6867
chr1	432407	432408	35	0.8462
chr1	432457	432458	25	0.8642
chr1	432483	432484	17	0.8034
chr1	432507	432508	36	0.7501
chr1	432557	432558	27	0.7742
chr1	432611	432612	27	1.0
chr1	432694	432695	33	0.6879
chr1	432767	432768	19	0.7721
chr1	432867	432868	29	0.7658
chr1	432947	432948	33	0.852
chr1	433047	433048	26	0.7809
chr1	433069	433070	27	0.8814
chr1	433098	433099	39	0.6974
chr1	433146	433147	27	0.7776
chr1	433165	433166	34	0.7053
chr1	433187	433188	32	0.7179
chr1	433237	433238	32	0.6569
chr1	433256	433257	27	0.3669
chr1	433285	433286	39	0.8339
chr1	433335	433336	26	0.6392
chr1	433385	433386	25	0.62
chr1	433412	433413	30	0.652
chr1	433441	433442	30	0.5741
chr1	433458	433459	27	0.665
chr1	433473	433474	27	0.47
chr1	433505	433506	25	0.5771
chr1	433555	433556	31	0.571
chr1	433580	433581	35	0.5084
chr1	433674	433675	42	0.5745
chr1	433751	433752	34	0.5445
chr1	433845	433846	30	0.5906
chr1	433945	433946	34	0.6804
chr1	433995	433996	30	0.5425
chr1	434077	434078	37	0.6875
chr1	434120	434121	28	0.5498
chr1	434158	434159	31	0.8706
chr1	434208	434209	27	0.8639
chr1	434232	434233	29	0.8931
chr1	434253	434254	25	0.855
chr1	434273	434274	30	0.6205
chr1	434294	434295	31	0.7362
chr1	434323	434324	32	0.6284
chr1	434338	434339	25	0.7304
chr1	434388	434389	32	0.9366
chr1	434420	434421	24	0.8306
chr1	434437	434438	26	0.7185
chr1	434474	434475	38	0.8721
chr1	434492	434493	28	0.7531
chr1	434542	434543	26	0.7054
chr1	434560	434561	28	0.902
chr1	434626	434627	36	0.685
chr1	434713	434714	31	0.6028
chr1	434813	434814	32	0.6877
chr1	434910	434911	26	0.7966
chr1	434990	434991	30	0.5876
chr1	435004	435005	24	0.6571
chr1	435034	435035	32	0.9013
chr1	435040	435041	28	0.52
chr1	435090	435091	25	0.5131
chr1	435105	435106	35	0.4373
chr1	435131	435132	25	0.8005
chr1	435176	435177	29	0.51
chr1	435212	435213	27	0.4261
chr1	435262	435263	27	0.5325
chr1	435312	435313	38	0.4496
chr1	435356	435357	26	0.6978
chr1	435371	435372	35	0.6064
chr1	435421	435422	29	0.4479
chr1	435440	435441	29	0.5094
chr1	435486	435487	35	0.4953
chr1	435495	435496	38	0.6285
chr1	435595	435596	27	0.5281
chr1	435663	435664	25	0.5677
chr1	435753	435754	31	0.5578
chr1	435853	435854	30	0.5036
chr1	435875	435876	37	0.9118
chr1	435885	435886	20	0.9254
chr1	435915	435916	26	0.8471
chr1	436189	436190	27	0.667
chr1	436259	436260	19	0.6743
chr1	436281	436282	31	0.8202
chr1	436291	436292	29	0.6089
chr1	436306	436307	36	0.7572
chr1	436329	436330	30	0.8113
chr1	436379	436380	28	0.7751
chr1	436401	436402	32	0.8757
chr1	436439	436440	26	0.5137
chr1	436454	436455	32	0.5679
chr1	436469	436470	32	0.671
chr1	436506	436507	28	0.7153
chr1	436537	436538	17	0.8014
chr1	436573	436574	31	0.3285
chr1	436611	436612	30	0.344
chr1	436646	436647	37	0.392
chr1	436661	436662	30	0.5547
chr1	436698	436699	29	0.3496
chr1	436736	436737	24	0.3529
chr1	436765	436766	36	0.2965
chr1	436781	436782	30	0.3236
chr1	436800	436801	32	0.5639
chr1	436888	436889	29	0.6157
chr1	436944	436945	32	0.8747
chr1	437010	437011	28	0.8027
chr1	437109	437110	32	0.6625
chr1	437181	437182	37	0.6606
chr1	437231	437232	28	0.7905
chr1	437306	437307	23	0.7275
chr1	437310	437311	29	0.942
chr1	437430	437431	28	0.756
chr1	437482	437483	28	0.6431
chr1	437486	437487	31	0.7702
chr1	437540	437541	25	0.5776
chr1	437570	437571	25	0.8397
chr1	437640	437641	37	0.641
chr1	437660	437661	30	0.7033
chr1	437740	437741	30	0.9739
chr1	437776	437777	40	0.747
chr1	437813	437814	21	0.8872
chr1	437837	437838	33	0.9235
chr1	437857	437858	32	0.8673
chr1	437899	437900	21	0.9995
chr1	437920	437921	30	0.7937
chr1	437957	437958	25	0.8526
chr1	437976	437977	39	0.8101
chr1	438020	438021	32	0.8617
chr1	438060	438061	24	0.9252
chr1	438085	438086	33	0.8417
chr1	438107	438108	29	0.8739
chr1	438138	438139	31	0.8148
chr1	438174	438175	32	0.8197
chr1	438224	438225	31	0.913
chr1	438258	438259	39	0.8091
chr1	438294	438295	28	0.8851
chr1	438344	438345	29	0.8565
chr1	438366	438367	29	1.0
chr1	438397	438398	30	0.9129
chr1	438493	438494	36	0.8647
chr1	438575	438576	28	0.8118
chr1	438647	438648	23	0.9262
chr1	438747	438748	29	0.7655
chr1	438847	438848	29	0.8287
chr1	438897	438898	32	0.7726
chr1	438929	438930	31	1.0
chr1	438943	438944	30	0.8793
chr1	438990	438991	28	0.908
chr1	439005	439006	28	0.7207
chr1	439055	439056	34	0.9808
chr1	439105	439106	25	0.8024
chr1	439143	439144	23	0.8509
chr1	439188	439189	22	0.8314
chr1	439205	439206	20	1.0
chr1	439230	439231	39	0.782
chr1	439250	439251	29	0.8257
chr1	439283	439284	33	0.827
chr1	439303	439304	37	0.8588
chr1	439340	439341	36	0.9572
chr1	439385	439386	34	0.7799
chr1	439423	439424	28	0.841
chr1	439456	439457	20	0.8316
chr1	439466	439467	38	0.71
chr1	439526	439527	35	0.8676
chr1	439586	439587	30	0.8582
chr1	439686	439687	29	0.7831
chr1	439767	439768	32	0.7653
chr1	439867	439868	25	0.8605
chr1	439967	439968	40	0.8887
chr1	439977	439978	30	1.0
chr1	440065	440066	28	0.848
chr1	440072	440073	32	0.6942
chr1	440088	440089	25	0.6776
chr1	440109	440110	23	0.7085
chr1	440148	440149	39	0.7825
chr1	440164	440165	34	0.5318
chr1	440214	440215	21	0.737
chr1	440264	440265	29	0.6846
chr1	440281	440282	27	0.8122
chr1	440296	440297	29	0.653
chr1	440329	440330	30	0.5603
chr1	440379	440380	25	0.7349
chr1	440398	440399	29	0.7201
chr1	440444	440445	37	0.7765
chr1	440479	440480	21	0.6964
chr1	440496	440497	30	0.5946
chr1	440511	440512	23	0.762
chr1	440544	440545	26	0.4828
chr1	440568	440569	36	0.7227
chr1	440587	440588	35	0.7136
chr1	440620	440621	27	0.6961
chr1	440649	440650	30	0.5737
chr1	440670	440671	37	0.6823
chr1	440697	440698	26	0.7114
chr1	440797	440798	20	0.6734
chr1	440847	440848	22	0.6456
chr1	440947	440948	37	0.6706
chr1	441028	441029	33	0.6671
chr1	441113	441114	34	0.6904
chr1	441213	441214	32	0.6597
chr1	441313	441314	20	0.5722
chr1	441333	441334	24	0.8567
chr1	441457	441458	34	0.9753
chr1	441463	441464	23	0.912
chr1	441501	441502	37	0.9545
chr1	441601	441602	24	0.6646
chr1	441611	441612	30	0.685
chr1	441709	441710	27	0.8561
chr1	441713	441714	31	0.7877
chr1	441722	441723	29	0.6033
chr1	441746	441747	25	0.7074
chr1	441775	441776	25	0.5483
chr1	441809	441810	24	0.7292
chr1	441832	441833	29	0.9289
chr1	441847	441848	37	0.6576
chr1	441866	441867	32	0.553
chr1	441898	441899	24	0.7479
chr1	441918	441919	31	0.7188
chr1	441944	441945	31	0.634
chr1	441966	441967	25	0.4201
chr1	442003	442004	24	0.551
chr1	442038	442039	26	0.6225
chr1	442053	442054	29	0.6686
chr1	442071	442072	26	0.5658
chr1	442108	442109	28	0.6903
chr1	442126	442127	27	0.4367
chr1	442141	442142	27	0.6749
chr1	442189	442190	30	0.5355
chr1	442223	442224	39	0.5383
chr1	442321	442322	35	0.6434
chr1	442421	442422	22	0.6458
chr1	442521	442522	26	0.6817
chr1	442591	442592	33	0.5062
chr1	442641	442642	24	0.4654
chr1	442693	442694	26	0.9913
chr1	442765	442766	15	1.0
chr1	442921	442922	29	0.8906
chr1	442923	442924	28	0.8009
chr1	442925	442926	35	0.8805
chr1	442971	442972	23	1.0
chr1	443081	443082	14	0.9486
chr1	443083	443084	24	0.8702
chr1	443111	443112	31	0.684
chr1	443113	443114	22	0.9692
chr1	443140	443141	21	0.5268
chr1	443178	443179	37	0.5782
chr1	443209	443210	26	0.3746
chr1	443259	443260	41	0.9455
chr1	443293	443294	33	0.6465
chr1	443324	443325	33	0.6188
chr1	443344	443345	30	0.4838
chr1	443369	443370	31	0.6136
chr1	443414	443415	22	0.7762
chr1	443452	443453	32	0.822
chr1	443502	443503	33	0.4007
chr1	443527	443528	29	0.5869
chr1	443577	443578	36	0.9149
chr1	443593	443594	29	0.942
chr1	443643	443644	22	0.8066
chr1	443649	443650	34	0.6437
chr1	443749	443750	29	0.6972
chr1	443799	443800	33	0.8307
chr1	443849	443850	33	0.8034
chr1	443899	443900	34	0.8878
chr1	443978	443979	34	0.7015
chr1	444056	444057	34	0.6806
chr1	444156	444157	25	0.3386
chr1	444167	444168	38	0.9743
chr1	444212	444213	35	0.8331
chr1	444254	444255	24	0.9176
chr1	444285	444286	22	0.8024
chr1	444335	444336	31	0.837
chr1	444381	444382	24	0.7621
chr1	444403	444404	34	1.0
chr1	444433	444434	28	0.9022
chr1	444455	444456	28	0.8232
chr1	444493	444494	27	1.0
chr1	444508	444509	31	0.962
chr1	444554	444555	23	0.7668
chr1	444592	444593	33	0.795
chr1	444618	444619	24	0.8205
chr1	444648	444649	33	1.0
chr1	444667	444668	36	0.8593
chr1	444693	444694	27	0.9063
chr1	444712	444713	43	0.688
chr1	444731	444732	32	0.7536
chr1	444743	444744	22	0.9376
chr1	444793	444794	26	0.6899
chr1	444874	444875	32	0.7422
chr1	444936	444937	33	0.8926
chr1	445009	445010	28	0.9849
chr1	445109	445110	26	0.8774
chr1	445209	445210	22	0.9648
chr1	445251	445252	21	0.9436
chr1	445272	445273	30	0.7158
chr1	445304	445305	28	0.9064
chr1	445324	445325	38	0.7208
chr1	445361	445362	36	0.7933
chr1	445387	445388	31	0.8369
chr1	445405	445406	25	0.8466
chr1	445420	445421	43	0.8446
chr1	445459	445460	32	0.7411
chr1	445505	445506	33	0.9299
chr1	445525	445526	32	0.7655
chr1	445573	445574	32	0.6144
chr1	445623	445624	29	0.9266
chr1	445673	445674	21	0.8471
chr1	445723	445724	26	0.8777
chr1	445752	445753	26	0.8476
chr1	445773	445774	23	0.812
chr1	445823	445824	41	0.8348
chr1	445873	445874	29	0.9099
chr1	445973	445974	34	0.9232
chr1	446073	446074	27	0.7304
chr1	446173	446174	23	0.9732
chr1	446227	446228	31	0.8745
chr1	446281	446282	31	0.9282
chr1	446307	446308	32	0.8307
chr1	446335	446336	26	0.5995
chr1	446385	446386	30	0.8236
chr1	446435	446436	34	0.7902
chr1	446457	446458	29	0.6853
chr1	446506	446507	31	0.7859
chr1	446540	446541	33	0.7349
chr1	446560	446561	27	0.7205
chr1	446594	446595	29	0.8236
chr1	446623	446624	37	0.7361
chr1	446640	446641	25	0.7057
chr1	446661	446662	29	0.8844
chr1	446682	446683	38	0.6246
chr1	446732	446733	26	0.7619
chr1	446753	446754	26	0.7846
chr1	446803	446804	27	0.6049
chr1	446851	446852	39	0.5639
chr1	446872	446873	33	0.7402
chr1	446964	446965	32	0.6867
chr1	447052	447053	31	0.7063
chr1	447102	447103	39	0.5057
chr1	447157	447158	27	0.6021
chr1	447255	447256	34	0.779
chr1	447355	447356	25	0.6003
chr1	447367	447368	29	0.9103
chr1	447376	447377	27	0.5338
chr1	447426	447427	33	0.4
chr1	447441	447442	36	0.4321
chr1	447480	447481	32	0.4408
chr1	447495	447496	28	0.4703
chr1	447535	447536	19	0.6447
chr1	447585	447586	24	0.5248
chr1	447602	447603	35	0.4229
chr1	447652	447653	25	0.5766
chr1	447679	447680	28	0.489
chr1	447694	447695	28	0.4678
chr1	447718	447719	26	0.4983
chr1	447734	447735	33	0.5014
chr1	447758	447759	27	0.5502
chr1	447806	447807	32	0.3686
chr1	447838	447839	30	0.5421
chr1	447853	447854	40	0.3952
chr1	447884	447885	21	0.6609
chr1	447968	447969	24	0.5229
chr1	448037	448038	21	0.492
chr1	448137	448138	32	0.7074
chr1	448237	448238	33	0.6159
chr1	448306	448307	36	0.5479
chr1	448378	448379	25	0.6418
chr1	448476	448477	22	0.8437
chr1	448482	448483	40	0.9402
chr1	448668	448669	22	0.8879
chr1	448696	448697	36	0.6821
chr1	448754	448755	28	0.6525
chr1	448812	448813	36	0.948
chr1	448856	448857	39	0.8448
chr1	448902	448903	31	0.1623
chr1	448917	448918	34	0.1354
chr1	448967	448968	32	0.0574
chr1	448990	448991	35	0.0712
chr1	449025	449026	29	0.1391
chr1	449050	449051	29	0.155
chr1	449081	449082	15	0.1102
chr1	449121	449122	42	0.1997
chr1	449136	449137	40	0.1148
chr1	449185	449186	18	0.2418
chr1	449217	449218	37	0.3079
chr1	449245	449246	31	0.2002
chr1	449281	449282	35	0.0572
chr1	449302	449303	47	0.0236
chr1	449324	449325	30	0.1878
chr1	449344	449345	36	0.2416
chr1	449387	449388	31	0.1467
chr1	449416	449417	32	0.0806
chr1	449516	449517	30	0.1547
chr1	449616	449617	30	0.0882
chr1	449694	449695	31	0.1693
chr1	449763	449764	33	0.108
chr1	449863	449864	31	0.0964
chr1	449963	449964	22	0.0489
chr1	449971	449972	24	0.5337
chr1	449994	449995	24	0.602
chr1	450044	450045	30	0.6174
chr1	450060	450061	26	0.5931
chr1	450080	450081	33	0.6787
chr1	450120	450121	21	0.6768
chr1	450137	450138	27	0.5967
chr1	450162	450163	23	0.6691
chr1	450194	450195	29	0.5418
chr1	450213	450214	28	0.5619
chr1	450253	450254	25	0.6526
chr1	450284	450285	26	0.7193
chr1	450334	450335	33	0.6128
chr1	450365	450366	32	0.681
chr1	450392	450393	19	0.5897
chr1	450423	450424	31	0.5116
chr1	450445	450446	32	0.5577
chr1	450467	450468	25	0.6136
chr1	450482	450483	41	0.589
chr1	450483	450484	32	0.7777
chr1	450558	450559	26	0.6162
chr1	450608	450609	29	0.6843
chr1	450708	450709	27	0.7182
chr1	450808	450809	27	0.6884
chr1	450908	450909	30	0.7871
chr1	450944	450945	31	0.8673
chr1	450946	450947	31	0.9843
chr1	451052	451053	25	0.9437
chr1	451092	451093	35	0.7383
chr1	451120	451121	17	0.9368
chr1	451144	451145	34	0.7659
chr1	451214	451215	30	0.6303
chr1	451238	451239	34	0.9564
chr1	451350	451351	24	0.9255
chr1	451383	451384	26	0.7307
chr1	451398	451399	27	0.6931
chr1	451437	451438	26	0.5548
chr1	451456	451457	27	0.7081
chr1	451483	451484	32	0.7329
chr1	451511	451512	29	0.4634
chr1	451561	451562	26	0.787
chr1	451576	451577	34	0.7317
chr1	451626	451627	33	0.48
chr1	451647	451648	27	0.5963
chr1	451662	451663	24	0.5777
chr1	451685	451686	24	0.5172
chr1	451707	451708	21	0.7026
chr1	451737	451738	27	0.4763
chr1	451764	451765	21	0.6446
chr1	451797	451798	29	0.5756
chr1	451826	451827	32	0.7605
chr1	451851	451852	29	0.5047
chr1	451874	451875	22	0.6651
chr1	451911	451912	38	0.5485
chr1	451942	451943	36	0.5563
chr1	451965	451966	30	0.499
chr1	451987	451988	30	0.7275
chr1	452037	452038	27	0.6081
chr1	452137	452138	25	0.5842
chr1	452236	452237	25	0.6481
chr1	452325	452326	31	0.5031
chr1	452375	452376	27	0.662
chr1	452425	452426	35	0.5125
chr1	452525	452526	33	0.4381
chr1	452575	452576	32	0.6278
chr1	452645	452646	30	0.6336
chr1	452662	452663	25	0.2032
chr1	452712	452713	25	0.1756
chr1	452729	452730	25	0.1679
chr1	452766	452767	33	0.2551
chr1	452805	452806	30	0.04
chr1	452831	452832	31	0.1119
chr1	452854	452855	27	0.0943
chr1	452902	452903	27	0.1034
chr1	452925	452926	42	0.1114
chr1	452946	452947	37	0.0813
chr1	452961	452962	30	0.1361
chr1	452977	452978	34	0.084
chr1	452995	452996	27	0.1353
chr1	453016	453017	27	0.3883
chr1	453066	453067	34	0.2092
chr1	453085	453086	31	0.2329
chr1	453135	453136	29	0.1824
chr1	453147	453148	37	0.003
chr1	453247	453248	30	0.202
chr1	453342	453343	22	0.1597
chr1	453442	453443	28	0.3214
chr1	453492	453493	36	0.3422
chr1	453567	453568	23	0.1598
chr1	453631	453632	28	0.0445
chr1	453653	453654	30	0.7749
chr1	453693	453694	29	0.6346
chr1	453728	453729	33	0.5671
chr1	453759	453760	30	0.6222
chr1	453774	453775	21	0.572
chr1	453824	453825	24	0.7723
chr1	453843	453844	28	0.7499
chr1	453878	453879	37	0.7238
chr1	453921	453922	36	0.7234
chr1	453936	453937	30	0.5965
chr1	453951	453952	28	0.637
chr1	453978	453979	36	0.7853
chr1	454019	454020	24	0.5104
chr1	454058	454059	36	0.6327
chr1	454081	454082	28	0.8559
chr1	454097	454098	37	0.7819
chr1	454117	454118	22	0.7746
chr1	454136	454137	28	0.5693
chr1	454186	454187	31	0.6528
chr1	454209	454210	29	0.5667
chr1	454210	454211	26	0.8621
chr1	454310	454311	31	0.7231
chr1	454375	454376	35	0.6245
chr1	454475	454476	30	0.692
chr1	454575	454576	31	0.4915
chr1	454661	454662	31	0.6428
chr1	454759	454760	29	0.7875
chr1	454813	454814	30	0.7581
chr1	454835	454836	28	0.6678
chr1	454840	454841	32	0.6844
chr1	454868	454869	26	0.482
chr1	454903	454904	25	0.4768
chr1	454921	454922	24	0.4591
chr1	454939	454940	25	0.3861
chr1	454989	454990	29	0.443
chr1	455023	455024	30	0.487
chr1	455040	455041	29	0.4196
chr1	455077	455078	21	0.4966
chr1	455095	455096	37	0.7085
chr1	455127	455128	28	0.479
chr1	455162	455163	24	0.3566
chr1	455177	455178	39	0.4385
chr1	455205	455206	38	0.6947
chr1	455255	455256	34	0.3069
chr1	455270	455271	27	0.5689
chr1	455320	455321	25	0.5266
chr1	455335	455336	32	0.7276
chr1	455340	455341	34	0.4544
chr1	455399	455400	33	0.5298
chr1	455499	455500	37	0.4479
chr1	455599	455600	28	0.5423
chr1	455699	455700	33	0.5031
chr1	455749	455750	30	0.4644
chr1	455865	455866	35	0.7733
chr1	455939	455940	30	0.9839
chr1	455945	455946	31	0.842
chr1	455971	455972	23	0.6813
chr1	456029	456030	29	0.7769
chr1	456089	456090	29	0.9563
chr1	456119	456120	36	0.921
chr1	456133	456134	35	0.7949
chr1	456195	456196	39	0.7459
chr1	456200	456201	30	0.2612
chr1	456215	456216	30	0.3713
chr1	456235	456236	31	0.2474
chr1	456258	456259	32	0.4066
chr1	456289	456290	24	0.2885
chr1	456310	456311	34	0.1833
chr1	456339	456340	33	0.3101
chr1	456380	456381	19	0.2052
chr1	456410	456411	33	0.375
chr1	456458	456459	23	0.3904
chr1	456505	456506	36	0.2137
chr1	456555	456556	34	0.2166
chr1	456584	456585	36	0.3048
chr1	456634	456635	25	0.2789
chr1	456679	456680	29	0.1929
chr1	456684	456685	34	0.219
chr1	456784	456785	29	0.3236
chr1	456884	456885	32	0.3208
chr1	456979	456980	28	0.2435
chr1	457076	457077	26	0.3597
chr1	457114	457115	29	0.2228
chr1	457168	457169	35	0.0
chr1	457182	457183	22	0.1506
chr1	457384	457385	27	0.0576
chr1	457400	457401	28	0.1806
chr1	457486	457487	26	0.1088
chr1	457514	457515	29	0.0
chr1	457524	457525	33	0.2106
chr1	457549	457550	28	0.3683
chr1	457592	457593	30	0.3904
chr1	457641	457642	31	0.3203
chr1	457656	457657	25	0.2632
chr1	457680	457681	33	0.3961
chr1	457706	457707	26	0.3793
chr1	457742	457743	42	0.4131
chr1	457779	457780	32	0.6419
chr1	457829	457830	27	0.4284
chr1	457854	457855	26	0.4959
chr1	457876	457877	35	0.5203
chr1	457900	457901	27	0.3105
chr1	457920	457921	22	0.4894
chr1	457948	457949	31	0.5655
chr1	458048	458049	35	0.4428
chr1	458148	458149	21	0.3422
chr1	458247	458248	34	0.1898
chr1	458316	458317	36	0.2962
chr1	458376	458377	25	0.8647
chr1	458414	458415	32	0.6644
chr1	458444	458445	23	0.7744
chr1	458454	458455	31	0.8822
chr1	458550	458551	30	0.7722
chr1	458574	458575	34	0.6013
chr1	458624	458625	26	0.4978
chr1	458641	458642	33	0.5743
chr1	458691	458692	24	0.7956
chr1	458706	458707	27	0.7287
chr1	458740	458741	40	0.9158
chr1	458756	458757	27	0.5502
chr1	458793	458794	28	0.4477
chr1	458809	458810	32	0.8034
chr1	458840	458841	32	0.4826
chr1	458890	458891	33	0.8756
chr1	458940	458941	35	0.6549
chr1	458971	458972	31	0.7722
chr1	458995	458996	34	0.7209
chr1	459010	459011	31	0.3622
chr1	459032	459033	25	0.7899
chr1	459082	459083	33	0.7079
chr1	459107	459108	32	0.9033
chr1	459113	459114	38	0.6168
chr1	459187	459188	33	0.5152
chr1	459287	459288	35	0.4719
chr1	459387	459388	37	0.9377
chr1	459487	459488	28	0.5072
chr1	459587	459588	18	0.6891
chr1	459637	459638	32	0.656
chr1	459704	459705	26	0.9066
chr1	459744	459745	23	0.7508
chr1	459750	459751	21	0.4381
chr1	459786	459787	31	0.5362
chr1	459822	459823	23	0.6741
chr1	459872	459873	23	0.5845
chr1	459922	459923	28	0.5035
chr1	459958	459959	32	0.4946
chr1	459990	459991	22	0.4771
chr1	460021	460022	30	0.6541
chr1	460068	460069	30	0.5787
chr1	460105	460106	29	0.6455
chr1	460134	460135	29	0.4484
chr1	460150	460151	34	0.7008
chr1	460172	460173	30	0.473
chr1	460211	460212	38	0.522
chr1	460311	460312	30	0.5465
chr1	460411	460412	37	0.4964
chr1	460461	460462	28	0.5035
chr1	460561	460562	32	0.4826
chr1	460661	460662	26	0.3184
chr1	460703	460704	25	0.9773
chr1	460779	460780	17	0.8545
chr1	460839	460840	25	0.8654
chr1	461033	461034	33	0.7699
chr1	461083	461084	36	0.6125
chr1	461108	461109	34	0.1535
chr1	461136	461137	31	0.107
chr1	461164	461165	25	0.0092
chr1	461186	461187	30	0.0327
chr1	461206	461207	28	0.0614
chr1	461236	461237	28	0.0
chr1	461271	461272	23	0.0995
chr1	461305	461306	27	0.1246
chr1	461352	461353	32	0.1845
chr1	461379	461380	37	0.0
chr1	461429	461430	38	0.2096
chr1	461444	461445	27	0.1995
chr1	461475	461476	26	0.0702
chr1	461501	461502	32	0.1019
chr1	461536	461537	32	0.116
chr1	461636	461637	29	0.1306
chr1	461692	461693	35	0.0221
chr1	461792	461793	24	0.273
chr1	461892	461893	33	0.182
chr1	461982	461983	29	0.0372
chr1	462019	462020	26	0.5132
chr1	462041	462042	35	0.7029
chr1	462060	462061	23	0.6428
chr1	462082	462083	35	0.7372
chr1	462119	462120	25	0.5912
chr1	462137	462138	28	0.4307
chr1	462154	462155	36	0.7394
chr1	462204	462205	33	0.4488
chr1	462231	462232	20	0.4997
chr1	462249	462250	30	0.684
chr1	462281	462282	25	0.6216
chr1	462308	462309	27	0.6255
chr1	462346	462347	24	0.6379
chr1	462396	462397	23	0.7624
chr1	462421	462422	35	0.6957
chr1	462448	462449	36	0.6304
chr1	462480	462481	23	0.7203
chr1	462495	462496	32	0.6155
chr1	462514	462515	25	0.5411
chr1	462614	462615	25	0.6405
chr1	462714	462715	34	0.5223
chr1	462814	462815	26	0.5442
chr1	462892	462893	25	0.5129
chr1	462992	462993	28	0.7063
chr1	463014	463015	27	0.8859
chr1	463036	463037	32	0.2619
chr1	463078	463079	26	0.2075
chr1	463108	463109	26	0.319
chr1	463123	463124	25	0.4195
chr1	463159	463160	31	0.1544
chr1	463191	463192	35	0.0564
chr1	463206	463207	17	0.1919
chr1	463249	463250	30	0.3358
chr1	463276	463277	30	0.1607
chr1	463292	463293	32	0.2609
chr1	463308	463309	29	0.1681
chr1	463324	463325	30	0.1138
chr1	463374	463375	25	0.1392
chr1	463419	463420	40	0.4249
chr1	463462	463463	30	0.1002
chr1	463549	463550	33	0.1782
chr1	463649	463650	32	0.144
chr1	463749	463750	26	0.3473
chr1	463803	463804	21	0.2969
chr1	463837	463838	33	0.0134
chr1	463889	463890	32	0.1918
chr1	463895	463896	30	0.1364
chr1	463910	463911	40	0.3817
chr1	463941	463942	23	0.425
chr1	463957	463958	31	0.2466
chr1	463981	463982	37	0.3577
chr1	463999	464000	32	0.321
chr1	464018	464019	31	0.3243
chr1	464036	464037	23	0.2573
chr1	464052	464053	29	0.2817
chr1	464068	464069	30	0.2226
chr1	464090	464091	26	0.4405
chr1	464122	464123	25	0.3227
chr1	464161	464162	35	0.3289
chr1	464188	464189	28	0.2289
chr1	464228	464229	30	0.1752
chr1	464264	464265	34	0.4858
chr1	464305	464306	18	0.2039
chr1	464328	464329	41	0.3835
chr1	464349	464350	16	0.1928
chr1	464380	464381	29	0.2608
chr1	464470	464471	21	0.2792
chr1	464557	464558	28	0.2987
chr1	464657	464658	31	0.3075
chr1	464727	464728	32	0.3937
chr1	464827	464828	33	0.3233
chr1	464845	464846	31	0.0526
chr1	464861	464862	24	0.0586
chr1	464869	464870	37	0.0331
chr1	465007	465008	27	0.3399
chr1	465105	465106	36	0.0978
chr1	465111	465112	31	0.1038
chr1	465185	465186	25	0.2006
chr1	465197	465198	31	0.1291
chr1	465223	465224	21	0.2654
chr1	465233	465234	34	0.3399
chr1	465282	465283	30	0.3891
chr1	465301	465302	21	0.3041
chr1	465334	465335	26	0.3894
chr1	465349	465350	26	0.3594
chr1	465364	465365	33	0.3442
chr1	465379	465380	28	0.3632
chr1	465407	465408	29	0.404
chr1	465449	465450	33	0.5749
chr1	465491	465492	36	0.4624
chr1	465524	465525	29	0.4072
chr1	465549	465550	31	0.3322
chr1	465572	465573	31	0.2581
chr1	465602	465603	29	0.3291
chr1	465621	465622	28	0.3333
chr1	465641	465642	30	0.3948
chr1	465669	465670	28	0.2299
chr1	465702	465703	33	0.2412
chr1	465731	465732	31	0.4014
chr1	465794	465795	33	0.4315
chr1	465894	465895	36	0.4476
chr1	465977	465978	29	0.3446
chr1	466077	466078	31	0.2949
chr1	466142	466143	28	0.3913
chr1	466206	466207	36	0.3154
chr1	466268	466269	27	0.0301
chr1	466288	466289	30	0.1088
chr1	466340	466341	25	0.0493
chr1	466620	466621	33	0.2434
chr1	466628	466629	27	0.0605
chr1	466652	466653	24	0.0805
chr1	466676	466677	31	0.2529
chr1	466697	466698	32	0.627
chr1	466746	466747	41	0.7639
chr1	466761	466762	26	0.7942
chr1	466776	466777	40	0.7309
chr1	466794	466795	27	0.7836
chr1	466812	466813	28	0.6488
chr1	466854	466855	30	0.8292
chr1	466871	466872	31	0.9216
chr1	466886	466887	33	0.7808
chr1	466936	466937	24	0.5918
chr1	466986	466987	21	0.6379
chr1	467024	467025	36	0.8423
chr1	467053	467054	28	0.8264
chr1	467091	467092	29	0.762
chr1	467124	467125	25	0.5474
chr1	467174	467175	38	0.6068
chr1	467202	467203	25	0.7927
chr1	467224	467225	34	0.7379
chr1	467321	467322	27	0.8657
chr1	467421	467422	26	0.7623
chr1	467471	467472	32	0.942
chr1	467568	467569	33	0.6771
chr1	467668	467669	24	0.7026
chr1	467730	467731	30	0.819
chr1	467826	467827	35	0.7117
chr1	467831	467832	28	0.5447
chr1	467869	467870	35	0.4416
chr1	467919	467920	24	0.5118
chr1	467934	467935	33	0.5151
chr1	467965	467966	36	0.1899
chr1	468015	468016	31	0.4663
chr1	468048	468049	36	0.5203
chr1	468068	468069	31	0.4246
chr1	468112	468113	33	0.2046
chr1	468147	468148	29	0.3985
chr1	468191	468192	24	0.5479
chr1	468206	468207	26	0.4554
chr1	468239	468240	33	0.367
chr1	468286	468287	21	0.3201
chr1	468324	468325	37	0.286
chr1	468393	468394	20	0.3607
chr1	468473	468474	31	0.4143
chr1	468560	468561	25	0.4546
chr1	468660	468661	28	0.363
chr1	468722	468723	26	0.2749
chr1	468772	468773	26	0.3177
chr1	468818	468819	34	0.8872
chr1	468860	468861	28	0.8513
chr1	468914	468915	27	0.6484
chr1	468940	468941	27	0.7303
chr1	468962	468963	35	0.7428
chr1	469150	469151	33	0.679
chr1	469160	469161	34	0.6812
chr1	469171	469172	32	0.9169
chr1	469204	469205	39	0.681
chr1	469221	469222	36	0.8562
chr1	469236	469237	27	0.761
chr1	469286	469287	23	0.8899
chr1	469336	469337	33	0.7397
chr1	469360	469361	34	0.666
chr1	469400	469401	22	0.6642
chr1	469421	469422	25	0.8263
chr1	469455	469456	30	0.7724
chr1	469481	469482	34	0.8244
chr1	469504	469505	38	0.7519
chr1	469519	469520	32	0.6378
chr1	469543	469544	31	0.6734
chr1	469578	469579	32	0.7069
chr1	469613	469614	30	0.7678
chr1	469636	469637	28	0.6674
chr1	469663	469664	35	0.6903
chr1	469696	469697	26	0.8237
chr1	469794	469795	25	0.7684
chr1	469844	469845	29	0.7642
chr1	469944	469945	30	0.7998
chr1	470044	470045	29	0.6651
chr1	470144	470145	36	0.9383
chr1	470194	470195	29	0.7311
chr1	470246	470247	34	0.7265
chr1	470262	470263	28	0.0
chr1	470288	470289	31	0.3394
chr1	470307	470308	28	0.2667
chr1	470350	470351	24	0.511
chr1	470376	470377	28	0.7155
chr1	470414	470415	17	0.4127
chr1	470461	470462	41	1.0
chr1	470485	470486	29	0.95
chr1	470535	470536	28	0.1691
chr1	470580	470581	31	0.3764
chr1	470623	470624	29	0.6282
chr1	470641	470642	25	0.4807
chr1	470656	470657	30	0.9269
chr1	470706	470707	29	1.0
chr1	470731	470732	29	0.661
chr1	470738	470739	35	0.1174
chr1	470838	470839	23	0.4476
chr1	470918	470919	29	0.3202
chr1	470997	470998	27	0.5296
chr1	471097	471098	33	0.613
chr1	471197	471198	21	0.7478
chr1	471273	471274	26	0.389
chr1	471287	471288	34	0.5829
chr1	471321	471322	31	0.6464
chr1	471371	471372	40	0.4892
chr1	471387	471388	31	0.4229
chr1	471437	471438	26	0.5198
chr1	471475	471476	24	0.6476
chr1	471495	471496	21	0.655
chr1	471511	471512	25	0.5388
chr1	471536	471537	30	0.3566
chr1	471551	471552	32	0.7535
chr1	471575	471576	38	0.6169
chr1	471613	471614	26	0.4556
chr1	471641	471642	34	0.647
chr1	471670	471671	23	0.5673
chr1	471712	471713	24	0.5402
chr1	471762	471763	34	0.6874
chr1	471783	471784	23	0.7584
chr1	471858	471859	32	0.5484
chr1	471958	471959	31	0.4723
chr1	472058	472059	29	0.691
chr1	472158	472159	32	0.4835
chr1	472178	472179	29	0.6636
chr1	472187	472188	29	0.5823
chr1	472233	472234	27	0.4969
chr1	472250	472251	29	0.5079
chr1	472300	472301	29	0.4083
chr1	472324	472325	35	0.5843
chr1	472367	472368	34	0.4071
chr1	472414	472415	32	0.5612
chr1	472464	472465	39	0.5941
chr1	472492	472493	33	0.4673
chr1	472525	472526	21	0.5213
chr1	472544	472545	30	0.6135
chr1	472594	472595	36	0.5282
chr1	472620	472621	28	0.5859
chr1	472643	472644	34	0.4404
chr1	472651	472652	35	0.5703
chr1	472731	472732	25	0.7127
chr1	472799	472800	28	0.5374
chr1	472899	472900	26	0.3387
chr1	472999	473000	31	0.5849
chr1	473099	473100	33	0.4502
chr1	473131	473132	29	0.9689
chr1	473141	473142	28	1.0
chr1	473183	473184	32	0.8896
chr1	473215	473216	22	0.7722
chr1	473315	473316	30	0.9574
chr1	473323	473324	27	0.5188
chr1	473364	473365	36	0.5039
chr1	473414	473415	27	0.6495
chr1	473447	473448	29	0.4046
chr1	473462	473463	27	0.4811
chr1	473503	473504	34	0.3296
chr1	473547	473548	29	0.4676
chr1	473570	473571	20	0.3941
chr1	473606	473607	24	0.3578
chr1	473632	473633	30	0.5916
chr1	473657	473658	26	0.5471
chr1	473691	473692	32	0.436
chr1	473728	473729	33	0.5742
chr1	473746	473747	28	0.5794
chr1	473782	473783	38	0.6469
chr1	473825	473826	30	0.5752
chr1	473844	473845	34	0.4517
chr1	473886	473887	32	0.5438
chr1	473907	473908	25	0.4638
chr1	473928	473929	22	0.5151
chr1	474006	474007	25	0.5403
chr1	474073	474074	28	0.5078
chr1	474141	474142	33	0.7326
chr1	474234	474235	36	0.6714
chr1	474334	474335	32	0.3895
chr1	474409	474410	33	0.4477
chr1	474495	474496	35	0.5832
chr1	474579	474580	31	0.7794
chr1	474661	474662	22	0.8543
chr1	474679	474680	28	0.8779
chr1	474705	474706	33	0.7418
chr1	474739	474740	35	0.8414
chr1	474799	474800	29	0.7262
chr1	474821	474822	29	0.7054
chr1	474837	474838	27	0.932
chr1	474877	474878	39	0.602
chr1	474927	474928	34	0.6386
chr1	474947	474948	31	0.6216
chr1	474997	474998	22	0.5492
chr1	475047	475048	30	0.7049
chr1	475078	475079	33	0.691
chr1	475102	475103	37	0.6265
chr1	475137	475138	21	0.6144
chr1	475167	475168	37	0.6641
chr1	475206	475207	26	0.6405
chr1	475224	475225	23	0.6428
chr1	475262	475263	29	0.7135
chr1	475312	475313	23	0.6178
chr1	475351	475352	29	0.6664
chr1	475366	475367	32	0.6952
chr1	475381	475382	39	0.7044
chr1	475481	475482	32	0.4717
chr1	475580	475581	27	0.6461
chr1	475630	475631	29	0.7133
chr1	475730	475731	28	0.6308
chr1	475826	475827	26	0.6813
chr1	475854	475855	31	0.6086
chr1	475926	475927	36	0.5657
chr1	475949	475950	25	0.808
chr1	475967	475968	29	0.8394
chr1	475984	475985	24	0.557
chr1	476015	476016	31	0.6737
chr1	476053	476054	30	0.6572
chr1	476086	476087	23	0.6523
chr1	476112	476113	35	0.7883
chr1	476152	476153	28	0.6171
chr1	476180	476181	27	0.8049
chr1	476230	476231	29	0.878
chr1	476248	476249	30	0.8145
chr1	476296	476297	26	0.7355
chr1	476346	476347	40	0.5935
chr1	476382	476383	29	0.729
chr1	476424	476425	29	0.6051
chr1	476452	476453	31	0.7462
chr1	476476	476477	28	0.6485
chr1	476483	476484	30	0.6866
chr1	476583	476584	27	0.7614
chr1	476683	476684	32	0.7483
chr1	476783	476784	28	0.7715
chr1	476850	476851	26	0.8417
chr1	476950	476951	28	0.6197
chr1	477004	477005	35	0.7993
chr1	477094	477095	30	0.8916
chr1	477100	477101	21	0.8455
chr1	477112	477113	26	0.8552
chr1	477154	477155	30	0.8383
chr1	477175	477176	22	0.8682
chr1	477209	477210	32	0.8734
chr1	477245	477246	32	0.8501
chr1	477289	477290	37	0.8815
chr1	477316	477317	35	0.8805
chr1	477339	477340	30	0.8715
chr1	477356	477357	33	0.8052
chr1	477386	477387	26	0.7254
chr1	477426	477427	31	0.8617
chr1	477449	477450	27	0.9242
chr1	477491	477492	36	0.8514
chr1	477541	477542	30	0.8119
chr1	477570	477571	31	0.9609
chr1	477596	477597	32	0.9264
chr1	477619	477620	35	0.8738
chr1	477671	477672	35	0.8607
chr1	477771	477772	19	0.8571
chr1	477871	477872	43	0.8671
chr1	477971	477972	27	0.7972
chr1	478071	478072	31	0.9201
chr1	478157	478158	28	0.9834
chr1	478164	478165	36	0.5144
chr1	478197	478198	22	0.5532
chr1	478247	478248	37	0.4052
chr1	478278	478279	30	0.4405
chr1	478321	478322	25	0.6258
chr1	478336	478337	30	0.4217
chr1	478385	478386	30	0.567
chr1	478432	478433	30	0.654
chr1	478482	478483	25	0.6523
chr1	478522	478523	36	0.6676
chr1	478539	478540	27	0.634
chr1	478574	478575	23	0.5613
chr1	478624	478625	39	0.557
chr1	478674	478675	30	0.6839
chr1	478683	478684	27	0.509
chr1	478733	478734	33	0.6128
chr1	478816	478817	34	0.4477
chr1	478916	478917	31	0.4757
chr1	479003	479004	26	0.4761
chr1	479071	479072	26	0.459
chr1	479171	479172	43	0.5086
chr1	479231	479232	29	0.8916
chr1	479307	479308	38	0.7664
chr1	479323	479324	28	0.777
chr1	479541	479542	32	0.8219
chr1	479555	479556	20	0.7873
chr1	479559	479560	29	0.942
chr1	479597	479598	38	0.6363
chr1	479653	479654	24	0.8304
chr1	479659	479660	27	0.7361
chr1	479694	479695	30	0.6754
chr1	479744	479745	31	0.7713
chr1	479787	479788	38	0.7533
chr1	479802	479803	29	0.9476
chr1	479823	479824	30	0.7027
chr1	479850	479851	31	0.8673
chr1	479865	479866	29	0.742
chr1	479894	479895	48	0.8239
chr1	479922	479923	29	0.7126
chr1	479972	479973	34	0.8555
chr1	480022	480023	22	0.5965
chr1	480051	480052	21	0.7844
chr1	480097	480098	24	0.6048
chr1	480115	480116	27	0.5958
chr1	480215	480216	28	0.489
chr1	480265	480266	28	0.6072
chr1	480361	480362	19	0.4476
chr1	480429	480430	29	0.5933
chr1	480493	480494	22	0.6864
chr1	480519	480520	34	0.7644
chr1	480643	480644	36	0.8472
chr1	480657	480658	33	0.8054
chr1	480661	480662	30	0.7509
chr1	480695	480696	29	0.8593
chr1	480757	480758	32	0.8559
chr1	480761	480762	34	0.6508
chr1	480771	480772	29	0.793
chr1	480821	480822	26	0.9404
chr1	480931	480932	29	0.7963
chr1	480958	480959	33	0.8183
chr1	480976	480977	31	0.9159
chr1	481026	481027	31	0.6248
chr1	481056	481057	26	0.8342
chr1	481071	481072	25	0.7991
chr1	481121	481122	26	0.7094
chr1	481144	481145	28	0.7153
chr1	481163	481164	22	0.8732
chr1	481187	481188	24	0.8579
chr1	481223	481224	23	0.7911
chr1	481238	481239	24	0.7713
chr1	481267	481268	31	0.8231
chr1	481290	481291	26	0.6405
chr1	481340	481341	29	0.8701
chr1	481365	481366	28	0.7233
chr1	481415	481416	21	0.7655
chr1	481437	481438	31	0.7696
chr1	481487	481488	28	0.7637
chr1	481537	481538	34	0.916
chr1	481637	481638	32	0.6875
chr1	481704	481705	30	0.8372
chr1	481804	481805	25	0.7314
chr1	481865	481866	21	0.6772
chr1	481901	481902	21	0.762
chr1	481927	481928	38	0.7608
chr1	481945	481946	25	0.8288
chr1	481979	481980	32	0.9756
chr1	482011	482012	28	0.8596
chr1	482034	482035	43	0.8098
chr1	482052	482053	31	0.8955
chr1	482102	482103	31	0.9649
chr1	482132	482133	26	0.941
chr1	482163	482164	21	0.8629
chr1	482197	482198	31	0.8103
chr1	482247	482248	31	0.9467
chr1	482297	482298	31	0.9223
chr1	482325	482326	31	0.8937
chr1	482340	482341	31	0.9602
chr1	482372	482373	28	0.8948
chr1	482400	482401	29	0.9362
chr1	482426	482427	22	0.8451
chr1	482476	482477	27	0.7882
chr1	482573	482574	39	0.9734
chr1	482629	482630	32	0.9045
chr1	482729	482730	29	0.8329
chr1	482829	482830	30	0.8668
chr1	482861	482862	32	0.9086
chr1	482896	482897	20	0.5671
chr1	482946	482947	32	0.7474
chr1	482975	482976	36	0.6456
chr1	482990	482991	31	0.5971
chr1	483005	483006	24	0.6159
chr1	483030	483031	29	0.6997
chr1	483045	483046	22	0.5798
chr1	483080	483081	18	0.4623
chr1	483115	483116	40	0.6335
chr1	483150	483151	31	0.6131
chr1	483178	483179	25	0.506
chr1	483228	483229	23	0.6296
chr1	483264	483265	23	0.6281
chr1	483300	483301	34	0.6544
chr1	483338	483339	32	0.6943
chr1	483388	483389	27	0.4979
chr1	483438	483439	26	0.5116
chr1	483462	483463	28	0.7154
chr1	483512	483513	25	0.6186
chr1	483612	483613	34	0.5947
chr1	483712	483713	26	0.6464
chr1	483812	483813	26	0.4534
chr1	483862	483863	28	0.5694
chr1	483962	483963	29	0.6869
chr1	483988	483989	34	0.6922
chr1	484010	484011	31	0.5136
chr1	484051	484052	31	0.1086
chr1	484071	484072	30	0.1553
chr1	484091	484092	29	0.1498
chr1	484117	484118	30	0.1078
chr1	484167	484168	32	0.0342
chr1	484201	484202	29	0.0778
chr1	484216	484217	34	0.1487
chr1	484231	484232	33	0.0408
chr1	484246	484247	33	0.0
chr1	484296	484297	30	0.0278
chr1	484311	484312	25	0.1144
chr1	484336	484337	19	0.1797
chr1	484359	484360	27	0.122
chr1	484389	484390	33	0.1055
chr1	484439	484440	29	0.1273
chr1	484473	484474	32	0.1922
chr1	484488	484489	33	0.0741
chr1	484535	484536	21	0.1245
chr1	484550	484551	30	0.1436
chr1	484650	484651	27	0.1054
chr1	484704	484705	30	0.0584
chr1	484804	484805	32	0.1502
chr1	484904	484905	31	0.0889
chr1	484994	484995	25	0.1849
chr1	485024	485025	25	0.0697
chr1	485030	485031	34	0.5942
chr1	485064	485065	27	0.55
chr1	485103	485104	35	0.4097
chr1	485153	485154	29	0.56
chr1	485203	485204	23	0.4889
chr1	485225	485226	35	0.6024
chr1	485268	485269	32	0.5889
chr1	485296	485297	33	0.6321
chr1	485311	485312	25	0.6403
chr1	485336	485337	30	0.5722
chr1	485385	485386	30	0.6299
chr1	485402	485403	26	0.6217
chr1	485426	485427	23	0.626
chr1	485471	485472	39	0.5719
chr1	485486	485487	32	0.6912
chr1	485523	485524	30	0.6475
chr1	485551	485552	33	0.5509
chr1	485571	485572	28	0.494
chr1	485594	485595	34	0.6503
chr1	485694	485695	37	0.4549
chr1	485794	485795	27	0.5284
chr1	485888	485889	30	0.8034
chr1	485988	485989	32	0.6339
chr1	486062	486063	28	0.7366
chr1	486152	486153	40	0.9308
chr1	486184	486185	31	0.9978
chr1	486208	486209	24	0.8349
chr1	486364	486365	35	0.8236
chr1	486504	486505	30	0.7033
chr1	486509	486510	27	0.6679
chr1	486548	486549	31	0.3793
chr1	486574	486575	23	0.617
chr1	486610	486611	32	0.3913
chr1	486654	486655	30	0.4392
chr1	486704	486705	25	0.5979
chr1	486754	486755	28	0.5032
chr1	486774	486775	17	0.6352
chr1	486820	486821	26	0.5328
chr1	486846	486847	32	0.5364
chr1	486896	486897	31	0.6425
chr1	486936	486937	26	0.6235
chr1	486980	486981	31	0.5808
chr1	487030	487031	30	0.5551
chr1	487130	487131	25	0.383
chr1	487185	487186	23	0.6556
chr1	487285	487286	33	0.4933
chr1	487385	487386	38	0.5275
chr1	487485	487486	26	0.4005
chr1	487535	487536	31	0.5061
chr1	487677	487678	20	0.9038
chr1	487707	487708	41	0.8856
chr1	487729	487730	31	1.0
chr1	487855	487856	32	0.7832
chr1	487875	487876	32	0.6937
chr1	487923	487924	27	0.7667
chr1	487965	487966	31	0.9768
chr1	488029	488030	20	0.7628
chr1	488050	488051	26	0.3929
chr1	488075	488076	30	0.5454
chr1	488100	488101	26	0.5785
chr1	488115	488116	24	0.5396
chr1	488140	488141	35	0.5294
chr1	488190	488191	34	0.7026
chr1	488207	488208	38	0.5985
chr1	488247	488248	30	0.6726
chr1	488283	488284	27	0.7282
chr1	488327	488328	33	0.4151
chr1	488362	488363	33	0.3614
chr1	488383	488384	27	0.614
chr1	488426	488427	29	0.6154
chr1	488461	488462	28	0.6056
chr1	488480	488481	24	0.4978
chr1	488506	488507	22	0.5328
chr1	488517	488518	32	0.7694
chr1	488572	488573	31	0.5482
chr1	488672	488673	31	0.6208
chr1	488758	488759	28	0.5985
chr1	488858	488859	32	0.5358
chr1	488944	488945	31	0.506
chr1	488974	488975	23	0.6466
chr1	488998	488999	21	0.5954
chr1	489015	489016	28	0.7165
chr1	489047	489048	34	0.8893
chr1	489079	489080	27	0.8867
chr1	489111	489112	33	0.8778
chr1	489157	489158	22	0.831
chr1	489174	489175	24	0.8801
chr1	489202	489203	22	0.8348
chr1	489221	489222	27	0.8637
chr1	489240	489241	28	0.8867
chr1	489290	489291	30	0.7305
chr1	489305	489306	26	0.7512
chr1	489324	489325	35	0.6952
chr1	489374	489375	27	0.7058
chr1	489399	489400	30	0.8852
chr1	489467	489468	23	0.8624
chr1	489489	489490	33	0.8136
chr1	489582	489583	34	0.797
chr1	489682	489683	32	0.5586
chr1	489782	489783	30	0.8095
chr1	489843	489844	29	0.6796
chr1	489943	489944	36	0.6797
chr1	489949	489950	26	0.772
chr1	489965	489966	32	0.6494
chr1	489971	489972	35	0.2247
chr1	489986	489987	29	0.2958
chr1	490015	490016	24	0.5111
chr1	490054	490055	27	0.579
chr1	490079	490080	33	0.167
chr1	490129	490130	21	0.3546
chr1	490179	490180	30	0.2316
chr1	490212	490213	29	0.4498
chr1	490231	490232	41	0.4476
chr1	490281	490282	32	0.2948
chr1	490324	490325	34	0.4153
chr1	490346	490347	30	0.2393
chr1	490396	490397	26	0.2515
chr1	490423	490424	21	0.4514
chr1	490431	490432	29	0.2909
chr1	490531	490532	28	0.3969
chr1	490631	490632	25	0.2196
chr1	490731	490732	31	0.2965
chr1	490815	490816	33	0.3408
chr1	490839	490840	28	0.1053
chr1	490963	490964	24	0.0372
chr1	491043	491044	37	0.1589
chr1	491103	491104	19	0.1515
chr1	491197	491198	29	0.0
chr1	491204	491205	18	0.4994
chr1	491237	491238	41	0.558
chr1	491266	491267	24	0.5677
chr1	491286	491287	23	0.7058
chr1	491330	491331	27	0.5385
chr1	491345	491346	24	0.5984
chr1	491390	491391	30	0.6923
chr1	491405	491406	29	0.603
chr1	491420	491421	27	0.5681
chr1	491435	491436	32	0.6919
chr1	491451	491452	36	0.4925
chr1	491471	491472	34	0.579
chr1	491514	491515	28	0.581
chr1	491552	491553	40	0.6188
chr1	491578	491579	30	0.5879
chr1	491622	491623	27	0.6256
chr1	491672	491673	26	0.4441
chr1	491707	491708	31	0.4832
chr1	491713	491714	29	0.374
chr1	491787	491788	27	0.6044
chr1	491887	491888	33	0.6059
chr1	491964	491965	34	0.4894
chr1	492051	492052	30	0.5056
chr1	492101	492102	26	0.5576
chr1	492201	492202	23	0.6074
chr1	492231	492232	27	0.948
chr1	492293	492294	26	0.9208
chr1	492411	492412	34	0.9705
chr1	492593	492594	32	0.8405
chr1	492621	492622	29	0.8471
chr1	492631	492632	30	0.6926
chr1	492657	492658	35	0.4252
chr1	492674	492675	31	0.4117
chr1	492718	492719	22	0.6694
chr1	492768	492769	25	0.677
chr1	492799	492800	31	0.5507
chr1	492827	492828	26	0.5772
chr1	492850	492851	18	0.5385
chr1	492870	492871	25	0.708
chr1	492920	492921	32	0.7463
chr1	492935	492936	18	0.4934
chr1	492982	492983	30	0.4431
chr1	493032	493033	31	0.5253
chr1	493072	493073	36	0.5595
chr1	493096	493097	39	0.5833
chr1	493115	493116	34	0.4796
chr1	493153	493154	37	0.6408
chr1	493253	493254	19	0.5656
chr1	493353	493354	30	0.7104
chr1	493430	493431	25	0.6014
chr1	493525	493526	33	0.3935
chr1	493625	493626	37	0.7341
chr1	493645	493646	26	0.7413
chr1	493697	493698	34	0.7902
chr1	493751	493752	29	0.6872
chr1	493767	493768	24	0.8831
chr1	493803	493804	24	0.9331
chr1	493957	493958	35	0.6469
chr1	493971	493972	27	0.9954
chr1	494025	494026	32	0.7724
chr1	494095	494096	28	0.8874
chr1	494113	494114	29	0.5697
chr1	494152	494153	26	0.7437
chr1	494177	494178	26	0.5756
chr1	494203	494204	25	0.8679
chr1	494224	494225	25	0.7348
chr1	494249	494250	30	0.4888
chr1	494294	494295	33	0.5031
chr1	494343	494344	26	0.4834
chr1	494374	494375	32	0.4967
chr1	494396	494397	34	0.5819
chr1	494411	494412	32	0.6552
chr1	494426	494427	30	0.4977
chr1	494466	494467	31	0.6044
chr1	494481	494482	24	0.6689
chr1	494514	494515	25	0.6615
chr1	494551	494552	42	0.4525
chr1	494601	494602	30	0.6846
chr1	494621	494622	32	0.6181
chr1	494635	494636	33	0.5149
chr1	494696	494697	34	0.4759
chr1	494792	494793	30	0.6305
chr1	494892	494893	32	0.5653
chr1	494992	494993	20	0.6262
chr1	495052	495053	32	0.5852
chr1	495152	495153	29	0.6275
chr1	495168	495169	26	0.5501
chr1	495181	495182	26	0.6472
chr1	495214	495215	28	0.5712
chr1	495264	495265	25	0.553
chr1	495303	495304	31	0.6082
chr1	495333	495334	31	0.4936
chr1	495364	495365	28	0.673
chr1	495387	495388	38	0.7443
chr1	495437	495438	35	0.7143
chr1	495463	495464	32	0.7891
chr1	495486	495487	21	0.6804
chr1	495536	495537	34	0.7485
chr1	495560	495561	20	0.6758
chr1	495588	495589	33	0.7068
chr1	495622	495623	28	0.7698
chr1	495654	495655	27	0.4916
chr1	495690	495691	30	0.5326
chr1	495692	495693	27	0.5769
chr1	495742	495743	30	0.6091
chr1	495842	495843	34	0.6871
chr1	495942	495943	33	0.7216
chr1	496042	496043	29	0.5987
chr1	496142	496143	31	0.4976
chr1	496164	496165	36	0.661
chr1	496186	496187	29	0.7441
chr1	496224	496225	25	0.0
chr1	496258	496259	34	0.1727
chr1	496287	496288	35	0.0416
chr1	496337	496338	27	0.1858
chr1	496361	496362	34	0.071
chr1	496410	496411	28	0.1858
chr1	496442	496443	33	0.0557
chr1	496473	496474	37	0.2867
chr1	496509	496510	32	0.1339
chr1	496533	496534	32	0.1867
chr1	496572	496573	33	0.1082
chr1	496620	496621	24	0.2142
chr1	496635	496636	35	0.2232
chr1	496663	496664	34	0.0557
chr1	496683	496684	24	0.1479
chr1	496694	496695	23	0.0217
chr1	496776	496777	33	0.1391
chr1	496876	496877	33	0.1264
chr1	496926	496927	31	0.2828
chr1	497015	497016	24	0.0955
chr1	497115	497116	27	0.227
chr1	497133	497134	32	0.1834
chr1	497182	497183	35	0.6417
chr1	497232	497233	23	0.6125
chr1	497247	497248	45	0.7746
chr1	497274	497275	30	0.6244
chr1	497294	497295	24	0.6947
chr1	497339	497340	35	0.5522
chr1	497362	497363	34	0.655
chr1	497383	497384	31	0.7896
chr1	497431	497432	21	0.7465
chr1	497481	497482	26	0.6202
chr1	497523	497524	30	0.7855
chr1	497538	497539	48	0.6668
chr1	497561	497562	30	0.6313
chr1	497611	497612	35	0.7255
chr1	497632	497633	24	0.5784
chr1	497663	497664	22	0.6437
chr1	497668	497669	22	0.7337
chr1	497755	497756	32	0.7207
chr1	497841	497842	31	0.6581
chr1	497941	497942	27	0.6621
chr1	498041	498042	27	0.7213
chr1	498141	498142	29	0.6393
chr1	498183	498184	26	0.7036
chr1	498188	498189	40	0.4865
chr1	498206	498207	22	0.4389
chr1	498237	498238	32	0.5802
chr1	498253	498254	32	0.69
chr1	498280	498281	31	0.4203
chr1	498297	498298	42	0.4951
chr1	498334	498335	22	0.6579
chr1	498377	498378	32	0.5565
chr1	498403	498404	38	0.6636
chr1	498422	498423	23	0.5439
chr1	498447	498448	35	0.4746
chr1	498497	498498	32	0.5583
chr1	498532	498533	36	0.6922
chr1	498577	498578	27	0.69
chr1	498603	498604	20	0.4985
chr1	498634	498635	25	0.5458
chr1	498666	498667	31	0.7088
chr1	498687	498688	25	0.4608
chr1	498775	498776	35	0.4707
chr1	498858	498859	33	0.5737
chr1	498958	498959	25	0.5393
chr1	499058	499059	30	0.4969
chr1	499158	499159	30	0.5346
chr1	499384	499385	19	0.8487
chr1	499418	499419	19	0.9214
chr1	499500	499501	32	0.7788
chr1	499560	499561	36	0.8807
chr1	499578	499579	25	0.8625
chr1	499586	499587	38	0.5825
chr1	499636	499637	29	0.5387
chr1	499656	499657	22	0.5063
chr1	499676	499677	28	0.4859
chr1	499700	499701	28	0.4478
chr1	499716	499717	27	0.6417
chr1	499731	499732	37	0.5334
chr1	499756	499757	35	0.481
chr1	499774	499775	26	0.479
chr1	499824	499825	20	0.3462
chr1	499874	499875	28	0.6388
chr1	499924	499925	31	0.4388
chr1	499970	499971	20	0.5014
chr1	499997	499998	24	0.6746
chr1	500024	500025	29	0.5269
chr1	500042	500043	30	0.6522
chr1	500057	500058	28	0.6215
chr1	500076	500077	27	0.5658
chr1	500176	500177	30	0.7085
chr1	500253	500254	29	0.45
chr1	500307	500308	26	0.8162
chr1	500407	500408	41	0.4686
chr1	500457	500458	27	0.6321
chr1	500516	500517	24	0.7831
chr1	500620	500621	22	0.8136
chr1	500624	500625	30	0.8227
chr1	500634	500635	23	0.733
chr1	500642	500643	31	0.6018
chr1	500700	500701	37	0.7175
chr1	500838	500839	32	0.7186
chr1	500890	500891	31	0.8652
chr1	500966	500967	30	0.6684
chr1	501013	501014	29	0.4945
chr1	501062	501063	32	0.6346
chr1	501082	501083	32	0.5421
chr1	501132	501133	34	0.7225
chr1	501167	501168	21	0.5751
chr1	501182	501183	28	0.6323
chr1	501197	501198	29	0.704
chr1	501232	501233	24	0.7239
chr1	501265	501266	31	0.5955
chr1	501304	501305	24	0.6766
chr1	501325	501326	30	0.4515
chr1	501358	501359	23	0.5649
chr1	501380	501381	35	0.66
chr1	501416	501417	25	0.7109
chr1	501466	501467	22	0.6734
chr1	501516	501517	27	0.7089
chr1	501562	501563	29	0.6227
chr1	501583	501584	31	0.7828
chr1	501683	501684	31	0.6629
chr1	501783	501784	33	0.8589
chr1	501833	501834	27	0.663
chr1	501884	501885	37	0.7694
chr1	501984	501985	26	0.5276
chr1	502084	502085	28	0.8235
chr1	502096	502097	32	0.7079
chr1	502126	502127	25	0.5953
chr1	502164	502165	33	0.2958
chr1	502190	502191	20	0.2905
chr1	502220	502221	26	0.2169
chr1	502248	502249	36	0.2224
chr1	502298	502299	28	0.3053
chr1	502348	502349	26	0.2037
chr1	502365	502366	34	0.1996
chr1	502415	502416	28	0.1968
chr1	502453	502454	29	0.3488
chr1	502483	502484	33	0.2858
chr1	502502	502503	29	0.4634
chr1	502539	502540	26	0.3477
chr1	502563	502564	23	0.3597
chr1	502588	502589	22	0.1989
chr1	502607	502608	36	0.1506
chr1	502655	502656	35	0.1656
chr1	502741	502742	29	0.1787
chr1	502792	502793	30	0.1711
chr1	502842	502843	27	0.1534
chr1	502928	502929	36	0.1484
chr1	503028	503029	29	0.3813
chr1	503078	503079	30	0.3002
chr1	503104	503105	39	0.2431
chr1	503129	503130	30	0.8372
chr1	503179	503180	27	0.8874
chr1	503194	503195	32	0.7228
chr1	503227	503228	33	0.9066
chr1	503277	503278	25	0.9144
chr1	503300	503301	25	0.924
chr1	503322	503323	34	0.884
chr1	503372	503373	27	0.8111
chr1	503402	503403	38	0.7849
chr1	503441	503442	24	0.725
chr1	503482	503483	37	0.8529
chr1	503518	503519	32	0.7445
chr1	503538	503539	22	0.918
chr1	503565	503566	29	0.9248
chr1	503665	503666	27	0.9449
chr1	503765	503766	29	0.9825
chr1	503865	503866	26	1.0
chr1	503965	503966	23	0.8393
chr1	504003	504004	32	0.7908
chr1	504029	504030	36	0.7611
chr1	504038	504039	32	0.8128
chr1	504088	504089	19	0.9362
chr1	504119	504120	36	0.8406
chr1	504145	504146	29	0.9029
chr1	504190	504191	30	0.8084
chr1	504218	504219	32	0.9217
chr1	504246	504247	23	0.7073
chr1	504296	504297	28	0.5187
chr1	504314	504315	30	0.5777
chr1	504333	504334	35	0.5857
chr1	504360	504361	34	0.5102
chr1	504388	504389	23	0.5333
chr1	504438	504439	31	0.6119
chr1	504477	504478	34	0.8472
chr1	504516	504517	38	0.7824
chr1	504539	504540	28	0.9527
chr1	504639	504640	27	0.9049
chr1	504689	504690	34	0.7802
chr1	504739	504740	35	0.914
chr1	504839	504840	30	0.9892
chr1	504939	504940	24	1.0
chr1	505027	505028	26	0.8671
chr1	505029	505030	19	0.9262
chr1	505103	505104	29	0.7798
chr1	505137	505138	22	0.9439
chr1	505163	505164	31	0.9629
chr1	505205	505206	26	0.8915
chr1	505215	505216	33	0.8442
chr1	505249	505250	36	0.8317
chr1	505301	505302	27	0.9197
chr1	505471	505472	27	1.0
chr1	505498	505499	24	0.4911
chr1	505548	505549	26	0.638
chr1	505585	505586	28	0.7994
chr1	505635	505636	30	0.7907
chr1	505685	505686	29	0.8598
chr1	505718	505719	30	0.7523
chr1	505750	505751	29	0.5359
chr1	505784	505785	28	0.7467
chr1	505817	505818	21	0.6755
chr1	505843	505844	24	0.8147
chr1	505893	505894	30	0.7614
chr1	505910	505911	40	0.6785
chr1	505928	505929	34	0.7162
chr1	506011	506012	35	0.7045
chr1	506095	506096	29	0.8201
chr1	506195	506196	34	0.8874
chr1	506295	506296	25	0.653
chr1	506335	506336	26	0.7365
chr1	506365	506366	28	0.6297
chr1	506387	506388	26	0.47
chr1	506404	506405	34	0.4958
chr1	506446	506447	26	0.5433
chr1	506467	506468	16	0.6385
chr1	506514	506515	34	0.4277
chr1	506543	506544	25	0.474
chr1	506593	506594	32	0.444
chr1	506643	506644	32	0.4556
chr1	506664	506665	36	0.6739
chr1	506680	506681	35	0.5677
chr1	506709	506710	25	0.4673
chr1	506745	506746	30	0.4882
chr1	506767	506768	36	0.2497
chr1	506785	506786	33	0.4237
chr1	506885	506886	31	0.535
chr1	506985	506986	22	0.7274
chr1	507085	507086	33	0.529
chr1	507151	507152	30	0.4959
chr1	507165	507166	32	0.5582
chr1	507175	507176	30	0.3018
chr1	507210	507211	35	0.4004
chr1	507251	507252	32	0.432
chr1	507298	507299	34	0.3502
chr1	507334	507335	28	0.4272
chr1	507373	507374	31	0.287
chr1	507388	507389	27	0.3317
chr1	507422	507423	26	0.3157
chr1	507446	507447	22	0.4572
chr1	507477	507478	31	0.3457
chr1	507498	507499	25	0.3045
chr1	507520	507521	27	0.4919
chr1	507560	507561	24	0.4887
chr1	507581	507582	27	0.4437
chr1	507626	507627	26	0.3963
chr1	507647	507648	33	0.2103
chr1	507650	507651	26	0.4867
chr1	507700	507701	27	0.3987
chr1	507769	507770	26	0.3541
chr1	507869	507870	32	0.4917
chr1	507919	507920	33	0.2106
chr1	508019	508020	31	0.3255
chr1	508119	508120	30	0.427
chr1	508245	508246	30	0.0
chr1	508265	508266	29	0.1038
chr1	508283	508284	31	0.1193
chr1	508323	508324	26	0.0948
chr1	508411	508412	30	0.028
chr1	508423	508424	27	0.085
chr1	508571	508572	30	0.1422
chr1	508584	508585	25	0.5961
chr1	508606	508607	27	0.5701
chr1	508639	508640	25	0.8279
chr1	508660	508661	24	0.7125
chr1	508694	508695	27	0.9317
chr1	508709	508710	25	0.7773
chr1	508733	508734	25	0.8304
chr1	508766	508767	28	0.8367
chr1	508816	508817	32	0.7562
chr1	508836	508837	32	0.6341
chr1	508862	508863	36	0.7965
chr1	508898	508899	23	0.6269
chr1	508938	508939	30	0.6559
chr1	508978	508979	31	0.6815
chr1	509024	509025	29	0.6418
chr1	509074	509075	29	0.5884
chr1	509094	509095	28	0.8463
chr1	509194	509195	25	0.7335
chr1	509294	509295	28	0.6303
chr1	509394	509395	34	0.683
chr1	509449	509450	29	0.8708
chr1	509549	509550	19	0.6411
chr1	509575	509576	25	0.8594
chr1	509615	509616	33	0.6274
chr1	509643	509644	31	0.7062
chr1	509687	509688	33	0.5818
chr1	509737	509738	32	0.871
chr1	509770	509771	41	0.7621
chr1	509820	509821	26	0.7391
chr1	509870	509871	32	0.8001
chr1	509900	509901	38	0.8043
chr1	509939	509940	27	0.8273
chr1	509956	509957	31	0.7367
chr1	510000	510001	35	0.717
chr1	510041	510042	35	0.7459
chr1	510072	510073	32	0.9015
chr1	510122	510123	25	0.7244
chr1	510129	510130	33	0.6074
chr1	510219	510220	30	0.757
chr1	510303	510304	31	0.8668
chr1	510403	510404	31	0.8259
chr1	510484	510485	23	0.7835
chr1	510584	510585	27	0.8218
chr1	510632	510633	18	0.7133
chr1	510664	510665	33	0.8572
chr1	510672	510673	26	0.4953
chr1	510689	510690	28	0.3321
chr1	510739	510740	41	0.4182
chr1	510759	510760	20	0.2452
chr1	510799	510800	26	0.3193
chr1	510849	510850	25	0.2906
chr1	510888	510889	31	0.3147
chr1	510916	510917	32	0.2115
chr1	510947	510948	23	0.3708
chr1	510997	510998	32	0.4966
chr1	511034	511035	31	0.2646
chr1	511049	511050	28	0.2207
chr1	511099	511100	31	0.4206
chr1	511139	511140	30	0.2451
chr1	511177	511178	27	0.352
chr1	511206	511207	25	0.2195
chr1	511246	511247	27	0.4184
chr1	511315	511316	24	0.4038
chr1	511415	511416	28	0.2703
chr1	511515	511516	37	0.451
chr1	511615	511616	27	0.2871
chr1	511715	511716	24	0.2689
chr1	511765	511766	28	0.1958
chr1	512047	512048	29	0.0687
chr1	512125	512126	32	0.066
chr1	512169	512170	35	0.0857
chr1	512195	512196	23	0.1482
chr1	512227	512228	28	0.0
chr1	512246	512247	41	0.8201
chr1	512288	512289	21	0.7033
chr1	512316	512317	31	0.7456
chr1	512349	512350	28	0.6526
chr1	512367	512368	42	0.6985
chr1	512409	512410	32	0.8522
chr1	512439	512440	25	0.7347
chr1	512475	512476	28	0.6669
chr1	512499	512500	31	0.5827
chr1	512528	512529	27	0.7647
chr1	512545	512546	31	0.6151
chr1	512574	512575	31	0.7301
chr1	512589	512590	30	0.9034
chr1	512639	512640	34	0.7664
chr1	512655	512656	37	0.7111
chr1	512755	512756	32	0.8172
chr1	512811	512812	24	0.7469
chr1	512893	512894	41	0.7065
chr1	512943	512944	20	0.7403
chr1	512993	512994	35	0.7009
chr1	513089	513090	24	0.762
chr1	513104	513105	21	0.6625
chr1	513136	513137	30	0.7179
chr1	513186	513187	32	0.7857
chr1	513205	513206	26	0.6559
chr1	513232	513233	21	0.7236
chr1	513256	513257	23	0.7468
chr1	513296	513297	33	0.7947
chr1	513313	513314	19	0.5569
chr1	513345	513346	29	0.7548
chr1	513379	513380	33	0.6955
chr1	513419	513420	34	0.6652
chr1	513445	513446	34	0.9205
chr1	513476	513477	31	0.7572
chr1	513510	513511	29	0.6845
chr1	513533	513534	38	0.7752
chr1	513569	513570	30	0.7777
chr1	513619	513620	37	0.6733
chr1	513683	513684	35	0.5699
chr1	513783	513784	36	0.6324
chr1	513883	513884	32	0.616
chr1	513958	513959	28	0.8116
chr1	514034	514035	21	0.8138
chr1	514065	514066	28	0.182
chr1	514115	514116	23	0.0826
chr1	514139	514140	38	0.1197
chr1	514174	514175	40	0.116
chr1	514203	514204	30	0.128
chr1	514218	514219	28	0.1389
chr1	514233	514234	22	0.0854
chr1	514255	514256	23	0.1436
chr1	514305	514306	34	0.0806
chr1	514329	514330	43	0.0393
chr1	514346	514347	32	0.0
chr1	514380	514381	18	0.0
chr1	514430	514431	36	0.112
chr1	514473	514474	37	0.0615
chr1	514515	514516	36	0.0724
chr1	514529	514530	19	0.0376
chr1	514607	514608	30	0.1369
chr1	514657	514658	34	0.1243
chr1	514757	514758	35	0.0675
chr1	514857	514858	28	0.1774
chr1	514907	514908	31	0.0322
chr1	514943	514944	23	0.0
chr1	514973	514974	35	0.2257
chr1	515023	515024	31	0.1645
chr1	515063	515064	21	0.2066
chr1	515082	515083	19	0.3279
chr1	515111	515112	33	0.2482
chr1	515136	515137	35	0.2759
chr1	515151	515152	32	0.2384
chr1	515186	515187	25	0.079
chr1	515203	515204	27	0.191
chr1	515248	515249	29	0.175
chr1	515263	515264	31	0.1488
chr1	515278	515279	36	0.3295
chr1	515295	515296	22	0.208
chr1	515317	515318	25	0.3111
chr1	515332	515333	36	0.361
chr1	515352	515353	22	0.282
chr1	515386	515387	35	0.3173
chr1	515420	515421	35	0.2527
chr1	515461	515462	34	0.2033
chr1	515480	515481	24	0.2073
chr1	515580	515581	30	0.2156
chr1	515655	515656	28	0.4563
chr1	515740	515741	38	0.2321
chr1	515840	515841	26	0.2566
chr1	515940	515941	22	0.1437
chr1	515974	515975	21	0.117
chr1	515988	515989	29	0.4237
chr1	516031	516032	32	0.824
chr1	516047	516048	27	0.8194
chr1	516073	516074	25	0.6709
chr1	516093	516094	28	0.8472
chr1	516108	516109	40	0.6146
chr1	516126	516127	25	0.6934
chr1	516165	516166	33	0.7955
chr1	516196	516197	30	0.6731
chr1	516213	516214	28	0.5848
chr1	516259	516260	32	0.7739
chr1	516292	516293	33	0.7811
chr1	516340	516341	34	0.8249
chr1	516390	516391	33	0.8112
chr1	516419	516420	37	0.7656
chr1	516447	516448	28	0.7307
chr1	516468	516469	25	0.7938
chr1	516484	516485	29	0.7046
chr1	516515	516516	31	0.7221
chr1	516524	516525	30	0.713
chr1	516624	516625	23	0.5437
chr1	516724	516725	26	0.7894
chr1	516824	516825	21	0.7215
chr1	516924	516925	34	0.5952
chr1	516982	516983	29	0.7671
chr1	517046	517047	35	0.7967
chr1	517056	517057	26	0.5182
chr1	517085	517086	29	0.8878
chr1	517104	517105	31	0.762
chr1	517154	517155	22	0.785
chr1	517180	517181	34	0.8759
chr1	517202	517203	33	0.9976
chr1	517226	517227	36	0.8784
chr1	517250	517251	23	0.8104
chr1	517297	517298	23	0.8196
chr1	517334	517335	30	0.8326
chr1	517352	517353	35	0.9147
chr1	517395	517396	23	0.9033
chr1	517445	517446	29	0.6376
chr1	517472	517473	35	0.852
chr1	517510	517511	33	0.8796
chr1	517560	517561	33	0.8756
chr1	517575	517576	27	0.8985
chr1	517588	517589	23	0.8342
chr1	517688	517689	31	0.8745
chr1	517788	517789	29	1.0
chr1	517888	517889	39	0.8242
chr1	517988	517989	36	0.8128
chr1	518076	518077	24	0.9383
chr1	518080	518081	35	0.9411
chr1	518086	518087	23	0.2296
chr1	518133	518134	29	0.1104
chr1	518168	518169	25	0.3293
chr1	518238	518239	34	0.2241
chr1	518258	518259	32	0.1773
chr1	518283	518284	33	0.3255
chr1	518321	518322	29	0.257
chr1	518336	518337	31	0.3118
chr1	518362	518363	36	0.2494
chr1	518377	518378	24	0.3206
chr1	518404	518405	33	0.2843
chr1	518423	518424	31	0.2989
chr1	518471	518472	42	0.1472
chr1	518521	518522	36	0.2569
chr1	518562	518563	29	0.3849
chr1	518589	518590	30	0.3343
chr1	518638	518639	31	0.2263
chr1	518683	518684	35	0.1188
chr1	518733	518734	34	0.2653
chr1	518809	518810	28	0.2231
chr1	518859	518860	29	0.2439
chr1	518959	518960	30	0.2675
chr1	519059	519060	30	0.1828
chr1	519130	519131	24	0.3862
chr1	519230	519231	23	0.2451
chr1	519320	519321	33	0.0
chr1	519352	519353	29	0.0688
chr1	519366	519367	27	0.0
chr1	519386	519387	27	0.1933
chr1	519392	519393	32	0.063
chr1	519494	519495	25	0.0876
chr1	519504	519505	27	0.1907
chr1	519640	519641	28	0.0853
chr1	519708	519709	27	0.0762
chr1	519748	519749	32	0.6218
chr1	519773	519774	33	0.5996
chr1	519816	519817	33	0.5124
chr1	519838	519839	26	0.6053
chr1	519860	519861	26	0.6694
chr1	519910	519911	36	0.7069
chr1	519925	519926	31	0.6359
chr1	519975	519976	28	0.8294
chr1	520025	520026	28	0.6182
chr1	520047	520048	34	0.6863
chr1	520089	520090	34	0.5362
chr1	520117	520118	27	0.7672
chr1	520157	520158	24	0.488
chr1	520197	520198	32	0.6204
chr1	520247	520248	33	0.5454
chr1	520274	520275	31	0.6386
chr1	520327	520328	33	0.5323
chr1	520427	520428	36	0.5165
chr1	520507	520508	26	0.7356
chr1	520607	520608	24	0.6995
chr1	520657	520658	33	0.664
chr1	520730	520731	33	0.6282
chr1	520738	520739	27	0.6353
chr1	520754	520755	30	0.8219
chr1	520763	520764	33	0.5745
chr1	520813	520814	30	0.7376
chr1	520833	520834	23	0.5347
chr1	520861	520862	27	0.6034
chr1	520890	520891	39	0.5035
chr1	520940	520941	26	0.6768
chr1	520970	520971	29	0.6412
chr1	520994	520995	29	0.7209
chr1	521013	521014	32	0.6636
chr1	521045	521046	24	0.6535
chr1	521069	521070	20	0.6213
chr1	521099	521100	22	0.6584
chr1	521149	521150	34	0.597
chr1	521152	521153	34	0.7843
chr1	521205	521206	28	0.6649
chr1	521305	521306	29	0.4371
chr1	521405	521406	28	0.7491
chr1	521505	521506	27	0.8504
chr1	521679	521680	22	0.6615
chr1	521687	521688	32	0.8536
chr1	521737	521738	36	0.7561
chr1	521787	521788	26	0.7771
chr1	521797	521798	24	0.6343
chr1	521871	521872	24	0.7693
chr1	521883	521884	29	0.7852
chr1	521913	521914	28	0.929
chr1	521931	521932	32	0.7913
chr1	521960	521961	26	0.8927
chr1	521988	521989	34	0.7833
chr1	522007	522008	28	0.7633
chr1	522025	522026	29	0.9598
chr1	522055	522056	32	0.8453
chr1	522076	522077	35	0.84
chr1	522114	522115	29	0.876
chr1	522131	522132	40	0.8745
chr1	522146	522147	24	0.7096
chr1	522167	522168	29	0.8838
chr1	522198	522199	37	0.7237
chr1	522229	522230	35	0.7287
chr1	522252	522253	29	0.7089
chr1	522286	522287	27	0.7385
chr1	522328	522329	31	0.8023
chr1	522360	522361	32	0.7382
chr1	522396	522397	38	0.9096
chr1	522420	522421	32	0.9164
chr1	522447	522448	35	0.7479
chr1	522479	522480	35	0.7914
chr1	522494	522495	30	0.9099
chr1	522517	522518	21	0.8747
chr1	522610	522611	27	0.7967
chr1	522703	522704	30	0.8695
chr1	522803	522804	27	0.8714
chr1	522903	522904	29	0.8747
chr1	523003	523004	28	0.9219
chr1	523063	523064	30	0.8908
chr1	523077	523078	28	0.7139
chr1	523149	523150	24	0.9591
chr1	523177	523178	27	0.4517
chr1	523227	523228	38	0.2421
chr1	523260	523261	34	0.2334
chr1	523290	523291	29	0.3334
chr1	523340	523341	32	0.4474
chr1	523383	523384	26	0.3487
chr1	523400	523401	26	0.4364
chr1	523450	523451	27	0.3233
chr1	523489	523490	30	0.3084
chr1	523509	523510	35	0.4234
chr1	523550	523551	35	0.3032
chr1	523568	523569	33	0.5405
chr1	523668	523669	29	0.3609
chr1	523718	523719	29	0.4371
chr1	523818	523819	36	0.5009
chr1	523918	523919	16	0.1885
chr1	524004	524005	28	0.4208
chr1	524010	524011	30	0.1372
chr1	524020	524021	33	0.5028
chr1	524037	524038	29	0.4609
chr1	524052	524053	16	0.5334
chr1	524082	524083	30	0.6109
chr1	524115	524116	32	0.3973
chr1	524165	524166	29	0.389
chr1	524210	524211	28	0.5834
chr1	524245	524246	30	0.5208
chr1	524263	524264	37	0.5634
chr1	524278	524279	25	0.5721
chr1	524328	524329	34	0.6224
chr1	524349	524350	27	0.4381
chr1	524378	524379	22	0.6406
chr1	524428	524429	36	0.4261
chr1	524451	524452	38	0.5491
chr1	524478	524479	22	0.5525
chr1	524493	524494	30	0.5399
chr1	524526	524527	33	0.4299
chr1	524553	524554	26	0.5423
chr1	524572	524573	34	0.4962
chr1	524622	524623	34	0.5057
chr1	524714	524715	17	0.3413
chr1	524775	524776	30	0.5081
chr1	524835	524836	29	0.6143
chr1	524890	524891	26	0.443
chr1	524985	524986	32	0.4554
chr1	525044	525045	29	0.4709
chr1	525152	525153	32	0.9251
chr1	525230	525231	33	0.8511
chr1	525238	525239	27	0.6478
chr1	525306	525307	26	0.8526
chr1	525310	525311	22	0.8108
chr1	525330	525331	22	0.4301
chr1	525472	525473	31	0.6728
chr1	525491	525492	25	0.8875
chr1	525513	525514	26	0.6056
chr1	525528	525529	33	0.7182
chr1	525543	525544	37	0.6199
chr1	525568	525569	35	0.759
chr1	525601	525602	29	0.6106
chr1	525630	525631	25	0.6494
chr1	525680	525681	38	0.8682
chr1	525709	525710	37	0.6978
chr1	525727	525728	35	0.7654
chr1	525777	525778	37	0.6025
chr1	525804	525805	32	0.6488
chr1	525842	525843	34	0.8155
chr1	525882	525883	30	0.5677
chr1	525917	525918	24	0.6303
chr1	525944	525945	36	0.7974
chr1	525960	525961	29	0.6421
chr1	525990	525991	23	0.7027
chr1	526007	526008	22	0.8187
chr1	526062	526063	26	0.9736
chr1	526112	526113	34	0.7889
chr1	526212	526213	31	0.8306
chr1	526300	526301	30	0.6998
chr1	526392	526393	28	0.661
chr1	526442	526443	29	0.6042
chr1	526492	526493	28	0.707
chr1	526544	526545	25	0.55
chr1	526588	526589	34	0.96
chr1	526612	526613	23	0.6436
chr1	526641	526642	39	0.8015
chr1	526683	526684	33	0.7814
chr1	526708	526709	36	0.8632
chr1	526724	526725	34	0.703
chr1	526774	526775	26	0.8155
chr1	526803	526804	32	0.718
chr1	526824	526825	37	0.6829
chr1	526848	526849	27	0.7829
chr1	526896	526897	31	0.6938
chr1	526932	526933	28	0.8691
chr1	526982	526983	30	0.8586
chr1	527013	527014	35	0.8178
chr1	527050	527051	28	0.7525
chr1	527150	527151	25	0.7415
chr1	527250	527251	27	0.6675
chr1	527323	527324	25	0.6826
chr1	527423	527424	30	0.6561
chr1	527479	527480	21	0.894
chr1	527489	527490	34	0.4737
chr1	527504	527505	44	0.368
chr1	527519	527520	35	0.4614
chr1	527549	527550	34	0.6695
chr1	527568	527569	35	0.4142
chr1	527602	527603	33	0.5035
chr1	527650	527651	34	0.5555
chr1	527670	527671	29	0.5005
chr1	527720	527721	44	0.3154
chr1	527756	527757	22	0.562
chr1	527806	527807	27	0.385
chr1	527850	527851	30	0.5629
chr1	527874	527875	32	0.3965
chr1	527896	527897	20	0.312
chr1	527946	527947	32	0.3472
chr1	527978	527979	25	0.3364
chr1	528010	528011	41	0.4384
chr1	528026	528027	26	0.3964
chr1	528041	528042	23	0.5415
chr1	528043	528044	33	0.3725
chr1	528143	528144	32	0.429
chr1	528243	528244	28	0.6217
chr1	528329	528330	21	0.4121
chr1	528379	528380	23	0.4098
chr1	528479	528480	26	0.5119
chr1	528579	528580	28	0.4442
chr1	528857	528858	30	0.8021
chr1	528933	528934	25	0.818
chr1	528945	528946	32	0.6558
chr1	528951	528952	27	0.5721
chr1	528973	528974	26	0.633
chr1	528983	528984	35	0.3768
chr1	528998	528999	32	0.3298
chr1	529048	529049	37	0.3817
chr1	529098	529099	20	0.4343
chr1	529147	529148	26	0.5191
chr1	529181	529182	25	0.4242
chr1	529212	529213	30	0.4358
chr1	529310	529311	29	0.3994
chr1	529357	529358	25	0.268
chr1	529407	529408	35	0.3898
chr1	529422	529423	34	0.3589
chr1	529426	529427	28	0.4689
chr1	529525	529526	28	0.5302
chr1	529593	529594	24	0.4502
chr1	529693	529694	36	0.2192
chr1	529754	529755	25	0.3671
chr1	529804	529805	24	0.2968
chr1	529854	529855	28	0.4306
chr1	529874	529875	33	0.7527
chr1	529930	529931	19	0.7956
chr1	529954	529955	29	0.63
chr1	530114	530115	29	0.6311
chr1	530134	530135	37	0.6662
chr1	530152	530153	26	0.5841
chr1	530208	530209	32	0.7117
chr1	530274	530275	30	0.4856
chr1	530286	530287	30	0.4784
chr1	530326	530327	25	0.5347
chr1	530364	530365	35	0.6175
chr1	530379	530380	27	0.8961
chr1	530394	530395	35	0.7087
chr1	530426	530427	31	0.6993
chr1	530457	530458	36	0.7499
chr1	530472	530473	26	0.776
chr1	530505	530506	28	0.6264
chr1	530548	530549	31	0.7447
chr1	530566	530567	27	0.9002
chr1	530591	530592	24	0.6409
chr1	530609	530610	28	0.7307
chr1	530649	530650	34	0.8281
chr1	530666	530667	31	0.7655
chr1	530698	530699	24	0.731
chr1	530728	530729	29	0.6379
chr1	530764	530765	35	0.8823
chr1	530814	530815	34	0.7242
chr1	530840	530841	26	0.8086
chr1	530875	530876	28	0.8596
chr1	530975	530976	31	0.7245
chr1	531075	531076	27	0.8081
chr1	531174	531175	30	0.7777
chr1	531224	531225	24	0.6918
chr1	531324	531325	33	0.7451
chr1	531356	531357	29	0.8116
chr1	531396	531397	28	0.7348
chr1	531437	531438	32	0.1103
chr1	531460	531461	30	0.681
chr1	531479	531480	37	0.5708
chr1	531518	531519	27	0.638
chr1	531543	531544	32	0.2129
chr1	531568	531569	26	0.5492
chr1	531597	531598	29	0.1713
chr1	531631	531632	30	0.3059
chr1	531654	531655	28	0.5242
chr1	531686	531687	29	0.1678
chr1	531730	531731	21	0.1145
chr1	531767	531768	25	0.0
chr1	531790	531791	32	0.6137
chr1	531819	531820	22	0.2847
chr1	531837	531838	33	0.738
chr1	531867	531868	39	0.0
chr1	531890	531891	27	0.0
chr1	531924	531925	38	0.5667
chr1	531940	531941	38	0.0758
chr1	531990	531991	22	0.807
chr1	532005	532006	27	0.0
chr1	532007	532008	25	0.4445
chr1	532107	532108	34	0.5468
chr1	532207	532208	23	0.0
chr1	532257	532258	25	0.1043
chr1	532347	532348	29	0.0
chr1	532447	532448	30	0.0816
chr1	532497	532498	27	0.4945
chr1	532513	532514	31	0.0
chr1	532593	532594	29	0.1319
chr1	532604	532605	27	0.3343
chr1	532637	532638	32	0.2759
chr1	532679	532680	31	0.3437
chr1	532702	532703	31	0.2761
chr1	532717	532718	31	0.1974
chr1	532748	532749	24	0.2876
chr1	532779	532780	22	0.23
chr1	532825	532826	33	0.1397
chr1	532875	532876	30	0.2099
chr1	532890	532891	31	0.3337
chr1	532940	532941	29	0.1154
chr1	532964	532965	23	0.0
chr1	532980	532981	35	0.2423
chr1	533012	533013	27	0.2583
chr1	533047	533048	23	0.0605
chr1	533089	533090	31	0.1119
chr1	533122	533123	31	0.2279
chr1	533166	533167	23	0.2725
chr1	533189	533190	30	0.2114
chr1	533288	533289	37	0.1609
chr1	533338	533339	26	0.0962
chr1	533438	533439	23	0.3922
chr1	533538	533539	24	0.1649
chr1	533605	533606	36	0.2319
chr1	533705	533706	25	0.2235
chr1	533711	533712	26	0.2993
chr1	534718	534719	32	0.2526
chr1	534766	534767	26	0.2876
chr1	534816	534817	34	0.2247
chr1	534841	534842	30	0.3285
chr1	534879	534880	32	0.139
chr1	534912	534913	33	0.1143
chr1	534960	534961	26	0.2105
chr1	535010	535011	31	0.2036
chr1	535042	535043	32	0.3425
chr1	535076	535077	22	0.3402
chr1	535092	535093	31	0.3644
chr1	535132	535133	23	0.2952
chr1	535157	535158	41	0.2105
chr1	535199	535200	38	0.3028
chr1	535226	535227	37	0.4305
chr1	535326	535327	27	0.2788
chr1	535426	535427	29	0.2408
chr1	535526	535527	29	0.3883
chr1	535576	535577	29	0.1408
chr1	535652	535653	26	0.2254
chr1	535702	535703	31	0.33
chr1	535796	535797	36	0.2215
chr1	535827	535828	27	0.0776
chr1	535867	535868	30	0.2954
chr1	535891	535892	30	0.1564
chr1	535932	535933	29	0.0678
chr1	535960	535961	30	0.2941
chr1	535975	535976	31	0.1593
chr1	536001	536002	35	0.0942
chr1	536034	536035	31	0.265
chr1	536057	536058	24	0.2119
chr1	536081	536082	31	0.06
chr1	536103	536104	40	0.0996
chr1	536121	536122	40	0.2013
chr1	536138	536139	33	0.2028
chr1	536157	536158	31	0.1335
chr1	536207	536208	26	0.1477
chr1	536257	536258	29	0.1499
chr1	536280	536281	33	0.2582
chr1	536306	536307	25	0.2358
chr1	536323	536324	31	0.2476
chr1	536335	536336	26	0.1225
chr1	536435	536436	25	0.2018
chr1	536535	536536	33	0.2204
chr1	536635	536636	32	0.0995
chr1	536718	536719	38	0.3464
chr1	536818	536819	26	0.0639
chr1	536848	536849	34	0.2107
chr1	536897	536898	38	0.8599
chr1	536926	536927	29	0.8533
chr1	536976	536977	27	0.8369
chr1	537000	537001	25	0.9192
chr1	537029	537030	30	0.7691
chr1	537047	537048	17	0.8012
chr1	537062	537063	24	0.8685
chr1	537092	537093	26	0.6842
chr1	537107	537108	29	0.6889
chr1	537131	537132	28	0.7466
chr1	537178	537179	34	0.8026
chr1	537213	537214	32	0.9565
chr1	537248	537249	33	0.7537
chr1	537266	537267	31	0.6484
chr1	537302	537303	35	0.7504
chr1	537344	537345	29	0.6993
chr1	537364	537365	24	0.5889
chr1	537392	537393	24	0.7287
chr1	537431	537432	30	0.9349
chr1	537490	537491	27	0.8898
chr1	537590	537591	25	0.7969
chr1	537690	537691	31	0.6888
chr1	537790	537791	25	0.8203
chr1	537890	537891	27	0.9271
chr1	537892	537893	24	0.8241
chr1	537913	537914	30	0.8146
chr1	537946	537947	31	0.7371
chr1	537991	537992	37	0.6974
chr1	538033	538034	30	0.6475
chr1	538083	538084	29	0.738
chr1	538112	538113	32	0.6902
chr1	538161	538162	31	0.7339
chr1	538211	538212	31	0.5762
chr1	538226	538227	25	0.6308
chr1	538252	538253	29	0.591
chr1	538302	538303	31	0.5182
chr1	538317	538318	37	0.5514
chr1	538367	538368	30	0.5829
chr1	538382	538383	13	0.8055
chr1	538398	538399	30	0.6427
chr1	538448	538449	26	0.8536
chr1	538548	538549	26	0.7185
chr1	538607	538608	30	0.6981
chr1	538689	538690	30	0.8895
chr1	538789	538790	29	0.7639
chr1	538848	538849	30	0.7265
chr1	538876	538877	29	0.7411
chr1	538922	538923	22	0.5284
chr1	538930	538931	36	0.4756
chr1	538973	538974	33	0.3451
chr1	539008	539009	31	0.2694
chr1	539051	539052	33	0.1725
chr1	539067	539068	36	0.3863
chr1	539104	539105	28	0.2775
chr1	539127	539128	37	0.1649
chr1	539177	539178	35	0.1607
chr1	539227	539228	28	0.2704
chr1	539262	539263	26	0.2679
chr1	539287	539288	31	0.2725
chr1	539327	539328	22	0.3433
chr1	539350	539351	33	0.2285
chr1	539398	539399	31	0.2928
chr1	539438	539439	31	0.2921
chr1	539522	539523	30	0.209
chr1	539587	539588	24	0.4443
chr1	539687	539688	33	0.3247
chr1	539784	539785	38	0.2127
chr1	539840	539841	25	0.1881
chr1	539929	539930	27	0.4134
chr1	540157	540158	32	0.034
chr1	540169	540170	32	0.0484
chr1	540223	540224	39	0.0197
chr1	540227	540228	32	0.1476
chr1	540285	540286	35	0.1755
chr1	540312	540313	28	0.9393
chr1	540340	540341	34	0.8457
chr1	540388	540389	30	1.0
chr1	540407	540408	25	0.9115
chr1	540457	540458	27	0.8483
chr1	540480	540481	30	1.0
chr1	540498	540499	30	0.8809
chr1	540525	540526	21	0.9453
chr1	540551	540552	39	0.8549
chr1	540601	540602	37	0.8638
chr1	540621	540622	32	0.9577
chr1	540671	540672	23	0.9492
chr1	540686	540687	24	0.8834
chr1	540736	540737	34	0.8529
chr1	540762	540763	28	0.9509
chr1	540862	540863	27	0.9104
chr1	540962	540963	18	0.8705
chr1	541016	541017	33	0.9127
chr1	541066	541067	31	0.8648
chr1	541137	541138	29	0.7308
chr1	541187	541188	27	1.0
chr1	541277	541278	38	1.0
chr1	541299	541300	30	0.7525
chr1	541316	541317	31	0.6913
chr1	541349	541350	33	0.4745
chr1	541399	541400	37	0.481
chr1	541414	541415	25	0.7732
chr1	541464	541465	33	0.4671
chr1	541514	541515	28	0.7024
chr1	541564	541565	28	0.5551
chr1	541588	541589	30	0.6909
chr1	541638	541639	35	0.6693
chr1	541678	541679	32	0.4775
chr1	541728	541729	38	0.7125
chr1	541761	541762	25	0.5819
chr1	541763	541764	34	0.5602
chr1	541863	541864	37	0.7241
chr1	541963	541964	29	0.6958
chr1	542063	542064	28	0.572
chr1	542117	542118	32	0.521
chr1	542217	542218	25	0.6404
chr1	542279	542280	28	0.7468
chr1	542286	542287	30	0.4992
chr1	542301	542302	29	0.5604
chr1	542346	542347	27	0.5725
chr1	542396	542397	35	0.5997
chr1	542440	542441	20	0.6016
chr1	542470	542471	27	0.5263
chr1	542485	542486	19	0.6587
chr1	542531	542532	34	0.537
chr1	542563	542564	34	0.3905
chr1	542589	542590	35	0.5677
chr1	542606	542607	32	0.5898
chr1	542656	542657	34	0.5102
chr1	542706	542707	39	0.6383
chr1	542754	542755	31	0.5478
chr1	542781	542782	26	0.5348
chr1	542809	542810	28	0.6734
chr1	542814	542815	17	0.5774
chr1	542883	542884	21	0.6519
chr1	542943	542944	31	0.5466
chr1	542993	542994	31	0.6049
chr1	543059	543060	26	0.569
chr1	543159	543160	36	0.6279
chr1	543231	543232	35	0.5762
chr1	543329	543330	29	0.3095
chr1	543379	543380	36	0.9536
chr1	543403	543404	27	0.6878
chr1	543443	543444	42	0.705
chr1	543451	543452	34	0.6902
chr1	543535	543536	24	0.9077
chr1	543571	543572	35	0.7606
chr1	543595	543596	31	0.5582
chr1	543625	543626	31	0.6768
chr1	543631	543632	29	0.7084
chr1	543747	543748	27	0.868
chr1	543783	543784	34	0.3449
chr1	543811	543812	34	0.3269
chr1	543861	543862	24	0.3619
chr1	543897	543898	25	0.1847
chr1	543912	543913	31	0.1757
chr1	543944	543945	33	0.2536
chr1	543979	543980	33	0.2303
chr1	543994	543995	31	0.1982
chr1	544012	544013	33	0.3862
chr1	544062	544063	23	0.4646
chr1	544093	544094	23	0.1789
chr1	544113	544114	29	0.2583
chr1	544145	544146	27	0.232
chr1	544161	544162	30	0.222
chr1	544193	544194	35	0.3405
chr1	544235	544236	36	0.188
chr1	544285	544286	32	0.1622
chr1	544303	544304	30	0.2127
chr1	544331	544332	26	0.392
chr1	544333	544334	16	0.3736
chr1	544383	544384	29	0.2565
chr1	544449	544450	31	0.2757
chr1	544509	544510	28	0.3272
chr1	544581	544582	32	0.4438
chr1	544631	544632	27	0.2742
chr1	544731	544732	28	0.3225
chr1	544782	544783	20	0.1739
chr1	544858	544859	37	0.2361
chr1	544880	544881	31	0.2458
chr1	544958	544959	29	0.3528
chr1	545006	545007	39	0.7352
chr1	545056	545057	36	0.4533
chr1	545078	545079	25	0.6186
chr1	545101	545102	29	0.5797
chr1	545151	545152	20	0.6508
chr1	545186	545187	33	0.6597
chr1	545236	545237	30	0.5385
chr1	545264	545265	30	0.8646
chr1	545314	545315	26	0.6189
chr1	545364	545365	38	0.4859
chr1	545408	545409	25	0.5587
chr1	545457	545458	32	0.6174
chr1	545479	545480	36	0.7023
chr1	545525	545526	21	0.6071
chr1	545569	545570	34	0.5654
chr1	545581	545582	34	0.548
chr1	545631	545632	25	0.692
chr1	545705	545706	31	0.4158
chr1	545805	545806	19	0.6064
chr1	545905	545906	29	0.5961
chr1	546003	546004	37	0.5818
chr1	546103	546104	27	0.643
chr1	546131	546132	31	0.5032
chr1	546163	546164	33	0.5864
chr1	546170	546171	31	0.2426
chr1	546187	546188	28	0.3568
chr1	546221	546222	24	0.3689
chr1	546237	546238	27	0.3871
chr1	546264	546265	33	0.4415
chr1	546282	546283	29	0.3891
chr1	546323	546324	35	0.3008
chr1	546373	546374	21	0.2811
chr1	546407	546408	27	0.4098
chr1	546428	546429	35	0.3766
chr1	546478	546479	24	0.3766
chr1	546493	546494	24	0.2478
chr1	546543	546544	30	0.4659
chr1	546564	546565	26	0.3848
chr1	546592	546593	23	0.5151
chr1	546609	546610	25	0.5108
chr1	546659	546660	29	0.3055
chr1	546688	546689	29	0.3975
chr1	546690	546691	33	0.4712
chr1	546790	546791	32	0.4247
chr1	546890	546891	19	0.3456
chr1	546990	546991	29	0.5366
chr1	547090	547091	30	0.5946
chr1	547156	547157	29	0.3445
chr1	547209	547210	32	0.4279
chr1	547259	547260	38	0.7451
chr1	547277	547278	32	0.5998
chr1	547355	547356	29	0.6546
chr1	547367	547368	33	0.5692
chr1	547569	547570	31	0.735
chr1	547594	547595	29	0.228
chr1	547644	547645	38	0.3783
chr1	547666	547667	34	0.2655
chr1	547716	547717	36	0.1628
chr1	547763	547764	32	0.1705
chr1	547813	547814	33	0.0408
chr1	547856	547857	41	0.2486
chr1	547871	547872	33	0.1987
chr1	547894	547895	31	0.2083
chr1	547922	547923	28	0.2866
chr1	547954	547955	27	0.3518
chr1	548004	548005	29	0.3235
chr1	548044	548045	33	0.1698
chr1	548094	548095	36	0.3266
chr1	548118	548119	27	0.2135
chr1	548144	548145	32	0.3063
chr1	548207	548208	34	0.3327
chr1	548307	548308	28	0.2586
chr1	548383	548384	31	0.3288
chr1	548433	548434	30	0.3031
chr1	548533	548534	19	0.1366
chr1	548633	548634	26	0.2169
chr1	548683	548684	27	0.1714
chr1	548759	548760	32	0.1755
chr1	548785	548786	31	0.6576
chr1	548831	548832	28	0.7432
chr1	548860	548861	36	0.6788
chr1	548907	548908	27	0.4872
chr1	548946	548947	32	0.8067
chr1	548990	548991	28	0.7761
chr1	549029	549030	26	0.7239
chr1	549060	549061	35	0.8515
chr1	549084	549085	33	0.8292
chr1	549110	549111	26	0.5774
chr1	549155	549156	29	0.7047
chr1	549180	549181	32	0.7402
chr1	549230	549231	23	0.7582
chr1	549255	549256	35	0.7338
chr1	549270	549271	26	0.5818
chr1	549370	549371	26	0.5676
chr1	549448	549449	40	0.5684
chr1	549548	549549	28	0.7834
chr1	549648	549649	32	0.6511
chr1	549700	549701	33	0.6801
chr1	549706	549707	31	0.7575
chr1	549708	549709	31	0.782
chr1	549719	549720	24	0.2346
chr1	549734	549735	24	0.2569
chr1	549751	549752	25	0.1846
chr1	549766	549767	29	0.277
chr1	549794	549795	34	0.3324
chr1	549822	549823	32	0.2351
chr1	549864	549865	31	0.233
chr1	549879	549880	20	0.2062
chr1	549910	549911	29	0.3734
chr1	549925	549926	17	0.2058
chr1	549940	549941	28	0.4
chr1	549974	549975	40	0.2908
chr1	550015	550016	34	0.0998
chr1	550043	550044	30	0.3324
chr1	550063	550064	42	0.1837
chr1	550080	550081	27	0.2844
chr1	550130	550131	35	0.266
chr1	550146	550147	45	0.1748
chr1	550246	550247	24	0.176
chr1	550319	550320	28	0.3017
chr1	550419	550420	15	0.1531
chr1	550516	550517	20	0.3595
chr1	550566	550567	30	0.16
chr1	550570	550571	33	0.3662
chr1	550644	550645	28	0.1773
chr1	550683	550684	33	0.5409
chr1	550707	550708	27	0.5787
chr1	550749	550750	32	0.4725
chr1	550782	550783	35	0.4278
chr1	550815	550816	26	0.594
chr1	550853	550854	27	0.6297
chr1	550903	550904	26	0.5499
chr1	550923	550924	37	0.5034
chr1	550960	550961	33	0.5673
chr1	550975	550976	19	0.5742
chr1	551008	551009	25	0.6836
chr1	551023	551024	33	0.6108
chr1	551058	551059	29	0.6176
chr1	551103	551104	24	0.5637
chr1	551121	551122	27	0.6867
chr1	551159	551160	30	0.5253
chr1	551179	551180	27	0.603
chr1	551279	551280	31	0.5655
chr1	551379	551380	28	0.6694
chr1	551451	551452	42	0.4809
chr1	551551	551552	25	0.6642
chr1	551651	551652	33	0.4167
chr1	551661	551662	31	0.7316
chr1	551675	551676	34	0.7145
chr1	551725	551726	31	0.6255
chr1	551742	551743	26	0.6975
chr1	551766	551767	29	0.7975
chr1	551784	551785	30	0.8349
chr1	551811	551812	23	0.7194
chr1	551836	551837	28	0.7954
chr1	551867	551868	35	0.8005
chr1	551888	551889	32	0.8292
chr1	551917	551918	33	0.7303
chr1	551939	551940	35	0.681
chr1	551954	551955	30	0.6287
chr1	551990	551991	37	0.7273
chr1	552013	552014	27	0.6806
chr1	552032	552033	32	0.6343
chr1	552055	552056	35	0.6
chr1	552081	552082	34	0.6517
chr1	552110	552111	35	0.6656
chr1	552145	552146	27	0.762
chr1	552151	552152	37	0.542
chr1	552226	552227	28	0.8339
chr1	552326	552327	28	0.8579
chr1	552426	552427	33	0.8444
chr1	552502	552503	27	0.7668
chr1	552552	552553	33	0.7011
chr1	552606	552607	39	0.8247
chr1	552638	552639	24	0.5921
chr1	552660	552661	29	0.8986
chr1	552688	552689	27	0.8395
chr1	552722	552723	28	0.7271
chr1	552750	552751	33	0.9021
chr1	552798	552799	27	0.8064
chr1	552830	552831	30	0.7984
chr1	552880	552881	24	0.9243
chr1	552904	552905	29	0.8188
chr1	552940	552941	32	0.9106
chr1	552958	552959	20	0.7773
chr1	552974	552975	29	0.7697
chr1	553003	553004	29	1.0
chr1	553026	553027	22	0.9202
chr1	553056	553057	28	0.7657
chr1	553083	553084	27	0.8017
chr1	553133	553134	32	0.8599
chr1	553158	553159	28	0.8578
chr1	553191	553192	25	0.785
chr1	553194	553195	33	0.8173
chr1	553294	553295	27	0.8681
chr1	553374	553375	35	0.9348
chr1	553424	553425	31	0.8941
chr1	553524	553525	18	0.8654
chr1	553574	553575	41	0.8377
chr1	553674	553675	21	0.7762
chr1	553708	553709	28	0.762
chr1	553754	553755	35	0.9355
chr1	553764	553765	16	0.6749
chr1	553785	553786	37	0.7532
chr1	553800	553801	18	0.7507
chr1	553820	553821	37	0.7295
chr1	553856	553857	35	0.9227
chr1	553906	553907	28	0.8491
chr1	553928	553929	30	0.8297
chr1	553967	553968	30	0.7968
chr1	554017	554018	28	0.7446
chr1	554038	554039	25	0.7709
chr1	554065	554066	32	0.8135
chr1	554085	554086	23	0.6497
chr1	554114	554115	30	0.7165
chr1	554145	554146	37	0.7441
chr1	554171	554172	29	0.7413
chr1	554221	554222	30	0.7313
chr1	554260	554261	25	0.678
chr1	554265	554266	19	0.8259
chr1	554315	554316	27	0.7553
chr1	554415	554416	41	0.6095
chr1	554475	554476	33	0.8388
chr1	554525	554526	24	0.6885
chr1	554625	554626	29	0.6935
chr1	554725	554726	28	0.7871
chr1	554807	554808	28	0.7058
chr1	554849	554850	28	0.9579
chr1	554899	554900	25	0.8684
chr1	554949	554950	19	0.988
chr1	554978	554979	30	0.8668
chr1	554993	554994	30	0.89
chr1	555026	555027	31	0.8822
chr1	555056	555057	24	0.9663
chr1	555077	555078	24	0.9157
chr1	555097	555098	34	0.9758
chr1	555130	555131	25	0.8956
chr1	555180	555181	33	0.9901
chr1	555212	555213	36	0.9093
chr1	555260	555261	27	0.8402
chr1	555360	555361	33	0.8888
chr1	555410	555411	23	0.7494
chr1	555480	555481	29	0.8561
chr1	555530	555531	34	0.8659
chr1	555630	555631	22	0.8579
chr1	555632	555633	33	0.8827
chr1	555706	555707	37	0.9819
chr1	555732	555733	30	0.7286
chr1	555769	555770	26	0.7896
chr1	555788	555789	29	0.7304
chr1	555826	555827	28	0.7777
chr1	555850	555851	30	0.8665
chr1	555900	555901	24	0.7321
chr1	555928	555929	35	0.6653
chr1	555978	555979	29	0.71
chr1	556013	556014	31	0.821
chr1	556043	556044	28	0.8295
chr1	556068	556069	31	0.8924
chr1	556097	556098	28	0.6365
chr1	556126	556127	25	0.7355
chr1	556147	556148	28	0.8245
chr1	556197	556198	34	0.5855
chr1	556247	556248	33	0.855
chr1	556264	556265	29	0.6298
chr1	556314	556315	29	0.766
chr1	556393	556394	34	0.6752
chr1	556482	556483	40	0.7563
chr1	556546	556547	28	0.6356
chr1	556610	556611	28	0.7608
chr1	556710	556711	30	0.6417
chr1	556738	556739	28	0.8913
chr1	556796	556797	21	0.7926
chr1	556806	556807	26	0.4508
chr1	556856	556857	25	0.446
chr1	556872	556873	25	0.4819
chr1	556892	556893	27	0.4354
chr1	556920	556921	30	0.4774
chr1	556960	556961	31	0.5491
chr1	556975	556976	27	0.4177
chr1	557022	557023	31	0.7378
chr1	557059	557060	24	0.6649
chr1	557078	557079	34	0.7007
chr1	557101	557102	23	0.5699
chr1	557138	557139	35	0.3381
chr1	557156	557157	27	0.6786
chr1	557173	557174	34	0.4411
chr1	557213	557214	33	0.5212
chr1	557247	557248	27	0.3546
chr1	557259	557260	34	0.634
chr1	557359	557360	18	0.5432
chr1	557438	557439	32	0.4967
chr1	557538	557539	25	0.4542
chr1	557638	557639	30	0.4835
chr1	557664	557665	22	0.7615
chr1	557704	557705	32	0.5983
chr1	557708	557709	37	0.6753
chr1	557754	557755	35	0.7522
chr1	557774	557775	27	0.8019
chr1	557796	557797	33	0.6934
chr1	558004	558005	26	0.6684
chr1	558082	558083	30	0.5923
chr1	558108	558109	31	0.734
chr1	558131	558132	29	0.7337
chr1	558181	558182	22	0.8466
chr1	558200	558201	25	0.5984
chr1	558250	558251	19	0.6978
chr1	558299	558300	30	0.6562
chr1	558340	558341	28	0.5866
chr1	558370	558371	30	0.6107
chr1	558391	558392	23	0.6265
chr1	558414	558415	28	0.868
chr1	558431	558432	27	0.7249
chr1	558446	558447	36	0.5945
chr1	558463	558464	27	0.7366
chr1	558513	558514	25	0.7354
chr1	558563	558564	34	0.8132
chr1	558582	558583	33	0.6488
chr1	558632	558633	28	0.7852
chr1	558651	558652	33	0.7967
chr1	558668	558669	28	0.704
chr1	558768	558769	32	0.8636
chr1	558819	558820	31	0.7289
chr1	558919	558920	22	0.5869
chr1	558976	558977	38	0.5802
chr1	559062	559063	32	0.7099
chr1	559128	559129	22	0.8885
chr1	559136	559137	17	0.6955
chr1	559159	559160	27	0.519
chr1	559200	559201	19	0.3995
chr1	559219	559220	26	0.2814
chr1	559259	559260	25	0.202
chr1	559292	559293	37	0.1922
chr1	559331	559332	33	0.3143
chr1	559346	559347	38	0.3974
chr1	559369	559370	33	0.3311
chr1	559418	559419	27	0.4888
chr1	559456	559457	26	0.4525
chr1	559477	559478	35	0.427
chr1	559504	559505	26	0.3416
chr1	559527	559528	31	0.2801
chr1	559550	559551	29	0.3679
chr1	559574	559575	29	0.3221
chr1	559610	559611	24	0.2616
chr1	559630	559631	39	0.467
chr1	559667	559668	27	0.2363
chr1	559704	559705	30	0.3923
chr1	559804	559805	34	0.3512
chr1	559854	559855	21	0.423
chr1	559954	559955	24	0.3655
chr1	560054	560055	28	0.3541
chr1	560154	560155	38	0.4564
chr1	560162	560163	31	0.2636
chr1	560242	560243	23	0.359
chr1	560251	560252	33	0.6707
chr1	560292	560293	31	0.6192
chr1	560310	560311	27	0.7109
chr1	560333	560334	38	0.5511
chr1	560369	560370	36	0.4774
chr1	560388	560389	30	0.708
chr1	560438	560439	30	0.5744
chr1	560476	560477	34	0.5143
chr1	560512	560513	34	0.6602
chr1	560562	560563	32	0.5062
chr1	560607	560608	23	0.7179
chr1	560633	560634	28	0.6694
chr1	560678	560679	39	0.5844
chr1	560717	560718	31	0.6346
chr1	560767	560768	28	0.6571
chr1	560784	560785	33	0.7367
chr1	560868	560869	29	0.7678
chr1	560918	560919	35	0.5318
chr1	560986	560987	34	0.6193
chr1	561036	561037	31	0.6306
chr1	561136	561137	33	0.554
chr1	561212	561213	28	0.6535
chr1	561312	561313	25	0.8537
chr1	561340	561341	27	0.9736
chr1	561370	561371	26	0.8332
chr1	561392	561393	29	0.9552
chr1	561534	561535	27	0.7901
chr1	561578	561579	37	0.8246
chr1	561586	561587	27	0.8129
chr1	561616	561617	33	0.7643
chr1	561712	561713	27	0.9059
chr1	561768	561769	38	0.8302
chr1	561792	561793	24	0.0862
chr1	561842	561843	33	0.2466
chr1	561859	561860	26	0.1873
chr1	561888	561889	33	0.1083
chr1	561903	561904	40	0.1495
chr1	561944	561945	28	0.2146
chr1	561961	561962	31	0.2443
chr1	561980	561981	36	0.0369
chr1	562015	562016	32	0.3421
chr1	562045	562046	32	0.2663
chr1	562076	562077	30	0.1456
chr1	562099	562100	30	0.024
chr1	562114	562115	27	0.1821
chr1	562148	562149	37	0.0466
chr1	562188	562189	32	0.2268
chr1	562212	562213	28	0.0928
chr1	562234	562235	30	0.0827
chr1	562284	562285	27	0.0842
chr1	562303	562304	32	0.1284
chr1	562318	562319	33	0.0065
chr1	562337	562338	28	0.1816
chr1	562343	562344	18	0.2343
chr1	562443	562444	41	0.0817
chr1	562493	562494	21	0.1365
chr1	562593	562594	25	0.2366
chr1	562693	562694	20	0.0642
chr1	562746	562747	33	0.1988
chr1	562846	562847	32	0.2195
chr1	562900	562901	24	0.0027
chr1	562909	562910	34	0.5635
chr1	562940	562941	22	0.582
chr1	562971	562972	32	0.6547
chr1	563005	563006	22	0.6142
chr1	563024	563025	30	0.5112
chr1	563074	563075	31	0.5986
chr1	563092	563093	21	0.713
chr1	563142	563143	36	0.5802
chr1	563191	563192	34	0.4905
chr1	563214	563215	22	0.5512
chr1	563236	563237	28	0.6104
chr1	563274	563275	36	0.6957
chr1	563319	563320	25	0.4392
chr1	563349	563350	34	0.6698
chr1	563449	563450	27	0.6804
chr1	563549	563550	30	0.4524
chr1	563649	563650	36	0.6717
chr1	563749	563750	41	0.7138
chr1	563825	563826	28	0.9086
chr1	563829	563830	40	0.9134
chr1	563913	563914	27	1.0
chr1	563953	563954	28	0.6385
chr1	564087	564088	24	0.8536
chr1	564167	564168	31	0.9817
chr1	564195	564196	17	0.8985
chr1	564221	564222	24	0.8858
chr1	564227	564228	24	0.8755
chr1	564263	564264	33	0.6764
chr1	564281	564282	38	0.8405
chr1	564309	564310	21	0.8935
chr1	564350	564351	30	0.7536
chr1	564382	564383	27	0.5874
chr1	564418	564419	31	0.7879
chr1	564444	564445	35	0.6589
chr1	564470	564471	22	0.881
chr1	564490	564491	27	0.7039
chr1	564507	564508	33	0.6197
chr1	564527	564528	28	0.5985
chr1	564575	564576	27	0.7721
chr1	564608	564609	27	0.6136
chr1	564623	564624	34	0.554
chr1	564673	564674	29	0.6769
chr1	564688	564689	29	0.6318
chr1	564788	564789	33	0.73
chr1	564881	564882	29	0.8862
chr1	564981	564982	18	0.7711
chr1	565068	565069	29	0.8782
chr1	565104	565105	29	0.7445
chr1	565145	565146	38	0.7958
chr1	565163	565164	32	0.7869
chr1	565194	565195	35	0.7221
chr1	565221	565222	18	0.8335
chr1	565237	565238	32	0.8515
chr1	565282	565283	24	0.7327
chr1	565301	565302	32	0.776
chr1	565351	565352	29	0.8634
chr1	565395	565396	25	0.8552
chr1	565424	565425	26	0.7929
chr1	565466	565467	25	0.7539
chr1	565513	565514	29	0.7046
chr1	565549	565550	23	0.7647
chr1	565599	565600	27	0.7297
chr1	565614	565615	29	0.6125
chr1	565629	565630	32	0.7131
chr1	565658	565659	28	0.7379
chr1	565681	565682	29	0.7033
chr1	565698	565699	23	0.7922
chr1	565752	565753	32	0.8233
chr1	565852	565853	29	0.7508
chr1	565952	565953	40	0.8604
chr1	566052	566053	32	0.8483
chr1	566107	566108	30	0.8109
chr1	566203	566204	25	0.8183
chr1	566261	566262	25	0.8497
chr1	566281	566282	32	0.7532
chr1	566305	566306	30	0.849
chr1	566355	566356	24	0.7932
chr1	566384	566385	28	0.8756
chr1	566406	566407	34	0.8357
chr1	566440	566441	27	0.815
chr1	566481	566482	29	0.8878
chr1	566508	566509	23	0.8307
chr1	566537	566538	30	0.8455
chr1	566552	566553	33	0.7473
chr1	566587	566588	20	0.846
chr1	566637	566638	33	0.8481
chr1	566663	566664	24	0.7795
chr1	566678	566679	29	0.8345
chr1	566708	566709	30	0.7467
chr1	566718	566719	27	0.7042
chr1	566768	566769	24	0.9298
chr1	566868	566869	51	0.9793
chr1	566957	566958	31	0.8704
chr1	567057	567058	27	0.7293
chr1	567120	567121	24	0.8933
chr1	567190	567191	27	0.8787
chr1	567218	567219	29	0.9011
chr1	567254	567255	27	0.5747
chr1	567276	567277	24	0.6375
chr1	567295	567296	33	0.5577
chr1	567313	567314	29	0.491
chr1	567335	567336	29	0.5124
chr1	567350	567351	28	0.4616
chr1	567395	567396	24	0.5268
chr1	567433	567434	24	0.546
chr1	567448	567449	28	0.5689
chr1	567475	567476	22	0.5512
chr1	567496	567497	35	0.6071
chr1	567537	567538	31	0.4161
chr1	567587	567588	36	0.6375
chr1	567637	567638	15	0.6932
chr1	567656	567657	30	0.6362
chr1	567705	567706	22	0.5801
chr1	567733	567734	31	0.5459
chr1	567751	567752	29	0.6923
chr1	567851	567852	35	0.588
chr1	567901	567902	32	0.5868
chr1	568001	568002	25	0.5158
chr1	568101	568102	28	0.437
chr1	568152	568153	30	0.5534
chr1	568184	568185	32	0.5673
chr1	568214	568215	31	0.4074
chr1	568224	568225	31	0.6871
chr1	568274	568275	20	0.4927
chr1	568303	568304	33	0.6986
chr1	568339	568340	32	0.5028
chr1	568354	568355	31	0.5058
chr1	568391	568392	34	0.4125
chr1	568441	568442	39	0.3585
chr1	568474	568475	31	0.2861
chr1	568502	568503	33	0.5138
chr1	568544	568545	37	0.4827
chr1	568573	568574	33	0.5309
chr1	568623	568624	24	0.5382
chr1	568642	568643	28	0.5931
chr1	568661	568662	28	0.6124
chr1	568692	568693	29	0.4834
chr1	568735	568736	29	0.4829
chr1	568760	568761	27	0.5505
chr1	568776	568777	34	0.4836
chr1	568798	568799	35	0.3358
chr1	568865	568866	36	0.3593
chr1	568965	568966	29	0.3735
chr1	569065	569066	28	0.654
chr1	569165	569166	25	0.5358
chr1	569247	569248	33	0.503
chr1	569337	569338	25	0.5223
chr1	569429	569430	31	0.2136
chr1	569439	569440	30	0.0556
chr1	569499	569500	38	0.4344
chr1	569501	569502	22	0.2601
chr1	569587	569588	27	0.4251
chr1	569725	569726	32	0.1906
chr1	569727	569728	30	0.351
chr1	569751	569752	29	0.2304
chr1	569760	569761	29	0.3298
chr1	569808	569809	37	0.4165
chr1	569847	569848	28	0.602
chr1	569891	569892	28	0.4723
chr1	569908	569909	32	0.5874
chr1	569953	569954	27	0.4501
chr1	569978	569979	22	0.2427
chr1	569993	569994	23	0.5503
chr1	570021	570022	30	0.4043
chr1	570071	570072	23	0.4079
chr1	570121	570122	29	0.2577
chr1	570137	570138	32	0.3656
chr1	570187	570188	35	0.4442
chr1	570211	570212	37	0.413
chr1	570261	570262	33	0.4286
chr1	570269	570270	29	0.4022
chr1	570369	570370	29	0.4671
chr1	570467	570468	27	0.5356
chr1	570541	570542	31	0.3976
chr1	570641	570642	31	0.5203
chr1	570741	570742	29	0.4987
chr1	570763	570764	30	0.9369
chr1	570785	570786	23	0.9123
chr1	571015	571016	28	0.7198
chr1	571035	571036	34	0.6966
chr1	571107	571108	31	0.7691
chr1	571177	571178	24	0.5015
chr1	571189	571190	30	0.788
chr1	571199	571200	26	0.4209
chr1	571249	571250	40	0.4943
chr1	571271	571272	22	0.5206
chr1	571293	571294	34	0.4854
chr1	571319	571320	31	0.4832
chr1	571351	571352	44	0.4135
chr1	571382	571383	30	0.4216
chr1	571397	571398	30	0.4102
chr1	571426	571427	27	0.423
chr1	571473	571474	32	0.3737
chr1	571502	571503	30	0.4153
chr1	571525	571526	23	0.3223
chr1	571540	571541	30	0.4401
chr1	571567	571568	29	0.4429
chr1	571617	571618	31	0.5321
chr1	571638	571639	34	0.4242
chr1	571684	571685	29	0.3396
chr1	571699	571700	26	0.5308
chr1	571728	571729	36	0.4837
chr1	571747	571748	28	0.4915
chr1	571847	571848	34	0.2734
chr1	571914	571915	24	0.445
chr1	571964	571965	35	0.3689
chr1	572064	572065	29	0.2899
chr1	572164	572165	27	0.292
chr1	572238	572239	29	0.3183
chr1	572272	572273	22	0.767
chr1	572278	572279	35	0.774
chr1	572326	572327	29	0.7233
chr1	572436	572437	29	0.7372
chr1	572442	572443	29	0.6524
chr1	572462	572463	30	0.7406
chr1	572500	572501	29	0.5386
chr1	572542	572543	22	0.6332
chr1	572728	572729	17	0.8023
chr1	572750	572751	36	0.5952
chr1	572800	572801	29	0.4537
chr1	572837	572838	38	0.6227
chr1	572887	572888	29	0.7129
chr1	572925	572926	33	0.6526
chr1	572960	572961	34	0.523
chr1	573007	573008	24	0.4803
chr1	573039	573040	36	0.6403
chr1	573077	573078	29	0.4509
chr1	573098	573099	24	0.6805
chr1	573120	573121	21	0.6936
chr1	573147	573148	35	0.5706
chr1	573197	573198	36	0.4965
chr1	573229	573230	29	0.6648
chr1	573233	573234	27	0.6424
chr1	573306	573307	28	0.5702
chr1	573373	573374	27	0.6113
chr1	573438	573439	31	0.5534
chr1	573538	573539	25	0.5633
chr1	573588	573589	28	0.5695
chr1	573688	573689	20	0.604
chr1	573744	573745	31	0.4709
chr1	573750	573751	26	0.6676
chr1	573800	573801	27	0.4805
chr1	573815	573816	34	0.6574
chr1	573851	573852	31	0.6463
chr1	573871	573872	26	0.7697
chr1	573921	573922	24	0.4429
chr1	573959	573960	36	0.4835
chr1	573988	573989	25	0.379
chr1	574014	574015	31	0.5499
chr1	574064	574065	36	0.5942
chr1	574107	574108	38	0.5631
chr1	574134	574135	41	0.6433
chr1	574151	574152	27	0.4424
chr1	574199	574200	35	0.4698
chr1	574214	574215	23	0.7078
chr1	574235	574236	28	0.5655
chr1	574335	574336	32	0.6645
chr1	574435	574436	30	0.64
chr1	574535	574536	31	0.4898
chr1	574625	574626	37	0.5908
chr1	574639	574640	31	0.7267
chr1	574645	574646	26	0.903
chr1	574655	574656	34	0.775
chr1	574831	574832	43	0.7091
chr1	574833	574834	40	0.5671
chr1	574839	574840	39	1.0
chr1	574943	574944	37	0.7586
chr1	574949	574950	31	0.4585
chr1	574968	574969	24	0.52
chr1	575009	575010	40	0.5045
chr1	575035	575036	27	0.5374
chr1	575060	575061	32	0.6327
chr1	575082	575083	28	0.5026
chr1	575132	575133	30	0.6824
chr1	575155	575156	24	0.5832
chr1	575170	575171	24	0.5567
chr1	575220	575221	28	0.5957
chr1	575235	575236	32	0.4932
chr1	575261	575262	30	0.7905
chr1	575284	575285	36	0.4748
chr1	575301	575302	25	0.5722
chr1	575327	575328	23	0.5939
chr1	575354	575355	29	0.4971
chr1	575382	575383	27	0.5521
chr1	575429	575430	33	0.7226
chr1	575454	575455	20	0.5138
chr1	575472	575473	28	0.7588
chr1	575572	575573	29	0.5477
chr1	575671	575672	22	0.4705
chr1	575771	575772	34	0.5405
chr1	575871	575872	28	0.4064
chr1	575971	575972	22	0.4445
chr1	576081	576082	36	0.8812
chr1	576089	576090	27	0.7611
chr1	576209	576210	23	0.9107
chr1	576249	576250	25	0.8528
chr1	576319	576320	37	0.7457
chr1	576421	576422	18	0.9092
chr1	576427	576428	23	0.7989
chr1	576429	576430	27	0.8697
chr1	576433	576434	28	0.8353
chr1	576440	576441	31	0.3205
chr1	576473	576474	37	0.4082
chr1	576523	576524	31	0.461
chr1	576538	576539	28	0.3396
chr1	576553	576554	28	0.4671
chr1	576570	576571	29	0.3549
chr1	576587	576588	28	0.4445
chr1	576626	576627	27	0.3161
chr1	576648	576649	27	0.3637
chr1	576687	576688	26	0.4827
chr1	576729	576730	23	0.4634
chr1	576758	576759	30	0.5353
chr1	576803	576804	37	0.3833
chr1	576822	576823	31	0.4022
chr1	576847	576848	19	0.6609
chr1	576897	576898	29	0.3233
chr1	576928	576929	35	0.4189
chr1	576947	576948	31	0.4268
chr1	576955	576956	19	0.3576
chr1	577055	577056	29	0.5545
chr1	577155	577156	30	0.4578
chr1	577250	577251	31	0.4973
chr1	577350	577351	34	0.3036
chr1	577450	577451	30	0.3028
chr1	577462	577463	33	0.0835
chr1	577472	577473	40	0.1012
chr1	577720	577721	27	0.1714
chr1	577722	577723	19	0.3037
chr1	577750	577751	30	0.0218
chr1	577888	577889	34	0.1495
chr1	577923	577924	33	0.7897
chr1	577969	577970	31	0.8078
chr1	577993	577994	29	0.7284
chr1	578010	578011	28	0.6903
chr1	578025	578026	23	0.7261
chr1	578040	578041	31	0.7915
chr1	578080	578081	31	0.8534
chr1	578128	578129	32	0.7573
chr1	578156	578157	28	0.8448
chr1	578182	578183	37	0.7619
chr1	578206	578207	31	0.6605
chr1	578221	578222	30	0.7881
chr1	578254	578255	31	0.7351
chr1	578304	578305	26	0.9164
chr1	578330	578331	28	0.8721
chr1	578375	578376	32	0.7327
chr1	578424	578425	20	0.8042
chr1	578474	578475	42	0.8023
chr1	578493	578494	24	0.5561
chr1	578509	578510	30	0.832
chr1	578521	578522	22	0.7352
chr1	578621	578622	32	0.8398
chr1	578721	578722	26	0.7503
chr1	578821	578822	37	0.71
chr1	578921	578922	35	0.8491
chr1	578995	578996	34	0.8412
chr1	579045	579046	33	0.7546
chr1	579047	579048	32	0.7912
chr1	579057	579058	21	0.8091
chr1	579086	579087	29	0.3413
chr1	579114	579115	32	1.0
chr1	579154	579155	34	0.2621
chr1	579190	579191	25	0.433
chr1	579240	579241	32	0.3811
chr1	579287	579288	29	0.296
chr1	579329	579330	23	0.826
chr1	579379	579380	22	0.8901
chr1	579408	579409	25	0.852
chr1	579449	579450	30	0.3499
chr1	579483	579484	33	0.209
chr1	579506	579507	29	0.9747
chr1	579575	579576	25	0.6077
chr1	579675	579676	32	0.4734
chr1	579755	579756	25	0.105
chr1	579855	579856	29	0.153
chr1	579867	579868	36	1.0
chr1	579877	579878	32	0.8377
chr1	579891	579892	35	0.603
chr1	579941	579942	29	0.6623
chr1	579974	579975	30	0.738
chr1	579995	579996	27	0.8312
chr1	580023	580024	29	0.836
chr1	580038	580039	33	0.9126
chr1	580073	580074	27	0.6824
chr1	580109	580110	20	0.6505
chr1	580159	580160	30	0.6165
chr1	580180	580181	28	0.779
chr1	580230	580231	47	0.7509
chr1	580257	580258	27	0.8441
chr1	580272	580273	34	0.6799
chr1	580309	580310	32	0.7597
chr1	580326	580327	23	0.7424
chr1	580362	580363	32	0.5306
chr1	580369	580370	32	0.5649
chr1	580460	580461	23	0.8579
chr1	580537	580538	35	0.6317
chr1	580637	580638	23	0.7539
chr1	580737	580738	19	0.6805
chr1	580837	580838	24	0.8086
chr1	580919	580920	36	0.6436
chr1	580937	580938	27	0.7574
chr1	580959	580960	30	0.7467
chr1	580992	580993	32	0.7981
chr1	581037	581038	30	0.7345
chr1	581058	581059	36	0.7439
chr1	581078	581079	23	0.913
chr1	581109	581110	24	0.6924
chr1	581149	581150	17	0.8413
chr1	581194	581195	31	0.5731
chr1	581220	581221	32	0.813
chr1	581270	581271	38	0.818
chr1	581320	581321	22	0.8212
chr1	581370	581371	25	0.7964
chr1	581401	581402	25	0.764
chr1	581431	581432	25	0.847
chr1	581452	581453	27	0.6895
chr1	581552	581553	24	0.7299
chr1	581615	581616	37	0.7727
chr1	581715	581716	26	0.6977
chr1	581815	581816	27	0.7435
chr1	581869	581870	34	0.7281
chr1	581895	581896	36	0.869
chr1	581932	581933	31	0.0832
chr1	581973	581974	28	0.07
chr1	581988	581989	30	0.0647
chr1	582027	582028	23	0.1664
chr1	582057	582058	34	0.2138
chr1	582091	582092	37	0.1438
chr1	582132	582133	28	0.226
chr1	582174	582175	27	0.0238
chr1	582194	582195	35	0.0375
chr1	582235	582236	21	0.2309
chr1	582252	582253	25	0.0468
chr1	582298	582299	35	0.2114
chr1	582313	582314	29	0.2693
chr1	582354	582355	22	0.1194
chr1	582387	582388	33	0.0625
chr1	582422	582423	28	0.0743
chr1	582455	582456	33	0.2595
chr1	582476	582477	26	0.3064
chr1	582537	582538	40	0.1811
chr1	582637	582638	42	0.0901
chr1	582737	582738	38	0.2379
chr1	582833	582834	34	0.0608
chr1	582883	582884	35	0.1633
chr1	582983	582984	33	0.0812
chr1	582985	582986	34	0.2062
chr1	583059	583060	29	0.0892
chr1	583070	583071	29	0.1041
chr1	583119	583120	16	0.0925
chr1	583149	583150	27	0.2153
chr1	583189	583190	26	0.0129
chr1	583239	583240	25	0.0136
chr1	583282	583283	32	0.1842
chr1	583316	583317	30	0.0
chr1	583337	583338	27	0.158
chr1	583379	583380	35	0.034
chr1	583414	583415	26	0.0674
chr1	583438	583439	25	0.1059
chr1	583455	583456	18	0.1179
chr1	583494	583495	26	0.1079
chr1	583509	583510	31	0.0542
chr1	583534	583535	26	0.1212
chr1	583555	583556	28	0.0396
chr1	583605	583606	29	0.0172
chr1	583705	583706	20	0.124
chr1	583805	583806	31	0.1572
chr1	583905	583906	29	0.1886
chr1	584005	584006	26	0.1353
chr1	584059	584060	22	0.0
chr1	584067	584068	23	0.4627
chr1	584098	584099	29	0.5785
chr1	584148	584149	24	0.4828
chr1	584198	584199	21	0.5385
chr1	584229	584230	25	0.4663
chr1	584257	584258	22	0.5882
chr1	584303	584304	21	0.397
chr1	584341	584342	31	0.4154
chr1	584372	584373	22	0.6755
chr1	584410	584411	28	0.398
chr1	584460	584461	30	0.4828
chr1	584475	584476	26	0.4704
chr1	584504	584505	37	0.4184
chr1	584540	584541	41	0.5879
chr1	584566	584567	39	0.4855
chr1	584604	584605	34	0.5506
chr1	584693	584694	26	0.5636
chr1	584768	584769	28	0.2819
chr1	584868	584869	29	0.6072
chr1	584968	584969	39	0.4333
chr1	585018	585019	32	0.5415
chr1	585094	585095	31	0.6009
chr1	585200	585201	26	0.9392
chr1	585246	585247	21	0.7119
chr1	585276	585277	32	0.7377
chr1	585366	585367	24	0.7468
chr1	585378	585379	30	0.6486
chr1	585402	585403	30	0.7837
chr1	585492	585493	28	0.8691
chr1	585548	585549	30	0.6657
chr1	585558	585559	24	0.8074
chr1	585597	585598	31	0.3441
chr1	585619	585620	24	0.28
chr1	585656	585657	26	0.2315
chr1	585686	585687	25	0.0
chr1	585736	585737	21	0.2803
chr1	585758	585759	28	0.1425
chr1	585808	585809	23	0.1397
chr1	585844	585845	29	0.1534
chr1	585894	585895	38	0.1913
chr1	585931	585932	28	0.2159
chr1	585971	585972	35	0.2916
chr1	586021	586022	36	0.0794
chr1	586050	586051	32	0.2073
chr1	586065	586066	32	0.1659
chr1	586115	586116	23	0.0538
chr1	586211	586212	33	0.1462
chr1	586290	586291	38	0.0
chr1	586390	586391	29	0.176
chr1	586483	586484	35	0.0983
chr1	586533	586534	32	0.0729
chr1	586583	586584	14	0.3373
chr1	586585	586586	23	0.1641
chr1	586619	586620	29	0.2991
chr1	586629	586630	28	0.444
chr1	586672	586673	29	0.3909
chr1	586705	586706	37	0.6829
chr1	586735	586736	32	0.6097
chr1	586753	586754	31	0.7055
chr1	586795	586796	29	0.5509
chr1	586812	586813	31	0.5698
chr1	586837	586838	34	0.6315
chr1	586884	586885	20	0.5334
chr1	586933	586934	33	0.5022
chr1	586974	586975	25	0.5446
chr1	587024	587025	36	0.6122
chr1	587041	587042	23	0.7067
chr1	587063	587064	32	0.6562
chr1	587083	587084	19	0.5853
chr1	587114	587115	28	0.6387
chr1	587143	587144	22	0.5496
chr1	587158	587159	28	0.6021
chr1	587176	587177	29	0.4361
chr1	587191	587192	18	0.5814
chr1	587222	587223	33	0.5598
chr1	587228	587229	29	0.7343
chr1	587279	587280	28	0.6075
chr1	587358	587359	18	0.6265
chr1	587458	587459	27	0.6665
chr1	587558	587559	26	0.668
chr1	587624	587625	35	0.6357
chr1	587705	587706	38	0.84
chr1	587805	587806	33	0.5305
chr1	587819	587820	26	0.9119
chr1	587867	587868	30	0.9393
chr1	587869	587870	30	0.8809
chr1	587905	587906	29	0.8782
chr1	587917	587918	26	0.8376
chr1	587961	587962	31	0.809
chr1	588145	588146	30	1.0
chr1	588163	588164	18	0.7689
chr1	588191	588192	29	0.8925
chr1	588241	588242	28	0.9413
chr1	588278	588279	33	0.7677
chr1	588312	588313	33	0.7067
chr1	588359	588360	32	0.8451
chr1	588409	588410	32	0.7734
chr1	588434	588435	30	0.8189
chr1	588461	588462	26	0.7591
chr1	588502	588503	24	0.8288
chr1	588539	588540	29	0.6546
chr1	588559	588560	28	0.8089
chr1	588603	588604	26	0.8066
chr1	588634	588635	34	0.6986
chr1	588653	588654	25	0.7305
chr1	588676	588677	41	0.8563
chr1	588698	588699	26	0.8633
chr1	588716	588717	28	0.7937
chr1	588739	588740	22	0.791
chr1	588789	588790	38	0.6859
chr1	588808	588809	34	0.8147
chr1	588822	588823	26	0.6351
chr1	588872	588873	30	0.6392
chr1	588972	588973	27	0.8949
chr1	589022	589023	31	0.5465
chr1	589100	589101	28	0.5603
chr1	589150	589151	33	0.6807
chr1	589250	589251	26	0.7525
chr1	589350	589351	32	0.5975
chr1	589388	589389	31	0.8289
chr1	589407	589408	23	0.6159
chr1	589442	589443	29	0.7981
chr1	589492	589493	23	0.8677
chr1	589514	589515	27	0.8636
chr1	589531	589532	32	0.9036
chr1	589581	589582	30	0.7621
chr1	589623	589624	41	0.8969
chr1	589673	589674	25	0.8936
chr1	589688	589689	31	0.7851
chr1	589707	589708	33	0.7548
chr1	589737	589738	26	0.7453
chr1	589752	589753	29	0.7456
chr1	589777	589778	26	0.7466
chr1	589793	589794	31	0.9205
chr1	589828	589829	32	0.7052
chr1	589864	589865	43	0.6376
chr1	589894	589895	27	0.793
chr1	589912	589913	38	0.9004
chr1	589952	589953	39	0.8226
chr1	590052	590053	29	0.7825
chr1	590116	590117	40	0.8616
chr1	590216	590217	24	0.7531
chr1	590316	590317	30	0.84
chr1	590366	590367	29	0.8104
chr1	590443	590444	38	0.8013
chr1	590521	590522	26	0.8855
chr1	590556	590557	36	0.6993
chr1	590589	590590	20	0.839
chr1	590639	590640	31	0.6436
chr1	590668	590669	34	0.8592
chr1	590705	590706	25	0.675
chr1	590755	590756	25	0.8956
chr1	590795	590796	37	0.9567
chr1	590845	590846	33	0.7449
chr1	590870	590871	27	0.6719
chr1	590910	590911	35	0.8643
chr1	590949	590950	32	0.7286
chr1	590999	591000	25	0.8501
chr1	591049	591050	26	0.9159
chr1	591077	591078	23	0.6792
chr1	591099	591100	23	0.8659
chr1	591188	591189	22	0.7395
chr1	591238	591239	31	0.8144
chr1	591338	591339	18	0.7719
chr1	591434	591435	25	0.807
chr1	591503	591504	25	0.7907
chr1	591553	591554	34	0.675
chr1	591559	591560	25	0.8143
chr1	591593	591594	31	0.8066
chr1	591643	591644	31	0.6471
chr1	591693	591694	34	0.6279
chr1	591743	591744	27	0.6032
chr1	591775	591776	28	0.6618
chr1	591790	591791	26	0.4883
chr1	591811	591812	28	0.685
chr1	591861	591862	28	0.6544
chr1	591880	591881	36	0.7775
chr1	591913	591914	34	0.3893
chr1	591963	591964	35	0.5983
chr1	591988	591989	29	0.5357
chr1	592024	592025	33	0.6934
chr1	592050	592051	27	0.6453
chr1	592068	592069	33	0.7501
chr1	592083	592084	24	0.5047
chr1	592105	592106	32	0.4727
chr1	592128	592129	26	0.6064
chr1	592155	592156	24	0.6912
chr1	592255	592256	26	0.6039
chr1	592355	592356	27	0.672
chr1	592455	592456	32	0.5096
chr1	592545	592546	31	0.6157
chr1	592595	592596	30	0.7342
chr1	592695	592696	24	0.8714
chr1	592741	592742	31	0.7336
chr1	592772	592773	35	0.7489
chr1	592801	592802	26	0.648
chr1	592851	592852	42	0.6511
chr1	592882	592883	40	0.8621
chr1	592918	592919	40	0.689
chr1	592934	592935	29	0.907
chr1	592978	592979	28	0.5903
chr1	593025	593026	33	0.8039
chr1	593048	593049	33	0.7339
chr1	593088	593089	43	0.6175
chr1	593112	593113	34	0.7997
chr1	593159	593160	24	0.6024
chr1	593200	593201	32	0.7295
chr1	593216	593217	33	0.8641
chr1	593231	593232	26	0.6964
chr1	593252	593253	35	0.7385
chr1	593263	593264	26	0.8498
chr1	593343	593344	28	0.5953
chr1	593403	593404	28	0.8533
chr1	593503	593504	29	0.8656
chr1	593603	593604	32	0.6374
chr1	593703	593704	32	0.5715
chr1	593769	593770	30	0.8193
chr1	593797	593798	27	0.8026
chr1	593831	593832	32	0.1645
chr1	593846	593847	30	0.2273
chr1	593870	593871	25	0.0458
chr1	593899	593900	32	0.2269
chr1	593925	593926	23	0.1538
chr1	593952	593953	33	0.3383
chr1	593972	593973	21	0.2383
chr1	593991	593992	35	0.3772
chr1	594033	594034	33	0.2563
chr1	594053	594054	19	0.1407
chr1	594073	594074	26	0.1977
chr1	594105	594106	28	0.2217
chr1	594148	594149	27	0.2808
chr1	594198	594199	30	0.1479
chr1	594215	594216	32	0.3862
chr1	594236	594237	31	0.3097
chr1	594283	594284	32	0.2021
chr1	594383	594384	31	0.1937
chr1	594442	594443	34	0.2914
chr1	594515	594516	30	0.1726
chr1	594615	594616	30	0.3494
chr1	594715	594716	28	0.1189
chr1	594721	594722	30	0.0412
chr1	594777	594778	35	0.2108
chr1	594788	594789	30	0.2057
chr1	594809	594810	31	0.2572
chr1	594854	594855	29	0.0865
chr1	594872	594873	22	0.1772
chr1	594895	594896	32	0.0493
chr1	594914	594915	34	0.0153
chr1	594937	594938	13	0.0954
chr1	594983	594984	35	0.4736
chr1	595001	595002	38	0.1806
chr1	595016	595017	41	0.2896
chr1	595066	595067	30	0.2403
chr1	595082	595083	19	0.1932
chr1	595118	595119	19	0.2135
chr1	595142	595143	35	0.114
chr1	595192	595193	30	0.212
chr1	595214	595215	25	0.1906
chr1	595246	595247	33	0.1054
chr1	595346	595347	22	0.247
chr1	595429	595430	36	0.1716
chr1	595483	595484	33	0.1354
chr1	595583	595584	29	0.0831
chr1	595671	595672	26	0.2182
chr1	595693	595694	42	0.007
chr1	595739	595740	22	0.2321
chr1	595781	595782	24	0.7124
chr1	595808	595809	37	0.6946
chr1	595849	595850	25	0.6481
chr1	595864	595865	24	0.7265
chr1	595879	595880	28	0.7216
chr1	595929	595930	30	0.7597
chr1	595959	595960	37	0.751
chr1	595981	595982	34	0.5166
chr1	596004	596005	27	0.8691
chr1	596040	596041	29	0.7852
chr1	596063	596064	26	0.6839
chr1	596101	596102	33	0.5897
chr1	596123	596124	38	0.7492
chr1	596152	596153	36	0.7699
chr1	596169	596170	29	0.646
chr1	596191	596192	31	0.9121
chr1	596222	596223	35	0.8869
chr1	596248	596249	25	0.7549
chr1	596348	596349	25	0.6129
chr1	596403	596404	25	0.6796
chr1	596503	596504	26	0.689
chr1	596553	596554	25	0.871
chr1	596628	596629	27	0.7039
chr1	596724	596725	35	0.8149
chr1	596729	596730	29	0.5111
chr1	596778	596779	19	0.4319
chr1	596828	596829	22	0.42
chr1	596852	596853	41	0.5415
chr1	596873	596874	29	0.5889
chr1	596897	596898	23	0.3811
chr1	596932	596933	30	0.5486
chr1	596947	596948	31	0.3346
chr1	596971	596972	30	0.4794
chr1	596999	597000	30	0.6036
chr1	597034	597035	21	0.5057
chr1	597052	597053	27	0.4627
chr1	597102	597103	24	0.5259
chr1	597121	597122	24	0.4409
chr1	597153	597154	37	0.388
chr1	597159	597160	36	0.4985
chr1	597257	597258	34	0.5588
chr1	597339	597340	28	0.6547
chr1	597439	597440	28	0.4732
chr1	597499	597500	32	0.5739
chr1	597549	597550	30	0.5981
chr1	597563	597564	27	0.7077
chr1	597607	597608	31	0.8129
chr1	597705	597706	33	0.6708
chr1	597789	597790	29	0.6023
chr1	598029	598030	32	0.7655
chr1	598034	598035	26	0.4049
chr1	598068	598069	21	0.4704
chr1	598114	598115	22	0.4654
chr1	598157	598158	29	0.5753
chr1	598178	598179	29	0.3111
chr1	598216	598217	30	0.2754
chr1	598260	598261	35	0.2957
chr1	598284	598285	32	0.2795
chr1	598307	598308	29	0.294
chr1	598357	598358	40	0.4787
chr1	598394	598395	35	0.2962
chr1	598429	598430	27	0.5271
chr1	598479	598480	36	0.2731
chr1	598501	598502	30	0.3623
chr1	598524	598525	28	0.3138
chr1	598539	598540	27	0.3539
chr1	598581	598582	20	0.355
chr1	598680	598681	33	0.4123
chr1	598767	598768	33	0.4589
chr1	598859	598860	23	0.5392
chr1	598929	598930	37	0.4512
chr1	598983	598984	37	0.2572
chr1	599033	599034	35	0.5132
chr1	599121	599122	25	0.5251
chr1	599139	599140	26	0.001
chr1	599157	599158	27	0.0385
chr1	599159	599160	25	0.0914
chr1	599237	599238	33	0.1771
chr1	599465	599466	33	0.2507
chr1	599551	599552	36	0.0
chr1	599559	599560	25	0.7018
chr1	599593	599594	33	0.6446
chr1	599624	599625	33	0.7198
chr1	599674	599675	37	0.5689
chr1	599704	599705	32	0.7737
chr1	599729	599730	26	0.5872
chr1	599755	599756	38	0.6728
chr1	599787	599788	39	0.6858
chr1	599816	599817	30	0.7399
chr1	599866	599867	22	0.6909
chr1	599907	599908	23	0.7005
chr1	599932	599933	29	0.8239
chr1	599954	599955	26	0.654
chr1	599963	599964	28	0.757
chr1	600013	600014	28	0.7058
chr1	600113	600114	36	0.7211
chr1	600213	600214	32	0.7639
chr1	600263	600264	29	0.4911
chr1	600320	600321	36	0.6261
chr1	600462	600463	36	0.8042
chr1	600468	600469	35	0.8297
chr1	600518	600519	29	0.9318
chr1	600542	600543	31	0.7509
chr1	600608	600609	28	0.8793
chr1	600802	600803	24	1.0
chr1	600809	600810	28	0.633
chr1	600859	600860	20	0.6901
chr1	600886	600887	30	0.4856
chr1	600922	600923	34	0.5455
chr1	600947	600948	30	0.5564
chr1	600996	600997	27	0.4471
chr1	601011	601012	20	0.5793
chr1	601056	601057	32	0.6324
chr1	601093	601094	21	0.5993
chr1	601143	601144	29	0.5261
chr1	601177	601178	32	0.459
chr1	601199	601200	22	0.6195
chr1	601218	601219	32	0.4684
chr1	601318	601319	29	0.6022
chr1	601418	601419	24	0.5724
chr1	601491	601492	23	0.4637
chr1	601552	601553	31	0.4236
chr1	601560	601561	25	0.7966
chr1	601568	601569	34	1.0
chr1	601642	601643	32	0.7408
chr1	601700	601701	39	0.8021
chr1	601734	601735	32	0.8194
chr1	601836	601837	25	0.7466
chr1	601878	601879	35	0.9065
chr1	601944	601945	33	0.6115
chr1	602032	602033	20	0.937
chr1	602048	602049	38	0.7262
chr1	602058	602059	29	0.7138
chr1	602092	602093	34	0.7536
chr1	602107	602108	34	0.82
chr1	602140	602141	29	0.8711
chr1	602164	602165	25	0.8103
chr1	602191	602192	22	0.8238
chr1	602223	602224	25	0.8004
chr1	602238	602239	25	0.8493
chr1	602258	602259	23	0.9462
chr1	602278	602279	27	0.8003
chr1	602313	602314	34	0.8301
chr1	602363	602364	35	0.6258
chr1	602397	602398	33	0.8036
chr1	602415	602416	34	0.7535
chr1	602465	602466	25	0.708
chr1	602508	602509	29	0.793
chr1	602534	602535	27	0.7682
chr1	602584	602585	30	0.7672
chr1	602634	602635	27	0.6358
chr1	602704	602705	30	0.7967
chr1	602754	602755	33	0.7787
chr1	602854	602855	31	0.8254
chr1	602954	602955	32	0.7728
chr1	602972	602973	36	0.9685
chr1	602987	602988	29	0.6056
chr1	603007	603008	24	0.7108
chr1	603034	603035	29	0.7962
chr1	603063	603064	20	0.8114
chr1	603082	603083	29	0.751
chr1	603130	603131	19	0.812
chr1	603167	603168	30	0.7191
chr1	603197	603198	24	0.7882
chr1	603247	603248	29	0.7311
chr1	603278	603279	36	0.7785
chr1	603328	603329	20	0.9492
chr1	603368	603369	32	0.8921
chr1	603402	603403	33	0.7502
chr1	603436	603437	27	0.6919
chr1	603451	603452	33	0.632
chr1	603472	603473	25	0.8026
chr1	603572	603573	32	0.8464
chr1	603635	603636	33	0.7602
chr1	603735	603736	28	0.9182
chr1	603835	603836	36	0.7821
chr1	603917	603918	21	0.6469
chr1	604001	604002	29	1.0
chr1	604032	604033	33	0.781
chr1	604082	604083	34	0.8806
chr1	604110	604111	32	0.7583
chr1	604129	604130	23	0.7601
chr1	604144	604145	40	0.5494
chr1	604186	604187	30	0.5205
chr1	604201	604202	31	0.6659
chr1	604251	604252	30	0.6324
chr1	604273	604274	32	0.7134
chr1	604301	604302	29	0.6734
chr1	604339	604340	28	0.4845
chr1	604358	604359	33	0.6507
chr1	604383	604384	24	0.7207
chr1	604414	604415	32	0.699
chr1	604458	604459	26	0.6038
chr1	604483	604484	38	0.6778
chr1	604503	604504	28	0.678
chr1	604522	604523	32	0.5822
chr1	604553	604554	22	0.7281
chr1	604565	604566	28	0.8771
chr1	604665	604666	36	0.7621
chr1	604765	604766	27	0.775
chr1	604865	604866	33	0.6187
chr1	604965	604966	29	0.8072
chr1	605065	605066	28	0.7174
chr1	605093	605094	22	0.7067
chr1	605153	605154	27	0.8079
chr1	605171	605172	31	0.8495
chr1	605219	605220	25	0.6066
chr1	605269	605270	29	0.5962
chr1	605284	605285	27	0.6453
chr1	605334	605335	31	0.6893
chr1	605376	605377	32	0.5838
chr1	605400	605401	18	0.6529
chr1	605439	605440	27	0.7697
chr1	605486	605487	25	0.6742
chr1	605518	605519	25	0.6288
chr1	605550	605551	36	0.701
chr1	605567	605568	27	0.6682
chr1	605586	605587	34	0.6086
chr1	605601	605602	39	0.7124
chr1	605629	605630	28	0.5482
chr1	605653	605654	32	0.5607
chr1	605686	605687	19	0.6396
chr1	605786	605787	36	0.7156
chr1	605886	605887	31	0.7567
chr1	605986	605987	27	0.6662
chr1	606041	606042	22	0.6603
chr1	606141	606142	33	0.6043
chr1	606215	606216	29	0.8722
chr1	606256	606257	27	0.6239
chr1	606284	606285	24	0.9577
chr1	606334	606335	35	0.8421
chr1	606356	606357	29	0.7291
chr1	606406	606407	22	0.8905
chr1	606441	606442	32	0.7226
chr1	606477	606478	27	0.8608
chr1	606527	606528	29	0.776
chr1	606563	606564	23	0.785
chr1	606613	606614	25	0.9196
chr1	606648	606649	32	0.9688
chr1	606663	606664	30	0.751
chr1	606702	606703	28	0.8436
chr1	606728	606729	33	0.8477
chr1	606743	606744	31	0.7497
chr1	606748	606749	29	0.7988
chr1	606848	606849	34	0.8595
chr1	606898	606899	31	0.9
chr1	606998	606999	38	0.9027
chr1	607098	607099	30	0.788
chr1	607198	607199	21	0.8404
chr1	607238	607239	31	0.8268
chr1	607268	607269	24	0.7846
chr1	607289	607290	28	0.6805
chr1	607316	607317	24	0.7178
chr1	607361	607362	30	0.6417
chr1	607399	607400	26	0.6103
chr1	607423	607424	37	0.8979
chr1	607453	607454	25	0.9155
chr1	607503	607504	23	0.7499
chr1	607545	607546	25	0.8742
chr1	607579	607580	35	0.8019
chr1	607618	607619	41	0.9211
chr1	607643	607644	17	0.8688
chr1	607693	607694	30	0.6878
chr1	607738	607739	36	0.672
chr1	607788	607789	37	0.76
chr1	607812	607813	26	0.7523
chr1	607829	607830	26	0.7854
chr1	607883	607884	31	0.6837
chr1	608071	608072	29	0.8389
chr1	608136	608137	20	0.6684
chr1	608214	608215	29	0.7934
chr1	608314	608315	26	0.6737
chr1	608382	608383	38	0.8757
chr1	608391	608392	25	0.2216
chr1	608410	608411	36	0.3114
chr1	608436	608437	29	0.4533
chr1	608466	608467	23	0.217
chr1	608483	608484	32	0.3493
chr1	608533	608534	23	0.2132
chr1	608554	608555	38	0.12
chr1	608602	608603	31	0.3194
chr1	608644	608645	33	0.4247
chr1	608693	608694	40	0.299
chr1	608714	608715	34	0.3149
chr1	608759	608760	28	0.1887
chr1	608782	608783	31	0.311
chr1	608800	608801	30	0.392
chr1	608822	608823	28	0.3144
chr1	608843	608844	36	0.2807
chr1	608889	608890	31	0.1945
chr1	608912	608913	31	0.2442
chr1	608941	608942	30	0.2542
chr1	609041	609042	26	0.314
chr1	609119	609120	25	0.1963
chr1	609169	609170	25	0.4456
chr1	609269	609270	29	0.4092
chr1	609328	609329	27	0.4012
chr1	609428	609429	39	0.3852
chr1	609508	609509	31	0.1688
chr1	609590	609591	27	0.0462
chr1	609666	609667	35	0.2079
chr1	609676	609677	27	0.0552
chr1	609698	609699	38	0.1644
chr1	609722	609723	28	0.2062
chr1	609740	609741	26	0.0
chr1	609748	609749	31	0.3791
chr1	609775	609776	30	0.6678
chr1	609793	609794	23	0.4132
chr1	609822	609823	36	0.4097
chr1	609846	609847	26	0.3757
chr1	609871	609872	39	0.191
chr1	609901	609902	34	0.3724
chr1	609916	609917	23	0.4163
chr1	609945	609946	27	0.4553
chr1	609980	609981	30	0.537
chr1	610006	610007	40	0.5241
chr1	610034	610035	26	0.4184
chr1	610056	610057	30	0.5595
chr1	610084	610085	36	0.4229
chr1	610123	610124	23	0.459
chr1	610173	610174	36	0.4301
chr1	610216	610217	23	0.5031
chr1	610240	610241	23	0.4881
chr1	610271	610272	31	0.5787
chr1	610321	610322	38	0.5321
chr1	610421	610422	29	0.2878
chr1	610481	610482	28	0.3921
chr1	610581	610582	23	0.3631
chr1	610663	610664	31	0.5875
chr1	610737	610738	36	0.4189
chr1	610907	610908	24	0.869
chr1	610983	610984	32	0.8752
chr1	611037	611038	28	0.9709
chr1	611071	611072	28	0.57
chr1	611101	611102	36	0.8365
chr1	611125	611126	23	0.7837
chr1	611215	611216	32	0.8597
chr1	611234	611235	22	0.556
chr1	611256	611257	28	0.5777
chr1	611299	611300	36	0.7216
chr1	611314	611315	34	0.4454
chr1	611331	611332	29	0.5833
chr1	611350	611351	30	0.434
chr1	611365	611366	19	0.6604
chr1	611380	611381	23	0.6523
chr1	611430	611431	29	0.6482
chr1	611472	611473	36	0.4039
chr1	611503	611504	25	0.59
chr1	611550	611551	37	0.4963
chr1	611572	611573	28	0.8674
chr1	611622	611623	14	0.7243
chr1	611642	611643	29	0.4153
chr1	611663	611664	34	0.5542
chr1	611672	611673	24	0.8084
chr1	611722	611723	20	0.7228
chr1	611815	611816	34	0.6698
chr1	611915	611916	32	0.626
chr1	612012	612013	29	0.5158
chr1	612204	612205	35	0.7115
chr1	612225	612226	26	0.1885
chr1	612275	612276	31	0.0093
chr1	612311	612312	34	0.233
chr1	612355	612356	27	0.0786
chr1	612370	612371	29	0.0641
chr1	612388	612389	28	0.3756
chr1	612427	612428	32	0.211
chr1	612477	612478	16	0.2096
chr1	612511	612512	32	0.2695
chr1	612533	612534	38	0.3378
chr1	612561	612562	31	0.3119
chr1	612578	612579	23	0.182
chr1	612606	612607	37	0.1961
chr1	612656	612657	23	0.1565
chr1	612706	612707	19	0.297
chr1	612733	612734	36	0.2277
chr1	612766	612767	27	0.1331
chr1	612797	612798	29	0.0383
chr1	612882	612883	30	0.0657
chr1	612937	612938	38	0.1783
chr1	613032	613033	30	0.2548
chr1	613098	613099	33	0.0
chr1	613198	613199	28	0.0763
chr1	613298	613299	36	0.0378
chr1	613306	613307	35	0.0315
chr1	613343	613344	28	0.365
chr1	613379	613380	41	0.4041
chr1	613424	613425	38	0.2575
chr1	613442	613443	27	0.0904
chr1	613491	613492	42	0.1036
chr1	613517	613518	26	0.1992
chr1	613547	613548	31	0.1833
chr1	613589	613590	28	0.2228
chr1	613632	613633	28	0.0862
chr1	613682	613683	33	0.1879
chr1	613711	613712	23	0.0
chr1	613761	613762	25	0.1672
chr1	613776	613777	32	0.2459
chr1	613823	613824	35	0.1151
chr1	613840	613841	34	0.35
chr1	613841	613842	29	0.1178
chr1	613941	613942	27	0.1153
chr1	613991	613992	32	0.2451
chr1	614041	614042	26	0.1237
chr1	614128	614129	25	0.1634
chr1	614228	614229	31	0.1539
chr1	614287	614288	36	0.1505
chr1	614311	614312	26	0.0933
chr1	614331	614332	25	0.7886
chr1	614351	614352	26	0.6952
chr1	614372	614373	36	0.5845
chr1	614422	614423	37	0.6486
chr1	614457	614458	21	0.6461
chr1	614476	614477	31	0.7425
chr1	614524	614525	32	0.6559
chr1	614563	614564	25	0.8153
chr1	614613	614614	31	0.7654
chr1	614628	614629	33	0.6645
chr1	614678	614679	25	0.8498
chr1	614717	614718	25	0.5266
chr1	614751	614752	32	0.7031
chr1	614775	614776	33	0.7106
chr1	614794	614795	26	0.4237
chr1	614833	614834	24	0.6834
chr1	614838	614839	20	0.8256
chr1	614938	614939	33	0.5462
chr1	615038	615039	34	0.622
chr1	615138	615139	23	0.7679
chr1	615237	615238	33	0.6565
chr1	615337	615338	27	0.7054
chr1	615411	615412	23	0.7772
chr1	615415	615416	31	0.6772
chr1	615447	615448	32	0.7563
chr1	615467	615468	32	0.7737
chr1	615482	615483	33	0.7371
chr1	615521	615522	25	0.6316
chr1	615568	615569	28	0.511
chr1	615601	615602	27	0.7272
chr1	615627	615628	39	0.7076
chr1	615643	615644	32	0.7332
chr1	615672	615673	21	0.7109
chr1	615716	615717	26	0.807
chr1	615757	615758	33	0.6943
chr1	615784	615785	32	0.5283
chr1	615816	615817	28	0.8029
chr1	615866	615867	34	0.838
chr1	615888	615889	26	0.8314
chr1	615915	615916	34	0.6825
chr1	615940	615941	37	0.6079
chr1	615988	615989	38	0.6641
chr1	616001	616002	20	0.5781
chr1	616101	616102	26	0.6915
chr1	616201	616202	38	0.6869
chr1	616278	616279	37	0.6796
chr1	616378	616379	36	0.8295
chr1	616470	616471	31	0.6158
chr1	616546	616547	27	0.4675
chr1	616638	616639	23	0.543
chr1	616646	616647	35	0.7127
chr1	616661	616662	21	0.6231
chr1	616690	616691	32	0.3943
chr1	616740	616741	24	0.5134
chr1	616755	616756	26	0.918
chr1	616789	616790	29	0.2239
chr1	616839	616840	21	0.6922
chr1	616889	616890	30	0.4316
chr1	616904	616905	23	0.8886
chr1	616919	616920	23	0.2634
chr1	616957	616958	35	0.3695
chr1	616974	616975	31	0.5605
chr1	617024	617025	33	0.7816
chr1	617052	617053	26	0.708
chr1	617067	617068	21	0.3914
chr1	617104	617105	32	0.6555
chr1	617113	617114	23	0.6528
chr1	617213	617214	29	0.4351
chr1	617313	617314	31	0.8085
chr1	617413	617414	27	0.516
chr1	617496	617497	30	0.4137
chr1	617520	617521	29	0.7975
chr1	617544	617545	28	0.3168
chr1	617567	617568	35	0.3862
chr1	617585	617586	33	0.2776
chr1	617600	617601	26	0.1643
chr1	617619	617620	30	0.1391
chr1	617634	617635	28	0.2749
chr1	617652	617653	31	0.2506
chr1	617685	617686	27	0.271
chr1	617700	617701	33	0.4087
chr1	617730	617731	31	0.2407
chr1	617758	617759	30	0.3243
chr1	617808	617809	25	0.2935
chr1	617838	617839	30	0.359
chr1	617888	617889	27	0.346
chr1	617934	617935	21	0.264
chr1	617984	617985	24	0.2726
chr1	618003	618004	33	0.274
chr1	618009	618010	37	0.2791
chr1	618098	618099	40	0.2806
chr1	618198	618199	24	0.4059
chr1	618258	618259	28	0.2646
chr1	618358	618359	34	0.3222
chr1	618458	618459	31	0.2738
chr1	618522	618523	32	0.2247
chr1	618565	618566	28	0.6914
chr1	618598	618599	31	0.7305
chr1	618643	618644	23	0.8195
chr1	618690	618691	31	0.861
chr1	618724	618725	26	0.7375
chr1	618753	618754	28	0.7077
chr1	618777	618778	33	0.8284
chr1	618827	618828	30	0.8172
chr1	618853	618854	22	0.8049
chr1	618879	618880	22	0.7589
chr1	618900	618901	35	0.8732
chr1	618931	618932	27	0.8446
chr1	618948	618949	23	0.6995
chr1	618987	618988	31	0.9056
chr1	619037	619038	37	0.8794
chr1	619061	619062	31	0.8592
chr1	619105	619106	34	0.837
chr1	619132	619133	24	0.8348
chr1	619154	619155	31	0.9229
chr1	619161	619162	24	0.6709
chr1	619261	619262	19	0.9393
chr1	619339	619340	38	0.7246
chr1	619439	619440	27	0.7986
chr1	619539	619540	22	0.8402
chr1	619639	619640	31	0.783
chr1	619718	619719	29	0.777
chr1	619722	619723	27	0.8843
chr1	619754	619755	41	0.1343
chr1	619778	619779	28	0.1638
chr1	619826	619827	29	0.1408
chr1	619859	619860	29	0.1292
chr1	619884	619885	27	0.0205
chr1	619929	619930	26	0.1185
chr1	619961	619962	25	0.1584
chr1	620011	620012	22	0.1419
chr1	620061	620062	18	0.1432
chr1	620092	620093	23	0.1845
chr1	620115	620116	30	0.0
chr1	620165	620166	23	0.2031
chr1	620203	620204	33	0.0899
chr1	620246	620247	32	0.3141
chr1	620278	620279	28	0.1267
chr1	620371	620372	36	0.0434
chr1	620442	620443	36	0.257
chr1	620542	620543	32	0.1361
chr1	620609	620610	24	0.0726
chr1	620659	620660	39	0.2241
chr1	620720	620721	36	0.2109
chr1	620780	620781	23	0.0
chr1	620799	620800	27	0.6066
chr1	620820	620821	32	0.6739
chr1	620870	620871	35	0.698
chr1	620895	620896	28	0.7381
chr1	620910	620911	34	0.7391
chr1	620943	620944	32	0.7203
chr1	620973	620974	34	0.6036
chr1	621019	621020	29	0.7771
chr1	621034	621035	29	0.7499
chr1	621061	621062	32	0.661
chr1	621083	621084	23	0.7759
chr1	621110	621111	30	0.5319
chr1	621125	621126	30	0.6366
chr1	621166	621167	30	0.574
chr1	621195	621196	38	0.4565
chr1	621228	621229	36	0.5463
chr1	621244	621245	29	0.7447
chr1	621273	621274	37	0.621
chr1	621284	621285	22	0.5461
chr1	621366	621367	29	0.8483
chr1	621433	621434	26	0.6765
chr1	621533	621534	27	0.6187
chr1	621633	621634	21	0.7822
chr1	621729	621730	29	0.7055
chr1	621795	621796	30	0.5676
chr1	621833	621834	41	0.4979
chr1	621848	621849	22	0.4044
chr1	621880	621881	32	0.1626
chr1	621907	621908	41	0.0755
chr1	621942	621943	30	0.5709
chr1	621971	621972	20	0.1553
chr1	621988	621989	28	0.4818
chr1	622003	622004	31	0.1651
chr1	622053	622054	40	0.3547
chr1	622078	622079	31	0.3005
chr1	622110	622111	33	0.1198
chr1	622127	622128	22	0.366
chr1	622152	622153	36	0.3187
chr1	622189	622190	34	0.19
chr1	622231	622232	33	0.0001
chr1	622281	622282	38	0.541
chr1	622302	622303	21	0.1802
chr1	622314	622315	37	0.0059
chr1	622414	622415	26	0.3204
chr1	622465	622466	40	0.2892
chr1	622565	622566	29	0.0372
chr1	622615	622616	27	0.1037
chr1	622667	622668	29	0.3799
chr1	622767	622768	19	0.3223
chr1	622822	622823	30	0.2516
chr1	622868	622869	31	0.2678
chr1	622914	622915	29	0.6899
chr1	622964	622965	28	0.737
chr1	623014	623015	28	0.7641
chr1	623033	623034	30	0.6129
chr1	623056	623057	39	0.7773
chr1	623089	623090	21	0.6188
chr1	623134	623135	34	0.7994
chr1	623165	623166	26	0.7087
chr1	623214	623215	30	0.6502
chr1	623264	623265	30	0.6015
chr1	623314	623315	33	0.8092
chr1	623363	623364	31	0.6485
chr1	623378	623379	35	0.7902
chr1	623410	623411	29	0.7725
chr1	623441	623442	29	0.7956
chr1	623534	623535	28	0.807
chr1	623630	623631	19	0.7042
chr1	623730	623731	31	0.7254
chr1	623830	623831	38	0.7371
chr1	623930	623931	33	0.7221
chr1	623932	623933	24	0.7299
chr1	623971	623972	37	0.1837
chr1	623995	623996	27	0.2217
chr1	624010	624011	31	0.0012
chr1	624060	624061	37	0.1442
chr1	624088	624089	37	0.2807
chr1	624121	624122	27	0.1187
chr1	624142	624143	24	0.1471
chr1	624166	624167	31	0.3024
chr1	624189	624190	35	0.1674
chr1	624212	624213	33	0.0639
chr1	624227	624228	33	0.0945
chr1	624246	624247	31	0.1389
chr1	624276	624277	26	0.0957
chr1	624291	624292	45	0.2316
chr1	624316	624317	30	0.0644
chr1	624342	624343	23	0.0
chr1	624369	624370	28	0.1613
chr1	624394	624395	30	0.1241
chr1	624414	624415	31	0.2031
chr1	624445	624446	34	0.2291
chr1	624545	624546	23	0.0486
chr1	624597	624598	28	0.1641
chr1	624697	624698	20	0.077
chr1	624797	624798	30	0.1712
chr1	624897	624898	28	0.2319
chr1	624921	624922	31	0.0338
chr1	624929	624930	31	0.282
chr1	624964	624965	30	0.4563
chr1	625001	625002	34	0.4525
chr1	625026	625027	22	0.3045
chr1	625057	625058	33	0.2793
chr1	625104	625105	32	0.3603
chr1	625131	625132	39	0.3121
chr1	625164	625165	31	0.4269
chr1	625207	625208	28	0.3005
chr1	625236	625237	37	0.4507
chr1	625281	625282	27	0.5126
chr1	625296	625297	22	0.3538
chr1	625344	625345	25	0.3513
chr1	625444	625445	29	0.3026
chr1	625494	625495	33	0.3755
chr1	625547	625548	31	0.4727
chr1	625647	625648	31	0.4115
chr1	625747	625748	32	0.416
chr1	625985	625986	27	0.2392
chr1	626119	626120	24	0.0049
chr1	626167	626168	30	0.1455
chr1	626189	626190	37	0.141
chr1	626215	626216	31	0.1969
chr1	626248	626249	36	0.7452
chr1	626298	626299	22	0.6045
chr1	626320	626321	34	0.6513
chr1	626340	626341	31	0.6203
chr1	626390	626391	36	0.6128
chr1	626405	626406	38	0.7665
chr1	626447	626448	27	0.6717
chr1	626472	626473	28	0.6777
chr1	626487	626488	24	0.5641
chr1	626516	626517	25	0.7342
chr1	626548	626549	38	0.7023
chr1	626579	626580	24	0.5378
chr1	626601	626602	27	0.6292
chr1	626636	626637	29	0.7267
chr1	626685	626686	29	0.6034
chr1	626723	626724	26	0.5408
chr1	626773	626774	34	0.6452
chr1	626785	626786	26	0.5151
chr1	626856	626857	29	0.5153
chr1	626912	626913	33	0.6537
chr1	626962	626963	32	0.6872
chr1	627062	627063	25	0.522
chr1	627146	627147	22	0.5908
chr1	627246	627247	22	0.7348
chr1	627296	627297	33	0.6471
chr1	627378	627379	34	0.6269
chr1	627417	627418	24	0.6247
chr1	627435	627436	30	0.7631
chr1	627483	627484	29	0.5004
chr1	627502	627503	29	0.6115
chr1	627538	627539	30	0.5185
chr1	627588	627589	32	0.7267
chr1	627607	627608	42	0.6745
chr1	627657	627658	26	0.7038
chr1	627686	627687	28	0.5604
chr1	627711	627712	29	0.5636
chr1	627744	627745	29	0.7104
chr1	627794	627795	28	0.6579
chr1	627815	627816	22	0.6895
chr1	627842	627843	30	0.7413
chr1	627858	627859	24	0.6428
chr1	627873	627874	32	0.5415
chr1	627888	627889	26	0.6632
chr1	627908	627909	31	0.5289
chr1	627923	627924	21	0.6642
chr1	627942	627943	7	0.6192
chr1	627951	627952	33	0.7228
chr1	628001	628002	36	0.5589
chr1	628077	628078	25	0.6127
chr1	628149	628150	33	0.3979
chr1	628249	628250	38	0.5871
chr1	628349	628350	34	0.5876
chr1	628444	628445	17	0.6267
chr1	628542	628543	39	0.6387
chr1	628548	628549	32	0.5981
chr1	628563	628564	27	0.6953
chr1	628598	628599	36	0.5781
chr1	628626	628627	28	0.6215
chr1	628643	628644	31	0.4119
chr1	628682	628683	34	0.6598
chr1	628699	628700	20	0.4785
chr1	628738	628739	32	0.483
chr1	628762	628763	30	0.437
chr1	628778	628779	31	0.6679
chr1	628793	628794	23	0.5054
chr1	628811	628812	33	0.5319
chr1	628828	628829	31	0.7144
chr1	628849	628850	24	0.6176
chr1	628864	628865	28	0.4524
chr1	628898	628899	22	0.5132
chr1	628939	628940	25	0.6322
chr1	628971	628972	30	0.6655
chr1	629021	629022	26	0.6311
chr1	629071	629072	23	0.66
chr1	629104	629105	23	0.5759
chr1	629203	629204	27	0.4139
chr1	629303	629304	25	0.5777
chr1	629403	629404	36	0.7759
chr1	629503	629504	33	0.6985
chr1	629603	629604	29	0.6423
chr1	629779	629780	36	0.9252
chr1	629877	629878	27	0.812
chr1	629937	629938	25	0.7809
chr1	629941	629942	33	0.8969
chr1	629973	629974	29	0.7633
chr1	630033	630034	33	0.7838
chr1	630037	630038	21	0.8291
chr1	630041	630042	26	0.6024
chr1	630091	630092	12	0.7748
chr1	630093	630094	26	0.817
chr1	630119	630120	20	0.3388
chr1	630135	630136	42	0.4935
chr1	630170	630171	38	0.4277
chr1	630220	630221	34	0.7688
chr1	630258	630259	24	0.504
chr1	630287	630288	29	0.4241
chr1	630320	630321	28	0.4229
chr1	630335	630336	30	0.6266
chr1	630370	630371	36	0.8703
chr1	630399	630400	25	0.771
chr1	630441	630442	32	0.5043
chr1	630461	630462	43	0.4156
chr1	630484	630485	23	0.8107
chr1	630522	630523	31	0.6285
chr1	630572	630573	27	0.7409
chr1	630591	630592	30	0.3921
chr1	630615	630616	27	0.4473
chr1	630715	630716	29	0.5398
chr1	630797	630798	30	0.5474
chr1	630879	630880	35	0.4527
chr1	630979	630980	33	0.4672
chr1	631079	631080	25	0.8148
chr1	631114	631115	24	0.5428
chr1	631121	631122	26	0.4633
chr1	631165	631166	25	0.5774
chr1	631215	631216	27	0.6035
chr1	631247	631248	32	0.5515
chr1	631278	631279	37	0.6039
chr1	631315	631316	30	0.5027
chr1	631330	631331	25	0.416
chr1	631364	631365	26	0.5608
chr1	631414	631415	36	0.4669
chr1	631464	631465	31	0.291
chr1	631496	631497	36	0.4394
chr1	631511	631512	25	0.4909
chr1	631547	631548	30	0.4914
chr1	631597	631598	29	0.5109
chr1	631631	631632	29	0.526
chr1	631698	631699	30	0.3993
chr1	631781	631782	29	0.5403
chr1	631850	631851	35	0.4471
chr1	631900	631901	30	0.4079
chr1	632000	632001	21	0.4376
chr1	632100	632101	31	0.488
chr1	632134	632135	31	0.1076
chr1	632318	632319	20	0.2335
chr1	632402	632403	27	0.1811
chr1	632494	632495	30	0.1733
chr1	632498	632499	34	0.2965
chr1	632572	632573	30	0.1266
chr1	632614	632615	38	0.8991
chr1	632652	632653	29	0.8011
chr1	632682	632683	34	0.8493
chr1	632701	632702	29	0.8549
chr1	632725	632726	34	0.8618
chr1	632751	632752	33	0.7788
chr1	632801	632802	31	0.8107
chr1	632824	632825	29	0.8306
chr1	632853	632854	31	0.8895
chr1	632891	632892	34	0.605
chr1	632916	632917	28	0.7034
chr1	632966	632967	33	0.5726
chr1	632993	632994	30	0.8294
chr1	633035	633036	40	0.8234
chr1	633055	633056	34	0.5833
chr1	633078	633079	29	0.6912
chr1	633109	633110	33	0.6843
chr1	633132	633133	28	0.7329
chr1	633147	633148	28	0.6832
chr1	633161	633162	40	0.5949
chr1	633261	633262	30	0.657
chr1	633361	633362	33	0.7871
chr1	633459	633460	33	0.7011
chr1	633559	633560	28	0.5281
chr1	633618	633619	37	0.6415
chr1	633668	633669	34	0.8431
chr1	633724	633725	41	0.6146
chr1	633744	633745	21	1.0
chr1	633749	633750	31	0.3167
chr1	633768	633769	24	0.2351
chr1	633799	633800	29	0.2919
chr1	633829	633830	32	0.3835
chr1	633869	633870	31	0.2921
chr1	633919	633920	38	0.2968
chr1	633938	633939	26	0.4602
chr1	633977	633978	30	0.2054
chr1	633996	633997	22	0.2847
chr1	634023	634024	28	0.3012
chr1	634059	634060	28	0.4241
chr1	634079	634080	32	0.2586
chr1	634108	634109	27	0.2772
chr1	634133	634134	31	0.3627
chr1	634179	634180	32	0.2232
chr1	634229	634230	24	0.2246
chr1	634253	634254	30	0.2632
chr1	634334	634335	31	0.2328
chr1	634434	634435	33	0.138
chr1	634534	634535	34	0.3468
chr1	634634	634635	20	0.1383
chr1	634688	634689	31	0.3319
chr1	634747	634748	37	0.3097
chr1	634773	634774	31	0.0322
chr1	634883	634884	20	0.105
chr1	634897	634898	36	0.1393
chr1	634971	634972	26	0.1738
chr1	635225	635226	35	0.1703
chr1	635247	635248	25	0.0627
chr1	635291	635292	32	0.1408
chr1	635337	635338	33	0.0999
chr1	635352	635353	28	0.1743
chr1	635391	635392	27	0.1788
chr1	635421	635422	27	0.0551
chr1	635448	635449	32	0.1072
chr1	635470	635471	35	0.0911
chr1	635497	635498	25	0.0793
chr1	635528	635529	33	0.1287
chr1	635578	635579	26	0.0413
chr1	635602	635603	32	0.1285
chr1	635631	635632	31	0.0
chr1	635671	635672	26	0.1338
chr1	635721	635722	36	0.0817
chr1	635768	635769	32	0.2031
chr1	635794	635795	29	0.0176
chr1	635815	635816	33	0.1725
chr1	635831	635832	29	0.1652
chr1	635856	635857	34	0.1216
chr1	635956	635957	32	0.2179
chr1	636044	636045	25	0.3419
chr1	636127	636128	40	0.2099
chr1	636216	636217	37	0.0757
chr1	636266	636267	29	0.0313
chr1	636359	636360	31	0.0137
chr1	636415	636416	30	0.0389
chr1	636431	636432	25	0.6153
chr1	636446	636447	36	0.6528
chr1	636495	636496	33	0.5831
chr1	636515	636516	24	0.5096
chr1	636565	636566	28	0.6484
chr1	636613	636614	34	0.7081
chr1	636656	636657	27	0.5292
chr1	636672	636673	30	0.642
chr1	636693	636694	29	0.6256
chr1	636737	636738	34	0.5986
chr1	636762	636763	24	0.5576
chr1	636777	636778	38	0.6871
chr1	636794	636795	36	0.7307
chr1	636820	636821	22	0.6452
chr1	636835	636836	28	0.6399
chr1	636868	636869	32	0.5707
chr1	636918	636919	19	0.5667
chr1	636946	636947	35	0.6324
chr1	637003	637004	27	0.6678
chr1	637103	637104	28	0.7681
chr1	637176	637177	22	0.5881
chr1	637266	637267	30	0.6523
chr1	637316	637317	32	0.5746
chr1	637416	637417	34	0.5351
chr1	637462	637463	41	0.8173
chr1	637504	637505	25	0.2006
chr1	637547	637548	35	0.2759
chr1	637583	637584	30	0.2502
chr1	637609	637610	19	0.1898
chr1	637628	637629	28	0.1068
chr1	637647	637648	21	0.1751
chr1	637680	637681	33	0.1453
chr1	637710	637711	24	0.1628
chr1	637752	637753	37	0.0066
chr1	637802	637803	35	0.1612
chr1	637834	637835	30	0.1014
chr1	637860	637861	39	0.2886
chr1	637910	637911	27	0.0766
chr1	637937	637938	26	0.1225
chr1	637968	637969	28	0.0877
chr1	637989	637990	30	0.2642
chr1	638012	638013	25	0.1392
chr1	638032	638033	36	0.1235
chr1	638112	638113	30	0.1537
chr1	638212	638213	25	0.2349
chr1	638312	638313	27	0.1994
chr1	638363	638364	24	0.0793
chr1	638463	638464	31	0.1505
chr1	638529	638530	29	0.0213
chr1	638537	638538	38	0.219
chr1	638587	638588	34	0.0452
chr1	638595	638596	28	0.158
chr1	638614	638615	21	0.1958
chr1	638656	638657	29	0.2695
chr1	638672	638673	28	0.2944
chr1	638710	638711	28	0.1734
chr1	638754	638755	23	0.2363
chr1	638804	638805	29	0.0941
chr1	638819	638820	40	0.0782
chr1	638834	638835	28	0.4444
chr1	638859	638860	38	0.4186
chr1	638877	638878	33	0.1838
chr1	638902	638903	38	0.3842
chr1	638947	638948	34	0.3972
chr1	638976	638977	43	0.4715
chr1	638989	638990	25	0.5166
chr1	639072	639073	24	0.6371
chr1	639159	639160	27	0.4359
chr1	639259	639260	28	0.2376
chr1	639325	639326	35	0.349
chr1	639389	639390	31	0.2492
chr1	639409	639410	26	0.0621
chr1	639487	639488	27	0.2506
chr1	639507	639508	30	0.2368
chr1	639643	639644	34	0.0756
chr1	639647	639648	30	0.3225
chr1	639681	639682	26	0.1869
chr1	639701	639702	20	0.0329
chr1	639787	639788	35	0.0883
chr1	639805	639806	28	0.0734
chr1	639843	639844	26	0.9403
chr1	639868	639869	31	0.8179
chr1	639918	639919	27	0.7492
chr1	639933	639934	21	0.8067
chr1	639948	639949	39	0.7623
chr1	639973	639974	35	0.9166
chr1	640022	640023	31	0.8253
chr1	640037	640038	37	0.9704
chr1	640061	640062	21	0.7418
chr1	640086	640087	26	0.8799
chr1	640128	640129	33	0.8889
chr1	640157	640158	33	0.9029
chr1	640188	640189	33	0.9105
chr1	640205	640206	20	0.8772
chr1	640239	640240	34	0.6557
chr1	640259	640260	29	0.9558
chr1	640309	640310	34	0.834
chr1	640327	640328	30	0.8149
chr1	640343	640344	32	0.9445
chr1	640382	640383	34	0.7963
chr1	640386	640387	25	0.8609
chr1	640486	640487	31	0.9536
chr1	640586	640587	25	0.845
chr1	640664	640665	29	0.916
chr1	640764	640765	33	0.8423
chr1	640834	640835	23	0.8399
chr1	640876	640877	30	1.0
chr1	640891	640892	35	0.5523
chr1	640941	640942	17	0.6832
chr1	640991	640992	27	0.55
chr1	641041	641042	23	0.6252
chr1	641063	641064	15	0.408
chr1	641091	641092	25	0.5632
chr1	641106	641107	27	0.6532
chr1	641152	641153	30	0.6546
chr1	641191	641192	38	0.6184
chr1	641232	641233	36	0.5353
chr1	641247	641248	28	0.4842
chr1	641262	641263	26	0.6108
chr1	641286	641287	26	0.6573
chr1	641336	641337	24	0.6794
chr1	641351	641352	30	0.5367
chr1	641372	641373	29	0.5295
chr1	641422	641423	35	0.4429
chr1	641446	641447	39	0.6805
chr1	641453	641454	30	0.7138
chr1	641553	641554	30	0.53
chr1	641643	641644	31	0.5145
chr1	641693	641694	33	0.6715
chr1	641793	641794	37	0.6386
chr1	641843	641844	32	0.5529
chr1	641943	641944	37	0.5464
chr1	642027	642028	29	0.7022
chr1	642032	642033	30	0.5536
chr1	642064	642065	26	0.6134
chr1	642085	642086	30	0.6303
chr1	642129	642130	21	0.706
chr1	642155	642156	27	0.5187
chr1	642205	642206	38	0.677
chr1	642224	642225	33	0.6016
chr1	642255	642256	29	0.6449
chr1	642281	642282	26	0.695
chr1	642300	642301	26	0.6139
chr1	642325	642326	28	0.6609
chr1	642348	642349	31	0.6956
chr1	642364	642365	35	0.5128
chr1	642392	642393	28	0.5865
chr1	642422	642423	33	0.5368
chr1	642461	642462	31	0.6855
chr1	642497	642498	29	0.6064
chr1	642514	642515	31	0.6882
chr1	642524	642525	28	0.4477
chr1	642614	642615	25	0.6638
chr1	642714	642715	32	0.6222
chr1	642814	642815	24	0.815
chr1	642914	642915	31	0.6321
chr1	643014	643015	26	0.6411
chr1	643046	643047	20	0.982
chr1	643068	643069	27	0.9067
chr1	643072	643073	36	0.8149
chr1	643128	643129	25	0.8371
chr1	643262	643263	26	0.8448
chr1	643400	643401	32	0.8385
chr1	643470	643471	28	0.8279
chr1	643512	643513	35	1.0
chr1	643526	643527	27	0.7292
chr1	643556	643557	29	0.492
chr1	643603	643604	40	0.5143
chr1	643623	643624	35	0.6777
chr1	643663	643664	32	0.5132
chr1	643678	643679	22	0.4338
chr1	643694	643695	41	0.6538
chr1	643744	643745	24	0.5513
chr1	643788	643789	26	0.5916
chr1	643809	643810	23	0.6552
chr1	643859	643860	28	0.7222
chr1	643874	643875	31	0.6639
chr1	643899	643900	26	0.5629
chr1	643939	643940	24	0.7579
chr1	643966	643967	36	0.5956
chr1	643992	643993	26	0.6607
chr1	644026	644027	31	0.7049
chr1	644046	644047	34	0.5922
chr1	644072	644073	28	0.6132
chr1	644101	644102	29	0.7761
chr1	644112	644113	24	0.7085
chr1	644212	644213	25	0.6029
chr1	644268	644269	28	0.6517
chr1	644326	644327	37	0.4185
chr1	644426	644427	42	0.6678
chr1	644489	644490	35	0.6596
chr1	644589	644590	25	0.6839
chr1	644689	644690	26	0.5168
chr1	644709	644710	22	0.855
chr1	644758	644759	22	0.7577
chr1	644774	644775	42	0.7834
chr1	644824	644825	26	0.7825
chr1	644843	644844	29	0.7043
chr1	644871	644872	32	0.7317
chr1	644918	644919	30	0.8699
chr1	644952	644953	29	0.6398
chr1	644967	644968	37	0.8077
chr1	645014	645015	33	0.6474
chr1	645050	645051	39	0.9296
chr1	645086	645087	25	0.8243
chr1	645109	645110	32	0.7716
chr1	645124	645125	28	0.7641
chr1	645139	645140	24	0.8
chr1	645167	645168	32	0.7527
chr1	645182	645183	27	0.6419
chr1	645282	645283	26	0.7911
chr1	645332	645333	30	0.602
chr1	645402	645403	31	0.8655
chr1	645502	645503	33	0.6557
chr1	645552	645553	36	0.7565
chr1	645596	645597	36	0.857
chr1	645616	645617	35	0.7922
chr1	645649	645650	29	0.8791
chr1	645676	645677	30	0.8283
chr1	645726	645727	23	0.795
chr1	645773	645774	30	0.8013
chr1	645804	645805	31	0.6727
chr1	645854	645855	34	0.9458
chr1	645904	645905	27	0.7793
chr1	645948	645949	30	0.8482
chr1	645963	645964	29	0.8042
chr1	645997	645998	34	0.8751
chr1	646021	646022	31	0.7177
chr1	646047	646048	35	0.6268
chr1	646062	646063	36	0.9149
chr1	646077	646078	33	0.7326
chr1	646096	646097	26	0.6429
chr1	646129	646130	27	0.8076
chr1	646144	646145	33	0.8596
chr1	646188	646189	29	0.7416
chr1	646210	646211	33	0.7628
chr1	646242	646243	36	0.8168
chr1	646298	646299	38	0.7086
chr1	646398	646399	31	0.8992
chr1	646448	646449	23	0.8347
chr1	646522	646523	29	0.7011
chr1	646579	646580	25	0.8341
chr1	646679	646680	31	0.7422
chr1	646765	646766	26	0.8175
chr1	646831	646832	34	0.8147
chr1	646862	646863	27	0.6433
chr1	646899	646900	35	0.4963
chr1	646914	646915	31	0.684
chr1	646963	646964	29	0.5603
chr1	646986	646987	34	0.5818
chr1	647012	647013	42	0.7815
chr1	647027	647028	30	0.671
chr1	647063	647064	34	0.5175
chr1	647079	647080	33	0.8261
chr1	647109	647110	25	0.6451
chr1	647156	647157	23	0.4748
chr1	647187	647188	30	0.435
chr1	647237	647238	28	0.6362
chr1	647254	647255	23	0.597
chr1	647269	647270	30	0.4121
chr1	647296	647297	23	0.6641
chr1	647339	647340	29	0.3995
chr1	647397	647398	22	0.4066
chr1	647489	647490	18	0.5278
chr1	647589	647590	44	0.8338
chr1	647689	647690	26	0.5947
chr1	647789	647790	27	0.7739
chr1	647884	647885	33	0.8392
chr1	647933	647934	35	0.6543
chr1	647965	647966	30	0.8149
chr1	647997	647998	29	0.6598
chr1	648018	648019	30	0.7694
chr1	648045	648046	29	0.8951
chr1	648065	648066	32	0.7981
chr1	648080	648081	29	0.8179
chr1	648111	648112	32	0.8074
chr1	648161	648162	33	0.8391
chr1	648176	648177	36	0.7237
chr1	648191	648192	29	0.7898
chr1	648241	648242	27	0.8055
chr1	648283	648284	34	0.72
chr1	648323	648324	36	0.9586
chr1	648343	648344	30	0.6706
chr1	648392	648393	27	0.8496
chr1	648474	648475	29	0.7062
chr1	648574	648575	29	0.8433
chr1	648674	648675	33	0.8168
chr1	648774	648775	32	0.8439
chr1	648810	648811	27	0.6679
chr1	648817	648818	35	0.7397
chr1	648848	648849	23	0.7342
chr1	648868	648869	40	0.4691
chr1	648910	648911	29	0.5515
chr1	648959	648960	38	0.6262
chr1	648991	648992	33	0.6982
chr1	649041	649042	26	0.7264
chr1	649056	649057	35	0.6909
chr1	649084	649085	35	0.5399
chr1	649134	649135	33	0.5881
chr1	649149	649150	29	0.7079
chr1	649184	649185	28	0.4991
chr1	649233	649234	30	0.8077
chr1	649264	649265	39	0.7322
chr1	649288	649289	30	0.7559
chr1	649312	649313	39	0.6635
chr1	649325	649326	41	0.7624
chr1	649390	649391	22	0.7239
chr1	649490	649491	23	0.7291
chr1	649590	649591	26	0.6839
chr1	649690	649691	34	0.7659
chr1	649740	649741	27	0.6564
chr1	649790	649791	25	0.5232
chr1	649814	649815	27	0.946
chr1	649930	649931	33	0.8227
chr1	649970	649971	24	0.9755
chr1	650030	650031	38	0.8891
chr1	650044	650045	25	0.7252
chr1	650066	650067	31	0.9711
chr1	650122	650123	27	0.9088
chr1	650172	650173	19	0.9742
chr1	650176	650177	28	0.8105
chr1	650184	650185	29	0.8818
chr1	650214	650215	29	0.8009
chr1	650249	650250	32	0.7553
chr1	650275	650276	33	0.7376
chr1	650311	650312	28	0.8281
chr1	650343	650344	37	0.7295
chr1	650393	650394	31	0.9288
chr1	650443	650444	33	0.542
chr1	650464	650465	33	0.5945
chr1	650491	650492	30	0.595
chr1	650526	650527	28	0.5398
chr1	650553	650554	33	0.6807
chr1	650568	650569	24	0.5491
chr1	650618	650619	30	0.6297
chr1	650638	650639	27	0.9688
chr1	650656	650657	27	0.98
chr1	650756	650757	35	0.8793
chr1	650856	650857	28	0.7996
chr1	650956	650957	30	0.9637
chr1	651042	651043	30	0.8812
chr1	651092	651093	32	0.9068
chr1	651124	651125	31	0.9012
chr1	651142	651143	28	0.9339
chr1	651186	651187	24	0.8421
chr1	651204	651205	24	0.8604
chr1	651280	651281	33	0.6487
chr1	651358	651359	30	0.8563
chr1	651374	651375	24	0.7608
chr1	651404	651405	34	0.8008
chr1	651438	651439	30	0.9357
chr1	651453	651454	23	0.745
chr1	651481	651482	31	0.8326
chr1	651519	651520	31	0.8646
chr1	651546	651547	23	1.0
chr1	651584	651585	36	0.9117
chr1	651610	651611	31	0.7592
chr1	651644	651645	28	0.8325
chr1	651663	651664	28	0.7834
chr1	651682	651683	25	0.8644
chr1	651732	651733	30	0.8791
chr1	651771	651772	30	0.8674
chr1	651789	651790	37	0.8135
chr1	651819	651820	22	0.9173
chr1	651854	651855	25	0.9135
chr1	651881	651882	30	0.9451
chr1	651903	651904	26	0.8302
chr1	651925	651926	20	0.9753
chr1	651958	651959	36	0.894
chr1	651987	651988	31	0.918
chr1	652002	652003	30	0.9934
chr1	652030	652031	27	0.8217
chr1	652116	652117	31	0.8607
chr1	652216	652217	29	0.9558
chr1	652266	652267	35	0.8601
chr1	652366	652367	42	0.9157
chr1	652429	652430	40	0.8962
chr1	652529	652530	27	0.86
chr1	652610	652611	27	0.7965
chr1	652626	652627	36	0.8013
chr1	652630	652631	29	0.8719
chr1	652653	652654	40	0.7553
chr1	652682	652683	30	0.7599
chr1	652732	652733	24	0.6708
chr1	652759	652760	26	0.6807
chr1	652774	652775	24	0.6359
chr1	652789	652790	30	0.6104
chr1	652814	652815	32	0.6868
chr1	652842	652843	31	0.7348
chr1	652880	652881	33	0.7316
chr1	652901	652902	29	0.648
chr1	652951	652952	25	0.8994
chr1	652975	652976	24	0.8697
chr1	652990	652991	35	0.8312
chr1	653013	653014	32	0.5576
chr1	653063	653064	27	0.6615
chr1	653101	653102	31	0.7779
chr1	653123	653124	31	0.5502
chr1	653144	653145	35	0.5085
chr1	653208	653209	17	0.8286
chr1	653258	653259	24	0.6315
chr1	653358	653359	27	0.5864
chr1	653458	653459	27	0.7538
chr1	653509	653510	28	0.891
chr1	653609	653610	26	0.6522
chr1	653641	653642	26	0.8576
chr1	653687	653688	30	0.3831
chr1	653702	653703	35	0.4529
chr1	653723	653724	27	0.4845
chr1	653752	653753	38	0.7795
chr1	653798	653799	33	0.8468
chr1	653828	653829	30	0.5759
chr1	653866	653867	28	0.7073
chr1	653884	653885	30	0.7067
chr1	653899	653900	24	0.5745
chr1	653932	653933	31	0.2687
chr1	653965	653966	26	0.2591
chr1	653996	653997	29	0.5633
chr1	654017	654018	41	0.4341
chr1	654059	654060	29	0.6639
chr1	654082	654083	33	0.4895
chr1	654109	654110	34	0.313
chr1	654135	654136	33	0.5931
chr1	654164	654165	30	0.3238
chr1	654185	654186	27	0.3097
chr1	654209	654210	27	0.6314
chr1	654238	654239	28	0.5221
chr1	654255	654256	21	0.52
chr1	654342	654343	28	0.6203
chr1	654442	654443	22	0.5763
chr1	654542	654543	25	0.6553
chr1	654642	654643	32	0.4541
chr1	654693	654694	29	0.6837
chr1	654793	654794	19	0.4266
chr1	654921	654922	30	0.7825
chr1	654931	654932	36	0.7126
chr1	654973	654974	29	0.6001
chr1	655014	655015	31	0.8513
chr1	655058	655059	29	0.866
chr1	655081	655082	33	0.7718
chr1	655111	655112	33	0.688
chr1	655134	655135	32	0.7707
chr1	655184	655185	28	0.7821
chr1	655199	655200	32	0.7824
chr1	655215	655216	23	0.8991
chr1	655235	655236	29	0.7681
chr1	655265	655266	27	0.6482
chr1	655290	655291	33	0.803
chr1	655314	655315	33	0.7687
chr1	655329	655330	34	0.9523
chr1	655351	655352	35	0.7175
chr1	655389	655390	31	0.7083
chr1	655417	655418	35	0.9801
chr1	655435	655436	28	0.7491
chr1	655535	655536	30	0.6644
chr1	655635	655636	32	0.6056
chr1	655735	655736	28	0.8574
chr1	655786	655787	32	0.6947
chr1	655886	655887	35	0.6625
chr1	655910	655911	39	0.8061
chr1	655942	655943	30	0.9637
chr1	655981	655982	38	0.8093
chr1	656030	656031	24	0.5713
chr1	656056	656057	28	0.8312
chr1	656071	656072	32	0.5458
chr1	656118	656119	26	0.78
chr1	656141	656142	32	0.745
chr1	656161	656162	29	0.5574
chr1	656194	656195	29	0.7043
chr1	656220	656221	34	0.6898
chr1	656237	656238	38	0.7507
chr1	656287	656288	27	0.5174
chr1	656329	656330	28	0.6418
chr1	656374	656375	42	0.5515
chr1	656399	656400	33	0.7592
chr1	656449	656450	34	0.6781
chr1	656497	656498	26	0.5996
chr1	656527	656528	35	0.6013
chr1	656577	656578	32	0.7079
chr1	656627	656628	25	0.6043
chr1	656677	656678	42	0.6419
chr1	656777	656778	18	0.7625
chr1	656827	656828	30	0.8195
chr1	656927	656928	27	0.8635
chr1	656978	656979	34	0.6951
chr1	656994	656995	21	0.7458
chr1	657014	657015	28	0.8015
chr1	657045	657046	26	0.7221
chr1	657066	657067	29	0.6892
chr1	657097	657098	33	0.546
chr1	657146	657147	31	0.7425
chr1	657196	657197	23	0.5368
chr1	657246	657247	28	0.7906
chr1	657277	657278	33	0.5945
chr1	657342	657343	31	0.4682
chr1	657357	657358	30	0.6482
chr1	657407	657408	42	0.6777
chr1	657457	657458	25	0.6933
chr1	657472	657473	28	0.6185
chr1	657517	657518	38	0.5908
chr1	657538	657539	25	0.5786
chr1	657567	657568	34	0.7011
chr1	657594	657595	34	0.7394
chr1	657599	657600	28	0.5836
chr1	657699	657700	28	0.7457
chr1	657799	657800	35	0.6457
chr1	657899	657900	31	0.6793
chr1	657999	658000	31	0.615
chr1	658087	658088	31	0.6184
chr1	658089	658090	26	0.8799
chr1	658095	658096	36	0.5987
chr1	658114	658115	17	0.7625
chr1	658149	658150	25	0.9399
chr1	658171	658172	33	0.8571
chr1	658189	658190	27	0.7736
chr1	658225	658226	41	0.8914
chr1	658240	658241	29	0.8957
chr1	658276	658277	33	0.9128
chr1	658292	658293	26	0.8671
chr1	658322	658323	26	0.7939
chr1	658340	658341	17	0.8529
chr1	658361	658362	22	0.9395
chr1	658411	658412	18	0.8696
chr1	658430	658431	38	0.877
chr1	658480	658481	22	1.0
chr1	658530	658531	27	0.8842
chr1	658562	658563	26	0.7572
chr1	658662	658663	29	0.8748
chr1	658731	658732	33	0.9482
chr1	658831	658832	25	0.7913
chr1	658931	658932	32	0.6957
chr1	659007	659008	27	0.8607
chr1	659039	659040	25	0.6565
chr1	659091	659092	31	0.9588
chr1	659106	659107	25	0.911
chr1	659145	659146	28	0.5822
chr1	659164	659165	33	0.6204
chr1	659202	659203	38	0.834
chr1	659220	659221	26	0.9496
chr1	659270	659271	28	0.7887
chr1	659291	659292	34	0.763
chr1	659311	659312	29	0.8174
chr1	659329	659330	31	0.8205
chr1	659358	659359	30	0.7738
chr1	659408	659409	38	0.886
chr1	659439	659440	30	0.7668
chr1	659489	659490	32	0.7048
chr1	659519	659520	20	0.8758
chr1	659536	659537	27	0.8466
chr1	659636	659637	30	0.7415
chr1	659706	659707	27	0.8351
chr1	659806	659807	33	0.8352
chr1	659901	659902	36	0.7963
chr1	659955	659956	25	0.6984
chr1	659997	659998	24	0.8473
chr1	660030	660031	23	0.6802
chr1	660065	660066	31	0.8762
chr1	660091	660092	32	0.6457
chr1	660106	660107	26	0.7167
chr1	660121	660122	24	0.7513
chr1	660149	660150	33	0.9077
chr1	660186	660187	38	0.698
chr1	660204	660205	19	0.8998
chr1	660254	660255	39	0.7327
chr1	660290	660291	26	0.782
chr1	660330	660331	39	0.6864
chr1	660375	660376	27	0.6862
chr1	660421	660422	27	0.9527
chr1	660451	660452	34	0.7195
chr1	660475	660476	25	0.8644
chr1	660525	660526	27	0.8821
chr1	660538	660539	37	0.8423
chr1	660638	660639	34	0.7743
chr1	660738	660739	28	0.8376
chr1	660838	660839	23	0.7808
chr1	660902	660903	28	0.8269
chr1	661002	661003	35	0.8025
chr1	661042	661043	31	0.9059
chr1	661057	661058	28	0.7648
chr1	661106	661107	23	0.6744
chr1	661150	661151	28	0.9028
chr1	661166	661167	26	0.7716
chr1	661203	661204	26	0.9541
chr1	661234	661235	27	0.8281
chr1	661284	661285	32	0.7245
chr1	661302	661303	27	0.7066
chr1	661349	661350	33	0.7926
chr1	661371	661372	34	0.8074
chr1	661393	661394	32	0.7745
chr1	661421	661422	28	0.8032
chr1	661444	661445	40	0.6662
chr1	661475	661476	30	0.788
chr1	661502	661503	35	0.7669
chr1	661527	661528	27	0.7765
chr1	661552	661553	27	0.8154
chr1	661652	661653	33	0.7694
chr1	661752	661753	24	0.6836
chr1	661802	661803	40	0.7828
chr1	661902	661903	34	0.8016
chr1	662002	662003	33	0.8249
chr1	662038	662039	28	0.7637
chr1	662096	662097	37	0.8835
chr1	662106	662107	40	0.9004
chr1	662121	662122	38	0.8239
chr1	662152	662153	23	0.9012
chr1	662167	662168	37	0.8421
chr1	662197	662198	34	0.8047
chr1	662217	662218	35	0.6813
chr1	662264	662265	35	0.859
chr1	662314	662315	23	0.8263
chr1	662364	662365	29	0.7693
chr1	662380	662381	38	0.8176
chr1	662409	662410	27	0.7742
chr1	662447	662448	27	0.8102
chr1	662485	662486	34	0.6575
chr1	662504	662505	31	0.6697
chr1	662523	662524	21	0.8052
chr1	662539	662540	21	0.7433
chr1	662627	662628	37	0.5965
chr1	662677	662678	24	0.5446
chr1	662777	662778	22	0.8376
chr1	662846	662847	29	0.7034
chr1	662946	662947	34	0.8124
chr1	663016	663017	32	0.9223
chr1	663018	663019	37	0.7429
chr1	663046	663047	34	0.8329
chr1	663096	663097	29	0.733
chr1	663145	663146	27	0.8093
chr1	663172	663173	38	0.8059
chr1	663217	663218	30	0.6679
chr1	663261	663262	34	0.8553
chr1	663287	663288	33	0.6155
chr1	663323	663324	18	0.6939
chr1	663352	663353	30	0.7842
chr1	663368	663369	34	0.6319
chr1	663390	663391	25	0.7967
chr1	663437	663438	31	0.8229
chr1	663484	663485	32	0.7432
chr1	663508	663509	35	0.6445
chr1	663608	663609	37	0.8949
chr1	663694	663695	32	0.842
chr1	663794	663795	30	0.7733
chr1	663880	663881	28	0.8037
chr1	663930	663931	27	0.8012
chr1	664030	664031	31	0.9467
chr1	664052	664053	25	0.5177
chr1	664075	664076	26	0.8076
chr1	664112	664113	22	0.6782
chr1	664130	664131	35	0.6549
chr1	664180	664181	42	0.5639
chr1	664257	664258	31	0.6153
chr1	664272	664273	31	0.6071
chr1	664312	664313	30	0.6933
chr1	664357	664358	29	0.7462
chr1	664390	664391	27	0.6515
chr1	664422	664423	37	0.6526
chr1	664454	664455	24	0.6564
chr1	664485	664486	32	0.6345
chr1	664512	664513	30	0.492
chr1	664534	664535	28	0.77
chr1	664563	664564	39	0.6965
chr1	664663	664664	31	0.5682
chr1	664763	664764	27	0.5783
chr1	664863	664864	29	0.6904
chr1	664921	664922	26	0.7788
chr1	665021	665022	27	0.5768
chr1	665045	665046	24	0.74
chr1	665089	665090	36	0.9058
chr1	665135	665136	30	0.9214
chr1	665157	665158	31	0.8732
chr1	665184	665185	21	0.8685
chr1	665212	665213	28	0.9547
chr1	665258	665259	35	0.8403
chr1	665281	665282	28	0.8529
chr1	665302	665303	25	0.8987
chr1	665342	665343	28	0.823
chr1	665358	665359	35	0.9356
chr1	665373	665374	38	0.9531
chr1	665396	665397	31	0.946
chr1	665420	665421	30	0.8365
chr1	665440	665441	23	0.7655
chr1	665463	665464	25	1.0
chr1	665482	665483	26	0.9488
chr1	665489	665490	26	0.9879
chr1	665589	665590	28	0.8682
chr1	665646	665647	41	0.8465
chr1	665723	665724	46	0.9507
chr1	665823	665824	26	0.8605
chr1	665859	665860	25	0.9753
chr1	665866	665867	28	0.3339
chr1	665894	665895	26	0.3103
chr1	665914	665915	32	0.537
chr1	665943	665944	39	0.3448
chr1	665979	665980	28	0.4072
chr1	666029	666030	30	0.3454
chr1	666071	666072	30	0.3079
chr1	666101	666102	28	0.4
chr1	666137	666138	40	0.427
chr1	666175	666176	28	0.4502
chr1	666219	666220	26	0.2524
chr1	666249	666250	17	0.2918
chr1	666290	666291	23	0.5229
chr1	666307	666308	25	0.4545
chr1	666403	666404	33	0.5243
chr1	666492	666493	26	0.4053
chr1	666542	666543	29	0.531
chr1	666592	666593	26	0.3811
chr1	666692	666693	27	0.3617
chr1	666718	666719	29	0.9807
chr1	666720	666721	21	1.0
chr1	666748	666749	32	0.8538
chr1	666768	666769	26	0.8531
chr1	667034	667035	24	0.6209
chr1	667036	667037	34	0.732
chr1	667054	667055	20	0.7404
chr1	667060	667061	26	0.8987
chr1	667128	667129	30	0.5856
chr1	667171	667172	28	0.9268
chr1	667187	667188	28	0.803
chr1	667202	667203	29	0.8756
chr1	667252	667253	28	0.8785
chr1	667295	667296	35	0.8899
chr1	667333	667334	28	0.8057
chr1	667357	667358	24	0.7627
chr1	667388	667389	30	0.9781
chr1	667403	667404	25	0.6719
chr1	667453	667454	30	0.7787
chr1	667483	667484	39	0.8309
chr1	667512	667513	27	0.891
chr1	667562	667563	29	0.7505
chr1	667585	667586	33	0.8467
chr1	667628	667629	30	0.894
chr1	667689	667690	31	0.8257
chr1	667789	667790	26	0.9031
chr1	667889	667890	26	0.8605
chr1	667989	667990	23	0.9931
chr1	668039	668040	25	0.7993
chr1	668065	668066	22	0.943
chr1	668085	668086	28	0.9321
chr1	668115	668116	25	0.7261
chr1	668142	668143	27	0.6299
chr1	668192	668193	27	0.4978
chr1	668210	668211	38	0.5485
chr1	668260	668261	26	0.6527
chr1	668277	668278	36	0.559
chr1	668298	668299	32	0.718
chr1	668348	668349	38	0.7536
chr1	668365	668366	24	0.6451
chr1	668380	668381	41	0.5319
chr1	668398	668399	37	0.7078
chr1	668414	668415	23	0.6838
chr1	668429	668430	37	0.6608
chr1	668444	668445	33	0.5841
chr1	668468	668469	19	0.6626
chr1	668486	668487	26	0.6039
chr1	668505	668506	30	0.7683
chr1	668541	668542	35	0.6563
chr1	668567	668568	30	0.6452
chr1	668605	668606	25	0.5759
chr1	668624	668625	30	0.5374
chr1	668642	668643	24	0.417
chr1	668682	668683	34	0.4479
chr1	668732	668733	23	0.6158
chr1	668782	668783	40	0.5831
chr1	668882	668883	32	0.6788
chr1	668961	668962	33	0.5764
chr1	669061	669062	31	0.7804
chr1	669161	669162	32	0.5747
chr1	669179	669180	28	0.6242
chr1	669185	669186	17	0.7196
chr1	669221	669222	32	0.6431
chr1	669237	669238	30	0.3993
chr1	669287	669288	30	0.4356
chr1	669309	669310	34	0.7846
chr1	669341	669342	29	0.5535
chr1	669358	669359	33	0.5859
chr1	669393	669394	30	0.5353
chr1	669443	669444	29	0.6416
chr1	669461	669462	28	0.4372
chr1	669486	669487	26	0.5197
chr1	669536	669537	34	0.5376
chr1	669586	669587	22	0.4519
chr1	669623	669624	34	0.3966
chr1	669644	669645	35	0.5849
chr1	669659	669660	26	0.4459
chr1	669692	669693	26	0.6364
chr1	669698	669699	42	0.5553
chr1	669798	669799	25	0.5943
chr1	669875	669876	32	0.5594
chr1	669955	669956	32	0.6208
chr1	670006	670007	25	0.6345
chr1	670106	670107	26	0.6207
chr1	670206	670207	33	0.5672
chr1	670234	670235	24	0.8762
chr1	670332	670333	26	0.967
chr1	670390	670391	28	0.9106
chr1	670408	670409	23	0.6675
chr1	670438	670439	32	0.7745
chr1	670520	670521	24	0.9457
chr1	670634	670635	29	0.8387
chr1	671525	671526	22	0.2175
chr1	671543	671544	29	0.3224
chr1	671584	671585	30	0.1296
chr1	671600	671601	34	0.1082
chr1	671635	671636	28	0.0
chr1	671667	671668	26	0.0949
chr1	671717	671718	18	0.2492
chr1	671738	671739	18	0.148
chr1	671788	671789	41	0.15
chr1	671810	671811	31	0.0269
chr1	671834	671835	27	0.17
chr1	671881	671882	25	0.2483
chr1	671896	671897	34	0.2293
chr1	671927	671928	16	0.1404
chr1	671950	671951	33	0.218
chr1	672000	672001	23	0.1939
chr1	672046	672047	27	0.0993
chr1	672064	672065	21	0.1649
chr1	672087	672088	36	0.1685
chr1	672187	672188	19	0.1481
chr1	672287	672288	29	0.2574
chr1	672337	672338	31	0.2658
chr1	672437	672438	40	0.0612
chr1	672537	672538	29	0.0869
chr1	672637	672638	34	0.2756
chr1	672677	672678	30	0.091
chr1	672690	672691	24	0.7534
chr1	672717	672718	31	0.7434
chr1	672745	672746	29	0.7666
chr1	672771	672772	33	0.8173
chr1	672806	672807	22	0.7467
chr1	672821	672822	28	0.8348
chr1	672870	672871	26	0.7234
chr1	672914	672915	22	0.6711
chr1	672961	672962	34	0.7506
chr1	673003	673004	32	0.5572
chr1	673047	673048	27	0.7039
chr1	673078	673079	32	0.9571
chr1	673166	673167	33	0.5654
chr1	673266	673267	27	0.7685
chr1	673341	673342	29	0.8661
chr1	673429	673430	35	0.6604
chr1	673463	673464	23	0.9743
chr1	673471	673472	27	0.5809
chr1	673520	673521	39	0.585
chr1	673547	673548	38	0.5937
chr1	673581	673582	30	0.5189
chr1	673600	673601	33	0.4314
chr1	673631	673632	26	0.5893
chr1	673672	673673	33	0.3948
chr1	673695	673696	24	0.4818
chr1	673745	673746	32	0.4758
chr1	673775	673776	29	0.6036
chr1	673796	673797	36	0.4718
chr1	673846	673847	34	0.3869
chr1	673896	673897	31	0.4683
chr1	673946	673947	44	0.5217
chr1	673975	673976	14	0.4893
chr1	674024	674025	24	0.5286
chr1	674124	674125	30	0.5285
chr1	674211	674212	36	0.4309
chr1	674311	674312	38	0.4638
chr1	674361	674362	30	0.4781
chr1	674461	674462	28	0.6036
chr1	674511	674512	29	0.4722
chr1	674541	674542	29	0.9757
chr1	674783	674784	33	0.9503
chr1	674827	674828	26	0.8926
chr1	674839	674840	37	0.8041
chr1	674843	674844	34	0.7314
chr1	674895	674896	20	1.0
chr1	674927	674928	31	0.7529
chr1	674971	674972	29	0.5668
chr1	675017	675018	34	0.7199
chr1	675032	675033	22	0.6603
chr1	675048	675049	37	0.739
chr1	675063	675064	29	0.8562
chr1	675086	675087	31	0.6421
chr1	675128	675129	32	0.6865
chr1	675171	675172	29	0.6014
chr1	675205	675206	36	0.7982
chr1	675255	675256	34	0.7084
chr1	675292	675293	25	0.7349
chr1	675322	675323	29	0.6922
chr1	675337	675338	17	0.7426
chr1	675357	675358	33	0.7885
chr1	675378	675379	24	0.6846
chr1	675393	675394	30	0.7512
chr1	675420	675421	45	0.7993
chr1	675501	675502	30	0.8677
chr1	675567	675568	34	0.8598
chr1	675667	675668	17	0.8501
chr1	675767	675768	37	0.8778
chr1	675867	675868	19	0.8648
chr1	675915	675916	20	0.8085
chr1	675929	675930	16	0.8271
chr1	675961	675962	23	0.2001
chr1	675978	675979	32	0.0
chr1	676022	676023	27	0.0687
chr1	676052	676053	36	0.0
chr1	676101	676102	32	0.554
chr1	676151	676152	32	0.5459
chr1	676183	676184	30	0.175
chr1	676226	676227	43	0.913
chr1	676252	676253	28	0.5564
chr1	676297	676298	36	0.1984
chr1	676334	676335	23	0.191
chr1	676384	676385	35	0.4153
chr1	676431	676432	37	0.5818
chr1	676446	676447	28	0.856
chr1	676486	676487	24	0.6821
chr1	676504	676505	31	0.5241
chr1	676532	676533	32	0.4619
chr1	676550	676551	36	0.1196
chr1	676571	676572	36	0.3308
chr1	676598	676599	25	0.0
chr1	676622	676623	20	0.0
chr1	676625	676626	27	0.0395
chr1	676721	676722	30	0.6746
chr1	676818	676819	31	0.4048
chr1	676918	676919	27	0.083
chr1	677018	677019	25	0.5424
chr1	677118	677119	30	0.4932
chr1	677218	677219	38	0.4581
chr1	677244	677245	26	0.0846
chr1	677277	677278	29	0.7857
chr1	677326	677327	23	0.7515
chr1	677342	677343	25	0.702
chr1	677389	677390	29	0.9302
chr1	677412	677413	32	0.6617
chr1	677430	677431	29	0.7395
chr1	677461	677462	31	0.7965
chr1	677487	677488	25	0.8251
chr1	677502	677503	30	0.7477
chr1	677525	677526	34	0.8061
chr1	677551	677552	30	0.824
chr1	677601	677602	22	0.6937
chr1	677621	677622	35	0.6943
chr1	677636	677637	29	0.8506
chr1	677659	677660	26	0.6969
chr1	677701	677702	23	0.6403
chr1	677738	677739	30	0.6224
chr1	677758	677759	19	0.8194
chr1	677783	677784	30	0.7067
chr1	677813	677814	24	0.8318
chr1	677833	677834	36	0.7102
chr1	677916	677917	28	0.8996
chr1	677979	677980	32	0.7999
chr1	678079	678080	32	0.7777
chr1	678179	678180	34	0.7366
chr1	678229	678230	26	0.9041
chr1	678329	678330	27	0.6493
chr1	678427	678428	29	0.9944
chr1	678469	678470	27	0.5234
chr1	678512	678513	30	0.8053
chr1	678527	678528	33	0.4712
chr1	678542	678543	30	0.6922
chr1	678570	678571	34	0.5307
chr1	678588	678589	25	0.7017
chr1	678638	678639	28	0.5897
chr1	678677	678678	38	0.4648
chr1	678699	678700	24	0.5642
chr1	678723	678724	22	0.6914
chr1	678738	678739	29	0.6429
chr1	678775	678776	28	0.4775
chr1	678796	678797	30	0.5186
chr1	678839	678840	33	0.5547
chr1	678861	678862	30	0.6727
chr1	678896	678897	38	0.67
chr1	678922	678923	30	0.6019
chr1	678945	678946	32	0.5049
chr1	678978	678979	26	0.6622
chr1	679072	679073	30	0.6166
chr1	679172	679173	30	0.4909
chr1	679256	679257	30	0.6007
chr1	679356	679357	22	0.6664
chr1	679456	679457	28	0.7146
chr1	679554	679555	31	0.7424
chr1	679560	679561	29	0.5154
chr1	679586	679587	26	0.5659
chr1	679625	679626	36	0.5268
chr1	679675	679676	31	0.6367
chr1	679690	679691	33	0.4632
chr1	679740	679741	21	0.4888
chr1	679779	679780	34	0.4805
chr1	679794	679795	31	0.6421
chr1	679809	679810	25	0.3874
chr1	679830	679831	30	0.5604
chr1	679855	679856	31	0.616
chr1	679870	679871	26	0.587
chr1	679900	679901	29	0.4239
chr1	679926	679927	26	0.5229
chr1	679963	679964	32	0.6254
chr1	680013	680014	29	0.4806
chr1	680042	680043	37	0.5159
chr1	680077	680078	33	0.4825
chr1	680094	680095	23	0.5821
chr1	680114	680115	38	0.6695
chr1	680126	680127	26	0.6134
chr1	680219	680220	32	0.3992
chr1	680316	680317	28	0.5248
chr1	680416	680417	29	0.6014
chr1	680473	680474	30	0.3633
chr1	680573	680574	19	0.6778
chr1	680673	680674	30	0.516
chr1	680821	680822	26	0.9644
chr1	680909	680910	25	0.8519
chr1	680937	680938	31	0.9477
chr1	681055	681056	27	0.8958
chr1	681083	681084	33	0.7931
chr1	681127	681128	23	0.9641
chr1	681151	681152	38	0.8266
chr1	681166	681167	30	0.7179
chr1	681216	681217	28	0.6171
chr1	681266	681267	28	0.6447
chr1	681286	681287	32	0.6156
chr1	681301	681302	32	0.7855
chr1	681329	681330	33	0.8123
chr1	681349	681350	30	0.9105
chr1	681380	681381	28	0.7599
chr1	681404	681405	31	0.8089
chr1	681432	681433	32	0.7479
chr1	681482	681483	29	0.9294
chr1	681507	681508	20	0.7359
chr1	681532	681533	27	0.7704
chr1	681552	681553	34	0.7392
chr1	681613	681614	32	0.7961
chr1	681690	681691	27	0.8671
chr1	681766	681767	30	0.6023
chr1	681866	681867	31	0.8108
chr1	681948	681949	35	0.7554
chr1	681956	681957	31	0.3619
chr1	681972	681973	20	0.3842
chr1	682002	682003	27	0.4868
chr1	682034	682035	26	0.516
chr1	682055	682056	35	0.4493
chr1	682093	682094	31	0.2713
chr1	682117	682118	25	0.2528
chr1	682161	682162	30	0.2757
chr1	682211	682212	38	0.263
chr1	682235	682236	32	0.4179
chr1	682266	682267	27	0.1741
chr1	682290	682291	12	0.3569
chr1	682338	682339	29	0.4157
chr1	682388	682389	26	0.5212
chr1	682438	682439	22	0.4053
chr1	682478	682479	27	0.3908
chr1	682488	682489	26	0.2927
chr1	682588	682589	30	0.3809
chr1	682653	682654	32	0.614
chr1	682753	682754	26	0.3689
chr1	682853	682854	28	0.2453
chr1	682950	682951	28	0.2631
chr1	682996	682997	29	0.634
chr1	683012	683013	38	0.8339
chr1	683324	683325	28	0.5239
chr1	683392	683393	25	0.5476
chr1	683428	683429	21	0.6292
chr1	683442	683443	24	0.6726
chr1	683492	683493	35	0.4608
chr1	683532	683533	25	0.7901
chr1	683551	683552	20	0.4804
chr1	683572	683573	32	0.6851
chr1	683616	683617	24	0.506
chr1	683631	683632	30	0.5487
chr1	683677	683678	27	0.5813
chr1	683701	683702	33	0.6476
chr1	683717	683718	29	0.6271
chr1	683747	683748	20	0.456
chr1	683797	683798	25	0.5407
chr1	683832	683833	28	0.4832
chr1	683847	683848	27	0.5291
chr1	683876	683877	22	0.6458
chr1	683904	683905	29	0.6986
chr1	683921	683922	31	0.5486
chr1	683936	683937	28	0.5534
chr1	683960	683961	33	0.4749
chr1	684003	684004	27	0.6821
chr1	684013	684014	31	0.6196
chr1	684113	684114	22	0.8008
chr1	684180	684181	22	0.682
chr1	684280	684281	29	0.5616
chr1	684380	684381	28	0.592
chr1	684438	684439	33	0.4246
chr1	684444	684445	31	0.7519
chr1	684478	684479	26	0.5054
chr1	684497	684498	35	0.8885
chr1	684536	684537	36	0.7704
chr1	684586	684587	23	0.828
chr1	684609	684610	26	0.875
chr1	684654	684655	25	0.8325
chr1	684681	684682	32	0.9016
chr1	684699	684700	30	0.9718
chr1	684734	684735	26	0.8398
chr1	684765	684766	29	0.9037
chr1	684804	684805	32	1.0
chr1	684854	684855	33	0.6776
chr1	684875	684876	33	0.8146
chr1	684890	684891	35	0.7262
chr1	684940	684941	28	0.8449
chr1	684957	684958	29	0.7333
chr1	684981	684982	36	0.7868
chr1	685031	685032	24	0.8215
chr1	685131	685132	41	0.8137
chr1	685183	685184	25	0.7984
chr1	685233	685234	28	0.8303
chr1	685307	685308	28	0.6883
chr1	685401	685402	33	0.9401
chr1	685489	685490	16	0.9899
chr1	685497	685498	32	0.5418
chr1	685522	685523	30	0.3693
chr1	685539	685540	29	0.4426
chr1	685581	685582	33	0.4164
chr1	685596	685597	28	0.4972
chr1	685636	685637	30	0.3609
chr1	685653	685654	29	0.3318
chr1	685703	685704	23	0.3321
chr1	685729	685730	33	0.2777
chr1	685758	685759	31	0.3282
chr1	685803	685804	23	0.3769
chr1	685835	685836	28	0.4579
chr1	685850	685851	25	0.3578
chr1	685900	685901	30	0.4495
chr1	685940	685941	36	0.5432
chr1	685957	685958	19	0.4373
chr1	685972	685973	33	0.4578
chr1	686018	686019	23	0.3436
chr1	686055	686056	38	0.5112
chr1	686058	686059	32	0.3342
chr1	686157	686158	37	0.4755
chr1	686220	686221	28	0.3617
chr1	686281	686282	27	0.6638
chr1	686381	686382	37	0.4489
chr1	686468	686469	24	0.5144
chr1	686564	686565	32	0.3608
chr1	686668	686669	31	0.7339
chr1	686680	686681	34	0.6681
chr1	686684	686685	28	0.5786
chr1	686940	686941	18	0.5496
chr1	686956	686957	25	0.7879
chr1	687006	687007	28	0.4439
chr1	687027	687028	25	0.4883
chr1	687044	687045	32	0.7536
chr1	687059	687060	36	0.4358
chr1	687109	687110	29	0.5953
chr1	687124	687125	34	0.529
chr1	687139	687140	35	0.4226
chr1	687189	687190	37	0.4694
chr1	687206	687207	24	0.6007
chr1	687256	687257	29	0.4466
chr1	687288	687289	31	0.7032
chr1	687330	687331	39	0.4366
chr1	687345	687346	33	0.6087
chr1	687395	687396	24	0.5604
chr1	687419	687420	17	0.556
chr1	687450	687451	25	0.3687
chr1	687478	687479	30	0.5522
chr1	687578	687579	36	0.6482
chr1	687628	687629	28	0.7404
chr1	687684	687685	28	0.5678
chr1	687784	687785	27	0.4266
chr1	687884	687885	25	0.4629
chr1	687952	687953	31	0.7325
chr1	687964	687965	30	0.6535
chr1	687990	687991	29	0.5987
chr1	688006	688007	38	0.8707
chr1	688040	688041	25	0.6087
chr1	688090	688091	30	0.5898
chr1	688124	688125	35	0.8002
chr1	688155	688156	24	0.7429
chr1	688183	688184	26	0.6295
chr1	688233	688234	26	0.7691
chr1	688273	688274	35	0.6968
chr1	688298	688299	30	0.8172
chr1	688326	688327	33	0.9157
chr1	688344	688345	31	0.7542
chr1	688368	688369	27	0.7911
chr1	688418	688419	30	0.7875
chr1	688433	688434	27	0.6721
chr1	688468	688469	25	0.721
chr1	688568	688569	29	0.8673
chr1	688668	688669	26	0.8123
chr1	688768	688769	25	0.6462
chr1	688868	688869	30	0.6538
chr1	688944	688945	37	0.6885
chr1	689002	689003	26	0.8383
chr1	689038	689039	25	0.5179
chr1	689058	689059	33	0.6005
chr1	689086	689087	25	0.7088
chr1	689133	689134	35	0.7877
chr1	689183	689184	29	0.7583
chr1	689206	689207	38	0.5822
chr1	689256	689257	30	0.698
chr1	689275	689276	36	0.8387
chr1	689308	689309	30	0.7409
chr1	689341	689342	26	0.7057
chr1	689391	689392	24	0.7311
chr1	689415	689416	22	0.6992
chr1	689449	689450	23	0.5585
chr1	689469	689470	26	0.7446
chr1	689502	689503	29	0.6823
chr1	689531	689532	37	0.7274
chr1	689566	689567	37	0.6051
chr1	689666	689667	33	0.523
chr1	689766	689767	21	0.5008
chr1	689816	689817	30	0.6647
chr1	689916	689917	30	0.7232
chr1	689985	689986	30	0.6539
chr1	690085	690086	35	0.712
chr1	690099	690100	27	0.7012
chr1	690147	690148	31	0.4687
chr1	690156	690157	28	0.5555
chr1	690195	690196	35	0.637
chr1	690230	690231	28	0.6827
chr1	690260	690261	37	0.7925
chr1	690294	690295	37	0.5616
chr1	690309	690310	31	0.659
chr1	690352	690353	30	0.7547
chr1	690378	690379	26	0.5595
chr1	690419	690420	27	0.6033
chr1	690469	690470	17	0.709
chr1	690515	690516	31	0.7639
chr1	690545	690546	36	0.6091
chr1	690562	690563	24	0.5986
chr1	690580	690581	25	0.5085
chr1	690611	690612	18	0.6077
chr1	690660	690661	35	0.7076
chr1	690671	690672	29	0.5948
chr1	690764	690765	34	0.757
chr1	690864	690865	25	0.4971
chr1	690964	690965	30	0.7364
chr1	691064	691065	31	0.7185
chr1	691114	691115	26	0.6352
chr1	691156	691157	23	0.9349
chr1	691200	691201	41	0.938
chr1	691236	691237	22	0.8228
chr1	691316	691317	34	0.7877
chr1	691490	691491	27	0.9575
chr1	691590	691591	27	0.891
chr1	691598	691599	34	0.9858
chr1	691610	691611	29	0.7633
chr1	691631	691632	30	0.6929
chr1	691681	691682	26	0.713
chr1	691721	691722	27	0.7676
chr1	691758	691759	30	0.8177
chr1	691808	691809	26	0.6162
chr1	691841	691842	30	0.8271
chr1	691856	691857	32	0.888
chr1	691880	691881	29	0.881
chr1	691908	691909	36	0.8126
chr1	691958	691959	34	0.6501
chr1	691981	691982	29	0.8368
chr1	692023	692024	24	0.7789
chr1	692049	692050	30	0.8837
chr1	692085	692086	35	0.7741
chr1	692094	692095	31	0.802
chr1	692144	692145	22	0.7572
chr1	692244	692245	29	0.7892
chr1	692337	692338	33	0.6116
chr1	692437	692438	22	0.8809
chr1	692537	692538	30	0.8423
chr1	692583	692584	28	0.9107
chr1	692603	692604	33	0.7808
chr1	692614	692615	36	0.8259
chr1	692641	692642	39	0.7929
chr1	692680	692681	28	0.9183
chr1	692704	692705	33	0.8304
chr1	692752	692753	27	0.9218
chr1	692802	692803	29	0.8459
chr1	692818	692819	28	0.8742
chr1	692836	692837	37	0.9316
chr1	692886	692887	35	0.8784
chr1	692930	692931	35	0.8128
chr1	692963	692964	33	1.0
chr1	692978	692979	27	0.8659
chr1	693028	693029	35	1.0
chr1	693044	693045	31	0.7479
chr1	693094	693095	27	0.7168
chr1	693115	693116	35	0.8232
chr1	693202	693203	26	0.8999
chr1	693278	693279	28	0.7847
chr1	693378	693379	35	0.7384
chr1	693478	693479	38	0.7049
chr1	693578	693579	41	0.9493
chr1	693614	693615	30	0.9119
chr1	693620	693621	29	0.5289
chr1	693670	693671	36	0.4745
chr1	693697	693698	30	0.485
chr1	693712	693713	28	0.5461
chr1	693746	693747	22	0.4554
chr1	693761	693762	28	0.3844
chr1	693776	693777	33	0.5655
chr1	693807	693808	25	0.467
chr1	693841	693842	18	0.5971
chr1	693879	693880	27	0.3588
chr1	693901	693902	28	0.4807
chr1	693931	693932	29	0.5016
chr1	693968	693969	32	0.3463
chr1	693994	693995	35	0.6036
chr1	694036	694037	35	0.5819
chr1	694064	694065	28	0.5562
chr1	694114	694115	32	0.5995
chr1	694132	694133	28	0.591
chr1	694137	694138	25	0.613
chr1	694237	694238	25	0.5798
chr1	694337	694338	30	0.659
chr1	694437	694438	26	0.621
chr1	694537	694538	32	0.6075
chr1	694637	694638	25	0.6099
chr1	694769	694770	32	0.5671
chr1	694793	694794	31	0.6491
chr1	694835	694836	31	0.5854
chr1	694895	694896	32	0.9128
chr1	694967	694968	28	0.6344
chr1	694969	694970	32	0.5044
chr1	694989	694990	23	0.4795
chr1	695063	695064	25	0.6724
chr1	695091	695092	33	0.8023
chr1	695103	695104	25	0.5535
chr1	695144	695145	28	0.7362
chr1	695183	695184	27	0.6083
chr1	695223	695224	31	0.6778
chr1	695245	695246	24	0.6376
chr1	695295	695296	36	0.6588
chr1	695321	695322	33	0.6836
chr1	695351	695352	33	0.4277
chr1	695401	695402	32	0.6387
chr1	695451	695452	23	0.6453
chr1	695487	695488	38	0.7048
chr1	695511	695512	32	0.5698
chr1	695528	695529	34	0.5985
chr1	695628	695629	29	0.6864
chr1	695722	695723	33	0.7742
chr1	695772	695773	28	0.7244
chr1	695833	695834	25	0.7185
chr1	695869	695870	31	0.7831
chr1	695895	695896	35	0.6528
chr1	695944	695945	19	0.0447
chr1	695982	695983	31	0.1255
chr1	696032	696033	28	0.0321
chr1	696082	696083	25	0.1549
chr1	696118	696119	34	0.1758
chr1	696154	696155	21	0.1221
chr1	696204	696205	33	0.2973
chr1	696229	696230	35	0.2187
chr1	696244	696245	25	0.0362
chr1	696294	696295	27	0.0779
chr1	696344	696345	30	0.057
chr1	696359	696360	31	0.0616
chr1	696389	696390	26	0.2479
chr1	696416	696417	30	0.0706
chr1	696516	696517	23	0.2263
chr1	696566	696567	36	0.02
chr1	696616	696617	22	0.0003
chr1	696684	696685	30	0.2199
chr1	696734	696735	34	0.0035
chr1	696834	696835	26	0.104
chr1	696838	696839	33	0.2001
chr1	696906	696907	32	0.0924
chr1	696916	696917	30	0.883
chr1	696936	696937	29	0.706
chr1	696953	696954	30	0.7321
chr1	696980	696981	32	0.7485
chr1	697003	697004	25	0.826
chr1	697019	697020	25	0.7908
chr1	697059	697060	31	0.5672
chr1	697074	697075	32	0.6579
chr1	697098	697099	35	0.5163
chr1	697133	697134	33	0.6446
chr1	697157	697158	32	0.5979
chr1	697190	697191	39	0.716
chr1	697240	697241	27	0.5005
chr1	697255	697256	27	0.5518
chr1	697291	697292	24	0.7378
chr1	697341	697342	23	0.8927
chr1	697377	697378	29	0.5137
chr1	697477	697478	28	0.8077
chr1	697527	697528	27	0.7895
chr1	697627	697628	37	0.8295
chr1	697727	697728	29	0.9937
chr1	697827	697828	26	0.998
chr1	697871	697872	28	0.8743
chr1	697951	697952	19	0.8685
chr1	697961	697962	31	0.7676
chr1	697979	697980	32	0.9047
chr1	698051	698052	36	0.9964
chr1	698065	698066	24	0.6558
chr1	698147	698148	29	0.8854
chr1	698175	698176	28	0.6703
chr1	698327	698328	32	0.9047
chr1	698337	698338	32	0.1924
chr1	698356	698357	31	0.393
chr1	698406	698407	33	0.2083
chr1	698424	698425	31	0.2927
chr1	698440	698441	30	0.4049
chr1	698463	698464	28	0.4397
chr1	698513	698514	26	0.4301
chr1	698550	698551	25	0.4664
chr1	698565	698566	22	0.3469
chr1	698613	698614	32	0.3365
chr1	698663	698664	35	0.3138
chr1	698713	698714	40	0.31
chr1	698748	698749	29	0.2661
chr1	698798	698799	31	0.1707
chr1	698848	698849	29	0.3969
chr1	698948	698949	38	0.2588
chr1	699048	699049	32	0.3138
chr1	699148	699149	32	0.3285
chr1	699178	699179	35	0.3394
chr1	699226	699227	32	0.2281
chr1	699254	699255	29	0.6424
chr1	699298	699299	26	0.5075
chr1	699333	699334	23	0.6361
chr1	699383	699384	29	0.5928
chr1	699433	699434	31	0.6505
chr1	699457	699458	19	0.6196
chr1	699507	699508	27	0.6371
chr1	699532	699533	19	0.7103
chr1	699547	699548	26	0.5962
chr1	699570	699571	24	0.6656
chr1	699620	699621	35	0.6821
chr1	699667	699668	24	0.7357
chr1	699717	699718	27	0.6989
chr1	699742	699743	31	0.5672
chr1	699823	699824	26	0.6083
chr1	699923	699924	33	0.4804
chr1	700023	700024	23	0.545
chr1	700123	700124	16	0.623
chr1	700173	700174	26	0.7637
chr1	700273	700274	22	0.5254
chr1	700279	700280	25	0.6183
chr1	700314	700315	29	0.4472
chr1	700331	700332	22	0.4593
chr1	700381	700382	24	0.3789
chr1	700408	700409	30	0.4944
chr1	700458	700459	31	0.4209
chr1	700507	700508	28	0.3851
chr1	700544	700545	25	0.5214
chr1	700572	700573	34	0.4154
chr1	700622	700623	28	0.4156
chr1	700664	700665	37	0.7579
chr1	700714	700715	36	0.6492
chr1	700764	700765	39	0.588
chr1	700779	700780	37	0.4722
chr1	700799	700800	30	0.5778
chr1	700814	700815	35	0.4553
chr1	700864	700865	24	0.3344
chr1	700865	700866	35	0.4315
chr1	700915	700916	22	0.5812
chr1	700973	700974	25	0.4657
chr1	701054	701055	27	0.5884
chr1	701152	701153	37	0.4835
chr1	701252	701253	27	0.4677
chr1	701307	701308	27	0.4973
chr1	701407	701408	33	0.6865
chr1	701457	701458	28	0.863
chr1	701469	701470	28	0.8407
chr1	701489	701490	23	0.5472
chr1	701587	701588	29	0.7904
chr1	701631	701632	16	0.7745
chr1	701771	701772	28	0.6775
chr1	701825	701826	33	0.8447
chr1	701843	701844	34	0.6812
chr1	701871	701872	22	0.7953
chr1	701876	701877	17	0.4097
chr1	701904	701905	39	0.4592
chr1	701940	701941	24	0.6538
chr1	701974	701975	30	0.5396
chr1	702011	702012	29	0.6783
chr1	702061	702062	33	0.4841
chr1	702090	702091	36	0.4355
chr1	702117	702118	28	0.6823
chr1	702162	702163	39	0.4347
chr1	702212	702213	32	0.5594
chr1	702259	702260	26	0.455
chr1	702274	702275	21	0.5725
chr1	702308	702309	29	0.5755
chr1	702318	702319	33	0.3489
chr1	702378	702379	29	0.5034
chr1	702428	702429	37	0.4485
chr1	702528	702529	43	0.4182
chr1	702628	702629	30	0.4932
chr1	702728	702729	22	0.4779
chr1	702736	702737	35	0.9166
chr1	702750	702751	31	0.6689
chr1	703012	703013	37	0.7198
chr1	703162	703163	23	0.8736
chr1	703190	703191	23	0.8428
chr1	703225	703226	29	0.8305
chr1	703244	703245	32	0.8408
chr1	703273	703274	26	0.755
chr1	703316	703317	35	0.7003
chr1	703338	703339	25	0.7531
chr1	703372	703373	39	0.6837
chr1	703389	703390	34	0.7434
chr1	703439	703440	29	0.8975
chr1	703464	703465	30	0.7447
chr1	703479	703480	29	0.7344
chr1	703502	703503	29	0.7663
chr1	703548	703549	24	0.7069
chr1	703588	703589	28	0.9036
chr1	703610	703611	28	0.7123
chr1	703639	703640	29	0.674
chr1	703678	703679	35	0.7543
chr1	703718	703719	35	0.6633
chr1	703747	703748	19	0.843
chr1	703751	703752	31	0.708
chr1	703801	703802	24	0.7278
chr1	703901	703902	31	0.7368
chr1	704001	704002	31	0.7524
chr1	704101	704102	25	0.685
chr1	704151	704152	29	0.7653
chr1	704251	704252	26	0.805
chr1	704293	704294	33	0.9239
chr1	704341	704342	29	0.7583
chr1	704367	704368	33	0.5375
chr1	704393	704394	34	0.6801
chr1	704427	704428	34	0.6274
chr1	704454	704455	33	0.6916
chr1	704493	704494	28	0.7432
chr1	704543	704544	36	0.783
chr1	704558	704559	31	0.6643
chr1	704608	704609	34	0.4993
chr1	704658	704659	28	0.4517
chr1	704703	704704	32	0.7436
chr1	704753	704754	26	0.7396
chr1	704768	704769	29	0.6782
chr1	704786	704787	27	0.6023
chr1	704806	704807	28	0.7585
chr1	704836	704837	29	0.7123
chr1	704876	704877	31	0.5412
chr1	704890	704891	32	0.6867
chr1	704940	704941	32	0.7767
chr1	705040	705041	24	0.6309
chr1	705138	705139	30	0.65
chr1	705226	705227	24	0.5786
chr1	705326	705327	28	0.7763
chr1	705407	705408	38	0.6737
chr1	705461	705462	37	0.6739
chr1	705489	705490	22	0.6397
chr1	705515	705516	31	0.2951
chr1	705543	705544	29	0.3019
chr1	705580	705581	15	0.119
chr1	705628	705629	28	0.2042
chr1	705678	705679	32	0.2026
chr1	705695	705696	38	0.1491
chr1	705710	705711	25	0.3318
chr1	705750	705751	30	0.0287
chr1	705765	705766	27	0.1742
chr1	705780	705781	31	0.2958
chr1	705795	705796	35	0.1375
chr1	705837	705838	26	0.1383
chr1	705869	705870	28	0.0976
chr1	705919	705920	19	0.185
chr1	705931	705932	32	0.2841
chr1	705996	705997	28	0.1393
chr1	706073	706074	28	0.3229
chr1	706129	706130	26	0.1445
chr1	706229	706230	29	0.1283
chr1	706329	706330	28	0.2367
chr1	706335	706336	37	0.0
chr1	706343	706344	15	0.5666
chr1	706362	706363	33	0.589
chr1	706402	706403	36	0.675
chr1	706444	706445	29	0.558
chr1	706494	706495	30	0.5026
chr1	706518	706519	19	0.5927
chr1	706568	706569	32	0.5122
chr1	706583	706584	31	0.4418
chr1	706607	706608	26	0.4059
chr1	706624	706625	36	0.4586
chr1	706652	706653	35	0.5766
chr1	706693	706694	35	0.5672
chr1	706708	706709	31	0.4215
chr1	706723	706724	31	0.379
chr1	706743	706744	33	0.5097
chr1	706787	706788	26	0.6026
chr1	706837	706838	35	0.4153
chr1	706887	706888	27	0.5495
chr1	706904	706905	26	0.4953
chr1	706910	706911	26	0.4434
chr1	707001	707002	24	0.5447
chr1	707068	707069	28	0.5075
chr1	707163	707164	24	0.4996
chr1	707257	707258	27	0.3914
chr1	707336	707337	41	0.5758
chr1	707436	707437	31	0.7214
chr1	707462	707463	32	0.1687
chr1	707474	707475	31	0.1447
chr1	707554	707555	29	0.2015
chr1	707710	707711	29	0.2393
chr1	707738	707739	29	0.284
chr1	707752	707753	33	0.1931
chr1	707806	707807	25	0.1518
chr1	707852	707853	27	0.2045
chr1	707862	707863	31	0.7283
chr1	707912	707913	30	0.6728
chr1	707962	707963	33	0.7037
chr1	708011	708012	32	0.8186
chr1	708029	708030	32	0.7241
chr1	708055	708056	31	0.7621
chr1	708087	708088	26	0.6674
chr1	708119	708120	28	0.699
chr1	708150	708151	26	0.6895
chr1	708172	708173	33	0.7326
chr1	708188	708189	24	0.7832
chr1	708210	708211	19	0.7539
chr1	708229	708230	28	0.7616
chr1	708244	708245	28	0.6913
chr1	708259	708260	35	0.7422
chr1	708324	708325	22	0.7566
chr1	708424	708425	29	0.7874
chr1	708524	708525	28	0.9049
chr1	708624	708625	33	0.8449
chr1	708690	708691	33	0.7614
chr1	708700	708701	30	0.3208
chr1	708725	708726	26	0.5022
chr1	708741	708742	23	0.4767
chr1	708764	708765	27	0.4235
chr1	708792	708793	33	0.47
chr1	708829	708830	33	0.3356
chr1	708879	708880	32	0.4139
chr1	708924	708925	35	0.5016
chr1	708941	708942	37	0.2607
chr1	708974	708975	34	0.4143
chr1	708997	708998	17	0.4302
chr1	709023	709024	31	0.5745
chr1	709042	709043	39	0.5525
chr1	709076	709077	28	0.4712
chr1	709106	709107	30	0.4071
chr1	709156	709157	37	0.5032
chr1	709159	709160	33	0.6412
chr1	709254	709255	28	0.4097
chr1	709304	709305	28	0.5085
chr1	709402	709403	30	0.3631
chr1	709499	709500	27	0.4229
chr1	709595	709596	29	0.4818
chr1	709733	709734	33	0.0879
chr1	709777	709778	37	0.0571
chr1	709805	709806	27	0.0266
chr1	709811	709812	30	0.1174
chr1	709823	709824	43	0.1807
chr1	709893	709894	25	0.1426
chr1	709905	709906	34	0.0655
chr1	710005	710006	31	0.1349
chr1	710013	710014	20	0.0466
chr1	710017	710018	23	0.1055
chr1	710028	710029	33	0.8977
chr1	710078	710079	32	0.7547
chr1	710128	710129	30	0.726
chr1	710149	710150	31	0.7749
chr1	710166	710167	30	0.842
chr1	710216	710217	39	0.8823
chr1	710257	710258	29	0.8763
chr1	710285	710286	22	0.8026
chr1	710335	710336	25	0.8692
chr1	710350	710351	26	0.6814
chr1	710380	710381	26	0.8901
chr1	710396	710397	34	0.7804
chr1	710424	710425	36	0.701
chr1	710456	710457	24	0.7633
chr1	710484	710485	23	0.9324
chr1	710502	710503	23	0.7979
chr1	710513	710514	27	0.8933
chr1	710613	710614	29	0.9235
chr1	710700	710701	35	0.8059
chr1	710800	710801	28	0.9105
chr1	710850	710851	29	0.7682
chr1	710900	710901	24	0.8504
chr1	710906	710907	30	0.8919
chr1	710946	710947	30	0.7344
chr1	710959	710960	32	0.8883
chr1	710974	710975	33	0.664
chr1	710996	710997	31	0.7421
chr1	711024	711025	31	0.8439
chr1	711044	711045	22	0.7877
chr1	711082	711083	28	0.8799
chr1	711103	711104	34	0.991
chr1	711118	711119	23	0.7445
chr1	711133	711134	34	0.8485
chr1	711174	711175	32	0.8824
chr1	711194	711195	30	0.7497
chr1	711225	711226	28	0.7431
chr1	711240	711241	22	0.7539
chr1	711290	711291	37	0.7269
chr1	711325	711326	32	0.7577
chr1	711356	711357	32	0.8961
chr1	711400	711401	31	0.7603
chr1	711450	711451	31	0.8051
chr1	711473	711474	20	0.714
chr1	711573	711574	25	0.6456
chr1	711673	711674	28	0.777
chr1	711757	711758	28	0.8186
chr1	711857	711858	31	0.6825
chr1	711957	711958	36	0.7636
chr1	712019	712020	32	0.7671
chr1	712029	712030	34	0.904
chr1	712046	712047	32	0.0858
chr1	712074	712075	30	0.0445
chr1	712119	712120	39	0.2261
chr1	712163	712164	24	0.2285
chr1	712178	712179	32	0.2116
chr1	712219	712220	29	0.1888
chr1	712254	712255	33	0.2936
chr1	712292	712293	33	0.1955
chr1	712326	712327	37	0.1558
chr1	712347	712348	40	0.2652
chr1	712375	712376	27	0.2097
chr1	712395	712396	20	0.0377
chr1	712410	712411	35	0.2371
chr1	712438	712439	29	0.2203
chr1	712471	712472	28	0.2124
chr1	712505	712506	33	0.1336
chr1	712545	712546	30	0.1359
chr1	712614	712615	34	0.1725
chr1	712700	712701	27	0.0104
chr1	712800	712801	28	0.0905
chr1	712900	712901	38	0.2747
chr1	712964	712965	30	0.0286
chr1	712992	712993	38	0.1134
chr1	713026	713027	27	0.5649
chr1	713051	713052	27	0.65
chr1	713077	713078	32	0.607
chr1	713124	713125	34	0.8777
chr1	713172	713173	30	0.6808
chr1	713187	713188	38	0.7051
chr1	713226	713227	26	0.6382
chr1	713276	713277	29	0.6485
chr1	713294	713295	37	0.7124
chr1	713309	713310	25	0.6972
chr1	713357	713358	24	0.8433
chr1	713407	713408	33	0.7569
chr1	713444	713445	29	0.8789
chr1	713471	713472	19	0.5963
chr1	713491	713492	29	0.674
chr1	713535	713536	28	0.5105
chr1	713581	713582	26	0.5293
chr1	713591	713592	25	0.6148
chr1	713691	713692	30	0.679
chr1	713791	713792	30	0.6734
chr1	713891	713892	29	0.6157
chr1	713991	713992	34	0.5771
chr1	714078	714079	23	0.4044
chr1	714140	714141	29	0.4906
chr1	714182	714183	30	0.3193
chr1	714227	714228	39	0.4076
chr1	714245	714246	33	0.6576
chr1	714261	714262	37	0.3084
chr1	714298	714299	23	0.8708
chr1	714328	714329	37	0.6584
chr1	714365	714366	29	0.5174
chr1	714391	714392	39	0.6951
chr1	714423	714424	31	0.5359
chr1	714473	714474	29	0.4344
chr1	714522	714523	32	0.5786
chr1	714560	714561	29	0.839
chr1	714583	714584	30	0.8859
chr1	714633	714634	29	0.2769
chr1	714654	714655	34	0.7079
chr1	714754	714755	34	0.4578
chr1	714813	714814	21	0.8434
chr1	714899	714900	29	0.9097
chr1	714999	715000	20	0.8828
chr1	715099	715100	29	0.3677
chr1	715146	715147	22	0.7718
chr1	715184	715185	25	0.7212
chr1	715193	715194	30	0.5562
chr1	715221	715222	38	0.3868
chr1	715271	715272	34	0.3123
chr1	715317	715318	25	0.4867
chr1	715351	715352	30	0.4271
chr1	715390	715391	34	0.5477
chr1	715413	715414	21	0.4367
chr1	715462	715463	30	0.5574
chr1	715493	715494	33	0.3856
chr1	715516	715517	33	0.384
chr1	715545	715546	35	0.6481
chr1	715595	715596	33	0.548
chr1	715616	715617	31	0.4109
chr1	715649	715650	34	0.556
chr1	715681	715682	23	0.3767
chr1	715715	715716	33	0.5361
chr1	715735	715736	29	0.4664
chr1	715757	715758	29	0.4885
chr1	715785	715786	24	0.4762
chr1	715871	715872	22	0.4957
chr1	715971	715972	38	0.481
chr1	716021	716022	26	0.5292
chr1	716104	716105	27	0.5041
chr1	716204	716205	28	0.4149
chr1	716299	716300	34	0.5811
chr1	716453	716454	34	0.7968
chr1	716459	716460	31	0.8175
chr1	716475	716476	31	0.7429
chr1	716605	716606	29	0.7454
chr1	716775	716776	32	0.7546
chr1	716803	716804	33	0.6564
chr1	716853	716854	27	0.6972
chr1	716883	716884	31	0.6544
chr1	716898	716899	29	0.6842
chr1	716929	716930	35	0.8576
chr1	716979	716980	24	0.7525
chr1	717020	717021	23	0.6749
chr1	717054	717055	28	0.7983
chr1	717069	717070	35	0.8365
chr1	717084	717085	30	0.8319
chr1	717117	717118	27	0.7981
chr1	717167	717168	35	0.9727
chr1	717191	717192	29	0.7436
chr1	717227	717228	29	0.8762
chr1	717248	717249	26	0.8389
chr1	717334	717335	27	0.8588
chr1	717434	717435	24	0.7489
chr1	717516	717517	39	0.9609
chr1	717616	717617	29	0.6565
chr1	717642	717643	25	0.6554
chr1	717712	717713	32	0.7834
chr1	717720	717721	25	0.6957
chr1	717739	717740	22	0.575
chr1	717784	717785	26	0.6922
chr1	717800	717801	33	0.3567
chr1	717829	717830	32	0.3879
chr1	717844	717845	29	0.738
chr1	717859	717860	27	0.4038
chr1	717885	717886	23	0.2852
chr1	717930	717931	29	0.3623
chr1	717980	717981	23	0.5652
chr1	718001	718002	30	0.6048
chr1	718036	718037	29	0.6435
chr1	718069	718070	26	0.4688
chr1	718099	718100	28	0.4332
chr1	718118	718119	24	0.6364
chr1	718145	718146	24	0.5203
chr1	718175	718176	21	0.4924
chr1	718214	718215	23	0.7154
chr1	718220	718221	34	0.7279
chr1	718308	718309	36	0.5618
chr1	718408	718409	26	0.5063
chr1	718478	718479	37	0.4688
chr1	718545	718546	22	0.5924
chr1	718595	718596	28	0.5159
chr1	718688	718689	26	0.6381
chr1	718738	718739	32	0.941
chr1	718762	718763	20	0.9475
chr1	718778	718779	30	0.9018
chr1	718968	718969	33	0.752
chr1	719018	719019	32	0.7889
chr1	719070	719071	34	0.8956
chr1	719100	719101	33	0.936
chr1	719114	719115	20	0.9497
chr1	719138	719139	32	0.6619
chr1	719142	719143	25	0.9411
chr1	719158	719159	36	0.7519
chr1	719207	719208	29	0.7662
chr1	719223	719224	34	0.7644
chr1	719253	719254	30	0.8737
chr1	719300	719301	27	0.9039
chr1	719318	719319	26	0.8502
chr1	719346	719347	30	0.8239
chr1	719367	719368	27	0.7675
chr1	719391	719392	34	0.9321
chr1	719425	719426	28	0.707
chr1	719467	719468	38	0.9489
chr1	719501	719502	31	0.9206
chr1	719516	719517	27	0.8078
chr1	719557	719558	27	0.8201
chr1	719580	719581	34	0.9045
chr1	719592	719593	26	0.9276
chr1	719692	719693	29	0.8807
chr1	719779	719780	26	0.8278
chr1	719829	719830	32	0.7881
chr1	719879	719880	27	0.7846
chr1	719979	719980	25	0.8445
chr1	720009	720010	35	1.0
chr1	720032	720033	15	0.1094
chr1	720072	720073	21	0.1136
chr1	720087	720088	33	0.1421
chr1	720131	720132	23	0.0827
chr1	720181	720182	20	0.0841
chr1	720231	720232	29	0.1734
chr1	720278	720279	31	0.0308
chr1	720299	720300	38	0.0623
chr1	720337	720338	31	0.0385
chr1	720387	720388	27	0.0293
chr1	720407	720408	32	0.0657
chr1	720450	720451	26	0.0557
chr1	720474	720475	34	0.0327
chr1	720495	720496	28	0.1399
chr1	720520	720521	26	0.1083
chr1	720521	720522	23	0.083
chr1	720621	720622	31	0.0
chr1	720689	720690	29	0.0518
chr1	720745	720746	39	0.1097
chr1	720845	720846	28	0.0112
chr1	720895	720896	34	0.1114
chr1	720995	720996	32	0.1247
chr1	721027	721028	32	0.0
chr1	721051	721052	32	0.0984
chr1	721072	721073	39	0.9453
chr1	721114	721115	29	0.8198
chr1	721138	721139	24	0.7023
chr1	721170	721171	31	0.748
chr1	721202	721203	35	0.9713
chr1	721231	721232	37	0.8528
chr1	721258	721259	20	0.7335
chr1	721278	721279	29	0.8367
chr1	721328	721329	35	0.9419
chr1	721352	721353	30	0.8841
chr1	721376	721377	28	0.7754
chr1	721391	721392	29	0.9802
chr1	721417	721418	29	0.7485
chr1	721447	721448	33	0.8586
chr1	721480	721481	29	0.9895
chr1	721506	721507	25	0.8951
chr1	721533	721534	28	0.8329
chr1	721553	721554	25	0.8786
chr1	721603	721604	30	0.7932
chr1	721699	721700	27	0.8632
chr1	721799	721800	34	0.8253
chr1	721887	721888	28	0.9222
chr1	721981	721982	23	0.8994
chr1	722049	722050	24	0.8327
chr1	722055	722056	37	0.9751
chr1	722088	722089	22	0.4516
chr1	722138	722139	34	0.714
chr1	722153	722154	24	0.4058
chr1	722182	722183	31	0.7459
chr1	722230	722231	29	0.8348
chr1	722253	722254	28	0.8654
chr1	722303	722304	37	0.7084
chr1	722351	722352	41	0.8247
chr1	722383	722384	30	0.6878
chr1	722433	722434	32	0.504
chr1	722464	722465	28	0.4539
chr1	722484	722485	30	0.9932
chr1	722527	722528	26	0.9529
chr1	722562	722563	31	0.6097
chr1	722601	722602	26	0.616
chr1	722701	722702	33	0.5754
chr1	722776	722777	35	0.8678
chr1	722826	722827	22	0.8977
chr1	722926	722927	26	0.9729
chr1	722979	722980	18	0.616
chr1	723043	723044	25	0.6159
chr1	723169	723170	36	0.8064
chr1	723191	723192	31	0.8399
chr1	723197	723198	30	0.6731
chr1	723240	723241	27	0.7458
chr1	723290	723291	28	0.807
chr1	723340	723341	30	0.7011
chr1	723356	723357	32	0.646
chr1	723406	723407	41	0.5697
chr1	723451	723452	32	0.5301
chr1	723473	723474	35	0.5496
chr1	723491	723492	29	0.5677
chr1	723511	723512	26	0.6492
chr1	723535	723536	22	0.6134
chr1	723557	723558	29	0.7356
chr1	723578	723579	24	0.5433
chr1	723600	723601	26	0.6829
chr1	723617	723618	32	0.5969
chr1	723633	723634	23	0.4191
chr1	723666	723667	34	0.5922
chr1	723692	723693	33	0.6895
chr1	723724	723725	26	0.6601
chr1	723739	723740	33	0.6524
chr1	723740	723741	36	0.6806
chr1	723827	723828	34	0.6338
chr1	723927	723928	27	0.6405
chr1	724027	724028	39	0.8551
chr1	724127	724128	26	0.544
chr1	724227	724228	28	0.6333
chr1	724365	724366	20	0.7297
chr1	724457	724458	28	0.9641
chr1	724561	724562	34	0.7809
chr1	724645	724646	34	0.9243
chr1	724665	724666	27	0.9082
chr1	724727	724728	29	0.7031
chr1	724756	724757	34	0.7042
chr1	724795	724796	19	0.9238
chr1	724819	724820	29	0.86
chr1	724869	724870	29	0.7636
chr1	724919	724920	28	0.8182
chr1	724946	724947	32	0.6415
chr1	724965	724966	33	0.6965
chr1	724980	724981	25	0.6824
chr1	725007	725008	36	0.8048
chr1	725027	725028	40	0.912
chr1	725047	725048	30	0.6505
chr1	725082	725083	34	0.8209
chr1	725110	725111	33	0.9346
chr1	725143	725144	25	0.8587
chr1	725190	725191	27	0.6861
chr1	725212	725213	25	0.8544
chr1	725262	725263	26	0.8674
chr1	725288	725289	35	0.762
chr1	725330	725331	29	0.8703
chr1	725430	725431	23	0.7665
chr1	725488	725489	29	0.752
chr1	725580	725581	35	0.6467
chr1	725680	725681	23	0.7226
chr1	725747	725748	29	0.865
chr1	725797	725798	27	0.8156
chr1	725847	725848	32	0.7557
chr1	725863	725864	21	0.8561
chr1	725929	725930	25	0.8371
chr1	725935	725936	27	0.4376
chr1	725982	725983	26	0.4355
chr1	726018	726019	30	0.3433
chr1	726033	726034	36	0.434
chr1	726083	726084	26	0.5472
chr1	726098	726099	21	0.4818
chr1	726125	726126	27	0.5361
chr1	726155	726156	25	0.4923
chr1	726205	726206	32	0.3806
chr1	726220	726221	36	0.4169
chr1	726255	726256	35	0.5093
chr1	726305	726306	28	0.6116
chr1	726343	726344	32	0.5458
chr1	726358	726359	29	0.5081
chr1	726408	726409	36	0.3799
chr1	726429	726430	39	0.4705
chr1	726466	726467	39	0.4135
chr1	726505	726506	14	0.4074
chr1	726562	726563	21	0.4132
chr1	726612	726613	34	0.5097
chr1	726712	726713	28	0.3812
chr1	726801	726802	31	0.4122
chr1	726901	726902	25	0.5197
chr1	727001	727002	22	0.4933
chr1	727007	727008	26	0.1884
chr1	727067	727068	33	0.0
chr1	727183	727184	19	0.0
chr1	727293	727294	28	0.2234
chr1	727485	727486	28	0.0896
chr1	727516	727517	34	0.7719
chr1	727547	727548	23	0.7429
chr1	727584	727585	41	0.6234
chr1	727625	727626	34	0.6929
chr1	727656	727657	34	0.618
chr1	727697	727698	29	0.5359
chr1	727732	727733	28	0.5773
chr1	727757	727758	30	0.722
chr1	727807	727808	25	0.857
chr1	727844	727845	24	0.8666
chr1	727859	727860	24	0.7621
chr1	727890	727891	34	0.7787
chr1	727923	727924	36	0.8057
chr1	727951	727952	25	0.6956
chr1	727966	727967	22	0.7609
chr1	727983	727984	32	0.8431
chr1	728063	728064	28	0.6159
chr1	728163	728164	24	0.7654
chr1	728263	728264	17	0.6795
chr1	728351	728352	31	0.6255
chr1	728369	728370	29	0.9013
chr1	728403	728404	35	0.7126
chr1	728453	728454	27	0.5311
chr1	728503	728504	33	1.0
chr1	728518	728519	34	0.6703
chr1	728564	728565	35	0.631
chr1	728595	728596	40	0.9767
chr1	728621	728622	36	0.383
chr1	728647	728648	27	0.5612
chr1	728692	728693	32	0.8211
chr1	728723	728724	24	0.244
chr1	728773	728774	36	0.4732
chr1	728791	728792	17	0.5582
chr1	728813	728814	28	1.0
chr1	728818	728819	30	0.377
chr1	728918	728919	32	1.0
chr1	729018	729019	30	1.0
chr1	729118	729119	34	0.344
chr1	729218	729219	27	0.7017
chr1	729262	729263	23	1.0
chr1	729308	729309	22	0.5718
chr1	729319	729320	24	0.7065
chr1	729351	729352	28	0.7852
chr1	729376	729377	26	0.8202
chr1	729426	729427	33	0.963
chr1	729444	729445	23	0.8572
chr1	729480	729481	21	0.6855
chr1	729501	729502	29	0.6159
chr1	729541	729542	29	0.9402
chr1	729576	729577	26	0.7922
chr1	729597	729598	26	0.8209
chr1	729613	729614	30	0.8978
chr1	729663	729664	35	0.737
chr1	729686	729687	26	0.7441
chr1	729733	729734	18	0.9234
chr1	729760	729761	28	0.8304
chr1	729796	729797	21	0.8513
chr1	729838	729839	30	0.8391
chr1	729853	729854	27	0.9065
chr1	729942	729943	30	0.9349
chr1	730042	730043	22	0.755
chr1	730096	730097	29	0.9024
chr1	730146	730147	25	0.7585
chr1	730229	730230	35	0.6039
chr1	730329	730330	31	0.7401
chr1	730355	730356	24	0.825
chr1	730391	730392	26	0.8809
chr1	730401	730402	35	0.366
chr1	730441	730442	32	0.2576
chr1	730458	730459	27	0.4859
chr1	730500	730501	39	0.5446
chr1	730522	730523	24	0.37
chr1	730572	730573	32	0.3506
chr1	730607	730608	29	0.6376
chr1	730637	730638	24	0.3564
chr1	730657	730658	20	0.223
chr1	730686	730687	25	0.1857
chr1	730712	730713	37	0.4163
chr1	730738	730739	21	0.4886
chr1	730780	730781	29	0.2737
chr1	730830	730831	31	0.3233
chr1	730840	730841	27	0.4774
chr1	730940	730941	26	0.3665
chr1	731040	731041	27	0.2249
chr1	731096	731097	26	0.3007
chr1	731146	731147	20	0.528
chr1	731237	731238	33	0.5212
chr1	731243	731244	27	0.674
chr1	731269	731270	33	0.6301
chr1	731279	731280	25	0.6646
chr1	731307	731308	39	0.6636
chr1	731399	731400	33	0.6856
chr1	731439	731440	28	0.5107
chr1	731489	731490	32	0.6529
chr1	731603	731604	30	0.898
chr1	731619	731620	24	0.6501
chr1	731707	731708	37	0.7264
chr1	731729	731730	28	0.4593
chr1	731752	731753	29	0.6384
chr1	731802	731803	20	0.546
chr1	731824	731825	30	0.661
chr1	731845	731846	23	0.6108
chr1	731875	731876	28	0.6775
chr1	731904	731905	32	0.7771
chr1	731922	731923	36	0.705
chr1	731972	731973	30	0.686
chr1	732001	732002	39	0.7123
chr1	732017	732018	27	0.4713
chr1	732049	732050	31	0.5701
chr1	732064	732065	28	0.6618
chr1	732087	732088	26	0.7184
chr1	732137	732138	35	0.6732
chr1	732175	732176	27	0.6554
chr1	732275	732276	26	0.6447
chr1	732373	732374	28	0.7582
chr1	732472	732473	29	0.4521
chr1	732572	732573	32	0.5785
chr1	732624	732625	32	0.6296
chr1	732642	732643	25	0.8018
chr1	732652	732653	24	0.8591
chr1	732697	732698	31	0.8859
chr1	732712	732713	32	0.6638
chr1	732727	732728	30	0.5723
chr1	732745	732746	28	0.6092
chr1	732771	732772	27	0.44
chr1	732791	732792	26	0.5479
chr1	732830	732831	30	0.5484
chr1	732845	732846	31	0.6138
chr1	732872	732873	26	0.6695
chr1	732892	732893	37	0.6312
chr1	732925	732926	34	0.5611
chr1	732964	732965	33	0.7685
chr1	732988	732989	36	0.7317
chr1	733017	733018	29	0.8198
chr1	733067	733068	41	0.7849
chr1	733106	733107	36	0.8748
chr1	733129	733130	28	0.7267
chr1	733229	733230	28	0.7307
chr1	733329	733330	25	0.7179
chr1	733399	733400	20	0.8691
chr1	733499	733500	21	0.7303
chr1	733599	733600	29	0.9454
chr1	733659	733660	27	0.8834
chr1	733693	733694	34	0.8432
chr1	733755	733756	29	0.9121
chr1	733767	733768	31	0.8641
chr1	733841	733842	22	0.588
chr1	733865	733866	29	0.9265
chr1	733953	733954	26	0.8543
chr1	733961	733962	31	1.0
chr1	733987	733988	39	0.8903
chr1	734015	734016	30	0.5836
chr1	734022	734023	33	0.4731
chr1	734044	734045	23	0.5266
chr1	734094	734095	32	0.5102
chr1	734119	734120	29	0.7014
chr1	734142	734143	34	0.4426
chr1	734174	734175	30	0.4593
chr1	734215	734216	28	0.609
chr1	734240	734241	28	0.4881
chr1	734263	734264	39	0.461
chr1	734284	734285	32	0.4674
chr1	734299	734300	37	0.4567
chr1	734320	734321	39	0.5897
chr1	734354	734355	31	0.3665
chr1	734373	734374	25	0.5022
chr1	734388	734389	32	0.5695
chr1	734418	734419	27	0.5417
chr1	734461	734462	33	0.5696
chr1	734484	734485	31	0.5608
chr1	734509	734510	30	0.551
chr1	734533	734534	31	0.3001
chr1	734551	734552	27	0.5706
chr1	734557	734558	19	0.4068
chr1	734633	734634	35	0.5197
chr1	734733	734734	27	0.6429
chr1	734806	734807	25	0.6049
chr1	734906	734907	30	0.4105
chr1	735006	735007	20	0.4179
chr1	735038	735039	18	0.8322
chr1	735194	735195	33	0.8464
chr1	735280	735281	28	0.7599
chr1	735318	735319	27	0.7882
chr1	735506	735507	29	0.5436
chr1	735513	735514	32	0.6144
chr1	735538	735539	26	0.6493
chr1	735556	735557	24	0.4963
chr1	735597	735598	34	0.6376
chr1	735634	735635	35	0.658
chr1	735682	735683	35	0.4975
chr1	735707	735708	31	0.5349
chr1	735735	735736	30	0.5006
chr1	735772	735773	18	0.511
chr1	735792	735793	29	0.4657
chr1	735818	735819	29	0.6154
chr1	735859	735860	33	0.5966
chr1	735878	735879	25	0.5379
chr1	735926	735927	31	0.3317
chr1	735941	735942	30	0.4809
chr1	735957	735958	25	0.4755
chr1	736007	736008	25	0.5635
chr1	736029	736030	21	0.5244
chr1	736049	736050	23	0.4604
chr1	736094	736095	26	0.4748
chr1	736121	736122	30	0.5828
chr1	736171	736172	24	0.509
chr1	736271	736272	27	0.6633
chr1	736371	736372	26	0.6746
chr1	736440	736441	30	0.5188
chr1	736540	736541	35	0.5912
chr1	736640	736641	24	0.3515
chr1	736786	736787	25	0.866
chr1	736856	736857	29	0.8058
chr1	736896	736897	30	0.851
chr1	737094	737095	26	0.7632
chr1	737130	737131	22	0.8454
chr1	737159	737160	28	0.8832
chr1	737192	737193	29	0.9949
chr1	737223	737224	29	0.8982
chr1	737241	737242	23	0.9242
chr1	737256	737257	39	0.7939
chr1	737282	737283	33	0.851
chr1	737302	737303	31	0.9972
chr1	737327	737328	34	0.8675
chr1	737360	737361	32	0.847
chr1	737410	737411	31	0.9004
chr1	737442	737443	37	0.9557
chr1	737469	737470	29	0.9111
chr1	737519	737520	30	0.9158
chr1	737569	737570	24	0.9818
chr1	737588	737589	44	0.8706
chr1	737638	737639	30	0.8653
chr1	737676	737677	32	0.9541
chr1	737691	737692	33	0.9192
chr1	737757	737758	35	0.8617
chr1	737857	737858	29	0.8971
chr1	737945	737946	30	0.8189
chr1	738007	738008	23	0.8999
chr1	738057	738058	31	0.9234
chr1	738157	738158	18	0.8901
chr1	738221	738222	22	0.8445
chr1	738261	738262	28	0.7561
chr1	738293	738294	24	0.9355
chr1	738303	738304	32	0.1762
chr1	738325	738326	38	0.2029
chr1	738345	738346	23	0.2892
chr1	738360	738361	32	0.2935
chr1	738410	738411	27	0.2803
chr1	738448	738449	31	0.2871
chr1	738498	738499	30	0.1996
chr1	738537	738538	29	0.1196
chr1	738572	738573	20	0.2971
chr1	738606	738607	25	0.1848
chr1	738628	738629	27	0.1729
chr1	738661	738662	30	0.4559
chr1	738683	738684	31	0.4105
chr1	738713	738714	30	0.1111
chr1	738753	738754	27	0.217
chr1	738788	738789	37	0.2305
chr1	738838	738839	39	0.2731
chr1	738885	738886	32	0.1604
chr1	738985	738986	29	0.3409
chr1	739035	739036	25	0.1678
chr1	739135	739136	26	0.3138
chr1	739185	739186	27	0.2161
chr1	739285	739286	41	0.3194
chr1	739362	739363	27	0.225
chr1	739462	739463	30	0.3368
chr1	739490	739491	35	0.0812
chr1	739542	739543	37	0.0438
chr1	739562	739563	30	0.1199
chr1	739706	739707	23	0.0458
chr1	739710	739711	28	0.2222
chr1	739808	739809	34	0.015
chr1	739884	739885	34	0.102
chr1	739944	739945	27	0.0459
chr1	739953	739954	40	0.5495
chr1	739987	739988	33	0.3461
chr1	740004	740005	30	0.3765
chr1	740031	740032	28	0.3558
chr1	740069	740070	38	0.5094
chr1	740119	740120	35	0.1332
chr1	740162	740163	33	0.3034
chr1	740212	740213	37	0.3581
chr1	740243	740244	11	0.3054
chr1	740268	740269	21	0.3805
chr1	740306	740307	26	0.4966
chr1	740344	740345	33	0.5073
chr1	740394	740395	39	0.3736
chr1	740407	740408	33	0.4241
chr1	740507	740508	31	0.3247
chr1	740569	740570	29	0.3244
chr1	740669	740670	33	0.4356
chr1	740752	740753	31	0.6295
chr1	740852	740853	31	0.3506
chr1	740986	740987	34	0.9021
chr1	741078	741079	35	0.9565
chr1	741178	741179	26	0.5876
chr1	741244	741245	26	0.5288
chr1	741328	741329	23	0.8091
chr1	741330	741331	24	0.724
chr1	741342	741343	32	0.7564
chr1	741347	741348	32	0.7194
chr1	741373	741374	20	0.7673
chr1	741412	741413	25	0.5533
chr1	741427	741428	25	0.7962
chr1	741477	741478	32	0.7288
chr1	741503	741504	39	0.7315
chr1	741550	741551	21	0.7229
chr1	741578	741579	26	0.8317
chr1	741613	741614	30	0.6797
chr1	741654	741655	19	0.832
chr1	741671	741672	31	0.5985
chr1	741711	741712	30	0.8539
chr1	741726	741727	25	0.6386
chr1	741746	741747	33	0.6658
chr1	741796	741797	39	0.7214
chr1	741839	741840	32	0.64
chr1	741856	741857	31	0.6614
chr1	741872	741873	24	0.6391
chr1	741880	741881	40	0.74
chr1	741977	741978	33	0.7602
chr1	742027	742028	29	0.7109
chr1	742126	742127	41	0.7633
chr1	742226	742227	25	0.8536
chr1	742326	742327	29	0.6911
chr1	742385	742386	27	0.7817
chr1	742407	742408	21	0.9839
chr1	742465	742466	28	0.9225
chr1	742489	742490	32	0.9577
chr1	742579	742580	23	0.9142
chr1	742589	742590	34	0.8979
chr1	742641	742642	29	1.0
chr1	742717	742718	27	0.8958
chr1	742811	742812	28	0.8769
chr1	742833	742834	37	0.0
chr1	742856	742857	29	0.2551
chr1	742895	742896	28	0.207
chr1	742923	742924	26	0.3495
chr1	742957	742958	22	0.2923
chr1	742979	742980	25	0.1199
chr1	742997	742998	30	0.1377
chr1	743014	743015	35	0.2499
chr1	743038	743039	26	0.1721
chr1	743059	743060	23	0.0011
chr1	743076	743077	30	0.2198
chr1	743126	743127	38	0.1801
chr1	743165	743166	23	0.0621
chr1	743215	743216	34	0.0628
chr1	743264	743265	30	0.2148
chr1	743279	743280	28	0.2685
chr1	743307	743308	28	0.0698
chr1	743334	743335	24	0.176
chr1	743375	743376	23	0.1409
chr1	743419	743420	38	0.1684
chr1	743450	743451	18	0.078
chr1	743527	743528	29	0.4217
chr1	743577	743578	32	0.1035
chr1	743677	743678	22	0.0839
chr1	743777	743778	36	0.2196
chr1	743869	743870	33	0.1448
chr1	743969	743970	27	0.081
chr1	744045	744046	25	0.1825
chr1	744062	744063	23	0.3666
chr1	744090	744091	34	0.2986
chr1	744132	744133	31	0.2795
chr1	744182	744183	19	0.4324
chr1	744205	744206	36	0.3412
chr1	744230	744231	28	0.3127
chr1	744270	744271	32	0.5068
chr1	744294	744295	26	0.381
chr1	744329	744330	34	0.3795
chr1	744375	744376	37	0.2772
chr1	744397	744398	32	0.438
chr1	744412	744413	29	0.4442
chr1	744428	744429	24	0.1766
chr1	744477	744478	36	0.4357
chr1	744496	744497	38	0.326
chr1	744546	744547	22	0.3736
chr1	744566	744567	24	0.411
chr1	744612	744613	24	0.54
chr1	744645	744646	25	0.4687
chr1	744652	744653	28	0.3205
chr1	744752	744753	30	0.5084
chr1	744837	744838	36	0.3185
chr1	744930	744931	30	0.4534
chr1	745016	745017	36	0.5884
chr1	745102	745103	27	0.4354
chr1	745202	745203	27	0.2638
chr1	745212	745213	30	0.2935
chr1	745225	745226	33	0.5207
chr1	745251	745252	30	0.5952
chr1	745284	745285	22	0.7157
chr1	745333	745334	19	0.5328
chr1	745374	745375	27	0.5643
chr1	745413	745414	27	0.6144
chr1	745458	745459	33	0.5287
chr1	745496	745497	19	0.622
chr1	745539	745540	33	0.5878
chr1	745589	745590	31	0.5428
chr1	745604	745605	24	0.5119
chr1	745643	745644	33	0.6753
chr1	745693	745694	19	0.6447
chr1	745743	745744	30	0.4509
chr1	745763	745764	34	0.7063
chr1	745863	745864	33	0.4681
chr1	745963	745964	25	0.4358
chr1	746050	746051	38	0.5323
chr1	746100	746101	36	0.6328
chr1	746150	746151	33	0.4286
chr1	746200	746201	24	0.5989
chr1	746261	746262	34	0.5567
chr1	746325	746326	32	0.5923
chr1	746353	746354	33	0.145
chr1	746375	746376	27	0.234
chr1	746403	746404	32	0.347
chr1	746431	746432	23	0.2661
chr1	746450	746451	28	0.0955
chr1	746500	746501	31	0.1788
chr1	746516	746517	26	0.2421
chr1	746544	746545	26	0.2339
chr1	746573	746574	35	0.2102
chr1	746591	746592	32	0.1622
chr1	746625	746626	27	0.2111
chr1	746650	746651	29	0.1036
chr1	746672	746673	21	0.1223
chr1	746701	746702	28	0.075
chr1	746734	746735	27	0.0809
chr1	746765	746766	37	0.2173
chr1	746781	746782	21	0.1217
chr1	746831	746832	25	0.1351
chr1	746851	746852	33	0.165
chr1	746861	746862	32	0.126
chr1	746944	746945	29	0.0897
chr1	746996	746997	26	0.1399
chr1	747046	747047	32	0.1696
chr1	747130	747131	34	0.125
chr1	747214	747215	27	0.0531
chr1	747314	747315	37	0.2625
chr1	747322	747323	28	0.0293
chr1	747328	747329	37	0.4637
chr1	747352	747353	25	0.5123
chr1	747401	747402	27	0.3544
chr1	747428	747429	33	0.5827
chr1	747472	747473	36	0.472
chr1	747495	747496	33	0.4179
chr1	747516	747517	21	0.2581
chr1	747547	747548	31	0.6142
chr1	747585	747586	26	0.6193
chr1	747603	747604	35	0.2405
chr1	747635	747636	31	0.6
chr1	747663	747664	27	0.3745
chr1	747683	747684	36	0.4832
chr1	747733	747734	30	0.4394
chr1	747751	747752	36	0.4955
chr1	747779	747780	23	0.3727
chr1	747811	747812	38	0.4627
chr1	747849	747850	28	0.4883
chr1	747853	747854	35	0.49
chr1	747953	747954	33	0.5448
chr1	748053	748054	25	0.5233
chr1	748106	748107	34	0.4119
chr1	748206	748207	33	0.5169
chr1	748256	748257	30	0.5671
chr1	748356	748357	27	0.6116
chr1	748368	748369	35	0.7503
chr1	748476	748477	40	0.7224
chr1	748620	748621	27	0.8697
chr1	748632	748633	25	0.7976
chr1	748668	748669	26	0.6698
chr1	748786	748787	24	0.826
chr1	748808	748809	35	0.9
chr1	748828	748829	37	0.4156
chr1	748840	748841	24	0.9852
chr1	748848	748849	29	0.2939
chr1	748882	748883	28	0.2681
chr1	748925	748926	30	0.4032
chr1	748940	748941	35	0.3098
chr1	748990	748991	32	0.4095
chr1	749019	749020	31	0.1627
chr1	749057	749058	34	0.5073
chr1	749072	749073	32	0.165
chr1	749122	749123	25	0.3248
chr1	749148	749149	24	0.2624
chr1	749177	749178	29	0.4334
chr1	749201	749202	28	0.2697
chr1	749233	749234	31	0.3183
chr1	749248	749249	33	0.3668
chr1	749267	749268	21	0.1888
chr1	749293	749294	26	0.3777
chr1	749336	749337	25	0.3345
chr1	749357	749358	29	0.2734
chr1	749457	749458	29	0.4588
chr1	749534	749535	31	0.398
chr1	749634	749635	35	0.3212
chr1	749714	749715	32	0.2365
chr1	749764	749765	19	0.4771
chr1	749854	749855	25	0.2683
chr1	749860	749861	34	0.0943
chr1	749936	749937	34	0.226
chr1	749986	749987	37	0.2514
chr1	750064	750065	36	0.194
chr1	750186	750187	26	0.2169
chr1	750200	750201	26	0.088
chr1	750310	750311	30	0.2426
chr1	750338	750339	32	0.1875
chr1	750388	750389	23	0.1959
chr1	750409	750410	29	0.1423
chr1	750432	750433	37	0.2214
chr1	750459	750460	30	0.1553
chr1	750488	750489	26	0.1238
chr1	750503	750504	32	0.2183
chr1	750522	750523	27	0.2921
chr1	750547	750548	34	0.2701
chr1	750562	750563	24	0.3127
chr1	750582	750583	29	0.3494
chr1	750604	750605	31	0.4133
chr1	750640	750641	31	0.3245
chr1	750690	750691	20	0.1678
chr1	750715	750716	28	0.311
chr1	750744	750745	28	0.3567
chr1	750794	750795	33	0.1449
chr1	750817	750818	24	0.3285
chr1	750917	750918	25	0.3922
chr1	751017	751018	26	0.2637
chr1	751092	751093	34	0.3722
chr1	751178	751179	20	0.2567
chr1	751262	751263	24	0.2272
chr1	751340	751341	24	0.2473
chr1	751347	751348	31	0.7704
chr1	751394	751395	28	1.0
chr1	751417	751418	31	0.6876
chr1	751432	751433	31	0.8641
chr1	751466	751467	27	0.7591
chr1	751483	751484	28	0.86
chr1	751526	751527	26	0.8252
chr1	751558	751559	28	0.8165
chr1	751585	751586	26	0.8604
chr1	751600	751601	27	0.8382
chr1	751615	751616	30	0.7694
chr1	751657	751658	23	0.6751
chr1	751685	751686	36	0.6857
chr1	751706	751707	27	0.6959
chr1	751756	751757	33	0.7505
chr1	751771	751772	31	0.5238
chr1	751773	751774	26	0.7041
chr1	751873	751874	27	0.5471
chr1	751954	751955	34	0.7557
chr1	752054	752055	32	0.9038
chr1	752120	752121	34	0.9256
chr1	752170	752171	33	0.8936
chr1	752220	752221	21	0.8686
chr1	752312	752313	29	0.9594
chr1	752324	752325	23	0.9122
chr1	752362	752363	32	0.9714
chr1	752398	752399	32	0.8924
chr1	752412	752413	23	0.9093
chr1	752424	752425	24	0.8419
chr1	752510	752511	31	0.8722
chr1	752564	752565	32	0.8449
chr1	752614	752615	28	1.0
chr1	752621	752622	35	0.5438
chr1	752663	752664	30	0.413
chr1	752678	752679	29	0.5268
chr1	752693	752694	27	0.5563
chr1	752720	752721	33	0.4577
chr1	752744	752745	29	0.5197
chr1	752776	752777	26	0.6074
chr1	752826	752827	29	0.59
chr1	752858	752859	33	0.6512
chr1	752895	752896	27	0.4601
chr1	752945	752946	34	0.4125
chr1	752978	752979	25	0.5803
chr1	752998	752999	33	0.6259
chr1	753035	753036	27	0.5403
chr1	753054	753055	29	0.5596
chr1	753081	753082	23	0.634
chr1	753117	753118	38	0.7515
chr1	753134	753135	28	0.3814
chr1	753188	753189	27	0.3982
chr1	753288	753289	30	0.6237
chr1	753388	753389	37	0.6265
chr1	753438	753439	28	0.6256
chr1	753488	753489	26	0.4745
chr1	753573	753574	28	0.5038
chr1	753577	753578	19	0.8606
chr1	753593	753594	41	0.8017
chr1	753895	753896	34	0.8261
chr1	753897	753898	33	0.731
chr1	753953	753954	39	0.7037
chr1	753983	753984	28	0.7478
chr1	753990	753991	29	0.5008
chr1	754005	754006	32	0.5414
chr1	754023	754024	35	0.3804
chr1	754038	754039	30	0.572
chr1	754053	754054	35	0.4754
chr1	754069	754070	31	0.5042
chr1	754095	754096	27	0.4417
chr1	754110	754111	34	0.5073
chr1	754136	754137	34	0.3927
chr1	754151	754152	20	0.583
chr1	754185	754186	30	0.3063
chr1	754212	754213	28	0.5377
chr1	754262	754263	24	0.5675
chr1	754286	754287	31	0.5892
chr1	754311	754312	27	0.4448
chr1	754355	754356	26	0.4291
chr1	754385	754386	32	0.4479
chr1	754409	754410	27	0.5361
chr1	754459	754460	34	0.4772
chr1	754505	754506	24	0.4577
chr1	754605	754606	26	0.4391
chr1	754705	754706	32	0.5633
chr1	754805	754806	25	0.5949
chr1	754896	754897	24	0.507
chr1	754987	754988	29	0.547
chr1	754997	754998	30	0.7186
chr1	755075	755076	33	0.733
chr1	755105	755106	28	0.6668
chr1	755205	755206	26	0.6037
chr1	755483	755484	24	0.7466
chr1	755518	755519	24	0.2155
chr1	755568	755569	30	0.1827
chr1	755618	755619	27	0.0412
chr1	755641	755642	28	0.1706
chr1	755691	755692	27	0.0
chr1	755715	755716	23	0.1996
chr1	755735	755736	37	0.0671
chr1	755757	755758	25	0.1888
chr1	755790	755791	31	0.0453
chr1	755821	755822	39	0.0968
chr1	755836	755837	32	0.0446
chr1	755879	755880	33	0.0907
chr1	755929	755930	23	0.222
chr1	755977	755978	29	0.1094
chr1	755983	755984	27	0.1282
chr1	756083	756084	29	0.0821
chr1	756154	756155	24	0.2161
chr1	756209	756210	27	0.0342
chr1	756309	756310	28	0.0651
chr1	756395	756396	22	0.3054
chr1	756471	756472	33	0.0887
chr1	756511	756512	27	0.755
chr1	756532	756533	25	0.6922
chr1	756552	756553	34	0.7731
chr1	756575	756576	25	0.7318
chr1	756599	756600	33	0.6584
chr1	756649	756650	32	0.6297
chr1	756671	756672	31	0.7447
chr1	756702	756703	35	0.553
chr1	756748	756749	42	0.7687
chr1	756763	756764	27	0.7379
chr1	756795	756796	35	0.6442
chr1	756823	756824	26	0.6526
chr1	756845	756846	31	0.7263
chr1	756872	756873	27	0.701
chr1	756922	756923	25	0.8019
chr1	756957	756958	28	0.7607
chr1	756989	756990	29	0.7594
chr1	757004	757005	22	0.8697
chr1	757020	757021	30	0.7252
chr1	757075	757076	32	0.7287
chr1	757173	757174	35	0.6808
chr1	757226	757227	36	0.6312
chr1	757276	757277	33	0.692
chr1	757368	757369	25	0.6719
chr1	757462	757463	32	0.7912
chr1	757558	757559	35	0.8176
chr1	757581	757582	34	0.7199
chr1	757596	757597	24	0.7158
chr1	757623	757624	32	0.7906
chr1	757654	757655	25	0.6568
chr1	757703	757704	26	0.7132
chr1	757718	757719	30	0.5274
chr1	757736	757737	24	0.6179
chr1	757782	757783	36	0.6758
chr1	757813	757814	30	0.6756
chr1	757836	757837	30	0.5773
chr1	757886	757887	28	0.8356
chr1	757936	757937	29	0.8051
chr1	757966	757967	31	0.8783
chr1	757989	757990	31	0.8365
chr1	758026	758027	31	0.8739
chr1	758126	758127	28	0.7588
chr1	758211	758212	33	0.7828
chr1	758261	758262	26	0.6314
chr1	758311	758312	27	0.8683
chr1	758394	758395	30	0.5187
chr1	758410	758411	30	0.7938
chr1	758436	758437	23	0.7857
chr1	758476	758477	28	0.4614
chr1	758526	758527	27	0.4985
chr1	758576	758577	22	0.5067
chr1	758601	758602	38	0.5634
chr1	758632	758633	32	0.6531
chr1	758678	758679	32	0.9027
chr1	758701	758702	28	0.5644
chr1	758742	758743	27	0.6235
chr1	758792	758793	30	0.5067
chr1	758810	758811	22	0.6033
chr1	758860	758861	35	0.74
chr1	758881	758882	47	0.448
chr1	758931	758932	30	0.592
chr1	758963	758964	32	0.6334
chr1	758968	758969	38	0.5718
chr1	759068	759069	29	0.6741
chr1	759118	759119	29	0.7179
chr1	759191	759192	29	0.6247
chr1	759254	759255	28	0.6759
chr1	759354	759355	26	0.7338
chr1	759454	759455	26	0.4887
chr1	759458	759459	29	0.5367
chr1	759491	759492	37	0.5941
chr1	759536	759537	27	0.7731
chr1	759568	759569	24	0.7576
chr1	759603	759604	42	0.8355
chr1	759644	759645	29	0.7663
chr1	759694	759695	30	0.72
chr1	759726	759727	34	0.7612
chr1	759741	759742	28	0.8423
chr1	759770	759771	23	0.8629
chr1	759820	759821	27	0.9149
chr1	759841	759842	17	0.7317
chr1	759891	759892	33	0.8806
chr1	759911	759912	35	0.7381
chr1	759933	759934	30	0.7667
chr1	759973	759974	30	0.8612
chr1	759988	759989	30	0.9478
chr1	760010	760011	25	0.7927
chr1	760030	760031	31	0.8639
chr1	760033	760034	29	0.8076
chr1	760131	760132	26	0.7078
chr1	760231	760232	29	0.8377
chr1	760306	760307	31	0.7513
chr1	760367	760368	38	0.8209
chr1	760467	760468	36	0.8939
chr1	760546	760547	37	0.7479
chr1	760630	760631	21	0.9075
chr1	760655	760656	27	0.6868
chr1	760679	760680	29	0.7353
chr1	760719	760720	28	0.6815
chr1	760745	760746	20	0.7434
chr1	760795	760796	33	0.7594
chr1	760832	760833	33	0.7238
chr1	760871	760872	32	0.5699
chr1	760894	760895	19	0.6466
chr1	760933	760934	22	0.7749
chr1	760983	760984	23	0.6865
chr1	761004	761005	29	0.5747
chr1	761019	761020	20	0.6028
chr1	761040	761041	28	0.93
chr1	761070	761071	38	0.6686
chr1	761170	761171	39	0.6239
chr1	761233	761234	27	0.4931
chr1	761298	761299	27	0.6081
chr1	761348	761349	27	0.6035
chr1	761448	761449	37	0.6446
chr1	761450	761451	24	0.7451
chr1	761468	761469	34	0.835
chr1	761518	761519	23	0.666
chr1	761567	761568	33	0.6832
chr1	761582	761583	26	0.783
chr1	761599	761600	30	0.8488
chr1	761623	761624	44	0.7135
chr1	761645	761646	31	0.7305
chr1	761669	761670	31	0.6812
chr1	761719	761720	36	0.6903
chr1	761754	761755	35	0.721
chr1	761769	761770	24	0.7073
chr1	761805	761806	23	0.7762
chr1	761837	761838	36	0.8352
chr1	761864	761865	35	0.8374
chr1	761894	761895	26	0.8191
chr1	761910	761911	31	0.7405
chr1	761927	761928	21	0.8212
chr1	761959	761960	26	0.8384
chr1	761986	761987	26	0.884
chr1	762036	762037	34	0.7496
chr1	762095	762096	40	0.812
chr1	762195	762196	31	0.7284
chr1	762291	762292	24	0.6347
chr1	762391	762392	27	0.6048
chr1	762452	762453	38	0.7218
chr1	762492	762493	37	0.6762
chr1	762520	762521	23	0.9258
chr1	762560	762561	35	0.679
chr1	762579	762580	28	0.7432
chr1	762608	762609	32	0.7962
chr1	762631	762632	25	0.7309
chr1	762681	762682	29	0.7181
chr1	762708	762709	31	0.6926
chr1	762739	762740	22	0.5779
chr1	762756	762757	37	0.5735
chr1	762806	762807	32	0.6347
chr1	762823	762824	26	0.5853
chr1	762867	762868	37	0.597
chr1	762904	762905	25	0.7104
chr1	762954	762955	25	0.7372
chr1	762996	762997	30	0.7337
chr1	763037	763038	33	0.7503
chr1	763067	763068	25	0.7466
chr1	763099	763100	32	0.6304
chr1	763117	763118	29	0.7579
chr1	763155	763156	29	0.7976
chr1	763173	763174	31	0.74
chr1	763235	763236	21	0.5396
chr1	763285	763286	38	0.8405
chr1	763385	763386	34	0.7862
chr1	763485	763486	31	0.6876
chr1	763585	763586	33	0.712
chr1	763662	763663	25	0.7371
chr1	763762	763763	30	0.7295
chr1	763834	763835	35	0.8354
chr1	763862	763863	27	0.8975
chr1	763886	763887	33	0.7724
chr1	763908	763909	26	0.8827
chr1	763939	763940	20	0.8482
chr1	763987	763988	25	0.8306
chr1	764037	764038	30	0.7802
chr1	764087	764088	29	0.8876
chr1	764125	764126	19	0.7649
chr1	764155	764156	32	0.7626
chr1	764170	764171	21	0.8894
chr1	764198	764199	28	0.9104
chr1	764221	764222	31	0.7373
chr1	764243	764244	30	0.7201
chr1	764273	764274	28	0.831
chr1	764319	764320	29	0.9187
chr1	764369	764370	29	0.7895
chr1	764404	764405	32	0.7806
chr1	764409	764410	36	0.746
chr1	764509	764510	29	0.8768
chr1	764609	764610	34	0.8555
chr1	764659	764660	29	0.7804
chr1	764759	764760	22	0.8265
chr1	764859	764860	26	0.9378
chr1	764915	764916	36	0.9453
chr1	764995	764996	32	0.9269
chr1	765017	765018	30	0.8692
chr1	765041	765042	23	0.9164
chr1	765091	765092	26	0.8423
chr1	765112	765113	21	0.763
chr1	765127	765128	31	0.9445
chr1	765144	765145	26	0.8391
chr1	765174	765175	23	0.722
chr1	765205	765206	18	0.9584
chr1	765226	765227	38	0.8188
chr1	765253	765254	36	0.7485
chr1	765280	765281	30	0.865
chr1	765309	765310	25	0.9206
chr1	765334	765335	40	0.8612
chr1	765349	765350	28	0.9212
chr1	765364	765365	25	0.9308
chr1	765394	765395	40	0.8199
chr1	765432	765433	30	0.8685
chr1	765463	765464	40	0.8941
chr1	765469	765470	32	0.9197
chr1	765569	765570	27	0.8349
chr1	765655	765656	15	0.8873
chr1	765755	765756	27	0.894
chr1	765840	765841	37	0.787
chr1	765882	765883	25	0.8826
chr1	765927	765928	30	0.0811
chr1	765970	765971	23	0.1398
chr1	766011	766012	24	0.1437
chr1	766048	766049	24	0.1359
chr1	766098	766099	16	0.091
chr1	766134	766135	32	0.1
chr1	766184	766185	33	0.1537
chr1	766223	766224	25	0.2355
chr1	766266	766267	36	0.0951
chr1	766309	766310	28	0.0021
chr1	766346	766347	30	0.3332
chr1	766396	766397	33	0.3087
chr1	766423	766424	26	0.0
chr1	766443	766444	30	0.1088
chr1	766455	766456	32	0.1817
chr1	766555	766556	18	0.1955
chr1	766605	766606	31	0.168
chr1	766705	766706	29	0.0642
chr1	766805	766806	25	0.0882
chr1	766855	766856	29	0.2041
chr1	766955	766956	36	0.286
chr1	766957	766958	25	0.0694
chr1	767051	767052	25	0.2369
chr1	767065	767066	33	0.6304
chr1	767115	767116	28	0.8334
chr1	767138	767139	26	0.4906
chr1	767188	767189	34	0.6831
chr1	767207	767208	32	0.3899
chr1	767257	767258	21	1.0
chr1	767284	767285	21	0.6435
chr1	767334	767335	25	0.86
chr1	767367	767368	32	0.108
chr1	767392	767393	30	0.7083
chr1	767438	767439	27	0.3721
chr1	767471	767472	33	0.997
chr1	767496	767497	30	1.0
chr1	767511	767512	23	0.7
chr1	767541	767542	27	0.8528
chr1	767591	767592	27	0.9138
chr1	767691	767692	23	0.7409
chr1	767772	767773	31	0.6846
chr1	767822	767823	41	0.3241
chr1	767875	767876	27	0.7368
chr1	767975	767976	34	0.857
chr1	768009	768010	17	0.8307
chr1	768013	768014	24	1.0
chr1	768027	768028	23	0.6872
chr1	768049	768050	28	0.7381
chr1	768072	768073	38	0.8034
chr1	768103	768104	39	0.5836
chr1	768142	768143	30	0.8136
chr1	768158	768159	24	0.7565
chr1	768179	768180	30	0.802
chr1	768219	768220	30	0.6663
chr1	768248	768249	35	0.7764
chr1	768275	768276	30	0.6414
chr1	768291	768292	29	0.6978
chr1	768325	768326	29	0.7161
chr1	768340	768341	30	0.7541
chr1	768375	768376	46	0.8852
chr1	768421	768422	29	0.9654
chr1	768452	768453	28	0.671
chr1	768479	768480	32	0.5428
chr1	768510	768511	28	0.762
chr1	768606	768607	33	0.6232
chr1	768697	768698	26	0.8465
chr1	768797	768798	22	0.7991
chr1	768897	768898	32	0.884
chr1	768979	768980	20	0.7918
chr1	769015	769016	33	0.8632
chr1	769079	769080	29	0.7799
chr1	769098	769099	20	0.5922
chr1	769143	769144	33	0.6756
chr1	769163	769164	34	0.6507
chr1	769202	769203	25	0.7536
chr1	769252	769253	25	0.8191
chr1	769285	769286	32	0.5838
chr1	769335	769336	32	0.8018
chr1	769366	769367	26	0.7273
chr1	769416	769417	24	0.7601
chr1	769435	769436	35	0.8567
chr1	769457	769458	23	0.6598
chr1	769492	769493	35	0.7992
chr1	769515	769516	19	0.577
chr1	769544	769545	36	0.6743
chr1	769566	769567	25	0.6811
chr1	769666	769667	27	0.4693
chr1	769737	769738	26	0.7524
chr1	769837	769838	25	0.7358
chr1	769927	769928	45	0.8667
chr1	770027	770028	24	0.8359
chr1	770085	770086	32	0.7558
chr1	770094	770095	33	0.2499
chr1	770140	770141	33	0.2239
chr1	770174	770175	39	0.2444
chr1	770191	770192	38	0.0037
chr1	770241	770242	29	0.0801
chr1	770264	770265	32	0.1147
chr1	770279	770280	30	0.2526
chr1	770329	770330	41	0.2371
chr1	770370	770371	32	0.2709
chr1	770399	770400	22	0.1596
chr1	770449	770450	26	0.4904
chr1	770478	770479	23	0.5215
chr1	770522	770523	33	0.6087
chr1	770553	770554	31	0.4354
chr1	770580	770581	28	0.4512
chr1	770630	770631	31	0.7091
chr1	770645	770646	35	0.3611
chr1	770663	770664	27	0.2514
chr1	770673	770674	29	0.1523
chr1	770725	770726	25	0.1745
chr1	770809	770810	27	0.202
chr1	770884	770885	27	0.0
chr1	770984	770985	35	0.1891
chr1	771043	771044	35	0.2671
chr1	771115	771116	26	0.1535
chr1	771215	771216	33	0.1951
chr1	771279	771280	24	0.1785
chr1	771429	771430	29	0.251
chr1	771445	771446	30	0.0508
chr1	771489	771490	34	0.2284
chr1	771503	771504	31	0.3232
chr1	771637	771638	35	0.0171
chr1	771677	771678	30	0.2502
chr1	771700	771701	31	0.9279
chr1	771721	771722	31	0.8917
chr1	771741	771742	41	0.7813
chr1	771767	771768	27	0.9068
chr1	771809	771810	25	0.863
chr1	771825	771826	34	0.6869
chr1	771856	771857	34	0.6654
chr1	771878	771879	21	0.9705
chr1	771893	771894	23	0.7561
chr1	771909	771910	28	0.8181
chr1	771952	771953	38	0.8465
chr1	771988	771989	27	0.6972
chr1	772003	772004	29	0.8131
chr1	772053	772054	32	0.8652
chr1	772088	772089	17	0.6951
chr1	772111	772112	29	0.7687
chr1	772161	772162	35	0.6144
chr1	772182	772183	23	0.7908
chr1	772210	772211	22	0.7371
chr1	772239	772240	34	0.8641
chr1	772254	772255	28	0.8853
chr1	772299	772300	30	0.6878
chr1	772399	772400	17	0.8306
chr1	772469	772470	24	0.7823
chr1	772569	772570	26	0.8792
chr1	772669	772670	21	0.8077
chr1	772769	772770	32	0.6641
chr1	772853	772854	24	0.7484
chr1	772883	772884	31	0.8692
chr1	772918	772919	25	0.6815
chr1	772946	772947	28	0.6726
chr1	772979	772980	27	0.6117
chr1	773020	773021	30	0.5866
chr1	773043	773044	38	0.6406
chr1	773070	773071	31	0.765
chr1	773092	773093	30	0.5166
chr1	773116	773117	24	0.8042
chr1	773137	773138	29	0.5783
chr1	773177	773178	23	0.6897
chr1	773192	773193	27	0.5298
chr1	773221	773222	33	0.443
chr1	773237	773238	29	0.7113
chr1	773269	773270	37	0.5944
chr1	773286	773287	24	0.6965
chr1	773313	773314	28	0.5479
chr1	773336	773337	28	0.529
chr1	773351	773352	27	0.5388
chr1	773397	773398	27	0.6438
chr1	773463	773464	39	0.6899
chr1	773545	773546	25	0.7563
chr1	773645	773646	27	0.7037
chr1	773739	773740	18	0.6826
chr1	773789	773790	21	0.6275
chr1	773835	773836	24	0.9006
chr1	773885	773886	26	0.5889
chr1	773919	773920	28	0.092
chr1	773969	773970	23	0.2298
chr1	774001	774002	28	0.2653
chr1	774042	774043	27	0.1274
chr1	774059	774060	28	0.1437
chr1	774077	774078	31	0.2875
chr1	774126	774127	34	0.2399
chr1	774161	774162	23	0.041
chr1	774188	774189	40	0.2075
chr1	774222	774223	36	0.1974
chr1	774238	774239	30	0.0
chr1	774271	774272	26	0.0303
chr1	774305	774306	20	0.2513
chr1	774355	774356	26	0.1219
chr1	774385	774386	30	0.0445
chr1	774403	774404	30	0.1531
chr1	774418	774419	34	0.1518
chr1	774450	774451	32	0.1584
chr1	774479	774480	31	0.053
chr1	774535	774536	18	0.0267
chr1	774618	774619	32	0.1114
chr1	774696	774697	32	0.1007
chr1	774746	774747	33	0.0493
chr1	774846	774847	35	0.1593
chr1	774896	774897	31	0.1892
chr1	774957	774958	29	0.1504
chr1	775021	775022	28	0.0766
chr1	775035	775036	35	0.2187
chr1	775044	775045	35	0.29
chr1	775094	775095	26	0.4131
chr1	775117	775118	30	0.3988
chr1	775137	775138	27	0.3255
chr1	775164	775165	32	0.42
chr1	775179	775180	25	0.1789
chr1	775200	775201	31	0.3839
chr1	775220	775221	24	0.5067
chr1	775240	775241	25	0.3388
chr1	775290	775291	22	0.4102
chr1	775330	775331	35	0.5983
chr1	775361	775362	24	0.3824
chr1	775387	775388	27	0.5584
chr1	775429	775430	28	0.3289
chr1	775471	775472	29	0.3076
chr1	775496	775497	32	0.3355
chr1	775511	775512	31	0.4399
chr1	775557	775558	30	0.4399
chr1	775598	775599	32	0.3734
chr1	775603	775604	30	0.5258
chr1	775703	775704	28	0.3478
chr1	775803	775804	30	0.2912
chr1	775883	775884	24	0.4534
chr1	775983	775984	28	0.3752
chr1	776083	776084	35	0.2541
chr1	776144	776145	34	0.2584
chr1	776180	776181	26	0.5807
chr1	776204	776205	29	0.7674
chr1	776282	776283	45	0.8025
chr1	776320	776321	34	0.6212
chr1	776348	776349	27	0.6094
chr1	776464	776465	24	0.874
chr1	776494	776495	27	0.7404
chr1	776630	776631	32	0.4906
chr1	776680	776681	30	0.7926
chr1	776717	776718	23	0.7148
chr1	776740	776741	30	0.7979
chr1	776790	776791	33	0.7818
chr1	776820	776821	28	0.7272
chr1	776846	776847	33	0.7078
chr1	776896	776897	37	0.8409
chr1	776946	776947	29	0.8029
chr1	776961	776962	25	0.9422
chr1	777005	777006	29	0.8067
chr1	777021	777022	32	0.818
chr1	777045	777046	34	0.6547
chr1	777095	777096	27	0.7517
chr1	777117	777118	30	0.7365
chr1	777134	777135	35	0.7891
chr1	777149	777150	34	0.8312
chr1	777167	777168	29	0.7585
chr1	777267	777268	28	0.7489
chr1	777323	777324	34	0.6777
chr1	777380	777381	32	0.7916
chr1	777480	777481	37	0.5137
chr1	777580	777581	31	0.8731
chr1	777646	777647	21	0.7068
chr1	777656	777657	28	0.9521
chr1	777722	777723	22	0.7878
chr1	777744	777745	28	0.8804
chr1	777759	777760	26	0.5249
chr1	777791	777792	29	0.6903
chr1	777841	777842	28	0.8969
chr1	777884	777885	40	0.7509
chr1	777926	777927	28	0.6897
chr1	777953	777954	24	0.6663
chr1	777981	777982	32	0.4575
chr1	778019	778020	28	0.5002
chr1	778061	778062	31	0.7264
chr1	778110	778111	36	0.5742
chr1	778145	778146	26	0.7975
chr1	778192	778193	33	0.6969
chr1	778197	778198	23	0.6652
chr1	778251	778252	24	0.5953
chr1	778351	778352	35	0.6874
chr1	778401	778402	30	0.6095
chr1	778501	778502	21	0.599
chr1	778601	778602	32	0.5643
chr1	778637	778638	25	0.6411
chr1	778667	778668	37	0.7276
chr1	778681	778682	29	0.1535
chr1	778722	778723	29	0.1382
chr1	778751	778752	29	0.2415
chr1	778766	778767	29	0.2528
chr1	778799	778800	21	0.213
chr1	778845	778846	34	0.2225
chr1	778865	778866	34	0.3025
chr1	778899	778900	28	0.1843
chr1	778927	778928	31	0.1734
chr1	778957	778958	25	0.2276
chr1	779007	779008	24	0.2849
chr1	779057	779058	28	0.1921
chr1	779077	779078	35	0.1866
chr1	779112	779113	25	0.1681
chr1	779156	779157	24	0.2357
chr1	779180	779181	36	0.1645
chr1	779205	779206	36	0.1985
chr1	779207	779208	25	0.144
chr1	779307	779308	33	0.2892
chr1	779376	779377	34	0.09
chr1	779426	779427	33	0.2408
chr1	779495	779496	34	0.1195
chr1	779595	779596	20	0.1712
chr1	779695	779696	21	0.2646
chr1	779715	779716	30	0.0541
chr1	779751	779752	39	0.1695
chr1	779800	779801	24	0.1012
chr1	779822	779823	23	0.0686
chr1	779838	779839	33	0.1846
chr1	779877	779878	35	0.1249
chr1	779899	779900	31	0.0479
chr1	779923	779924	30	0.051
chr1	779973	779974	28	0.0429
chr1	780023	780024	28	0.1185
chr1	780046	780047	15	0.1103
chr1	780061	780062	26	0.0471
chr1	780096	780097	40	0.0696
chr1	780116	780117	36	0.2062
chr1	780143	780144	31	0.0708
chr1	780158	780159	33	0.2279
chr1	780191	780192	35	0.1239
chr1	780213	780214	30	0.1032
chr1	780245	780246	39	0.2336
chr1	780273	780274	34	0.3824
chr1	780305	780306	27	0.101
chr1	780405	780406	29	0.0768
chr1	780505	780506	30	0.0917
chr1	780578	780579	30	0.0595
chr1	780656	780657	25	0.2552
chr1	780732	780733	25	0.0
chr1	780832	780833	23	0.0627
chr1	780837	780838	26	0.6115
chr1	780860	780861	32	0.5711
chr1	780903	780904	29	0.6159
chr1	780938	780939	30	0.6205
chr1	780974	780975	34	0.7081
chr1	781017	781018	29	0.463
chr1	781051	781052	28	0.639
chr1	781076	781077	34	0.631
chr1	781097	781098	37	0.5605
chr1	781139	781140	26	0.7
chr1	781189	781190	28	0.6481
chr1	781233	781234	37	0.4925
chr1	781265	781266	30	0.6262
chr1	781302	781303	36	0.7168
chr1	781330	781331	30	0.6142
chr1	781430	781431	33	0.6395
chr1	781530	781531	23	0.6665
chr1	781580	781581	26	0.5348
chr1	781680	781681	30	0.6194
chr1	781731	781732	24	0.6451
chr1	781739	781740	30	0.9774
chr1	781821	781822	41	0.9244
chr1	781837	781838	30	0.874
chr1	781959	781960	25	0.8471
chr1	782169	782170	35	0.8409
chr1	782175	782176	25	0.9822
chr1	782219	782220	27	0.4137
chr1	782241	782242	31	0.5827
chr1	782291	782292	20	0.7063
chr1	782323	782324	37	0.5404
chr1	782360	782361	19	0.7553
chr1	782380	782381	31	0.4514
chr1	782407	782408	32	0.532
chr1	782431	782432	37	0.6317
chr1	782446	782447	27	0.6817
chr1	782484	782485	29	0.6414
chr1	782520	782521	27	0.5665
chr1	782536	782537	35	0.6253
chr1	782571	782572	29	0.519
chr1	782617	782618	33	0.5475
chr1	782641	782642	25	0.7052
chr1	782672	782673	31	0.7771
chr1	782722	782723	29	0.5456
chr1	782772	782773	33	0.5404
chr1	782783	782784	33	0.5148
chr1	782848	782849	26	0.654
chr1	782948	782949	30	0.681
chr1	783006	783007	29	0.5964
chr1	783071	783072	25	0.6981
chr1	783150	783151	27	0.6763
chr1	783250	783251	33	0.6535
chr1	783300	783301	23	0.6295
chr1	783302	783303	33	0.9326
chr1	783333	783334	39	0.9419
chr1	783350	783351	34	0.932
chr1	783400	783401	33	0.731
chr1	783418	783419	36	0.9838
chr1	783446	783447	29	0.9323
chr1	783468	783469	30	0.7891
chr1	783503	783504	23	0.9571
chr1	783527	783528	34	0.8355
chr1	783553	783554	28	0.8768
chr1	783591	783592	24	0.9384
chr1	783641	783642	29	0.7633
chr1	783691	783692	25	0.8491
chr1	783706	783707	27	0.9278
chr1	783756	783757	29	0.8984
chr1	783776	783777	31	0.9009
chr1	783813	783814	26	0.855
chr1	783838	783839	21	0.9
chr1	783868	783869	28	0.928
chr1	783889	783890	26	0.9147
chr1	783907	783908	29	0.7773
chr1	783966	783967	32	0.8035
chr1	784016	784017	39	0.9097
chr1	784089	784090	28	0.94
chr1	784152	784153	32	0.8296
chr1	784252	784253	39	0.8417
chr1	784312	784313	32	0.7611
chr1	784401	784402	34	0.8611
chr1	784407	784408	34	0.9468
chr1	784429	784430	38	0.7295
chr1	784438	784439	35	0.7656
chr1	784488	784489	19	0.6886
chr1	784528	784529	26	0.8027
chr1	784578	784579	31	0.8333
chr1	784593	784594	36	0.7615
chr1	784616	784617	27	0.6744
chr1	784632	784633	20	0.8018
chr1	784663	784664	38	0.7137
chr1	784684	784685	24	0.7436
chr1	784711	784712	30	0.7917
chr1	784732	784733	34	0.5277
chr1	784753	784754	29	0.5866
chr1	784782	784783	30	0.7329
chr1	784832	784833	28	0.6478
chr1	784864	784865	26	0.8253
chr1	784914	784915	30	0.8381
chr1	784934	784935	32	0.6464
chr1	784957	784958	22	0.7793
chr1	784961	784962	33	0.7234
chr1	785030	785031	17	0.7994
chr1	785130	785131	30	0.8641
chr1	785230	785231	27	0.6839
chr1	785309	785310	28	0.7561
chr1	785409	785410	32	0.6174
chr1	785561	785562	26	0.9707
chr1	785567	785568	23	0.9646
chr1	785585	785586	35	0.7497
chr1	785841	785842	33	0.8308
chr1	785863	785864	34	0.9792
chr1	785887	785888	25	0.7853
chr1	785898	785899	34	0.7438
chr1	785948	785949	24	0.8231
chr1	785988	785989	29	0.8989
chr1	786005	786006	32	0.7175
chr1	786020	786021	35	0.9673
chr1	786058	786059	34	0.6719
chr1	786092	786093	21	0.8045
chr1	786131	786132	24	0.893
chr1	786151	786152	23	0.7855
chr1	786176	786177	39	0.6878
chr1	786191	786192	33	0.703
chr1	786219	786220	32	0.756
chr1	786269	786270	28	0.7669
chr1	786297	786298	20	0.7104
chr1	786341	786342	36	0.684
chr1	786391	786392	40	0.6092
chr1	786399	786400	28	0.9246
chr1	786462	786463	27	0.735
chr1	786562	786563	25	0.8553
chr1	786637	786638	36	0.8304
chr1	786737	786738	29	0.7429
chr1	786794	786795	17	0.7769
chr1	786847	786848	30	0.7968
chr1	786849	786850	31	0.9916
chr1	786851	786852	23	0.5878
chr1	786901	786902	25	0.6108
chr1	786925	786926	21	0.5824
chr1	786947	786948	25	0.6379
chr1	786997	786998	32	0.6953
chr1	787035	787036	27	0.6783
chr1	787055	787056	33	0.6433
chr1	787105	787106	33	0.591
chr1	787120	787121	31	0.8204
chr1	787136	787137	29	0.6067
chr1	787214	787215	37	0.6511
chr1	787255	787256	30	0.7472
chr1	787283	787284	22	0.5614
chr1	787314	787315	30	0.6599
chr1	787364	787365	27	0.7359
chr1	787374	787375	36	0.5376
chr1	787474	787475	30	0.7335
chr1	787574	787575	30	0.7715
chr1	787674	787675	35	0.6278
chr1	787774	787775	31	0.7281
chr1	787848	787849	29	0.5781
chr1	787864	787865	31	0.7493
chr1	787899	787900	25	0.8378
chr1	787932	787933	40	0.6058
chr1	787972	787973	23	0.7029
chr1	787997	787998	29	0.6379
chr1	788013	788014	25	0.79
chr1	788046	788047	28	0.8143
chr1	788093	788094	30	0.7847
chr1	788128	788129	30	0.628
chr1	788143	788144	23	0.6162
chr1	788175	788176	27	0.6753
chr1	788199	788200	24	0.5747
chr1	788224	788225	29	0.6771
chr1	788262	788263	24	0.5531
chr1	788312	788313	30	0.5448
chr1	788344	788345	28	0.75
chr1	788394	788395	33	0.5993
chr1	788494	788495	27	0.6118
chr1	788594	788595	25	0.7262
chr1	788694	788695	23	0.6612
chr1	788793	788794	27	0.6023
chr1	788859	788860	18	0.6373
chr1	788865	788866	26	0.3741
chr1	788883	788884	29	0.7707
chr1	788898	788899	32	0.6075
chr1	788939	788940	35	0.4053
chr1	788966	788967	25	0.593
chr1	788996	788997	32	0.5308
chr1	789014	789015	27	0.5931
chr1	789055	789056	30	0.4212
chr1	789105	789106	28	0.4787
chr1	789121	789122	25	0.4347
chr1	789150	789151	31	0.5523
chr1	789165	789166	30	0.6415
chr1	789180	789181	31	0.5329
chr1	789203	789204	29	0.7401
chr1	789229	789230	38	0.6
chr1	789244	789245	32	0.4064
chr1	789271	789272	25	0.5943
chr1	789321	789322	29	0.3865
chr1	789348	789349	38	0.6973
chr1	789370	789371	35	0.3907
chr1	789406	789407	31	0.7358
chr1	789440	789441	26	0.5249
chr1	789522	789523	31	0.3961
chr1	789622	789623	17	0.6261
chr1	789672	789673	24	0.6915
chr1	789772	789773	26	0.4603
chr1	789872	789873	30	0.6694
chr1	789928	789929	32	0.5727
chr1	789940	789941	24	0.9232
chr1	789942	789943	35	1.0
chr1	789954	789955	27	0.9433
chr1	789972	789973	22	0.7622
chr1	789994	789995	38	0.6676
chr1	790152	790153	29	0.7231
chr1	790216	790217	19	0.7217
chr1	790286	790287	32	0.7927
chr1	790326	790327	31	0.8178
chr1	790333	790334	36	0.5405
chr1	790359	790360	35	0.5078
chr1	790382	790383	35	0.469
chr1	790432	790433	23	0.4177
chr1	790473	790474	35	0.5957
chr1	790498	790499	36	0.4761
chr1	790520	790521	27	0.6002
chr1	790552	790553	31	0.5496
chr1	790572	790573	29	0.4685
chr1	790609	790610	30	0.4596
chr1	790637	790638	27	0.4627
chr1	790652	790653	29	0.4785
chr1	790670	790671	24	0.5475
chr1	790687	790688	18	0.4156
chr1	790737	790738	30	0.4734
chr1	790752	790753	29	0.4858
chr1	790788	790789	29	0.5453
chr1	790827	790828	41	0.5311
chr1	790828	790829	33	0.6604
chr1	790928	790929	36	0.6808
chr1	791028	791029	28	0.6111
chr1	791128	791129	35	0.578
chr1	791178	791179	38	0.4628
chr1	791278	791279	25	0.5848
chr1	791312	791313	32	0.1293
chr1	791372	791373	33	0.1164
chr1	791512	791513	30	0.3602
chr1	791550	791551	40	0.2296
chr1	791606	791607	23	0.1712
chr1	791616	791617	35	0.5396
chr1	791661	791662	31	0.4023
chr1	791679	791680	32	0.4735
chr1	791729	791730	25	0.497
chr1	791745	791746	28	0.424
chr1	791781	791782	33	0.4761
chr1	791831	791832	33	0.528
chr1	791875	791876	30	0.4192
chr1	791892	791893	37	0.361
chr1	791907	791908	26	0.34
chr1	791922	791923	39	0.4709
chr1	791950	791951	31	0.2425
chr1	791969	791970	33	0.4475
chr1	792015	792016	27	0.3027
chr1	792065	792066	30	0.5599
chr1	792115	792116	28	0.4734
chr1	792118	792119	24	0.4197
chr1	792168	792169	19	0.4806
chr1	792268	792269	22	0.4353
chr1	792333	792334	28	0.466
chr1	792392	792393	31	0.4751
chr1	792455	792456	32	0.4401
chr1	792555	792556	30	0.5645
chr1	792581	792582	29	0.2788
chr1	792623	792624	24	0.353
chr1	792703	792704	27	0.4118
chr1	792753	792754	30	0.2741
chr1	792963	792964	43	0.1524
chr1	792973	792974	28	0.1705
chr1	793037	793038	20	0.1622
chr1	793055	793056	23	0.3339
chr1	793062	793063	34	0.4771
chr1	793077	793078	44	0.7079
chr1	793101	793102	31	0.6815
chr1	793131	793132	30	0.3684
chr1	793149	793150	25	0.5226
chr1	793171	793172	31	0.4436
chr1	793200	793201	22	0.6095
chr1	793223	793224	31	0.7049
chr1	793242	793243	28	0.4533
chr1	793275	793276	23	0.5241
chr1	793325	793326	33	0.6973
chr1	793347	793348	25	0.5225
chr1	793362	793363	37	0.3426
chr1	793384	793385	26	0.5662
chr1	793412	793413	34	0.5346
chr1	793433	793434	33	0.4109
chr1	793463	793464	21	0.4518
chr1	793502	793503	29	0.4772
chr1	793552	793553	33	0.538
chr1	793588	793589	22	0.4652
chr1	793593	793594	30	0.5313
chr1	793693	793694	27	0.5566
chr1	793793	793794	31	0.5079
chr1	793843	793844	31	0.7017
chr1	793943	793944	33	0.67
chr1	794036	794037	23	0.5671
chr1	794074	794075	27	0.8157
chr1	794202	794203	30	0.7603
chr1	794214	794215	23	0.7825
chr1	794296	794297	28	0.8082
chr1	794308	794309	30	0.9901
chr1	794520	794521	29	0.7815
chr1	794524	794525	29	0.9615
chr1	794572	794573	21	0.7207
chr1	794606	794607	26	0.805
chr1	794640	794641	32	0.6136
chr1	794676	794677	26	0.8586
chr1	794693	794694	27	0.8604
chr1	794720	794721	40	0.792
chr1	794743	794744	21	0.7624
chr1	794764	794765	35	0.844
chr1	794794	794795	17	0.8414
chr1	794809	794810	34	0.754
chr1	794826	794827	39	0.6251
chr1	794876	794877	32	0.7958
chr1	794904	794905	43	0.7753
chr1	794947	794948	30	0.9034
chr1	794997	794998	31	0.6614
chr1	795021	795022	39	0.7921
chr1	795025	795026	22	0.8652
chr1	795075	795076	29	0.8532
chr1	795175	795176	38	0.9803
chr1	795275	795276	34	0.815
chr1	795375	795376	32	0.8125
chr1	795475	795476	30	0.7227
chr1	795497	795498	35	0.8877
chr1	795501	795502	35	0.8573
chr1	795516	795517	31	0.2758
chr1	795532	795533	24	0.16
chr1	795566	795567	30	0.2651
chr1	795593	795594	26	0.1532
chr1	795625	795626	37	0.2473
chr1	795658	795659	29	0.3105
chr1	795673	795674	24	0.2107
chr1	795723	795724	37	0.1949
chr1	795773	795774	22	0.1252
chr1	795790	795791	26	0.2338
chr1	795834	795835	31	0.3245
chr1	795866	795867	28	0.1706
chr1	795897	795898	27	0.139
chr1	795935	795936	26	0.2997
chr1	795961	795962	27	0.069
chr1	795980	795981	32	0.1282
chr1	796006	796007	29	0.1659
chr1	796016	796017	35	0.2053
chr1	796066	796067	32	0.2088
chr1	796128	796129	32	0.2136
chr1	796217	796218	21	0.2544
chr1	796268	796269	34	0.1944
chr1	796318	796319	29	0.1913
chr1	796418	796419	33	0.4603
chr1	796478	796479	20	0.3694
chr1	796522	796523	31	0.2142
chr1	796546	796547	26	0.156
chr1	796579	796580	38	0.6752
chr1	796629	796630	32	0.6191
chr1	796644	796645	29	0.7463
chr1	796694	796695	26	0.6598
chr1	796710	796711	30	0.7656
chr1	796729	796730	28	0.6116
chr1	796768	796769	29	0.6563
chr1	796783	796784	30	0.5923
chr1	796798	796799	31	0.6782
chr1	796848	796849	32	0.6446
chr1	796879	796880	30	0.7979
chr1	796896	796897	30	0.7062
chr1	796932	796933	29	0.8711
chr1	796964	796965	39	0.7303
chr1	796985	796986	24	0.7095
chr1	797009	797010	38	0.6822
chr1	797039	797040	34	0.643
chr1	797099	797100	25	0.7374
chr1	797171	797172	28	0.7233
chr1	797221	797222	36	0.6112
chr1	797271	797272	26	0.7596
chr1	797326	797327	33	0.8496
chr1	797426	797427	27	0.8001
chr1	797492	797493	26	0.736
chr1	797548	797549	29	0.831
chr1	797564	797565	26	0.6679
chr1	797569	797570	38	0.3695
chr1	797615	797616	28	0.4964
chr1	797639	797640	29	0.4536
chr1	797689	797690	30	0.4961
chr1	797715	797716	32	0.6641
chr1	797741	797742	28	0.4443
chr1	797781	797782	27	0.3649
chr1	797820	797821	37	0.4164
chr1	797835	797836	36	0.5003
chr1	797860	797861	28	0.5379
chr1	797883	797884	27	0.6896
chr1	797906	797907	39	0.4832
chr1	797930	797931	27	0.4749
chr1	797964	797965	34	0.6008
chr1	797991	797992	31	0.527
chr1	798015	798016	22	0.5137
chr1	798056	798057	37	0.4263
chr1	798071	798072	33	0.3599
chr1	798121	798122	29	0.4831
chr1	798147	798148	31	0.4831
chr1	798197	798198	31	0.5906
chr1	798297	798298	18	0.4195
chr1	798397	798398	24	0.4647
chr1	798497	798498	27	0.5806
chr1	798597	798598	34	0.443
chr1	798697	798698	30	0.5989
chr1	798795	798796	30	0.799
chr1	798839	798840	29	0.8211
chr1	798935	798936	29	0.8283
chr1	799059	799060	27	0.9645
chr1	799079	799080	37	0.8684
chr1	799143	799144	32	0.5364
chr1	800289	800290	26	0.6128
chr1	800318	800319	21	0.6391
chr1	800333	800334	27	0.745
chr1	800383	800384	36	0.7458
chr1	800406	800407	32	0.7776
chr1	800421	800422	22	0.7271
chr1	800461	800462	37	0.7214
chr1	800482	800483	29	0.6064
chr1	800513	800514	33	0.674
chr1	800563	800564	22	0.5738
chr1	800596	800597	29	0.6165
chr1	800620	800621	29	0.7014
chr1	800648	800649	25	0.7108
chr1	800679	800680	22	0.6708
chr1	800712	800713	36	0.608
chr1	800742	800743	32	0.688
chr1	800792	800793	28	0.7135
chr1	800798	800799	23	0.7346
chr1	800848	800849	28	0.7511
chr1	800948	800949	38	0.863
chr1	801048	801049	30	0.7314
chr1	801148	801149	31	0.8063
chr1	801248	801249	33	0.6499
chr1	801276	801277	28	0.6694
chr1	801340	801341	25	0.8038
chr1	801354	801355	28	0.6352
chr1	801404	801405	30	0.6317
chr1	801429	801430	28	0.7672
chr1	801479	801480	34	0.7492
chr1	801506	801507	31	0.6636
chr1	801528	801529	30	0.5602
chr1	801578	801579	23	0.7402
chr1	801604	801605	40	0.7018
chr1	801637	801638	31	0.8354
chr1	801684	801685	33	0.7181
chr1	801723	801724	20	0.6425
chr1	801761	801762	28	0.6422
chr1	801794	801795	26	0.6957
chr1	801817	801818	27	0.7559
chr1	801867	801868	29	0.5919
chr1	801967	801968	35	0.6836
chr1	802041	802042	27	0.5473
chr1	802141	802142	19	0.5714
chr1	802195	802196	26	0.7112
chr1	802275	802276	35	0.8406
chr1	802315	802316	31	0.0
chr1	802355	802356	25	0.1003
chr1	802398	802399	29	0.015
chr1	802437	802438	31	0.1073
chr1	802487	802488	28	0.7067
chr1	802515	802516	26	0.3916
chr1	802544	802545	25	0.0163
chr1	802572	802573	34	0.1987
chr1	802589	802590	27	0.8238
chr1	802614	802615	24	0.1279
chr1	802635	802636	28	0.6605
chr1	802685	802686	35	0.268
chr1	802721	802722	38	0.8222
chr1	802771	802772	27	0.7895
chr1	802821	802822	37	0.7686
chr1	802822	802823	35	0.6673
chr1	802922	802923	30	0.0444
chr1	802972	802973	32	0.6477
chr1	803072	803073	35	0.3217
chr1	803142	803143	29	0.5069
chr1	803231	803232	32	0.4189
chr1	803281	803282	23	1.0
chr1	803319	803320	29	1.0
chr1	803357	803358	32	0.6717
chr1	803389	803390	26	0.7132
chr1	803407	803408	20	0.7577
chr1	803432	803433	26	0.808
chr1	803447	803448	29	0.7919
chr1	803466	803467	28	0.7731
chr1	803481	803482	25	0.7884
chr1	803508	803509	27	0.8693
chr1	803558	803559	42	0.6738
chr1	803573	803574	30	0.8308
chr1	803595	803596	31	0.7257
chr1	803619	803620	31	0.7701
chr1	803646	803647	26	0.7172
chr1	803673	803674	28	0.6615
chr1	803695	803696	36	0.6862
chr1	803711	803712	21	0.7416
chr1	803734	803735	22	0.6503
chr1	803774	803775	27	0.7844
chr1	803815	803816	34	0.8412
chr1	803838	803839	32	0.7146
chr1	803913	803914	26	0.5127
chr1	804013	804014	24	0.7957
chr1	804084	804085	34	0.7944
chr1	804175	804176	31	0.87
chr1	804231	804232	34	0.8903
chr1	804257	804258	21	0.88
chr1	804267	804268	30	0.8206
chr1	804289	804290	41	0.888
chr1	804305	804306	17	0.8194
chr1	804355	804356	29	0.8475
chr1	804405	804406	32	0.8379
chr1	804443	804444	35	0.6115
chr1	804469	804470	32	0.7245
chr1	804488	804489	27	0.7634
chr1	804538	804539	34	0.7259
chr1	804566	804567	36	0.753
chr1	804583	804584	27	0.5989
chr1	804598	804599	43	0.5233
chr1	804628	804629	27	0.5567
chr1	804658	804659	31	0.5793
chr1	804688	804689	34	0.6288
chr1	804738	804739	29	0.4181
chr1	804788	804789	27	0.6252
chr1	804838	804839	28	0.6159
chr1	804888	804889	32	0.5827
chr1	804988	804989	30	0.5476
chr1	805088	805089	28	0.7439
chr1	805139	805140	31	0.7911
chr1	805225	805226	29	0.8239
chr1	805298	805299	35	0.6836
chr1	805346	805347	36	0.8666
chr1	805358	805359	28	0.8073
chr1	805394	805395	26	0.8097
chr1	805450	805451	28	0.831
chr1	805546	805547	23	0.9233
chr1	805658	805659	32	0.7874
chr1	805734	805735	34	0.7765
chr1	805790	805791	21	0.6354
chr1	805794	805795	20	0.7906
chr1	805814	805815	28	0.0673
chr1	805832	805833	24	0.1188
chr1	805865	805866	29	0.0288
chr1	805885	805886	27	0.0063
chr1	805931	805932	35	0.0561
chr1	805956	805957	24	0.09
chr1	805984	805985	23	0.0731
chr1	806015	806016	28	0.0304
chr1	806046	806047	27	0.2115
chr1	806063	806064	30	0.0746
chr1	806078	806079	26	0.1189
chr1	806098	806099	40	0.1801
chr1	806125	806126	26	0.1067
chr1	806144	806145	32	0.1964
chr1	806184	806185	29	0.162
chr1	806206	806207	18	0.0976
chr1	806241	806242	30	0.1565
chr1	806276	806277	21	0.0898
chr1	806326	806327	36	0.1423
chr1	806344	806345	24	0.0481
chr1	806363	806364	30	0.0946
chr1	806413	806414	32	0.1268
chr1	806513	806514	35	0.0931
chr1	806613	806614	23	0.0484
chr1	806702	806703	32	0.1368
chr1	806802	806803	19	0.1688
chr1	806897	806898	32	0.2371
chr1	806903	806904	39	0.0
chr1	806911	806912	26	0.1671
chr1	806926	806927	33	0.1349
chr1	806953	806954	29	0.0006
chr1	806971	806972	26	0.0625
chr1	806993	806994	31	0.0996
chr1	807043	807044	20	0.2462
chr1	807069	807070	31	0.2518
chr1	807111	807112	24	0.27
chr1	807160	807161	25	0.3109
chr1	807189	807190	33	0.3921
chr1	807204	807205	29	0.2512
chr1	807227	807228	25	0.3188
chr1	807257	807258	28	0.3013
chr1	807307	807308	29	0.2995
chr1	807355	807356	34	0.3982
chr1	807370	807371	32	0.3292
chr1	807394	807395	23	0.2933
chr1	807426	807427	29	0.2116
chr1	807452	807453	23	0.3176
chr1	807517	807518	27	0.2046
chr1	807604	807605	28	0.1699
chr1	807704	807705	30	0.1101
chr1	807785	807786	31	0.1389
chr1	807885	807886	30	0.2488
chr1	807938	807939	29	0.2267
chr1	807966	807967	35	0.0496
chr1	808046	808047	29	0.0
chr1	808090	808091	30	0.1598
chr1	808240	808241	28	0.2614
chr1	808360	808361	30	0.1041
chr1	808404	808405	38	0.0046
chr1	808454	808455	29	0.8021
chr1	808484	808485	33	0.6697
chr1	808534	808535	23	0.6442
chr1	808584	808585	25	0.6411
chr1	808634	808635	26	0.9014
chr1	808680	808681	26	0.8007
chr1	808719	808720	25	0.6412
chr1	808734	808735	21	0.9175
chr1	808760	808761	32	0.812
chr1	808793	808794	20	0.859
chr1	808816	808817	27	0.7338
chr1	808860	808861	34	0.8202
chr1	808884	808885	28	0.8275
chr1	808948	808949	29	0.8235
chr1	809021	809022	31	0.7977
chr1	809121	809122	27	0.6283
chr1	809221	809222	22	0.7029
chr1	809247	809248	27	0.6506
chr1	809259	809260	30	0.9433
chr1	809284	809285	32	0.7821
chr1	809334	809335	31	0.8471
chr1	809374	809375	36	0.7861
chr1	809394	809395	16	0.755
chr1	809427	809428	30	0.8726
chr1	809468	809469	22	0.7026
chr1	809499	809500	28	0.9177
chr1	809540	809541	29	0.8263
chr1	809590	809591	25	0.7676
chr1	809638	809639	18	0.8138
chr1	809661	809662	33	0.7676
chr1	809707	809708	28	0.7306
chr1	809737	809738	28	0.6719
chr1	809777	809778	24	0.7809
chr1	809793	809794	27	0.7935
chr1	809816	809817	26	0.8579
chr1	809868	809869	40	0.648
chr1	809946	809947	35	0.6121
chr1	810022	810023	29	0.5489
chr1	810076	810077	28	0.8503
chr1	810176	810177	33	0.8295
chr1	810226	810227	32	0.7658
chr1	810276	810277	33	0.6269
chr1	810308	810309	31	0.831
chr1	810354	810355	40	0.0843
chr1	810390	810391	32	0.1506
chr1	810430	810431	33	0.2609
chr1	810445	810446	35	0.2404
chr1	810484	810485	34	0.1686
chr1	810504	810505	22	0.3093
chr1	810522	810523	25	0.1785
chr1	810562	810563	23	0.287
chr1	810610	810611	36	0.3026
chr1	810645	810646	23	0.1976
chr1	810660	810661	35	0.1896
chr1	810685	810686	29	0.3274
chr1	810700	810701	29	0.1018
chr1	810728	810729	28	0.1374
chr1	810743	810744	30	0.1291
chr1	810774	810775	32	0.1947
chr1	810824	810825	30	0.1308
chr1	810848	810849	25	0.1412
chr1	810937	810938	27	0.1793
chr1	811028	811029	33	0.3374
chr1	811128	811129	37	0.1908
chr1	811226	811227	33	0.2091
chr1	811326	811327	36	0.227
chr1	811388	811389	28	0.2479
chr1	811412	811413	29	0.6369
chr1	811431	811432	35	0.5864
chr1	811470	811471	35	0.601
chr1	811485	811486	29	0.5937
chr1	811535	811536	30	0.768
chr1	811566	811567	24	0.6634
chr1	811589	811590	36	0.627
chr1	811630	811631	23	0.6792
chr1	811672	811673	33	0.6779
chr1	811722	811723	36	0.5935
chr1	811742	811743	30	0.588
chr1	811764	811765	34	0.6231
chr1	811785	811786	27	0.7153
chr1	811825	811826	31	0.6687
chr1	811847	811848	32	0.6724
chr1	811871	811872	25	0.6821
chr1	811895	811896	26	0.7122
chr1	811926	811927	28	0.6384
chr1	811951	811952	32	0.6633
chr1	811955	811956	20	0.5416
chr1	812005	812006	28	0.7583
chr1	812093	812094	26	0.5974
chr1	812143	812144	24	0.6562
chr1	812243	812244	31	0.6201
chr1	812293	812294	28	0.7719
chr1	812393	812394	37	0.636
chr1	812493	812494	35	0.6545
chr1	812523	812524	31	0.7586
chr1	812560	812561	27	0.7985
chr1	812575	812576	33	0.8706
chr1	812625	812626	32	0.8513
chr1	812672	812673	26	0.7418
chr1	812701	812702	28	0.7715
chr1	812716	812717	40	0.7077
chr1	812762	812763	28	0.9038
chr1	812777	812778	30	0.8652
chr1	812816	812817	26	0.8226
chr1	812831	812832	20	0.933
chr1	812846	812847	35	0.7214
chr1	812874	812875	34	0.8526
chr1	812911	812912	25	0.8566
chr1	812946	812947	31	0.9592
chr1	812961	812962	24	0.7964
chr1	812987	812988	35	0.7658
chr1	813024	813025	28	0.9189
chr1	813063	813064	22	0.8398
chr1	813113	813114	39	0.9212
chr1	813168	813169	32	0.7973
chr1	813249	813250	29	0.7865
chr1	813332	813333	33	0.9514
chr1	813424	813425	34	0.7162
chr1	813524	813525	27	0.8902
chr1	813600	813601	29	0.9454
chr1	813608	813609	33	0.4869
chr1	813630	813631	32	0.5512
chr1	813661	813662	35	0.4146
chr1	813700	813701	25	0.5106
chr1	813715	813716	27	0.6293
chr1	813760	813761	34	0.4798
chr1	813777	813778	31	0.4141
chr1	813807	813808	32	0.3721
chr1	813837	813838	35	0.3264
chr1	813865	813866	34	0.5228
chr1	813904	813905	42	0.6334
chr1	813954	813955	29	0.4381
chr1	813995	813996	30	0.5759
chr1	814018	814019	38	0.3414
chr1	814039	814040	25	0.3707
chr1	814067	814068	27	0.3052
chr1	814102	814103	30	0.6401
chr1	814107	814108	32	0.4147
chr1	814164	814165	33	0.4319
chr1	814214	814215	30	0.6767
chr1	814272	814273	27	0.3402
chr1	814372	814373	35	0.6694
chr1	814422	814423	32	0.5979
chr1	814486	814487	37	0.6318
chr1	814586	814587	26	0.5046
chr1	814758	814759	25	0.7675
chr1	814872	814873	27	0.8875
chr1	814912	814913	30	0.6116
chr1	814960	814961	22	0.6614
chr1	815026	815027	36	0.763
chr1	815049	815050	33	0.1523
chr1	815064	815065	31	0.0
chr1	815110	815111	29	0.0857
chr1	815142	815143	27	0.0068
chr1	815176	815177	27	0.0186
chr1	815191	815192	28	0.0828
chr1	815224	815225	31	0.0596
chr1	815262	815263	28	0.0783
chr1	815302	815303	33	0.2205
chr1	815352	815353	25	0.0011
chr1	815402	815403	40	0.0
chr1	815435	815436	29	0.0573
chr1	815457	815458	27	0.0083
chr1	815486	815487	30	0.1405
chr1	815506	815507	37	0.0491
chr1	815606	815607	24	0.1673
chr1	815684	815685	24	0.0016
chr1	815784	815785	28	0.0
chr1	815872	815873	30	0.1625
chr1	815936	815937	34	0.0308
chr1	815942	815943	28	0.0005
chr1	815977	815978	34	0.6592
chr1	816027	816028	28	0.7402
chr1	816063	816064	25	0.6986
chr1	816107	816108	26	0.7589
chr1	816135	816136	34	0.7285
chr1	816182	816183	27	0.7776
chr1	816208	816209	30	0.6255
chr1	816244	816245	21	0.7709
chr1	816269	816270	29	0.8212
chr1	816293	816294	25	0.779
chr1	816338	816339	37	0.4968
chr1	816359	816360	35	0.5869
chr1	816399	816400	31	0.6427
chr1	816449	816450	22	0.6526
chr1	816492	816493	30	0.6423
chr1	816524	816525	33	0.6023
chr1	816574	816575	21	0.5689
chr1	816598	816599	35	0.5848
chr1	816698	816699	24	0.6798
chr1	816782	816783	34	0.7577
chr1	816872	816873	32	0.576
chr1	816941	816942	27	0.7058
chr1	817041	817042	30	0.6056
chr1	817091	817092	31	0.6142
chr1	817151	817152	32	0.6925
chr1	817210	817211	29	0.5172
chr1	817262	817263	34	0.6693
chr1	817271	817272	26	0.5711
chr1	817286	817287	30	0.5238
chr1	817305	817306	30	0.7426
chr1	817336	817337	28	0.6066
chr1	817363	817364	29	0.6868
chr1	817384	817385	34	0.4726
chr1	817423	817424	33	0.6742
chr1	817461	817462	26	0.6577
chr1	817476	817477	25	0.7854
chr1	817491	817492	27	0.8213
chr1	817528	817529	32	0.7456
chr1	817576	817577	35	0.6451
chr1	817591	817592	30	0.7191
chr1	817616	817617	37	0.8232
chr1	817662	817663	30	0.591
chr1	817712	817713	26	0.7504
chr1	817738	817739	33	0.648
chr1	817757	817758	36	0.6478
chr1	817799	817800	23	0.4971
chr1	817831	817832	32	0.5823
chr1	817931	817932	24	0.5931
chr1	818031	818032	29	0.7611
chr1	818131	818132	35	0.7991
chr1	818195	818196	33	0.488
chr1	818295	818296	33	0.5387
chr1	818311	818312	28	0.8984
chr1	818413	818414	42	0.7944
chr1	818451	818452	25	0.7999
chr1	818563	818564	32	0.7241
chr1	818593	818594	21	0.8595
chr1	818673	818674	22	0.917
chr1	818681	818682	25	0.6604
chr1	818713	818714	37	0.6731
chr1	818742	818743	26	0.6201
chr1	818759	818760	32	0.7537
chr1	818809	818810	35	0.6529
chr1	818831	818832	33	0.6626
chr1	818849	818850	30	0.704
chr1	818878	818879	33	0.5529
chr1	818913	818914	36	0.4856
chr1	818938	818939	26	0.5965
chr1	818962	818963	39	0.65
chr1	818980	818981	43	0.5921
chr1	818995	818996	24	0.6822
chr1	819042	819043	30	0.77
chr1	819067	819068	28	0.6185
chr1	819117	819118	24	0.612
chr1	819144	819145	34	0.4467
chr1	819244	819245	28	0.666
chr1	819344	819345	33	0.7387
chr1	819444	819445	31	0.586
chr1	819544	819545	22	0.677
chr1	819546	819547	30	0.9185
chr1	819622	819623	30	0.9694
chr1	819690	819691	35	1.0
chr1	819734	819735	39	0.9239
chr1	819766	819767	15	0.7727
chr1	819964	819965	21	0.8215
chr1	819970	819971	26	1.0
chr1	819997	819998	30	0.7464
chr1	820047	820048	32	0.695
chr1	820097	820098	30	0.7594
chr1	820127	820128	25	0.7029
chr1	820161	820162	29	0.7394
chr1	820189	820190	21	0.6692
chr1	820224	820225	35	0.7171
chr1	820242	820243	32	0.7862
chr1	820291	820292	28	0.7122
chr1	820320	820321	29	0.6938
chr1	820352	820353	28	0.6086
chr1	820380	820381	24	0.8279
chr1	820430	820431	26	0.646
chr1	820466	820467	38	0.6283
chr1	820512	820513	31	0.7348
chr1	820550	820551	28	0.613
chr1	820554	820555	26	0.6647
chr1	820654	820655	36	0.7756
chr1	820708	820709	28	0.6986
chr1	820808	820809	33	0.662
chr1	820908	820909	30	0.7428
chr1	820981	820982	30	0.5483
chr1	821043	821044	22	0.6409
chr1	821119	821120	35	0.7527
chr1	821138	821139	32	0.756
chr1	821156	821157	29	0.7532
chr1	821178	821179	26	0.8291
chr1	821218	821219	33	0.8307
chr1	821238	821239	38	0.7297
chr1	821253	821254	30	0.9107
chr1	821288	821289	26	0.8363
chr1	821311	821312	27	0.6756
chr1	821361	821362	28	0.8211
chr1	821395	821396	31	0.7777
chr1	821412	821413	25	0.6222
chr1	821441	821442	33	0.7286
chr1	821470	821471	22	0.7781
chr1	821493	821494	24	0.7571
chr1	821523	821524	28	0.7677
chr1	821547	821548	30	0.601
chr1	821592	821593	29	0.5115
chr1	821624	821625	37	0.6337
chr1	821645	821646	30	0.8536
chr1	821691	821692	26	0.7187
chr1	821694	821695	32	0.8411
chr1	821763	821764	32	0.8176
chr1	821863	821864	38	0.5968
chr1	821963	821964	27	0.728
chr1	822063	822064	31	0.8466
chr1	822163	822164	30	0.6889
chr1	822239	822240	25	0.7163
chr1	822303	822304	29	0.7623
chr1	822337	822338	30	0.916
chr1	822344	822345	29	0.4878
chr1	822390	822391	25	0.6218
chr1	822419	822420	33	0.524
chr1	822435	822436	22	0.4692
chr1	822456	822457	28	0.5222
chr1	822488	822489	28	0.552
chr1	822505	822506	30	0.5601
chr1	822532	822533	37	0.5031
chr1	822549	822550	35	0.6066
chr1	822592	822593	33	0.5762
chr1	822620	822621	36	0.4843
chr1	822635	822636	33	0.6495
chr1	822658	822659	25	0.4728
chr1	822708	822709	25	0.5217
chr1	822724	822725	32	0.5559
chr1	822740	822741	33	0.7039
chr1	822788	822789	30	0.6415
chr1	822803	822804	25	0.5268
chr1	822903	822904	25	0.5631
chr1	822996	822997	44	0.4754
chr1	823096	823097	24	0.5007
chr1	823196	823197	22	0.4544
chr1	823214	823215	29	0.9682
chr1	823328	823329	32	0.7876
chr1	823340	823341	33	0.6849
chr1	823372	823373	27	0.6635
chr1	823424	823425	29	0.7141
chr1	823444	823445	25	0.6938
chr1	823470	823471	26	0.9345
chr1	823498	823499	28	0.8845
chr1	823584	823585	29	0.8003
chr1	823682	823683	29	0.9587
chr1	823690	823691	25	0.6613
chr1	823706	823707	17	0.632
chr1	823735	823736	31	0.7123
chr1	823750	823751	37	0.5769
chr1	823780	823781	33	0.6223
chr1	823830	823831	30	0.6774
chr1	823845	823846	28	0.6361
chr1	823860	823861	35	0.682
chr1	823887	823888	28	0.8526
chr1	823933	823934	31	0.8159
chr1	823964	823965	31	0.5913
chr1	824011	824012	25	0.7835
chr1	824060	824061	32	0.771
chr1	824108	824109	36	0.732
chr1	824162	824163	27	0.6092
chr1	824262	824263	25	0.7156
chr1	824334	824335	27	0.6646
chr1	824428	824429	29	0.6928
chr1	824696	824697	27	0.8672
chr1	824728	824729	33	0.921
chr1	824730	824731	31	0.8106
chr1	824770	824771	30	0.9698
chr1	824788	824789	31	0.9315
chr1	824798	824799	28	0.8116
chr1	824838	824839	26	0.5415
chr1	824876	824877	16	0.6633
chr1	824898	824899	24	0.6709
chr1	824931	824932	34	0.6602
chr1	824953	824954	30	0.6002
chr1	824985	824986	24	0.5241
chr1	825001	825002	27	0.6644
chr1	825016	825017	33	0.5458
chr1	825041	825042	31	0.6267
chr1	825075	825076	32	0.8129
chr1	825119	825120	24	0.7484
chr1	825135	825136	31	0.5598
chr1	825154	825155	28	0.8465
chr1	825175	825176	37	0.6929
chr1	825225	825226	31	0.677
chr1	825266	825267	34	0.5187
chr1	825282	825283	25	0.8208
chr1	825382	825383	34	0.8743
chr1	825455	825456	23	0.7415
chr1	825555	825556	28	0.5775
chr1	825648	825649	21	0.7446
chr1	825698	825699	18	0.7248
chr1	825720	825721	28	0.7972
chr1	825727	825728	33	0.7064
chr1	825777	825778	31	0.6082
chr1	825812	825813	37	0.6924
chr1	825827	825828	33	0.7064
chr1	825866	825867	31	0.7094
chr1	825916	825917	26	0.7843
chr1	825956	825957	32	0.6561
chr1	825992	825993	32	0.7015
chr1	826007	826008	25	0.5707
chr1	826037	826038	24	0.8142
chr1	826057	826058	32	0.9043
chr1	826107	826108	26	0.7922
chr1	826122	826123	21	0.9081
chr1	826172	826173	32	0.8149
chr1	826197	826198	37	0.8591
chr1	826247	826248	31	0.8888
chr1	826347	826348	34	0.8088
chr1	826397	826398	24	0.8998
chr1	826497	826498	33	0.9033
chr1	826584	826585	37	0.9463
chr1	826646	826647	33	0.8804
chr1	826658	826659	32	0.9675
chr1	826704	826705	23	0.8489
chr1	826918	826919	23	0.8657
chr1	826964	826965	31	1.0
chr1	826988	826989	30	0.8414
chr1	827044	827045	24	0.9465
chr1	827071	827072	28	0.8908
chr1	827121	827122	27	0.8805
chr1	827171	827172	32	0.7658
chr1	827214	827215	30	0.7549
chr1	827260	827261	19	0.8404
chr1	827292	827293	32	0.8774
chr1	827314	827315	36	0.8028
chr1	827343	827344	30	0.8658
chr1	827362	827363	22	0.7271
chr1	827377	827378	27	0.9565
chr1	827396	827397	31	1.0
chr1	827422	827423	32	0.948
chr1	827437	827438	24	0.9594
chr1	827457	827458	22	0.8609
chr1	827507	827508	24	0.8407
chr1	827548	827549	28	0.7815
chr1	827581	827582	26	0.8638
chr1	827596	827597	25	0.8554
chr1	827613	827614	33	0.9223
chr1	827618	827619	26	0.9116
chr1	827718	827719	22	0.9874
chr1	827818	827819	26	0.9761
chr1	827900	827901	25	0.8632
chr1	828000	828001	28	0.9924
chr1	828050	828051	33	0.9066
chr1	828136	828137	36	0.9055
chr1	828186	828187	26	0.9699
chr1	828214	828215	32	0.8608
chr1	828252	828253	30	0.8969
chr1	828297	828298	30	0.8171
chr1	828319	828320	29	0.926
chr1	828339	828340	36	0.9451
chr1	828355	828356	30	0.9151
chr1	828393	828394	28	0.9213
chr1	828410	828411	31	0.7846
chr1	828435	828436	23	1.0
chr1	828464	828465	26	0.8673
chr1	828485	828486	32	0.8575
chr1	828500	828501	32	0.9451
chr1	828523	828524	32	1.0
chr1	828559	828560	34	0.8823
chr1	828596	828597	32	1.0
chr1	828646	828647	29	0.9182
chr1	828661	828662	27	0.8886
chr1	828711	828712	27	0.863
chr1	828754	828755	34	0.8448
chr1	828770	828771	33	0.7493
chr1	828857	828858	37	0.9717
chr1	828957	828958	33	0.83
chr1	829057	829058	27	0.9651
chr1	829107	829108	26	0.7849
chr1	829157	829158	35	0.7353
chr1	829248	829249	31	0.878
chr1	829288	829289	33	0.9725
chr1	829310	829311	29	0.9096
chr1	829339	829340	30	0.8672
chr1	829370	829371	34	0.9022
chr1	829408	829409	38	0.8143
chr1	829430	829431	27	0.8359
chr1	829445	829446	32	0.9328
chr1	829487	829488	24	0.9318
chr1	829502	829503	47	0.9058
chr1	829534	829535	17	0.817
chr1	829569	829570	25	0.8027
chr1	829619	829620	25	0.9389
chr1	829665	829666	29	0.8941
chr1	829697	829698	26	0.8927
chr1	829714	829715	24	0.8677
chr1	829737	829738	30	0.7765
chr1	829767	829768	36	0.9454
chr1	829799	829800	28	0.8596
chr1	829819	829820	35	0.8517
chr1	829845	829846	29	0.7835
chr1	829945	829946	32	0.9714
chr1	830003	830004	32	0.8634
chr1	830080	830081	21	0.8897
chr1	830130	830131	30	0.9129
chr1	830230	830231	27	0.8248
chr1	830330	830331	27	0.808
chr1	830394	830395	30	1.0
chr1	830423	830424	24	0.3997
chr1	830438	830439	38	0.812
chr1	830488	830489	33	0.2133
chr1	830527	830528	29	0.3343
chr1	830542	830543	31	0.5579
chr1	830566	830567	30	0.016
chr1	830589	830590	31	0.776
chr1	830604	830605	24	0.3441
chr1	830626	830627	28	0.276
chr1	830653	830654	21	0.4884
chr1	830678	830679	31	0.918
chr1	830701	830702	31	0.2612
chr1	830751	830752	23	0.6405
chr1	830766	830767	30	0.7727
chr1	830781	830782	29	0.6702
chr1	830804	830805	31	0.155
chr1	830854	830855	31	0.4722
chr1	830869	830870	38	0.2415
chr1	830919	830920	32	0.0987
chr1	830927	830928	29	0.6644
chr1	830986	830987	28	0.0
chr1	831036	831037	23	0.5809
chr1	831091	831092	26	0.103
chr1	831141	831142	32	0.4382
chr1	831191	831192	32	0.5334
chr1	831291	831292	37	0.91
chr1	831391	831392	29	0.4467
chr1	831437	831438	27	0.1454
chr1	831451	831452	34	0.528
chr1	831461	831462	25	0.8345
chr1	831493	831494	30	0.5927
chr1	831514	831515	22	0.6705
chr1	831564	831565	26	0.6612
chr1	831614	831615	25	0.5932
chr1	831664	831665	33	0.6684
chr1	831708	831709	30	0.6173
chr1	831758	831759	29	0.6658
chr1	831808	831809	32	0.6429
chr1	831825	831826	36	0.7385
chr1	831843	831844	35	0.7164
chr1	831858	831859	43	0.6492
chr1	831896	831897	30	0.5982
chr1	831956	831957	21	0.5535
chr1	831980	831981	30	0.5011
chr1	831996	831997	29	0.6433
chr1	832027	832028	31	0.5903
chr1	832052	832053	29	0.5704
chr1	832063	832064	30	0.4996
chr1	832113	832114	22	0.6488
chr1	832213	832214	39	0.674
chr1	832313	832314	26	0.6394
chr1	832367	832368	34	0.6692
chr1	832467	832468	41	0.6552
chr1	832532	832533	28	0.6069
chr1	832587	832588	32	0.55
chr1	832607	832608	27	0.583
chr1	832679	832680	24	0.8362
chr1	832715	832716	29	0.5506
chr1	832730	832731	22	0.6925
chr1	832749	832750	25	0.6364
chr1	832774	832775	32	0.5187
chr1	832793	832794	33	0.4403
chr1	832820	832821	35	0.6058
chr1	832853	832854	18	0.5229
chr1	832890	832891	27	0.6499
chr1	832940	832941	28	0.4765
chr1	832955	832956	39	0.6498
chr1	833005	833006	31	0.5597
chr1	833044	833045	30	0.7188
chr1	833078	833079	36	0.5311
chr1	833112	833113	33	0.5868
chr1	833142	833143	36	0.6147
chr1	833160	833161	22	0.5388
chr1	833191	833192	34	0.5716
chr1	833225	833226	30	0.77
chr1	833228	833229	31	0.5182
chr1	833294	833295	29	0.6535
chr1	833394	833395	17	0.7061
chr1	833494	833495	28	0.584
chr1	833594	833595	28	0.5263
chr1	833687	833688	34	0.5611
chr1	833693	833694	32	0.8373
chr1	833755	833756	29	0.5729
chr1	833781	833782	31	0.8186
chr1	833804	833805	29	0.9071
chr1	833825	833826	28	0.9027
chr1	833875	833876	32	0.9024
chr1	833903	833904	35	0.813
chr1	833953	833954	28	0.7745
chr1	834000	834001	35	0.7007
chr1	834027	834028	33	0.7981
chr1	834048	834049	31	0.7617
chr1	834072	834073	38	0.7997
chr1	834122	834123	34	0.8551
chr1	834161	834162	31	0.8243
chr1	834182	834183	27	0.8282
chr1	834217	834218	28	0.8428
chr1	834271	834272	26	0.8062
chr1	834330	834331	35	0.7864
chr1	834430	834431	21	0.794
chr1	834530	834531	27	0.7499
chr1	834622	834623	26	0.8538
chr1	834696	834697	28	0.8635
chr1	834715	834716	26	0.9046
chr1	834752	834753	34	0.7673
chr1	834786	834787	30	0.8305
chr1	834811	834812	30	0.7098
chr1	834847	834848	30	0.8838
chr1	834881	834882	24	0.8606
chr1	834907	834908	27	0.8898
chr1	834943	834944	33	0.8463
chr1	834980	834981	32	0.8462
chr1	835030	835031	34	0.7946
chr1	835056	835057	31	0.8935
chr1	835095	835096	32	0.7115
chr1	835119	835120	33	0.8252
chr1	835156	835157	24	0.9226
chr1	835157	835158	21	0.7957
chr1	835257	835258	38	0.7777
chr1	835352	835353	31	0.8309
chr1	835445	835446	28	0.7989
chr1	835545	835546	31	0.8613
chr1	835549	835550	36	0.7929
chr1	835575	835576	24	0.8728
chr1	835624	835625	30	0.5522
chr1	835654	835655	27	0.4994
chr1	835673	835674	32	0.5643
chr1	835723	835724	36	0.4963
chr1	835738	835739	35	0.5128
chr1	835781	835782	29	0.554
chr1	835819	835820	34	0.7195
chr1	835864	835865	25	0.6408
chr1	835914	835915	29	0.4868
chr1	835956	835957	25	0.6264
chr1	835996	835997	33	0.4879
chr1	836011	836012	30	0.7506
chr1	836060	836061	29	0.5498
chr1	836084	836085	29	0.6452
chr1	836106	836107	28	0.5617
chr1	836123	836124	22	0.6583
chr1	836140	836141	26	0.5677
chr1	836155	836156	27	0.5818
chr1	836162	836163	33	0.577
chr1	836262	836263	37	0.5835
chr1	836362	836363	32	0.6566
chr1	836462	836463	27	0.6135
chr1	836554	836555	27	0.4188
chr1	836604	836605	35	0.5206
chr1	836654	836655	37	0.658
chr1	836662	836663	31	0.5817
chr1	836705	836706	32	0.5259
chr1	836725	836726	28	0.5771
chr1	836763	836764	25	0.8028
chr1	836789	836790	24	0.8461
chr1	836804	836805	27	0.5249
chr1	836831	836832	26	0.5683
chr1	836853	836854	31	0.4626
chr1	836898	836899	29	0.7104
chr1	836913	836914	39	0.4522
chr1	836934	836935	23	0.4935
chr1	836957	836958	30	0.6547
chr1	837007	837008	32	0.8144
chr1	837055	837056	29	0.7982
chr1	837091	837092	38	0.5532
chr1	837141	837142	24	0.4954
chr1	837162	837163	26	0.7482
chr1	837165	837166	32	0.6498
chr1	837265	837266	24	0.8034
chr1	837365	837366	21	0.6163
chr1	837434	837435	30	0.5842
chr1	837534	837535	28	0.7094
chr1	837671	837672	24	0.6451
chr1	837703	837704	30	0.7836
chr1	837738	837739	29	0.6379
chr1	837757	837758	31	0.6489
chr1	837772	837773	18	0.625
chr1	837796	837797	32	0.8388
chr1	837819	837820	34	0.7773
chr1	837837	837838	29	0.6965
chr1	837852	837853	21	0.6535
chr1	837875	837876	36	0.6686
chr1	837890	837891	22	0.7835
chr1	837916	837917	24	0.7264
chr1	837941	837942	35	0.7625
chr1	837956	837957	39	0.8159
chr1	837997	837998	33	0.7097
chr1	838032	838033	19	0.8141
chr1	838064	838065	28	0.8969
chr1	838094	838095	30	0.8811
chr1	838111	838112	27	0.7343
chr1	838149	838150	33	0.9389
chr1	838167	838168	25	0.8353
chr1	838265	838266	28	0.6962
chr1	838365	838366	25	0.6282
chr1	838465	838466	33	0.7265
chr1	838565	838566	25	0.8603
chr1	838619	838620	34	0.8533
chr1	838650	838651	31	0.6553
chr1	838687	838688	29	0.6935
chr1	838727	838728	32	0.8031
chr1	838761	838762	25	0.7197
chr1	838793	838794	35	0.6905
chr1	838833	838834	35	0.6728
chr1	838848	838849	23	0.5483
chr1	838887	838888	25	0.5745
chr1	838918	838919	41	0.6039
chr1	838962	838963	34	0.4581
chr1	838977	838978	19	0.6916
chr1	839010	839011	28	0.755
chr1	839060	839061	29	0.5978
chr1	839110	839111	31	0.687
chr1	839140	839141	40	0.5807
chr1	839163	839164	32	0.6579
chr1	839185	839186	26	0.6745
chr1	839205	839206	38	0.6696
chr1	839220	839221	31	0.8325
chr1	839320	839321	28	0.6329
chr1	839420	839421	39	0.7134
chr1	839470	839471	37	0.8413
chr1	839570	839571	31	0.6731
chr1	839670	839671	24	0.6885
chr1	839742	839743	26	0.7423
chr1	839784	839785	32	0.6309
chr1	839796	839797	25	0.7356
chr1	839807	839808	28	0.2478
chr1	839833	839834	25	0.2464
chr1	839848	839849	35	0.1943
chr1	839895	839896	30	0.1931
chr1	839917	839918	34	0.129
chr1	839967	839968	25	0.0314
chr1	840009	840010	26	0.2056
chr1	840043	840044	30	0.2817
chr1	840058	840059	16	0.1186
chr1	840080	840081	36	0.2362
chr1	840102	840103	32	0.1809
chr1	840142	840143	35	0.0712
chr1	840159	840160	33	0.0963
chr1	840182	840183	37	0.2586
chr1	840232	840233	36	0.267
chr1	840262	840263	30	0.1574
chr1	840299	840300	28	0.2918
chr1	840336	840337	26	0.343
chr1	840380	840381	25	0.3128
chr1	840383	840384	33	0.1574
chr1	840463	840464	33	0.0863
chr1	840561	840562	31	0.0606
chr1	840661	840662	36	0.1634
chr1	840761	840762	35	0.1568
chr1	840861	840862	24	0.3124
chr1	840911	840912	37	0.0523
chr1	840997	840998	24	0.1843
chr1	841005	841006	32	0.0
chr1	841030	841031	30	0.5234
chr1	841057	841058	27	0.574
chr1	841100	841101	26	0.7987
chr1	841127	841128	28	0.5328
chr1	841164	841165	29	0.7321
chr1	841188	841189	29	0.7421
chr1	841203	841204	26	0.7299
chr1	841230	841231	35	0.6086
chr1	841254	841255	31	0.5648
chr1	841304	841305	32	0.6273
chr1	841321	841322	32	0.6037
chr1	841342	841343	34	0.7236
chr1	841375	841376	35	0.8022
chr1	841396	841397	24	0.4674
chr1	841425	841426	25	0.442
chr1	841450	841451	31	0.6929
chr1	841473	841474	26	0.6743
chr1	841499	841500	28	0.6923
chr1	841518	841519	27	0.5665
chr1	841553	841554	24	0.756
chr1	841653	841654	26	0.6062
chr1	841753	841754	27	0.4943
chr1	841817	841818	29	0.4804
chr1	841878	841879	32	0.7053
chr1	841954	841955	23	0.7513
chr1	842054	842055	26	0.7014
chr1	842098	842099	32	0.7763
chr1	842123	842124	39	0.4755
chr1	842156	842157	28	0.5057
chr1	842172	842173	25	0.5436
chr1	842206	842207	25	0.5846
chr1	842225	842226	27	0.6793
chr1	842262	842263	34	0.5775
chr1	842312	842313	28	0.5218
chr1	842338	842339	32	0.6149
chr1	842373	842374	30	0.5868
chr1	842403	842404	24	0.5956
chr1	842453	842454	29	0.5119
chr1	842503	842504	30	0.4374
chr1	842553	842554	26	0.6604
chr1	842579	842580	27	0.5453
chr1	842594	842595	41	0.6149
chr1	842613	842614	37	0.57
chr1	842617	842618	38	0.766
chr1	842670	842671	24	0.7973
chr1	842756	842757	34	0.655
chr1	842814	842815	32	0.4686
chr1	842895	842896	23	0.6933
chr1	842961	842962	34	0.5205
chr1	843061	843062	26	0.5512
chr1	843127	843128	29	0.7474
chr1	843162	843163	31	0.6512
chr1	843195	843196	41	0.8695
chr1	843227	843228	27	0.6353
chr1	843277	843278	29	0.9469
chr1	843294	843295	30	0.7406
chr1	843340	843341	26	0.7562
chr1	843356	843357	30	0.6951
chr1	843386	843387	32	0.6669
chr1	843432	843433	32	0.7145
chr1	843459	843460	28	0.6874
chr1	843502	843503	35	0.5572
chr1	843527	843528	25	0.6895
chr1	843576	843577	28	0.7324
chr1	843608	843609	30	0.5628
chr1	843623	843624	26	0.5572
chr1	843652	843653	27	0.6698
chr1	843673	843674	29	0.7042
chr1	843688	843689	34	0.5351
chr1	843703	843704	24	0.6561
chr1	843709	843710	36	0.6889
chr1	843809	843810	24	0.7616
chr1	843909	843910	28	0.6207
chr1	844005	844006	36	0.4351
chr1	844105	844106	26	0.579
chr1	844205	844206	31	0.5948
chr1	844215	844216	24	0.6441
chr1	844243	844244	23	0.7018
chr1	844277	844278	32	0.6773
chr1	844323	844324	13	0.841
chr1	844346	844347	24	0.8369
chr1	844366	844367	34	0.7309
chr1	844388	844389	34	0.6437
chr1	844404	844405	32	0.7451
chr1	844447	844448	30	0.8082
chr1	844474	844475	31	0.819
chr1	844498	844499	29	0.7826
chr1	844525	844526	27	0.626
chr1	844544	844545	33	0.7833
chr1	844559	844560	24	0.8722
chr1	844609	844610	34	0.7049
chr1	844659	844660	30	0.8305
chr1	844709	844710	28	0.7884
chr1	844727	844728	32	0.8697
chr1	844761	844762	30	0.777
chr1	844803	844804	42	0.796
chr1	844842	844843	29	0.8261
chr1	844942	844943	23	0.638
chr1	845028	845029	39	0.864
chr1	845078	845079	35	0.7607
chr1	845161	845162	32	0.7561
chr1	845261	845262	39	0.8114
chr1	845356	845357	29	0.7045
chr1	845406	845407	31	0.5923
chr1	845420	845421	27	0.962
chr1	845446	845447	31	0.7425
chr1	845476	845477	34	0.7547
chr1	845526	845527	28	0.9656
chr1	845576	845577	24	0.9137
chr1	845591	845592	32	0.9737
chr1	845620	845621	40	1.0
chr1	845643	845644	30	0.868
chr1	845666	845667	41	0.7699
chr1	845691	845692	28	0.8834
chr1	845741	845742	33	0.8408
chr1	845756	845757	30	0.8915
chr1	845782	845783	28	0.8172
chr1	845809	845810	31	0.9792
chr1	845848	845849	18	0.9118
chr1	845865	845866	21	0.7278
chr1	845915	845916	28	0.8625
chr1	845944	845945	19	0.9182
chr1	845972	845973	25	0.8417
chr1	846022	846023	31	0.792
chr1	846064	846065	24	0.8241
chr1	846126	846127	26	0.8626
chr1	846216	846217	30	0.7202
chr1	846266	846267	28	0.8915
chr1	846316	846317	23	0.7596
chr1	846381	846382	21	0.7884
chr1	846446	846447	36	0.8778
chr1	846517	846518	33	0.809
chr1	846597	846598	27	0.8913
chr1	846647	846648	32	0.9015
chr1	846695	846696	27	0.9923
chr1	846743	846744	32	0.8204
chr1	846776	846777	30	0.6076
chr1	846791	846792	20	0.7196
chr1	846819	846820	27	0.6414
chr1	846838	846839	33	0.7429
chr1	846888	846889	30	0.5199
chr1	846904	846905	28	0.631
chr1	846928	846929	38	0.5994
chr1	846978	846979	26	0.687
chr1	847028	847029	26	0.7563
chr1	847051	847052	31	0.5698
chr1	847100	847101	32	0.6434
chr1	847131	847132	24	0.5987
chr1	847176	847177	32	0.5836
chr1	847200	847201	27	0.6776
chr1	847237	847238	19	0.6018
chr1	847269	847270	36	0.6174
chr1	847307	847308	23	0.5217
chr1	847360	847361	29	0.622
chr1	847460	847461	32	0.7237
chr1	847531	847532	37	0.6234
chr1	847581	847582	29	0.623
chr1	847681	847682	35	0.6607
chr1	847732	847733	29	0.7508
chr1	847832	847833	28	0.7893
chr1	847850	847851	31	0.7879
chr1	847875	847876	26	0.674
chr1	847920	847921	31	0.8829
chr1	847949	847950	32	0.6235
chr1	847999	848000	26	0.683
chr1	848019	848020	33	0.7555
chr1	848051	848052	33	0.7859
chr1	848089	848090	32	0.8132
chr1	848139	848140	28	0.7252
chr1	848168	848169	24	0.6903
chr1	848212	848213	31	0.7806
chr1	848234	848235	28	0.7153
chr1	848276	848277	24	0.6341
chr1	848316	848317	31	0.8083
chr1	848325	848326	32	0.8203
chr1	848375	848376	15	0.6722
chr1	848428	848429	26	0.7893
chr1	848528	848529	35	0.7494
chr1	848604	848605	31	0.7969
chr1	848684	848685	28	0.6945
chr1	848734	848735	29	0.5416
chr1	848830	848831	33	0.8936
chr1	848839	848840	34	0.2294
chr1	848883	848884	27	0.1692
chr1	848903	848904	16	0.0539
chr1	848953	848954	40	0.008
chr1	848989	848990	30	0.0443
chr1	849021	849022	33	0.2
chr1	849071	849072	30	0.155
chr1	849096	849097	29	0.2
chr1	849121	849122	27	0.2305
chr1	849155	849156	32	0.194
chr1	849195	849196	42	0.1734
chr1	849240	849241	34	0.2437
chr1	849278	849279	32	0.3257
chr1	849293	849294	25	0.3391
chr1	849316	849317	32	0.3631
chr1	849368	849369	31	0.3119
chr1	849418	849419	29	0.0911
chr1	849478	849479	28	0.0808
chr1	849528	849529	20	0.0259
chr1	849628	849629	29	0.2277
chr1	849678	849679	24	0.1087
chr1	849778	849779	31	0.2003
chr1	849824	849825	33	0.0345
chr1	849866	849867	27	0.1238
chr1	849874	849875	28	0.0266
chr1	849944	849945	32	0.0
chr1	850000	850001	33	0.1316
chr1	850060	850061	35	0.1601
chr1	850156	850157	24	0.0
chr1	850174	850175	22	0.0882
chr1	850186	850187	31	0.0749
chr1	850192	850193	32	0.0903
chr1	850240	850241	30	0.8411
chr1	850290	850291	23	0.8521
chr1	850340	850341	24	0.788
chr1	850390	850391	38	0.8819
chr1	850440	850441	22	0.867
chr1	850490	850491	31	0.7946
chr1	850537	850538	25	0.8843
chr1	850579	850580	32	0.755
chr1	850606	850607	32	0.8533
chr1	850624	850625	28	0.6887
chr1	850639	850640	32	0.7948
chr1	850672	850673	35	0.713
chr1	850707	850708	20	0.8027
chr1	850735	850736	32	0.8406
chr1	850762	850763	29	0.7464
chr1	850786	850787	28	0.8221
chr1	850798	850799	29	0.6935
chr1	850885	850886	28	0.734
chr1	850976	850977	32	0.7055
chr1	851041	851042	42	0.6557
chr1	851125	851126	32	0.646
chr1	851204	851205	28	0.6744
chr1	851304	851305	37	0.752
chr1	851354	851355	23	0.9532
chr1	851388	851389	22	0.7966
chr1	851423	851424	19	0.7859
chr1	851466	851467	36	0.7462
chr1	851494	851495	33	0.7983
chr1	851509	851510	32	0.6277
chr1	851538	851539	26	0.7304
chr1	851553	851554	34	0.6397
chr1	851594	851595	33	0.6778
chr1	851613	851614	31	0.7626
chr1	851643	851644	35	0.5835
chr1	851664	851665	25	0.6967
chr1	851679	851680	22	0.7069
chr1	851697	851698	28	0.7976
chr1	851716	851717	28	0.8947
chr1	851740	851741	31	0.702
chr1	851755	851756	25	0.6822
chr1	851805	851806	27	0.7952
chr1	851831	851832	27	0.7969
chr1	851851	851852	37	0.7039
chr1	851892	851893	30	0.6016
chr1	851942	851943	26	0.5916
chr1	851992	851993	22	0.7842
chr1	852000	852001	31	0.6639
chr1	852100	852101	26	0.5844
chr1	852200	852201	30	0.7561
chr1	852300	852301	31	0.7934
chr1	852394	852395	33	0.8168
chr1	852494	852495	29	0.744
chr1	852547	852548	25	0.6056
chr1	852569	852570	29	0.799
chr1	852574	852575	29	0.4941
chr1	852624	852625	27	0.4908
chr1	852648	852649	34	0.4792
chr1	852698	852699	29	0.4374
chr1	852736	852737	26	0.5388
chr1	852786	852787	25	0.6484
chr1	852808	852809	26	0.4477
chr1	852827	852828	28	0.4293
chr1	852842	852843	27	0.5089
chr1	852860	852861	27	0.645
chr1	852907	852908	29	0.6013
chr1	852931	852932	26	0.5504
chr1	852946	852947	28	0.6615
chr1	852971	852972	43	0.523
chr1	853013	853014	40	0.7621
chr1	853055	853056	29	0.7628
chr1	853081	853082	31	0.6512
chr1	853099	853100	35	0.5629
chr1	853199	853200	29	0.6585
chr1	853277	853278	22	0.5657
chr1	853356	853357	32	0.5842
chr1	853418	853419	39	0.5384
chr1	853518	853519	28	0.5699
chr1	853593	853594	33	0.5552
chr1	853621	853622	32	0.7503
chr1	853715	853716	25	0.9512
chr1	853767	853768	32	0.6199
chr1	853839	853840	28	0.9256
chr1	853859	853860	30	0.8894
chr1	853937	853938	30	0.9606
chr1	853944	853945	28	0.8415
chr1	853988	853989	31	0.8623
chr1	854013	854014	29	0.9868
chr1	854063	854064	29	0.8253
chr1	854083	854084	38	0.7872
chr1	854111	854112	31	0.8822
chr1	854144	854145	33	0.8329
chr1	854189	854190	23	0.8862
chr1	854239	854240	40	0.8418
chr1	854261	854262	36	0.7388
chr1	854276	854277	32	0.7376
chr1	854296	854297	26	0.9792
chr1	854322	854323	23	0.7181
chr1	854355	854356	37	0.6445
chr1	854377	854378	26	0.5976
chr1	854412	854413	26	0.6105
chr1	854448	854449	34	0.5435
chr1	854463	854464	30	0.6092
chr1	854563	854564	29	0.508
chr1	854613	854614	24	0.7834
chr1	854667	854668	34	0.8158
chr1	854767	854768	30	0.7895
chr1	854864	854865	34	0.8161
chr1	854964	854965	30	0.894
chr1	855012	855013	36	0.7838
chr1	855016	855017	31	0.9621
chr1	855062	855063	25	0.836
chr1	855068	855069	26	0.679
chr1	855272	855273	24	0.8601
chr1	855300	855301	31	0.9268
chr1	855314	855315	31	0.7513
chr1	855358	855359	38	0.7046
chr1	855442	855443	29	0.7382
chr1	855452	855453	35	0.8459
chr1	855469	855470	31	0.8144
chr1	855489	855490	25	0.8346
chr1	855508	855509	30	0.9358
chr1	855523	855524	33	0.8954
chr1	855546	855547	33	0.9538
chr1	855575	855576	29	0.7702
chr1	855612	855613	22	0.9471
chr1	855661	855662	36	0.8238
chr1	855694	855695	34	0.8989
chr1	855722	855723	25	0.8988
chr1	855737	855738	34	0.6716
chr1	855773	855774	35	0.7975
chr1	855807	855808	29	0.7846
chr1	855834	855835	29	1.0
chr1	855868	855869	32	0.8064
chr1	855890	855891	26	0.926
chr1	855928	855929	35	0.9694
chr1	855962	855963	32	0.8972
chr1	856059	856060	33	0.9028
chr1	856109	856110	29	0.9106
chr1	856209	856210	28	0.8753
chr1	856309	856310	29	0.908
chr1	856383	856384	24	0.8207
chr1	856467	856468	30	0.9184
chr1	856473	856474	20	0.8067
chr1	856480	856481	29	0.5162
chr1	856511	856512	38	0.5853
chr1	856526	856527	27	0.449
chr1	856542	856543	31	0.5448
chr1	856578	856579	14	0.6341
chr1	856600	856601	27	0.51
chr1	856629	856630	30	0.419
chr1	856649	856650	32	0.5232
chr1	856670	856671	17	0.5783
chr1	856690	856691	27	0.404
chr1	856705	856706	20	0.4663
chr1	856732	856733	25	0.3976
chr1	856754	856755	29	0.3204
chr1	856787	856788	19	0.4135
chr1	856804	856805	31	0.5823
chr1	856849	856850	34	0.4087
chr1	856875	856876	22	0.6317
chr1	856902	856903	19	0.5122
chr1	856936	856937	27	0.4595
chr1	856978	856979	34	0.4953
chr1	856991	856992	29	0.5141
chr1	857091	857092	27	0.3297
chr1	857143	857144	38	0.4848
chr1	857210	857211	29	0.5103
chr1	857272	857273	35	0.4248
chr1	857372	857373	26	0.4608
chr1	857454	857455	35	0.3908
chr1	857462	857463	33	0.7324
chr1	857542	857543	28	0.941
chr1	857666	857667	25	0.856
chr1	857734	857735	27	0.7058
chr1	857776	857777	29	0.7325
chr1	857792	857793	27	0.7143
chr1	857914	857915	38	0.7161
chr1	857932	857933	32	0.6428
chr1	857940	857941	20	0.7488
chr1	857946	857947	30	0.7215
chr1	857951	857952	27	0.3746
chr1	857987	857988	29	0.3374
chr1	858024	858025	33	0.4677
chr1	858050	858051	30	0.5783
chr1	858089	858090	35	0.4364
chr1	858112	858113	34	0.5407
chr1	858156	858157	34	0.6647
chr1	858199	858200	33	0.5517
chr1	858227	858228	34	0.5334
chr1	858242	858243	42	0.4592
chr1	858278	858279	33	0.5953
chr1	858328	858329	32	0.5201
chr1	858356	858357	28	0.3187
chr1	858375	858376	31	0.4373
chr1	858425	858426	28	0.5145
chr1	858453	858454	24	0.3787
chr1	858472	858473	35	0.4717
chr1	858486	858487	30	0.4186
chr1	858577	858578	36	0.487
chr1	858631	858632	30	0.4584
chr1	858698	858699	35	0.3935
chr1	858774	858775	31	0.2639
chr1	858866	858867	28	0.4541
chr1	858953	858954	24	0.3837
chr1	859035	859036	30	0.7003
chr1	859043	859044	33	0.8846
chr1	859175	859176	28	0.7583
chr1	859285	859286	29	0.8789
chr1	859289	859290	32	0.7339
chr1	859309	859310	34	0.8403
chr1	859363	859364	29	0.8234
chr1	859421	859422	28	0.8152
chr1	859426	859427	33	0.7247
chr1	859463	859464	25	0.7371
chr1	859501	859502	29	0.6137
chr1	859521	859522	33	0.553
chr1	859537	859538	26	0.6248
chr1	859568	859569	37	0.7069
chr1	859615	859616	34	0.6362
chr1	859646	859647	23	0.7461
chr1	859677	859678	28	0.5959
chr1	859701	859702	29	0.7409
chr1	859742	859743	30	0.8293
chr1	859773	859774	27	0.8708
chr1	859814	859815	33	0.7274
chr1	859834	859835	33	0.7472
chr1	859850	859851	29	0.6571
chr1	859876	859877	37	0.6843
chr1	859891	859892	29	0.6323
chr1	859935	859936	36	0.7508
chr1	859946	859947	30	0.5224
chr1	860046	860047	34	0.6677
chr1	860128	860129	29	0.4614
chr1	860188	860189	29	0.7448
chr1	860288	860289	37	0.6113
chr1	860388	860389	34	0.788
chr1	860448	860449	27	0.8483
chr1	860586	860587	36	0.696
chr1	860598	860599	25	1.0
chr1	860778	860779	27	0.8546
chr1	860886	860887	32	0.684
chr1	860908	860909	30	0.9363
chr1	860937	860938	30	0.7061
chr1	860955	860956	35	0.7702
chr1	861005	861006	42	0.6657
chr1	861034	861035	35	0.8699
chr1	861054	861055	29	0.8366
chr1	861071	861072	27	0.8447
chr1	861121	861122	28	0.8862
chr1	861163	861164	23	0.8614
chr1	861211	861212	33	0.7706
chr1	861229	861230	23	0.8668
chr1	861260	861261	31	0.7582
chr1	861286	861287	36	0.8002
chr1	861312	861313	25	0.8889
chr1	861348	861349	30	0.7219
chr1	861385	861386	24	0.8652
chr1	861401	861402	31	0.7899
chr1	861501	861502	28	0.7439
chr1	861601	861602	31	0.5134
chr1	861701	861702	31	0.8993
chr1	861751	861752	28	0.8315
chr1	861801	861802	36	0.6446
chr1	861851	861852	25	0.8361
chr1	861893	861894	23	0.8592
chr1	861913	861914	28	0.7896
chr1	861923	861924	33	0.3429
chr1	861946	861947	39	0.0386
chr1	861982	861983	23	0.3276
chr1	862027	862028	34	0.1804
chr1	862048	862049	25	0.284
chr1	862067	862068	29	0.3028
chr1	862083	862084	28	0.3449
chr1	862119	862120	31	0.4573
chr1	862134	862135	26	0.3893
chr1	862150	862151	26	0.4526
chr1	862165	862166	35	0.3429
chr1	862186	862187	35	0.305
chr1	862222	862223	25	0.2948
chr1	862254	862255	25	0.3209
chr1	862286	862287	31	0.6385
chr1	862301	862302	37	0.4158
chr1	862330	862331	30	0.2105
chr1	862367	862368	33	0.1155
chr1	862389	862390	26	0.1314
chr1	862465	862466	27	0.1352
chr1	862565	862566	20	0.3093
chr1	862636	862637	36	0.1674
chr1	862727	862728	24	0.1819
chr1	862827	862828	29	0.1088
chr1	862893	862894	34	0.2894
chr1	862903	862904	23	0.0
chr1	863025	863026	36	0.0537
chr1	863081	863082	28	0.043
chr1	863109	863110	34	0.1445
chr1	863131	863132	21	0.1027
chr1	863141	863142	30	0.1368
chr1	863195	863196	24	0.1749
chr1	863285	863286	30	0.088
chr1	863295	863296	26	0.4273
chr1	863333	863334	27	0.4064
chr1	863376	863377	33	0.7393
chr1	863407	863408	29	0.7574
chr1	863422	863423	27	0.347
chr1	863467	863468	17	0.3237
chr1	863517	863518	34	0.4565
chr1	863541	863542	18	0.7899
chr1	863581	863582	31	0.5926
chr1	863626	863627	35	0.7936
chr1	863676	863677	19	0.3109
chr1	863726	863727	32	0.7018
chr1	863776	863777	22	0.6866
chr1	863810	863811	25	0.3027
chr1	863827	863828	27	0.7005
chr1	863835	863836	32	0.8265
chr1	863935	863936	28	0.7423
chr1	864035	864036	27	0.3657
chr1	864135	864136	31	0.4311
chr1	864191	864192	34	0.3647
chr1	864291	864292	28	0.804
chr1	864420	864421	36	0.5901
chr1	864461	864462	24	0.0956
chr1	864476	864477	35	0.177
chr1	864516	864517	33	0.078
chr1	864566	864567	34	0.2448
chr1	864590	864591	37	0.045
chr1	864638	864639	30	0.2232
chr1	864688	864689	30	0.1853
chr1	864728	864729	31	0.0407
chr1	864778	864779	21	0.1668
chr1	864810	864811	28	0.0797
chr1	864860	864861	19	0.1383
chr1	864910	864911	41	0.2953
chr1	864916	864917	26	0.3262
chr1	864966	864967	33	0.1489
chr1	865023	865024	29	0.1217
chr1	865073	865074	32	0.1472
chr1	865151	865152	37	0.4091
chr1	865251	865252	32	0.1486
chr1	865351	865352	35	0.1548
chr1	865383	865384	31	0.1728
chr1	865393	865394	24	0.3466
chr1	865427	865428	36	0.6692
chr1	865477	865478	40	0.6692
chr1	865527	865528	27	0.6114
chr1	865548	865549	24	0.8385
chr1	865563	865564	30	0.7326
chr1	865588	865589	35	0.9272
chr1	865604	865605	23	0.8928
chr1	865636	865637	27	0.7963
chr1	865659	865660	27	0.9208
chr1	865682	865683	29	0.8254
chr1	865700	865701	30	0.8591
chr1	865722	865723	43	0.8686
chr1	865753	865754	30	0.8933
chr1	865781	865782	23	0.65
chr1	865797	865798	36	0.753
chr1	865823	865824	29	0.7868
chr1	865841	865842	27	0.8429
chr1	865941	865942	23	0.7372
chr1	865991	865992	34	0.8254
chr1	866041	866042	29	0.9198
chr1	866141	866142	17	0.8235
chr1	866241	866242	32	0.8183
chr1	866271	866272	31	0.682
chr1	866289	866290	18	0.8665
chr1	866302	866303	36	0.1747
chr1	866329	866330	29	0.3125
chr1	866344	866345	28	0.0936
chr1	866394	866395	24	0.1616
chr1	866412	866413	28	0.2343
chr1	866462	866463	27	0.1998
chr1	866483	866484	37	0.1726
chr1	866511	866512	26	0.2724
chr1	866526	866527	38	0.5365
chr1	866544	866545	22	0.2832
chr1	866591	866592	29	0.2996
chr1	866622	866623	29	0.3141
chr1	866649	866650	37	0.2181
chr1	866696	866697	30	0.3836
chr1	866717	866718	31	0.1557
chr1	866756	866757	36	0.3518
chr1	866803	866804	22	0.2376
chr1	866839	866840	28	0.3147
chr1	866854	866855	27	0.311
chr1	866865	866866	23	0.1904
chr1	866929	866930	29	0.2983
chr1	867029	867030	30	0.1243
chr1	867129	867130	30	0.3339
chr1	867213	867214	27	0.266
chr1	867263	867264	30	0.2155
chr1	867363	867364	33	0.1743
chr1	867455	867456	33	0.1955
chr1	867497	867498	27	0.2402
chr1	867543	867544	26	0.1241
chr1	867564	867565	23	0.0723
chr1	867587	867588	29	0.087
chr1	867602	867603	32	0.1706
chr1	867634	867635	27	0.0063
chr1	867649	867650	30	0.0421
chr1	867689	867690	24	0.0
chr1	867725	867726	36	0.07
chr1	867753	867754	38	0.1467
chr1	867786	867787	33	0.1356
chr1	867815	867816	29	0.0902
chr1	867850	867851	29	0.2538
chr1	867891	867892	30	0.1038
chr1	867933	867934	32	0.0769
chr1	867983	867984	25	0.0
chr1	868033	868034	36	0.0755
chr1	868060	868061	27	0.0767
chr1	868101	868102	32	0.1188
chr1	868194	868195	24	0.1374
chr1	868294	868295	21	0.0835
chr1	868394	868395	37	0.1475
chr1	868494	868495	26	0.0719
chr1	868544	868545	23	0.1341
chr1	868594	868595	37	0.0
chr1	868694	868695	38	0.0713
chr1	868714	868715	26	0.2254
chr1	868784	868785	32	0.0561
chr1	868794	868795	31	0.6438
chr1	868818	868819	31	0.6634
chr1	868849	868850	29	0.8065
chr1	868886	868887	30	0.4041
chr1	868930	868931	29	0.5143
chr1	868950	868951	28	0.539
chr1	868979	868980	33	0.515
chr1	869009	869010	32	0.6146
chr1	869024	869025	24	0.6257
chr1	869048	869049	28	0.6775
chr1	869086	869087	33	0.5903
chr1	869132	869133	17	0.7161
chr1	869182	869183	30	0.5578
chr1	869217	869218	30	0.7013
chr1	869267	869268	31	0.633
chr1	869312	869313	24	0.6218
chr1	869334	869335	35	0.5933
chr1	869353	869354	38	0.6344
chr1	869367	869368	37	0.619
chr1	869467	869468	35	0.6399
chr1	869524	869525	28	0.7424
chr1	869624	869625	35	0.6351
chr1	869697	869698	33	0.6051
chr1	869791	869792	34	0.7335
chr1	869891	869892	33	0.675
chr1	869929	869930	34	1.0
chr1	869949	869950	30	0.8307
chr1	869981	869982	26	1.0
chr1	869995	869996	44	0.9461
chr1	870123	870124	19	0.8801
chr1	870143	870144	28	0.953
chr1	870147	870148	24	0.7108
chr1	870155	870156	34	0.8544
chr1	870199	870200	15	0.8852
chr1	870271	870272	29	0.7954
chr1	870276	870277	32	0.5675
chr1	870303	870304	28	0.5378
chr1	870318	870319	32	0.4715
chr1	870344	870345	18	0.554
chr1	870368	870369	29	0.5629
chr1	870399	870400	30	0.5666
chr1	870449	870450	31	0.5043
chr1	870468	870469	22	0.6775
chr1	870515	870516	33	0.4585
chr1	870547	870548	22	0.6209
chr1	870594	870595	26	0.5548
chr1	870609	870610	29	0.5516
chr1	870641	870642	33	0.6465
chr1	870670	870671	26	0.4578
chr1	870685	870686	29	0.3956
chr1	870706	870707	31	0.5086
chr1	870728	870729	36	0.4816
chr1	870761	870762	35	0.6303
chr1	870780	870781	34	0.6096
chr1	870795	870796	32	0.387
chr1	870817	870818	27	0.5915
chr1	870841	870842	23	0.5542
chr1	870842	870843	30	0.3612
chr1	870942	870943	28	0.4932
chr1	871042	871043	29	0.5766
chr1	871142	871143	23	0.5114
chr1	871242	871243	28	0.4758
chr1	871327	871328	27	0.4794
chr1	871377	871378	30	0.6266
chr1	871391	871392	40	0.8611
chr1	871439	871440	33	0.7815
chr1	871551	871552	36	0.7522
chr1	871691	871692	31	0.7289
chr1	871825	871826	24	0.7567
chr1	871867	871868	29	0.7792
chr1	871901	871902	31	0.8087
chr1	871936	871937	31	0.6683
chr1	871967	871968	33	0.6969
chr1	872016	872017	26	0.7006
chr1	872053	872054	32	0.8398
chr1	872073	872074	25	0.7538
chr1	872101	872102	27	0.5863
chr1	872151	872152	31	0.836
chr1	872166	872167	34	0.7352
chr1	872194	872195	37	0.6365
chr1	872244	872245	20	0.6413
chr1	872264	872265	29	0.759
chr1	872364	872365	33	0.8672
chr1	872428	872429	27	0.8431
chr1	872478	872479	27	0.7642
chr1	872528	872529	37	0.8798
chr1	872578	872579	38	0.6765
chr1	872655	872656	25	0.8247
chr1	872717	872718	29	0.8825
chr1	872737	872738	31	0.0507
chr1	872755	872756	31	0.0824
chr1	872805	872806	30	0.2931
chr1	872841	872842	34	0.0559
chr1	872891	872892	25	0.1708
chr1	872937	872938	33	0.1109
chr1	872975	872976	27	0.0863
chr1	873001	873002	22	0.1353
chr1	873016	873017	29	0.1248
chr1	873034	873035	36	0.0944
chr1	873063	873064	31	0.1612
chr1	873092	873093	37	0.0788
chr1	873131	873132	36	0.1509
chr1	873161	873162	28	0.0335
chr1	873184	873185	39	0.0543
chr1	873212	873213	27	0.0338
chr1	873232	873233	31	0.0715
chr1	873282	873283	20	0.1066
chr1	873344	873345	30	0.12
chr1	873401	873402	25	0.1941
chr1	873501	873502	29	0.2468
chr1	873577	873578	36	0.0597
chr1	873627	873628	43	0.0799
chr1	873727	873728	28	0.2067
chr1	873827	873828	22	0.036
chr1	873851	873852	39	0.661
chr1	873894	873895	30	0.8999
chr1	873927	873928	23	0.7271
chr1	873950	873951	25	0.8012
chr1	873974	873975	24	0.8753
chr1	873991	873992	28	0.6158
chr1	874025	874026	32	0.7504
chr1	874065	874066	26	0.8939
chr1	874080	874081	24	0.852
chr1	874107	874108	31	0.6812
chr1	874129	874130	33	0.8722
chr1	874179	874180	26	0.7441
chr1	874204	874205	22	0.8911
chr1	874232	874233	31	0.8093
chr1	874252	874253	29	0.9073
chr1	874284	874285	33	0.7805
chr1	874305	874306	26	0.8198
chr1	874328	874329	34	0.6719
chr1	874378	874379	22	0.8824
chr1	874478	874479	33	0.8025
chr1	874573	874574	26	0.9839
chr1	874666	874667	40	0.9124
chr1	874766	874767	32	0.9758
chr1	874780	874781	28	0.7126
chr1	874808	874809	30	1.0
chr1	874815	874816	29	0.4512
chr1	874851	874852	26	0.4258
chr1	874888	874889	29	0.2672
chr1	874938	874939	26	0.3367
chr1	874960	874961	24	0.4974
chr1	874990	874991	28	0.2538
chr1	875034	875035	28	0.4708
chr1	875053	875054	33	0.4148
chr1	875103	875104	36	0.4431
chr1	875147	875148	27	0.3411
chr1	875179	875180	29	0.4478
chr1	875229	875230	23	0.2077
chr1	875265	875266	30	0.4717
chr1	875324	875325	29	0.4227
chr1	875418	875419	32	0.3586
chr1	875471	875472	24	0.5206
chr1	875537	875538	28	0.3879
chr1	875587	875588	25	0.5451
chr1	875687	875688	20	0.415
chr1	875733	875734	34	0.1237
chr1	875791	875792	27	0.1355
chr1	875813	875814	32	0.1408
chr1	876039	876040	43	0.3083
chr1	876045	876046	29	0.2892
chr1	876067	876068	23	0.1107
chr1	876091	876092	29	0.3006
chr1	876129	876130	35	0.0824
chr1	876131	876132	21	0.2986
chr1	876149	876150	26	0.7579
chr1	876182	876183	25	0.6576
chr1	876208	876209	33	0.6809
chr1	876227	876228	32	0.5846
chr1	876254	876255	27	0.9123
chr1	876304	876305	24	0.7773
chr1	876326	876327	32	0.8785
chr1	876359	876360	46	0.7415
chr1	876409	876410	28	0.7496
chr1	876436	876437	24	0.732
chr1	876470	876471	27	0.8742
chr1	876500	876501	31	0.647
chr1	876550	876551	24	0.7552
chr1	876594	876595	35	0.7537
chr1	876614	876615	32	0.6727
chr1	876714	876715	20	0.708
chr1	876792	876793	34	0.6468
chr1	876854	876855	29	0.6968
chr1	876954	876955	30	0.6509
chr1	877054	877055	22	0.7699
chr1	877082	877083	27	0.8842
chr1	877091	877092	30	0.1865
chr1	877116	877117	29	0.3995
chr1	877147	877148	32	0.3818
chr1	877166	877167	27	0.4657
chr1	877184	877185	35	0.3639
chr1	877225	877226	28	0.3563
chr1	877240	877241	23	0.206
chr1	877290	877291	30	0.3972
chr1	877311	877312	32	0.4315
chr1	877329	877330	20	0.2505
chr1	877372	877373	29	0.2284
chr1	877412	877413	32	0.3961
chr1	877449	877450	31	0.3743
chr1	877499	877500	28	0.3489
chr1	877514	877515	29	0.3847
chr1	877544	877545	29	0.3996
chr1	877575	877576	36	0.2931
chr1	877594	877595	28	0.3351
chr1	877694	877695	23	0.3098
chr1	877744	877745	23	0.125
chr1	877844	877845	27	0.2887
chr1	877944	877945	28	0.2429
chr1	878035	878036	26	0.2508
chr1	878063	878064	27	0.7755
chr1	878089	878090	29	0.755
chr1	878213	878214	33	0.8008
chr1	878239	878240	33	0.6392
chr1	878251	878252	31	0.6768
chr1	878347	878348	32	0.5577
chr1	878365	878366	18	0.7031
chr1	878395	878396	32	0.6002
chr1	878415	878416	29	0.3694
chr1	878458	878459	29	0.4393
chr1	878508	878509	32	0.4113
chr1	878547	878548	26	0.3345
chr1	878594	878595	24	0.2845
chr1	878644	878645	26	0.2369
chr1	878661	878662	31	0.3887
chr1	878676	878677	30	0.2388
chr1	878701	878702	31	0.3142
chr1	878734	878735	17	0.4752
chr1	878769	878770	25	0.4521
chr1	878793	878794	35	0.3503
chr1	878810	878811	22	0.3354
chr1	878851	878852	34	0.2234
chr1	878878	878879	37	0.2701
chr1	878893	878894	35	0.346
chr1	878928	878929	30	0.2079
chr1	878999	879000	21	0.4045
chr1	879049	879050	32	0.3349
chr1	879149	879150	30	0.3835
chr1	879249	879250	36	0.5043
chr1	879349	879350	32	0.2597
chr1	879353	879354	27	0.1638
chr1	879377	879378	33	0.2395
chr1	879387	879388	21	0.5574
chr1	879404	879405	32	0.8536
chr1	879448	879449	36	0.6875
chr1	879495	879496	27	0.8115
chr1	879526	879527	35	0.7699
chr1	879548	879549	35	0.6921
chr1	879566	879567	31	0.8632
chr1	879606	879607	30	0.6536
chr1	879635	879636	35	0.6889
chr1	879685	879686	29	0.6724
chr1	879714	879715	25	0.7328
chr1	879764	879765	37	0.8278
chr1	879784	879785	25	0.8478
chr1	879808	879809	33	0.709
chr1	879831	879832	27	0.6481
chr1	879856	879857	35	0.7585
chr1	879889	879890	25	0.845
chr1	879914	879915	18	0.5536
chr1	879929	879930	33	0.5806
chr1	879952	879953	27	0.8171
chr1	880052	880053	28	0.9629
chr1	880102	880103	36	0.6163
chr1	880202	880203	34	0.7826
chr1	880302	880303	25	0.7252
chr1	880402	880403	35	0.8543
chr1	880502	880503	30	0.9026
chr1	880525	880526	33	0.8863
chr1	880565	880566	36	0.7742
chr1	880608	880609	28	0.5472
chr1	880658	880659	25	0.6683
chr1	880708	880709	25	0.8074
chr1	880727	880728	31	0.6864
chr1	880777	880778	33	0.5356
chr1	880827	880828	29	0.9379
chr1	880868	880869	23	0.7789
chr1	880918	880919	27	0.7888
chr1	880948	880949	32	0.7275
chr1	880982	880983	30	0.7163
chr1	881014	881015	25	0.9034
chr1	881047	881048	37	0.8501
chr1	881062	881063	22	0.8933
chr1	881081	881082	23	0.6374
chr1	881098	881099	35	0.5573
chr1	881120	881121	33	0.6822
chr1	881170	881171	34	0.7473
chr1	881220	881221	29	0.6463
chr1	881320	881321	32	0.7296
chr1	881413	881414	25	0.6597
chr1	881502	881503	30	0.9642
chr1	881602	881603	25	0.7076
chr1	881622	881623	32	0.7476
chr1	881626	881627	24	0.7353
chr1	881647	881648	29	0.6713
chr1	881672	881673	27	0.6453
chr1	881693	881694	33	0.5355
chr1	881726	881727	24	0.6211
chr1	881776	881777	29	0.7176
chr1	881802	881803	26	0.7215
chr1	881846	881847	34	0.5248
chr1	881873	881874	21	0.5268
chr1	881898	881899	32	0.5545
chr1	881948	881949	29	0.8249
chr1	881968	881969	34	0.5851
chr1	881992	881993	31	0.5901
chr1	882017	882018	26	0.5973
chr1	882037	882038	25	0.5957
chr1	882069	882070	38	0.6184
chr1	882112	882113	27	0.6453
chr1	882157	882158	30	0.4987
chr1	882185	882186	36	0.5988
chr1	882192	882193	33	0.5989
chr1	882242	882243	31	0.6863
chr1	882298	882299	32	0.6635
chr1	882348	882349	28	0.4244
chr1	882412	882413	24	0.632
chr1	882462	882463	31	0.655
chr1	882519	882520	34	0.6105
chr1	882578	882579	22	0.585
chr1	882628	882629	34	0.5853
chr1	882678	882679	28	0.5417
chr1	882728	882729	32	0.6422
chr1	882730	882731	30	0.6052
chr1	882748	882749	37	0.5878
chr1	882753	882754	21	0.5612
chr1	882775	882776	37	0.762
chr1	882790	882791	28	0.6024
chr1	882815	882816	32	0.5404
chr1	882833	882834	26	0.7519
chr1	882866	882867	32	0.6664
chr1	882885	882886	27	0.7963
chr1	882921	882922	34	0.5511
chr1	882971	882972	27	0.714
chr1	882989	882990	30	0.7299
chr1	883026	883027	31	0.7337
chr1	883054	883055	41	0.7314
chr1	883104	883105	33	0.8297
chr1	883154	883155	37	0.7644
chr1	883204	883205	30	0.8435
chr1	883224	883225	43	0.6551
chr1	883261	883262	30	0.5785
chr1	883353	883354	25	0.7313
chr1	883451	883452	19	0.5385
chr1	883551	883552	31	0.7051
chr1	883601	883602	34	0.7136
chr1	883701	883702	34	0.5946
chr1	883763	883764	34	0.636
chr1	883795	883796	23	0.8403
chr1	883827	883828	35	0.9774
chr1	883907	883908	37	0.9074
chr1	883925	883926	30	0.9531
chr1	883959	883960	28	0.9543
chr1	884097	884098	27	0.7307
chr1	884149	884150	23	0.8818
chr1	884173	884174	34	0.7856
chr1	884251	884252	28	0.8521
chr1	884278	884279	31	0.8262
chr1	884293	884294	23	0.6248
chr1	884339	884340	25	0.7476
chr1	884368	884369	28	0.649
chr1	884389	884390	31	0.8357
chr1	884434	884435	28	0.9268
chr1	884484	884485	29	0.8808
chr1	884521	884522	34	0.4274
chr1	884545	884546	25	0.4495
chr1	884595	884596	35	0.4693
chr1	884645	884646	19	0.9254
chr1	884686	884687	37	0.4652
chr1	884712	884713	31	0.9011
chr1	884737	884738	27	0.5437
chr1	884775	884776	28	0.4495
chr1	884812	884813	34	0.4806
chr1	884912	884913	35	0.9158
chr1	884971	884972	36	0.4378
chr1	885071	885072	28	0.7875
chr1	885171	885172	33	0.8923
chr1	885271	885272	20	0.779
chr1	885358	885359	28	0.9043
chr1	885442	885443	25	0.7435
chr1	885487	885488	25	0.5702
chr1	885508	885509	32	0.6371
chr1	885558	885559	33	0.4751
chr1	885576	885577	22	0.6377
chr1	885626	885627	31	0.6396
chr1	885641	885642	28	0.5566
chr1	885672	885673	33	0.6413
chr1	885713	885714	37	0.5682
chr1	885763	885764	30	0.6618
chr1	885783	885784	34	0.6164
chr1	885833	885834	27	0.6644
chr1	885855	885856	20	0.5744
chr1	885883	885884	32	0.6437
chr1	885899	885900	24	0.6533
chr1	885920	885921	31	0.8536
chr1	885986	885987	30	0.7381
chr1	886079	886080	27	0.5721
chr1	886179	886180	27	0.6124
chr1	886279	886280	32	0.6599
chr1	886313	886314	35	0.7999
chr1	886329	886330	31	0.6021
chr1	886359	886360	31	0.5325
chr1	886377	886378	29	0.951
chr1	886427	886428	27	0.134
chr1	886445	886446	22	0.4305
chr1	886478	886479	24	0.958
chr1	886506	886507	31	0.962
chr1	886524	886525	36	0.155
chr1	886559	886560	30	0.8761
chr1	886595	886596	29	0.7238
chr1	886622	886623	32	0.241
chr1	886641	886642	35	0.7643
chr1	886691	886692	27	0.5212
chr1	886715	886716	27	0.6079
chr1	886751	886752	24	0.6799
chr1	886796	886797	23	0.929
chr1	886813	886814	28	0.9019
chr1	886911	886912	36	0.243
chr1	886987	886988	28	0.144
chr1	887087	887088	25	0.4878
chr1	887187	887188	29	0.1
chr1	887260	887261	20	0.808
chr1	887262	887263	35	0.512
chr1	887300	887301	29	0.4773
chr1	887315	887316	31	0.622
chr1	887330	887331	30	0.6785
chr1	887350	887351	23	0.4974
chr1	887385	887386	24	0.6108
chr1	887424	887425	19	0.6268
chr1	887452	887453	32	0.6464
chr1	887484	887485	23	0.6134
chr1	887534	887535	32	0.4584
chr1	887557	887558	34	0.7897
chr1	887599	887600	25	0.5807
chr1	887618	887619	28	0.4641
chr1	887638	887639	32	0.5483
chr1	887677	887678	28	0.7247
chr1	887695	887696	31	0.6755
chr1	887726	887727	24	0.4357
chr1	887742	887743	31	0.6041
chr1	887776	887777	38	0.5531
chr1	887804	887805	21	0.6485
chr1	887854	887855	33	0.5579
chr1	887913	887914	28	0.5173
chr1	887963	887964	35	0.5175
chr1	888013	888014	32	0.5546
chr1	888063	888064	31	0.535
chr1	888163	888164	32	0.473
chr1	888263	888264	30	0.6425
chr1	888333	888334	26	0.8075
chr1	888357	888358	32	0.9414
chr1	888379	888380	29	0.9114
chr1	888404	888405	30	0.8626
chr1	888437	888438	32	1.0
chr1	888464	888465	34	0.959
chr1	888508	888509	29	0.8682
chr1	888541	888542	30	0.8117
chr1	888558	888559	31	0.8375
chr1	888595	888596	30	0.8772
chr1	888622	888623	23	0.6452
chr1	888637	888638	28	0.8723
chr1	888687	888688	30	0.7728
chr1	888721	888722	41	0.9298
chr1	888749	888750	26	0.8502
chr1	888799	888800	32	0.895
chr1	888823	888824	30	0.7403
chr1	888843	888844	38	0.8076
chr1	888865	888866	26	0.7851
chr1	888889	888890	31	0.8033
chr1	888912	888913	29	0.8471
chr1	888924	888925	38	0.834
chr1	889024	889025	31	0.7517
chr1	889124	889125	32	0.8539
chr1	889224	889225	29	0.8344
chr1	889274	889275	32	0.7639
chr1	889369	889370	38	0.8369
chr1	889420	889421	29	0.7329
chr1	889504	889505	26	0.7836
chr1	889514	889515	25	0.6858
chr1	889564	889565	31	0.498
chr1	889584	889585	31	0.7596
chr1	889634	889635	35	0.706
chr1	889666	889667	37	0.7023
chr1	889699	889700	34	0.6043
chr1	889716	889717	18	0.5866
chr1	889743	889744	30	0.6189
chr1	889764	889765	25	0.7085
chr1	889788	889789	29	0.7012
chr1	889838	889839	28	0.6686
chr1	889862	889863	28	0.5801
chr1	889883	889884	45	0.5994
chr1	889905	889906	27	0.6016
chr1	889955	889956	27	0.5857
chr1	889984	889985	26	0.3541
chr1	890018	890019	33	0.4957
chr1	890118	890119	22	0.3913
chr1	890218	890219	32	0.3077
chr1	890318	890319	32	0.2958
chr1	890418	890419	30	0.4161
chr1	890468	890469	30	0.3237
chr1	890556	890557	33	0.7886
chr1	890606	890607	27	0.5837
chr1	890618	890619	34	0.7492
chr1	890644	890645	26	0.7871
chr1	890718	890719	31	0.9297
chr1	890750	890751	23	0.8276
chr1	890840	890841	33	0.6607
chr1	890864	890865	29	0.4385
chr1	890888	890889	34	0.5132
chr1	890917	890918	27	0.5643
chr1	890950	890951	34	0.6606
chr1	890981	890982	30	0.595
chr1	890996	890997	27	0.6069
chr1	891026	891027	23	0.6934
chr1	891041	891042	37	0.4375
chr1	891074	891075	33	0.6381
chr1	891089	891090	29	0.7919
chr1	891134	891135	35	0.6185
chr1	891159	891160	24	0.4353
chr1	891180	891181	36	0.5566
chr1	891206	891207	35	0.4819
chr1	891226	891227	28	0.6907
chr1	891276	891277	29	0.5697
chr1	891291	891292	29	0.6873
chr1	891308	891309	24	0.5383
chr1	891358	891359	32	0.5507
chr1	891363	891364	34	0.7185
chr1	891413	891414	28	0.7749
chr1	891470	891471	23	0.7796
chr1	891570	891571	25	0.6227
chr1	891670	891671	33	0.5295
chr1	891754	891755	35	0.5575
chr1	891792	891793	33	0.7515
chr1	891828	891829	29	0.6465
chr1	891834	891835	22	0.5117
chr1	891864	891865	26	0.5106
chr1	891912	891913	32	0.5253
chr1	891940	891941	29	0.4406
chr1	891955	891956	31	0.4253
chr1	891974	891975	22	0.4546
chr1	892024	892025	32	0.5326
chr1	892060	892061	31	0.5501
chr1	892086	892087	28	0.61
chr1	892121	892122	29	0.4248
chr1	892168	892169	24	0.5542
chr1	892183	892184	31	0.6345
chr1	892205	892206	39	0.4367
chr1	892241	892242	28	0.5106
chr1	892284	892285	28	0.3944
chr1	892323	892324	24	0.3425
chr1	892373	892374	21	0.3743
chr1	892390	892391	31	0.4746
chr1	892395	892396	34	0.3563
chr1	892495	892496	34	0.4118
chr1	892595	892596	27	0.5751
chr1	892695	892696	31	0.4227
chr1	892795	892796	36	0.4881
chr1	892895	892896	27	0.5326
chr1	892945	892946	40	0.4259
chr1	893009	893010	32	0.872
chr1	893011	893012	36	0.8485
chr1	893055	893056	27	0.6125
chr1	893167	893168	34	0.5984
chr1	893169	893170	26	0.8367
chr1	893191	893192	32	0.8792
chr1	893223	893224	26	0.8037
chr1	893259	893260	24	0.7494
chr1	893327	893328	24	0.6333
chr1	893409	893410	29	0.8078
chr1	893443	893444	32	0.712
chr1	893487	893488	33	0.6607
chr1	893514	893515	31	0.6207
chr1	893543	893544	31	0.586
chr1	893581	893582	23	0.6957
chr1	893631	893632	37	0.6518
chr1	893681	893682	21	0.7466
chr1	893731	893732	34	0.6087
chr1	893757	893758	29	0.6285
chr1	893772	893773	30	0.734
chr1	893787	893788	36	0.6839
chr1	893837	893838	31	0.6807
chr1	893854	893855	32	0.7505
chr1	893879	893880	29	0.6287
chr1	893979	893980	27	0.6396
chr1	894037	894038	25	0.7578
chr1	894087	894088	24	0.7321
chr1	894166	894167	31	0.752
chr1	894266	894267	25	0.5481
chr1	894276	894277	34	0.7127
chr1	894316	894317	27	0.5503
chr1	894360	894361	26	0.698
chr1	894403	894404	33	0.7436
chr1	894427	894428	28	0.6186
chr1	894442	894443	33	0.8101
chr1	894474	894475	25	0.7562
chr1	894491	894492	29	0.5553
chr1	894514	894515	30	0.6957
chr1	894548	894549	27	0.7946
chr1	894583	894584	31	0.565
chr1	894625	894626	30	0.7116
chr1	894675	894676	27	0.7136
chr1	894725	894726	30	0.5812
chr1	894752	894753	26	0.5333
chr1	894786	894787	35	0.7849
chr1	894788	894789	27	0.7215
chr1	894888	894889	30	0.6917
chr1	894940	894941	24	0.8532
chr1	895038	895039	37	0.7831
chr1	895138	895139	30	0.614
chr1	895206	895207	30	0.4458
chr1	895220	895221	21	0.7674
chr1	895269	895270	23	0.1366
chr1	895284	895285	40	0.2357
chr1	895316	895317	26	0.2306
chr1	895366	895367	36	0.3797
chr1	895383	895384	35	0.3149
chr1	895398	895399	28	0.0971
chr1	895418	895419	22	0.1769
chr1	895447	895448	30	0.1996
chr1	895497	895498	27	0.1909
chr1	895526	895527	26	0.2244
chr1	895560	895561	33	0.2941
chr1	895580	895581	28	0.0912
chr1	895595	895596	27	0.2024
chr1	895627	895628	23	0.0548
chr1	895677	895678	32	0.0
chr1	895698	895699	28	0.1641
chr1	895719	895720	26	0.1493
chr1	895730	895731	27	0.3844
chr1	895820	895821	20	0.1933
chr1	895903	895904	29	0.1682
chr1	896003	896004	30	0.0236
chr1	896103	896104	31	0.1236
chr1	896147	896148	28	0.1978
chr1	896177	896178	23	0.1586
chr1	896215	896216	24	0.3661
chr1	896230	896231	21	0.6347
chr1	896264	896265	20	0.6506
chr1	896279	896280	35	0.5309
chr1	896309	896310	24	0.328
chr1	896342	896343	28	0.608
chr1	896363	896364	32	0.7001
chr1	896407	896408	35	0.5124
chr1	896455	896456	34	0.3495
chr1	896473	896474	31	0.3449
chr1	896506	896507	31	0.6618
chr1	896556	896557	31	0.792
chr1	896593	896594	41	0.7637
chr1	896657	896658	23	0.3561
chr1	896757	896758	29	0.3426
chr1	896857	896858	33	0.4994
chr1	896957	896958	24	0.3088
chr1	897063	897064	21	0.4989
chr1	897097	897098	23	0.19
chr1	897134	897135	38	0.1927
chr1	897184	897185	26	0.2377
chr1	897202	897203	24	0.2402
chr1	897221	897222	20	0.189
chr1	897271	897272	35	0.2165
chr1	897305	897306	25	0.3615
chr1	897322	897323	30	0.3264
chr1	897371	897372	29	0.1733
chr1	897409	897410	37	0.2197
chr1	897425	897426	25	0.2506
chr1	897463	897464	30	0.4578
chr1	897490	897491	37	0.2903
chr1	897521	897522	27	0.1274
chr1	897541	897542	32	0.2422
chr1	897566	897567	27	0.2091
chr1	897597	897598	30	0.1829
chr1	897697	897698	22	0.2438
chr1	897761	897762	27	0.3707
chr1	897840	897841	29	0.3912
chr1	897940	897941	22	0.1697
chr1	897990	897991	39	0.252
chr1	898046	898047	21	0.2679
chr1	898118	898119	32	0.0612
chr1	898150	898151	24	0.4735
chr1	898177	898178	34	0.4311
chr1	898220	898221	33	0.6128
chr1	898235	898236	26	0.6015
chr1	898257	898258	36	0.7214
chr1	898289	898290	23	0.7305
chr1	898311	898312	29	0.4303
chr1	898356	898357	21	0.6352
chr1	898391	898392	25	0.6641
chr1	898415	898416	23	0.669
chr1	898442	898443	34	0.4874
chr1	898480	898481	29	0.7144
chr1	898502	898503	36	0.6094
chr1	898552	898553	30	0.6024
chr1	898571	898572	11	0.6372
chr1	898586	898587	19	0.6178
chr1	898636	898637	30	0.7463
chr1	898651	898652	29	0.7752
chr1	898695	898696	24	0.6119
chr1	898746	898747	33	0.6179
chr1	898814	898815	32	0.685
chr1	898914	898915	27	0.5124
chr1	898964	898965	29	0.7124
chr1	899016	899017	30	0.5013
chr1	899116	899117	30	0.6067
chr1	899216	899217	34	0.6395
chr1	899254	899255	19	0.4928
chr1	899258	899259	30	0.7527
chr1	899276	899277	27	0.8154
chr1	899310	899311	28	0.8336
chr1	899339	899340	24	0.924
chr1	899388	899389	23	0.9049
chr1	899416	899417	27	0.9211
chr1	899437	899438	28	0.8638
chr1	899487	899488	24	0.6966
chr1	899533	899534	29	0.7201
chr1	899571	899572	21	0.728
chr1	899586	899587	26	0.8856
chr1	899609	899610	20	0.8035
chr1	899654	899655	30	0.8534
chr1	899680	899681	37	0.749
chr1	899700	899701	34	0.6927
chr1	899724	899725	29	0.8591
chr1	899750	899751	34	0.7762
chr1	899775	899776	22	0.8622
chr1	899801	899802	34	0.9106
chr1	899901	899902	28	0.8486
chr1	899951	899952	25	0.7613
chr1	900031	900032	27	0.8964
chr1	900121	900122	31	0.7488
chr1	900221	900222	37	0.7972
chr1	900271	900272	30	0.9099
chr1	900279	900280	34	0.9948
chr1	900367	900368	31	0.7922
chr1	900405	900406	36	0.7762
chr1	900440	900441	28	0.8489
chr1	900469	900470	30	0.832
chr1	900497	900498	40	0.7934
chr1	900532	900533	23	0.7905
chr1	900552	900553	26	0.6927
chr1	900602	900603	25	0.5847
chr1	900625	900626	21	0.6953
chr1	900656	900657	31	0.867
chr1	900671	900672	32	0.6812
chr1	900700	900701	38	0.6876
chr1	900743	900744	37	0.7136
chr1	900777	900778	31	0.8803
chr1	900817	900818	30	0.7856
chr1	900832	900833	31	0.7132
chr1	900851	900852	33	0.6173
chr1	900901	900902	29	0.9029
chr1	900996	900997	30	0.7645
chr1	901096	901097	37	0.7034
chr1	901153	901154	30	0.9117
chr1	901244	901245	29	0.7929
chr1	901344	901345	36	0.886
chr1	901349	901350	31	0.416
chr1	901365	901366	28	0.7201
chr1	901410	901411	32	0.4224
chr1	901459	901460	32	0.565
chr1	901498	901499	23	0.394
chr1	901548	901549	19	0.4668
chr1	901573	901574	28	0.4865
chr1	901601	901602	25	0.5798
chr1	901651	901652	28	0.4919
chr1	901691	901692	34	0.4872
chr1	901722	901723	29	0.4589
chr1	901767	901768	28	0.4143
chr1	901817	901818	32	0.6681
chr1	901844	901845	25	0.4106
chr1	901847	901848	35	0.481
chr1	901947	901948	32	0.5132
chr1	902047	902048	31	0.5887
chr1	902109	902110	36	0.4619
chr1	902209	902210	36	0.5071
chr1	902309	902310	24	0.354
chr1	902331	902332	16	0.8218
chr1	902385	902386	27	0.6704
chr1	902403	902404	28	0.8116
chr1	902531	902532	29	0.5137
chr1	902601	902602	26	0.7263
chr1	902621	902622	33	0.9148
chr1	902631	902632	24	0.8976
chr1	902755	902756	28	0.6226
chr1	902787	902788	27	0.6948
chr1	902830	902831	18	0.5493
chr1	902880	902881	29	0.8066
chr1	902895	902896	21	0.5861
chr1	902945	902946	32	0.8207
chr1	902964	902965	29	0.8407
chr1	902995	902996	24	0.7802
chr1	903010	903011	26	0.6363
chr1	903029	903030	38	0.6871
chr1	903068	903069	23	0.7489
chr1	903109	903110	28	0.7777
chr1	903147	903148	32	0.6411
chr1	903180	903181	24	0.5843
chr1	903209	903210	18	0.6629
chr1	903259	903260	18	0.7439
chr1	903283	903284	34	0.6814
chr1	903322	903323	31	0.7845
chr1	903345	903346	40	0.767
chr1	903355	903356	18	0.867
chr1	903406	903407	31	0.7144
chr1	903480	903481	32	0.6733
chr1	903580	903581	31	0.7044
chr1	903680	903681	27	0.8021
chr1	903749	903750	28	0.7165
chr1	903800	903801	29	0.821
chr1	903802	903803	30	0.8264
chr1	903807	903808	37	0.7527
chr1	903843	903844	28	0.6685
chr1	903873	903874	36	0.5612
chr1	903910	903911	30	0.6757
chr1	903946	903947	27	0.642
chr1	903961	903962	28	0.9615
chr1	903976	903977	23	0.706
chr1	904026	904027	27	0.9211
chr1	904076	904077	25	1.0
chr1	904103	904104	36	0.9891
chr1	904143	904144	26	0.7892
chr1	904193	904194	28	0.908
chr1	904213	904214	31	0.9207
chr1	904219	904220	27	0.9428
chr1	904319	904320	30	0.8565
chr1	904419	904420	35	0.7579
chr1	904519	904520	33	0.9813
chr1	904619	904620	23	0.8623
chr1	904643	904644	29	0.8811
chr1	904715	904716	27	0.9818
chr1	904783	904784	30	0.8102
chr1	904793	904794	37	0.8429
chr1	904891	904892	23	0.8885
chr1	904919	904920	36	0.9221
chr1	904949	904950	27	0.91
chr1	905037	905038	40	0.821
chr1	905055	905056	36	0.8163
chr1	905076	905077	24	0.8738
chr1	905100	905101	31	0.8334
chr1	905124	905125	32	0.8146
chr1	905162	905163	26	0.5467
chr1	905205	905206	26	0.7716
chr1	905255	905256	26	0.6496
chr1	905276	905277	33	0.6192
chr1	905294	905295	21	0.6477
chr1	905327	905328	28	0.8167
chr1	905342	905343	32	0.7535
chr1	905375	905376	28	0.7384
chr1	905415	905416	23	0.7546
chr1	905455	905456	22	0.5154
chr1	905490	905491	34	0.8042
chr1	905505	905506	24	0.6298
chr1	905525	905526	34	0.6906
chr1	905536	905537	16	0.8239
chr1	905636	905637	22	0.7244
chr1	905736	905737	36	0.7284
chr1	905786	905787	27	0.7178
chr1	905936	905937	38	0.6634
chr1	905944	905945	31	0.7359
chr1	906022	906023	28	0.8575
chr1	906063	906064	37	0.7171
chr1	906113	906114	31	0.6728
chr1	906128	906129	28	0.6172
chr1	906161	906162	36	0.6187
chr1	906200	906201	30	0.5367
chr1	906216	906217	32	0.6502
chr1	906266	906267	25	0.5254
chr1	906290	906291	33	0.7044
chr1	906305	906306	29	0.7724
chr1	906322	906323	35	0.695
chr1	906349	906350	30	0.7431
chr1	906377	906378	33	0.7638
chr1	906427	906428	21	0.6163
chr1	906460	906461	29	0.6325
chr1	906475	906476	36	0.79
chr1	906504	906505	38	0.6436
chr1	906522	906523	34	0.5606
chr1	906622	906623	37	0.5842
chr1	906722	906723	40	0.6362
chr1	906804	906805	34	0.7407
chr1	906854	906855	29	0.7543
chr1	906906	906907	32	0.6698
chr1	906954	906955	30	0.9
chr1	906992	906993	35	0.5942
chr1	907002	907003	24	0.8448
chr1	907035	907036	20	0.956
chr1	907058	907059	23	0.8173
chr1	907091	907092	33	0.8814
chr1	907108	907109	30	0.7302
chr1	907151	907152	31	0.7087
chr1	907201	907202	18	0.8597
chr1	907251	907252	37	0.7411
chr1	907301	907302	33	0.7939
chr1	907351	907352	28	0.7329
chr1	907372	907373	33	0.7538
chr1	907387	907388	31	0.9087
chr1	907405	907406	26	0.8354
chr1	907455	907456	21	0.7878
chr1	907489	907490	32	0.8722
chr1	907527	907528	27	0.8796
chr1	907544	907545	34	0.8388
chr1	907576	907577	29	1.0
chr1	907591	907592	33	0.7857
chr1	907691	907692	36	0.8499
chr1	907791	907792	27	0.9732
chr1	907891	907892	28	0.9578
chr1	907991	907992	39	0.917
chr1	908091	908092	29	0.7827
chr1	908178	908179	29	0.829
chr1	908194	908195	30	0.8723
chr1	908214	908215	31	0.8757
chr1	908224	908225	35	0.1603
chr1	908239	908240	38	0.0406
chr1	908266	908267	29	0.1658
chr1	908316	908317	31	0.0494
chr1	908347	908348	34	0.0773
chr1	908383	908384	30	0.0353
chr1	908433	908434	27	0.0006
chr1	908467	908468	29	0.121
chr1	908482	908483	38	0.071
chr1	908497	908498	31	0.0014
chr1	908519	908520	28	0.1045
chr1	908534	908535	35	0.0
chr1	908584	908585	29	0.494
chr1	908634	908635	20	0.3548
chr1	908665	908666	31	0.2441
chr1	908765	908766	36	0.3331
chr1	908865	908866	27	0.3566
chr1	908965	908966	23	0.2737
chr1	909015	909016	27	0.2263
chr1	909099	909100	34	0.0622
chr1	909177	909178	26	0.0529
chr1	909243	909244	27	0.0568
chr1	909319	909320	34	0.0899
chr1	909383	909384	21	0.1589
chr1	909389	909390	31	0.0895
chr1	909415	909416	25	0.0438
chr1	909424	909425	28	0.378
chr1	909461	909462	28	0.4543
chr1	909507	909508	35	0.7843
chr1	909526	909527	32	0.6234
chr1	909547	909548	31	0.6144
chr1	909570	909571	36	0.4831
chr1	909598	909599	31	0.7677
chr1	909622	909623	30	0.5634
chr1	909647	909648	40	0.6373
chr1	909665	909666	32	0.586
chr1	909680	909681	31	0.5502
chr1	909705	909706	34	0.5977
chr1	909755	909756	34	0.5627
chr1	909803	909804	37	0.5914
chr1	909825	909826	30	0.6407
chr1	909857	909858	27	0.7459
chr1	909907	909908	25	0.7121
chr1	909933	909934	34	0.6159
chr1	909939	909940	23	0.5322
chr1	910015	910016	34	0.5638
chr1	910073	910074	31	0.6983
chr1	910123	910124	30	0.5709
chr1	910173	910174	18	0.5908
chr1	910267	910268	43	0.3947
chr1	910367	910368	29	0.647
chr1	910417	910418	35	0.8091
chr1	910463	910464	23	0.959
chr1	910623	910624	26	0.9529
chr1	910757	910758	30	0.8228
chr1	910895	910896	27	0.9265
chr1	910909	910910	22	0.6758
chr1	910921	910922	32	0.6361
chr1	910971	910972	29	0.6414
chr1	911021	911022	32	0.8914
chr1	911036	911037	39	0.6206
chr1	911082	911083	30	0.7177
chr1	911102	911103	43	0.7202
chr1	911125	911126	25	0.6611
chr1	911145	911146	34	0.7529
chr1	911160	911161	26	0.6021
chr1	911210	911211	30	0.6187
chr1	911246	911247	29	0.5755
chr1	911268	911269	31	0.6222
chr1	911291	911292	24	0.593
chr1	911306	911307	30	0.5259
chr1	911329	911330	26	0.6572
chr1	911379	911380	34	0.6299
chr1	911417	911418	34	0.697
chr1	911517	911518	23	0.7149
chr1	911617	911618	23	0.6554
chr1	911667	911668	28	0.7307
chr1	911745	911746	35	0.6044
chr1	911818	911819	34	0.6204
chr1	911822	911823	33	0.8101
chr1	911842	911843	29	0.1991
chr1	911865	911866	30	0.1447
chr1	911915	911916	24	0.0894
chr1	911940	911941	25	0.2849
chr1	911963	911964	27	0.0853
chr1	912003	912004	29	0.2147
chr1	912035	912036	24	0.0701
chr1	912071	912072	31	0.0634
chr1	912100	912101	31	0.131
chr1	912144	912145	30	0.3093
chr1	912170	912171	23	0.0
chr1	912218	912219	34	0.054
chr1	912235	912236	39	0.1096
chr1	912285	912286	23	0.1733
chr1	912297	912298	34	0.1302
chr1	912347	912348	39	0.2764
chr1	912447	912448	35	0.2538
chr1	912547	912548	28	0.1056
chr1	912614	912615	26	0.0964
chr1	912669	912670	19	0.1607
chr1	912719	912720	24	0.2325
chr1	912755	912756	30	0.1867
chr1	912769	912770	37	0.1537
chr1	912802	912803	21	0.7988
chr1	912852	912853	33	0.8042
chr1	912892	912893	25	0.7968
chr1	912911	912912	27	0.8415
chr1	912931	912932	24	0.814
chr1	912955	912956	28	0.7853
chr1	913005	913006	29	0.8476
chr1	913026	913027	27	0.635
chr1	913076	913077	24	0.8187
chr1	913122	913123	31	0.5939
chr1	913167	913168	34	0.6868
chr1	913199	913200	29	0.7905
chr1	913226	913227	26	0.7465
chr1	913259	913260	25	0.7743
chr1	913359	913360	22	0.5865
chr1	913421	913422	35	0.82
chr1	913521	913522	28	0.7233
chr1	913621	913622	23	0.643
chr1	913671	913672	39	0.8282
chr1	913701	913702	24	0.8748
chr1	913706	913707	25	0.2327
chr1	913745	913746	29	0.2465
chr1	913782	913783	34	0.2841
chr1	913803	913804	28	0.194
chr1	913846	913847	30	0.2377
chr1	913896	913897	33	0.1893
chr1	913917	913918	46	0.2026
chr1	913935	913936	39	0.1722
chr1	913974	913975	33	0.3119
chr1	914024	914025	37	0.2108
chr1	914074	914075	31	0.3046
chr1	914100	914101	28	0.1615
chr1	914139	914140	42	0.2145
chr1	914160	914161	33	0.0406
chr1	914187	914188	27	0.3879
chr1	914196	914197	22	0.1862
chr1	914293	914294	26	0.2701
chr1	914354	914355	35	0.2358
chr1	914454	914455	43	0.2253
chr1	914511	914512	36	0.2799
chr1	914611	914612	31	0.2228
chr1	914678	914679	35	0.3888
chr1	914766	914767	24	0.1061
chr1	914790	914791	30	0.0
chr1	914832	914833	29	0.0
chr1	914970	914971	35	0.1036
chr1	915080	915081	33	0.0605
chr1	915106	915107	24	0.1124
chr1	915108	915109	34	0.1166
chr1	915174	915175	32	0.0913
chr1	915185	915186	37	0.8664
chr1	915235	915236	30	0.7025
chr1	915253	915254	22	0.8328
chr1	915268	915269	32	0.8328
chr1	915289	915290	25	0.895
chr1	915339	915340	36	0.671
chr1	915389	915390	27	0.8319
chr1	915439	915440	22	0.8206
chr1	915462	915463	31	0.7896
chr1	915494	915495	28	0.6425
chr1	915512	915513	32	0.8712
chr1	915548	915549	30	0.6735
chr1	915587	915588	32	0.8113
chr1	915611	915612	32	0.7742
chr1	915642	915643	33	0.8082
chr1	915682	915683	30	0.9294
chr1	915719	915720	28	0.6673
chr1	915767	915768	28	0.7863
chr1	915796	915797	37	0.8254
chr1	915869	915870	33	0.6884
chr1	915919	915920	30	0.8427
chr1	916019	916020	30	0.7657
chr1	916119	916120	22	0.7278
chr1	916169	916170	40	0.8038
chr1	916269	916270	22	0.9187
chr1	916369	916370	29	0.8035
chr1	916377	916378	23	0.9556
chr1	916379	916380	31	0.8767
chr1	916385	916386	24	0.4263
chr1	916413	916414	32	0.4414
chr1	916448	916449	37	0.4356
chr1	916498	916499	26	0.4353
chr1	916513	916514	32	0.4677
chr1	916537	916538	27	0.3242
chr1	916556	916557	35	0.3796
chr1	916597	916598	34	0.3223
chr1	916627	916628	27	0.3391
chr1	916664	916665	21	0.4309
chr1	916697	916698	30	0.4203
chr1	916725	916726	33	0.3487
chr1	916760	916761	32	0.3051
chr1	916800	916801	29	0.3009
chr1	916827	916828	33	0.366
chr1	916852	916853	24	0.3864
chr1	916871	916872	31	0.4671
chr1	916930	916931	26	0.3958
chr1	916980	916981	37	0.2732
chr1	917062	917063	23	0.4175
chr1	917151	917152	32	0.3574
chr1	917251	917252	26	0.338
chr1	917325	917326	25	0.4897
chr1	917335	917336	30	0.6559
chr1	917377	917378	24	0.8814
chr1	917547	917548	33	0.7269
chr1	917581	917582	30	0.5721
chr1	917741	917742	27	0.7602
chr1	917771	917772	31	0.6917
chr1	917815	917816	28	0.6872
chr1	917853	917854	26	0.8595
chr1	917886	917887	33	0.7766
chr1	917904	917905	27	0.8436
chr1	917940	917941	38	0.6958
chr1	917988	917989	23	0.9088
chr1	918003	918004	33	0.849
chr1	918033	918034	32	0.7498
chr1	918048	918049	38	0.8528
chr1	918091	918092	34	0.8392
chr1	918125	918126	21	0.8894
chr1	918166	918167	34	0.9267
chr1	918187	918188	35	0.8316
chr1	918222	918223	30	0.9864
chr1	918272	918273	34	0.95
chr1	918322	918323	31	0.8589
chr1	918344	918345	25	0.8584
chr1	918362	918363	22	0.8155
chr1	918365	918366	37	0.8853
chr1	918465	918466	20	0.8638
chr1	918553	918554	28	0.7934
chr1	918653	918654	23	0.9594
chr1	918753	918754	23	0.7357
chr1	918853	918854	26	0.767
chr1	918865	918866	28	0.782
chr1	918951	918952	27	0.9304
chr1	918957	918958	31	0.5539
chr1	919003	919004	35	0.5997
chr1	919027	919028	26	0.4874
chr1	919044	919045	28	0.5332
chr1	919067	919068	26	0.4516
chr1	919093	919094	31	0.5411
chr1	919120	919121	33	0.4533
chr1	919170	919171	40	0.3547
chr1	919210	919211	29	0.4043
chr1	919238	919239	37	0.3605
chr1	919254	919255	25	0.4496
chr1	919278	919279	32	0.4764
chr1	919306	919307	32	0.5906
chr1	919336	919337	30	0.614
chr1	919366	919367	35	0.4486
chr1	919390	919391	30	0.6124
chr1	919412	919413	30	0.5716
chr1	919435	919436	37	0.6422
chr1	919485	919486	28	0.4708
chr1	919501	919502	26	0.4326
chr1	919557	919558	30	0.3483
chr1	919632	919633	47	0.5716
chr1	919732	919733	34	0.4822
chr1	919782	919783	28	0.5752
chr1	919882	919883	22	0.4031
chr1	919982	919983	38	0.3371
chr1	920012	920013	37	0.7866
chr1	920038	920039	37	0.9619
chr1	920076	920077	23	0.7221
chr1	920102	920103	24	0.7062
chr1	920110	920111	32	0.6133
chr1	920164	920165	31	0.8159
chr1	920188	920189	32	0.6068
chr1	920370	920371	22	0.8027
chr1	920376	920377	27	0.6803
chr1	920468	920469	23	0.8299
chr1	920473	920474	34	0.8364
chr1	920504	920505	24	0.9155
chr1	920538	920539	26	0.9035
chr1	920565	920566	35	0.6799
chr1	920615	920616	19	0.7193
chr1	920636	920637	28	0.9232
chr1	920651	920652	29	0.8079
chr1	920666	920667	29	0.8665
chr1	920716	920717	23	0.9581
chr1	920743	920744	27	0.9266
chr1	920764	920765	28	0.9237
chr1	920814	920815	28	0.7652
chr1	920831	920832	26	0.8648
chr1	920869	920870	27	0.6786
chr1	920914	920915	31	0.7161
chr1	920936	920937	32	0.7872
chr1	920986	920987	25	0.8224
chr1	921063	921064	30	0.7598
chr1	921129	921130	36	0.5994
chr1	921229	921230	27	0.8566
chr1	921329	921330	34	0.9358
chr1	921493	921494	30	0.3969
chr1	921509	921510	29	0.4227
chr1	921587	921588	23	0.7089
chr1	921597	921598	33	0.794
chr1	921669	921670	28	0.3681
chr1	921709	921710	28	0.6821
chr1	921723	921724	25	0.498
chr1	921735	921736	29	0.4687
chr1	921768	921769	25	0.9588
chr1	921818	921819	33	0.8148
chr1	921836	921837	33	0.7774
chr1	921851	921852	28	0.6895
chr1	921867	921868	25	0.8541
chr1	921906	921907	36	0.8683
chr1	921956	921957	33	0.7369
chr1	921993	921994	23	0.8362
chr1	922043	922044	28	0.8441
chr1	922070	922071	20	0.9118
chr1	922120	922121	25	0.8594
chr1	922151	922152	32	0.6455
chr1	922176	922177	10	0.852
chr1	922250	922251	18	0.7275
chr1	922343	922344	31	0.892
chr1	922425	922426	23	0.696
chr1	922525	922526	42	0.8603
chr1	922559	922560	29	0.7791
chr1	922578	922579	33	0.8938
chr1	922602	922603	34	0.8328
chr1	922642	922643	26	0.8785
chr1	922679	922680	22	0.8523
chr1	922700	922701	32	0.8499
chr1	922744	922745	35	0.8258
chr1	922774	922775	23	0.9018
chr1	922812	922813	39	0.9044
chr1	922830	922831	32	0.9255
chr1	922854	922855	34	0.8906
chr1	922872	922873	38	0.7708
chr1	922905	922906	32	0.8128
chr1	922923	922924	25	0.7984
chr1	922973	922974	29	0.8554
chr1	922991	922992	36	0.8267
chr1	923012	923013	23	0.7617
chr1	923040	923041	26	0.8771
chr1	923073	923074	27	0.5906
chr1	923095	923096	31	0.8424
chr1	923195	923196	31	0.9597
chr1	923284	923285	26	0.7585
chr1	923368	923369	32	0.865
chr1	923439	923440	24	0.8316
chr1	923539	923540	36	0.7456
chr1	923591	923592	24	0.9361
chr1	923635	923636	37	0.8438
chr1	923641	923642	32	0.5622
chr1	923676	923677	37	0.5085
chr1	923710	923711	24	0.5102
chr1	923733	923734	28	0.6327
chr1	923752	923753	42	0.6518
chr1	923791	923792	36	0.6014
chr1	923822	923823	37	0.6291
chr1	923838	923839	22	0.4875
chr1	923888	923889	31	0.6324
chr1	923914	923915	30	0.4214
chr1	923947	923948	23	0.5699
chr1	923965	923966	31	0.6109
chr1	924002	924003	29	0.5765
chr1	924030	924031	33	0.4743
chr1	924076	924077	32	0.661
chr1	924112	924113	26	0.6198
chr1	924146	924147	31	0.5846
chr1	924168	924169	31	0.4262
chr1	924210	924211	33	0.5533
chr1	924214	924215	35	0.5865
chr1	924268	924269	31	0.3669
chr1	924368	924369	35	0.5189
chr1	924468	924469	32	0.6093
chr1	924559	924560	28	0.5603
chr1	924609	924610	26	0.5876
chr1	924659	924660	32	0.399
chr1	924759	924760	30	0.6231
chr1	924817	924818	33	1.0
chr1	924881	924882	42	0.896
chr1	925073	925074	39	0.755
chr1	925193	925194	33	0.8438
chr1	925251	925252	34	0.9668
chr1	925257	925258	33	0.7972
chr1	925266	925267	33	0.4895
chr1	925316	925317	23	0.5956
chr1	925352	925353	30	0.5962
chr1	925389	925390	36	0.5978
chr1	925437	925438	27	0.3447
chr1	925452	925453	16	0.5862
chr1	925489	925490	24	0.4774
chr1	925518	925519	24	0.6124
chr1	925568	925569	32	0.375
chr1	925587	925588	35	0.7393
chr1	925608	925609	33	0.3633
chr1	925631	925632	35	0.4401
chr1	925665	925666	30	0.6916
chr1	925689	925690	26	0.5068
chr1	925724	925725	37	0.4736
chr1	925734	925735	34	0.5628
chr1	925834	925835	18	0.4712
chr1	925909	925910	33	0.4657
chr1	926009	926010	32	0.4645
chr1	926086	926087	32	0.4998
chr1	926166	926167	35	0.423
chr1	926222	926223	30	0.6754
chr1	926260	926261	27	0.722
chr1	926280	926281	36	0.7974
chr1	926290	926291	29	0.8854
chr1	926514	926515	25	0.659
chr1	926556	926557	33	0.7473
chr1	926561	926562	29	0.6627
chr1	926611	926612	29	0.4528
chr1	926641	926642	22	0.6697
chr1	926681	926682	27	0.4861
chr1	926716	926717	34	0.4678
chr1	926766	926767	29	0.5338
chr1	926781	926782	21	0.6237
chr1	926810	926811	36	0.6231
chr1	926837	926838	33	0.6177
chr1	926887	926888	24	0.7472
chr1	926936	926937	30	0.3822
chr1	926978	926979	31	0.6181
chr1	927015	927016	26	0.5505
chr1	927062	927063	34	0.6794
chr1	927109	927110	29	0.6466
chr1	927159	927160	30	0.5843
chr1	927259	927260	28	0.5743
chr1	927359	927360	28	0.5206
chr1	927459	927460	31	0.3329
chr1	927509	927510	24	0.5697
chr1	927572	927573	34	0.5369
chr1	927608	927609	31	0.7017
chr1	927616	927617	23	0.8436
chr1	927644	927645	39	0.599
chr1	927682	927683	37	0.8316
chr1	927786	927787	27	0.8631
chr1	927926	927927	33	0.8389
chr1	927978	927979	28	0.7151
chr1	927996	927997	36	0.2301
chr1	928029	928030	29	0.2237
chr1	928059	928060	35	0.1552
chr1	928080	928081	27	0.3674
chr1	928113	928114	29	0.2779
chr1	928142	928143	29	0.1571
chr1	928171	928172	29	0.1693
chr1	928208	928209	28	0.1414
chr1	928247	928248	29	0.1381
chr1	928273	928274	36	0.4368
chr1	928306	928307	32	0.1437
chr1	928321	928322	29	0.1614
chr1	928354	928355	31	0.4242
chr1	928404	928405	28	0.2129
chr1	928421	928422	27	0.2137
chr1	928521	928522	30	0.2955
chr1	928621	928622	30	0.3993
chr1	928721	928722	35	0.2277
chr1	928821	928822	26	0.2475
chr1	928863	928864	34	0.1575
chr1	928882	928883	33	0.5132
chr1	928897	928898	28	0.8608
chr1	928944	928945	28	0.81
chr1	928964	928965	31	0.7183
chr1	928979	928980	34	0.5877
chr1	929012	929013	35	0.5726
chr1	929062	929063	32	0.8893
chr1	929093	929094	36	0.8289
chr1	929123	929124	26	0.8859
chr1	929139	929140	26	0.86
chr1	929173	929174	31	0.6581
chr1	929193	929194	38	0.8771
chr1	929239	929240	25	0.7716
chr1	929258	929259	28	0.8838
chr1	929273	929274	28	0.7216
chr1	929295	929296	27	0.7959
chr1	929321	929322	27	0.7387
chr1	929369	929370	33	0.7812
chr1	929419	929420	30	0.8308
chr1	929514	929515	33	0.7925
chr1	929569	929570	28	0.7872
chr1	929669	929670	32	0.6796
chr1	929769	929770	30	0.6417
chr1	929869	929870	31	0.8231
chr1	929919	929920	32	0.6877
chr1	929953	929954	34	0.776
chr1	930001	930002	26	0.8562
chr1	930050	930051	30	0.6986
chr1	930092	930093	33	0.7532
chr1	930110	930111	24	0.776
chr1	930128	930129	29	0.8727
chr1	930178	930179	31	0.8436
chr1	930199	930200	31	0.8922
chr1	930239	930240	29	0.6601
chr1	930265	930266	40	0.9284
chr1	930280	930281	35	0.7958
chr1	930317	930318	24	0.7677
chr1	930347	930348	33	0.7234
chr1	930377	930378	37	0.7653
chr1	930427	930428	27	0.601
chr1	930448	930449	29	0.6331
chr1	930481	930482	32	0.7629
chr1	930510	930511	33	0.8065
chr1	930576	930577	35	0.6909
chr1	930647	930648	30	0.761
chr1	930697	930698	30	0.9764
chr1	930747	930748	30	0.9017
chr1	930847	930848	25	0.6474
chr1	930947	930948	28	0.946
chr1	930953	930954	32	0.772
chr1	930967	930968	26	0.8906
chr1	930983	930984	24	0.0181
chr1	930998	930999	31	0.1209
chr1	931043	931044	27	0.1245
chr1	931058	931059	32	0.3496
chr1	931107	931108	29	0.0661
chr1	931137	931138	24	0.1011
chr1	931187	931188	27	0.0528
chr1	931232	931233	30	0.1025
chr1	931261	931262	24	0.1244
chr1	931292	931293	34	0.0791
chr1	931313	931314	25	0.1025
chr1	931349	931350	31	0.2197
chr1	931399	931400	25	0.1032
chr1	931449	931450	34	0.2296
chr1	931484	931485	24	0.1447
chr1	931528	931529	32	0.09
chr1	931537	931538	23	0.1084
chr1	931637	931638	29	0.1777
chr1	931701	931702	24	0.0
chr1	931755	931756	27	0.1135
chr1	931855	931856	37	0.0966
chr1	931939	931940	26	0.0067
chr1	932039	932040	37	0.2806
chr1	932041	932042	36	0.0295
chr1	932065	932066	30	0.215
chr1	932094	932095	24	0.3281
chr1	932109	932110	21	0.4578
chr1	932143	932144	34	0.7517
chr1	932158	932159	31	0.7371
chr1	932180	932181	25	0.4507
chr1	932230	932231	31	0.474
chr1	932252	932253	35	0.2674
chr1	932269	932270	29	0.6856
chr1	932284	932285	26	0.5469
chr1	932301	932302	16	0.5034
chr1	932325	932326	31	0.4264
chr1	932344	932345	33	0.7251
chr1	932373	932374	31	0.4716
chr1	932423	932424	29	0.51
chr1	932441	932442	26	0.5531
chr1	932487	932488	30	0.6773
chr1	932527	932528	38	0.6869
chr1	932574	932575	25	0.6453
chr1	932594	932595	35	0.4065
chr1	932636	932637	31	0.438
chr1	932660	932661	27	0.4938
chr1	932668	932669	23	0.4694
chr1	932768	932769	27	0.7379
chr1	932818	932819	33	0.7461
chr1	932868	932869	27	0.503
chr1	932968	932969	27	0.2612
chr1	933028	933029	28	0.3701
chr1	933094	933095	35	0.5397
chr1	933144	933145	29	0.6622
chr1	933329	933330	30	0.6537
chr1	933339	933340	26	0.3647
chr1	933387	933388	26	0.4886
chr1	933426	933427	23	0.4419
chr1	933441	933442	18	0.5785
chr1	933485	933486	24	0.62
chr1	933535	933536	28	0.3432
chr1	933551	933552	35	0.4876
chr1	933601	933602	36	0.6805
chr1	933630	933631	30	0.511
chr1	933675	933676	34	0.4983
chr1	933701	933702	26	0.2815
chr1	933717	933718	27	0.4848
chr1	933759	933760	40	0.5252
chr1	933859	933860	26	0.4253
chr1	933958	933959	26	0.5167
chr1	934058	934059	31	0.6322
chr1	934158	934159	24	0.4034
chr1	934168	934169	29	0.8099
chr1	934184	934185	27	0.7564
chr1	934200	934201	40	0.6865
chr1	934212	934213	30	0.7451
chr1	934394	934395	31	0.732
chr1	934480	934481	30	0.5545
chr1	934644	934645	35	0.7836
chr1	934675	934676	32	0.1253
chr1	934704	934705	32	0.1241
chr1	934754	934755	24	0.0665
chr1	934804	934805	24	0.1777
chr1	934847	934848	25	0.109
chr1	934877	934878	29	0.1427
chr1	934903	934904	27	0.1961
chr1	934922	934923	25	0.2052
chr1	934957	934958	36	0.154
chr1	934974	934975	31	0.22
chr1	935000	935001	36	0.3049
chr1	935020	935021	33	0.0649
chr1	935040	935041	34	0.0478
chr1	935077	935078	29	0.2158
chr1	935121	935122	32	0.1059
chr1	935155	935156	31	0.0722
chr1	935183	935184	29	0.0843
chr1	935202	935203	25	0.1413
chr1	935240	935241	27	0.0237
chr1	935340	935341	35	0.095
chr1	935440	935441	31	0.0533
chr1	935529	935530	21	0.1201
chr1	935629	935630	25	0.132
chr1	935729	935730	32	0.2378
chr1	935767	935768	29	0.1718
chr1	935803	935804	35	0.0631
chr1	935843	935844	20	0.2321
chr1	935893	935894	35	0.1249
chr1	935935	935936	31	0.1061
chr1	935965	935966	32	0.1041
chr1	935990	935991	30	0.2714
chr1	936038	936039	32	0.0633
chr1	936084	936085	30	0.1793
chr1	936116	936117	32	0.172
chr1	936150	936151	32	0.2198
chr1	936186	936187	34	0.0997
chr1	936216	936217	27	0.1357
chr1	936231	936232	32	0.3215
chr1	936249	936250	32	0.1751
chr1	936279	936280	33	0.1143
chr1	936312	936313	29	0.1464
chr1	936348	936349	34	0.1083
chr1	936381	936382	36	0.0645
chr1	936399	936400	23	0.1313
chr1	936405	936406	31	0.1919
chr1	936455	936456	25	0.1484
chr1	936505	936506	25	0.0316
chr1	936598	936599	34	0.0611
chr1	936683	936684	30	0.1334
chr1	936733	936734	23	0.1752
chr1	936833	936834	27	0.099
chr1	936933	936934	34	0.1828
chr1	936941	936942	32	0.0402
chr1	936956	936957	27	0.9196
chr1	937006	937007	36	0.7679
chr1	937029	937030	31	0.6688
chr1	937044	937045	29	0.8007
chr1	937089	937090	25	0.7754
chr1	937139	937140	25	0.9365
chr1	937161	937162	22	0.9164
chr1	937189	937190	29	0.7086
chr1	937212	937213	29	0.8544
chr1	937248	937249	29	0.8872
chr1	937265	937266	27	0.9442
chr1	937310	937311	32	0.8022
chr1	937342	937343	32	0.7222
chr1	937392	937393	41	0.9356
chr1	937427	937428	33	0.871
chr1	937471	937472	34	0.7937
chr1	937498	937499	40	0.7805
chr1	937548	937549	27	0.9235
chr1	937648	937649	32	0.7664
chr1	937716	937717	32	0.7756
chr1	937816	937817	29	0.6982
chr1	937916	937917	33	0.8045
chr1	938016	938017	34	0.787
chr1	938024	938025	33	0.7272
chr1	938026	938027	26	0.8779
chr1	938066	938067	26	0.1995
chr1	938091	938092	31	0.2472
chr1	938119	938120	28	0.3732
chr1	938157	938158	32	0.3458
chr1	938187	938188	25	0.4062
chr1	938222	938223	31	0.2441
chr1	938237	938238	30	0.234
chr1	938253	938254	27	0.2781
chr1	938303	938304	35	0.3988
chr1	938346	938347	27	0.1836
chr1	938365	938366	32	0.3147
chr1	938407	938408	32	0.1811
chr1	938431	938432	30	0.328
chr1	938449	938450	21	0.4741
chr1	938464	938465	23	0.3861
chr1	938488	938489	36	0.4751
chr1	938523	938524	23	0.1313
chr1	938538	938539	18	0.468
chr1	938544	938545	23	0.2937
chr1	938594	938595	27	0.2829
chr1	938694	938695	31	0.0798
chr1	938748	938749	34	0.2912
chr1	938836	938837	22	0.2974
chr1	938925	938926	37	0.2353
chr1	938975	938976	30	0.2547
chr1	939023	939024	26	0.8091
chr1	939038	939039	34	0.5466
chr1	939088	939089	27	0.6155
chr1	939116	939117	21	0.7172
chr1	939131	939132	29	0.702
chr1	939159	939160	19	0.6466
chr1	939209	939210	34	0.4967
chr1	939238	939239	29	0.6251
chr1	939278	939279	32	0.8236
chr1	939295	939296	31	0.5298
chr1	939327	939328	42	0.7676
chr1	939359	939360	29	0.7442
chr1	939390	939391	32	0.6931
chr1	939408	939409	35	0.5699
chr1	939443	939444	27	0.7
chr1	939472	939473	33	0.8086
chr1	939502	939503	35	0.7732
chr1	939542	939543	38	0.6783
chr1	939574	939575	29	0.7945
chr1	939594	939595	27	0.8731
chr1	939694	939695	35	0.845
chr1	939794	939795	30	0.603
chr1	939850	939851	27	0.7876
chr1	939950	939951	30	0.7437
chr1	940050	940051	21	0.9179
chr1	940135	940136	41	0.6398
chr1	940225	940226	37	0.902
chr1	940271	940272	25	0.6196
chr1	940286	940287	31	0.6151
chr1	940311	940312	30	0.6898
chr1	940327	940328	34	0.6787
chr1	940367	940368	32	0.8091
chr1	940411	940412	22	0.646
chr1	940461	940462	33	0.6162
chr1	940511	940512	30	0.7634
chr1	940539	940540	27	0.5708
chr1	940570	940571	27	0.8177
chr1	940620	940621	25	0.8389
chr1	940649	940650	32	0.7871
chr1	940682	940683	27	0.7348
chr1	940698	940699	33	0.7692
chr1	940716	940717	35	0.6969
chr1	940749	940750	33	0.7152
chr1	940781	940782	34	0.7141
chr1	940816	940817	28	0.6202
chr1	940838	940839	25	0.6078
chr1	940909	940910	25	0.4868
chr1	941003	941004	26	0.8016
chr1	941101	941102	31	0.5161
chr1	941169	941170	26	0.5538
chr1	941269	941270	32	0.8197
chr1	941369	941370	30	0.5641
chr1	941457	941458	27	0.8236
chr1	941463	941464	23	0.4311
chr1	941506	941507	35	0.6264
chr1	941535	941536	28	0.5536
chr1	941552	941553	33	0.4898
chr1	941571	941572	29	0.54
chr1	941621	941622	31	0.6905
chr1	941636	941637	33	0.6666
chr1	941681	941682	23	0.51
chr1	941696	941697	27	0.5057
chr1	941742	941743	26	0.6619
chr1	941757	941758	26	0.3507
chr1	941801	941802	27	0.6935
chr1	941826	941827	25	0.5773
chr1	941876	941877	29	0.5037
chr1	941909	941910	30	0.7379
chr1	941935	941936	36	0.7014
chr1	941985	941986	30	0.6894
chr1	942004	942005	25	0.6055
chr1	942104	942105	31	0.5761
chr1	942154	942155	43	0.5782
chr1	942254	942255	28	0.6381
chr1	942354	942355	29	0.6987
chr1	942454	942455	27	0.7024
chr1	942458	942459	19	0.8962
chr1	942476	942477	27	0.9229
chr1	942602	942603	17	0.8185
chr1	942678	942679	28	0.8054
chr1	942826	942827	38	0.858
chr1	942928	942929	31	0.7712
chr1	942932	942933	32	0.9309
chr1	942946	942947	24	0.7488
chr1	942981	942982	34	0.7717
chr1	943025	943026	29	0.9379
chr1	943040	943041	27	0.8065
chr1	943055	943056	36	0.8186
chr1	943080	943081	28	0.849
chr1	943097	943098	36	0.8518
chr1	943147	943148	38	0.9956
chr1	943181	943182	31	0.862
chr1	943221	943222	33	0.6105
chr1	943242	943243	27	0.6156
chr1	943276	943277	38	0.7527
chr1	943302	943303	26	0.8018
chr1	943321	943322	29	0.6859
chr1	943341	943342	30	0.778
chr1	943379	943380	25	0.9345
chr1	943401	943402	28	0.7323
chr1	943431	943432	31	0.7822
chr1	943531	943532	37	0.647
chr1	943631	943632	21	0.8143
chr1	943731	943732	33	0.8378
chr1	943790	943791	36	0.7623
chr1	943840	943841	25	0.6932
chr1	943888	943889	26	0.7849
chr1	943920	943921	34	0.7198
chr1	943944	943945	26	0.8208
chr1	943991	943992	30	0.8685
chr1	944033	944034	31	0.9282
chr1	944065	944066	31	0.7895
chr1	944088	944089	29	0.7762
chr1	944138	944139	29	0.7984
chr1	944153	944154	33	0.8837
chr1	944170	944171	26	0.69
chr1	944185	944186	24	0.9523
chr1	944209	944210	35	0.9411
chr1	944241	944242	27	0.8598
chr1	944281	944282	33	0.8666
chr1	944296	944297	35	0.7862
chr1	944308	944309	24	0.7277
chr1	944408	944409	24	0.7922
chr1	944474	944475	35	0.9801
chr1	944541	944542	38	0.7253
chr1	944641	944642	39	0.8687
chr1	944691	944692	31	0.7298
chr1	944721	944722	23	0.9877
chr1	944740	944741	26	0.6531
chr1	944771	944772	28	0.6238
chr1	944798	944799	30	0.6035
chr1	944846	944847	28	0.5322
chr1	944887	944888	26	0.577
chr1	944919	944920	27	0.7257
chr1	944938	944939	27	0.7876
chr1	944953	944954	30	0.7161
chr1	944968	944969	22	0.5466
chr1	944987	944988	38	0.7144
chr1	945004	945005	33	0.8142
chr1	945054	945055	26	0.7615
chr1	945083	945084	23	0.6458
chr1	945106	945107	31	0.7342
chr1	945123	945124	28	0.7092
chr1	945170	945171	29	0.6112
chr1	945207	945208	22	0.6218
chr1	945231	945232	23	0.8323
chr1	945248	945249	23	0.7551
chr1	945321	945322	23	0.7561
chr1	945371	945372	34	0.6538
chr1	945471	945472	24	0.8518
chr1	945571	945572	28	0.6359
chr1	945621	945622	23	0.6545
chr1	945719	945720	23	0.6104
chr1	945797	945798	36	0.5833
chr1	945811	945812	28	0.8722
chr1	945822	945823	28	0.8099
chr1	945872	945873	29	0.8989
chr1	945903	945904	33	0.6298
chr1	945953	945954	35	0.7028
chr1	945989	945990	28	0.7132
chr1	946015	946016	17	0.8615
chr1	946030	946031	29	0.7924
chr1	946048	946049	39	0.6471
chr1	946063	946064	34	0.6361
chr1	946079	946080	24	0.6617
chr1	946098	946099	30	0.8346
chr1	946145	946146	29	0.7169
chr1	946169	946170	39	0.7709
chr1	946205	946206	23	0.5951
chr1	946235	946236	30	0.6378
chr1	946240	946241	36	0.7155
chr1	946340	946341	29	0.7309
chr1	946440	946441	37	0.7073
chr1	946527	946528	30	0.7049
chr1	946627	946628	29	0.8088
chr1	946653	946654	38	0.852
chr1	946687	946688	30	0.7542
chr1	946698	946699	39	0.7845
chr1	946723	946724	25	0.6264
chr1	946757	946758	29	0.7305
chr1	946806	946807	31	0.6771
chr1	946855	946856	24	0.7642
chr1	946873	946874	32	0.7612
chr1	946914	946915	22	0.7166
chr1	946963	946964	25	0.6008
chr1	946998	946999	34	0.7784
chr1	947028	947029	32	0.7104
chr1	947062	947063	35	0.5894
chr1	947084	947085	26	0.5181
chr1	947134	947135	24	0.6052
chr1	947184	947185	36	0.588
chr1	947205	947206	41	0.7204
chr1	947305	947306	22	0.6256
chr1	947355	947356	32	0.6652
chr1	947455	947456	28	0.5824
chr1	947555	947556	29	0.5923
chr1	947655	947656	28	0.552
chr1	947693	947694	33	0.559
chr1	947707	947708	31	0.7773
chr1	947712	947713	29	0.4168
chr1	947729	947730	24	0.6126
chr1	947771	947772	31	0.5112
chr1	947792	947793	32	0.6374
chr1	947828	947829	26	0.4283
chr1	947863	947864	33	0.6132
chr1	947904	947905	32	0.7353
chr1	947954	947955	27	0.4093
chr1	947969	947970	31	0.5597
chr1	947984	947985	34	0.4511
chr1	948015	948016	39	0.5105
chr1	948036	948037	35	0.5616
chr1	948081	948082	33	0.4206
chr1	948115	948116	29	0.7319
chr1	948140	948141	26	0.5606
chr1	948155	948156	18	0.5748
chr1	948183	948184	26	0.5411
chr1	948283	948284	31	0.4475
chr1	948383	948384	29	0.4741
chr1	948477	948478	34	0.3286
chr1	948537	948538	17	0.4966
chr1	948587	948588	27	0.5391
chr1	948627	948628	37	0.1317
chr1	948679	948680	22	0.0589
chr1	948721	948722	33	0.4532
chr1	948735	948736	22	0.2623
chr1	948785	948786	33	0.2597
chr1	948809	948810	27	0.3348
chr1	948901	948902	28	0.0336
chr1	948905	948906	26	0.4412
chr1	948941	948942	33	0.5986
chr1	948991	948992	21	0.6547
chr1	949041	949042	33	0.7243
chr1	949088	949089	26	0.8177
chr1	949110	949111	30	0.7624
chr1	949125	949126	29	0.7368
chr1	949155	949156	34	0.7062
chr1	949205	949206	35	0.6775
chr1	949255	949256	22	0.4928
chr1	949270	949271	28	0.7374
chr1	949285	949286	20	0.6387
chr1	949318	949319	22	0.6954
chr1	949333	949334	26	0.7991
chr1	949383	949384	31	0.5252
chr1	949400	949401	29	0.8911
chr1	949418	949419	33	0.8201
chr1	949444	949445	27	0.766
chr1	949451	949452	23	0.6426
chr1	949543	949544	35	0.8377
chr1	949619	949620	24	0.7308
chr1	949719	949720	33	0.6373
chr1	949819	949820	32	0.627
chr1	949919	949920	35	0.655
chr1	949961	949962	33	0.7627
chr1	949969	949970	30	0.3663
chr1	950019	950020	31	0.5218
chr1	950034	950035	23	0.412
chr1	950084	950085	30	0.3962
chr1	950109	950110	27	0.5533
chr1	950129	950130	43	0.3428
chr1	950147	950148	39	0.3976
chr1	950188	950189	28	0.4941
chr1	950229	950230	28	0.5188
chr1	950244	950245	32	0.4152
chr1	950259	950260	29	0.3719
chr1	950282	950283	34	0.429
chr1	950332	950333	27	0.4732
chr1	950364	950365	33	0.4085
chr1	950384	950385	30	0.3873
chr1	950412	950413	30	0.4415
chr1	950455	950456	23	0.4206
chr1	950487	950488	31	0.2821
chr1	950490	950491	32	0.3966
chr1	950540	950541	39	0.373
chr1	950590	950591	29	0.558
chr1	950690	950691	25	0.3884
chr1	950740	950741	31	0.4515
chr1	950790	950791	30	0.4671
chr1	950885	950886	41	0.4011
chr1	950941	950942	23	0.5287
chr1	951010	951011	40	0.4744
chr1	951100	951101	18	0.7766
chr1	951104	951105	23	0.9317
chr1	951120	951121	31	0.6942
chr1	951158	951159	32	1.0
chr1	951172	951173	35	0.5391
chr1	951210	951211	35	0.9063
chr1	951212	951213	32	0.8821
chr1	951256	951257	32	0.7102
chr1	951312	951313	34	0.7993
chr1	951444	951445	27	0.7148
chr1	951470	951471	24	0.5568
chr1	951499	951500	28	0.4394
chr1	951527	951528	31	0.7557
chr1	951559	951560	30	0.6016
chr1	951606	951607	23	0.4986
chr1	951635	951636	22	0.4741
chr1	951677	951678	24	0.623
chr1	951727	951728	25	0.7176
chr1	951745	951746	32	0.5265
chr1	951774	951775	25	0.4746
chr1	951791	951792	32	0.6934
chr1	951841	951842	29	0.6112
chr1	951872	951873	23	0.6735
chr1	951894	951895	26	0.5758
chr1	951944	951945	25	0.6445
chr1	951959	951960	32	0.5013
chr1	952009	952010	30	0.5172
chr1	952012	952013	30	0.5946
chr1	952112	952113	32	0.5259
chr1	952212	952213	26	0.5715
chr1	952273	952274	27	0.476
chr1	952368	952369	27	0.6486
chr1	952468	952469	28	0.5859
chr1	952500	952501	30	0.7052
chr1	952522	952523	25	0.7179
chr1	952537	952538	32	0.5982
chr1	952568	952569	26	0.5538
chr1	952596	952597	37	0.7582
chr1	952611	952612	33	0.5834
chr1	952628	952629	28	0.6379
chr1	952649	952650	36	0.5492
chr1	952699	952700	29	0.46
chr1	952729	952730	27	0.6322
chr1	952751	952752	29	0.5447
chr1	952793	952794	33	0.4269
chr1	952810	952811	23	0.5326
chr1	952825	952826	32	0.6917
chr1	952846	952847	29	0.6728
chr1	952862	952863	27	0.5209
chr1	952892	952893	33	0.5873
chr1	952907	952908	32	0.6074
chr1	952947	952948	36	0.662
chr1	952980	952981	29	0.5277
chr1	952996	952997	27	0.5359
chr1	953054	953055	36	0.5719
chr1	953154	953155	30	0.3949
chr1	953204	953205	32	0.4937
chr1	953283	953284	34	0.5171
chr1	953383	953384	25	0.4963
chr1	953469	953470	27	0.4843
chr1	953481	953482	35	0.8437
chr1	953518	953519	30	0.0845
chr1	953568	953569	30	0.0984
chr1	953588	953589	29	0.026
chr1	953614	953615	27	0.2656
chr1	953664	953665	35	0.0033
chr1	953699	953700	31	0.2204
chr1	953732	953733	34	0.0408
chr1	953757	953758	31	0.0328
chr1	953783	953784	31	0.1037
chr1	953815	953816	36	0.0967
chr1	953847	953848	28	0.1402
chr1	953874	953875	38	0.0998
chr1	953899	953900	24	0.0722
chr1	953940	953941	26	0.1066
chr1	953979	953980	25	0.1006
chr1	954002	954003	27	0.1704
chr1	954052	954053	31	0.0
chr1	954152	954153	24	0.1109
chr1	954238	954239	26	0.1012
chr1	954338	954339	32	0.0968
chr1	954405	954406	23	0.0905
chr1	954455	954456	31	0.2037
chr1	954547	954548	38	0.0
chr1	954575	954576	23	0.7744
chr1	954619	954620	30	0.8458
chr1	954645	954646	33	0.6496
chr1	954695	954696	23	0.6822
chr1	954710	954711	32	0.7335
chr1	954734	954735	38	0.7463
chr1	954784	954785	35	0.7607
chr1	954822	954823	33	0.7489
chr1	954870	954871	11	0.8957
chr1	954885	954886	35	0.7041
chr1	954907	954908	36	0.7389
chr1	954922	954923	26	0.5861
chr1	954957	954958	25	0.6885
chr1	955007	955008	27	0.698
chr1	955039	955040	26	0.6532
chr1	955071	955072	29	0.8299
chr1	955083	955084	34	0.7711
chr1	955152	955153	25	0.9174
chr1	955252	955253	28	0.7857
chr1	955352	955353	38	0.7825
chr1	955443	955444	28	0.7603
chr1	955538	955539	29	0.8514
chr1	955562	955563	28	0.7827
chr1	955570	955571	28	0.8126
chr1	955592	955593	35	0.182
chr1	955642	955643	21	0.2725
chr1	955662	955663	27	0.3169
chr1	955690	955691	31	0.3016
chr1	955740	955741	22	0.1873
chr1	955790	955791	40	0.4354
chr1	955818	955819	30	0.3567
chr1	955842	955843	33	0.1492
chr1	955892	955893	34	0.1904
chr1	955909	955910	35	0.1732
chr1	955943	955944	24	0.3684
chr1	955960	955961	20	0.2453
chr1	955975	955976	33	0.3754
chr1	956003	956004	38	0.4061
chr1	956018	956019	26	0.1353
chr1	956073	956074	21	0.3965
chr1	956173	956174	25	0.2889
chr1	956273	956274	23	0.206
chr1	956373	956374	26	0.153
chr1	956444	956445	34	0.2769
chr1	956520	956521	30	0.1624
chr1	956551	956552	27	0.1268
chr1	956570	956571	38	0.1846
chr1	956597	956598	26	0.1576
chr1	956612	956613	20	0.0907
chr1	956631	956632	27	0.253
chr1	956669	956670	31	0.2871
chr1	956713	956714	32	0.2329
chr1	956747	956748	23	0.0738
chr1	956784	956785	30	0.1316
chr1	956821	956822	15	0.1344
chr1	956852	956853	28	0.083
chr1	956885	956886	31	0.2474
chr1	956900	956901	30	0.1001
chr1	956929	956930	30	0.1226
chr1	956944	956945	19	0.189
chr1	956974	956975	33	0.4343
chr1	956995	956996	34	0.3788
chr1	957020	957021	34	0.1495
chr1	957041	957042	28	0.2022
chr1	957068	957069	30	0.1036
chr1	957168	957169	29	0.0656
chr1	957268	957269	33	0.2251
chr1	957359	957360	29	0.2083
chr1	957459	957460	32	0.1855
chr1	957559	957560	35	0.2536
chr1	957619	957620	30	0.0
chr1	957625	957626	23	0.5683
chr1	957670	957671	29	0.5944
chr1	957697	957698	24	0.5537
chr1	957713	957714	30	0.5218
chr1	957732	957733	29	0.5259
chr1	957782	957783	24	0.4161
chr1	957799	957800	24	0.345
chr1	957827	957828	27	0.4692
chr1	957852	957853	29	0.4046
chr1	957899	957900	31	0.4064
chr1	957915	957916	29	0.5745
chr1	957964	957965	30	0.5879
chr1	957988	957989	29	0.5613
chr1	958011	958012	21	0.4945
chr1	958039	958040	29	0.3545
chr1	958089	958090	25	0.4376
chr1	958097	958098	28	0.5866
chr1	958197	958198	39	0.3656
chr1	958284	958285	31	0.382
chr1	958384	958385	24	0.5082
chr1	958442	958443	24	0.4748
chr1	958542	958543	27	0.4989
chr1	958574	958575	28	0.0417
chr1	958606	958607	29	0.1676
chr1	958638	958639	33	0.0905
chr1	958670	958671	27	0.1642
chr1	958716	958717	32	0.044
chr1	958718	958719	33	0.1938
chr1	958746	958747	22	0.1199
chr1	958930	958931	32	0.1369
chr1	958952	958953	24	0.2398
chr1	958958	958959	35	0.1108
chr1	958991	958992	30	0.0833
chr1	959017	959018	37	0.0375
chr1	959038	959039	31	0.1371
chr1	959060	959061	23	0.0096
chr1	959102	959103	37	0.1656
chr1	959146	959147	33	0.0612
chr1	959164	959165	24	0.1757
chr1	959214	959215	32	0.1288
chr1	959264	959265	28	0.0398
chr1	959283	959284	25	0.0617
chr1	959320	959321	35	0.2292
chr1	959349	959350	29	0.1898
chr1	959372	959373	37	0.0
chr1	959387	959388	31	0.1886
chr1	959416	959417	23	0.1884
chr1	959456	959457	41	0.2496
chr1	959479	959480	36	0.1427
chr1	959498	959499	27	0.1801
chr1	959512	959513	32	0.1754
chr1	959610	959611	30	0.0958
chr1	959710	959711	27	0.2766
chr1	959782	959783	36	0.1514
chr1	959882	959883	29	0.1969
chr1	959982	959983	28	0.144
chr1	960022	960023	32	0.0854
chr1	960066	960067	29	0.214
chr1	960113	960114	36	0.0666
chr1	960141	960142	30	0.0491
chr1	960171	960172	34	0.2222
chr1	960219	960220	36	0.0678
chr1	960268	960269	30	0.2578
chr1	960305	960306	26	0.1491
chr1	960322	960323	30	0.0021
chr1	960352	960353	30	0.1929
chr1	960378	960379	35	0.284
chr1	960421	960422	20	0.0858
chr1	960455	960456	32	0.1099
chr1	960498	960499	35	0.0552
chr1	960515	960516	32	0.0788
chr1	960530	960531	27	0.167
chr1	960577	960578	40	0.2222
chr1	960592	960593	35	0.2467
chr1	960612	960613	27	0.156
chr1	960628	960629	31	0.1104
chr1	960700	960701	20	0.1281
chr1	960800	960801	36	0.1711
chr1	960850	960851	33	0.1184
chr1	960929	960930	30	0.0252
chr1	960988	960989	32	0.1143
chr1	961088	961089	30	0.1752
chr1	961120	961121	28	0.1433
chr1	961128	961129	36	0.0543
chr1	961173	961174	24	0.8096
chr1	961223	961224	37	0.619
chr1	961242	961243	30	0.7666
chr1	961287	961288	29	0.7707
chr1	961302	961303	31	0.8349
chr1	961322	961323	36	0.8047
chr1	961372	961373	21	0.738
chr1	961422	961423	33	0.6638
chr1	961442	961443	41	0.7653
chr1	961492	961493	33	0.7367
chr1	961533	961534	24	0.846
chr1	961572	961573	20	0.8193
chr1	961622	961623	28	0.722
chr1	961667	961668	32	0.6985
chr1	961685	961686	32	0.6192
chr1	961703	961704	32	0.7381
chr1	961753	961754	27	0.7499
chr1	961766	961767	26	0.8851
chr1	961824	961825	34	0.6434
chr1	961924	961925	32	0.8617
chr1	962003	962004	25	0.8931
chr1	962075	962076	30	0.6825
chr1	962175	962176	31	0.7237
chr1	962275	962276	24	0.8289
chr1	962330	962331	24	0.855
chr1	962354	962355	38	0.7935
chr1	962360	962361	34	0.9607
chr1	962385	962386	33	0.4061
chr1	962409	962410	27	0.4484
chr1	962433	962434	29	0.1874
chr1	962457	962458	29	0.3644
chr1	962480	962481	25	0.237
chr1	962513	962514	35	0.2603
chr1	962539	962540	35	0.2475
chr1	962585	962586	29	0.1922
chr1	962605	962606	31	0.301
chr1	962647	962648	31	0.253
chr1	962684	962685	37	0.3357
chr1	962705	962706	29	0.3311
chr1	962739	962740	34	0.3427
chr1	962774	962775	35	0.0702
chr1	962814	962815	28	0.2575
chr1	962833	962834	31	0.2511
chr1	962855	962856	32	0.2795
chr1	962907	962908	34	0.1512
chr1	963007	963008	34	0.2308
chr1	963107	963108	33	0.3493
chr1	963159	963160	26	0.2945
chr1	963209	963210	36	0.1903
chr1	963259	963260	32	0.3611
chr1	963337	963338	27	0.3211
chr1	963370	963371	26	0.5607
chr1	963387	963388	28	0.6248
chr1	963402	963403	30	0.7546
chr1	963436	963437	28	0.6151
chr1	963451	963452	34	0.7958
chr1	963487	963488	27	0.5432
chr1	963505	963506	24	0.6227
chr1	963528	963529	23	0.6482
chr1	963559	963560	26	0.7193
chr1	963609	963610	29	0.4229
chr1	963635	963636	30	0.5233
chr1	963685	963686	28	0.5104
chr1	963715	963716	27	0.7827
chr1	963730	963731	18	0.4773
chr1	963777	963778	14	0.5039
chr1	963825	963826	33	0.5032
chr1	963843	963844	32	0.8369
chr1	963892	963893	22	0.6018
chr1	963896	963897	20	0.5488
chr1	963996	963997	26	0.6287
chr1	964046	964047	32	0.8115
chr1	964146	964147	32	0.5776
chr1	964220	964221	31	0.7054
chr1	964295	964296	28	0.5318
chr1	964345	964346	33	0.7993
chr1	964438	964439	38	0.5829
chr1	964494	964495	33	0.6063
chr1	964503	964504	31	0.3778
chr1	964520	964521	34	0.2943
chr1	964570	964571	32	0.3815
chr1	964620	964621	25	0.2482
chr1	964670	964671	30	0.4422
chr1	964709	964710	30	0.3564
chr1	964755	964756	28	0.1535
chr1	964778	964779	36	0.3476
chr1	964812	964813	28	0.3412
chr1	964834	964835	21	0.3769
chr1	964864	964865	36	0.3936
chr1	964914	964915	21	0.2679
chr1	964951	964952	29	0.4168
chr1	964970	964971	30	0.4434
chr1	965020	965021	31	0.2911
chr1	965120	965121	22	0.2825
chr1	965220	965221	25	0.2936
chr1	965320	965321	36	0.283
chr1	965420	965421	28	0.3521
chr1	965426	965427	31	0.8335
chr1	965522	965523	29	0.6835
chr1	965584	965585	28	0.6964
chr1	965624	965625	31	0.5059
chr1	965644	965645	26	0.6047
chr1	965660	965661	32	0.4732
chr1	965856	965857	26	0.7748
chr1	965868	965869	27	0.647
chr1	965875	965876	31	0.3147
chr1	965925	965926	26	0.3326
chr1	965953	965954	33	0.3547
chr1	965976	965977	24	0.3134
chr1	966026	966027	29	0.294
chr1	966058	966059	30	0.2037
chr1	966082	966083	27	0.302
chr1	966126	966127	32	0.3189
chr1	966145	966146	31	0.2187
chr1	966177	966178	26	0.4794
chr1	966207	966208	28	0.318
chr1	966244	966245	34	0.3425
chr1	966275	966276	29	0.2703
chr1	966305	966306	29	0.2708
chr1	966355	966356	24	0.335
chr1	966375	966376	29	0.257
chr1	966469	966470	38	0.2688
chr1	966537	966538	37	0.1534
chr1	966637	966638	26	0.3874
chr1	966737	966738	31	0.2224
chr1	966805	966806	35	0.3364
chr1	966847	966848	27	0.1038
chr1	967009	967010	29	0.1084
chr1	967137	967138	30	0.0327
chr1	967141	967142	34	0.0705
chr1	967241	967242	27	0.0187
chr1	967248	967249	42	0.1786
chr1	967283	967284	24	0.2589
chr1	967298	967299	30	0.1263
chr1	967348	967349	32	0.2625
chr1	967368	967369	35	0.152
chr1	967390	967391	29	0.2039
chr1	967418	967419	41	0.1648
chr1	967446	967447	24	0.1523
chr1	967489	967490	22	0.1885
chr1	967523	967524	20	0.2448
chr1	967549	967550	30	0.2142
chr1	967599	967600	34	0.2091
chr1	967625	967626	38	0.3543
chr1	967643	967644	26	0.1626
chr1	967660	967661	39	0.1815
chr1	967689	967690	29	0.1974
chr1	967789	967790	23	0.271
chr1	967839	967840	22	0.2508
chr1	967891	967892	34	0.2055
chr1	967991	967992	30	0.2417
chr1	968091	968092	37	0.1832
chr1	968105	968106	32	0.0169
chr1	968175	968176	32	0.0
chr1	968267	968268	33	0.0815
chr1	968405	968406	29	0.0
chr1	968463	968464	33	0.0721
chr1	968507	968508	36	0.1083
chr1	968523	968524	30	0.2252
chr1	968549	968550	39	0.0
chr1	968591	968592	36	0.1485
chr1	968632	968633	25	0.6792
chr1	968655	968656	34	0.7968
chr1	968685	968686	32	0.7566
chr1	968720	968721	32	0.8475
chr1	968745	968746	27	0.8334
chr1	968792	968793	31	0.7813
chr1	968835	968836	31	0.7998
chr1	968854	968855	26	0.6829
chr1	968882	968883	29	0.8693
chr1	968899	968900	30	0.8088
chr1	968920	968921	35	0.8128
chr1	968970	968971	25	0.845
chr1	968985	968986	33	0.8482
chr1	969010	969011	35	0.7425
chr1	969034	969035	31	0.937
chr1	969049	969050	35	0.7778
chr1	969071	969072	38	0.6998
chr1	969121	969122	30	0.7883
chr1	969137	969138	24	0.8169
chr1	969170	969171	31	0.8638
chr1	969179	969180	26	0.7776
chr1	969279	969280	42	0.8209
chr1	969379	969380	31	0.7003
chr1	969472	969473	41	0.7746
chr1	969572	969573	35	0.9887
chr1	969622	969623	29	0.9249
chr1	969722	969723	36	0.9127
chr1	969744	969745	19	0.6783
chr1	969792	969793	27	0.8543
chr1	969799	969800	27	0.6161
chr1	969825	969826	35	0.5466
chr1	969844	969845	29	0.433
chr1	969882	969883	35	0.5449
chr1	969899	969900	37	0.5766
chr1	969936	969937	28	0.5236
chr1	969986	969987	29	0.7403
chr1	970033	970034	31	0.5717
chr1	970052	970053	29	0.5104
chr1	970079	970080	25	0.5251
chr1	970094	970095	27	0.4994
chr1	970126	970127	26	0.6599
chr1	970146	970147	28	0.7176
chr1	970194	970195	25	0.4797
chr1	970244	970245	31	0.7916
chr1	970285	970286	32	0.6162
chr1	970298	970299	33	0.6753
chr1	970356	970357	32	0.5914
chr1	970456	970457	35	0.6277
chr1	970556	970557	36	0.6277
chr1	970652	970653	33	0.6564
chr1	970703	970704	30	0.571
chr1	970778	970779	24	0.5692
chr1	970880	970881	34	0.9109
chr1	971090	971091	23	0.8858
chr1	971138	971139	30	0.8022
chr1	971140	971141	26	0.627
chr1	971242	971243	22	0.7085
chr1	971272	971273	29	0.468
chr1	971298	971299	37	0.6113
chr1	971319	971320	25	0.5823
chr1	971351	971352	28	0.5107
chr1	971401	971402	30	0.4499
chr1	971424	971425	31	0.5094
chr1	971439	971440	25	0.4562
chr1	971458	971459	30	0.6585
chr1	971498	971499	24	0.5224
chr1	971539	971540	26	0.586
chr1	971556	971557	37	0.5909
chr1	971595	971596	27	0.7318
chr1	971633	971634	32	0.5926
chr1	971663	971664	34	0.6075
chr1	971672	971673	28	0.5994
chr1	971772	971773	32	0.5684
chr1	971872	971873	25	0.5274
chr1	971946	971947	21	0.4933
chr1	972046	972047	35	0.5764
chr1	972084	972085	29	0.8632
chr1	972098	972099	37	0.5753
chr1	972137	972138	27	0.0961
chr1	972163	972164	29	0.094
chr1	972199	972200	30	0.0137
chr1	972249	972250	36	0.2942
chr1	972269	972270	30	0.1633
chr1	972302	972303	29	0.058
chr1	972327	972328	37	0.1019
chr1	972355	972356	30	0.1083
chr1	972370	972371	26	0.1061
chr1	972389	972390	24	0.1057
chr1	972414	972415	32	0.0739
chr1	972429	972430	34	0.0997
chr1	972444	972445	34	0.1009
chr1	972463	972464	28	0.0083
chr1	972491	972492	28	0.1651
chr1	972509	972510	27	0.137
chr1	972559	972560	30	0.0919
chr1	972577	972578	29	0.1624
chr1	972604	972605	26	0.0111
chr1	972611	972612	34	0.1264
chr1	972711	972712	33	0.1376
chr1	972789	972790	32	0.1394
chr1	972889	972890	29	0.1594
chr1	972989	972990	26	0.0
chr1	973049	973050	29	0.0052
chr1	973095	973096	33	0.0
chr1	973128	973129	40	0.6165
chr1	973178	973179	30	0.763
chr1	973223	973224	34	0.6093
chr1	973252	973253	35	0.6495
chr1	973270	973271	38	0.5762
chr1	973320	973321	20	0.634
chr1	973346	973347	29	0.8378
chr1	973384	973385	37	0.6964
chr1	973421	973422	33	0.6846
chr1	973471	973472	30	0.585
chr1	973496	973497	29	0.7242
chr1	973529	973530	34	0.5845
chr1	973579	973580	32	0.5526
chr1	973601	973602	25	0.5797
chr1	973624	973625	29	0.5598
chr1	973667	973668	33	0.6798
chr1	973717	973718	32	0.695
chr1	973817	973818	24	0.6848
chr1	973917	973918	25	0.7695
chr1	973978	973979	34	0.6099
chr1	974028	974029	29	0.7889
chr1	974128	974129	36	0.6698
chr1	974142	974143	32	0.9076
chr1	974176	974177	29	0.7153
chr1	974219	974220	33	0.6709
chr1	974244	974245	30	0.7525
chr1	974274	974275	32	0.6244
chr1	974306	974307	34	0.7971
chr1	974343	974344	34	0.6427
chr1	974370	974371	30	0.6431
chr1	974412	974413	27	0.6729
chr1	974434	974435	39	0.4982
chr1	974484	974485	40	0.8131
chr1	974517	974518	29	0.7539
chr1	974551	974552	31	0.8466
chr1	974586	974587	21	0.6824
chr1	974613	974614	27	0.6885
chr1	974640	974641	29	0.7647
chr1	974668	974669	29	0.7308
chr1	974694	974695	31	0.6821
chr1	974794	974795	21	0.7993
chr1	974886	974887	28	0.8768
chr1	974986	974987	41	0.8022
chr1	975039	975040	32	0.8756
chr1	975089	975090	26	0.8258
chr1	975189	975190	27	0.5311
chr1	975201	975202	35	0.763
chr1	975217	975218	28	0.0238
chr1	975267	975268	31	0.1472
chr1	975288	975289	31	0.1657
chr1	975325	975326	27	0.1888
chr1	975371	975372	39	0.1579
chr1	975387	975388	27	0.2599
chr1	975408	975409	30	0.2091
chr1	975430	975431	31	0.1715
chr1	975476	975477	31	0.1713
chr1	975491	975492	31	0.1724
chr1	975512	975513	40	0.1866
chr1	975553	975554	21	0.1116
chr1	975603	975604	34	0.2138
chr1	975634	975635	34	0.301
chr1	975655	975656	30	0.312
chr1	975685	975686	30	0.2187
chr1	975708	975709	35	0.0986
chr1	975717	975718	39	0.2259
chr1	975807	975808	30	0.1182
chr1	975907	975908	30	0.1835
chr1	976007	976008	36	0.1581
chr1	976073	976074	31	0.0706
chr1	976123	976124	30	0.0046
chr1	976205	976206	36	0.0815
chr1	976217	976218	32	0.1633
chr1	976261	976262	31	0.058
chr1	976296	976297	24	0.7453
chr1	976325	976326	29	0.0
chr1	976355	976356	31	0.8096
chr1	976376	976377	29	0.4362
chr1	976401	976402	28	0.4969
chr1	976451	976452	25	0.4584
chr1	976471	976472	33	0.1979
chr1	976510	976511	29	0.429
chr1	976560	976561	38	0.1139
chr1	976581	976582	18	0.5798
chr1	976631	976632	27	0.6016
chr1	976664	976665	26	0.2584
chr1	976681	976682	35	0.4491
chr1	976731	976732	23	0.4646
chr1	976753	976754	31	0.5805
chr1	976853	976854	32	0.6897
chr1	976953	976954	31	0.783
chr1	977053	977054	30	0.4801
chr1	977113	977114	31	0.6289
chr1	977195	977196	29	0.3003
chr1	977267	977268	34	0.6208
chr1	977306	977307	33	0.1471
chr1	977328	977329	28	0.2637
chr1	977348	977349	27	0.0814
chr1	977388	977389	23	0.1319
chr1	977425	977426	23	0.2079
chr1	977454	977455	27	0.1411
chr1	977469	977470	27	0.2162
chr1	977498	977499	33	0.2707
chr1	977538	977539	28	0.1728
chr1	977569	977570	26	0.2949
chr1	977619	977620	26	0.2826
chr1	977644	977645	27	0.3575
chr1	977692	977693	23	0.1696
chr1	977712	977713	29	0.2789
chr1	977727	977728	31	0.0892
chr1	977746	977747	31	0.2072
chr1	977786	977787	30	0.2469
chr1	977886	977887	31	0.2649
chr1	977986	977987	43	0.1225
chr1	978063	978064	28	0.1721
chr1	978163	978164	32	0.1797
chr1	978263	978264	21	0.1732
chr1	978311	978312	22	0.0
chr1	978325	978326	24	0.1896
chr1	978346	978347	23	0.7585
chr1	978371	978372	25	0.86
chr1	978413	978414	30	0.7609
chr1	978444	978445	31	0.7299
chr1	978459	978460	35	0.6426
chr1	978494	978495	26	0.9082
chr1	978509	978510	31	0.9115
chr1	978533	978534	26	0.7724
chr1	978576	978577	33	0.8557
chr1	978591	978592	29	0.7403
chr1	978607	978608	29	0.8031
chr1	978625	978626	24	0.9207
chr1	978653	978654	26	0.6128
chr1	978680	978681	28	0.8766
chr1	978701	978702	30	0.8523
chr1	978751	978752	40	0.6873
chr1	978791	978792	28	0.7327
chr1	978820	978821	29	0.7761
chr1	978839	978840	32	0.746
chr1	978864	978865	24	0.7998
chr1	978945	978946	25	0.8273
chr1	979045	979046	31	0.8052
chr1	979145	979146	27	0.8877
chr1	979245	979246	31	0.9362
chr1	979315	979316	25	0.8477
chr1	979355	979356	23	0.9323
chr1	979373	979374	36	0.6703
chr1	979423	979424	25	0.5405
chr1	979449	979450	28	0.8282
chr1	979471	979472	32	0.5576
chr1	979496	979497	29	0.6576
chr1	979546	979547	32	0.8614
chr1	979596	979597	32	0.7067
chr1	979646	979647	26	0.5162
chr1	979669	979670	27	0.5652
chr1	979719	979720	29	0.5881
chr1	979769	979770	35	0.5527
chr1	979794	979795	23	0.6963
chr1	979820	979821	33	0.4959
chr1	979867	979868	22	0.4717
chr1	979882	979883	31	0.6722
chr1	979905	979906	35	0.6806
chr1	979937	979938	31	0.55
chr1	980037	980038	18	0.6666
chr1	980137	980138	28	0.5807
chr1	980205	980206	33	0.5888
chr1	980305	980306	31	0.6708
chr1	980397	980398	34	0.6171
chr1	980399	980400	30	0.6272
chr1	980419	980420	36	0.6578
chr1	980435	980436	33	0.6847
chr1	980485	980486	26	0.4475
chr1	980508	980509	34	0.94
chr1	980528	980529	28	0.6765
chr1	980545	980546	31	0.5096
chr1	980595	980596	25	0.6586
chr1	980611	980612	25	0.8768
chr1	980634	980635	37	0.5981
chr1	980663	980664	29	0.715
chr1	980713	980714	35	0.8739
chr1	980738	980739	35	0.638
chr1	980755	980756	28	0.7636
chr1	980775	980776	30	0.6305
chr1	980801	980802	35	0.6167
chr1	980830	980831	29	0.503
chr1	980863	980864	26	1.0
chr1	980901	980902	33	0.8421
chr1	980938	980939	31	0.8321
chr1	980975	980976	26	0.6159
chr1	980977	980978	23	0.6617
chr1	981027	981028	23	0.4695
chr1	981127	981128	27	0.9543
chr1	981182	981183	39	0.56
chr1	981232	981233	35	0.3792
chr1	981293	981294	29	0.5128
chr1	981393	981394	38	0.8687
chr1	981443	981444	27	0.8633
chr1	981555	981556	25	0.8847
chr1	981601	981602	29	0.7261
chr1	981608	981609	28	0.4332
chr1	981634	981635	38	0.3527
chr1	981663	981664	31	0.4907
chr1	981689	981690	42	0.4139
chr1	981704	981705	29	0.5429
chr1	981747	981748	33	0.464
chr1	981774	981775	32	0.528
chr1	981817	981818	35	0.3424
chr1	981853	981854	26	0.5892
chr1	981890	981891	25	0.4584
chr1	981908	981909	24	0.5966
chr1	981943	981944	32	0.6148
chr1	981982	981983	34	0.677
chr1	982031	982032	36	0.5412
chr1	982046	982047	26	0.6479
chr1	982081	982082	27	0.4133
chr1	982181	982182	28	0.5429
chr1	982231	982232	28	0.6207
chr1	982331	982332	36	0.5691
chr1	982411	982412	36	0.3992
chr1	982511	982512	24	0.6535
chr1	982547	982548	30	0.9403
chr1	982591	982592	32	0.9095
chr1	982679	982680	32	0.8493
chr1	982711	982712	31	0.7764
chr1	982911	982912	40	0.7706
chr1	982933	982934	31	0.816
chr1	982955	982956	27	0.784
chr1	982977	982978	28	0.4985
chr1	982991	982992	30	0.1206
chr1	983015	983016	26	0.1634
chr1	983065	983066	25	0.1924
chr1	983080	983081	41	0.1849
chr1	983130	983131	22	0.2931
chr1	983199	983200	30	0.2427
chr1	983218	983219	35	0.0297
chr1	983254	983255	23	0.1062
chr1	983277	983278	26	0.1652
chr1	983298	983299	39	0.169
chr1	983340	983341	35	0.2381
chr1	983368	983369	33	0.2421
chr1	983406	983407	29	0.1008
chr1	983441	983442	26	0.1867
chr1	983478	983479	29	0.0315
chr1	983489	983490	31	0.1635
chr1	983589	983590	23	0.1231
chr1	983658	983659	29	0.2249
chr1	983743	983744	35	0.1802
chr1	983793	983794	28	0.13
chr1	983843	983844	24	0.0918
chr1	983893	983894	28	0.1147
chr1	983905	983906	26	0.1925
chr1	983981	983982	21	0.2265
chr1	983999	984000	24	0.5034
chr1	984049	984050	32	0.695
chr1	984090	984091	30	0.4398
chr1	984113	984114	26	0.4993
chr1	984128	984129	31	0.5405
chr1	984144	984145	30	0.5576
chr1	984161	984162	31	0.6349
chr1	984181	984182	22	0.5772
chr1	984198	984199	16	0.6823
chr1	984248	984249	36	0.6067
chr1	984271	984272	35	0.6637
chr1	984297	984298	26	0.6
chr1	984329	984330	31	0.5692
chr1	984357	984358	35	0.5336
chr1	984407	984408	25	0.6907
chr1	984440	984441	31	0.5758
chr1	984490	984491	31	0.7445
chr1	984502	984503	33	0.5866
chr1	984568	984569	27	0.6147
chr1	984668	984669	31	0.6366
chr1	984754	984755	41	0.6642
chr1	984846	984847	28	0.5718
chr1	984946	984947	21	0.5834
chr1	985004	985005	27	0.7439
chr1	985038	985039	32	0.7726
chr1	985070	985071	31	0.7694
chr1	985099	985100	33	0.7547
chr1	985119	985120	31	0.868
chr1	985136	985137	38	0.598
chr1	985164	985165	33	0.6797
chr1	985195	985196	31	0.6857
chr1	985224	985225	33	0.7077
chr1	985257	985258	40	0.709
chr1	985285	985286	25	0.8268
chr1	985312	985313	29	0.6971
chr1	985362	985363	34	0.7789
chr1	985383	985384	32	0.7768
chr1	985411	985412	24	0.8884
chr1	985429	985430	22	0.8105
chr1	985464	985465	29	0.7113
chr1	985486	985487	32	0.7603
chr1	985536	985537	24	0.7347
chr1	985552	985553	19	0.636
chr1	985568	985569	25	0.7958
chr1	985569	985570	24	0.5644
chr1	985630	985631	25	0.5793
chr1	985730	985731	25	0.6912
chr1	985821	985822	35	0.6779
chr1	985912	985913	34	0.817
chr1	986012	986013	35	0.6053
chr1	986063	986064	21	0.7365
chr1	986145	986146	37	0.7589
chr1	986184	986185	29	0.3612
chr1	986216	986217	37	0.0645
chr1	986236	986237	36	0.173
chr1	986271	986272	26	0.2449
chr1	986292	986293	21	0.1056
chr1	986339	986340	30	0.2327
chr1	986378	986379	27	0.1005
chr1	986428	986429	41	0.1874
chr1	986454	986455	42	0.121
chr1	986469	986470	25	0.2706
chr1	986484	986485	31	0.1587
chr1	986534	986535	22	0.0466
chr1	986559	986560	23	0.271
chr1	986609	986610	24	0.2053
chr1	986641	986642	27	0.2475
chr1	986691	986692	46	0.1313
chr1	986724	986725	38	0.1805
chr1	986824	986825	30	0.0679
chr1	986874	986875	29	0.1489
chr1	986943	986944	27	0.2948
chr1	987043	987044	31	0.1673
chr1	987106	987107	28	0.1339
chr1	987206	987207	20	0.1539
chr1	987266	987267	22	0.0634
chr1	987273	987274	34	0.2114
chr1	987305	987306	28	0.2187
chr1	987321	987322	26	0.0956
chr1	987343	987344	23	0.3328
chr1	987393	987394	27	0.3283
chr1	987426	987427	31	0.4068
chr1	987456	987457	39	0.409
chr1	987487	987488	25	0.4773
chr1	987520	987521	29	0.556
chr1	987558	987559	26	0.2069
chr1	987574	987575	24	0.4514
chr1	987600	987601	34	0.3742
chr1	987650	987651	20	0.2471
chr1	987674	987675	21	0.3711
chr1	987698	987699	25	0.0996
chr1	987737	987738	30	0.0674
chr1	987776	987777	18	0.1848
chr1	987826	987827	23	0.2067
chr1	987920	987921	30	0.2906
chr1	988020	988021	25	0.2794
chr1	988120	988121	32	0.2406
chr1	988191	988192	28	0.2532
chr1	988241	988242	28	0.0879
chr1	988283	988284	35	0.1287
chr1	988313	988314	26	0.3368
chr1	988383	988384	30	0.0614
chr1	988391	988392	34	0.1895
chr1	988397	988398	25	0.2167
chr1	988453	988454	28	0.1996
chr1	988493	988494	27	0.0394
chr1	988499	988500	26	0.5365
chr1	988514	988515	38	0.4964
chr1	988550	988551	29	0.3842
chr1	988578	988579	29	0.5906
chr1	988616	988617	24	0.5392
chr1	988643	988644	31	0.3227
chr1	988669	988670	28	0.4826
chr1	988690	988691	32	0.6256
chr1	988721	988722	25	0.5429
chr1	988771	988772	31	0.3734
chr1	988802	988803	26	0.4722
chr1	988823	988824	34	0.5275
chr1	988843	988844	33	0.3883
chr1	988863	988864	30	0.5063
chr1	988901	988902	31	0.6567
chr1	988948	988949	31	0.4968
chr1	988975	988976	19	0.3084
chr1	988986	988987	21	0.3062
chr1	989086	989087	37	0.5182
chr1	989183	989184	33	0.5409
chr1	989283	989284	37	0.4548
chr1	989383	989384	27	0.519
chr1	989417	989418	37	0.6442
chr1	989447	989448	30	0.7467
chr1	989595	989596	28	0.644
chr1	989617	989618	21	0.7265
chr1	989669	989670	26	0.7075
chr1	989685	989686	31	0.7883
chr1	989745	989746	31	0.6383
chr1	989793	989794	26	0.6786
chr1	989841	989842	26	0.7536
chr1	989851	989852	24	0.7376
chr1	989891	989892	35	0.9066
chr1	989917	989918	29	0.9059
chr1	989942	989943	26	0.9514
chr1	989977	989978	32	0.9364
chr1	990019	990020	25	0.8017
chr1	990047	990048	29	0.8564
chr1	990071	990072	29	0.8431
chr1	990121	990122	30	0.9236
chr1	990137	990138	28	0.841
chr1	990187	990188	34	0.8213
chr1	990205	990206	28	1.0
chr1	990230	990231	27	0.9253
chr1	990250	990251	41	0.9239
chr1	990299	990300	34	0.8456
chr1	990349	990350	35	0.9113
chr1	990386	990387	31	0.8986
chr1	990410	990411	24	0.8318
chr1	990421	990422	26	0.8691
chr1	990521	990522	24	0.7489
chr1	990597	990598	32	0.8733
chr1	990684	990685	31	0.8525
chr1	990784	990785	25	0.983
chr1	990884	990885	26	0.8739
chr1	990914	990915	36	0.8383
chr1	990928	990929	38	0.9336
chr1	990933	990934	34	0.6374
chr1	990949	990950	27	0.4084
chr1	990977	990978	28	0.3864
chr1	990992	990993	33	0.5358
chr1	991028	991029	33	0.6481
chr1	991063	991064	27	0.5923
chr1	991078	991079	24	0.6428
chr1	991128	991129	35	0.6573
chr1	991178	991179	30	0.6166
chr1	991212	991213	23	0.6144
chr1	991227	991228	32	0.5964
chr1	991247	991248	31	0.6647
chr1	991286	991287	32	0.5757
chr1	991306	991307	23	0.7351
chr1	991330	991331	39	0.633
chr1	991377	991378	26	0.5338
chr1	991383	991384	33	0.6569
chr1	991476	991477	32	0.5491
chr1	991526	991527	30	0.6648
chr1	991626	991627	31	0.4522
chr1	991726	991727	32	0.6073
chr1	991787	991788	25	0.4436
chr1	991843	991844	27	0.911
chr1	991859	991860	25	0.9805
chr1	991917	991918	31	0.7078
chr1	991953	991954	33	0.7971
chr1	992069	992070	31	0.7808
chr1	992093	992094	34	0.7188
chr1	992151	992152	38	0.8088
chr1	992243	992244	29	0.9287
chr1	992275	992276	31	0.7245
chr1	992290	992291	31	0.5619
chr1	992305	992306	21	0.5235
chr1	992320	992321	22	0.8058
chr1	992335	992336	31	0.7799
chr1	992351	992352	38	0.6922
chr1	992377	992378	40	0.673
chr1	992409	992410	34	0.6631
chr1	992448	992449	32	0.6751
chr1	992468	992469	27	0.8102
chr1	992500	992501	40	0.5231
chr1	992523	992524	40	0.8057
chr1	992545	992546	26	0.7381
chr1	992581	992582	35	0.787
chr1	992631	992632	22	0.7202
chr1	992681	992682	28	0.7525
chr1	992731	992732	36	0.778
chr1	992760	992761	23	0.7401
chr1	992764	992765	27	0.7683
chr1	992864	992865	39	0.7499
chr1	992929	992930	35	0.7298
chr1	993029	993030	28	0.6533
chr1	993129	993130	18	0.7008
chr1	993187	993188	31	0.6067
chr1	993199	993200	32	0.8084
chr1	993231	993232	30	0.8077
chr1	993281	993282	31	0.816
chr1	993306	993307	29	0.7893
chr1	993341	993342	24	0.8522
chr1	993382	993383	28	0.8662
chr1	993432	993433	32	0.7772
chr1	993454	993455	23	0.8204
chr1	993504	993505	34	0.9219
chr1	993539	993540	31	0.8724
chr1	993583	993584	37	0.9122
chr1	993599	993600	36	0.8089
chr1	993627	993628	20	0.891
chr1	993677	993678	26	0.8121
chr1	993692	993693	32	0.8855
chr1	993713	993714	30	0.8507
chr1	993729	993730	33	0.9682
chr1	993829	993830	30	0.7144
chr1	993929	993930	30	0.8946
chr1	994029	994030	35	0.8432
chr1	994129	994130	34	0.8639
chr1	994200	994201	34	0.9649
chr1	994204	994205	24	0.9355
chr1	994254	994255	34	0.8351
chr1	994264	994265	32	0.8372
chr1	994303	994304	29	0.7684
chr1	994325	994326	34	0.7873
chr1	994355	994356	36	0.8152
chr1	994378	994379	29	0.9186
chr1	994405	994406	33	0.992
chr1	994450	994451	29	0.7353
chr1	994500	994501	29	0.6797
chr1	994525	994526	33	0.5878
chr1	994554	994555	33	0.5309
chr1	994569	994570	29	0.5916
chr1	994601	994602	23	0.7612
chr1	994632	994633	29	0.7803
chr1	994651	994652	33	0.6738
chr1	994666	994667	33	0.5772
chr1	994707	994708	27	0.6303
chr1	994722	994723	25	0.8943
chr1	994762	994763	32	0.8917
chr1	994780	994781	22	0.8408
chr1	994792	994793	21	0.8781
chr1	994892	994893	42	0.8096
chr1	994992	994993	30	0.8566
chr1	995092	995093	25	0.905
chr1	995192	995193	30	0.8859
chr1	995292	995293	25	0.9591
chr1	995302	995303	25	0.9387
chr1	995370	995371	34	0.9669
chr1	995564	995565	26	0.8667
chr1	995592	995593	40	0.8385
chr1	995608	995609	31	0.8708
chr1	995630	995631	29	0.723
chr1	995668	995669	24	0.9638
chr1	995744	995745	27	0.9776
chr1	995750	995751	37	0.8457
chr1	995778	995779	33	0.8996
chr1	995807	995808	25	0.9014
chr1	995838	995839	30	0.6568
chr1	995875	995876	41	0.8498
chr1	995890	995891	32	0.9006
chr1	995920	995921	31	0.7779
chr1	995936	995937	31	0.762
chr1	995957	995958	26	0.9029
chr1	995973	995974	33	0.7644
chr1	996019	996020	35	0.8688
chr1	996069	996070	32	0.8234
chr1	996119	996120	30	0.8053
chr1	996169	996170	34	0.9489
chr1	996205	996206	31	0.8295
chr1	996305	996306	25	1.0
chr1	996355	996356	36	0.8573
chr1	996455	996456	41	0.8406
chr1	996548	996549	21	0.914
chr1	996609	996610	32	0.862
chr1	996695	996696	25	0.9277
chr1	996701	996702	28	0.6292
chr1	996743	996744	28	0.6337
chr1	996759	996760	30	0.5907
chr1	996806	996807	31	0.5423
chr1	996838	996839	22	0.651
chr1	996867	996868	29	0.531
chr1	996897	996898	23	0.6488
chr1	996936	996937	23	0.5407
chr1	996957	996958	30	0.5468
chr1	996988	996989	25	0.5778
chr1	997017	997018	26	0.4229
chr1	997055	997056	35	0.6388
chr1	997076	997077	26	0.7324
chr1	997107	997108	29	0.7477
chr1	997141	997142	33	0.671
chr1	997191	997192	27	0.455
chr1	997192	997193	29	0.4305
chr1	997242	997243	24	0.6508
chr1	997342	997343	30	0.5164
chr1	997392	997393	28	0.5934
chr1	997492	997493	24	0.578
chr1	997592	997593	35	0.5232
chr1	997606	997607	20	0.9045
chr1	997702	997703	24	0.783
chr1	997736	997737	30	0.7102
chr1	997756	997757	34	0.7658
chr1	997912	997913	35	0.7973
chr1	998052	998053	31	0.7658
chr1	998077	998078	25	0.1106
chr1	998122	998123	34	0.2582
chr1	998147	998148	29	0.0332
chr1	998190	998191	32	0.2109
chr1	998219	998220	28	0.0889
chr1	998267	998268	35	0.066
chr1	998305	998306	27	0.0752
chr1	998321	998322	19	0.1092
chr1	998343	998344	33	0.2225
chr1	998376	998377	32	0.2812
chr1	998396	998397	30	0.0517
chr1	998423	998424	31	0.3441
chr1	998448	998449	29	0.1109
chr1	998475	998476	29	0.114
chr1	998494	998495	25	0.286
chr1	998531	998532	36	0.0698
chr1	998581	998582	29	0.1891
chr1	998598	998599	30	0.1054
chr1	998685	998686	26	0.2477
chr1	998754	998755	33	0.261
chr1	998854	998855	23	0.0622
chr1	998940	998941	37	0.1773
chr1	999040	999041	37	0.0887
chr1	999050	999051	28	0.1998
chr1	999059	999060	33	0.3887
chr1	999078	999079	21	0.309
chr1	999114	999115	28	0.2041
chr1	999135	999136	34	0.4072
chr1	999158	999159	28	0.2906
chr1	999201	999202	24	0.2341
chr1	999229	999230	29	0.4122
chr1	999244	999245	38	0.3581
chr1	999294	999295	33	0.2379
chr1	999309	999310	32	0.2749
chr1	999348	999349	23	0.3905
chr1	999383	999384	32	0.3061
chr1	999433	999434	33	0.4957
chr1	999460	999461	36	0.3763
chr1	999498	999499	27	0.276
chr1	999513	999514	25	0.4193
chr1	999537	999538	27	0.4631
chr1	999550	999551	20	0.2679
chr1	999650	999651	31	0.2527
chr1	999725	999726	42	0.3211
chr1	999778	999779	31	0.3173
chr1	999877	999878	21	0.3788
chr1	999977	999978	30	0.4189
chr1	999983	999984	28	0.0238
chr1	1000057	1000058	34	0.0
chr1	1000067	1000068	31	0.2772
chr1	1000113	1000114	29	0.316
chr1	1000121	1000122	29	0.1116
chr1	1000247	1000248	25	0.0695
chr1	1000327	1000328	25	0.1832
chr1	1000360	1000361	36	0.4112
chr1	1000388	1000389	31	0.4254
chr1	1000426	1000427	34	0.3919
chr1	1000470	1000471	24	0.2478
chr1	1000512	1000513	26	0.2136
chr1	1000537	1000538	28	0.4734
chr1	1000567	1000568	35	0.3196
chr1	1000595	1000596	36	0.3433
chr1	1000617	1000618	23	0.4319
chr1	1000643	1000644	36	0.4081
chr1	1000661	1000662	26	0.2534
chr1	1000685	1000686	32	0.3463
chr1	1000726	1000727	34	0.3002
chr1	1000771	1000772	29	0.4222
chr1	1000810	1000811	37	0.325
chr1	1000857	1000858	37	0.2774
chr1	1000878	1000879	25	0.2054
chr1	1000884	1000885	32	0.5009
chr1	1000984	1000985	25	0.3315
chr1	1001034	1001035	32	0.3031
chr1	1001084	1001085	29	0.3423
chr1	1001184	1001185	30	0.3816
chr1	1001284	1001285	11	0.4411
chr1	1001384	1001385	35	0.2955
chr1	1001410	1001411	26	0.3532
chr1	1001412	1001413	33	0.2731
chr1	1001422	1001423	29	0.4593
chr1	1001461	1001462	28	0.3458
chr1	1001476	1001477	30	0.3245
chr1	1001503	1001504	32	0.3838
chr1	1001518	1001519	32	0.5324
chr1	1001533	1001534	28	0.1485
chr1	1001549	1001550	35	0.333
chr1	1001590	1001591	30	0.5472
chr1	1001614	1001615	31	0.5502
chr1	1001636	1001637	20	0.3759
chr1	1001654	1001655	28	0.44
chr1	1001695	1001696	33	0.6595
chr1	1001722	1001723	24	0.4757
chr1	1001760	1001761	30	0.4236
chr1	1001775	1001776	40	0.2968
chr1	1001825	1001826	30	0.3793
chr1	1001849	1001850	26	0.3428
chr1	1001875	1001876	29	0.4472
chr1	1001899	1001900	35	0.3203
chr1	1001922	1001923	28	0.3707
chr1	1002022	1002023	35	0.5073
chr1	1002122	1002123	20	0.3748
chr1	1002222	1002223	33	0.4071
chr1	1002295	1002296	23	0.4314
chr1	1002395	1002396	31	0.3209
chr1	1002507	1002508	19	0.7184
chr1	1002509	1002510	25	0.6406
chr1	1002577	1002578	32	0.6042
chr1	1002611	1002612	26	0.5613
chr1	1002637	1002638	34	0.8194
chr1	1002663	1002664	31	0.5344
chr1	1002667	1002668	30	0.6106
chr1	1002775	1002776	30	0.6563
chr1	1002853	1002854	33	0.7022
chr1	1002863	1002864	35	0.6838
chr1	1002889	1002890	35	0.6904
chr1	1002921	1002922	28	0.696
chr1	1002949	1002950	29	0.8548
chr1	1002964	1002965	34	0.7261
chr1	1003009	1003010	30	0.6516
chr1	1003040	1003041	30	0.6921
chr1	1003064	1003065	26	0.769
chr1	1003093	1003094	27	0.5486
chr1	1003141	1003142	30	0.6081
chr1	1003164	1003165	31	0.7734
chr1	1003214	1003215	30	0.7314
chr1	1003235	1003236	36	0.6852
chr1	1003285	1003286	32	0.7366
chr1	1003335	1003336	30	0.7364
chr1	1003353	1003354	31	0.8232
chr1	1003357	1003358	31	0.7326
chr1	1003457	1003458	32	0.7814
chr1	1003557	1003558	26	0.7521
chr1	1003657	1003658	32	0.7049
chr1	1003740	1003741	37	0.849
chr1	1003826	1003827	31	0.8903
chr1	1003834	1003835	37	0.5795
chr1	1003866	1003867	29	0.5396
chr1	1003888	1003889	29	0.4954
chr1	1003920	1003921	26	0.5539
chr1	1003940	1003941	29	0.6568
chr1	1003990	1003991	30	0.6754
chr1	1004040	1004041	38	0.5089
chr1	1004090	1004091	36	0.5384
chr1	1004130	1004131	34	0.4912
chr1	1004176	1004177	24	0.5202
chr1	1004226	1004227	34	0.7033
chr1	1004255	1004256	27	0.6149
chr1	1004281	1004282	29	0.644
chr1	1004381	1004382	34	0.6121
chr1	1004436	1004437	41	0.5261
chr1	1004536	1004537	33	0.4844
chr1	1004636	1004637	24	0.574
chr1	1004770	1004771	31	0.8672
chr1	1004840	1004841	30	0.886
chr1	1004884	1004885	25	0.5947
chr1	1004904	1004905	37	0.6864
chr1	1004928	1004929	37	0.9073
chr1	1004986	1004987	31	0.7997
chr1	1005032	1005033	23	0.8891
chr1	1005040	1005041	27	0.7719
chr1	1005046	1005047	25	0.3705
chr1	1005093	1005094	30	0.2971
chr1	1005113	1005114	34	0.4053
chr1	1005142	1005143	48	0.3649
chr1	1005192	1005193	27	0.4504
chr1	1005242	1005243	33	0.3922
chr1	1005279	1005280	27	0.3104
chr1	1005329	1005330	35	0.3758
chr1	1005364	1005365	32	0.3314
chr1	1005414	1005415	37	0.3775
chr1	1005463	1005464	29	0.3074
chr1	1005497	1005498	30	0.3732
chr1	1005528	1005529	31	0.416
chr1	1005591	1005592	25	0.4167
chr1	1005691	1005692	32	0.2881
chr1	1005791	1005792	25	0.2945
chr1	1005841	1005842	35	0.2148
chr1	1005941	1005942	27	0.2676
chr1	1006041	1006042	41	0.2623
chr1	1006055	1006056	20	0.218
chr1	1006071	1006072	40	0.0493
chr1	1006087	1006088	37	0.1307
chr1	1006123	1006124	35	0.2891
chr1	1006329	1006330	22	0.3328
chr1	1006419	1006420	33	0.0203
chr1	1006459	1006460	29	0.8294
chr1	1006508	1006509	28	0.9695
chr1	1006523	1006524	21	0.883
chr1	1006559	1006560	32	0.9504
chr1	1006605	1006606	34	0.73
chr1	1006638	1006639	36	0.8619
chr1	1006675	1006676	31	0.8882
chr1	1006712	1006713	26	0.9099
chr1	1006748	1006749	27	0.6887
chr1	1006773	1006774	32	0.7617
chr1	1006820	1006821	27	0.8799
chr1	1006852	1006853	30	0.644
chr1	1006870	1006871	44	0.6554
chr1	1006907	1006908	29	0.8546
chr1	1006932	1006933	34	0.5234
chr1	1006964	1006965	28	0.7809
chr1	1006982	1006983	36	0.627
chr1	1007007	1007008	22	0.7675
chr1	1007034	1007035	34	0.7143
chr1	1007134	1007135	26	0.6786
chr1	1007220	1007221	30	0.7283
chr1	1007291	1007292	32	0.8597
chr1	1007341	1007342	36	0.6577
chr1	1007441	1007442	34	0.8071
chr1	1007514	1007515	25	0.9355
chr1	1007524	1007525	29	0.8937
chr1	1007578	1007579	32	0.8719
chr1	1007594	1007595	30	0.6866
chr1	1007615	1007616	24	0.6466
chr1	1007649	1007650	27	0.7451
chr1	1007694	1007695	31	0.7379
chr1	1007709	1007710	42	0.6852
chr1	1007759	1007760	31	0.6943
chr1	1007791	1007792	27	0.7761
chr1	1007827	1007828	28	0.6717
chr1	1007852	1007853	24	0.7545
chr1	1007874	1007875	35	0.8172
chr1	1007889	1007890	37	0.5883
chr1	1007921	1007922	33	0.8233
chr1	1007956	1007957	34	0.7659
chr1	1007984	1007985	31	0.7702
chr1	1008005	1008006	38	0.7566
chr1	1008023	1008024	16	0.6873
chr1	1008032	1008033	33	0.7981
chr1	1008129	1008130	33	0.7461
chr1	1008209	1008210	33	0.8201
chr1	1008309	1008310	16	0.6655
chr1	1008359	1008360	30	0.5917
chr1	1008459	1008460	23	0.893
chr1	1008539	1008540	33	0.9532
chr1	1008545	1008546	32	0.7822
chr1	1008595	1008596	26	0.9016
chr1	1008645	1008646	22	0.7806
chr1	1008695	1008696	37	0.7878
chr1	1008741	1008742	26	0.8224
chr1	1008763	1008764	27	0.7359
chr1	1008791	1008792	35	0.7916
chr1	1008807	1008808	33	0.8394
chr1	1008829	1008830	24	0.8388
chr1	1008869	1008870	27	0.6758
chr1	1008895	1008896	35	0.8379
chr1	1008931	1008932	28	0.673
chr1	1008970	1008971	33	0.731
chr1	1009020	1009021	33	0.7049
chr1	1009029	1009030	33	0.8408
chr1	1009129	1009130	19	0.746
chr1	1009222	1009223	22	0.7492
chr1	1009322	1009323	23	0.6875
chr1	1009422	1009423	17	0.7894
chr1	1009472	1009473	25	0.7374
chr1	1009484	1009485	34	0.9131
chr1	1009516	1009517	35	0.7483
chr1	1009545	1009546	27	0.8143
chr1	1009573	1009574	35	0.7183
chr1	1009611	1009612	33	0.6507
chr1	1009643	1009644	23	0.8751
chr1	1009663	1009664	35	0.7485
chr1	1009707	1009708	25	0.8665
chr1	1009722	1009723	23	0.8697
chr1	1009750	1009751	30	0.7937
chr1	1009770	1009771	27	0.8005
chr1	1009793	1009794	31	0.8046
chr1	1009822	1009823	24	0.8188
chr1	1009838	1009839	23	0.8337
chr1	1009888	1009889	24	0.8521
chr1	1009938	1009939	36	0.732
chr1	1009980	1009981	27	0.7967
chr1	1009982	1009983	29	0.7839
chr1	1010082	1010083	22	0.8369
chr1	1010176	1010177	25	0.8655
chr1	1010236	1010237	36	0.912
chr1	1010336	1010337	30	0.8239
chr1	1010436	1010437	34	0.7034
chr1	1010498	1010499	30	0.9072
chr1	1010532	1010533	35	0.0556
chr1	1010554	1010555	32	0.0973
chr1	1010604	1010605	26	0.2023
chr1	1010619	1010620	32	0.0
chr1	1010634	1010635	31	0.1088
chr1	1010661	1010662	30	0.0931
chr1	1010678	1010679	44	0.1101
chr1	1010728	1010729	24	0.0974
chr1	1010770	1010771	27	0.0408
chr1	1010804	1010805	29	0.1551
chr1	1010819	1010820	24	0.1579
chr1	1010841	1010842	28	0.0441
chr1	1010873	1010874	33	0.1734
chr1	1010923	1010924	30	0.1103
chr1	1010965	1010966	24	0.1814
chr1	1010998	1010999	20	0.0815
chr1	1011005	1011006	27	0.1469
chr1	1011105	1011106	35	0.2094
chr1	1011205	1011206	23	0.0844
chr1	1011255	1011256	33	0.0396
chr1	1011334	1011335	34	0.2106
chr1	1011407	1011408	32	0.1506
chr1	1011467	1011468	32	0.1582
chr1	1011503	1011504	24	0.0646
chr1	1011512	1011513	27	0.5751
chr1	1011530	1011531	32	0.7075
chr1	1011575	1011576	26	0.6347
chr1	1011590	1011591	25	0.6823
chr1	1011605	1011606	29	0.6319
chr1	1011622	1011623	32	0.5315
chr1	1011662	1011663	34	0.713
chr1	1011711	1011712	31	0.7203
chr1	1011754	1011755	29	0.4519
chr1	1011772	1011773	19	0.6591
chr1	1011822	1011823	37	0.6219
chr1	1011856	1011857	30	0.603
chr1	1011898	1011899	28	0.6623
chr1	1011913	1011914	33	0.5392
chr1	1011939	1011940	33	0.6297
chr1	1011968	1011969	28	0.6897
chr1	1012068	1012069	21	0.6493
chr1	1012168	1012169	30	0.6306
chr1	1012251	1012252	33	0.6928
chr1	1012310	1012311	25	0.615
chr1	1012410	1012411	33	0.7721
chr1	1012586	1012587	25	0.8265
chr1	1012662	1012663	32	0.6963
chr1	1012676	1012677	31	0.9569
chr1	1012686	1012687	27	0.8974
chr1	1012732	1012733	34	1.0
chr1	1012760	1012761	25	0.8422
chr1	1012774	1012775	34	0.7071
chr1	1012792	1012793	31	0.6794
chr1	1012794	1012795	34	0.8965
chr1	1013849	1013850	37	0.6061
chr1	1013871	1013872	28	0.6582
chr1	1013911	1013912	26	0.5977
chr1	1013933	1013934	27	0.5009
chr1	1013957	1013958	30	0.7184
chr1	1013992	1013993	22	0.6946
chr1	1014025	1014026	31	0.7401
chr1	1014057	1014058	21	0.679
chr1	1014080	1014081	29	0.6626
chr1	1014101	1014102	34	0.7572
chr1	1014123	1014124	30	0.6042
chr1	1014142	1014143	34	0.5674
chr1	1014164	1014165	21	0.7112
chr1	1014208	1014209	31	0.5836
chr1	1014232	1014233	30	0.6045
chr1	1014247	1014248	22	0.7875
chr1	1014293	1014294	30	0.6293
chr1	1014322	1014323	40	0.7236
chr1	1014341	1014342	31	0.5533
chr1	1014356	1014357	29	0.4868
chr1	1014393	1014394	24	0.7148
chr1	1014405	1014406	30	0.5957
chr1	1014505	1014506	38	0.6036
chr1	1014594	1014595	34	0.7217
chr1	1014694	1014695	32	0.6753
chr1	1014785	1014786	27	0.6034
chr1	1014884	1014885	32	0.8041
chr1	1014937	1014938	30	0.6268
chr1	1015031	1015032	24	0.6434
chr1	1015074	1015075	27	0.735
chr1	1015100	1015101	38	0.8243
chr1	1015122	1015123	29	0.5457
chr1	1015154	1015155	27	0.6317
chr1	1015169	1015170	34	0.6648
chr1	1015207	1015208	32	0.7747
chr1	1015233	1015234	26	0.8346
chr1	1015281	1015282	37	0.5614
chr1	1015303	1015304	32	0.7567
chr1	1015324	1015325	33	0.742
chr1	1015346	1015347	31	0.8025
chr1	1015396	1015397	33	0.6672
chr1	1015427	1015428	29	0.5406
chr1	1015477	1015478	34	0.7229
chr1	1015503	1015504	41	0.6935
chr1	1015516	1015517	29	0.8518
chr1	1015573	1015574	31	0.8573
chr1	1015636	1015637	41	0.5983
chr1	1015718	1015719	29	0.7332
chr1	1015768	1015769	27	0.6578
chr1	1015826	1015827	27	0.577
chr1	1015903	1015904	30	0.863
chr1	1015959	1015960	32	0.9626
chr1	1015999	1016000	34	0.7444
chr1	1016041	1016042	31	0.6815
chr1	1016075	1016076	21	0.716
chr1	1016125	1016126	28	0.6022
chr1	1016168	1016169	38	0.8395
chr1	1016201	1016202	25	0.6822
chr1	1016251	1016252	37	0.6903
chr1	1016269	1016270	33	0.6158
chr1	1016308	1016309	25	0.8658
chr1	1016358	1016359	34	0.8173
chr1	1016373	1016374	36	0.9201
chr1	1016421	1016422	28	0.7374
chr1	1016445	1016446	32	0.7772
chr1	1016473	1016474	24	0.7494
chr1	1016505	1016506	35	0.6739
chr1	1016531	1016532	26	0.856
chr1	1016599	1016600	35	0.7534
chr1	1016665	1016666	28	0.7764
chr1	1016765	1016766	34	0.8083
chr1	1016848	1016849	38	0.8118
chr1	1016948	1016949	22	0.7665
chr1	1017046	1017047	28	0.6864
chr1	1017052	1017053	26	0.6821
chr1	1017056	1017057	26	0.7364
chr1	1017062	1017063	27	0.1276
chr1	1017112	1017113	24	0.0145
chr1	1017127	1017128	26	0.1281
chr1	1017161	1017162	29	0.2359
chr1	1017198	1017199	32	0.1507
chr1	1017218	1017219	23	0.2199
chr1	1017241	1017242	26	0.4435
chr1	1017291	1017292	30	0.3309
chr1	1017331	1017332	26	0.2601
chr1	1017349	1017350	33	0.2864
chr1	1017366	1017367	32	0.3721
chr1	1017390	1017391	34	0.2949
chr1	1017410	1017411	29	0.4814
chr1	1017443	1017444	33	0.443
chr1	1017485	1017486	28	0.2376
chr1	1017526	1017527	29	0.1534
chr1	1017561	1017562	28	0.1633
chr1	1017661	1017662	31	0.2863
chr1	1017745	1017746	28	0.2351
chr1	1017812	1017813	29	0.1716
chr1	1017880	1017881	26	0.186
chr1	1017930	1017931	33	0.0871
chr1	1017988	1017989	34	0.1371
chr1	1018038	1018039	35	0.1825
chr1	1018056	1018057	34	0.0518
chr1	1018254	1018255	28	0.0339
chr1	1018390	1018391	22	0.1201
chr1	1018404	1018405	30	0.1141
chr1	1018410	1018411	27	0.2317
chr1	1018478	1018479	30	0.1593
chr1	1018494	1018495	33	0.1959
chr1	1018519	1018520	26	0.785
chr1	1018546	1018547	27	0.6078
chr1	1018568	1018569	21	0.5206
chr1	1018618	1018619	32	0.5879
chr1	1018648	1018649	25	0.7763
chr1	1018665	1018666	31	0.6756
chr1	1018680	1018681	33	0.6267
chr1	1018730	1018731	38	0.5267
chr1	1018747	1018748	28	0.6844
chr1	1018762	1018763	23	0.6586
chr1	1018789	1018790	24	0.7727
chr1	1018832	1018833	27	0.5364
chr1	1018856	1018857	29	0.5007
chr1	1018878	1018879	29	0.4221
chr1	1018897	1018898	24	0.4433
chr1	1018947	1018948	33	0.4588
chr1	1018962	1018963	34	0.6321
chr1	1019008	1019009	28	0.6817
chr1	1019062	1019063	27	0.6773
chr1	1019133	1019134	29	0.6141
chr1	1019233	1019234	27	0.5831
chr1	1019283	1019284	33	0.6194
chr1	1019333	1019334	30	0.4761
chr1	1019401	1019402	24	0.6046
chr1	1019481	1019482	21	0.6674
chr1	1019577	1019578	31	0.7197
chr1	1019583	1019584	31	0.5689
chr1	1019598	1019599	21	0.4143
chr1	1019619	1019620	31	0.5592
chr1	1019643	1019644	30	0.3356
chr1	1019668	1019669	35	0.5853
chr1	1019718	1019719	35	0.4813
chr1	1019768	1019769	24	0.4566
chr1	1019802	1019803	21	0.5074
chr1	1019840	1019841	29	0.5951
chr1	1019890	1019891	29	0.4985
chr1	1019910	1019911	32	0.4449
chr1	1019943	1019944	31	0.5483
chr1	1019958	1019959	28	0.4822
chr1	1020006	1020007	31	0.5887
chr1	1020025	1020026	30	0.5117
chr1	1020057	1020058	35	0.4446
chr1	1020065	1020066	29	0.49
chr1	1020151	1020152	24	0.5079
chr1	1020201	1020202	37	0.4681
chr1	1020301	1020302	36	0.5816
chr1	1020389	1020390	36	0.4896
chr1	1020456	1020457	21	0.3815
chr1	1020506	1020507	21	0.5378
chr1	1020700	1020701	29	0.7468
chr1	1020742	1020743	28	0.7425
chr1	1020796	1020797	36	0.5275
chr1	1020876	1020877	38	0.7478
chr1	1020902	1020903	20	0.8695
chr1	1020982	1020983	33	0.7366
chr1	1020990	1020991	32	0.7122
chr1	1021040	1021041	30	0.812
chr1	1021090	1021091	25	0.7339
chr1	1021112	1021113	31	0.7538
chr1	1021149	1021150	27	0.6576
chr1	1021187	1021188	20	0.516
chr1	1021206	1021207	30	0.7913
chr1	1021234	1021235	24	0.7193
chr1	1021262	1021263	30	0.6441
chr1	1021288	1021289	32	0.5757
chr1	1021318	1021319	32	0.7251
chr1	1021333	1021334	29	0.7626
chr1	1021383	1021384	25	0.5663
chr1	1021433	1021434	33	0.7302
chr1	1021461	1021462	20	0.704
chr1	1021511	1021512	31	0.8064
chr1	1021528	1021529	25	0.6834
chr1	1021542	1021543	27	0.8065
chr1	1021598	1021599	28	0.7336
chr1	1021690	1021691	30	0.7305
chr1	1021790	1021791	29	0.6945
chr1	1021861	1021862	30	0.7264
chr1	1021941	1021942	31	0.6704
chr1	1022041	1022042	30	0.6343
chr1	1022047	1022048	31	0.8863
chr1	1022081	1022082	30	0.9464
chr1	1022105	1022106	23	0.8831
chr1	1022171	1022172	32	0.9295
chr1	1022237	1022238	35	0.8883
chr1	1022255	1022256	28	0.7628
chr1	1022299	1022300	35	0.9177
chr1	1022307	1022308	31	0.9355
chr1	1022343	1022344	16	0.788
chr1	1022481	1022482	32	0.9205
chr1	1022504	1022505	22	0.0528
chr1	1022519	1022520	31	0.2171
chr1	1022534	1022535	21	0.094
chr1	1022558	1022559	35	0.1843
chr1	1022585	1022586	25	0.2658
chr1	1022600	1022601	34	0.0851
chr1	1022615	1022616	33	0.109
chr1	1022640	1022641	20	0.1117
chr1	1022682	1022683	37	0.1577
chr1	1022713	1022714	31	0.2415
chr1	1022741	1022742	19	0.1677
chr1	1022766	1022767	27	0.1438
chr1	1022812	1022813	24	0.1384
chr1	1022840	1022841	30	0.3047
chr1	1022888	1022889	23	0.1287
chr1	1022913	1022914	29	0.0975
chr1	1022945	1022946	43	0.1188
chr1	1022995	1022996	38	0.198
chr1	1023020	1023021	26	0.0269
chr1	1023048	1023049	34	0.1958
chr1	1023098	1023099	31	0.1342
chr1	1023103	1023104	16	0.1489
chr1	1023153	1023154	23	0.0641
chr1	1023253	1023254	27	0.1208
chr1	1023353	1023354	33	0.1514
chr1	1023414	1023415	24	0.2545
chr1	1023514	1023515	30	0.1372
chr1	1023606	1023607	23	0.2514
chr1	1023694	1023695	30	0.0632
chr1	1023711	1023712	24	0.6872
chr1	1023758	1023759	33	0.6432
chr1	1023808	1023809	34	0.4574
chr1	1023858	1023859	40	0.6621
chr1	1023908	1023909	31	0.775
chr1	1023944	1023945	28	0.6312
chr1	1023966	1023967	27	0.4969
chr1	1023981	1023982	34	0.5865
chr1	1023999	1024000	29	0.5739
chr1	1024034	1024035	30	0.6484
chr1	1024084	1024085	34	0.6782
chr1	1024103	1024104	35	0.6321
chr1	1024128	1024129	29	0.7382
chr1	1024164	1024165	25	0.6584
chr1	1024190	1024191	32	0.6077
chr1	1024212	1024213	38	0.6691
chr1	1024227	1024228	26	0.7402
chr1	1024242	1024243	28	0.6959
chr1	1024255	1024256	27	0.6487
chr1	1024305	1024306	31	0.61
chr1	1024355	1024356	29	0.5132
chr1	1024447	1024448	28	0.6545
chr1	1024497	1024498	34	0.6931
chr1	1024597	1024598	33	0.574
chr1	1024697	1024698	25	0.643
chr1	1024797	1024798	27	0.4967
chr1	1024885	1024886	32	0.4462
chr1	1024922	1024923	20	0.8872
chr1	1024951	1024952	19	0.7729
chr1	1025001	1025002	32	0.9104
chr1	1025024	1025025	34	0.8518
chr1	1025045	1025046	27	0.7781
chr1	1025095	1025096	31	0.9015
chr1	1025130	1025131	38	0.7512
chr1	1025166	1025167	32	0.6962
chr1	1025209	1025210	32	0.7989
chr1	1025230	1025231	34	0.845
chr1	1025264	1025265	38	0.9191
chr1	1025287	1025288	34	0.8026
chr1	1025303	1025304	26	0.6703
chr1	1025335	1025336	30	0.8146
chr1	1025350	1025351	23	0.67
chr1	1025365	1025366	35	0.8241
chr1	1025380	1025381	33	0.8775
chr1	1025430	1025431	17	0.8076
chr1	1025456	1025457	33	0.7993
chr1	1025472	1025473	41	0.8137
chr1	1025522	1025523	36	0.8403
chr1	1025604	1025605	25	0.7495
chr1	1025704	1025705	31	0.8303
chr1	1025804	1025805	33	0.7047
chr1	1025904	1025905	36	0.7791
chr1	1026004	1026005	26	0.7929
chr1	1026016	1026017	36	0.869
chr1	1026062	1026063	31	0.6986
chr1	1026085	1026086	29	0.8113
chr1	1026132	1026133	44	0.6815
chr1	1026158	1026159	27	0.5561
chr1	1026196	1026197	39	0.6532
chr1	1026237	1026238	26	0.8074
chr1	1026287	1026288	28	0.7114
chr1	1026307	1026308	38	0.6669
chr1	1026357	1026358	31	0.7689
chr1	1026377	1026378	31	0.6509
chr1	1026399	1026400	26	0.7171
chr1	1026449	1026450	35	0.7792
chr1	1026483	1026484	45	0.6579
chr1	1026531	1026532	28	0.5958
chr1	1026631	1026632	28	0.581
chr1	1026723	1026724	25	0.9512
chr1	1026823	1026824	22	0.7582
chr1	1026923	1026924	34	0.7023
chr1	1026959	1026960	27	0.7553
chr1	1026979	1026980	37	0.9591
chr1	1027018	1027019	29	0.636
chr1	1027040	1027041	32	0.7361
chr1	1027070	1027071	37	0.7317
chr1	1027092	1027093	29	0.7088
chr1	1027139	1027140	34	0.8986
chr1	1027189	1027190	31	0.865
chr1	1027225	1027226	29	0.6684
chr1	1027254	1027255	29	0.7939
chr1	1027294	1027295	30	0.7791
chr1	1027314	1027315	26	0.8055
chr1	1027333	1027334	31	0.7001
chr1	1027383	1027384	27	0.6973
chr1	1027398	1027399	30	0.8115
chr1	1027422	1027423	27	0.7549
chr1	1027446	1027447	27	0.7704
chr1	1027478	1027479	27	0.8109
chr1	1027511	1027512	30	0.8018
chr1	1027611	1027612	18	0.5506
chr1	1027701	1027702	35	0.6685
chr1	1027801	1027802	27	0.8063
chr1	1027851	1027852	39	0.7189
chr1	1027951	1027952	23	0.7793
chr1	1028039	1028040	27	0.8846
chr1	1028049	1028050	32	0.5144
chr1	1028090	1028091	25	0.5512
chr1	1028106	1028107	37	0.2661
chr1	1028123	1028124	26	0.4301
chr1	1028159	1028160	29	0.4992
chr1	1028186	1028187	26	0.2958
chr1	1028219	1028220	30	0.4452
chr1	1028269	1028270	27	0.4603
chr1	1028292	1028293	24	0.3236
chr1	1028331	1028332	31	0.3508
chr1	1028375	1028376	33	0.3655
chr1	1028425	1028426	21	0.3907
chr1	1028447	1028448	26	0.5201
chr1	1028462	1028463	36	0.4722
chr1	1028496	1028497	29	0.3773
chr1	1028511	1028512	30	0.3079
chr1	1028540	1028541	34	0.4643
chr1	1028574	1028575	30	0.447
chr1	1028595	1028596	35	0.4897
chr1	1028695	1028696	28	0.2926
chr1	1028795	1028796	27	0.378
chr1	1028895	1028896	42	0.4158
chr1	1028995	1028996	33	0.3352
chr1	1029095	1029096	27	0.3806
chr1	1029119	1029120	27	0.1278
chr1	1029175	1029176	33	0.0813
chr1	1029245	1029246	27	0.064
chr1	1029297	1029298	21	0.2972
chr1	1029329	1029330	37	0.1806
chr1	1029463	1029464	22	0.0959
chr1	1029470	1029471	34	0.3206
chr1	1029492	1029493	28	0.2395
chr1	1029535	1029536	30	0.3237
chr1	1029562	1029563	35	0.4258
chr1	1029612	1029613	32	0.4806
chr1	1029662	1029663	26	0.2183
chr1	1029701	1029702	27	0.3393
chr1	1029726	1029727	23	0.4025
chr1	1029776	1029777	28	0.2437
chr1	1029796	1029797	27	0.4073
chr1	1029896	1029897	29	0.1941
chr1	1029996	1029997	25	0.355
chr1	1030096	1030097	31	0.312
chr1	1030268	1030269	24	0.5781
chr1	1030284	1030285	19	0.616
chr1	1030370	1030371	26	0.4851
chr1	1030392	1030393	33	0.501
chr1	1030442	1030443	31	0.5329
chr1	1030480	1030481	30	0.5568
chr1	1030482	1030483	26	0.5795
chr1	1030564	1030565	32	0.7088
chr1	1031738	1031739	34	0.0976
chr1	1031765	1031766	20	0.2945
chr1	1031789	1031790	26	0.1619
chr1	1031825	1031826	32	0.1656
chr1	1031875	1031876	27	0.1274
chr1	1031909	1031910	34	0.0929
chr1	1031942	1031943	23	0.196
chr1	1031957	1031958	32	0.2499
chr1	1031995	1031996	30	0.2482
chr1	1032041	1032042	34	0.1065
chr1	1032065	1032066	35	0.0899
chr1	1032095	1032096	29	0.0
chr1	1032116	1032117	25	0.1905
chr1	1032158	1032159	24	0.3061
chr1	1032208	1032209	27	0.1341
chr1	1032229	1032230	27	0.032
chr1	1032246	1032247	31	0.0996
chr1	1032294	1032295	32	0.0181
chr1	1032347	1032348	31	0.0
chr1	1032447	1032448	33	0.326
chr1	1032547	1032548	25	0.0764
chr1	1032647	1032648	28	0.15
chr1	1032747	1032748	33	0.0234
chr1	1032847	1032848	31	0.1507
chr1	1032895	1032896	31	0.0601
chr1	1032900	1032901	22	0.3427
chr1	1032928	1032929	28	0.4185
chr1	1032978	1032979	32	0.2912
chr1	1033006	1033007	29	0.4355
chr1	1033038	1033039	33	0.3034
chr1	1033059	1033060	34	0.4409
chr1	1033074	1033075	30	0.3781
chr1	1033113	1033114	27	0.3966
chr1	1033163	1033164	29	0.4303
chr1	1033213	1033214	27	0.3227
chr1	1033260	1033261	38	0.4222
chr1	1033300	1033301	33	0.351
chr1	1033320	1033321	28	0.3821
chr1	1033347	1033348	29	0.3335
chr1	1033368	1033369	28	0.4476
chr1	1033397	1033398	27	0.3437
chr1	1033425	1033426	36	0.3124
chr1	1033525	1033526	22	0.2099
chr1	1033625	1033626	43	0.5048
chr1	1033720	1033721	29	0.3349
chr1	1033820	1033821	29	0.4044
chr1	1033920	1033921	36	0.3269
chr1	1033948	1033949	27	0.1555
chr1	1034048	1034049	28	0.087
chr1	1034074	1034075	24	0.0961
chr1	1034102	1034103	28	0.1752
chr1	1034130	1034131	23	0.1521
chr1	1034142	1034143	37	0.0
chr1	1034228	1034229	30	0.131
chr1	1034328	1034329	23	0.0058
chr1	1034354	1034355	28	0.148
chr1	1034404	1034405	26	0.0544
chr1	1034419	1034420	29	0.0999
chr1	1034449	1034450	27	0.0782
chr1	1034464	1034465	25	0.2269
chr1	1034497	1034498	29	0.1151
chr1	1034523	1034524	31	0.2399
chr1	1034549	1034550	33	0.1351
chr1	1034575	1034576	28	0.1355
chr1	1034615	1034616	29	0.2999
chr1	1034633	1034634	28	0.1699
chr1	1034664	1034665	32	0.1108
chr1	1034692	1034693	34	0.1024
chr1	1034735	1034736	24	0.2221
chr1	1034782	1034783	25	0.1082
chr1	1034809	1034810	33	0.2687
chr1	1034826	1034827	34	0.1461
chr1	1034848	1034849	27	0.0557
chr1	1034866	1034867	40	0.2718
chr1	1034966	1034967	25	0.2268
chr1	1035055	1035056	26	0.1812
chr1	1035105	1035106	21	0.1133
chr1	1035198	1035199	28	0.119
chr1	1035291	1035292	25	0.1979
chr1	1035299	1035300	34	0.0084
chr1	1035333	1035334	26	0.1225
chr1	1035352	1035353	28	0.1371
chr1	1035373	1035374	30	0.19
chr1	1035388	1035389	29	0.226
chr1	1035437	1035438	35	0.1642
chr1	1035463	1035464	32	0.2041
chr1	1035486	1035487	30	0.0652
chr1	1035502	1035503	39	0.0589
chr1	1035518	1035519	29	0.1071
chr1	1035565	1035566	37	0.1918
chr1	1035604	1035605	29	0.2376
chr1	1035632	1035633	34	0.2699
chr1	1035655	1035656	20	0.2258
chr1	1035702	1035703	17	0.2528
chr1	1035725	1035726	36	0.1343
chr1	1035744	1035745	29	0.0305
chr1	1035767	1035768	28	0.1225
chr1	1035817	1035818	29	0.1448
chr1	1035867	1035868	23	0.2012
chr1	1035882	1035883	32	0.0483
chr1	1035897	1035898	31	0.1799
chr1	1035924	1035925	29	0.0712
chr1	1036024	1036025	28	0.2377
chr1	1036111	1036112	36	0.326
chr1	1036161	1036162	31	0.2879
chr1	1036214	1036215	34	0.1744
chr1	1036314	1036315	39	0.3387
chr1	1036414	1036415	33	0.1302
chr1	1036514	1036515	34	0.1143
chr1	1036552	1036553	32	0.0
chr1	1036564	1036565	31	0.573
chr1	1036610	1036611	25	0.688
chr1	1036625	1036626	32	0.7557
chr1	1036650	1036651	27	0.684
chr1	1036674	1036675	32	0.6336
chr1	1036706	1036707	32	0.6584
chr1	1036742	1036743	29	0.7062
chr1	1036763	1036764	33	0.721
chr1	1036782	1036783	25	0.7789
chr1	1036804	1036805	27	0.6571
chr1	1036821	1036822	33	0.7644
chr1	1036842	1036843	24	0.7219
chr1	1036878	1036879	32	0.6842
chr1	1036913	1036914	31	0.6927
chr1	1036925	1036926	27	0.6967
chr1	1037025	1037026	38	0.6304
chr1	1037115	1037116	28	0.6026
chr1	1037203	1037204	26	0.5498
chr1	1037289	1037290	29	0.8173
chr1	1037299	1037300	35	0.55
chr1	1037320	1037321	30	0.4799
chr1	1037335	1037336	33	0.4808
chr1	1037385	1037386	19	0.6523
chr1	1037419	1037420	25	0.5147
chr1	1037440	1037441	29	0.6417
chr1	1037480	1037481	26	0.5572
chr1	1037530	1037531	26	0.493
chr1	1037545	1037546	26	0.5895
chr1	1037572	1037573	21	0.7275
chr1	1037609	1037610	23	0.4735
chr1	1037651	1037652	26	0.6064
chr1	1037683	1037684	34	0.738
chr1	1037707	1037708	28	0.5097
chr1	1037735	1037736	28	0.6487
chr1	1037744	1037745	28	0.4776
chr1	1037826	1037827	27	0.7086
chr1	1037926	1037927	28	0.5823
chr1	1038026	1038027	30	0.5008
chr1	1038095	1038096	26	0.6567
chr1	1038103	1038104	28	0.8951
chr1	1038181	1038182	46	0.7996
chr1	1038283	1038284	25	0.922
chr1	1038295	1038296	35	0.7034
chr1	1038353	1038354	29	0.8006
chr1	1038535	1038536	32	0.7434
chr1	1038542	1038543	22	0.5908
chr1	1038565	1038566	26	0.4589
chr1	1038615	1038616	33	0.3222
chr1	1038639	1038640	30	0.2583
chr1	1038685	1038686	19	0.5481
chr1	1038735	1038736	33	0.5732
chr1	1038778	1038779	19	0.5309
chr1	1038819	1038820	23	0.2637
chr1	1038848	1038849	38	0.4723
chr1	1038887	1038888	36	0.3153
chr1	1038937	1038938	24	0.5531
chr1	1038954	1038955	31	0.3602
chr1	1038980	1038981	38	0.6052
chr1	1039010	1039011	26	0.4347
chr1	1039044	1039045	24	0.4248
chr1	1039094	1039095	23	0.5847
chr1	1039130	1039131	25	0.555
chr1	1039138	1039139	29	0.2667
chr1	1039238	1039239	28	0.3688
chr1	1039338	1039339	31	0.4755
chr1	1039433	1039434	27	0.2934
chr1	1039533	1039534	27	0.3074
chr1	1039583	1039584	34	0.226
chr1	1039683	1039684	33	0.3336
chr1	1039687	1039688	28	0.7363
chr1	1039717	1039718	31	0.7741
chr1	1039737	1039738	26	0.5889
chr1	1039741	1039742	29	0.8947
chr1	1039849	1039850	28	0.7676
chr1	1039863	1039864	38	0.6445
chr1	1039871	1039872	20	0.7224
chr1	1039987	1039988	24	0.8134
chr1	1040007	1040008	37	0.8385
chr1	1040041	1040042	28	0.8464
chr1	1040052	1040053	43	0.0
chr1	1040093	1040094	31	0.1182
chr1	1040121	1040122	42	0.0209
chr1	1040171	1040172	28	0.1188
chr1	1040206	1040207	31	0.0623
chr1	1040235	1040236	32	0.1794
chr1	1040250	1040251	31	0.1354
chr1	1040277	1040278	21	0.1077
chr1	1040294	1040295	33	0.0
chr1	1040344	1040345	16	0.1826
chr1	1040373	1040374	33	0.1565
chr1	1040419	1040420	33	0.0046
chr1	1040434	1040435	34	0.0968
chr1	1040482	1040483	38	0.0
chr1	1040532	1040533	30	0.0791
chr1	1040547	1040548	30	0.1153
chr1	1040647	1040648	31	0.0418
chr1	1040712	1040713	34	0.0405
chr1	1040812	1040813	35	0.0832
chr1	1040912	1040913	32	0.1349
chr1	1041002	1041003	35	0.0
chr1	1041058	1041059	30	0.1179
chr1	1041091	1041092	37	0.6923
chr1	1041126	1041127	29	0.7618
chr1	1041163	1041164	24	0.7163
chr1	1041206	1041207	41	0.763
chr1	1041251	1041252	30	0.7032
chr1	1041271	1041272	29	0.6711
chr1	1041296	1041297	30	0.7455
chr1	1041346	1041347	29	0.6561
chr1	1041390	1041391	23	0.6668
chr1	1041405	1041406	39	0.6065
chr1	1041445	1041446	36	0.7173
chr1	1041461	1041462	20	0.7788
chr1	1041506	1041507	21	0.7562
chr1	1041533	1041534	31	0.7426
chr1	1041556	1041557	29	0.8201
chr1	1041575	1041576	34	0.7369
chr1	1041594	1041595	30	0.6722
chr1	1041629	1041630	21	0.6625
chr1	1041678	1041679	32	0.781
chr1	1041695	1041696	30	0.7321
chr1	1041725	1041726	30	0.5723
chr1	1041740	1041741	32	0.6455
chr1	1041840	1041841	38	0.5912
chr1	1041890	1041891	28	0.6492
chr1	1041984	1041985	21	0.7864
chr1	1042084	1042085	37	0.6285
chr1	1042140	1042141	30	0.8255
chr1	1042240	1042241	31	0.7258
chr1	1042340	1042341	28	0.6094
chr1	1042428	1042429	33	0.6907
chr1	1042452	1042453	27	0.7402
chr1	1042482	1042483	24	0.924
chr1	1042522	1042523	36	0.9624
chr1	1042556	1042557	36	0.8868
chr1	1042571	1042572	32	0.9725
chr1	1042619	1042620	28	0.8399
chr1	1042644	1042645	38	0.9177
chr1	1042659	1042660	38	0.7478
chr1	1042678	1042679	23	0.8354
chr1	1042728	1042729	32	0.8179
chr1	1042776	1042777	34	0.8504
chr1	1042791	1042792	25	0.7773
chr1	1042830	1042831	33	0.6902
chr1	1042853	1042854	28	0.846
chr1	1042868	1042869	30	0.8482
chr1	1042988	1042989	21	0.8173
chr1	1043088	1043089	31	0.8637
chr1	1043188	1043189	38	0.8487
chr1	1043288	1043289	32	0.8047
chr1	1043302	1043303	39	0.9706
chr1	1043386	1043387	33	0.8058
chr1	1043429	1043430	29	0.1801
chr1	1043461	1043462	20	0.2063
chr1	1043485	1043486	25	0.3159
chr1	1043535	1043536	38	0.2659
chr1	1043560	1043561	32	0.2074
chr1	1043575	1043576	24	0.104
chr1	1043590	1043591	29	0.1227
chr1	1043627	1043628	36	0.1635
chr1	1043666	1043667	34	0.1732
chr1	1043692	1043693	23	0.1392
chr1	1043742	1043743	24	0.1604
chr1	1043777	1043778	34	0.1972
chr1	1043807	1043808	22	0.0937
chr1	1043830	1043831	37	0.0666
chr1	1043848	1043849	31	0.1039
chr1	1043898	1043899	26	0.0992
chr1	1043911	1043912	36	0.2376
chr1	1043996	1043997	36	0.1684
chr1	1044096	1044097	28	0.1838
chr1	1044196	1044197	28	0.1445
chr1	1044296	1044297	22	0.2422
chr1	1044346	1044347	30	0.2039
chr1	1044392	1044393	24	0.1722
chr1	1044430	1044431	26	0.1192
chr1	1044450	1044451	34	0.179
chr1	1044475	1044476	30	0.169
chr1	1044506	1044507	22	0.2884
chr1	1044555	1044556	33	0.1034
chr1	1044588	1044589	23	0.1181
chr1	1044612	1044613	31	0.1627
chr1	1044627	1044628	32	0.1491
chr1	1044660	1044661	30	0.236
chr1	1044679	1044680	24	0.0027
chr1	1044707	1044708	23	0.0
chr1	1044726	1044727	26	0.0905
chr1	1044753	1044754	32	0.1735
chr1	1044803	1044804	27	0.0901
chr1	1044832	1044833	30	0.1471
chr1	1044849	1044850	22	0.083
chr1	1044896	1044897	37	0.2424
chr1	1044913	1044914	26	0.1004
chr1	1044940	1044941	33	0.0789
chr1	1045028	1045029	31	0.2878
chr1	1045099	1045100	25	0.2145
chr1	1045199	1045200	18	0.1493
chr1	1045299	1045300	31	0.2928
chr1	1045349	1045350	31	0.0717
chr1	1045353	1045354	21	0.2187
chr1	1045375	1045376	28	0.1705
chr1	1045380	1045381	30	0.4984
chr1	1045404	1045405	30	0.3242
chr1	1045440	1045441	37	0.4955
chr1	1045468	1045469	31	0.5071
chr1	1045490	1045491	31	0.391
chr1	1045533	1045534	39	0.3468
chr1	1045551	1045552	32	0.346
chr1	1045581	1045582	32	0.4104
chr1	1045644	1045645	32	0.5449
chr1	1045682	1045683	39	0.3729
chr1	1045705	1045706	28	0.5158
chr1	1045721	1045722	36	0.5001
chr1	1045746	1045747	27	0.4414
chr1	1045770	1045771	36	0.4744
chr1	1045820	1045821	32	0.5679
chr1	1045846	1045847	31	0.603
chr1	1045874	1045875	26	0.3642
chr1	1045895	1045896	32	0.4595
chr1	1045988	1045989	23	0.6278
chr1	1046088	1046089	33	0.5072
chr1	1046188	1046189	34	0.2794
chr1	1046288	1046289	33	0.2956
chr1	1046379	1046380	25	0.5071
chr1	1046409	1046410	31	0.6755
chr1	1046417	1046418	35	0.8021
chr1	1046443	1046444	24	0.5927
chr1	1046559	1046560	41	0.5955
chr1	1046603	1046604	39	0.5888
chr1	1046749	1046750	25	0.6405
chr1	1046849	1046850	34	0.6851
chr1	1046857	1046858	37	0.5287
chr1	1046864	1046865	37	0.6503
chr1	1046914	1046915	32	0.7825
chr1	1046953	1046954	31	0.7513
chr1	1047003	1047004	37	0.7439
chr1	1047053	1047054	32	0.8156
chr1	1047080	1047081	19	0.9196
chr1	1047109	1047110	21	0.695
chr1	1047145	1047146	35	0.7633
chr1	1047165	1047166	33	0.86
chr1	1047203	1047204	32	0.706
chr1	1047226	1047227	29	0.8199
chr1	1047241	1047242	31	0.6846
chr1	1047291	1047292	29	0.7292
chr1	1047341	1047342	26	0.7103
chr1	1047359	1047360	31	0.7868
chr1	1047382	1047383	34	0.656
chr1	1047421	1047422	24	0.6737
chr1	1047521	1047522	25	0.7499
chr1	1047621	1047622	30	0.7974
chr1	1047689	1047690	35	0.8409
chr1	1047789	1047790	24	0.5779
chr1	1047889	1047890	25	0.7809
chr1	1047903	1047904	35	1.0
chr1	1047941	1047942	24	1.0
chr1	1047947	1047948	26	0.8535
chr1	1047951	1047952	39	0.8662
chr1	1048089	1048090	32	0.7982
chr1	1048211	1048212	24	0.8169
chr1	1048227	1048228	32	0.8296
chr1	1048265	1048266	25	0.8058
chr1	1048271	1048272	30	0.8782
chr1	1048373	1048374	22	0.9341
chr1	1048379	1048380	25	0.5078
chr1	1048409	1048410	26	0.2971
chr1	1048459	1048460	26	0.4172
chr1	1048486	1048487	31	0.5376
chr1	1048515	1048516	35	0.6231
chr1	1048560	1048561	33	0.5202
chr1	1048609	1048610	36	0.7067
chr1	1048638	1048639	35	0.3484
chr1	1048670	1048671	26	0.6757
chr1	1048700	1048701	29	0.6233
chr1	1048715	1048716	24	0.6061
chr1	1048758	1048759	34	0.4337
chr1	1048808	1048809	24	0.5274
chr1	1048830	1048831	31	0.5565
chr1	1048845	1048846	21	0.3678
chr1	1048877	1048878	29	0.3285
chr1	1048944	1048945	31	0.5697
chr1	1048994	1048995	27	0.3969
chr1	1049083	1049084	33	0.6359
chr1	1049168	1049169	31	0.477
chr1	1049240	1049241	20	0.3959
chr1	1049311	1049312	26	0.5872
chr1	1049381	1049382	33	0.8128
chr1	1049447	1049448	30	0.8769
chr1	1049523	1049524	34	0.832
chr1	1049637	1049638	26	0.8412
chr1	1049775	1049776	26	0.6421
chr1	1049800	1049801	34	0.3771
chr1	1049815	1049816	35	0.2769
chr1	1049843	1049844	30	0.3131
chr1	1049865	1049866	25	0.162
chr1	1049895	1049896	28	0.1197
chr1	1049944	1049945	38	0.0829
chr1	1049993	1049994	29	0.1654
chr1	1050013	1050014	28	0.0941
chr1	1050036	1050037	27	0.121
chr1	1050051	1050052	33	0.2289
chr1	1050073	1050074	28	0.1749
chr1	1050088	1050089	28	0.1512
chr1	1050103	1050104	30	0.1283
chr1	1050132	1050133	32	0.0566
chr1	1050166	1050167	30	0.269
chr1	1050194	1050195	30	0.2247
chr1	1050210	1050211	28	0.2868
chr1	1050260	1050261	30	0.2447
chr1	1050263	1050264	31	0.2781
chr1	1050316	1050317	31	0.2473
chr1	1050366	1050367	37	0.2676
chr1	1050466	1050467	31	0.252
chr1	1050566	1050567	31	0.3749
chr1	1050647	1050648	28	0.2777
chr1	1050706	1050707	29	0.239
chr1	1050708	1050709	27	0.0126
chr1	1050774	1050775	32	0.1336
chr1	1050781	1050782	26	0.6202
chr1	1050814	1050815	28	0.6129
chr1	1050839	1050840	35	0.5854
chr1	1050885	1050886	24	0.6583
chr1	1050935	1050936	29	0.5701
chr1	1050976	1050977	29	0.6343
chr1	1051002	1051003	31	0.5928
chr1	1051038	1051039	26	0.6219
chr1	1051056	1051057	41	0.5698
chr1	1051091	1051092	36	0.6306
chr1	1051141	1051142	24	0.58
chr1	1051176	1051177	27	0.5489
chr1	1051215	1051216	25	0.4851
chr1	1051261	1051262	36	0.6444
chr1	1051280	1051281	26	0.6937
chr1	1051300	1051301	30	0.6114
chr1	1051323	1051324	19	0.6445
chr1	1051350	1051351	35	0.4466
chr1	1051381	1051382	27	0.6045
chr1	1051481	1051482	28	0.7003
chr1	1051581	1051582	40	0.6298
chr1	1051656	1051657	28	0.5731
chr1	1051753	1051754	31	0.7031
chr1	1051803	1051804	42	0.5584
chr1	1051895	1051896	33	0.6204
chr1	1052095	1052096	30	0.8157
chr1	1052153	1052154	34	0.8888
chr1	1052251	1052252	34	0.5636
chr1	1052327	1052328	27	0.7832
chr1	1052361	1052362	34	0.851
chr1	1052394	1052395	29	0.6153
chr1	1052415	1052416	25	0.6481
chr1	1052446	1052447	28	0.5942
chr1	1052465	1052466	31	0.5258
chr1	1052490	1052491	23	0.6109
chr1	1052523	1052524	18	0.6119
chr1	1052562	1052563	34	0.6236
chr1	1052583	1052584	25	0.5299
chr1	1052600	1052601	22	0.6932
chr1	1052644	1052645	34	0.4334
chr1	1052694	1052695	30	0.6105
chr1	1052714	1052715	30	0.4412
chr1	1052764	1052765	26	0.3759
chr1	1052795	1052796	37	0.5793
chr1	1052836	1052837	40	0.3979
chr1	1052858	1052859	33	0.6093
chr1	1052870	1052871	27	0.6946
chr1	1052970	1052971	25	0.6918
chr1	1053070	1053071	22	0.4605
chr1	1053169	1053170	30	0.5737
chr1	1053269	1053270	22	0.7187
chr1	1053355	1053356	31	0.703
chr1	1053383	1053384	33	0.5692
chr1	1053398	1053399	28	0.4387
chr1	1053448	1053449	25	0.7574
chr1	1053498	1053499	26	0.7718
chr1	1053539	1053540	31	0.5764
chr1	1053581	1053582	28	0.5558
chr1	1053600	1053601	26	0.8779
chr1	1053615	1053616	38	0.7869
chr1	1053665	1053666	22	0.5882
chr1	1053715	1053716	32	0.7339
chr1	1053734	1053735	23	0.8413
chr1	1053755	1053756	32	0.7195
chr1	1053770	1053771	23	0.5445
chr1	1053787	1053788	28	0.7399
chr1	1053817	1053818	32	0.6571
chr1	1053840	1053841	30	0.8211
chr1	1053851	1053852	32	0.5907
chr1	1053951	1053952	31	0.5992
chr1	1054051	1054052	35	0.5536
chr1	1054151	1054152	32	0.7354
chr1	1054251	1054252	23	0.3309
chr1	1054323	1054324	30	0.6476
chr1	1054330	1054331	33	0.4349
chr1	1054378	1054379	29	0.6301
chr1	1054405	1054406	29	0.6788
chr1	1054452	1054453	24	0.5208
chr1	1054502	1054503	24	0.548
chr1	1054517	1054518	39	0.5982
chr1	1054539	1054540	29	0.6196
chr1	1054578	1054579	31	0.7001
chr1	1054594	1054595	31	0.5289
chr1	1054613	1054614	23	0.6327
chr1	1054648	1054649	25	0.745
chr1	1054686	1054687	32	0.7562
chr1	1054736	1054737	33	0.6809
chr1	1054771	1054772	24	0.6883
chr1	1054821	1054822	32	0.725
chr1	1054853	1054854	32	0.5821
chr1	1054886	1054887	35	0.6282
chr1	1054897	1054898	24	0.7078
chr1	1054997	1054998	29	0.6437
chr1	1055097	1055098	28	0.6311
chr1	1055197	1055198	25	0.7158
chr1	1055297	1055298	38	0.7126
chr1	1055385	1055386	30	0.6967
chr1	1055439	1055440	18	0.8339
chr1	1055571	1055572	36	0.8525
chr1	1055645	1055646	28	0.9601
chr1	1055647	1055648	25	0.8272
chr1	1055745	1055746	30	0.9524
chr1	1055763	1055764	29	0.8032
chr1	1055813	1055814	27	0.9913
chr1	1055817	1055818	26	0.8712
chr1	1055879	1055880	33	0.9294
chr1	1055881	1055882	25	0.7839
chr1	1055931	1055932	26	0.8786
chr1	1055971	1055972	30	0.7898
chr1	1056013	1056014	23	0.9647
chr1	1056052	1056053	31	0.9758
chr1	1056068	1056069	25	0.7388
chr1	1056106	1056107	29	0.7972
chr1	1056138	1056139	37	0.7695
chr1	1056155	1056156	28	0.7827
chr1	1056187	1056188	33	0.7876
chr1	1056213	1056214	27	0.9097
chr1	1056237	1056238	22	0.8884
chr1	1056274	1056275	28	0.8517
chr1	1056299	1056300	20	0.8073
chr1	1056349	1056350	26	0.9058
chr1	1056399	1056400	36	0.8791
chr1	1056418	1056419	31	0.9285
chr1	1056468	1056469	39	0.8261
chr1	1056568	1056569	30	0.8316
chr1	1056618	1056619	30	0.7573
chr1	1056668	1056669	35	0.9618
chr1	1056718	1056719	24	0.8176
chr1	1056818	1056819	28	0.8768
chr1	1056884	1056885	26	0.8048
chr1	1056900	1056901	33	0.9516
chr1	1056904	1056905	26	0.7197
chr1	1056921	1056922	40	0.6871
chr1	1056937	1056938	30	0.7174
chr1	1056969	1056970	29	0.7944
chr1	1056998	1056999	34	0.6927
chr1	1057038	1057039	31	0.7682
chr1	1057056	1057057	22	0.5146
chr1	1057106	1057107	30	0.5606
chr1	1057121	1057122	26	0.8288
chr1	1057170	1057171	34	0.5699
chr1	1057188	1057189	34	0.6578
chr1	1057214	1057215	26	0.7692
chr1	1057242	1057243	23	0.7392
chr1	1057292	1057293	26	0.7075
chr1	1057337	1057338	33	0.6196
chr1	1057369	1057370	23	0.5408
chr1	1057414	1057415	28	0.6052
chr1	1057512	1057513	25	0.7346
chr1	1057612	1057613	30	0.6604
chr1	1057686	1057687	27	0.5929
chr1	1057764	1057765	28	0.6481
chr1	1057827	1057828	25	0.772
chr1	1057911	1057912	28	0.7563
chr1	1057940	1057941	29	0.6859
chr1	1057973	1057974	34	0.818
chr1	1058004	1058005	32	0.9978
chr1	1058026	1058027	31	0.8962
chr1	1058076	1058077	28	0.7884
chr1	1058121	1058122	34	0.8079
chr1	1058141	1058142	34	0.8923
chr1	1058158	1058159	32	0.9388
chr1	1058173	1058174	29	0.8343
chr1	1058194	1058195	38	0.7513
chr1	1058244	1058245	31	0.9931
chr1	1058259	1058260	41	0.8179
chr1	1058305	1058306	29	0.6003
chr1	1058325	1058326	31	0.7862
chr1	1058375	1058376	29	0.8415
chr1	1058425	1058426	32	0.8396
chr1	1058439	1058440	25	0.8297
chr1	1058539	1058540	32	0.8222
chr1	1058639	1058640	25	0.7857
chr1	1058739	1058740	24	0.7524
chr1	1058812	1058813	27	0.7131
chr1	1058912	1058913	36	0.8445
chr1	1059000	1059001	27	0.8832
chr1	1059049	1059050	31	0.7611
chr1	1059079	1059080	35	0.6769
chr1	1059118	1059119	29	0.627
chr1	1059136	1059137	31	0.6466
chr1	1059175	1059176	25	0.7798
chr1	1059194	1059195	23	0.6671
chr1	1059229	1059230	21	0.4639
chr1	1059261	1059262	28	0.5518
chr1	1059285	1059286	35	0.7319
chr1	1059322	1059323	32	0.6951
chr1	1059361	1059362	31	0.5711
chr1	1059410	1059411	13	0.6669
chr1	1059431	1059432	35	0.6944
chr1	1059480	1059481	34	0.7751
chr1	1059508	1059509	23	0.7321
chr1	1059533	1059534	32	0.4669
chr1	1059582	1059583	37	0.7379
chr1	1059603	1059604	29	0.8034
chr1	1059611	1059612	25	0.7194
chr1	1059705	1059706	31	0.6524
chr1	1059805	1059806	26	0.8057
chr1	1059905	1059906	26	0.5509
chr1	1060005	1060006	18	0.6708
chr1	1060105	1060106	28	0.5777
chr1	1060135	1060136	26	0.63
chr1	1060173	1060174	27	0.7532
chr1	1060183	1060184	40	0.6069
chr1	1060198	1060199	30	0.792
chr1	1060243	1060244	26	0.7957
chr1	1060268	1060269	29	0.7063
chr1	1060314	1060315	25	0.611
chr1	1060352	1060353	31	0.2899
chr1	1060402	1060403	35	0.2706
chr1	1060429	1060430	32	0.384
chr1	1060462	1060463	26	0.397
chr1	1060504	1060505	32	0.5834
chr1	1060524	1060525	29	0.4777
chr1	1060546	1060547	24	0.6265
chr1	1060585	1060586	32	0.58
chr1	1060618	1060619	26	0.6271
chr1	1060663	1060664	25	0.7444
chr1	1060678	1060679	29	0.7714
chr1	1060679	1060680	39	0.6478
chr1	1060734	1060735	41	0.598
chr1	1060825	1060826	20	0.5433
chr1	1060925	1060926	34	0.7205
chr1	1060992	1060993	31	0.669
chr1	1061092	1061093	32	0.4731
chr1	1061156	1061157	30	0.7406
chr1	1061238	1061239	22	0.9457
chr1	1061390	1061391	27	0.6223
chr1	1061410	1061411	26	0.7575
chr1	1061466	1061467	38	0.7464
chr1	1061478	1061479	36	0.7479
chr1	1061548	1061549	27	0.5963
chr1	1062479	1062480	32	0.1588
chr1	1062512	1062513	24	0.1643
chr1	1062527	1062528	37	0.283
chr1	1062548	1062549	33	0.1715
chr1	1062565	1062566	35	0.1006
chr1	1062612	1062613	27	0.01
chr1	1062661	1062662	27	0.0683
chr1	1062676	1062677	30	0.2453
chr1	1062718	1062719	39	0.0741
chr1	1062767	1062768	27	0.0642
chr1	1062787	1062788	21	0.0151
chr1	1062809	1062810	32	0.2154
chr1	1062857	1062858	34	0.1403
chr1	1062898	1062899	27	0.0965
chr1	1062927	1062928	17	0.1528
chr1	1062972	1062973	30	0.0
chr1	1063030	1063031	26	0.1272
chr1	1063080	1063081	28	0.074
chr1	1063165	1063166	25	0.078
chr1	1063265	1063266	35	0.028
chr1	1063359	1063360	22	0.2362
chr1	1063445	1063446	31	0.0
chr1	1063489	1063490	26	0.0882
chr1	1063507	1063508	38	0.1123
chr1	1063547	1063548	28	0.06
chr1	1063562	1063563	37	0.021
chr1	1063612	1063613	18	0.0113
chr1	1063642	1063643	34	0.0074
chr1	1063663	1063664	34	0.2606
chr1	1063693	1063694	26	0.102
chr1	1063722	1063723	22	0.0085
chr1	1063772	1063773	23	0.0221
chr1	1063789	1063790	29	0.0803
chr1	1063818	1063819	26	0.1567
chr1	1063851	1063852	22	0.0529
chr1	1063883	1063884	32	0.0626
chr1	1063928	1063929	28	0.0913
chr1	1063956	1063957	26	0.1426
chr1	1063988	1063989	29	0.2156
chr1	1064006	1064007	24	0.1608
chr1	1064081	1064082	28	0.1269
chr1	1064178	1064179	25	0.0079
chr1	1064234	1064235	33	0.0122
chr1	1064284	1064285	35	0.0
chr1	1064384	1064385	31	0.037
chr1	1064475	1064476	28	0.0138
chr1	1064525	1064526	32	0.0
chr1	1064573	1064574	41	0.8281
chr1	1064617	1064618	30	0.6854
chr1	1064640	1064641	31	0.8796
chr1	1064656	1064657	26	0.9536
chr1	1064673	1064674	35	0.863
chr1	1064704	1064705	30	0.8056
chr1	1064744	1064745	25	0.913
chr1	1064772	1064773	30	0.962
chr1	1064822	1064823	32	0.8936
chr1	1064837	1064838	32	0.8498
chr1	1064859	1064860	29	0.7903
chr1	1064891	1064892	35	0.9058
chr1	1064916	1064917	25	0.7606
chr1	1064955	1064956	29	0.794
chr1	1064984	1064985	28	0.889
chr1	1065004	1065005	17	0.7402
chr1	1065039	1065040	28	0.8038
chr1	1065076	1065077	26	0.9367
chr1	1065112	1065113	29	0.8768
chr1	1065187	1065188	21	0.7665
chr1	1065259	1065260	29	0.9183
chr1	1065311	1065312	29	0.8184
chr1	1065411	1065412	31	0.8816
chr1	1065511	1065512	26	0.8789
chr1	1065561	1065562	30	0.8635
chr1	1065627	1065628	31	0.7397
chr1	1065659	1065660	24	0.9429
chr1	1065683	1065684	27	0.8988
chr1	1065733	1065734	26	0.7666
chr1	1065765	1065766	16	0.5721
chr1	1065795	1065796	25	0.6379
chr1	1065810	1065811	31	0.6914
chr1	1065848	1065849	30	0.78
chr1	1065898	1065899	26	0.7462
chr1	1065921	1065922	28	0.6409
chr1	1065937	1065938	31	0.6622
chr1	1065952	1065953	26	0.8383
chr1	1065967	1065968	30	0.7823
chr1	1066017	1066018	33	0.7792
chr1	1066067	1066068	30	0.6718
chr1	1066086	1066087	24	0.6341
chr1	1066136	1066137	22	0.6794
chr1	1066175	1066176	31	0.8236
chr1	1066211	1066212	36	0.6542
chr1	1066311	1066312	38	0.7938
chr1	1066396	1066397	33	0.7882
chr1	1066496	1066497	44	0.6377
chr1	1066561	1066562	22	0.7348
chr1	1066661	1066662	29	0.7287
chr1	1066697	1066698	37	0.8062
chr1	1066714	1066715	34	0.1867
chr1	1066732	1066733	34	0.2832
chr1	1066757	1066758	22	0.402
chr1	1066777	1066778	39	0.388
chr1	1066821	1066822	36	0.3842
chr1	1066860	1066861	28	0.2442
chr1	1066907	1066908	31	0.2212
chr1	1066930	1066931	34	0.1911
chr1	1066969	1066970	30	0.1948
chr1	1067019	1067020	38	0.2073
chr1	1067039	1067040	33	0.181
chr1	1067089	1067090	33	0.0994
chr1	1067115	1067116	26	0.2108
chr1	1067165	1067166	23	0.2863
chr1	1067215	1067216	37	0.3326
chr1	1067264	1067265	27	0.1868
chr1	1067295	1067296	30	0.1373
chr1	1067306	1067307	35	0.2921
chr1	1067406	1067407	29	0.2692
chr1	1067506	1067507	26	0.3632
chr1	1067606	1067607	30	0.1221
chr1	1067706	1067707	22	0.182
chr1	1067806	1067807	27	0.1831
chr1	1067904	1067905	19	0.099
chr1	1067910	1067911	28	0.3285
chr1	1067957	1067958	25	0.3419
chr1	1067972	1067973	29	0.3003
chr1	1068022	1068023	36	0.264
chr1	1068049	1068050	22	0.3537
chr1	1068099	1068100	23	0.3885
chr1	1068145	1068146	25	0.2365
chr1	1068179	1068180	26	0.4757
chr1	1068204	1068205	26	0.3986
chr1	1068227	1068228	30	0.4056
chr1	1068267	1068268	25	0.4477
chr1	1068305	1068306	28	0.4783
chr1	1068329	1068330	23	0.3657
chr1	1068349	1068350	30	0.5714
chr1	1068399	1068400	26	0.2042
chr1	1068415	1068416	41	0.3425
chr1	1068471	1068472	35	0.3992
chr1	1068571	1068572	24	0.3195
chr1	1068671	1068672	27	0.3611
chr1	1068771	1068772	29	0.2866
chr1	1068871	1068872	31	0.4169
chr1	1068891	1068892	35	0.1479
chr1	1068903	1068904	36	0.0118
chr1	1068953	1068954	28	0.1024
chr1	1068989	1068990	33	0.1656
chr1	1069117	1069118	26	0.1138
chr1	1069147	1069148	28	0.0943
chr1	1069233	1069234	18	0.1675
chr1	1069271	1069272	30	0.7898
chr1	1069309	1069310	21	0.919
chr1	1069326	1069327	29	1.0
chr1	1069376	1069377	33	0.8384
chr1	1069398	1069399	33	0.9767
chr1	1069413	1069414	35	0.8179
chr1	1069430	1069431	25	0.8084
chr1	1069454	1069455	31	0.8111
chr1	1069503	1069504	32	0.8742
chr1	1069535	1069536	35	0.9074
chr1	1069552	1069553	30	0.7261
chr1	1069597	1069598	27	0.8642
chr1	1069626	1069627	28	0.8798
chr1	1069642	1069643	39	0.7203
chr1	1069680	1069681	30	0.7821
chr1	1069702	1069703	32	0.8777
chr1	1069717	1069718	29	0.9245
chr1	1069758	1069759	27	0.8518
chr1	1069808	1069809	33	0.8624
chr1	1069814	1069815	25	0.8488
chr1	1069914	1069915	25	0.894
chr1	1070014	1070015	30	0.6825
chr1	1070114	1070115	31	0.892
chr1	1070214	1070215	42	0.785
chr1	1070264	1070265	25	0.7996
chr1	1070314	1070315	27	0.7798
chr1	1070412	1070413	30	0.9693
chr1	1070453	1070454	30	0.3082
chr1	1070471	1070472	29	0.015
chr1	1070510	1070511	30	0.8399
chr1	1070550	1070551	34	0.806
chr1	1070583	1070584	34	0.7742
chr1	1070606	1070607	27	0.4894
chr1	1070621	1070622	28	0.7572
chr1	1070648	1070649	36	0.3528
chr1	1070680	1070681	33	0.4201
chr1	1070710	1070711	23	0.0
chr1	1070732	1070733	27	0.0
chr1	1070749	1070750	32	0.7344
chr1	1070799	1070800	28	0.5754
chr1	1070814	1070815	24	0.083
chr1	1070833	1070834	29	0.1948
chr1	1070852	1070853	23	0.5592
chr1	1070876	1070877	25	0.0114
chr1	1070913	1070914	34	0.3069
chr1	1070930	1070931	30	0.8551
chr1	1071030	1071031	36	0.5255
chr1	1071130	1071131	38	0.523
chr1	1071218	1071219	26	0.8322
chr1	1071318	1071319	24	0.001
chr1	1071340	1071341	31	1.0
chr1	1071410	1071411	20	1.0
chr1	1071458	1071459	25	0.0747
chr1	1071487	1071488	36	0.2132
chr1	1071534	1071535	30	0.1769
chr1	1071584	1071585	24	0.0474
chr1	1071628	1071629	28	0.0207
chr1	1071643	1071644	24	0.1444
chr1	1071663	1071664	23	0.1147
chr1	1071710	1071711	34	0.2708
chr1	1071759	1071760	29	0.0755
chr1	1071787	1071788	35	0.0
chr1	1071809	1071810	29	0.1992
chr1	1071846	1071847	24	0.1511
chr1	1071862	1071863	33	0.1691
chr1	1071891	1071892	23	0.0429
chr1	1071941	1071942	31	0.1015
chr1	1071969	1071970	25	0.0449
chr1	1071991	1071992	22	0.1994
chr1	1071995	1071996	27	0.0812
chr1	1072081	1072082	34	0.2857
chr1	1072131	1072132	31	0.1323
chr1	1072231	1072232	34	0.1512
chr1	1072298	1072299	32	0.1524
chr1	1072348	1072349	35	0.2099
chr1	1072428	1072429	28	0.0737
chr1	1072527	1072528	29	0.2622
chr1	1072589	1072590	24	0.1631
chr1	1072621	1072622	28	0.1747
chr1	1072630	1072631	22	0.4676
chr1	1072645	1072646	24	0.4438
chr1	1072673	1072674	37	0.3867
chr1	1072696	1072697	30	0.2636
chr1	1072720	1072721	26	0.479
chr1	1072763	1072764	24	0.5944
chr1	1072799	1072800	26	0.3708
chr1	1072820	1072821	30	0.5615
chr1	1072841	1072842	38	0.5586
chr1	1072872	1072873	22	0.353
chr1	1072922	1072923	27	0.4844
chr1	1072941	1072942	21	0.4854
chr1	1072991	1072992	28	0.6194
chr1	1073030	1073031	21	0.4689
chr1	1073053	1073054	32	0.3042
chr1	1073077	1073078	28	0.3793
chr1	1073096	1073097	34	0.3572
chr1	1073117	1073118	37	0.3705
chr1	1073167	1073168	35	0.5464
chr1	1073177	1073178	35	0.5263
chr1	1073228	1073229	38	0.376
chr1	1073328	1073329	32	0.6676
chr1	1073412	1073413	41	0.4206
chr1	1073512	1073513	32	0.4792
chr1	1073599	1073600	31	0.5472
chr1	1073699	1073700	32	0.4322
chr1	1073773	1073774	25	0.0131
chr1	1073855	1073856	38	0.0058
chr1	1073935	1073936	21	0.1018
chr1	1073953	1073954	32	0.2657
chr1	1073955	1073956	26	0.1701
chr1	1073993	1073994	26	0.133
chr1	1074089	1074090	24	0.2036
chr1	1074116	1074117	28	0.93
chr1	1074131	1074132	40	0.6354
chr1	1074150	1074151	31	0.8983
chr1	1074177	1074178	32	0.8093
chr1	1074213	1074214	35	0.8904
chr1	1074239	1074240	28	0.6557
chr1	1074278	1074279	30	0.8192
chr1	1074321	1074322	26	0.7515
chr1	1074352	1074353	26	0.8269
chr1	1074402	1074403	33	0.7264
chr1	1074442	1074443	27	0.855
chr1	1074458	1074459	29	0.8146
chr1	1074487	1074488	23	0.9718
chr1	1074516	1074517	23	0.85
chr1	1074531	1074532	35	0.7548
chr1	1074560	1074561	35	0.8261
chr1	1074610	1074611	15	0.699
chr1	1074634	1074635	30	0.8133
chr1	1074639	1074640	28	0.8851
chr1	1074739	1074740	31	0.8504
chr1	1074796	1074797	23	0.7859
chr1	1074874	1074875	27	0.8111
chr1	1074974	1074975	38	0.6612
chr1	1075074	1075075	26	0.9467
chr1	1075104	1075105	35	0.8737
chr1	1075114	1075115	32	0.8671
chr1	1075130	1075131	26	0.7565
chr1	1075162	1075163	20	0.8468
chr1	1075189	1075190	27	0.9272
chr1	1075238	1075239	20	0.8905
chr1	1075262	1075263	36	0.7179
chr1	1075303	1075304	24	0.7461
chr1	1075329	1075330	32	0.969
chr1	1075379	1075380	25	0.9025
chr1	1075397	1075398	32	0.869
chr1	1075415	1075416	30	0.7859
chr1	1075442	1075443	32	0.9185
chr1	1075457	1075458	33	0.8627
chr1	1075484	1075485	21	0.7249
chr1	1075499	1075500	34	0.8788
chr1	1075514	1075515	30	0.8034
chr1	1075555	1075556	29	0.6461
chr1	1075579	1075580	34	0.758
chr1	1075594	1075595	25	0.8843
chr1	1075620	1075621	33	0.8579
chr1	1075710	1075711	39	0.8663
chr1	1075810	1075811	37	0.8509
chr1	1075896	1075897	34	0.8839
chr1	1075970	1075971	31	0.9141
chr1	1076070	1076071	36	0.7575
chr1	1076154	1076155	21	0.8952
chr1	1076165	1076166	36	0.3434
chr1	1076183	1076184	28	0.2517
chr1	1076221	1076222	29	0.2717
chr1	1076255	1076256	30	0.399
chr1	1076305	1076306	26	0.2602
chr1	1076331	1076332	19	0.2298
chr1	1076367	1076368	28	0.3568
chr1	1076389	1076390	21	0.343
chr1	1076430	1076431	32	0.3504
chr1	1076455	1076456	20	0.2577
chr1	1076490	1076491	32	0.3099
chr1	1076540	1076541	29	0.1863
chr1	1076567	1076568	35	0.2761
chr1	1076617	1076618	30	0.4161
chr1	1076661	1076662	26	0.1747
chr1	1076681	1076682	20	0.4752
chr1	1076764	1076765	37	0.4279
chr1	1076843	1076844	26	0.3917
chr1	1076902	1076903	33	0.1912
chr1	1076974	1076975	41	0.3904
chr1	1077037	1077038	22	0.2937
chr1	1077137	1077138	31	0.2706
chr1	1077143	1077144	31	0.2773
chr1	1077155	1077156	31	0.5952
chr1	1077196	1077197	35	0.513
chr1	1077231	1077232	31	0.4901
chr1	1077280	1077281	22	0.4762
chr1	1077307	1077308	27	0.5922
chr1	1077334	1077335	33	0.4751
chr1	1077364	1077365	26	0.5166
chr1	1077390	1077391	27	0.6794
chr1	1077412	1077413	30	0.3932
chr1	1077462	1077463	32	0.4675
chr1	1077483	1077484	31	0.4835
chr1	1077498	1077499	35	0.6132
chr1	1077517	1077518	32	0.6276
chr1	1077540	1077541	38	0.597
chr1	1077590	1077591	31	0.5418
chr1	1077640	1077641	23	0.5657
chr1	1077667	1077668	32	0.4939
chr1	1077767	1077768	23	0.3611
chr1	1077867	1077868	29	0.2717
chr1	1077967	1077968	25	0.4606
chr1	1078067	1078068	34	0.5045
chr1	1078167	1078168	32	0.3766
chr1	1078201	1078202	25	0.5891
chr1	1078243	1078244	26	0.4569
chr1	1078267	1078268	25	1.0
chr1	1078296	1078297	33	0.8519
chr1	1078322	1078323	33	0.2832
chr1	1078359	1078360	28	0.3549
chr1	1078394	1078395	25	0.8196
chr1	1078417	1078418	37	0.6106
chr1	1078433	1078434	34	0.7357
chr1	1078452	1078453	39	0.5785
chr1	1078481	1078482	29	0.4581
chr1	1078499	1078500	24	0.968
chr1	1078522	1078523	30	0.8292
chr1	1078557	1078558	18	0.5528
chr1	1078593	1078594	27	0.571
chr1	1078629	1078630	28	0.6517
chr1	1078644	1078645	31	0.2076
chr1	1078680	1078681	28	0.3346
chr1	1078730	1078731	34	0.8026
chr1	1078765	1078766	28	0.9144
chr1	1078789	1078790	25	1.0
chr1	1078808	1078809	25	0.4607
chr1	1078817	1078818	25	0.8387
chr1	1078917	1078918	30	0.5805
chr1	1078974	1078975	26	0.5891
chr1	1079074	1079075	28	0.4223
chr1	1079131	1079132	37	0.9851
chr1	1079196	1079197	34	0.141
chr1	1079296	1079297	30	0.7996
chr1	1079346	1079347	33	0.6094
chr1	1079442	1079443	23	0.739
chr1	1079456	1079457	36	0.2004
chr1	1079492	1079493	29	0.2093
chr1	1079507	1079508	18	0.1816
chr1	1079557	1079558	24	0.1538
chr1	1079607	1079608	41	0.1645
chr1	1079651	1079652	30	0.1748
chr1	1079701	1079702	36	0.2176
chr1	1079732	1079733	31	0.2152
chr1	1079755	1079756	28	0.1677
chr1	1079796	1079797	27	0.0651
chr1	1079834	1079835	18	0.2305
chr1	1079871	1079872	32	0.086
chr1	1079921	1079922	37	0.2478
chr1	1079936	1079937	37	0.1357
chr1	1079967	1079968	28	0.0002
chr1	1080017	1080018	31	0.1377
chr1	1080067	1080068	32	0.2752
chr1	1080127	1080128	33	0.0729
chr1	1080215	1080216	30	0.2174
chr1	1080315	1080316	41	0.1257
chr1	1080409	1080410	29	0.217
chr1	1080459	1080460	27	0.1632
chr1	1080543	1080544	30	0.0327
chr1	1080552	1080553	27	0.2661
chr1	1080569	1080570	24	0.5323
chr1	1080619	1080620	32	0.33
chr1	1080645	1080646	20	0.6123
chr1	1080674	1080675	32	0.551
chr1	1080724	1080725	28	0.407
chr1	1080747	1080748	32	0.3485
chr1	1080793	1080794	25	0.3809
chr1	1080808	1080809	30	0.4417
chr1	1080829	1080830	28	0.3581
chr1	1080849	1080850	30	0.5665
chr1	1080877	1080878	31	0.3652
chr1	1080895	1080896	18	0.5292
chr1	1080919	1080920	35	0.4283
chr1	1080950	1080951	35	0.4663
chr1	1080990	1080991	30	0.2683
chr1	1081012	1081013	34	0.4325
chr1	1081025	1081026	29	0.5475
chr1	1081125	1081126	31	0.327
chr1	1081176	1081177	34	0.5116
chr1	1081232	1081233	27	0.5938
chr1	1081332	1081333	28	0.4139
chr1	1081432	1081433	18	0.4113
chr1	1081482	1081483	35	0.5906
chr1	1081646	1081647	30	0.7599
chr1	1081664	1081665	32	0.7731
chr1	1081700	1081701	27	0.7748
chr1	1081834	1081835	32	0.5839
chr1	1081876	1081877	33	0.7774
chr1	1081878	1081879	18	0.6966
chr1	1081894	1081895	35	0.7288
chr1	1081956	1081957	26	0.6703
chr1	1081989	1081990	28	0.7947
chr1	1082026	1082027	26	0.882
chr1	1082076	1082077	32	0.9238
chr1	1082116	1082117	36	0.9617
chr1	1082144	1082145	29	0.9483
chr1	1082186	1082187	32	0.9475
chr1	1082236	1082237	24	0.8193
chr1	1082263	1082264	28	0.9422
chr1	1082302	1082303	26	0.9768
chr1	1082325	1082326	35	1.0
chr1	1082351	1082352	26	0.8744
chr1	1082401	1082402	26	0.8632
chr1	1082425	1082426	24	0.8188
chr1	1082454	1082455	29	0.9304
chr1	1082461	1082462	31	1.0
chr1	1082561	1082562	36	0.9712
chr1	1082611	1082612	27	1.0
chr1	1082663	1082664	39	0.9129
chr1	1082763	1082764	20	0.929
chr1	1082819	1082820	33	0.8246
chr1	1082919	1082920	31	0.9079
chr1	1082979	1082980	21	0.9517
chr1	1082989	1082990	25	0.7256
chr1	1083017	1083018	25	0.5051
chr1	1083050	1083051	25	0.6408
chr1	1083079	1083080	33	0.522
chr1	1083098	1083099	31	0.5267
chr1	1083134	1083135	38	0.5939
chr1	1083184	1083185	32	0.7886
chr1	1083210	1083211	29	0.7557
chr1	1083260	1083261	36	0.5673
chr1	1083296	1083297	30	0.7103
chr1	1083346	1083347	29	0.6834
chr1	1083380	1083381	31	0.597
chr1	1083409	1083410	28	0.7229
chr1	1083509	1083510	27	0.7061
chr1	1083609	1083610	28	0.7071
chr1	1083709	1083710	33	0.7419
chr1	1083809	1083810	28	0.6809
chr1	1083829	1083830	30	0.7986
chr1	1083857	1083858	32	0.6868
chr1	1083864	1083865	36	0.4198
chr1	1083887	1083888	26	0.4686
chr1	1083937	1083938	26	0.358
chr1	1083962	1083963	26	0.2967
chr1	1083990	1083991	27	0.5306
chr1	1084011	1084012	15	0.3764
chr1	1084046	1084047	28	0.4903
chr1	1084096	1084097	31	0.4742
chr1	1084123	1084124	32	0.4412
chr1	1084149	1084150	33	0.4795
chr1	1084170	1084171	24	0.3649
chr1	1084215	1084216	29	0.4987
chr1	1084243	1084244	26	0.4827
chr1	1084281	1084282	28	0.5267
chr1	1084305	1084306	39	0.5883
chr1	1084355	1084356	26	0.3993
chr1	1084455	1084456	33	0.4825
chr1	1084551	1084552	26	0.5619
chr1	1084617	1084618	20	0.4978
chr1	1084678	1084679	26	0.5845
chr1	1084704	1084705	35	0.8665
chr1	1084910	1084911	26	0.8246
chr1	1084944	1084945	38	0.7462
chr1	1085000	1085001	44	0.784
chr1	1085140	1085141	35	0.7019
chr1	1085181	1085182	32	0.5093
chr1	1085208	1085209	24	0.5533
chr1	1085243	1085244	23	0.6448
chr1	1085260	1085261	33	0.4057
chr1	1085286	1085287	30	0.6365
chr1	1085334	1085335	28	0.4817
chr1	1085370	1085371	30	0.6651
chr1	1085407	1085408	19	0.7079
chr1	1085443	1085444	23	0.7199
chr1	1085477	1085478	32	0.4001
chr1	1085492	1085493	23	0.6644
chr1	1085515	1085516	30	0.5523
chr1	1085535	1085536	26	0.5206
chr1	1085556	1085557	32	0.589
chr1	1085600	1085601	26	0.6049
chr1	1085632	1085633	32	0.6814
chr1	1085663	1085664	24	0.3761
chr1	1085694	1085695	35	0.5569
chr1	1085698	1085699	35	0.71
chr1	1085798	1085799	22	0.6552
chr1	1085848	1085849	34	0.4375
chr1	1085948	1085949	25	0.4863
chr1	1086039	1086040	30	0.4936
chr1	1086139	1086140	28	0.541
chr1	1086189	1086190	30	0.661
chr1	1086197	1086198	36	0.6826
chr1	1086285	1086286	27	0.7231
chr1	1086326	1086327	24	0.7547
chr1	1086376	1086377	30	0.5938
chr1	1086419	1086420	27	0.7337
chr1	1086434	1086435	33	0.6992
chr1	1086484	1086485	25	0.6881
chr1	1086534	1086535	16	0.7036
chr1	1086578	1086579	33	0.6383
chr1	1086593	1086594	32	0.6918
chr1	1086621	1086622	26	0.7698
chr1	1086671	1086672	36	0.5738
chr1	1086691	1086692	32	0.8081
chr1	1086716	1086717	34	0.6619
chr1	1086738	1086739	25	0.6095
chr1	1086761	1086762	20	0.5797
chr1	1086776	1086777	32	0.7387
chr1	1086811	1086812	23	0.6799
chr1	1086833	1086834	23	0.5044
chr1	1086933	1086934	37	0.7101
chr1	1087033	1087034	38	0.7907
chr1	1087116	1087117	29	0.7486
chr1	1087216	1087217	25	0.6088
chr1	1087296	1087297	29	0.6735
chr1	1087340	1087341	37	0.8459
chr1	1087346	1087347	30	0.5972
chr1	1087385	1087386	34	0.6121
chr1	1087401	1087402	30	0.6862
chr1	1087451	1087452	19	0.4134
chr1	1087495	1087496	32	0.4871
chr1	1087525	1087526	32	0.5744
chr1	1087541	1087542	31	0.5893
chr1	1087583	1087584	27	0.7087
chr1	1087598	1087599	29	0.4099
chr1	1087623	1087624	43	0.3923
chr1	1087673	1087674	37	0.5651
chr1	1087712	1087713	30	0.4649
chr1	1087727	1087728	29	0.5691
chr1	1087777	1087778	35	0.4719
chr1	1087793	1087794	33	0.5941
chr1	1087814	1087815	35	0.6253
chr1	1087830	1087831	37	0.6883
chr1	1087857	1087858	20	0.6898
chr1	1087957	1087958	24	0.5634
chr1	1088054	1088055	34	0.601
chr1	1088154	1088155	29	0.4369
chr1	1088254	1088255	21	0.5868
chr1	1088318	1088319	31	0.3541
chr1	1088332	1088333	27	1.0
chr1	1088610	1088611	33	0.9673
chr1	1088692	1088693	36	1.0
chr1	1088752	1088753	28	0.8898
chr1	1088796	1088797	32	0.8823
chr1	1088810	1088811	30	0.895
chr1	1088853	1088854	32	0.1696
chr1	1088888	1088889	34	0.1467
chr1	1088923	1088924	36	0.0773
chr1	1088973	1088974	24	0.1459
chr1	1088991	1088992	31	0.1179
chr1	1089023	1089024	23	0.0578
chr1	1089063	1089064	25	0.1709
chr1	1089087	1089088	33	0.2501
chr1	1089114	1089115	25	0.1593
chr1	1089132	1089133	24	0.218
chr1	1089174	1089175	27	0.1793
chr1	1089195	1089196	33	0.0
chr1	1089216	1089217	33	0.103
chr1	1089260	1089261	35	0.2158
chr1	1089296	1089297	29	0.089
chr1	1089317	1089318	23	0.1311
chr1	1089417	1089418	32	0.2082
chr1	1089467	1089468	27	0.1747
chr1	1089537	1089538	21	0.1278
chr1	1089637	1089638	23	0.2232
chr1	1089691	1089692	28	0.2232
chr1	1089787	1089788	32	0.0388
chr1	1089796	1089797	19	0.3439
chr1	1089837	1089838	32	0.4159
chr1	1089862	1089863	31	0.3934
chr1	1089881	1089882	27	0.4577
chr1	1089931	1089932	32	0.3649
chr1	1089981	1089982	27	0.4355
chr1	1089996	1089997	27	0.2931
chr1	1090042	1090043	28	0.2945
chr1	1090078	1090079	27	0.3839
chr1	1090121	1090122	31	0.611
chr1	1090167	1090168	33	0.3842
chr1	1090190	1090191	34	0.4189
chr1	1090205	1090206	22	0.3908
chr1	1090255	1090256	39	0.3822
chr1	1090285	1090286	26	0.5445
chr1	1090300	1090301	24	0.3538
chr1	1090301	1090302	34	0.3491
chr1	1090351	1090352	36	0.3656
chr1	1090449	1090450	34	0.3877
chr1	1090549	1090550	30	0.4085
chr1	1090649	1090650	37	0.4047
chr1	1090749	1090750	36	0.4104
chr1	1090867	1090868	30	0.1425
chr1	1090913	1090914	31	0.0
chr1	1090949	1090950	28	0.0565
chr1	1090963	1090964	33	0.0106
chr1	1091013	1091014	27	0.0856
chr1	1091139	1091140	29	0.1698
chr1	1091201	1091202	26	0.0
chr1	1091207	1091208	18	0.183
chr1	1091217	1091218	26	0.0048
chr1	1091235	1091236	39	0.1186
chr1	1091285	1091286	24	0.0213
chr1	1091303	1091304	31	0.2077
chr1	1091322	1091323	28	0.2613
chr1	1091364	1091365	39	0.0
chr1	1091400	1091401	38	0.1624
chr1	1091436	1091437	33	0.0769
chr1	1091460	1091461	36	0.2096
chr1	1091510	1091511	21	0.1918
chr1	1091543	1091544	31	0.2809
chr1	1091593	1091594	25	0.0075
chr1	1091620	1091621	37	0.079
chr1	1091670	1091671	23	0.1615
chr1	1091716	1091717	19	0.0559
chr1	1091732	1091733	41	0.1661
chr1	1091754	1091755	37	0.0592
chr1	1091854	1091855	27	0.0613
chr1	1091954	1091955	23	0.1759
chr1	1092052	1092053	34	0.1193
chr1	1092152	1092153	36	0.1422
chr1	1092202	1092203	38	0.1472
chr1	1092204	1092205	35	0.0265
chr1	1092210	1092211	27	0.1477
chr1	1092250	1092251	34	0.3139
chr1	1092274	1092275	31	0.3648
chr1	1092322	1092323	24	0.2077
chr1	1092372	1092373	33	0.2938
chr1	1092396	1092397	33	0.413
chr1	1092427	1092428	18	0.1325
chr1	1092465	1092466	32	0.4571
chr1	1092490	1092491	26	0.2788
chr1	1092516	1092517	35	0.325
chr1	1092564	1092565	20	0.3736
chr1	1092608	1092609	25	0.3983
chr1	1092633	1092634	38	0.4083
chr1	1092655	1092656	27	0.4617
chr1	1092691	1092692	28	0.4492
chr1	1092709	1092710	28	0.2288
chr1	1092759	1092760	26	0.3478
chr1	1092769	1092770	32	0.2192
chr1	1092869	1092870	30	0.4403
chr1	1092969	1092970	28	0.3328
chr1	1093030	1093031	34	0.3753
chr1	1093125	1093126	45	0.5156
chr1	1093199	1093200	26	0.296
chr1	1093256	1093257	32	0.2441
chr1	1093294	1093295	22	0.3294
chr1	1093344	1093345	29	0.2497
chr1	1093349	1093350	25	0.2446
chr1	1093381	1093382	30	0.2106
chr1	1093409	1093410	26	0.1381
chr1	1093459	1093460	30	0.311
chr1	1093474	1093475	35	0.432
chr1	1093489	1093490	22	0.3358
chr1	1093513	1093514	35	0.3804
chr1	1093534	1093535	34	0.2699
chr1	1093565	1093566	28	0.2702
chr1	1093599	1093600	32	0.2021
chr1	1093614	1093615	28	0.3271
chr1	1093642	1093643	36	0.2702
chr1	1093692	1093693	38	0.3634
chr1	1093707	1093708	35	0.256
chr1	1093735	1093736	33	0.1711
chr1	1093762	1093763	32	0.1595
chr1	1093812	1093813	25	0.3595
chr1	1093838	1093839	31	0.1086
chr1	1093873	1093874	27	0.2251
chr1	1093901	1093902	29	0.3504
chr1	1093911	1093912	30	0.3911
chr1	1094011	1094012	32	0.4108
chr1	1094089	1094090	32	0.072
chr1	1094189	1094190	19	0.2342
chr1	1094261	1094262	36	0.3229
chr1	1094340	1094341	29	0.4869
chr1	1094411	1094412	34	0.4075
chr1	1094461	1094462	35	0.2299
chr1	1094469	1094470	33	0.4591
chr1	1094487	1094488	22	0.6224
chr1	1094539	1094540	25	0.6799
chr1	1094549	1094550	32	0.3927
chr1	1094687	1094688	27	0.5376
chr1	1094701	1094702	28	0.6522
chr1	1094747	1094748	34	0.6182
chr1	1094791	1094792	21	0.5663
chr1	1094817	1094818	31	0.4758
chr1	1094831	1094832	41	0.8785
chr1	1094846	1094847	26	0.8384
chr1	1094881	1094882	22	0.8124
chr1	1094931	1094932	20	0.7397
chr1	1094946	1094947	27	0.6354
chr1	1094988	1094989	36	0.6113
chr1	1095010	1095011	33	0.6642
chr1	1095038	1095039	31	0.7396
chr1	1095053	1095054	37	0.636
chr1	1095103	1095104	23	0.7856
chr1	1095118	1095119	30	0.8477
chr1	1095148	1095149	30	0.7482
chr1	1095198	1095199	19	0.8265
chr1	1095227	1095228	27	0.7849
chr1	1095254	1095255	35	0.8357
chr1	1095304	1095305	28	0.9484
chr1	1095343	1095344	23	0.859
chr1	1095443	1095444	35	0.8152
chr1	1095493	1095494	27	0.8933
chr1	1095579	1095580	33	0.7072
chr1	1095629	1095630	31	0.7267
chr1	1095723	1095724	35	0.7616
chr1	1095818	1095819	28	0.5355
chr1	1095844	1095845	23	0.7845
chr1	1095902	1095903	36	0.7243
chr1	1095907	1095908	24	0.6473
chr1	1095935	1095936	23	0.7691
chr1	1095959	1095960	28	0.8108
chr1	1096000	1096001	37	0.7811
chr1	1096020	1096021	37	0.8138
chr1	1096058	1096059	30	0.6244
chr1	1096108	1096109	33	0.597
chr1	1096146	1096147	28	0.7311
chr1	1096196	1096197	35	0.6629
chr1	1096220	1096221	32	0.2382
chr1	1096236	1096237	20	0.5505
chr1	1096253	1096254	28	0.3901
chr1	1096291	1096292	26	0.2928
chr1	1096309	1096310	35	0.383
chr1	1096359	1096360	29	0.367
chr1	1096386	1096387	34	0.6206
chr1	1096397	1096398	32	0.5865
chr1	1096456	1096457	37	0.6885
chr1	1096556	1096557	23	0.8762
chr1	1096606	1096607	33	0.7572
chr1	1096686	1096687	29	0.7259
chr1	1096786	1096787	13	0.6739
chr1	1096886	1096887	30	0.7795
chr1	1096978	1096979	28	0.5747
chr1	1097190	1097191	24	0.7765
chr1	1097214	1097215	25	0.5083
chr1	1097220	1097221	38	0.817
chr1	1097346	1097347	30	0.6454
chr1	1097395	1097396	27	0.4516
chr1	1097435	1097436	29	0.5317
chr1	1097450	1097451	26	0.3908
chr1	1097500	1097501	23	0.7864
chr1	1097522	1097523	36	1.0
chr1	1097537	1097538	29	0.9763
chr1	1097587	1097588	37	0.5837
chr1	1097621	1097622	30	0.8935
chr1	1097636	1097637	28	0.9008
chr1	1097668	1097669	19	0.8583
chr1	1097707	1097708	32	0.4699
chr1	1097757	1097758	31	0.6378
chr1	1097773	1097774	35	0.9641
chr1	1097806	1097807	22	1.0
chr1	1097906	1097907	31	0.8757
chr1	1098006	1098007	24	0.564
chr1	1098056	1098057	24	0.6117
chr1	1098156	1098157	33	0.6214
chr1	1098265	1098266	26	0.8614
chr1	1098289	1098290	16	0.8943
chr1	1098332	1098333	29	0.1209
chr1	1098357	1098358	27	0.2704
chr1	1098390	1098391	36	0.3352
chr1	1098440	1098441	27	0.202
chr1	1098465	1098466	28	0.2927
chr1	1098484	1098485	30	0.1366
chr1	1098520	1098521	30	0.2648
chr1	1098542	1098543	39	0.2429
chr1	1098592	1098593	28	0.2868
chr1	1098612	1098613	35	0.4547
chr1	1098632	1098633	22	0.228
chr1	1098682	1098683	35	0.2004
chr1	1098697	1098698	25	0.2607
chr1	1098731	1098732	26	0.2235
chr1	1098754	1098755	26	0.2595
chr1	1098854	1098855	35	0.2026
chr1	1098954	1098955	23	0.2409
chr1	1099004	1099005	38	0.2409
chr1	1099092	1099093	26	0.3287
chr1	1099146	1099147	29	0.337
chr1	1099214	1099215	23	0.2678
chr1	1099218	1099219	35	0.1648
chr1	1099249	1099250	33	0.8192
chr1	1099292	1099293	27	0.8073
chr1	1099309	1099310	34	0.7879
chr1	1099327	1099328	29	0.6242
chr1	1099353	1099354	26	0.6539
chr1	1099376	1099377	24	0.8106
chr1	1099426	1099427	29	0.8731
chr1	1099457	1099458	31	0.6617
chr1	1099498	1099499	28	0.6959
chr1	1099513	1099514	32	0.7992
chr1	1099545	1099546	36	0.6223
chr1	1099577	1099578	32	0.7008
chr1	1099614	1099615	28	0.7246
chr1	1099640	1099641	31	0.7632
chr1	1099701	1099702	30	0.7527
chr1	1099801	1099802	38	0.7854
chr1	1099878	1099879	35	0.7197
chr1	1099978	1099979	32	0.5598
chr1	1100000	1100001	28	0.9241
chr1	1100005	1100006	34	0.9461
chr1	1100048	1100049	21	0.9033
chr1	1100067	1100068	30	0.982
chr1	1100097	1100098	27	0.8771
chr1	1100117	1100118	29	0.7678
chr1	1100149	1100150	31	0.9222
chr1	1100178	1100179	34	0.932
chr1	1100203	1100204	32	1.0
chr1	1100220	1100221	29	0.7656
chr1	1100235	1100236	33	0.8902
chr1	1100260	1100261	34	0.9154
chr1	1100294	1100295	31	0.7964
chr1	1100343	1100344	29	0.9028
chr1	1100393	1100394	30	0.8235
chr1	1100413	1100414	25	0.862
chr1	1100455	1100456	36	1.0
chr1	1100472	1100473	30	0.7749
chr1	1100495	1100496	29	0.655
chr1	1100515	1100516	22	0.6527
chr1	1100525	1100526	23	0.6407
chr1	1100625	1100626	38	0.5945
chr1	1100692	1100693	31	0.5866
chr1	1100792	1100793	25	0.5692
chr1	1100892	1100893	31	0.6728
chr1	1100992	1100993	32	0.8956
chr1	1101030	1101031	23	0.9169
chr1	1101090	1101091	29	0.9161
chr1	1101094	1101095	31	0.9123
chr1	1101158	1101159	26	0.9751
chr1	1101384	1101385	39	0.9579
chr1	1101478	1101479	23	0.8515
chr1	1101484	1101485	18	0.9767
chr1	1101492	1101493	27	0.4834
chr1	1101507	1101508	30	0.3528
chr1	1101536	1101537	30	0.4215
chr1	1101586	1101587	23	0.4153
chr1	1101611	1101612	28	0.4796
chr1	1101626	1101627	29	0.5574
chr1	1101644	1101645	25	0.4082
chr1	1101673	1101674	26	0.3662
chr1	1101723	1101724	32	0.3991
chr1	1101738	1101739	31	0.3899
chr1	1101755	1101756	34	0.4401
chr1	1101780	1101781	23	0.4443
chr1	1101830	1101831	26	0.4699
chr1	1101852	1101853	27	0.4209
chr1	1101867	1101868	24	0.4274
chr1	1101890	1101891	37	0.3518
chr1	1101908	1101909	36	0.4115
chr1	1101928	1101929	30	0.3905
chr1	1101943	1101944	29	0.6272
chr1	1101982	1101983	31	0.3202
chr1	1102006	1102007	36	0.3976
chr1	1102023	1102024	33	0.3609
chr1	1102039	1102040	26	0.3478
chr1	1102062	1102063	31	0.3591
chr1	1102112	1102113	28	0.6235
chr1	1102201	1102202	31	0.3899
chr1	1102280	1102281	33	0.4508
chr1	1102380	1102381	29	0.3612
chr1	1102430	1102431	27	0.4325
chr1	1102526	1102527	29	0.448
chr1	1102576	1102577	27	0.4778
chr1	1102627	1102628	34	0.4041
chr1	1102705	1102706	29	0.0
chr1	1102827	1102828	32	0.042
chr1	1102921	1102922	31	0.0472
chr1	1102999	1103000	25	0.1857
chr1	1103031	1103032	24	0.0552
chr1	1103035	1103036	30	0.1365
chr1	1103047	1103048	21	0.0604
chr1	1103123	1103124	8	0.1813
chr1	1103148	1103149	34	0.7862
chr1	1103181	1103182	29	0.7381
chr1	1103231	1103232	33	0.8896
chr1	1103255	1103256	31	0.554
chr1	1103287	1103288	23	0.8657
chr1	1103303	1103304	38	0.5997
chr1	1103321	1103322	30	0.7199
chr1	1103358	1103359	40	0.7305
chr1	1103392	1103393	31	0.8263
chr1	1103427	1103428	26	0.6944
chr1	1103442	1103443	31	0.5151
chr1	1103457	1103458	34	0.7211
chr1	1103500	1103501	33	0.6823
chr1	1103515	1103516	26	0.6873
chr1	1103565	1103566	24	0.7622
chr1	1103596	1103597	28	0.6171
chr1	1103646	1103647	31	0.8208
chr1	1103683	1103684	27	0.8617
chr1	1103733	1103734	30	0.7666
chr1	1103811	1103812	33	0.7212
chr1	1103894	1103895	29	0.767
chr1	1103944	1103945	27	0.7998
chr1	1104044	1104045	24	0.7665
chr1	1104138	1104139	32	0.6926
chr1	1104178	1104179	31	0.7686
chr1	1104226	1104227	31	0.7323
chr1	1104231	1104232	25	0.4391
chr1	1104262	1104263	29	0.5749
chr1	1104312	1104313	31	0.6037
chr1	1104328	1104329	30	0.4324
chr1	1104348	1104349	23	0.5734
chr1	1104386	1104387	27	0.4032
chr1	1104422	1104423	37	0.4318
chr1	1104472	1104473	34	0.5361
chr1	1104508	1104509	41	0.5466
chr1	1104532	1104533	30	0.4121
chr1	1104582	1104583	30	0.4707
chr1	1104632	1104633	28	0.6338
chr1	1104682	1104683	31	0.5911
chr1	1104710	1104711	35	0.5444
chr1	1104715	1104716	26	0.5178
chr1	1104815	1104816	27	0.5979
chr1	1104895	1104896	42	0.4541
chr1	1104988	1104989	20	0.5104
chr1	1105088	1105089	24	0.351
chr1	1105138	1105139	27	0.4718
chr1	1105214	1105215	37	0.6899
chr1	1105378	1105379	31	0.796
chr1	1105486	1105487	28	0.8021
chr1	1105564	1105565	33	0.7269
chr1	1105570	1105571	24	0.7896
chr1	1105606	1105607	31	0.7653
chr1	1105632	1105633	28	0.1181
chr1	1105655	1105656	32	0.1699
chr1	1105705	1105706	23	0.2696
chr1	1105743	1105744	28	0.1111
chr1	1105772	1105773	33	0.2433
chr1	1105799	1105800	34	0.352
chr1	1105827	1105828	27	0.1153
chr1	1105870	1105871	34	0.1842
chr1	1105919	1105920	21	0.2263
chr1	1105965	1105966	36	0.1819
chr1	1105983	1105984	30	0.2119
chr1	1106030	1106031	36	0.0803
chr1	1106080	1106081	31	0.1428
chr1	1106093	1106094	30	0.1272
chr1	1106180	1106181	31	0.0852
chr1	1106280	1106281	26	0.0707
chr1	1106376	1106377	30	0.2645
chr1	1106426	1106427	21	0.0523
chr1	1106526	1106527	24	0.2446
chr1	1106542	1106543	35	0.1379
chr1	1106550	1106551	25	0.0169
chr1	1106558	1106559	30	0.4897
chr1	1106581	1106582	27	0.5773
chr1	1106603	1106604	25	0.6165
chr1	1106619	1106620	36	0.6755
chr1	1106637	1106638	28	0.5112
chr1	1106687	1106688	31	0.8119
chr1	1106737	1106738	28	0.6494
chr1	1106757	1106758	40	0.6861
chr1	1106799	1106800	43	0.5066
chr1	1106836	1106837	32	0.5957
chr1	1106862	1106863	29	0.6971
chr1	1106909	1106910	36	0.5275
chr1	1106928	1106929	42	0.6306
chr1	1106957	1106958	27	0.4682
chr1	1107001	1107002	35	0.6912
chr1	1107018	1107019	33	0.7268
chr1	1107033	1107034	34	0.6142
chr1	1107056	1107057	35	0.682
chr1	1107091	1107092	32	0.6224
chr1	1107093	1107094	29	0.6197
chr1	1107170	1107171	25	0.6723
chr1	1107270	1107271	32	0.5932
chr1	1107333	1107334	24	0.6794
chr1	1107433	1107434	34	0.5219
chr1	1107533	1107534	32	0.5244
chr1	1107555	1107556	32	0.9106
chr1	1107691	1107692	23	0.8483
chr1	1107737	1107738	34	0.8013
chr1	1107743	1107744	37	1.0
chr1	1107797	1107798	33	0.6784
chr1	1107865	1107866	29	0.7701
chr1	1107973	1107974	24	0.9014
chr1	1107982	1107983	26	0.5496
chr1	1108011	1108012	28	0.6415
chr1	1108033	1108034	28	0.5289
chr1	1108074	1108075	36	0.5194
chr1	1108095	1108096	39	0.67
chr1	1108129	1108130	23	0.5877
chr1	1108144	1108145	33	0.4883
chr1	1108166	1108167	30	0.6234
chr1	1108201	1108202	36	0.6308
chr1	1108222	1108223	30	0.3594
chr1	1108253	1108254	35	0.5069
chr1	1108303	1108304	24	0.6208
chr1	1108334	1108335	30	0.7316
chr1	1108384	1108385	31	0.6222
chr1	1108434	1108435	35	0.4348
chr1	1108484	1108485	31	0.476
chr1	1108491	1108492	30	0.5531
chr1	1108591	1108592	30	0.5674
chr1	1108691	1108692	27	0.74
chr1	1108791	1108792	30	0.7109
chr1	1108888	1108889	34	0.5153
chr1	1108988	1108989	36	0.6816
chr1	1108994	1108995	19	0.9053
chr1	1109092	1109093	32	0.9743
chr1	1109096	1109097	19	0.7109
chr1	1109190	1109191	19	0.9726
chr1	1109442	1109443	40	0.8012
chr1	1109484	1109485	23	0.811
chr1	1109489	1109490	28	0.6673
chr1	1109523	1109524	35	0.6969
chr1	1109538	1109539	30	0.6029
chr1	1109577	1109578	25	0.5844
chr1	1109605	1109606	31	0.5563
chr1	1109648	1109649	34	0.5301
chr1	1109677	1109678	31	0.5907
chr1	1109694	1109695	34	0.5782
chr1	1109718	1109719	41	0.6828
chr1	1109738	1109739	30	0.8105
chr1	1109778	1109779	38	0.476
chr1	1109828	1109829	27	0.6387
chr1	1109854	1109855	27	0.5565
chr1	1109886	1109887	22	0.5327
chr1	1109928	1109929	40	0.4209
chr1	1109964	1109965	26	0.6369
chr1	1109979	1109980	33	0.7526
chr1	1110014	1110015	27	0.7688
chr1	1110043	1110044	29	0.795
chr1	1110143	1110144	22	0.7735
chr1	1110243	1110244	24	0.6557
chr1	1110343	1110344	33	0.7109
chr1	1110443	1110444	32	0.6735
chr1	1110527	1110528	33	0.6919
chr1	1110577	1110578	25	0.6408
chr1	1110631	1110632	38	1.0
chr1	1110645	1110646	30	0.9071
chr1	1110793	1110794	35	0.8569
chr1	1110875	1110876	31	0.8688
chr1	1110935	1110936	26	0.9698
chr1	1111041	1111042	36	0.8046
chr1	1111046	1111047	25	0.525
chr1	1111071	1111072	31	0.5292
chr1	1111102	1111103	37	0.531
chr1	1111152	1111153	34	0.4341
chr1	1111167	1111168	25	0.5778
chr1	1111188	1111189	33	0.3755
chr1	1111233	1111234	22	0.4019
chr1	1111273	1111274	31	0.6126
chr1	1111321	1111322	31	0.4455
chr1	1111371	1111372	31	0.5103
chr1	1111411	1111412	29	0.6801
chr1	1111457	1111458	34	0.5609
chr1	1111472	1111473	31	0.5642
chr1	1111494	1111495	25	0.4569
chr1	1111509	1111510	29	0.4982
chr1	1111543	1111544	37	0.3995
chr1	1111558	1111559	31	0.544
chr1	1111596	1111597	37	0.6611
chr1	1111627	1111628	27	0.4578
chr1	1111645	1111646	32	0.4605
chr1	1111677	1111678	28	0.4792
chr1	1111679	1111680	24	0.4491
chr1	1111779	1111780	28	0.6187
chr1	1111879	1111880	34	0.4227
chr1	1111974	1111975	21	0.5185
chr1	1112060	1112061	31	0.5149
chr1	1112110	1112111	21	0.5871
chr1	1112210	1112211	36	0.4149
chr1	1112310	1112311	16	0.3538
chr1	1112378	1112379	21	0.2465
chr1	1112430	1112431	30	0.279
chr1	1112448	1112449	27	0.5448
chr1	1112474	1112475	21	0.217
chr1	1112508	1112509	25	0.2549
chr1	1112586	1112587	34	0.1251
chr1	1112684	1112685	23	0.2072
chr1	1112762	1112763	26	0.2924
chr1	1112783	1112784	28	0.8108
chr1	1112824	1112825	31	0.6988
chr1	1112874	1112875	38	0.7458
chr1	1112913	1112914	34	0.6919
chr1	1112950	1112951	31	0.8047
chr1	1112988	1112989	28	0.5284
chr1	1113025	1113026	25	0.605
chr1	1113046	1113047	22	0.7661
chr1	1113068	1113069	25	0.6143
chr1	1113118	1113119	19	0.6509
chr1	1113158	1113159	25	0.8704
chr1	1113191	1113192	35	0.6821
chr1	1113214	1113215	36	0.6276
chr1	1113231	1113232	29	0.4548
chr1	1113331	1113332	30	0.7688
chr1	1113406	1113407	39	0.6526
chr1	1113456	1113457	24	0.5862
chr1	1113556	1113557	27	0.706
chr1	1113615	1113616	24	0.6687
chr1	1113687	1113688	23	0.6344
chr1	1113712	1113713	19	0.7384
chr1	1113762	1113763	33	0.2464
chr1	1113790	1113791	19	0.864
chr1	1113805	1113806	29	0.8281
chr1	1113834	1113835	37	0.2802
chr1	1113873	1113874	27	0.0
chr1	1113888	1113889	30	0.941
chr1	1113935	1113936	34	0.981
chr1	1113985	1113986	28	0.4473
chr1	1114004	1114005	26	0.6197
chr1	1114034	1114035	22	0.5878
chr1	1114084	1114085	29	0.601
chr1	1114102	1114103	32	0.3168
chr1	1114152	1114153	25	0.2406
chr1	1114199	1114200	26	0.796
chr1	1114238	1114239	29	0.9248
chr1	1114254	1114255	27	0.117
chr1	1114354	1114355	34	0.5138
chr1	1114415	1114416	28	0.5377
chr1	1114465	1114466	32	0.0316
chr1	1114555	1114556	31	0.127
chr1	1114624	1114625	30	0.2494
chr1	1114693	1114694	26	0.059
chr1	1114777	1114778	21	0.5205
chr1	1114813	1114814	33	0.5654
chr1	1114828	1114829	26	0.6464
chr1	1114865	1114866	32	0.6889
chr1	1114890	1114891	29	0.8094
chr1	1114915	1114916	36	0.6291
chr1	1114948	1114949	27	0.769
chr1	1114998	1114999	26	0.8101
chr1	1115030	1115031	28	0.8299
chr1	1115057	1115058	32	0.795
chr1	1115106	1115107	30	0.7995
chr1	1115136	1115137	24	0.8463
chr1	1115154	1115155	31	0.5062
chr1	1115172	1115173	34	0.8787
chr1	1115204	1115205	28	0.6932
chr1	1115235	1115236	31	0.7032
chr1	1115284	1115285	31	0.7968
chr1	1115299	1115300	30	0.7543
chr1	1115317	1115318	39	0.7251
chr1	1115344	1115345	25	0.7208
chr1	1115403	1115404	29	0.9025
chr1	1115485	1115486	26	0.6515
chr1	1115566	1115567	34	0.7683
chr1	1115666	1115667	28	0.7375
chr1	1115729	1115730	33	0.6567
chr1	1115829	1115830	36	0.7373
chr1	1115845	1115846	31	0.9922
chr1	1115854	1115855	31	0.1926
chr1	1115882	1115883	28	0.0874
chr1	1115897	1115898	22	0.1308
chr1	1115912	1115913	29	0.1901
chr1	1115932	1115933	22	0.3503
chr1	1115948	1115949	24	0.2714
chr1	1115998	1115999	23	0.1445
chr1	1116022	1116023	25	0.1003
chr1	1116060	1116061	23	0.1004
chr1	1116089	1116090	35	0.1319
chr1	1116130	1116131	29	0.2166
chr1	1116161	1116162	24	0.4691
chr1	1116211	1116212	31	0.2988
chr1	1116258	1116259	29	0.4207
chr1	1116279	1116280	33	0.3585
chr1	1116302	1116303	17	0.4178
chr1	1116333	1116334	30	0.3288
chr1	1116354	1116355	32	0.4907
chr1	1116444	1116445	26	0.3492
chr1	1116544	1116545	33	0.3049
chr1	1116644	1116645	33	0.3967
chr1	1116704	1116705	29	0.2535
chr1	1116804	1116805	37	0.4048
chr1	1116938	1116939	24	0.04
chr1	1116986	1116987	32	0.1855
chr1	1117076	1117077	30	0.1622
chr1	1117140	1117141	22	0.3091
chr1	1117226	1117227	33	0.2565
chr1	1117232	1117233	33	0.3235
chr1	1117247	1117248	40	0.2274
chr1	1117268	1117269	22	0.2974
chr1	1117316	1117317	33	0.2191
chr1	1117355	1117356	28	0.3629
chr1	1117388	1117389	38	0.1617
chr1	1117425	1117426	30	0.261
chr1	1117448	1117449	28	0.2102
chr1	1117472	1117473	32	0.3432
chr1	1117497	1117498	36	0.2254
chr1	1117547	1117548	24	0.2978
chr1	1117570	1117571	28	0.1543
chr1	1117610	1117611	29	0.2529
chr1	1117640	1117641	35	0.3681
chr1	1117676	1117677	26	0.197
chr1	1117691	1117692	21	0.1888
chr1	1117741	1117742	30	0.2303
chr1	1117777	1117778	28	0.3221
chr1	1117799	1117800	29	0.3256
chr1	1117899	1117900	24	0.2202
chr1	1117963	1117964	29	0.2136
chr1	1118063	1118064	33	0.3446
chr1	1118163	1118164	21	0.2149
chr1	1118230	1118231	31	0.2235
chr1	1118297	1118298	35	0.1421
chr1	1118325	1118326	26	0.0
chr1	1118379	1118380	20	0.0
chr1	1118387	1118388	33	0.0666
chr1	1118469	1118470	29	0.0189
chr1	1118493	1118494	29	0.0
chr1	1118495	1118496	20	0.1238
chr1	1118571	1118572	28	0.1209
chr1	1118643	1118644	32	0.0336
chr1	1118699	1118700	30	0.2216
chr1	1118721	1118722	16	0.0518
chr1	1118728	1118729	33	0.6232
chr1	1118766	1118767	23	0.759
chr1	1118784	1118785	28	0.6464
chr1	1118820	1118821	28	0.6446
chr1	1118849	1118850	26	0.6955
chr1	1118868	1118869	31	0.6245
chr1	1118892	1118893	32	0.6597
chr1	1118930	1118931	35	0.5826
chr1	1118955	1118956	39	0.6939
chr1	1118978	1118979	36	0.5615
chr1	1119024	1119025	30	0.6174
chr1	1119059	1119060	25	0.781
chr1	1119096	1119097	26	0.686
chr1	1119126	1119127	22	0.8301
chr1	1119226	1119227	30	0.5011
chr1	1119318	1119319	31	0.8151
chr1	1119418	1119419	30	0.6969
chr1	1119518	1119519	25	0.6816
chr1	1119530	1119531	23	0.9139
chr1	1119616	1119617	20	0.9348
chr1	1119626	1119627	32	0.8409
chr1	1119706	1119707	33	0.9139
chr1	1119790	1119791	30	0.8228
chr1	1119814	1119815	31	0.9086
chr1	1119826	1119827	23	0.8815
chr1	1119842	1119843	31	0.964
chr1	1119934	1119935	26	0.999
chr1	1120002	1120003	34	0.7495
chr1	1120021	1120022	27	0.6617
chr1	1120045	1120046	33	0.818
chr1	1120075	1120076	23	0.6475
chr1	1120119	1120120	25	0.8336
chr1	1120147	1120148	17	0.8891
chr1	1120170	1120171	35	0.8349
chr1	1120210	1120211	20	0.7688
chr1	1120226	1120227	24	0.7158
chr1	1120258	1120259	28	0.8129
chr1	1120281	1120282	37	0.8069
chr1	1120331	1120332	35	0.8455
chr1	1120367	1120368	40	0.8076
chr1	1120382	1120383	29	0.8968
chr1	1120409	1120410	34	0.7944
chr1	1120447	1120448	26	0.7572
chr1	1120479	1120480	28	0.8456
chr1	1120503	1120504	34	0.8341
chr1	1120519	1120520	27	0.8644
chr1	1120534	1120535	21	0.9125
chr1	1120570	1120571	29	0.8348
chr1	1120586	1120587	30	0.964
chr1	1120686	1120687	28	0.7944
chr1	1120764	1120765	33	0.9355
chr1	1120864	1120865	32	0.9464
chr1	1120964	1120965	28	0.813
chr1	1121064	1121065	29	0.6996
chr1	1121114	1121115	32	0.969
chr1	1121130	1121131	27	0.981
chr1	1121186	1121187	18	0.7552
chr1	1121227	1121228	34	0.9409
chr1	1121247	1121248	28	0.9082
chr1	1121272	1121273	32	0.726
chr1	1121296	1121297	30	0.7717
chr1	1121314	1121315	27	0.7969
chr1	1121334	1121335	25	0.7889
chr1	1121358	1121359	22	0.8902
chr1	1121378	1121379	25	0.8278
chr1	1121415	1121416	36	0.8627
chr1	1121437	1121438	28	0.79
chr1	1121466	1121467	29	0.7751
chr1	1121505	1121506	30	0.9168
chr1	1121532	1121533	33	0.8811
chr1	1121576	1121577	25	0.8328
chr1	1121626	1121627	29	0.7825
chr1	1121674	1121675	28	0.8426
chr1	1121679	1121680	29	0.932
chr1	1121779	1121780	28	0.8979
chr1	1121879	1121880	26	0.817
chr1	1121979	1121980	31	0.8602
chr1	1122067	1122068	23	0.7333
chr1	1122131	1122132	32	0.8971
chr1	1122140	1122141	35	0.5697
chr1	1122158	1122159	31	0.6464
chr1	1122183	1122184	31	0.4145
chr1	1122224	1122225	30	0.5433
chr1	1122274	1122275	28	0.5708
chr1	1122289	1122290	24	0.5048
chr1	1122339	1122340	29	0.6421
chr1	1122366	1122367	31	0.5636
chr1	1122381	1122382	29	0.6596
chr1	1122422	1122423	23	0.6241
chr1	1122465	1122466	27	0.4923
chr1	1122513	1122514	35	0.5949
chr1	1122536	1122537	32	0.6189
chr1	1122565	1122566	28	0.4505
chr1	1122665	1122666	26	0.6347
chr1	1122765	1122766	26	0.4081
chr1	1122865	1122866	27	0.4424
chr1	1122965	1122966	28	0.5204
chr1	1123129	1123130	27	0.861
chr1	1123141	1123142	30	0.8197
chr1	1123301	1123302	40	0.7128
chr1	1123409	1123410	25	0.6232
chr1	1123439	1123440	24	0.8006
chr1	1123447	1123448	31	0.4824
chr1	1123471	1123472	28	0.6674
chr1	1123487	1123488	29	0.5892
chr1	1123531	1123532	33	0.4819
chr1	1123581	1123582	34	0.5506
chr1	1123615	1123616	32	0.6198
chr1	1123656	1123657	37	0.6436
chr1	1123671	1123672	25	0.5565
chr1	1123718	1123719	30	0.5174
chr1	1123747	1123748	24	0.4325
chr1	1123777	1123778	32	0.4724
chr1	1123809	1123810	31	0.6492
chr1	1123836	1123837	31	0.4608
chr1	1123877	1123878	27	0.5837
chr1	1123896	1123897	32	0.5353
chr1	1123934	1123935	32	0.5959
chr1	1124034	1124035	32	0.5819
chr1	1124095	1124096	31	0.6186
chr1	1124195	1124196	14	0.6741
chr1	1124257	1124258	26	0.6613
chr1	1124314	1124315	30	0.6286
chr1	1124414	1124415	28	0.5901
chr1	1124436	1124437	30	0.9862
chr1	1124454	1124455	36	0.8308
chr1	1124660	1124661	32	0.7352
chr1	1124810	1124811	28	1.0
chr1	1124814	1124815	29	0.9546
chr1	1124874	1124875	35	0.792
chr1	1124886	1124887	29	0.6444
chr1	1124936	1124937	29	0.798
chr1	1124951	1124952	28	0.917
chr1	1124998	1124999	29	0.8235
chr1	1125048	1125049	26	0.7134
chr1	1125071	1125072	33	0.8165
chr1	1125094	1125095	30	0.6992
chr1	1125115	1125116	28	0.7059
chr1	1125133	1125134	27	0.9314
chr1	1125160	1125161	28	0.9626
chr1	1125176	1125177	32	0.8392
chr1	1125226	1125227	28	0.7817
chr1	1125276	1125277	33	0.8562
chr1	1125326	1125327	29	0.7536
chr1	1125329	1125330	25	0.8372
chr1	1125429	1125430	38	0.6222
chr1	1125515	1125516	28	0.7913
chr1	1125565	1125566	28	0.6883
chr1	1125648	1125649	32	0.7769
chr1	1125748	1125749	27	0.6544
chr1	1125764	1125765	25	0.7795
chr1	1125807	1125808	24	0.365
chr1	1125839	1125840	30	0.145
chr1	1125889	1125890	28	0.317
chr1	1125935	1125936	32	0.2738
chr1	1125975	1125976	36	0.2299
chr1	1126005	1126006	28	0.1546
chr1	1126033	1126034	28	0.1999
chr1	1126066	1126067	23	0.2241
chr1	1126095	1126096	29	0.1339
chr1	1126128	1126129	32	0.1865
chr1	1126146	1126147	34	0.2379
chr1	1126182	1126183	31	0.1741
chr1	1126230	1126231	31	0.2923
chr1	1126270	1126271	24	0.1425
chr1	1126291	1126292	29	0.4705
chr1	1126310	1126311	25	0.3874
chr1	1126329	1126330	31	0.4189
chr1	1126347	1126348	27	0.2495
chr1	1126377	1126378	26	0.3179
chr1	1126380	1126381	41	0.2007
chr1	1126480	1126481	29	0.1246
chr1	1126553	1126554	29	0.32
chr1	1126603	1126604	28	0.2642
chr1	1126653	1126654	32	0.4412
chr1	1126750	1126751	29	0.2078
chr1	1126850	1126851	28	0.3923
chr1	1126937	1126938	39	0.5236
chr1	1127025	1127026	23	0.2041
chr1	1127037	1127038	26	0.0681
chr1	1127062	1127063	29	0.6292
chr1	1127079	1127080	36	0.3762
chr1	1127108	1127109	26	0.5266
chr1	1127131	1127132	38	0.6448
chr1	1127164	1127165	25	0.5089
chr1	1127185	1127186	27	0.6267
chr1	1127235	1127236	24	0.526
chr1	1127285	1127286	20	0.6018
chr1	1127330	1127331	37	0.4911
chr1	1127366	1127367	27	0.5697
chr1	1127381	1127382	35	0.4054
chr1	1127399	1127400	26	0.475
chr1	1127424	1127425	25	0.5798
chr1	1127468	1127469	28	0.4965
chr1	1127502	1127503	34	0.5583
chr1	1127552	1127553	29	0.4351
chr1	1127567	1127568	32	0.6697
chr1	1127585	1127586	27	0.7071
chr1	1127635	1127636	32	0.604
chr1	1127735	1127736	20	0.5043
chr1	1127809	1127810	28	0.5727
chr1	1127884	1127885	33	0.4581
chr1	1127984	1127985	29	0.454
chr1	1128084	1128085	34	0.4889
chr1	1128154	1128155	25	0.4664
chr1	1128172	1128173	30	0.6951
chr1	1128187	1128188	37	0.596
chr1	1128222	1128223	22	0.6674
chr1	1128272	1128273	35	0.5125
chr1	1128322	1128323	29	0.5958
chr1	1128343	1128344	31	0.4415
chr1	1128363	1128364	29	0.675
chr1	1128378	1128379	35	0.5944
chr1	1128408	1128409	32	0.6181
chr1	1128451	1128452	33	0.6388
chr1	1128501	1128502	27	0.5451
chr1	1128551	1128552	29	0.6019
chr1	1128566	1128567	25	0.6147
chr1	1128593	1128594	30	0.7994
chr1	1128615	1128616	23	0.7269
chr1	1128651	1128652	35	0.6067
chr1	1128666	1128667	23	0.6348
chr1	1128697	1128698	28	0.5572
chr1	1128727	1128728	40	0.5584
chr1	1128758	1128759	39	0.5312
chr1	1128858	1128859	33	0.6557
chr1	1128958	1128959	28	0.594
chr1	1129041	1129042	26	0.5522
chr1	1129100	1129101	32	0.5619
chr1	1129160	1129161	18	0.5264
chr1	1129260	1129261	32	0.7046
chr1	1129312	1129313	27	0.5
chr1	1129340	1129341	29	0.5856
chr1	1129377	1129378	36	0.9389
chr1	1129399	1129400	42	0.6782
chr1	1129414	1129415	30	0.8425
chr1	1129464	1129465	30	0.7179
chr1	1129485	1129486	33	0.767
chr1	1129518	1129519	37	0.7987
chr1	1129568	1129569	22	0.7561
chr1	1129618	1129619	34	0.8048
chr1	1129668	1129669	32	0.7158
chr1	1129718	1129719	29	0.754
chr1	1129747	1129748	36	0.7971
chr1	1129797	1129798	26	0.8106
chr1	1129847	1129848	25	0.808
chr1	1129872	1129873	31	0.8057
chr1	1129897	1129898	42	0.7613
chr1	1129997	1129998	34	0.8802
chr1	1130076	1130077	30	0.7082
chr1	1130126	1130127	35	0.8246
chr1	1130226	1130227	33	0.6752
chr1	1130326	1130327	23	1.0
chr1	1130328	1130329	35	0.9363
chr1	1130372	1130373	30	0.7391
chr1	1130388	1130389	28	0.7259
chr1	1130416	1130417	32	0.7147
chr1	1130466	1130467	33	0.7591
chr1	1130485	1130486	28	0.8133
chr1	1130523	1130524	22	0.7907
chr1	1130563	1130564	23	0.7125
chr1	1130613	1130614	35	0.7271
chr1	1130659	1130660	30	0.87
chr1	1130704	1130705	27	0.8551
chr1	1130744	1130745	32	0.8854
chr1	1130769	1130770	26	0.5145
chr1	1130869	1130870	36	0.7381
chr1	1130941	1130942	24	0.638
chr1	1131041	1131042	30	0.735
chr1	1131091	1131092	25	0.6953
chr1	1131135	1131136	38	0.7719
chr1	1131153	1131154	32	0.6131
chr1	1131179	1131180	22	0.065
chr1	1131223	1131224	29	0.1264
chr1	1131238	1131239	30	0.2125
chr1	1131263	1131264	23	0.0912
chr1	1131285	1131286	30	0.2598
chr1	1131300	1131301	21	0.1078
chr1	1131322	1131323	26	0.1723
chr1	1131355	1131356	38	0.2094
chr1	1131405	1131406	32	0.114
chr1	1131443	1131444	28	0.2692
chr1	1131469	1131470	21	0.1997
chr1	1131494	1131495	26	0.1507
chr1	1131533	1131534	27	0.3537
chr1	1131569	1131570	37	0.2438
chr1	1131616	1131617	26	0.2978
chr1	1131632	1131633	38	0.1827
chr1	1131730	1131731	19	0.1857
chr1	1131830	1131831	24	0.1386
chr1	1131930	1131931	26	0.2631
chr1	1131994	1131995	32	0.008
chr1	1132028	1132029	36	0.0
chr1	1132052	1132053	33	0.7015
chr1	1132067	1132068	29	0.7901
chr1	1132117	1132118	31	0.7454
chr1	1132167	1132168	27	0.6669
chr1	1132189	1132190	32	0.7517
chr1	1132221	1132222	36	0.7077
chr1	1132257	1132258	24	0.7724
chr1	1132273	1132274	23	0.6785
chr1	1132323	1132324	27	0.7396
chr1	1132341	1132342	27	0.8053
chr1	1132391	1132392	31	0.7169
chr1	1132441	1132442	32	0.7305
chr1	1132456	1132457	37	0.6142
chr1	1132506	1132507	31	0.6321
chr1	1132531	1132532	21	0.7124
chr1	1132565	1132566	22	0.7459
chr1	1132664	1132665	19	0.8487
chr1	1132749	1132750	35	0.5683
chr1	1132834	1132835	28	0.8556
chr1	1132906	1132907	30	0.6142
chr1	1133006	1133007	19	0.6785
chr1	1133065	1133066	24	0.7135
chr1	1133137	1133138	20	0.7246
chr1	1133145	1133146	29	0.3
chr1	1133165	1133166	33	0.4123
chr1	1133193	1133194	27	0.3321
chr1	1133212	1133213	27	0.6034
chr1	1133227	1133228	41	0.583
chr1	1133248	1133249	33	0.5266
chr1	1133263	1133264	35	0.4209
chr1	1133283	1133284	31	0.4136
chr1	1133333	1133334	25	0.3586
chr1	1133352	1133353	34	0.5
chr1	1133386	1133387	31	0.5637
chr1	1133418	1133419	36	0.5347
chr1	1133439	1133440	30	0.5317
chr1	1133489	1133490	27	0.4142
chr1	1133513	1133514	30	0.4307
chr1	1133537	1133538	29	0.437
chr1	1133587	1133588	23	0.2764
chr1	1133602	1133603	34	0.4258
chr1	1133646	1133647	37	0.3813
chr1	1133667	1133668	25	0.4019
chr1	1133767	1133768	35	0.4474
chr1	1133817	1133818	31	0.4508
chr1	1133886	1133887	28	0.6441
chr1	1133973	1133974	31	0.5629
chr1	1134027	1134028	31	0.4932
chr1	1134127	1134128	35	0.5469
chr1	1134293	1134294	26	0.8456
chr1	1134339	1134340	26	0.9423
chr1	1134491	1134492	18	0.7403
chr1	1134523	1134524	35	0.8465
chr1	1134543	1134544	30	0.6916
chr1	1134619	1134620	29	0.7575
chr1	1134631	1134632	30	0.5005
chr1	1134664	1134665	18	0.6846
chr1	1134683	1134684	31	0.6622
chr1	1134707	1134708	26	0.628
chr1	1134739	1134740	28	0.6403
chr1	1134766	1134767	35	0.5746
chr1	1134787	1134788	25	0.623
chr1	1134807	1134808	31	0.6406
chr1	1134857	1134858	27	0.6165
chr1	1134880	1134881	20	0.6517
chr1	1134915	1134916	34	0.6009
chr1	1134943	1134944	26	0.7243
chr1	1134992	1134993	30	0.5851
chr1	1135033	1135034	31	0.5874
chr1	1135071	1135072	34	0.5544
chr1	1135086	1135087	31	0.5428
chr1	1135136	1135137	32	0.5493
chr1	1135158	1135159	31	0.6995
chr1	1135258	1135259	38	0.8034
chr1	1135358	1135359	30	0.7555
chr1	1135458	1135459	27	0.4925
chr1	1135508	1135509	29	0.6131
chr1	1135560	1135561	25	0.6836
chr1	1135660	1135661	29	0.6625
chr1	1135662	1135663	38	0.8428
chr1	1135671	1135672	27	0.5421
chr1	1135687	1135688	28	0.8004
chr1	1135728	1135729	23	0.6657
chr1	1135778	1135779	26	0.7217
chr1	1135803	1135804	31	0.6855
chr1	1135825	1135826	35	0.8642
chr1	1135849	1135850	15	0.6374
chr1	1135879	1135880	26	0.5167
chr1	1135909	1135910	27	0.584
chr1	1135935	1135936	42	0.7269
chr1	1135963	1135964	25	0.6315
chr1	1136001	1136002	24	0.6205
chr1	1136025	1136026	35	0.6087
chr1	1136048	1136049	29	0.5469
chr1	1136080	1136081	32	0.7105
chr1	1136107	1136108	21	0.4071
chr1	1136113	1136114	24	0.5746
chr1	1136213	1136214	33	0.6398
chr1	1136313	1136314	22	0.6847
chr1	1136388	1136389	26	0.4679
chr1	1136488	1136489	34	0.7834
chr1	1136506	1136507	39	0.8643
chr1	1136514	1136515	30	0.9742
chr1	1136544	1136545	32	0.9388
chr1	1136616	1136617	30	0.9623
chr1	1136710	1136711	30	0.7884
chr1	1136874	1136875	35	0.9296
chr1	1136880	1136881	22	0.9214
chr1	1136960	1136961	28	0.6521
chr1	1136991	1136992	37	0.7808
chr1	1137028	1137029	25	0.775
chr1	1137078	1137079	28	0.8906
chr1	1137109	1137110	29	0.7516
chr1	1137131	1137132	30	0.8603
chr1	1137162	1137163	21	0.797
chr1	1137197	1137198	24	0.7371
chr1	1137225	1137226	27	0.9629
chr1	1137255	1137256	30	0.8843
chr1	1137299	1137300	21	0.7826
chr1	1137318	1137319	21	0.7861
chr1	1137368	1137369	33	0.9178
chr1	1137390	1137391	34	0.8548
chr1	1137408	1137409	39	0.7247
chr1	1137435	1137436	32	0.869
chr1	1137437	1137438	18	0.8859
chr1	1137537	1137538	30	0.7699
chr1	1137637	1137638	41	0.8336
chr1	1137687	1137688	32	0.8071
chr1	1137787	1137788	28	0.8242
chr1	1137841	1137842	31	0.852
chr1	1137881	1137882	28	0.9839
chr1	1137897	1137898	26	0.9956
chr1	1137923	1137924	33	0.8643
chr1	1137955	1137956	29	0.9782
chr1	1137989	1137990	32	0.9617
chr1	1138008	1138009	38	0.8725
chr1	1138023	1138024	25	0.9615
chr1	1138073	1138074	32	0.8436
chr1	1138091	1138092	27	0.751
chr1	1138117	1138118	31	0.8657
chr1	1138162	1138163	30	0.8815
chr1	1138182	1138183	30	0.928
chr1	1138232	1138233	30	0.9529
chr1	1138281	1138282	35	0.8399
chr1	1138297	1138298	25	0.9497
chr1	1138312	1138313	30	0.8573
chr1	1138362	1138363	36	0.8282
chr1	1138385	1138386	27	0.8375
chr1	1138403	1138404	29	0.9144
chr1	1138408	1138409	30	0.9452
chr1	1138508	1138509	24	0.9396
chr1	1138571	1138572	32	0.982
chr1	1138671	1138672	32	0.8363
chr1	1138746	1138747	20	0.9412
chr1	1138846	1138847	26	0.8795
chr1	1138886	1138887	33	0.9471
chr1	1138912	1138913	39	0.8577
chr1	1138957	1138958	26	0.7604
chr1	1138972	1138973	26	0.8315
chr1	1139009	1139010	28	0.696
chr1	1139059	1139060	25	0.8168
chr1	1139089	1139090	19	1.0
chr1	1139112	1139113	23	0.7495
chr1	1139137	1139138	27	0.8883
chr1	1139167	1139168	31	0.7961
chr1	1139183	1139184	33	0.8157
chr1	1139211	1139212	32	0.7163
chr1	1139255	1139256	30	0.666
chr1	1139276	1139277	33	0.7651
chr1	1139295	1139296	34	0.8728
chr1	1139345	1139346	25	0.7507
chr1	1139369	1139370	28	0.7772
chr1	1139398	1139399	30	0.755
chr1	1139409	1139410	32	0.7572
chr1	1139473	1139474	31	0.7137
chr1	1139573	1139574	33	0.8339
chr1	1139623	1139624	30	0.7035
chr1	1139675	1139676	33	0.8018
chr1	1139775	1139776	34	0.7186
chr1	1139817	1139818	31	0.9913
chr1	1139843	1139844	34	0.738
chr1	1139851	1139852	32	0.6765
chr1	1139868	1139869	31	0.6004
chr1	1139909	1139910	27	0.7979
chr1	1139926	1139927	30	0.5479
chr1	1139969	1139970	34	0.6032
chr1	1139999	1140000	32	0.5572
chr1	1140043	1140044	27	0.6078
chr1	1140071	1140072	28	0.7219
chr1	1140115	1140116	25	0.5922
chr1	1140135	1140136	31	0.6036
chr1	1140171	1140172	25	0.7016
chr1	1140214	1140215	25	0.7572
chr1	1140237	1140238	26	0.6573
chr1	1140287	1140288	33	0.5755
chr1	1140305	1140306	33	0.7436
chr1	1140338	1140339	33	0.6606
chr1	1140438	1140439	32	0.6962
chr1	1140517	1140518	37	0.5297
chr1	1140596	1140597	35	0.5441
chr1	1140696	1140697	36	0.5496
chr1	1140796	1140797	32	0.6036
chr1	1140808	1140809	26	0.9092
chr1	1140828	1140829	30	0.7863
chr1	1141028	1141029	24	0.6931
chr1	1141052	1141053	32	0.7919
chr1	1141066	1141067	39	0.987
chr1	1141180	1141181	29	0.6928
chr1	1141201	1141202	31	0.7255
chr1	1141225	1141226	34	0.8791
chr1	1141254	1141255	23	0.8728
chr1	1141276	1141277	38	0.8468
chr1	1141295	1141296	20	0.7009
chr1	1141319	1141320	40	0.8533
chr1	1141334	1141335	22	0.8113
chr1	1141363	1141364	34	0.7269
chr1	1141403	1141404	23	0.6791
chr1	1141433	1141434	27	0.8048
chr1	1141470	1141471	29	0.5982
chr1	1141507	1141508	27	0.8166
chr1	1141524	1141525	27	0.7866
chr1	1141574	1141575	30	0.8171
chr1	1141614	1141615	31	0.8047
chr1	1141629	1141630	28	0.7804
chr1	1141664	1141665	35	0.7858
chr1	1141692	1141693	25	0.8192
chr1	1141723	1141724	33	0.849
chr1	1141744	1141745	32	0.7704
chr1	1141761	1141762	33	0.7786
chr1	1141861	1141862	29	0.8837
chr1	1141941	1141942	30	0.8318
chr1	1142011	1142012	37	0.7179
chr1	1142075	1142076	24	0.8637
chr1	1142175	1142176	29	0.826
chr1	1142265	1142266	30	0.7313
chr1	1142309	1142310	21	1.0
chr1	1142333	1142334	20	0.3872
chr1	1142370	1142371	32	0.537
chr1	1142392	1142393	25	0.5431
chr1	1142416	1142417	27	0.5378
chr1	1142431	1142432	34	0.4923
chr1	1142467	1142468	32	0.5206
chr1	1142503	1142504	36	0.5575
chr1	1142518	1142519	28	0.6219
chr1	1142544	1142545	25	0.6469
chr1	1142583	1142584	32	0.5878
chr1	1142613	1142614	35	0.4871
chr1	1142637	1142638	33	0.6229
chr1	1142665	1142666	36	0.6682
chr1	1142690	1142691	25	0.5699
chr1	1142706	1142707	25	0.5963
chr1	1142741	1142742	26	0.5138
chr1	1142791	1142792	36	0.7068
chr1	1142806	1142807	32	0.5409
chr1	1142832	1142833	38	0.5285
chr1	1142869	1142870	34	0.6869
chr1	1142889	1142890	34	0.3518
chr1	1142970	1142971	28	0.6787
chr1	1143070	1143071	27	0.541
chr1	1143136	1143137	35	0.47
chr1	1143236	1143237	24	0.51
chr1	1143299	1143300	27	0.5519
chr1	1143356	1143357	29	0.686
chr1	1143444	1143445	30	0.7423
chr1	1143464	1143465	28	0.6826
chr1	1143501	1143502	36	0.7104
chr1	1143551	1143552	34	0.7965
chr1	1143580	1143581	35	0.8594
chr1	1143604	1143605	25	0.8697
chr1	1143642	1143643	34	0.9014
chr1	1143668	1143669	26	0.7511
chr1	1143718	1143719	35	0.6907
chr1	1143755	1143756	31	0.9158
chr1	1143770	1143771	19	0.7746
chr1	1143793	1143794	24	0.6932
chr1	1143815	1143816	34	0.7821
chr1	1143830	1143831	25	0.7996
chr1	1143853	1143854	35	0.7812
chr1	1143903	1143904	24	0.775
chr1	1143942	1143943	34	0.6408
chr1	1143957	1143958	36	0.8561
chr1	1143969	1143970	28	0.847
chr1	1144019	1144020	30	0.6963
chr1	1144069	1144070	27	0.6311
chr1	1144169	1144170	26	0.6799
chr1	1144259	1144260	35	0.9386
chr1	1144359	1144360	21	0.7812
chr1	1144407	1144408	32	0.8401
chr1	1144445	1144446	29	0.5939
chr1	1144452	1144453	27	0.5197
chr1	1144469	1144470	28	0.5943
chr1	1144516	1144517	35	0.5928
chr1	1144549	1144550	25	0.5823
chr1	1144593	1144594	35	0.6338
chr1	1144617	1144618	21	0.5824
chr1	1144667	1144668	35	0.6478
chr1	1144689	1144690	29	0.5035
chr1	1144722	1144723	27	0.6493
chr1	1144772	1144773	19	0.5091
chr1	1144804	1144805	28	0.5442
chr1	1144837	1144838	30	0.6054
chr1	1144873	1144874	24	0.6794
chr1	1144890	1144891	38	0.5566
chr1	1144919	1144920	24	0.5876
chr1	1144952	1144953	25	0.6548
chr1	1144973	1144974	28	0.5757
chr1	1145023	1145024	36	0.6135
chr1	1145040	1145041	26	0.6377
chr1	1145056	1145057	32	0.4624
chr1	1145058	1145059	32	0.4922
chr1	1145108	1145109	33	0.5144
chr1	1145208	1145209	32	0.4245
chr1	1145308	1145309	26	0.5833
chr1	1145358	1145359	37	0.5266
chr1	1145428	1145429	33	0.6233
chr1	1145515	1145516	26	0.5999
chr1	1145609	1145610	29	0.7242
chr1	1145629	1145630	25	0.8128
chr1	1145881	1145882	30	0.746
chr1	1145973	1145974	30	0.5739
chr1	1146007	1146008	37	0.7296
chr1	1146083	1146084	24	0.8342
chr1	1146091	1146092	30	0.4687
chr1	1146141	1146142	36	0.3346
chr1	1146176	1146177	33	0.5072
chr1	1146191	1146192	24	0.6009
chr1	1146206	1146207	30	0.5048
chr1	1146237	1146238	24	0.6147
chr1	1146281	1146282	29	0.5489
chr1	1146296	1146297	30	0.5571
chr1	1146342	1146343	31	0.6949
chr1	1146392	1146393	37	0.6452
chr1	1146440	1146441	33	0.5921
chr1	1146481	1146482	39	0.633
chr1	1146503	1146504	25	0.6227
chr1	1146518	1146519	28	0.5436
chr1	1146568	1146569	32	0.4416
chr1	1146589	1146590	32	0.411
chr1	1146606	1146607	39	0.5128
chr1	1146637	1146638	27	0.6667
chr1	1146678	1146679	22	0.6081
chr1	1146710	1146711	27	0.6371
chr1	1146810	1146811	31	0.5065
chr1	1146860	1146861	26	0.564
chr1	1146959	1146960	20	0.563
chr1	1147059	1147060	32	0.4748
chr1	1147159	1147160	25	0.5551
chr1	1147259	1147260	32	0.5275
chr1	1147325	1147326	30	0.9663
chr1	1147393	1147394	19	0.9535
chr1	1147515	1147516	33	0.9244
chr1	1147535	1147536	17	0.8545
chr1	1147603	1147604	36	0.7233
chr1	1147669	1147670	31	0.8074
chr1	1147695	1147696	43	0.863
chr1	1147721	1147722	29	0.8789
chr1	1147725	1147726	22	0.8214
chr1	1147745	1147746	26	0.6286
chr1	1147763	1147764	33	0.6644
chr1	1147778	1147779	26	0.7331
chr1	1147797	1147798	35	0.8209
chr1	1147812	1147813	23	0.6672
chr1	1147835	1147836	34	0.7328
chr1	1147876	1147877	26	0.6085
chr1	1147905	1147906	27	0.7502
chr1	1147920	1147921	27	0.7957
chr1	1147954	1147955	35	0.7433
chr1	1147982	1147983	38	0.5809
chr1	1148018	1148019	19	0.6992
chr1	1148049	1148050	22	0.7061
chr1	1148066	1148067	31	0.8826
chr1	1148088	1148089	40	0.7614
chr1	1148103	1148104	26	0.5487
chr1	1148146	1148147	33	0.7267
chr1	1148161	1148162	35	0.6917
chr1	1148211	1148212	31	0.8713
chr1	1148236	1148237	29	0.7444
chr1	1148251	1148252	28	0.5881
chr1	1148255	1148256	33	0.6186
chr1	1148355	1148356	38	0.6319
chr1	1148450	1148451	38	0.5781
chr1	1148537	1148538	35	0.6176
chr1	1148637	1148638	28	0.8801
chr1	1148706	1148707	21	0.7746
chr1	1148764	1148765	35	0.8634
chr1	1148796	1148797	26	0.7444
chr1	1148804	1148805	30	0.3839
chr1	1148837	1148838	33	0.3573
chr1	1148863	1148864	24	0.3981
chr1	1148888	1148889	28	0.4764
chr1	1148910	1148911	32	0.629
chr1	1148925	1148926	33	0.6028
chr1	1148940	1148941	35	0.5558
chr1	1148990	1148991	29	0.5523
chr1	1149033	1149034	31	0.5219
chr1	1149061	1149062	24	0.2795
chr1	1149085	1149086	36	0.4637
chr1	1149135	1149136	27	0.4551
chr1	1149163	1149164	25	0.6162
chr1	1149178	1149179	36	0.3188
chr1	1149205	1149206	27	0.3084
chr1	1149248	1149249	30	0.5
chr1	1149270	1149271	33	0.5716
chr1	1149370	1149371	27	0.3062
chr1	1149470	1149471	34	0.5328
chr1	1149570	1149571	27	0.5733
chr1	1149670	1149671	32	0.5216
chr1	1149776	1149777	36	0.8188
chr1	1149806	1149807	30	0.8049
chr1	1149854	1149855	27	0.7505
chr1	1149858	1149859	33	0.6423
chr1	1149866	1149867	20	0.7566
chr1	1149868	1149869	31	0.7215
chr1	1149896	1149897	32	0.7101
chr1	1149962	1149963	35	0.7212
chr1	1149972	1149973	24	0.6
chr1	1149990	1149991	23	0.6304
chr1	1150009	1150010	29	0.6537
chr1	1150024	1150025	37	0.4355
chr1	1150066	1150067	28	0.6242
chr1	1150086	1150087	30	0.391
chr1	1150136	1150137	32	0.6077
chr1	1150159	1150160	17	0.5984
chr1	1150197	1150198	23	0.6554
chr1	1150247	1150248	26	0.4744
chr1	1150267	1150268	31	0.668
chr1	1150310	1150311	30	0.657
chr1	1150329	1150330	20	0.6546
chr1	1150370	1150371	29	0.5382
chr1	1150400	1150401	28	0.6293
chr1	1150429	1150430	33	0.662
chr1	1150603	1150604	31	0.6128
chr1	1150703	1150704	29	0.6135
chr1	1150762	1150763	20	0.5438
chr1	1150862	1150863	30	0.482
chr1	1150884	1150885	34	0.9751
chr1	1150968	1150969	28	0.8973
chr1	1150978	1150979	37	0.7689
chr1	1151074	1151075	32	0.7628
chr1	1151078	1151079	31	0.8369
chr1	1151106	1151107	24	1.0
chr1	1151182	1151183	28	0.9128
chr1	1151184	1151185	28	0.8009
chr1	1151191	1151192	25	0.4955
chr1	1151212	1151213	37	0.3947
chr1	1151262	1151263	32	0.2847
chr1	1151284	1151285	24	0.3566
chr1	1151319	1151320	36	0.4649
chr1	1151346	1151347	29	0.3664
chr1	1151396	1151397	29	0.4734
chr1	1151425	1151426	23	0.5292
chr1	1151450	1151451	24	0.3097
chr1	1151472	1151473	33	0.3206
chr1	1151493	1151494	29	0.2156
chr1	1151517	1151518	34	0.4379
chr1	1151549	1151550	32	0.4419
chr1	1151568	1151569	32	0.4448
chr1	1151608	1151609	28	0.4236
chr1	1151629	1151630	26	0.4882
chr1	1151644	1151645	27	0.4177
chr1	1151653	1151654	30	0.3017
chr1	1151753	1151754	29	0.3744
chr1	1151853	1151854	31	0.4706
chr1	1151946	1151947	30	0.4265
chr1	1151997	1151998	28	0.3566
chr1	1152047	1152048	21	0.3098
chr1	1152051	1152052	29	0.7525
chr1	1152055	1152056	26	0.921
chr1	1152153	1152154	26	0.6208
chr1	1152179	1152180	21	0.8129
chr1	1152249	1152250	20	0.6657
chr1	1152303	1152304	30	0.5695
chr1	1152345	1152346	24	0.5075
chr1	1152493	1152494	40	0.6551
chr1	1152521	1152522	24	0.6314
chr1	1152527	1152528	32	0.6465
chr1	1152544	1152545	29	0.7658
chr1	1152594	1152595	33	0.7996
chr1	1152639	1152640	21	0.6373
chr1	1152683	1152684	29	0.6668
chr1	1152703	1152704	31	0.7077
chr1	1152719	1152720	27	0.4111
chr1	1152765	1152766	37	0.3815
chr1	1152780	1152781	34	0.4775
chr1	1152810	1152811	31	0.5823
chr1	1152828	1152829	28	0.6298
chr1	1152878	1152879	38	0.619
chr1	1152928	1152929	34	0.5992
chr1	1152978	1152979	25	0.4888
chr1	1153016	1153017	32	0.6194
chr1	1153076	1153077	24	0.3795
chr1	1153142	1153143	37	0.6679
chr1	1153242	1153243	33	0.6492
chr1	1153342	1153343	31	0.5592
chr1	1153435	1153436	27	0.6433
chr1	1153463	1153464	33	0.8395
chr1	1153531	1153532	23	0.7979
chr1	1153705	1153706	29	0.768
chr1	1153811	1153812	22	0.647
chr1	1153815	1153816	23	0.9678
chr1	1153817	1153818	30	0.8801
chr1	1153839	1153840	27	0.8386
chr1	1153885	1153886	27	0.9307
chr1	1153924	1153925	14	0.0445
chr1	1153974	1153975	27	0.2511
chr1	1153989	1153990	33	0.2478
chr1	1154006	1154007	34	0.037
chr1	1154033	1154034	28	0.1544
chr1	1154048	1154049	31	0.0634
chr1	1154064	1154065	17	0.1465
chr1	1154099	1154100	28	0.1107
chr1	1154116	1154117	31	0.1234
chr1	1154135	1154136	30	0.0907
chr1	1154154	1154155	34	0.0885
chr1	1154177	1154178	41	0.1678
chr1	1154215	1154216	27	0.135
chr1	1154238	1154239	37	0.1287
chr1	1154253	1154254	24	0.2121
chr1	1154280	1154281	25	0.1326
chr1	1154295	1154296	26	0.1711
chr1	1154341	1154342	37	0.0091
chr1	1154391	1154392	37	0.1752
chr1	1154412	1154413	22	0.1857
chr1	1154431	1154432	26	0.0607
chr1	1154453	1154454	15	0.2672
chr1	1154553	1154554	26	0.208
chr1	1154648	1154649	32	0.2415
chr1	1154748	1154749	36	0.1122
chr1	1154848	1154849	27	0.1441
chr1	1154898	1154899	24	0.041
chr1	1154975	1154976	19	0.1671
chr1	1155019	1155020	32	0.0898
chr1	1155067	1155068	36	0.0735
chr1	1155103	1155104	31	0.8573
chr1	1155126	1155127	31	0.6992
chr1	1155176	1155177	35	0.9883
chr1	1155226	1155227	35	0.8502
chr1	1155271	1155272	36	0.9339
chr1	1155299	1155300	28	0.5889
chr1	1155327	1155328	23	0.6982
chr1	1155377	1155378	27	0.8848
chr1	1155396	1155397	38	0.6849
chr1	1155417	1155418	34	0.9627
chr1	1155432	1155433	38	0.7607
chr1	1155465	1155466	29	0.8992
chr1	1155484	1155485	31	0.9024
chr1	1155512	1155513	26	0.7538
chr1	1155536	1155537	22	0.7702
chr1	1155565	1155566	39	0.7514
chr1	1155615	1155616	29	0.7691
chr1	1155628	1155629	26	0.9597
chr1	1155697	1155698	37	0.6764
chr1	1155797	1155798	27	0.8307
chr1	1155847	1155848	31	0.8989
chr1	1155897	1155898	25	0.8037
chr1	1155997	1155998	27	0.8647
chr1	1156066	1156067	36	0.7545
chr1	1156078	1156079	32	0.7415
chr1	1156106	1156107	27	0.9274
chr1	1156111	1156112	36	0.6799
chr1	1156161	1156162	27	0.7023
chr1	1156200	1156201	39	0.706
chr1	1156246	1156247	32	0.6554
chr1	1156275	1156276	35	0.853
chr1	1156325	1156326	36	0.7288
chr1	1156375	1156376	35	0.7806
chr1	1156416	1156417	21	0.7349
chr1	1156431	1156432	28	0.6774
chr1	1156461	1156462	30	0.7237
chr1	1156476	1156477	36	0.6419
chr1	1156494	1156495	23	0.6996
chr1	1156538	1156539	34	0.723
chr1	1156547	1156548	28	0.7233
chr1	1156647	1156648	27	0.6699
chr1	1156747	1156748	36	0.5586
chr1	1156847	1156848	32	0.8795
chr1	1156947	1156948	31	0.7292
chr1	1156979	1156980	29	1.0
chr1	1156983	1156984	38	1.0
chr1	1157025	1157026	25	0.7214
chr1	1157063	1157064	27	0.8377
chr1	1157137	1157138	30	0.7511
chr1	1157151	1157152	33	0.8461
chr1	1157361	1157362	23	0.8307
chr1	1157369	1157370	36	0.813
chr1	1157401	1157402	33	0.9605
chr1	1157429	1157430	23	0.8398
chr1	1157479	1157480	36	0.6471
chr1	1157497	1157498	26	0.7436
chr1	1157512	1157513	30	0.57
chr1	1157536	1157537	26	0.8364
chr1	1157551	1157552	22	0.7984
chr1	1157575	1157576	29	0.6202
chr1	1157590	1157591	22	0.5498
chr1	1157612	1157613	36	0.9229
chr1	1157627	1157628	34	0.9573
chr1	1157677	1157678	31	0.6185
chr1	1157727	1157728	19	0.7011
chr1	1157750	1157751	38	0.6218
chr1	1157792	1157793	34	0.9546
chr1	1157842	1157843	28	0.6355
chr1	1157892	1157893	27	0.6389
chr1	1157907	1157908	30	0.6591
chr1	1157919	1157920	34	0.9809
chr1	1158019	1158020	29	0.9269
chr1	1158085	1158086	29	0.5453
chr1	1158254	1158255	35	0.6697
chr1	1158341	1158342	28	0.4922
chr1	1158368	1158369	32	0.6907
chr1	1158424	1158425	34	0.9915
chr1	1158451	1158452	33	0.6946
chr1	1158478	1158479	30	0.7054
chr1	1158528	1158529	27	0.6403
chr1	1158578	1158579	36	0.772
chr1	1158593	1158594	23	0.8291
chr1	1158611	1158612	21	0.7753
chr1	1158626	1158627	24	0.5617
chr1	1158641	1158642	24	0.7344
chr1	1158673	1158674	29	0.5282
chr1	1158703	1158704	32	0.6532
chr1	1158753	1158754	33	0.6497
chr1	1158768	1158769	31	0.8876
chr1	1158787	1158788	26	0.7105
chr1	1158837	1158838	27	0.6631
chr1	1158872	1158873	25	0.77
chr1	1158904	1158905	29	0.8465
chr1	1158925	1158926	34	0.7895
chr1	1158950	1158951	28	0.7452
chr1	1158972	1158973	28	0.7216
chr1	1158995	1158996	42	0.5717
chr1	1158998	1158999	39	0.8035
chr1	1159053	1159054	30	0.8621
chr1	1159153	1159154	31	0.663
chr1	1159208	1159209	35	0.8464
chr1	1159308	1159309	25	0.7693
chr1	1159408	1159409	26	0.6449
chr1	1159493	1159494	35	0.8453
chr1	1159573	1159574	29	0.8254
chr1	1159579	1159580	32	0.9477
chr1	1159629	1159630	34	0.7672
chr1	1159659	1159660	41	0.8474
chr1	1159707	1159708	28	0.9868
chr1	1159722	1159723	33	0.8632
chr1	1159738	1159739	34	0.8824
chr1	1159767	1159768	35	0.7535
chr1	1159814	1159815	33	0.857
chr1	1159840	1159841	35	0.8484
chr1	1159855	1159856	26	0.8094
chr1	1159884	1159885	25	0.6346
chr1	1159904	1159905	34	0.6959
chr1	1159934	1159935	25	0.7789
chr1	1159964	1159965	32	0.6228
chr1	1159998	1159999	32	0.6239
chr1	1160024	1160025	28	0.6571
chr1	1160055	1160056	31	0.562
chr1	1160105	1160106	27	0.7204
chr1	1160205	1160206	40	0.5325
chr1	1160305	1160306	24	0.7601
chr1	1160405	1160406	29	0.7018
chr1	1160505	1160506	35	0.7671
chr1	1160513	1160514	28	0.9967
chr1	1160541	1160542	32	0.9623
chr1	1160549	1160550	36	0.7637
chr1	1160599	1160600	33	0.915
chr1	1160769	1160770	30	0.7888
chr1	1160807	1160808	27	0.8361
chr1	1160893	1160894	25	0.868
chr1	1160915	1160916	30	0.7441
chr1	1160967	1160968	29	0.9061
chr1	1161015	1161016	31	0.8354
chr1	1161030	1161031	37	0.948
chr1	1161061	1161062	27	0.8338
chr1	1161087	1161088	31	0.9637
chr1	1161121	1161122	32	0.7985
chr1	1161154	1161155	31	0.9188
chr1	1161173	1161174	16	0.7839
chr1	1161223	1161224	30	0.8429
chr1	1161248	1161249	32	0.8449
chr1	1161272	1161273	26	0.9089
chr1	1161310	1161311	34	0.8393
chr1	1161346	1161347	34	1.0
chr1	1161375	1161376	34	0.7397
chr1	1161400	1161401	40	0.8482
chr1	1161416	1161417	28	0.7257
chr1	1161499	1161500	26	0.8748
chr1	1161599	1161600	25	0.8271
chr1	1161660	1161661	29	0.8883
chr1	1161748	1161749	33	0.9783
chr1	1161776	1161777	29	0.9489
chr1	1161806	1161807	28	0.7309
chr1	1161833	1161834	28	0.6733
chr1	1161856	1161857	40	0.6443
chr1	1161894	1161895	31	0.7439
chr1	1161944	1161945	21	0.5506
chr1	1161994	1161995	22	0.7035
chr1	1162009	1162010	35	0.7749
chr1	1162045	1162046	27	0.7928
chr1	1162080	1162081	19	0.7433
chr1	1162123	1162124	24	0.7285
chr1	1162173	1162174	32	0.6112
chr1	1162190	1162191	30	0.6716
chr1	1162226	1162227	27	0.745
chr1	1162261	1162262	27	0.8079
chr1	1162299	1162300	34	0.9299
chr1	1162314	1162315	25	0.6395
chr1	1162328	1162329	28	0.6543
chr1	1162428	1162429	27	0.8538
chr1	1162528	1162529	25	0.6817
chr1	1162607	1162608	28	0.7157
chr1	1162657	1162658	32	0.837
chr1	1162757	1162758	33	0.7411
chr1	1162848	1162849	31	0.6557
chr1	1162900	1162901	33	0.7453
chr1	1162934	1162935	25	0.6257
chr1	1162953	1162954	32	0.6098
chr1	1162984	1162985	30	0.6022
chr1	1163014	1163015	29	0.4977
chr1	1163064	1163065	30	0.8051
chr1	1163114	1163115	28	0.7939
chr1	1163164	1163165	28	0.8615
chr1	1163179	1163180	23	0.815
chr1	1163217	1163218	30	0.8507
chr1	1163254	1163255	36	0.7189
chr1	1163304	1163305	26	0.6833
chr1	1163344	1163345	27	0.8916
chr1	1163387	1163388	37	0.6841
chr1	1163421	1163422	28	0.5674
chr1	1163471	1163472	38	0.6452
chr1	1163571	1163572	33	0.7375
chr1	1163621	1163622	30	0.7538
chr1	1163721	1163722	36	0.659
chr1	1163802	1163803	34	0.5502
chr1	1163902	1163903	24	0.6047
chr1	1163920	1163921	27	0.6264
chr1	1163972	1163973	27	0.847
chr1	1163979	1163980	34	0.5576
chr1	1164029	1164030	36	0.4375
chr1	1164047	1164048	27	0.6331
chr1	1164079	1164080	26	0.5266
chr1	1164099	1164100	30	0.4928
chr1	1164114	1164115	31	0.539
chr1	1164134	1164135	30	0.5665
chr1	1164154	1164155	34	0.5541
chr1	1164201	1164202	32	0.5975
chr1	1164251	1164252	27	0.6306
chr1	1164289	1164290	29	0.6498
chr1	1164333	1164334	27	0.5021
chr1	1164365	1164366	34	0.6667
chr1	1164386	1164387	26	0.5788
chr1	1164423	1164424	27	0.6128
chr1	1164438	1164439	33	0.5937
chr1	1164466	1164467	21	0.3972
chr1	1164469	1164470	29	0.7243
chr1	1164521	1164522	29	0.4243
chr1	1164571	1164572	29	0.5876
chr1	1164662	1164663	26	0.5917
chr1	1164762	1164763	28	0.5808
chr1	1164862	1164863	32	0.5782
chr1	1164870	1164871	26	0.0796
chr1	1165068	1165069	29	0.2174
chr1	1165202	1165203	29	0.1512
chr1	1165224	1165225	20	0.15
chr1	1165318	1165319	35	0.2444
chr1	1165326	1165327	28	0.1918
chr1	1165370	1165371	26	0.3964
chr1	1165420	1165421	35	0.2837
chr1	1165439	1165440	29	0.2837
chr1	1165489	1165490	30	0.2714
chr1	1165539	1165540	27	0.3992
chr1	1165589	1165590	31	0.2479
chr1	1165607	1165608	25	0.2432
chr1	1165630	1165631	28	0.1822
chr1	1165667	1165668	29	0.07
chr1	1165697	1165698	29	0.4455
chr1	1165716	1165717	19	0.1905
chr1	1165739	1165740	33	0.2011
chr1	1165759	1165760	28	0.2837
chr1	1165777	1165778	24	0.0837
chr1	1165792	1165793	26	0.1985
chr1	1165833	1165834	28	0.274
chr1	1165848	1165849	31	0.3715
chr1	1165884	1165885	35	0.2047
chr1	1165897	1165898	29	0.2337
chr1	1165997	1165998	42	0.488
chr1	1166097	1166098	35	0.4681
chr1	1166172	1166173	37	0.2113
chr1	1166222	1166223	36	0.2843
chr1	1166294	1166295	18	0.1758
chr1	1166394	1166395	33	0.2381
chr1	1166458	1166459	33	0.1506
chr1	1166472	1166473	33	0.2331
chr1	1166500	1166501	29	0.7454
chr1	1166520	1166521	34	0.8004
chr1	1166538	1166539	27	0.7117
chr1	1166553	1166554	28	0.7496
chr1	1166603	1166604	29	0.7561
chr1	1166641	1166642	20	0.8696
chr1	1166661	1166662	26	0.8569
chr1	1166684	1166685	34	0.7551
chr1	1166731	1166732	31	0.8338
chr1	1166767	1166768	26	0.7211
chr1	1166807	1166808	26	0.7682
chr1	1166839	1166840	25	0.8186
chr1	1166861	1166862	31	0.6887
chr1	1166890	1166891	28	0.7182
chr1	1166940	1166941	34	0.828
chr1	1166949	1166950	19	0.828
chr1	1167049	1167050	24	0.9098
chr1	1167124	1167125	33	0.6935
chr1	1167224	1167225	33	0.8227
chr1	1167324	1167325	31	0.9689
chr1	1167348	1167349	31	0.6778
chr1	1167394	1167395	31	0.8689
chr1	1167399	1167400	30	0.4043
chr1	1167417	1167418	36	0.5189
chr1	1167458	1167459	27	0.5804
chr1	1167494	1167495	27	0.5691
chr1	1167544	1167545	27	0.564
chr1	1167561	1167562	30	0.4785
chr1	1167585	1167586	30	0.4029
chr1	1167635	1167636	20	0.4873
chr1	1167685	1167686	26	0.6404
chr1	1167712	1167713	26	0.66
chr1	1167760	1167761	31	0.637
chr1	1167795	1167796	27	0.6447
chr1	1167809	1167810	31	0.4909
chr1	1167859	1167860	24	0.5588
chr1	1167959	1167960	30	0.4674
chr1	1168010	1168011	26	0.5229
chr1	1168110	1168111	29	0.5519
chr1	1168165	1168166	32	0.4601
chr1	1168191	1168192	33	0.9026
chr1	1168203	1168204	32	0.9208
chr1	1168337	1168338	28	0.7983
chr1	1168341	1168342	24	0.7737
chr1	1168431	1168432	29	0.8167
chr1	1168527	1168528	30	0.8058
chr1	1168577	1168578	34	0.9791
chr1	1168585	1168586	27	0.7688
chr1	1168591	1168592	32	0.478
chr1	1168615	1168616	25	0.4384
chr1	1168641	1168642	34	0.4001
chr1	1168662	1168663	32	0.3166
chr1	1168677	1168678	37	0.5613
chr1	1168709	1168710	31	0.4519
chr1	1168752	1168753	18	0.6787
chr1	1168799	1168800	29	0.6811
chr1	1168817	1168818	30	0.5885
chr1	1168855	1168856	30	0.5707
chr1	1168905	1168906	27	0.6106
chr1	1168952	1168953	39	0.386
chr1	1169002	1169003	30	0.4309
chr1	1169028	1169029	34	0.5516
chr1	1169043	1169044	23	0.6333
chr1	1169093	1169094	16	0.4971
chr1	1169109	1169110	33	0.5419
chr1	1169147	1169148	39	0.4755
chr1	1169227	1169228	30	0.3064
chr1	1169327	1169328	33	0.6035
chr1	1169427	1169428	24	0.5033
chr1	1169527	1169528	25	0.5844
chr1	1169626	1169627	36	0.57
chr1	1169672	1169673	35	0.8046
chr1	1169674	1169675	34	0.9638
chr1	1169750	1169751	31	0.7571
chr1	1169792	1169793	35	1.0
chr1	1169880	1169881	31	0.85
chr1	1169928	1169929	24	0.8807
chr1	1170050	1170051	24	0.8253
chr1	1170058	1170059	31	0.2693
chr1	1170081	1170082	31	0.222
chr1	1170096	1170097	23	0.2024
chr1	1170134	1170135	28	0.1903
chr1	1170156	1170157	24	0.1632
chr1	1170171	1170172	29	0.1254
chr1	1170213	1170214	21	0.2319
chr1	1170231	1170232	39	0.1619
chr1	1170273	1170274	16	0.1766
chr1	1170301	1170302	30	0.2613
chr1	1170327	1170328	39	0.2571
chr1	1170344	1170345	20	0.1929
chr1	1170370	1170371	29	0.2854
chr1	1170385	1170386	38	0.1766
chr1	1170413	1170414	20	0.1212
chr1	1170458	1170459	32	0.1262
chr1	1170477	1170478	31	0.2406
chr1	1170493	1170494	34	0.039
chr1	1170593	1170594	29	0.31
chr1	1170693	1170694	34	0.2244
chr1	1170765	1170766	26	0.1721
chr1	1170865	1170866	25	0.2098
chr1	1170895	1170896	29	0.0
chr1	1170907	1170908	29	0.0658
chr1	1170949	1170950	21	0.132
chr1	1170977	1170978	30	0.2108
chr1	1171117	1171118	30	0.0793
chr1	1171293	1171294	36	0.0737
chr1	1171321	1171322	29	0.1733
chr1	1171328	1171329	32	0.5677
chr1	1171347	1171348	27	0.473
chr1	1171367	1171368	34	0.5725
chr1	1171407	1171408	27	0.5941
chr1	1171447	1171448	37	0.5297
chr1	1171480	1171481	32	0.4174
chr1	1171530	1171531	18	0.3835
chr1	1171580	1171581	28	0.4543
chr1	1171601	1171602	34	0.5709
chr1	1171642	1171643	37	0.5394
chr1	1171670	1171671	30	0.4832
chr1	1171694	1171695	33	0.3337
chr1	1171723	1171724	25	0.478
chr1	1171763	1171764	30	0.6639
chr1	1171790	1171791	43	0.6889
chr1	1171795	1171796	34	0.4502
chr1	1171895	1171896	31	0.7057
chr1	1171945	1171946	35	0.5337
chr1	1172045	1172046	24	0.6583
chr1	1172138	1172139	21	0.4479
chr1	1172223	1172224	21	0.5903
chr1	1172251	1172252	34	0.871
chr1	1172311	1172312	31	0.7131
chr1	1172319	1172320	25	0.5136
chr1	1172421	1172422	24	0.7871
chr1	1172553	1172554	25	0.4947
chr1	1172691	1172692	40	0.8586
chr1	1172733	1172734	32	0.7492
chr1	1172755	1172756	31	0.7786
chr1	1172797	1172798	33	0.7861
chr1	1172824	1172825	28	0.8112
chr1	1172874	1172875	29	0.7865
chr1	1172924	1172925	28	0.7419
chr1	1172939	1172940	36	0.5872
chr1	1172988	1172989	32	0.7689
chr1	1173006	1173007	23	0.799
chr1	1173056	1173057	24	0.7175
chr1	1173098	1173099	37	0.63
chr1	1173133	1173134	34	0.5989
chr1	1173167	1173168	32	0.7703
chr1	1173240	1173241	36	0.7431
chr1	1173338	1173339	24	0.5229
chr1	1173438	1173439	33	0.6012
chr1	1173509	1173510	28	0.7161
chr1	1173523	1173524	28	0.8524
chr1	1173544	1173545	32	0.4594
chr1	1173568	1173569	29	0.3855
chr1	1173595	1173596	28	0.5129
chr1	1173614	1173615	23	0.4653
chr1	1173658	1173659	32	0.3804
chr1	1173698	1173699	39	0.3002
chr1	1173735	1173736	35	0.409
chr1	1173765	1173766	28	0.4065
chr1	1173796	1173797	36	0.3586
chr1	1173811	1173812	29	0.2075
chr1	1173830	1173831	20	0.1513
chr1	1173856	1173857	34	0.3599
chr1	1173877	1173878	23	0.443
chr1	1173898	1173899	31	0.3134
chr1	1173948	1173949	28	0.1853
chr1	1173975	1173976	20	0.1545
chr1	1174075	1174076	26	0.3443
chr1	1174175	1174176	31	0.4509
chr1	1174253	1174254	35	0.4503
chr1	1174353	1174354	26	0.4057
chr1	1174379	1174380	23	0.3274
chr1	1174387	1174388	29	0.7898
chr1	1174422	1174423	22	0.7559
chr1	1174442	1174443	27	0.6478
chr1	1174473	1174474	28	0.7607
chr1	1174501	1174502	34	0.6294
chr1	1174551	1174552	28	0.6774
chr1	1174583	1174584	41	0.7116
chr1	1174613	1174614	35	0.7977
chr1	1174648	1174649	39	0.7492
chr1	1174663	1174664	27	0.7804
chr1	1174700	1174701	25	0.7784
chr1	1174715	1174716	29	0.3443
chr1	1174730	1174731	34	0.4646
chr1	1174745	1174746	29	0.3555
chr1	1174760	1174761	27	0.2721
chr1	1174798	1174799	31	0.3413
chr1	1174821	1174822	29	0.5224
chr1	1174871	1174872	34	0.2547
chr1	1174921	1174922	31	0.6924
chr1	1174927	1174928	30	0.7457
chr1	1175027	1175028	33	0.7193
chr1	1175127	1175128	26	0.6858
chr1	1175227	1175228	19	0.8689
chr1	1175327	1175328	25	0.706
chr1	1175383	1175384	34	0.6822
chr1	1175415	1175416	36	0.8762
chr1	1175477	1175478	26	0.8879
chr1	1175643	1175644	27	0.7714
chr1	1175659	1175660	19	0.6246
chr1	1175693	1175694	29	0.621
chr1	1175727	1175728	36	0.653
chr1	1175739	1175740	30	0.7335
chr1	1175867	1175868	33	0.5537
chr1	1175877	1175878	32	0.7464
chr1	1175895	1175896	36	0.6238
chr1	1175918	1175919	30	0.7624
chr1	1175962	1175963	33	0.7385
chr1	1175998	1175999	28	0.6699
chr1	1176034	1176035	33	0.68
chr1	1176058	1176059	34	0.6459
chr1	1176085	1176086	22	0.7839
chr1	1176135	1176136	29	0.6858
chr1	1176185	1176186	30	0.6981
chr1	1176219	1176220	36	0.7116
chr1	1176253	1176254	30	0.5763
chr1	1176286	1176287	16	0.53
chr1	1176304	1176305	32	0.593
chr1	1176319	1176320	27	0.6726
chr1	1176352	1176353	24	0.6577
chr1	1176375	1176376	32	0.5952
chr1	1176475	1176476	27	0.562
chr1	1176536	1176537	22	0.5957
chr1	1176636	1176637	38	0.5823
chr1	1176686	1176687	34	0.7147
chr1	1176747	1176748	22	0.7248
chr1	1176797	1176798	33	0.7183
chr1	1176847	1176848	29	0.6582
chr1	1176855	1176856	28	0.9529
chr1	1176905	1176906	36	0.976
chr1	1176919	1176920	33	0.8305
chr1	1176959	1176960	31	0.7731
chr1	1177053	1177054	37	0.8476
chr1	1177101	1177102	30	0.8653
chr1	1177151	1177152	31	0.8829
chr1	1177171	1177172	26	0.8151
chr1	1177233	1177234	32	0.7976
chr1	1177345	1177346	24	0.8474
chr1	1177350	1177351	27	0.7958
chr1	1177392	1177393	24	0.7625
chr1	1177420	1177421	31	0.6932
chr1	1177470	1177471	38	0.7041
chr1	1177492	1177493	33	0.7874
chr1	1177512	1177513	33	0.8215
chr1	1177562	1177563	37	0.8691
chr1	1177586	1177587	28	0.7267
chr1	1177636	1177637	37	0.8271
chr1	1177662	1177663	38	0.9487
chr1	1177712	1177713	27	0.8447
chr1	1177727	1177728	24	0.6891
chr1	1177755	1177756	39	0.77
chr1	1177794	1177795	23	0.6982
chr1	1177842	1177843	31	0.8356
chr1	1177936	1177937	29	0.7888
chr1	1178036	1178037	33	0.888
chr1	1178112	1178113	29	0.6839
chr1	1178212	1178213	36	0.7556
chr1	1178282	1178283	25	0.8885
chr1	1178342	1178343	25	0.9471
chr1	1178356	1178357	30	0.9745
chr1	1178460	1178461	36	0.9429
chr1	1178506	1178507	30	0.8932
chr1	1178622	1178623	29	0.9084
chr1	1178638	1178639	35	0.8719
chr1	1178692	1178693	32	0.7578
chr1	1178700	1178701	32	0.7074
chr1	1178728	1178729	30	0.7497
chr1	1178745	1178746	28	0.7654
chr1	1178792	1178793	29	0.5951
chr1	1178842	1178843	18	0.7257
chr1	1178892	1178893	33	0.8164
chr1	1178925	1178926	29	0.6061
chr1	1178940	1178941	20	0.8253
chr1	1178990	1178991	23	0.7561
chr1	1179040	1179041	19	0.8
chr1	1179073	1179074	25	0.5874
chr1	1179095	1179096	31	0.8389
chr1	1179130	1179131	26	0.8087
chr1	1179162	1179163	28	0.7424
chr1	1179178	1179179	31	0.7602
chr1	1179199	1179200	27	0.8236
chr1	1179222	1179223	39	0.6407
chr1	1179251	1179252	26	0.7787
chr1	1179253	1179254	25	0.6511
chr1	1179308	1179309	25	0.765
chr1	1179408	1179409	32	0.7815
chr1	1179465	1179466	33	0.7085
chr1	1179554	1179555	29	0.801
chr1	1179633	1179634	30	0.8847
chr1	1179733	1179734	34	0.5849
chr1	1179783	1179784	38	0.8596
chr1	1179789	1179790	20	0.4999
chr1	1179828	1179829	30	0.6048
chr1	1179845	1179846	21	0.4519
chr1	1179888	1179889	25	0.6684
chr1	1179903	1179904	36	0.5013
chr1	1179918	1179919	31	0.5316
chr1	1179968	1179969	20	0.6126
chr1	1180011	1180012	35	0.7947
chr1	1180040	1180041	25	0.714
chr1	1180056	1180057	32	0.9841
chr1	1180106	1180107	33	0.7261
chr1	1180121	1180122	30	0.8291
chr1	1180157	1180158	27	0.8758
chr1	1180178	1180179	33	0.7
chr1	1180196	1180197	26	0.8275
chr1	1180217	1180218	29	0.7018
chr1	1180267	1180268	25	0.9209
chr1	1180269	1180270	27	0.9092
chr1	1180364	1180365	29	0.8547
chr1	1180464	1180465	23	0.9398
chr1	1180564	1180565	36	0.8878
chr1	1180664	1180665	24	0.7462
chr1	1180678	1180679	32	0.8864
chr1	1180708	1180709	22	1.0
chr1	1180854	1180855	43	0.6351
chr1	1180858	1180859	29	0.8046
chr1	1180964	1180965	32	0.8288
chr1	1181098	1181099	28	0.7901
chr1	1181102	1181103	33	0.9945
chr1	1181112	1181113	30	0.8454
chr1	1181160	1181161	29	0.6366
chr1	1181176	1181177	43	0.7177
chr1	1181217	1181218	32	0.9204
chr1	1181232	1181233	24	0.7069
chr1	1181282	1181283	30	0.686
chr1	1181314	1181315	34	0.7175
chr1	1181363	1181364	35	0.7926
chr1	1181409	1181410	36	0.8083
chr1	1181459	1181460	26	0.9695
chr1	1181507	1181508	32	0.7429
chr1	1181552	1181553	27	0.8128
chr1	1181602	1181603	29	0.8675
chr1	1181619	1181620	27	0.6782
chr1	1181631	1181632	42	0.7887
chr1	1181681	1181682	28	0.7734
chr1	1181781	1181782	22	0.9254
chr1	1181881	1181882	30	0.9393
chr1	1181981	1181982	33	0.8773
chr1	1182070	1182071	28	0.8127
chr1	1182098	1182099	33	0.9234
chr1	1182106	1182107	22	0.7595
chr1	1182137	1182138	31	1.0
chr1	1182174	1182175	34	0.9047
chr1	1182212	1182213	24	0.6582
chr1	1182235	1182236	22	0.5399
chr1	1182259	1182260	31	0.65
chr1	1182301	1182302	26	0.6614
chr1	1182318	1182319	32	0.7153
chr1	1182368	1182369	28	0.6664
chr1	1182404	1182405	18	0.5712
chr1	1182419	1182420	37	0.5747
chr1	1182457	1182458	28	0.5553
chr1	1182476	1182477	32	0.9106
chr1	1182496	1182497	26	0.7509
chr1	1182511	1182512	29	0.8835
chr1	1182526	1182527	24	0.8034
chr1	1182576	1182577	27	0.9479
chr1	1182607	1182608	32	0.6708
chr1	1182657	1182658	18	0.8513
chr1	1182707	1182708	31	0.8466
chr1	1182710	1182711	27	0.7383
chr1	1182764	1182765	29	0.7043
chr1	1182864	1182865	32	0.9119
chr1	1182961	1182962	27	0.862
chr1	1183061	1183062	26	0.7963
chr1	1183161	1183162	24	0.9078
chr1	1183261	1183262	26	0.7664
chr1	1183319	1183320	28	0.906
chr1	1183323	1183324	37	0.8904
chr1	1183383	1183384	33	0.7961
chr1	1183437	1183438	31	0.7884
chr1	1183445	1183446	27	0.8568
chr1	1183515	1183516	33	0.8447
chr1	1183623	1183624	23	0.8837
chr1	1183637	1183638	28	0.9428
chr1	1183733	1183734	32	0.9716
chr1	1183751	1183752	22	0.7259
chr1	1183780	1183781	34	0.7257
chr1	1183819	1183820	21	0.602
chr1	1183869	1183870	29	0.5279
chr1	1183891	1183892	25	0.8001
chr1	1183935	1183936	35	0.5537
chr1	1183951	1183952	33	0.5073
chr1	1183966	1183967	26	0.6972
chr1	1183987	1183988	34	0.6474
chr1	1184026	1184027	40	0.59
chr1	1184076	1184077	30	0.6903
chr1	1184103	1184104	39	0.6062
chr1	1184130	1184131	26	0.4816
chr1	1184162	1184163	27	0.6123
chr1	1184187	1184188	25	0.757
chr1	1184203	1184204	36	0.7888
chr1	1184253	1184254	36	0.7297
chr1	1184270	1184271	31	0.7214
chr1	1184304	1184305	30	0.6615
chr1	1184328	1184329	32	0.5513
chr1	1184362	1184363	38	0.6601
chr1	1184375	1184376	30	0.7687
chr1	1184475	1184476	39	0.6108
chr1	1184552	1184553	28	0.7347
chr1	1184652	1184653	29	0.7021
chr1	1184702	1184703	26	0.6438
chr1	1184769	1184770	35	0.6316
chr1	1184824	1184825	22	0.5994
chr1	1184924	1184925	33	0.776
chr1	1184956	1184957	32	0.702
chr1	1184986	1184987	24	0.608
chr1	1185050	1185051	26	0.4925
chr1	1185086	1185087	37	0.8331
chr1	1185112	1185113	29	1.0
chr1	1185127	1185128	29	0.8108
chr1	1185174	1185175	30	0.6904
chr1	1185212	1185213	28	0.5202
chr1	1185262	1185263	29	0.9151
chr1	1185289	1185290	24	0.835
chr1	1185327	1185328	32	0.8034
chr1	1185377	1185378	28	0.5851
chr1	1185427	1185428	32	0.5813
chr1	1185477	1185478	23	0.7819
chr1	1185506	1185507	29	0.6017
chr1	1185538	1185539	37	0.4518
chr1	1185563	1185564	37	0.6857
chr1	1185579	1185580	34	0.8871
chr1	1185591	1185592	28	0.4779
chr1	1185666	1185667	34	0.8358
chr1	1185766	1185767	31	0.874
chr1	1185816	1185817	20	0.7652
chr1	1185916	1185917	28	0.5546
chr1	1186016	1186017	20	0.5926
chr1	1186066	1186067	33	0.7074
chr1	1186147	1186148	27	0.8036
chr1	1186239	1186240	31	0.6811
chr1	1186276	1186277	30	0.8263
chr1	1186294	1186295	37	0.6837
chr1	1186309	1186310	27	0.7483
chr1	1186340	1186341	26	0.6927
chr1	1186365	1186366	28	0.7979
chr1	1186381	1186382	36	0.7552
chr1	1186409	1186410	30	0.5115
chr1	1186440	1186441	34	0.7092
chr1	1186457	1186458	31	0.6897
chr1	1186476	1186477	35	0.5597
chr1	1186526	1186527	33	0.7976
chr1	1186576	1186577	22	0.7101
chr1	1186594	1186595	26	0.5841
chr1	1186620	1186621	26	0.6755
chr1	1186670	1186671	28	0.7257
chr1	1186704	1186705	30	0.7779
chr1	1186732	1186733	33	0.6905
chr1	1186759	1186760	38	0.5987
chr1	1186787	1186788	28	0.6306
chr1	1186798	1186799	37	0.674
chr1	1186866	1186867	27	0.7384
chr1	1186951	1186952	40	0.8274
chr1	1187021	1187022	29	0.8608
chr1	1187121	1187122	31	0.5524
chr1	1187221	1187222	38	0.7795
chr1	1187243	1187244	35	0.752
chr1	1187264	1187265	27	0.715
chr1	1187312	1187313	32	0.6429
chr1	1187345	1187346	40	0.7155
chr1	1187366	1187367	31	0.6957
chr1	1187410	1187411	35	0.7426
chr1	1187460	1187461	24	0.777
chr1	1187495	1187496	29	0.7937
chr1	1187514	1187515	34	0.7379
chr1	1187552	1187553	29	0.7707
chr1	1187579	1187580	38	0.7766
chr1	1187618	1187619	28	0.62
chr1	1187668	1187669	29	0.7186
chr1	1187696	1187697	30	0.5943
chr1	1187711	1187712	32	0.8756
chr1	1187727	1187728	31	0.7123
chr1	1187756	1187757	30	0.6786
chr1	1187780	1187781	32	0.7181
chr1	1187795	1187796	24	0.8605
chr1	1187806	1187807	31	0.6945
chr1	1187901	1187902	36	0.6268
chr1	1187951	1187952	24	0.8727
chr1	1188051	1188052	23	0.8308
chr1	1188101	1188102	23	0.7071
chr1	1188200	1188201	36	0.6712
chr1	1188257	1188258	26	0.8757
chr1	1188307	1188308	36	0.7444
chr1	1188363	1188364	37	0.8311
chr1	1188367	1188368	31	0.7233
chr1	1188416	1188417	34	0.1677
chr1	1188432	1188433	17	0.1305
chr1	1188454	1188455	36	0.1082
chr1	1188504	1188505	27	0.2003
chr1	1188532	1188533	33	0.2496
chr1	1188556	1188557	35	0.2471
chr1	1188572	1188573	23	0.1886
chr1	1188592	1188593	29	0.0
chr1	1188620	1188621	28	0.1281
chr1	1188645	1188646	30	0.0189
chr1	1188660	1188661	36	0.0675
chr1	1188681	1188682	26	0.1896
chr1	1188731	1188732	23	0.2054
chr1	1188781	1188782	34	0.1076
chr1	1188831	1188832	32	0.1402
chr1	1188854	1188855	25	0.1802
chr1	1188873	1188874	29	0.2141
chr1	1188892	1188893	18	0.0521
chr1	1188914	1188915	31	0.1367
chr1	1188932	1188933	24	0.1394
chr1	1189032	1189033	26	0.0659
chr1	1189123	1189124	40	0.0685
chr1	1189223	1189224	24	0.1665
chr1	1189302	1189303	30	0.2468
chr1	1189379	1189380	30	0.3907
chr1	1189447	1189448	34	0.0487
chr1	1189487	1189488	30	0.509
chr1	1189504	1189505	36	0.6667
chr1	1189554	1189555	31	0.663
chr1	1189588	1189589	37	0.8298
chr1	1189623	1189624	32	0.5654
chr1	1189673	1189674	27	0.695
chr1	1189693	1189694	19	0.6137
chr1	1189723	1189724	25	0.5637
chr1	1189763	1189764	28	0.703
chr1	1189811	1189812	23	0.7979
chr1	1189826	1189827	25	0.6697
chr1	1189869	1189870	43	0.693
chr1	1189909	1189910	30	0.5571
chr1	1189935	1189936	23	0.7092
chr1	1189963	1189964	33	0.6742
chr1	1190005	1190006	40	0.6676
chr1	1190072	1190073	21	0.8049
chr1	1190172	1190173	38	0.6357
chr1	1190272	1190273	28	0.6208
chr1	1190346	1190347	13	0.4929
chr1	1190446	1190447	21	0.6817
chr1	1190496	1190497	33	0.7755
chr1	1190520	1190521	29	0.917
chr1	1190528	1190529	25	0.1611
chr1	1190549	1190550	23	0.315
chr1	1190571	1190572	28	0.3934
chr1	1190611	1190612	32	0.2109
chr1	1190652	1190653	30	0.4144
chr1	1190678	1190679	38	0.4973
chr1	1190728	1190729	31	0.4195
chr1	1190775	1190776	31	0.3093
chr1	1190816	1190817	29	0.2535
chr1	1190831	1190832	34	0.2548
chr1	1190858	1190859	27	0.3156
chr1	1190873	1190874	26	0.5033
chr1	1190895	1190896	34	0.4822
chr1	1190921	1190922	22	0.2981
chr1	1190952	1190953	27	0.4144
chr1	1190994	1190995	29	0.4109
chr1	1191010	1191011	33	0.2322
chr1	1191052	1191053	37	0.4027
chr1	1191093	1191094	26	0.4964
chr1	1191112	1191113	35	0.296
chr1	1191127	1191128	27	0.3143
chr1	1191152	1191153	27	0.3135
chr1	1191252	1191253	28	0.1436
chr1	1191352	1191353	31	0.269
chr1	1191402	1191403	26	0.2126
chr1	1191452	1191453	37	0.3299
chr1	1191552	1191553	28	0.2115
chr1	1191648	1191649	33	0.3013
chr1	1191748	1191749	20	0.3202
chr1	1191766	1191767	38	0.5541
chr1	1191788	1191789	32	0.6968
chr1	1191858	1191859	40	0.5826
chr1	1191956	1191957	39	0.6432
chr1	1192060	1192061	27	0.5084
chr1	1192100	1192101	25	0.5737
chr1	1192178	1192179	30	0.7538
chr1	1192205	1192206	31	0.838
chr1	1192238	1192239	32	0.8326
chr1	1192266	1192267	21	0.778
chr1	1192302	1192303	36	0.8266
chr1	1192351	1192352	29	0.7271
chr1	1192373	1192374	24	0.9047
chr1	1192388	1192389	28	0.8205
chr1	1192403	1192404	22	0.7047
chr1	1192418	1192419	40	0.7139
chr1	1192440	1192441	34	0.8473
chr1	1192460	1192461	34	0.9723
chr1	1192477	1192478	31	0.7723
chr1	1192527	1192528	28	0.842
chr1	1192577	1192578	24	0.9796
chr1	1192595	1192596	23	0.9226
chr1	1192636	1192637	30	0.7664
chr1	1192678	1192679	30	0.7761
chr1	1192702	1192703	40	0.7266
chr1	1192802	1192803	25	0.9106
chr1	1192902	1192903	23	0.7584
chr1	1193002	1193003	31	0.8204
chr1	1193102	1193103	28	0.7419
chr1	1193189	1193190	28	0.8731
chr1	1193207	1193208	33	0.9271
chr1	1193233	1193234	36	0.8932
chr1	1193275	1193276	28	0.8395
chr1	1193307	1193308	28	0.8857
chr1	1193329	1193330	36	0.903
chr1	1193369	1193370	34	0.6308
chr1	1193387	1193388	26	0.8026
chr1	1193418	1193419	28	0.7377
chr1	1193437	1193438	31	0.8078
chr1	1193487	1193488	24	0.6858
chr1	1193531	1193532	24	0.7116
chr1	1193556	1193557	32	0.701
chr1	1193585	1193586	28	0.6129
chr1	1193600	1193601	26	0.8555
chr1	1193627	1193628	27	0.8385
chr1	1193646	1193647	34	0.7296
chr1	1193675	1193676	38	0.723
chr1	1193711	1193712	29	0.9498
chr1	1193736	1193737	24	0.772
chr1	1193762	1193763	31	0.7024
chr1	1193773	1193774	36	0.5132
chr1	1193873	1193874	43	0.7395
chr1	1193923	1193924	28	0.7911
chr1	1194023	1194024	38	0.9168
chr1	1194121	1194122	35	0.7643
chr1	1194221	1194222	27	0.595
chr1	1194237	1194238	29	0.9046
chr1	1194283	1194284	22	0.6344
chr1	1194308	1194309	29	0.5372
chr1	1194338	1194339	25	0.3917
chr1	1194363	1194364	30	0.3559
chr1	1194398	1194399	29	0.2863
chr1	1194418	1194419	26	0.4048
chr1	1194460	1194461	29	0.313
chr1	1194487	1194488	28	0.4316
chr1	1194537	1194538	28	0.4226
chr1	1194587	1194588	42	0.4009
chr1	1194603	1194604	30	0.3474
chr1	1194618	1194619	36	0.3962
chr1	1194659	1194660	33	0.3486
chr1	1194682	1194683	30	0.556
chr1	1194707	1194708	32	0.5408
chr1	1194735	1194736	30	0.2919
chr1	1194754	1194755	27	0.3308
chr1	1194771	1194772	30	0.2983
chr1	1194871	1194872	25	0.394
chr1	1194971	1194972	29	0.4386
chr1	1195071	1195072	33	0.2998
chr1	1195171	1195172	32	0.329
chr1	1195229	1195230	33	0.5915
chr1	1195263	1195264	38	0.007
chr1	1195284	1195285	32	0.1114
chr1	1195310	1195311	33	0.0725
chr1	1195349	1195350	17	0.1615
chr1	1195386	1195387	31	0.0642
chr1	1195406	1195407	37	0.1801
chr1	1195431	1195432	26	0.1182
chr1	1195481	1195482	40	0.1839
chr1	1195499	1195500	28	0.3094
chr1	1195547	1195548	27	0.0542
chr1	1195562	1195563	29	0.1931
chr1	1195578	1195579	33	0.0538
chr1	1195619	1195620	26	0.031
chr1	1195643	1195644	39	0.2597
chr1	1195658	1195659	36	0.2466
chr1	1195689	1195690	31	0.1295
chr1	1195699	1195700	27	0.095
chr1	1195749	1195750	21	0.0465
chr1	1195849	1195850	29	0.07
chr1	1195901	1195902	34	0.1701
chr1	1196001	1196002	23	0.0538
chr1	1196101	1196102	22	0.0474
chr1	1196161	1196162	28	0.0583
chr1	1196179	1196180	29	0.2583
chr1	1196199	1196200	30	0.7885
chr1	1196232	1196233	31	0.4432
chr1	1196282	1196283	29	0.444
chr1	1196325	1196326	30	0.5118
chr1	1196362	1196363	27	0.2658
chr1	1196381	1196382	30	0.8281
chr1	1196414	1196415	29	0.661
chr1	1196435	1196436	27	0.3805
chr1	1196485	1196486	26	0.2953
chr1	1196508	1196509	37	0.3592
chr1	1196534	1196535	33	0.1743
chr1	1196554	1196555	41	0.6961
chr1	1196582	1196583	22	0.3795
chr1	1196625	1196626	22	0.8952
chr1	1196648	1196649	32	0.9075
chr1	1196682	1196683	22	0.7615
chr1	1196697	1196698	31	0.741
chr1	1196698	1196699	30	0.5789
chr1	1196772	1196773	25	0.224
chr1	1196872	1196873	29	0.1656
chr1	1196972	1196973	24	0.1367
chr1	1197072	1197073	26	0.3812
chr1	1197122	1197123	31	0.3642
chr1	1197172	1197173	23	0.3056
chr1	1197222	1197223	34	0.7477
chr1	1197237	1197238	35	0.7635
chr1	1197276	1197277	31	0.6816
chr1	1197326	1197327	25	0.7295
chr1	1197348	1197349	25	0.7611
chr1	1197384	1197385	27	0.7243
chr1	1197434	1197435	20	0.5986
chr1	1197466	1197467	22	0.7772
chr1	1197484	1197485	24	0.8463
chr1	1197499	1197500	34	0.7949
chr1	1197541	1197542	29	0.7928
chr1	1197575	1197576	23	0.717
chr1	1197590	1197591	35	0.6775
chr1	1197612	1197613	27	0.7678
chr1	1197636	1197637	32	0.7514
chr1	1197654	1197655	28	0.7557
chr1	1197684	1197685	31	0.8448
chr1	1197718	1197719	33	0.7354
chr1	1197741	1197742	29	0.6649
chr1	1197783	1197784	22	0.7562
chr1	1197819	1197820	37	0.7843
chr1	1197919	1197920	36	0.711
chr1	1197971	1197972	31	0.7687
chr1	1198071	1198072	22	0.7928
chr1	1198171	1198172	35	0.7364
chr1	1198221	1198222	37	0.4996
chr1	1198321	1198322	31	0.6959
chr1	1198371	1198372	31	0.7028
chr1	1198389	1198390	35	0.6905
chr1	1198441	1198442	26	0.6664
chr1	1198483	1198484	31	0.2744
chr1	1198516	1198517	31	0.3488
chr1	1198545	1198546	19	0.2961
chr1	1198572	1198573	34	0.3092
chr1	1198618	1198619	33	0.1931
chr1	1198668	1198669	29	0.2478
chr1	1198718	1198719	22	0.2805
chr1	1198738	1198739	31	0.1733
chr1	1198770	1198771	28	0.2727
chr1	1198785	1198786	33	0.1974
chr1	1198818	1198819	33	0.0924
chr1	1198853	1198854	28	0.1112
chr1	1198872	1198873	24	0.3353
chr1	1198893	1198894	22	0.2941
chr1	1198921	1198922	27	0.1558
chr1	1198969	1198970	31	0.2646
chr1	1199002	1199003	31	0.1967
chr1	1199019	1199020	31	0.2544
chr1	1199022	1199023	32	0.4074
chr1	1199122	1199123	37	0.0
chr1	1199222	1199223	29	0.3337
chr1	1199322	1199323	22	0.2285
chr1	1199422	1199423	35	0.1724
chr1	1199508	1199509	38	0.1633
chr1	1199526	1199527	21	0.204
chr1	1199582	1199583	24	0.3614
chr1	1199590	1199591	32	0.5401
chr1	1199623	1199624	33	0.4735
chr1	1199663	1199664	32	0.4768
chr1	1199686	1199687	37	0.4824
chr1	1199727	1199728	26	0.5313
chr1	1199756	1199757	28	0.6868
chr1	1199786	1199787	16	0.4424
chr1	1199811	1199812	34	0.6317
chr1	1199831	1199832	39	0.6605
chr1	1199881	1199882	28	0.5541
chr1	1199917	1199918	29	0.5405
chr1	1199944	1199945	32	0.5611
chr1	1199959	1199960	22	0.6489
chr1	1200059	1200060	31	0.7456
chr1	1200109	1200110	19	0.5247
chr1	1200197	1200198	36	0.6592
chr1	1200297	1200298	24	0.6909
chr1	1200303	1200304	33	0.9206
chr1	1200333	1200334	25	0.9257
chr1	1200365	1200366	26	0.7343
chr1	1200413	1200414	27	0.5408
chr1	1200487	1200488	24	0.7691
chr1	1200679	1200680	20	0.8682
chr1	1200707	1200708	24	0.5544
chr1	1200725	1200726	31	0.9033
chr1	1200785	1200786	33	0.776
chr1	1200798	1200799	26	0.819
chr1	1200838	1200839	24	0.6989
chr1	1200863	1200864	31	0.7827
chr1	1200885	1200886	31	0.7911
chr1	1200911	1200912	31	0.7431
chr1	1200948	1200949	34	0.7394
chr1	1200965	1200966	30	0.7744
chr1	1201002	1201003	25	0.7656
chr1	1201032	1201033	35	0.7849
chr1	1201076	1201077	30	0.6099
chr1	1201115	1201116	30	0.7043
chr1	1201156	1201157	29	0.7745
chr1	1201181	1201182	26	0.8735
chr1	1201220	1201221	25	0.9626
chr1	1201239	1201240	30	0.8374
chr1	1201275	1201276	31	0.805
chr1	1201279	1201280	33	0.8182
chr1	1201365	1201366	32	0.7346
chr1	1201465	1201466	27	0.9274
chr1	1201565	1201566	35	0.6488
chr1	1201632	1201633	35	0.8509
chr1	1201693	1201694	31	0.7971
chr1	1201727	1201728	24	1.0
chr1	1201762	1201763	26	0.7027
chr1	1201808	1201809	24	0.9437
chr1	1201847	1201848	24	0.8722
chr1	1201863	1201864	25	0.9474
chr1	1201899	1201900	33	0.7719
chr1	1201916	1201917	32	0.8049
chr1	1201938	1201939	34	0.9009
chr1	1201970	1201971	24	0.9311
chr1	1201987	1201988	30	0.8656
chr1	1202008	1202009	31	0.7785
chr1	1202058	1202059	23	0.8646
chr1	1202076	1202077	30	0.8768
chr1	1202102	1202103	33	0.7482
chr1	1202117	1202118	32	0.835
chr1	1202149	1202150	34	0.9484
chr1	1202186	1202187	20	0.7854
chr1	1202215	1202216	27	0.9106
chr1	1202279	1202280	29	0.8531
chr1	1202379	1202380	32	0.9399
chr1	1202479	1202480	38	0.9391
chr1	1202579	1202580	27	0.8162
chr1	1202679	1202680	32	0.7641
chr1	1202685	1202686	24	1.0
chr1	1202710	1202711	28	0.6703
chr1	1202755	1202756	35	0.7575
chr1	1202792	1202793	26	0.6943
chr1	1202827	1202828	42	0.7659
chr1	1202875	1202876	27	0.6719
chr1	1202917	1202918	31	0.8483
chr1	1202952	1202953	31	0.9156
chr1	1202970	1202971	20	0.7432
chr1	1203016	1203017	20	0.7787
chr1	1203031	1203032	27	0.8586
chr1	1203081	1203082	26	0.738
chr1	1203100	1203101	37	0.8128
chr1	1203119	1203120	33	0.9361
chr1	1203134	1203135	42	0.8931
chr1	1203169	1203170	28	0.7865
chr1	1203176	1203177	31	0.6868
chr1	1203243	1203244	25	0.8002
chr1	1203312	1203313	21	0.6301
chr1	1203412	1203413	37	0.6906
chr1	1203468	1203469	29	0.8297
chr1	1203535	1203536	29	0.8877
chr1	1203635	1203636	23	0.8123
chr1	1203697	1203698	28	0.8452
chr1	1203720	1203721	35	0.8751
chr1	1203735	1203736	37	0.912
chr1	1203757	1203758	35	0.9041
chr1	1203779	1203780	29	0.9518
chr1	1203807	1203808	34	0.8757
chr1	1203845	1203846	25	0.8589
chr1	1203879	1203880	33	0.9213
chr1	1203903	1203904	24	0.835
chr1	1203921	1203922	31	0.7457
chr1	1203936	1203937	32	0.865
chr1	1203959	1203960	29	0.9509
chr1	1204007	1204008	24	0.8481
chr1	1204045	1204046	23	1.0
chr1	1204060	1204061	22	0.6925
chr1	1204110	1204111	35	0.791
chr1	1204160	1204161	28	0.7923
chr1	1204189	1204190	33	0.7814
chr1	1204201	1204202	22	0.809
chr1	1204251	1204252	23	0.9498
chr1	1204339	1204340	32	0.8813
chr1	1204439	1204440	31	0.8717
chr1	1204506	1204507	31	0.9075
chr1	1204566	1204567	24	0.7561
chr1	1204666	1204667	25	0.9208
chr1	1204696	1204697	32	0.956
chr1	1204733	1204734	30	0.4436
chr1	1204777	1204778	25	0.3194
chr1	1204814	1204815	26	0.1953
chr1	1204850	1204851	27	0.3076
chr1	1204882	1204883	24	0.2175
chr1	1204930	1204931	22	0.2562
chr1	1204948	1204949	22	0.2524
chr1	1204971	1204972	24	0.2711
chr1	1204996	1204997	22	0.2752
chr1	1205034	1205035	27	0.3439
chr1	1205064	1205065	18	0.2413
chr1	1205107	1205108	42	0.3072
chr1	1205126	1205127	23	0.2705
chr1	1205168	1205169	37	0.1476
chr1	1205218	1205219	29	0.199
chr1	1205257	1205258	25	0.2761
chr1	1205272	1205273	30	0.0489
chr1	1205309	1205310	25	0.1504
chr1	1205341	1205342	35	0.3538
chr1	1205352	1205353	22	0.1098
chr1	1205407	1205408	34	0.0749
chr1	1205490	1205491	32	0.093
chr1	1205590	1205591	46	0.1789
chr1	1205674	1205675	35	0.0553
chr1	1205774	1205775	18	0.1299
chr1	1205874	1205875	30	0.3543
chr1	1205886	1205887	22	0.1231
chr1	1205948	1205949	32	0.1657
chr1	1205964	1205965	32	0.5261
chr1	1205998	1205999	30	0.5176
chr1	1206039	1206040	28	0.5533
chr1	1206088	1206089	35	0.6021
chr1	1206105	1206106	15	0.8233
chr1	1206123	1206124	30	0.7822
chr1	1206173	1206174	29	0.5592
chr1	1206190	1206191	29	0.4738
chr1	1206205	1206206	28	0.5549
chr1	1206220	1206221	29	0.6512
chr1	1206267	1206268	36	0.3913
chr1	1206308	1206309	31	0.767
chr1	1206339	1206340	27	0.7539
chr1	1206354	1206355	30	0.5271
chr1	1206401	1206402	19	0.5591
chr1	1206407	1206408	30	0.5407
chr1	1206502	1206503	32	0.6635
chr1	1206602	1206603	31	0.7008
chr1	1206702	1206703	27	0.5381
chr1	1206802	1206803	32	0.6699
chr1	1206846	1206847	30	0.5146
chr1	1206854	1206855	25	0.6452
chr1	1206895	1206896	22	0.6435
chr1	1206914	1206915	28	0.7514
chr1	1206947	1206948	29	0.5974
chr1	1206969	1206970	28	0.8411
chr1	1207005	1207006	25	0.6919
chr1	1207025	1207026	30	0.6706
chr1	1207063	1207064	33	0.6756
chr1	1207099	1207100	32	0.8349
chr1	1207137	1207138	26	0.6789
chr1	1207187	1207188	23	0.6553
chr1	1207217	1207218	19	0.7097
chr1	1207250	1207251	38	0.7157
chr1	1207267	1207268	28	0.7159
chr1	1207291	1207292	31	0.8619
chr1	1207319	1207320	32	0.7849
chr1	1207369	1207370	32	0.6853
chr1	1207385	1207386	24	0.7733
chr1	1207485	1207486	37	0.8904
chr1	1207585	1207586	32	0.7678
chr1	1207685	1207686	19	0.7088
chr1	1207755	1207756	32	0.5983
chr1	1207855	1207856	32	0.5387
chr1	1207953	1207954	24	0.8058
chr1	1208003	1208004	25	0.9161
chr1	1208036	1208037	30	0.8559
chr1	1208076	1208077	26	0.7294
chr1	1208091	1208092	33	0.6439
chr1	1208109	1208110	31	0.7893
chr1	1208130	1208131	23	0.8289
chr1	1208180	1208181	30	0.9287
chr1	1208228	1208229	27	0.8858
chr1	1208269	1208270	19	0.6953
chr1	1208290	1208291	40	0.7771
chr1	1208340	1208341	17	0.7792
chr1	1208366	1208367	28	0.753
chr1	1208394	1208395	23	0.7871
chr1	1208415	1208416	20	0.8767
chr1	1208515	1208516	37	0.7815
chr1	1208575	1208576	28	0.6064
chr1	1208675	1208676	22	0.8361
chr1	1208775	1208776	34	0.838
chr1	1208855	1208856	31	0.9186
chr1	1208861	1208862	28	0.8613
chr1	1208881	1208882	26	0.8355
chr1	1208896	1208897	30	0.652
chr1	1208928	1208929	29	0.4846
chr1	1208955	1208956	35	0.6095
chr1	1209000	1209001	20	0.6646
chr1	1209037	1209038	17	0.7047
chr1	1209061	1209062	36	0.73
chr1	1209111	1209112	30	0.6733
chr1	1209126	1209127	25	0.6506
chr1	1209163	1209164	29	0.9547
chr1	1209189	1209190	23	0.8984
chr1	1209210	1209211	26	0.9582
chr1	1209232	1209233	35	0.9315
chr1	1209267	1209268	39	0.7685
chr1	1209314	1209315	37	0.8693
chr1	1209338	1209339	38	0.8879
chr1	1209348	1209349	27	0.9211
chr1	1209448	1209449	35	0.8886
chr1	1209516	1209517	31	0.7973
chr1	1209616	1209617	22	0.8769
chr1	1209666	1209667	32	0.8417
chr1	1209766	1209767	31	0.9775
chr1	1209834	1209835	18	1.0
chr1	1209842	1209843	27	0.8836
chr1	1209866	1209867	27	0.9042
chr1	1209874	1209875	27	0.9245
chr1	1209876	1209877	32	0.9526
chr1	1209986	1209987	35	0.8519
chr1	1210180	1210181	28	0.9237
chr1	1210188	1210189	28	0.9384
chr1	1210194	1210195	32	0.8078
chr1	1210229	1210230	31	0.7405
chr1	1210245	1210246	33	0.8544
chr1	1210271	1210272	33	0.7632
chr1	1210291	1210292	35	0.6251
chr1	1210327	1210328	34	0.8126
chr1	1210348	1210349	37	0.8852
chr1	1210381	1210382	21	0.8219
chr1	1210408	1210409	36	0.7444
chr1	1210432	1210433	30	0.9305
chr1	1210464	1210465	32	0.8128
chr1	1210497	1210498	23	0.8076
chr1	1210531	1210532	30	0.8247
chr1	1210560	1210561	33	0.8035
chr1	1210594	1210595	33	0.7551
chr1	1210614	1210615	23	0.6625
chr1	1210656	1210657	18	0.7782
chr1	1210687	1210688	24	0.87
chr1	1210729	1210730	26	0.8597
chr1	1210767	1210768	25	0.8743
chr1	1210788	1210789	19	0.7193
chr1	1210843	1210844	28	0.8956
chr1	1210943	1210944	32	0.7639
chr1	1211043	1211044	26	0.7851
chr1	1211143	1211144	42	0.7646
chr1	1211193	1211194	26	0.7288
chr1	1211293	1211294	27	0.7231
chr1	1211367	1211368	31	0.9933
chr1	1211395	1211396	28	0.7937
chr1	1211421	1211422	32	0.7062
chr1	1211457	1211458	31	0.7768
chr1	1211494	1211495	31	0.5718
chr1	1211517	1211518	30	0.7036
chr1	1211543	1211544	31	0.6506
chr1	1211577	1211578	29	0.5645
chr1	1211604	1211605	24	0.7516
chr1	1211633	1211634	46	0.7158
chr1	1211677	1211678	20	0.4658
chr1	1211727	1211728	24	0.7305
chr1	1211762	1211763	33	0.7469
chr1	1211808	1211809	25	0.7367
chr1	1211857	1211858	28	0.6367
chr1	1211872	1211873	30	0.5288
chr1	1211883	1211884	27	0.5588
chr1	1211983	1211984	30	0.8473
chr1	1212083	1212084	25	0.7008
chr1	1212133	1212134	37	0.6927
chr1	1212218	1212219	32	0.6024
chr1	1212290	1212291	36	0.7676
chr1	1212352	1212353	26	0.6498
chr1	1212396	1212397	30	0.5049
chr1	1212442	1212443	32	0.7932
chr1	1212450	1212451	30	0.4036
chr1	1212470	1212471	33	0.2984
chr1	1212492	1212493	32	0.3759
chr1	1212528	1212529	28	0.3159
chr1	1212573	1212574	31	0.1873
chr1	1212602	1212603	32	0.4236
chr1	1212617	1212618	34	0.4723
chr1	1212633	1212634	22	0.3558
chr1	1212671	1212672	30	0.2914
chr1	1212710	1212711	31	0.3083
chr1	1212725	1212726	21	0.3878
chr1	1212772	1212773	25	0.4622
chr1	1212822	1212823	29	0.3878
chr1	1212837	1212838	25	0.3591
chr1	1212879	1212880	31	0.4658
chr1	1212950	1212951	25	0.5068
chr1	1212968	1212969	42	0.5042
chr1	1212969	1212970	41	0.3494
chr1	1213069	1213070	29	0.4321
chr1	1213125	1213126	29	0.3858
chr1	1213222	1213223	36	0.3627
chr1	1213290	1213291	30	0.3776
chr1	1213340	1213341	25	0.4027
chr1	1213390	1213391	26	0.4148
chr1	1213459	1213460	19	0.444
chr1	1213645	1213646	29	0.584
chr1	1213683	1213684	30	0.7063
chr1	1213753	1213754	32	0.4643
chr1	1213817	1213818	31	0.5743
chr1	1213837	1213838	30	0.6313
chr1	1213862	1213863	35	0.725
chr1	1213882	1213883	31	0.8143
chr1	1213932	1213933	28	0.6865
chr1	1213947	1213948	27	0.6439
chr1	1213974	1213975	35	0.8906
chr1	1213997	1213998	33	0.9483
chr1	1214030	1214031	35	0.6781
chr1	1214080	1214081	33	0.7407
chr1	1214129	1214130	37	0.8237
chr1	1214161	1214162	36	0.8429
chr1	1214207	1214208	30	0.7316
chr1	1214257	1214258	33	0.7775
chr1	1214281	1214282	31	0.7323
chr1	1214381	1214382	21	0.6454
chr1	1214481	1214482	25	0.8041
chr1	1214578	1214579	28	0.6461
chr1	1214678	1214679	18	0.812
chr1	1214708	1214709	27	0.8301
chr1	1214714	1214715	37	0.7275
chr1	1214742	1214743	22	0.1447
chr1	1214787	1214788	26	0.0581
chr1	1214837	1214838	23	0.2797
chr1	1214887	1214888	37	0.0
chr1	1214922	1214923	30	0.1414
chr1	1214972	1214973	32	0.0479
chr1	1214990	1214991	36	0.3266
chr1	1215013	1215014	27	0.1082
chr1	1215063	1215064	23	0.2776
chr1	1215110	1215111	30	0.1439
chr1	1215149	1215150	36	0.1258
chr1	1215174	1215175	21	0.1091
chr1	1215224	1215225	33	0.2794
chr1	1215233	1215234	29	0.1533
chr1	1215297	1215298	34	0.1224
chr1	1215347	1215348	38	0.1541
chr1	1215447	1215448	32	0.0878
chr1	1215547	1215548	30	0.3736
chr1	1215597	1215598	34	0.0246
chr1	1215647	1215648	28	0.0485
chr1	1215695	1215696	31	0.1735
chr1	1215719	1215720	28	0.1453
chr1	1215744	1215745	32	0.7319
chr1	1215759	1215760	31	0.8566
chr1	1215791	1215792	22	0.6258
chr1	1215812	1215813	30	0.6598
chr1	1215837	1215838	30	0.6125
chr1	1215871	1215872	21	0.5282
chr1	1215902	1215903	29	0.6683
chr1	1215952	1215953	29	0.7534
chr1	1215980	1215981	22	0.5843
chr1	1215995	1215996	36	0.6511
chr1	1216025	1216026	30	0.6027
chr1	1216040	1216041	23	0.7565
chr1	1216090	1216091	29	0.629
chr1	1216119	1216120	27	0.6527
chr1	1216144	1216145	36	0.6194
chr1	1216190	1216191	31	0.7276
chr1	1216208	1216209	30	0.5197
chr1	1216246	1216247	28	0.7041
chr1	1216346	1216347	29	0.7187
chr1	1216411	1216412	31	0.5717
chr1	1216511	1216512	34	0.5659
chr1	1216565	1216566	36	0.6708
chr1	1216665	1216666	26	0.6815
chr1	1216765	1216766	28	0.8884
chr1	1216772	1216773	28	0.7593
chr1	1216788	1216789	39	0.7635
chr1	1216823	1216824	29	0.7958
chr1	1216842	1216843	21	0.5558
chr1	1216878	1216879	25	0.6827
chr1	1216919	1216920	32	0.6793
chr1	1216958	1216959	23	0.8314
chr1	1216973	1216974	31	0.7213
chr1	1217004	1217005	31	0.8839
chr1	1217034	1217035	39	0.7576
chr1	1217049	1217050	30	0.8516
chr1	1217083	1217084	23	0.8061
chr1	1217126	1217127	31	0.7554
chr1	1217146	1217147	27	0.8023
chr1	1217196	1217197	28	0.7253
chr1	1217246	1217247	34	0.7279
chr1	1217251	1217252	42	0.5874
chr1	1217351	1217352	36	0.6796
chr1	1217451	1217452	33	0.6594
chr1	1217551	1217552	35	0.8565
chr1	1217651	1217652	27	0.8037
chr1	1217716	1217717	27	0.8317
chr1	1217736	1217737	36	0.9819
chr1	1217770	1217771	28	0.9172
chr1	1217824	1217825	22	0.8297
chr1	1217894	1217895	26	0.9753
chr1	1217926	1217927	23	0.9969
chr1	1218024	1218025	23	0.8675
chr1	1218042	1218043	31	0.8261
chr1	1218052	1218053	27	0.2109
chr1	1218082	1218083	27	0.0958
chr1	1218112	1218113	35	0.1044
chr1	1218141	1218142	21	0.1418
chr1	1218169	1218170	26	0.3977
chr1	1218187	1218188	30	0.194
chr1	1218206	1218207	31	0.3157
chr1	1218221	1218222	20	0.2538
chr1	1218244	1218245	44	0.261
chr1	1218271	1218272	32	0.1639
chr1	1218321	1218322	32	0.0722
chr1	1218343	1218344	22	0.0655
chr1	1218378	1218379	27	0.2867
chr1	1218393	1218394	31	0.1431
chr1	1218426	1218427	31	0.0641
chr1	1218442	1218443	33	0.1533
chr1	1218465	1218466	34	0.3849
chr1	1218482	1218483	26	0.3046
chr1	1218515	1218516	31	0.205
chr1	1218538	1218539	32	0.1503
chr1	1218563	1218564	33	0.5081
chr1	1218568	1218569	27	0.2752
chr1	1218668	1218669	30	0.4495
chr1	1218768	1218769	24	0.1371
chr1	1218818	1218819	23	0.0976
chr1	1218918	1218919	24	0.3225
chr1	1219009	1219010	28	0.2531
chr1	1219105	1219106	32	0.1267
chr1	1219119	1219120	35	0.5555
chr1	1219135	1219136	24	0.5224
chr1	1219155	1219156	30	0.6521
chr1	1219205	1219206	20	0.7608
chr1	1219227	1219228	27	0.7823
chr1	1219260	1219261	39	0.743
chr1	1219304	1219305	27	0.7054
chr1	1219319	1219320	22	0.6659
chr1	1219348	1219349	38	0.6211
chr1	1219385	1219386	30	0.5835
chr1	1219412	1219413	27	0.8303
chr1	1219458	1219459	36	0.609
chr1	1219473	1219474	31	0.7742
chr1	1219523	1219524	26	0.8177
chr1	1219545	1219546	32	0.6229
chr1	1219565	1219566	36	0.7116
chr1	1219603	1219604	24	0.6143
chr1	1219647	1219648	33	0.5119
chr1	1219654	1219655	25	0.7062
chr1	1219754	1219755	33	0.8585
chr1	1219825	1219826	37	0.5819
chr1	1219875	1219876	23	0.8547
chr1	1219936	1219937	33	0.5045
chr1	1220031	1220032	30	0.4806
chr1	1220131	1220132	32	0.5239
chr1	1220181	1220182	35	0.5629
chr1	1220191	1220192	15	0.7567
chr1	1220217	1220218	33	0.8534
chr1	1220263	1220264	32	0.6962
chr1	1220297	1220298	35	0.8351
chr1	1220312	1220313	29	0.761
chr1	1220338	1220339	32	0.7322
chr1	1220376	1220377	24	0.674
chr1	1220397	1220398	34	0.6797
chr1	1220420	1220421	23	0.7021
chr1	1220470	1220471	30	0.7359
chr1	1220496	1220497	32	0.7311
chr1	1220511	1220512	39	0.7754
chr1	1220561	1220562	30	0.7495
chr1	1220585	1220586	26	0.8069
chr1	1220614	1220615	35	0.6874
chr1	1220644	1220645	28	0.6657
chr1	1220670	1220671	34	0.6396
chr1	1220704	1220705	31	0.5947
chr1	1220729	1220730	25	0.6704
chr1	1220751	1220752	28	0.6657
chr1	1220801	1220802	23	0.7578
chr1	1220859	1220860	33	0.803
chr1	1220959	1220960	29	0.6462
chr1	1221059	1221060	29	0.8654
chr1	1221159	1221160	28	0.6681
chr1	1221165	1221166	28	0.7194
chr1	1221173	1221174	25	0.9188
chr1	1221191	1221192	24	0.8258
chr1	1221241	1221242	33	0.702
chr1	1221267	1221268	34	0.5498
chr1	1221293	1221294	26	0.6677
chr1	1221343	1221344	28	0.606
chr1	1221380	1221381	25	0.6407
chr1	1221402	1221403	25	0.7326
chr1	1221430	1221431	32	0.6826
chr1	1221467	1221468	34	0.5889
chr1	1221491	1221492	26	0.5894
chr1	1221541	1221542	32	0.637
chr1	1221565	1221566	24	0.7002
chr1	1221591	1221592	32	0.8002
chr1	1221620	1221621	31	0.5868
chr1	1221642	1221643	35	0.6748
chr1	1221678	1221679	36	0.7164
chr1	1221689	1221690	26	0.7657
chr1	1221760	1221761	40	0.6632
chr1	1221811	1221812	41	0.7424
chr1	1221911	1221912	33	0.542
chr1	1221981	1221982	25	0.7448
chr1	1222081	1222082	32	0.7235
chr1	1222157	1222158	29	0.7018
chr1	1222215	1222216	34	0.5608
chr1	1222227	1222228	34	0.9139
chr1	1222236	1222237	29	0.1345
chr1	1222272	1222273	27	0.2101
chr1	1222322	1222323	29	0.196
chr1	1222339	1222340	32	0.221
chr1	1222384	1222385	32	0.3015
chr1	1222434	1222435	30	0.2609
chr1	1222459	1222460	31	0.3391
chr1	1222509	1222510	28	0.1932
chr1	1222547	1222548	25	0.1702
chr1	1222583	1222584	27	0.3045
chr1	1222605	1222606	28	0.1474
chr1	1222620	1222621	34	0.165
chr1	1222640	1222641	34	0.1864
chr1	1222662	1222663	35	0.0865
chr1	1222762	1222763	27	0.2735
chr1	1222812	1222813	34	0.2217
chr1	1222912	1222913	33	0.2661
chr1	1222962	1222963	34	0.2195
chr1	1223049	1223050	30	0.2255
chr1	1223129	1223130	26	0.1046
chr1	1223157	1223158	23	0.0926
chr1	1223241	1223242	33	0.166
chr1	1223263	1223264	31	0.1443
chr1	1223265	1223266	28	0.0784
chr1	1223379	1223380	44	0.1157
chr1	1223381	1223382	29	0.1401
chr1	1223437	1223438	35	0.1327
chr1	1223445	1223446	26	0.0956
chr1	1223494	1223495	35	0.8578
chr1	1223535	1223536	29	0.7227
chr1	1223562	1223563	34	0.7721
chr1	1223587	1223588	31	0.8131
chr1	1223634	1223635	29	0.8934
chr1	1223657	1223658	32	0.8218
chr1	1223707	1223708	24	0.6918
chr1	1223722	1223723	33	0.8003
chr1	1223744	1223745	31	0.7635
chr1	1223773	1223774	31	0.8336
chr1	1223788	1223789	27	0.8525
chr1	1223827	1223828	32	0.6584
chr1	1223866	1223867	30	0.9331
chr1	1223892	1223893	35	0.8123
chr1	1223907	1223908	35	0.7169
chr1	1223957	1223958	37	0.7791
chr1	1223994	1223995	28	0.7059
chr1	1224021	1224022	27	0.865
chr1	1224094	1224095	32	0.6419
chr1	1224160	1224161	34	0.7431
chr1	1224260	1224261	36	0.6807
chr1	1224360	1224361	32	0.8457
chr1	1224420	1224421	37	0.6165
chr1	1224470	1224471	33	0.6964
chr1	1224520	1224521	40	0.6207
chr1	1224546	1224547	26	0.8018
chr1	1224592	1224593	38	0.553
chr1	1224642	1224643	30	0.6651
chr1	1224663	1224664	29	0.8245
chr1	1224713	1224714	34	0.7379
chr1	1224752	1224753	28	0.5806
chr1	1224802	1224803	24	0.5666
chr1	1224835	1224836	24	0.7092
chr1	1224850	1224851	27	0.5681
chr1	1224886	1224887	30	0.7602
chr1	1224936	1224937	33	0.7198
chr1	1224958	1224959	25	0.682
chr1	1225008	1225009	29	0.6587
chr1	1225057	1225058	31	0.7031
chr1	1225058	1225059	30	0.8796
chr1	1225158	1225159	36	0.6935
chr1	1225208	1225209	34	0.7582
chr1	1225308	1225309	31	0.7544
chr1	1225368	1225369	35	0.768
chr1	1225446	1225447	35	0.7878
chr1	1225505	1225506	35	0.5025
chr1	1225509	1225510	27	0.4615
chr1	1225527	1225528	25	0.598
chr1	1225569	1225570	30	0.7357
chr1	1225598	1225599	24	0.7015
chr1	1225614	1225615	22	0.8013
chr1	1225657	1225658	25	0.6186
chr1	1225691	1225692	23	0.5772
chr1	1225728	1225729	29	0.7455
chr1	1225759	1225760	35	0.738
chr1	1225793	1225794	31	0.8243
chr1	1225843	1225844	23	0.6419
chr1	1225873	1225874	37	0.712
chr1	1225894	1225895	25	0.59
chr1	1225944	1225945	19	0.5188
chr1	1225994	1225995	26	0.7463
chr1	1226023	1226024	18	0.6491
chr1	1226049	1226050	33	0.666
chr1	1226072	1226073	36	0.5365
chr1	1226095	1226096	26	0.6193
chr1	1226124	1226125	24	0.5219
chr1	1226139	1226140	35	0.533
chr1	1226147	1226148	28	0.537
chr1	1226247	1226248	26	0.7181
chr1	1226305	1226306	28	0.544
chr1	1226405	1226406	33	0.5595
chr1	1226476	1226477	33	0.5706
chr1	1226571	1226572	27	0.5589
chr1	1226671	1226672	23	0.6392
chr1	1226677	1226678	30	0.5313
chr1	1226763	1226764	26	0.5699
chr1	1226771	1226772	30	0.6907
chr1	1226815	1226816	27	0.5126
chr1	1226832	1226833	27	0.6522
chr1	1226856	1226857	32	0.6933
chr1	1226906	1226907	26	0.5515
chr1	1226938	1226939	29	0.6717
chr1	1226958	1226959	42	0.7354
chr1	1226994	1226995	26	0.6538
chr1	1227028	1227029	35	0.6191
chr1	1227063	1227064	26	0.6622
chr1	1227113	1227114	31	0.7505
chr1	1227142	1227143	29	0.7521
chr1	1227158	1227159	26	0.7978
chr1	1227208	1227209	31	0.6664
chr1	1227247	1227248	28	0.3622
chr1	1227265	1227266	31	0.358
chr1	1227317	1227318	20	0.474
chr1	1227417	1227418	28	0.591
chr1	1227467	1227468	17	0.5309
chr1	1227567	1227568	33	0.446
chr1	1227667	1227668	30	0.4579
chr1	1227863	1227864	25	0.8341
chr1	1227891	1227892	33	0.5782
chr1	1227943	1227944	31	0.4836
chr1	1228021	1228022	27	0.611
chr1	1228029	1228030	27	0.8627
chr1	1228037	1228038	27	0.4086
chr1	1228061	1228062	28	0.4947
chr1	1228078	1228079	28	0.4235
chr1	1228128	1228129	33	0.4543
chr1	1228147	1228148	34	0.4421
chr1	1228176	1228177	24	0.5314
chr1	1228206	1228207	33	0.3425
chr1	1228237	1228238	18	0.4828
chr1	1228287	1228288	33	0.4243
chr1	1228337	1228338	22	0.4142
chr1	1228387	1228388	27	0.3909
chr1	1228409	1228410	27	0.4405
chr1	1228429	1228430	30	0.4444
chr1	1228447	1228448	36	0.4954
chr1	1228462	1228463	20	0.362
chr1	1228494	1228495	33	0.4183
chr1	1228514	1228515	35	0.4057
chr1	1228554	1228555	24	0.4146
chr1	1228557	1228558	32	0.5316
chr1	1228657	1228658	33	0.4861
chr1	1228725	1228726	29	0.4061
chr1	1228781	1228782	29	0.4106
chr1	1228866	1228867	32	0.4302
chr1	1228940	1228941	37	0.3671
chr1	1229040	1229041	22	0.3813
chr1	1229112	1229113	26	0.08
chr1	1229178	1229179	29	0.0
chr1	1229212	1229213	25	0.2213
chr1	1229216	1229217	22	0.0761
chr1	1229228	1229229	29	0.1475
chr1	1229238	1229239	34	0.0
chr1	1229372	1229373	35	0.2535
chr1	1229404	1229405	31	0.196
chr1	1229530	1229531	30	0.0836
chr1	1229579	1229580	27	0.0825
chr1	1229594	1229595	26	0.1907
chr1	1229627	1229628	23	0.1061
chr1	1229650	1229651	40	0.0817
chr1	1229686	1229687	27	0.0
chr1	1229736	1229737	40	0.0834
chr1	1229762	1229763	35	0.2513
chr1	1229777	1229778	28	0.1164
chr1	1229794	1229795	36	0.1353
chr1	1229832	1229833	23	0.0
chr1	1229851	1229852	22	0.1058
chr1	1229873	1229874	25	0.0448
chr1	1229910	1229911	25	0.0443
chr1	1229944	1229945	26	0.1377
chr1	1229975	1229976	32	0.0184
chr1	1229999	1230000	27	0.1488
chr1	1230039	1230040	24	0.0605
chr1	1230064	1230065	24	0.1912
chr1	1230067	1230068	30	0.1491
chr1	1230117	1230118	37	0.0849
chr1	1230217	1230218	33	0.0849
chr1	1230317	1230318	33	0.1376
chr1	1230417	1230418	36	0.0797
chr1	1230517	1230518	30	0.1168
chr1	1230589	1230590	29	0.1725
chr1	1230613	1230614	32	0.0352
chr1	1230659	1230660	22	0.9057
chr1	1230709	1230710	34	0.9121
chr1	1230734	1230735	27	0.9545
chr1	1230776	1230777	29	0.7479
chr1	1230803	1230804	35	0.9155
chr1	1230824	1230825	36	0.7861
chr1	1230864	1230865	25	0.9616
chr1	1230896	1230897	39	0.9983
chr1	1230934	1230935	26	0.8334
chr1	1230956	1230957	30	0.9455
chr1	1230983	1230984	34	0.8109
chr1	1231008	1231009	21	0.8084
chr1	1231023	1231024	31	0.9042
chr1	1231043	1231044	30	0.9407
chr1	1231093	1231094	27	0.7881
chr1	1231109	1231110	34	0.8473
chr1	1231124	1231125	24	0.8922
chr1	1231168	1231169	34	0.8458
chr1	1231268	1231269	30	0.8763
chr1	1231368	1231369	27	0.7174
chr1	1231468	1231469	35	0.6945
chr1	1231568	1231569	31	0.8376
chr1	1231639	1231640	24	0.8579
chr1	1231653	1231654	27	0.9625
chr1	1231658	1231659	30	0.7789
chr1	1231708	1231709	36	0.6188
chr1	1231725	1231726	32	0.7631
chr1	1231775	1231776	38	0.5847
chr1	1231812	1231813	25	0.6837
chr1	1231862	1231863	24	0.7525
chr1	1231906	1231907	39	0.6431
chr1	1231944	1231945	30	0.6558
chr1	1231971	1231972	33	0.5252
chr1	1232003	1232004	22	0.6086
chr1	1232018	1232019	34	0.6285
chr1	1232037	1232038	32	0.4049
chr1	1232052	1232053	31	0.4678
chr1	1232067	1232068	42	0.5385
chr1	1232092	1232093	29	0.4507
chr1	1232131	1232132	23	0.5311
chr1	1232151	1232152	38	0.5043
chr1	1232251	1232252	29	0.6202
chr1	1232351	1232352	31	0.5299
chr1	1232451	1232452	26	0.7345
chr1	1232518	1232519	28	0.8056
chr1	1232570	1232571	35	0.6389
chr1	1232620	1232621	31	0.898
chr1	1232738	1232739	17	0.8487
chr1	1232820	1232821	26	0.7089
chr1	1232842	1232843	27	0.7662
chr1	1232866	1232867	28	0.7195
chr1	1232888	1232889	24	0.5202
chr1	1233048	1233049	30	0.831
chr1	1233058	1233059	39	0.5178
chr1	1234097	1234098	24	0.7704
chr1	1234147	1234148	26	0.541
chr1	1234197	1234198	21	0.6601
chr1	1234215	1234216	29	0.6728
chr1	1234230	1234231	30	0.6814
chr1	1234256	1234257	34	0.4628
chr1	1234286	1234287	28	0.5408
chr1	1234331	1234332	33	0.356
chr1	1234362	1234363	32	0.5176
chr1	1234378	1234379	30	0.4445
chr1	1234419	1234420	34	0.5179
chr1	1234445	1234446	32	0.6595
chr1	1234474	1234475	31	0.7677
chr1	1234524	1234525	28	0.568
chr1	1234551	1234552	29	0.5055
chr1	1234598	1234599	27	0.5746
chr1	1234634	1234635	29	0.5862
chr1	1234650	1234651	43	0.5127
chr1	1234750	1234751	42	0.5824
chr1	1234825	1234826	31	0.7163
chr1	1234925	1234926	25	0.5671
chr1	1234985	1234986	27	0.6682
chr1	1235085	1235086	41	0.6124
chr1	1235185	1235186	31	0.6556
chr1	1235197	1235198	32	0.9367
chr1	1235301	1235302	27	0.8656
chr1	1235345	1235346	29	0.8903
chr1	1235367	1235368	29	0.7751
chr1	1235381	1235382	37	0.8199
chr1	1235425	1235426	28	0.7394
chr1	1235497	1235498	31	0.9153
chr1	1235553	1235554	39	0.8356
chr1	1235643	1235644	23	0.7606
chr1	1235669	1235670	29	0.9192
chr1	1235676	1235677	31	0.659
chr1	1235694	1235695	33	0.7496
chr1	1235709	1235710	22	0.6787
chr1	1235740	1235741	35	0.6653
chr1	1235774	1235775	37	0.498
chr1	1235800	1235801	35	0.5416
chr1	1235823	1235824	30	0.5539
chr1	1235844	1235845	35	0.5853
chr1	1235875	1235876	27	0.5264
chr1	1235905	1235906	36	0.4996
chr1	1235936	1235937	33	0.3649
chr1	1235951	1235952	30	0.5494
chr1	1235991	1235992	34	0.5119
chr1	1236021	1236022	34	0.501
chr1	1236046	1236047	24	0.374
chr1	1236091	1236092	34	0.4978
chr1	1236118	1236119	38	0.691
chr1	1236140	1236141	32	0.8267
chr1	1236190	1236191	29	0.7542
chr1	1236205	1236206	33	0.5226
chr1	1236227	1236228	30	0.8231
chr1	1236242	1236243	27	0.6145
chr1	1236247	1236248	33	0.709
chr1	1236338	1236339	33	0.5364
chr1	1236397	1236398	20	0.5847
chr1	1236470	1236471	29	0.5628
chr1	1236549	1236550	29	0.7631
chr1	1236599	1236600	40	0.7214
chr1	1236666	1236667	34	0.6795
chr1	1236746	1236747	35	0.4988
chr1	1236824	1236825	23	0.7755
chr1	1236844	1236845	25	0.6372
chr1	1237008	1237009	34	0.6117
chr1	1237080	1237081	21	0.5187
chr1	1237232	1237233	32	0.8553
chr1	1237248	1237249	38	0.2534
chr1	1237298	1237299	37	0.3437
chr1	1237335	1237336	20	0.253
chr1	1237385	1237386	26	0.1598
chr1	1237403	1237404	39	0.1323
chr1	1237443	1237444	22	0.2326
chr1	1237493	1237494	26	0.1501
chr1	1237521	1237522	22	0.2455
chr1	1237550	1237551	30	0.144
chr1	1237577	1237578	30	0.1278
chr1	1237606	1237607	29	0.1493
chr1	1237642	1237643	20	0.0519
chr1	1237692	1237693	45	0.1327
chr1	1237742	1237743	23	0.0372
chr1	1237778	1237779	33	0.0582
chr1	1237828	1237829	28	0.0316
chr1	1237835	1237836	22	0.0798
chr1	1237917	1237918	33	0.3202
chr1	1237998	1237999	39	0.0
chr1	1238098	1238099	25	0.2369
chr1	1238176	1238177	36	0.0161
chr1	1238276	1238277	29	0.1352
chr1	1238376	1238377	33	0.1181
chr1	1238418	1238419	29	0.0
chr1	1238465	1238466	26	0.7185
chr1	1238515	1238516	29	0.8287
chr1	1238565	1238566	30	0.6799
chr1	1238604	1238605	36	0.7931
chr1	1238654	1238655	23	0.7557
chr1	1238678	1238679	25	0.7033
chr1	1238693	1238694	28	0.7257
chr1	1238735	1238736	31	0.7266
chr1	1238760	1238761	29	0.818
chr1	1238782	1238783	28	0.7728
chr1	1238828	1238829	28	0.9294
chr1	1238843	1238844	29	0.6402
chr1	1238893	1238894	24	0.5827
chr1	1238911	1238912	32	0.7249
chr1	1238936	1238937	28	0.7526
chr1	1238943	1238944	37	0.7686
chr1	1239043	1239044	30	0.8143
chr1	1239093	1239094	34	0.6735
chr1	1239165	1239166	26	0.7703
chr1	1239247	1239248	28	0.623
chr1	1239347	1239348	23	0.6768
chr1	1239369	1239370	25	0.6565
chr1	1239381	1239382	27	1.0
chr1	1239386	1239387	31	0.7462
chr1	1239410	1239411	22	0.642
chr1	1239459	1239460	35	0.7739
chr1	1239480	1239481	21	0.8152
chr1	1239508	1239509	28	0.6849
chr1	1239528	1239529	24	0.8
chr1	1239558	1239559	25	0.6925
chr1	1239604	1239605	34	0.6561
chr1	1239635	1239636	28	0.7985
chr1	1239655	1239656	32	0.7564
chr1	1239670	1239671	26	0.6734
chr1	1239685	1239686	22	0.543
chr1	1239710	1239711	27	0.7937
chr1	1239738	1239739	24	0.7129
chr1	1239778	1239779	26	0.6166
chr1	1239828	1239829	23	0.6459
chr1	1239861	1239862	39	0.6759
chr1	1239873	1239874	29	0.6203
chr1	1239973	1239974	34	0.6224
chr1	1240073	1240074	33	0.6404
chr1	1240129	1240130	31	0.8602
chr1	1240207	1240208	35	0.6696
chr1	1240258	1240259	33	0.7011
chr1	1240358	1240359	29	0.8577
chr1	1240400	1240401	27	1.0
chr1	1240424	1240425	33	0.9703
chr1	1240450	1240451	26	0.7612
chr1	1240614	1240615	20	0.7898
chr1	1240616	1240617	27	1.0
chr1	1240678	1240679	29	0.8842
chr1	1240766	1240767	27	0.9614
chr1	1240780	1240781	19	0.6873
chr1	1240808	1240809	33	0.8902
chr1	1240858	1240859	33	0.7924
chr1	1240874	1240875	30	0.8977
chr1	1240894	1240895	34	0.7966
chr1	1240920	1240921	21	0.7455
chr1	1240952	1240953	27	0.8908
chr1	1240975	1240976	29	0.8839
chr1	1241008	1241009	34	0.9208
chr1	1241029	1241030	25	0.8883
chr1	1241064	1241065	34	0.8744
chr1	1241092	1241093	30	0.9306
chr1	1241107	1241108	22	0.8037
chr1	1241148	1241149	24	0.8429
chr1	1241198	1241199	33	0.6871
chr1	1241241	1241242	29	0.673
chr1	1241244	1241245	31	0.7253
chr1	1241331	1241332	34	1.0
chr1	1241431	1241432	30	0.805
chr1	1241501	1241502	31	0.8172
chr1	1241601	1241602	37	0.7711
chr1	1241651	1241652	27	0.8549
chr1	1241665	1241666	30	0.909
chr1	1241749	1241750	28	0.8317
chr1	1242937	1242938	34	0.4752
chr1	1242963	1242964	25	0.667
chr1	1243001	1243002	31	0.7439
chr1	1243030	1243031	21	0.5015
chr1	1243080	1243081	35	0.6029
chr1	1243110	1243111	23	0.6397
chr1	1243132	1243133	30	0.4478
chr1	1243161	1243162	39	0.6381
chr1	1243188	1243189	31	0.566
chr1	1243228	1243229	31	0.5282
chr1	1243278	1243279	36	0.586
chr1	1243297	1243298	31	0.5114
chr1	1243322	1243323	36	0.6092
chr1	1243372	1243373	35	0.5159
chr1	1243403	1243404	19	0.5472
chr1	1243453	1243454	29	0.7553
chr1	1243470	1243471	29	0.5173
chr1	1243520	1243521	38	0.5617
chr1	1243620	1243621	35	0.5746
chr1	1243720	1243721	29	0.6992
chr1	1243811	1243812	35	0.7316
chr1	1243911	1243912	34	0.5982
chr1	1243913	1243914	24	0.6621
chr1	1243987	1243988	28	0.4224
chr1	1244020	1244021	33	0.8041
chr1	1244039	1244040	40	0.8196
chr1	1244089	1244090	27	0.8025
chr1	1244139	1244140	38	0.8229
chr1	1244189	1244190	34	0.8214
chr1	1244237	1244238	24	0.8659
chr1	1244252	1244253	27	0.6827
chr1	1244302	1244303	31	0.902
chr1	1244325	1244326	22	0.7987
chr1	1244340	1244341	26	0.7395
chr1	1244368	1244369	29	0.8092
chr1	1244393	1244394	30	0.8245
chr1	1244442	1244443	20	0.7503
chr1	1244480	1244481	34	0.909
chr1	1244509	1244510	25	0.8736
chr1	1244609	1244610	35	0.8033
chr1	1244709	1244710	31	0.6913
chr1	1244759	1244760	34	0.8487
chr1	1244859	1244860	23	0.5565
chr1	1244936	1244937	29	0.7321
chr1	1244994	1244995	27	0.6854
chr1	1244998	1244999	32	1.0
chr1	1245027	1245028	27	0.5756
chr1	1245062	1245063	34	0.5511
chr1	1245098	1245099	30	0.6437
chr1	1245114	1245115	25	0.6604
chr1	1245164	1245165	28	0.4088
chr1	1245206	1245207	32	0.5486
chr1	1245232	1245233	38	0.6439
chr1	1245247	1245248	29	0.5802
chr1	1245273	1245274	26	0.4762
chr1	1245291	1245292	32	0.3958
chr1	1245320	1245321	31	0.6673
chr1	1245352	1245353	31	0.5281
chr1	1245384	1245385	27	0.5676
chr1	1245424	1245425	42	0.6646
chr1	1245447	1245448	35	0.5894
chr1	1245497	1245498	34	0.5934
chr1	1245514	1245515	24	0.5376
chr1	1245614	1245615	19	0.5614
chr1	1245673	1245674	35	0.5331
chr1	1245773	1245774	26	0.5228
chr1	1245829	1245830	32	0.5553
chr1	1245928	1245929	27	0.7398
chr1	1245978	1245979	33	0.5421
chr1	1245982	1245983	27	0.5398
chr1	1246056	1246057	34	0.6965
chr1	1246076	1246077	30	0.5411
chr1	1246091	1246092	25	0.7677
chr1	1246113	1246114	30	0.5896
chr1	1246144	1246145	24	0.7273
chr1	1246178	1246179	28	0.7982
chr1	1246223	1246224	35	0.7845
chr1	1246248	1246249	33	0.895
chr1	1246263	1246264	28	0.7847
chr1	1246313	1246314	34	0.7873
chr1	1246352	1246353	26	0.6153
chr1	1246379	1246380	24	0.7735
chr1	1246394	1246395	32	0.6487
chr1	1246409	1246410	20	0.7846
chr1	1246424	1246425	35	0.7309
chr1	1246443	1246444	19	0.6705
chr1	1246484	1246485	34	0.6102
chr1	1246530	1246531	24	0.7743
chr1	1246557	1246558	35	0.6944
chr1	1246590	1246591	32	0.7131
chr1	1246628	1246629	27	0.5989
chr1	1246668	1246669	34	0.5695
chr1	1246708	1246709	24	0.6668
chr1	1246709	1246710	27	0.7048
chr1	1246809	1246810	30	0.6908
chr1	1246891	1246892	27	0.8458
chr1	1246991	1246992	17	0.4897
chr1	1247091	1247092	36	0.8596
chr1	1247141	1247142	23	0.7499
chr1	1247241	1247242	20	0.8545
chr1	1247303	1247304	32	0.7156
chr1	1247375	1247376	35	0.8808
chr1	1247384	1247385	20	0.3939
chr1	1247402	1247403	38	0.2121
chr1	1247430	1247431	20	0.2242
chr1	1247446	1247447	37	0.2011
chr1	1247478	1247479	33	0.1248
chr1	1247515	1247516	36	0.2955
chr1	1247530	1247531	37	0.1589
chr1	1247562	1247563	33	0.126
chr1	1247577	1247578	30	0.1844
chr1	1247596	1247597	33	0.3938
chr1	1247613	1247614	35	0.3185
chr1	1247640	1247641	18	0.1275
chr1	1247677	1247678	36	0.2187
chr1	1247692	1247693	25	0.1892
chr1	1247742	1247743	37	0.1207
chr1	1247773	1247774	22	0.4072
chr1	1247808	1247809	30	0.6412
chr1	1247823	1247824	24	0.331
chr1	1247838	1247839	25	0.3227
chr1	1247860	1247861	32	0.41
chr1	1247879	1247880	37	0.4212
chr1	1247929	1247930	25	0.4688
chr1	1247997	1247998	24	0.5166
chr1	1248097	1248098	40	0.5105
chr1	1248156	1248157	36	0.4137
chr1	1248240	1248241	32	0.4638
chr1	1248340	1248341	26	0.1761
chr1	1248360	1248361	33	0.0391
chr1	1248396	1248397	28	0.0978
chr1	1248484	1248485	34	0.1574
chr1	1248540	1248541	29	0.0373
chr1	1248566	1248567	29	0.2635
chr1	1248582	1248583	31	0.1011
chr1	1248742	1248743	31	0.2466
chr1	1248836	1248837	30	0.2622
chr1	1248857	1248858	31	0.5269
chr1	1248904	1248905	26	0.6419
chr1	1248954	1248955	30	0.7864
chr1	1248969	1248970	25	0.691
chr1	1249019	1249020	27	0.5108
chr1	1249064	1249065	38	0.9091
chr1	1249113	1249114	38	0.7703
chr1	1249163	1249164	32	0.6515
chr1	1249197	1249198	31	0.7024
chr1	1249229	1249230	35	0.6131
chr1	1249246	1249247	23	0.8524
chr1	1249277	1249278	26	0.3815
chr1	1249298	1249299	39	0.6184
chr1	1249398	1249399	25	0.7681
chr1	1249498	1249499	25	0.5443
chr1	1249570	1249571	28	0.6437
chr1	1249670	1249671	28	0.3797
chr1	1249763	1249764	30	0.733
chr1	1249775	1249776	28	0.7697
chr1	1249817	1249818	30	0.8571
chr1	1249847	1249848	25	0.8457
chr1	1249876	1249877	35	0.7528
chr1	1249897	1249898	29	0.7192
chr1	1249919	1249920	33	0.6756
chr1	1249943	1249944	40	0.6881
chr1	1249958	1249959	24	0.9545
chr1	1249998	1249999	43	0.8481
chr1	1250020	1250021	28	0.8521
chr1	1250035	1250036	34	0.7641
chr1	1250071	1250072	29	0.7565
chr1	1250103	1250104	29	0.6408
chr1	1250121	1250122	28	0.9001
chr1	1250164	1250165	38	0.7556
chr1	1250179	1250180	19	0.7807
chr1	1250229	1250230	33	0.8292
chr1	1250256	1250257	26	0.766
chr1	1250295	1250296	24	0.7039
chr1	1250315	1250316	25	0.7159
chr1	1250415	1250416	27	0.7413
chr1	1250515	1250516	26	0.7535
chr1	1250615	1250616	35	0.82
chr1	1250715	1250716	23	0.8384
chr1	1250801	1250802	32	0.7498
chr1	1250863	1250864	23	0.9837
chr1	1250895	1250896	32	0.1563
chr1	1250912	1250913	17	0.232
chr1	1250928	1250929	36	0.0624
chr1	1250978	1250979	28	0.1437
chr1	1251028	1251029	24	0.1615
chr1	1251044	1251045	35	0.0831
chr1	1251059	1251060	34	0.1171
chr1	1251074	1251075	34	0.0859
chr1	1251124	1251125	26	0.0432
chr1	1251153	1251154	32	0.2089
chr1	1251199	1251200	28	0.0893
chr1	1251249	1251250	26	0.194
chr1	1251293	1251294	35	0.0263
chr1	1251330	1251331	30	0.1286
chr1	1251355	1251356	33	0.0406
chr1	1251364	1251365	29	0.0796
chr1	1251419	1251420	27	0.1798
chr1	1251519	1251520	33	0.174
chr1	1251569	1251570	32	0.239
chr1	1251669	1251670	31	0.1657
chr1	1251769	1251770	23	0.1733
chr1	1251807	1251808	33	0.0524
chr1	1251825	1251826	36	0.2345
chr1	1251852	1251853	31	0.8689
chr1	1251867	1251868	27	0.8971
chr1	1251917	1251918	30	0.8774
chr1	1251967	1251968	33	0.7803
chr1	1252005	1252006	30	0.8434
chr1	1252049	1252050	34	0.9596
chr1	1252081	1252082	21	0.8064
chr1	1252096	1252097	25	0.9637
chr1	1252130	1252131	32	0.8265
chr1	1252155	1252156	29	0.6827
chr1	1252174	1252175	30	0.8299
chr1	1252189	1252190	41	0.8652
chr1	1252217	1252218	27	0.6896
chr1	1252238	1252239	24	0.738
chr1	1252254	1252255	28	0.8745
chr1	1252256	1252257	30	0.6337
chr1	1252356	1252357	28	0.8359
chr1	1252456	1252457	26	0.6572
chr1	1252556	1252557	23	0.7378
chr1	1252611	1252612	25	0.7873
chr1	1252627	1252628	22	1.0
chr1	1252663	1252664	30	0.6452
chr1	1252680	1252681	23	0.6118
chr1	1252702	1252703	35	0.6275
chr1	1252728	1252729	28	0.557
chr1	1252778	1252779	28	0.7008
chr1	1252828	1252829	27	0.7737
chr1	1252846	1252847	27	0.5957
chr1	1252888	1252889	31	0.7597
chr1	1252917	1252918	28	0.7175
chr1	1252967	1252968	32	0.7847
chr1	1252994	1252995	21	0.5598
chr1	1253016	1253017	29	0.7555
chr1	1253031	1253032	31	0.6596
chr1	1253054	1253055	26	0.6487
chr1	1253084	1253085	22	0.7958
chr1	1253101	1253102	25	0.8453
chr1	1253142	1253143	31	0.6385
chr1	1253201	1253202	32	0.7352
chr1	1253271	1253272	25	0.6545
chr1	1253321	1253322	21	0.509
chr1	1253421	1253422	21	0.6546
chr1	1253521	1253522	31	0.6765
chr1	1253577	1253578	27	0.667
chr1	1253605	1253606	27	0.6028
chr1	1253622	1253623	21	0.7554
chr1	1253669	1253670	32	0.7554
chr1	1253701	1253702	28	0.5902
chr1	1253735	1253736	31	0.7545
chr1	1253757	1253758	25	0.7652
chr1	1253772	1253773	29	0.7831
chr1	1253822	1253823	30	0.8113
chr1	1253866	1253867	24	0.9073
chr1	1253894	1253895	28	0.8575
chr1	1253913	1253914	31	0.558
chr1	1253928	1253929	29	0.9426
chr1	1253962	1253963	20	0.6762
chr1	1254012	1254013	27	0.8748
chr1	1254029	1254030	28	0.6061
chr1	1254064	1254065	36	0.7968
chr1	1254079	1254080	24	0.9114
chr1	1254100	1254101	33	0.8699
chr1	1254150	1254151	19	0.7639
chr1	1254250	1254251	23	0.6311
chr1	1254300	1254301	27	0.7774
chr1	1254392	1254393	37	0.7846
chr1	1254492	1254493	33	0.7426
chr1	1254577	1254578	30	0.7588
chr1	1254655	1254656	33	0.9448
chr1	1254663	1254664	38	0.8044
chr1	1254713	1254714	43	0.8578
chr1	1254738	1254739	28	0.7036
chr1	1254754	1254755	23	0.7948
chr1	1254792	1254793	37	0.8207
chr1	1254819	1254820	31	0.7447
chr1	1254846	1254847	30	0.7167
chr1	1254861	1254862	33	0.3987
chr1	1254886	1254887	38	0.6314
chr1	1254936	1254937	28	0.4908
chr1	1254952	1254953	26	0.5374
chr1	1254975	1254976	34	0.7984
chr1	1255009	1255010	32	0.4061
chr1	1255056	1255057	21	0.6667
chr1	1255096	1255097	24	0.65
chr1	1255139	1255140	29	0.8096
chr1	1255144	1255145	32	0.7487
chr1	1255244	1255245	26	0.7769
chr1	1255343	1255344	28	0.7766
chr1	1255393	1255394	29	0.8152
chr1	1255449	1255450	34	0.648
chr1	1255527	1255528	14	0.7249
chr1	1255573	1255574	29	0.8242
chr1	1255625	1255626	31	0.7645
chr1	1255657	1255658	35	0.8536
chr1	1255701	1255702	25	0.9048
chr1	1255703	1255704	32	0.767
chr1	1255707	1255708	24	0.9478
chr1	1255713	1255714	30	0.7459
chr1	1255865	1255866	38	0.8478
chr1	1255985	1255986	32	0.5412
chr1	1256002	1256003	26	0.8064
chr1	1256052	1256053	21	0.8418
chr1	1256102	1256103	30	0.7192
chr1	1256128	1256129	29	0.8892
chr1	1256143	1256144	31	0.807
chr1	1256168	1256169	30	0.6633
chr1	1256183	1256184	33	0.7868
chr1	1256198	1256199	31	0.8917
chr1	1256240	1256241	25	0.8208
chr1	1256259	1256260	35	0.6254
chr1	1256275	1256276	26	0.8053
chr1	1256325	1256326	38	0.7537
chr1	1256367	1256368	27	0.826
chr1	1256412	1256413	18	0.7774
chr1	1256427	1256428	29	0.696
chr1	1256472	1256473	26	0.7546
chr1	1256572	1256573	33	0.776
chr1	1256641	1256642	27	0.7147
chr1	1256709	1256710	25	0.7558
chr1	1256809	1256810	29	0.6767
chr1	1256909	1256910	35	0.8071
chr1	1256983	1256984	31	0.8464
chr1	1257029	1257030	23	0.9431
chr1	1257053	1257054	31	0.8517
chr1	1257081	1257082	29	0.8733
chr1	1257113	1257114	31	0.8461
chr1	1257129	1257130	28	0.8717
chr1	1257179	1257180	24	1.0
chr1	1257202	1257203	28	0.9269
chr1	1257222	1257223	28	0.8435
chr1	1257269	1257270	32	0.8937
chr1	1257305	1257306	27	0.8932
chr1	1257349	1257350	34	0.9958
chr1	1257384	1257385	35	0.8777
chr1	1257417	1257418	25	0.8561
chr1	1257432	1257433	24	0.9203
chr1	1257458	1257459	21	1.0
chr1	1257495	1257496	35	0.8485
chr1	1257595	1257596	35	0.9793
chr1	1257661	1257662	31	0.7488
chr1	1257761	1257762	24	0.8707
chr1	1257861	1257862	30	0.753
chr1	1257918	1257919	18	0.8368
chr1	1257952	1257953	21	0.9519
chr1	1258010	1258011	32	0.8278
chr1	1258026	1258027	30	0.8629
chr1	1258042	1258043	24	0.9326
chr1	1258072	1258073	31	0.7631
chr1	1258091	1258092	28	0.9564
chr1	1258106	1258107	36	0.9262
chr1	1258137	1258138	33	0.9355
chr1	1258187	1258188	21	0.8683
chr1	1258237	1258238	27	0.8816
chr1	1258256	1258257	29	0.9471
chr1	1258275	1258276	34	0.9955
chr1	1258307	1258308	41	0.8599
chr1	1258357	1258358	28	0.95
chr1	1258380	1258381	19	0.8678
chr1	1258397	1258398	26	0.7405
chr1	1258447	1258448	29	0.9776
chr1	1258469	1258470	24	0.7924
chr1	1258495	1258496	32	0.6993
chr1	1258545	1258546	37	0.8847
chr1	1258561	1258562	27	0.7473
chr1	1258661	1258662	22	0.7214
chr1	1258761	1258762	36	0.8675
chr1	1258861	1258862	32	0.7805
chr1	1258961	1258962	24	0.7462
chr1	1259061	1259062	32	0.7979
chr1	1259129	1259130	38	1.0
chr1	1259147	1259148	39	0.6536
chr1	1259163	1259164	30	0.6361
chr1	1259205	1259206	30	0.6846
chr1	1259255	1259256	24	0.7382
chr1	1259305	1259306	28	0.6494
chr1	1259335	1259336	36	0.726
chr1	1259356	1259357	24	0.6963
chr1	1259374	1259375	22	0.753
chr1	1259410	1259411	24	0.9486
chr1	1259425	1259426	28	0.8085
chr1	1259440	1259441	32	0.727
chr1	1259490	1259491	35	0.625
chr1	1259540	1259541	32	0.565
chr1	1259578	1259579	26	0.6723
chr1	1259610	1259611	30	0.6346
chr1	1259626	1259627	27	0.7026
chr1	1259696	1259697	31	0.7346
chr1	1259796	1259797	32	0.7492
chr1	1259896	1259897	32	0.6254
chr1	1259946	1259947	27	0.6789
chr1	1260009	1260010	31	0.7907
chr1	1260065	1260066	29	0.7211
chr1	1260069	1260070	28	0.8026
chr1	1260147	1260148	29	0.7174
chr1	1260180	1260181	28	0.8401
chr1	1260229	1260230	28	0.7879
chr1	1260244	1260245	31	0.8409
chr1	1260271	1260272	32	0.9921
chr1	1260290	1260291	37	0.9566
chr1	1260311	1260312	26	0.8279
chr1	1260347	1260348	27	0.7236
chr1	1260377	1260378	30	0.7703
chr1	1260395	1260396	22	0.8199
chr1	1260424	1260425	33	0.9773
chr1	1260458	1260459	31	0.9852
chr1	1260508	1260509	32	0.9299
chr1	1260531	1260532	37	0.8993
chr1	1260569	1260570	25	0.8959
chr1	1260586	1260587	35	0.9027
chr1	1260611	1260612	16	0.8988
chr1	1260651	1260652	35	0.8337
chr1	1260673	1260674	28	0.8438
chr1	1260688	1260689	34	0.7706
chr1	1260703	1260704	31	0.8633
chr1	1260729	1260730	34	0.8874
chr1	1260747	1260748	22	0.9774
chr1	1260779	1260780	30	0.8519
chr1	1260816	1260817	26	0.9905
chr1	1260916	1260917	31	0.7793
chr1	1261013	1261014	29	0.8889
chr1	1261113	1261114	32	0.7435
chr1	1261209	1261210	32	0.829
chr1	1261259	1261260	34	0.917
chr1	1261359	1261360	18	0.6638
chr1	1261417	1261418	27	0.8438
chr1	1261443	1261444	29	0.7818
chr1	1261458	1261459	36	0.4529
chr1	1261508	1261509	32	0.5359
chr1	1261539	1261540	38	0.5246
chr1	1261580	1261581	25	0.4586
chr1	1261599	1261600	26	0.6198
chr1	1261625	1261626	27	0.637
chr1	1261675	1261676	37	0.6441
chr1	1261692	1261693	36	0.6484
chr1	1261707	1261708	37	0.4461
chr1	1261740	1261741	29	0.5065
chr1	1261766	1261767	38	0.4404
chr1	1261801	1261802	23	0.5373
chr1	1261845	1261846	35	0.6775
chr1	1261879	1261880	28	0.6449
chr1	1261913	1261914	30	0.6738
chr1	1261951	1261952	30	0.6547
chr1	1261959	1261960	31	0.6025
chr1	1262059	1262060	24	0.5841
chr1	1262159	1262160	33	0.4546
chr1	1262259	1262260	24	0.5785
chr1	1262338	1262339	27	0.7386
chr1	1262388	1262389	29	0.6156
chr1	1262442	1262443	29	0.5374
chr1	1262447	1262448	19	0.6407
chr1	1262497	1262498	40	0.7075
chr1	1262516	1262517	28	0.6953
chr1	1262531	1262532	34	0.6418
chr1	1262554	1262555	29	0.6719
chr1	1262571	1262572	32	0.6633
chr1	1262590	1262591	35	0.5822
chr1	1262640	1262641	33	0.7005
chr1	1262666	1262667	27	0.5127
chr1	1262698	1262699	28	0.5287
chr1	1262737	1262738	29	0.5925
chr1	1262780	1262781	25	0.8001
chr1	1262830	1262831	32	0.4548
chr1	1262845	1262846	27	0.7574
chr1	1262895	1262896	26	0.7329
chr1	1262916	1262917	31	0.4621
chr1	1262925	1262926	22	0.576
chr1	1262990	1262991	28	0.5913
chr1	1263090	1263091	32	0.5422
chr1	1263159	1263160	25	0.7611
chr1	1263212	1263213	33	0.658
chr1	1263274	1263275	24	0.7251
chr1	1263374	1263375	33	0.6714
chr1	1263382	1263383	32	0.8159
chr1	1263420	1263421	29	0.9827
chr1	1263602	1263603	38	0.8526
chr1	1263664	1263665	24	0.6946
chr1	1263722	1263723	31	0.7567
chr1	1263744	1263745	32	0.7729
chr1	1263754	1263755	32	0.7788
chr1	1263804	1263805	24	0.8884
chr1	1263833	1263834	30	0.8596
chr1	1263850	1263851	32	0.6302
chr1	1263869	1263870	30	0.6098
chr1	1263888	1263889	37	0.8346
chr1	1263938	1263939	24	0.8591
chr1	1263955	1263956	25	0.7107
chr1	1263994	1263995	26	0.8759
chr1	1264009	1264010	30	0.6923
chr1	1264035	1264036	30	0.704
chr1	1264050	1264051	29	0.7781
chr1	1264081	1264082	30	0.7355
chr1	1264110	1264111	23	0.9084
chr1	1264140	1264141	32	0.8656
chr1	1264187	1264188	25	0.8606
chr1	1264237	1264238	31	0.741
chr1	1264251	1264252	27	0.7098
chr1	1264336	1264337	39	0.7762
chr1	1264436	1264437	37	0.4939
chr1	1264536	1264537	33	0.8401
chr1	1264636	1264637	31	0.8114
chr1	1264686	1264687	27	0.6906
chr1	1264820	1264821	34	0.9352
chr1	1264834	1264835	21	0.8609
chr1	1264844	1264845	37	1.0
chr1	1264864	1264865	31	0.9102
chr1	1264930	1264931	32	0.9125
