chr	start	end	coverage	methylation_level
chr1	100028	100029	37	0.1585
chr1	100078	100079	26	0.0891
chr1	100096	100097	26	0.2352
chr1	100134	100135	26	0.1131
chr1	100163	100164	31	0.2153
chr1	100198	100199	27	0.4324
chr1	100213	100214	30	0.3366
chr1	100263	100264	20	0.3423
chr1	100295	100296	30	0.3232
chr1	100312	100313	35	0.0826
chr1	100362	100363	32	0.1632
chr1	100394	100395	22	0.2717
chr1	100414	100415	30	0.2561
chr1	100434	100435	33	0.0984
chr1	100464	100465	22	0.2084
chr1	100564	100565	29	0.1237
chr1	100648	100649	28	0.2759
chr1	100748	100749	32	0.204
chr1	100798	100799	20	0.2634
chr1	100898	100899	32	0.0716
chr1	100970	100971	33	0.1029
chr1	100983	100984	22	0.188
chr1	101004	101005	30	0.2932
chr1	101053	101054	26	0.0
chr1	101080	101081	29	0.522
chr1	101095	101096	31	0.2996
chr1	101122	101123	33	0.12
chr1	101140	101141	34	0.0
chr1	101158	101159	34	0.286
chr1	101186	101187	26	0.3407
chr1	101209	101210	32	0.6962
chr1	101230	101231	23	1.0
chr1	101259	101260	35	0.036
chr1	101292	101293	28	0.0
chr1	101342	101343	35	0.6108
chr1	101368	101369	29	0.3438
chr1	101385	101386	38	0.2759
chr1	101412	101413	30	0.0
chr1	101427	101428	34	0.882
chr1	101435	101436	30	0.3728
chr1	101535	101536	26	0.3295
chr1	101635	101636	29	0.0628
chr1	101735	101736	31	0.4817
chr1	101785	101786	24	0.5636
chr1	101885	101886	30	0.877
chr1	101905	101906	19	1.0
chr1	101927	101928	35	1.0
chr1	101945	101946	32	0.9028
chr1	101995	101996	21	0.7982
chr1	102010	102011	35	0.6836
chr1	102040	102041	29	0.7537
chr1	102086	102087	33	0.7092
chr1	102118	102119	28	0.7504
chr1	102146	102147	30	0.8315
chr1	102163	102164	29	0.8994
chr1	102195	102196	38	0.8266
chr1	102210	102211	34	0.8257
chr1	102246	102247	29	0.8257
chr1	102296	102297	30	0.679
chr1	102329	102330	26	0.7201
chr1	102354	102355	30	0.9489
chr1	102381	102382	26	0.8784
chr1	102419	102420	27	0.7509
chr1	102448	102449	21	0.5672
chr1	102463	102464	26	0.859
chr1	102478	102479	35	0.8639
chr1	102508	102509	37	0.9051
chr1	102523	102524	23	0.826
chr1	102543	102544	24	0.7535
chr1	102616	102617	31	0.8198
chr1	102704	102705	28	0.7944
chr1	102804	102805	29	0.8756
chr1	102854	102855	21	0.6324
chr1	102954	102955	24	0.6013
chr1	103054	103055	33	0.7948
chr1	103127	103128	21	0.6252
chr1	103193	103194	29	0.8763
chr1	103221	103222	28	0.9134
chr1	103269	103270	27	0.4634
chr1	103284	103285	32	0.3835
chr1	103334	103335	37	0.4759
chr1	103384	103385	24	0.0835
chr1	103434	103435	31	0.2125
chr1	103464	103465	28	0.4235
chr1	103509	103510	21	0.3508
chr1	103527	103528	27	0.4809
chr1	103560	103561	35	0.0589
chr1	103606	103607	34	0.0324
chr1	103639	103640	35	0.4939
chr1	103673	103674	37	0.434
chr1	103695	103696	34	0.4648
chr1	103713	103714	32	0.0
chr1	103715	103716	31	0.4053
chr1	103765	103766	26	0.3669
chr1	103865	103866	23	0.1817
chr1	103965	103966	38	0.6057
chr1	104027	104028	23	0.0947
chr1	104127	104128	38	0.0
chr1	104181	104182	24	0.0633
chr1	104190	104191	28	0.5068
chr1	104220	104221	30	0.6118
chr1	104253	104254	33	0.5472
chr1	104302	104303	30	0.6184
chr1	104330	104331	34	0.6084
chr1	104373	104374	40	0.6468
chr1	104423	104424	31	0.6868
chr1	104438	104439	26	0.692
chr1	104456	104457	32	0.7659
chr1	104471	104472	34	0.575
chr1	104486	104487	26	0.6578
chr1	104524	104525	31	0.6367
chr1	104562	104563	26	0.6711
chr1	104587	104588	28	0.6329
chr1	104625	104626	28	0.7025
chr1	104645	104646	38	0.5304
chr1	104745	104746	34	0.7172
chr1	104845	104846	45	0.6658
chr1	104898	104899	36	0.7176
chr1	104998	104999	28	0.6084
chr1	105086	105087	34	0.623
chr1	105180	105181	24	0.9476
chr1	105268	105269	33	0.8847
chr1	105296	105297	30	0.541
chr1	105346	105347	30	0.6787
chr1	105358	105359	32	0.7547
chr1	105496	105497	27	0.5938
chr1	105502	105503	33	0.8949
chr1	105529	105530	26	0.207
chr1	105544	105545	37	0.2455
chr1	105572	105573	32	0.3095
chr1	105587	105588	23	0.2345
chr1	105609	105610	37	0.179
chr1	105635	105636	28	0.0739
chr1	105662	105663	30	0.1728
chr1	105712	105713	33	0.3513
chr1	105762	105763	24	0.1827
chr1	105784	105785	22	0.2566
chr1	105799	105800	34	0.2681
chr1	105820	105821	14	0.2282
chr1	105838	105839	35	0.1388
chr1	105888	105889	27	0.3762
chr1	105936	105937	36	0.0756
chr1	105974	105975	37	0.2989
chr1	106074	106075	40	0.3878
chr1	106135	106136	28	0.1434
chr1	106235	106236	28	0.3059
chr1	106328	106329	22	0.2567
chr1	106374	106375	29	0.0974
chr1	106418	106419	36	0.2268
chr1	106425	106426	29	0.6181
chr1	106453	106454	26	0.7448
chr1	106500	106501	28	0.6857
chr1	106545	106546	37	0.8008
chr1	106561	106562	23	0.7762
chr1	106580	106581	23	0.7275
chr1	106630	106631	14	0.8243
chr1	106665	106666	26	0.6782
chr1	106681	106682	34	0.8642
chr1	106696	106697	23	0.8296
chr1	106722	106723	31	0.7188
chr1	106742	106743	28	0.6891
chr1	106792	106793	26	0.7015
chr1	106815	106816	29	0.8602
chr1	106836	106837	27	0.6633
chr1	106852	106853	31	0.8176
chr1	106855	106856	41	0.8475
chr1	106905	106906	29	0.8705
chr1	107005	107006	30	0.7927
chr1	107101	107102	30	0.8467
chr1	107201	107202	34	0.9047
chr1	107231	107232	30	0.9627
chr1	107247	107248	29	0.7516
chr1	107253	107254	17	0.9724
chr1	107341	107342	21	1.0
chr1	107451	107452	34	0.9147
chr1	107521	107522	25	0.9509
chr1	107533	107534	36	0.7353
chr1	107561	107562	21	0.9281
chr1	107615	107616	27	1.0
chr1	107633	107634	35	0.1719
chr1	107661	107662	30	0.1067
chr1	107680	107681	35	0.0163
chr1	107705	107706	27	0.0415
chr1	107748	107749	25	0.1192
chr1	107777	107778	32	0.0878
chr1	107797	107798	29	0.0909
chr1	107827	107828	24	0.1472
chr1	107853	107854	35	0.0536
chr1	107879	107880	25	0.0899
chr1	107905	107906	33	0.1769
chr1	107955	107956	23	0.1203
chr1	107970	107971	31	0.1515
chr1	108009	108010	29	0.1009
chr1	108024	108025	39	0.0541
chr1	108074	108075	35	0.1708
chr1	108096	108097	23	0.0845
chr1	108123	108124	24	0.0086
chr1	108166	108167	20	0.0761
chr1	108216	108217	28	0.0577
chr1	108273	108274	35	0.0636
chr1	108338	108339	24	0.1938
chr1	108398	108399	24	0.0
chr1	108448	108449	30	0.0254
chr1	108508	108509	29	0.0
chr1	108608	108609	33	0.0299
chr1	108676	108677	24	0.0994
chr1	108690	108691	37	0.0
chr1	108746	108747	27	0.1563
chr1	108767	108768	30	0.8254
chr1	108817	108818	31	0.6951
chr1	108856	108857	28	0.7833
chr1	108871	108872	34	0.7078
chr1	108897	108898	27	0.6513
chr1	108947	108948	24	0.6824
chr1	108973	108974	22	0.773
chr1	109023	109024	28	0.9043
chr1	109060	109061	23	0.9046
chr1	109099	109100	35	0.7058
chr1	109114	109115	33	0.6786
chr1	109135	109136	36	0.643
chr1	109168	109169	18	0.8408
chr1	109218	109219	25	0.83
chr1	109237	109238	30	0.8842
chr1	109275	109276	27	0.725
chr1	109342	109343	30	0.7441
chr1	109442	109443	27	0.6583
chr1	109542	109543	28	0.8716
chr1	109642	109643	30	0.7355
chr1	109723	109724	21	0.7576
chr1	109811	109812	26	0.6568
chr1	109825	109826	27	0.646
chr1	109875	109876	28	0.8186
chr1	109909	109910	38	0.7085
chr1	109949	109950	29	0.6404
chr1	109964	109965	33	0.8387
chr1	109981	109982	24	0.7574
chr1	110031	110032	27	0.8062
chr1	110069	110070	34	0.7424
chr1	110114	110115	32	0.6982
chr1	110138	110139	30	0.8033
chr1	110160	110161	21	0.8207
chr1	110175	110176	21	0.6633
chr1	110214	110215	30	0.6665
chr1	110251	110252	25	0.6618
chr1	110271	110272	37	0.7302
chr1	110297	110298	24	0.7083
chr1	110315	110316	32	0.5807
chr1	110343	110344	34	0.6407
chr1	110358	110359	22	0.8123
chr1	110364	110365	34	0.7647
chr1	110426	110427	34	0.6881
chr1	110525	110526	46	0.7466
chr1	110625	110626	25	0.8239
chr1	110725	110726	25	0.747
chr1	110775	110776	25	0.8249
chr1	110825	110826	25	0.761
chr1	110857	110858	37	0.6527
chr1	110885	110886	40	0.8786
chr1	110905	110906	37	0.3951
chr1	110920	110921	33	0.2943
chr1	110942	110943	20	0.2622
chr1	110963	110964	25	0.0733
chr1	111013	111014	26	0.2821
chr1	111037	111038	28	0.0762
chr1	111052	111053	28	0.0774
chr1	111090	111091	26	0.0114
chr1	111114	111115	38	0.2378
chr1	111130	111131	31	0.3267
chr1	111175	111176	37	0.2572
chr1	111225	111226	37	0.1359
chr1	111261	111262	29	0.1925
chr1	111279	111280	20	0.3006
chr1	111311	111312	36	0.3371
chr1	111358	111359	36	0.0
chr1	111373	111374	29	0.332
chr1	111403	111404	33	0.1245
chr1	111438	111439	36	0.2712
chr1	111440	111441	29	0.2979
chr1	111529	111530	28	0.3171
chr1	111579	111580	31	0.1414
chr1	111661	111662	25	0.0778
chr1	111761	111762	33	0.2175
chr1	111829	111830	31	0.382
chr1	111901	111902	23	0.2289
chr1	111960	111961	25	0.0968
chr1	111981	111982	27	0.0507
chr1	112013	112014	29	0.106
chr1	112047	112048	35	0.2141
chr1	112090	112091	32	0.1429
chr1	112112	112113	30	0.3477
chr1	112162	112163	30	0.144
chr1	112181	112182	27	0.1391
chr1	112214	112215	36	0.1707
chr1	112264	112265	27	0.0386
chr1	112279	112280	27	0.155
chr1	112320	112321	26	0.1197
chr1	112344	112345	30	0.1348
chr1	112377	112378	25	0.2352
chr1	112408	112409	26	0.1683
chr1	112438	112439	28	0.2759
chr1	112484	112485	21	0.2342
chr1	112493	112494	29	0.2005
chr1	112593	112594	27	0.2197
chr1	112693	112694	30	0.2599
chr1	112793	112794	23	0.1002
chr1	112893	112894	23	0.0315
chr1	112949	112950	35	0.184
chr1	112987	112988	23	0.0803
chr1	113007	113008	28	0.2334
chr1	113047	113048	17	0.1314
chr1	113097	113098	34	0.215
chr1	113115	113116	29	0.1627
chr1	113151	113152	25	0.1368
chr1	113192	113193	30	0.1264
chr1	113223	113224	20	0.3471
chr1	113258	113259	34	0.1404
chr1	113292	113293	32	0.2127
chr1	113342	113343	24	0.0593
chr1	113367	113368	36	0.0974
chr1	113396	113397	26	0.211
chr1	113425	113426	33	0.1024
chr1	113447	113448	26	0.1687
chr1	113465	113466	27	0.2683
chr1	113478	113479	23	0.1423
chr1	113578	113579	40	0.2624
chr1	113678	113679	30	0.1709
chr1	113736	113737	34	0.1275
chr1	113836	113837	30	0.1239
chr1	113917	113918	29	0.0768
chr1	113937	113938	35	0.114
chr1	114007	114008	30	0.1297
chr1	114016	114017	35	0.4069
chr1	114054	114055	38	0.5299
chr1	114070	114071	27	0.4824
chr1	114094	114095	32	0.3672
chr1	114128	114129	28	0.4287
chr1	114155	114156	30	0.4069
chr1	114204	114205	26	0.5998
chr1	114241	114242	34	0.585
chr1	114284	114285	30	0.4678
chr1	114332	114333	33	0.5181
chr1	114361	114362	26	0.4466
chr1	114395	114396	33	0.4032
chr1	114427	114428	19	0.3825
chr1	114477	114478	43	0.3817
chr1	114480	114481	32	0.5549
chr1	114530	114531	28	0.5004
chr1	114630	114631	27	0.5756
chr1	114692	114693	27	0.5069
chr1	114757	114758	33	0.3984
chr1	114857	114858	34	0.5783
chr1	114911	114912	33	0.8947
chr1	114917	114918	32	0.9561
chr1	114979	114980	32	0.8384
chr1	115133	115134	33	0.8685
chr1	115225	115226	27	0.7658
chr1	115311	115312	31	0.7548
chr1	115327	115328	31	0.7646
chr1	115353	115354	34	0.5021
chr1	115382	115383	26	0.5065
chr1	115408	115409	30	0.6956
chr1	115431	115432	31	0.6595
chr1	115481	115482	36	0.5798
chr1	115497	115498	29	0.4905
chr1	115521	115522	39	0.5748
chr1	115568	115569	24	0.4572
chr1	115593	115594	28	0.6326
chr1	115616	115617	33	0.6832
chr1	115666	115667	35	0.6347
chr1	115714	115715	27	0.4306
chr1	115764	115765	35	0.6262
chr1	115779	115780	32	0.4086
chr1	115789	115790	32	0.5323
chr1	115889	115890	35	0.6078
chr1	115949	115950	24	0.6217
chr1	116045	116046	36	0.6174
chr1	116145	116146	28	0.6041
chr1	116203	116204	28	0.7184
chr1	116209	116210	26	0.7711
chr1	116240	116241	37	0.6884
chr1	116261	116262	26	0.5877
chr1	116276	116277	26	0.5416
chr1	116291	116292	32	0.63
chr1	116319	116320	31	0.5717
chr1	116338	116339	37	0.7954
chr1	116375	116376	28	0.6576
chr1	116400	116401	29	0.7677
chr1	116424	116425	27	0.7756
chr1	116474	116475	33	0.6596
chr1	116517	116518	22	0.6468
chr1	116535	116536	31	0.8323
chr1	116558	116559	29	0.8043
chr1	116591	116592	29	0.7706
chr1	116616	116617	39	0.7348
chr1	116639	116640	24	0.7014
chr1	116655	116656	32	0.7977
chr1	116657	116658	23	0.7284
chr1	116757	116758	33	0.6923
chr1	116850	116851	35	0.6768
chr1	116950	116951	34	0.6883
chr1	117000	117001	29	0.7451
chr1	117100	117101	26	0.7537
chr1	117102	117103	25	0.7247
chr1	117126	117127	25	0.8313
chr1	117234	117235	33	0.8726
chr1	117270	117271	35	0.7209
chr1	117322	117323	29	0.877
chr1	117352	117353	34	0.7815
chr1	117508	117509	33	0.8595
chr1	117534	117535	26	0.7813
chr1	117567	117568	29	0.0398
chr1	117595	117596	26	0.1233
chr1	117645	117646	27	0.1849
chr1	117695	117696	32	0.0386
chr1	117745	117746	28	0.1223
chr1	117773	117774	36	0.0
chr1	117790	117791	28	0.0679
chr1	117840	117841	42	0.0886
chr1	117855	117856	31	0.1008
chr1	117873	117874	35	0.1494
chr1	117903	117904	40	0.0271
chr1	117918	117919	24	0.0054
chr1	117933	117934	25	0.0138
chr1	117957	117958	32	0.0597
chr1	117976	117977	35	0.1122
chr1	117999	118000	33	0.0793
chr1	118021	118022	26	0.0007
chr1	118090	118091	27	0.0755
chr1	118188	118189	31	0.1179
chr1	118257	118258	25	0.172
chr1	118340	118341	34	0.1108
chr1	118440	118441	25	0.2343
chr1	118460	118461	25	0.1991
chr1	118464	118465	25	0.0187
chr1	118498	118499	32	0.858
chr1	118548	118549	26	0.9178
chr1	118568	118569	34	0.7439
chr1	118584	118585	34	0.9101
chr1	118616	118617	22	0.8782
chr1	118637	118638	30	0.8551
chr1	118671	118672	25	0.9561
chr1	118690	118691	33	0.8722
chr1	118732	118733	37	0.8648
chr1	118747	118748	35	0.9066
chr1	118776	118777	37	0.7191
chr1	118805	118806	24	1.0
chr1	118845	118846	22	0.9584
chr1	118895	118896	23	0.8246
chr1	118945	118946	25	0.8759
chr1	118970	118971	32	0.7733
chr1	119070	119071	28	0.9323
chr1	119127	119128	34	0.92
chr1	119227	119228	35	0.8233
chr1	119327	119328	31	0.985
chr1	119407	119408	27	0.774
chr1	119457	119458	29	0.9229
chr1	119485	119486	27	0.9587
chr1	119525	119526	31	0.8002
chr1	119575	119576	25	0.7253
chr1	119594	119595	34	0.6419
chr1	119628	119629	29	0.5814
chr1	119651	119652	34	0.8672
chr1	119669	119670	26	0.6321
chr1	119716	119717	22	0.7377
chr1	119741	119742	29	0.6634
chr1	119757	119758	26	0.814
chr1	119807	119808	38	0.8548
chr1	119857	119858	28	0.7463
chr1	119882	119883	38	0.6426
chr1	119931	119932	28	0.6012
chr1	119952	119953	28	0.8307
chr1	120045	120046	33	0.733
chr1	120145	120146	29	0.621
chr1	120223	120224	29	0.4674
chr1	120323	120324	32	0.7521
chr1	120341	120342	33	0.7883
chr1	120413	120414	23	0.7878
chr1	120422	120423	25	0.6918
chr1	120459	120460	27	0.5228
chr1	120495	120496	31	0.716
chr1	120531	120532	40	0.388
chr1	120556	120557	36	0.5755
chr1	120582	120583	28	0.6281
chr1	120597	120598	31	0.9114
chr1	120636	120637	39	0.5651
chr1	120658	120659	22	0.6165
chr1	120683	120684	35	0.6463
chr1	120724	120725	19	0.6358
chr1	120765	120766	35	0.4611
chr1	120807	120808	25	0.6522
chr1	120822	120823	23	0.5767
chr1	120840	120841	35	0.7561
chr1	120940	120941	26	0.7181
chr1	121010	121011	27	0.6861
chr1	121110	121111	32	0.7628
chr1	121210	121211	37	0.565
chr1	121272	121273	35	0.7478
chr1	121290	121291	21	0.8064
chr1	121302	121303	34	0.6971
chr1	121570	121571	34	0.6882
chr1	121690	121691	33	0.7517
chr1	121720	121721	27	0.9436
chr1	121757	121758	33	1.0
chr1	121795	121796	33	0.9042
chr1	121810	121811	30	0.8138
chr1	121832	121833	27	0.8946
chr1	121856	121857	25	0.9062
chr1	121877	121878	27	0.696
chr1	121913	121914	29	0.7837
chr1	121930	121931	27	0.7224
chr1	121972	121973	33	0.7493
chr1	121987	121988	29	0.7237
chr1	122037	122038	30	0.8361
chr1	122087	122088	25	0.836
chr1	122112	122113	22	0.8673
chr1	122129	122130	32	0.8372
chr1	122154	122155	30	0.734
chr1	122199	122200	33	0.7283
chr1	122214	122215	34	0.7942
chr1	122236	122237	28	0.8374
chr1	122313	122314	19	0.8636
chr1	122363	122364	30	0.7131
chr1	122463	122464	33	0.9735
chr1	122563	122564	27	0.7548
chr1	122663	122664	31	0.7059
chr1	122740	122741	26	0.8051
chr1	122762	122763	27	0.8604
chr1	122834	122835	17	0.7824
chr1	122844	122845	29	0.5851
chr1	122894	122895	34	0.5436
chr1	122917	122918	31	0.4581
chr1	122945	122946	32	0.3985
chr1	122981	122982	33	0.4325
chr1	123030	123031	23	0.4731
chr1	123059	123060	25	0.5716
chr1	123091	123092	40	0.4817
chr1	123141	123142	31	0.5583
chr1	123166	123167	23	0.4498
chr1	123185	123186	24	0.4151
chr1	123205	123206	25	0.5046
chr1	123231	123232	38	0.5575
chr1	123331	123332	31	0.3937
chr1	123388	123389	29	0.4076
chr1	123488	123489	35	0.4213
chr1	123550	123551	34	0.6044
chr1	123716	123717	32	0.7971
chr1	123724	123725	27	0.6074
chr1	123728	123729	26	0.5608
chr1	123754	123755	29	0.6113
chr1	123760	123761	34	0.6822
chr1	123820	123821	27	0.6978
chr1	123822	123823	33	0.7908
chr1	123940	123941	37	0.6569
chr1	123994	123995	23	0.8464
chr1	124022	124023	31	0.7987
chr1	124063	124064	25	0.7488
chr1	124113	124114	34	0.8445
chr1	124163	124164	35	0.8723
chr1	124196	124197	34	0.8574
chr1	124232	124233	25	0.797
chr1	124261	124262	22	0.8474
chr1	124276	124277	32	0.7185
chr1	124329	124330	33	0.7947
chr1	124348	124349	32	0.8143
chr1	124385	124386	18	0.8538
chr1	124409	124410	27	0.843
chr1	124443	124444	22	0.8284
chr1	124477	124478	28	0.9544
chr1	124507	124508	22	0.8031
chr1	124512	124513	27	0.8462
chr1	124575	124576	37	0.9567
chr1	124673	124674	34	0.795
chr1	124773	124774	38	0.782
chr1	124873	124874	28	0.8419
chr1	124953	124954	32	0.8849
chr1	124987	124988	28	0.6578
chr1	125037	125038	20	0.7383
chr1	125076	125077	28	0.8465
chr1	125092	125093	29	0.6565
chr1	125130	125131	29	0.7846
chr1	125165	125166	30	0.6779
chr1	125190	125191	31	0.6892
chr1	125212	125213	34	0.7127
chr1	125227	125228	30	0.6632
chr1	125277	125278	30	0.887
chr1	125292	125293	28	0.7599
chr1	125328	125329	36	0.8055
chr1	125357	125358	30	0.7138
chr1	125383	125384	38	0.6669
chr1	125399	125400	36	0.677
chr1	125434	125435	22	0.9478
chr1	125449	125450	17	0.8373
chr1	125476	125477	35	0.6866
chr1	125503	125504	18	0.7561
chr1	125514	125515	27	0.6093
chr1	125612	125613	34	0.6861
chr1	125712	125713	37	0.7988
chr1	125779	125780	35	0.7957
chr1	125829	125830	23	0.8012
chr1	125929	125930	30	0.7189
chr1	126002	126003	35	0.6951
chr1	126004	126005	26	0.931
chr1	126072	126073	33	0.8894
chr1	126093	126094	29	0.8111
chr1	126108	126109	31	0.7173
chr1	126134	126135	33	0.8564
chr1	126152	126153	27	0.8717
chr1	126167	126168	38	0.8748
chr1	126217	126218	25	0.9012
chr1	126237	126238	34	0.8056
chr1	126267	126268	32	0.8187
chr1	126304	126305	32	0.8124
chr1	126332	126333	27	0.7874
chr1	126373	126374	22	0.8079
chr1	126423	126424	37	0.8868
chr1	126439	126440	26	0.7798
chr1	126465	126466	28	0.7619
chr1	126482	126483	23	0.7163
chr1	126523	126524	28	0.8493
chr1	126562	126563	28	0.8433
chr1	126589	126590	28	0.7952
chr1	126594	126595	17	0.6791
chr1	126655	126656	27	0.9467
chr1	126723	126724	33	0.7698
chr1	126795	126796	37	0.77
chr1	126895	126896	32	0.8799
chr1	126995	126996	31	0.9494
chr1	127041	127042	31	0.6637
chr1	127043	127044	28	0.9073
chr1	127089	127090	24	0.7188
chr1	127109	127110	27	0.6835
chr1	127124	127125	33	0.8802
chr1	127139	127140	40	0.7491
chr1	127182	127183	32	0.6423
chr1	127223	127224	32	0.7604
chr1	127244	127245	30	0.8293
chr1	127269	127270	30	0.8035
chr1	127292	127293	31	0.9437
chr1	127342	127343	32	0.8974
chr1	127365	127366	28	0.8345
chr1	127415	127416	20	0.8816
chr1	127465	127466	27	0.8512
chr1	127485	127486	34	0.8723
chr1	127500	127501	30	0.8429
chr1	127523	127524	36	0.9012
chr1	127538	127539	28	0.8901
chr1	127561	127562	32	0.7527
chr1	127653	127654	28	0.6974
chr1	127740	127741	33	0.8319
chr1	127812	127813	34	0.7777
chr1	127911	127912	30	0.6922
chr1	127961	127962	37	0.897
chr1	128018	128019	43	0.7808
chr1	128084	128085	34	0.969
chr1	128110	128111	34	0.8016
chr1	128132	128133	30	0.7726
chr1	128158	128159	22	0.7893
chr1	128181	128182	32	0.6722
chr1	128223	128224	29	0.7291
chr1	128242	128243	32	0.78
chr1	128281	128282	26	0.7956
chr1	128322	128323	32	0.7328
chr1	128337	128338	25	0.8993
chr1	128358	128359	31	0.633
chr1	128391	128392	35	0.7806
chr1	128410	128411	32	0.6202
chr1	128436	128437	38	0.6698
chr1	128486	128487	20	0.7604
chr1	128503	128504	27	0.8062
chr1	128518	128519	31	0.6412
chr1	128568	128569	37	0.8128
chr1	128596	128597	32	0.8342
chr1	128616	128617	28	0.7169
chr1	128641	128642	41	0.6846
chr1	128741	128742	33	0.9852
chr1	128841	128842	43	0.8071
chr1	128904	128905	31	0.7542
chr1	128961	128962	31	0.8617
chr1	129011	129012	30	0.8304
chr1	129111	129112	29	0.9075
chr1	129147	129148	41	0.7437
chr1	129151	129152	31	1.0
chr1	129168	129169	22	0.802
chr1	129193	129194	33	0.7964
chr1	129220	129221	31	0.6465
chr1	129270	129271	25	0.7293
chr1	129302	129303	21	0.8113
chr1	129317	129318	31	0.8008
chr1	129346	129347	25	0.8193
chr1	129396	129397	21	0.6052
chr1	129418	129419	32	0.7636
chr1	129468	129469	26	0.8156
chr1	129498	129499	23	0.8385
chr1	129537	129538	27	0.5146
chr1	129554	129555	27	0.737
chr1	129569	129570	28	0.6587
chr1	129600	129601	27	0.6097
chr1	129616	129617	35	0.8139
chr1	129640	129641	31	0.6468
chr1	129690	129691	30	0.7342
chr1	129716	129717	39	0.7838
chr1	129816	129817	34	0.6614
chr1	129916	129917	26	0.7934
chr1	129973	129974	33	0.8463
chr1	130073	130074	37	0.8541
chr1	130173	130174	39	0.7139
chr1	130193	130194	27	0.9174
chr1	130213	130214	22	0.6043
chr1	130238	130239	35	0.7081
chr1	130263	130264	23	0.7946
chr1	130313	130314	33	0.8962
chr1	130352	130353	34	0.6415
chr1	130370	130371	22	0.527
chr1	130401	130402	27	0.6161
chr1	130445	130446	31	0.6371
chr1	130495	130496	34	0.6746
chr1	130527	130528	33	0.7259
chr1	130556	130557	32	0.7243
chr1	130588	130589	35	0.5929
chr1	130638	130639	27	0.7634
chr1	130662	130663	27	0.4982
chr1	130712	130713	22	0.7517
chr1	130812	130813	29	0.8528
chr1	130890	130891	30	0.7695
chr1	130953	130954	35	0.6416
chr1	131042	131043	31	0.7448
chr1	131098	131099	27	0.8139
chr1	131140	131141	29	0.7327
chr1	131175	131176	27	0.823
chr1	131201	131202	33	0.8596
chr1	131243	131244	34	0.7001
chr1	131271	131272	23	0.6306
chr1	131320	131321	28	0.6566
chr1	131370	131371	34	0.5496
chr1	131400	131401	31	0.8787
chr1	131436	131437	36	0.7686
chr1	131455	131456	32	0.5742
chr1	131505	131506	30	0.787
chr1	131520	131521	33	0.7536
chr1	131543	131544	23	0.7271
chr1	131580	131581	34	0.8078
chr1	131623	131624	20	0.6306
chr1	131628	131629	28	0.8833
chr1	131728	131729	36	0.77
chr1	131828	131829	25	0.7701
chr1	131878	131879	20	0.7788
chr1	131945	131946	29	0.8454
chr1	131999	132000	28	0.7453
chr1	132050	132051	30	0.7621
chr1	132128	132129	26	0.7418
chr1	132144	132145	36	0.9322
chr1	132183	132184	29	0.87
chr1	132202	132203	27	0.7342
chr1	132217	132218	26	0.8482
chr1	132250	132251	23	0.8225
chr1	132269	132270	29	0.7742
chr1	132300	132301	30	0.7363
chr1	132332	132333	36	0.7721
chr1	132372	132373	31	0.9805
chr1	132399	132400	35	0.8646
chr1	132414	132415	33	0.7452
chr1	132429	132430	34	0.8363
chr1	132452	132453	33	0.8302
chr1	132499	132500	31	0.9464
chr1	132540	132541	32	0.7166
chr1	132575	132576	27	0.7044
chr1	132598	132599	30	0.7631
chr1	132648	132649	25	0.9017
chr1	132682	132683	37	0.8823
chr1	132782	132783	30	0.8182
chr1	132882	132883	33	0.5655
chr1	132982	132983	22	0.8775
chr1	133082	133083	21	0.785
chr1	133161	133162	42	0.6066
chr1	133225	133226	29	0.8733
chr1	133227	133228	25	0.8705
chr1	133272	133273	41	0.6174
chr1	133287	133288	34	0.7196
chr1	133337	133338	27	0.6832
chr1	133387	133388	34	0.7117
chr1	133437	133438	31	0.7595
chr1	133470	133471	29	0.8961
chr1	133502	133503	32	0.7032
chr1	133518	133519	28	0.7791
chr1	133568	133569	30	0.8346
chr1	133615	133616	25	0.679
chr1	133665	133666	26	0.7241
chr1	133680	133681	35	0.8909
chr1	133712	133713	24	0.7193
chr1	133746	133747	30	0.6259
chr1	133752	133753	29	0.741
chr1	133852	133853	41	0.9454
chr1	133952	133953	26	0.8665
chr1	134012	134013	32	0.8949
chr1	134075	134076	27	0.871
chr1	134175	134176	35	0.679
chr1	134227	134228	29	0.7205
chr1	134271	134272	30	0.7785
chr1	134285	134286	32	0.7519
chr1	134321	134322	26	0.808
chr1	134350	134351	20	0.8037
chr1	134365	134366	30	0.9602
chr1	134415	134416	25	0.7787
chr1	134443	134444	28	0.954
chr1	134469	134470	23	0.985
chr1	134503	134504	17	0.7936
chr1	134553	134554	27	0.9064
chr1	134588	134589	30	0.8642
chr1	134612	134613	38	0.7704
chr1	134641	134642	40	0.8637
chr1	134678	134679	31	0.778
chr1	134709	134710	31	0.7524
chr1	134736	134737	29	0.9599
chr1	134765	134766	36	0.9473
chr1	134815	134816	34	0.7404
chr1	134816	134817	39	0.8698
chr1	134901	134902	31	0.7662
chr1	134962	134963	30	0.8736
chr1	135062	135063	42	0.7587
chr1	135162	135163	26	0.9862
chr1	135234	135235	21	0.9162
chr1	135297	135298	30	0.957
chr1	135385	135386	34	0.7973
chr1	135395	135396	25	1.0
chr1	135409	135410	25	0.7833
chr1	135428	135429	27	0.7865
chr1	135446	135447	32	0.6921
chr1	135496	135497	39	0.608
chr1	135530	135531	26	0.6516
chr1	135576	135577	32	0.7449
chr1	135593	135594	37	0.6548
chr1	135643	135644	26	0.6591
chr1	135658	135659	32	0.7185
chr1	135686	135687	23	0.7433
chr1	135736	135737	28	0.6462
chr1	135751	135752	30	0.8018
chr1	135767	135768	32	0.6651
chr1	135789	135790	28	0.6102
chr1	135820	135821	33	0.8285
chr1	135844	135845	28	0.7108
chr1	135880	135881	31	0.8013
chr1	135980	135981	34	0.5377
chr1	136039	136040	32	0.6434
chr1	136139	136140	17	0.6986
chr1	136223	136224	34	0.7497
chr1	136276	136277	28	0.6341
chr1	136354	136355	38	0.8947
chr1	136360	136361	32	0.7877
chr1	136408	136409	29	0.0248
chr1	136434	136435	31	0.1156
chr1	136449	136450	35	0.1755
chr1	136489	136490	40	0.1256
chr1	136510	136511	30	0.2217
chr1	136536	136537	31	0.1699
chr1	136586	136587	34	0.1451
chr1	136614	136615	39	0.1613
chr1	136664	136665	25	0.229
chr1	136692	136693	28	0.0979
chr1	136742	136743	21	0.2852
chr1	136763	136764	24	0.1598
chr1	136813	136814	33	0.0949
chr1	136839	136840	37	0.1953
chr1	136871	136872	27	0.1662
chr1	136892	136893	32	0.1591
chr1	136907	136908	23	0.2106
chr1	136944	136945	31	0.1619
chr1	136968	136969	31	0.1086
chr1	136977	136978	27	0.268
chr1	137057	137058	32	0.3089
chr1	137118	137119	28	0.3395
chr1	137218	137219	31	0.2294
chr1	137318	137319	28	0.1591
chr1	137368	137369	24	0.1462
chr1	137451	137452	38	0.1249
chr1	137467	137468	32	0.0
chr1	137477	137478	28	0.8251
chr1	137505	137506	22	0.7636
chr1	137526	137527	35	0.5519
chr1	137559	137560	35	0.5964
chr1	137587	137588	33	0.6751
chr1	137617	137618	27	0.7987
chr1	137656	137657	27	0.5946
chr1	137679	137680	25	0.6304
chr1	137694	137695	38	0.5025
chr1	137724	137725	32	0.4336
chr1	137754	137755	37	0.6649
chr1	137773	137774	33	0.5003
chr1	137795	137796	26	0.3475
chr1	137810	137811	26	0.5588
chr1	137825	137826	24	0.5897
chr1	137842	137843	29	0.5401
chr1	137861	137862	30	0.7632
chr1	137893	137894	29	0.5776
chr1	137933	137934	34	0.7016
chr1	137943	137944	22	0.6541
chr1	137995	137996	21	0.708
chr1	138050	138051	22	0.786
chr1	138119	138120	35	0.7102
chr1	138200	138201	31	0.8642
chr1	138300	138301	30	0.813
chr1	138361	138362	26	0.6911
chr1	138363	138364	28	0.9357
chr1	138393	138394	29	0.7652
chr1	138437	138438	38	0.6873
chr1	138565	138566	24	0.6974
chr1	138725	138726	32	0.7966
chr1	138727	138728	26	0.6614
chr1	138753	138754	27	0.7919
chr1	138845	138846	32	0.7836
chr1	138889	138890	35	0.5896
chr1	138922	138923	25	0.7775
chr1	138937	138938	32	0.7349
chr1	138968	138969	28	0.6256
chr1	139001	139002	28	0.683
chr1	139020	139021	32	0.7266
chr1	139068	139069	22	0.7071
chr1	139088	139089	28	0.7649
chr1	139116	139117	27	0.6399
chr1	139143	139144	34	0.7049
chr1	139193	139194	27	0.5737
chr1	139209	139210	26	0.7274
chr1	139242	139243	30	0.6716
chr1	139280	139281	30	0.6864
chr1	139303	139304	27	0.5937
chr1	139324	139325	26	0.5914
chr1	139374	139375	27	0.6379
chr1	139390	139391	23	0.7515
chr1	139490	139491	37	0.4951
chr1	139590	139591	31	0.6092
chr1	139640	139641	27	0.6108
chr1	139690	139691	31	0.8628
chr1	139781	139782	21	0.782
chr1	139881	139882	32	0.537
chr1	139961	139962	36	0.823
chr1	139981	139982	35	0.6128
chr1	139998	139999	34	0.8483
chr1	140017	140018	26	0.7433
chr1	140040	140041	34	0.8223
chr1	140058	140059	29	0.6812
chr1	140100	140101	31	0.6612
chr1	140128	140129	28	0.8536
chr1	140148	140149	34	0.7577
chr1	140163	140164	27	0.6245
chr1	140209	140210	26	0.9921
chr1	140240	140241	25	0.7734
chr1	140280	140281	28	0.7437
chr1	140320	140321	34	0.8039
chr1	140355	140356	23	0.6997
chr1	140387	140388	23	0.6919
chr1	140420	140421	29	0.8798
chr1	140436	140437	27	0.699
chr1	140536	140537	32	0.8267
chr1	140636	140637	27	0.7549
chr1	140688	140689	27	0.7914
chr1	140770	140771	37	0.63
chr1	140870	140871	40	0.8416
chr1	140892	140893	31	0.9631
chr1	140898	140899	34	0.7953
chr1	140932	140933	26	0.2206
chr1	140964	140965	34	0.2532
chr1	141014	141015	33	0.0387
chr1	141064	141065	34	0.2345
chr1	141106	141107	32	0.1688
chr1	141152	141153	28	0.2321
chr1	141182	141183	25	0.1331
chr1	141221	141222	28	0.0625
chr1	141271	141272	21	0.1568
chr1	141321	141322	33	0.2167
chr1	141371	141372	29	0.1748
chr1	141372	141373	33	0.0318
chr1	141455	141456	37	0.1885
chr1	141555	141556	23	0.1996
chr1	141655	141656	42	0.1849
chr1	141755	141756	25	0.0725
chr1	141759	141760	27	0.2161
chr1	141849	141850	15	0.0443
chr1	141898	141899	26	0.6634
chr1	141927	141928	29	0.6007
chr1	141973	141974	26	0.7856
chr1	142013	142014	31	0.6365
chr1	142063	142064	25	0.8203
chr1	142088	142089	30	0.5575
chr1	142107	142108	30	0.5524
chr1	142157	142158	30	0.6008
chr1	142195	142196	29	0.6667
chr1	142217	142218	29	0.626
chr1	142251	142252	35	0.7195
chr1	142284	142285	29	0.5432
chr1	142299	142300	34	0.5831
chr1	142326	142327	35	0.5756
chr1	142363	142364	30	0.5673
chr1	142419	142420	32	0.5913
chr1	142494	142495	31	0.7075
chr1	142576	142577	29	0.7555
chr1	142649	142650	30	0.7842
chr1	142749	142750	25	0.8055
chr1	142812	142813	27	0.7772
chr1	142834	142835	26	0.7829
chr1	142854	142855	33	0.6384
chr1	142885	142886	37	0.7437
chr1	142904	142905	18	0.7773
chr1	142930	142931	28	0.9333
chr1	142976	142977	29	0.8779
chr1	143009	143010	36	0.5763
chr1	143024	143025	28	0.6596
chr1	143066	143067	31	0.7193
chr1	143087	143088	22	0.7458
chr1	143103	143104	24	0.8959
chr1	143149	143150	35	0.7159
chr1	143195	143196	26	0.842
chr1	143217	143218	27	0.742
chr1	143235	143236	19	0.7527
chr1	143250	143251	22	0.7921
chr1	143279	143280	34	0.7123
chr1	143294	143295	22	0.9184
chr1	143343	143344	29	0.8238
chr1	143362	143363	27	0.6426
chr1	143399	143400	29	0.9279
chr1	143425	143426	38	0.6741
chr1	143453	143454	36	0.7268
chr1	143470	143471	32	0.7744
chr1	143488	143489	37	0.8254
chr1	143495	143496	40	0.6759
chr1	143594	143595	34	0.7931
chr1	143645	143646	26	0.8
chr1	143717	143718	29	0.801
chr1	143817	143818	26	0.8067
chr1	143917	143918	31	0.7247
chr1	143991	143992	30	0.9077
chr1	144091	144092	27	0.8019
chr1	144131	144132	34	0.864
chr1	144137	144138	23	0.493
chr1	144179	144180	32	0.687
chr1	144203	144204	30	0.6759
chr1	144228	144229	28	0.6979
chr1	144270	144271	28	0.5808
chr1	144299	144300	35	0.5186
chr1	144328	144329	30	0.7122
chr1	144374	144375	31	0.4796
chr1	144401	144402	29	0.4249
chr1	144446	144447	28	0.6584
chr1	144469	144470	26	0.3318
chr1	144519	144520	21	0.5727
chr1	144559	144560	38	0.5928
chr1	144575	144576	36	0.6
chr1	144590	144591	33	0.4562
chr1	144619	144620	33	0.6479
chr1	144620	144621	23	0.5136
chr1	144718	144719	23	0.5614
chr1	144818	144819	23	0.5496
chr1	144871	144872	42	0.5167
chr1	144950	144951	34	0.5949
chr1	145020	145021	24	0.4247
chr1	145081	145082	29	0.5145
chr1	145083	145084	28	0.8388
chr1	145091	145092	28	0.7379
chr1	145103	145104	32	0.7593
chr1	145203	145204	29	0.6974
chr1	145287	145288	32	0.6018
chr1	145337	145338	28	0.7067
chr1	145347	145348	37	0.5766
chr1	145359	145360	39	0.7374
chr1	145365	145366	27	0.9053
chr1	145541	145542	30	0.6941
chr1	145565	145566	37	0.6354
chr1	145614	145615	34	0.8201
chr1	145650	145651	28	0.8139
chr1	145671	145672	29	0.6987
chr1	145721	145722	23	0.8474
chr1	145755	145756	35	0.7812
chr1	145805	145806	27	0.6839
chr1	145844	145845	28	0.6803
chr1	145859	145860	33	0.8011
chr1	145896	145897	28	0.7941
chr1	145946	145947	29	0.8303
chr1	145967	145968	30	0.829
chr1	146067	146068	27	0.8924
chr1	146136	146137	28	0.9229
chr1	146231	146232	41	0.682
chr1	146318	146319	33	0.8304
chr1	146320	146321	28	0.8555
chr1	146362	146363	29	0.7829
chr1	146412	146413	23	0.6865
chr1	146434	146435	33	0.6145
chr1	146470	146471	25	0.6834
chr1	146520	146521	31	0.5022
chr1	146570	146571	33	0.5613
chr1	146615	146616	29	0.6172
chr1	146637	146638	27	0.4431
chr1	146652	146653	33	0.7074
chr1	146678	146679	28	0.4994
chr1	146716	146717	24	0.4667
chr1	146739	146740	23	0.6651
chr1	146778	146779	33	0.6548
chr1	146828	146829	23	0.6748
chr1	146841	146842	36	0.5445
chr1	146891	146892	33	0.6372
chr1	146989	146990	24	0.5968
chr1	147089	147090	27	0.517
chr1	147189	147190	37	0.499
chr1	147239	147240	31	0.786
chr1	147243	147244	35	0.6818
chr1	147287	147288	21	0.5714
chr1	147296	147297	34	0.546
chr1	147315	147316	37	0.5649
chr1	147336	147337	37	0.6572
chr1	147378	147379	35	0.6987
chr1	147410	147411	30	0.5908
chr1	147434	147435	26	0.767
chr1	147461	147462	19	0.5097
chr1	147483	147484	24	0.5307
chr1	147508	147509	22	0.6537
chr1	147551	147552	34	0.7614
chr1	147601	147602	27	0.4997
chr1	147622	147623	27	0.4915
chr1	147654	147655	35	0.4615
chr1	147694	147695	34	0.6701
chr1	147723	147724	38	0.5603
chr1	147747	147748	36	0.7239
chr1	147770	147771	24	0.5216
chr1	147801	147802	32	0.5452
chr1	147901	147902	30	0.507
chr1	148001	148002	32	0.6347
chr1	148064	148065	42	0.7498
chr1	148158	148159	33	0.544
chr1	148243	148244	33	0.5608
chr1	148291	148292	32	0.8777
chr1	148349	148350	27	0.9
chr1	148389	148390	23	0.7661
chr1	148391	148392	26	0.895
chr1	148535	148536	26	0.7291
chr1	148565	148566	23	0.791
chr1	148669	148670	30	0.6083
chr1	148699	148700	29	0.9894
chr1	148713	148714	13	0.6288
chr1	148737	148738	31	0.6695
chr1	148772	148773	25	0.6839
chr1	148787	148788	27	0.7485
chr1	148837	148838	30	0.811
chr1	148876	148877	26	0.6019
chr1	148913	148914	27	0.7068
chr1	148930	148931	25	0.6017
chr1	148947	148948	34	0.6109
chr1	148986	148987	29	0.6788
chr1	149010	149011	29	0.7876
chr1	149054	149055	27	0.5117
chr1	149096	149097	34	0.7214
chr1	149130	149131	31	0.7271
chr1	149169	149170	27	0.7523
chr1	149190	149191	17	0.5487
chr1	149195	149196	36	0.6536
chr1	149295	149296	25	0.7438
chr1	149395	149396	28	0.7058
chr1	149495	149496	30	0.7388
chr1	149595	149596	33	0.7065
chr1	149629	149630	28	0.8766
chr1	149687	149688	40	0.6212
chr1	151629	151630	26	0.6274
chr1	151661	151662	22	0.7212
chr1	151692	151693	27	0.7963
chr1	151714	151715	32	0.9344
chr1	151755	151756	30	0.8102
chr1	151774	151775	31	0.8791
chr1	151799	151800	38	0.9487
chr1	151816	151817	30	0.9407
chr1	151852	151853	32	0.6931
chr1	151878	151879	29	0.715
chr1	151915	151916	25	0.6531
chr1	151930	151931	31	0.8404
chr1	151954	151955	26	0.9244
chr1	152004	152005	27	0.9166
chr1	152032	152033	25	0.7888
chr1	152078	152079	22	0.7768
chr1	152107	152108	22	0.7388
chr1	152133	152134	34	0.7905
chr1	152152	152153	30	0.9088
chr1	152252	152253	39	0.5464
chr1	152302	152303	23	0.7429
chr1	152402	152403	32	0.9916
chr1	152480	152481	34	0.606
chr1	152580	152581	28	0.7383
chr1	152659	152660	34	0.9919
chr1	152765	152766	26	1.0
chr1	152767	152768	32	0.9074
chr1	152782	152783	29	0.8331
chr1	152809	152810	28	0.7626
chr1	152835	152836	30	0.722
chr1	152876	152877	29	0.8726
chr1	152907	152908	25	0.6707
chr1	152938	152939	42	0.8333
chr1	152988	152989	29	0.6883
chr1	153038	153039	38	0.8237
chr1	153079	153080	36	0.7508
chr1	153111	153112	33	0.7531
chr1	153146	153147	29	0.8401
chr1	153168	153169	26	0.8061
chr1	153218	153219	37	0.9573
chr1	153256	153257	31	0.94
chr1	153283	153284	26	0.5694
chr1	153305	153306	22	0.7426
chr1	153327	153328	26	0.6186
chr1	153342	153343	28	0.8317
chr1	153387	153388	30	0.8008
chr1	153399	153400	33	0.7059
chr1	153493	153494	40	0.6661
chr1	153593	153594	25	0.8467
chr1	153693	153694	33	0.7821
chr1	153793	153794	25	0.7393
chr1	153872	153873	34	0.6899
chr1	153937	153938	23	0.8537
chr1	153979	153980	17	0.7781
chr1	154020	154021	36	0.9006
chr1	154035	154036	23	0.6892
chr1	154076	154077	34	0.8916
chr1	154110	154111	36	0.6515
chr1	154133	154134	25	0.7154
chr1	154175	154176	31	0.7185
chr1	154222	154223	35	0.8437
chr1	154267	154268	27	0.8496
chr1	154306	154307	41	0.5873
chr1	154335	154336	31	0.6772
chr1	154385	154386	41	0.6702
chr1	154417	154418	23	0.7197
chr1	154456	154457	36	0.8471
chr1	154467	154468	24	0.6952
chr1	154565	154566	31	0.7138
chr1	154661	154662	35	0.8395
chr1	154761	154762	26	0.6682
chr1	154820	154821	31	0.8668
chr1	154890	154891	30	0.8687
chr1	154898	154899	28	0.4717
chr1	154919	154920	33	0.5087
chr1	154944	154945	41	0.5611
chr1	154967	154968	35	0.5713
chr1	155005	155006	30	0.6759
chr1	155050	155051	28	0.5229
chr1	155065	155066	31	0.4759
chr1	155088	155089	34	0.375
chr1	155116	155117	30	0.4186
chr1	155152	155153	32	0.3236
chr1	155188	155189	30	0.4076
chr1	155238	155239	30	0.6131
chr1	155288	155289	28	0.4998
chr1	155312	155313	15	0.59
chr1	155389	155390	31	0.5137
chr1	155489	155490	27	0.3866
chr1	155589	155590	30	0.4589
chr1	155689	155690	31	0.2678
chr1	155963	155964	34	0.9167
chr1	156011	156012	36	0.7167
chr1	156033	156034	34	0.8069
chr1	156055	156056	28	0.7488
chr1	156085	156086	34	0.8393
chr1	156123	156124	33	0.6377
chr1	156145	156146	33	0.7336
chr1	156195	156196	22	0.8501
chr1	156239	156240	27	0.6979
chr1	156258	156259	22	0.8359
chr1	156273	156274	30	0.7196
chr1	156288	156289	22	0.7154
chr1	156314	156315	31	0.664
chr1	156330	156331	29	0.5794
chr1	156380	156381	31	0.6393
chr1	156404	156405	25	0.596
chr1	156419	156420	31	0.6916
chr1	156469	156470	27	0.5461
chr1	156499	156500	31	0.5672
chr1	156523	156524	25	0.7327
chr1	156546	156547	33	0.7573
chr1	156581	156582	33	0.6285
chr1	156599	156600	35	0.5644
chr1	156628	156629	22	0.7481
chr1	156648	156649	30	0.7407
chr1	156669	156670	39	0.6648
chr1	156693	156694	27	0.8153
chr1	156710	156711	38	0.6328
chr1	156810	156811	29	0.7195
chr1	156910	156911	31	0.7306
chr1	156974	156975	28	0.9483
chr1	157039	157040	33	0.7395
chr1	157138	157139	20	0.9236
chr1	157235	157236	31	0.6221
chr1	157281	157282	27	0.669
chr1	157293	157294	31	0.8673
chr1	157310	157311	32	0.7426
chr1	157360	157361	37	0.8368
chr1	157385	157386	24	0.8081
chr1	157413	157414	24	0.9162
chr1	157442	157443	26	0.8984
chr1	157492	157493	24	0.9043
chr1	157510	157511	19	0.8576
chr1	157560	157561	37	0.7289
chr1	157580	157581	28	0.8533
chr1	157630	157631	25	0.7138
chr1	157645	157646	24	0.9496
chr1	157666	157667	26	0.7969
chr1	157690	157691	38	0.9508
chr1	157706	157707	27	0.7886
chr1	157732	157733	23	0.899
chr1	157762	157763	21	0.7686
chr1	157811	157812	30	0.904
chr1	157814	157815	35	0.8845
chr1	157905	157906	34	0.9041
chr1	158005	158006	43	0.9791
chr1	158080	158081	38	0.8756
chr1	158146	158147	34	0.8168
chr1	158209	158210	29	0.9533
chr1	158280	158281	36	0.8323
chr1	158298	158299	40	0.8795
chr1	158312	158313	28	0.7793
chr1	158348	158349	23	0.7116
chr1	158377	158378	24	0.8686
chr1	158402	158403	28	0.6303
chr1	158430	158431	17	0.7496
chr1	158445	158446	38	0.7541
chr1	158495	158496	30	0.6637
chr1	158536	158537	33	0.742
chr1	158566	158567	37	0.6248
chr1	158595	158596	29	0.5368
chr1	158610	158611	36	0.6299
chr1	158632	158633	24	0.6578
chr1	158653	158654	24	0.5892
chr1	158674	158675	33	0.9867
chr1	158712	158713	28	0.6879
chr1	158736	158737	28	0.595
chr1	158751	158752	29	0.788
chr1	158779	158780	30	0.7219
chr1	158815	158816	35	0.8044
chr1	158817	158818	34	0.7236
chr1	158906	158907	34	0.7834
chr1	159006	159007	34	0.5312
chr1	159106	159107	36	0.7238
chr1	159206	159207	37	0.7871
chr1	159212	159213	26	0.6331
chr1	159217	159218	31	0.2692
chr1	159232	159233	30	0.2037
chr1	159259	159260	26	0.2995
chr1	159289	159290	34	0.3447
chr1	159311	159312	33	0.3864
chr1	159361	159362	27	0.4378
chr1	159385	159386	25	0.4185
chr1	159404	159405	28	0.3958
chr1	159434	159435	32	0.2149
chr1	159449	159450	30	0.5048
chr1	159477	159478	27	0.4489
chr1	159519	159520	25	0.4107
chr1	159543	159544	23	0.2608
chr1	159563	159564	28	0.3595
chr1	159587	159588	25	0.3852
chr1	159628	159629	41	0.296
chr1	159647	159648	20	0.3378
chr1	159662	159663	19	0.4191
chr1	159689	159690	27	0.3298
chr1	159708	159709	37	0.4039
chr1	159738	159739	34	0.2396
chr1	159741	159742	33	0.3815
chr1	159841	159842	30	0.4608
chr1	159891	159892	33	0.2297
chr1	159991	159992	26	0.4133
chr1	160091	160092	30	0.4332
chr1	160165	160166	37	0.4193
chr1	160233	160234	39	0.232
chr1	160293	160294	32	0.6274
chr1	160299	160300	26	0.7138
chr1	160395	160396	28	0.607
chr1	160467	160468	37	0.481
chr1	160525	160526	32	0.6289
chr1	160563	160564	27	0.7708
chr1	160633	160634	25	0.503
chr1	160713	160714	30	0.5915
chr1	160752	160753	32	0.8448
chr1	160793	160794	32	0.7395
chr1	160842	160843	27	0.7762
chr1	160890	160891	28	0.5793
chr1	160907	160908	40	0.5566
chr1	160957	160958	30	0.743
chr1	160977	160978	40	0.7294
chr1	161010	161011	32	0.695
chr1	161050	161051	26	0.6781
chr1	161100	161101	33	0.7962
chr1	161147	161148	33	0.747
chr1	161197	161198	34	0.6755
chr1	161239	161240	27	0.6202
chr1	161254	161255	33	0.6151
chr1	161269	161270	17	0.7403
chr1	161294	161295	19	0.8399
chr1	161309	161310	30	0.7958
chr1	161317	161318	29	0.5884
chr1	161417	161418	31	0.7149
chr1	161467	161468	31	0.5798
chr1	161567	161568	35	0.8415
chr1	161667	161668	24	0.6309
chr1	161767	161768	23	0.7164
chr1	161824	161825	29	0.8095
chr1	161874	161875	30	0.6905
chr1	161954	161955	22	0.7721
chr1	161966	161967	35	0.7202
chr1	161981	161982	30	0.3059
chr1	162008	162009	28	0.4274
chr1	162052	162053	44	0.3019
chr1	162080	162081	31	0.0445
chr1	162111	162112	34	0.3696
chr1	162161	162162	34	0.4531
chr1	162179	162180	34	0.1577
chr1	162229	162230	32	0.0257
chr1	162244	162245	24	0.0925
chr1	162276	162277	26	0.4289
chr1	162304	162305	30	0.0362
chr1	162343	162344	29	0.6063
chr1	162358	162359	38	0.3296
chr1	162408	162409	30	0.388
chr1	162458	162459	33	0.1307
chr1	162508	162509	33	0.2167
chr1	162546	162547	33	0.2406
chr1	162551	162552	21	0.3807
chr1	162631	162632	25	0.4089
chr1	162731	162732	32	0.0582
chr1	162831	162832	31	0.1486
chr1	162909	162910	33	0.2268
chr1	163009	163010	30	0.4701
chr1	163086	163087	31	0.3287
chr1	163170	163171	26	0.0
chr1	163180	163181	28	0.6613
chr1	163230	163231	28	0.8029
chr1	163263	163264	27	0.5117
chr1	163304	163305	23	0.4878
chr1	163341	163342	31	0.5313
chr1	163391	163392	30	0.6593
chr1	163425	163426	35	0.5678
chr1	163448	163449	27	0.5296
chr1	163463	163464	32	0.7872
chr1	163483	163484	26	0.785
chr1	163530	163531	24	0.6025
chr1	163579	163580	30	0.4732
chr1	163601	163602	33	0.7029
chr1	163647	163648	31	0.7695
chr1	163710	163711	26	0.4782
chr1	163810	163811	30	0.5847
chr1	163910	163911	26	0.8346
chr1	164010	164011	33	0.8264
chr1	164110	164111	33	0.8231
chr1	164180	164181	26	0.6652
chr1	164392	164393	32	0.8965
chr1	164448	164449	21	0.8492
chr1	164554	164555	34	0.9036
chr1	164600	164601	32	0.7712
chr1	164619	164620	24	0.0607
chr1	164647	164648	29	0.0917
chr1	164665	164666	34	0.0
chr1	164701	164702	35	0.0327
chr1	164734	164735	23	0.101
chr1	164761	164762	31	0.0051
chr1	164791	164792	34	0.0567
chr1	164823	164824	36	0.1413
chr1	164841	164842	34	0.1348
chr1	164860	164861	30	0.0515
chr1	164880	164881	30	0.0793
chr1	164930	164931	26	0.1039
chr1	164979	164980	28	0.1204
chr1	165004	165005	32	0.0596
chr1	165054	165055	24	0.2568
chr1	165104	165105	31	0.0533
chr1	165121	165122	35	0.0097
chr1	165129	165130	27	0.0573
chr1	165229	165230	23	0.2229
chr1	165329	165330	36	0.1405
chr1	165379	165380	39	0.1683
chr1	165479	165480	37	0.1226
chr1	165574	165575	17	0.0
chr1	165596	165597	30	0.0774
chr1	165632	165633	29	0.1878
chr1	165671	165672	28	0.7587
chr1	165694	165695	30	0.9124
chr1	165739	165740	20	0.88
chr1	165789	165790	32	0.9122
chr1	165818	165819	29	0.5948
chr1	165833	165834	32	0.8226
chr1	165855	165856	31	0.8365
chr1	165897	165898	32	0.9089
chr1	165969	165970	38	0.6799
chr1	165984	165985	40	0.8785
chr1	166004	166005	27	0.9408
chr1	166041	166042	23	0.7043
chr1	166056	166057	27	0.8733
chr1	166071	166072	30	0.859
chr1	166098	166099	28	0.6948
chr1	166125	166126	27	0.7917
chr1	166192	166193	10	0.8648
chr1	166268	166269	29	0.9159
chr1	166318	166319	29	0.6748
chr1	166368	166369	26	0.7761
chr1	166468	166469	28	0.8675
chr1	166568	166569	37	0.8724
chr1	166582	166583	25	0.9326
chr1	166634	166635	19	0.7787
chr1	167737	167738	30	0.0387
chr1	167752	167753	31	0.1596
chr1	167784	167785	32	0.0411
chr1	167806	167807	24	0.1913
chr1	167834	167835	29	0.235
chr1	167860	167861	28	0.303
chr1	167877	167878	22	0.3294
chr1	167892	167893	33	0.0767
chr1	167907	167908	27	0.1591
chr1	167922	167923	27	0.0694
chr1	167972	167973	31	0.0644
chr1	168004	168005	34	0.0832
chr1	168027	168028	23	0.1706
chr1	168077	168078	28	0.1056
chr1	168094	168095	30	0.1483
chr1	168122	168123	30	0.0924
chr1	168162	168163	23	0.0564
chr1	168207	168208	30	0.1843
chr1	168222	168223	27	0.0895
chr1	168265	168266	38	0.1921
chr1	168306	168307	29	0.202
chr1	168320	168321	21	0.0634
chr1	168391	168392	34	0.2938
chr1	168486	168487	30	0.0741
chr1	168586	168587	26	0.2693
chr1	168644	168645	28	0.3288
chr1	168744	168745	34	0.3088
chr1	168820	168821	31	0.2156
chr1	168890	168891	28	0.0559
chr1	168914	168915	27	0.1551
chr1	168956	168957	30	0.2712
chr1	168985	168986	34	0.3401
chr1	169026	169027	30	0.1721
chr1	169055	169056	25	0.2046
chr1	169097	169098	32	0.3957
chr1	169147	169148	28	0.1883
chr1	169195	169196	32	0.0874
chr1	169245	169246	35	0.1367
chr1	169295	169296	36	0.0679
chr1	169340	169341	28	0.2019
chr1	169355	169356	37	0.1121
chr1	169382	169383	29	0.1988
chr1	169421	169422	27	0.2426
chr1	169471	169472	23	0.0537
chr1	169571	169572	35	0.2402
chr1	169671	169672	34	0.3069
chr1	169758	169759	21	0.3358
chr1	169858	169859	36	0.3024
chr1	169880	169881	19	0.2406
chr1	169908	169909	30	0.0
chr1	169958	169959	31	0.5789
chr1	169980	169981	36	0.5849
chr1	169995	169996	28	0.8004
chr1	170045	170046	31	0.3278
chr1	170073	170074	26	0.4382
chr1	170105	170106	31	0.8339
chr1	170140	170141	29	0.6023
chr1	170188	170189	32	0.6531
chr1	170211	170212	36	0.4997
chr1	170229	170230	21	0.716
chr1	170275	170276	25	0.3943
chr1	170303	170304	27	0.6324
chr1	170331	170332	30	0.3887
chr1	170358	170359	23	0.5868
chr1	170380	170381	22	0.3153
chr1	170383	170384	36	0.6615
chr1	170483	170484	18	0.526
chr1	170583	170584	23	0.3858
chr1	170683	170684	34	0.4
chr1	170753	170754	28	0.7441
chr1	170813	170814	37	0.6959
chr1	170818	170819	36	0.5036
chr1	170833	170834	31	0.62
chr1	170859	170860	23	0.4327
chr1	170903	170904	31	0.5881
chr1	170939	170940	36	0.4936
chr1	170959	170960	30	0.463
chr1	171002	171003	37	0.6012
chr1	171024	171025	31	0.5666
chr1	171050	171051	22	0.5581
chr1	171093	171094	28	0.6295
chr1	171128	171129	36	0.5701
chr1	171160	171161	28	0.53
chr1	171178	171179	37	0.5181
chr1	171193	171194	31	0.6001
chr1	171211	171212	25	0.5334
chr1	171233	171234	37	0.6033
chr1	171251	171252	28	0.5165
chr1	171278	171279	30	0.4895
chr1	171293	171294	39	0.5856
chr1	171336	171337	26	0.5205
chr1	171376	171377	26	0.6042
chr1	171476	171477	29	0.6126
chr1	171576	171577	32	0.5341
chr1	171676	171677	30	0.3638
chr1	171776	171777	29	0.6373
chr1	171833	171834	34	0.3042
chr1	171933	171934	33	0.4073
chr1	171957	171958	25	0.8097
chr1	171959	171960	28	0.7826
chr1	172143	172144	24	0.8555
chr1	172273	172274	37	0.7162
chr1	172363	172364	38	0.9965
chr1	172387	172388	22	0.8864
chr1	172434	172435	31	0.6533
chr1	172456	172457	23	0.693
chr1	172473	172474	29	0.8365
chr1	172497	172498	33	0.7225
chr1	172535	172536	27	0.8207
chr1	172552	172553	25	0.7656
chr1	172584	172585	33	0.7577
chr1	172601	172602	26	0.7033
chr1	172630	172631	20	0.6772
chr1	172646	172647	26	0.8165
chr1	172675	172676	32	0.6004
chr1	172691	172692	29	0.6286
chr1	172723	172724	30	0.833
chr1	172751	172752	32	0.5729
chr1	172770	172771	27	0.6607
chr1	172808	172809	28	0.7823
chr1	172843	172844	28	0.7463
chr1	172871	172872	33	0.8946
chr1	172887	172888	27	0.9243
chr1	172987	172988	25	0.6079
chr1	173046	173047	28	0.727
chr1	173096	173097	36	0.8215
chr1	173148	173149	26	0.7217
chr1	173248	173249	33	0.5988
chr1	173348	173349	30	0.5798
chr1	173378	173379	35	0.7138
chr1	173402	173403	27	0.8644
chr1	173410	173411	35	0.5933
chr1	173458	173459	23	0.6402
chr1	173477	173478	35	0.6376
chr1	173507	173508	21	0.5397
chr1	173530	173531	29	0.3741
chr1	173576	173577	31	0.4471
chr1	173611	173612	29	0.4356
chr1	173661	173662	28	0.6241
chr1	173699	173700	32	0.4427
chr1	173719	173720	39	0.4656
chr1	173749	173750	26	0.5174
chr1	173799	173800	26	0.6604
chr1	173825	173826	27	0.4839
chr1	173844	173845	25	0.6049
chr1	173864	173865	23	0.525
chr1	173897	173898	32	0.4138
chr1	173924	173925	26	0.6055
chr1	174024	174025	24	0.593
chr1	174124	174125	27	0.5019
chr1	174198	174199	45	0.6182
chr1	174298	174299	28	0.6486
chr1	174355	174356	39	0.4061
chr1	174405	174406	38	0.5086
chr1	174419	174420	25	0.8689
chr1	174511	174512	37	0.9642
chr1	174571	174572	32	0.953
chr1	174635	174636	28	0.6952
chr1	174751	174752	36	0.7987
chr1	174801	174802	21	0.7944
chr1	174901	174902	31	0.6925
chr1	174932	174933	22	0.872
chr1	174965	174966	34	0.8653
chr1	175005	175006	37	0.8114
chr1	175024	175025	35	0.9464
chr1	175057	175058	26	0.9049
chr1	175081	175082	29	0.8589
chr1	175096	175097	39	0.9243
chr1	175126	175127	33	1.0
chr1	175144	175145	37	0.8235
chr1	175159	175160	30	0.9082
chr1	175209	175210	24	0.7459
chr1	175225	175226	30	0.8973
chr1	175275	175276	29	0.7759
chr1	175325	175326	28	0.891
chr1	175375	175376	35	0.7738
chr1	175395	175396	41	0.8608
chr1	175425	175426	28	0.7958
chr1	175435	175436	24	1.0
chr1	175535	175536	41	0.977
chr1	175585	175586	24	0.852
chr1	175654	175655	31	0.7691
chr1	175704	175705	27	0.9703
chr1	175804	175805	30	0.9187
chr1	175854	175855	35	0.8894
chr1	175921	175922	29	0.9269
chr1	175983	175984	35	0.9624
chr1	175999	176000	26	0.902
chr1	176024	176025	25	0.7475
chr1	176068	176069	26	0.8228
chr1	176118	176119	33	0.9051
chr1	176144	176145	39	0.7177
chr1	176194	176195	30	0.8053
chr1	176227	176228	31	0.8624
chr1	176260	176261	25	0.6701
chr1	176275	176276	32	0.8306
chr1	176304	176305	28	0.9477
chr1	176327	176328	31	0.8091
chr1	176348	176349	36	0.9482
chr1	176381	176382	26	0.7248
chr1	176396	176397	33	0.9142
chr1	176435	176436	37	0.8512
chr1	176480	176481	28	0.8845
chr1	176523	176524	30	0.837
chr1	176539	176540	27	0.6042
chr1	176639	176640	31	0.7983
chr1	176704	176705	29	0.9148
chr1	176782	176783	20	0.7485
chr1	176882	176883	24	0.7888
chr1	176959	176960	27	0.8678
chr1	177009	177010	30	0.7945
chr1	177059	177060	31	0.78
chr1	177071	177072	40	0.8105
chr1	177081	177082	27	0.7414
chr1	178322	178323	22	0.7047
chr1	178348	178349	25	0.2077
chr1	178379	178380	31	0.3578
chr1	178411	178412	21	0.3611
chr1	178426	178427	25	0.373
chr1	178445	178446	34	0.2493
chr1	178477	178478	24	0.4694
chr1	178509	178510	35	0.5474
chr1	178556	178557	29	0.4951
chr1	178601	178602	28	0.5796
chr1	178616	178617	32	0.581
chr1	178666	178667	29	0.7057
chr1	178681	178682	33	0.5579
chr1	178710	178711	32	0.5784
chr1	178758	178759	31	0.5311
chr1	178814	178815	24	0.541
chr1	178914	178915	16	0.485
chr1	179014	179015	25	0.5953
chr1	179114	179115	29	0.6394
chr1	179164	179165	40	0.5253
chr1	179264	179265	30	0.7458
chr1	179286	179287	34	0.61
chr1	179290	179291	25	0.7026
chr1	179428	179429	24	0.6533
chr1	179464	179465	31	0.8329
chr1	179488	179489	30	0.5559
chr1	179570	179571	32	0.7074
chr1	179581	179582	38	0.5223
chr1	179605	179606	29	0.6234
chr1	179628	179629	24	0.4764
chr1	179663	179664	26	0.645
chr1	179694	179695	28	0.6736
chr1	179722	179723	33	0.6862
chr1	179745	179746	27	0.6196
chr1	179770	179771	33	0.7122
chr1	179813	179814	36	0.8256
chr1	179840	179841	26	0.6969
chr1	179857	179858	24	0.7697
chr1	179882	179883	29	0.5685
chr1	179932	179933	28	0.6399
chr1	179982	179983	32	0.6075
chr1	180017	180018	26	0.6813
chr1	180059	180060	26	0.611
chr1	180081	180082	31	0.5005
chr1	180158	180159	37	0.752
chr1	180258	180259	36	0.7002
chr1	180358	180359	32	0.4919
chr1	180458	180459	25	0.7061
chr1	180541	180542	36	0.6463
chr1	180559	180560	43	0.61
chr1	180567	180568	32	0.6662
chr1	180602	180603	28	0.4393
chr1	180641	180642	21	0.5783
chr1	180669	180670	31	0.5629
chr1	180691	180692	27	0.6357
chr1	180711	180712	28	0.5848
chr1	180728	180729	28	0.6783
chr1	180757	180758	31	0.5444
chr1	180787	180788	31	0.6783
chr1	180807	180808	25	0.5464
chr1	180853	180854	37	0.6712
chr1	180891	180892	19	0.6325
chr1	180931	180932	34	0.6372
chr1	180972	180973	26	0.5617
chr1	181022	181023	35	0.6732
chr1	181037	181038	27	0.5992
chr1	181137	181138	24	0.3747
chr1	181199	181200	28	0.5783
chr1	181299	181300	28	0.6631
chr1	181382	181383	35	0.5172
chr1	181482	181483	34	0.6325
chr1	181522	181523	30	0.9398
chr1	181624	181625	20	0.8526
chr1	181634	181635	27	0.857
chr1	181716	181717	26	0.777
chr1	181730	181731	30	0.63
chr1	181790	181791	29	1.0
chr1	181886	181887	26	0.7002
chr1	181972	181973	26	0.7543
chr1	182003	182004	35	0.5315
chr1	182037	182038	24	0.6008
chr1	182056	182057	23	0.6895
chr1	182088	182089	27	0.6385
chr1	182122	182123	37	0.5194
chr1	182145	182146	32	0.7724
chr1	182195	182196	28	0.6563
chr1	182213	182214	31	0.5536
chr1	182239	182240	33	0.7248
chr1	182254	182255	34	0.5574
chr1	182286	182287	32	0.6895
chr1	182302	182303	32	0.8285
chr1	182352	182353	36	0.3597
chr1	182391	182392	33	0.6974
chr1	182415	182416	31	0.5712
chr1	182465	182466	31	0.5099
chr1	182480	182481	35	0.7334
chr1	182530	182531	34	0.4708
chr1	182580	182581	28	0.6414
chr1	182680	182681	30	0.6311
chr1	182780	182781	24	0.5953
chr1	182849	182850	29	0.6726
chr1	182949	182950	40	0.773
chr1	183023	183024	20	0.6247
chr1	183028	183029	26	0.4125
chr1	183064	183065	27	0.3465
chr1	183104	183105	35	0.2362
chr1	183139	183140	31	0.1109
chr1	183168	183169	32	0.1836
chr1	183218	183219	28	0.3086
chr1	183249	183250	29	0.4536
chr1	183269	183270	30	0.3344
chr1	183308	183309	34	0.4432
chr1	183352	183353	34	0.4368
chr1	183384	183385	32	0.4174
chr1	183419	183420	33	0.2963
chr1	183454	183455	28	0.1722
chr1	183487	183488	32	0.2505
chr1	183502	183503	33	0.3265
chr1	183526	183527	34	0.2526
chr1	183541	183542	34	0.2141
chr1	183591	183592	28	0.3852
chr1	183599	183600	34	0.3761
chr1	183666	183667	30	0.3415
chr1	183766	183767	24	0.2277
chr1	183835	183836	30	0.1711
chr1	183935	183936	18	0.4204
chr1	184035	184036	22	0.3863
chr1	184135	184136	36	0.3506
chr1	184205	184206	41	0.7039
chr1	184343	184344	19	0.6226
chr1	184349	184350	32	0.8122
chr1	184353	184354	33	0.8917
chr1	184365	184366	34	0.5742
chr1	184381	184382	31	0.5745
chr1	184419	184420	28	0.6902
chr1	184585	184586	37	0.7548
chr1	184594	184595	27	0.4581
chr1	184620	184621	32	0.3281
chr1	184635	184636	23	0.3224
chr1	184659	184660	34	0.2209
chr1	184694	184695	33	0.5748
chr1	184744	184745	42	0.3226
chr1	184766	184767	30	0.472
chr1	184796	184797	29	0.2825
chr1	184827	184828	29	0.2602
chr1	184862	184863	30	0.3519
chr1	184912	184913	34	0.4068
chr1	184930	184931	31	0.4182
chr1	184975	184976	25	0.4974
chr1	185023	185024	29	0.5752
chr1	185040	185041	35	0.418
chr1	185090	185091	20	0.4791
chr1	185110	185111	28	0.4912
chr1	185171	185172	26	0.3497
chr1	185271	185272	30	0.4633
chr1	185371	185372	27	0.4398
chr1	185421	185422	36	0.4542
chr1	185486	185487	30	0.5329
chr1	185586	185587	27	0.5436
chr1	185592	185593	29	0.6963
chr1	185610	185611	34	0.718
chr1	185688	185689	26	0.5471
chr1	185784	185785	29	0.5897
chr1	185798	185799	32	0.6118
chr1	185890	185891	28	0.6105
chr1	186076	186077	34	0.3816
chr1	186091	186092	29	0.7528
chr1	186141	186142	33	0.6903
chr1	186179	186180	36	0.7828
chr1	186229	186230	35	0.7655
chr1	186265	186266	38	0.9317
chr1	186292	186293	25	0.8981
chr1	186342	186343	25	0.8256
chr1	186360	186361	31	0.6245
chr1	186376	186377	24	0.7045
chr1	186425	186426	37	0.8034
chr1	186452	186453	26	0.8868
chr1	186477	186478	30	0.7956
chr1	186496	186497	28	0.8036
chr1	186519	186520	30	0.8484
chr1	186551	186552	30	0.772
chr1	186607	186608	35	0.897
chr1	186670	186671	33	0.8239
chr1	186770	186771	32	0.7698
chr1	186870	186871	31	0.7836
chr1	186920	186921	30	0.717
chr1	186974	186975	27	0.8937
chr1	186983	186984	28	0.8389
chr1	187020	187021	32	0.7505
chr1	187070	187071	33	0.7501
chr1	187087	187088	20	0.7218
chr1	187105	187106	37	0.8584
chr1	187123	187124	38	0.8252
chr1	187156	187157	36	0.8674
chr1	187182	187183	30	0.8397
chr1	187216	187217	36	0.7698
chr1	187231	187232	27	0.7199
chr1	187267	187268	24	0.7455
chr1	187317	187318	36	0.6092
chr1	187344	187345	33	0.6854
chr1	187369	187370	29	0.6595
chr1	187384	187385	31	0.7059
chr1	187415	187416	35	0.6859
chr1	187446	187447	37	0.4968
chr1	187478	187479	35	0.5476
chr1	187578	187579	34	0.4376
chr1	187667	187668	31	0.7414
chr1	187725	187726	30	0.7081
chr1	187780	187781	32	0.8796
chr1	187880	187881	32	0.8496
chr1	187961	187962	27	0.7188
chr1	188009	188010	35	0.9385
chr1	188021	188022	26	0.9517
chr1	188049	188050	25	0.8529
chr1	188145	188146	27	0.6182
chr1	188185	188186	36	0.7522
chr1	188425	188426	26	0.9002
chr1	188430	188431	37	0.1506
chr1	188459	188460	31	0.1887
chr1	188484	188485	28	0.0508
chr1	188534	188535	31	0.1842
chr1	188578	188579	29	0.1809
chr1	188604	188605	35	0.0676
chr1	188654	188655	33	0.3049
chr1	188683	188684	25	0.3396
chr1	188713	188714	27	0.4317
chr1	188741	188742	37	0.3051
chr1	188758	188759	32	0.4468
chr1	188786	188787	36	0.4227
chr1	188823	188824	28	0.4001
chr1	188870	188871	29	0.1513
chr1	188900	188901	37	0.1977
chr1	188923	188924	27	0.2474
chr1	188939	188940	34	0.0689
chr1	189039	189040	22	0.0782
chr1	189125	189126	31	0.1319
chr1	189225	189226	24	0.2216
chr1	189307	189308	28	0.152
chr1	189379	189380	39	0.1155
chr1	189499	189500	38	0.1028
chr1	189615	189616	31	0.0522
chr1	189779	189780	26	0.2037
chr1	189819	189820	26	0.2681
chr1	189835	189836	27	0.1095
chr1	189863	189864	24	0.056
chr1	189887	189888	30	0.703
chr1	189919	189920	29	0.9863
chr1	189944	189945	32	0.7745
chr1	189994	189995	24	0.8907
chr1	190044	190045	30	0.7659
chr1	190067	190068	22	0.9051
chr1	190104	190105	29	0.7895
chr1	190123	190124	24	0.8619
chr1	190151	190152	26	0.933
chr1	190178	190179	40	0.9241
chr1	190202	190203	21	0.8543
chr1	190244	190245	23	0.8191
chr1	190294	190295	22	1.0
chr1	190311	190312	23	0.6982
chr1	190384	190385	29	0.8415
chr1	190484	190485	29	0.7612
chr1	190547	190548	27	0.8654
chr1	190615	190616	33	0.8375
chr1	190696	190697	34	0.9849
chr1	190750	190751	24	0.873
chr1	190770	190771	23	0.7829
chr1	190778	190779	25	0.4714
chr1	190804	190805	34	0.5645
chr1	190839	190840	24	0.6802
chr1	190866	190867	32	0.3938
chr1	190916	190917	30	0.4571
chr1	190931	190932	29	0.2935
chr1	190946	190947	21	0.4539
chr1	190996	190997	34	0.6517
chr1	191037	191038	28	0.538
chr1	191055	191056	29	0.6255
chr1	191084	191085	28	0.2864
chr1	191127	191128	42	0.5792
chr1	191158	191159	25	0.3821
chr1	191176	191177	30	0.3291
chr1	191197	191198	20	0.5618
chr1	191217	191218	29	0.301
chr1	191289	191290	35	0.5057
chr1	191358	191359	26	0.4135
chr1	191439	191440	34	0.4992
chr1	191505	191506	31	0.5043
chr1	191605	191606	25	0.5331
chr1	191655	191656	32	0.3018
chr1	191755	191756	25	0.7017
chr1	191811	191812	30	0.853
chr1	191957	191958	32	0.8862
chr1	192029	192030	37	0.8612
chr1	192083	192084	32	0.6564
chr1	192103	192104	30	0.6344
chr1	192105	192106	29	0.847
chr1	192127	192128	35	0.954
chr1	192174	192175	30	0.7752
chr1	192197	192198	20	0.7935
chr1	192246	192247	26	0.9156
chr1	192296	192297	39	0.6813
chr1	192327	192328	33	0.9085
chr1	192360	192361	31	0.7615
chr1	192389	192390	18	0.7574
chr1	192437	192438	33	0.8026
chr1	192453	192454	28	0.9818
chr1	192474	192475	34	0.9017
chr1	192519	192520	22	0.841
chr1	192551	192552	26	0.8877
chr1	192601	192602	29	0.7761
chr1	192701	192702	28	0.8853
chr1	192751	192752	23	0.8727
chr1	192847	192848	32	0.6667
chr1	192947	192948	31	0.8583
chr1	193003	193004	38	0.9481
chr1	193011	193012	27	0.6205
chr1	193054	193055	32	0.537
chr1	193079	193080	32	0.5463
chr1	193102	193103	29	0.617
chr1	193134	193135	25	0.7636
chr1	193169	193170	27	0.6598
chr1	193200	193201	28	0.6022
chr1	193241	193242	26	0.5997
chr1	193273	193274	29	0.6233
chr1	193307	193308	18	0.7012
chr1	193338	193339	30	0.6898
chr1	193382	193383	28	0.7743
chr1	193421	193422	18	0.5506
chr1	193458	193459	34	0.6837
chr1	193486	193487	30	0.6634
chr1	193586	193587	30	0.686
chr1	193673	193674	28	0.7518
chr1	193759	193760	23	0.758
chr1	193858	193859	34	0.6536
chr1	193909	193910	25	0.7262
chr1	194087	194088	34	0.9549
chr1	194097	194098	31	0.9458
chr1	194109	194110	37	0.6924
chr1	194117	194118	29	0.9422
chr1	194173	194174	40	0.8102
chr1	194209	194210	34	0.6738
chr1	194341	194342	28	0.9109
chr1	194373	194374	32	0.6717
chr1	194388	194389	34	0.8898
chr1	194416	194417	29	0.8443
chr1	194450	194451	23	0.7957
chr1	194467	194468	32	0.7993
chr1	194513	194514	28	0.9075
chr1	194533	194534	32	0.8413
chr1	194554	194555	23	0.6574
chr1	194569	194570	33	0.6941
chr1	194591	194592	26	0.7389
chr1	194620	194621	34	0.7818
chr1	194644	194645	32	0.7086
chr1	194687	194688	25	0.6331
chr1	194756	194757	33	0.6495
chr1	194806	194807	24	0.7326
chr1	194824	194825	27	0.7649
chr1	194853	194854	27	0.6512
chr1	194898	194899	24	0.8229
chr1	194998	194999	27	0.8795
chr1	195098	195099	24	0.6777
chr1	195198	195199	33	0.7708
chr1	195261	195262	35	0.6614
chr1	195317	195318	18	0.5367
chr1	195417	195418	24	0.5868
chr1	195451	195452	25	0.9199
chr1	195480	195481	25	0.5932
chr1	195530	195531	42	0.5577
chr1	195559	195560	26	0.6688
chr1	195582	195583	24	0.6089
chr1	195632	195633	27	0.5141
chr1	195669	195670	26	0.5117
chr1	195705	195706	30	0.6571
chr1	195755	195756	27	0.6098
chr1	195789	195790	34	0.5391
chr1	195804	195805	25	0.491
chr1	195838	195839	28	0.6294
chr1	195872	195873	32	0.6929
chr1	195912	195913	24	0.5955
chr1	195930	195931	20	0.5776
chr1	196030	196031	31	0.5673
chr1	196130	196131	16	0.4988
chr1	196230	196231	33	0.4704
chr1	196330	196331	40	0.6023
chr1	196406	196407	29	0.6519
chr1	196412	196413	24	0.4441
chr1	196419	196420	30	0.6759
chr1	196464	196465	27	0.4787
chr1	196489	196490	37	0.4852
chr1	196505	196506	28	0.7463
chr1	196525	196526	28	0.575
chr1	196554	196555	30	0.4746
chr1	196583	196584	36	0.5334
chr1	196633	196634	23	0.4876
chr1	196652	196653	25	0.5244
chr1	196670	196671	34	0.5717
chr1	196701	196702	28	0.5317
chr1	196718	196719	38	0.4666
chr1	196742	196743	33	0.6226
chr1	196767	196768	22	0.5897
chr1	196785	196786	23	0.5339
chr1	196817	196818	25	0.5596
chr1	196842	196843	28	0.6197
chr1	196863	196864	35	0.5357
chr1	196880	196881	31	0.6011
chr1	196980	196981	26	0.6566
chr1	197080	197081	28	0.6859
chr1	197180	197181	29	0.4458
chr1	197258	197259	35	0.5846
chr1	197348	197349	34	0.9506
chr1	197406	197407	29	0.8644
chr1	197584	197585	25	0.8827
chr1	197586	197587	36	0.8436
chr1	197616	197617	30	0.7768
chr1	197684	197685	33	0.8308
chr1	197692	197693	34	0.2839
chr1	197716	197717	19	0.2476
chr1	197753	197754	29	0.4573
chr1	197803	197804	27	0.3556
chr1	197837	197838	31	0.4782
chr1	197887	197888	31	0.3362
chr1	197909	197910	25	0.331
chr1	197946	197947	30	0.333
chr1	197996	197997	23	0.3269
chr1	198035	198036	31	0.261
chr1	198085	198086	30	0.2755
chr1	198125	198126	32	0.3346
chr1	198162	198163	36	0.3718
chr1	198178	198179	31	0.3329
chr1	198278	198279	30	0.3073
chr1	198328	198329	29	0.3933
chr1	198428	198429	28	0.3222
chr1	198528	198529	29	0.2687
chr1	198628	198629	35	0.3366
chr1	198680	198681	34	0.0621
chr1	198710	198711	22	0.017
chr1	198864	198865	27	0.191
chr1	198906	198907	27	0.0508
chr1	198952	198953	29	0.07
chr1	199010	199011	21	0.1384
chr1	199016	199017	31	0.2486
chr1	199018	199019	34	0.0159
chr1	199076	199077	32	0.0776
chr1	199106	199107	31	0.2401
chr1	199124	199125	33	0.0689
chr1	199158	199159	26	0.1985
chr1	199181	199182	29	0.0081
chr1	199196	199197	34	0.0066
chr1	199246	199247	24	0.13
chr1	199272	199273	24	0.1619
chr1	199296	199297	28	0.197
chr1	199346	199347	42	0.2435
chr1	199367	199368	43	0.216
chr1	199390	199391	32	0.2586
chr1	199405	199406	32	0.2475
chr1	199445	199446	26	0.1018
chr1	199469	199470	30	0.2918
chr1	199491	199492	33	0.2241
chr1	199511	199512	30	0.3426
chr1	199532	199533	25	0.2496
chr1	199572	199573	25	0.3613
chr1	199602	199603	35	0.216
chr1	199695	199696	34	0.0
chr1	199749	199750	26	0.3202
chr1	199810	199811	24	0.1778
chr1	199910	199911	39	0.157
chr1	200010	200011	13	0.1999
chr1	200108	200109	30	0.0692
chr1	200113	200114	29	0.6189
chr1	200128	200129	26	0.6185
chr1	200178	200179	27	0.744
chr1	200220	200221	30	0.4308
chr1	200270	200271	29	0.7071
chr1	200320	200321	39	0.5064
chr1	200369	200370	34	0.494
chr1	200384	200385	29	0.6539
chr1	200411	200412	32	0.5389
chr1	200432	200433	22	0.6227
chr1	200467	200468	20	0.4336
chr1	200506	200507	32	0.5968
chr1	200526	200527	37	0.5995
chr1	200539	200540	33	0.4955
chr1	200639	200640	27	0.4812
chr1	200739	200740	32	0.5734
chr1	200839	200840	30	0.5615
chr1	200929	200930	28	0.5301
chr1	201105	201106	31	0.194
chr1	201117	201118	31	0.1594
chr1	201135	201136	25	0.2303
chr1	201409	201410	29	0.2436
chr1	201411	201412	19	0.1556
chr1	201453	201454	36	0.8352
chr1	201497	201498	33	0.8278
chr1	201519	201520	34	0.6982
chr1	201545	201546	25	0.7914
chr1	201595	201596	27	0.9059
chr1	201632	201633	30	0.7991
chr1	201656	201657	20	0.823
chr1	201706	201707	35	1.0
chr1	201734	201735	34	0.8082
chr1	201784	201785	28	0.8757
chr1	201827	201828	22	0.9868
chr1	201874	201875	31	0.8988
chr1	201900	201901	22	0.6595
chr1	201927	201928	36	0.6499
chr1	201934	201935	25	0.9134
chr1	202034	202035	25	0.776
chr1	202116	202117	34	0.6848
chr1	202169	202170	34	0.8123
chr1	202269	202270	32	0.8985
chr1	202369	202370	34	0.8396
chr1	202413	202414	32	0.7733
chr1	202439	202440	29	0.8031
chr1	202444	202445	34	0.4921
chr1	202476	202477	32	0.5745
chr1	202498	202499	34	0.7277
chr1	202548	202549	35	0.6322
chr1	202573	202574	31	0.6732
chr1	202610	202611	33	0.5177
chr1	202630	202631	34	0.3
chr1	202680	202681	34	0.6486
chr1	202706	202707	38	0.6444
chr1	202727	202728	26	0.6494
chr1	202751	202752	30	0.5836
chr1	202776	202777	28	0.674
chr1	202811	202812	23	0.6283
chr1	202848	202849	28	0.6063
chr1	202889	202890	29	0.5323
chr1	202958	202959	35	0.6026
chr1	203015	203016	39	0.4804
chr1	203080	203081	31	0.482
chr1	203165	203166	35	0.5718
chr1	203265	203266	31	0.4475
chr1	203321	203322	40	0.9729
chr1	203409	203410	37	0.9648
chr1	203531	203532	24	0.8258
chr1	203585	203586	31	0.8099
chr1	203657	203658	27	0.9562
chr1	203687	203688	31	0.8944
chr1	203726	203727	40	0.728
chr1	203773	203774	19	0.7537
chr1	203803	203804	26	0.7272
chr1	203818	203819	26	0.7995
chr1	203868	203869	27	0.7947
chr1	203896	203897	33	0.8546
chr1	203915	203916	34	0.8191
chr1	203948	203949	32	0.8034
chr1	203965	203966	33	0.6928
chr1	204015	204016	31	0.6497
chr1	204043	204044	18	0.7671
chr1	204067	204068	26	0.8074
chr1	204117	204118	23	0.7902
chr1	204141	204142	28	0.5656
chr1	204180	204181	27	0.6755
chr1	204224	204225	29	0.8368
chr1	204239	204240	24	0.7441
chr1	204287	204288	23	0.6725
chr1	204297	204298	26	0.727
chr1	204397	204398	24	0.6743
chr1	204497	204498	29	0.956
chr1	204551	204552	35	0.7787
chr1	204651	204652	28	0.6661
chr1	204734	204735	30	0.883
chr1	204792	204793	32	0.9081
chr1	204864	204865	24	1.0
chr1	204888	204889	29	0.6376
chr1	204903	204904	28	0.7993
chr1	204918	204919	26	0.7422
chr1	204968	204969	29	0.8314
chr1	205018	205019	31	0.6587
chr1	205049	205050	28	0.8424
chr1	205079	205080	24	0.7513
chr1	205129	205130	20	0.7475
chr1	205179	205180	30	0.8196
chr1	205212	205213	32	0.81
chr1	205238	205239	20	0.9516
chr1	205265	205266	22	0.6913
chr1	205315	205316	32	0.7211
chr1	205333	205334	35	0.7179
chr1	205371	205372	34	0.5809
chr1	205471	205472	26	0.7481
chr1	205571	205572	30	0.7179
chr1	205634	205635	31	0.8563
chr1	205706	205707	40	0.694
chr1	205806	205807	34	0.687
chr1	205846	205847	36	0.8397
chr1	205858	205859	30	0.0481
chr1	205906	205907	34	0.0858
chr1	205947	205948	27	0.1411
chr1	205997	205998	36	0.1204
chr1	206018	206019	30	0.1418
chr1	206068	206069	27	0.0087
chr1	206103	206104	36	0.1336
chr1	206131	206132	26	0.1092
chr1	206166	206167	36	0.0672
chr1	206181	206182	27	0.1078
chr1	206212	206213	21	0.0986
chr1	206230	206231	35	0.1015
chr1	206265	206266	30	0.093
chr1	206301	206302	30	0.0364
chr1	206329	206330	31	0.2091
chr1	206338	206339	20	0.0
chr1	206397	206398	33	0.2274
chr1	206497	206498	28	0.0331
chr1	206597	206598	40	0.1753
chr1	206667	206668	23	0.07
chr1	206730	206731	32	0.0708
chr1	206738	206739	25	0.163
chr1	206740	206741	29	0.0507
chr1	206770	206771	39	0.7466
chr1	206791	206792	26	0.8604
chr1	206819	206820	32	0.8048
chr1	206839	206840	24	0.7712
chr1	206870	206871	24	0.6533
chr1	206911	206912	32	0.8078
chr1	206953	206954	40	0.9503
chr1	207003	207004	24	0.8853
chr1	207044	207045	29	0.8774
chr1	207068	207069	30	0.8306
chr1	207109	207110	19	0.8357
chr1	207124	207125	29	0.6879
chr1	207143	207144	32	0.7208
chr1	207176	207177	33	0.8426
chr1	207192	207193	32	0.7841
chr1	207242	207243	31	0.737
chr1	207277	207278	24	0.8499
chr1	207347	207348	22	0.7179
chr1	207447	207448	33	0.8861
chr1	207547	207548	31	0.8158
chr1	207647	207648	27	0.8047
chr1	207697	207698	30	0.664
chr1	207723	207724	30	0.8894
chr1	207763	207764	27	0.77
chr1	207772	207773	30	0.4719
chr1	207794	207795	20	0.5495
chr1	207844	207845	33	0.4945
chr1	207859	207860	38	0.2946
chr1	207874	207875	34	0.4178
chr1	207895	207896	40	0.5683
chr1	207922	207923	34	0.2823
chr1	207958	207959	31	0.3943
chr1	207995	207996	28	0.2662
chr1	208026	208027	35	0.462
chr1	208048	208049	35	0.5532
chr1	208085	208086	35	0.3172
chr1	208100	208101	22	0.5167
chr1	208150	208151	26	0.5372
chr1	208174	208175	35	0.5476
chr1	208224	208225	30	0.3198
chr1	208262	208263	31	0.4147
chr1	208281	208282	20	0.505
chr1	208299	208300	31	0.4624
chr1	208332	208333	30	0.4641
chr1	208432	208433	34	0.5795
chr1	208497	208498	24	0.4386
chr1	208590	208591	35	0.554
chr1	208677	208678	30	0.4369
chr1	208727	208728	25	0.4587
chr1	208814	208815	32	0.4545
chr1	208872	208873	30	0.3167
chr1	208886	208887	31	0.8142
chr1	208972	208973	28	0.9465
chr1	208980	208981	42	0.9432
chr1	209032	209033	23	1.0
chr1	209230	209231	32	0.7469
chr1	209254	209255	36	0.6582
chr1	209354	209355	23	0.7778
chr1	209362	209363	23	0.6494
chr1	209380	209381	24	0.5743
chr1	209413	209414	25	0.7088
chr1	209449	209450	38	0.6137
chr1	209471	209472	34	0.5453
chr1	209505	209506	27	0.4637
chr1	209555	209556	30	0.5803
chr1	209576	209577	38	0.6332
chr1	209601	209602	39	0.6569
chr1	209616	209617	28	0.5307
chr1	209666	209667	29	0.6341
chr1	209706	209707	38	0.6828
chr1	209731	209732	37	0.7086
chr1	209756	209757	29	0.8113
chr1	209806	209807	33	0.5188
chr1	209844	209845	28	0.8473
chr1	209856	209857	35	0.7746
chr1	209935	209936	26	0.7087
chr1	210035	210036	31	0.5542
chr1	210085	210086	23	0.6482
chr1	210135	210136	27	0.6207
chr1	210193	210194	21	0.7331
chr1	210293	210294	28	0.6669
chr1	210325	210326	27	0.7188
chr1	210363	210364	26	0.8424
chr1	210395	210396	30	0.8097
chr1	210424	210425	26	0.9293
chr1	210456	210457	32	0.8772
chr1	210483	210484	24	0.7122
chr1	210501	210502	37	0.9724
chr1	210517	210518	30	0.7792
chr1	210536	210537	22	0.7965
chr1	210551	210552	21	0.8073
chr1	210587	210588	24	0.8429
chr1	210602	210603	33	0.7692
chr1	210617	210618	27	0.7813
chr1	210632	210633	23	0.816
chr1	210682	210683	35	0.8872
chr1	210727	210728	27	0.8793
chr1	210756	210757	29	0.7567
chr1	210780	210781	25	0.7956
chr1	210809	210810	34	0.8398
chr1	210821	210822	28	0.868
chr1	210921	210922	23	0.7486
chr1	210977	210978	31	0.6828
chr1	211059	211060	21	1.0
chr1	211131	211132	35	0.9622
chr1	211231	211232	29	0.6553
chr1	211291	211292	24	0.9518
chr1	211323	211324	25	0.8711
chr1	211359	211360	28	0.7734
chr1	211405	211406	25	0.7784
chr1	211428	211429	39	0.6942
chr1	211459	211460	38	0.6893
chr1	211509	211510	27	0.7444
chr1	211526	211527	33	0.7814
chr1	211545	211546	25	0.8105
chr1	211576	211577	20	0.7851
chr1	211626	211627	20	0.8303
chr1	211662	211663	24	0.8357
chr1	211687	211688	35	0.6309
chr1	211737	211738	37	0.8365
chr1	211766	211767	37	0.9289
chr1	211783	211784	29	0.7697
chr1	211822	211823	28	0.7414
chr1	211826	211827	24	0.7845
chr1	211920	211921	30	0.8969
chr1	212020	212021	36	0.7744
chr1	212071	212072	33	0.7645
chr1	212146	212147	34	0.7359
chr1	212236	212237	26	0.7877
chr1	212296	212297	24	0.748
chr1	212302	212303	35	0.7044
chr1	212335	212336	27	0.8097
chr1	212364	212365	27	1.0
chr1	212399	212400	24	0.778
chr1	212431	212432	32	0.9514
chr1	212454	212455	30	0.958
chr1	212481	212482	31	0.9104
chr1	212527	212528	25	0.9569
chr1	212548	212549	34	0.7944
chr1	212576	212577	25	0.7581
chr1	212612	212613	33	0.9873
chr1	212653	212654	26	0.8524
chr1	212691	212692	26	0.6809
chr1	212721	212722	32	0.8646
chr1	212771	212772	28	0.8821
chr1	212776	212777	26	0.9849
chr1	212830	212831	31	0.9715
chr1	212913	212914	25	0.6646
chr1	213013	213014	19	0.8099
chr1	213113	213114	32	0.9642
chr1	213213	213214	33	0.8701
chr1	213299	213300	35	0.9635
chr1	213318	213319	38	0.8205
chr1	213346	213347	27	0.7458
chr1	213396	213397	30	0.8561
chr1	213442	213443	25	0.6754
chr1	213479	213480	31	0.778
chr1	213501	213502	29	0.769
chr1	213548	213549	34	0.6436
chr1	213590	213591	33	0.7494
chr1	213608	213609	34	0.8179
chr1	213626	213627	29	0.7526
chr1	213668	213669	29	0.7516
chr1	213691	213692	23	0.8673
chr1	213706	213707	41	0.6555
chr1	213738	213739	29	0.5969
chr1	213788	213789	29	0.7365
chr1	213800	213801	26	0.7188
chr1	213900	213901	37	0.6394
chr1	214000	214001	27	0.7007
chr1	214056	214057	22	0.8264
chr1	214112	214113	32	0.6803
chr1	214184	214185	24	0.7363
chr1	214248	214249	40	0.6831
chr1	214324	214325	29	0.8964
chr1	214332	214333	29	0.556
chr1	214375	214376	28	0.7382
chr1	214393	214394	26	0.5333
chr1	214437	214438	21	0.5752
chr1	214456	214457	28	0.6985
chr1	214506	214507	24	0.6184
chr1	214540	214541	28	0.5008
chr1	214590	214591	29	0.4022
chr1	214620	214621	33	0.4273
chr1	214650	214651	26	0.2013
chr1	214673	214674	28	0.5378
chr1	214708	214709	26	0.4943
chr1	214755	214756	30	0.474
chr1	214781	214782	22	0.5249
chr1	214881	214882	24	0.469
chr1	214981	214982	27	0.6206
chr1	215081	215082	31	0.6826
chr1	215131	215132	21	0.716
chr1	215293	215294	29	0.6301
chr1	215297	215298	27	0.6168
chr1	215379	215380	17	0.4656
chr1	215411	215412	30	0.7819
chr1	215413	215414	21	0.6732
chr1	215463	215464	30	0.8141
chr1	215501	215502	32	0.5621
chr1	215533	215534	27	0.6097
chr1	215581	215582	33	0.8158
chr1	215590	215591	25	0.6481
chr1	215625	215626	20	0.7549
chr1	215662	215663	31	0.6125
chr1	215702	215703	21	0.537
chr1	215743	215744	28	0.6273
chr1	215766	215767	25	0.8408
chr1	215801	215802	27	0.7777
chr1	215821	215822	36	0.7724
chr1	215836	215837	33	0.6845
chr1	215886	215887	27	0.5504
chr1	215936	215937	32	0.728
chr1	215959	215960	33	0.7722
chr1	216005	216006	27	0.6696
chr1	216055	216056	32	0.7134
chr1	216068	216069	27	0.7197
chr1	216168	216169	20	0.456
chr1	216268	216269	31	0.7267
chr1	216368	216369	34	0.5996
chr1	216468	216469	33	0.7132
chr1	216624	216625	33	0.3612
chr1	216684	216685	26	0.4217
chr1	216744	216745	30	0.402
chr1	216892	216893	27	0.3305
chr1	216894	216895	23	0.4824
chr1	216919	216920	37	0.7358
chr1	216936	216937	37	0.622
chr1	216986	216987	22	0.8633
chr1	217003	217004	27	0.8184
chr1	217018	217019	34	0.796
chr1	217046	217047	32	0.7154
chr1	217081	217082	30	0.635
chr1	217131	217132	29	0.7079
chr1	217172	217173	25	0.8588
chr1	217199	217200	27	0.7608
chr1	217230	217231	30	0.7831
chr1	217255	217256	32	0.7529
chr1	217283	217284	22	0.876
chr1	217316	217317	22	0.7916
chr1	217331	217332	27	0.75
chr1	217362	217363	26	0.7254
chr1	217462	217463	17	0.6987
chr1	217562	217563	24	0.8267
chr1	217662	217663	28	0.9199
chr1	217762	217763	34	0.7605
chr1	217826	217827	25	0.9132
chr1	217862	217863	27	0.8767
chr1	217883	217884	28	0.8541
chr1	217907	217908	30	1.0
chr1	217957	217958	36	0.857
chr1	217984	217985	34	0.7297
chr1	218016	218017	35	0.9376
chr1	218035	218036	31	0.715
chr1	218058	218059	26	0.662
chr1	218073	218074	30	0.7358
chr1	218090	218091	27	0.8205
chr1	218123	218124	27	0.7203
chr1	218149	218150	24	0.9111
chr1	218174	218175	34	0.8548
chr1	218204	218205	32	0.8603
chr1	218225	218226	25	0.859
chr1	218240	218241	21	0.8652
chr1	218263	218264	37	0.92
chr1	218297	218298	33	0.8023
chr1	218312	218313	25	0.618
chr1	218334	218335	32	0.9457
chr1	218349	218350	36	0.7908
chr1	218359	218360	26	0.8588
chr1	218409	218410	46	0.7773
chr1	218459	218460	25	0.8481
chr1	218509	218510	34	0.847
chr1	218609	218610	23	0.8
chr1	218709	218710	29	0.7567
chr1	218809	218810	27	0.6996
chr1	218875	218876	28	0.8527
chr1	218883	218884	26	0.5197
chr1	218920	218921	32	0.6073
chr1	218948	218949	27	0.6918
chr1	218986	218987	33	0.5126
chr1	219002	219003	27	0.3328
chr1	219038	219039	34	0.4674
chr1	219055	219056	28	0.6956
chr1	219084	219085	28	0.6018
chr1	219105	219106	30	0.5841
chr1	219155	219156	28	0.5626
chr1	219192	219193	33	0.5743
chr1	219211	219212	33	0.5906
chr1	219226	219227	24	0.4924
chr1	219251	219252	28	0.4964
chr1	219301	219302	39	0.5155
chr1	219316	219317	28	0.6154
chr1	219336	219337	30	0.6038
chr1	219351	219352	28	0.4453
chr1	219364	219365	25	0.66
chr1	219464	219465	33	0.6943
chr1	219564	219565	34	0.5422
chr1	219614	219615	24	0.7287
chr1	219714	219715	21	0.744
chr1	219764	219765	28	0.484
chr1	219812	219813	30	0.0889
chr1	219886	219887	30	0.1873
chr1	219960	219961	38	0.2916
chr1	220064	220065	22	0.3443
chr1	220094	220095	32	0.3736
chr1	220148	220149	33	0.3073
chr1	220166	220167	40	0.2738
chr1	220170	220171	24	0.3331
chr1	220184	220185	27	0.3027
chr1	220216	220217	32	0.1692
chr1	220237	220238	26	0.8278
chr1	220259	220260	20	0.7988
chr1	220302	220303	29	0.6715
chr1	220317	220318	30	0.79
chr1	220339	220340	24	0.9012
chr1	220389	220390	32	0.8314
chr1	220424	220425	21	0.949
chr1	220454	220455	34	0.803
chr1	220478	220479	28	0.6903
chr1	220511	220512	25	0.7987
chr1	220540	220541	27	0.8603
chr1	220590	220591	27	0.9658
chr1	220626	220627	28	0.6976
chr1	220659	220660	38	0.8672
chr1	220709	220710	29	0.7335
chr1	220749	220750	34	0.8979
chr1	220780	220781	28	0.7254
chr1	220804	220805	32	0.7804
chr1	220819	220820	37	0.8131
chr1	220854	220855	32	0.7872
chr1	220954	220955	38	0.9313
chr1	221043	221044	33	0.6294
chr1	221116	221117	34	0.761
chr1	221216	221217	29	0.8601
chr1	221316	221317	36	0.8147
chr1	221366	221367	37	0.8564
chr1	221416	221417	22	0.7434
chr1	221430	221431	23	0.8239
chr1	221432	221433	32	0.8422
chr1	221465	221466	27	0.8823
chr1	221482	221483	35	0.8051
chr1	221532	221533	36	0.8002
chr1	221547	221548	26	0.7073
chr1	221580	221581	26	0.8338
chr1	221610	221611	29	0.7354
chr1	221635	221636	25	0.838
chr1	221661	221662	38	0.8609
chr1	221707	221708	30	0.7959
chr1	221757	221758	27	0.8229
chr1	221783	221784	43	0.607
chr1	221798	221799	29	0.6972
chr1	221817	221818	34	0.9222
chr1	221840	221841	33	0.7214
chr1	221860	221861	33	0.5507
chr1	221901	221902	37	0.7067
chr1	221924	221925	36	0.8356
chr1	221938	221939	33	0.7439
chr1	222038	222039	29	0.7027
chr1	222119	222120	30	0.6841
chr1	222203	222204	29	0.8698
chr1	222303	222304	31	0.7703
chr1	222379	222380	24	0.7087
chr1	222401	222402	25	0.9052
chr1	222422	222423	27	0.8981
chr1	222437	222438	21	0.7926
chr1	222467	222468	27	0.576
chr1	222510	222511	30	0.6906
chr1	222529	222530	27	0.7182
chr1	222579	222580	36	0.6484
chr1	222596	222597	31	0.6499
chr1	222642	222643	34	0.6204
chr1	222665	222666	32	0.9324
chr1	222706	222707	31	0.7848
chr1	222733	222734	39	0.5717
chr1	222783	222784	25	0.6893
chr1	222801	222802	23	0.7108
chr1	222825	222826	30	0.6877
chr1	222847	222848	26	0.8161
chr1	222862	222863	27	0.791
chr1	222886	222887	29	0.8145
chr1	222907	222908	27	0.8454
chr1	223007	223008	30	0.8845
chr1	223107	223108	32	0.6785
chr1	223207	223208	30	0.7057
chr1	223307	223308	21	1.0
chr1	223315	223316	28	0.7421
chr1	223401	223402	35	0.7232
chr1	223422	223423	37	0.1609
chr1	223452	223453	29	0.1513
chr1	223500	223501	28	0.2042
chr1	223538	223539	33	0.2261
chr1	223562	223563	33	0.1981
chr1	223596	223597	32	0.0989
chr1	223612	223613	32	0.2423
chr1	223650	223651	31	0.2163
chr1	223670	223671	27	0.1444
chr1	223689	223690	32	0.0071
chr1	223721	223722	30	0.1789
chr1	223739	223740	27	0.0775
chr1	223760	223761	28	0.1626
chr1	223776	223777	24	0.1316
chr1	223800	223801	34	0.2635
chr1	223837	223838	25	0.1423
chr1	223861	223862	26	0.0418
chr1	223961	223962	40	0.3092
chr1	224061	224062	33	0.2745
chr1	224161	224162	30	0.2349
chr1	224261	224262	27	0.2632
chr1	224273	224274	29	0.0236
chr1	224287	224288	24	0.6979
chr1	224337	224338	36	0.844
chr1	224370	224371	31	0.9058
chr1	224397	224398	37	0.8522
chr1	224422	224423	31	0.7667
chr1	224450	224451	27	0.8483
chr1	224468	224469	31	0.8506
chr1	224487	224488	33	0.8674
chr1	224537	224538	27	0.9713
chr1	224566	224567	28	0.8705
chr1	224584	224585	28	0.8087
chr1	224634	224635	31	0.8483
chr1	224669	224670	35	0.8451
chr1	224700	224701	35	0.633
chr1	224750	224751	28	0.8752
chr1	224765	224766	24	0.7797
chr1	224865	224866	31	0.7951
chr1	224939	224940	22	0.8983
chr1	225039	225040	28	0.7545
chr1	225139	225140	32	0.6213
chr1	225195	225196	27	0.7691
chr1	225247	225248	35	0.8987
chr1	225277	225278	38	0.8439
chr1	225316	225317	25	0.5446
chr1	225363	225364	33	0.5112
chr1	225399	225400	26	0.5721
chr1	225417	225418	29	0.1833
chr1	225434	225435	28	0.2678
chr1	225453	225454	37	0.5486
chr1	225469	225470	23	0.4011
chr1	225514	225515	23	0.5162
chr1	225529	225530	25	0.3461
chr1	225551	225552	26	0.6618
chr1	225578	225579	26	0.4098
chr1	225603	225604	30	0.5495
chr1	225646	225647	31	0.3393
chr1	225696	225697	28	0.3656
chr1	225722	225723	25	0.3965
chr1	225744	225745	28	0.4691
chr1	225777	225778	33	0.2738
chr1	225796	225797	27	0.3946
chr1	225846	225847	32	0.2999
chr1	225946	225947	27	0.6494
chr1	226012	226013	25	0.6141
chr1	226112	226113	31	0.4092
chr1	226193	226194	30	0.1419
chr1	226341	226342	23	0.3082
chr1	226365	226366	23	0.1971
chr1	226411	226412	27	0.757
chr1	226426	226427	31	0.8415
chr1	226462	226463	27	0.6689
chr1	226512	226513	24	0.6986
chr1	226556	226557	31	0.8058
chr1	226585	226586	27	0.5953
chr1	226601	226602	31	0.6921
chr1	226650	226651	35	0.9535
chr1	226700	226701	36	0.7109
chr1	226715	226716	28	0.6734
chr1	226730	226731	28	0.7336
chr1	226754	226755	31	0.679
chr1	226778	226779	33	0.873
chr1	226807	226808	30	0.7219
chr1	226830	226831	26	0.7513
chr1	226930	226931	24	0.7075
chr1	227030	227031	32	0.7435
chr1	227115	227116	28	0.7641
chr1	227215	227216	28	0.6766
chr1	227273	227274	33	0.9603
chr1	227297	227298	25	0.9877
chr1	227320	227321	32	0.8952
chr1	227362	227363	27	0.8221
chr1	227412	227413	31	0.8099
chr1	227427	227428	37	0.9123
chr1	227471	227472	33	0.8332
chr1	227521	227522	26	0.773
chr1	227561	227562	30	0.7791
chr1	227576	227577	33	0.7594
chr1	227596	227597	24	0.7104
chr1	227614	227615	30	0.7624
chr1	227664	227665	20	0.719
chr1	227714	227715	27	0.9001
chr1	227736	227737	29	0.7705
chr1	227763	227764	34	0.7532
chr1	227801	227802	21	0.693
chr1	227819	227820	31	0.7526
chr1	227885	227886	41	0.7905
chr1	227985	227986	29	0.817
chr1	228160	228161	23	0.7786
chr1	228242	228243	20	0.8877
chr1	228306	228307	37	0.9231
chr1	228314	228315	34	0.7006
chr1	228348	228349	31	0.6539
chr1	228378	228379	24	0.5463
chr1	228402	228403	26	0.6217
chr1	228452	228453	16	0.6879
chr1	228477	228478	27	0.6658
chr1	228524	228525	36	0.7474
chr1	228539	228540	25	0.7709
chr1	228582	228583	37	0.6184
chr1	228625	228626	24	0.6915
chr1	228675	228676	29	0.5401
chr1	228707	228708	26	0.7256
chr1	228744	228745	35	0.6455
chr1	228794	228795	28	0.6549
chr1	228844	228845	40	0.5653
chr1	228944	228945	31	0.5932
chr1	228994	228995	24	0.7093
chr1	229044	229045	34	0.5051
chr1	229094	229095	28	0.5687
chr1	229144	229145	37	0.6592
chr1	229150	229151	33	0.9339
chr1	229170	229171	29	0.9611
chr1	229334	229335	28	0.9359
chr1	229396	229397	32	0.9885
chr1	229516	229517	33	0.7955
chr1	229530	229531	36	0.9087
chr1	229540	229541	19	0.8864
chr1	229577	229578	25	0.7052
chr1	229619	229620	27	0.6998
chr1	229644	229645	36	0.8818
chr1	229672	229673	37	0.8056
chr1	229712	229713	31	0.729
chr1	229737	229738	23	0.7499
chr1	229787	229788	31	0.7405
chr1	229813	229814	23	1.0
chr1	229863	229864	29	0.6776
chr1	229889	229890	35	0.6442
chr1	229916	229917	30	0.6699
chr1	229966	229967	35	0.8844
chr1	229992	229993	31	0.8237
chr1	230017	230018	33	0.9017
chr1	230034	230035	20	0.6755
chr1	230058	230059	30	0.8057
chr1	230158	230159	32	0.6786
chr1	230257	230258	37	0.7544
chr1	230357	230358	36	0.6559
chr1	230426	230427	26	1.0
chr1	230476	230477	28	0.856
chr1	230575	230576	22	0.7809
chr1	230581	230582	32	0.4539
chr1	230615	230616	32	0.5097
chr1	230661	230662	28	0.6287
chr1	230727	230728	33	0.5028
chr1	230851	230852	31	0.5151
chr1	230901	230902	29	0.6045
chr1	230919	230920	30	0.5157
chr1	230925	230926	30	0.2921
chr1	230963	230964	24	0.3848
chr1	230991	230992	26	0.4947
chr1	231009	231010	32	0.2948
chr1	231059	231060	19	0.3696
chr1	231075	231076	30	0.2257
chr1	231107	231108	33	0.2137
chr1	231137	231138	29	0.2707
chr1	231187	231188	30	0.2978
chr1	231223	231224	29	0.3885
chr1	231273	231274	32	0.1467
chr1	231298	231299	25	0.4125
chr1	231329	231330	35	0.2878
chr1	231368	231369	27	0.1328
chr1	231393	231394	27	0.35
chr1	231435	231436	26	0.2786
chr1	231535	231536	27	0.2446
chr1	231635	231636	28	0.279
chr1	231727	231728	35	0.3145
chr1	231808	231809	31	0.276
chr1	231865	231866	32	0.3713
chr1	232073	232074	22	0.0417
chr1	232139	232140	32	0.0623
chr1	232153	232154	29	0.0555
chr1	232313	232314	20	0.092
chr1	232361	232362	29	0.2725
chr1	232369	232370	31	0.3011
chr1	232402	232403	36	0.3601
chr1	232417	232418	41	0.4519
chr1	232432	232433	37	0.5603
chr1	232482	232483	27	0.5771
chr1	232503	232504	36	0.513
chr1	232544	232545	20	0.2355
chr1	232594	232595	33	0.4279
chr1	232616	232617	37	0.4924
chr1	232666	232667	30	0.4917
chr1	232690	232691	29	0.5559
chr1	232710	232711	36	0.5886
chr1	232736	232737	42	0.4826
chr1	232786	232787	27	0.5638
chr1	232826	232827	23	0.5776
chr1	232839	232840	30	0.5519
chr1	232939	232940	30	0.5253
chr1	233035	233036	35	0.4669
chr1	233135	233136	21	0.4916
chr1	233235	233236	25	0.5444
chr1	233237	233238	32	0.3515
chr1	233283	233284	33	0.2004
chr1	233405	233406	36	0.4901
chr1	233505	233506	31	0.0551
chr1	233523	233524	28	0.274
chr1	233525	233526	31	0.3586
chr1	233607	233608	37	0.3655
chr1	233647	233648	32	0.0453
chr1	233677	233678	27	0.2165
chr1	233720	233721	35	0.7211
chr1	233770	233771	19	0.8484
chr1	233790	233791	31	0.8707
chr1	233809	233810	27	0.8292
chr1	233857	233858	32	0.7939
chr1	233887	233888	32	0.8936
chr1	233902	233903	22	0.8753
chr1	233939	233940	34	0.6975
chr1	233967	233968	35	0.6579
chr1	233997	233998	28	0.5654
chr1	234047	234048	32	0.8142
chr1	234076	234077	26	0.9017
chr1	234102	234103	31	0.6916
chr1	234136	234137	29	0.7939
chr1	234161	234162	29	0.8387
chr1	234261	234262	28	0.7153
chr1	234361	234362	35	0.7057
chr1	234416	234417	30	0.7664
chr1	234473	234474	34	0.7648
chr1	234573	234574	28	0.83
chr1	234633	234634	25	0.896
chr1	234673	234674	31	0.9209
chr1	234705	234706	32	0.9651
chr1	234736	234737	26	0.9615
chr1	234751	234752	31	0.9676
chr1	234794	234795	31	0.9649
chr1	234809	234810	32	0.8637
chr1	234833	234834	27	1.0
chr1	234869	234870	22	0.8596
chr1	234912	234913	25	0.9122
chr1	234940	234941	31	0.9065
chr1	234982	234983	35	0.9039
chr1	235013	235014	32	0.778
chr1	235049	235050	29	0.7857
chr1	235065	235066	28	0.8064
chr1	235081	235082	30	0.9887
chr1	235113	235114	36	0.9351
chr1	235144	235145	31	0.9642
chr1	235159	235160	25	0.872
chr1	235186	235187	28	0.9396
chr1	235223	235224	34	0.9178
chr1	235244	235245	28	0.8572
chr1	235294	235295	32	0.921
chr1	235359	235360	30	0.9354
chr1	235459	235460	28	0.9835
chr1	235509	235510	24	0.8486
chr1	235609	235610	35	0.9166
chr1	235709	235710	30	0.8861
chr1	235776	235777	27	0.8096
chr1	235854	235855	30	0.9494
chr1	235866	235867	25	0.7165
chr1	235887	235888	31	0.7096
chr1	235905	235906	31	0.614
chr1	235926	235927	35	0.8998
chr1	235947	235948	35	0.811
chr1	235981	235982	31	0.8641
chr1	236024	236025	30	0.8844
chr1	236045	236046	33	0.8734
chr1	236080	236081	32	0.8429
chr1	236118	236119	37	0.745
chr1	236151	236152	31	0.7427
chr1	236175	236176	32	0.9865
chr1	236192	236193	21	0.9289
chr1	236213	236214	23	0.9271
chr1	236228	236229	24	0.7482
chr1	236267	236268	24	0.6741
chr1	236301	236302	36	0.752
chr1	236339	236340	34	0.6774
chr1	236389	236390	29	0.7637
chr1	236406	236407	30	1.0
chr1	236426	236427	38	0.5864
chr1	236526	236527	29	0.8651
chr1	236594	236595	28	0.8671
chr1	236644	236645	23	0.6353
chr1	236744	236745	31	0.7693
chr1	236844	236845	32	0.8408
chr1	236916	236917	25	0.7933
chr1	236966	236967	30	0.7068
chr1	236974	236975	24	0.6128
chr1	237036	237037	25	0.9173
chr1	237071	237072	32	0.7259
chr1	237099	237100	21	0.6949
chr1	237149	237150	26	0.8494
chr1	237175	237176	26	0.9119
chr1	237210	237211	28	0.9082
chr1	237231	237232	34	0.7587
chr1	237273	237274	32	0.926
chr1	237301	237302	31	0.7817
chr1	237329	237330	23	0.8455
chr1	237376	237377	33	0.724
chr1	237394	237395	25	0.9108
chr1	237424	237425	31	0.6515
chr1	237462	237463	36	0.8222
chr1	237512	237513	29	0.8491
chr1	237612	237613	39	0.6759
chr1	237680	237681	26	0.8903
chr1	237780	237781	29	0.8102
chr1	237796	237797	28	0.7796
chr1	237836	237837	27	0.298
chr1	237859	237860	31	0.8776
chr1	237905	237906	36	0.8393
chr1	237939	237940	29	0.054
chr1	237976	237977	27	0.7014
chr1	238023	238024	31	0.961
chr1	238047	238048	26	0.8303
chr1	238073	238074	25	0.5179
chr1	238123	238124	32	0.6447
chr1	238162	238163	31	0.6063
chr1	238182	238183	36	0.2483
chr1	238232	238233	22	0.3554
chr1	238282	238283	26	0.2423
chr1	238298	238299	34	0.2861
chr1	238314	238315	35	0.057
chr1	238329	238330	35	0.724
chr1	238358	238359	26	0.7582
chr1	238427	238428	32	0.3006
chr1	238497	238498	29	0.265
chr1	238597	238598	25	0.986
chr1	238677	238678	35	1.0
chr1	238777	238778	30	0.4495
chr1	238877	238878	35	0.235
chr1	238955	238956	22	0.5409
chr1	238988	238989	35	0.7793
chr1	239038	239039	33	0.6511
chr1	239053	239054	38	0.763
chr1	239081	239082	23	0.7272
chr1	239131	239132	30	0.925
chr1	239146	239147	34	0.8726
chr1	239167	239168	35	0.6097
chr1	239201	239202	32	0.7151
chr1	239216	239217	35	0.6191
chr1	239231	239232	34	0.6755
chr1	239252	239253	29	0.8518
chr1	239291	239292	38	0.6653
chr1	239323	239324	31	0.5952
chr1	239361	239362	18	0.8671
chr1	239406	239407	27	0.7079
chr1	239426	239427	28	0.7024
chr1	239454	239455	24	0.7207
chr1	239482	239483	29	0.5392
chr1	239582	239583	37	0.725
chr1	239655	239656	31	0.6256
chr1	239750	239751	31	0.7465
chr1	239850	239851	27	0.8157
chr1	239950	239951	32	0.466
chr1	240034	240035	25	0.9306
chr1	240036	240037	30	0.7192
chr1	240056	240057	32	0.7177
chr1	240104	240105	32	0.9012
chr1	240139	240140	28	0.7787
chr1	240171	240172	30	0.7317
chr1	240221	240222	37	0.667
chr1	240249	240250	32	0.778
chr1	240277	240278	30	0.8056
chr1	240308	240309	25	0.8284
chr1	240330	240331	25	0.817
chr1	240345	240346	33	0.8422
chr1	240385	240386	32	0.8246
chr1	240422	240423	29	0.7965
chr1	240462	240463	36	0.6674
chr1	240512	240513	31	0.7927
chr1	240527	240528	29	0.8628
chr1	240548	240549	23	0.7557
chr1	240557	240558	19	0.9361
chr1	240631	240632	27	0.7393
chr1	240699	240700	32	0.8734
chr1	240799	240800	30	0.7968
chr1	240891	240892	33	0.8149
chr1	240987	240988	17	0.8329
chr1	241037	241038	37	0.9049
chr1	241059	241060	27	0.9395
chr1	241071	241072	29	0.5314
chr1	241110	241111	28	0.6374
chr1	241134	241135	25	0.8585
chr1	241184	241185	37	0.749
chr1	241203	241204	30	0.7441
chr1	241222	241223	31	0.8533
chr1	241272	241273	33	0.7778
chr1	241294	241295	27	0.6665
chr1	241326	241327	31	0.6937
chr1	241344	241345	21	0.62
chr1	241394	241395	20	0.6049
chr1	241422	241423	21	0.6279
chr1	241453	241454	31	0.7873
chr1	241553	241554	21	0.7789
chr1	241653	241654	27	0.8138
chr1	241748	241749	25	0.7237
chr1	241806	241807	24	0.796
chr1	241900	241901	36	0.7799
chr1	241906	241907	35	0.8126
chr1	241944	241945	25	0.0837
chr1	241963	241964	23	0.2696
chr1	241996	241997	24	0.1498
chr1	242023	242024	42	0.0529
chr1	242044	242045	24	0.0
chr1	242059	242060	27	0.0926
chr1	242077	242078	20	0.0832
chr1	242092	242093	34	0.0632
chr1	242123	242124	27	0.0485
chr1	242150	242151	37	0.11
chr1	242198	242199	27	0.0544
chr1	242237	242238	26	0.0
chr1	242287	242288	33	0.0945
chr1	242327	242328	29	0.0751
chr1	242361	242362	36	0.1159
chr1	242386	242387	36	0.1923
chr1	242486	242487	30	0.1404
chr1	242558	242559	36	0.1334
chr1	242658	242659	33	0.1315
chr1	242758	242759	35	0.2218
chr1	242850	242851	37	0.0
chr1	242874	242875	28	0.9493
chr1	242898	242899	30	0.8653
chr1	242948	242949	32	0.9475
chr1	242994	242995	39	0.5963
chr1	243016	243017	33	0.776
chr1	243043	243044	30	0.9504
chr1	243072	243073	33	0.9614
chr1	243087	243088	29	0.7723
chr1	243130	243131	26	0.8581
chr1	243180	243181	27	0.6837
chr1	243195	243196	29	0.6847
chr1	243242	243243	36	0.775
chr1	243264	243265	36	0.7183
chr1	243299	243300	31	0.8932
chr1	243341	243342	33	0.9974
chr1	243414	243415	39	0.76
chr1	243485	243486	33	0.8343
chr1	243535	243536	29	0.8571
chr1	243585	243586	25	0.825
chr1	243685	243686	37	0.9571
chr1	243735	243736	28	0.8615
chr1	243786	243787	26	0.7592
chr1	243858	243859	20	1.0
chr1	243868	243869	29	0.5212
chr1	243901	243902	25	0.4793
chr1	243932	243933	34	0.5446
chr1	243982	243983	30	0.6963
chr1	244000	244001	21	0.7136
chr1	244021	244022	40	0.4721
chr1	244040	244041	31	0.4915
chr1	244068	244069	31	0.4232
chr1	244086	244087	26	0.681
chr1	244101	244102	28	0.6263
chr1	244118	244119	38	0.6208
chr1	244133	244134	22	0.6644
chr1	244177	244178	29	0.6731
chr1	244192	244193	35	0.7282
chr1	244213	244214	25	0.7373
chr1	244263	244264	29	0.6932
chr1	244311	244312	29	0.5595
chr1	244333	244334	28	0.557
chr1	244348	244349	33	0.5568
chr1	244398	244399	36	0.6705
chr1	244415	244416	18	0.5902
chr1	244515	244516	21	0.7267
chr1	244615	244616	22	0.6406
chr1	244702	244703	33	0.7437
chr1	244802	244803	36	0.4731
chr1	244902	244903	27	0.7337
chr1	244918	244919	30	0.8391
chr1	244994	244995	34	0.8073
chr1	245006	245007	33	0.7318
chr1	245098	245099	32	0.9269
chr1	245112	245113	25	0.9843
chr1	245160	245161	27	0.7939
chr1	245182	245183	27	0.9756
chr1	245196	245197	24	0.7731
chr1	245214	245215	31	0.8928
chr1	245262	245263	31	0.9418
chr1	245312	245313	26	0.5601
chr1	245327	245328	21	0.7986
chr1	245377	245378	35	0.6481
chr1	245427	245428	26	0.7315
chr1	245457	245458	26	0.7364
chr1	245497	245498	27	0.7275
chr1	245524	245525	29	0.951
chr1	245574	245575	22	0.6967
chr1	245591	245592	34	0.8248
chr1	245614	245615	31	0.7201
chr1	245657	245658	25	0.8794
chr1	245690	245691	29	0.7204
chr1	245740	245741	34	0.7141
chr1	245755	245756	25	0.7742
chr1	245782	245783	38	0.7859
chr1	245811	245812	27	0.7623
chr1	245812	245813	22	0.7112
chr1	245894	245895	32	0.8783
chr1	245994	245995	34	0.8392
chr1	246044	246045	29	0.8336
chr1	246144	246145	25	0.9068
chr1	246244	246245	27	0.8498
chr1	246344	246345	38	0.8551
chr1	246364	246365	27	0.8316
chr1	246424	246425	29	0.8252
chr1	246459	246460	35	0.057
chr1	246480	246481	32	0.698
chr1	246514	246515	26	0.0291
chr1	246564	246565	33	0.7147
chr1	246589	246590	29	0.3271
chr1	246624	246625	27	0.6878
chr1	246640	246641	28	0.0
chr1	246667	246668	31	0.3962
chr1	246688	246689	32	0.1989
chr1	246738	246739	23	0.027
chr1	246760	246761	30	0.0968
chr1	246781	246782	35	0.649
chr1	246814	246815	34	0.4744
chr1	246837	246838	29	0.917
chr1	246859	246860	25	0.7983
chr1	246909	246910	36	0.2179
chr1	246937	246938	18	0.3909
chr1	246967	246968	22	0.5777
chr1	247067	247068	28	0.632
chr1	247167	247168	21	0.5117
chr1	247262	247263	29	0.1357
chr1	247362	247363	30	0.3526
chr1	247462	247463	20	0.7349
chr1	247506	247507	28	1.0
chr1	247510	247511	33	0.302
chr1	247522	247523	35	0.9026
chr1	247544	247545	24	0.8658
chr1	247594	247595	31	0.9306
chr1	247631	247632	36	0.9777
chr1	247653	247654	32	0.8262
chr1	247687	247688	35	0.9727
chr1	247707	247708	27	0.7689
chr1	247747	247748	21	0.8511
chr1	247766	247767	31	0.9012
chr1	247781	247782	23	0.7292
chr1	247806	247807	23	0.7942
chr1	247856	247857	32	0.8187
chr1	247875	247876	36	0.8199
chr1	247906	247907	27	0.6795
chr1	247953	247954	22	0.7146
chr1	247975	247976	20	0.7848
chr1	248075	248076	34	0.8819
chr1	248175	248176	34	0.7685
chr1	248271	248272	26	0.8326
chr1	248371	248372	31	0.8996
chr1	248373	248374	30	0.908
chr1	248378	248379	32	0.4836
chr1	248395	248396	27	0.5831
chr1	248421	248422	38	0.503
chr1	248447	248448	34	0.4917
chr1	248475	248476	30	0.5221
chr1	248509	248510	37	0.5183
chr1	248556	248557	27	0.4809
chr1	248582	248583	35	0.6396
chr1	248604	248605	27	0.5521
chr1	248638	248639	28	0.6699
chr1	248680	248681	37	0.6633
chr1	248730	248731	37	0.5466
chr1	248751	248752	33	0.6136
chr1	248797	248798	28	0.3594
chr1	248817	248818	27	0.385
chr1	248845	248846	27	0.5101
chr1	248871	248872	14	0.3424
chr1	248922	248923	32	0.5341
chr1	249022	249023	37	0.7059
chr1	249122	249123	29	0.5145
chr1	249222	249223	39	0.689
chr1	249322	249323	34	0.5673
chr1	249368	249369	41	0.914
chr1	249520	249521	33	0.9286
chr1	249574	249575	29	0.8242
chr1	249638	249639	22	0.8236
chr1	249704	249705	36	0.9117
chr1	249798	249799	36	0.6393
chr1	249805	249806	34	0.3067
chr1	249848	249849	25	0.2943
chr1	249898	249899	23	0.4869
chr1	249938	249939	29	0.2158
chr1	249985	249986	27	0.3733
chr1	250035	250036	39	0.2845
chr1	250055	250056	26	0.321
chr1	250105	250106	33	0.3161
chr1	250155	250156	34	0.3923
chr1	250205	250206	36	0.3276
chr1	250232	250233	27	0.3083
chr1	250282	250283	29	0.3736
chr1	250298	250299	31	0.3203
chr1	250325	250326	26	0.187
chr1	250425	250426	29	0.2844
chr1	250525	250526	26	0.2726
chr1	250575	250576	31	0.2307
chr1	250675	250676	26	0.3347
chr1	250775	250776	43	0.2049
chr1	250787	250788	19	0.1246
chr1	250807	250808	24	0.0441
chr1	251045	251046	34	0.0
chr1	251051	251052	38	0.0344
chr1	251059	251060	26	0.1211
chr1	251063	251064	33	0.1259
chr1	251109	251110	29	0.1502
chr1	251141	251142	33	0.164
chr1	251143	251144	35	0.0
chr1	251161	251162	28	0.0889
chr1	251174	251175	27	0.7641
chr1	251204	251205	40	0.6474
chr1	251224	251225	32	0.4119
chr1	251257	251258	33	0.585
chr1	251298	251299	20	0.5067
chr1	251336	251337	27	0.5166
chr1	251374	251375	25	0.6322
chr1	251408	251409	22	0.5306
chr1	251423	251424	29	0.3289
chr1	251459	251460	32	0.4826
chr1	251490	251491	28	0.3998
chr1	251514	251515	20	0.5381
chr1	251541	251542	32	0.5899
chr1	251591	251592	24	0.5557
chr1	251615	251616	25	0.7114
chr1	251652	251653	26	0.4689
chr1	251691	251692	24	0.496
chr1	251710	251711	34	0.3841
chr1	251731	251732	29	0.5237
chr1	251741	251742	21	0.6175
chr1	251831	251832	26	0.4573
chr1	251903	251904	41	0.5713
chr1	252003	252004	31	0.5665
chr1	252103	252104	33	0.6477
chr1	252200	252201	36	0.5202
chr1	252300	252301	28	0.5215
chr1	252378	252379	25	0.6851
chr1	252391	252392	33	0.6818
chr1	252406	252407	22	0.5904
chr1	252438	252439	31	0.6485
chr1	252470	252471	28	0.5988
chr1	252520	252521	25	0.6263
chr1	252544	252545	39	0.6883
chr1	252587	252588	30	0.5493
chr1	252637	252638	37	0.4878
chr1	252663	252664	18	0.7426
chr1	252692	252693	31	0.7363
chr1	252729	252730	36	0.653
chr1	252768	252769	30	0.486
chr1	252807	252808	25	0.5346
chr1	252824	252825	19	0.7103
chr1	252909	252910	36	0.838
chr1	252959	252960	28	0.6947
chr1	253059	253060	30	0.684
chr1	253109	253110	31	0.5376
chr1	253202	253203	26	0.5662
chr1	253252	253253	40	0.5886
chr1	253268	253269	30	0.6184
chr1	253273	253274	36	0.305
chr1	253306	253307	37	0.5515
chr1	253342	253343	23	0.437
chr1	253375	253376	36	0.3221
chr1	253409	253410	21	0.4197
chr1	253453	253454	28	0.5328
chr1	253478	253479	28	0.4322
chr1	253505	253506	31	0.4353
chr1	253555	253556	29	0.3941
chr1	253582	253583	26	0.4974
chr1	253618	253619	29	0.4104
chr1	253636	253637	26	0.4146
chr1	253673	253674	33	0.5357
chr1	253689	253690	33	0.4356
chr1	253706	253707	29	0.5903
chr1	253743	253744	32	0.4893
chr1	253767	253768	39	0.419
chr1	253782	253783	24	0.5831
chr1	253784	253785	24	0.3699
chr1	253867	253868	28	0.5016
chr1	253939	253940	21	0.4921
chr1	254037	254038	33	0.6288
chr1	254137	254138	45	0.5313
chr1	254212	254213	42	0.4278
chr1	254298	254299	23	0.8238
chr1	254308	254309	32	0.9476
chr1	254354	254355	38	0.9086
chr1	254432	254433	21	0.8364
chr1	254558	254559	24	0.884
chr1	254580	254581	34	0.7407
chr1	254608	254609	31	0.6899
chr1	254694	254695	38	0.8871
chr1	254737	254738	26	0.4245
chr1	254759	254760	18	0.614
chr1	254774	254775	23	0.4851
chr1	254802	254803	31	0.6109
chr1	254826	254827	25	0.3545
chr1	254876	254877	30	0.5046
chr1	254902	254903	28	0.5682
chr1	254924	254925	30	0.4186
chr1	254974	254975	33	0.3852
chr1	255010	255011	43	0.4292
chr1	255032	255033	36	0.3395
chr1	255074	255075	32	0.285
chr1	255124	255125	27	0.2582
chr1	255161	255162	25	0.4834
chr1	255187	255188	40	0.462
chr1	255213	255214	30	0.614
chr1	255255	255256	29	0.4656
chr1	255268	255269	41	0.581
chr1	255368	255369	21	0.3798
chr1	255468	255469	25	0.4437
chr1	255568	255569	25	0.4548
chr1	255668	255669	29	0.4282
chr1	255732	255733	28	0.5945
chr1	255782	255783	26	0.4836
chr1	255786	255787	26	0.4983
chr1	255832	255833	28	0.6371
chr1	255866	255867	31	0.7599
chr1	255893	255894	20	0.6878
chr1	255931	255932	24	0.5577
chr1	255952	255953	27	0.5874
chr1	256002	256003	31	0.616
chr1	256022	256023	29	0.5238
chr1	256047	256048	24	0.8602
chr1	256097	256098	18	0.7511
chr1	256124	256125	36	0.5924
chr1	256141	256142	29	0.6794
chr1	256173	256174	21	0.6675
chr1	256202	256203	33	0.6925
chr1	256224	256225	33	0.4802
chr1	256241	256242	26	0.568
chr1	256268	256269	26	0.4863
chr1	256285	256286	34	0.5045
chr1	256309	256310	15	0.4728
chr1	256320	256321	22	0.729
chr1	256370	256371	26	0.6588
chr1	256470	256471	32	0.6237
chr1	256520	256521	32	0.5201
chr1	256620	256621	41	0.6364
chr1	256720	256721	30	0.6118
chr1	256802	256803	38	0.6806
chr1	256839	256840	31	0.6057
chr1	256884	256885	28	0.6786
chr1	256920	256921	33	0.7005
chr1	256958	256959	30	0.7069
chr1	256980	256981	29	0.6733
chr1	257020	257021	29	0.5952
chr1	257035	257036	30	0.7206
chr1	257057	257058	30	0.6684
chr1	257107	257108	26	0.7032
chr1	257122	257123	33	0.7431
chr1	257161	257162	25	0.7948
chr1	257198	257199	29	0.5209
chr1	257224	257225	38	0.5438
chr1	257227	257228	25	0.6573
chr1	257303	257304	24	0.5827
chr1	257403	257404	34	0.607
chr1	257503	257504	30	0.663
chr1	257603	257604	28	0.7516
chr1	257641	257642	36	0.4231
chr1	257683	257684	28	0.6864
chr1	257725	257726	26	0.8537
chr1	257743	257744	29	0.837
chr1	257771	257772	33	0.8748
chr1	257821	257822	37	0.8132
chr1	257836	257837	29	0.8736
chr1	257859	257860	30	0.8764
chr1	257908	257909	33	0.7541
chr1	257958	257959	35	0.88
chr1	258000	258001	33	0.7731
chr1	258033	258034	26	0.7628
chr1	258067	258068	28	0.89
chr1	258095	258096	27	0.7191
chr1	258110	258111	32	1.0
chr1	258149	258150	25	0.8725
chr1	258184	258185	43	0.8596
chr1	258238	258239	30	0.8764
chr1	258338	258339	27	0.8503
chr1	258438	258439	34	0.8246
chr1	258538	258539	30	0.9502
chr1	258606	258607	29	0.8292
chr1	258630	258631	35	0.7921
chr1	258670	258671	32	0.8979
chr1	258690	258691	35	0.7798
chr1	258715	258716	24	0.789
chr1	258742	258743	32	0.9242
chr1	258758	258759	21	0.8644
chr1	258776	258777	22	0.6583
chr1	258800	258801	32	0.8595
chr1	258840	258841	25	0.9959
chr1	258866	258867	22	0.8122
chr1	258881	258882	31	0.8367
chr1	258931	258932	40	1.0
chr1	258959	258960	26	0.8322
chr1	259009	259010	31	0.7995
chr1	259059	259060	28	0.8871
chr1	259074	259075	30	0.7761
chr1	259089	259090	27	0.6601
chr1	259124	259125	33	0.7286
chr1	259140	259141	27	0.7613
chr1	259141	259142	29	0.7707
chr1	259241	259242	18	0.859
chr1	259326	259327	26	0.9354
chr1	259377	259378	23	0.9223
chr1	259477	259478	31	0.8045
chr1	259577	259578	30	0.8653
chr1	259639	259640	28	0.8943
chr1	259649	259650	24	0.5968
chr1	259673	259674	23	0.5041
chr1	259696	259697	30	0.4452
chr1	259718	259719	24	0.3402
chr1	259754	259755	34	0.646
chr1	259769	259770	32	0.4673
chr1	259793	259794	32	0.461
chr1	259843	259844	29	0.4487
chr1	259890	259891	24	0.4016
chr1	259927	259928	33	0.588
chr1	259954	259955	34	0.7002
chr1	259977	259978	28	0.4946
chr1	260024	260025	30	0.3525
chr1	260044	260045	40	0.543
chr1	260073	260074	29	0.5946
chr1	260117	260118	24	0.6063
chr1	260217	260218	24	0.4765
chr1	260277	260278	12	0.4064
chr1	260377	260378	33	0.5299
chr1	260439	260440	34	0.6249
chr1	260516	260517	33	0.4289
chr1	260544	260545	32	0.1819
chr1	260552	260553	28	0.158
chr1	260758	260759	27	0.0599
chr1	260786	260787	32	0.1079
chr1	260800	260801	25	0.2763
chr1	260856	260857	30	0.3001
chr1	260872	260873	28	0.0
chr1	260922	260923	28	0.2461
chr1	260948	260949	32	0.3374
chr1	260966	260967	39	0.11
chr1	260982	260983	32	0.0955
chr1	261017	261018	26	0.0794
chr1	261044	261045	23	0.3086
chr1	261080	261081	21	0.1419
chr1	261105	261106	21	0.1497
chr1	261140	261141	36	0.1855
chr1	261165	261166	35	0.0738
chr1	261188	261189	24	0.2162
chr1	261203	261204	26	0.3858
chr1	261223	261224	33	0.0948
chr1	261261	261262	30	0.1601
chr1	261282	261283	33	0.173
chr1	261382	261383	20	0.1656
chr1	261475	261476	34	0.2761
chr1	261575	261576	37	0.3226
chr1	261625	261626	38	0.1035
chr1	261643	261644	27	0.1464
chr1	261721	261722	26	0.0846
chr1	261764	261765	37	0.6373
chr1	261784	261785	28	0.7413
chr1	261807	261808	26	0.7499
chr1	261834	261835	31	0.6973
chr1	261864	261865	29	0.6714
chr1	261908	261909	24	0.5387
chr1	261943	261944	44	0.655
chr1	261981	261982	34	0.413
chr1	262010	262011	35	0.5713
chr1	262041	262042	30	0.7643
chr1	262077	262078	39	0.5613
chr1	262108	262109	33	0.5994
chr1	262123	262124	38	0.72
chr1	262147	262148	24	0.6182
chr1	262174	262175	23	0.8541
chr1	262191	262192	35	0.7689
chr1	262223	262224	28	0.5303
chr1	262239	262240	33	0.6238
chr1	262264	262265	28	0.7533
chr1	262364	262365	27	0.8026
chr1	262464	262465	39	0.7675
chr1	262531	262532	35	0.6277
chr1	262602	262603	34	0.5867
chr1	262702	262703	36	0.697
chr1	262716	262717	37	0.7739
chr1	262784	262785	29	0.6857
chr1	262808	262809	25	0.8925
chr1	262829	262830	33	0.8688
chr1	262860	262861	30	0.8738
chr1	262908	262909	31	0.705
chr1	262923	262924	29	0.8024
chr1	262954	262955	25	0.7696
chr1	262978	262979	26	0.8309
chr1	262993	262994	29	0.7566
chr1	263037	263038	33	0.7976
chr1	263085	263086	29	0.9145
chr1	263120	263121	31	0.8326
chr1	263170	263171	27	0.7724
chr1	263200	263201	36	0.7107
chr1	263241	263242	29	0.8249
chr1	263277	263278	32	0.8149
chr1	263308	263309	25	0.719
chr1	263337	263338	29	0.8112
chr1	263338	263339	37	0.8258
chr1	263388	263389	37	0.7062
chr1	263484	263485	26	0.7873
chr1	263584	263585	19	0.848
chr1	263681	263682	21	0.8234
chr1	263738	263739	27	0.7326
chr1	263838	263839	20	0.9112
chr1	263916	263917	27	0.9745
chr1	265174	265175	30	0.3263
chr1	265224	265225	27	0.3786
chr1	265239	265240	23	0.7015
chr1	265289	265290	29	0.6794
chr1	265304	265305	32	0.4535
chr1	265319	265320	18	0.5032
chr1	265340	265341	35	0.5207
chr1	265374	265375	38	0.4976
chr1	265413	265414	27	0.3434
chr1	265445	265446	24	0.5948
chr1	265478	265479	23	0.5851
chr1	265499	265500	29	0.6048
chr1	265514	265515	21	0.6277
chr1	265561	265562	31	0.7123
chr1	265576	265577	27	0.5376
chr1	265608	265609	35	0.6624
chr1	265635	265636	27	0.4771
chr1	265650	265651	22	0.5329
chr1	265750	265751	35	0.4966
chr1	265800	265801	29	0.6287
chr1	265900	265901	31	0.486
chr1	265982	265983	31	0.4604
chr1	266051	266052	23	0.367
chr1	266089	266090	26	0.9254
chr1	266093	266094	26	0.9374
chr1	266103	266104	31	0.6455
chr1	266139	266140	39	0.9348
chr1	266147	266148	23	0.9568
chr1	266193	266194	28	0.7769
chr1	266247	266248	27	0.9382
chr1	266377	266378	31	0.739
chr1	266395	266396	22	0.691
chr1	266410	266411	26	0.7037
chr1	266435	266436	27	0.5553
chr1	266483	266484	25	0.6453
chr1	266533	266534	27	0.5997
chr1	266552	266553	32	0.6976
chr1	266576	266577	31	0.7537
chr1	266626	266627	26	0.7202
chr1	266667	266668	30	0.7292
chr1	266717	266718	26	0.715
chr1	266736	266737	33	0.777
chr1	266786	266787	30	0.8049
chr1	266801	266802	34	0.5185
chr1	266901	266902	29	0.6949
chr1	267001	267002	30	0.6846
chr1	267080	267081	31	0.761
chr1	267143	267144	26	0.676
chr1	267229	267230	22	0.8832
chr1	267242	267243	27	0.5972
chr1	267272	267273	33	0.4584
chr1	267314	267315	28	0.6009
chr1	267334	267335	29	0.7113
chr1	267359	267360	25	0.7902
chr1	267398	267399	33	0.7297
chr1	267440	267441	27	0.6819
chr1	267472	267473	36	0.5599
chr1	267522	267523	30	0.5554
chr1	267539	267540	26	0.6634
chr1	267567	267568	26	0.7222
chr1	267617	267618	37	0.6187
chr1	267637	267638	26	0.6879
chr1	267666	267667	26	0.5758
chr1	267716	267717	28	0.618
chr1	267756	267757	29	0.6408
chr1	267856	267857	29	0.6261
chr1	267956	267957	30	0.6053
chr1	268026	268027	32	0.7927
chr1	268076	268077	35	0.569
chr1	268176	268177	28	0.7112
chr1	268276	268277	17	0.763
chr1	268309	268310	31	0.8726
chr1	268342	268343	24	0.6861
chr1	268375	268376	20	0.5225
chr1	268392	268393	28	0.7467
chr1	268427	268428	32	0.8993
chr1	268454	268455	31	0.8181
chr1	268504	268505	27	0.809
chr1	268541	268542	32	0.6162
chr1	268561	268562	30	0.6683
chr1	268585	268586	24	0.7319
chr1	268627	268628	33	0.7298
chr1	268660	268661	14	0.7408
chr1	268698	268699	30	0.849
chr1	268721	268722	23	0.8406
chr1	268736	268737	33	0.8651
chr1	268778	268779	30	0.8132
chr1	268828	268829	26	0.7502
chr1	268833	268834	28	0.7372
chr1	268933	268934	27	0.7691
chr1	269033	269034	29	0.9289
chr1	269133	269134	40	0.6499
chr1	269233	269234	35	0.7989
chr1	269319	269320	23	0.8885
chr1	269345	269346	38	0.9154
chr1	269377	269378	23	0.5775
chr1	269393	269394	35	0.9446
chr1	269413	269414	33	0.6774
chr1	269445	269446	46	0.9457
chr1	269469	269470	24	0.6761
chr1	269519	269520	27	0.8554
chr1	269534	269535	34	0.7509
chr1	269583	269584	26	0.7128
chr1	269607	269608	31	0.7632
chr1	269648	269649	34	0.6406
chr1	269684	269685	34	0.6089
chr1	269734	269735	28	0.6164
chr1	269761	269762	28	0.7989
chr1	269784	269785	39	0.5338
chr1	269825	269826	25	0.7058
chr1	269875	269876	30	0.8189
chr1	269892	269893	30	0.8423
chr1	269992	269993	29	0.7595
chr1	270092	270093	30	0.8702
chr1	270167	270168	25	0.729
chr1	270251	270252	41	0.6667
chr1	270351	270352	29	0.6568
chr1	270363	270364	31	0.7964
chr1	270387	270388	30	0.6472
chr1	270395	270396	35	0.3846
chr1	270436	270437	30	0.4543
chr1	270458	270459	30	0.4031
chr1	270486	270487	27	0.3416
chr1	270501	270502	26	0.3118
chr1	270551	270552	33	0.2996
chr1	270568	270569	33	0.4406
chr1	270609	270610	26	0.2601
chr1	270649	270650	16	0.6229
chr1	270691	270692	30	0.2313
chr1	270708	270709	28	0.3839
chr1	270729	270730	27	0.4594
chr1	270760	270761	21	0.4476
chr1	270810	270811	32	0.382
chr1	270860	270861	23	0.4013
chr1	270886	270887	21	0.4216
chr1	270986	270987	31	0.3025
chr1	271047	271048	33	0.477
chr1	271147	271148	33	0.54
chr1	271197	271198	33	0.5007
chr1	271297	271298	27	0.327
chr1	271357	271358	42	0.5886
chr1	271417	271418	28	0.6319
chr1	271449	271450	39	0.616
chr1	271511	271512	36	0.4053
chr1	271647	271648	26	0.5153
chr1	271691	271692	24	0.626
chr1	271837	271838	33	0.7911
chr1	271841	271842	36	0.4684
chr1	271851	271852	31	0.5541
chr1	271888	271889	30	0.5929
chr1	271938	271939	31	0.67
chr1	271979	271980	31	0.6274
chr1	271995	271996	28	0.4225
chr1	272045	272046	30	0.4163
chr1	272078	272079	36	0.6732
chr1	272114	272115	33	0.6188
chr1	272139	272140	35	0.4117
chr1	272154	272155	30	0.5688
chr1	272192	272193	25	0.439
chr1	272232	272233	31	0.5842
chr1	272254	272255	30	0.5965
chr1	272285	272286	29	0.6269
chr1	272323	272324	24	0.5243
chr1	272343	272344	28	0.5811
chr1	272365	272366	26	0.4586
chr1	272400	272401	40	0.6172
chr1	272430	272431	32	0.6444
chr1	272440	272441	26	0.6183
chr1	272540	272541	24	0.4837
chr1	272600	272601	29	0.4262
chr1	272669	272670	23	0.6182
chr1	272769	272770	33	0.5964
chr1	272869	272870	24	0.5867
chr1	272969	272970	29	0.5171
chr1	272989	272990	32	0.8857
chr1	273219	273220	31	0.8217
chr1	273249	273250	29	0.8764
chr1	273265	273266	40	0.8121
chr1	273363	273364	33	0.6347
chr1	273427	273428	22	0.7823
chr1	273467	273468	33	0.7296
chr1	273486	273487	18	0.905
chr1	273504	273505	36	0.9297
chr1	273554	273555	30	0.6161
chr1	273587	273588	14	0.7847
chr1	273613	273614	24	0.9541
chr1	273634	273635	29	0.9319
chr1	273684	273685	40	0.7894
chr1	273708	273709	26	0.8972
chr1	273723	273724	31	0.7654
chr1	273745	273746	37	0.8943
chr1	273762	273763	32	0.7113
chr1	273812	273813	34	0.8953
chr1	273827	273828	37	0.8076
chr1	273857	273858	32	0.8105
chr1	273886	273887	37	0.713
chr1	273936	273937	33	0.8331
chr1	273967	273968	29	0.7929
chr1	273987	273988	34	0.714
chr1	274087	274088	33	0.8284
chr1	274157	274158	32	0.8133
chr1	274239	274240	33	0.8121
chr1	274318	274319	30	0.73
chr1	274418	274419	29	0.7232
chr1	274498	274499	32	0.8077
chr1	274512	274513	22	0.9356
chr1	274550	274551	37	0.7402
chr1	274595	274596	31	0.8566
chr1	274623	274624	27	0.9077
chr1	274655	274656	27	0.8152
chr1	274683	274684	22	0.8664
chr1	274700	274701	23	0.8763
chr1	274730	274731	28	0.9338
chr1	274780	274781	22	0.7043
chr1	274824	274825	40	0.9207
chr1	274874	274875	29	0.6849
chr1	274904	274905	36	0.9143
chr1	274946	274947	33	0.8513
chr1	274966	274967	28	0.751
chr1	274997	274998	29	0.7967
chr1	275012	275013	22	0.8917
chr1	275022	275023	20	0.9199
chr1	275122	275123	27	0.7233
chr1	275201	275202	18	0.7762
chr1	275299	275300	18	0.7657
chr1	275399	275400	31	0.9359
chr1	275485	275486	22	1.0
chr1	275514	275515	34	0.4129
chr1	275546	275547	22	0.3092
chr1	275578	275579	28	0.4251
chr1	275617	275618	28	0.3388
chr1	275667	275668	30	0.4668
chr1	275702	275703	30	0.4761
chr1	275719	275720	23	0.4475
chr1	275753	275754	26	0.4579
chr1	275791	275792	32	0.3447
chr1	275817	275818	34	0.4772
chr1	275855	275856	34	0.413
chr1	275881	275882	29	0.3753
chr1	275907	275908	36	0.3831
chr1	275948	275949	24	0.3341
chr1	275974	275975	21	0.3499
chr1	275995	275996	20	0.3615
chr1	275999	276000	33	0.4698
chr1	276049	276050	33	0.4288
chr1	276099	276100	22	0.3165
chr1	276199	276200	35	0.2664
chr1	276272	276273	32	0.4654
chr1	276372	276373	27	0.3853
chr1	276472	276473	28	0.5654
chr1	276500	276501	33	0.386
chr1	276502	276503	38	0.3232
chr1	276536	276537	24	0.8701
chr1	276551	276552	22	0.8309
chr1	276567	276568	20	0.7676
chr1	276608	276609	23	0.8154
chr1	276624	276625	20	0.9007
chr1	276644	276645	34	0.8889
chr1	276679	276680	34	0.7672
chr1	276708	276709	38	1.0
chr1	276751	276752	24	0.909
chr1	276778	276779	27	0.8293
chr1	276823	276824	29	0.6342
chr1	276845	276846	25	0.7468
chr1	276875	276876	35	0.8897
chr1	276890	276891	35	0.8049
chr1	276940	276941	24	0.9494
chr1	276969	276970	33	0.8194
chr1	276984	276985	25	0.9293
chr1	277033	277034	25	0.79
chr1	277050	277051	25	0.8348
chr1	277064	277065	39	0.7568
chr1	277164	277165	27	0.7081
chr1	277264	277265	30	0.832
chr1	277364	277365	32	0.7513
chr1	277464	277465	24	0.9219
chr1	277514	277515	42	0.845
chr1	277534	277535	23	0.9747
chr1	277604	277605	30	0.7746
chr1	277614	277615	30	0.8901
chr1	277631	277632	28	1.0
chr1	277677	277678	25	0.8605
chr1	277699	277700	31	0.8301
chr1	277716	277717	36	0.8168
chr1	277750	277751	27	0.8597
chr1	277777	277778	35	0.8229
chr1	277810	277811	29	0.9358
chr1	277838	277839	39	0.8732
chr1	277853	277854	31	0.9629
chr1	277877	277878	23	0.7685
chr1	277892	277893	36	0.8542
chr1	277910	277911	28	0.8643
chr1	277925	277926	46	0.8261
chr1	277940	277941	37	0.8476
chr1	277963	277964	36	0.6957
chr1	278006	278007	24	0.8428
chr1	278027	278028	35	0.7935
chr1	278067	278068	27	0.8469
chr1	278082	278083	39	0.7851
chr1	278097	278098	30	1.0
chr1	278129	278130	32	0.7481
chr1	278165	278166	35	0.7417
chr1	278195	278196	32	0.8304
chr1	278237	278238	28	0.8457
chr1	278337	278338	33	0.8557
chr1	278437	278438	35	0.7955
chr1	278537	278538	38	0.8617
chr1	278637	278638	23	0.7707
chr1	278718	278719	43	0.946
chr1	278768	278769	23	0.8144
chr1	278790	278791	39	0.7312
chr1	278817	278818	28	0.6784
chr1	278832	278833	36	0.6378
chr1	278882	278883	37	0.7119
chr1	278932	278933	30	0.6508
chr1	278982	278983	31	0.9307
chr1	279006	279007	36	0.7607
chr1	279053	279054	24	0.6156
chr1	279099	279100	33	0.7193
chr1	279114	279115	40	0.7737
chr1	279164	279165	34	0.6293
chr1	279188	279189	33	0.6991
chr1	279228	279229	38	0.7673
chr1	279243	279244	27	0.8231
chr1	279261	279262	27	0.6955
chr1	279361	279362	27	0.5641
chr1	279444	279445	22	0.6512
chr1	279544	279545	22	0.5322
chr1	279644	279645	32	0.5802
chr1	279694	279695	32	0.5725
chr1	279696	279697	31	0.6936
chr1	279702	279703	24	0.8557
chr1	279721	279722	31	0.7896
chr1	279739	279740	31	0.823
chr1	279771	279772	31	0.8276
chr1	279792	279793	30	0.9201
chr1	279830	279831	32	0.9113
chr1	279859	279860	25	0.8007
chr1	279909	279910	32	0.7405
chr1	279948	279949	32	0.7754
chr1	279974	279975	30	0.6237
chr1	280013	280014	30	0.7114
chr1	280063	280064	28	0.6695
chr1	280089	280090	30	0.6932
chr1	280106	280107	18	0.6627
chr1	280134	280135	30	0.6264
chr1	280181	280182	30	0.732
chr1	280261	280262	25	0.6183
chr1	280361	280362	34	0.6136
chr1	280427	280428	31	0.524
chr1	280523	280524	28	0.8601
chr1	280595	280596	30	0.8766
chr1	280645	280646	34	0.8933
chr1	280667	280668	27	0.9576
chr1	280769	280770	23	0.7772
chr1	280893	280894	30	0.8287
chr1	281013	281014	21	0.923
chr1	281023	281024	26	0.9202
chr1	281085	281086	22	0.8938
chr1	281127	281128	33	0.8457
chr1	281159	281160	25	0.8289
chr1	281183	281184	28	0.7496
chr1	281198	281199	17	0.672
chr1	281234	281235	20	0.8764
chr1	281254	281255	26	0.8118
chr1	281273	281274	29	0.758
chr1	281288	281289	31	0.61
chr1	281303	281304	24	0.7978
chr1	281324	281325	34	0.7157
chr1	281374	281375	26	0.7714
chr1	281389	281390	29	0.7689
chr1	281419	281420	27	0.737
chr1	281442	281443	22	0.9369
chr1	281492	281493	28	0.8383
chr1	281542	281543	26	0.8713
chr1	281565	281566	30	0.7494
chr1	281580	281581	29	0.6505
chr1	281630	281631	29	0.6823
chr1	281643	281644	33	0.7306
chr1	281693	281694	23	0.9346
chr1	281787	281788	31	0.8327
chr1	281887	281888	28	0.6867
chr1	281937	281938	36	0.74
chr1	282037	282038	34	0.6746
chr1	282079	282080	34	0.7546
chr1	282123	282124	32	0.5817
chr1	282173	282174	28	0.7487
chr1	282196	282197	27	0.893
chr1	282214	282215	26	0.6864
chr1	282260	282261	29	0.713
chr1	282310	282311	26	0.7209
chr1	282360	282361	25	0.6823
chr1	282403	282404	39	0.8194
chr1	282418	282419	33	0.6445
chr1	282468	282469	29	0.8854
chr1	282490	282491	35	0.9173
chr1	282534	282535	32	0.7951
chr1	282577	282578	30	0.761
chr1	282607	282608	35	0.759
chr1	282707	282708	25	0.839
chr1	282766	282767	33	0.8317
chr1	282828	282829	31	0.7262
chr1	282907	282908	23	0.7237
chr1	283007	283008	33	0.8142
chr1	283067	283068	29	0.773
chr1	283069	283070	31	0.9403
chr1	283075	283076	32	0.9463
chr1	283090	283091	25	0.8749
chr1	283131	283132	26	0.8272
chr1	283149	283150	30	0.9534
chr1	283170	283171	26	0.8653
chr1	283219	283220	27	0.7194
chr1	283252	283253	30	0.8261
chr1	283302	283303	39	0.6448
chr1	283318	283319	37	0.7735
chr1	283368	283369	34	0.5965
chr1	283394	283395	30	0.7844
chr1	283422	283423	25	0.6636
chr1	283442	283443	37	0.5911
chr1	283492	283493	29	0.5867
chr1	283542	283543	26	0.7006
chr1	283554	283555	31	0.6826
chr1	283628	283629	34	0.7017
chr1	283726	283727	38	0.8331
chr1	283789	283790	27	0.821
chr1	283889	283890	28	0.8582
chr1	283939	283940	29	0.7976
chr1	284021	284022	31	0.8862
chr1	284203	284204	28	0.8356
chr1	284229	284230	35	0.9389
chr1	284319	284320	34	1.0
chr1	284365	284366	34	0.8301
chr1	284387	284388	29	1.0
chr1	284497	284498	33	0.8842
chr1	284536	284537	25	0.6291
chr1	284559	284560	26	0.6978
chr1	284609	284610	36	0.7149
chr1	284659	284660	27	0.7828
chr1	284681	284682	28	0.7961
chr1	284709	284710	27	0.795
chr1	284750	284751	35	0.7911
chr1	284765	284766	25	0.685
chr1	284792	284793	24	0.8446
chr1	284824	284825	28	0.7011
chr1	284839	284840	33	0.7401
chr1	284889	284890	30	0.7105
chr1	284919	284920	29	0.7405
chr1	284969	284970	33	0.7597
chr1	284999	285000	22	0.8411
chr1	285044	285045	35	0.6615
chr1	285094	285095	34	0.8134
chr1	285099	285100	39	0.7923
chr1	285157	285158	34	0.7372
chr1	285257	285258	28	0.7817
chr1	285326	285327	32	0.8799
chr1	285407	285408	20	0.8025
chr1	285507	285508	24	0.6446
chr1	285607	285608	36	0.7633
chr1	285655	285656	29	0.8552
chr1	285683	285684	34	0.8512
chr1	285715	285716	30	0.756
chr1	285745	285746	29	0.6032
chr1	285771	285772	28	0.737
chr1	285788	285789	30	0.8639
chr1	285803	285804	18	0.8511
chr1	285831	285832	21	0.6804
chr1	285859	285860	29	0.8126
chr1	285877	285878	33	0.6576
chr1	285900	285901	26	0.8353
chr1	285919	285920	35	0.6699
chr1	285939	285940	29	0.8508
chr1	285977	285978	29	0.7257
chr1	285992	285993	30	0.7795
chr1	286019	286020	30	0.8623
chr1	286058	286059	19	0.9377
chr1	286103	286104	32	0.6876
chr1	286132	286133	35	0.6951
chr1	286156	286157	27	0.8249
chr1	286208	286209	25	0.6306
chr1	286308	286309	28	0.8251
chr1	286408	286409	23	0.821
chr1	286508	286509	17	0.9376
chr1	286597	286598	21	0.7705
chr1	286697	286698	31	0.8008
chr1	286717	286718	33	0.7755
chr1	286748	286749	32	0.707
chr1	286775	286776	26	0.552
chr1	286812	286813	34	0.6998
chr1	286853	286854	32	0.8067
chr1	286874	286875	30	0.7727
chr1	286913	286914	24	0.6691
chr1	286951	286952	24	0.7357
chr1	286977	286978	29	0.6205
chr1	287001	287002	19	0.7073
chr1	287033	287034	31	0.7422
chr1	287053	287054	36	0.6005
chr1	287088	287089	27	0.7013
chr1	287111	287112	21	0.557
chr1	287161	287162	33	0.6725
chr1	287211	287212	22	0.7103
chr1	287226	287227	31	0.7002
chr1	287268	287269	28	0.9068
chr1	287342	287343	28	0.6936
chr1	287442	287443	28	0.7202
chr1	287542	287543	26	0.7194
chr1	287642	287643	27	0.799
chr1	287742	287743	30	0.6229
chr1	287810	287811	32	0.7354
chr1	287832	287833	36	0.6878
chr1	287864	287865	27	0.045
chr1	287888	287889	37	0.932
chr1	287906	287907	35	0.3515
chr1	287952	287953	36	0.6014
chr1	287968	287969	35	0.32
chr1	287990	287991	28	0.4177
chr1	288031	288032	31	0.0433
chr1	288078	288079	29	0.922
chr1	288095	288096	38	0.3549
chr1	288133	288134	19	0.6467
chr1	288183	288184	27	1.0
chr1	288204	288205	26	0.0
chr1	288240	288241	34	0.1092
chr1	288269	288270	28	0.075
chr1	288309	288310	29	0.3595
chr1	288359	288360	30	0.3286
chr1	288442	288443	38	0.3859
chr1	288492	288493	29	0.2022
chr1	288592	288593	32	0.5489
chr1	288692	288693	33	0.793
chr1	288757	288758	38	0.91
chr1	288765	288766	37	0.537
chr1	288813	288814	25	0.0
chr1	288861	288862	29	0.6497
chr1	288881	288882	26	0.7803
chr1	288931	288932	26	0.5853
chr1	288964	288965	31	0.6742
chr1	288979	288980	35	0.7057
chr1	289003	289004	29	0.7119
chr1	289035	289036	25	0.8529
chr1	289085	289086	27	0.7739
chr1	289105	289106	32	0.8295
chr1	289128	289129	26	0.8689
chr1	289143	289144	29	0.7686
chr1	289193	289194	23	0.662
chr1	289223	289224	19	0.7367
chr1	289264	289265	30	0.7879
chr1	289286	289287	29	0.7411
chr1	289308	289309	36	0.7601
chr1	289334	289335	22	0.6955
chr1	289352	289353	30	0.7564
chr1	289443	289444	35	0.7837
chr1	289499	289500	23	0.7063
chr1	289599	289600	32	0.8494
chr1	289699	289700	28	0.6392
chr1	289772	289773	28	0.7359
chr1	289812	289813	33	0.9193
chr1	289838	289839	38	0.8891
chr1	289854	289855	33	0.8435
chr1	289869	289870	31	0.6436
chr1	289886	289887	27	0.762
chr1	289936	289937	38	0.6058
chr1	289976	289977	29	0.8969
chr1	290004	290005	33	0.7367
chr1	290028	290029	33	0.7482
chr1	290053	290054	26	0.6772
chr1	290075	290076	30	0.8434
chr1	290090	290091	43	0.8196
chr1	290105	290106	35	0.739
chr1	290129	290130	26	0.6817
chr1	290150	290151	26	0.7067
chr1	290197	290198	35	0.6375
chr1	290228	290229	36	0.7065
chr1	290254	290255	27	0.6508
chr1	290285	290286	26	0.7353
chr1	290312	290313	30	0.815
chr1	290334	290335	25	0.6348
chr1	290353	290354	24	0.7597
chr1	290372	290373	31	0.5654
chr1	290399	290400	33	0.6932
chr1	290499	290500	33	0.8939
chr1	290576	290577	34	0.7569
chr1	290676	290677	28	0.7285
chr1	290726	290727	28	0.6207
chr1	290776	290777	27	0.8269
chr1	290876	290877	23	0.7112
chr1	290926	290927	27	0.7982
chr1	290966	290967	30	0.7165
chr1	290968	290969	27	0.8373
chr1	290991	290992	12	0.191
chr1	291041	291042	43	0.4178
chr1	291073	291074	27	0.7969
chr1	291123	291124	25	1.0
chr1	291173	291174	44	0.6275
chr1	291191	291192	26	1.0
chr1	291240	291241	23	0.214
chr1	291284	291285	29	0.5432
chr1	291334	291335	21	0.5084
chr1	291351	291352	38	0.4177
chr1	291386	291387	35	1.0
chr1	291419	291420	31	0.2679
chr1	291440	291441	31	0.388
chr1	291455	291456	42	0.4923
chr1	291505	291506	42	0.9619
chr1	291590	291591	25	0.6856
chr1	291690	291691	29	0.3878
chr1	291740	291741	31	0.5946
chr1	291840	291841	28	0.6264
chr1	291890	291891	36	0.8679
chr1	291958	291959	26	0.9937
chr1	291984	291985	32	0.8203
chr1	292003	292004	38	0.6569
chr1	292053	292054	24	0.7811
chr1	292079	292080	30	0.8421
chr1	292107	292108	26	0.8118
chr1	292151	292152	29	0.7692
chr1	292182	292183	31	0.9809
chr1	292231	292232	29	0.8358
chr1	292281	292282	33	0.6714
chr1	292301	292302	35	0.7206
chr1	292347	292348	25	0.8888
chr1	292388	292389	29	0.7392
chr1	292406	292407	32	0.6932
chr1	292424	292425	30	0.7443
chr1	292448	292449	35	0.8074
chr1	292476	292477	27	0.7108
chr1	292487	292488	30	0.6899
chr1	292563	292564	39	0.7934
chr1	292663	292664	28	0.8516
chr1	292755	292756	34	0.8572
chr1	292855	292856	30	0.9108
chr1	292946	292947	36	0.8653
chr1	292986	292987	36	0.8128
chr1	292994	292995	31	0.5376
chr1	293032	293033	30	0.5916
chr1	293049	293050	34	0.6587
chr1	293073	293074	26	0.5096
chr1	293089	293090	27	0.3317
chr1	293118	293119	27	0.5002
chr1	293168	293169	36	0.4394
chr1	293199	293200	28	0.5545
chr1	293224	293225	25	0.482
chr1	293254	293255	41	0.603
chr1	293275	293276	29	0.6008
chr1	293300	293301	24	0.631
chr1	293350	293351	30	0.5535
chr1	293391	293392	21	0.4151
chr1	293414	293415	32	0.5882
chr1	293429	293430	18	0.5048
chr1	293473	293474	30	0.538
chr1	293502	293503	31	0.5433
chr1	293517	293518	26	0.6452
chr1	293523	293524	29	0.6635
chr1	293623	293624	29	0.6054
chr1	293703	293704	21	0.7291
chr1	293773	293774	32	0.3816
chr1	293873	293874	34	0.5349
chr1	293973	293974	34	0.4189
chr1	294048	294049	35	0.4856
chr1	294068	294069	33	0.7673
chr1	294264	294265	34	0.7516
chr1	294296	294297	16	0.9088
chr1	294342	294343	33	0.7665
chr1	294428	294429	34	0.8882
chr1	294510	294511	31	0.8012
chr1	294531	294532	27	0.9288
chr1	294569	294570	22	0.8378
chr1	294612	294613	33	0.8083
chr1	294658	294659	32	0.7844
chr1	294679	294680	32	0.6638
chr1	294711	294712	28	0.764
chr1	294726	294727	29	0.8284
chr1	294776	294777	35	0.862
chr1	294821	294822	35	0.7063
chr1	294853	294854	39	0.7342
chr1	294875	294876	34	0.6121
chr1	294891	294892	21	0.601
chr1	294906	294907	26	0.6392
chr1	294934	294935	18	0.8134
chr1	294984	294985	24	0.6655
chr1	295020	295021	28	0.7037
chr1	295070	295071	29	0.904
chr1	295085	295086	32	0.8646
chr1	295110	295111	29	0.7736
chr1	295210	295211	27	0.7129
chr1	295280	295281	29	0.8162
chr1	295380	295381	25	0.7575
chr1	295480	295481	26	0.8611
chr1	295544	295545	30	0.7425
chr1	295644	295645	17	0.7273
chr1	295734	295735	33	0.6865
chr1	295744	295745	29	0.5756
chr1	295776	295777	30	0.2726
chr1	295826	295827	30	0.5306
chr1	295856	295857	29	0.369
chr1	295882	295883	31	0.5366
chr1	295919	295920	36	0.5591
chr1	295936	295937	40	0.4743
chr1	295967	295968	30	0.4755
chr1	295988	295989	33	0.4841
chr1	296034	296035	39	0.4865
chr1	296076	296077	36	0.5914
chr1	296122	296123	28	0.3473
chr1	296144	296145	36	0.4606
chr1	296170	296171	24	0.4691
chr1	296193	296194	33	0.5358
chr1	296231	296232	32	0.6158
chr1	296247	296248	35	0.5121
chr1	296284	296285	39	0.3546
chr1	296334	296335	36	0.5612
chr1	296434	296435	30	0.598
chr1	296534	296535	25	0.4949
chr1	296633	296634	29	0.3218
chr1	296733	296734	26	0.404
chr1	296783	296784	25	0.4185
chr1	296815	296816	28	0.8195
chr1	296827	296828	21	0.907
chr1	296845	296846	24	0.6884
chr1	296861	296862	23	0.5774
chr1	297023	297024	20	0.6735
chr1	297143	297144	26	0.7434
chr1	297209	297210	30	0.7052
chr1	297229	297230	32	0.8418
chr1	297258	297259	33	0.612
chr1	297277	297278	18	0.7935
chr1	297314	297315	28	0.7143
chr1	297344	297345	22	0.7724
chr1	297383	297384	27	0.8904
chr1	297433	297434	30	0.815
chr1	297448	297449	31	0.8041
chr1	297470	297471	33	0.6353
chr1	297520	297521	26	0.7108
chr1	297541	297542	25	0.676
chr1	297575	297576	22	0.6687
chr1	297618	297619	27	0.7329
chr1	297637	297638	29	0.5598
chr1	297656	297657	36	0.6636
chr1	297679	297680	37	0.7376
chr1	297719	297720	31	0.8293
chr1	297743	297744	25	0.787
chr1	297755	297756	25	0.6367
chr1	297855	297856	30	0.7848
chr1	297955	297956	31	0.7645
chr1	298055	298056	28	0.7508
chr1	298123	298124	27	0.852
chr1	298223	298224	20	0.749
chr1	298237	298238	31	0.8695
chr1	298283	298284	29	0.7474
chr1	298307	298308	29	0.7975
chr1	298341	298342	31	0.7094
chr1	298362	298363	29	0.893
chr1	298395	298396	37	0.3255
chr1	298414	298415	42	0.5574
chr1	298443	298444	27	0.4307
chr1	298486	298487	27	0.229
chr1	298516	298517	20	0.193
chr1	298555	298556	32	0.1052
chr1	298572	298573	34	0.0271
chr1	298620	298621	33	0.0063
chr1	298635	298636	27	0.3693
chr1	298674	298675	17	0.6101
chr1	298690	298691	26	0.7135
chr1	298723	298724	34	0.4659
chr1	298807	298808	22	0.932
chr1	298907	298908	33	0.4841
chr1	298975	298976	30	0.833
chr1	299054	299055	34	0.6126
chr1	299064	299065	27	1.0
chr1	299070	299071	25	0.7692
chr1	299081	299082	25	0.8008
chr1	299103	299104	25	0.4921
chr1	299132	299133	29	0.5575
chr1	299181	299182	22	0.7965
chr1	299199	299200	34	0.8287
chr1	299224	299225	32	0.7258
chr1	299245	299246	29	0.4852
chr1	299272	299273	36	0.6735
chr1	299287	299288	36	0.8005
chr1	299316	299317	27	0.6638
chr1	299366	299367	27	0.7889
chr1	299384	299385	27	0.7992
chr1	299407	299408	38	0.7474
chr1	299431	299432	32	0.8574
chr1	299458	299459	41	0.8312
chr1	299484	299485	27	0.6833
chr1	299524	299525	23	0.6875
chr1	299545	299546	30	0.8224
chr1	299578	299579	34	0.6389
chr1	299588	299589	24	0.7477
chr1	299649	299650	29	0.5575
chr1	299749	299750	27	0.6743
chr1	299849	299850	36	0.7685
chr1	299949	299950	30	0.8215
chr1	299999	300000	33	0.7957
chr1	300003	300004	34	0.7476
chr1	302120	302121	23	0.7763
chr1	302170	302171	32	0.537
chr1	302195	302196	20	0.574
chr1	302215	302216	29	0.5976
chr1	302250	302251	28	0.7299
chr1	302265	302266	31	0.6497
chr1	302315	302316	36	0.6426
chr1	302333	302334	21	0.6975
chr1	302381	302382	21	0.6352
chr1	302431	302432	32	0.6856
chr1	302478	302479	22	0.644
chr1	302528	302529	28	0.5254
chr1	302578	302579	22	0.652
chr1	302628	302629	27	0.7525
chr1	302647	302648	31	0.6585
chr1	302747	302748	32	0.7133
chr1	302797	302798	45	0.8176
chr1	302897	302898	36	0.7153
chr1	302947	302948	33	0.5917
chr1	303047	303048	29	0.6616
chr1	303098	303099	29	0.5422
chr1	303188	303189	30	0.6143
chr1	303219	303220	30	0.8253
chr1	303249	303250	26	0.8006
chr1	303264	303265	32	0.886
chr1	303314	303315	31	0.9566
chr1	303329	303330	18	0.8046
chr1	303355	303356	31	0.8002
chr1	303379	303380	33	0.7886
chr1	303398	303399	30	0.9094
chr1	303421	303422	36	0.6432
chr1	303436	303437	25	0.9123
chr1	303486	303487	23	0.7991
chr1	303536	303537	32	0.8591
chr1	303568	303569	27	0.7809
chr1	303586	303587	26	0.6215
chr1	303612	303613	31	0.9504
chr1	303627	303628	31	0.8522
chr1	303672	303673	28	0.9063
chr1	303698	303699	39	0.8404
chr1	303728	303729	35	0.8847
chr1	303732	303733	22	0.8865
chr1	303832	303833	36	0.7561
chr1	303909	303910	39	0.8382
chr1	304009	304010	32	0.8771
chr1	304109	304110	30	0.9536
chr1	304209	304210	26	0.843
chr1	304235	304236	28	0.888
chr1	304237	304238	23	0.7552
chr1	304252	304253	23	0.6233
chr1	304295	304296	21	0.581
chr1	304328	304329	30	0.4668
chr1	304343	304344	32	0.5778
chr1	304372	304373	26	0.6071
chr1	304422	304423	33	0.5656
chr1	304460	304461	30	0.4474
chr1	304477	304478	29	0.4616
chr1	304527	304528	27	0.6426
chr1	304568	304569	33	0.6133
chr1	304592	304593	28	0.5563
chr1	304613	304614	27	0.5903
chr1	304661	304662	28	0.6373
chr1	304678	304679	28	0.5464
chr1	304716	304717	26	0.5881
chr1	304733	304734	38	0.6301
chr1	304819	304820	39	0.6313
chr1	304919	304920	31	0.6648
chr1	304985	304986	25	0.5976
chr1	305085	305086	43	0.6074
chr1	305177	305178	26	0.5373
chr1	305219	305220	34	0.6007
chr1	305267	305268	30	0.6293
chr1	305296	305297	37	0.6691
chr1	305315	305316	36	0.759
chr1	305338	305339	22	0.6347
chr1	305355	305356	28	0.6817
chr1	305388	305389	34	0.6174
chr1	305403	305404	30	0.585
chr1	305424	305425	26	0.9022
chr1	305457	305458	35	0.6606
chr1	305502	305503	27	0.5994
chr1	305549	305550	29	0.5905
chr1	305588	305589	31	0.75
chr1	305619	305620	31	0.7336
chr1	305669	305670	34	0.7344
chr1	305719	305720	31	0.7717
chr1	305746	305747	23	0.6043
chr1	305810	305811	28	0.6446
chr1	305910	305911	34	0.8857
chr1	305960	305961	36	0.5845
chr1	306047	306048	42	0.8538
chr1	306147	306148	26	0.6721
chr1	306161	306162	28	0.8445
chr1	306205	306206	20	0.7567
chr1	306246	306247	31	0.7476
chr1	306262	306263	28	0.7953
chr1	306282	306283	25	0.66
chr1	306306	306307	41	0.6068
chr1	306356	306357	31	0.7061
chr1	306377	306378	25	0.8188
chr1	306418	306419	29	0.542
chr1	306433	306434	27	0.6246
chr1	306483	306484	45	0.6375
chr1	306505	306506	33	0.6123
chr1	306526	306527	30	0.6995
chr1	306547	306548	32	0.6723
chr1	306563	306564	28	0.7124
chr1	306585	306586	21	0.511
chr1	306635	306636	26	0.7374
chr1	306734	306735	28	0.704
chr1	306745	306746	24	0.7543
chr1	306826	306827	28	0.6269
chr1	306881	306882	17	0.6548
chr1	306981	306982	26	0.5718
chr1	307047	307048	27	0.731
chr1	307147	307148	34	0.6772
chr1	307163	307164	31	0.7629
chr1	307209	307210	30	0.7827
chr1	307235	307236	26	0.2152
chr1	307267	307268	23	0.2256
chr1	307302	307303	27	0.22
chr1	307332	307333	31	0.0955
chr1	307360	307361	25	0.2694
chr1	307388	307389	35	0.2865
chr1	307420	307421	27	0.3212
chr1	307445	307446	37	0.0635
chr1	307464	307465	27	0.3792
chr1	307480	307481	26	0.3658
chr1	307504	307505	27	0.2996
chr1	307534	307535	35	0.1459
chr1	307568	307569	19	0.2603
chr1	307615	307616	31	0.1786
chr1	307638	307639	29	0.1414
chr1	307653	307654	35	0.1336
chr1	307671	307672	29	0.2627
chr1	307721	307722	21	0.1698
chr1	307755	307756	22	0.3622
chr1	307788	307789	31	0.2367
chr1	307888	307889	22	0.3767
chr1	307988	307989	28	0.2396
chr1	308054	308055	33	0.2743
chr1	308154	308155	44	0.1088
chr1	308254	308255	27	0.1216
chr1	308302	308303	31	0.1432
chr1	308304	308305	29	0.2576
chr1	308313	308314	30	0.4703
chr1	308328	308329	38	0.359
chr1	308343	308344	35	0.5322
chr1	308390	308391	24	0.5486
chr1	308411	308412	36	0.1922
chr1	308444	308445	34	0.3867
chr1	308467	308468	27	0.5658
chr1	308508	308509	25	0.298
chr1	308523	308524	30	0.2437
chr1	308562	308563	27	0.2985
chr1	308597	308598	29	0.4218
chr1	308612	308613	42	0.5447
chr1	308656	308657	32	0.3662
chr1	308706	308707	39	0.3
chr1	308756	308757	34	0.4926
chr1	308774	308775	32	0.251
chr1	308818	308819	31	0.2698
chr1	308918	308919	21	0.4812
chr1	309018	309019	24	0.293
chr1	309113	309114	27	0.2339
chr1	309213	309214	24	0.2199
chr1	309263	309264	28	0.4194
chr1	309321	309322	30	0.4624
chr1	309327	309328	28	0.5708
chr1	309333	309334	36	0.7309
chr1	309351	309352	35	0.732
chr1	309401	309402	23	0.5842
chr1	309547	309548	39	0.5835
chr1	309613	309614	32	0.733
chr1	309713	309714	21	0.6862
chr1	309733	309734	34	0.7019
chr1	309809	309810	26	0.4511
chr1	309851	309852	23	0.6821
chr1	309880	309881	31	0.7081
chr1	309907	309908	28	0.6501
chr1	309957	309958	27	0.6553
chr1	309982	309983	37	0.8205
chr1	309998	309999	27	0.5841
chr1	310048	310049	34	0.6588
chr1	310093	310094	24	0.7516
chr1	310113	310114	28	0.8413
chr1	310133	310134	36	0.8333
chr1	310173	310174	37	0.7063
chr1	310271	310272	33	0.6731
chr1	310371	310372	36	0.7854
chr1	310471	310472	37	0.8943
chr1	310477	310478	19	0.7625
chr1	310557	310558	26	0.7107
chr1	310595	310596	31	0.7252
chr1	310634	310635	32	0.6433
chr1	310672	310673	18	0.4433
chr1	310693	310694	40	0.5353
chr1	310718	310719	32	0.552
chr1	310739	310740	27	0.5712
chr1	310759	310760	29	0.7648
chr1	310797	310798	34	0.6775
chr1	310841	310842	34	0.5489
chr1	310891	310892	26	0.6068
chr1	310929	310930	35	0.5766
chr1	310956	310957	26	0.5502
chr1	310998	310999	27	0.624
chr1	311013	311014	23	0.6799
chr1	311026	311027	41	0.7123
chr1	311126	311127	35	0.4934
chr1	311226	311227	30	0.6179
chr1	311326	311327	23	0.5466
chr1	311379	311380	29	0.7214
chr1	311429	311430	28	0.5922
chr1	311441	311442	35	0.6993
chr1	311457	311458	33	0.9023
chr1	311462	311463	27	0.516
chr1	311501	311502	36	0.519
chr1	311541	311542	34	0.5548
chr1	311585	311586	36	0.5758
chr1	311622	311623	32	0.4909
chr1	311664	311665	28	0.4304
chr1	311699	311700	29	0.5811
chr1	311730	311731	30	0.5778
chr1	311762	311763	33	0.6436
chr1	311804	311805	26	0.5357
chr1	311854	311855	29	0.4998
chr1	311904	311905	20	0.4309
chr1	311951	311952	40	0.5443
chr1	311991	311992	31	0.5066
chr1	311993	311994	35	0.4618
chr1	312061	312062	24	0.4524
chr1	312161	312162	34	0.4758
chr1	312261	312262	32	0.4583
chr1	312316	312317	26	0.5654
chr1	312416	312417	28	0.5756
chr1	312498	312499	25	0.6237
chr1	312552	312553	37	0.9195
chr1	312636	312637	29	0.801
chr1	312726	312727	39	0.8237
chr1	312742	312743	27	0.7039
chr1	312766	312767	28	0.9362
chr1	312784	312785	30	0.669
chr1	312828	312829	34	0.9729
chr1	312906	312907	25	0.8826
chr1	312974	312975	35	0.9192
chr1	312990	312991	36	0.7616
chr1	313037	313038	17	0.4882
chr1	313067	313068	31	0.6417
chr1	313097	313098	35	0.5986
chr1	313130	313131	29	0.4832
chr1	313148	313149	30	0.4208
chr1	313164	313165	25	0.5268
chr1	313185	313186	39	0.3746
chr1	313235	313236	28	0.5642
chr1	313265	313266	29	0.5373
chr1	313297	313298	32	0.508
chr1	313312	313313	25	0.3899
chr1	313327	313328	32	0.5544
chr1	313353	313354	29	0.6023
chr1	313374	313375	27	0.5356
chr1	313424	313425	31	0.4444
chr1	313443	313444	25	0.5871
chr1	313458	313459	27	0.6599
chr1	313482	313483	25	0.5693
chr1	313497	313498	34	0.43
chr1	313505	313506	30	0.4221
chr1	313587	313588	26	0.5844
chr1	313650	313651	30	0.637
chr1	313700	313701	22	0.4971
chr1	313800	313801	30	0.5133
chr1	313871	313872	35	0.4573
chr1	313932	313933	36	0.491
chr1	313974	313975	31	0.5538
chr1	313983	313984	36	0.544
chr1	314019	314020	28	0.6709
chr1	314044	314045	29	0.5877
chr1	314092	314093	35	0.6102
chr1	314142	314143	26	0.4384
chr1	314162	314163	34	0.4142
chr1	314181	314182	28	0.7706
chr1	314201	314202	18	0.3727
chr1	314233	314234	30	0.3851
chr1	314251	314252	33	0.6422
chr1	314285	314286	34	0.6714
chr1	314300	314301	48	0.6523
chr1	314350	314351	24	0.4722
chr1	314400	314401	28	0.6563
chr1	314439	314440	37	0.3813
chr1	314470	314471	33	0.4555
chr1	314491	314492	23	0.4935
chr1	314539	314540	30	0.5909
chr1	314556	314557	33	0.6454
chr1	314557	314558	27	0.513
chr1	314657	314658	29	0.479
chr1	314754	314755	31	0.4534
chr1	314804	314805	23	0.5589
chr1	314904	314905	30	0.4476
chr1	315004	315005	31	0.7474
chr1	315095	315096	29	0.4651
chr1	315179	315180	30	0.8592
chr1	315225	315226	29	0.8161
chr1	315307	315308	31	0.7245
chr1	315349	315350	30	0.6093
chr1	315413	315414	28	0.8322
chr1	315423	315424	35	0.7096
chr1	315449	315450	34	0.6608
chr1	315487	315488	36	0.7735
chr1	315537	315538	25	0.8699
chr1	315587	315588	36	0.6818
chr1	315602	315603	20	0.7055
chr1	315652	315653	28	0.6525
chr1	315696	315697	26	0.6602
chr1	315712	315713	36	0.802
chr1	315762	315763	30	0.7011
chr1	315793	315794	22	0.7756
chr1	315808	315809	26	0.6313
chr1	315838	315839	34	0.8638
chr1	315859	315860	39	0.8462
chr1	315876	315877	26	0.8296
chr1	315976	315977	27	0.7098
chr1	316076	316077	33	0.6381
chr1	316176	316177	33	0.7673
chr1	316226	316227	36	0.6783
chr1	316282	316283	39	0.6257
chr1	316342	316343	33	0.7898
chr1	316370	316371	27	0.7077
chr1	316396	316397	26	0.349
chr1	316422	316423	29	0.0909
chr1	316437	316438	27	0.3198
chr1	316487	316488	21	0.1971
chr1	316537	316538	36	0.1594
chr1	316552	316553	28	0.1164
chr1	316580	316581	17	0.0964
chr1	316623	316624	30	0.1733
chr1	316652	316653	28	0.2778
chr1	316702	316703	22	0.1853
chr1	316722	316723	24	0.2622
chr1	316772	316773	27	0.0993
chr1	316806	316807	26	0.1927
chr1	316856	316857	32	0.286
chr1	316895	316896	25	0.0041
chr1	316896	316897	31	0.1388
chr1	316946	316947	31	0.2442
chr1	317019	317020	26	0.2584
chr1	317069	317070	32	0.0524
chr1	317159	317160	25	0.3828
chr1	317259	317260	34	0.0734
chr1	317356	317357	26	0.3517
chr1	317420	317421	30	0.085
chr1	317447	317448	32	0.6246
chr1	317474	317475	25	0.6556
chr1	317497	317498	26	0.765
chr1	317542	317543	24	0.7872
chr1	317563	317564	33	0.632
chr1	317597	317598	36	0.7229
chr1	317627	317628	30	0.6464
chr1	317648	317649	27	0.7447
chr1	317698	317699	31	0.7182
chr1	317737	317738	31	0.8177
chr1	317753	317754	30	0.9697
chr1	317776	317777	30	0.7816
chr1	317826	317827	33	0.7729
chr1	317876	317877	31	0.7722
chr1	317926	317927	32	0.7124
chr1	317945	317946	30	0.786
chr1	317995	317996	27	0.8736
chr1	318050	318051	21	0.7289
chr1	318150	318151	31	0.8006
chr1	318250	318251	26	0.8189
chr1	318350	318351	35	0.6354
chr1	318372	318373	26	0.7343
chr1	318422	318423	29	0.9393
chr1	318431	318432	30	0.2467
chr1	318446	318447	36	0.3418
chr1	318470	318471	28	0.2668
chr1	318496	318497	35	0.3285
chr1	318531	318532	32	0.2781
chr1	318562	318563	21	0.2368
chr1	318582	318583	30	0.2047
chr1	318604	318605	33	0.2542
chr1	318638	318639	31	0.2735
chr1	318670	318671	33	0.2025
chr1	318694	318695	29	0.2199
chr1	318742	318743	26	0.2397
chr1	318792	318793	23	0.1707
chr1	318820	318821	36	0.1692
chr1	318835	318836	26	0.2829
chr1	318858	318859	23	0.2578
chr1	318889	318890	29	0.224
chr1	318918	318919	32	0.2757
chr1	319012	319013	29	0.2149
chr1	319112	319113	30	0.191
chr1	319210	319211	29	0.1491
chr1	319310	319311	20	0.2651
chr1	319330	319331	28	0.0
chr1	319382	319383	38	0.0464
chr1	319448	319449	27	0.0161
chr1	319520	319521	39	0.0
chr1	319560	319561	28	0.253
chr1	319688	319689	21	0.159
chr1	319716	319717	31	0.2034
chr1	319770	319771	25	0.0
chr1	319796	319797	21	0.2218
chr1	319818	319819	32	0.712
chr1	319868	319869	34	0.5682
chr1	319885	319886	31	0.719
chr1	319907	319908	25	0.7399
chr1	319953	319954	29	0.7374
chr1	320003	320004	38	0.5126
chr1	320049	320050	29	0.6674
chr1	320081	320082	29	0.7464
chr1	320109	320110	23	0.7971
chr1	320124	320125	35	0.7834
chr1	320151	320152	30	0.7637
chr1	320201	320202	30	0.7096
chr1	320226	320227	34	0.5874
chr1	320241	320242	30	0.7472
chr1	320269	320270	37	0.8476
chr1	320275	320276	28	0.7984
chr1	320375	320376	28	0.6745
chr1	320475	320476	31	0.7427
chr1	320525	320526	26	0.7535
chr1	320596	320597	25	0.8664
chr1	320696	320697	10	0.7272
chr1	320730	320731	26	1.0
chr1	320750	320751	33	0.2291
chr1	320800	320801	28	0.1151
chr1	320848	320849	34	0.0221
chr1	320863	320864	31	0.0579
chr1	320902	320903	39	0.2942
chr1	320952	320953	39	0.3079
chr1	320980	320981	29	0.194
chr1	321026	321027	30	0.1599
chr1	321043	321044	32	0.1231
chr1	321082	321083	29	0.1905
chr1	321117	321118	24	0.3304
chr1	321132	321133	22	0.2174
chr1	321176	321177	28	0.1008
chr1	321204	321205	27	0.2968
chr1	321251	321252	31	0.107
chr1	321271	321272	24	0.2662
chr1	321287	321288	28	0.0753
chr1	321302	321303	29	0.1532
chr1	321332	321333	29	0.0642
chr1	321396	321397	21	0.3032
chr1	321489	321490	31	0.2215
chr1	321539	321540	38	0.1259
chr1	321639	321640	31	0.181
chr1	321689	321690	21	0.0477
chr1	321789	321790	34	0.1346
chr1	321889	321890	23	0.1699
chr1	321961	321962	30	0.2247
chr1	321987	321988	28	0.2544
chr1	322011	322012	20	0.7831
chr1	322034	322035	34	0.6695
chr1	322060	322061	31	0.7726
chr1	322097	322098	35	0.7564
chr1	322128	322129	26	0.9272
chr1	322178	322179	37	0.86
chr1	322199	322200	26	0.8766
chr1	322245	322246	35	0.8628
chr1	322278	322279	35	0.6322
chr1	322314	322315	19	0.6238
chr1	322330	322331	29	0.7328
chr1	322374	322375	35	0.8572
chr1	322424	322425	32	0.6583
chr1	322444	322445	21	0.8492
chr1	322494	322495	30	0.7471
chr1	322548	322549	29	0.6933
chr1	322648	322649	27	0.7931
chr1	322748	322749	26	0.831
chr1	322848	322849	21	0.8911
chr1	322934	322935	30	0.8595
chr1	322936	322937	34	1.0
chr1	322970	322971	20	0.1406
chr1	323020	323021	26	0.1719
chr1	323036	323037	29	0.1634
chr1	323063	323064	34	0.0995
chr1	323094	323095	29	0.0795
chr1	323144	323145	21	0.0781
chr1	323159	323160	38	0.1027
chr1	323193	323194	41	0.1301
chr1	323210	323211	36	0.0284
chr1	323260	323261	37	0.017
chr1	323298	323299	34	0.0627
chr1	323348	323349	35	0.0273
chr1	323368	323369	32	0.1882
chr1	323401	323402	28	0.0309
chr1	323424	323425	30	0.3611
chr1	323426	323427	20	0.1288
chr1	323497	323498	35	0.0465
chr1	323597	323598	35	0.1257
chr1	323662	323663	24	0.2687
chr1	323762	323763	29	0.1571
chr1	323862	323863	29	0.1365
chr1	323940	323941	24	0.1045
chr1	323952	323953	36	0.7397
chr1	323967	323968	29	0.627
chr1	323982	323983	27	0.6811
chr1	324032	324033	28	0.6605
chr1	324061	324062	39	0.6001
chr1	324111	324112	17	0.6539
chr1	324130	324131	27	0.7152
chr1	324158	324159	28	0.8386
chr1	324208	324209	30	0.6567
chr1	324227	324228	24	0.7014
chr1	324260	324261	30	0.7857
chr1	324300	324301	33	0.6503
chr1	324322	324323	27	0.6362
chr1	324343	324344	28	0.7089
chr1	324371	324372	22	0.606
chr1	324391	324392	31	0.7193
chr1	324411	324412	34	0.696
chr1	324416	324417	34	0.7928
chr1	324499	324500	22	0.631
chr1	324599	324600	30	0.7515
chr1	324649	324650	34	0.6248
chr1	324710	324711	22	0.8581
chr1	324810	324811	34	0.7233
chr1	324888	324889	36	0.5597
chr1	324900	324901	29	0.6287
chr1	324922	324923	32	0.2917
chr1	324959	324960	22	0.016
chr1	324995	324996	32	0.0
chr1	325045	325046	30	0.2472
chr1	325062	325063	25	0.3354
chr1	325080	325081	27	0.0279
chr1	325130	325131	43	0.3925
chr1	325168	325169	36	0.2664
chr1	325198	325199	32	0.361
chr1	325242	325243	22	0.0
chr1	325292	325293	30	0.0081
chr1	325315	325316	30	0.3854
chr1	325355	325356	31	0.2325
chr1	325370	325371	28	0.4866
chr1	325385	325386	34	0.0138
chr1	325407	325408	25	0.1317
chr1	325431	325432	34	0.3106
chr1	325448	325449	28	0.2507
chr1	325454	325455	35	0.0554
chr1	325519	325520	22	0.0251
chr1	325590	325591	34	0.0028
chr1	325690	325691	24	0.3871
chr1	325790	325791	25	0.0572
chr1	325890	325891	27	0.0
chr1	325974	325975	28	0.0
chr1	326028	326029	28	0.1337
chr1	326058	326059	32	0.0906
chr1	326081	326082	23	0.673
chr1	326120	326121	34	0.7302
chr1	326160	326161	33	0.5791
chr1	326188	326189	29	0.6863
chr1	326227	326228	26	0.7671
chr1	326277	326278	27	0.7375
chr1	326303	326304	27	0.8346
chr1	326323	326324	33	0.6676
chr1	326352	326353	27	0.7087
chr1	326402	326403	31	0.676
chr1	326441	326442	34	0.6522
chr1	326467	326468	32	0.7301
chr1	326512	326513	38	0.7424
chr1	326532	326533	32	0.6974
chr1	326547	326548	27	0.7223
chr1	326588	326589	32	0.7849
chr1	326608	326609	32	0.6391
chr1	326682	326683	24	0.5712
chr1	326782	326783	33	0.7733
chr1	326832	326833	23	0.6954
chr1	326907	326908	27	0.82
chr1	326969	326970	28	0.7493
chr1	327032	327033	31	0.6432
chr1	327105	327106	31	0.6978
chr1	327139	327140	42	0.6888
chr1	327181	327182	34	0.7728
chr1	327198	327199	34	0.8707
chr1	327248	327249	35	0.7076
chr1	327263	327264	36	0.7745
chr1	327313	327314	32	0.8059
chr1	327363	327364	33	0.7989
chr1	327389	327390	29	0.8732
chr1	327417	327418	25	0.9012
chr1	327436	327437	37	0.5356
chr1	327480	327481	29	0.8228
chr1	327525	327526	34	0.7704
chr1	327540	327541	24	0.6953
chr1	327640	327641	32	0.8349
chr1	327679	327680	35	0.9107
chr1	327729	327730	26	0.6711
chr1	327779	327780	29	0.8043
chr1	327829	327830	24	0.6939
chr1	327879	327880	33	0.8253
chr1	327968	327969	36	0.7122
chr1	328068	328069	29	0.7663
chr1	328154	328155	29	0.731
chr1	328160	328161	33	0.7718
chr1	328205	328206	28	0.6756
chr1	328228	328229	31	0.7342
chr1	328257	328258	26	0.6121
chr1	328277	328278	33	0.8357
chr1	328300	328301	28	0.7338
chr1	328327	328328	36	0.701
chr1	328349	328350	33	0.582
chr1	328367	328368	32	0.7887
chr1	328395	328396	33	0.5566
chr1	328420	328421	31	0.6667
chr1	328467	328468	30	0.7149
chr1	328505	328506	30	0.6858
chr1	328524	328525	21	0.6052
chr1	328539	328540	33	0.6801
chr1	328571	328572	37	0.8605
chr1	328605	328606	29	0.8032
chr1	328638	328639	29	0.6334
chr1	328661	328662	31	0.6636
chr1	328710	328711	28	0.6836
chr1	328741	328742	35	0.9511
chr1	328746	328747	33	0.8232
chr1	328836	328837	33	0.7389
chr1	328891	328892	40	0.6634
chr1	328962	328963	22	0.6906
chr1	329012	329013	25	0.7811
chr1	329112	329113	29	0.5553
chr1	329212	329213	29	0.6068
chr1	329252	329253	32	0.5964
chr1	329312	329313	19	0.6973
chr1	330341	330342	33	0.738
chr1	330366	330367	35	0.6923
chr1	330389	330390	31	0.652
chr1	330421	330422	26	0.7218
chr1	330471	330472	31	0.8169
chr1	330521	330522	25	0.7037
chr1	330559	330560	37	0.5242
chr1	330585	330586	32	0.7854
chr1	330619	330620	19	0.7424
chr1	330634	330635	29	0.5582
chr1	330660	330661	23	0.8042
chr1	330708	330709	31	0.7796
chr1	330734	330735	28	0.5911
chr1	330750	330751	26	0.6155
chr1	330765	330766	29	0.7332
chr1	330815	330816	28	0.5959
chr1	330850	330851	30	0.6855
chr1	330876	330877	32	0.7593
chr1	330882	330883	26	0.6888
chr1	330982	330983	33	0.7198
chr1	331032	331033	40	0.748
chr1	331132	331133	36	0.7431
chr1	331232	331233	41	0.6384
chr1	331308	331309	25	0.6173
chr1	331397	331398	30	0.7747
chr1	331415	331416	36	0.8217
chr1	331501	331502	28	0.8584
chr1	331515	331516	28	0.7306
chr1	331725	331726	20	0.7555
chr1	331837	331838	28	0.6607
chr1	331851	331852	33	0.7112
chr1	331895	331896	30	0.8611
chr1	331911	331912	26	0.8136
chr1	331941	331942	24	0.9499
chr1	331967	331968	27	0.727
chr1	332012	332013	34	0.7694
chr1	332030	332031	32	0.7502
chr1	332080	332081	29	0.8949
chr1	332104	332105	32	0.8625
chr1	332126	332127	27	0.9235
chr1	332172	332173	39	0.8238
chr1	332206	332207	29	0.89
chr1	332239	332240	41	0.7436
chr1	332254	332255	29	0.7461
chr1	332290	332291	28	0.7999
chr1	332337	332338	31	0.9131
chr1	332373	332374	26	0.8784
chr1	332422	332423	30	0.6293
chr1	332437	332438	19	0.8741
chr1	332487	332488	27	0.8241
chr1	332503	332504	31	0.9445
chr1	332603	332604	31	0.745
chr1	332658	332659	41	0.8041
chr1	332721	332722	28	0.7677
chr1	332821	332822	27	0.8809
chr1	332921	332922	26	0.7432
chr1	333021	333022	30	0.8447
chr1	333107	333108	28	0.9483
chr1	333148	333149	28	0.6116
chr1	333172	333173	25	0.5285
chr1	333218	333219	41	0.6316
chr1	333268	333269	23	0.6694
chr1	333307	333308	26	0.6301
chr1	333324	333325	24	0.7356
chr1	333374	333375	29	0.6061
chr1	333389	333390	25	0.6239
chr1	333404	333405	39	0.4114
chr1	333423	333424	36	0.7024
chr1	333461	333462	29	0.3741
chr1	333492	333493	36	0.3633
chr1	333507	333508	29	0.8043
chr1	333542	333543	24	0.653
chr1	333560	333561	33	0.7737
chr1	333607	333608	36	0.5523
chr1	333634	333635	27	0.4943
chr1	333657	333658	29	0.3796
chr1	333672	333673	24	0.6408
chr1	333673	333674	26	0.7409
chr1	333723	333724	32	0.7987
chr1	333823	333824	25	0.537
chr1	333923	333924	27	0.643
chr1	333983	333984	38	0.4941
chr1	334033	334034	26	0.8101
chr1	334133	334134	27	0.8788
chr1	334206	334207	29	0.7619
chr1	334240	334241	31	0.6195
chr1	334247	334248	34	0.4033
chr1	334270	334271	30	0.4717
chr1	334318	334319	28	0.4552
chr1	334344	334345	23	0.5182
chr1	334370	334371	38	0.4865
chr1	334402	334403	21	0.3667
chr1	334439	334440	28	0.277
chr1	334463	334464	33	0.332
chr1	334512	334513	26	0.5342
chr1	334535	334536	34	0.2587
chr1	334559	334560	38	0.2772
chr1	334605	334606	32	0.2702
chr1	334625	334626	26	0.3645
chr1	334643	334644	31	0.42
chr1	334658	334659	40	0.2315
chr1	334683	334684	33	0.3283
chr1	334712	334713	21	0.3341
chr1	334734	334735	28	0.3583
chr1	334784	334785	31	0.2964
chr1	334792	334793	30	0.3974
chr1	334892	334893	31	0.5289
chr1	335092	335093	27	0.399
chr1	335192	335193	28	0.5135
chr1	335292	335293	31	0.5465
chr1	335360	335361	27	0.7818
chr1	335390	335391	27	0.6629
chr1	335498	335499	27	0.8075
chr1	335502	335503	37	0.6556
chr1	335570	335571	29	0.71
chr1	335592	335593	23	0.7872
chr1	335606	335607	35	0.6811
chr1	335624	335625	30	0.384
chr1	335656	335657	31	0.7048
chr1	335688	335689	27	0.4297
chr1	335703	335704	32	0.7673
chr1	335737	335738	17	0.9735
chr1	335752	335753	22	0.793
chr1	335771	335772	29	0.9116
chr1	335794	335795	15	0.9587
chr1	335809	335810	23	0.9051
chr1	335826	335827	32	1.0
chr1	335868	335869	24	0.9452
chr1	335883	335884	34	0.9843
chr1	335900	335901	32	0.8949
chr1	335941	335942	28	0.8281
chr1	335980	335981	29	0.855
chr1	336005	336006	35	0.7326
chr1	336052	336053	34	0.8139
chr1	336067	336068	30	0.8878
chr1	336097	336098	27	0.8747
chr1	336120	336121	27	0.7588
chr1	336159	336160	26	0.9335
chr1	336174	336175	23	0.7831
chr1	336175	336176	25	0.9828
chr1	336239	336240	23	0.8214
chr1	336339	336340	33	0.9331
chr1	336439	336440	27	0.7891
chr1	336539	336540	33	0.8873
chr1	336597	336598	39	0.9298
chr1	336685	336686	30	0.8504
chr1	336697	336698	33	0.9907
chr1	336703	336704	17	0.7837
chr1	336731	336732	37	0.8272
chr1	336750	336751	34	0.9354
chr1	336766	336767	33	0.832
chr1	336798	336799	29	0.8831
chr1	336825	336826	23	0.9711
chr1	336875	336876	28	0.7568
chr1	336900	336901	32	0.9751
chr1	336926	336927	26	0.8984
chr1	336941	336942	33	0.9631
chr1	336970	336971	32	0.6715
chr1	336993	336994	29	0.8633
chr1	337016	337017	35	0.9791
chr1	337057	337058	37	0.8968
chr1	337107	337108	23	0.8574
chr1	337129	337130	31	0.6584
chr1	337179	337180	34	0.6526
chr1	337187	337188	38	0.7193
chr1	337287	337288	26	0.5895
chr1	337387	337388	37	0.6338
chr1	337487	337488	29	0.6228
chr1	337587	337588	31	0.7242
chr1	337653	337654	31	0.9293
chr1	337683	337684	27	0.9936
chr1	337739	337740	28	0.747
chr1	337747	337748	31	0.9071
chr1	337851	337852	32	0.8858
chr1	337877	337878	33	0.7701
chr1	337915	337916	30	0.9135
chr1	337957	337958	27	0.8182
chr1	338063	338064	34	0.9479
chr1	338100	338101	22	0.0536
chr1	338150	338151	33	0.0772
chr1	338185	338186	22	0.1488
chr1	338214	338215	27	0.1
chr1	338264	338265	35	0.2572
chr1	338293	338294	35	0.2442
chr1	338311	338312	36	0.2466
chr1	338344	338345	32	0.2141
chr1	338373	338374	35	0.1294
chr1	338410	338411	27	0.0665
chr1	338436	338437	28	0.2411
chr1	338469	338470	30	0.1592
chr1	338485	338486	30	0.1768
chr1	338501	338502	31	0.0944
chr1	338551	338552	29	0.1082
chr1	338600	338601	36	0.021
chr1	338606	338607	32	0.2693
chr1	338678	338679	30	0.0155
chr1	338778	338779	25	0.0
chr1	338878	338879	33	0.0055
chr1	338928	338929	30	0.1304
chr1	338981	338982	30	0.2844
chr1	339031	339032	34	0.058
chr1	339106	339107	39	0.1111
chr1	339146	339147	25	0.0905
chr1	339152	339153	20	0.192
chr1	339179	339180	32	0.2078
chr1	339212	339213	31	0.0778
chr1	339248	339249	21	0.1065
chr1	339279	339280	33	0.2091
chr1	339313	339314	25	0.196
chr1	339334	339335	36	0.0814
chr1	339379	339380	37	0.0327
chr1	339406	339407	26	0.184
chr1	339440	339441	22	0.2225
chr1	339481	339482	23	0.1632
chr1	339517	339518	29	0.3156
chr1	339532	339533	34	0.1349
chr1	339582	339583	32	0.0874
chr1	339608	339609	30	0.2464
chr1	339624	339625	26	0.0634
chr1	339636	339637	23	0.1022
chr1	339736	339737	21	0.0225
chr1	339836	339837	30	0.0424
chr1	339936	339937	23	0.1607
chr1	340036	340037	29	0.0
chr1	340090	340091	30	0.1326
chr1	340118	340119	33	0.8124
chr1	340133	340134	35	0.7703
chr1	340160	340161	39	0.8015
chr1	340190	340191	27	0.8024
chr1	340205	340206	25	0.8749
chr1	340224	340225	30	0.6969
chr1	340254	340255	28	0.8202
chr1	340278	340279	24	0.8973
chr1	340328	340329	30	0.8272
chr1	340362	340363	32	0.7361
chr1	340400	340401	36	0.7497
chr1	340427	340428	33	0.937
chr1	340449	340450	26	0.9657
chr1	340483	340484	25	0.7614
chr1	340511	340512	40	0.8032
chr1	340553	340554	29	0.7547
chr1	340586	340587	36	0.8339
chr1	340636	340637	35	0.8647
chr1	340673	340674	26	0.8704
chr1	340690	340691	25	0.8886
chr1	340790	340791	30	0.9041
chr1	340880	340881	18	0.8595
chr1	340980	340981	23	0.9776
chr1	341041	341042	25	0.9758
chr1	341141	341142	42	0.7047
chr1	341241	341242	33	0.7391
chr1	341309	341310	22	0.9051
chr1	341331	341332	35	0.861
chr1	341341	341342	27	0.2375
chr1	341374	341375	27	0.1572
chr1	341390	341391	33	0.1299
chr1	341407	341408	23	0.3917
chr1	341436	341437	30	0.1122
chr1	341467	341468	35	0.316
chr1	341506	341507	30	0.3033
chr1	341526	341527	22	0.3424
chr1	341548	341549	27	0.2479
chr1	341598	341599	34	0.2327
chr1	341626	341627	20	0.1908
chr1	341660	341661	22	0.1595
chr1	341706	341707	30	0.2641
chr1	341746	341747	36	0.2834
chr1	341769	341770	27	0.2667
chr1	341788	341789	25	0.3571
chr1	341813	341814	28	0.2425
chr1	341829	341830	32	0.1374
chr1	341899	341900	22	0.3011
chr1	341999	342000	35	0.2963
chr1	342049	342050	36	0.1029
chr1	342099	342100	20	0.0687
chr1	342199	342200	30	0.2875
chr1	342257	342258	22	0.438
chr1	342259	342260	36	0.0303
chr1	342543	342544	34	0.0222
chr1	342559	342560	33	0.0
chr1	342647	342648	29	0.1413
chr1	342675	342676	26	0.1393
chr1	342705	342706	33	0.1623
chr1	342734	342735	19	0.5796
chr1	342754	342755	36	0.6065
chr1	342804	342805	39	0.7065
chr1	342833	342834	25	0.7437
chr1	342857	342858	23	0.4108
chr1	342882	342883	33	0.956
chr1	342897	342898	25	0.8296
chr1	342926	342927	32	0.6084
chr1	342942	342943	33	0.5798
chr1	342985	342986	29	0.5953
chr1	343027	343028	25	0.9486
chr1	343056	343057	23	1.0
chr1	343100	343101	28	0.9225
chr1	343129	343130	22	0.6015
chr1	343166	343167	34	0.7842
chr1	343198	343199	29	0.8848
chr1	343255	343256	26	0.6208
chr1	343355	343356	30	0.6016
chr1	343419	343420	35	0.8677
chr1	343519	343520	23	0.6373
chr1	343596	343597	30	0.5619
chr1	343655	343656	38	0.7714
chr1	343754	343755	25	0.7866
chr1	343795	343796	31	0.6906
chr1	343817	343818	28	0.9209
chr1	343832	343833	21	0.8294
chr1	343871	343872	33	0.7731
chr1	343905	343906	29	0.733
chr1	343955	343956	25	0.6525
chr1	343986	343987	25	0.7292
chr1	344017	344018	29	0.7116
chr1	344045	344046	27	0.5359
chr1	344095	344096	31	0.6384
chr1	344145	344146	29	0.7125
chr1	344191	344192	27	0.7766
chr1	344226	344227	25	0.8322
chr1	344253	344254	24	0.6995
chr1	344353	344354	26	0.7716
chr1	344453	344454	26	0.7182
chr1	344505	344506	30	0.7494
chr1	344605	344606	30	0.6746
chr1	344705	344706	28	0.777
chr1	344731	344732	24	0.8828
chr1	344762	344763	26	0.852
chr1	344795	344796	29	0.7448
chr1	344831	344832	36	0.8708
chr1	344870	344871	23	0.8006
chr1	344885	344886	27	0.7579
chr1	344922	344923	29	0.8634
chr1	344952	344953	22	0.8075
chr1	344971	344972	31	0.8557
chr1	344989	344990	38	0.8476
chr1	345039	345040	29	0.7463
chr1	345081	345082	31	0.9211
chr1	345098	345099	33	0.7847
chr1	345148	345149	27	0.8433
chr1	345179	345180	34	0.7981
chr1	345189	345190	38	0.7564
chr1	345289	345290	35	0.5829
chr1	345389	345390	27	0.9502
chr1	345489	345490	33	0.6936
chr1	345567	345568	28	0.8023
chr1	345591	345592	30	0.9281
chr1	345635	345636	30	0.7539
chr1	345645	345646	34	0.4417
chr1	345669	345670	28	0.4682
chr1	345691	345692	33	0.4624
chr1	345711	345712	42	0.4472
chr1	345761	345762	30	0.4978
chr1	345803	345804	27	0.5067
chr1	345818	345819	26	0.4822
chr1	345835	345836	26	0.4458
chr1	345866	345867	32	0.3437
chr1	345898	345899	33	0.4594
chr1	345916	345917	27	0.629
chr1	345933	345934	32	0.4367
chr1	345952	345953	29	0.4995
chr1	346002	346003	30	0.4588
chr1	346017	346018	26	0.4406
chr1	346036	346037	34	0.5946
chr1	346051	346052	28	0.6084
chr1	346074	346075	32	0.6784
chr1	346096	346097	34	0.4637
chr1	346145	346146	27	0.4155
chr1	346156	346157	28	0.4399
chr1	346206	346207	24	0.5186
chr1	346271	346272	31	0.3198
chr1	346367	346368	29	0.4283
chr1	346417	346418	21	0.5528
chr1	346517	346518	29	0.4575
chr1	346617	346618	30	0.5494
chr1	346621	346622	29	0.5773
chr1	346699	346700	29	0.622
chr1	346717	346718	29	0.8136
chr1	346737	346738	23	0.6221
chr1	346739	346740	29	0.5583
chr1	346763	346764	21	0.6735
chr1	346777	346778	37	0.5999
chr1	346785	346786	33	0.6316
chr1	346823	346824	31	0.6189
chr1	346981	346982	26	0.836
chr1	346991	346992	31	0.1312
chr1	347030	347031	32	0.3469
chr1	347072	347073	35	0.2534
chr1	347110	347111	22	0.2517
chr1	347125	347126	31	0.4269
chr1	347175	347176	18	0.2336
chr1	347190	347191	39	0.2488
chr1	347222	347223	29	0.3832
chr1	347259	347260	22	0.3502
chr1	347309	347310	25	0.1983
chr1	347329	347330	27	0.4861
chr1	347357	347358	25	0.3248
chr1	347372	347373	38	0.384
chr1	347422	347423	33	0.3199
chr1	347472	347473	21	0.0565
chr1	347509	347510	24	0.4991
chr1	347512	347513	41	0.2316
chr1	347612	347613	32	0.4309
chr1	347670	347671	25	0.3097
chr1	347726	347727	29	0.1444
chr1	347826	347827	24	0.312
chr1	347899	347900	23	0.1612
chr1	347965	347966	28	0.3005
chr1	348011	348012	35	0.6687
chr1	348197	348198	28	0.6418
chr1	348277	348278	28	0.4242
chr1	348313	348314	42	0.5444
chr1	348335	348336	27	0.7538
chr1	348415	348416	20	0.6233
chr1	348420	348421	34	0.4007
chr1	348452	348453	32	0.3502
chr1	348494	348495	20	0.3385
chr1	348544	348545	26	0.4939
chr1	348588	348589	27	0.4491
chr1	348615	348616	26	0.3427
chr1	348636	348637	25	0.388
chr1	348686	348687	30	0.3187
chr1	348708	348709	20	0.3213
chr1	348732	348733	32	0.2689
chr1	348777	348778	25	0.2846
chr1	348798	348799	19	0.4824
chr1	348828	348829	37	0.2234
chr1	348849	348850	33	0.3312
chr1	348893	348894	22	0.5057
chr1	348917	348918	23	0.4446
chr1	349003	349004	30	0.3473
chr1	349103	349104	28	0.4523
chr1	349193	349194	29	0.4154
chr1	349285	349286	11	0.3031
chr1	349385	349386	28	0.4391
chr1	349435	349436	24	0.678
chr1	349447	349448	28	0.7982
chr1	349569	349570	35	0.6535
chr1	349625	349626	34	0.5252
chr1	349693	349694	26	0.8485
chr1	349805	349806	28	0.7328
chr1	349812	349813	24	0.3233
chr1	349842	349843	34	0.4603
chr1	349863	349864	24	0.388
chr1	349879	349880	27	0.5321
chr1	349929	349930	35	0.314
chr1	349964	349965	30	0.5619
chr1	349984	349985	24	0.3058
chr1	350003	350004	35	0.3853
chr1	350045	350046	35	0.5263
chr1	350095	350096	18	0.3806
chr1	350110	350111	29	0.3488
chr1	350160	350161	36	0.4807
chr1	350175	350176	25	0.4017
chr1	350197	350198	27	0.3807
chr1	350214	350215	16	0.271
chr1	350235	350236	33	0.4418
chr1	350253	350254	39	0.5215
chr1	350303	350304	24	0.4291
chr1	350307	350308	21	0.4374
chr1	350401	350402	33	0.4322
chr1	350501	350502	28	0.4803
chr1	350601	350602	26	0.5647
chr1	350701	350702	26	0.4857
chr1	350801	350802	27	0.468
chr1	350803	350804	30	0.6849
chr1	350829	350830	29	0.8669
chr1	350839	350840	40	0.6829
chr1	350961	350962	27	0.8825
chr1	351031	351032	25	0.5496
chr1	351143	351144	27	0.5946
chr1	351161	351162	37	0.6084
chr1	351241	351242	29	0.6137
chr1	351291	351292	29	0.7832
chr1	351297	351298	33	0.7539
chr1	351320	351321	37	0.8839
chr1	351370	351371	32	0.9726
chr1	351420	351421	40	0.8787
chr1	351470	351471	30	0.8195
chr1	351517	351518	37	0.5998
chr1	351540	351541	30	0.5027
chr1	351580	351581	31	0.4778
chr1	351625	351626	34	0.6853
chr1	351640	351641	27	0.7193
chr1	351683	351684	20	0.69
chr1	351711	351712	36	0.5692
chr1	351750	351751	30	0.7333
chr1	351774	351775	30	0.7501
chr1	351803	351804	28	0.7947
chr1	351834	351835	27	0.8645
chr1	351872	351873	30	0.8262
chr1	351972	351973	38	0.902
chr1	352072	352073	31	0.7908
chr1	352172	352173	28	0.8406
chr1	352272	352273	37	0.9248
chr1	352372	352373	34	0.8108
chr1	352410	352411	31	0.8634
chr1	352412	352413	29	0.9384
chr1	352454	352455	28	0.7579
chr1	352468	352469	24	0.8039
chr1	352476	352477	22	0.887
chr1	352568	352569	27	0.9816
chr1	352580	352581	35	0.8718
chr1	352702	352703	25	0.9352
chr1	352733	352734	30	0.7469
chr1	352776	352777	25	0.672
chr1	352805	352806	24	0.72
chr1	352830	352831	36	0.7747
chr1	352856	352857	26	0.7062
chr1	352886	352887	31	0.569
chr1	352901	352902	27	0.6544
chr1	352935	352936	21	0.7281
chr1	352959	352960	21	0.8135
chr1	352997	352998	23	0.5875
chr1	353029	353030	23	0.6994
chr1	353063	353064	35	0.5747
chr1	353080	353081	41	0.6668
chr1	353111	353112	23	0.6628
chr1	353126	353127	26	0.7497
chr1	353145	353146	33	0.5932
chr1	353151	353152	28	0.6772
chr1	353219	353220	18	0.6255
chr1	353319	353320	25	0.674
chr1	353371	353372	24	0.7752
chr1	353471	353472	30	0.5764
chr1	353561	353562	35	0.6061
chr1	353657	353658	27	0.9638
chr1	353707	353708	26	0.7321
chr1	353722	353723	28	0.6053
chr1	353756	353757	28	0.6181
chr1	353798	353799	25	0.313
chr1	353848	353849	29	0.59
chr1	353882	353883	32	0.7071
chr1	353932	353933	32	0.6957
chr1	353955	353956	30	1.0
chr1	353974	353975	35	0.8261
chr1	354015	354016	40	0.8605
chr1	354045	354046	28	1.0
chr1	354095	354096	30	0.8102
chr1	354144	354145	31	0.4909
chr1	354166	354167	32	0.7415
chr1	354181	354182	26	0.376
chr1	354216	354217	24	0.9827
chr1	354243	354244	22	0.404
chr1	354285	354286	36	0.9954
chr1	354385	354386	29	1.0
chr1	354435	354436	38	0.6148
chr1	354535	354536	26	0.96
chr1	354635	354636	29	0.5818
chr1	354735	354736	27	0.9094
chr1	354805	354806	28	0.5004
chr1	354855	354856	29	1.0
chr1	354907	354908	26	0.7789
chr1	354939	354940	33	1.0
chr1	354967	354968	16	0.8636
chr1	355000	355001	28	0.8177
chr1	355027	355028	38	0.822
chr1	355051	355052	31	0.7008
chr1	355074	355075	36	0.6791
chr1	355104	355105	25	0.8975
chr1	355144	355145	24	0.813
chr1	355164	355165	34	0.5953
chr1	355214	355215	31	0.6768
chr1	355235	355236	33	0.6079
chr1	355256	355257	44	0.8525
chr1	355282	355283	28	0.9126
chr1	355318	355319	30	0.9064
chr1	355336	355337	25	0.8341
chr1	355375	355376	27	0.7894
chr1	355408	355409	28	0.9018
chr1	355414	355415	29	0.6311
chr1	355514	355515	35	0.6557
chr1	355614	355615	23	0.6627
chr1	355714	355715	27	0.835
chr1	355807	355808	22	0.8261
chr1	355859	355860	32	0.9372
chr1	355911	355912	24	0.9202
chr1	355936	355937	30	0.1447
chr1	355986	355987	30	0.1673
chr1	356005	356006	28	0.2123
chr1	356055	356056	25	0.2246
chr1	356105	356106	32	0.2603
chr1	356121	356122	31	0.1821
chr1	356136	356137	33	0.1625
chr1	356168	356169	31	0.2107
chr1	356183	356184	31	0.1434
chr1	356233	356234	31	0.1863
chr1	356280	356281	29	0.2827
chr1	356295	356296	29	0.1841
chr1	356342	356343	19	0.1642
chr1	356367	356368	32	0.2384
chr1	356388	356389	29	0.3361
chr1	356429	356430	27	0.0594
chr1	356437	356438	34	0.0749
chr1	356488	356489	22	0.1576
chr1	356588	356589	30	0.2144
chr1	356663	356664	32	0.0374
chr1	356714	356715	29	0.0881
chr1	356814	356815	25	0.0
chr1	356914	356915	26	0.2702
chr1	356952	356953	29	0.1174
chr1	357004	357005	33	0.1361
chr1	357022	357023	30	0.7174
chr1	357072	357073	27	0.7393
chr1	357109	357110	38	0.6735
chr1	357158	357159	32	0.6982
chr1	357185	357186	29	0.6333
chr1	357203	357204	45	0.6263
chr1	357253	357254	32	0.7943
chr1	357276	357277	25	0.8428
chr1	357313	357314	39	0.8157
chr1	357341	357342	25	0.9134
chr1	357356	357357	30	0.7107
chr1	357400	357401	25	0.645
chr1	357436	357437	32	0.7225
chr1	357457	357458	32	0.7505
chr1	357475	357476	34	0.8819
chr1	357499	357500	23	0.8081
chr1	357549	357550	25	0.8065
chr1	357559	357560	24	0.9142
chr1	357659	357660	31	0.859
chr1	357759	357760	28	0.6517
chr1	357812	357813	26	0.7174
chr1	357912	357913	30	0.8658
chr1	358012	358013	32	0.6686
chr1	358016	358017	16	0.7555
chr1	358026	358027	23	0.9959
chr1	358069	358070	26	0.7521
chr1	358086	358087	34	0.7962
chr1	358114	358115	26	0.737
chr1	358129	358130	38	0.7284
chr1	358164	358165	19	0.822
chr1	358201	358202	22	0.7072
chr1	358229	358230	31	0.7495
chr1	358279	358280	28	0.6727
chr1	358303	358304	24	0.8201
chr1	358342	358343	34	0.7044
chr1	358373	358374	30	0.7285
chr1	358389	358390	23	0.629
chr1	358427	358428	33	0.8445
chr1	358442	358443	32	0.8008
chr1	358492	358493	33	0.6663
chr1	358532	358533	21	0.724
chr1	358561	358562	30	0.7123
chr1	358588	358589	39	0.6651
chr1	358666	358667	22	0.6855
chr1	358755	358756	29	0.6741
chr1	358855	358856	20	0.7523
chr1	358955	358956	31	0.7408
chr1	359005	359006	21	0.8046
chr1	359105	359106	35	0.8044
chr1	359147	359148	35	0.9069
chr1	359201	359202	35	0.6828
chr1	359208	359209	35	0.3469
chr1	359244	359245	29	0.345
chr1	359276	359277	34	0.5115
chr1	359297	359298	28	0.2274
chr1	359315	359316	39	0.3871
chr1	359330	359331	37	0.3999
chr1	359354	359355	31	0.2925
chr1	359383	359384	27	0.232
chr1	359411	359412	26	0.3747
chr1	359458	359459	30	0.4804
chr1	359486	359487	27	0.413
chr1	359536	359537	26	0.3662
chr1	359551	359552	33	0.2974
chr1	359574	359575	28	0.5312
chr1	359615	359616	24	0.4618
chr1	359647	359648	38	0.3205
chr1	359747	359748	23	0.4906
chr1	359797	359798	22	0.4943
chr1	359897	359898	34	0.2831
chr1	359990	359991	34	0.3699
chr1	360042	360043	36	0.7226
chr1	360094	360095	37	0.6104
chr1	360130	360131	20	0.7298
chr1	360176	360177	21	0.5849
chr1	360180	360181	29	0.6635
chr1	360320	360321	25	0.5501
chr1	360480	360481	26	0.6906
chr1	360490	360491	34	0.422
chr1	360538	360539	28	0.3095
chr1	360588	360589	27	0.3426
chr1	360635	360636	38	0.4983
chr1	360685	360686	34	0.2117
chr1	360708	360709	24	0.28
chr1	360733	360734	24	0.1162
chr1	360770	360771	21	0.3466
chr1	360820	360821	39	0.5003
chr1	360835	360836	27	0.286
chr1	360854	360855	24	0.4072
chr1	360875	360876	26	0.5585
chr1	360913	360914	30	0.4732
chr1	360935	360936	24	0.248
chr1	360975	360976	35	0.4539
chr1	360985	360986	27	0.4403
chr1	361035	361036	35	0.4035
chr1	361135	361136	35	0.2226
chr1	361235	361236	36	0.5042
chr1	361335	361336	35	0.2777
chr1	361418	361419	30	0.474
chr1	361428	361429	33	0.0619
chr1	361472	361473	27	0.1132
chr1	361480	361481	34	0.1678
chr1	361624	361625	37	0.0501
chr1	361630	361631	25	0.0792
chr1	361636	361637	34	0.2668
chr1	361670	361671	34	0.2047
chr1	361862	361863	24	0.1767
chr1	361912	361913	31	0.0061
chr1	361954	361955	37	0.5296
chr1	361969	361970	29	0.5677
chr1	362019	362020	26	0.5899
chr1	362043	362044	31	0.6402
chr1	362062	362063	20	0.8163
chr1	362110	362111	27	0.7258
chr1	362125	362126	25	0.6904
chr1	362166	362167	36	0.7151
chr1	362206	362207	24	0.8328
chr1	362225	362226	29	0.7409
chr1	362241	362242	21	0.63
chr1	362291	362292	29	0.7823
chr1	362316	362317	27	0.5536
chr1	362331	362332	32	0.7691
chr1	362346	362347	29	0.4786
chr1	362373	362374	24	0.6467
chr1	362390	362391	35	0.6174
chr1	362407	362408	38	0.6471
chr1	362506	362507	27	0.6898
chr1	362606	362607	34	0.6939
chr1	362656	362657	32	0.8564
chr1	362706	362707	22	0.6705
chr1	362806	362807	29	0.5102
chr1	362830	362831	33	0.7865
chr1	362898	362899	32	0.6774
chr1	362926	362927	31	0.8024
chr1	362959	362960	41	0.7738
chr1	362986	362987	37	0.5503
chr1	363032	363033	30	0.5582
chr1	363050	363051	37	0.7223
chr1	363100	363101	22	0.8246
chr1	363122	363123	32	0.8533
chr1	363157	363158	28	0.7795
chr1	363207	363208	26	0.8037
chr1	363251	363252	27	0.689
chr1	363273	363274	25	0.6492
chr1	363323	363324	32	0.6286
chr1	363347	363348	30	0.7938
chr1	363372	363373	30	0.8052
chr1	363417	363418	27	0.777
chr1	363443	363444	23	0.7439
chr1	363491	363492	28	0.7823
chr1	363591	363592	35	0.6277
chr1	363691	363692	33	0.8271
chr1	363791	363792	36	0.799
chr1	363891	363892	32	0.668
chr1	363941	363942	17	0.788
chr1	364041	364042	35	0.816
chr1	364103	364104	38	0.902
chr1	364129	364130	23	0.7298
chr1	364151	364152	24	0.5913
chr1	364183	364184	31	0.7112
chr1	364207	364208	30	0.5787
chr1	364237	364238	27	0.7751
chr1	364273	364274	27	0.7228
chr1	364288	364289	34	0.7366
chr1	364326	364327	35	0.6897
chr1	364349	364350	29	0.7153
chr1	364380	364381	28	0.5178
chr1	364413	364414	30	0.653
chr1	364452	364453	31	0.7085
chr1	364483	364484	32	0.6433
chr1	364533	364534	26	0.6838
chr1	364558	364559	30	0.7417
chr1	364581	364582	33	0.7755
chr1	364622	364623	36	0.6119
chr1	364633	364634	34	0.6443
chr1	364716	364717	29	0.786
chr1	364816	364817	30	0.679
chr1	364866	364867	32	0.6212
chr1	364966	364967	35	0.7592
chr1	365049	365050	24	0.8191
chr1	365099	365100	34	0.7244
chr1	365117	365118	30	0.748
chr1	365141	365142	26	0.6116
chr1	365153	365154	33	0.7403
chr1	365177	365178	23	0.9652
chr1	365194	365195	31	0.6951
chr1	365223	365224	31	0.8793
chr1	365238	365239	24	0.7678
chr1	365266	365267	33	0.8062
chr1	365291	365292	29	0.8616
chr1	365309	365310	22	0.9156
chr1	365350	365351	35	0.853
chr1	365365	365366	23	0.8755
chr1	365394	365395	32	0.8671
chr1	365420	365421	26	0.8414
chr1	365437	365438	32	0.7974
chr1	365465	365466	22	0.6493
chr1	365515	365516	28	0.9257
chr1	365543	365544	33	0.8024
chr1	365593	365594	29	0.9102
chr1	365611	365612	25	0.7649
chr1	365661	365662	23	0.8268
chr1	365751	365752	27	0.8282
chr1	365851	365852	25	0.8724
chr1	365951	365952	33	0.7885
chr1	366001	366002	44	0.9101
chr1	366003	366004	25	0.8286
chr1	366059	366060	32	0.7311
chr1	366068	366069	27	0.6113
chr1	366098	366099	32	0.6802
chr1	366121	366122	29	0.6362
chr1	366136	366137	33	0.548
chr1	366186	366187	31	0.608
chr1	366227	366228	35	0.6412
chr1	366271	366272	32	0.6362
chr1	366289	366290	21	0.5744
chr1	366311	366312	32	0.5233
chr1	366351	366352	33	0.612
chr1	366377	366378	29	0.7198
chr1	366407	366408	35	0.5288
chr1	366443	366444	34	0.59
chr1	366476	366477	24	0.5824
chr1	366491	366492	23	0.5775
chr1	366541	366542	29	0.6126
chr1	366565	366566	24	0.6159
chr1	366665	366666	33	0.7077
chr1	366765	366766	23	0.4312
chr1	366865	366866	31	0.7311
chr1	366938	366939	25	0.7456
chr1	367038	367039	32	0.6417
chr1	367060	367061	31	0.9296
chr1	367100	367101	31	0.9147
chr1	367132	367133	26	0.8056
chr1	367170	367171	22	0.7569
chr1	367190	367191	32	0.9862
chr1	367196	367197	25	0.685
chr1	367230	367231	31	0.5829
chr1	367370	367371	29	0.8807
chr1	367380	367381	36	0.8832
chr1	367432	367433	32	0.7496
chr1	367465	367466	29	0.7326
chr1	367488	367489	31	0.7009
chr1	367510	367511	41	0.7201
chr1	367525	367526	29	0.7606
chr1	367557	367558	26	0.528
chr1	367582	367583	33	0.6362
chr1	367624	367625	32	0.7663
chr1	367660	367661	33	0.586
chr1	367710	367711	31	0.8705
chr1	367736	367737	28	0.7067
chr1	367761	367762	27	0.7154
chr1	367786	367787	26	0.8801
chr1	367830	367831	35	0.7861
chr1	367874	367875	22	0.6958
chr1	367974	367975	35	0.6226
chr1	368074	368075	26	0.4829
chr1	368174	368175	28	0.5962
chr1	368239	368240	20	0.5222
chr1	368321	368322	23	0.8405
chr1	368334	368335	27	0.5394
chr1	368361	368362	24	0.7082
chr1	368380	368381	24	0.7672
chr1	368408	368409	28	0.5232
chr1	368431	368432	31	0.7931
chr1	368448	368449	29	0.5381
chr1	368485	368486	33	0.7116
chr1	368500	368501	31	0.594
chr1	368527	368528	29	0.5478
chr1	368577	368578	22	0.4526
chr1	368627	368628	28	0.8015
chr1	368654	368655	28	0.6546
chr1	368677	368678	26	0.6611
chr1	368711	368712	30	0.4176
chr1	368749	368750	39	0.6281
chr1	368787	368788	34	0.8151
chr1	368837	368838	31	0.7343
chr1	368937	368938	27	0.5259
chr1	368991	368992	28	0.679
chr1	369091	369092	36	0.7677
chr1	369191	369192	43	0.8121
chr1	369249	369250	34	0.4988
chr1	369279	369280	39	0.7117
chr1	369287	369288	20	0.3047
chr1	369320	369321	37	0.2637
chr1	369358	369359	34	0.4518
chr1	369408	369409	31	0.6005
chr1	369429	369430	22	0.3326
chr1	369466	369467	36	0.2911
chr1	369516	369517	36	0.4127
chr1	369548	369549	33	0.4088
chr1	369572	369573	32	0.3627
chr1	369610	369611	25	0.331
chr1	369660	369661	29	0.3312
chr1	369688	369689	34	0.2801
chr1	369722	369723	23	0.483
chr1	369737	369738	23	0.3597
chr1	369757	369758	20	0.3738
chr1	369784	369785	26	0.4589
chr1	369804	369805	27	0.4978
chr1	369825	369826	29	0.3686
chr1	369838	369839	25	0.5543
chr1	369938	369939	23	0.2761
chr1	370025	370026	23	0.2896
chr1	370075	370076	28	0.3462
chr1	370175	370176	33	0.3027
chr1	370245	370246	14	0.3622
chr1	370305	370306	24	0.3303
chr1	370369	370370	32	0.3384
chr1	370429	370430	29	0.4905
chr1	370489	370490	30	0.7506
chr1	370549	370550	32	0.5901
chr1	370663	370664	34	0.7274
chr1	370711	370712	32	0.596
chr1	370735	370736	30	0.8307
chr1	370825	370826	27	0.5081
chr1	370833	370834	28	0.7075
chr1	370871	370872	30	0.7386
chr1	370889	370890	24	0.5512
chr1	370904	370905	30	0.4678
chr1	370930	370931	29	0.576
chr1	370974	370975	32	0.779
chr1	371011	371012	35	0.513
chr1	371054	371055	28	0.4973
chr1	371073	371074	24	0.4667
chr1	371090	371091	28	0.4725
chr1	371119	371120	28	0.6622
chr1	371160	371161	37	0.6458
chr1	371194	371195	25	0.5085
chr1	371244	371245	33	0.5442
chr1	371265	371266	30	0.5368
chr1	371305	371306	30	0.6702
chr1	371332	371333	33	0.5706
chr1	371350	371351	32	0.5847
chr1	371356	371357	28	0.6575
chr1	371456	371457	24	0.47
chr1	371530	371531	23	0.6732
chr1	371630	371631	33	0.6305
chr1	371680	371681	22	0.6544
chr1	371780	371781	22	0.6134
chr1	371836	371837	40	0.7502
chr1	371881	371882	24	0.7032
chr1	371929	371930	21	0.8308
chr1	371979	371980	25	0.8436
chr1	372008	372009	26	0.973
chr1	372046	372047	23	0.8786
chr1	372067	372068	19	0.8851
chr1	372086	372087	29	0.652
chr1	372129	372130	33	0.8364
chr1	372151	372152	30	0.9594
chr1	372170	372171	28	0.8163
chr1	372191	372192	36	0.644
chr1	372241	372242	28	0.8023
chr1	372285	372286	35	1.0
chr1	372335	372336	22	0.9111
chr1	372358	372359	35	0.6956
chr1	372458	372459	34	0.8647
chr1	372558	372559	41	0.722
chr1	372658	372659	25	0.6815
chr1	372758	372759	22	0.9342
chr1	372780	372781	34	0.7965
chr1	372787	372788	37	0.4965
chr1	372804	372805	29	0.3177
chr1	372854	372855	26	0.5446
chr1	372876	372877	32	0.5609
chr1	372903	372904	26	0.4547
chr1	372919	372920	24	0.3886
chr1	372937	372938	35	0.4812
chr1	372963	372964	29	0.4689
chr1	372978	372979	28	0.6367
chr1	373010	373011	26	0.5216
chr1	373028	373029	40	0.3292
chr1	373078	373079	36	0.6426
chr1	373121	373122	30	0.359
chr1	373142	373143	28	0.6087
chr1	373192	373193	38	0.5063
chr1	373206	373207	15	0.4851
chr1	373280	373281	26	0.5168
chr1	373351	373352	29	0.468
chr1	373408	373409	23	0.4205
chr1	373508	373509	30	0.6359
chr1	373608	373609	35	0.3384
chr1	373680	373681	29	0.7363
chr1	373762	373763	25	0.879
chr1	373842	373843	29	0.7456
chr1	373952	373953	32	0.8599
chr1	373972	373973	28	0.7239
chr1	374008	374009	29	0.8607
chr1	374010	374011	35	0.7977
chr1	374058	374059	26	0.551
chr1	374076	374077	22	0.7903
chr1	374086	374087	32	0.874
chr1	374126	374127	23	0.5691
chr1	374166	374167	33	0.617
chr1	374184	374185	26	0.6043
chr1	374218	374219	33	0.591
chr1	374250	374251	33	0.409
chr1	374270	374271	25	0.6029
chr1	374294	374295	28	0.5694
chr1	374336	374337	27	0.6154
chr1	374386	374387	23	0.4871
chr1	374401	374402	37	0.6461
chr1	374432	374433	29	0.5064
chr1	374452	374453	35	0.5931
chr1	374477	374478	32	0.4998
chr1	374497	374498	27	0.6186
chr1	374536	374537	22	0.5582
chr1	374566	374567	25	0.5895
chr1	374585	374586	30	0.7304
chr1	374607	374608	33	0.5373
chr1	374707	374708	23	0.6681
chr1	374807	374808	33	0.3766
chr1	374857	374858	39	0.6378
chr1	374957	374958	33	0.6029
chr1	375057	375058	34	0.4529
chr1	375075	375076	29	0.616
chr1	375081	375082	33	0.6196
chr1	375098	375099	20	0.9667
chr1	375120	375121	29	0.8238
chr1	375151	375152	28	0.7108
chr1	375183	375184	30	0.8149
chr1	375198	375199	27	0.7011
chr1	375222	375223	27	0.7606
chr1	375263	375264	28	0.9708
chr1	375305	375306	31	0.7435
chr1	375334	375335	20	0.8501
chr1	375384	375385	32	0.7939
chr1	375414	375415	34	0.711
chr1	375464	375465	29	0.8285
chr1	375514	375515	20	0.9191
chr1	375529	375530	29	0.9581
chr1	375544	375545	21	0.9851
chr1	375579	375580	32	0.8567
chr1	375613	375614	33	0.8658
chr1	375636	375637	34	0.7631
chr1	375655	375656	34	0.8467
chr1	375705	375706	36	0.9902
chr1	375805	375806	16	1.0
chr1	375905	375906	34	0.9361
chr1	376005	376006	29	0.7714
chr1	376060	376061	38	0.906
chr1	376160	376161	27	0.8167
chr1	376200	376201	34	0.7143
chr1	376258	376259	37	0.9618
chr1	376263	376264	25	0.5767
chr1	376298	376299	24	0.5102
chr1	376331	376332	25	0.5136
chr1	376369	376370	32	0.4458
chr1	376384	376385	31	0.4493
chr1	376434	376435	39	0.6319
chr1	376462	376463	24	0.5342
chr1	376486	376487	41	0.4175
chr1	376525	376526	31	0.6628
chr1	376562	376563	38	0.4821
chr1	376579	376580	33	0.6403
chr1	376613	376614	28	0.386
chr1	376628	376629	18	0.4806
chr1	376673	376674	34	0.4474
chr1	376698	376699	31	0.5894
chr1	376727	376728	30	0.6485
chr1	376757	376758	20	0.5056
chr1	376801	376802	32	0.5151
chr1	376820	376821	23	0.4819
chr1	376835	376836	34	0.562
chr1	376841	376842	31	0.6421
chr1	376941	376942	21	0.6609
chr1	377020	377021	31	0.4814
chr1	377120	377121	32	0.3832
chr1	377220	377221	33	0.5017
chr1	377277	377278	23	0.4753
chr1	377376	377377	26	0.4571
chr1	377380	377381	31	0.9489
chr1	377474	377475	29	0.9283
chr1	377580	377581	35	0.8085
chr1	377582	377583	30	0.8085
chr1	377602	377603	21	0.7696
chr1	377684	377685	26	0.967
chr1	377732	377733	33	0.8755
chr1	377741	377742	31	0.6014
chr1	377757	377758	27	0.6427
chr1	377798	377799	32	0.6314
chr1	377829	377830	29	0.7042
chr1	377844	377845	30	0.6659
chr1	377894	377895	18	0.6586
chr1	377944	377945	29	0.6803
chr1	377965	377966	18	0.7129
chr1	377985	377986	29	0.6482
chr1	378035	378036	32	0.6709
chr1	378082	378083	26	0.7238
chr1	378121	378122	32	0.6661
chr1	378144	378145	28	0.6055
chr1	378159	378160	36	0.7117
chr1	378203	378204	31	0.7058
chr1	378230	378231	27	0.6633
chr1	378330	378331	26	0.7628
chr1	378386	378387	28	0.6892
chr1	378442	378443	33	0.7214
chr1	378542	378543	22	0.6612
chr1	378642	378643	31	0.6646
chr1	378654	378655	33	0.9279
chr1	378696	378697	31	1.0
chr1	378900	378901	25	0.8291
chr1	378960	378961	27	0.8423
chr1	379018	379019	31	0.807
chr1	379020	379021	34	1.0
chr1	379040	379041	35	0.7453
chr1	379138	379139	27	0.8966
chr1	379173	379174	30	0.6461
chr1	379198	379199	22	0.6593
chr1	379226	379227	24	0.5949
chr1	379243	379244	37	0.4489
chr1	379269	379270	28	0.719
chr1	379296	379297	30	0.5248
chr1	379323	379324	29	0.5749
chr1	379340	379341	32	0.5195
chr1	379382	379383	28	0.5516
chr1	379432	379433	31	0.6452
chr1	379459	379460	24	0.6052
chr1	379491	379492	32	0.5269
chr1	379541	379542	34	0.7151
chr1	379583	379584	31	0.5234
chr1	379588	379589	27	0.6352
chr1	379657	379658	24	0.45
chr1	379733	379734	24	0.6717
chr1	379819	379820	31	0.717
chr1	379869	379870	29	0.57
chr1	379940	379941	38	0.4667
chr1	380008	380009	30	0.4775
chr1	380030	380031	25	0.6733
chr1	380066	380067	32	0.7095
chr1	380090	380091	30	0.8338
chr1	380140	380141	33	0.6655
chr1	380166	380167	34	0.6458
chr1	380192	380193	26	0.6419
chr1	380225	380226	33	0.6351
chr1	380248	380249	28	0.581
chr1	380282	380283	28	0.6954
chr1	380309	380310	36	0.6834
chr1	380334	380335	37	0.6653
chr1	380384	380385	30	0.6029
chr1	380434	380435	28	0.7907
chr1	380451	380452	30	0.8027
chr1	380471	380472	24	0.6758
chr1	380491	380492	28	0.7093
chr1	380499	380500	28	0.6764
chr1	380599	380600	25	0.8107
chr1	380699	380700	36	0.5928
chr1	380778	380779	26	0.7441
chr1	380878	380879	29	0.5864
chr1	380906	380907	19	0.9836
chr1	380944	380945	29	0.6002
chr1	380965	380966	27	0.8744
chr1	381011	381012	31	0.5867
chr1	381026	381027	21	0.7138
chr1	381065	381066	24	0.8053
chr1	381108	381109	19	0.8383
chr1	381138	381139	32	0.8208
chr1	381162	381163	36	0.8129
chr1	381206	381207	30	0.9943
chr1	381256	381257	39	0.6432
chr1	381302	381303	34	0.7018
chr1	381332	381333	28	0.6544
chr1	381382	381383	31	0.7027
chr1	381411	381412	29	0.8771
chr1	381431	381432	31	0.8075
chr1	381450	381451	33	0.7872
chr1	381476	381477	31	0.7752
chr1	381576	381577	33	0.7515
chr1	381652	381653	30	0.7481
chr1	381741	381742	27	0.7663
chr1	381841	381842	30	0.8995
chr1	381941	381942	29	0.9753
chr1	381947	381948	26	0.8323
chr1	381991	381992	31	0.9216
chr1	382023	382024	32	0.8342
chr1	382053	382054	23	0.7658
chr1	382068	382069	27	0.768
chr1	382085	382086	33	0.6928
chr1	382111	382112	32	0.6754
chr1	382155	382156	25	0.5659
chr1	382193	382194	20	0.6862
chr1	382218	382219	37	0.568
chr1	382236	382237	35	0.7909
chr1	382261	382262	33	0.7327
chr1	382291	382292	29	0.6805
chr1	382334	382335	25	0.6528
chr1	382378	382379	28	0.6802
chr1	382403	382404	36	0.7035
chr1	382440	382441	25	0.6794
chr1	382476	382477	19	0.578
chr1	382508	382509	27	0.7568
chr1	382554	382555	29	0.6037
chr1	382595	382596	24	0.6421
chr1	382645	382646	20	0.6325
chr1	382745	382746	27	0.5669
chr1	382815	382816	32	0.7887
chr1	382897	382898	28	0.6909
chr1	382997	382998	29	0.5822
chr1	383097	383098	23	0.6615
chr1	383185	383186	19	0.6903
chr1	383198	383199	32	0.7763
chr1	383216	383217	35	0.9128
chr1	383248	383249	27	0.8331
chr1	383274	383275	23	0.7489
chr1	383298	383299	33	0.8231
chr1	383348	383349	25	0.8439
chr1	383380	383381	32	0.77
chr1	383416	383417	30	0.8332
chr1	383438	383439	32	0.675
chr1	383472	383473	29	0.7613
chr1	383521	383522	26	0.605
chr1	383560	383561	34	0.8413
chr1	383597	383598	25	0.726
chr1	383620	383621	33	0.9042
chr1	383670	383671	29	0.8582
chr1	383685	383686	28	0.7638
chr1	383723	383724	23	0.6281
chr1	383804	383805	30	0.9306
chr1	383904	383905	37	0.8816
chr1	384004	384005	33	0.8544
chr1	384095	384096	27	0.6637
chr1	384195	384196	29	0.7026
chr1	384245	384246	36	0.8043
chr1	384325	384326	31	0.9795
chr1	384332	384333	29	0.4604
chr1	384365	384366	22	0.408
chr1	384413	384414	35	0.4332
chr1	384430	384431	34	0.347
chr1	384480	384481	29	0.414
chr1	384530	384531	35	0.4823
chr1	384569	384570	31	0.4009
chr1	384619	384620	35	0.3689
chr1	384654	384655	30	0.3678
chr1	384685	384686	32	0.4622
chr1	384708	384709	20	0.5025
chr1	384727	384728	25	0.4137
chr1	384742	384743	26	0.6094
chr1	384759	384760	31	0.4535
chr1	384790	384791	31	0.5241
chr1	384839	384840	27	0.3281
chr1	384860	384861	25	0.5616
chr1	384876	384877	24	0.2924
chr1	384950	384951	25	0.4719
chr1	385050	385051	31	0.3657
chr1	385150	385151	24	0.5424
chr1	385250	385251	30	0.5485
chr1	385316	385317	29	0.6198
chr1	385381	385382	31	0.5463
chr1	385439	385440	32	0.8887
chr1	385441	385442	24	0.7471
chr1	385565	385566	27	0.8275
chr1	385577	385578	34	0.7308
chr1	385673	385674	22	0.6786
chr1	385869	385870	17	0.6295
chr1	385887	385888	29	0.6802
chr1	385920	385921	27	0.7489
chr1	385936	385937	31	0.8052
chr1	385972	385973	20	0.6743
chr1	385994	385995	33	0.7188
chr1	386032	386033	24	0.6416
chr1	386057	386058	35	0.7031
chr1	386107	386108	35	0.7567
chr1	386138	386139	34	0.8787
chr1	386159	386160	27	0.6774
chr1	386179	386180	29	0.643
chr1	386209	386210	30	0.6693
chr1	386240	386241	26	0.7794
chr1	386290	386291	33	0.8422
chr1	386339	386340	30	0.6529
chr1	386382	386383	27	0.9047
chr1	386397	386398	20	0.79
chr1	386420	386421	29	0.5833
chr1	386512	386513	36	0.6546
chr1	386591	386592	23	0.7977
chr1	386691	386692	26	0.7024
chr1	386791	386792	23	0.6893
chr1	386841	386842	39	0.6521
chr1	386908	386909	26	0.6701
chr1	386910	386911	31	0.8423
chr1	386943	386944	31	0.6116
chr1	386983	386984	29	0.662
chr1	387009	387010	22	0.7095
chr1	387045	387046	29	0.4993
chr1	387093	387094	32	0.7832
chr1	387120	387121	33	0.755
chr1	387170	387171	23	0.7217
chr1	387200	387201	36	0.5676
chr1	387220	387221	34	0.5475
chr1	387235	387236	36	0.6658
chr1	387261	387262	30	0.4431
chr1	387311	387312	25	0.4969
chr1	387361	387362	28	0.5316
chr1	387411	387412	33	0.6418
chr1	387446	387447	34	0.5395
chr1	387470	387471	33	0.6539
chr1	387556	387557	36	0.6452
chr1	387656	387657	29	0.5696
chr1	387756	387757	32	0.5702
chr1	387856	387857	30	0.5825
chr1	387956	387957	30	0.7224
chr1	387978	387979	31	0.8219
chr1	387994	387995	24	0.5321
chr1	388007	388008	36	0.7327
chr1	388039	388040	33	0.7939
chr1	388089	388090	26	0.6519
chr1	388134	388135	35	0.6904
chr1	388161	388162	26	0.6382
chr1	388191	388192	28	0.8881
chr1	388240	388241	28	0.7654
chr1	388265	388266	31	0.6831
chr1	388299	388300	33	0.8321
chr1	388329	388330	33	0.9473
chr1	388372	388373	30	0.7569
chr1	388391	388392	27	0.6906
chr1	388414	388415	39	0.8494
chr1	388444	388445	32	0.7376
chr1	388544	388545	37	0.7992
chr1	388644	388645	28	0.8029
chr1	388716	388717	24	0.7719
chr1	388816	388817	39	0.6417
chr1	388866	388867	25	0.9718
chr1	388882	388883	32	0.6397
chr1	388916	388917	35	0.4152
chr1	388959	388960	37	0.5663
chr1	388986	388987	24	0.532
chr1	389023	389024	35	0.5594
chr1	389067	389068	29	0.5937
chr1	389092	389093	27	0.5192
chr1	389142	389143	32	0.6916
chr1	389173	389174	27	0.7325
chr1	389201	389202	26	0.5068
chr1	389250	389251	21	0.5397
chr1	389271	389272	20	0.67
chr1	389305	389306	29	0.5476
chr1	389332	389333	28	0.643
chr1	389362	389363	26	0.6272
chr1	389387	389388	29	0.6667
chr1	389457	389458	33	0.6443
chr1	389557	389558	26	0.5486
chr1	389607	389608	39	0.5017
chr1	389658	389659	31	0.4814
chr1	389758	389759	27	0.6657
chr1	389858	389859	30	0.6248
chr1	389876	389877	18	0.6867
chr1	389924	389925	28	0.2161
chr1	389963	389964	36	0.2293
chr1	390012	390013	33	0.2066
chr1	390045	390046	29	0.1607
chr1	390095	390096	28	0.2821
chr1	390124	390125	32	0.2473
chr1	390151	390152	31	0.0743
chr1	390187	390188	34	0.0282
chr1	390237	390238	26	0.1501
chr1	390252	390253	24	0.0
chr1	390302	390303	25	0.161
chr1	390317	390318	31	0.2078
chr1	390367	390368	33	0.0947
chr1	390396	390397	26	0.1337
chr1	390424	390425	36	0.1259
chr1	390425	390426	33	0.0796
chr1	390525	390526	35	0.0654
chr1	390575	390576	39	0.193
chr1	390675	390676	38	0.0443
chr1	390744	390745	36	0.254
chr1	390844	390845	34	0.209
chr1	390894	390895	26	0.1664
chr1	390918	390919	31	0.0002
chr1	390952	390953	32	0.1606
chr1	390975	390976	31	0.1653
chr1	390997	390998	26	0.0966
chr1	391032	391033	35	0.254
chr1	391071	391072	37	0.1491
chr1	391109	391110	33	0.1683
chr1	391159	391160	27	0.2289
chr1	391174	391175	26	0.2207
chr1	391208	391209	33	0.2235
chr1	391241	391242	31	0.1654
chr1	391291	391292	27	0.1491
chr1	391319	391320	35	0.2813
chr1	391334	391335	34	0.1498
chr1	391375	391376	25	0.0
chr1	391387	391388	33	0.1599
chr1	391450	391451	19	0.1497
chr1	391550	391551	29	0.2511
chr1	391641	391642	28	0.1374
chr1	391740	391741	35	0.3312
chr1	391826	391827	30	0.0645
chr1	391836	391837	25	0.552
chr1	391851	391852	35	0.428
chr1	391866	391867	34	0.4308
chr1	391884	391885	26	0.4919
chr1	391917	391918	26	0.3482
chr1	391947	391948	34	0.447
chr1	391992	391993	25	0.4384
chr1	392042	392043	25	0.5032
chr1	392069	392070	22	0.503
chr1	392119	392120	24	0.4535
chr1	392146	392147	32	0.5188
chr1	392196	392197	37	0.4648
chr1	392211	392212	27	0.5397
chr1	392259	392260	32	0.5243
chr1	392292	392293	28	0.3998
chr1	392392	392393	33	0.6397
chr1	392476	392477	30	0.4083
chr1	392576	392577	23	0.5284
chr1	392653	392654	33	0.3621
chr1	392706	392707	28	0.5491
chr1	392792	392793	21	0.7438
chr1	392840	392841	39	0.8813
chr1	392844	392845	23	0.6123
chr1	392850	392851	25	0.7325
chr1	392898	392899	27	0.8843
chr1	392926	392927	34	0.7109
chr1	393148	393149	27	0.7786
chr1	393160	393161	30	0.8317
chr1	393174	393175	33	0.7562
chr1	393196	393197	28	0.924
chr1	393227	393228	25	0.9079
chr1	393263	393264	27	0.9388
chr1	393286	393287	33	0.8938
chr1	393331	393332	35	0.923
chr1	393351	393352	32	0.8156
chr1	393388	393389	34	0.8798
chr1	393438	393439	33	1.0
chr1	393472	393473	19	0.8697
chr1	393507	393508	33	0.8506
chr1	393535	393536	30	0.8683
chr1	393572	393573	31	0.961
chr1	393622	393623	32	0.9689
chr1	393652	393653	31	0.8027
chr1	393682	393683	32	0.7594
chr1	393703	393704	31	0.885
chr1	393719	393720	25	0.8522
chr1	393802	393803	26	0.7509
chr1	393902	393903	38	0.8493
chr1	393967	393968	34	0.8054
chr1	394017	394018	29	0.8325
chr1	394090	394091	25	0.9245
chr1	394173	394174	31	0.8486
chr1	394267	394268	31	0.9468
chr1	394283	394284	27	0.4313
chr1	394312	394313	23	0.2365
chr1	394362	394363	22	0.9305
chr1	394381	394382	33	0.045
chr1	394410	394411	31	0.8265
chr1	394431	394432	30	0.1789
chr1	394481	394482	36	0.1717
chr1	394509	394510	26	0.5137
chr1	394524	394525	28	0.2554
chr1	394546	394547	24	0.904
chr1	394600	394601	28	0.3052
chr1	394650	394651	28	0.3821
chr1	394665	394666	38	0.2707
chr1	394702	394703	31	0.949
chr1	394736	394737	37	0.236
chr1	394768	394769	36	0.0
chr1	394790	394791	27	0.6187
chr1	394838	394839	22	0.936
chr1	394863	394864	33	0.043
chr1	394882	394883	24	0.143
chr1	394982	394983	43	0.8473
chr1	395082	395083	25	0.5217
chr1	395182	395183	32	0.7454
chr1	395282	395283	37	0.8901
chr1	395382	395383	31	0.845
chr1	395398	395399	26	1.0
chr1	395460	395461	24	0.8381
chr1	395498	395499	34	0.5502
chr1	395528	395529	26	0.7274
chr1	395548	395549	31	0.7126
chr1	395598	395599	25	0.6356
chr1	395633	395634	29	0.7149
chr1	395678	395679	31	0.7078
chr1	395696	395697	21	0.6539
chr1	395725	395726	31	0.7749
chr1	395758	395759	27	0.6908
chr1	395808	395809	29	0.7974
chr1	395830	395831	22	0.7734
chr1	395863	395864	31	0.6633
chr1	395913	395914	28	0.5905
chr1	395937	395938	33	0.5511
chr1	395964	395965	35	0.7905
chr1	396041	396042	28	0.8364
chr1	396091	396092	33	0.8449
chr1	396191	396192	26	0.8087
chr1	396291	396292	37	0.7774
chr1	396341	396342	24	0.718
chr1	396412	396413	40	0.5761
chr1	396452	396453	23	0.8098
chr1	396462	396463	33	0.2332
chr1	396489	396490	34	0.2696
chr1	396521	396522	18	0.2641
chr1	396542	396543	31	0.1922
chr1	396567	396568	26	0.0487
chr1	396617	396618	27	0.1532
chr1	396667	396668	35	0.0896
chr1	396697	396698	28	0.3821
chr1	396747	396748	37	0.1017
chr1	396777	396778	28	0.0582
chr1	396816	396817	21	0.1641
chr1	396866	396867	35	0.0219
chr1	396881	396882	29	0.3382
chr1	396921	396922	19	0.1744
chr1	396971	396972	28	0.2148
chr1	397048	397049	39	0.3246
chr1	397148	397149	29	0.1338
chr1	397209	397210	26	0.1382
chr1	397309	397310	36	0.2935
chr1	397445	397446	24	0.4845
chr1	397557	397558	29	0.5943
chr1	397563	397564	36	0.5558
chr1	397617	397618	35	0.7347
chr1	397641	397642	31	0.7695
chr1	397651	397652	26	0.5041
chr1	397667	397668	25	0.418
chr1	397679	397680	33	0.476
chr1	397751	397752	30	0.6266
chr1	397761	397762	32	0.3122
chr1	397790	397791	21	0.6172
chr1	397836	397837	28	0.5411
chr1	397886	397887	35	0.5765
chr1	397927	397928	30	0.6807
chr1	397957	397958	26	0.6628
chr1	398007	398008	26	0.5826
chr1	398057	398058	33	0.6701
chr1	398080	398081	31	0.6246
chr1	398128	398129	26	0.58
chr1	398178	398179	28	0.7249
chr1	398206	398207	34	0.6417
chr1	398247	398248	28	0.6622
chr1	398273	398274	26	0.5606
chr1	398292	398293	33	0.7463
chr1	398307	398308	30	0.6412
chr1	398315	398316	35	0.6692
chr1	398369	398370	30	0.6841
chr1	398429	398430	26	0.6146
chr1	398529	398530	27	0.7974
chr1	398629	398630	30	0.5202
chr1	398729	398730	28	0.5978
chr1	398805	398806	32	0.8932
chr1	398829	398830	38	0.5599
chr1	398879	398880	33	0.0577
chr1	398898	398899	36	0.2547
chr1	398913	398914	42	0.0711
chr1	398933	398934	25	0.1775
chr1	398963	398964	34	0.2612
chr1	398994	398995	31	0.2406
chr1	399026	399027	28	0.0808
chr1	399060	399061	29	0.0802
chr1	399075	399076	31	0.0197
chr1	399111	399112	32	0.0544
chr1	399134	399135	31	0.0
chr1	399184	399185	26	0.0
chr1	399234	399235	33	0.0887
chr1	399266	399267	35	0.2529
chr1	399281	399282	35	0.2221
chr1	399331	399332	26	0.0869
chr1	399375	399376	26	0.1321
chr1	399475	399476	31	0.0
chr1	399575	399576	18	0.126
chr1	399675	399676	31	0.1901
chr1	399775	399776	37	0.1292
chr1	399779	399780	27	0.0721
chr1	399808	399809	30	0.7413
chr1	399836	399837	25	0.6841
chr1	399871	399872	24	0.9465
chr1	399896	399897	39	0.8459
chr1	399922	399923	23	0.8485
chr1	399951	399952	41	0.6172
chr1	399978	399979	38	0.8726
chr1	399993	399994	27	0.8829
chr1	400014	400015	35	0.8561
chr1	400029	400030	29	0.8779
chr1	400071	400072	31	0.676
chr1	400099	400100	33	0.6159
chr1	400142	400143	26	0.7089
chr1	400167	400168	29	0.7466
chr1	400187	400188	29	0.739
chr1	400211	400212	24	0.8745
chr1	400242	400243	24	0.7987
chr1	400275	400276	25	0.863
chr1	400297	400298	32	0.8406
chr1	400322	400323	32	0.8697
chr1	400332	400333	29	0.7642
chr1	400382	400383	42	0.7241
chr1	400482	400483	26	0.8773
chr1	400582	400583	31	0.7113
chr1	400647	400648	23	0.7147
chr1	400747	400748	35	0.8594
chr1	400847	400848	24	0.873
chr1	400851	400852	32	0.9206
chr1	400913	400914	30	0.8276
chr1	400950	400951	26	0.8393
chr1	400965	400966	29	0.804
chr1	400980	400981	32	0.8205
chr1	401003	401004	18	0.8497
chr1	401030	401031	25	0.7904
chr1	401074	401075	27	0.7814
chr1	401100	401101	35	0.6552
chr1	401137	401138	22	0.809
chr1	401186	401187	35	0.6755
chr1	401205	401206	29	0.7895
chr1	401226	401227	32	0.8513
chr1	401242	401243	32	0.9098
chr1	401292	401293	24	0.7689
chr1	401342	401343	26	0.815
chr1	401357	401358	38	0.9431
chr1	401380	401381	31	0.94
chr1	401405	401406	31	0.7199
chr1	401428	401429	36	0.8908
chr1	401454	401455	29	0.8497
chr1	401483	401484	31	0.7946
chr1	401498	401499	27	0.8059
chr1	401511	401512	30	0.8431
chr1	401611	401612	22	0.872
chr1	401711	401712	29	0.6896
chr1	401811	401812	26	0.6597
chr1	401883	401884	24	0.8327
chr1	401967	401968	31	0.6408
chr1	402067	402068	28	0.9239
chr1	402143	402144	27	0.8664
chr1	402180	402181	29	0.7754
chr1	402208	402209	31	0.7948
chr1	402256	402257	31	0.7868
chr1	402306	402307	22	0.7195
chr1	402342	402343	36	0.6825
chr1	402384	402385	26	0.5986
chr1	402410	402411	36	0.5865
chr1	402445	402446	20	0.4611
chr1	402482	402483	31	0.7016
chr1	402512	402513	32	0.5875
chr1	402544	402545	25	0.7202
chr1	402594	402595	25	0.6114
chr1	402616	402617	27	0.6647
chr1	402652	402653	16	0.7344
chr1	402695	402696	20	0.7832
chr1	402714	402715	25	0.6151
chr1	402762	402763	33	0.5747
chr1	402853	402854	32	0.5692
chr1	402933	402934	17	0.6627
chr1	402983	402984	32	0.7417
chr1	403053	403054	25	0.7496
chr1	403153	403154	37	0.7204
chr1	403221	403222	30	0.7806
chr1	403321	403322	36	0.6431
chr1	403331	403332	18	0.7294
chr1	403421	403422	34	0.6445
chr1	403452	403453	29	0.8292
chr1	403497	403498	26	0.6877
chr1	403529	403530	29	0.6206
chr1	403559	403560	33	0.8139
chr1	403577	403578	28	0.7056
chr1	403625	403626	26	0.7096
chr1	403675	403676	21	0.7933
chr1	403697	403698	21	0.4966
chr1	403718	403719	32	0.6169
chr1	403745	403746	30	0.7239
chr1	403772	403773	34	0.8777
chr1	403808	403809	28	0.8083
chr1	403847	403848	19	0.5915
chr1	403896	403897	17	0.7954
chr1	403901	403902	19	0.9022
chr1	403954	403955	37	0.7386
chr1	404054	404055	26	0.7981
chr1	404154	404155	33	0.629
chr1	404247	404248	25	0.6436
chr1	404297	404298	33	0.6901
chr1	404343	404344	28	0.9264
chr1	404347	404348	31	0.7366
chr1	404395	404396	31	0.5807
chr1	404436	404437	22	0.5764
chr1	404475	404476	30	0.285
chr1	404491	404492	29	0.8506
chr1	404521	404522	30	0.7985
chr1	404571	404572	25	0.493
chr1	404619	404620	24	0.6884
chr1	404669	404670	16	0.7419
chr1	404714	404715	34	0.625
chr1	404764	404765	35	0.8604
chr1	404805	404806	25	0.8796
chr1	404837	404838	25	0.5065
chr1	404887	404888	30	0.6063
chr1	404932	404933	34	0.6986
chr1	405011	405012	30	0.542
chr1	405111	405112	37	0.5491
chr1	405171	405172	30	0.5195
chr1	405267	405268	33	0.7218
chr1	405367	405368	22	0.6078
chr1	405438	405439	38	0.5929
chr1	405488	405489	24	0.7631
chr1	405544	405545	35	0.8559
chr1	405554	405555	27	0.7282
chr1	405575	405576	21	1.0
chr1	405592	405593	40	0.8848
chr1	405626	405627	22	0.8163
chr1	405661	405662	28	0.8482
chr1	405711	405712	36	0.9351
chr1	405755	405756	29	0.7034
chr1	405790	405791	27	0.6228
chr1	405822	405823	36	0.6741
chr1	405837	405838	31	0.6023
chr1	405869	405870	37	0.6454
chr1	405905	405906	27	0.5722
chr1	405947	405948	33	0.6206
chr1	405970	405971	35	0.885
chr1	406020	406021	35	0.9316
chr1	406041	406042	30	0.7689
chr1	406141	406142	26	0.8689
chr1	406241	406242	27	0.9248
chr1	406341	406342	33	0.9577
chr1	406441	406442	26	0.8721
chr1	406494	406495	28	0.761
chr1	406540	406541	21	0.9555
chr1	406602	406603	35	0.9586
chr1	406612	406613	38	0.8233
chr1	406614	406615	26	1.0
chr1	406724	406725	24	0.9231
chr1	406778	406779	39	0.8588
chr1	406782	406783	29	0.9185
chr1	406820	406821	25	0.8063
chr1	406872	406873	28	0.9842
chr1	406918	406919	24	0.7
chr1	406968	406969	24	0.8236
chr1	407008	407009	28	0.9133
chr1	407051	407052	34	0.7883
chr1	407100	407101	32	0.769
chr1	407121	407122	37	1.0
chr1	407136	407137	27	0.7857
chr1	407160	407161	42	0.7024
chr1	407181	407182	30	0.7557
chr1	407231	407232	26	0.7774
chr1	407253	407254	33	0.7391
chr1	407284	407285	28	0.6729
chr1	407320	407321	32	0.9728
chr1	407341	407342	26	0.7038
chr1	407386	407387	20	0.634
chr1	407463	407464	34	0.7971
chr1	407513	407514	32	0.7857
chr1	407595	407596	24	0.7789
chr1	407695	407696	31	0.8356
chr1	407757	407758	22	0.7452
chr1	407783	407784	30	0.9461
chr1	407813	407814	25	0.888
chr1	407840	407841	37	0.7652
chr1	407874	407875	26	0.7093
chr1	407903	407904	31	0.707
chr1	407953	407954	29	0.7008
chr1	407988	407989	18	0.8056
chr1	408009	408010	29	0.8573
chr1	408046	408047	33	0.8801
chr1	408081	408082	33	0.7823
chr1	408119	408120	26	0.7932
chr1	408163	408164	35	0.7167
chr1	408184	408185	24	0.6561
chr1	408217	408218	21	0.7668
chr1	408261	408262	27	0.6833
chr1	408292	408293	32	0.5919
chr1	408392	408393	31	0.6304
chr1	408492	408493	28	0.8405
chr1	408542	408543	27	0.709
chr1	408596	408597	33	0.6294
chr1	408683	408684	37	0.5845
chr1	408738	408739	36	0.8136
chr1	408770	408771	25	0.9678
chr1	408830	408831	24	0.7075
chr1	408851	408852	27	0.7634
chr1	408896	408897	30	0.903
chr1	408911	408912	32	0.8519
chr1	408932	408933	28	0.8038
chr1	408956	408957	30	0.9894
chr1	408979	408980	37	0.855
chr1	409011	409012	28	0.8232
chr1	409061	409062	27	0.7152
chr1	409082	409083	24	0.9636
chr1	409121	409122	31	0.8621
chr1	409149	409150	26	0.6929
chr1	409174	409175	29	0.6479
chr1	409224	409225	18	0.7797
chr1	409244	409245	28	0.581
chr1	409291	409292	27	0.8594
chr1	409334	409335	22	0.7757
chr1	409349	409350	29	0.6179
chr1	409376	409377	27	0.8331
chr1	409401	409402	35	0.7672
chr1	409499	409500	35	0.753
chr1	409549	409550	30	0.8011
chr1	409622	409623	34	0.5821
chr1	409690	409691	25	0.9146
chr1	409770	409771	35	0.9034
chr1	409870	409871	30	0.7487
chr1	409937	409938	32	0.8317
chr1	409995	409996	16	0.9081
chr1	409999	410000	28	0.7051
chr1	410028	410029	26	0.7325
chr1	410071	410072	28	0.7134
chr1	410107	410108	27	0.7722
chr1	410157	410158	30	0.728
chr1	410183	410184	41	0.7229
chr1	410212	410213	32	0.836
chr1	410262	410263	26	0.8303
chr1	410295	410296	33	0.5819
chr1	410310	410311	33	0.724
chr1	410360	410361	23	0.8918
chr1	410406	410407	26	0.8729
chr1	410422	410423	31	0.7899
chr1	410440	410441	32	0.9013
chr1	410448	410449	24	0.5638
chr1	410515	410516	30	0.7153
chr1	410611	410612	26	0.8685
chr1	410711	410712	18	0.7064
chr1	410766	410767	33	0.697
chr1	410816	410817	28	0.851
chr1	410914	410915	30	0.8201
chr1	410920	410921	30	0.7375
chr1	410963	410964	35	0.6874
chr1	411013	411014	28	0.6536
chr1	411048	411049	30	0.5228
chr1	411078	411079	33	0.5756
chr1	411107	411108	30	0.59
chr1	411122	411123	39	0.6423
chr1	411172	411173	23	0.7192
chr1	411197	411198	32	0.7072
chr1	411212	411213	34	0.6428
chr1	411244	411245	34	0.6518
chr1	411294	411295	38	0.6259
chr1	411322	411323	28	0.601
chr1	411351	411352	30	0.7251
chr1	411377	411378	23	0.5837
chr1	411427	411428	27	0.5351
chr1	411456	411457	26	0.6678
chr1	411467	411468	31	0.7714
chr1	411538	411539	32	0.7409
chr1	411588	411589	18	0.6223
chr1	411647	411648	40	0.5844
chr1	411704	411705	34	0.5172
chr1	411754	411755	31	0.6321
chr1	411843	411844	34	0.7622
chr1	411943	411944	27	0.7789
chr1	412013	412014	24	0.4415
chr1	412019	412020	25	0.1483
chr1	412049	412050	27	0.1436
chr1	412145	412146	26	0.5159
chr1	412193	412194	30	0.2277
chr1	412237	412238	31	0.4086
chr1	412239	412240	35	0.2225
chr1	412383	412384	31	0.4446
chr1	412423	412424	37	0.1813
chr1	412438	412439	26	0.1298
chr1	412479	412480	25	0.1382
chr1	412521	412522	32	0.1282
chr1	412543	412544	30	0.1865
chr1	412592	412593	37	0.2479
chr1	412642	412643	27	0.0613
chr1	412672	412673	30	0.1631
chr1	412721	412722	32	0.0723
chr1	412738	412739	33	0.1167
chr1	412784	412785	36	0.0804
chr1	412830	412831	30	0.1433
chr1	412853	412854	28	0.1268
chr1	412878	412879	37	0.1987
chr1	412918	412919	38	0.0
chr1	412954	412955	31	0.0966
chr1	412969	412970	31	0.1418
chr1	412996	412997	27	0.2077
chr1	413020	413021	32	0.0742
chr1	413028	413029	28	0.0667
chr1	413128	413129	28	0.223
chr1	413193	413194	36	0.1931
chr1	413293	413294	26	0.2548
chr1	413347	413348	31	0.0832
chr1	413443	413444	29	0.1886
chr1	413493	413494	17	0.0851
chr1	413566	413567	28	0.0899
chr1	413608	413609	29	0.1121
chr1	413638	413639	32	0.9439
chr1	413656	413657	24	0.8092
chr1	413680	413681	29	0.7994
chr1	413701	413702	25	0.6466
chr1	413721	413722	25	0.7689
chr1	413741	413742	22	0.6509
chr1	413781	413782	34	0.765
chr1	413798	413799	31	0.7398
chr1	413827	413828	22	0.6074
chr1	413871	413872	29	0.733
chr1	413912	413913	21	0.701
chr1	413936	413937	28	0.7097
chr1	413975	413976	29	0.8186
chr1	413996	413997	22	0.9355
chr1	414021	414022	33	0.8752
chr1	414038	414039	30	0.8378
chr1	414067	414068	32	0.7625
chr1	414101	414102	38	0.8782
chr1	414151	414152	30	0.7439
chr1	414163	414164	31	0.7777
chr1	414224	414225	36	0.8782
chr1	414324	414325	25	0.7053
chr1	414422	414423	40	0.5019
chr1	414484	414485	32	0.7656
chr1	414567	414568	28	0.7808
chr1	414617	414618	24	0.732
chr1	414693	414694	26	0.7511
chr1	414717	414718	25	0.7858
chr1	414738	414739	26	0.9351
chr1	414785	414786	31	0.673
chr1	414807	414808	37	0.8773
chr1	414837	414838	40	0.657
chr1	414887	414888	31	0.8586
chr1	414937	414938	35	0.7431
chr1	414985	414986	30	0.8828
chr1	415000	415001	31	0.8834
chr1	415050	415051	39	0.8257
chr1	415078	415079	31	0.8373
chr1	415122	415123	23	0.7694
chr1	415172	415173	40	0.7828
chr1	415208	415209	28	0.9251
chr1	415222	415223	35	0.8335
chr1	415299	415300	28	0.8489
chr1	415395	415396	23	0.7756
chr1	415452	415453	22	0.912
chr1	415552	415553	26	0.9257
chr1	415652	415653	25	0.8475
chr1	415660	415661	28	0.8474
chr1	415700	415701	31	0.9902
chr1	415737	415738	27	0.1708
chr1	415756	415757	22	0.2204
chr1	415776	415777	25	0.2168
chr1	415826	415827	30	0.3864
chr1	415860	415861	32	0.192
chr1	415910	415911	37	0.1557
chr1	415947	415948	30	0.3974
chr1	415964	415965	27	0.3476
chr1	415979	415980	28	0.2372
chr1	415998	415999	35	0.2763
chr1	416022	416023	30	0.3091
chr1	416065	416066	30	0.0932
chr1	416115	416116	27	0.3689
chr1	416147	416148	26	0.1711
chr1	416163	416164	26	0.2392
chr1	416173	416174	26	0.268
chr1	416273	416274	34	0.0848
chr1	416325	416326	23	0.2237
chr1	416425	416426	27	0.1792
chr1	416525	416526	24	0.2983
chr1	416594	416595	35	0.229
chr1	416632	416633	29	0.0816
chr1	416674	416675	24	0.109
chr1	416683	416684	26	0.2541
chr1	416698	416699	33	0.3866
chr1	416748	416749	28	0.5065
chr1	416798	416799	28	0.3184
chr1	416826	416827	34	0.5097
chr1	416842	416843	33	0.3748
chr1	416857	416858	33	0.4524
chr1	416882	416883	33	0.5017
chr1	416901	416902	34	0.5132
chr1	416928	416929	32	0.5579
chr1	416960	416961	21	0.5735
chr1	417010	417011	28	0.4166
chr1	417046	417047	23	0.5265
chr1	417087	417088	30	0.493
chr1	417117	417118	27	0.3972
chr1	417139	417140	28	0.4745
chr1	417154	417155	36	0.4678
chr1	417204	417205	28	0.3519
chr1	417234	417235	36	0.4725
chr1	417284	417285	32	0.5214
chr1	417384	417385	27	0.5575
chr1	417442	417443	27	0.3981
chr1	417542	417543	34	0.5263
chr1	417606	417607	36	0.517
chr1	417706	417707	31	0.4345
chr1	417756	417757	24	0.3986
chr1	417958	417959	23	0.7977
chr1	418050	418051	26	0.886
chr1	418054	418055	34	0.8427
chr1	418058	418059	28	0.7568
chr1	418134	418135	41	0.7692
chr1	418170	418171	25	0.6637
chr1	418242	418243	25	0.781
chr1	418248	418249	28	0.683
chr1	418265	418266	33	0.6975
chr1	418294	418295	22	0.7049
chr1	418309	418310	22	0.6719
chr1	418337	418338	30	0.8793
chr1	418355	418356	39	0.8013
chr1	418385	418386	20	0.6892
chr1	418402	418403	25	0.834
chr1	418452	418453	24	0.8955
chr1	418477	418478	34	0.8246
chr1	418527	418528	34	0.7613
chr1	418574	418575	30	0.7441
chr1	418589	418590	34	0.8371
chr1	418611	418612	30	0.7541
chr1	418626	418627	31	0.7103
chr1	418676	418677	31	0.6877
chr1	418719	418720	31	0.8234
chr1	418736	418737	35	0.704
chr1	418802	418803	37	0.8488
chr1	418864	418865	27	0.6192
chr1	418964	418965	20	0.6554
chr1	419064	419065	28	0.7904
chr1	419164	419165	22	0.6892
chr1	419256	419257	29	0.9337
chr1	419344	419345	28	0.9283
chr1	419364	419365	31	0.8379
chr1	419398	419399	37	1.0
chr1	419402	419403	23	0.9028
chr1	419528	419529	26	0.9368
chr1	419602	419603	34	0.9094
chr1	419622	419623	23	0.8625
chr1	419632	419633	18	0.9372
chr1	419653	419654	38	0.5275
chr1	419703	419704	28	0.7046
chr1	419738	419739	28	0.6781
chr1	419753	419754	33	0.8183
chr1	419785	419786	22	0.8598
chr1	419806	419807	20	0.9565
chr1	419821	419822	28	0.7422
chr1	419850	419851	29	0.7757
chr1	419866	419867	29	0.6945
chr1	419891	419892	36	0.8038
chr1	419921	419922	34	0.791
chr1	419962	419963	37	0.9163
chr1	419988	419989	27	0.7134
chr1	420028	420029	29	0.864
chr1	420072	420073	32	0.6289
chr1	420096	420097	28	0.8639
chr1	420111	420112	32	0.7042
chr1	420132	420133	38	0.7395
chr1	420154	420155	21	0.8352
chr1	420165	420166	28	0.83
chr1	420217	420218	30	0.8002
chr1	420279	420280	34	0.819
chr1	420379	420380	32	0.812
chr1	420479	420480	41	0.8297
chr1	420565	420566	29	0.7277
chr1	420665	420666	30	0.7854
chr1	420703	420704	29	0.8283
chr1	420712	420713	26	0.7515
chr1	420750	420751	33	0.7314
chr1	420769	420770	33	0.769
chr1	420784	420785	35	0.742
chr1	420814	420815	36	0.7239
chr1	420841	420842	25	0.6108
chr1	420865	420866	38	0.5719
chr1	420907	420908	28	0.626
chr1	420931	420932	23	0.5796
chr1	420970	420971	28	0.5122
chr1	421008	421009	24	0.3705
chr1	421033	421034	35	0.3463
chr1	421071	421072	32	0.3222
chr1	421106	421107	30	0.5515
chr1	421126	421127	25	0.4405
chr1	421150	421151	23	0.4589
chr1	421200	421201	33	0.4357
chr1	421226	421227	32	0.6071
chr1	421326	421327	27	0.6962
chr1	421426	421427	22	0.6537
chr1	421501	421502	26	0.6744
chr1	421600	421601	30	0.7916
chr1	421650	421651	27	0.6597
chr1	421719	421720	31	0.4632
chr1	421737	421738	26	0.7102
chr1	421803	421804	25	0.7505
chr1	421941	421942	25	0.5332
chr1	422157	422158	27	0.5319
chr1	422213	422214	32	0.7946
chr1	422240	422241	35	0.8832
chr1	422260	422261	29	0.7898
chr1	422276	422277	29	0.8359
chr1	422302	422303	27	0.796
chr1	422319	422320	26	0.8811
chr1	422336	422337	33	0.89
chr1	422351	422352	39	0.8752
chr1	422401	422402	30	0.871
chr1	422418	422419	24	0.7907
chr1	422436	422437	22	0.7125
chr1	422461	422462	34	0.9292
chr1	422480	422481	30	0.9199
chr1	422512	422513	28	0.9175
chr1	422543	422544	29	0.782
chr1	422579	422580	24	0.9269
chr1	422594	422595	27	0.9873
chr1	422624	422625	29	0.9234
chr1	422656	422657	33	0.9163
chr1	422677	422678	31	0.7793
chr1	422713	422714	26	0.8989
chr1	422808	422809	15	0.6369
chr1	422868	422869	34	0.9233
chr1	422968	422969	29	0.8012
chr1	423049	423050	34	0.885
chr1	423149	423150	27	0.9692
chr1	423159	423160	28	0.8303
chr1	423245	423246	29	0.8033
chr1	423295	423296	33	0.6771
chr1	423345	423346	28	0.6313
chr1	423370	423371	37	0.7518
chr1	423420	423421	27	0.6464
chr1	423447	423448	29	0.6465
chr1	423478	423479	39	0.799
chr1	423516	423517	26	0.6376
chr1	423564	423565	36	0.5963
chr1	423605	423606	32	0.6417
chr1	423643	423644	29	0.9124
chr1	423669	423670	33	0.593
chr1	423702	423703	20	0.593
chr1	423722	423723	26	0.6316
chr1	423765	423766	35	0.6225
chr1	423865	423866	39	0.9082
chr1	423964	423965	28	0.7961
chr1	424064	424065	25	0.7179
chr1	424164	424165	20	0.7385
chr1	424262	424263	30	0.7989
chr1	424303	424304	31	0.6894
chr1	424323	424324	26	0.8428
chr1	424373	424374	35	0.7124
chr1	424410	424411	33	0.8268
chr1	424455	424456	31	0.6757
chr1	424481	424482	22	0.6787
chr1	424503	424504	33	0.789
chr1	424522	424523	34	0.9014
chr1	424549	424550	28	0.7911
chr1	424575	424576	31	0.7654
chr1	424593	424594	27	0.6828
chr1	424627	424628	22	0.9529
chr1	424643	424644	29	0.8418
chr1	424658	424659	39	0.713
chr1	424673	424674	22	0.5809
chr1	424713	424714	29	0.8701
chr1	424735	424736	36	0.7506
chr1	424769	424770	26	0.8587
chr1	424792	424793	25	0.8486
chr1	424842	424843	19	0.8548
chr1	424921	424922	34	0.8958
chr1	425021	425022	30	0.7691
chr1	425071	425072	33	0.9017
chr1	425171	425172	32	0.8185
chr1	425221	425222	36	0.8384
chr1	425271	425272	31	0.9465
chr1	425317	425318	28	0.7601
chr1	425335	425336	30	0.8469
chr1	425363	425364	26	0.6512
chr1	425408	425409	34	0.6125
chr1	425423	425424	19	0.8913
chr1	425445	425446	29	0.6602
chr1	425460	425461	31	0.8979
chr1	425492	425493	29	0.6127
chr1	425507	425508	38	0.6477
chr1	425522	425523	24	0.8446
chr1	425559	425560	29	0.6498
chr1	425578	425579	31	0.7113
chr1	425624	425625	29	0.7483
chr1	425645	425646	26	0.7275
chr1	425676	425677	26	0.7144
chr1	425704	425705	37	0.6689
chr1	425720	425721	27	0.546
chr1	425755	425756	26	0.6198
chr1	425790	425791	29	0.6545
chr1	425823	425824	31	0.6914
chr1	425847	425848	33	0.5179
chr1	425870	425871	29	0.8081
chr1	425895	425896	30	0.7141
chr1	425910	425911	24	0.7787
chr1	425929	425930	40	0.7509
chr1	425944	425945	31	0.7047
chr1	425961	425962	32	0.6143
chr1	426011	426012	30	0.7769
chr1	426111	426112	30	0.7182
chr1	426211	426212	33	0.6847
chr1	426311	426312	25	0.7238
chr1	426411	426412	27	0.7444
chr1	426511	426512	21	0.8288
chr1	426569	426570	22	0.7608
chr1	426607	426608	37	0.5473
chr1	426622	426623	29	0.6945
chr1	426665	426666	24	0.6219
chr1	426709	426710	32	0.4386
chr1	426730	426731	36	0.5688
chr1	426777	426778	33	0.6093
chr1	426804	426805	40	0.6128
chr1	426828	426829	31	0.6494
chr1	426859	426860	27	0.6208
chr1	426909	426910	29	0.5008
chr1	426935	426936	22	0.7744
chr1	426950	426951	28	0.631
chr1	426988	426989	39	0.4534
chr1	427034	427035	29	0.4112
chr1	427050	427051	27	0.5218
chr1	427119	427120	26	0.5754
chr1	427174	427175	28	0.6371
chr1	427274	427275	29	0.4903
chr1	427336	427337	23	0.6813
chr1	427402	427403	25	0.6516
chr1	427414	427415	35	0.5802
chr1	427443	427444	32	0.5635
chr1	427493	427494	22	0.4868
chr1	427524	427525	31	0.6542
chr1	427550	427551	27	0.5471
chr1	427584	427585	19	0.5595
chr1	427601	427602	26	0.5202
chr1	427629	427630	26	0.5746
chr1	427657	427658	29	0.438
chr1	427679	427680	32	0.5314
chr1	427704	427705	31	0.6512
chr1	427723	427724	32	0.7388
chr1	427738	427739	30	0.5676
chr1	427785	427786	35	0.5086
chr1	427835	427836	20	0.4145
chr1	427863	427864	29	0.5362
chr1	427894	427895	32	0.6869
chr1	427959	427960	27	0.6085
chr1	428045	428046	36	0.454
chr1	428096	428097	33	0.6954
chr1	428196	428197	30	0.5785
chr1	428296	428297	28	0.6786
chr1	428334	428335	37	0.554
chr1	428339	428340	32	0.408
chr1	428373	428374	36	0.4031
chr1	428412	428413	25	0.4116
chr1	428427	428428	27	0.4341
chr1	428462	428463	25	0.3496
chr1	428512	428513	37	0.3363
chr1	428536	428537	30	0.2292
chr1	428586	428587	27	0.362
chr1	428601	428602	22	0.5094
chr1	428626	428627	36	0.4701
chr1	428645	428646	34	0.3738
chr1	428669	428670	21	0.5118
chr1	428719	428720	22	0.4417
chr1	428739	428740	34	0.4991
chr1	428769	428770	27	0.4484
chr1	428795	428796	35	0.4283
chr1	428819	428820	34	0.5034
chr1	428833	428834	25	0.4078
chr1	428933	428934	25	0.2925
chr1	429009	429010	28	0.3007
chr1	429109	429110	23	0.3309
chr1	429209	429210	32	0.3526
chr1	429309	429310	30	0.3555
chr1	429339	429340	35	0.7262
chr1	429371	429372	27	0.7209
chr1	429443	429444	36	0.7747
chr1	429497	429498	21	0.5731
chr1	429511	429512	32	0.6491
chr1	429541	429542	42	0.5057
chr1	429593	429594	40	0.6388
chr1	429673	429674	33	0.7183
chr1	429713	429714	32	0.6021
chr1	429723	429724	24	0.6505
chr1	429741	429742	27	0.7952
chr1	429786	429787	34	0.7118
chr1	429814	429815	36	0.6465
chr1	429854	429855	21	0.7463
chr1	429885	429886	31	0.8497
chr1	429904	429905	29	0.7691
chr1	429923	429924	30	0.6776
chr1	429973	429974	30	0.6916
chr1	430004	430005	29	0.5945
chr1	430021	430022	36	0.8301
chr1	430045	430046	34	0.8623
chr1	430075	430076	34	0.7369
chr1	430111	430112	34	0.6299
chr1	430157	430158	26	0.8014
chr1	430178	430179	36	0.6771
chr1	430202	430203	20	0.5912
chr1	430302	430303	29	0.8292
chr1	430378	430379	28	0.6943
chr1	430428	430429	29	0.8141
chr1	430528	430529	30	0.8253
chr1	430591	430592	24	0.7268
chr1	430687	430688	27	0.8553
chr1	430734	430735	37	0.6906
chr1	430764	430765	31	0.5428
chr1	430779	430780	30	0.5569
chr1	430808	430809	35	0.476
chr1	430828	430829	30	0.7196
chr1	430870	430871	27	0.717
chr1	430910	430911	31	0.6058
chr1	430956	430957	28	0.5906
chr1	431006	431007	28	0.7283
chr1	431031	431032	29	0.6348
chr1	431046	431047	21	0.576
chr1	431072	431073	36	0.5624
chr1	431122	431123	34	0.697
chr1	431150	431151	31	0.7626
chr1	431177	431178	26	0.5788
chr1	431200	431201	27	0.3742
chr1	431223	431224	25	0.7265
chr1	431299	431300	33	0.609
chr1	431399	431400	27	0.6368
chr1	431481	431482	39	0.5748
chr1	431581	431582	36	0.6331
chr1	431644	431645	35	0.6603
chr1	431708	431709	35	0.5603
chr1	431738	431739	31	0.7804
chr1	431744	431745	24	0.5743
chr1	431754	431755	30	0.3813
chr1	431790	431791	28	0.2678
chr1	431827	431828	33	0.2363
chr1	431848	431849	25	0.1139
chr1	431864	431865	24	0.4541
chr1	431889	431890	39	0.1942
chr1	431931	431932	22	0.4052
chr1	431959	431960	30	0.4045
chr1	432009	432010	32	0.2693
chr1	432030	432031	29	0.1928
chr1	432045	432046	25	0.275
chr1	432095	432096	33	0.1444
chr1	432117	432118	31	0.1692
chr1	432136	432137	31	0.2237
chr1	432160	432161	25	0.3537
chr1	432210	432211	27	0.2657
chr1	432231	432232	29	0.3021
chr1	432256	432257	22	0.2187
chr1	432263	432264	31	0.1272
chr1	432357	432358	30	0.316
chr1	432452	432453	27	0.3364
chr1	432528	432529	30	0.2547
chr1	432589	432590	30	0.2522
chr1	432689	432690	33	0.3859
chr1	432739	432740	28	0.36
chr1	432769	432770	30	0.1026
chr1	432775	432776	37	0.1607
chr1	432811	432812	30	0.2515
chr1	432833	432834	29	0.211
chr1	432845	432846	35	0.3369
chr1	433051	433052	25	0.0169
chr1	433081	433082	28	0.1315
chr1	433091	433092	34	0.0937
chr1	433137	433138	30	0.0038
chr1	433147	433148	24	0.2398
chr1	433194	433195	27	0.8453
chr1	433211	433212	33	0.6707
chr1	433261	433262	28	0.8308
chr1	433307	433308	23	0.8798
chr1	433330	433331	27	0.6756
chr1	433356	433357	34	0.7713
chr1	433385	433386	25	0.8617
chr1	433400	433401	31	0.763
chr1	433424	433425	29	0.7765
chr1	433462	433463	23	0.9158
chr1	433512	433513	36	0.9291
chr1	433537	433538	34	1.0
chr1	433569	433570	26	0.848
chr1	433604	433605	19	0.7895
chr1	433624	433625	26	0.8172
chr1	433724	433725	31	0.8536
chr1	433811	433812	36	0.9115
chr1	433861	433862	32	0.7559
chr1	433925	433926	31	0.8713
chr1	434025	434026	25	0.8265
chr1	434053	434054	23	0.8822
chr1	434119	434120	29	0.8537
chr1	434128	434129	28	0.4686
chr1	434146	434147	33	0.438
chr1	434161	434162	32	0.554
chr1	434187	434188	28	0.5829
chr1	434237	434238	22	0.5341
chr1	434252	434253	32	0.6735
chr1	434302	434303	35	0.5681
chr1	434321	434322	28	0.6205
chr1	434370	434371	25	0.4181
chr1	434420	434421	37	0.4833
chr1	434449	434450	25	0.5503
chr1	434499	434500	25	0.4222
chr1	434532	434533	30	0.5609
chr1	434560	434561	29	0.6773
chr1	434603	434604	26	0.4891
chr1	434647	434648	40	0.4994
chr1	434663	434664	24	0.477
chr1	434763	434764	25	0.6518
chr1	434836	434837	32	0.604
chr1	434936	434937	27	0.4586
chr1	435019	435020	36	0.5843
chr1	435119	435120	29	0.4413
chr1	435170	435171	35	0.5201
chr1	435278	435279	29	0.9428
chr1	435366	435367	27	0.8245
chr1	435408	435409	30	0.8377
chr1	435526	435527	26	0.9078
chr1	435562	435563	28	0.7157
chr1	435586	435587	22	0.9407
chr1	435636	435637	29	0.9201
chr1	435654	435655	40	0.8289
chr1	435681	435682	31	0.8106
chr1	435711	435712	30	0.9595
chr1	435761	435762	25	0.9817
chr1	435796	435797	33	0.9111
chr1	435830	435831	28	0.8578
chr1	435874	435875	20	0.7316
chr1	435890	435891	34	0.9854
chr1	435913	435914	24	0.9263
chr1	435963	435964	31	0.9577
chr1	436011	436012	31	0.8767
chr1	436044	436045	25	0.874
chr1	436073	436074	28	0.9174
chr1	436121	436122	27	0.8186
chr1	436170	436171	30	0.8831
chr1	436218	436219	26	0.9034
chr1	436268	436269	36	0.9213
chr1	436319	436320	28	1.0
chr1	436419	436420	41	0.9071
chr1	436519	436520	26	0.9107
chr1	436619	436620	42	0.9136
chr1	436671	436672	22	0.9148
chr1	436685	436686	30	0.9529
chr1	436724	436725	31	0.1781
chr1	436758	436759	20	0.222
chr1	436808	436809	27	0.219
chr1	436829	436830	24	0.1931
chr1	436873	436874	32	0.2821
chr1	436898	436899	33	0.3294
chr1	436948	436949	34	0.3897
chr1	436971	436972	37	0.2341
chr1	436997	436998	24	0.2872
chr1	437012	437013	31	0.4688
chr1	437062	437063	25	0.2994
chr1	437082	437083	29	0.172
chr1	437108	437109	30	0.2075
chr1	437123	437124	31	0.3219
chr1	437145	437146	22	0.3255
chr1	437188	437189	32	0.2157
chr1	437219	437220	36	0.2741
chr1	437255	437256	24	0.3275
chr1	437281	437282	31	0.2994
chr1	437290	437291	33	0.3283
chr1	437340	437341	27	0.4219
chr1	437440	437441	15	0.2793
chr1	437506	437507	25	0.4326
chr1	437556	437557	24	0.2107
chr1	437656	437657	31	0.3542
chr1	437756	437757	17	0.3111
chr1	437778	437779	22	0.2606
chr1	437801	437802	34	0.7786
chr1	437833	437834	29	0.6989
chr1	437848	437849	30	0.6148
chr1	437880	437881	42	0.5669
chr1	437895	437896	32	0.6906
chr1	437917	437918	32	0.6932
chr1	437946	437947	26	0.6046
chr1	437988	437989	32	0.5788
chr1	438038	438039	38	0.8742
chr1	438056	438057	25	0.7937
chr1	438089	438090	43	0.7465
chr1	438139	438140	24	0.6724
chr1	438177	438178	27	0.5846
chr1	438200	438201	40	0.8082
chr1	438231	438232	29	0.666
chr1	438253	438254	27	0.7291
chr1	438353	438354	42	0.6592
chr1	438426	438427	27	0.736
chr1	438526	438527	26	0.5662
chr1	438602	438603	35	0.7419
chr1	438702	438703	39	0.8215
chr1	438718	438719	34	0.9718
chr1	438733	438734	22	0.5382
chr1	438768	438769	24	0.336
chr1	438816	438817	22	0.9354
chr1	438866	438867	30	0.6892
chr1	438908	438909	32	0.276
chr1	438957	438958	32	0.8515
chr1	439007	439008	32	0.272
chr1	439030	439031	37	0.5502
chr1	439064	439065	29	1.0
chr1	439096	439097	27	0.9592
chr1	439113	439114	21	0.7555
chr1	439149	439150	31	0.4823
chr1	439176	439177	33	0.8974
chr1	439217	439218	21	0.5511
chr1	439253	439254	29	1.0
chr1	439255	439256	25	0.7524
chr1	439305	439306	31	0.3501
chr1	439366	439367	29	0.8894
chr1	439466	439467	32	0.8211
chr1	439566	439567	26	1.0
chr1	439666	439667	29	0.8396
chr1	439758	439759	37	0.6167
chr1	439796	439797	27	0.8079
chr1	439807	439808	34	0.5461
chr1	439857	439858	34	0.4883
chr1	439885	439886	34	0.549
chr1	439927	439928	25	0.5572
chr1	439974	439975	35	0.4857
chr1	440003	440004	31	0.6099
chr1	440036	440037	34	0.6641
chr1	440057	440058	27	0.4573
chr1	440083	440084	35	0.5922
chr1	440098	440099	27	0.557
chr1	440126	440127	29	0.5708
chr1	440176	440177	35	0.7084
chr1	440192	440193	39	0.6388
chr1	440242	440243	31	0.5277
chr1	440277	440278	36	0.6841
chr1	440320	440321	32	0.5416
chr1	440335	440336	30	0.5921
chr1	440349	440350	25	0.6716
chr1	440399	440400	27	0.6028
chr1	440499	440500	24	0.6585
chr1	440577	440578	28	0.654
chr1	440677	440678	38	0.6472
chr1	440742	440743	30	0.6591
chr1	440795	440796	34	0.6212
chr1	440855	440856	30	0.5381
chr1	440874	440875	24	0.3039
chr1	440901	440902	29	0.7427
chr1	440951	440952	30	0.6597
chr1	440970	440971	34	0.4588
chr1	440997	440998	15	0.5342
chr1	441027	441028	24	0.5561
chr1	441058	441059	28	0.5535
chr1	441083	441084	28	0.542
chr1	441113	441114	24	0.585
chr1	441142	441143	24	0.3691
chr1	441180	441181	23	0.5234
chr1	441217	441218	30	0.5062
chr1	441237	441238	42	0.5702
chr1	441285	441286	35	0.5573
chr1	441322	441323	32	0.4502
chr1	441324	441325	36	0.4239
chr1	441405	441406	29	0.6637
chr1	441463	441464	27	0.4539
chr1	441563	441564	28	0.6123
chr1	441663	441664	32	0.5019
chr1	441721	441722	29	0.5689
chr1	441799	441800	27	0.6333
chr1	441801	441802	31	0.3679
chr1	441835	441836	36	0.6882
chr1	441866	441867	32	0.7323
chr1	441890	441891	33	0.7916
chr1	441940	441941	32	0.5639
chr1	441962	441963	23	0.6203
chr1	442010	442011	37	0.6989
chr1	442036	442037	25	0.7249
chr1	442086	442087	29	0.6964
chr1	442136	442137	37	0.7754
chr1	442164	442165	41	0.8122
chr1	442187	442188	23	0.7161
chr1	442229	442230	30	0.7131
chr1	442257	442258	30	0.6906
chr1	442274	442275	40	0.6469
chr1	442281	442282	32	0.8581
chr1	442381	442382	41	0.6634
chr1	442481	442482	37	0.5517
chr1	442556	442557	27	0.7452
chr1	442656	442657	31	0.7359
chr1	442712	442713	32	0.5487
chr1	442738	442739	30	0.8296
chr1	442758	442759	32	0.7023
chr1	442795	442796	40	0.7109
chr1	442818	442819	23	0.6364
chr1	442835	442836	36	0.8027
chr1	442885	442886	29	0.7499
chr1	442911	442912	26	0.7808
chr1	442961	442962	20	0.6995
chr1	443011	443012	28	0.5884
chr1	443061	443062	29	0.6102
chr1	443096	443097	32	0.6107
chr1	443111	443112	34	0.7456
chr1	443161	443162	27	0.6474
chr1	443199	443200	33	0.7247
chr1	443249	443250	32	0.651
chr1	443272	443273	21	0.7374
chr1	443306	443307	31	0.5695
chr1	443330	443331	23	0.8305
chr1	443386	443387	32	0.7108
chr1	443460	443461	29	0.7937
chr1	443557	443558	28	0.5056
chr1	443607	443608	27	0.6839
chr1	443707	443708	25	0.5278
chr1	443807	443808	27	0.7615
chr1	443811	443812	23	0.9021
chr1	443885	443886	28	0.5628
chr1	443909	443910	26	0.8837
chr1	443924	443925	28	0.6982
chr1	443974	443975	36	0.6568
chr1	444001	444002	35	0.8435
chr1	444027	444028	31	0.8067
chr1	444060	444061	37	0.8528
chr1	444109	444110	27	0.7283
chr1	444159	444160	28	0.5818
chr1	444174	444175	28	0.6913
chr1	444210	444211	27	0.7734
chr1	444260	444261	34	0.8461
chr1	444287	444288	30	0.8269
chr1	444333	444334	31	0.6925
chr1	444369	444370	31	0.7746
chr1	444399	444400	28	0.9093
chr1	444499	444500	27	0.8533
chr1	444599	444600	28	0.8004
chr1	444699	444700	26	0.7401
chr1	444775	444776	24	0.9419
chr1	444847	444848	27	0.795
chr1	444853	444854	29	0.8326
chr1	444947	444948	33	0.842
chr1	444961	444962	31	0.5297
chr1	444998	444999	32	0.7109
chr1	445047	445048	31	0.8363
chr1	445079	445080	33	0.6693
chr1	445095	445096	26	0.8776
chr1	445118	445119	27	0.8394
chr1	445139	445140	24	0.6793
chr1	445154	445155	29	0.6601
chr1	445204	445205	24	0.6562
chr1	445227	445228	30	0.572
chr1	445269	445270	27	0.6488
chr1	445291	445292	26	0.6367
chr1	445330	445331	30	0.7166
chr1	445354	445355	32	0.5919
chr1	445392	445393	42	0.694
chr1	445442	445443	36	0.7209
chr1	445451	445452	22	0.5137
chr1	445551	445552	19	0.661
chr1	445647	445648	27	0.7991
chr1	445697	445698	33	0.6269
chr1	445797	445798	26	0.7904
chr1	445897	445898	36	0.6615
chr1	445907	445908	26	0.7324
chr1	445942	445943	34	0.8529
chr1	445959	445960	32	0.7772
chr1	446009	446010	37	0.8991
chr1	446036	446037	30	0.8984
chr1	446086	446087	36	0.6676
chr1	446108	446109	29	0.8908
chr1	446139	446140	34	0.775
chr1	446166	446167	36	0.8142
chr1	446198	446199	33	0.7644
chr1	446220	446221	31	0.7244
chr1	446270	446271	24	0.6727
chr1	446296	446297	24	0.9548
chr1	446325	446326	27	0.8028
chr1	446340	446341	32	0.8735
chr1	446368	446369	15	0.8876
chr1	446406	446407	29	0.9554
chr1	446430	446431	34	0.688
chr1	446464	446465	29	0.7146
chr1	446477	446478	31	0.8959
chr1	446577	446578	40	0.8385
chr1	446677	446678	24	0.7295
chr1	446727	446728	21	0.8064
chr1	446816	446817	23	0.9402
chr1	446866	446867	22	0.7663
chr1	446966	446967	23	0.9505
chr1	446998	446999	27	0.9019
chr1	447012	447013	22	0.6766
chr1	447062	447063	31	0.7482
chr1	447088	447089	27	0.8324
chr1	447105	447106	29	0.6721
chr1	447129	447130	36	0.8876
chr1	447179	447180	33	0.903
chr1	447205	447206	30	0.7291
chr1	447235	447236	29	0.6717
chr1	447267	447268	35	0.7209
chr1	447304	447305	27	0.8383
chr1	447330	447331	35	0.8447
chr1	447371	447372	28	0.8579
chr1	447392	447393	27	0.6386
chr1	447437	447438	21	0.6085
chr1	447482	447483	32	0.7844
chr1	447582	447583	44	0.8026
chr1	447682	447683	35	0.8553
chr1	447782	447783	33	0.7421
chr1	447880	447881	29	0.7084
chr1	447936	447937	29	0.7647
chr1	447962	447963	25	0.7751
chr1	447979	447980	33	0.6095
chr1	448003	448004	21	0.719
chr1	448053	448054	25	0.5321
chr1	448082	448083	35	0.6323
chr1	448132	448133	33	0.5764
chr1	448150	448151	32	0.7499
chr1	448195	448196	31	0.7861
chr1	448245	448246	29	0.5194
chr1	448288	448289	28	0.636
chr1	448325	448326	31	0.5611
chr1	448353	448354	25	0.5869
chr1	448373	448374	35	0.7064
chr1	448389	448390	30	0.7492
chr1	448489	448490	30	0.623
chr1	448589	448590	30	0.7511
chr1	448685	448686	26	0.6348
chr1	448744	448745	30	0.6825
chr1	448774	448775	30	0.8345
chr1	448815	448816	20	0.1653
chr1	448837	448838	33	0.1444
chr1	448887	448888	29	0.0
chr1	448913	448914	24	0.3239
chr1	448928	448929	25	0.029
chr1	448945	448946	33	0.3099
chr1	448970	448971	35	0.1062
chr1	448999	449000	24	0.0936
chr1	449020	449021	29	0.4556
chr1	449070	449071	22	0.0272
chr1	449108	449109	28	0.2616
chr1	449154	449155	28	0.1287
chr1	449172	449173	29	0.5714
chr1	449189	449190	30	0.3257
chr1	449219	449220	36	0.057
chr1	449248	449249	32	0.6311
chr1	449287	449288	33	0.1294
chr1	449295	449296	32	0.1177
chr1	449395	449396	30	0.2407
chr1	449490	449491	24	0.2651
chr1	449590	449591	33	0.4275
chr1	449690	449691	42	0.0
chr1	449692	449693	30	0.0527
chr1	449732	449733	31	0.6201
chr1	449782	449783	37	0.5444
chr1	449832	449833	27	0.5922
chr1	449867	449868	27	0.5704
chr1	449891	449892	40	0.631
chr1	449917	449918	30	0.612
chr1	449936	449937	24	0.6794
chr1	449952	449953	36	0.6766
chr1	449998	449999	28	0.4202
chr1	450027	450028	28	0.4286
chr1	450052	450053	26	0.5825
chr1	450086	450087	32	0.4357
chr1	450108	450109	38	0.5407
chr1	450149	450150	33	0.6492
chr1	450194	450195	23	0.442
chr1	450196	450197	41	0.6377
chr1	450246	450247	27	0.5387
chr1	450346	450347	36	0.6766
chr1	450429	450430	31	0.4802
chr1	450481	450482	23	0.648
chr1	450581	450582	17	0.4207
chr1	450634	450635	36	0.51
chr1	450652	450653	27	0.7159
chr1	450660	450661	30	0.5434
chr1	450695	450696	36	0.4107
chr1	450723	450724	23	0.4217
chr1	450773	450774	28	0.384
chr1	450799	450800	23	0.5161
chr1	450815	450816	28	0.6938
chr1	450841	450842	33	0.5351
chr1	450868	450869	24	0.5647
chr1	450918	450919	30	0.4092
chr1	450959	450960	37	0.5004
chr1	450974	450975	39	0.5401
chr1	450993	450994	35	0.5183
chr1	451010	451011	31	0.4303
chr1	451047	451048	26	0.4983
chr1	451093	451094	33	0.5197
chr1	451108	451109	31	0.4161
chr1	451142	451143	24	0.5288
chr1	451242	451243	27	0.5509
chr1	451342	451343	25	0.4329
chr1	451392	451393	23	0.3527
chr1	451455	451456	33	0.52
chr1	451527	451528	25	0.5514
chr1	451615	451616	28	0.874
chr1	451711	451712	15	0.8356
chr1	451757	451758	29	0.5687
chr1	451771	451772	34	0.6849
chr1	451827	451828	40	0.6772
chr1	451907	451908	29	0.7303
chr1	451945	451946	32	0.6774
chr1	451965	451966	25	0.7705
chr1	452001	452002	40	0.7689
chr1	452020	452021	27	0.8749
chr1	452052	452053	30	0.6228
chr1	452076	452077	31	0.8398
chr1	452124	452125	31	0.5438
chr1	452172	452173	23	0.7785
chr1	452202	452203	31	1.0
chr1	452252	452253	25	0.6923
chr1	452288	452289	28	0.5049
chr1	452331	452332	31	0.5114
chr1	452366	452367	35	0.9248
chr1	452393	452394	24	0.8826
chr1	452443	452444	29	0.9959
chr1	452458	452459	30	0.6511
chr1	452473	452474	34	0.6431
chr1	452487	452488	22	0.7215
chr1	452587	452588	28	0.8951
chr1	452685	452686	36	0.8868
chr1	452745	452746	36	0.7432
chr1	452845	452846	32	0.6661
chr1	452945	452946	33	0.8723
chr1	453119	453120	25	0.5666
chr1	453166	453167	35	0.2511
chr1	453216	453217	29	0.1349
chr1	453241	453242	30	0.3693
chr1	453259	453260	27	0.2992
chr1	453286	453287	31	0.3603
chr1	453336	453337	33	0.3017
chr1	453369	453370	29	0.2353
chr1	453396	453397	28	0.1603
chr1	453411	453412	27	0.2891
chr1	453426	453427	38	0.2178
chr1	453461	453462	30	0.2105
chr1	453480	453481	32	0.1354
chr1	453504	453505	32	0.2973
chr1	453532	453533	27	0.3075
chr1	453567	453568	32	0.3251
chr1	453617	453618	27	0.1498
chr1	453633	453634	28	0.148
chr1	453662	453663	29	0.1354
chr1	453726	453727	35	0.0118
chr1	453826	453827	36	0.4318
chr1	453891	453892	22	0.2978
chr1	453991	453992	31	0.166
chr1	454091	454092	28	0.2884
chr1	454153	454154	30	0.2489
chr1	454185	454186	18	0.2757
chr1	454201	454202	35	0.0717
chr1	454208	454209	38	0.1857
chr1	454234	454235	31	0.3157
chr1	454284	454285	22	0.3161
chr1	454334	454335	26	0.3895
chr1	454375	454376	42	0.4522
chr1	454425	454426	22	0.3156
chr1	454452	454453	35	0.4059
chr1	454502	454503	30	0.3398
chr1	454536	454537	37	0.4483
chr1	454573	454574	24	0.3274
chr1	454593	454594	38	0.4118
chr1	454615	454616	23	0.3759
chr1	454646	454647	37	0.5696
chr1	454685	454686	28	0.3156
chr1	454707	454708	27	0.3184
chr1	454757	454758	23	0.3504
chr1	454782	454783	32	0.3091
chr1	454794	454795	28	0.3359
chr1	454894	454895	31	0.3885
chr1	454994	454995	31	0.5076
chr1	455044	455045	27	0.5483
chr1	455144	455145	33	0.368
chr1	455244	455245	41	0.4041
chr1	455294	455295	30	0.2194
chr1	455330	455331	29	0.1422
chr1	455350	455351	36	0.0229
chr1	455496	455497	30	0.2226
chr1	455552	455553	31	0.0504
chr1	455620	455621	28	0.1036
chr1	455644	455645	30	0.1862
chr1	455673	455674	27	0.985
chr1	455694	455695	25	0.7564
chr1	455730	455731	35	0.6511
chr1	455770	455771	25	0.788
chr1	455799	455800	32	0.7883
chr1	455814	455815	33	0.6238
chr1	455864	455865	23	0.733
chr1	455885	455886	21	0.6663
chr1	455935	455936	24	0.627
chr1	455969	455970	28	0.7499
chr1	455990	455991	32	0.607
chr1	456018	456019	24	0.6385
chr1	456033	456034	32	0.851
chr1	456077	456078	44	0.8234
chr1	456100	456101	28	0.87
chr1	456132	456133	26	0.7286
chr1	456154	456155	24	0.6663
chr1	456178	456179	34	0.6835
chr1	456267	456268	35	0.7863
chr1	456367	456368	22	0.8486
chr1	456467	456468	35	0.7655
chr1	456520	456521	29	0.8209
chr1	456620	456621	28	0.8967
chr1	456684	456685	27	0.5667
chr1	456688	456689	38	0.8123
chr1	456726	456727	29	0.9322
chr1	456766	456767	28	0.8195
chr1	456795	456796	37	0.891
chr1	456845	456846	33	0.8891
chr1	456872	456873	26	0.8848
chr1	456898	456899	29	0.6907
chr1	456927	456928	26	0.9006
chr1	456977	456978	23	0.7067
chr1	456996	456997	31	0.9799
chr1	457046	457047	32	0.7279
chr1	457084	457085	24	0.787
chr1	457099	457100	37	0.8742
chr1	457130	457131	25	0.8113
chr1	457180	457181	25	0.9179
chr1	457192	457193	25	0.8995
chr1	457242	457243	32	0.9127
chr1	457292	457293	24	0.7596
chr1	457392	457393	36	0.672
chr1	457445	457446	20	0.7996
chr1	457545	457546	20	0.8891
chr1	457645	457646	33	0.8874
chr1	457661	457662	32	1.0
chr1	457669	457670	21	0.7448
chr1	457678	457679	31	0.4045
chr1	457699	457700	32	0.5292
chr1	457747	457748	29	0.5082
chr1	457769	457770	30	0.6336
chr1	457787	457788	34	0.5397
chr1	457825	457826	24	0.4516
chr1	457847	457848	30	0.5078
chr1	457897	457898	29	0.55
chr1	457947	457948	29	0.5153
chr1	457990	457991	28	0.5768
chr1	458036	458037	28	0.5263
chr1	458069	458070	37	0.4817
chr1	458119	458120	27	0.4212
chr1	458155	458156	27	0.5345
chr1	458182	458183	25	0.5409
chr1	458209	458210	23	0.5089
chr1	458292	458293	30	0.5621
chr1	458392	458393	36	0.5471
chr1	458492	458493	34	0.504
chr1	458574	458575	31	0.5008
chr1	458674	458675	19	0.316
chr1	458728	458729	30	0.9824
chr1	458770	458771	31	0.9122
chr1	458800	458801	22	0.8942
chr1	458832	458833	27	0.6576
chr1	458902	458903	35	0.7221
chr1	459090	459091	27	0.9207
chr1	459095	459096	32	0.7172
chr1	459136	459137	31	0.7364
chr1	459186	459187	28	0.6469
chr1	459216	459217	31	0.4657
chr1	459234	459235	31	0.5909
chr1	459284	459285	30	0.5838
chr1	459308	459309	28	0.7169
chr1	459347	459348	22	0.6292
chr1	459393	459394	30	0.7154
chr1	459433	459434	31	0.899
chr1	459473	459474	26	0.8239
chr1	459488	459489	23	0.8483
chr1	459533	459534	34	0.796
chr1	459550	459551	36	0.9082
chr1	459578	459579	31	0.7479
chr1	459666	459667	27	0.8448
chr1	459736	459737	37	0.8404
chr1	459836	459837	28	0.7843
chr1	459936	459937	34	0.8505
chr1	459986	459987	28	0.7647
chr1	460078	460079	24	0.8877
chr1	460102	460103	28	0.8344
chr1	460226	460227	38	0.817
chr1	460294	460295	38	0.8579
chr1	460318	460319	30	0.9756
chr1	460402	460403	27	0.7553
chr1	460404	460405	34	0.7739
chr1	460447	460448	34	0.7026
chr1	460462	460463	28	0.7679
chr1	460512	460513	25	0.4899
chr1	460527	460528	24	0.5773
chr1	460547	460548	22	0.7895
chr1	460584	460585	24	0.4711
chr1	460599	460600	30	0.5735
chr1	460619	460620	28	0.6907
chr1	460635	460636	22	0.7273
chr1	460685	460686	31	0.5031
chr1	460735	460736	29	0.6694
chr1	460751	460752	28	0.7527
chr1	460769	460770	29	0.6408
chr1	460819	460820	32	0.5325
chr1	460869	460870	25	0.5386
chr1	460874	460875	30	0.7577
chr1	460951	460952	25	0.6884
chr1	461051	461052	32	0.5221
chr1	461151	461152	26	0.5632
chr1	461251	461252	26	0.6358
chr1	461257	461258	39	0.6191
chr1	461321	461322	31	0.6421
chr1	461359	461360	35	0.6699
chr1	461375	461376	26	0.8442
chr1	461414	461415	28	0.9016
chr1	461436	461437	36	0.6386
chr1	461486	461487	26	0.6433
chr1	461509	461510	28	0.6191
chr1	461524	461525	26	0.8823
chr1	461540	461541	29	0.8534
chr1	461562	461563	32	0.7821
chr1	461612	461613	24	0.7182
chr1	461662	461663	32	0.9002
chr1	461695	461696	23	0.8637
chr1	461745	461746	22	0.542
chr1	461767	461768	29	0.9049
chr1	461817	461818	28	0.6546
chr1	461842	461843	26	0.634
chr1	461862	461863	31	0.6132
chr1	461870	461871	34	0.9118
chr1	461970	461971	28	0.8706
chr1	462070	462071	30	0.9441
chr1	462131	462132	25	0.5721
chr1	462224	462225	26	0.8041
chr1	462305	462306	31	0.7258
chr1	462441	462442	26	0.8726
chr1	462467	462468	28	0.0
chr1	462488	462489	28	0.2383
chr1	462527	462528	30	0.1736
chr1	462549	462550	22	0.0874
chr1	462564	462565	26	0.0536
chr1	462595	462596	16	0.0717
chr1	462618	462619	29	0.0507
chr1	462638	462639	30	0.0771
chr1	462688	462689	38	0.069
chr1	462709	462710	31	0.1992
chr1	462736	462737	26	0.139
chr1	462764	462765	32	0.1006
chr1	462781	462782	26	0.0984
chr1	462796	462797	25	0.0652
chr1	462826	462827	26	0.1211
chr1	462876	462877	32	0.0957
chr1	462903	462904	28	0.0775
chr1	462919	462920	26	0.0
chr1	462948	462949	24	0.0
chr1	462963	462964	23	0.0927
chr1	463000	463001	36	0.0171
chr1	463003	463004	27	0.0731
chr1	463063	463064	30	0.0313
chr1	463163	463164	35	0.0419
chr1	463236	463237	36	0.1191
chr1	463316	463317	34	0.1052
chr1	463389	463390	24	0.0306
chr1	463489	463490	30	0.0997
chr1	463539	463540	29	0.1655
chr1	463573	463574	31	0.2332
chr1	463627	463628	31	0.0262
chr1	464581	464582	34	0.0613
chr1	464626	464627	25	0.0919
chr1	464676	464677	38	0.1766
chr1	464693	464694	16	0.1119
chr1	464743	464744	30	0.3641
chr1	464793	464794	43	0.1586
chr1	464808	464809	27	0.3422
chr1	464823	464824	30	0.3614
chr1	464862	464863	32	0.1361
chr1	464885	464886	29	0.2993
chr1	464900	464901	29	0.16
chr1	464926	464927	29	0.1598
chr1	464948	464949	28	0.2633
chr1	464979	464980	31	0.3221
chr1	465007	465008	32	0.2606
chr1	465035	465036	28	0.4488
chr1	465060	465061	22	0.1133
chr1	465079	465080	29	0.2492
chr1	465101	465102	27	0.2048
chr1	465137	465138	29	0.2203
chr1	465159	465160	35	0.0622
chr1	465209	465210	29	0.1001
chr1	465270	465271	33	0.2248
chr1	465370	465371	34	0.159
chr1	465440	465441	30	0.1535
chr1	465540	465541	25	0.1293
chr1	465640	465641	32	0.1447
chr1	465674	465675	34	0.1303
chr1	465680	465681	34	0.0
chr1	465715	465716	36	0.0296
chr1	465730	465731	25	0.1369
chr1	465780	465781	25	0.1064
chr1	465830	465831	21	0.0294
chr1	465845	465846	34	0.0449
chr1	465895	465896	29	0.0622
chr1	465942	465943	37	0.1082
chr1	465986	465987	24	0.2861
chr1	466036	466037	28	0.1669
chr1	466075	466076	28	0.2842
chr1	466109	466110	19	0.1573
chr1	466150	466151	22	0.2324
chr1	466247	466248	27	0.3062
chr1	466347	466348	34	0.2911
chr1	466426	466427	34	0.2693
chr1	466526	466527	33	0.2292
chr1	466613	466614	25	0.1207
chr1	466779	466780	32	0.0746
chr1	466781	466782	28	0.0
chr1	466843	466844	34	0.0479
chr1	466899	466900	26	0.0495
chr1	466935	466936	25	0.2904
chr1	466957	466958	41	0.1971
chr1	467105	467106	34	0.0473
chr1	467131	467132	33	0.6739
chr1	467153	467154	30	0.5065
chr1	467203	467204	35	0.5663
chr1	467253	467254	37	0.5637
chr1	467268	467269	23	0.5272
chr1	467301	467302	36	0.7342
chr1	467340	467341	36	0.6121
chr1	467373	467374	30	0.5284
chr1	467388	467389	28	0.6452
chr1	467427	467428	25	0.6357
chr1	467477	467478	30	0.6564
chr1	467514	467515	28	0.6819
chr1	467558	467559	25	0.6951
chr1	467584	467585	40	0.7595
chr1	467631	467632	25	0.539
chr1	467681	467682	36	0.6704
chr1	467682	467683	36	0.6551
chr1	467779	467780	33	0.5026
chr1	467849	467850	30	0.7832
chr1	467916	467917	33	0.5699
chr1	467975	467976	29	0.7039
chr1	468042	468043	25	0.5743
chr1	468142	468143	30	0.5624
chr1	468192	468193	25	0.6537
chr1	468210	468211	27	0.6472
chr1	468218	468219	22	0.4227
chr1	468256	468257	34	0.1219
chr1	468284	468285	39	0.2422
chr1	468312	468313	25	0.2982
chr1	468330	468331	35	0.1722
chr1	468368	468369	26	0.1978
chr1	468418	468419	24	0.3605
chr1	468468	468469	28	0.2207
chr1	468488	468489	31	0.1182
chr1	468538	468539	32	0.2872
chr1	468588	468589	37	0.2037
chr1	468632	468633	24	0.3173
chr1	468660	468661	36	0.098
chr1	468684	468685	26	0.2503
chr1	468723	468724	26	0.1223
chr1	468743	468744	25	0.2167
chr1	468802	468803	30	0.1751
chr1	468875	468876	22	0.1795
chr1	468975	468976	29	0.1212
chr1	469025	469026	23	0.2531
chr1	469125	469126	28	0.2942
chr1	469225	469226	20	0.0736
chr1	469239	469240	31	0.157
chr1	469299	469300	25	0.0809
chr1	469305	469306	33	0.6919
chr1	469320	469321	30	0.6021
chr1	469346	469347	30	0.5157
chr1	469392	469393	28	0.4781
chr1	469442	469443	25	0.5393
chr1	469469	469470	32	0.533
chr1	469511	469512	33	0.6043
chr1	469545	469546	34	0.6893
chr1	469577	469578	28	0.6513
chr1	469606	469607	27	0.6343
chr1	469626	469627	27	0.579
chr1	469662	469663	22	0.6282
chr1	469685	469686	30	0.3353
chr1	469710	469711	19	0.5145
chr1	469740	469741	33	0.5065
chr1	469833	469834	35	0.6966
chr1	469933	469934	27	0.6834
chr1	470033	470034	29	0.7013
chr1	470083	470084	25	0.5311
chr1	470233	470234	30	0.7171
chr1	470239	470240	32	0.9017
chr1	470347	470348	38	0.8791
chr1	470373	470374	37	0.6231
chr1	470407	470408	35	0.8648
chr1	470445	470446	27	0.8745
chr1	470469	470470	31	0.7806
chr1	470485	470486	36	0.8614
chr1	470523	470524	36	0.1555
chr1	470544	470545	26	0.2866
chr1	470570	470571	27	0.3404
chr1	470605	470606	28	0.2376
chr1	470625	470626	38	0.2857
chr1	470662	470663	29	0.0897
chr1	470684	470685	39	0.0957
chr1	470723	470724	30	0.0651
chr1	470773	470774	29	0.1276
chr1	470823	470824	33	0.1672
chr1	470873	470874	41	0.1303
chr1	470912	470913	31	0.356
chr1	470927	470928	30	0.1504
chr1	470955	470956	25	0.2781
chr1	471003	471004	32	0.2072
chr1	471026	471027	26	0.07
chr1	471126	471127	34	0.1822
chr1	471226	471227	34	0.2282
chr1	471326	471327	30	0.2803
chr1	471399	471400	33	0.1849
chr1	471499	471500	37	0.1591
chr1	471565	471566	37	0.0664
chr1	471573	471574	24	0.4591
chr1	471601	471602	42	0.5132
chr1	471651	471652	27	0.5986
chr1	471701	471702	23	0.6487
chr1	471728	471729	28	0.4231
chr1	471778	471779	29	0.5234
chr1	471802	471803	33	0.4173
chr1	471824	471825	27	0.4345
chr1	471867	471868	34	0.365
chr1	471917	471918	27	0.3759
chr1	471967	471968	31	0.5044
chr1	471989	471990	33	0.493
chr1	472023	472024	28	0.4817
chr1	472067	472068	35	0.4915
chr1	472093	472094	24	0.4711
chr1	472110	472111	28	0.4123
chr1	472210	472211	31	0.4402
chr1	472273	472274	37	0.3577
chr1	472373	472374	23	0.5247
chr1	472458	472459	29	0.5319
chr1	472508	472509	32	0.4144
chr1	472608	472609	33	0.4361
chr1	472626	472627	26	0.0284
chr1	472692	472693	31	0.0573
chr1	472930	472931	27	0.1877
chr1	472936	472937	35	0.1129
chr1	472966	472967	25	0.2827
chr1	472971	472972	36	0.634
chr1	473002	473003	34	0.7499
chr1	473039	473040	28	0.865
chr1	473070	473071	33	0.5737
chr1	473089	473090	30	0.5121
chr1	473104	473105	29	0.6391
chr1	473151	473152	23	0.6871
chr1	473168	473169	38	0.6496
chr1	473184	473185	33	0.522
chr1	473213	473214	29	0.6566
chr1	473253	473254	36	0.8241
chr1	473303	473304	28	0.7008
chr1	473326	473327	24	0.7558
chr1	473341	473342	35	0.6346
chr1	473365	473366	25	0.7307
chr1	473383	473384	36	0.6189
chr1	473401	473402	33	0.6352
chr1	473427	473428	33	0.6148
chr1	473469	473470	26	0.5567
chr1	473505	473506	29	0.6715
chr1	473542	473543	35	0.6382
chr1	473572	473573	24	0.6657
chr1	473584	473585	26	0.6594
chr1	473653	473654	24	0.6054
chr1	473753	473754	37	0.4865
chr1	473840	473841	27	0.7301
chr1	473940	473941	28	0.8223
chr1	474006	474007	30	0.665
chr1	474063	474064	27	0.7204
chr1	474149	474150	29	0.5488
chr1	474221	474222	25	0.2293
chr1	474267	474268	26	0.2513
chr1	474277	474278	31	0.4721
chr1	474353	474354	36	0.3736
chr1	474411	474412	30	0.549
chr1	474421	474422	41	0.5003
chr1	474527	474528	23	0.6767
chr1	474540	474541	23	0.8446
chr1	474590	474591	22	0.8382
chr1	474636	474637	32	0.6343
chr1	474686	474687	26	0.7095
chr1	474712	474713	35	0.7743
chr1	474762	474763	34	0.7229
chr1	474794	474795	39	0.758
chr1	474818	474819	30	0.8073
chr1	474845	474846	36	0.8014
chr1	474877	474878	30	0.5917
chr1	474911	474912	26	0.6911
chr1	474926	474927	34	0.712
chr1	474976	474977	29	0.7354
chr1	475011	475012	25	0.7573
chr1	475061	475062	24	0.7778
chr1	475125	475126	27	0.7623
chr1	475225	475226	31	0.5908
chr1	475282	475283	31	0.7933
chr1	475382	475383	28	0.7551
chr1	475471	475472	26	0.8192
chr1	475489	475490	33	0.7833
chr1	475523	475524	24	0.9245
chr1	475573	475574	34	0.6843
chr1	475623	475624	36	0.6713
chr1	475651	475652	30	0.5411
chr1	475674	475675	30	0.6337
chr1	475724	475725	34	0.7144
chr1	475774	475775	29	0.6117
chr1	475824	475825	26	0.6045
chr1	475841	475842	30	0.7243
chr1	475882	475883	35	0.6553
chr1	475932	475933	35	0.6945
chr1	475947	475948	32	0.5591
chr1	475966	475967	30	0.6339
chr1	476016	476017	33	0.6734
chr1	476035	476036	32	0.8387
chr1	476061	476062	31	0.856
chr1	476161	476162	30	0.8706
chr1	476232	476233	26	0.7617
chr1	476332	476333	33	0.8292
chr1	476432	476433	25	0.7957
chr1	476532	476533	26	0.7017
chr1	476624	476625	37	0.8991
chr1	477548	477549	33	0.7999
chr1	477579	477580	27	0.8232
chr1	477594	477595	26	0.8535
chr1	477644	477645	23	0.8707
chr1	477694	477695	24	0.7146
chr1	477738	477739	27	0.7205
chr1	477763	477764	30	0.9537
chr1	477780	477781	34	0.7492
chr1	477816	477817	26	0.7742
chr1	477866	477867	29	0.8697
chr1	477893	477894	31	0.7856
chr1	477943	477944	27	0.7483
chr1	477993	477994	31	0.8542
chr1	478034	478035	18	0.6816
chr1	478038	478039	38	0.7329
chr1	478088	478089	31	0.8019
chr1	478188	478189	23	0.8595
chr1	478288	478289	32	0.7225
chr1	478388	478389	33	0.7591
chr1	478459	478460	34	0.7173
chr1	478527	478528	24	0.8101
chr1	478589	478590	27	0.8558
chr1	478627	478628	33	0.9252
chr1	478673	478674	27	0.3712
chr1	478723	478724	31	0.743
chr1	478771	478772	26	0.0414
chr1	478801	478802	24	0.6035
chr1	478822	478823	26	0.776
chr1	478855	478856	29	0.4643
chr1	478888	478889	27	0.958
chr1	478938	478939	30	0.1974
chr1	478969	478970	26	0.723
chr1	479019	479020	25	0.0
chr1	479054	479055	40	0.1537
chr1	479104	479105	27	0.2941
chr1	479129	479130	38	0.765
chr1	479169	479170	34	0.2945
chr1	479212	479213	32	0.822
chr1	479262	479263	29	0.2831
chr1	479267	479268	26	0.0296
chr1	479367	479368	14	0.2745
chr1	479454	479455	29	0.1667
chr1	479511	479512	22	0.075
chr1	479601	479602	33	0.4527
chr1	479689	479690	27	0.6479
chr1	479758	479759	33	0.1602
chr1	479808	479809	20	0.067
chr1	479840	479841	29	0.1916
chr1	479851	479852	27	0.6386
chr1	479895	479896	27	0.8469
chr1	479916	479917	18	0.7462
chr1	479946	479947	34	0.6255
chr1	479968	479969	30	0.5815
chr1	480015	480016	33	0.4955
chr1	480032	480033	31	0.586
chr1	480070	480071	31	0.6667
chr1	480111	480112	31	0.6419
chr1	480161	480162	25	0.6138
chr1	480208	480209	35	0.6883
chr1	480249	480250	27	0.7342
chr1	480271	480272	28	0.562
chr1	480286	480287	33	0.6163
chr1	480328	480329	30	0.6646
chr1	480345	480346	26	0.6197
chr1	480375	480376	18	0.7336
chr1	480475	480476	23	0.7755
chr1	480575	480576	23	0.6721
chr1	480675	480676	36	0.5621
chr1	480725	480726	25	0.759
chr1	480783	480784	32	0.7998
chr1	480845	480846	29	0.4412
chr1	480943	480944	34	0.8576
chr1	480951	480952	28	0.5163
chr1	481001	481002	27	0.4145
chr1	481039	481040	33	0.3055
chr1	481061	481062	29	0.3983
chr1	481106	481107	34	0.4382
chr1	481124	481125	26	0.4077
chr1	481151	481152	22	0.4863
chr1	481186	481187	39	0.4313
chr1	481218	481219	32	0.3867
chr1	481241	481242	34	0.2594
chr1	481291	481292	27	0.4565
chr1	481317	481318	26	0.4332
chr1	481367	481368	30	0.3574
chr1	481402	481403	30	0.2631
chr1	481426	481427	32	0.5655
chr1	481459	481460	28	0.4571
chr1	481463	481464	30	0.4261
chr1	481547	481548	21	0.4095
chr1	481599	481600	32	0.4916
chr1	481649	481650	19	0.4618
chr1	481733	481734	23	0.4425
chr1	481833	481834	24	0.3456
chr1	481893	481894	24	0.189
chr1	481921	481922	30	0.833
chr1	481979	481980	24	0.9244
chr1	482075	482076	34	0.4848
chr1	482135	482136	25	0.6752
chr1	482197	482198	25	0.6327
chr1	482217	482218	27	0.6649
chr1	482375	482376	34	0.8225
chr1	482422	482423	19	0.6301
chr1	482472	482473	36	0.8342
chr1	482522	482523	30	0.6133
chr1	482560	482561	30	0.4146
chr1	482575	482576	28	0.4791
chr1	482625	482626	37	0.7887
chr1	482641	482642	39	0.7215
chr1	482656	482657	33	0.6668
chr1	482686	482687	22	0.6889
chr1	482717	482718	32	0.7738
chr1	482762	482763	28	0.674
chr1	482796	482797	28	0.4956
chr1	482846	482847	35	0.6016
chr1	482896	482897	36	0.702
chr1	482919	482920	27	0.683
chr1	482934	482935	31	0.647
chr1	482936	482937	35	0.7201
chr1	483036	483037	35	0.9244
chr1	483111	483112	25	0.6132
chr1	483162	483163	25	0.7731
chr1	483262	483263	21	0.5997
chr1	483362	483363	37	0.6
chr1	483460	483461	24	0.8668
chr1	483504	483505	31	0.8777
chr1	483520	483521	24	0.8249
chr1	483535	483536	20	0.8275
chr1	483567	483568	28	0.656
chr1	483617	483618	26	0.6957
chr1	483656	483657	21	0.7614
chr1	483689	483690	26	0.7485
chr1	483714	483715	27	0.919
chr1	483742	483743	29	0.8645
chr1	483765	483766	32	0.7605
chr1	483797	483798	38	0.77
chr1	483812	483813	38	0.7617
chr1	483836	483837	29	0.7597
chr1	483869	483870	15	0.6757
chr1	483896	483897	33	0.808
chr1	483922	483923	36	0.7841
chr1	483963	483964	32	0.7963
chr1	484007	484008	28	0.8345
chr1	484036	484037	27	0.7291
chr1	484037	484038	32	0.8722
chr1	484119	484120	34	0.6547
chr1	484192	484193	30	0.9022
chr1	484292	484293	37	0.8388
chr1	484391	484392	25	0.7817
chr1	484491	484492	25	0.8135
chr1	484565	484566	26	0.766
chr1	484581	484582	31	0.8123
chr1	484615	484616	20	0.9212
chr1	484643	484644	14	0.7974
chr1	484671	484672	38	0.6852
chr1	484706	484707	36	0.6526
chr1	484721	484722	28	0.927
chr1	484759	484760	24	0.8579
chr1	484802	484803	22	0.8386
chr1	484835	484836	23	0.6767
chr1	484862	484863	28	0.6353
chr1	484896	484897	18	0.7778
chr1	484937	484938	25	0.8166
chr1	484952	484953	31	0.7464
chr1	484989	484990	26	0.7609
chr1	485028	485029	42	0.6839
chr1	485064	485065	36	0.7454
chr1	485164	485165	37	0.7854
chr1	485264	485265	37	0.6037
chr1	485364	485365	21	0.7327
chr1	485414	485415	28	0.8985
chr1	485484	485485	35	0.6893
chr1	485580	485581	26	1.0
chr1	485608	485609	30	0.3285
chr1	485646	485647	29	0.9324
chr1	485661	485662	33	0.159
chr1	485708	485709	34	0.8901
chr1	485729	485730	32	0.207
chr1	485758	485759	30	0.3637
chr1	485808	485809	30	0.6435
chr1	485823	485824	23	0.7491
chr1	485842	485843	26	0.4215
chr1	485863	485864	33	0.052
chr1	485892	485893	27	0.2124
chr1	485938	485939	28	0.8257
chr1	485988	485989	29	0.198
chr1	486004	486005	21	0.1462
chr1	486019	486020	22	1.0
chr1	486069	486070	23	0.4068
chr1	486110	486111	30	0.337
chr1	486143	486144	32	0.092
chr1	486189	486190	33	0.1
chr1	486207	486208	27	0.5009
chr1	486218	486219	24	0.158
chr1	486302	486303	20	1.0
chr1	486378	486379	33	1.0
chr1	486478	486479	30	0.3342
chr1	486528	486529	38	0.9297
chr1	486578	486579	21	0.679
chr1	486643	486644	33	0.8734
chr1	486743	486744	41	0.759
chr1	486797	486798	26	0.0
chr1	486808	486809	44	0.7536
chr1	486831	486832	24	0.7363
chr1	486881	486882	24	0.761
chr1	486926	486927	25	0.831
chr1	486953	486954	30	0.8426
chr1	486968	486969	25	0.8921
chr1	487014	487015	38	0.8929
chr1	487056	487057	37	0.9465
chr1	487071	487072	30	0.7737
chr1	487092	487093	28	0.6937
chr1	487126	487127	27	0.709
chr1	487176	487177	28	0.7756
chr1	487222	487223	27	0.7656
chr1	487261	487262	25	0.7901
chr1	487277	487278	30	0.802
chr1	487327	487328	27	0.8747
chr1	487427	487428	30	0.671
chr1	487501	487502	29	0.802
chr1	487562	487563	32	0.8402
chr1	487661	487662	28	0.6516
chr1	487749	487750	27	0.8145
chr1	487793	487794	26	0.1085
chr1	487826	487827	31	0.021
chr1	487841	487842	14	0.0997
chr1	487882	487883	35	0.0727
chr1	487921	487922	34	0.1713
chr1	487940	487941	37	0.0
chr1	487955	487956	37	0.1023
chr1	487995	487996	23	0.0361
chr1	488022	488023	31	0.0313
chr1	488062	488063	28	0.1744
chr1	488106	488107	25	0.2728
chr1	488123	488124	30	0.1699
chr1	488159	488160	26	0.1592
chr1	488179	488180	28	0.1552
chr1	488217	488218	30	0.1743
chr1	488233	488234	34	0.0784
chr1	488272	488273	39	0.0936
chr1	488333	488334	24	0.1553
chr1	488383	488384	31	0.1697
chr1	488475	488476	27	0.1255
chr1	488575	488576	21	0.0412
chr1	488669	488670	21	0.1205
chr1	488683	488684	26	0.2599
chr1	488733	488734	36	0.0874
chr1	488742	488743	35	0.6042
chr1	488792	488793	28	0.5094
chr1	488829	488830	21	0.6049
chr1	488865	488866	29	0.6656
chr1	488915	488916	28	0.5177
chr1	488947	488948	27	0.5957
chr1	488972	488973	31	0.4797
chr1	489012	489013	20	0.5849
chr1	489038	489039	32	0.6311
chr1	489072	489073	34	0.3975
chr1	489095	489096	30	0.5074
chr1	489134	489135	32	0.5174
chr1	489149	489150	40	0.5344
chr1	489199	489200	31	0.5318
chr1	489218	489219	28	0.483
chr1	489242	489243	34	0.5243
chr1	489342	489343	31	0.3218
chr1	489392	489393	24	0.449
chr1	489453	489454	27	0.6668
chr1	489537	489538	29	0.5094
chr1	489619	489620	25	0.4494
chr1	489719	489720	27	0.4885
chr1	489807	489808	34	0.8891
chr1	489879	489880	32	0.7168
chr1	489889	489890	31	1.0
chr1	489921	489922	33	0.8697
chr1	489937	489938	23	0.734
chr1	489939	489940	29	0.929
chr1	490049	490050	33	0.8277
chr1	490125	490126	30	0.67
chr1	490139	490140	22	0.7993
chr1	490197	490198	30	0.5847
chr1	490217	490218	34	0.6416
chr1	490240	490241	30	0.7669
chr1	490255	490256	35	0.5767
chr1	490303	490304	28	0.9215
chr1	490353	490354	27	0.7476
chr1	490400	490401	36	0.7673
chr1	490434	490435	26	0.7857
chr1	490456	490457	22	0.6635
chr1	490472	490473	26	0.7912
chr1	490492	490493	38	0.6035
chr1	490518	490519	22	0.7549
chr1	490537	490538	28	0.9259
chr1	490552	490553	36	0.7281
chr1	490602	490603	30	0.8481
chr1	490609	490610	22	0.7169
chr1	490659	490660	29	0.6463
chr1	490717	490718	29	0.7575
chr1	490814	490815	36	0.8077
chr1	490884	490885	31	0.8558
chr1	490984	490985	33	0.6826
chr1	491006	491007	20	1.0
chr1	491032	491033	33	0.8269
chr1	491053	491054	19	0.7693
chr1	491083	491084	32	0.867
chr1	491124	491125	29	0.662
chr1	491145	491146	35	0.8342
chr1	491187	491188	34	0.7457
chr1	491202	491203	33	0.8677
chr1	491244	491245	29	0.8217
chr1	491263	491264	27	0.8016
chr1	491288	491289	29	0.9753
chr1	491338	491339	33	0.8976
chr1	491388	491389	45	0.8169
chr1	491428	491429	25	0.732
chr1	491471	491472	32	0.8924
chr1	491495	491496	40	0.7935
chr1	491507	491508	32	0.7936
chr1	491557	491558	24	0.7875
chr1	491657	491658	33	0.7559
chr1	491757	491758	27	0.8965
chr1	491807	491808	27	0.828
chr1	491887	491888	34	0.9452
chr1	491903	491904	26	0.8738
chr1	491915	491916	37	0.9753
chr1	491963	491964	26	0.5847
chr1	491978	491979	21	0.7831
chr1	492003	492004	31	0.9261
chr1	492019	492020	35	0.7071
chr1	492069	492070	39	0.8696
chr1	492113	492114	28	0.8791
chr1	492137	492138	35	0.8234
chr1	492167	492168	26	0.7969
chr1	492207	492208	27	0.697
chr1	492257	492258	29	0.6887
chr1	492305	492306	35	0.655
chr1	492321	492322	27	0.74
chr1	492361	492362	22	0.7339
chr1	492378	492379	34	0.7151
chr1	492393	492394	26	0.7417
chr1	492428	492429	31	0.6374
chr1	492450	492451	28	0.6461
chr1	492465	492466	30	0.7822
chr1	492505	492506	30	0.8313
chr1	492605	492606	35	0.7378
chr1	492655	492656	34	0.7987
chr1	492755	492756	41	0.6147
chr1	492805	492806	30	0.843
chr1	492855	492856	36	0.7343
chr1	492955	492956	26	0.8847
chr1	493008	493009	33	0.7404
chr1	493032	493033	29	0.8109
chr1	493037	493038	24	0.3262
chr1	493087	493088	22	0.3039
chr1	493124	493125	33	0.5564
chr1	493174	493175	27	0.1402
chr1	493224	493225	33	0.436
chr1	493257	493258	30	0.4047
chr1	493283	493284	29	0.1837
chr1	493307	493308	31	0.3106
chr1	493322	493323	36	0.2948
chr1	493345	493346	28	0.3812
chr1	493395	493396	34	0.2062
chr1	493418	493419	27	0.2773
chr1	493459	493460	27	0.3154
chr1	493493	493494	29	0.3551
chr1	493510	493511	34	0.3701
chr1	493523	493524	24	0.459
chr1	493623	493624	25	0.5611
chr1	493673	493674	20	0.3266
chr1	493731	493732	28	0.3708
chr1	493831	493832	21	0.1781
chr1	493931	493932	19	0.3839
chr1	494019	494020	41	0.1088
chr1	494031	494032	22	0.2343
chr1	494143	494144	36	0.3983
chr1	494193	494194	35	0.2538
chr1	494235	494236	36	0.3692
chr1	494237	494238	27	0.0764
chr1	494261	494262	19	0.6811
chr1	494311	494312	36	0.4424
chr1	494347	494348	32	0.5698
chr1	494363	494364	22	0.7752
chr1	494413	494414	30	0.782
chr1	494447	494448	37	0.4256
chr1	494497	494498	30	0.3983
chr1	494512	494513	27	0.5244
chr1	494554	494555	36	0.5241
chr1	494590	494591	29	0.6422
chr1	494605	494606	26	0.6827
chr1	494630	494631	32	0.6866
chr1	494666	494667	42	0.6525
chr1	494716	494717	32	0.5893
chr1	494731	494732	35	0.5322
chr1	494745	494746	29	0.7227
chr1	494843	494844	36	0.5986
chr1	494943	494944	26	0.7024
chr1	494996	494997	25	0.7915
chr1	495096	495097	27	0.6891
chr1	495162	495163	32	0.501
chr1	495223	495224	31	0.5275
chr1	495231	495232	30	0.872
chr1	495319	495320	30	0.6768
chr1	495331	495332	33	0.6709
chr1	495381	495382	30	0.6473
chr1	495401	495402	30	0.6515
chr1	495446	495447	34	0.6162
chr1	495474	495475	20	0.6827
chr1	495502	495503	30	0.5939
chr1	495544	495545	28	0.626
chr1	495592	495593	28	0.5893
chr1	495615	495616	29	0.581
chr1	495630	495631	26	0.7446
chr1	495667	495668	23	0.5437
chr1	495682	495683	33	0.5688
chr1	495721	495722	28	0.445
chr1	495771	495772	31	0.6584
chr1	495786	495787	29	0.4394
chr1	495825	495826	35	0.5969
chr1	495862	495863	25	0.6372
chr1	495962	495963	23	0.6475
chr1	496062	496063	32	0.7266
chr1	496141	496142	31	0.6374
chr1	496241	496242	33	0.7395
chr1	496325	496326	25	0.5963
chr1	496345	496346	37	0.7298
chr1	496399	496400	29	0.7642
chr1	496404	496405	34	0.4592
chr1	496436	496437	24	0.3155
chr1	496486	496487	29	0.4767
chr1	496514	496515	29	0.3635
chr1	496541	496542	36	0.4259
chr1	496591	496592	32	0.4157
chr1	496641	496642	32	0.3765
chr1	496668	496669	30	0.5108
chr1	496690	496691	31	0.444
chr1	496740	496741	28	0.5638
chr1	496771	496772	22	0.3728
chr1	496816	496817	36	0.4203
chr1	496861	496862	29	0.439
chr1	496890	496891	30	0.4942
chr1	496919	496920	28	0.4949
chr1	496969	496970	31	0.4533
chr1	497019	497020	27	0.4206
chr1	497119	497120	30	0.4317
chr1	497219	497220	31	0.4182
chr1	497319	497320	24	0.3629
chr1	497419	497420	33	0.3473
chr1	497607	497608	30	0.1739
chr1	497627	497628	31	0.2522
chr1	497693	497694	33	0.0795
chr1	497765	497766	32	0.2228
chr1	497793	497794	29	0.0
chr1	497840	497841	22	0.0651
chr1	497869	497870	28	0.0159
chr1	497915	497916	31	0.2602
chr1	497961	497962	24	0.3038
chr1	497985	497986	27	0.2618
chr1	498020	498021	32	0.0532
chr1	498070	498071	26	0.0777
chr1	498098	498099	37	0.1487
chr1	498117	498118	24	0.0179
chr1	498153	498154	32	0.1872
chr1	498203	498204	29	0.1995
chr1	498244	498245	29	0.2354
chr1	498262	498263	29	0.1233
chr1	498297	498298	29	0.1254
chr1	498338	498339	34	0.1681
chr1	498358	498359	31	0.1646
chr1	498441	498442	30	0.1547
chr1	498541	498542	35	0.2036
chr1	498641	498642	31	0.0564
chr1	498741	498742	32	0.2309
chr1	498834	498835	32	0.1247
chr1	498838	498839	27	0.1004
chr1	498848	498849	34	0.0044
chr1	498857	498858	26	0.2701
chr1	498886	498887	32	0.1504
chr1	498906	498907	30	0.2657
chr1	498939	498940	25	0.2712
chr1	498984	498985	26	0.2793
chr1	499019	499020	34	0.3123
chr1	499034	499035	24	0.287
chr1	499081	499082	31	0.3198
chr1	499115	499116	35	0.1146
chr1	499142	499143	30	0.2179
chr1	499174	499175	35	0.353
chr1	499196	499197	32	0.3614
chr1	499227	499228	31	0.3724
chr1	499267	499268	30	0.4148
chr1	499309	499310	22	0.3312
chr1	499409	499410	29	0.4281
chr1	499481	499482	25	0.2774
chr1	499581	499582	25	0.216
chr1	499681	499682	30	0.3112
chr1	499753	499754	31	0.1976
chr1	499755	499756	32	0.2087
chr1	499763	499764	37	0.0
chr1	499801	499802	33	0.0057
chr1	499877	499878	32	0.2213
chr1	499907	499908	38	0.0
chr1	499923	499924	32	0.177
chr1	499995	499996	26	0.0647
chr1	500005	500006	29	0.1532
chr1	500043	500044	19	0.1816
chr1	500157	500158	31	0.181
chr1	500162	500163	20	0.4115
chr1	500206	500207	16	0.7256
chr1	500236	500237	24	0.5804
chr1	500261	500262	35	0.5044
chr1	500283	500284	25	0.4596
chr1	500309	500310	28	0.6032
chr1	500359	500360	31	0.5265
chr1	500399	500400	22	0.5118
chr1	500449	500450	36	0.6245
chr1	500496	500497	32	0.6749
chr1	500546	500547	34	0.7739
chr1	500563	500564	38	0.791
chr1	500613	500614	30	0.7086
chr1	500642	500643	32	0.6505
chr1	500692	500693	26	0.5612
chr1	500792	500793	33	0.5946
chr1	500842	500843	35	0.7628
chr1	500892	500893	24	0.6996
chr1	500942	500943	32	0.5199
chr1	500993	500994	24	0.6441
chr1	501043	501044	26	0.5401
chr1	501233	501234	36	0.3032
chr1	501275	501276	23	0.3099
chr1	501303	501304	26	0.3134
chr1	501353	501354	25	0.4834
chr1	501439	501440	32	0.397
chr1	501479	501480	36	0.7804
chr1	501526	501527	20	0.6791
chr1	501549	501550	37	0.6907
chr1	501566	501567	29	0.5747
chr1	501590	501591	27	0.8027
chr1	501622	501623	22	0.6931
chr1	501638	501639	31	0.6935
chr1	501686	501687	26	0.6862
chr1	501703	501704	33	0.5953
chr1	501737	501738	21	0.6726
chr1	501787	501788	32	0.7442
chr1	501815	501816	32	0.8174
chr1	501862	501863	25	0.8232
chr1	501898	501899	29	0.6523
chr1	501944	501945	28	0.7101
chr1	501988	501989	32	0.676
chr1	502016	502017	27	0.8095
chr1	502017	502018	32	0.6092
chr1	502115	502116	23	0.7084
chr1	502215	502216	23	0.6386
chr1	502278	502279	26	0.577
chr1	502374	502375	29	0.7836
chr1	502474	502475	29	0.7323
chr1	502572	502573	29	0.8955
chr1	502606	502607	29	0.346
chr1	502630	502631	31	0.3957
chr1	502655	502656	21	0.0904
chr1	502670	502671	30	0.3404
chr1	502718	502719	37	0.2797
chr1	502755	502756	29	0.2994
chr1	502780	502781	26	0.2208
chr1	502795	502796	28	0.326
chr1	502825	502826	32	0.267
chr1	502842	502843	31	0.0714
chr1	502890	502891	25	0.2166
chr1	502928	502929	33	0.2327
chr1	502953	502954	25	0.2919
chr1	502994	502995	24	0.3507
chr1	503012	503013	32	0.3518
chr1	503027	503028	30	0.2393
chr1	503077	503078	18	0.3084
chr1	503107	503108	33	0.2927
chr1	503205	503206	36	0.3243
chr1	503301	503302	20	0.2454
chr1	503401	503402	36	0.3161
chr1	503501	503502	38	0.2434
chr1	503600	503601	41	0.1279
chr1	503610	503611	25	0.4184
chr1	503636	503637	33	0.07
chr1	503641	503642	44	0.6266
chr1	503691	503692	32	0.4432
chr1	503724	503725	33	0.5963
chr1	503747	503748	31	0.571
chr1	503767	503768	26	0.5446
chr1	503817	503818	45	0.6317
chr1	503843	503844	40	0.7198
chr1	503858	503859	26	0.4811
chr1	503873	503874	18	0.4555
chr1	503894	503895	27	0.5501
chr1	503934	503935	27	0.4901
chr1	503949	503950	21	0.5196
chr1	503973	503974	20	0.4024
chr1	504013	504014	36	0.5483
chr1	504032	504033	20	0.5641
chr1	504082	504083	26	0.4646
chr1	504105	504106	22	0.5111
chr1	504205	504206	28	0.5094
chr1	504255	504256	25	0.6099
chr1	504305	504306	22	0.4652
chr1	504362	504363	30	0.6758
chr1	504462	504463	35	0.5235
chr1	504562	504563	24	0.4956
chr1	504590	504591	31	0.8876
chr1	504604	504605	31	0.8821
chr1	504720	504721	31	0.7173
chr1	504754	504755	35	0.8099
chr1	504776	504777	30	0.5629
chr1	504802	504803	29	0.8025
chr1	504826	504827	36	0.8271
chr1	504904	504905	20	0.8398
chr1	504996	504997	27	0.6014
chr1	505008	505009	42	0.1982
chr1	505058	505059	31	0.298
chr1	505081	505082	36	0.3144
chr1	505101	505102	32	0.3222
chr1	505116	505117	32	0.2568
chr1	505148	505149	21	0.2215
chr1	505198	505199	35	0.1772
chr1	505221	505222	23	0.2213
chr1	505271	505272	28	0.203
chr1	505321	505322	24	0.2804
chr1	505337	505338	40	0.2674
chr1	505359	505360	29	0.0704
chr1	505382	505383	35	0.3221
chr1	505402	505403	30	0.3081
chr1	505447	505448	28	0.2046
chr1	505467	505468	30	0.1595
chr1	505489	505490	36	0.2206
chr1	505527	505528	24	0.2603
chr1	505546	505547	27	0.3952
chr1	505584	505585	25	0.3634
chr1	505634	505635	28	0.3159
chr1	505734	505735	31	0.2245
chr1	505834	505835	30	0.1481
chr1	505918	505919	37	0.1349
chr1	505968	505969	26	0.3121
chr1	506068	506069	28	0.1023
chr1	506161	506162	31	0.1992
chr1	506245	506246	36	0.237
chr1	506260	506261	26	0.648
chr1	506291	506292	33	0.564
chr1	506312	506313	22	0.4529
chr1	506333	506334	24	0.4216
chr1	506377	506378	25	0.5282
chr1	506392	506393	28	0.42
chr1	506415	506416	33	0.6024
chr1	506453	506454	28	0.4562
chr1	506503	506504	36	0.594
chr1	506524	506525	26	0.6967
chr1	506546	506547	26	0.5589
chr1	506575	506576	27	0.6058
chr1	506625	506626	21	0.6452
chr1	506675	506676	23	0.7122
chr1	506767	506768	33	0.801
chr1	506847	506848	38	0.7038
chr1	506947	506948	42	0.6848
chr1	507047	507048	26	0.5202
chr1	507111	507112	36	0.5646
chr1	507177	507178	32	0.6109
chr1	507218	507219	33	0.0204
chr1	507249	507250	28	0.0843
chr1	507282	507283	25	0.1648
chr1	507330	507331	30	0.1141
chr1	507347	507348	23	0.1291
chr1	507382	507383	22	0.0231
chr1	507399	507400	25	0.1494
chr1	507417	507418	29	0.1457
chr1	507442	507443	35	0.1244
chr1	507483	507484	35	0.0996
chr1	507502	507503	26	0.0839
chr1	507521	507522	22	0.0288
chr1	507553	507554	35	0.1167
chr1	507592	507593	30	0.067
chr1	507624	507625	27	0.0
chr1	507640	507641	27	0.0
chr1	507672	507673	30	0.081
chr1	507689	507690	28	0.0522
chr1	507713	507714	26	0.1753
chr1	507813	507814	33	0.0183
chr1	507913	507914	28	0.0727
chr1	508013	508014	31	0.0575
chr1	508063	508064	31	0.0
chr1	508161	508162	27	0.239
chr1	508241	508242	32	0.0079
chr1	508290	508291	26	0.2087
chr1	508310	508311	28	0.2936
chr1	508338	508339	39	0.1599
chr1	508367	508368	22	0.2252
chr1	508417	508418	33	0.1728
chr1	508446	508447	27	0.2736
chr1	508496	508497	33	0.189
chr1	508518	508519	32	0.2113
chr1	508566	508567	27	0.26
chr1	508593	508594	29	0.2502
chr1	508621	508622	31	0.3578
chr1	508644	508645	36	0.1456
chr1	508694	508695	30	0.0863
chr1	508725	508726	36	0.2993
chr1	508756	508757	30	0.3118
chr1	508792	508793	25	0.0583
chr1	508824	508825	39	0.2027
chr1	508924	508925	19	0.1455
chr1	508974	508975	34	0.2769
chr1	509032	509033	32	0.0726
chr1	509110	509111	32	0.2898
chr1	509160	509161	40	0.3158
chr1	509236	509237	29	0.3114
chr1	509286	509287	24	0.4561
chr1	509336	509337	33	0.3402
chr1	509402	509403	20	0.1638
chr1	509424	509425	24	0.2559
chr1	509463	509464	27	0.7414
chr1	509478	509479	31	0.7256
chr1	509528	509529	40	0.7273
chr1	509554	509555	31	0.7358
chr1	509604	509605	22	0.7852
chr1	509644	509645	25	0.7789
chr1	509688	509689	24	0.6901
chr1	509711	509712	30	0.6902
chr1	509736	509737	29	0.8611
chr1	509765	509766	32	0.6726
chr1	509786	509787	31	0.8844
chr1	509811	509812	31	0.7718
chr1	509843	509844	30	0.6844
chr1	509893	509894	38	0.6882
chr1	509924	509925	24	0.6578
chr1	509960	509961	35	0.815
chr1	509973	509974	29	0.8341
chr1	510073	510074	21	0.7185
chr1	510173	510174	31	0.6861
chr1	510251	510252	36	0.8909
chr1	510301	510302	33	0.6994
chr1	510383	510384	35	0.715
chr1	510433	510434	32	0.5013
chr1	510521	510522	27	0.7935
chr1	510531	510532	19	0.5749
chr1	510546	510547	27	0.5899
chr1	510569	510570	29	0.5472
chr1	510596	510597	26	0.693
chr1	510629	510630	28	0.7571
chr1	510649	510650	39	0.6368
chr1	510667	510668	34	0.6077
chr1	510688	510689	30	0.6448
chr1	510724	510725	26	0.7042
chr1	510774	510775	31	0.5976
chr1	510813	510814	23	0.5235
chr1	510836	510837	25	0.5924
chr1	510867	510868	35	0.7602
chr1	510917	510918	28	0.6903
chr1	510967	510968	25	0.6784
chr1	511013	511014	22	0.6852
chr1	511022	511023	40	0.6396
chr1	511122	511123	30	0.716
chr1	511207	511208	22	0.6862
chr1	511307	511308	33	0.5796
chr1	511407	511408	31	0.6972
chr1	511507	511508	30	0.4192
chr1	511549	511550	30	0.672
chr1	511558	511559	28	0.3845
chr1	511584	511585	32	0.5354
chr1	511600	511601	25	0.3708
chr1	511644	511645	30	0.3803
chr1	511662	511663	24	0.3698
chr1	511677	511678	26	0.2897
chr1	511708	511709	31	0.2567
chr1	511758	511759	27	0.5733
chr1	511785	511786	34	0.2935
chr1	511835	511836	28	0.3001
chr1	511857	511858	25	0.3452
chr1	511872	511873	31	0.573
chr1	511922	511923	30	0.2683
chr1	511937	511938	25	0.2681
chr1	511959	511960	30	0.411
chr1	512009	512010	28	0.2533
chr1	512038	512039	29	0.4717
chr1	512070	512071	28	0.3947
chr1	512080	512081	35	0.4707
chr1	512136	512137	30	0.235
chr1	512190	512191	26	0.3196
chr1	512286	512287	41	0.3686
chr1	512336	512337	31	0.3979
chr1	512386	512387	26	0.4851
chr1	512486	512487	31	0.588
chr1	512557	512558	31	0.3519
chr1	512617	512618	29	0.6379
chr1	512659	512660	32	0.7326
chr1	512687	512688	30	0.5589
chr1	512707	512708	30	0.719
chr1	512809	512810	25	0.531
chr1	512853	512854	21	0.6421
chr1	512891	512892	30	0.6174
chr1	512907	512908	24	0.7786
chr1	512915	512916	32	0.7803
chr1	512965	512966	20	0.658
chr1	512999	513000	32	0.6422
chr1	513042	513043	32	0.4534
chr1	513066	513067	36	0.5212
chr1	513087	513088	36	0.4363
chr1	513110	513111	26	0.5445
chr1	513150	513151	26	0.518
chr1	513179	513180	23	0.5215
chr1	513200	513201	26	0.7958
chr1	513221	513222	30	0.8341
chr1	513271	513272	33	0.7221
chr1	513321	513322	30	0.828
chr1	513344	513345	34	0.9604
chr1	513394	513395	31	0.7169
chr1	513406	513407	25	0.9548
chr1	513506	513507	32	0.6931
chr1	513606	513607	23	0.8643
chr1	513677	513678	37	0.8312
chr1	513764	513765	33	0.6825
chr1	513864	513865	19	0.8879
chr1	513890	513891	20	0.8207
chr1	513900	513901	30	0.8576
chr1	513992	513993	36	0.9841
chr1	514168	514169	25	0.7751
chr1	514196	514197	36	0.9662
chr1	514226	514227	33	0.7598
chr1	514236	514237	32	0.2516
chr1	514269	514270	33	0.4502
chr1	514319	514320	37	0.4715
chr1	514365	514366	34	0.4257
chr1	514390	514391	32	0.479
chr1	514422	514423	34	0.2555
chr1	514472	514473	27	0.5519
chr1	514494	514495	30	0.3415
chr1	514544	514545	26	0.5402
chr1	514566	514567	25	0.4895
chr1	514586	514587	35	0.4662
chr1	514609	514610	25	0.4777
chr1	514625	514626	30	0.4062
chr1	514647	514648	27	0.3035
chr1	514664	514665	33	0.3596
chr1	514679	514680	31	0.4606
chr1	514714	514715	33	0.4045
chr1	514763	514764	22	0.4489
chr1	514863	514864	31	0.5218
chr1	514963	514964	28	0.4033
chr1	515063	515064	36	0.382
chr1	515163	515164	26	0.4326
chr1	515263	515264	29	0.388
chr1	515313	515314	27	0.7943
chr1	515345	515346	28	0.6561
chr1	515367	515368	26	0.8017
chr1	515391	515392	30	0.6068
chr1	515473	515474	29	0.6687
chr1	515515	515516	28	0.701
chr1	515575	515576	28	0.6483
chr1	515585	515586	27	0.7462
chr1	515663	515664	33	0.8818
chr1	515705	515706	27	0.7322
chr1	515737	515738	26	0.7475
chr1	515777	515778	31	0.7532
chr1	515809	515810	35	0.6405
chr1	515845	515846	30	0.6568
chr1	515860	515861	24	0.5074
chr1	515877	515878	30	0.8242
chr1	515903	515904	31	0.8132
chr1	515943	515944	25	0.6165
chr1	515993	515994	28	0.7023
chr1	516043	516044	27	0.6659
chr1	516058	516059	27	0.712
chr1	516098	516099	18	0.5802
chr1	516122	516123	27	0.7031
chr1	516167	516168	42	0.8418
chr1	516192	516193	19	0.5791
chr1	516222	516223	29	0.4399
chr1	516241	516242	24	0.5487
chr1	516254	516255	24	0.7143
chr1	516354	516355	24	0.8295
chr1	516427	516428	31	0.6273
chr1	516480	516481	34	0.7051
chr1	516534	516535	29	0.6662
chr1	516634	516635	29	0.6869
chr1	516696	516697	33	0.6416
chr1	516765	516766	31	0.6526
chr1	516827	516828	31	0.8503
chr1	516871	516872	24	0.7041
chr1	516887	516888	35	0.8679
chr1	516911	516912	35	0.8538
chr1	516953	516954	33	0.8991
chr1	516985	516986	26	0.9365
chr1	517019	517020	32	0.8568
chr1	517040	517041	31	0.739
chr1	517090	517091	35	0.8721
chr1	517121	517122	27	0.8366
chr1	517144	517145	37	0.8519
chr1	517175	517176	30	0.9985
chr1	517216	517217	28	0.8266
chr1	517257	517258	33	0.8252
chr1	517290	517291	23	0.853
chr1	517332	517333	33	0.9045
chr1	517359	517360	25	0.9531
chr1	517371	517372	33	0.8918
chr1	517421	517422	34	0.7674
chr1	517483	517484	25	0.7359
chr1	517583	517584	36	0.9338
chr1	517633	517634	23	0.8783
chr1	517683	517684	34	0.6509
chr1	517783	517784	33	0.7511
chr1	517870	517871	23	1.0
chr1	517922	517923	31	0.8772
chr1	517960	517961	30	0.8289
chr1	517968	517969	18	0.349
chr1	517986	517987	22	0.2314
chr1	518009	518010	22	0.2258
chr1	518045	518046	32	0.2436
chr1	518072	518073	33	0.3253
chr1	518094	518095	21	0.3211
chr1	518115	518116	34	0.2847
chr1	518131	518132	28	0.3531
chr1	518154	518155	38	0.3383
chr1	518204	518205	24	0.3196
chr1	518249	518250	21	0.4772
chr1	518286	518287	31	0.2813
chr1	518315	518316	22	0.3575
chr1	518330	518331	36	0.3256
chr1	518345	518346	23	0.3151
chr1	518372	518373	28	0.2284
chr1	518422	518423	30	0.2752
chr1	518444	518445	30	0.3368
chr1	518544	518545	29	0.3023
chr1	518644	518645	28	0.2958
chr1	518694	518695	29	0.3547
chr1	518794	518795	32	0.31
chr1	518894	518895	36	0.2509
chr1	519040	519041	29	0.0969
chr1	519124	519125	33	0.0089
chr1	519134	519135	33	0.0574
chr1	519136	519137	25	0.2223
chr1	519278	519279	27	0.176
chr1	519338	519339	31	0.2096
chr1	519366	519367	30	0.0772
chr1	519401	519402	32	0.8772
chr1	519417	519418	26	0.696
chr1	519437	519438	24	0.9429
chr1	519452	519453	36	0.882
chr1	519502	519503	34	0.7207
chr1	519570	519571	23	0.6564
chr1	519620	519621	34	0.7451
chr1	519642	519643	30	0.7873
chr1	519668	519669	28	0.8223
chr1	519716	519717	20	0.8137
chr1	519734	519735	31	0.8363
chr1	519755	519756	29	0.9372
chr1	519786	519787	36	0.8538
chr1	519836	519837	38	0.8384
chr1	519874	519875	37	0.7904
chr1	519895	519896	24	0.8068
chr1	519995	519996	31	0.7006
chr1	520089	520090	22	0.6568
chr1	520178	520179	28	0.7637
chr1	520278	520279	30	0.7811
chr1	520344	520345	38	0.7324
chr1	520374	520375	31	1.0
chr1	520379	520380	31	0.5278
chr1	520394	520395	27	0.578
chr1	520421	520422	28	0.4816
chr1	520471	520472	37	0.512
chr1	520521	520522	34	0.7283
chr1	520545	520546	25	0.7157
chr1	520595	520596	26	0.6778
chr1	520610	520611	21	0.3764
chr1	520649	520650	35	0.7817
chr1	520699	520700	35	0.3854
chr1	520746	520747	32	0.457
chr1	520796	520797	29	0.6228
chr1	520826	520827	28	0.4474
chr1	520876	520877	29	0.6378
chr1	520904	520905	34	0.5307
chr1	520956	520957	29	0.4923
chr1	521012	521013	26	0.5677
chr1	521112	521113	24	0.6213
chr1	521171	521172	33	0.4855
chr1	521271	521272	33	0.4547
chr1	521330	521331	25	0.6482
chr1	521366	521367	36	0.9144
chr1	521370	521371	29	0.9469
chr1	521516	521517	22	0.8865
chr1	521614	521615	28	0.8768
chr1	521658	521659	41	0.7172
chr1	521698	521699	28	0.8273
chr1	521700	521701	35	0.8331
chr1	521794	521795	41	0.7224
chr1	521804	521805	26	0.9043
chr1	521828	521829	45	0.7562
chr1	521849	521850	31	0.6583
chr1	521864	521865	31	0.6897
chr1	521879	521880	28	0.6543
chr1	521915	521916	32	0.6413
chr1	521931	521932	31	0.701
chr1	521962	521963	30	0.4678
chr1	521993	521994	29	0.6476
chr1	522026	522027	22	0.5248
chr1	522076	522077	30	0.692
chr1	522126	522127	22	0.5764
chr1	522153	522154	37	0.6758
chr1	522168	522169	33	0.6356
chr1	522209	522210	30	0.6964
chr1	522259	522260	29	0.6938
chr1	522284	522285	19	0.7535
chr1	522321	522322	31	0.607
chr1	522357	522358	27	0.7313
chr1	522457	522458	40	0.6488
chr1	522557	522558	28	0.6665
chr1	522657	522658	33	0.7088
chr1	522736	522737	34	0.7159
chr1	522836	522837	28	0.7738
chr1	522882	522883	32	0.6934
chr1	522889	522890	29	0.9201
chr1	522922	522923	24	0.8411
chr1	522972	522973	28	0.7677
chr1	523012	523013	37	0.8723
chr1	523051	523052	35	0.8861
chr1	523085	523086	20	0.8278
chr1	523135	523136	29	0.7033
chr1	523152	523153	34	0.7896
chr1	523188	523189	35	0.6613
chr1	523237	523238	29	0.7904
chr1	523273	523274	28	0.827
chr1	523317	523318	33	0.5842
chr1	523334	523335	25	0.7152
chr1	523352	523353	17	0.7678
chr1	523367	523368	30	0.6822
chr1	523400	523401	29	0.6897
chr1	523465	523466	27	0.6683
chr1	523565	523566	32	0.6616
chr1	523638	523639	31	0.9047
chr1	523726	523727	28	0.8133
chr1	523826	523827	27	0.7708
chr1	523920	523921	30	0.922
chr1	523990	523991	27	0.9938
chr1	524020	524021	29	0.9606
chr1	524028	524029	25	0.9083
chr1	524030	524031	27	0.7609
chr1	524046	524047	28	0.7948
chr1	524110	524111	32	0.7622
chr1	524234	524235	35	0.8309
chr1	524290	524291	33	0.8969
chr1	524320	524321	35	0.8333
chr1	524334	524335	27	0.171
chr1	524351	524352	27	0.126
chr1	524384	524385	25	0.3149
chr1	524423	524424	26	0.082
chr1	524440	524441	18	0.1365
chr1	524463	524464	36	0.0737
chr1	524481	524482	32	0.0919
chr1	524506	524507	36	0.0643
chr1	524526	524527	27	0.1875
chr1	524549	524550	32	0.0341
chr1	524580	524581	33	0.0289
chr1	524602	524603	24	0.1228
chr1	524631	524632	28	0.2142
chr1	524672	524673	33	0.1728
chr1	524701	524702	32	0.0876
chr1	524744	524745	36	0.1677
chr1	524759	524760	29	0.0686
chr1	524809	524810	30	0.172
chr1	524837	524838	26	0.08
chr1	524905	524906	36	0.0313
chr1	524984	524985	32	0.0698
chr1	525034	525035	30	0.0865
chr1	525100	525101	28	0.068
chr1	525151	525152	31	0.0855
chr1	525201	525202	34	0.2606
chr1	525251	525252	29	0.1827
chr1	525261	525262	32	0.0849
chr1	525319	525320	32	0.0
chr1	525353	525354	23	0.7791
chr1	525403	525404	26	0.8394
chr1	525421	525422	27	0.7234
chr1	525471	525472	33	0.875
chr1	525515	525516	32	0.6941
chr1	525530	525531	22	0.6278
chr1	525565	525566	32	0.9059
chr1	525592	525593	30	0.8169
chr1	525641	525642	35	0.7278
chr1	525657	525658	32	0.8915
chr1	525707	525708	25	0.7657
chr1	525756	525757	25	0.824
chr1	525786	525787	29	0.7473
chr1	525804	525805	32	0.7405
chr1	525827	525828	30	0.8726
chr1	525927	525928	35	0.6869
chr1	525983	525984	35	0.8096
chr1	526048	526049	38	0.7868
chr1	526098	526099	25	0.8844
chr1	526148	526149	35	0.8354
chr1	526248	526249	17	0.6549
chr1	526298	526299	38	0.7149
chr1	526300	526301	38	0.9187
chr1	526331	526332	30	0.7623
chr1	526364	526365	26	0.7645
chr1	526380	526381	30	0.5515
chr1	526430	526431	25	0.809
chr1	526462	526463	26	0.7402
chr1	526508	526509	35	0.7345
chr1	526552	526553	33	0.5974
chr1	526578	526579	27	0.6373
chr1	526614	526615	34	0.692
chr1	526629	526630	22	0.8191
chr1	526669	526670	21	0.6383
chr1	526694	526695	27	0.7529
chr1	526719	526720	29	0.7497
chr1	526752	526753	23	0.7338
chr1	526795	526796	34	0.8065
chr1	526826	526827	28	0.6746
chr1	526838	526839	25	0.6329
chr1	526938	526939	31	0.8413
chr1	527038	527039	39	0.8097
chr1	527138	527139	27	0.8361
chr1	527219	527220	43	0.8474
chr1	527279	527280	26	0.8597
chr1	527297	527298	32	0.823
chr1	527324	527325	25	0.4913
chr1	527344	527345	26	0.631
chr1	527390	527391	21	0.5229
chr1	527405	527406	33	0.5927
chr1	527425	527426	27	0.4868
chr1	527446	527447	35	0.5798
chr1	527467	527468	20	0.4979
chr1	527517	527518	30	0.4947
chr1	527538	527539	41	0.6102
chr1	527566	527567	27	0.4935
chr1	527584	527585	30	0.575
chr1	527619	527620	29	0.5311
chr1	527660	527661	29	0.6476
chr1	527675	527676	23	0.672
chr1	527708	527709	32	0.4818
chr1	527723	527724	31	0.4202
chr1	527744	527745	24	0.6454
chr1	527762	527763	27	0.6158
chr1	527777	527778	38	0.6071
chr1	527799	527800	29	0.4835
chr1	527814	527815	24	0.5623
chr1	527830	527831	25	0.632
chr1	527930	527931	29	0.6288
chr1	527999	528000	35	0.5946
chr1	528099	528100	26	0.4592
chr1	528199	528200	18	0.7896
chr1	528261	528262	19	0.6679
chr1	528305	528306	32	0.7384
chr1	528355	528356	28	0.5428
chr1	528393	528394	32	0.6397
chr1	528408	528409	41	0.637
chr1	528431	528432	23	0.6716
chr1	528449	528450	28	0.5438
chr1	528470	528471	10	0.5787
chr1	528494	528495	38	0.758
chr1	528515	528516	29	0.6842
chr1	528540	528541	20	0.6426
chr1	528566	528567	16	0.5646
chr1	528604	528605	36	0.471
chr1	528627	528628	31	0.617
chr1	528659	528660	33	0.5124
chr1	528693	528694	35	0.6344
chr1	528722	528723	25	0.4061
chr1	528748	528749	30	0.7726
chr1	528783	528784	27	0.7132
chr1	528801	528802	28	0.6333
chr1	528828	528829	32	0.3988
chr1	528855	528856	25	0.4486
chr1	528873	528874	34	0.506
chr1	528932	528933	28	0.6106
chr1	529029	529030	27	0.5322
chr1	529092	529093	37	0.5563
chr1	529151	529152	36	0.4823
chr1	529236	529237	34	0.5625
chr1	529336	529337	36	0.4718
chr1	529374	529375	42	0.3798
chr1	529407	529408	27	0.7562
chr1	529446	529447	27	0.6196
chr1	529461	529462	21	0.6001
chr1	529505	529506	37	0.7278
chr1	529522	529523	27	0.671
chr1	529544	529545	31	0.5243
chr1	529576	529577	25	0.7563
chr1	529601	529602	40	0.5814
chr1	529616	529617	28	0.5514
chr1	529643	529644	30	0.5711
chr1	529659	529660	30	0.6957
chr1	529688	529689	23	0.7069
chr1	529738	529739	29	0.69
chr1	529786	529787	38	0.7224
chr1	529813	529814	29	0.6655
chr1	529828	529829	28	0.5338
chr1	529832	529833	40	0.6554
chr1	529932	529933	24	0.4869
chr1	530032	530033	27	0.6775
chr1	530082	530083	29	0.648
chr1	530182	530183	29	0.5945
chr1	530232	530233	27	0.7382
chr1	530278	530279	28	0.6631
chr1	530288	530289	24	0.606
chr1	530298	530299	36	0.576
chr1	530324	530325	22	0.774
chr1	530340	530341	33	0.6545
chr1	530361	530362	23	0.5475
chr1	530376	530377	36	0.5341
chr1	530426	530427	25	0.5673
chr1	530457	530458	27	0.7387
chr1	530502	530503	25	0.4158
chr1	530552	530553	17	0.6497
chr1	530602	530603	32	0.5665
chr1	530627	530628	29	0.5909
chr1	530655	530656	24	0.4999
chr1	530705	530706	27	0.404
chr1	530733	530734	22	0.3305
chr1	530761	530762	32	0.5452
chr1	530788	530789	21	0.5153
chr1	530810	530811	29	0.3997
chr1	530910	530911	25	0.4434
chr1	530997	530998	27	0.4682
chr1	531047	531048	23	0.4932
chr1	531097	531098	24	0.4785
chr1	531197	531198	27	0.406
chr1	531255	531256	24	0.5774
chr1	531283	531284	26	0.8567
chr1	531401	531402	32	0.797
chr1	531455	531456	31	0.9673
chr1	531535	531536	31	0.9427
chr1	531547	531548	38	0.6478
chr1	531595	531596	33	0.8525
chr1	531603	531604	30	0.7719
chr1	531739	531740	27	0.6705
chr1	531751	531752	35	0.7472
chr1	531787	531788	35	0.1134
chr1	531825	531826	33	0.0189
chr1	531875	531876	35	0.1271
chr1	531925	531926	31	0.0418
chr1	531948	531949	34	0.1996
chr1	531993	531994	30	0.0645
chr1	532013	532014	36	0.159
chr1	532063	532064	37	0.1282
chr1	532113	532114	31	0.0117
chr1	532139	532140	30	0.0777
chr1	532154	532155	30	0.0748
chr1	532204	532205	32	0.2086
chr1	532229	532230	33	0.1228
chr1	532244	532245	38	0.11
chr1	532259	532260	29	0.1403
chr1	532276	532277	24	0.1169
chr1	532369	532370	34	0.1434
chr1	532459	532460	32	0.1401
chr1	532559	532560	33	0.2599
chr1	532659	532660	25	0.1006
chr1	532759	532760	26	0.1222
chr1	532761	532762	33	0.0471
chr1	532799	532800	26	0.147
chr1	532821	532822	28	0.8385
chr1	532839	532840	22	0.6737
chr1	532884	532885	28	0.9207
chr1	532924	532925	30	0.7215
chr1	532953	532954	34	0.9155
chr1	532984	532985	30	0.7228
chr1	533027	533028	26	0.7345
chr1	533059	533060	24	0.6914
chr1	533093	533094	35	0.8162
chr1	533117	533118	30	0.719
chr1	533134	533135	23	0.741
chr1	533184	533185	28	0.9234
chr1	533226	533227	38	0.5679
chr1	533248	533249	28	0.9985
chr1	533272	533273	33	0.7192
chr1	533310	533311	38	0.8114
chr1	533340	533341	28	0.8712
chr1	533440	533441	33	0.8922
chr1	533540	533541	29	0.833
chr1	533601	533602	20	0.746
chr1	533664	533665	38	0.8021
chr1	533735	533736	16	0.7328
chr1	533835	533836	32	0.7149
chr1	533911	533912	31	0.9542
chr1	533918	533919	32	0.2977
chr1	533933	533934	33	0.3706
chr1	533983	533984	28	0.1566
chr1	534006	534007	27	0.3431
chr1	534056	534057	27	0.468
chr1	534076	534077	27	0.4001
chr1	534091	534092	33	0.3451
chr1	534135	534136	33	0.3808
chr1	534157	534158	32	0.2898
chr1	534207	534208	25	0.2354
chr1	534223	534224	27	0.4423
chr1	534244	534245	23	0.1945
chr1	534277	534278	27	0.2957
chr1	534301	534302	34	0.2515
chr1	534319	534320	31	0.341
chr1	534348	534349	21	0.2442
chr1	534364	534365	27	0.2018
chr1	534414	534415	25	0.2276
chr1	534444	534445	26	0.3089
chr1	534544	534545	27	0.2408
chr1	534644	534645	36	0.1194
chr1	534744	534745	33	0.3873
chr1	534844	534845	27	0.525
chr1	534912	534913	33	0.2647
chr1	535058	535059	33	0.0
chr1	535062	535063	25	0.1326
chr1	535100	535101	29	0.1733
chr1	535136	535137	26	0.1388
chr1	535176	535177	26	0.1814
chr1	535182	535183	34	0.0895
chr1	535206	535207	36	0.1935
chr1	535222	535223	30	0.0
chr1	535244	535245	26	0.105
chr1	535259	535260	27	0.0701
chr1	535298	535299	34	0.137
chr1	535315	535316	26	0.1143
chr1	535341	535342	36	0.1135
chr1	535377	535378	26	0.1794
chr1	535395	535396	34	0.0554
chr1	535431	535432	25	0.0884
chr1	535455	535456	31	0.0253
chr1	535489	535490	25	0.0227
chr1	535513	535514	37	0.187
chr1	535528	535529	36	0.0624
chr1	535555	535556	19	0.3237
chr1	535587	535588	27	0.2996
chr1	535609	535610	38	0.0579
chr1	535659	535660	29	0.175
chr1	535695	535696	24	0.2593
chr1	535715	535716	22	0.0554
chr1	535730	535731	34	0.128
chr1	535824	535825	33	0.1059
chr1	535874	535875	21	0.1637
chr1	535924	535925	31	0.2271
chr1	535977	535978	28	0.1979
chr1	536077	536078	39	0.1164
chr1	536141	536142	30	0.0553
chr1	536169	536170	26	0.0999
chr1	536218	536219	29	0.7123
chr1	536237	536238	27	0.832
chr1	536252	536253	35	0.6363
chr1	536282	536283	18	0.9066
chr1	536305	536306	33	0.8306
chr1	536320	536321	31	0.8296
chr1	536356	536357	37	0.9419
chr1	536406	536407	30	0.7127
chr1	536434	536435	26	0.8508
chr1	536484	536485	37	0.7929
chr1	536515	536516	40	0.9416
chr1	536563	536564	27	0.7421
chr1	536578	536579	35	0.9173
chr1	536595	536596	31	0.9999
chr1	536631	536632	29	0.8084
chr1	536655	536656	28	0.9066
chr1	536688	536689	29	0.7353
chr1	536708	536709	36	0.9468
chr1	536714	536715	28	0.7473
chr1	536814	536815	30	0.832
chr1	536914	536915	30	0.6303
chr1	536964	536965	29	0.7343
chr1	537042	537043	39	0.8008
chr1	537107	537108	24	0.9099
chr1	537207	537208	42	0.9924
chr1	537269	537270	17	1.0
chr1	537280	537281	21	0.633
chr1	537309	537310	34	0.5879
chr1	537341	537342	26	0.6465
chr1	537391	537392	38	0.7667
chr1	537433	537434	26	0.6297
chr1	537452	537453	35	0.6346
chr1	537479	537480	31	0.7239
chr1	537496	537497	33	0.7418
chr1	537524	537525	29	0.7072
chr1	537539	537540	27	0.6911
chr1	537564	537565	37	0.7265
chr1	537598	537599	31	0.8154
chr1	537648	537649	25	0.6462
chr1	537695	537696	32	0.5441
chr1	537740	537741	22	0.6381
chr1	537760	537761	40	0.8345
chr1	537771	537772	28	0.7136
chr1	537858	537859	23	0.5972
chr1	537958	537959	28	0.8017
chr1	538008	538009	26	0.6547
chr1	538099	538100	29	0.6348
chr1	538199	538200	39	0.5722
chr1	538258	538259	27	0.7339
chr1	538358	538359	40	0.7379
chr1	538385	538386	40	0.55
chr1	538435	538436	38	0.818
chr1	538485	538486	31	0.6053
chr1	538503	538504	24	0.4355
chr1	538536	538537	28	0.6561
chr1	538572	538573	33	0.5954
chr1	538610	538611	25	0.769
chr1	538638	538639	31	0.5403
chr1	538653	538654	26	0.6004
chr1	538703	538704	26	0.6616
chr1	538724	538725	38	0.6657
chr1	538748	538749	22	0.4637
chr1	538769	538770	33	0.6612
chr1	538784	538785	30	0.6772
chr1	538813	538814	30	0.6674
chr1	538830	538831	27	0.5285
chr1	538847	538848	30	0.6464
chr1	538930	538931	34	0.6176
chr1	539022	539023	31	0.648
chr1	539086	539087	38	0.6012
chr1	539186	539187	33	0.5415
chr1	539286	539287	31	0.7414
chr1	539296	539297	20	0.7457
chr1	539302	539303	22	0.8184
chr1	539324	539325	31	0.819
chr1	539352	539353	27	0.7512
chr1	539377	539378	35	0.6853
chr1	539415	539416	23	0.7477
chr1	539438	539439	31	0.5698
chr1	539461	539462	37	0.5262
chr1	539497	539498	32	0.3971
chr1	539547	539548	33	0.7073
chr1	539597	539598	29	0.538
chr1	539620	539621	28	0.479
chr1	539658	539659	32	0.814
chr1	539687	539688	27	0.6356
chr1	539702	539703	29	0.4553
chr1	539734	539735	32	0.7412
chr1	539745	539746	28	0.5449
chr1	539845	539846	25	0.841
chr1	539945	539946	35	0.5696
chr1	540045	540046	33	0.8948
chr1	540095	540096	25	0.5967
chr1	540173	540174	27	0.902
chr1	540175	540176	32	0.8855
chr1	540349	540350	31	0.8277
chr1	540459	540460	27	0.8713
chr1	540527	540528	29	0.7725
chr1	540593	540594	23	0.7801
chr1	540611	540612	27	0.7768
chr1	540661	540662	30	0.7065
chr1	540694	540695	30	0.4613
chr1	540740	540741	29	0.6765
chr1	540763	540764	26	0.5268
chr1	540789	540790	29	0.5618
chr1	540805	540806	25	0.5797
chr1	540830	540831	30	0.5103
chr1	540858	540859	27	0.4791
chr1	540908	540909	32	0.4751
chr1	540941	540942	32	0.4902
chr1	540991	540992	18	0.5041
chr1	541014	541015	26	0.4633
chr1	541061	541062	37	0.4879
chr1	541085	541086	26	0.4962
chr1	541104	541105	35	0.4818
chr1	541154	541155	36	0.4657
chr1	541161	541162	32	0.6419
chr1	541211	541212	35	0.5002
chr1	541311	541312	20	0.5823
chr1	541411	541412	24	0.4757
chr1	541511	541512	29	0.6539
chr1	541611	541612	32	0.558
chr1	541661	541662	38	0.6138
chr1	541717	541718	31	0.6414
chr1	541739	541740	41	0.7738
chr1	541766	541767	26	0.1491
chr1	541791	541792	33	0.0
chr1	541806	541807	32	0.351
chr1	541825	541826	22	0.1741
chr1	541860	541861	25	0.2038
chr1	541875	541876	21	0.1715
chr1	541917	541918	33	0.0785
chr1	541948	541949	30	0.0958
chr1	541964	541965	26	0.1594
chr1	541995	541996	32	0.1167
chr1	542039	542040	33	0.0481
chr1	542081	542082	25	0.1188
chr1	542131	542132	24	0.255
chr1	542146	542147	31	0.0588
chr1	542187	542188	28	0.1426
chr1	542236	542237	30	0.1714
chr1	542262	542263	32	0.0004
chr1	542321	542322	37	0.329
chr1	542421	542422	39	0.2606
chr1	542521	542522	26	0.0693
chr1	542581	542582	31	0.1222
chr1	542681	542682	33	0.1783
chr1	542773	542774	24	0.0
chr1	542778	542779	30	0.3546
chr1	542802	542803	20	0.3686
chr1	542852	542853	26	0.3446
chr1	542894	542895	25	0.2682
chr1	542920	542921	25	0.5116
chr1	542942	542943	25	0.4953
chr1	542974	542975	24	0.2489
chr1	543012	543013	41	0.4309
chr1	543048	543049	32	0.2812
chr1	543063	543064	18	0.3506
chr1	543105	543106	28	0.5251
chr1	543155	543156	38	0.3989
chr1	543205	543206	34	0.5972
chr1	543223	543224	32	0.4422
chr1	543323	543324	24	0.3811
chr1	543398	543399	27	0.39
chr1	543448	543449	32	0.5565
chr1	543548	543549	30	0.3951
chr1	543647	543648	27	0.3618
chr1	543667	543668	34	0.58
chr1	543679	543680	37	0.7264
chr1	543707	543708	32	0.7062
chr1	543741	543742	31	0.7078
chr1	543877	543878	36	0.4978
chr1	543915	543916	31	0.5443
chr1	543947	543948	37	0.7013
chr1	543955	543956	29	0.7043
chr1	543998	543999	32	0.6335
chr1	544044	544045	33	0.6532
chr1	544077	544078	20	0.592
chr1	544116	544117	25	0.6217
chr1	544140	544141	16	0.6565
chr1	544189	544190	28	0.6568
chr1	544239	544240	29	0.6156
chr1	544261	544262	26	0.5085
chr1	544287	544288	35	0.397
chr1	544322	544323	28	0.4623
chr1	544338	544339	34	0.6698
chr1	544355	544356	32	0.6556
chr1	544378	544379	35	0.638
chr1	544403	544404	35	0.5139
chr1	544424	544425	32	0.4916
chr1	544457	544458	34	0.6593
chr1	544461	544462	30	0.5742
chr1	544511	544512	35	0.5785
chr1	544594	544595	38	0.6112
chr1	544694	544695	21	0.4403
chr1	544780	544781	29	0.6464
chr1	544880	544881	35	0.4937
chr1	544906	544907	28	0.9183
chr1	544910	544911	19	0.8627
chr1	545030	545031	23	0.8877
chr1	545058	545059	27	0.8602
chr1	545096	545097	23	0.9674
chr1	545164	545165	30	1.0
chr1	545184	545185	22	0.7135
chr1	545190	545191	36	0.9048
chr1	545256	545257	32	0.827
chr1	545376	545377	28	0.9373
chr1	545383	545384	38	0.6402
chr1	545398	545399	31	0.7106
chr1	545432	545433	22	0.7783
chr1	545482	545483	31	0.7018
chr1	545497	545498	30	0.5213
chr1	545539	545540	30	0.7004
chr1	545577	545578	23	0.7138
chr1	545597	545598	25	0.8613
chr1	545647	545648	34	0.8799
chr1	545697	545698	34	0.8669
chr1	545718	545719	33	0.8904
chr1	545735	545736	30	0.579
chr1	545785	545786	30	0.4484
chr1	545822	545823	39	0.3305
chr1	545902	545903	27	0.27
chr1	546002	546003	32	0.3399
chr1	546102	546103	29	0.7554
chr1	546152	546153	22	0.6896
chr1	546202	546203	34	0.6979
chr1	546232	546233	27	0.9114
chr1	546284	546285	37	0.8276
chr1	546286	546287	38	0.9833
chr1	546296	546297	30	0.7942
chr1	546360	546361	26	0.6166
chr1	546418	546419	25	0.7105
chr1	546434	546435	27	0.7717
chr1	546596	546597	30	0.5802
chr1	546670	546671	35	0.698
chr1	546706	546707	32	0.8073
chr1	546740	546741	36	0.8273
chr1	546771	546772	27	0.7801
chr1	546802	546803	30	0.867
chr1	546836	546837	29	0.8307
chr1	546885	546886	26	0.7931
chr1	546908	546909	28	0.7488
chr1	546939	546940	24	0.8677
chr1	546969	546970	32	0.7382
chr1	546991	546992	34	0.6309
chr1	547029	547030	31	0.8237
chr1	547044	547045	32	0.761
chr1	547064	547065	28	0.7689
chr1	547101	547102	34	0.7348
chr1	547145	547146	29	0.6225
chr1	547166	547167	31	0.8682
chr1	547189	547190	33	0.7444
chr1	547258	547259	30	0.7161
chr1	547358	547359	36	0.8509
chr1	547408	547409	35	0.7791
chr1	547508	547509	36	0.8494
chr1	547559	547560	36	0.9242
chr1	547659	547660	32	0.8291
chr1	547671	547672	31	0.7068
chr1	547737	547738	26	0.994
chr1	547785	547786	32	0.7846
chr1	547803	547804	22	0.5967
chr1	547849	547850	35	0.5826
chr1	547873	547874	35	0.7462
chr1	547899	547900	25	0.7571
chr1	547914	547915	36	0.7361
chr1	547932	547933	23	0.7147
chr1	547973	547974	39	0.5729
chr1	547998	547999	29	0.8453
chr1	548013	548014	35	0.7659
chr1	548040	548041	39	0.6841
chr1	548090	548091	27	0.6945
chr1	548140	548141	32	0.713
chr1	548155	548156	26	0.6601
chr1	548205	548206	34	0.6752
chr1	548251	548252	24	0.666
chr1	548301	548302	33	0.7736
chr1	548329	548330	32	0.6297
chr1	548362	548363	35	0.7344
chr1	548371	548372	34	0.6928
chr1	548471	548472	34	0.6715
chr1	548571	548572	33	0.5735
chr1	548671	548672	27	0.8542
chr1	548761	548762	26	0.5047
chr1	548848	548849	29	0.5537
chr1	548948	548949	23	0.677
chr1	549024	549025	30	0.7919
chr1	549053	549054	24	0.5382
chr1	549083	549084	17	0.6674
chr1	549109	549110	34	0.6156
chr1	549144	549145	29	0.7161
chr1	549169	549170	25	0.7438
chr1	549219	549220	28	0.7231
chr1	549260	549261	30	0.6778
chr1	549293	549294	31	0.6569
chr1	549312	549313	29	0.6007
chr1	549333	549334	26	0.7333
chr1	549355	549356	31	0.8033
chr1	549378	549379	33	0.6498
chr1	549428	549429	32	0.6762
chr1	549478	549479	34	0.61
chr1	549527	549528	28	0.6287
chr1	549553	549554	27	0.7111
chr1	549580	549581	29	0.792
chr1	549633	549634	33	0.7621
chr1	549702	549703	22	0.6491
chr1	549752	549753	38	0.5801
chr1	549838	549839	38	0.694
chr1	549930	549931	36	0.7183
chr1	550019	550020	23	0.5805
chr1	550021	550022	37	0.7719
chr1	550087	550088	35	0.7878
chr1	550092	550093	37	0.4846
chr1	550117	550118	34	0.5452
chr1	550143	550144	24	0.7335
chr1	550182	550183	28	0.5753
chr1	550230	550231	28	0.5415
chr1	550265	550266	33	0.6544
chr1	550294	550295	30	0.5552
chr1	550329	550330	29	0.678
chr1	550356	550357	27	0.5432
chr1	550376	550377	22	0.6223
chr1	550399	550400	23	0.524
chr1	550422	550423	28	0.6897
chr1	550469	550470	25	0.809
chr1	550519	550520	27	0.6003
chr1	550535	550536	34	0.4658
chr1	550574	550575	28	0.6062
chr1	550588	550589	35	0.6081
chr1	550688	550689	30	0.7833
chr1	550756	550757	21	0.5791
chr1	550856	550857	23	0.6264
chr1	550907	550908	35	0.6774
chr1	550957	550958	32	0.5637
chr1	551057	551058	25	0.7216
chr1	551125	551126	30	0.9894
chr1	551161	551162	20	1.0
chr1	551201	551202	30	0.9042
chr1	551283	551284	29	0.8946
chr1	551341	551342	37	0.884
chr1	551371	551372	25	0.6779
chr1	551409	551410	20	0.9996
chr1	551425	551426	31	0.9956
chr1	551497	551498	32	0.755
chr1	551505	551506	34	0.5454
chr1	551526	551527	28	0.4203
chr1	551566	551567	32	0.3523
chr1	551601	551602	28	0.6105
chr1	551627	551628	26	0.3981
chr1	551677	551678	30	0.2763
chr1	551692	551693	31	0.3873
chr1	551717	551718	33	0.4222
chr1	551732	551733	34	0.4208
chr1	551778	551779	21	0.4809
chr1	551813	551814	32	0.3712
chr1	551833	551834	30	0.2363
chr1	551858	551859	34	0.4433
chr1	551893	551894	33	0.4222
chr1	551922	551923	23	0.3872
chr1	551942	551943	31	0.4279
chr1	551957	551958	21	0.5322
chr1	551981	551982	29	0.3593
chr1	551989	551990	24	0.3806
chr1	552056	552057	31	0.3058
chr1	552134	552135	37	0.3422
chr1	552234	552235	40	0.6308
chr1	552331	552332	28	0.3126
chr1	552381	552382	34	0.267
chr1	552539	552540	24	0.8975
chr1	552623	552624	28	0.7855
chr1	552715	552716	33	0.9386
chr1	552763	552764	28	0.6559
chr1	552829	552830	25	0.7503
chr1	552836	552837	28	0.4913
chr1	552880	552881	23	0.5104
chr1	552902	552903	25	0.3248
chr1	552917	552918	33	0.4398
chr1	552935	552936	23	0.345
chr1	552978	552979	27	0.3248
chr1	553028	553029	30	0.5744
chr1	553055	553056	29	0.3454
chr1	553097	553098	23	0.3374
chr1	553121	553122	33	0.4169
chr1	553155	553156	27	0.5131
chr1	553190	553191	29	0.3384
chr1	553229	553230	30	0.3173
chr1	553263	553264	40	0.5796
chr1	553281	553282	29	0.1653
chr1	553305	553306	23	0.3907
chr1	553347	553348	37	0.4849
chr1	553357	553358	19	0.4363
chr1	553407	553408	23	0.5589
chr1	553507	553508	30	0.4283
chr1	553607	553608	25	0.4879
chr1	553707	553708	30	0.2479
chr1	553807	553808	40	0.3907
chr1	553905	553906	38	0.5849
chr1	553937	553938	36	0.7559
chr1	553945	553946	34	0.5271
chr1	553955	553956	22	0.8217
chr1	554031	554032	24	0.5524
chr1	554037	554038	31	0.7709
chr1	554085	554086	31	0.7809
chr1	554095	554096	34	0.5336
chr1	554117	554118	27	0.6297
chr1	554123	554124	26	0.4525
chr1	554134	554135	34	0.6808
chr1	554157	554158	33	0.6409
chr1	554197	554198	29	0.7876
chr1	554227	554228	33	0.6517
chr1	554265	554266	25	0.7448
chr1	554280	554281	31	0.5977
chr1	554295	554296	23	0.6461
chr1	554329	554330	27	0.6271
chr1	554345	554346	28	0.7919
chr1	554384	554385	23	0.781
chr1	554418	554419	30	0.8643
chr1	554468	554469	28	0.6512
chr1	554492	554493	23	0.7083
chr1	554515	554516	30	0.8241
chr1	554516	554517	31	0.7593
chr1	554616	554617	43	0.7127
chr1	554716	554717	30	0.7427
chr1	554816	554817	32	0.6629
chr1	554844	554845	30	0.6262
chr1	554855	554856	31	0.2092
chr1	554881	554882	32	0.0625
chr1	554931	554932	26	0.1223
chr1	554961	554962	30	0.3302
chr1	554994	554995	33	0.2732
chr1	555009	555010	30	0.1126
chr1	555039	555040	27	0.1647
chr1	555060	555061	29	0.1115
chr1	555095	555096	31	0.1318
chr1	555145	555146	29	0.3546
chr1	555160	555161	25	0.158
chr1	555210	555211	21	0.2123
chr1	555247	555248	28	0.2064
chr1	555277	555278	35	0.1802
chr1	555320	555321	31	0.262
chr1	555342	555343	35	0.2324
chr1	555392	555393	25	0.1959
chr1	555408	555409	30	0.2427
chr1	555427	555428	33	0.2554
chr1	555527	555528	27	0.1439
chr1	555627	555628	23	0.0
chr1	555727	555728	31	0.0874
chr1	555827	555828	22	0.1614
chr1	555927	555928	38	0.1756
chr1	555929	555930	28	0.2474
chr1	556015	556016	41	0.1829
chr1	556050	556051	28	0.769
chr1	556072	556073	32	0.71
chr1	556097	556098	32	0.6561
chr1	556147	556148	37	0.7471
chr1	556162	556163	33	0.8284
chr1	556178	556179	29	0.72
chr1	556223	556224	33	0.5932
chr1	556238	556239	24	0.5186
chr1	556269	556270	37	0.7559
chr1	556287	556288	33	0.7717
chr1	556337	556338	32	0.8067
chr1	556373	556374	22	0.863
chr1	556400	556401	31	0.5467
chr1	556434	556435	35	0.8801
chr1	556472	556473	33	0.6884
chr1	556522	556523	30	0.6166
chr1	556550	556551	28	0.5747
chr1	556573	556574	21	0.7607
chr1	556580	556581	20	0.7513
chr1	556680	556681	34	0.5202
chr1	556753	556754	28	0.5768
chr1	556853	556854	37	0.8767
chr1	556953	556954	31	0.6477
chr1	557022	557023	32	0.7475
chr1	557122	557123	31	0.9206
chr1	557147	557148	30	0.721
chr1	557172	557173	29	0.7713
chr1	557222	557223	27	0.8626
chr1	557247	557248	32	0.8747
chr1	557269	557270	38	0.7896
chr1	557303	557304	27	0.8562
chr1	557321	557322	27	0.7918
chr1	557336	557337	36	0.9292
chr1	557357	557358	32	0.7791
chr1	557389	557390	29	0.731
chr1	557411	557412	27	0.7708
chr1	557426	557427	30	0.9717
chr1	557456	557457	22	0.8314
chr1	557476	557477	35	0.9348
chr1	557526	557527	23	0.8082
chr1	557550	557551	27	0.8027
chr1	557587	557588	30	0.7091
chr1	557603	557604	38	0.8832
chr1	557650	557651	39	0.8643
chr1	557750	557751	30	0.7751
chr1	557850	557851	24	0.8658
chr1	557900	557901	27	0.9389
chr1	558000	558001	25	0.8951
chr1	558100	558101	33	0.8239
chr1	558130	558131	28	0.6821
chr1	558156	558157	24	0.803
chr1	558177	558178	22	0.5916
chr1	558209	558210	34	0.6469
chr1	558235	558236	18	0.6244
chr1	558285	558286	33	0.7522
chr1	558300	558301	29	0.6822
chr1	558319	558320	30	0.6557
chr1	558360	558361	34	0.6707
chr1	558410	558411	29	0.5826
chr1	558434	558435	32	0.6544
chr1	558484	558485	29	0.624
chr1	558499	558500	23	0.5731
chr1	558522	558523	25	0.5985
chr1	558551	558552	28	0.6304
chr1	558601	558602	34	0.5493
chr1	558651	558652	28	0.7588
chr1	558671	558672	27	0.5957
chr1	558764	558765	23	0.6686
chr1	558864	558865	33	0.7437
chr1	558964	558965	25	0.8444
chr1	559064	559065	25	0.6214
chr1	559133	559134	35	0.6255
chr1	559175	559176	35	0.7854
chr1	559204	559205	21	0.0868
chr1	559220	559221	24	0.0759
chr1	559235	559236	30	0.1666
chr1	559250	559251	30	0.2868
chr1	559267	559268	31	0.2049
chr1	559300	559301	29	0.2169
chr1	559350	559351	25	0.2734
chr1	559394	559395	36	0.0588
chr1	559409	559410	33	0.2346
chr1	559453	559454	28	0.3251
chr1	559488	559489	33	0.1779
chr1	559525	559526	31	0.1194
chr1	559540	559541	34	0.1596
chr1	559560	559561	33	0.1412
chr1	559610	559611	22	0.0696
chr1	559628	559629	24	0.0225
chr1	559662	559663	31	0.2084
chr1	559712	559713	31	0.2274
chr1	559735	559736	26	0.2552
chr1	559820	559821	28	0.2001
chr1	559874	559875	28	0.1584
chr1	559941	559942	31	0.2062
chr1	559991	559992	30	0.3217
chr1	560091	560092	25	0.1277
chr1	560191	560192	32	0.1296
chr1	560271	560272	32	0.0262
chr1	560279	560280	27	0.2535
chr1	560292	560293	29	0.7603
chr1	560328	560329	38	0.7039
chr1	560354	560355	26	0.7737
chr1	560369	560370	36	0.7408
chr1	560394	560395	28	0.657
chr1	560444	560445	34	0.509
chr1	560473	560474	12	0.5238
chr1	560503	560504	33	0.7805
chr1	560533	560534	31	0.631
chr1	560570	560571	29	0.5074
chr1	560591	560592	20	0.6227
chr1	560625	560626	30	0.6368
chr1	560675	560676	32	0.649
chr1	560690	560691	30	0.6624
chr1	560718	560719	28	0.6803
chr1	560768	560769	31	0.6961
chr1	560813	560814	34	0.7472
chr1	560913	560914	31	0.6279
chr1	561013	561014	35	0.4897
chr1	561113	561114	29	0.7094
chr1	561171	561172	28	0.6973
chr1	561271	561272	29	0.6527
chr1	561363	561364	38	0.8317
chr1	561368	561369	27	0.4017
chr1	561405	561406	28	0.3566
chr1	561420	561421	27	0.28
chr1	561450	561451	21	0.294
chr1	561474	561475	30	0.2455
chr1	561510	561511	28	0.2792
chr1	561542	561543	29	0.3222
chr1	561561	561562	30	0.4529
chr1	561582	561583	28	0.4006
chr1	561632	561633	29	0.2984
chr1	561649	561650	35	0.4438
chr1	561668	561669	27	0.3717
chr1	561718	561719	30	0.3924
chr1	561733	561734	28	0.3953
chr1	561752	561753	33	0.4084
chr1	561788	561789	26	0.4339
chr1	561827	561828	33	0.3759
chr1	561877	561878	26	0.5622
chr1	561936	561937	31	0.3743
chr1	562005	562006	23	0.4169
chr1	562105	562106	35	0.4098
chr1	562155	562156	20	0.436
chr1	562255	562256	37	0.2795
chr1	562543	562544	40	0.1234
chr1	562589	562590	23	0.0805
chr1	562615	562616	28	0.0869
chr1	562677	562678	33	0.0
chr1	562701	562702	34	0.1584
chr1	562741	562742	32	0.1482
chr1	562760	562761	41	0.1298
chr1	562788	562789	31	0.0085
chr1	562838	562839	32	0.1595
chr1	562858	562859	27	0.1934
chr1	562891	562892	23	0.1958
chr1	562934	562935	30	0.0403
chr1	562972	562973	30	0.1589
chr1	563003	563004	32	0.2671
chr1	563023	563024	29	0.1039
chr1	563044	563045	35	0.0634
chr1	563076	563077	28	0.0998
chr1	563091	563092	32	0.2116
chr1	563126	563127	30	0.0481
chr1	563157	563158	24	0.2362
chr1	563207	563208	24	0.0684
chr1	563244	563245	27	0.1717
chr1	563259	563260	28	0.0
chr1	563286	563287	29	0.1493
chr1	563332	563333	42	0.1372
chr1	563432	563433	29	0.1957
chr1	563532	563533	25	0.0
chr1	563600	563601	29	0.1264
chr1	563666	563667	30	0.0802
chr1	563766	563767	26	0.0737
chr1	563844	563845	22	0.1147
chr1	563904	563905	33	0.3054
chr1	563944	563945	25	0.0881
chr1	565130	565131	25	0.502
chr1	565159	565160	28	0.6548
chr1	565186	565187	29	0.6212
chr1	565204	565205	38	0.5712
chr1	565219	565220	36	0.4949
chr1	565255	565256	27	0.7035
chr1	565272	565273	27	0.738
chr1	565287	565288	28	0.7326
chr1	565317	565318	30	0.6282
chr1	565356	565357	36	0.7899
chr1	565385	565386	24	0.5897
chr1	565407	565408	35	0.5249
chr1	565452	565453	38	0.6671
chr1	565487	565488	29	0.6604
chr1	565513	565514	28	0.6409
chr1	565563	565564	35	0.5169
chr1	565613	565614	28	0.586
chr1	565631	565632	31	0.6627
chr1	565653	565654	25	0.6397
chr1	565690	565691	26	0.5565
chr1	565790	565791	31	0.6632
chr1	565879	565880	34	0.5746
chr1	565979	565980	35	0.7397
chr1	566079	566080	25	0.5547
chr1	566129	566130	30	0.6688
chr1	566229	566230	28	0.7005
chr1	566325	566326	32	0.8468
chr1	566331	566332	21	0.4066
chr1	566381	566382	28	0.5339
chr1	566426	566427	28	0.2973
chr1	566461	566462	35	0.2558
chr1	566490	566491	23	0.4366
chr1	566505	566506	29	0.3705
chr1	566526	566527	40	0.4777
chr1	566576	566577	22	0.3692
chr1	566603	566604	42	0.341
chr1	566647	566648	29	0.3794
chr1	566697	566698	22	0.4168
chr1	566727	566728	38	0.3097
chr1	566765	566766	31	0.2246
chr1	566810	566811	21	0.6097
chr1	566815	566816	24	0.4177
chr1	566883	566884	23	0.4318
chr1	566983	566984	28	0.4004
chr1	567083	567084	24	0.4125
chr1	567183	567184	21	0.3887
chr1	567283	567284	32	0.3271
chr1	567355	567356	28	0.1725
chr1	567583	567584	31	0.0
chr1	567677	567678	30	0.2022
chr1	567725	567726	25	0.0
chr1	567749	567750	29	0.2204
chr1	567754	567755	22	0.5486
chr1	567783	567784	26	0.7162
chr1	567808	567809	34	0.6324
chr1	567840	567841	30	0.5002
chr1	567855	567856	32	0.557
chr1	567875	567876	39	0.7131
chr1	567892	567893	32	0.4224
chr1	567920	567921	31	0.7045
chr1	567942	567943	38	0.7908
chr1	567970	567971	31	0.6649
chr1	568020	568021	26	0.5249
chr1	568047	568048	24	0.6312
chr1	568073	568074	26	0.5994
chr1	568091	568092	31	0.5172
chr1	568116	568117	29	0.359
chr1	568146	568147	31	0.6956
chr1	568161	568162	33	0.8
chr1	568209	568210	31	0.6077
chr1	568226	568227	29	0.5625
chr1	568248	568249	30	0.6503
chr1	568264	568265	25	0.6412
chr1	568364	568365	23	0.7011
chr1	568421	568422	35	0.7294
chr1	568500	568501	26	0.6672
chr1	568550	568551	32	0.4531
chr1	568643	568644	24	0.7209
chr1	568743	568744	19	0.5976
chr1	568755	568756	28	0.7713
chr1	568977	568978	28	1.0
chr1	569005	569006	32	0.6577
chr1	569011	569012	33	0.7452
chr1	569031	569032	23	0.7217
chr1	569081	569082	25	0.8685
chr1	569145	569146	28	0.8057
chr1	569197	569198	26	0.8339
chr1	569209	569210	27	0.5843
chr1	569219	569220	39	0.7629
chr1	569252	569253	34	0.662
chr1	569278	569279	30	0.8378
chr1	569321	569322	36	0.4922
chr1	569371	569372	34	0.5817
chr1	569396	569397	31	0.6699
chr1	569426	569427	35	0.6448
chr1	569444	569445	31	0.6897
chr1	569494	569495	25	0.7317
chr1	569534	569535	23	0.6359
chr1	569584	569585	36	0.5937
chr1	569618	569619	27	0.5942
chr1	569646	569647	34	0.5748
chr1	569666	569667	33	0.6068
chr1	569694	569695	32	0.7031
chr1	569794	569795	24	0.581
chr1	569894	569895	43	0.7203
chr1	569994	569995	34	0.7676
chr1	570094	570095	20	0.7006
chr1	570168	570169	28	0.635
chr1	570200	570201	33	0.8041
chr1	570224	570225	25	0.8035
chr1	570228	570229	27	0.8307
chr1	570236	570237	27	0.7606
chr1	570274	570275	29	0.7422
chr1	570284	570285	25	0.8734
chr1	570368	570369	30	0.5443
chr1	570414	570415	25	0.8643
chr1	570518	570519	24	0.5793
chr1	570530	570531	37	0.8968
chr1	570572	570573	23	0.0112
chr1	570604	570605	28	0.2502
chr1	570619	570620	25	0.0743
chr1	570643	570644	20	0.2195
chr1	570658	570659	19	0.0991
chr1	570708	570709	28	0.2648
chr1	570736	570737	27	0.1741
chr1	570764	570765	32	0.1284
chr1	570814	570815	29	0.0963
chr1	570842	570843	34	0.0874
chr1	570869	570870	29	0.1472
chr1	570895	570896	23	0.0397
chr1	570919	570920	25	0.1295
chr1	570941	570942	35	0.3362
chr1	570991	570992	34	0.235
chr1	571020	571021	31	0.1823
chr1	571035	571036	33	0.0957
chr1	571052	571053	32	0.2055
chr1	571068	571069	41	0.1685
chr1	571118	571119	34	0.237
chr1	571197	571198	32	0.2968
chr1	571265	571266	23	0.2344
chr1	571318	571319	21	0.1601
chr1	571368	571369	27	0.0494
chr1	571441	571442	32	0.2654
chr1	571514	571515	39	0.1753
chr1	571522	571523	33	0.172
chr1	571532	571533	24	0.0517
chr1	571539	571540	30	0.5717
chr1	571562	571563	26	0.6795
chr1	571607	571608	30	0.5622
chr1	571639	571640	27	0.4388
chr1	571679	571680	24	0.4813
chr1	571715	571716	31	0.526
chr1	571730	571731	25	0.6005
chr1	571772	571773	29	0.6117
chr1	571798	571799	28	0.5265
chr1	571825	571826	30	0.6094
chr1	571858	571859	32	0.5497
chr1	571903	571904	32	0.5492
chr1	571945	571946	33	0.4926
chr1	571981	571982	24	0.5212
chr1	572012	572013	32	0.3081
chr1	572042	572043	35	0.4533
chr1	572142	572143	29	0.3656
chr1	572192	572193	24	0.4587
chr1	572292	572293	25	0.4791
chr1	572342	572343	31	0.4261
chr1	572427	572428	31	0.5888
chr1	572523	572524	25	0.4562
chr1	572527	572528	36	0.9369
chr1	572659	572660	25	0.9589
chr1	572749	572750	34	0.7629
chr1	572779	572780	33	0.6536
chr1	572783	572784	24	1.0
chr1	572789	572790	30	0.5409
chr1	572853	572854	29	0.7543
chr1	572951	572952	28	0.5954
chr1	572973	572974	27	0.7009
chr1	572975	572976	30	0.7443
chr1	573025	573026	30	0.69
chr1	573056	573057	26	0.6464
chr1	573085	573086	27	0.9153
chr1	573100	573101	34	0.6713
chr1	573116	573117	35	0.7427
chr1	573144	573145	29	0.8249
chr1	573170	573171	22	0.8981
chr1	573220	573221	18	0.8063
chr1	573241	573242	31	0.7462
chr1	573263	573264	28	0.8021
chr1	573303	573304	30	0.7953
chr1	573353	573354	29	0.755
chr1	573371	573372	30	0.6539
chr1	573397	573398	31	0.8437
chr1	573429	573430	36	0.6785
chr1	573451	573452	31	0.7977
chr1	573468	573469	25	0.7403
chr1	573483	573484	24	0.7936
chr1	573567	573568	20	0.8189
chr1	573667	573668	17	0.7749
chr1	573717	573718	32	0.8205
chr1	573817	573818	38	0.8823
chr1	573870	573871	34	0.7179
chr1	573920	573921	30	0.5954
chr1	573944	573945	26	0.8026
chr1	574010	574011	33	0.8844
chr1	574056	574057	28	0.6711
chr1	574084	574085	28	0.817
chr1	574114	574115	26	0.7846
chr1	574164	574165	21	0.8544
chr1	574200	574201	27	0.7072
chr1	574235	574236	26	0.5741
chr1	574259	574260	30	0.6054
chr1	574285	574286	30	0.5232
chr1	574355	574356	31	0.6121
chr1	574387	574388	27	0.716
chr1	574437	574438	36	0.6375
chr1	574484	574485	30	0.8136
chr1	574500	574501	31	0.6717
chr1	574600	574601	26	0.4707
chr1	574650	574651	29	0.7106
chr1	574700	574701	29	0.8922
chr1	574779	574780	32	0.5917
chr1	574879	574880	33	0.6721
chr1	574929	574930	33	0.5701
chr1	574983	574984	29	0.612
chr1	574999	575000	32	0.8532
chr1	575005	575006	30	0.4369
chr1	575055	575056	23	0.5647
chr1	575070	575071	20	0.344
chr1	575099	575100	37	0.646
chr1	575147	575148	35	0.3757
chr1	575179	575180	25	0.423
chr1	575207	575208	27	0.4327
chr1	575235	575236	20	0.4203
chr1	575260	575261	31	0.5723
chr1	575293	575294	38	0.4215
chr1	575321	575322	38	0.4149
chr1	575371	575372	25	0.5043
chr1	575397	575398	30	0.5126
chr1	575416	575417	27	0.6192
chr1	575457	575458	33	0.3706
chr1	575458	575459	34	0.5341
chr1	575533	575534	28	0.4621
chr1	575633	575634	32	0.4606
chr1	575733	575734	35	0.4364
chr1	575817	575818	23	0.6211
chr1	575887	575888	39	0.4965
chr1	575975	575976	29	0.7309
chr1	576137	576138	28	0.6879
chr1	576177	576178	35	0.6909
chr1	576209	576210	29	0.6453
chr1	576215	576216	24	0.7634
chr1	576335	576336	32	0.7873
chr1	576358	576359	32	0.9581
chr1	576383	576384	26	0.9801
chr1	576406	576407	22	0.8318
chr1	576456	576457	28	0.8872
chr1	576483	576484	33	0.8995
chr1	576506	576507	16	0.9265
chr1	576542	576543	34	0.7333
chr1	576588	576589	28	1.0
chr1	576638	576639	27	0.9146
chr1	576679	576680	26	1.0
chr1	576694	576695	31	0.8705
chr1	576740	576741	35	0.8616
chr1	576763	576764	34	0.9702
chr1	576791	576792	20	0.7215
chr1	576833	576834	32	0.8211
chr1	576852	576853	26	0.8419
chr1	576952	576953	26	0.8971
chr1	577009	577010	38	0.9078
chr1	577109	577110	36	0.8263
chr1	577209	577210	27	0.8105
chr1	577309	577310	26	0.8485
chr1	577397	577398	27	1.0
chr1	577411	577412	34	0.8294
chr1	577426	577427	39	1.0
chr1	577453	577454	31	0.7874
chr1	577484	577485	34	0.6898
chr1	577513	577514	27	0.7423
chr1	577563	577564	25	0.7163
chr1	577608	577609	34	0.7662
chr1	577643	577644	23	0.7517
chr1	577659	577660	26	0.7252
chr1	577709	577710	29	0.8557
chr1	577759	577760	27	0.764
chr1	577786	577787	31	0.8944
chr1	577809	577810	26	0.7632
chr1	577824	577825	30	0.7099
chr1	577860	577861	38	0.7435
chr1	577902	577903	32	0.859
chr1	577908	577909	38	0.8894
chr1	578008	578009	24	0.7986
chr1	578064	578065	33	0.7519
chr1	578164	578165	16	0.8129
chr1	578227	578228	39	0.8321
chr1	578300	578301	41	0.821
chr1	578351	578352	39	0.7856
chr1	578363	578364	20	1.0
chr1	578409	578410	35	0.6823
chr1	578451	578452	25	0.0679
chr1	578472	578473	22	0.0717
chr1	578522	578523	31	0.0367
chr1	578541	578542	32	0.2226
chr1	578558	578559	31	0.1896
chr1	578608	578609	25	0.0759
chr1	578637	578638	32	0.0793
chr1	578652	578653	25	0.1846
chr1	578696	578697	29	0.1473
chr1	578730	578731	29	0.0747
chr1	578780	578781	26	0.1772
chr1	578795	578796	25	0.0941
chr1	578835	578836	18	0.1653
chr1	578850	578851	26	0.2966
chr1	578872	578873	23	0.225
chr1	578887	578888	28	0.0781
chr1	578926	578927	27	0.0719
chr1	578940	578941	29	0.1895
chr1	579028	579029	24	0.1441
chr1	579083	579084	32	0.0538
chr1	579174	579175	28	0.0259
chr1	579224	579225	26	0.1267
chr1	579320	579321	34	0.2293
chr1	579370	579371	25	0.1929
chr1	579394	579395	28	0.066
chr1	579439	579440	32	0.7232
chr1	579461	579462	20	0.8572
chr1	579511	579512	21	0.8482
chr1	579535	579536	26	0.9878
chr1	579567	579568	35	0.941
chr1	579617	579618	31	0.9309
chr1	579637	579638	25	0.6509
chr1	579670	579671	26	0.8098
chr1	579710	579711	28	0.7061
chr1	579752	579753	25	0.8325
chr1	579767	579768	31	0.7132
chr1	579788	579789	26	0.8081
chr1	579836	579837	30	0.9313
chr1	579886	579887	22	0.6957
chr1	579917	579918	26	0.7753
chr1	579945	579946	33	0.7822
chr1	579982	579983	20	0.8296
chr1	580032	580033	22	0.7569
chr1	580112	580113	46	0.6386
chr1	580183	580184	35	0.8078
chr1	580283	580284	31	0.8962
chr1	580370	580371	28	0.8593
chr1	580460	580461	26	0.7917
chr1	580532	580533	34	0.9856
chr1	581653	581654	31	0.5813
chr1	581697	581698	23	0.7047
chr1	581734	581735	27	0.7759
chr1	581753	581754	35	0.5355
chr1	581788	581789	26	0.7494
chr1	581838	581839	25	0.6018
chr1	581888	581889	27	0.6615
chr1	581912	581913	26	0.6905
chr1	581950	581951	25	0.7874
chr1	581971	581972	27	0.6367
chr1	582005	582006	30	0.6088
chr1	582051	582052	38	0.5265
chr1	582066	582067	30	0.5755
chr1	582070	582071	29	0.5605
chr1	582139	582140	25	0.4638
chr1	582195	582196	37	0.7975
chr1	582295	582296	29	0.6428
chr1	582395	582396	28	0.6029
chr1	582421	582422	29	0.4973
chr1	582461	582462	26	0.3728
chr1	582494	582495	32	0.2424
chr1	582511	582512	35	0.2217
chr1	582556	582557	35	0.3417
chr1	582606	582607	24	0.1711
chr1	582628	582629	35	0.3877
chr1	582652	582653	34	0.3586
chr1	582669	582670	35	0.2835
chr1	582703	582704	33	0.1215
chr1	582731	582732	28	0.1392
chr1	582762	582763	25	0.2316
chr1	582806	582807	30	0.2706
chr1	582830	582831	31	0.1945
chr1	582880	582881	28	0.2419
chr1	582930	582931	25	0.2218
chr1	582980	582981	31	0.3485
chr1	582993	582994	16	0.3041
chr1	583093	583094	40	0.3364
chr1	583184	583185	33	0.3385
chr1	583264	583265	27	0.3669
chr1	583364	583365	31	0.2162
chr1	583453	583454	25	0.2355
chr1	583511	583512	37	0.3856
chr1	583553	583554	19	0.0322
chr1	583561	583562	31	0.5955
chr1	583592	583593	28	0.5398
chr1	583627	583628	36	0.5114
chr1	583642	583643	24	0.6325
chr1	583679	583680	26	0.7788
chr1	583701	583702	29	0.6771
chr1	583723	583724	25	0.5991
chr1	583738	583739	31	0.5226
chr1	583773	583774	26	0.5484
chr1	583807	583808	28	0.5902
chr1	583831	583832	23	0.6654
chr1	583850	583851	29	0.4413
chr1	583865	583866	34	0.654
chr1	583915	583916	31	0.6663
chr1	583958	583959	24	0.595
chr1	584008	584009	28	0.5591
chr1	584023	584024	34	0.5349
chr1	584047	584048	37	0.549
chr1	584048	584049	26	0.6526
chr1	584148	584149	35	0.6941
chr1	584213	584214	26	0.5742
chr1	584271	584272	27	0.6509
chr1	584371	584372	21	0.3747
chr1	584466	584467	34	0.5215
chr1	584472	584473	22	0.992
chr1	584524	584525	31	0.9156
chr1	584670	584671	31	0.9668
chr1	584816	584817	25	0.8665
chr1	584916	584917	29	0.6254
chr1	584963	584964	27	0.7426
chr1	585005	585006	33	0.6321
chr1	585033	585034	26	0.5926
chr1	585068	585069	36	0.6508
chr1	585110	585111	34	0.5475
chr1	585134	585135	30	0.7344
chr1	585151	585152	35	0.6191
chr1	585183	585184	30	0.6011
chr1	585233	585234	35	0.6042
chr1	585272	585273	35	0.6901
chr1	585298	585299	24	0.6666
chr1	585323	585324	34	0.7008
chr1	585371	585372	40	0.6817
chr1	585388	585389	32	0.7671
chr1	585409	585410	32	0.8271
chr1	585425	585426	38	0.6558
chr1	585436	585437	32	0.8161
chr1	585506	585507	34	0.7651
chr1	585606	585607	34	0.7188
chr1	585656	585657	31	0.6871
chr1	585756	585757	31	0.6164
chr1	585833	585834	34	0.626
chr1	585895	585896	26	0.7081
chr1	585924	585925	26	0.0932
chr1	585939	585940	30	0.2421
chr1	585975	585976	29	0.2043
chr1	585991	585992	25	0.0825
chr1	586041	586042	26	0.1697
chr1	586076	586077	27	0.1331
chr1	586109	586110	41	0.1164
chr1	586124	586125	42	0.2961
chr1	586174	586175	35	0.2857
chr1	586195	586196	28	0.1901
chr1	586225	586226	27	0.2977
chr1	586275	586276	28	0.0516
chr1	586316	586317	37	0.119
chr1	586355	586356	36	0.1844
chr1	586404	586405	29	0.1337
chr1	586440	586441	16	0.0325
chr1	586455	586456	27	0.1457
chr1	586478	586479	37	0.0519
chr1	586493	586494	30	0.1339
chr1	586543	586544	22	0.2069
chr1	586639	586640	40	0.1836
chr1	586701	586702	33	0.1327
chr1	586790	586791	25	0.0594
chr1	586841	586842	36	0.2554
chr1	586941	586942	38	0.1122
chr1	586991	586992	23	0.2591
chr1	587001	587002	21	0.1095
chr1	587061	587062	30	0.0
chr1	587069	587070	26	0.408
chr1	587097	587098	28	0.4326
chr1	587113	587114	33	0.4918
chr1	587135	587136	30	0.6862
chr1	587185	587186	27	0.5333
chr1	587200	587201	21	0.5326
chr1	587250	587251	28	0.4805
chr1	587300	587301	25	0.6241
chr1	587329	587330	38	0.4361
chr1	587379	587380	24	0.2945
chr1	587415	587416	29	0.474
chr1	587461	587462	34	0.4112
chr1	587490	587491	35	0.4262
chr1	587508	587509	32	0.4667
chr1	587533	587534	29	0.5343
chr1	587633	587634	35	0.3289
chr1	587733	587734	24	0.5625
chr1	587833	587834	34	0.4354
chr1	587916	587917	29	0.3951
chr1	587998	587999	25	0.851
chr1	588012	588013	34	0.8011
chr1	588136	588137	31	0.5703
chr1	588196	588197	33	0.9218
chr1	588254	588255	33	0.6991
chr1	588370	588371	22	0.8176
chr1	588412	588413	30	0.4028
chr1	588443	588444	34	0.4311
chr1	588475	588476	37	0.8003
chr1	588501	588502	39	0.6579
chr1	588523	588524	30	0.5979
chr1	588552	588553	39	0.728
chr1	588579	588580	27	0.5806
chr1	588617	588618	29	0.5901
chr1	588640	588641	24	0.6237
chr1	588687	588688	29	0.5353
chr1	588714	588715	25	0.6418
chr1	588737	588738	33	0.7293
chr1	588775	588776	31	0.5949
chr1	588825	588826	28	0.4596
chr1	588846	588847	31	0.4989
chr1	588866	588867	34	0.6388
chr1	588916	588917	26	0.5787
chr1	588965	588966	25	0.6192
chr1	588993	588994	31	0.6273
chr1	589093	589094	31	0.5019
chr1	589153	589154	34	0.6317
chr1	589207	589208	21	0.3851
chr1	589307	589308	26	0.5135
chr1	589357	589358	30	0.488
chr1	589457	589458	27	0.7932
chr1	589507	589508	26	0.6304
chr1	589575	589576	27	0.6165
chr1	589605	589606	25	0.4044
chr1	589638	589639	28	0.6701
chr1	589653	589654	24	0.5314
chr1	589672	589673	28	0.6911
chr1	589692	589693	32	0.7371
chr1	589715	589716	32	0.6705
chr1	589745	589746	39	0.6123
chr1	589771	589772	26	0.7722
chr1	589821	589822	33	0.6646
chr1	589853	589854	35	0.7104
chr1	589885	589886	36	0.6571
chr1	589917	589918	24	0.5611
chr1	589967	589968	30	0.6715
chr1	590005	590006	28	0.7276
chr1	590025	590026	25	0.7062
chr1	590125	590126	37	0.5846
chr1	590225	590226	30	0.4519
chr1	590325	590326	28	0.6345
chr1	590425	590426	31	0.6544
chr1	590453	590454	38	0.5166
chr1	590503	590504	22	0.5992
chr1	590511	590512	33	0.8082
chr1	590561	590562	33	0.8152
chr1	590611	590612	30	0.7824
chr1	590626	590627	35	0.6118
chr1	590662	590663	30	0.6725
chr1	590712	590713	27	0.7638
chr1	590742	590743	29	0.5779
chr1	590759	590760	28	0.764
chr1	590783	590784	25	0.6939
chr1	590815	590816	28	0.6265
chr1	590851	590852	29	0.6324
chr1	590876	590877	28	0.6833
chr1	590891	590892	32	0.6702
chr1	590916	590917	24	0.727
chr1	590931	590932	32	0.6031
chr1	590963	590964	31	0.7421
chr1	590978	590979	27	0.7093
chr1	590993	590994	19	0.7018
chr1	591020	591021	33	0.8333
chr1	591104	591105	35	0.8054
chr1	591183	591184	31	0.8178
chr1	591256	591257	22	0.9029
chr1	591356	591357	37	0.5557
chr1	591443	591444	36	0.7352
chr1	591565	591566	24	0.9531
chr1	591589	591590	27	0.8899
chr1	591623	591624	25	1.0
chr1	591657	591658	32	0.93
chr1	591689	591690	33	0.7598
chr1	591755	591756	32	0.9341
chr1	591763	591764	34	0.7381
chr1	591770	591771	32	0.4886
chr1	591804	591805	29	0.4474
chr1	591827	591828	22	0.5573
chr1	591864	591865	33	0.4623
chr1	591900	591901	30	0.3746
chr1	591948	591949	24	0.5605
chr1	591973	591974	30	0.4301
chr1	592020	592021	35	0.5748
chr1	592066	592067	25	0.4293
chr1	592116	592117	32	0.6614
chr1	592165	592166	29	0.5968
chr1	592203	592204	36	0.452
chr1	592216	592217	30	0.453
chr1	592266	592267	31	0.3773
chr1	592333	592334	21	0.5175
chr1	592433	592434	29	0.3256
chr1	592533	592534	35	0.365
chr1	592583	592584	24	0.5126
chr1	592636	592637	43	0.5711
chr1	592674	592675	21	0.1452
chr1	592758	592759	36	0.1304
chr1	592792	592793	28	0.062
chr1	592842	592843	27	0.2057
chr1	592874	592875	32	0.3682
chr1	593028	593029	35	0.0622
chr1	593080	593081	21	0.2576
chr1	593116	593117	31	0.25
chr1	593148	593149	28	0.7709
chr1	593179	593180	29	0.8545
chr1	593210	593211	32	0.6905
chr1	593250	593251	25	0.6809
chr1	593283	593284	35	0.7128
chr1	593313	593314	34	0.7621
chr1	593328	593329	31	0.7214
chr1	593343	593344	37	0.8889
chr1	593362	593363	33	0.7449
chr1	593377	593378	24	0.7884
chr1	593401	593402	30	0.9104
chr1	593438	593439	40	0.6653
chr1	593472	593473	21	0.8139
chr1	593492	593493	27	0.8835
chr1	593512	593513	33	0.7533
chr1	593562	593563	27	0.815
chr1	593592	593593	31	0.8737
chr1	593616	593617	27	0.6666
chr1	593632	593633	25	0.8647
chr1	593635	593636	38	0.5961
chr1	593713	593714	36	0.846
chr1	593813	593814	31	0.7646
chr1	593863	593864	33	0.8073
chr1	593919	593920	29	0.7928
chr1	593969	593970	23	0.6687
chr1	594059	594060	28	0.8579
chr1	594081	594082	31	0.8921
chr1	594151	594152	29	0.8508
chr1	594186	594187	28	0.6182
chr1	594208	594209	32	0.7544
chr1	594258	594259	34	0.7387
chr1	594277	594278	35	0.8068
chr1	594302	594303	33	0.7445
chr1	594328	594329	26	0.6439
chr1	594352	594353	27	0.8388
chr1	594367	594368	23	0.7088
chr1	594392	594393	29	0.601
chr1	594442	594443	30	0.6864
chr1	594465	594466	18	0.7424
chr1	594481	594482	26	0.8007
chr1	594512	594513	30	0.6254
chr1	594533	594534	27	0.8128
chr1	594583	594584	29	0.8359
chr1	594620	594621	26	0.6696
chr1	594652	594653	30	0.6218
chr1	594658	594659	35	0.6888
chr1	594731	594732	30	0.668
chr1	594820	594821	21	0.6837
chr1	594870	594871	32	0.7517
chr1	594970	594971	29	0.7576
chr1	595070	595071	26	0.5721
chr1	595120	595121	29	0.6402
chr1	595150	595151	38	0.638
chr1	595190	595191	28	0.7878
chr1	595231	595232	27	0.8509
chr1	595287	595288	31	0.8155
chr1	595315	595316	25	0.9507
chr1	595358	595359	28	1.0
chr1	595383	595384	26	0.8657
chr1	595411	595412	39	0.8159
chr1	595454	595455	24	0.7449
chr1	595488	595489	33	0.7582
chr1	595515	595516	30	0.7469
chr1	595556	595557	32	0.8636
chr1	595595	595596	26	0.8813
chr1	595635	595636	22	0.9243
chr1	595685	595686	23	0.9359
chr1	595699	595700	36	0.8413
chr1	595799	595800	30	0.8944
chr1	595860	595861	33	0.8846
chr1	595960	595961	33	0.7929
chr1	596060	596061	29	0.9222
chr1	596156	596157	33	0.8939
chr1	596204	596205	32	0.9545
chr1	596244	596245	28	0.9306
chr1	596294	596295	24	0.7936
chr1	596329	596330	21	0.7925
chr1	596350	596351	26	0.7157
chr1	596379	596380	22	0.8231
chr1	596403	596404	29	0.7022
chr1	596424	596425	33	0.7231
chr1	596439	596440	23	0.7091
chr1	596472	596473	32	0.669
chr1	596490	596491	21	0.7955
chr1	596534	596535	31	0.7817
chr1	596549	596550	24	0.5603
chr1	596564	596565	32	0.6845
chr1	596614	596615	26	0.937
chr1	596631	596632	26	0.82
chr1	596681	596682	31	0.7205
chr1	596695	596696	32	0.8737
chr1	596795	596796	38	0.849
chr1	596894	596895	28	0.844
chr1	596946	596947	43	0.8996
chr1	597046	597047	24	0.6539
chr1	597134	597135	28	0.8743
chr1	597155	597156	37	0.6256
chr1	597184	597185	27	0.7134
chr1	597234	597235	35	0.4393
chr1	597284	597285	24	0.6583
chr1	597306	597307	36	0.6625
chr1	597334	597335	34	0.5574
chr1	597384	597385	32	0.6468
chr1	597410	597411	34	0.5374
chr1	597460	597461	39	0.5409
chr1	597489	597490	35	0.774
chr1	597523	597524	23	0.5574
chr1	597550	597551	26	0.7248
chr1	597573	597574	36	0.6913
chr1	597615	597616	29	0.7597
chr1	597632	597633	26	0.6521
chr1	597732	597733	24	0.6343
chr1	597786	597787	31	0.4723
chr1	597886	597887	27	0.4652
chr1	597983	597984	35	0.5722
chr1	598067	598068	43	0.6874
chr1	598135	598136	36	0.6733
chr1	598144	598145	31	0.3559
chr1	598169	598170	31	0.3321
chr1	598191	598192	28	0.3034
chr1	598206	598207	26	0.3228
chr1	598232	598233	25	0.3888
chr1	598276	598277	24	0.31
chr1	598326	598327	34	0.4397
chr1	598376	598377	28	0.2016
chr1	598391	598392	28	0.2635
chr1	598413	598414	33	0.322
chr1	598433	598434	26	0.4955
chr1	598472	598473	38	0.3958
chr1	598508	598509	23	0.3909
chr1	598527	598528	34	0.4728
chr1	598577	598578	31	0.4539
chr1	598627	598628	18	0.24
chr1	598677	598678	37	0.4859
chr1	598689	598690	33	0.2934
chr1	598789	598790	29	0.5036
chr1	598882	598883	36	0.3385
chr1	598982	598983	30	0.3062
chr1	599075	599076	38	0.3984
chr1	599175	599176	31	0.3136
chr1	599193	599194	47	0.6581
chr1	599325	599326	28	0.7485
chr1	599357	599358	37	0.5162
chr1	599377	599378	27	0.5757
chr1	599443	599444	34	0.7329
chr1	599485	599486	33	0.678
chr1	599513	599514	29	0.6336
chr1	599519	599520	26	0.4764
chr1	599531	599532	30	0.5733
chr1	599637	599638	32	0.3825
chr1	599647	599648	36	0.6703
chr1	599680	599681	24	0.446
chr1	599695	599696	24	0.4194
chr1	599721	599722	24	0.4664
chr1	599754	599755	27	0.4798
chr1	599778	599779	21	0.5751
chr1	599796	599797	26	0.3783
chr1	599846	599847	29	0.4109
chr1	599883	599884	27	0.5601
chr1	599918	599919	32	0.6074
chr1	599944	599945	35	0.4832
chr1	599964	599965	30	0.1308
chr1	599987	599988	32	0.4656
chr1	600032	600033	29	0.5538
chr1	600058	600059	28	0.5416
chr1	600093	600094	30	0.463
chr1	600103	600104	30	0.3543
chr1	600164	600165	22	0.4171
chr1	600264	600265	33	0.4836
chr1	600364	600365	36	0.5281
chr1	600454	600455	16	0.4
chr1	600553	600554	31	0.4435
chr1	600591	600592	25	0.7331
chr1	600627	600628	24	0.7205
chr1	600675	600676	35	0.7678
chr1	600685	600686	26	0.8259
chr1	600705	600706	30	0.7196
chr1	600835	600836	33	0.5934
chr1	600945	600946	25	0.8687
chr1	600977	600978	29	0.8122
chr1	600985	600986	34	0.6687
chr1	600995	600996	26	0.3465
chr1	601023	601024	32	0.4727
chr1	601066	601067	23	0.3366
chr1	601101	601102	32	0.2911
chr1	601132	601133	28	0.4187
chr1	601154	601155	34	0.3298
chr1	601204	601205	30	0.2721
chr1	601236	601237	24	0.3594
chr1	601273	601274	38	0.4811
chr1	601288	601289	37	0.1962
chr1	601306	601307	32	0.1923
chr1	601321	601322	26	0.4439
chr1	601364	601365	36	0.4768
chr1	601399	601400	33	0.3778
chr1	601436	601437	35	0.2857
chr1	601457	601458	21	0.4301
chr1	601477	601478	33	0.2518
chr1	601508	601509	26	0.3057
chr1	601530	601531	33	0.2863
chr1	601550	601551	26	0.3215
chr1	601650	601651	25	0.342
chr1	601735	601736	30	0.3052
chr1	601835	601836	24	0.4311
chr1	601935	601936	38	0.4776
chr1	602001	602002	28	0.3609
chr1	602051	602052	36	0.295
chr1	602111	602112	34	0.1302
chr1	602231	602232	26	0.1401
chr1	602235	602236	29	0.093
chr1	602431	602432	26	0.058
chr1	602537	602538	28	0.2028
chr1	602552	602553	33	0.8853
chr1	602580	602581	31	0.8827
chr1	602621	602622	24	0.8296
chr1	602645	602646	23	0.8274
chr1	602695	602696	25	0.7636
chr1	602714	602715	22	0.8615
chr1	602731	602732	20	0.7797
chr1	602759	602760	37	0.8503
chr1	602798	602799	38	0.6893
chr1	602846	602847	34	0.8924
chr1	602866	602867	25	0.9405
chr1	602885	602886	27	0.9127
chr1	602903	602904	27	0.7297
chr1	602934	602935	26	0.8111
chr1	602950	602951	22	0.778
chr1	602974	602975	23	0.7287
chr1	603000	603001	35	0.8726
chr1	603018	603019	34	0.8071
chr1	603062	603063	36	0.664
chr1	603077	603078	24	0.889
chr1	603078	603079	34	0.6783
chr1	603178	603179	33	0.9045
chr1	603278	603279	34	0.8877
chr1	603378	603379	35	0.8824
chr1	603472	603473	27	0.9722
chr1	603545	603546	33	0.7895
chr1	603573	603574	31	0.7737
chr1	603583	603584	31	0.2993
chr1	603614	603615	31	0.4011
chr1	603653	603654	21	0.4584
chr1	603668	603669	32	0.5709
chr1	603718	603719	31	0.4995
chr1	603754	603755	31	0.5887
chr1	603776	603777	29	0.4147
chr1	603825	603826	34	0.4268
chr1	603844	603845	30	0.4324
chr1	603859	603860	28	0.4361
chr1	603874	603875	29	0.5398
chr1	603906	603907	30	0.4411
chr1	603933	603934	33	0.4368
chr1	603954	603955	32	0.459
chr1	603975	603976	28	0.4682
chr1	603999	604000	15	0.3413
chr1	604014	604015	28	0.4126
chr1	604040	604041	23	0.4919
chr1	604065	604066	31	0.477
chr1	604087	604088	26	0.4774
chr1	604137	604138	30	0.4414
chr1	604187	604188	23	0.3388
chr1	604272	604273	32	0.4556
chr1	604372	604373	39	0.4668
chr1	604463	604464	34	0.5968
chr1	604532	604533	24	0.4098
chr1	604542	604543	35	0.8973
chr1	604576	604577	31	0.6712
chr1	604634	604635	28	0.6987
chr1	604690	604691	35	0.7734
chr1	604814	604815	27	0.8426
chr1	604836	604837	22	0.8398
chr1	604954	604955	29	0.5435
chr1	604992	604993	25	0.7523
chr1	604994	604995	39	0.5961
chr1	605010	605011	32	0.7411
chr1	605019	605020	40	0.6651
chr1	605069	605070	26	0.7609
chr1	605085	605086	31	0.6731
chr1	605120	605121	25	0.7923
chr1	605139	605140	32	0.7259
chr1	605187	605188	18	0.6524
chr1	605203	605204	30	0.6297
chr1	605218	605219	27	0.5043
chr1	605268	605269	34	0.7716
chr1	605315	605316	29	0.6456
chr1	605344	605345	32	0.5935
chr1	605394	605395	39	0.6522
chr1	605416	605417	27	0.5789
chr1	605431	605432	30	0.5931
chr1	605481	605482	29	0.5041
chr1	605501	605502	29	0.5672
chr1	605524	605525	25	0.6379
chr1	605525	605526	28	0.657
chr1	605625	605626	28	0.7201
chr1	605689	605690	24	0.7247
chr1	605789	605790	37	0.6614
chr1	605839	605840	38	0.7041
chr1	605901	605902	33	0.7027
chr1	605979	605980	26	0.7128
chr1	606079	606080	33	0.8684
chr1	606373	606374	26	0.8365
chr1	606381	606382	29	0.8741
chr1	606437	606438	32	0.7214
chr1	606471	606472	29	0.8955
chr1	606512	606513	24	0.635
chr1	606530	606531	25	0.6619
chr1	606579	606580	20	0.865
chr1	606618	606619	31	0.6333
chr1	606653	606654	29	0.6129
chr1	606669	606670	34	0.8576
chr1	606697	606698	24	0.7407
chr1	606747	606748	28	0.7561
chr1	606797	606798	18	0.6763
chr1	606812	606813	30	0.6129
chr1	606843	606844	28	0.6057
chr1	606879	606880	32	0.8563
chr1	606927	606928	34	0.7343
chr1	606961	606962	31	0.8266
chr1	606976	606977	37	0.9879
chr1	606991	606992	28	0.8931
chr1	607000	607001	31	0.6579
chr1	607100	607101	28	0.8427
chr1	607200	607201	33	0.7112
chr1	607300	607301	28	0.8407
chr1	607398	607399	28	0.8454
chr1	607428	607429	31	0.9926
chr1	607466	607467	35	0.1112
chr1	607516	607517	38	0.1945
chr1	607566	607567	33	0.157
chr1	607602	607603	37	0.2488
chr1	607617	607618	26	0.1211
chr1	607653	607654	24	0.0823
chr1	607692	607693	26	0.2267
chr1	607742	607743	27	0.2986
chr1	607786	607787	31	0.0453
chr1	607805	607806	23	0.0102
chr1	607841	607842	35	0.11
chr1	607889	607890	29	0.1965
chr1	607985	607986	30	0.1673
chr1	608085	608086	30	0.23
chr1	608179	608180	31	0.1063
chr1	608279	608280	29	0.1002
chr1	608379	608380	24	0.0508
chr1	608417	608418	25	0.929
chr1	608443	608444	31	0.8047
chr1	608486	608487	28	0.7672
chr1	608534	608535	33	0.7632
chr1	608584	608585	34	0.8406
chr1	608616	608617	31	0.9291
chr1	608656	608657	25	0.9616
chr1	608685	608686	31	0.8112
chr1	608721	608722	39	0.9862
chr1	608748	608749	35	0.8398
chr1	608791	608792	29	0.8972
chr1	608841	608842	23	0.8145
chr1	608856	608857	19	0.8783
chr1	608865	608866	19	0.8151
chr1	608965	608966	28	0.8931
chr1	609040	609041	18	0.7041
chr1	609140	609141	37	0.7578
chr1	609190	609191	23	0.8711
chr1	609290	609291	33	0.8033
chr1	609332	609333	27	0.8197
chr1	609340	609341	35	0.4288
chr1	609373	609374	22	0.3625
chr1	609405	609406	33	0.5934
chr1	609449	609450	35	0.2857
chr1	609464	609465	23	0.5218
chr1	609481	609482	29	0.4889
chr1	609496	609497	26	0.2537
chr1	609546	609547	31	0.3797
chr1	609571	609572	24	0.4638
chr1	609595	609596	36	0.4624
chr1	609637	609638	28	0.4049
chr1	609653	609654	27	0.4973
chr1	609688	609689	35	0.4627
chr1	609703	609704	25	0.3394
chr1	609729	609730	29	0.3491
chr1	609749	609750	35	0.3387
chr1	609767	609768	35	0.3406
chr1	609806	609807	29	0.4839
chr1	609822	609823	25	0.466
chr1	609847	609848	26	0.4587
chr1	609860	609861	30	0.378
chr1	609955	609956	21	0.5131
chr1	610055	610056	30	0.479
chr1	610135	610136	32	0.4959
chr1	610219	610220	28	0.4
chr1	610319	610320	34	0.4575
chr1	610369	610370	30	0.3737
chr1	610379	610380	36	0.7555
chr1	610479	610480	28	0.766
chr1	610595	610596	38	0.7009
chr1	610599	610600	28	0.7369
chr1	610655	610656	34	0.8343
chr1	610657	610658	38	0.7434
chr1	610773	610774	31	0.6232
chr1	610815	610816	32	0.5569
chr1	610821	610822	24	0.7406
chr1	610842	610843	36	0.6137
chr1	610890	610891	27	0.7472
chr1	610940	610941	32	0.5676
chr1	610955	610956	39	0.5693
chr1	610984	610985	29	0.6462
chr1	611007	611008	30	0.547
chr1	611031	611032	33	0.6421
chr1	611081	611082	26	0.6347
chr1	611100	611101	35	0.6214
chr1	611150	611151	38	0.7587
chr1	611194	611195	30	0.4948
chr1	611216	611217	28	0.5868
chr1	611251	611252	33	0.5942
chr1	611287	611288	35	0.6496
chr1	611305	611306	27	0.6583
chr1	611332	611333	27	0.6084
chr1	611379	611380	25	0.581
chr1	611479	611480	22	0.8632
chr1	611579	611580	31	0.6148
chr1	611675	611676	32	0.7058
chr1	611775	611776	24	0.4053
chr1	611825	611826	32	0.4689
chr1	611925	611926	24	0.6801
chr1	612101	612102	29	0.8576
chr1	612105	612106	33	0.8129
chr1	612171	612172	29	0.7065
chr1	612183	612184	26	0.8394
chr1	612333	612334	19	0.8312
chr1	612345	612346	25	0.7626
chr1	612423	612424	33	0.9704
chr1	612451	612452	32	0.1324
chr1	612480	612481	27	0.2193
chr1	612530	612531	29	0.2266
chr1	612573	612574	36	0.2496
chr1	612620	612621	26	0.1951
chr1	612637	612638	35	0.0846
chr1	612662	612663	35	0.177
chr1	612690	612691	31	0.2601
chr1	612717	612718	35	0.0
chr1	612750	612751	35	0.1887
chr1	612800	612801	25	0.0337
chr1	612821	612822	23	0.0773
chr1	612852	612853	36	0.1846
chr1	612902	612903	21	0.13
chr1	612924	612925	31	0.2387
chr1	612933	612934	30	0.2411
chr1	612983	612984	30	0.216
chr1	613042	613043	36	0.3062
chr1	613092	613093	18	0.1882
chr1	613192	613193	23	0.1711
chr1	613251	613252	28	0.0663
chr1	613351	613352	21	0.2466
chr1	613401	613402	33	0.1121
chr1	613406	613407	36	0.5634
chr1	613456	613457	29	0.2985
chr1	613494	613495	35	0.3316
chr1	613510	613511	31	0.324
chr1	613528	613529	30	0.3515
chr1	613550	613551	31	0.3954
chr1	613592	613593	30	0.3509
chr1	613614	613615	31	0.5016
chr1	613664	613665	43	0.5149
chr1	613679	613680	32	0.5486
chr1	613697	613698	22	0.3893
chr1	613729	613730	29	0.585
chr1	613762	613763	24	0.4495
chr1	613798	613799	16	0.4659
chr1	613828	613829	30	0.4545
chr1	613872	613873	26	0.3998
chr1	613889	613890	20	0.3375
chr1	613933	613934	23	0.3729
chr1	613968	613969	26	0.4613
chr1	613971	613972	30	0.3088
chr1	614071	614072	32	0.2905
chr1	614171	614172	31	0.3821
chr1	614260	614261	31	0.4889
chr1	614335	614336	27	0.3104
chr1	614435	614436	32	0.3465
chr1	614535	614536	32	0.3489
chr1	614565	614566	30	0.7613
chr1	614639	614640	40	0.7527
chr1	614655	614656	30	0.5007
chr1	614669	614670	27	0.9081
chr1	614685	614686	36	0.753
chr1	614817	614818	35	0.7612
chr1	614875	614876	34	0.6828
chr1	614887	614888	41	0.6972
chr1	615017	615018	28	0.7009
chr1	615029	615030	29	0.6943
chr1	615044	615045	39	0.8991
chr1	615094	615095	38	0.8669
chr1	615144	615145	35	0.8305
chr1	615165	615166	24	0.9339
chr1	615189	615190	31	0.9185
chr1	615208	615209	33	0.8067
chr1	615223	615224	34	0.6785
chr1	615270	615271	35	0.8609
chr1	615301	615302	37	0.8291
chr1	615326	615327	27	0.8718
chr1	615346	615347	31	0.8692
chr1	615373	615374	31	0.6455
chr1	615409	615410	30	0.8699
chr1	615432	615433	28	0.8273
chr1	615455	615456	26	0.8573
chr1	615480	615481	26	0.9702
chr1	615496	615497	31	0.7909
chr1	615539	615540	23	0.8743
chr1	615559	615560	23	0.7618
chr1	615659	615660	26	0.8514
chr1	615726	615727	27	0.9355
chr1	615812	615813	27	0.8032
chr1	615912	615913	29	0.9564
chr1	616012	616013	30	0.7472
chr1	616112	616113	33	1.0
chr1	616158	616159	40	0.0938
chr1	616208	616209	33	0.1841
chr1	616243	616244	31	0.2983
chr1	616271	616272	28	0.0965
chr1	616314	616315	33	0.2358
chr1	616335	616336	36	0.2077
chr1	616378	616379	31	0.1441
chr1	616408	616409	28	0.1516
chr1	616447	616448	24	0.1204
chr1	616476	616477	38	0.1159
chr1	616509	616510	27	0.159
chr1	616528	616529	42	0.0936
chr1	616551	616552	27	0.057
chr1	616593	616594	31	0.0326
chr1	616618	616619	26	0.2454
chr1	616639	616640	35	0.2851
chr1	616662	616663	35	0.1565
chr1	616712	616713	26	0.1691
chr1	616795	616796	32	0.2468
chr1	616895	616896	25	0.1784
chr1	616995	616996	35	0.0471
chr1	617045	617046	29	0.0657
chr1	617130	617131	29	0.0888
chr1	617138	617139	37	0.0669
chr1	617208	617209	29	0.2067
chr1	617229	617230	30	0.9696
chr1	617277	617278	20	0.7296
chr1	617327	617328	34	0.8313
chr1	617354	617355	28	0.724
chr1	617400	617401	35	0.624
chr1	617417	617418	31	0.6709
chr1	617435	617436	33	0.6979
chr1	617485	617486	24	0.6939
chr1	617514	617515	29	0.9193
chr1	617535	617536	43	0.8646
chr1	617568	617569	24	0.6841
chr1	617618	617619	23	0.7287
chr1	617647	617648	28	0.6862
chr1	617679	617680	28	0.8606
chr1	617779	617780	38	0.7278
chr1	617879	617880	18	0.7455
chr1	617979	617980	26	0.8753
chr1	618071	618072	29	0.7244
chr1	618137	618138	26	0.8317
chr1	618176	618177	26	0.743
chr1	618225	618226	30	0.7705
chr1	618267	618268	33	0.826
chr1	618282	618283	30	0.7224
chr1	618311	618312	26	0.7062
chr1	618337	618338	20	0.7571
chr1	618366	618367	25	0.7274
chr1	618391	618392	29	0.7256
chr1	618418	618419	37	0.752
chr1	618459	618460	26	0.8691
chr1	618485	618486	25	0.9015
chr1	618514	618515	30	0.7985
chr1	618538	618539	36	0.8557
chr1	618561	618562	27	0.8032
chr1	618576	618577	39	0.7926
chr1	618613	618614	29	0.7994
chr1	618622	618623	36	0.7984
chr1	618672	618673	27	0.7446
chr1	618772	618773	26	0.8625
chr1	618851	618852	24	0.8944
chr1	618901	618902	24	0.7634
chr1	618951	618952	34	0.6859
chr1	619001	619002	18	0.959
chr1	619051	619052	26	0.7949
chr1	619073	619074	26	0.8006
chr1	619114	619115	32	0.7126
chr1	619129	619130	24	0.2916
chr1	619179	619180	21	0.5517
chr1	619204	619205	30	0.4588
chr1	619230	619231	33	0.314
chr1	619252	619253	29	0.8752
chr1	619302	619303	40	0.6761
chr1	619317	619318	27	0.101
chr1	619348	619349	25	1.0
chr1	619363	619364	34	0.7568
chr1	619390	619391	39	0.8257
chr1	619414	619415	19	0.6581
chr1	619441	619442	32	0.4334
chr1	619460	619461	36	0.81
chr1	619510	619511	31	0.4236
chr1	619532	619533	21	0.1973
chr1	619568	619569	34	0.2033
chr1	619583	619584	26	0.3647
chr1	619607	619608	30	0.7512
chr1	619615	619616	35	0.5386
chr1	619715	619716	32	0.8509
chr1	619815	619816	21	0.3674
chr1	619915	619916	37	0.4514
chr1	619966	619967	19	0.843
chr1	620016	620017	26	0.237
chr1	620107	620108	25	0.485
chr1	620123	620124	27	0.6467
chr1	620127	620128	26	1.0
chr1	620147	620148	27	0.7063
chr1	620162	620163	19	0.7236
chr1	620197	620198	33	0.776
chr1	620229	620230	28	0.7679
chr1	620247	620248	32	0.8478
chr1	620265	620266	21	0.6621
chr1	620285	620286	39	0.8788
chr1	620309	620310	27	0.8654
chr1	620341	620342	27	0.7133
chr1	620365	620366	20	0.7249
chr1	620384	620385	25	0.7893
chr1	620406	620407	41	0.8768
chr1	620441	620442	29	0.7019
chr1	620464	620465	27	0.8574
chr1	620496	620497	28	0.8213
chr1	620546	620547	29	0.8849
chr1	620569	620570	26	0.678
chr1	620596	620597	39	0.8321
chr1	620619	620620	28	0.7904
chr1	620667	620668	26	0.8095
chr1	620694	620695	21	0.6749
chr1	620705	620706	21	0.7426
chr1	620803	620804	26	0.827
chr1	620903	620904	33	0.8246
chr1	620962	620963	28	0.758
chr1	621015	621016	30	0.7424
chr1	621115	621116	36	0.7517
chr1	621192	621193	23	0.6197
chr1	621200	621201	20	0.859
chr1	621270	621271	23	0.7208
chr1	621275	621276	37	0.7399
chr1	621298	621299	32	0.5566
chr1	621314	621315	26	0.5274
chr1	621334	621335	37	0.5999
chr1	621374	621375	35	0.7462
chr1	621402	621403	32	0.3912
chr1	621432	621433	29	0.6393
chr1	621448	621449	28	0.6261
chr1	621465	621466	31	0.6873
chr1	621486	621487	27	0.6322
chr1	621525	621526	29	0.4978
chr1	621564	621565	35	0.4101
chr1	621602	621603	35	0.3298
chr1	621617	621618	21	0.2251
chr1	621652	621653	39	0.441
chr1	621671	621672	27	0.3864
chr1	621693	621694	35	0.1443
chr1	621735	621736	32	0.1616
chr1	621764	621765	35	0.3586
chr1	621864	621865	35	0.2985
chr1	621948	621949	17	0.4693
chr1	622048	622049	23	0.6324
chr1	622148	622149	24	0.5736
chr1	622215	622216	37	0.6477
chr1	622269	622270	33	0.5443
chr1	622273	622274	31	0.7111
chr1	622429	622430	33	0.8096
chr1	622431	622432	27	0.5743
chr1	622501	622502	32	0.695
chr1	622537	622538	36	0.5011
chr1	622625	622626	35	0.7142
chr1	622655	622656	32	0.4285
chr1	622657	622658	33	0.6131
chr1	622667	622668	35	0.457
chr1	622683	622684	32	0.2891
chr1	622733	622734	28	0.3943
chr1	622760	622761	23	0.3713
chr1	622810	622811	28	0.5567
chr1	622860	622861	26	0.3522
chr1	622892	622893	31	0.3983
chr1	622916	622917	23	0.5003
chr1	622946	622947	13	0.2978
chr1	622980	622981	36	0.3547
chr1	623013	623014	41	0.4838
chr1	623050	623051	32	0.3236
chr1	623066	623067	24	0.439
chr1	623110	623111	27	0.4415
chr1	623160	623161	31	0.4962
chr1	623164	623165	27	0.4338
chr1	623230	623231	38	0.5072
chr1	623310	623311	21	0.5106
chr1	623371	623372	25	0.3896
chr1	623471	623472	27	0.5587
chr1	623521	623522	30	0.3276
chr1	623571	623572	35	0.4804
chr1	623633	623634	28	0.7292
chr1	623655	623656	32	0.8076
chr1	623701	623702	28	0.6083
chr1	623709	623710	33	0.7291
chr1	623717	623718	33	0.7447
chr1	623811	623812	29	0.742
chr1	623843	623844	28	0.8554
chr1	623933	623934	33	0.7739
chr1	623935	623936	30	0.7926
chr1	624025	624026	15	0.5397
chr1	624032	624033	36	0.3888
chr1	624047	624048	27	0.3113
chr1	624062	624063	11	0.4879
chr1	624105	624106	35	0.5452
chr1	624155	624156	39	0.4267
chr1	624205	624206	34	0.5756
chr1	624254	624255	33	0.5649
chr1	624304	624305	27	0.5046
chr1	624336	624337	35	0.6198
chr1	624368	624369	42	0.2168
chr1	624418	624419	29	0.5747
chr1	624457	624458	19	0.5687
chr1	624477	624478	20	0.3257
chr1	624512	624513	33	0.3657
chr1	624525	624526	27	0.5579
chr1	624608	624609	23	0.6463
chr1	624708	624709	34	0.3916
chr1	624808	624809	31	0.4922
chr1	624908	624909	34	0.7679
chr1	625008	625009	34	0.4499
chr1	625144	625145	33	0.7595
chr1	625164	625165	33	0.7024
chr1	625230	625231	37	0.8049
chr1	625238	625239	26	0.6913
chr1	625240	625241	25	0.8092
chr1	625330	625331	26	0.7435
chr1	625370	625371	32	0.7619
chr1	625424	625425	19	0.8343
chr1	625440	625441	36	0.6275
chr1	625474	625475	22	0.8295
chr1	625512	625513	29	0.6577
chr1	625547	625548	21	0.6732
chr1	625562	625563	38	0.7
chr1	625594	625595	27	0.5307
chr1	625616	625617	26	0.6958
chr1	625652	625653	31	0.6459
chr1	625696	625697	27	0.6806
chr1	625716	625717	24	0.7732
chr1	625743	625744	32	0.7452
chr1	625777	625778	19	0.7619
chr1	625825	625826	20	0.8575
chr1	625840	625841	28	0.7646
chr1	625866	625867	30	0.8227
chr1	625893	625894	24	0.7097
chr1	625914	625915	26	0.737
chr1	625964	625965	31	0.6576
chr1	625992	625993	27	0.584
chr1	626009	626010	29	0.6897
chr1	626029	626030	22	0.5007
chr1	626039	626040	27	0.6883
chr1	626096	626097	31	0.67
chr1	626196	626197	26	0.7644
chr1	626262	626263	28	0.7415
chr1	626362	626363	29	0.5996
chr1	626446	626447	26	0.8877
chr1	626511	626512	29	0.7297
chr1	626517	626518	28	0.6968
chr1	626545	626546	28	0.7542
chr1	626590	626591	31	0.1532
chr1	626630	626631	29	0.1774
chr1	626650	626651	35	0.0681
chr1	626669	626670	22	0.0793
chr1	626693	626694	28	0.3193
chr1	626714	626715	27	0.1748
chr1	626729	626730	26	0.2324
chr1	626769	626770	32	0.2556
chr1	626819	626820	35	0.2273
chr1	626839	626840	32	0.1278
chr1	626864	626865	32	0.1825
chr1	626894	626895	30	0.0639
chr1	626917	626918	29	0.1413
chr1	626958	626959	35	0.1393
chr1	627008	627009	35	0.2533
chr1	627032	627033	28	0.1002
chr1	627033	627034	26	0.1452
chr1	627083	627084	30	0.0336
chr1	627183	627184	25	0.0
chr1	627283	627284	25	0.1549
chr1	627343	627344	32	0.069
chr1	627408	627409	23	0.0571
chr1	627500	627501	36	0.0698
chr1	627502	627503	33	0.0938
chr1	627532	627533	27	0.7113
chr1	627582	627583	31	0.6166
chr1	627597	627598	27	0.7408
chr1	627647	627648	25	0.5534
chr1	627662	627663	31	0.6505
chr1	627677	627678	28	0.5472
chr1	627727	627728	26	0.787
chr1	627769	627770	31	0.6875
chr1	627794	627795	28	0.8098
chr1	627812	627813	24	0.5954
chr1	627839	627840	41	0.6131
chr1	627880	627881	36	0.718
chr1	627903	627904	29	0.6378
chr1	627923	627924	29	0.7221
chr1	627969	627970	24	0.7276
chr1	627989	627990	33	0.7078
chr1	628039	628040	33	0.5702
chr1	628061	628062	32	0.5091
chr1	628113	628114	25	0.71
chr1	628181	628182	31	0.5952
chr1	628235	628236	12	0.8125
chr1	628285	628286	40	0.6861
chr1	628359	628360	30	0.6631
chr1	628437	628438	36	0.6344
chr1	628521	628522	23	0.6783
chr1	628529	628530	34	0.882
chr1	628577	628578	40	0.7698
chr1	628626	628627	27	0.7903
chr1	628657	628658	27	0.9014
chr1	628678	628679	38	1.0
chr1	628703	628704	23	0.6934
chr1	628739	628740	29	0.6745
chr1	628756	628757	34	0.7095
chr1	628806	628807	24	0.8832
chr1	628827	628828	31	0.7087
chr1	628877	628878	30	0.8339
chr1	628927	628928	23	0.7615
chr1	628946	628947	28	0.9211
chr1	628996	628997	26	0.8382
chr1	629045	629046	23	0.7086
chr1	629095	629096	23	0.8702
chr1	629099	629100	20	0.6529
chr1	629199	629200	31	1.0
chr1	629299	629300	29	0.795
chr1	629384	629385	24	0.7573
chr1	629450	629451	33	0.6944
chr1	629550	629551	23	1.0
chr1	629556	629557	26	0.8395
chr1	629564	629565	34	0.6354
chr1	629607	629608	29	0.3745
chr1	629642	629643	31	0.4939
chr1	629674	629675	27	0.5856
chr1	629691	629692	33	0.6787
chr1	629706	629707	44	0.7721
chr1	629754	629755	33	0.6996
chr1	629804	629805	30	0.5537
chr1	629836	629837	31	0.5996
chr1	629862	629863	28	0.6563
chr1	629883	629884	39	0.7479
chr1	629898	629899	25	0.5763
chr1	629916	629917	35	0.8027
chr1	629966	629967	30	0.6416
chr1	629997	629998	23	0.5651
chr1	630017	630018	31	0.6546
chr1	630053	630054	27	0.5781
chr1	630076	630077	33	0.677
chr1	630102	630103	19	0.7179
chr1	630152	630153	25	0.6841
chr1	630177	630178	18	0.6175
chr1	630180	630181	23	0.7259
chr1	630280	630281	33	0.6932
chr1	630380	630381	24	0.8366
chr1	630480	630481	25	0.6854
chr1	630532	630533	20	0.8088
chr1	630595	630596	29	0.4727
chr1	630645	630646	39	0.6666
chr1	630745	630746	20	0.7215
chr1	630831	630832	28	0.8194
chr1	630857	630858	18	0.4249
chr1	630888	630889	32	0.4166
chr1	630938	630939	36	0.4883
chr1	630968	630969	20	0.6329
chr1	630984	630985	32	0.7372
chr1	631034	631035	39	0.6669
chr1	631057	631058	36	0.3941
chr1	631094	631095	34	0.371
chr1	631139	631140	27	0.719
chr1	631171	631172	30	0.7439
chr1	631187	631188	36	0.4309
chr1	631216	631217	28	0.3993
chr1	631243	631244	35	0.3786
chr1	631343	631344	22	0.6923
chr1	631393	631394	28	0.4367
chr1	631493	631494	31	0.4038
chr1	631590	631591	31	0.8447
chr1	631667	631668	30	0.5736
chr1	631675	631676	23	0.675
chr1	631724	631725	28	0.6344
chr1	631761	631762	34	0.67
chr1	631790	631791	31	0.7469
chr1	631840	631841	29	0.6608
chr1	631855	631856	23	0.5381
chr1	631883	631884	32	0.5709
chr1	631917	631918	29	0.4993
chr1	631967	631968	26	0.7718
chr1	631982	631983	24	0.7543
chr1	632017	632018	26	0.6221
chr1	632060	632061	28	0.8088
chr1	632096	632097	21	0.6911
chr1	632116	632117	19	0.6067
chr1	632131	632132	34	0.506
chr1	632146	632147	36	0.65
chr1	632185	632186	32	0.5323
chr1	632219	632220	38	0.484
chr1	632281	632282	30	0.526
chr1	632334	632335	32	0.5312
chr1	632434	632435	34	0.7696
chr1	632521	632522	39	0.5966
chr1	632621	632622	28	0.5401
chr1	632680	632681	33	0.5057
chr1	632734	632735	29	0.549
chr1	632894	632895	25	0.9054
chr1	632910	632911	31	0.9815
chr1	632938	632939	21	0.7218
chr1	632984	632985	23	0.8454
chr1	633032	633033	34	0.7575
chr1	633192	633193	37	0.6953
chr1	633204	633205	20	0.9329
chr1	633213	633214	25	0.5198
chr1	633236	633237	28	0.5907
chr1	633280	633281	32	0.5023
chr1	633318	633319	29	0.5373
chr1	633340	633341	33	0.5061
chr1	633362	633363	28	0.4895
chr1	633412	633413	29	0.5262
chr1	633432	633433	33	0.4695
chr1	633471	633472	33	0.5747
chr1	633502	633503	28	0.5519
chr1	633544	633545	33	0.6015
chr1	633573	633574	27	0.5898
chr1	633593	633594	38	0.5849
chr1	633619	633620	32	0.5588
chr1	633669	633670	24	0.5225
chr1	633693	633694	34	0.5178
chr1	633699	633700	31	0.5402
chr1	633799	633800	37	0.5141
chr1	633899	633900	31	0.509
chr1	633999	634000	29	0.6055
chr1	634099	634100	29	0.7196
chr1	634149	634150	34	0.4152
chr1	634157	634158	26	0.9274
chr1	634367	634368	30	0.9658
chr1	634471	634472	28	0.5211
chr1	634487	634488	26	0.636
chr1	634501	634502	32	1.0
chr1	634514	634515	30	0.5994
chr1	634529	634530	30	0.7192
chr1	634551	634552	31	0.5475
chr1	634579	634580	23	0.5949
chr1	634602	634603	33	0.6559
chr1	634652	634653	32	0.6604
chr1	634667	634668	26	0.483
chr1	634715	634716	40	0.7232
chr1	634737	634738	26	0.4949
chr1	634758	634759	30	0.6353
chr1	634784	634785	32	0.5687
chr1	634814	634815	38	0.61
chr1	634850	634851	35	0.5607
chr1	634883	634884	32	0.5423
chr1	634903	634904	39	0.5391
chr1	634928	634929	29	0.7548
chr1	634968	634969	17	0.6053
chr1	635068	635069	28	0.6226
chr1	635168	635169	28	0.5402
chr1	635218	635219	25	0.553
chr1	635318	635319	31	0.4897
chr1	635396	635397	32	0.5016
chr1	635468	635469	33	0.878
chr1	635473	635474	36	0.7967
chr1	635488	635489	31	0.7279
chr1	635534	635535	36	0.7603
chr1	635569	635570	26	0.788
chr1	635612	635613	29	0.7199
chr1	635627	635628	28	0.642
chr1	635677	635678	22	0.5111
chr1	635727	635728	32	0.6084
chr1	635754	635755	36	0.6632
chr1	635769	635770	32	0.5672
chr1	635819	635820	31	0.5623
chr1	635835	635836	28	0.696
chr1	635853	635854	30	0.6298
chr1	635895	635896	27	0.7086
chr1	635995	635996	36	0.6752
chr1	636095	636096	38	0.8407
chr1	636195	636196	25	0.8126
chr1	636295	636296	23	0.7303
chr1	636427	636428	18	0.9263
chr1	636553	636554	19	0.941
chr1	636709	636710	29	0.6542
chr1	636743	636744	24	0.826
chr1	636747	636748	34	0.8434
chr1	636786	636787	29	0.6394
chr1	636814	636815	36	0.5468
chr1	636829	636830	33	0.4674
chr1	636847	636848	27	0.6917
chr1	636867	636868	31	0.7174
chr1	636882	636883	35	0.6289
chr1	636925	636926	33	0.7485
chr1	636952	636953	36	0.6341
chr1	636982	636983	28	0.614
chr1	637014	637015	33	0.6709
chr1	637046	637047	30	0.6631
chr1	637073	637074	26	0.5804
chr1	637123	637124	36	0.5743
chr1	637173	637174	33	0.5972
chr1	637195	637196	32	0.749
chr1	637207	637208	30	0.6079
chr1	637298	637299	26	0.5807
chr1	637398	637399	25	0.517
chr1	637460	637461	23	0.6627
chr1	637510	637511	30	0.6619
chr1	637562	637563	29	0.7182
chr1	637613	637614	28	0.5552
chr1	637695	637696	32	0.6927
chr1	637713	637714	36	0.6312
chr1	638812	638813	29	0.8848
chr1	638855	638856	26	0.9034
chr1	638891	638892	22	0.6705
chr1	638921	638922	38	0.7991
chr1	638942	638943	25	0.719
chr1	638965	638966	32	0.8328
chr1	638993	638994	26	0.7553
chr1	639016	639017	34	0.7757
chr1	639066	639067	30	0.7931
chr1	639102	639103	29	0.7698
chr1	639136	639137	32	0.7909
chr1	639155	639156	25	0.7024
chr1	639170	639171	35	0.7271
chr1	639189	639190	30	0.6766
chr1	639222	639223	25	0.8769
chr1	639272	639273	36	0.6084
chr1	639301	639302	23	0.6437
chr1	639351	639352	28	0.6518
chr1	639356	639357	25	0.8915
chr1	639456	639457	30	0.7201
chr1	639546	639547	21	0.8859
chr1	639626	639627	28	0.6313
chr1	639726	639727	26	0.8343
chr1	639826	639827	30	0.663
chr1	639882	639883	29	0.7245
chr1	639948	639949	31	0.9299
chr1	639998	639999	34	0.335
chr1	640043	640044	26	0.807
chr1	640063	640064	25	0.86
chr1	640113	640114	23	0.924
chr1	640143	640144	26	0.644
chr1	640165	640166	35	0.7646
chr1	640194	640195	33	1.0
chr1	640209	640210	23	0.139
chr1	640239	640240	26	1.0
chr1	640266	640267	36	1.0
chr1	640291	640292	34	0.8062
chr1	640341	640342	26	0.994
chr1	640356	640357	26	0.931
chr1	640456	640457	30	0.175
chr1	640556	640557	21	0.5504
chr1	640656	640657	30	0.989
chr1	640710	640711	26	1.0
chr1	640749	640750	32	0.5979
chr1	640776	640777	36	0.6759
chr1	640799	640800	26	0.5182
chr1	640849	640850	28	0.6008
chr1	640877	640878	33	0.6612
chr1	640927	640928	26	0.6924
chr1	640977	640978	26	0.5957
chr1	641018	641019	29	0.6392
chr1	641049	641050	28	0.6848
chr1	641064	641065	24	0.6744
chr1	641104	641105	30	0.728
chr1	641129	641130	28	0.7177
chr1	641156	641157	24	0.6761
chr1	641179	641180	28	0.6838
chr1	641204	641205	20	0.7528
chr1	641232	641233	33	0.8585
chr1	641271	641272	33	0.6921
chr1	641276	641277	25	0.7922
chr1	641340	641341	44	0.7404
chr1	641440	641441	31	0.7089
chr1	641540	641541	38	0.5848
chr1	641598	641599	34	0.6535
chr1	641648	641649	31	0.7266
chr1	641719	641720	29	0.5596
chr1	641783	641784	32	0.6174
chr1	641795	641796	26	0.7435
chr1	641809	641810	32	0.8615
chr1	641834	641835	26	0.8301
chr1	641881	641882	32	0.8031
chr1	641907	641908	34	0.8797
chr1	641957	641958	27	0.7181
chr1	641975	641976	34	0.7102
chr1	642020	642021	36	0.7542
chr1	642054	642055	31	0.8364
chr1	642080	642081	33	0.7141
chr1	642119	642120	26	0.875
chr1	642134	642135	34	0.7072
chr1	642165	642166	27	0.9263
chr1	642197	642198	30	0.8146
chr1	642218	642219	27	0.9588
chr1	642255	642256	25	0.7394
chr1	642304	642305	29	0.7232
chr1	642354	642355	35	0.9157
chr1	642372	642373	31	0.8378
chr1	642398	642399	34	0.9912
chr1	642485	642486	37	0.8246
chr1	642585	642586	30	0.8353
chr1	642646	642647	27	0.6782
chr1	642746	642747	18	0.8591
chr1	642846	642847	46	0.8229
chr1	642905	642906	30	0.7097
chr1	642943	642944	31	0.8607
chr1	642949	642950	35	0.3981
chr1	642968	642969	34	0.5559
chr1	643003	643004	27	0.3985
chr1	643053	643054	36	0.3769
chr1	643070	643071	28	0.4602
chr1	643105	643106	26	0.546
chr1	643125	643126	35	0.4498
chr1	643172	643173	20	0.556
chr1	643222	643223	23	0.6143
chr1	643237	643238	22	0.6149
chr1	643258	643259	27	0.4674
chr1	643286	643287	28	0.6035
chr1	643301	643302	25	0.4417
chr1	643321	643322	36	0.5797
chr1	643345	643346	36	0.5973
chr1	643395	643396	33	0.3331
chr1	643416	643417	27	0.5919
chr1	643485	643486	25	0.6129
chr1	643572	643573	33	0.4783
chr1	643672	643673	30	0.4623
chr1	643772	643773	36	0.6112
chr1	643872	643873	24	0.4718
chr1	644072	644073	43	0.8606
chr1	644160	644161	34	0.8474
chr1	644236	644237	30	0.7064
chr1	644238	644239	38	0.7856
chr1	644248	644249	27	0.9617
chr1	644258	644259	25	0.8586
chr1	644266	644267	26	0.5862
chr1	644306	644307	34	0.5681
chr1	644312	644313	27	0.8066
chr1	644332	644333	35	0.6312
chr1	644340	644341	33	0.334
chr1	644368	644369	33	0.2716
chr1	644383	644384	30	0.3325
chr1	644398	644399	25	0.3784
chr1	644432	644433	30	0.1653
chr1	644447	644448	29	0.2527
chr1	644482	644483	29	0.1934
chr1	644532	644533	31	0.2631
chr1	644552	644553	30	0.2576
chr1	644578	644579	38	0.3606
chr1	644603	644604	34	0.238
chr1	644623	644624	29	0.1527
chr1	644645	644646	25	0.3566
chr1	644683	644684	36	0.319
chr1	644722	644723	31	0.3968
chr1	644739	644740	29	0.3491
chr1	644761	644762	26	0.5807
chr1	644787	644788	21	0.666
chr1	644803	644804	31	0.5545
chr1	644849	644850	34	0.3935
chr1	644864	644865	35	0.4456
chr1	644915	644916	34	0.5067
chr1	645015	645016	24	0.4079
chr1	645107	645108	30	0.504
chr1	645207	645208	24	0.5158
chr1	645307	645308	31	0.473
chr1	645386	645387	33	0.2739
chr1	645440	645441	29	0.3265
chr1	645516	645517	26	0.0746
chr1	645584	645585	36	0.3335
chr1	645664	645665	29	0.2684
chr1	645668	645669	24	0.2389
chr1	645730	645731	34	0.2994
chr1	645782	645783	41	0.0798
chr1	645830	645831	27	0.4617
chr1	645850	645851	33	0.181
chr1	645864	645865	40	0.2679
chr1	645869	645870	39	0.2924
chr1	645909	645910	23	0.1692
chr1	645934	645935	20	0.3665
chr1	645949	645950	18	0.3073
chr1	645976	645977	33	0.3942
chr1	646009	646010	35	0.3843
chr1	646027	646028	32	0.2552
chr1	646048	646049	27	0.2572
chr1	646098	646099	45	0.3818
chr1	646124	646125	19	0.3394
chr1	646141	646142	35	0.1884
chr1	646156	646157	22	0.2379
chr1	646174	646175	32	0.3134
chr1	646197	646198	29	0.3717
chr1	646217	646218	32	0.219
chr1	646249	646250	31	0.3652
chr1	646298	646299	26	0.3032
chr1	646329	646330	20	0.2747
chr1	646428	646429	29	0.3844
chr1	646498	646499	23	0.2401
chr1	646598	646599	35	0.1593
chr1	646698	646699	22	0.3043
chr1	646760	646761	30	0.0644
chr1	646820	646821	23	0.0
chr1	647010	647011	32	0.1143
chr1	647086	647087	30	0.1761
chr1	647152	647153	26	0.1054
chr1	647185	647186	31	0.668
chr1	647209	647210	40	0.8366
chr1	647224	647225	27	0.8761
chr1	647260	647261	38	0.8117
chr1	647310	647311	32	0.6939
chr1	647325	647326	25	0.7062
chr1	647349	647350	30	0.8527
chr1	647364	647365	39	0.7139
chr1	647386	647387	31	0.8274
chr1	647416	647417	24	0.6904
chr1	647457	647458	29	0.7442
chr1	647504	647505	27	0.7275
chr1	647552	647553	24	0.764
chr1	647582	647583	29	0.6179
chr1	647627	647628	33	0.7505
chr1	647638	647639	32	0.7913
chr1	647738	647739	30	0.8491
chr1	647788	647789	30	0.826
chr1	647888	647889	32	0.8977
chr1	647938	647939	22	1.0
chr1	648038	648039	36	0.6546
chr1	648066	648067	33	0.8447
chr1	648090	648091	23	0.0527
chr1	648119	648120	23	0.1998
chr1	648165	648166	42	0.2077
chr1	648182	648183	28	0.0888
chr1	648220	648221	25	0.0871
chr1	648246	648247	31	0.1464
chr1	648289	648290	24	0.2012
chr1	648306	648307	34	0.1891
chr1	648330	648331	21	0.2742
chr1	648368	648369	28	0.1529
chr1	648418	648419	32	0.1267
chr1	648445	648446	33	0.179
chr1	648468	648469	33	0.2529
chr1	648508	648509	34	0.1952
chr1	648529	648530	29	0.1316
chr1	648546	648547	28	0.1556
chr1	648582	648583	27	0.1167
chr1	648603	648604	24	0.1568
chr1	648668	648669	27	0.166
chr1	648718	648719	22	0.0343
chr1	648818	648819	25	0.0839
chr1	648918	648919	29	0.248
chr1	648968	648969	28	0.2389
chr1	649037	649038	31	0.0549
chr1	649088	649089	24	0.0112
chr1	649158	649159	21	0.03
chr1	649197	649198	29	0.8023
chr1	649238	649239	27	0.9609
chr1	649253	649254	34	0.659
chr1	649293	649294	34	0.7756
chr1	649315	649316	27	0.7741
chr1	649331	649332	28	0.7483
chr1	649347	649348	33	0.6021
chr1	649397	649398	26	0.7314
chr1	649413	649414	25	0.8207
chr1	649437	649438	41	0.6763
chr1	649470	649471	28	0.7055
chr1	649501	649502	25	0.7769
chr1	649549	649550	21	0.7733
chr1	649574	649575	30	0.7295
chr1	649618	649619	41	0.8709
chr1	649641	649642	32	0.7704
chr1	649652	649653	29	0.752
chr1	649709	649710	32	0.8543
chr1	649809	649810	24	0.7375
chr1	649909	649910	31	0.8288
chr1	649959	649960	24	0.7094
chr1	650059	650060	28	0.7969
chr1	650123	650124	23	0.8869
chr1	650150	650151	28	0.2583
chr1	650200	650201	39	0.3117
chr1	650232	650233	21	0.1344
chr1	650263	650264	31	0.2515
chr1	650283	650284	28	0.1425
chr1	650333	650334	26	0.2148
chr1	650374	650375	26	0.3616
chr1	650424	650425	27	0.1771
chr1	650460	650461	30	0.3289
chr1	650475	650476	28	0.2944
chr1	650490	650491	26	0.2138
chr1	650521	650522	21	0.2291
chr1	650571	650572	29	0.1614
chr1	650578	650579	30	0.3382
chr1	650638	650639	35	0.3149
chr1	650738	650739	29	0.098
chr1	650788	650789	33	0.1416
chr1	650888	650889	28	0.2996
chr1	650938	650939	28	0.1816
chr1	650940	650941	21	0.2475
chr1	650960	650961	36	0.2252
chr1	650970	650971	24	0.3988
chr1	650985	650986	29	0.5281
chr1	651035	651036	21	0.6094
chr1	651065	651066	24	0.5607
chr1	651086	651087	34	0.4688
chr1	651121	651122	26	0.5214
chr1	651136	651137	30	0.5738
chr1	651170	651171	36	0.6354
chr1	651209	651210	26	0.3729
chr1	651241	651242	30	0.5332
chr1	651291	651292	27	0.499
chr1	651310	651311	35	0.6599
chr1	651325	651326	25	0.4407
chr1	651346	651347	38	0.4588
chr1	651385	651386	26	0.4453
chr1	651401	651402	33	0.5088
chr1	651420	651421	20	0.5737
chr1	651435	651436	28	0.4374
chr1	651447	651448	31	0.5732
chr1	651547	651548	32	0.527
chr1	651647	651648	42	0.6157
chr1	651747	651748	31	0.5401
chr1	651847	651848	28	0.4201
chr1	651849	651850	28	0.8199
chr1	651897	651898	31	0.9685
chr1	651941	651942	23	0.6383
chr1	652217	652218	25	0.8581
chr1	652311	652312	31	0.8533
chr1	652331	652332	29	0.7911
chr1	652333	652334	26	0.5335
chr1	652354	652355	30	0.7541
chr1	652369	652370	33	0.8214
chr1	652419	652420	24	0.8722
chr1	652445	652446	24	0.732
chr1	652467	652468	30	0.7681
chr1	652499	652500	22	0.7597
chr1	652544	652545	40	0.6684
chr1	652576	652577	21	0.5546
chr1	652595	652596	33	0.8003
chr1	652621	652622	24	0.7395
chr1	652647	652648	28	0.769
chr1	652692	652693	33	0.765
chr1	652719	652720	31	0.8411
chr1	652736	652737	28	0.6161
chr1	652753	652754	37	0.7725
chr1	652768	652769	28	0.8187
chr1	652794	652795	34	0.663
chr1	652865	652866	36	0.6683
chr1	652932	652933	26	0.6886
chr1	653019	653020	30	0.6777
chr1	653069	653070	25	0.7915
chr1	653169	653170	24	0.6958
chr1	653219	653220	29	0.7103
chr1	653239	653240	35	0.9666
chr1	653283	653284	29	0.8217
chr1	653333	653334	33	0.8794
chr1	653350	653351	29	0.6552
chr1	653383	653384	42	0.5896
chr1	653409	653410	25	0.6635
chr1	653451	653452	35	0.7139
chr1	653493	653494	38	0.8744
chr1	653528	653529	20	0.8236
chr1	653543	653544	18	0.5689
chr1	653578	653579	37	0.8068
chr1	653593	653594	26	0.7884
chr1	653613	653614	38	0.6668
chr1	653663	653664	37	0.7467
chr1	653691	653692	38	0.7492
chr1	653706	653707	22	0.7894
chr1	653748	653749	31	0.796
chr1	653763	653764	36	0.6544
chr1	653767	653768	29	0.6812
chr1	653817	653818	23	0.704
chr1	653917	653918	25	0.8485
chr1	654017	654018	25	0.8703
chr1	654067	654068	29	0.8348
chr1	654167	654168	33	0.848
chr1	654239	654240	24	0.6588
chr1	654285	654286	33	0.6992
chr1	654297	654298	21	0.8293
chr1	654315	654316	19	0.7421
chr1	654344	654345	31	0.8429
chr1	654369	654370	24	0.8859
chr1	654415	654416	31	0.784
chr1	654448	654449	28	0.915
chr1	654498	654499	24	0.7188
chr1	654529	654530	31	0.8168
chr1	654562	654563	33	0.6624
chr1	654609	654610	25	0.9517
chr1	654631	654632	22	0.7973
chr1	654652	654653	34	0.913
chr1	654702	654703	20	0.9694
chr1	654745	654746	29	0.727
chr1	654760	654761	38	0.7866
chr1	654783	654784	22	0.891
chr1	654814	654815	26	0.8965
chr1	654900	654901	25	0.7853
chr1	654998	654999	28	0.8745
chr1	655098	655099	29	0.8048
chr1	655183	655184	34	0.994
chr1	655283	655284	30	0.7554
chr1	655309	655310	35	0.9529
chr1	655331	655332	32	0.7631
chr1	655339	655340	26	0.556
chr1	655366	655367	26	0.7597
chr1	655397	655398	35	0.4878
chr1	655447	655448	29	0.6133
chr1	655463	655464	27	0.4611
chr1	655492	655493	39	0.6817
chr1	655536	655537	38	0.5907
chr1	655558	655559	31	0.4146
chr1	655578	655579	29	0.72
chr1	655620	655621	38	0.7457
chr1	655653	655654	26	0.7362
chr1	655676	655677	32	0.4741
chr1	655707	655708	30	0.518
chr1	655757	655758	29	0.5733
chr1	655797	655798	31	0.4704
chr1	655818	655819	33	0.6001
chr1	655844	655845	36	0.4545
chr1	655889	655890	29	0.6825
chr1	655896	655897	21	0.4604
chr1	655946	655947	32	0.7044
chr1	656046	656047	31	0.624
chr1	656129	656130	25	0.6854
chr1	656229	656230	34	0.5859
chr1	656329	656330	36	0.5964
chr1	656429	656430	29	0.4997
chr1	656457	656458	29	0.8312
chr1	656463	656464	30	0.924
chr1	656479	656480	22	0.8036
chr1	656587	656588	37	0.8867
chr1	656661	656662	25	0.6744
chr1	656815	656816	40	0.6432
chr1	656861	656862	25	0.7318
chr1	656911	656912	28	0.6949
chr1	656959	656960	27	0.8506
chr1	656980	656981	24	0.7995
chr1	657004	657005	22	0.6434
chr1	657033	657034	29	0.6835
chr1	657062	657063	28	0.7066
chr1	657094	657095	42	0.7956
chr1	657144	657145	24	0.8125
chr1	657165	657166	25	0.8552
chr1	657193	657194	21	0.8787
chr1	657243	657244	32	0.8001
chr1	657268	657269	27	0.6413
chr1	657296	657297	27	0.6197
chr1	657322	657323	34	0.7628
chr1	657331	657332	27	0.7476
chr1	657431	657432	30	0.7631
chr1	657531	657532	28	0.8513
chr1	657631	657632	29	0.6137
chr1	657689	657690	32	0.747
chr1	657789	657790	25	0.8785
chr1	657859	657860	20	0.912
chr1	657877	657878	41	0.0305
chr1	657912	657913	27	0.0852
chr1	657962	657963	19	0.1265
chr1	657983	657984	29	0.0753
chr1	658001	658002	31	0.1658
chr1	658033	658034	36	0.2689
chr1	658069	658070	30	0.0878
chr1	658119	658120	32	0.137
chr1	658134	658135	31	0.4723
chr1	658163	658164	28	0.1908
chr1	658199	658200	24	0.153
chr1	658234	658235	30	0.0881
chr1	658252	658253	40	0.077
chr1	658288	658289	27	0.1126
chr1	658305	658306	37	0.0
chr1	658311	658312	29	0.0507
chr1	658361	658362	26	0.1888
chr1	658411	658412	29	0.1477
chr1	658511	658512	21	0.0377
chr1	658611	658612	29	0.1496
chr1	658710	658711	34	0.0135
chr1	658718	658719	26	0.0
chr1	658728	658729	43	0.1469
chr1	658737	658738	24	0.9252
chr1	658770	658771	27	0.7792
chr1	658811	658812	35	0.8109
chr1	658852	658853	28	0.8205
chr1	658884	658885	34	0.464
chr1	658925	658926	37	0.6185
chr1	658975	658976	38	0.6429
chr1	658996	658997	28	0.5688
chr1	659022	659023	27	0.5013
chr1	659049	659050	26	0.7651
chr1	659074	659075	27	0.5571
chr1	659111	659112	23	0.594
chr1	659129	659130	24	0.6877
chr1	659144	659145	34	0.7487
chr1	659194	659195	40	0.8113
chr1	659215	659216	33	0.8253
chr1	659229	659230	30	0.7506
chr1	659288	659289	29	0.7485
chr1	659356	659357	33	0.8787
chr1	659432	659433	32	0.7999
chr1	659532	659533	30	0.8762
chr1	659632	659633	38	0.9179
chr1	659644	659645	28	1.0
chr1	659740	659741	27	0.8416
chr1	659894	659895	28	0.9028
chr1	660018	660019	36	0.9356
chr1	660050	660051	37	0.7451
chr1	660096	660097	34	0.7913
chr1	660118	660119	26	0.9579
chr1	660152	660153	39	0.6148
chr1	660177	660178	20	0.6642
chr1	660212	660213	31	0.6516
chr1	660262	660263	34	0.6165
chr1	660311	660312	33	0.6139
chr1	660335	660336	33	0.6643
chr1	660373	660374	25	0.9607
chr1	660391	660392	25	0.5897
chr1	660422	660423	34	0.8221
chr1	660458	660459	28	0.7015
chr1	660506	660507	32	0.5257
chr1	660521	660522	27	0.5368
chr1	660571	660572	26	0.4831
chr1	660600	660601	28	0.6775
chr1	660642	660643	30	0.7391
chr1	660684	660685	27	0.7983
chr1	660687	660688	25	0.6343
chr1	660748	660749	32	0.5789
chr1	660798	660799	33	0.5202
chr1	660848	660849	20	0.871
chr1	660948	660949	18	0.5013
chr1	661035	661036	35	0.6604
chr1	661085	661086	32	0.5075
chr1	661135	661136	25	0.8526
chr1	661196	661197	36	0.8231
chr1	661248	661249	25	0.5215
chr1	661263	661264	24	0.9127
chr1	661313	661314	29	0.7327
chr1	661349	661350	30	0.6698
chr1	661378	661379	33	0.7382
chr1	661413	661414	37	0.8107
chr1	661463	661464	32	0.8073
chr1	661480	661481	29	0.8512
chr1	661530	661531	33	0.8364
chr1	661552	661553	30	0.8973
chr1	661571	661572	26	0.7709
chr1	661607	661608	30	0.6416
chr1	661657	661658	35	0.6788
chr1	661684	661685	38	0.6001
chr1	661706	661707	24	0.7115
chr1	661727	661728	29	0.6965
chr1	661742	661743	27	0.9458
chr1	661767	661768	25	0.8212
chr1	661817	661818	27	0.7588
chr1	661917	661918	30	0.7875
chr1	662017	662018	25	0.8161
chr1	662117	662118	40	0.9116
chr1	662205	662206	18	0.8371
chr1	662305	662306	31	0.813
chr1	662355	662356	30	0.8749
chr1	662429	662430	34	0.9764
chr1	662434	662435	28	0.5676
chr1	662458	662459	18	0.5351
chr1	662482	662483	35	0.4772
chr1	662506	662507	26	0.6262
chr1	662521	662522	42	0.6568
chr1	662551	662552	30	0.4812
chr1	662601	662602	33	0.4314
chr1	662629	662630	19	0.3998
chr1	662654	662655	32	0.6263
chr1	662704	662705	19	0.6246
chr1	662735	662736	29	0.6188
chr1	662754	662755	24	0.5288
chr1	662774	662775	32	0.4415
chr1	662824	662825	40	0.4623
chr1	662871	662872	24	0.6246
chr1	662906	662907	17	0.7646
chr1	662919	662920	30	0.3194
chr1	663004	663005	41	0.4406
chr1	663104	663105	24	0.6126
chr1	663183	663184	26	0.6074
chr1	663283	663284	28	0.5202
chr1	663383	663384	30	0.5729
chr1	663421	663422	32	0.3083
chr1	663551	663552	34	0.311
chr1	663601	663602	38	0.2926
chr1	663641	663642	30	0.1718
chr1	663771	663772	31	0.3222
chr1	663785	663786	38	0.3782
chr1	663873	663874	28	0.0073
chr1	663880	663881	27	0.0
chr1	663915	663916	24	0.0184
chr1	663954	663955	39	0.039
chr1	663992	663993	32	0.0479
chr1	664016	664017	29	0.1291
chr1	664054	664055	27	0.198
chr1	664095	664096	24	0.1653
chr1	664125	664126	27	0.2937
chr1	664158	664159	22	0.2575
chr1	664208	664209	30	0.1962
chr1	664223	664224	33	0.1227
chr1	664260	664261	36	0.2623
chr1	664289	664290	24	0.0595
chr1	664329	664330	27	0.0143
chr1	664330	664331	27	0.0574
chr1	664430	664431	25	0.0203
chr1	664495	664496	30	0.0879
chr1	664595	664596	36	0.0473
chr1	664695	664696	24	0.0973
chr1	664935	664936	34	0.0842
chr1	664967	664968	26	0.1273
chr1	664973	664974	22	0.0161
chr1	664979	664980	29	0.146
chr1	665059	665060	26	0.1502
chr1	665165	665166	32	0.0618
chr1	665170	665171	13	0.7272
chr1	665220	665221	24	0.6543
chr1	665267	665268	41	0.6052
chr1	665296	665297	28	0.5505
chr1	665346	665347	32	0.6057
chr1	665361	665362	26	0.6498
chr1	665408	665409	29	0.6562
chr1	665426	665427	28	0.6526
chr1	665442	665443	34	0.677
chr1	665472	665473	30	0.5279
chr1	665493	665494	33	0.7034
chr1	665519	665520	28	0.7115
chr1	665563	665564	25	0.6603
chr1	665603	665604	30	0.725
chr1	665638	665639	34	0.7025
chr1	665670	665671	34	0.738
chr1	665716	665717	33	0.6838
chr1	665726	665727	21	0.8976
chr1	665776	665777	30	0.5866
chr1	665876	665877	29	0.7351
chr1	665976	665977	24	0.6743
chr1	666059	666060	30	0.6497
chr1	666159	666160	22	0.74
chr1	666221	666222	27	0.7639
chr1	666235	666236	25	0.9906
chr1	666263	666264	28	1.0
chr1	666379	666380	22	0.8911
chr1	666497	666498	26	0.9504
chr1	666625	666626	28	0.9384
chr1	666667	666668	26	0.8578
chr1	666707	666708	24	0.6052
chr1	666739	666740	31	0.9209
chr1	666763	666764	31	0.8856
chr1	666810	666811	23	0.8528
chr1	666837	666838	31	0.5272
chr1	666861	666862	28	0.7843
chr1	666880	666881	24	0.8366
chr1	666917	666918	27	0.9212
chr1	666933	666934	29	0.6764
chr1	666983	666984	24	0.826
chr1	667033	667034	29	0.8168
chr1	667053	667054	30	1.0
chr1	667073	667074	28	0.5974
chr1	667095	667096	27	0.5403
chr1	667134	667135	28	0.6408
chr1	667149	667150	33	0.6598
chr1	667184	667185	30	0.774
chr1	667233	667234	30	0.629
chr1	667250	667251	27	0.6133
chr1	667270	667271	21	0.6041
chr1	667320	667321	23	1.0
chr1	667335	667336	24	0.4951
chr1	667420	667421	29	0.6055
chr1	667520	667521	29	0.9621
chr1	667601	667602	26	0.9551
chr1	667701	667702	28	0.5727
chr1	667783	667784	31	0.9502
chr1	667841	667842	31	0.7709
chr1	667936	667937	34	0.5683
chr1	667987	667988	33	0.9323
chr1	668031	668032	29	0.983
chr1	668050	668051	29	0.5113
chr1	668071	668072	24	0.7389
chr1	668103	668104	24	0.5552
chr1	668125	668126	28	0.6675
chr1	668159	668160	33	0.7733
chr1	668191	668192	27	0.6025
chr1	668219	668220	32	0.6647
chr1	668254	668255	34	0.6512
chr1	668269	668270	26	0.5677
chr1	668301	668302	17	0.728
chr1	668346	668347	28	0.8383
chr1	668396	668397	31	0.6724
chr1	668421	668422	35	0.6421
chr1	668450	668451	37	0.7927
chr1	668500	668501	30	0.7253
chr1	668542	668543	28	0.8169
chr1	668596	668597	34	0.5832
chr1	668646	668647	36	0.5561
chr1	668746	668747	37	0.7058
chr1	668831	668832	35	0.562
chr1	668931	668932	26	0.706
chr1	669031	669032	40	0.7687
chr1	669123	669124	27	0.8967
chr1	669162	669163	29	0.8169
chr1	669192	669193	38	0.851
chr1	669211	669212	28	0.7775
chr1	669259	669260	36	0.9255
chr1	669293	669294	32	0.5695
chr1	669340	669341	26	0.7001
chr1	669384	669385	23	0.7724
chr1	669414	669415	30	0.5197
chr1	669439	669440	26	0.7758
chr1	669485	669486	30	0.6978
chr1	669508	669509	32	0.7991
chr1	669536	669537	31	0.641
chr1	669582	669583	28	0.6566
chr1	669584	669585	30	0.6772
chr1	669684	669685	31	0.9205
chr1	669784	669785	31	0.82
chr1	669884	669885	37	0.6346
chr1	669954	669955	25	0.8879
chr1	670034	670035	26	0.8317
chr1	670044	670045	21	0.4857
chr1	670089	670090	39	0.601
chr1	670111	670112	20	0.3517
chr1	670154	670155	31	0.3426
chr1	670173	670174	22	0.3945
chr1	670206	670207	23	0.4633
chr1	670239	670240	22	0.3601
chr1	670270	670271	29	0.4828
chr1	670287	670288	27	0.5438
chr1	670331	670332	18	0.3147
chr1	670351	670352	34	0.5055
chr1	670371	670372	36	0.4922
chr1	670416	670417	29	0.3522
chr1	670443	670444	25	0.3347
chr1	670484	670485	25	0.4569
chr1	670577	670578	22	0.3564
chr1	670677	670678	24	0.4579
chr1	670744	670745	21	0.4915
chr1	670794	670795	36	0.5941
chr1	670880	670881	30	0.4691
chr1	670928	670929	32	0.1247
chr1	670980	670981	26	0.2137
chr1	671144	671145	30	0.0
chr1	671288	671289	27	0.1229
chr1	671314	671315	30	0.2955
chr1	671316	671317	28	0.0766
chr1	671346	671347	28	0.1988
chr1	671362	671363	28	0.0794
chr1	671398	671399	28	0.0647
chr1	671435	671436	32	0.161
chr1	671452	671453	18	0.1854
chr1	671476	671477	22	0.1709
chr1	671503	671504	34	0.1669
chr1	671553	671554	25	0.2247
chr1	671603	671604	22	0.0622
chr1	671625	671626	28	0.2508
chr1	671675	671676	33	0.2509
chr1	671711	671712	31	0.4047
chr1	671731	671732	33	0.3
chr1	671759	671760	27	0.1179
chr1	671782	671783	34	0.1243
chr1	671805	671806	24	0.1627
chr1	671836	671837	34	0.1362
chr1	671857	671858	34	0.0282
chr1	671917	671918	38	0.1888
chr1	672017	672018	30	0.1448
chr1	672097	672098	24	0.2762
chr1	672179	672180	26	0.2425
chr1	672279	672280	32	0.1374
chr1	672350	672351	33	0.2475
chr1	672406	672407	34	0.2844
chr1	672430	672431	34	0.8785
chr1	672448	672449	36	0.9088
chr1	672485	672486	30	0.7397
chr1	672505	672506	35	0.6555
chr1	672555	672556	25	0.8464
chr1	672592	672593	26	0.8201
chr1	672617	672618	33	0.8252
chr1	672645	672646	38	0.9496
chr1	672670	672671	33	0.7298
chr1	672696	672697	25	0.6831
chr1	672727	672728	29	0.6881
chr1	672770	672771	28	0.8328
chr1	672801	672802	25	0.8242
chr1	672832	672833	27	0.7737
chr1	672849	672850	32	0.6952
chr1	672882	672883	29	0.7458
chr1	672905	672906	22	0.8421
chr1	672940	672941	19	0.9447
chr1	672955	672956	26	0.8563
chr1	673005	673006	22	0.6707
chr1	673020	673021	28	0.7198
chr1	673058	673059	32	0.6924
chr1	673158	673159	31	0.8242
chr1	673208	673209	28	0.7484
chr1	673308	673309	30	0.8252
chr1	673408	673409	40	0.8849
chr1	673490	673491	24	0.9261
chr1	673590	673591	31	0.8504
chr1	673640	673641	34	0.7779
chr1	673736	673737	35	0.9372
chr1	673771	673772	31	0.8958
chr1	673806	673807	22	0.9655
chr1	673841	673842	25	0.8642
chr1	673869	673870	21	0.6861
chr1	673898	673899	17	0.9281
chr1	673925	673926	34	0.8188
chr1	673953	673954	34	0.7619
chr1	673990	673991	29	0.8594
chr1	674024	674025	31	0.7424
chr1	674074	674075	33	0.929
chr1	674092	674093	25	0.7986
chr1	674108	674109	27	0.9297
chr1	674153	674154	28	0.7401
chr1	674181	674182	31	0.9999
chr1	674204	674205	22	0.7257
chr1	674237	674238	32	0.9167
chr1	674243	674244	30	0.8364
chr1	674312	674313	27	0.9881
chr1	674412	674413	34	0.8859
chr1	674468	674469	26	0.7476
chr1	674568	674569	25	0.7497
chr1	674658	674659	31	0.7687
chr1	674714	674715	27	0.8828
chr1	674742	674743	25	0.8347
chr1	674812	674813	36	0.8782
chr1	674849	674850	33	0.7254
chr1	674871	674872	33	0.7994
chr1	674911	674912	31	0.8955
chr1	674938	674939	21	0.795
chr1	674966	674967	26	0.8569
chr1	675016	675017	27	0.8741
chr1	675042	675043	32	0.7904
chr1	675062	675063	34	0.7948
chr1	675077	675078	30	0.9452
chr1	675121	675122	27	1.0
chr1	675157	675158	37	0.8711
chr1	675207	675208	38	0.7132
chr1	675244	675245	29	0.8292
chr1	675294	675295	34	0.5737
chr1	675328	675329	37	0.9501
chr1	675333	675334	29	0.8594
chr1	675433	675434	31	0.8218
chr1	675533	675534	27	0.8925
chr1	675633	675634	30	0.9012
chr1	675718	675719	24	0.7398
chr1	675786	675787	20	0.7938
chr1	675816	675817	37	0.8709
chr1	675862	675863	29	0.886
chr1	675879	675880	29	0.7267
chr1	675895	675896	33	0.9252
chr1	675921	675922	31	0.8094
chr1	675936	675937	17	0.7769
chr1	675951	675952	30	0.7229
chr1	676001	676002	36	0.8869
chr1	676041	676042	31	0.7726
chr1	676056	676057	26	0.794
chr1	676088	676089	29	0.8641
chr1	676103	676104	35	0.9584
chr1	676153	676154	22	0.6972
chr1	676203	676204	26	0.836
chr1	676236	676237	22	0.8711
chr1	676255	676256	32	0.8132
chr1	676295	676296	21	0.8531
chr1	676311	676312	27	0.6825
chr1	676361	676362	26	0.8642
chr1	676380	676381	32	0.727
chr1	676460	676461	35	0.9995
chr1	676560	676561	33	0.7215
chr1	676660	676661	32	0.7472
chr1	676760	676761	28	0.9211
chr1	676810	676811	27	1.0
chr1	676868	676869	26	0.9003
chr1	676874	676875	30	0.627
chr1	676914	676915	35	0.7065
chr1	676954	676955	31	0.6515
chr1	676978	676979	40	0.6665
chr1	677028	677029	39	0.6675
chr1	677057	677058	27	0.5945
chr1	677072	677073	40	0.7271
chr1	677089	677090	27	0.6592
chr1	677113	677114	37	0.6366
chr1	677156	677157	25	0.7528
chr1	677181	677182	28	0.8968
chr1	677217	677218	26	0.7306
chr1	677245	677246	33	0.6387
chr1	677295	677296	29	0.4735
chr1	677315	677316	32	0.5795
chr1	677362	677363	42	0.3933
chr1	677382	677383	21	0.4298
chr1	677394	677395	26	0.4152
chr1	677457	677458	37	0.3521
chr1	677507	677508	36	0.5324
chr1	677607	677608	28	0.6672
chr1	677707	677708	23	0.9038
chr1	677757	677758	31	0.8027
chr1	677857	677858	39	0.708
chr1	677999	678000	30	0.6849
chr1	678019	678020	30	0.8564
chr1	678049	678050	16	0.8773
chr1	678101	678102	30	0.5766
chr1	678253	678254	29	0.8879
chr1	678267	678268	38	0.7266
chr1	678288	678289	27	0.7491
chr1	678311	678312	24	0.5915
chr1	678345	678346	31	0.6867
chr1	678368	678369	35	0.8204
chr1	678391	678392	30	0.9129
chr1	678411	678412	28	0.6197
chr1	678426	678427	27	0.7782
chr1	678469	678470	32	0.7622
chr1	678484	678485	33	0.7264
chr1	678529	678530	30	0.595
chr1	678547	678548	18	0.7053
chr1	678562	678563	40	0.6588
chr1	678577	678578	26	0.8157
chr1	678620	678621	28	0.8813
chr1	678635	678636	38	0.8745
chr1	678655	678656	37	0.7122
chr1	678702	678703	35	0.6504
chr1	678730	678731	20	0.6955
chr1	678759	678760	25	0.7375
chr1	678789	678790	28	0.6269
chr1	678803	678804	26	0.7736
chr1	678853	678854	31	0.7055
chr1	678953	678954	31	0.6924
chr1	679053	679054	38	0.8021
chr1	679103	679104	36	0.7027
chr1	679156	679157	34	0.7437
chr1	679256	679257	27	0.9086
chr1	679264	679265	30	0.6237
chr1	679344	679345	34	0.8066
chr1	679353	679354	36	0.5823
chr1	679388	679389	36	0.5013
chr1	679425	679426	24	0.5197
chr1	679444	679445	18	0.6315
chr1	679472	679473	29	0.535
chr1	679502	679503	32	0.6566
chr1	679539	679540	33	0.486
chr1	679564	679565	29	0.6569
chr1	679593	679594	30	0.5448
chr1	679611	679612	25	0.5748
chr1	679627	679628	26	0.59
chr1	679653	679654	28	0.4986
chr1	679687	679688	33	0.6977
chr1	679737	679738	25	0.506
chr1	679758	679759	21	0.4396
chr1	679858	679859	30	0.4432
chr1	679927	679928	32	0.4621
chr1	680027	680028	28	0.6499
chr1	680127	680128	23	0.7556
chr1	680207	680208	24	0.8907
chr1	680259	680260	31	0.7825
chr1	680295	680296	33	0.6134
chr1	680319	680320	32	0.7592
chr1	680461	680462	38	0.8074
chr1	680471	680472	23	0.4818
chr1	680488	680489	40	0.4983
chr1	680538	680539	27	0.3445
chr1	680570	680571	39	0.4349
chr1	680603	680604	31	0.5495
chr1	680643	680644	24	0.3946
chr1	680676	680677	29	0.624
chr1	680691	680692	41	0.657
chr1	680730	680731	35	0.3699
chr1	680755	680756	30	0.4239
chr1	680784	680785	25	0.6143
chr1	680834	680835	24	0.5765
chr1	680849	680850	28	0.5384
chr1	680871	680872	28	0.5535
chr1	680895	680896	32	0.4269
chr1	680945	680946	35	0.662
chr1	680967	680968	27	0.6815
chr1	680982	680983	36	0.2455
chr1	680992	680993	41	0.4525
chr1	681092	681093	22	0.5025
chr1	681181	681182	27	0.4991
chr1	681231	681232	29	0.4717
chr1	681317	681318	28	0.3625
chr1	681402	681403	34	0.2845
chr1	681502	681503	29	0.5259
chr1	681576	681577	24	0.8203
chr1	681612	681613	28	0.6437
chr1	681634	681635	29	0.7019
chr1	681678	681679	19	0.662
chr1	681704	681705	22	0.6131
chr1	681844	681845	29	0.798
chr1	681934	681935	33	0.6139
chr1	681976	681977	31	0.6913
chr1	681997	681998	28	0.5527
chr1	682016	682017	32	0.5723
chr1	682062	682063	24	0.7098
chr1	682112	682113	26	0.8944
chr1	682143	682144	18	0.5781
chr1	682193	682194	21	0.7937
chr1	682243	682244	25	0.8209
chr1	682265	682266	33	0.7254
chr1	682281	682282	32	0.7504
chr1	682318	682319	34	0.8058
chr1	682356	682357	33	0.8572
chr1	682380	682381	27	0.8565
chr1	682410	682411	27	0.8433
chr1	682460	682461	24	0.8515
chr1	682477	682478	30	0.6523
chr1	682520	682521	27	0.7595
chr1	682527	682528	38	0.7477
chr1	682627	682628	31	0.6695
chr1	682727	682728	26	0.6777
chr1	682827	682828	30	0.717
chr1	682907	682908	33	0.7476
chr1	682957	682958	30	0.8345
chr1	683057	683058	23	0.7145
chr1	683075	683076	32	0.6904
chr1	683077	683078	30	0.6951
chr1	683117	683118	28	0.951
chr1	683134	683135	24	0.983
chr1	683172	683173	36	0.8284
chr1	683202	683203	22	0.9049
chr1	683225	683226	31	0.9395
chr1	683240	683241	31	0.8043
chr1	683278	683279	24	0.923
chr1	683311	683312	19	0.8675
chr1	683326	683327	25	0.7383
chr1	683356	683357	29	0.7233
chr1	683372	683373	20	0.9147
chr1	683422	683423	25	0.8674
chr1	683460	683461	24	0.9531
chr1	683475	683476	28	0.9189
chr1	683490	683491	30	0.9417
chr1	683530	683531	26	0.8164
chr1	683555	683556	31	0.9019
chr1	683570	683571	29	0.9487
chr1	683595	683596	39	0.9003
chr1	683618	683619	30	0.9046
chr1	683641	683642	20	0.8108
chr1	683675	683676	34	0.9556
chr1	683676	683677	30	0.8542
chr1	683776	683777	32	0.8502
chr1	683876	683877	29	0.8828
chr1	683976	683977	24	0.9746
chr1	684026	684027	28	0.9038
chr1	684076	684077	27	0.953
chr1	684176	684177	29	0.8913
chr1	684256	684257	31	0.8757
chr1	684266	684267	33	1.0
chr1	684282	684283	32	0.764
chr1	684303	684304	34	0.7274
chr1	684353	684354	33	0.8643
chr1	684369	684370	32	0.7766
chr1	684415	684416	32	0.7319
chr1	684435	684436	36	0.8375
chr1	684450	684451	23	0.8006
chr1	684500	684501	31	0.7272
chr1	684527	684528	26	0.713
chr1	684564	684565	18	0.7613
chr1	684583	684584	29	0.7527
chr1	684604	684605	25	0.7502
chr1	684628	684629	33	0.7545
chr1	684678	684679	23	0.6705
chr1	684704	684705	27	0.6937
chr1	684711	684712	28	0.771
chr1	684763	684764	32	0.7129
chr1	684823	684824	32	0.8428
chr1	684873	684874	40	0.7464
chr1	684973	684974	19	0.6807
chr1	685052	685053	32	0.6106
chr1	685117	685118	32	0.7298
chr1	685159	685160	40	0.6419
chr1	685195	685196	31	0.8665
chr1	685211	685212	31	0.8651
chr1	685231	685232	39	0.7414
chr1	685281	685282	32	0.7787
chr1	685303	685304	27	0.753
chr1	685346	685347	26	0.5689
chr1	685368	685369	28	0.6313
chr1	685396	685397	38	0.6612
chr1	685411	685412	32	0.7668
chr1	685440	685441	28	0.7552
chr1	685470	685471	27	0.6937
chr1	685508	685509	22	0.7481
chr1	685543	685544	29	0.8239
chr1	685571	685572	36	0.7779
chr1	685594	685595	23	0.7711
chr1	685621	685622	35	0.8629
chr1	685636	685637	27	0.7624
chr1	685655	685656	24	0.8045
chr1	685728	685729	24	0.8081
chr1	685806	685807	37	0.7338
chr1	685867	685868	38	0.8172
chr1	685967	685968	26	0.8095
chr1	686017	686018	21	0.6884
chr1	686021	686022	28	0.8122
chr1	686029	686030	22	0.609
chr1	686052	686053	29	0.6688
chr1	686067	686068	30	0.7175
chr1	686092	686093	21	0.3918
chr1	686140	686141	30	0.6599
chr1	686176	686177	33	0.5101
chr1	686215	686216	34	0.5604
chr1	686243	686244	28	0.6593
chr1	686293	686294	29	0.6568
chr1	686339	686340	22	0.5224
chr1	686361	686362	33	0.6532
chr1	686398	686399	34	0.3696
chr1	686424	686425	25	0.5703
chr1	686458	686459	31	0.6978
chr1	686473	686474	35	0.6033
chr1	686523	686524	30	0.6778
chr1	686542	686543	34	0.4705
chr1	686642	686643	28	0.6885
chr1	686742	686743	25	0.5181
chr1	686831	686832	23	0.519
chr1	686903	686904	33	0.5669
chr1	686984	686985	25	0.6778
chr1	687094	687095	31	0.9268
chr1	687120	687121	24	0.9199
chr1	687160	687161	36	0.8482
chr1	687178	687179	36	0.7738
chr1	687180	687181	34	0.9277
chr1	687288	687289	30	0.903
chr1	687312	687313	27	0.0353
chr1	687333	687334	35	0.2019
chr1	687348	687349	29	0.0184
chr1	687372	687373	31	0.0
chr1	687388	687389	30	0.0379
chr1	687438	687439	26	0.1752
chr1	687466	687467	32	0.1859
chr1	687493	687494	37	0.1349
chr1	687543	687544	29	0.1278
chr1	687558	687559	24	0.1891
chr1	687597	687598	25	0.0549
chr1	687638	687639	28	0.1645
chr1	687668	687669	41	0.0
chr1	687689	687690	17	0.0712
chr1	687704	687705	28	0.0429
chr1	687748	687749	25	0.055
chr1	687785	687786	29	0.0417
chr1	687801	687802	28	0.2309
chr1	687839	687840	30	0.1829
chr1	687889	687890	31	0.0279
chr1	687939	687940	23	0.3574
chr1	688039	688040	29	0.0269
chr1	688099	688100	31	0.0621
chr1	688149	688150	28	0.0206
chr1	688249	688250	31	0.1452
chr1	688349	688350	29	0.1006
chr1	688421	688422	24	0.0467
chr1	688466	688467	23	0.0614
chr1	688485	688486	31	0.0709
chr1	688500	688501	29	0.1609
chr1	688535	688536	29	0.1708
chr1	688567	688568	32	0.1099
chr1	688596	688597	23	0.0257
chr1	688637	688638	27	0.1741
chr1	688663	688664	30	0.1162
chr1	688697	688698	26	0.1452
chr1	688712	688713	28	0.1806
chr1	688750	688751	34	0.2265
chr1	688800	688801	39	0.2177
chr1	688815	688816	24	0.1568
chr1	688865	688866	23	0.3084
chr1	688880	688881	34	0.2201
chr1	688902	688903	33	0.1802
chr1	689002	689003	33	0.1987
chr1	689102	689103	28	0.1363
chr1	689202	689203	21	0.0374
chr1	689264	689265	34	0.2631
chr1	689296	689297	24	0.0382
chr1	689314	689315	31	0.1349
chr1	689348	689349	34	0.2148
chr1	689377	689378	24	0.0
chr1	689407	689408	35	0.0142
chr1	689457	689458	24	0.0
chr1	689479	689480	29	0.1148
chr1	689529	689530	24	0.034
chr1	689567	689568	26	0.1292
chr1	689612	689613	27	0.1151
chr1	689645	689646	32	0.0791
chr1	689695	689696	30	0.0728
chr1	689736	689737	25	0.1712
chr1	689775	689776	29	0.0872
chr1	689820	689821	20	0.2064
chr1	689857	689858	39	0.0
chr1	689885	689886	24	0.0809
chr1	689985	689986	33	0.0307
chr1	690085	690086	35	0.09
chr1	690185	690186	36	0.0007
chr1	690285	690286	36	0.2122
chr1	690385	690386	31	0.0601
chr1	690465	690466	30	0.0891
chr1	690506	690507	20	0.6692
chr1	690549	690550	31	0.9209
chr1	690570	690571	39	0.7349
chr1	690613	690614	21	0.5898
chr1	690660	690661	32	0.6978
chr1	690691	690692	25	0.7504
chr1	690740	690741	30	0.7622
chr1	690784	690785	28	0.6076
chr1	690816	690817	31	0.7509
chr1	690842	690843	26	0.6966
chr1	690860	690861	20	0.6428
chr1	690888	690889	26	0.7682
chr1	690922	690923	31	0.5792
chr1	690945	690946	29	0.6775
chr1	691045	691046	32	0.7835
chr1	691112	691113	34	0.6299
chr1	691180	691181	27	0.4984
chr1	691280	691281	25	0.8225
chr1	691348	691349	29	0.7455
chr1	691350	691351	38	0.6619
chr1	691402	691403	33	0.6953
chr1	692383	692384	34	0.7477
chr1	692413	692414	39	0.6913
chr1	692444	692445	31	0.4948
chr1	692463	692464	24	0.718
chr1	692508	692509	31	0.7152
chr1	692558	692559	33	0.621
chr1	692582	692583	37	0.684
chr1	692632	692633	32	0.627
chr1	692651	692652	32	0.8336
chr1	692668	692669	31	0.8279
chr1	692690	692691	24	0.7287
chr1	692725	692726	31	0.723
chr1	692741	692742	24	0.832
chr1	692787	692788	34	0.678
chr1	692830	692831	24	0.75
chr1	692852	692853	24	0.7386
chr1	692883	692884	35	0.7272
chr1	692983	692984	39	0.5824
chr1	693083	693084	34	0.5863
chr1	693183	693184	34	0.7758
chr1	693271	693272	29	0.6174
chr1	693367	693368	23	0.6598
chr1	693419	693420	27	0.7225
chr1	693459	693460	22	0.7067
chr1	693489	693490	39	0.3671
chr1	693534	693535	36	0.4002
chr1	693563	693564	33	0.577
chr1	693613	693614	23	0.5432
chr1	693663	693664	37	0.1982
chr1	693703	693704	32	0.3601
chr1	693739	693740	28	0.3836
chr1	693789	693790	27	0.2796
chr1	693822	693823	24	0.195
chr1	693856	693857	32	0.3506
chr1	693881	693882	25	0.2193
chr1	693891	693892	36	0.307
chr1	693963	693964	27	0.3201
chr1	694030	694031	27	0.4009
chr1	694086	694087	27	0.5544
chr1	694183	694184	30	0.3677
chr1	694263	694264	27	0.3132
chr1	694325	694326	26	0.2282
chr1	694331	694332	29	0.2788
chr1	694371	694372	25	0.5417
chr1	694386	694387	28	0.7039
chr1	694420	694421	29	0.7995
chr1	694457	694458	34	0.549
chr1	694494	694495	24	0.7309
chr1	694529	694530	30	0.6666
chr1	694562	694563	31	0.5651
chr1	694577	694578	30	0.7272
chr1	694609	694610	23	0.6699
chr1	694640	694641	30	0.8274
chr1	694686	694687	32	0.4726
chr1	694705	694706	33	0.6621
chr1	694742	694743	32	0.7472
chr1	694776	694777	37	0.6401
chr1	694824	694825	29	0.7606
chr1	694843	694844	30	0.5454
chr1	694878	694879	37	0.6703
chr1	694929	694930	30	0.6063
chr1	695025	695026	27	0.8153
chr1	695125	695126	29	0.8418
chr1	695206	695207	26	0.7935
chr1	695302	695303	27	0.7939
chr1	695310	695311	26	0.6439
chr1	695402	695403	32	0.744
chr1	695415	695416	28	0.8592
chr1	695444	695445	27	0.5654
chr1	695466	695467	35	0.772
chr1	695490	695491	34	0.7778
chr1	695540	695541	30	0.6995
chr1	695574	695575	29	0.6386
chr1	695607	695608	29	0.6438
chr1	695657	695658	30	0.559
chr1	695707	695708	28	0.5685
chr1	695757	695758	29	0.6729
chr1	695767	695768	31	0.6901
chr1	695867	695868	23	0.6981
chr1	695949	695950	34	0.8458
chr1	696049	696050	28	0.76
chr1	696077	696078	27	0.8055
chr1	696103	696104	34	0.1195
chr1	696124	696125	25	0.2038
chr1	696155	696156	26	0.0613
chr1	696180	696181	30	0.2886
chr1	696195	696196	37	0.0568
chr1	696230	696231	34	0.2146
chr1	696273	696274	25	0.157
chr1	696295	696296	36	0.2113
chr1	696312	696313	33	0.2282
chr1	696327	696328	24	0.1454
chr1	696375	696376	35	0.3337
chr1	696393	696394	33	0.2128
chr1	696415	696416	31	0.139
chr1	696452	696453	29	0.1766
chr1	696472	696473	20	0.0
chr1	696522	696523	31	0.2755
chr1	696563	696564	26	0.1922
chr1	696584	696585	24	0.2339
chr1	696633	696634	31	0.0659
chr1	696659	696660	24	0.323
chr1	696673	696674	25	0.1824
chr1	696723	696724	35	0.0728
chr1	696823	696824	27	0.0731
chr1	696882	696883	31	0.0741
chr1	696982	696983	34	0.2007
chr1	697060	697061	28	0.0689
chr1	697110	697111	34	0.229
chr1	697210	697211	24	0.2547
chr1	697300	697301	24	0.0475
chr1	697336	697337	31	0.9307
chr1	697351	697352	26	0.9464
chr1	697380	697381	37	0.7674
chr1	697409	697410	31	0.866
chr1	697445	697446	27	0.857
chr1	697486	697487	29	0.8558
chr1	697512	697513	27	0.8139
chr1	697540	697541	32	0.7824
chr1	697569	697570	23	0.83
chr1	697619	697620	28	0.8726
chr1	697669	697670	23	0.7629
chr1	697693	697694	37	0.7413
chr1	697726	697727	35	0.7762
chr1	697745	697746	21	0.8317
chr1	697795	697796	28	0.9742
chr1	697815	697816	33	0.7887
chr1	697880	697881	43	0.9106
chr1	697930	697931	29	0.6805
chr1	697991	697992	29	0.7656
chr1	698091	698092	24	0.8348
chr1	698191	698192	27	0.7709
chr1	698291	698292	29	0.6791
chr1	698313	698314	26	0.7836
chr1	698361	698362	36	0.7631
chr1	699635	699636	25	0.6011
chr1	699657	699658	32	0.7224
chr1	699672	699673	37	0.5525
chr1	699710	699711	23	0.5374
chr1	699749	699750	36	0.6365
chr1	699787	699788	35	0.5669
chr1	699813	699814	26	0.3965
chr1	699863	699864	31	0.4609
chr1	699883	699884	25	0.6416
chr1	699933	699934	31	0.5845
chr1	699969	699970	29	0.529
chr1	700000	700001	22	0.4414
chr1	700018	700019	24	0.7649
chr1	700066	700067	38	0.5457
chr1	700085	700086	27	0.4786
chr1	700185	700186	32	0.5228
chr1	700285	700286	35	0.4903
chr1	700364	700365	36	0.6198
chr1	700444	700445	32	0.5674
chr1	700468	700469	27	0.8924
chr1	700474	700475	24	0.9274
chr1	700484	700485	31	0.7018
chr1	700490	700491	31	0.828
chr1	700590	700591	35	0.7989
chr1	700598	700599	29	0.8817
chr1	700618	700619	36	0.7479
chr1	700852	700853	29	0.8745
chr1	700884	700885	34	0.8299
chr1	700906	700907	29	0.8591
chr1	700911	700912	24	0.8251
chr1	700937	700938	29	0.7007
chr1	700987	700988	31	0.6119
chr1	701024	701025	24	0.6115
chr1	701039	701040	24	0.5211
chr1	701078	701079	27	0.6758
chr1	701102	701103	33	0.7195
chr1	701117	701118	32	0.5434
chr1	701132	701133	27	0.7613
chr1	701182	701183	29	0.6801
chr1	701197	701198	32	0.7947
chr1	701247	701248	28	0.59
chr1	701297	701298	21	0.52
chr1	701329	701330	35	0.5929
chr1	701379	701380	34	0.5309
chr1	701411	701412	30	0.615
chr1	701511	701512	33	0.7881
chr1	701611	701612	27	0.7772
chr1	701711	701712	29	0.5865
chr1	701811	701812	26	0.7368
chr1	701861	701862	31	0.6186
chr1	701957	701958	30	0.9299
chr1	701979	701980	32	1.0
chr1	702009	702010	31	0.7826
chr1	702123	702124	26	0.9813
chr1	702125	702126	34	0.5655
chr1	702141	702142	28	0.8356
chr1	702231	702232	33	0.8298
chr1	702243	702244	35	0.9109
chr1	702259	702260	28	0.6479
chr1	702349	702350	23	0.8409
chr1	702359	702360	27	0.7259
chr1	702388	702389	31	0.9283
chr1	702414	702415	29	0.7205
chr1	702441	702442	29	0.7855
chr1	702464	702465	29	0.7703
chr1	702514	702515	20	0.8053
chr1	702543	702544	30	0.6861
chr1	702593	702594	32	0.8188
chr1	702626	702627	30	0.7646
chr1	702662	702663	29	0.8415
chr1	702705	702706	37	0.9093
chr1	702732	702733	32	0.7463
chr1	702782	702783	32	0.8462
chr1	702831	702832	33	0.8428
chr1	702858	702859	22	0.7106
chr1	702895	702896	44	0.8167
chr1	702909	702910	29	0.6579
chr1	702966	702967	27	0.7032
chr1	703066	703067	42	0.7879
chr1	703162	703163	34	0.8968
chr1	703262	703263	27	0.8449
chr1	703362	703363	36	0.8822
chr1	703429	703430	28	0.731
chr1	703451	703452	33	0.6929
chr1	703483	703484	34	0.1855
chr1	703508	703509	24	0.1038
chr1	703541	703542	38	0.0917
chr1	703558	703559	32	0.2662
chr1	703577	703578	27	0.1703
chr1	703607	703608	24	0.1671
chr1	703646	703647	33	0.2976
chr1	703696	703697	31	0.2192
chr1	703729	703730	33	0.0
chr1	703757	703758	36	0.3335
chr1	703794	703795	33	0.0554
chr1	703813	703814	31	0.1861
chr1	703848	703849	34	0.2032
chr1	703868	703869	34	0.0925
chr1	703918	703919	27	0.3242
chr1	703968	703969	32	0.1425
chr1	704007	704008	33	0.048
chr1	704037	704038	22	0.1668
chr1	704056	704057	30	0.1709
chr1	704061	704062	27	0.0541
chr1	704161	704162	33	0.1255
chr1	704225	704226	26	0.0843
chr1	704275	704276	28	0.1245
chr1	704375	704376	19	0.1144
chr1	704445	704446	37	0.2071
chr1	704545	704546	25	0.1444
chr1	704609	704610	32	0.0441
chr1	705565	705566	28	0.8363
chr1	705609	705610	28	0.7398
chr1	705628	705629	36	0.7197
chr1	705660	705661	31	0.7307
chr1	705682	705683	28	0.577
chr1	705712	705713	31	0.5492
chr1	705732	705733	28	0.5245
chr1	705750	705751	33	0.4687
chr1	705800	705801	30	0.598
chr1	705850	705851	40	0.4359
chr1	705875	705876	26	0.2462
chr1	705922	705923	32	0.9612
chr1	705959	705960	29	0.765
chr1	705977	705978	27	0.9138
chr1	706014	706015	27	0.8062
chr1	706064	706065	20	0.761
chr1	706083	706084	25	0.9264
chr1	706102	706103	36	0.7993
chr1	706181	706182	36	0.825
chr1	706281	706282	34	0.7868
chr1	706381	706382	39	0.8601
chr1	706431	706432	29	0.6587
chr1	706531	706532	22	0.872
chr1	706605	706606	18	0.8773
chr1	706751	706752	35	0.8352
chr1	706819	706820	34	0.8228
chr1	706859	706860	22	0.9874
chr1	706879	706880	22	0.8914
chr1	706975	706976	40	0.8652
chr1	707069	707070	24	0.926
chr1	707097	707098	36	0.8783
chr1	707143	707144	31	0.787
chr1	707180	707181	31	0.6184
chr1	707220	707221	32	0.6864
chr1	707255	707256	31	0.77
chr1	707292	707293	28	0.7783
chr1	707323	707324	26	0.8303
chr1	707360	707361	28	0.7643
chr1	707384	707385	37	0.6722
chr1	707399	707400	27	0.6376
chr1	707434	707435	20	0.8972
chr1	707456	707457	35	0.8824
chr1	707504	707505	24	0.7012
chr1	707604	707605	30	0.8748
chr1	707668	707669	28	0.7176
chr1	707738	707739	32	0.7525
chr1	707824	707825	39	0.7749
chr1	707908	707909	29	0.8993
chr1	707956	707957	35	0.1565
chr1	707988	707989	29	0.1928
chr1	708006	708007	28	0.217
chr1	708044	708045	30	0.1689
chr1	708065	708066	34	0.1813
chr1	708080	708081	33	0.154
chr1	708108	708109	32	0.1924
chr1	708139	708140	29	0.0193
chr1	708154	708155	29	0.1128
chr1	708175	708176	26	0.2024
chr1	708208	708209	31	0.0684
chr1	708253	708254	26	0.3023
chr1	708303	708304	28	0.1574
chr1	708332	708333	29	0.132
chr1	708382	708383	26	0.1104
chr1	708405	708406	35	0.1612
chr1	708505	708506	22	0.2367
chr1	708605	708606	25	0.1364
chr1	708675	708676	28	0.0569
chr1	708775	708776	26	0.0309
chr1	708845	708846	28	0.0434
chr1	708849	708850	26	0.213
chr1	708869	708870	40	0.0915
chr1	708919	708920	30	0.0635
chr1	708969	708970	31	0.1102
chr1	709018	709019	30	0.0
chr1	709047	709048	27	0.1354
chr1	709070	709071	30	0.1381
chr1	709103	709104	30	0.2117
chr1	709124	709125	36	0.1475
chr1	709140	709141	25	0.2053
chr1	709163	709164	26	0.1894
chr1	709202	709203	27	0.0719
chr1	709227	709228	29	0.2196
chr1	709246	709247	27	0.1285
chr1	709270	709271	29	0.2288
chr1	709313	709314	23	0.1305
chr1	709331	709332	24	0.0969
chr1	709346	709347	35	0.3022
chr1	709367	709368	26	0.0927
chr1	709384	709385	28	0.1939
chr1	709484	709485	33	0.2546
chr1	709584	709585	28	0.0813
chr1	709684	709685	25	0.3045
chr1	709734	709735	31	0.0921
chr1	709834	709835	32	0.2366
chr1	709886	709887	37	0.1479
chr1	709952	709953	29	0.1461
chr1	709984	709985	34	0.1436
chr1	710009	710010	20	0.1206
chr1	710026	710027	21	0.2558
chr1	710068	710069	33	0.0711
chr1	710087	710088	22	0.0433
chr1	710137	710138	35	0.266
chr1	710163	710164	39	0.0
chr1	710199	710200	29	0.1831
chr1	710243	710244	30	0.0713
chr1	710285	710286	30	0.0
chr1	710335	710336	28	0.1929
chr1	710385	710386	25	0.0
chr1	710406	710407	34	0.2086
chr1	710439	710440	29	0.1223
chr1	710462	710463	30	0.0807
chr1	710489	710490	34	0.0749
chr1	710508	710509	32	0.1456
chr1	710530	710531	26	0.1438
chr1	710546	710547	21	0.0799
chr1	710555	710556	28	0.148
chr1	710627	710628	33	0.1433
chr1	710722	710723	27	0.0841
chr1	710772	710773	27	0.0741
chr1	710872	710873	26	0.0901
chr1	710972	710973	36	0.1347
chr1	711072	711073	33	0.0594
chr1	711142	711143	33	0.0425
chr1	711146	711147	36	0.0859
chr1	711177	711178	30	0.1126
chr1	711204	711205	34	0.0131
chr1	711226	711227	34	0.0601
chr1	711266	711267	36	0.014
chr1	711316	711317	36	0.057
chr1	711366	711367	32	0.0267
chr1	711416	711417	33	0.0415
chr1	711450	711451	44	0.0
chr1	711470	711471	34	0.1169
chr1	711515	711516	32	0.0315
chr1	711530	711531	34	0.0604
chr1	711547	711548	33	0.0776
chr1	711578	711579	44	0.0495
chr1	711610	711611	24	0.0487
chr1	711626	711627	27	0.1711
chr1	711645	711646	26	0.117
chr1	711668	711669	27	0.1548
chr1	711737	711738	32	0.0493
chr1	711787	711788	32	0.0265
chr1	711874	711875	20	0.033
chr1	711974	711975	28	0.0364
chr1	712074	712075	32	0.1548
chr1	712116	712117	36	0.0119
chr1	712152	712153	26	0.1701
chr1	712187	712188	29	0.4934
chr1	712206	712207	35	0.6928
chr1	712228	712229	20	0.6551
chr1	712245	712246	32	0.6547
chr1	712270	712271	28	0.6146
chr1	712290	712291	35	0.6844
chr1	712325	712326	25	0.6757
chr1	712375	712376	22	0.6925
chr1	712398	712399	29	0.486
chr1	712448	712449	36	0.5306
chr1	712477	712478	26	0.5338
chr1	712494	712495	31	0.6977
chr1	712519	712520	34	0.3916
chr1	712545	712546	26	0.4839
chr1	712567	712568	34	0.7755
chr1	712580	712581	25	0.5688
chr1	712680	712681	30	0.5249
chr1	712780	712781	34	0.6613
chr1	712880	712881	22	0.568
chr1	712944	712945	35	0.5404
chr1	712960	712961	27	0.7023
chr1	712993	712994	36	0.6605
chr1	713015	713016	26	0.5521
chr1	713030	713031	28	0.6314
chr1	713080	713081	24	0.6448
chr1	713119	713120	32	0.6788
chr1	713149	713150	38	0.5944
chr1	713199	713200	27	0.6351
chr1	713227	713228	29	0.5568
chr1	713266	713267	24	0.5905
chr1	713281	713282	28	0.4993
chr1	713331	713332	24	0.6069
chr1	713366	713367	35	0.5106
chr1	713401	713402	41	0.6661
chr1	713491	713492	32	0.6433
chr1	713541	713542	32	0.6087
chr1	713599	713600	35	0.4784
chr1	713699	713700	31	0.4781
chr1	713799	713800	34	0.5188
chr1	713819	713820	39	0.6521
chr1	713847	713848	28	0.9267
chr1	713876	713877	33	0.662
chr1	713891	713892	20	0.9909
chr1	713928	713929	32	0.8757
chr1	713954	713955	30	0.9271
chr1	714004	714005	42	0.8999
chr1	714031	714032	33	0.8776
chr1	714068	714069	33	0.773
chr1	714107	714108	36	0.8139
chr1	714155	714156	29	0.7595
chr1	714180	714181	33	0.7168
chr1	714199	714200	23	0.956
chr1	714214	714215	19	0.7492
chr1	714229	714230	28	0.9424
chr1	714258	714259	33	0.9358
chr1	714301	714302	32	0.9208
chr1	714331	714332	24	0.7915
chr1	714363	714364	21	0.7477
chr1	714381	714382	29	0.7858
chr1	714481	714482	32	0.6911
chr1	714581	714582	34	0.7424
chr1	714672	714673	34	0.7935
chr1	714772	714773	31	0.7486
chr1	714872	714873	31	0.6656
chr1	714874	714875	25	0.9242
chr1	714952	714953	26	0.7803
chr1	714960	714961	27	0.8671
chr1	715008	715009	27	0.7611
chr1	715038	715039	30	0.685
chr1	715061	715062	32	0.6342
chr1	715093	715094	36	0.6147
chr1	715126	715127	27	0.473
chr1	715150	715151	26	0.6017
chr1	715174	715175	22	0.6146
chr1	715210	715211	34	0.5292
chr1	715241	715242	33	0.5617
chr1	715260	715261	29	0.6192
chr1	715310	715311	38	0.4851
chr1	715360	715361	24	0.7403
chr1	715376	715377	29	0.8952
chr1	715402	715403	30	0.8125
chr1	715452	715453	27	0.8621
chr1	715516	715517	22	0.7537
chr1	715517	715518	31	0.7073
chr1	715583	715584	18	0.9155
chr1	715646	715647	29	0.7416
chr1	715746	715747	33	0.7247
chr1	715846	715847	28	0.6678
chr1	715934	715935	33	0.8352
chr1	716034	716035	26	0.7237
chr1	716076	716077	31	0.9272
chr1	716096	716097	21	0.8672
chr1	716178	716179	35	0.8847
chr1	716226	716227	27	0.9709
chr1	716244	716245	26	0.8302
chr1	716360	716361	28	0.8325
chr1	716376	716377	31	0.6224
chr1	716450	716451	27	1.0
chr1	716466	716467	31	0.8146
chr1	716485	716486	30	0.7052
chr1	716500	716501	31	0.8193
chr1	716529	716530	29	0.7982
chr1	716561	716562	33	0.741
chr1	716577	716578	35	0.6254
chr1	716627	716628	35	0.7167
chr1	716645	716646	33	0.877
chr1	716668	716669	35	0.7836
chr1	716705	716706	34	0.8111
chr1	716733	716734	21	0.7102
chr1	716783	716784	26	0.6732
chr1	716818	716819	34	0.7187
chr1	716868	716869	32	0.6426
chr1	716887	716888	30	0.8244
chr1	716915	716916	28	0.7296
chr1	716960	716961	31	0.8424
chr1	716979	716980	31	0.7187
chr1	717010	717011	30	0.8959
chr1	717032	717033	29	0.7236
chr1	717132	717133	33	0.8995
chr1	717232	717233	27	0.8072
chr1	717282	717283	34	0.6367
chr1	717382	717383	34	0.5896
chr1	717432	717433	37	0.6421
chr1	717508	717509	24	0.664
chr1	717564	717565	29	1.0
chr1	717584	717585	30	0.5429
chr1	717630	717631	34	0.7321
chr1	717670	717671	33	0.7624
chr1	717720	717721	23	0.6261
chr1	717752	717753	31	0.7103
chr1	717778	717779	29	0.5711
chr1	717797	717798	21	0.7028
chr1	717825	717826	32	0.5446
chr1	717853	717854	32	0.7819
chr1	717877	717878	27	0.7234
chr1	717927	717928	36	0.7973
chr1	717949	717950	31	0.6563
chr1	717999	718000	33	0.6252
chr1	718024	718025	23	0.5783
chr1	718041	718042	31	0.796
chr1	718066	718067	27	0.6732
chr1	718083	718084	31	0.7017
chr1	718089	718090	37	0.775
chr1	718189	718190	29	0.6497
chr1	718277	718278	26	0.6815
chr1	718334	718335	25	0.688
chr1	718420	718421	24	0.6948
chr1	718500	718501	29	0.7903
chr1	718584	718585	17	0.5725
chr1	718644	718645	31	0.5932
chr1	718676	718677	27	0.8025
chr1	718714	718715	26	0.7496
chr1	718732	718733	27	0.7005
chr1	718780	718781	30	0.6578
chr1	718815	718816	30	0.7729
chr1	718849	718850	29	0.7418
chr1	718870	718871	29	0.8346
chr1	718888	718889	41	0.9095
chr1	718920	718921	32	0.8668
chr1	718965	718966	26	0.8906
chr1	719015	719016	45	0.8232
chr1	719065	719066	22	0.679
chr1	719115	719116	30	0.8341
chr1	719139	719140	26	0.878
chr1	719154	719155	27	0.7219
chr1	719191	719192	27	0.8303
chr1	719241	719242	27	0.8835
chr1	719311	719312	21	0.8111
chr1	719411	719412	22	0.7527
chr1	719511	719512	31	0.8127
chr1	719584	719585	36	0.8066
chr1	719646	719647	19	0.8368
chr1	719654	719655	24	0.6182
chr1	719669	719670	27	0.6126
chr1	719687	719688	26	0.5737
chr1	719717	719718	27	0.5956
chr1	719744	719745	30	0.5442
chr1	719788	719789	29	0.5321
chr1	719825	719826	22	0.5138
chr1	719852	719853	34	0.4676
chr1	719885	719886	23	0.6756
chr1	719905	719906	28	0.6848
chr1	719955	719956	24	0.6376
chr1	719989	719990	25	0.6474
chr1	720007	720008	31	0.8093
chr1	720049	720050	31	0.5912
chr1	720082	720083	34	0.5187
chr1	720113	720114	30	0.7542
chr1	720213	720214	24	0.6669
chr1	720263	720264	26	0.6211
chr1	720363	720364	15	0.6058
chr1	720413	720414	30	0.7277
chr1	720565	720566	23	0.8873
chr1	720567	720568	26	0.8544
chr1	720607	720608	26	0.615
chr1	720769	720770	25	0.6953
chr1	720795	720796	30	0.6365
chr1	720797	720798	27	0.9605
chr1	720865	720866	29	0.9282
chr1	720883	720884	25	0.7909
chr1	720967	720968	29	0.6972
chr1	720997	720998	30	0.4458
chr1	721019	721020	22	0.8432
chr1	721056	721057	35	0.9241
chr1	721106	721107	36	0.7652
chr1	721146	721147	26	0.6478
chr1	721193	721194	25	0.8523
chr1	721228	721229	21	0.4489
chr1	721278	721279	32	0.463
chr1	721308	721309	18	0.6455
chr1	721358	721359	35	0.8917
chr1	721373	721374	27	0.6524
chr1	721407	721408	30	0.5296
chr1	721419	721420	34	0.5409
chr1	721519	721520	27	0.9429
chr1	721619	721620	35	0.5794
chr1	721719	721720	19	0.5785
chr1	721819	721820	35	0.847
chr1	721857	721858	32	0.8265
chr1	721887	721888	28	0.8032
chr1	721897	721898	32	0.2802
chr1	721912	721913	32	0.4333
chr1	721962	721963	32	0.4506
chr1	721984	721985	31	0.4117
chr1	722019	722020	27	0.2815
chr1	722058	722059	28	0.3333
chr1	722073	722074	34	0.33
chr1	722096	722097	33	0.3722
chr1	722146	722147	41	0.2829
chr1	722186	722187	25	0.4214
chr1	722201	722202	23	0.334
chr1	722230	722231	27	0.2658
chr1	722245	722246	22	0.6319
chr1	722295	722296	28	0.3225
chr1	722320	722321	31	0.5907
chr1	722355	722356	30	0.4002
chr1	722386	722387	25	0.1564
chr1	722421	722422	34	0.492
chr1	722521	722522	31	0.3744
chr1	722591	722592	30	0.5
chr1	722690	722691	26	0.5337
chr1	722790	722791	28	0.3422
chr1	722890	722891	38	0.546
chr1	722896	722897	30	0.8102
chr1	722934	722935	26	0.973
chr1	722976	722977	34	0.591
chr1	722986	722987	26	0.8545
chr1	722998	722999	30	0.7515
chr1	723060	723061	28	0.657
chr1	723080	723081	30	0.7513
chr1	723216	723217	37	0.8258
chr1	723332	723333	31	0.4781
chr1	723338	723339	23	0.5492
chr1	723370	723371	27	0.5719
chr1	723420	723421	26	0.477
chr1	723464	723465	28	0.4919
chr1	723484	723485	29	0.4294
chr1	723511	723512	30	0.5545
chr1	723538	723539	31	0.524
chr1	723567	723568	37	0.6269
chr1	723582	723583	30	0.6393
chr1	723632	723633	31	0.5036
chr1	723666	723667	25	0.6108
chr1	723703	723704	30	0.7771
chr1	723726	723727	30	0.5254
chr1	723744	723745	23	0.4733
chr1	723764	723765	32	0.4951
chr1	723765	723766	35	0.5487
chr1	723833	723834	27	0.6577
chr1	723933	723934	37	0.5019
chr1	724033	724034	30	0.6887
chr1	724087	724088	33	0.621
chr1	724187	724188	18	0.5481
chr1	724259	724260	26	0.883
chr1	724297	724298	36	0.8198
chr1	724311	724312	30	0.812
chr1	724351	724352	34	0.6408
chr1	724389	724390	30	0.631
chr1	724465	724466	33	0.6734
chr1	724471	724472	27	0.7869
chr1	724479	724480	24	0.7791
chr1	724605	724606	36	0.7378
chr1	724609	724610	33	0.9261
chr1	724641	724642	32	0.1121
chr1	724691	724692	34	0.0782
chr1	724728	724729	17	0.1167
chr1	724747	724748	28	0.2219
chr1	724789	724790	26	0.2734
chr1	724818	724819	30	0.1493
chr1	724861	724862	24	0.2804
chr1	724899	724900	30	0.0578
chr1	724944	724945	32	0.1788
chr1	724965	724966	28	0.2085
chr1	725015	725016	27	0.1528
chr1	725030	725031	40	0.1406
chr1	725073	725074	28	0.2558
chr1	725100	725101	31	0.1445
chr1	725123	725124	25	0.1382
chr1	725140	725141	32	0.2636
chr1	725184	725185	28	0.1732
chr1	725284	725285	34	0.0
chr1	725364	725365	34	0.1474
chr1	725464	725465	33	0.2533
chr1	725514	725515	35	0.1405
chr1	725614	725615	37	0.0
chr1	725714	725715	27	0.1052
chr1	725762	725763	27	0.048
chr1	725792	725793	29	0.1688
chr1	725808	725809	26	0.9349
chr1	725841	725842	27	0.8909
chr1	725863	725864	21	0.975
chr1	725891	725892	31	0.7506
chr1	725917	725918	20	0.9438
chr1	725956	725957	33	0.903
chr1	725980	725981	26	0.7635
chr1	725998	725999	34	0.9028
chr1	726035	726036	30	0.8681
chr1	726065	726066	30	0.7843
chr1	726105	726106	23	0.8924
chr1	726120	726121	31	0.7748
chr1	726141	726142	30	0.7416
chr1	726168	726169	37	0.7364
chr1	726186	726187	25	0.7514
chr1	726234	726235	31	0.9359
chr1	726255	726256	35	0.9067
chr1	726286	726287	31	0.7022
chr1	726336	726337	21	0.9847
chr1	726386	726387	36	0.9239
chr1	726486	726487	19	0.8997
chr1	726586	726587	25	0.8404
chr1	726686	726687	27	0.7966
chr1	726708	726709	27	0.7787
chr1	726724	726725	29	0.9727
chr1	726731	726732	24	0.835
chr1	726769	726770	27	0.7238
chr1	726792	726793	29	0.7376
chr1	726832	726833	32	0.8631
chr1	726860	726861	33	0.7472
chr1	726875	726876	32	0.781
chr1	726905	726906	32	0.7639
chr1	726920	726921	36	0.6337
chr1	726939	726940	25	0.5559
chr1	726978	726979	23	0.6222
chr1	727028	727029	28	0.6003
chr1	727075	727076	24	0.6488
chr1	727097	727098	20	0.541
chr1	727124	727125	32	0.7252
chr1	727158	727159	28	0.8514
chr1	727177	727178	32	0.937
chr1	727277	727278	32	0.8108
chr1	727377	727378	24	0.9223
chr1	727477	727478	28	0.8715
chr1	727573	727574	31	0.7482
chr1	727607	727608	31	0.9859
chr1	727707	727708	31	0.928
chr1	727785	727786	23	0.5973
chr1	727897	727898	28	0.6906
chr1	727959	727960	29	0.9596
chr1	727981	727982	33	0.7728
chr1	728073	728074	28	0.9876
chr1	728095	728096	38	0.6855
chr1	728110	728111	27	0.6931
chr1	728152	728153	40	0.8991
chr1	728170	728171	21	0.7855
chr1	728195	728196	28	0.8174
chr1	728216	728217	30	0.5358
chr1	728266	728267	34	0.7736
chr1	728310	728311	33	0.7715
chr1	728325	728326	34	0.65
chr1	728345	728346	24	0.842
chr1	728371	728372	31	0.8122
chr1	728405	728406	25	0.8333
chr1	728441	728442	28	0.7781
chr1	728473	728474	25	0.8465
chr1	728513	728514	34	0.7583
chr1	728545	728546	22	0.9269
chr1	728565	728566	28	0.7896
chr1	728591	728592	28	0.9048
chr1	728612	728613	34	0.8092
chr1	728653	728654	32	0.9254
chr1	728703	728704	20	0.8036
chr1	728785	728786	31	0.777
chr1	728885	728886	30	0.8474
chr1	728985	728986	26	0.8078
chr1	729040	729041	29	0.8433
chr1	729140	729141	30	0.9245
chr1	729154	729155	23	0.9064
chr1	729165	729166	28	0.3349
chr1	729190	729191	32	0.4212
chr1	729210	729211	31	0.3367
chr1	729228	729229	24	0.2836
chr1	729263	729264	26	0.181
chr1	729313	729314	36	0.3927
chr1	729355	729356	36	0.2473
chr1	729403	729404	33	0.1662
chr1	729432	729433	26	0.0395
chr1	729482	729483	30	0.2319
chr1	729513	729514	31	0.3975
chr1	729528	729529	33	0.2755
chr1	729543	729544	32	0.1434
chr1	729574	729575	31	0.1476
chr1	729601	729602	30	0.2266
chr1	729636	729637	34	0.2525
chr1	729713	729714	31	0.0996
chr1	729763	729764	28	0.0714
chr1	729863	729864	32	0.1299
chr1	729939	729940	32	0.3918
chr1	730039	730040	30	0.1472
chr1	730127	730128	35	0.0
chr1	730149	730150	24	0.9035
chr1	730199	730200	36	0.9232
chr1	730222	730223	31	1.0
chr1	730243	730244	38	0.7517
chr1	730273	730274	30	1.0
chr1	730302	730303	28	0.8779
chr1	730352	730353	24	1.0
chr1	730393	730394	30	0.8325
chr1	730420	730421	35	0.7791
chr1	730435	730436	35	0.8317
chr1	730456	730457	25	1.0
chr1	730506	730507	30	0.9194
chr1	730521	730522	34	0.8119
chr1	730546	730547	33	0.8513
chr1	730596	730597	24	0.8002
chr1	730635	730636	33	0.8592
chr1	730661	730662	25	0.8501
chr1	730707	730708	24	0.7978
chr1	730717	730718	27	0.7776
chr1	730769	730770	28	0.8019
chr1	730819	730820	31	0.9186
chr1	730915	730916	24	0.8352
chr1	731015	731016	30	1.0
chr1	731115	731116	39	0.9093
chr1	731167	731168	33	0.9044
chr1	731233	731234	14	1.0
chr1	731319	731320	24	0.8892
chr1	731347	731348	38	0.2631
chr1	731380	731381	26	0.3564
chr1	731419	731420	33	0.4338
chr1	731469	731470	17	0.2445
chr1	731484	731485	20	0.2198
chr1	731509	731510	37	0.3518
chr1	731559	731560	21	0.3608
chr1	731594	731595	30	0.2586
chr1	731625	731626	21	0.2032
chr1	731640	731641	27	0.1791
chr1	731666	731667	21	0.3788
chr1	731698	731699	28	0.3415
chr1	731722	731723	24	0.3161
chr1	731747	731748	33	0.1748
chr1	731768	731769	31	0.1862
chr1	731786	731787	31	0.2116
chr1	731831	731832	36	0.1612
chr1	731835	731836	28	0.1928
chr1	731935	731936	32	0.1808
chr1	731985	731986	32	0.2485
chr1	732051	732052	27	0.2574
chr1	732151	732152	26	0.3022
chr1	732223	732224	32	0.3079
chr1	732323	732324	40	0.1231
chr1	732391	732392	27	0.2833
chr1	732395	732396	35	0.2789
chr1	732442	732443	34	0.6265
chr1	732492	732493	27	0.4984
chr1	732508	732509	25	0.7456
chr1	732533	732534	34	0.667
chr1	732583	732584	28	0.6504
chr1	732633	732634	26	0.4622
chr1	732668	732669	34	0.6896
chr1	732708	732709	25	0.5886
chr1	732733	732734	37	0.6483
chr1	732772	732773	33	0.5583
chr1	732792	732793	25	0.777
chr1	732830	732831	29	0.7952
chr1	732878	732879	28	0.6671
chr1	732889	732890	32	0.5965
chr1	732989	732990	27	0.7164
chr1	733040	733041	25	0.5222
chr1	733090	733091	29	0.6876
chr1	733140	733141	38	0.7545
chr1	733217	733218	18	0.6829
chr1	733267	733268	27	0.4498
chr1	733301	733302	29	0.5308
chr1	733365	733366	27	0.8188
chr1	733410	733411	28	0.7695
chr1	733429	733430	26	0.9593
chr1	733479	733480	30	0.8519
chr1	733494	733495	30	0.8817
chr1	733533	733534	24	0.8272
chr1	733566	733567	22	0.8547
chr1	733581	733582	23	0.776
chr1	733596	733597	29	0.7438
chr1	733641	733642	28	0.8832
chr1	733670	733671	30	0.8965
chr1	733720	733721	30	0.8162
chr1	733735	733736	32	0.7781
chr1	733753	733754	33	0.9209
chr1	733793	733794	24	0.8687
chr1	733818	733819	22	0.9224
chr1	733833	733834	30	0.9625
chr1	733852	733853	28	0.8011
chr1	733880	733881	26	0.8759
chr1	733893	733894	38	0.7287
chr1	733993	733994	29	0.7729
chr1	734093	734094	28	0.9197
chr1	734193	734194	31	0.7315
chr1	734293	734294	38	0.8979
chr1	734295	734296	34	0.9455
chr1	734339	734340	33	0.8862
chr1	734374	734375	23	0.6912
chr1	734392	734393	36	0.8252
chr1	734424	734425	34	0.7451
chr1	734440	734441	23	0.9588
chr1	734455	734456	33	0.8231
chr1	734485	734486	27	0.9365
chr1	734523	734524	21	0.6504
chr1	734552	734553	24	0.667
chr1	734602	734603	34	0.7396
chr1	734626	734627	23	0.663
chr1	734676	734677	33	0.9185
chr1	734691	734692	25	0.6919
chr1	734712	734713	22	0.9425
chr1	734731	734732	24	0.7391
chr1	734755	734756	36	0.8141
chr1	734855	734856	27	0.9216
chr1	734937	734938	32	0.8197
chr1	735037	735038	22	0.6491
chr1	735137	735138	26	0.6045
chr1	735157	735158	39	1.0
chr1	735209	735210	29	0.7626
chr1	735214	735215	30	0.5813
chr1	735229	735230	28	0.6236
chr1	735255	735256	32	0.48
chr1	735305	735306	34	0.7686
chr1	735336	735337	32	0.5726
chr1	735351	735352	28	0.4053
chr1	735387	735388	34	0.6126
chr1	735407	735408	33	0.5633
chr1	735453	735454	18	0.2809
chr1	735486	735487	27	0.482
chr1	735504	735505	30	0.5391
chr1	735536	735537	33	0.5619
chr1	735551	735552	32	0.5222
chr1	735588	735589	21	0.5328
chr1	735616	735617	18	0.329
chr1	735639	735640	23	0.4176
chr1	735677	735678	28	0.4479
chr1	735723	735724	33	0.4687
chr1	735731	735732	27	0.5414
chr1	735831	735832	28	0.608
chr1	735931	735932	29	0.4536
chr1	735981	735982	33	0.5387
chr1	736081	736082	40	0.5047
chr1	736181	736182	28	0.4854
chr1	736193	736194	30	0.7754
chr1	736217	736218	35	0.4867
chr1	736231	736232	35	0.5787
chr1	736273	736274	30	0.813
chr1	736281	736282	28	0.6318
chr1	736361	736362	23	0.708
chr1	736501	736502	24	0.7313
chr1	736537	736538	26	0.8066
chr1	736574	736575	30	0.8684
chr1	736602	736603	28	0.6665
chr1	736639	736640	28	0.8194
chr1	736682	736683	23	0.7126
chr1	736719	736720	30	0.743
chr1	736739	736740	37	0.7155
chr1	736789	736790	25	0.7029
chr1	736839	736840	35	0.7773
chr1	736869	736870	37	0.6134
chr1	736890	736891	20	0.6181
chr1	736931	736932	22	0.6349
chr1	736956	736957	34	0.7143
chr1	736988	736989	24	0.5327
chr1	736992	736993	33	0.846
chr1	737092	737093	32	0.8036
chr1	737183	737184	24	0.8485
chr1	737283	737284	30	0.5387
chr1	737383	737384	38	0.8055
chr1	737419	737420	29	0.7509
chr1	737429	737430	34	0.801
chr1	737473	737474	32	0.5095
chr1	737512	737513	34	0.7104
chr1	737541	737542	21	0.6605
chr1	737558	737559	28	0.8152
chr1	737608	737609	29	0.7615
chr1	737623	737624	22	0.6882
chr1	737657	737658	34	0.5413
chr1	737707	737708	34	0.7964
chr1	737739	737740	32	0.7995
chr1	737754	737755	32	0.5489
chr1	737782	737783	26	0.625
chr1	737832	737833	32	0.5877
chr1	737882	737883	23	0.7147
chr1	737932	737933	27	0.6684
chr1	737956	737957	36	0.6173
chr1	738006	738007	34	0.5714
chr1	738037	738038	29	0.7935
chr1	738048	738049	21	0.648
chr1	738148	738149	24	0.5553
chr1	738198	738199	29	0.5923
chr1	738298	738299	26	0.5715
chr1	738398	738399	30	0.5547
chr1	738486	738487	34	0.6957
chr1	738558	738559	19	0.7281
chr1	738564	738565	31	0.8772
chr1	738610	738611	27	0.6221
chr1	738615	738616	33	0.4202
chr1	738631	738632	30	0.2919
chr1	738647	738648	25	0.4237
chr1	738686	738687	29	0.2629
chr1	738701	738702	28	0.2009
chr1	738726	738727	30	0.4795
chr1	738752	738753	29	0.4123
chr1	738779	738780	25	0.483
chr1	738810	738811	24	0.2565
chr1	738860	738861	33	0.4343
chr1	738878	738879	31	0.4709
chr1	738917	738918	30	0.3748
chr1	738967	738968	34	0.3046
chr1	739015	739016	27	0.5014
chr1	739057	739058	26	0.3292
chr1	739093	739094	33	0.3804
chr1	739126	739127	39	0.2923
chr1	739226	739227	32	0.1758
chr1	739326	739327	16	0.4643
chr1	739426	739427	26	0.3547
chr1	739526	739527	27	0.3024
chr1	739626	739627	33	0.3812
chr1	739638	739639	30	0.7987
chr1	739668	739669	33	0.5918
chr1	739874	739875	30	0.6661
chr1	740006	740007	30	0.6899
chr1	740018	740019	39	0.6043
chr1	740042	740043	32	0.6306
chr1	740080	740081	36	0.4803
chr1	740116	740117	25	0.2162
chr1	740144	740145	27	0.2494
chr1	740161	740162	29	0.2181
chr1	740204	740205	20	0.2768
chr1	740253	740254	26	0.1853
chr1	740303	740304	27	0.2295
chr1	740353	740354	23	0.3217
chr1	740403	740404	29	0.2574
chr1	740444	740445	27	0.3938
chr1	740466	740467	19	0.3542
chr1	740488	740489	24	0.3171
chr1	740538	740539	27	0.1686
chr1	740588	740589	39	0.4801
chr1	740638	740639	25	0.3899
chr1	740738	740739	22	0.2474
chr1	740827	740828	26	0.3142
chr1	740913	740914	34	0.3102
chr1	741013	741014	34	0.3663
chr1	741068	741069	32	0.264
chr1	741130	741131	21	0.413
chr1	741188	741189	25	0.1377
chr1	741212	741213	23	0.3669
chr1	741255	741256	18	0.5488
chr1	741285	741286	35	0.5167
chr1	741309	741310	30	0.628
chr1	741338	741339	31	0.6296
chr1	741365	741366	28	0.5129
chr1	741415	741416	33	0.5465
chr1	741453	741454	29	0.7081
chr1	741486	741487	28	0.7068
chr1	741536	741537	31	0.6518
chr1	741576	741577	32	0.6623
chr1	741591	741592	31	0.6516
chr1	741613	741614	16	0.8561
chr1	741628	741629	36	0.5398
chr1	741643	741644	30	0.5239
chr1	741672	741673	34	0.569
chr1	741689	741690	30	0.7303
chr1	741733	741734	33	0.6602
chr1	741741	741742	27	0.6662
chr1	741841	741842	22	0.5206
chr1	741941	741942	31	0.7663
chr1	742041	742042	25	0.7804
chr1	742141	742142	31	0.6216
chr1	742221	742222	27	0.5726
chr1	742237	742238	35	0.5504
chr1	742301	742302	34	0.6167
chr1	742331	742332	22	0.6325
chr1	742375	742376	23	0.7094
chr1	742390	742391	32	0.7852
chr1	742405	742406	36	0.7913
chr1	742430	742431	23	0.9491
chr1	742451	742452	29	0.8724
chr1	742501	742502	30	0.6921
chr1	742551	742552	24	0.7842
chr1	742601	742602	29	0.6956
chr1	742651	742652	22	0.7745
chr1	742701	742702	29	0.594
chr1	742726	742727	29	0.7834
chr1	742803	742804	26	0.7782
chr1	742864	742865	28	0.6839
chr1	742932	742933	24	0.738
chr1	743032	743033	29	0.7847
chr1	743116	743117	27	0.6352
chr1	743150	743151	25	0.5765
chr1	743206	743207	33	0.9169
chr1	743221	743222	31	0.8457
chr1	743245	743246	24	0.8558
chr1	743276	743277	30	0.8916
chr1	743291	743292	37	0.9134
chr1	743316	743317	28	0.8099
chr1	743361	743362	30	0.9496
chr1	743411	743412	37	0.9423
chr1	743440	743441	29	0.7557
chr1	743473	743474	40	0.9593
chr1	743488	743489	37	0.8871
chr1	743528	743529	38	0.9679
chr1	743554	743555	29	0.9744
chr1	743604	743605	32	0.885
chr1	743619	743620	39	0.9359
chr1	743655	743656	27	0.8729
chr1	743702	743703	32	0.7175
chr1	743736	743737	31	0.9065
chr1	743836	743837	30	0.744
chr1	743936	743937	30	0.8363
chr1	743986	743987	30	1.0
chr1	744064	744065	36	0.8321
chr1	744164	744165	21	0.9068
chr1	744176	744177	27	0.9534
chr1	744186	744187	14	0.9088
chr1	744228	744229	21	0.5998
chr1	744255	744256	23	0.6398
chr1	744282	744283	39	0.6174
chr1	744307	744308	37	0.7409
chr1	744357	744358	26	0.5765
chr1	744407	744408	29	0.7221
chr1	744423	744424	44	0.7746
chr1	744445	744446	30	0.6134
chr1	744462	744463	28	0.6722
chr1	744477	744478	25	0.6477
chr1	744520	744521	26	0.6478
chr1	744553	744554	29	0.6817
chr1	744597	744598	33	0.7615
chr1	744618	744619	23	0.7716
chr1	744633	744634	32	0.7775
chr1	744681	744682	24	0.6592
chr1	744711	744712	38	0.7635
chr1	744746	744747	20	0.6948
chr1	744846	744847	30	0.6039
chr1	744946	744947	26	0.7748
chr1	745046	745047	40	0.7664
chr1	745146	745147	33	0.6281
chr1	745246	745247	19	0.7176
chr1	745286	745287	36	0.8351
chr1	745307	745308	22	0.0399
chr1	745350	745351	36	0.1901
chr1	745388	745389	30	0.1678
chr1	745404	745405	38	0.0466
chr1	745434	745435	27	0.3248
chr1	745449	745450	35	0.0498
chr1	745471	745472	26	0.1057
chr1	745500	745501	34	0.1553
chr1	745535	745536	23	0.1663
chr1	745574	745575	24	0.0
chr1	745603	745604	28	0.1463
chr1	745622	745623	27	0.1966
chr1	745638	745639	27	0.1984
chr1	745655	745656	31	0.1342
chr1	745699	745700	33	0.1184
chr1	745732	745733	27	0.2226
chr1	745782	745783	31	0.2466
chr1	745803	745804	34	0.0327
chr1	745818	745819	30	0.0957
chr1	745868	745869	42	0.1597
chr1	745887	745888	29	0.1888
chr1	745937	745938	33	0.0725
chr1	746037	746038	30	0.0572
chr1	746108	746109	29	0.0895
chr1	746171	746172	30	0.14
chr1	746271	746272	34	0.2635
chr1	746371	746372	32	0.0867
chr1	746448	746449	21	0.1326
chr1	746542	746543	38	0.0
chr1	746549	746550	28	0.7855
chr1	746569	746570	33	0.7229
chr1	746601	746602	37	0.6305
chr1	746629	746630	20	0.505
chr1	746644	746645	25	0.5682
chr1	746694	746695	33	0.5896
chr1	746723	746724	23	0.535
chr1	746773	746774	37	0.5777
chr1	746792	746793	31	0.5491
chr1	746823	746824	31	0.4954
chr1	746844	746845	33	0.474
chr1	746860	746861	34	0.7405
chr1	746884	746885	27	0.8137
chr1	746919	746920	31	0.6774
chr1	746969	746970	26	0.7802
chr1	747002	747003	30	0.7242
chr1	747012	747013	33	0.6444
chr1	747112	747113	32	0.8336
chr1	747212	747213	25	0.7524
chr1	747262	747263	23	0.9369
chr1	747362	747363	22	0.7691
chr1	747462	747463	33	0.8346
chr1	747484	747485	36	0.7222
chr1	747540	747541	29	0.8581
chr1	747574	747575	29	0.7994
chr1	747640	747641	35	0.8639
chr1	747692	747693	27	0.6501
chr1	747700	747701	23	0.649
chr1	747728	747729	32	0.9479
chr1	747804	747805	24	0.7896
chr1	747846	747847	29	0.8792
chr1	747958	747959	36	0.8964
chr1	747969	747970	30	0.8654
chr1	748019	748020	30	0.7615
chr1	748052	748053	36	0.7525
chr1	748069	748070	24	0.774
chr1	748106	748107	39	0.8089
chr1	748145	748146	29	0.5249
chr1	748165	748166	34	0.7375
chr1	748188	748189	23	0.8007
chr1	748206	748207	30	0.7091
chr1	748245	748246	30	0.9076
chr1	748295	748296	41	0.6807
chr1	748324	748325	33	0.7057
chr1	748361	748362	26	0.8537
chr1	748376	748377	34	0.6732
chr1	748396	748397	22	0.7413
chr1	748437	748438	33	0.7594
chr1	748489	748490	30	0.8312
chr1	748573	748574	24	0.6218
chr1	748665	748666	30	0.7985
chr1	748765	748766	26	0.8498
chr1	748865	748866	28	0.5421
chr1	748925	748926	27	0.884
chr1	748947	748948	22	0.6313
chr1	748952	748953	29	0.6539
chr1	748986	748987	30	0.6553
chr1	749022	749023	24	0.7805
chr1	749040	749041	32	0.6127
chr1	749068	749069	25	0.7789
chr1	749098	749099	32	0.7978
chr1	749118	749119	32	0.7038
chr1	749160	749161	23	0.6687
chr1	749187	749188	20	0.63
chr1	749204	749205	35	0.6076
chr1	749219	749220	22	0.7178
chr1	749261	749262	22	0.8627
chr1	749277	749278	41	0.8243
chr1	749305	749306	25	0.6515
chr1	749330	749331	26	0.7527
chr1	749372	749373	32	0.7917
chr1	749401	749402	30	0.7804
chr1	749437	749438	25	0.7849
chr1	749460	749461	30	0.7883
chr1	749510	749511	26	0.7174
chr1	749593	749594	35	0.6347
chr1	749693	749694	28	0.7436
chr1	749793	749794	26	0.8431
chr1	749893	749894	36	0.8377
chr1	749929	749930	30	0.8489
chr1	749941	749942	20	0.9752
chr1	749989	749990	25	0.8076
chr1	750177	750178	26	0.7844
chr1	750193	750194	29	1.0
chr1	750227	750228	34	0.9523
chr1	750393	750394	31	0.7812
chr1	750419	750420	34	0.3239
chr1	750468	750469	42	0.3193
chr1	750483	750484	34	0.2516
chr1	750517	750518	31	0.2978
chr1	750537	750538	26	0.3933
chr1	750587	750588	28	0.3555
chr1	750602	750603	26	0.2696
chr1	750623	750624	31	0.3544
chr1	750638	750639	33	0.3532
chr1	750662	750663	36	0.3384
chr1	750677	750678	21	0.3174
chr1	750698	750699	36	0.2668
chr1	750748	750749	39	0.3033
chr1	750776	750777	30	0.1441
chr1	750802	750803	24	0.1574
chr1	750844	750845	29	0.2639
chr1	750861	750862	31	0.3302
chr1	750961	750962	38	0.0431
chr1	751061	751062	22	0.1445
chr1	751140	751141	35	0.2423
chr1	751238	751239	37	0.2213
chr1	751290	751291	35	0.1618
chr1	751296	751297	24	0.6717
chr1	751344	751345	28	0.7501
chr1	751388	751389	28	0.7845
chr1	751424	751425	22	0.6435
chr1	751466	751467	30	0.6612
chr1	751516	751517	31	0.5439
chr1	751558	751559	34	0.5663
chr1	751579	751580	23	0.7943
chr1	751611	751612	28	0.7911
chr1	751635	751636	25	0.6178
chr1	751662	751663	32	0.8659
chr1	751687	751688	31	0.8168
chr1	751715	751716	33	0.6818
chr1	751765	751766	25	0.4238
chr1	751786	751787	19	0.2772
chr1	751811	751812	31	0.3955
chr1	751832	751833	27	0.3739
chr1	751932	751933	34	0.4855
chr1	752003	752004	24	0.5078
chr1	752103	752104	28	0.4628
chr1	752180	752181	27	0.7381
chr1	752280	752281	31	0.5722
chr1	752330	752331	29	0.6757
chr1	752408	752409	30	0.6467
chr1	752480	752481	26	0.6826
chr1	752494	752495	37	0.877
chr1	752546	752547	24	0.669
chr1	752590	752591	19	0.5917
chr1	752598	752599	29	0.6902
chr1	752633	752634	24	0.7536
chr1	752663	752664	27	0.9557
chr1	752688	752689	34	0.756
chr1	752738	752739	38	0.8416
chr1	752776	752777	38	0.8748
chr1	752805	752806	29	0.7035
chr1	752855	752856	30	0.8202
chr1	752877	752878	25	0.7844
chr1	752893	752894	30	0.8302
chr1	752915	752916	27	0.8417
chr1	752942	752943	37	0.8106
chr1	752986	752987	30	0.8765
chr1	753015	753016	29	0.8053
chr1	753045	753046	34	0.6854
chr1	753078	753079	33	0.9272
chr1	753096	753097	33	0.7327
chr1	753146	753147	30	0.7743
chr1	753150	753151	43	0.8535
chr1	753250	753251	25	0.8254
chr1	753332	753333	31	0.7105
chr1	753432	753433	33	0.6688
chr1	753499	753500	28	0.8632
chr1	753599	753600	36	0.7487
chr1	753611	753612	30	0.8619
chr1	753613	753614	30	0.8172
chr1	753619	753620	36	0.5611
chr1	753634	753635	22	0.4923
chr1	753649	753650	33	0.4491
chr1	753699	753700	22	0.1988
chr1	753727	753728	26	0.4999
chr1	753744	753745	22	0.4185
chr1	753775	753776	29	0.4324
chr1	753805	753806	30	0.4188
chr1	753855	753856	31	0.465
chr1	753905	753906	26	0.2683
chr1	753945	753946	36	0.4328
chr1	753961	753962	31	0.4029
chr1	753995	753996	34	0.2512
chr1	754010	754011	29	0.4398
chr1	754060	754061	28	0.5058
chr1	754097	754098	31	0.2962
chr1	754196	754197	26	0.1791
chr1	754296	754297	33	0.513
chr1	754396	754397	30	0.2848
chr1	754495	754496	26	0.3318
chr1	754572	754573	22	0.6149
chr1	754732	754733	30	0.8073
chr1	754856	754857	32	0.9378
chr1	754910	754911	29	0.8556
chr1	754976	754977	26	0.6576
chr1	755014	755015	32	0.5899
chr1	755038	755039	33	0.83
chr1	755047	755048	35	0.1323
chr1	755097	755098	38	0.4484
chr1	755133	755134	28	0.1984
chr1	755163	755164	35	0.1116
chr1	755213	755214	20	0.0906
chr1	755232	755233	42	0.2772
chr1	755262	755263	18	0.2197
chr1	755293	755294	25	0.2626
chr1	755329	755330	22	0.3256
chr1	755352	755353	26	0.2747
chr1	755395	755396	33	0.2882
chr1	755411	755412	24	0.1947
chr1	755431	755432	33	0.1658
chr1	755467	755468	36	0.2408
chr1	755489	755490	35	0.161
chr1	755512	755513	30	0.2596
chr1	755559	755560	32	0.2335
chr1	755577	755578	20	0.2135
chr1	755627	755628	26	0.3385
chr1	755703	755704	32	0.2152
chr1	755803	755804	34	0.3467
chr1	755853	755854	33	0.1645
chr1	755903	755904	29	0.2506
chr1	756003	756004	20	0.3178
chr1	756102	756103	21	0.1965
chr1	756210	756211	35	0.081
chr1	756242	756243	30	0.0
chr1	756302	756303	32	0.158
chr1	756348	756349	25	0.0988
chr1	756396	756397	38	0.1369
chr1	756410	756411	35	0.0149
chr1	756434	756435	27	0.1762
chr1	756496	756497	21	0.1321
chr1	756512	756513	31	0.0362
chr1	756551	756552	32	0.6797
chr1	756601	756602	21	0.6091
chr1	756632	756633	27	0.6702
chr1	756651	756652	28	0.8045
chr1	756672	756673	28	0.6088
chr1	756705	756706	29	0.665
chr1	756733	756734	27	0.7716
chr1	756764	756765	38	0.6836
chr1	756783	756784	33	0.6148
chr1	756821	756822	35	0.5823
chr1	756839	756840	33	0.6652
chr1	756889	756890	31	0.631
chr1	756904	756905	26	0.6944
chr1	756949	756950	33	0.6521
chr1	756972	756973	30	0.5787
chr1	757006	757007	26	0.5656
chr1	757029	757030	38	0.7108
chr1	757109	757110	20	0.7174
chr1	757176	757177	27	0.8115
chr1	757276	757277	32	0.5417
chr1	757376	757377	30	0.6334
chr1	757440	757441	30	0.8714
chr1	757450	757451	31	0.8898
chr1	757496	757497	27	0.62
chr1	757511	757512	29	0.7973
chr1	757528	757529	31	0.6303
chr1	757578	757579	35	0.6571
chr1	757598	757599	28	0.6128
chr1	757636	757637	32	0.6424
chr1	757662	757663	35	0.4412
chr1	757685	757686	19	0.7296
chr1	757715	757716	24	0.7064
chr1	757741	757742	31	0.4891
chr1	757769	757770	36	0.659
chr1	757819	757820	32	0.7412
chr1	757834	757835	28	0.466
chr1	757849	757850	32	0.7435
chr1	757891	757892	29	0.6302
chr1	757926	757927	25	0.6736
chr1	757946	757947	25	0.7648
chr1	757996	757997	18	0.6822
chr1	758015	758016	28	0.6714
chr1	758040	758041	25	0.6948
chr1	758140	758141	37	0.5753
chr1	758240	758241	27	0.8384
chr1	758313	758314	20	0.5315
chr1	758413	758414	37	0.6875
chr1	758472	758473	34	0.5367
chr1	758548	758549	31	0.6592
chr1	758582	758583	30	0.7395
chr1	758595	758596	20	0.296
chr1	758645	758646	34	0.1139
chr1	758680	758681	33	0.3311
chr1	758717	758718	36	0.2854
chr1	758732	758733	33	0.4312
chr1	758782	758783	32	0.1495
chr1	758821	758822	33	0.2067
chr1	758858	758859	29	0.227
chr1	758885	758886	36	0.2929
chr1	758908	758909	28	0.3256
chr1	758925	758926	30	0.0803
chr1	758950	758951	31	0.2747
chr1	758965	758966	36	0.3375
chr1	758994	758995	30	0.2917
chr1	759044	759045	24	0.3328
chr1	759094	759095	37	0.1299
chr1	759114	759115	28	0.1368
chr1	759152	759153	25	0.3459
chr1	759202	759203	28	0.2613
chr1	759302	759303	31	0.2582
chr1	759402	759403	26	0.1459
chr1	759502	759503	29	0.1788
chr1	759602	759603	32	0.2185
chr1	759652	759653	33	0.1534
chr1	759664	759665	25	0.2056
chr1	759722	759723	36	0.1939
chr1	759753	759754	28	0.8981
chr1	759768	759769	31	0.8035
chr1	759805	759806	13	0.7914
chr1	759820	759821	29	0.9271
chr1	759870	759871	25	0.7691
chr1	759894	759895	22	0.8578
chr1	759940	759941	25	0.8088
chr1	759966	759967	28	0.8236
chr1	759982	759983	35	0.8932
chr1	760029	760030	29	0.7882
chr1	760060	760061	34	0.9606
chr1	760080	760081	30	0.7817
chr1	760095	760096	25	0.8527
chr1	760134	760135	29	0.823
chr1	760153	760154	38	0.9172
chr1	760191	760192	40	0.6315
chr1	760211	760212	31	1.0
chr1	760229	760230	29	0.7927
chr1	760246	760247	33	0.9829
chr1	760252	760253	31	0.9007
chr1	760342	760343	24	0.9392
chr1	760442	760443	30	0.8726
chr1	760542	760543	26	0.8299
chr1	760642	760643	37	0.8491
chr1	760742	760743	31	0.5752
chr1	760770	760771	29	0.9185
chr1	760779	760780	28	0.5057
chr1	760810	760811	30	0.5209
chr1	760825	760826	25	0.4632
chr1	760853	760854	35	0.377
chr1	760884	760885	33	0.5328
chr1	760910	760911	26	0.4492
chr1	760949	760950	25	0.4925
chr1	760964	760965	27	0.6204
chr1	760981	760982	24	0.5318
chr1	761016	761017	30	0.5124
chr1	761031	761032	26	0.3178
chr1	761057	761058	28	0.4312
chr1	761073	761074	34	0.4802
chr1	761093	761094	34	0.5573
chr1	761143	761144	30	0.314
chr1	761171	761172	36	0.4439
chr1	761186	761187	28	0.4308
chr1	761208	761209	24	0.3902
chr1	761223	761224	33	0.5331
chr1	761249	761250	31	0.5764
chr1	761349	761350	28	0.4181
chr1	761449	761450	32	0.2851
chr1	761517	761518	31	0.5387
chr1	761584	761585	38	0.3781
chr1	761684	761685	25	0.5106
chr1	761716	761717	39	0.8572
chr1	761860	761861	32	0.8507
chr1	761894	761895	30	0.692
chr1	761972	761973	43	0.7793
chr1	762024	762025	36	0.8847
chr1	762050	762051	21	0.8545
chr1	762055	762056	36	0.499
chr1	762096	762097	28	0.5179
chr1	762136	762137	28	0.2811
chr1	762163	762164	32	0.5579
chr1	762185	762186	25	0.4205
chr1	762220	762221	30	0.4537
chr1	762270	762271	29	0.5904
chr1	762306	762307	38	0.4374
chr1	762338	762339	28	0.4955
chr1	762369	762370	25	0.4776
chr1	762384	762385	32	0.4992
chr1	762433	762434	38	0.4864
chr1	762483	762484	30	0.5585
chr1	762533	762534	33	0.5881
chr1	762571	762572	32	0.4167
chr1	762647	762648	24	0.3245
chr1	762747	762748	25	0.4772
chr1	762797	762798	26	0.5572
chr1	762897	762898	31	0.2978
chr1	762957	762958	22	0.4701
chr1	763013	763014	37	0.5162
chr1	763084	763085	26	0.5263
chr1	763342	763343	30	0.6997
chr1	763440	763441	33	0.8184
chr1	763472	763473	35	0.7473
chr1	763502	763503	32	0.7252
chr1	763504	763505	28	0.7019
chr1	763513	763514	28	0.5983
chr1	763550	763551	24	0.6904
chr1	763577	763578	28	0.5804
chr1	763611	763612	38	0.4778
chr1	763637	763638	38	0.512
chr1	763680	763681	25	0.5438
chr1	763730	763731	25	0.6029
chr1	763754	763755	33	0.4417
chr1	763804	763805	24	0.6767
chr1	763819	763820	33	0.5292
chr1	763839	763840	22	0.4936
chr1	763861	763862	27	0.4629
chr1	763892	763893	24	0.6261
chr1	763927	763928	26	0.3585
chr1	763954	763955	28	0.7787
chr1	763969	763970	23	0.6049
chr1	764007	764008	23	0.6564
chr1	764107	764108	24	0.4441
chr1	764194	764195	31	0.4225
chr1	764294	764295	30	0.6412
chr1	764394	764395	26	0.517
chr1	764467	764468	31	0.5713
chr1	764549	764550	19	0.6192
chr1	764555	764556	25	0.868
chr1	764659	764660	26	0.7737
chr1	764805	764806	31	0.6196
chr1	764829	764830	27	0.8073
chr1	764843	764844	29	0.7059
chr1	764941	764942	23	0.8255
chr1	764955	764956	22	0.6013
chr1	764963	764964	33	0.3581
chr1	764998	764999	30	0.3345
chr1	765048	765049	37	0.4637
chr1	765083	765084	26	0.3896
chr1	765108	765109	28	0.4671
chr1	765138	765139	26	0.5419
chr1	765183	765184	24	0.3518
chr1	765200	765201	25	0.5329
chr1	765225	765226	37	0.3989
chr1	765263	765264	26	0.4939
chr1	765313	765314	28	0.636
chr1	765363	765364	36	0.3531
chr1	765395	765396	23	0.2411
chr1	765442	765443	26	0.4602
chr1	765457	765458	30	0.6383
chr1	765469	765470	29	0.3943
chr1	765519	765520	24	0.4155
chr1	765569	765570	21	0.3592
chr1	765628	765629	29	0.3911
chr1	765728	765729	27	0.5377
chr1	765817	765818	29	0.4161
chr1	765899	765900	32	0.4464
chr1	765913	765914	22	0.1226
chr1	765987	765988	26	0.0486
chr1	766027	766028	26	0.0952
chr1	766043	766044	31	0.2277
chr1	766061	766062	27	0.2017
chr1	766069	766070	24	0.0135
chr1	766073	766074	38	0.0019
chr1	766129	766130	23	0.2215
chr1	766191	766192	35	0.0545
chr1	766331	766332	34	0.4078
chr1	766377	766378	26	0.6442
chr1	766427	766428	32	0.7179
chr1	766458	766459	27	0.7147
chr1	766482	766483	35	0.7668
chr1	766501	766502	26	0.8501
chr1	766537	766538	25	0.8675
chr1	766570	766571	23	0.868
chr1	766596	766597	38	0.7579
chr1	766646	766647	35	0.7082
chr1	766675	766676	18	0.7721
chr1	766725	766726	38	0.7415
chr1	766775	766776	28	0.6407
chr1	766800	766801	32	0.7016
chr1	766820	766821	25	0.901
chr1	766845	766846	35	0.7145
chr1	766876	766877	28	0.789
chr1	766923	766924	22	0.6414
chr1	766937	766938	27	0.6283
chr1	767034	767035	24	0.6737
chr1	767134	767135	25	0.7883
chr1	767216	767217	23	0.8217
chr1	767307	767308	35	0.6735
chr1	767373	767374	36	0.703
chr1	767467	767468	35	0.5888
chr1	767481	767482	27	0.8262
chr1	767515	767516	26	0.6274
chr1	767542	767543	33	0.8855
chr1	767588	767589	34	0.8421
chr1	767628	767629	36	0.676
chr1	767672	767673	24	0.7931
chr1	767722	767723	25	0.5443
chr1	767739	767740	29	0.652
chr1	767755	767756	18	0.7035
chr1	767794	767795	38	0.6644
chr1	767826	767827	30	0.6553
chr1	767855	767856	27	0.6525
chr1	767884	767885	27	0.8499
chr1	767909	767910	17	0.6731
chr1	767959	767960	29	0.741
chr1	768059	768060	24	0.7373
chr1	768150	768151	26	0.6712
chr1	768200	768201	31	0.6285
chr1	768300	768301	29	0.7448
chr1	768330	768331	32	0.9514
chr1	768400	768401	37	0.8621
chr1	768409	768410	33	0.3574
chr1	768427	768428	29	0.3996
chr1	768475	768476	21	0.3565
chr1	768506	768507	34	0.4335
chr1	768522	768523	25	0.3905
chr1	768572	768573	40	0.4883
chr1	768594	768595	26	0.4852
chr1	768644	768645	33	0.5642
chr1	768694	768695	31	0.4602
chr1	768727	768728	35	0.4177
chr1	768758	768759	28	0.422
chr1	768790	768791	26	0.3844
chr1	768817	768818	27	0.3939
chr1	768917	768918	35	0.4724
chr1	769012	769013	16	0.4238
chr1	769078	769079	17	0.5169
chr1	769178	769179	41	0.4759
chr1	769206	769207	32	0.0
chr1	769326	769327	30	0.1199
chr1	769348	769349	30	0.1625
chr1	769386	769387	32	0.0993
chr1	769420	769421	21	0.1469
chr1	769424	769425	38	0.0005
chr1	769450	769451	29	0.1106
chr1	769552	769553	23	0.1525
chr1	769600	769601	35	0.0735
chr1	769638	769639	28	0.9369
chr1	769658	769659	34	1.0
chr1	769693	769694	27	0.9187
chr1	769743	769744	39	0.8738
chr1	769780	769781	35	0.8689
chr1	769809	769810	30	0.8683
chr1	769829	769830	34	0.8283
chr1	769852	769853	32	0.7797
chr1	769878	769879	33	0.8613
chr1	769928	769929	26	0.8431
chr1	769963	769964	27	0.9146
chr1	769978	769979	33	0.8838
chr1	770027	770028	29	0.937
chr1	770061	770062	26	0.89
chr1	770076	770077	23	0.8986
chr1	770091	770092	28	0.8246
chr1	770106	770107	32	1.0
chr1	770123	770124	35	0.8819
chr1	770150	770151	30	0.9907
chr1	770158	770159	34	0.7788
chr1	770258	770259	35	0.8871
chr1	770358	770359	27	0.9421
chr1	770458	770459	29	0.8989
chr1	770510	770511	25	0.8849
chr1	770598	770599	22	0.8441
chr1	770651	770652	24	0.8632
chr1	770665	770666	30	0.8345
chr1	770749	770750	30	0.9332
chr1	770757	770758	33	0.2768
chr1	770789	770790	34	0.3451
chr1	770825	770826	27	0.3604
chr1	770841	770842	29	0.1618
chr1	770891	770892	28	0.2993
chr1	770924	770925	27	0.3179
chr1	770944	770945	22	0.4384
chr1	770970	770971	29	0.398
chr1	771018	771019	33	0.1904
chr1	771035	771036	19	0.3341
chr1	771064	771065	31	0.2168
chr1	771079	771080	29	0.2289
chr1	771114	771115	24	0.3524
chr1	771131	771132	23	0.5321
chr1	771148	771149	32	0.1491
chr1	771172	771173	23	0.4191
chr1	771207	771208	41	0.2359
chr1	771307	771308	32	0.3297
chr1	771397	771398	28	0.3139
chr1	771483	771484	33	0.3437
chr1	771553	771554	32	0.2322
chr1	771653	771654	33	0.3552
chr1	771665	771666	32	0.0117
chr1	771839	771840	23	0.1053
chr1	771853	771854	21	0.4674
chr1	771893	771894	27	0.2764
chr1	771965	771966	25	0.0
chr1	772005	772006	28	0.219
chr1	772009	772010	39	0.0175
chr1	772029	772030	42	0.5234
chr1	772059	772060	30	0.5957
chr1	772084	772085	17	0.5729
chr1	772124	772125	26	0.6332
chr1	772156	772157	36	0.3765
chr1	772206	772207	30	0.4471
chr1	772256	772257	31	0.6803
chr1	772289	772290	21	0.5469
chr1	772304	772305	29	0.4428
chr1	772354	772355	23	0.4278
chr1	772404	772405	22	0.6568
chr1	772435	772436	31	0.5248
chr1	772476	772477	32	0.5125
chr1	772495	772496	29	0.4934
chr1	772519	772520	29	0.5105
chr1	772531	772532	30	0.4295
chr1	772614	772615	28	0.5218
chr1	772696	772697	33	0.561
chr1	772796	772797	16	0.3923
chr1	772846	772847	25	0.4585
chr1	772946	772947	27	0.5081
chr1	773030	773031	37	0.431
chr1	773100	773101	28	0.7449
chr1	773141	773142	29	0.2957
chr1	773163	773164	37	0.3074
chr1	773210	773211	28	0.2935
chr1	773254	773255	26	0.1995
chr1	773304	773305	30	0.2884
chr1	773340	773341	33	0.288
chr1	773382	773383	19	0.1922
chr1	773432	773433	28	0.3294
chr1	773482	773483	31	0.3423
chr1	773506	773507	35	0.2974
chr1	773528	773529	32	0.295
chr1	773568	773569	23	0.2936
chr1	773586	773587	22	0.3243
chr1	773610	773611	30	0.4188
chr1	773628	773629	33	0.4377
chr1	773705	773706	32	0.371
chr1	773761	773762	30	0.2398
chr1	773818	773819	32	0.2955
chr1	773918	773919	30	0.2102
chr1	773994	773995	42	0.1964
chr1	774094	774095	30	0.1568
chr1	774162	774163	30	0.1183
chr1	774192	774193	35	0.2862
chr1	774220	774221	34	0.5831
chr1	774253	774254	31	0.5058
chr1	774286	774287	32	0.5701
chr1	774301	774302	26	0.772
chr1	774344	774345	22	0.8834
chr1	774394	774395	31	0.8425
chr1	774444	774445	28	0.6787
chr1	774470	774471	27	0.8236
chr1	774488	774489	29	0.7406
chr1	774538	774539	33	0.6298
chr1	774588	774589	26	0.5808
chr1	774638	774639	18	0.73
chr1	774662	774663	31	0.6192
chr1	774691	774692	31	0.6901
chr1	774708	774709	25	0.5513
chr1	774761	774762	22	0.656
chr1	774835	774836	31	0.7308
chr1	774896	774897	29	0.6978
chr1	774972	774973	28	0.7856
chr1	775022	775023	29	0.541
chr1	775113	775114	20	0.7201
chr1	775133	775134	20	0.8574
chr1	775191	775192	25	0.7044
chr1	775233	775234	24	0.7695
chr1	775283	775284	21	0.5879
chr1	775327	775328	23	0.8461
chr1	775353	775354	27	0.7442
chr1	775397	775398	30	0.8742
chr1	775417	775418	28	0.8426
chr1	775432	775433	27	0.9695
chr1	775447	775448	34	0.7849
chr1	775482	775483	31	0.6918
chr1	775532	775533	23	0.7744
chr1	775547	775548	39	0.7826
chr1	775571	775572	29	0.6756
chr1	775586	775587	21	0.804
chr1	775636	775637	20	0.8902
chr1	775656	775657	21	0.9257
chr1	775698	775699	35	0.8525
chr1	775725	775726	27	0.7972
chr1	775749	775750	28	0.7705
chr1	775798	775799	18	0.7957
chr1	775803	775804	25	0.8369
chr1	775877	775878	18	0.7158
chr1	775938	775939	34	0.6875
chr1	776038	776039	25	0.7997
chr1	776138	776139	31	0.6538
chr1	776238	776239	36	0.7664
chr1	776288	776289	32	0.7749
chr1	776344	776345	35	0.9315
chr1	776398	776399	32	0.677
chr1	776428	776429	24	0.9034
chr1	776436	776437	22	0.6001
chr1	776451	776452	28	0.4357
chr1	776466	776467	17	0.612
chr1	776490	776491	22	0.7028
chr1	776505	776506	37	0.6043
chr1	776528	776529	23	0.56
chr1	776546	776547	30	0.6187
chr1	776575	776576	30	0.5079
chr1	776606	776607	31	0.4623
chr1	776656	776657	27	0.5664
chr1	776683	776684	30	0.5419
chr1	776703	776704	36	0.4958
chr1	776726	776727	26	0.5478
chr1	776741	776742	27	0.6133
chr1	776756	776757	27	0.5563
chr1	776806	776807	29	0.6076
chr1	776835	776836	21	0.6886
chr1	776862	776863	32	0.7158
chr1	776888	776889	31	0.5137
chr1	776903	776904	24	0.6222
chr1	777003	777004	23	0.5753
chr1	777053	777054	24	0.5397
chr1	777153	777154	31	0.6293
chr1	777253	777254	29	0.754
chr1	777353	777354	27	0.6794
chr1	777489	777490	19	0.9063
chr1	777683	777684	34	0.9158
chr1	777685	777686	33	0.7979
chr1	777707	777708	33	0.8848
chr1	777781	777782	16	0.7326
chr1	777786	777787	31	0.2739
chr1	777830	777831	36	0.4253
chr1	777845	777846	20	0.4008
chr1	777883	777884	25	0.4123
chr1	777903	777904	32	0.5401
chr1	777952	777953	34	0.3894
chr1	777974	777975	35	0.4507
chr1	778020	778021	25	0.3118
chr1	778070	778071	21	0.4996
chr1	778095	778096	28	0.2251
chr1	778145	778146	31	0.4592
chr1	778177	778178	23	0.45
chr1	778225	778226	24	0.3378
chr1	778263	778264	32	0.307
chr1	778302	778303	31	0.5243
chr1	778311	778312	34	0.4405
chr1	778376	778377	19	0.3745
chr1	778563	778564	31	0.4026
chr1	778613	778614	33	0.3756
chr1	778713	778714	31	0.4574
chr1	778790	778791	26	0.4612
chr1	778878	778879	30	0.0708
chr1	779066	779067	26	0.0
chr1	779078	779079	28	0.1875
chr1	779164	779165	24	0.3162
chr1	779186	779187	27	0.0857
chr1	779188	779189	32	0.075
chr1	779206	779207	31	0.106
chr1	779248	779249	32	0.6239
chr1	779263	779264	28	0.875
chr1	779287	779288	23	0.7104
chr1	779337	779338	30	0.9171
chr1	779364	779365	35	0.8439
chr1	779406	779407	29	0.7818
chr1	779456	779457	25	0.7733
chr1	779480	779481	29	0.7395
chr1	779508	779509	34	0.7333
chr1	779558	779559	26	0.8588
chr1	779577	779578	38	0.8619
chr1	779603	779604	28	0.8316
chr1	779653	779654	37	0.6435
chr1	779675	779676	29	0.7507
chr1	779717	779718	34	0.9272
chr1	779744	779745	23	0.8279
chr1	779844	779845	31	0.7756
chr1	779905	779906	24	0.5597
chr1	780005	780006	36	0.7877
chr1	780099	780100	26	0.7781
chr1	780199	780200	25	0.6109
chr1	780213	780214	29	0.9787
chr1	780283	780284	31	0.8258
chr1	780288	780289	34	0.5284
chr1	780318	780319	31	0.4849
chr1	780335	780336	31	0.4626
chr1	780364	780365	22	0.4218
chr1	780414	780415	34	0.3907
chr1	780429	780430	28	0.4123
chr1	780448	780449	31	0.3955
chr1	780463	780464	21	0.3787
chr1	780493	780494	29	0.4273
chr1	780522	780523	30	0.4403
chr1	780543	780544	26	0.452
chr1	780558	780559	37	0.305
chr1	780573	780574	24	0.3181
chr1	780612	780613	25	0.5738
chr1	780630	780631	28	0.544
chr1	780672	780673	33	0.4304
chr1	780687	780688	36	0.4539
chr1	780721	780722	31	0.3584
chr1	780771	780772	32	0.3234
chr1	780810	780811	22	0.3122
chr1	780871	780872	27	0.248
chr1	780924	780925	31	0.4162
chr1	781013	781014	30	0.3202
chr1	781063	781064	28	0.4061
chr1	781163	781164	28	0.3717
chr1	781213	781214	25	0.4639
chr1	781313	781314	30	0.3852
chr1	781367	781368	28	0.9448
chr1	781415	781416	29	0.6832
chr1	781493	781494	27	0.6717
chr1	781567	781568	32	0.6718
chr1	781593	781594	26	0.5408
chr1	781707	781708	28	0.674
chr1	781733	781734	28	0.8523
chr1	781773	781774	34	0.6797
chr1	781787	781788	27	0.7261
chr1	781795	781796	30	0.1668
chr1	781822	781823	24	0.3513
chr1	781860	781861	24	0.3203
chr1	781910	781911	21	0.4884
chr1	781941	781942	27	0.329
chr1	781983	781984	29	0.5553
chr1	782005	782006	27	0.3139
chr1	782046	782047	32	0.3487
chr1	782070	782071	27	0.3962
chr1	782101	782102	19	0.3398
chr1	782141	782142	32	0.284
chr1	782167	782168	38	0.3926
chr1	782209	782210	26	0.5266
chr1	782234	782235	31	0.3902
chr1	782275	782276	38	0.502
chr1	782314	782315	34	0.4966
chr1	782322	782323	20	0.3113
chr1	782380	782381	24	0.3696
chr1	782453	782454	28	0.2181
chr1	782553	782554	26	0.3374
chr1	782653	782654	28	0.3704
chr1	782753	782754	30	0.4877
chr1	782853	782854	18	0.6594
chr1	782877	782878	31	0.711
chr1	782915	782916	29	0.8605
chr1	782991	782992	28	0.7632
chr1	783017	783018	32	0.5543
chr1	783040	783041	30	0.7904
chr1	783087	783088	29	0.8496
chr1	783137	783138	33	0.7859
chr1	783187	783188	29	0.7908
chr1	783202	783203	18	0.6896
chr1	783218	783219	27	0.7237
chr1	783244	783245	30	0.7513
chr1	783273	783274	18	0.7387
chr1	783288	783289	26	0.7562
chr1	783309	783310	34	0.635
chr1	783345	783346	37	0.8616
chr1	783371	783372	30	0.5791
chr1	783386	783387	29	0.7705
chr1	783413	783414	26	0.8104
chr1	783437	783438	29	0.5666
chr1	783466	783467	26	0.5668
chr1	783509	783510	34	0.6034
chr1	783609	783610	28	0.6752
chr1	783709	783710	27	0.9007
chr1	783786	783787	25	0.736
chr1	783886	783887	36	0.75
chr1	783956	783957	34	0.9393
chr1	783963	783964	27	0.5422
chr1	784013	784014	39	0.4678
chr1	784036	784037	21	0.7631
chr1	784086	784087	27	0.5025
chr1	784106	784107	27	0.6349
chr1	784122	784123	32	0.4711
chr1	784172	784173	25	0.4227
chr1	784192	784193	33	0.5337
chr1	784242	784243	21	0.5445
chr1	784257	784258	29	0.6043
chr1	784273	784274	21	0.5181
chr1	784290	784291	31	0.637
chr1	784316	784317	29	0.6297
chr1	784350	784351	34	0.7076
chr1	784387	784388	32	0.5201
chr1	784425	784426	35	0.5111
chr1	784447	784448	39	0.5799
chr1	784461	784462	33	0.6128
chr1	784546	784547	35	0.6308
chr1	784596	784597	32	0.5498
chr1	784691	784692	26	0.5338
chr1	784757	784758	35	0.6384
chr1	784852	784853	33	0.5975
chr1	784944	784945	23	0.4263
chr1	784952	784953	28	0.0618
chr1	784968	784969	26	0.1109
chr1	784976	784977	31	0.2474
chr1	785064	785065	33	0.1698
chr1	785172	785173	28	0.4709
chr1	785178	785179	26	0.1273
chr1	785252	785253	27	0.2398
chr1	785432	785433	19	0.2651
chr1	785458	785459	21	0.6129
chr1	785489	785490	31	0.6201
chr1	785504	785505	30	0.5527
chr1	785554	785555	33	0.7446
chr1	785581	785582	33	0.5991
chr1	785596	785597	32	0.5324
chr1	785636	785637	34	0.4936
chr1	785657	785658	38	0.6191
chr1	785707	785708	31	0.6389
chr1	785742	785743	38	0.5901
chr1	785774	785775	31	0.6438
chr1	785791	785792	30	0.6776
chr1	785830	785831	32	0.7433
chr1	785868	785869	27	0.5227
chr1	785897	785898	24	0.6219
chr1	785938	785939	31	0.5903
chr1	786028	786029	17	0.7013
chr1	786128	786129	31	0.6381
chr1	786228	786229	35	0.6166
chr1	786321	786322	29	0.776
chr1	786357	786358	32	0.7716
chr1	786362	786363	31	0.3336
chr1	786393	786394	43	0.2249
chr1	786427	786428	34	0.3368
chr1	786445	786446	28	0.4826
chr1	786469	786470	30	0.2817
chr1	786519	786520	26	0.3853
chr1	786534	786535	28	0.3038
chr1	786584	786585	39	0.3266
chr1	786599	786600	38	0.4243
chr1	786623	786624	30	0.3921
chr1	786655	786656	33	0.4228
chr1	786696	786697	27	0.2773
chr1	786739	786740	33	0.3529
chr1	786754	786755	37	0.286
chr1	786785	786786	23	0.2814
chr1	786819	786820	34	0.2728
chr1	786838	786839	34	0.4431
chr1	786857	786858	22	0.4481
chr1	786945	786946	33	0.4621
chr1	787045	787046	28	0.314
chr1	787109	787110	37	0.4439
chr1	787166	787167	32	0.5144
chr1	787222	787223	37	0.2283
chr1	787322	787323	35	0.3276
chr1	787362	787363	25	0.8173
chr1	787398	787399	29	0.7732
chr1	787654	787655	26	0.8442
chr1	787688	787689	29	0.6682
chr1	787708	787709	29	0.8619
chr1	787758	787759	23	0.5048
chr1	787770	787771	37	0.5438
chr1	787774	787775	25	0.7874
chr1	787782	787783	19	0.604
chr1	787811	787812	21	0.4959
chr1	787828	787829	32	0.5816
chr1	787878	787879	27	0.5652
chr1	787901	787902	33	0.5873
chr1	787951	787952	32	0.5864
chr1	787983	787984	32	0.6598
chr1	788031	788032	34	0.629
chr1	788076	788077	29	0.4272
chr1	788112	788113	25	0.538
chr1	788142	788143	32	0.5915
chr1	788175	788176	37	0.5643
chr1	788203	788204	35	0.5311
chr1	788253	788254	27	0.5551
chr1	788268	788269	33	0.5106
chr1	788288	788289	25	0.591
chr1	788292	788293	35	0.4206
chr1	788392	788393	32	0.4341
chr1	788468	788469	27	0.5596
chr1	788545	788546	25	0.4169
chr1	788636	788637	25	0.6411
chr1	788686	788687	28	0.6136
chr1	788749	788750	24	0.4504
chr1	788783	788784	32	1.0
chr1	788859	788860	21	0.9998
chr1	788927	788928	28	0.7309
chr1	788953	788954	31	0.8992
chr1	789025	789026	31	0.7763
chr1	789037	789038	33	0.8458
chr1	789149	789150	27	0.8336
chr1	789173	789174	31	0.7623
chr1	789203	789204	42	0.9812
chr1	789234	789235	34	0.9275
chr1	789262	789263	34	0.6827
chr1	789277	789278	36	0.78
chr1	789327	789328	31	0.9167
chr1	789369	789370	30	0.7765
chr1	789419	789420	33	0.9005
chr1	789438	789439	24	0.6491
chr1	789476	789477	27	0.7496
chr1	789513	789514	23	0.9314
chr1	789560	789561	24	0.6392
chr1	789610	789611	31	0.675
chr1	789660	789661	27	0.8038
chr1	789679	789680	34	0.9835
chr1	789779	789780	25	0.5797
chr1	789879	789880	32	0.6812
chr1	789956	789957	29	0.8561
chr1	790056	790057	24	0.8856
chr1	790100	790101	26	0.7388
chr1	790128	790129	27	1.0
chr1	790148	790149	29	0.8196
chr1	790167	790168	30	0.7702
chr1	790217	790218	32	0.7764
chr1	790236	790237	25	0.9298
chr1	790281	790282	23	0.9015
chr1	790307	790308	21	0.6257
chr1	790339	790340	28	0.7672
chr1	790364	790365	33	0.9494
chr1	790392	790393	23	0.7879
chr1	790411	790412	26	0.8153
chr1	790426	790427	31	0.9108
chr1	790460	790461	27	0.8605
chr1	790489	790490	35	0.9419
chr1	790529	790530	33	0.7538
chr1	790573	790574	34	0.9302
chr1	790623	790624	27	0.7658
chr1	790665	790666	32	0.9016
chr1	790689	790690	36	0.8384
chr1	790691	790692	26	0.9019
chr1	790791	790792	29	0.8752
chr1	790891	790892	33	0.8244
chr1	790991	790992	20	0.6571
chr1	791055	791056	35	0.9217
chr1	791155	791156	32	0.7114
chr1	791177	791178	29	0.9697
chr1	791217	791218	25	0.8376
chr1	791231	791232	31	0.2069
chr1	791252	791253	32	0.2826
chr1	791302	791303	23	0.217
chr1	791331	791332	32	0.3304
chr1	791355	791356	34	0.4108
chr1	791370	791371	28	0.1912
chr1	791413	791414	28	0.1811
chr1	791428	791429	27	0.1468
chr1	791464	791465	22	0.334
chr1	791486	791487	34	0.233
chr1	791533	791534	40	0.1748
chr1	791581	791582	27	0.2334
chr1	791629	791630	30	0.2682
chr1	791654	791655	31	0.0701
chr1	791664	791665	30	0.0706
chr1	791764	791765	40	0.0904
chr1	791864	791865	27	0.1268
chr1	791951	791952	30	0.1922
chr1	792051	792052	28	0.2604
chr1	792107	792108	28	0.0199
chr1	792134	792135	33	0.5168
chr1	792150	792151	24	0.5903
chr1	792174	792175	30	0.5549
chr1	792206	792207	32	0.5742
chr1	792235	792236	30	0.5729
chr1	792263	792264	27	0.6951
chr1	792286	792287	40	0.6855
chr1	792336	792337	22	0.4692
chr1	792366	792367	28	0.4117
chr1	792405	792406	37	0.6578
chr1	792438	792439	21	0.7039
chr1	792455	792456	25	0.6559
chr1	792486	792487	20	0.6416
chr1	792510	792511	31	0.5914
chr1	792548	792549	22	0.501
chr1	792579	792580	24	0.6331
chr1	792629	792630	23	0.7686
chr1	792675	792676	31	0.4146
chr1	792685	792686	28	0.3252
chr1	792762	792763	36	0.4685
chr1	792862	792863	30	0.6793
chr1	792962	792963	30	0.4724
chr1	793062	793063	28	0.5973
chr1	793162	793163	31	0.6185
chr1	793170	793171	20	0.4501
chr1	793195	793196	26	0.2941
chr1	793215	793216	32	0.1459
chr1	793238	793239	27	0.109
chr1	793253	793254	25	0.172
chr1	793297	793298	28	0.0
chr1	793347	793348	19	0.1923
chr1	793362	793363	38	0.0323
chr1	793383	793384	25	0.2189
chr1	793433	793434	30	0.1217
chr1	793466	793467	34	0.0989
chr1	793503	793504	25	0.159
chr1	793545	793546	37	0.1417
chr1	793566	793567	30	0.0299
chr1	793601	793602	28	0.0262
chr1	793624	793625	29	0.27
chr1	793674	793675	28	0.131
chr1	793690	793691	20	0.181
chr1	793711	793712	25	0.1679
chr1	793726	793727	32	0.0707
chr1	793746	793747	28	0.1243
chr1	793796	793797	32	0.125
chr1	793896	793897	35	0.1891
chr1	793996	793997	32	0.2057
chr1	794088	794089	34	0.2128
chr1	794152	794153	32	0.1578
chr1	794252	794253	30	0.079
chr1	794262	794263	33	0.2679
chr1	794316	794317	25	0.2248
chr1	794330	794331	23	0.7491
chr1	794380	794381	21	0.8139
chr1	794403	794404	26	0.7283
chr1	794447	794448	33	0.622
chr1	794463	794464	29	0.6445
chr1	794478	794479	33	0.7763
chr1	794514	794515	36	0.7585
chr1	794564	794565	31	0.5905
chr1	794614	794615	33	0.8086
chr1	794631	794632	29	0.6834
chr1	794650	794651	28	0.7867
chr1	794665	794666	23	0.7972
chr1	794687	794688	29	0.6675
chr1	794704	794705	36	0.4919
chr1	794732	794733	28	0.5722
chr1	794747	794748	32	0.5507
chr1	794765	794766	28	0.7672
chr1	794865	794866	31	0.5381
chr1	794965	794966	22	0.6788
chr1	795065	795066	28	0.7513
chr1	795131	795132	39	0.8551
chr1	795147	795148	23	0.6567
chr1	795165	795166	34	0.5943
chr1	795183	795184	28	0.8714
chr1	795218	795219	28	0.7072
chr1	795251	795252	27	0.5824
chr1	795279	795280	23	0.7135
chr1	795318	795319	33	0.598
chr1	795368	795369	29	0.9321
chr1	795412	795413	29	0.7175
chr1	795437	795438	32	0.7239
chr1	795459	795460	27	0.6697
chr1	795477	795478	25	0.8379
chr1	795527	795528	24	0.8085
chr1	795542	795543	23	0.7686
chr1	795574	795575	29	0.7106
chr1	795590	795591	25	0.7065
chr1	795630	795631	28	0.8164
chr1	795672	795673	28	0.7624
chr1	795727	795728	31	0.7048
chr1	795827	795828	31	0.8135
chr1	795927	795928	35	0.9475
chr1	795977	795978	21	0.8501
chr1	796071	796072	32	0.8732
chr1	796171	796172	24	0.7348
chr1	796185	796186	33	0.6682
chr1	796251	796252	34	0.7992
chr1	796299	796300	29	0.5469
chr1	796336	796337	32	0.6113
chr1	796360	796361	25	0.5897
chr1	796382	796383	33	0.4241
chr1	796432	796433	27	0.6502
chr1	796466	796467	29	0.4328
chr1	796516	796517	31	0.7441
chr1	796538	796539	28	0.4233
chr1	796588	796589	26	0.7079
chr1	796622	796623	30	0.8023
chr1	796641	796642	29	0.667
chr1	796660	796661	29	0.8067
chr1	796686	796687	35	0.7349
chr1	796701	796702	33	0.5798
chr1	796735	796736	30	0.635
chr1	796752	796753	28	0.4384
chr1	796773	796774	35	0.6801
chr1	796804	796805	33	0.5221
chr1	796819	796820	23	0.6958
chr1	796836	796837	36	0.6856
chr1	796837	796838	35	0.6978
chr1	796937	796938	30	0.6734
chr1	797037	797038	31	0.6988
chr1	797137	797138	20	0.6231
chr1	797237	797238	28	0.7349
chr1	797337	797338	29	0.6308
chr1	797391	797392	29	0.726
chr1	797418	797419	37	0.8306
chr1	797448	797449	27	0.6078
chr1	797468	797469	27	0.7292
chr1	797494	797495	35	0.8041
chr1	797509	797510	31	0.802
chr1	797559	797560	27	0.6383
chr1	797578	797579	31	0.9223
chr1	797608	797609	20	0.8532
chr1	797653	797654	23	0.9037
chr1	797674	797675	28	0.775
chr1	797721	797722	26	0.8543
chr1	797746	797747	32	0.6792
chr1	797769	797770	28	0.5716
chr1	797784	797785	32	0.8702
chr1	797830	797831	23	0.6821
chr1	797851	797852	30	0.5617
chr1	797874	797875	35	0.7183
chr1	797913	797914	26	0.7062
chr1	798013	798014	33	0.7555
chr1	798069	798070	28	0.6787
chr1	798169	798170	29	0.6943
chr1	798269	798270	29	0.7586
chr1	798369	798370	36	0.5882
chr1	798419	798420	27	0.9553
chr1	798425	798426	39	0.3917
chr1	798462	798463	33	0.4842
chr1	798477	798478	40	0.4918
chr1	798500	798501	36	0.4531
chr1	798522	798523	24	0.36
chr1	798542	798543	33	0.3898
chr1	798561	798562	28	0.4071
chr1	798583	798584	31	0.4476
chr1	798605	798606	27	0.4447
chr1	798643	798644	24	0.4332
chr1	798663	798664	31	0.539
chr1	798700	798701	24	0.4263
chr1	798734	798735	33	0.3915
chr1	798760	798761	27	0.4199
chr1	798792	798793	29	0.2942
chr1	798838	798839	29	0.5525
chr1	798853	798854	25	0.4829
chr1	798882	798883	34	0.4191
chr1	798932	798933	29	0.5177
chr1	798961	798962	40	0.4574
chr1	798980	798981	27	0.3504
chr1	798983	798984	15	0.3226
chr1	799083	799084	31	0.3276
chr1	799168	799169	25	0.4391
chr1	799268	799269	27	0.4296
chr1	799368	799369	31	0.3615
chr1	799468	799469	24	0.296
chr1	799508	799509	30	0.8632
chr1	799528	799529	20	0.6168
chr1	799644	799645	30	0.494
chr1	799722	799723	28	0.6528
chr1	799746	799747	36	0.669
chr1	799872	799873	38	0.6362
chr1	799918	799919	29	0.7051
chr1	799922	799923	33	0.6505
chr1	799945	799946	34	0.6656
chr1	799961	799962	33	0.8131
chr1	800004	800005	25	0.8158
chr1	800054	800055	31	0.723
chr1	800097	800098	33	0.975
chr1	800133	800134	28	0.9347
chr1	800168	800169	17	0.8582
chr1	800185	800186	36	0.9293
chr1	800233	800234	30	0.7702
chr1	800283	800284	27	0.7781
chr1	800333	800334	35	0.8242
chr1	800383	800384	31	0.8824
chr1	800405	800406	24	0.8149
chr1	800431	800432	35	0.8647
chr1	800450	800451	25	0.9427
chr1	800548	800549	33	0.7685
chr1	800609	800610	33	0.8173
chr1	800680	800681	35	0.6574
chr1	800730	800731	32	0.8086
chr1	800797	800798	26	0.7978
chr1	800847	800848	29	0.7649
chr1	800897	800898	36	0.7715
chr1	800899	800900	23	0.9013
chr1	800903	800904	33	0.8072
chr1	800913	800914	31	0.5813
chr1	800952	800953	26	0.5143
chr1	800977	800978	29	0.5868
chr1	800999	801000	31	0.7083
chr1	801049	801050	33	0.7196
chr1	801080	801081	42	0.593
chr1	801103	801104	27	0.6438
chr1	801153	801154	28	0.6324
chr1	801203	801204	28	0.7559
chr1	801253	801254	24	0.7922
chr1	801268	801269	32	0.6985
chr1	801293	801294	32	0.7526
chr1	801343	801344	24	0.6088
chr1	801366	801367	28	0.6843
chr1	801416	801417	36	0.5007
chr1	801463	801464	28	0.6525
chr1	801563	801564	35	0.6187
chr1	801663	801664	38	0.6554
chr1	801763	801764	29	0.6828
chr1	801863	801864	26	0.704
chr1	801924	801925	26	0.6157
chr1	801944	801945	36	1.0
chr1	801990	801991	26	0.7846
chr1	802058	802059	28	0.8171
chr1	802110	802111	32	0.7885
chr1	802128	802129	32	0.7849
chr1	802168	802169	27	0.7815
chr1	802178	802179	25	0.9797
chr1	802320	802321	32	0.695
chr1	802349	802350	37	0.7743
chr1	802399	802400	25	0.7769
chr1	802414	802415	28	0.8691
chr1	802443	802444	31	0.7165
chr1	802480	802481	32	0.8508
chr1	802530	802531	32	0.6441
chr1	802580	802581	38	0.9477
chr1	802612	802613	24	0.7738
chr1	802646	802647	29	0.7818
chr1	802668	802669	25	0.7519
chr1	802715	802716	30	0.7868
chr1	802733	802734	26	0.8731
chr1	802765	802766	32	0.8244
chr1	802788	802789	28	0.8033
chr1	802837	802838	28	0.8252
chr1	802887	802888	26	0.8087
chr1	802945	802946	32	0.8465
chr1	802995	802996	29	0.9774
chr1	803095	803096	31	0.7964
chr1	803195	803196	35	0.886
chr1	803295	803296	36	0.8411
chr1	803315	803316	25	0.9062
chr1	803341	803342	20	0.9264
chr1	803347	803348	24	0.3662
chr1	803365	803366	29	0.406
chr1	803410	803411	23	0.4893
chr1	803441	803442	30	0.4326
chr1	803465	803466	37	0.5643
chr1	803486	803487	34	0.6299
chr1	803511	803512	34	0.5218
chr1	803561	803562	25	0.5124
chr1	803611	803612	37	0.4102
chr1	803661	803662	34	0.3693
chr1	803702	803703	33	0.5286
chr1	803745	803746	30	0.4832
chr1	803771	803772	29	0.4929
chr1	803786	803787	26	0.4335
chr1	803809	803810	36	0.5241
chr1	803837	803838	32	0.5165
chr1	803851	803852	17	0.5352
chr1	803947	803948	32	0.544
chr1	804047	804048	33	0.4988
chr1	804147	804148	29	0.5021
chr1	804240	804241	29	0.5552
chr1	804340	804341	28	0.3734
chr1	804378	804379	24	0.8644
chr1	804382	804383	34	0.8335
chr1	804518	804519	22	0.5773
chr1	804546	804547	28	0.679
chr1	804572	804573	25	0.5512
chr1	804606	804607	32	0.7519
chr1	804614	804615	32	0.7209
chr1	804632	804633	26	0.7228
chr1	804662	804663	30	0.7815
chr1	804800	804801	21	0.7156
chr1	804847	804848	30	0.7502
chr1	804869	804870	32	0.5413
chr1	804887	804888	30	0.7549
chr1	804937	804938	35	0.8056
chr1	804952	804953	26	0.8423
chr1	804972	804973	33	0.7698
chr1	805019	805020	31	0.6825
chr1	805042	805043	30	0.5853
chr1	805087	805088	24	0.6814
chr1	805115	805116	27	0.6229
chr1	805146	805147	29	0.5423
chr1	805192	805193	36	0.6157
chr1	805236	805237	27	0.5633
chr1	805255	805256	20	0.6504
chr1	805303	805304	29	0.5991
chr1	805363	805364	30	0.7462
chr1	805463	805464	38	0.7056
chr1	805534	805535	29	0.6029
chr1	805618	805619	35	0.5139
chr1	805718	805719	21	0.7865
chr1	805748	805749	31	0.7189
chr1	805758	805759	36	0.5208
chr1	805786	805787	31	0.4641
chr1	805836	805837	29	0.5752
chr1	805886	805887	29	0.4867
chr1	805912	805913	25	0.4723
chr1	805938	805939	26	0.6084
chr1	805959	805960	21	0.5825
chr1	805974	805975	25	0.4611
chr1	805998	805999	32	0.57
chr1	806048	806049	29	0.6575
chr1	806063	806064	33	0.4818
chr1	806094	806095	38	0.5332
chr1	806111	806112	32	0.4863
chr1	806154	806155	20	0.4253
chr1	806204	806205	30	0.5724
chr1	806227	806228	39	0.6387
chr1	806252	806253	25	0.4584
chr1	806302	806303	36	0.4401
chr1	806390	806391	39	0.499
chr1	806490	806491	25	0.58
chr1	806580	806581	30	0.5568
chr1	806630	806631	29	0.4774
chr1	806730	806731	24	0.535
chr1	806830	806831	22	0.2026
chr1	807014	807015	34	0.0
chr1	807020	807021	24	0.2422
chr1	807048	807049	35	0.2618
chr1	807070	807071	34	0.1463
chr1	807114	807115	29	0.2475
chr1	807134	807135	32	0.1714
chr1	807159	807160	31	0.6091
chr1	807181	807182	17	0.6403
chr1	807214	807215	33	0.5638
chr1	807264	807265	33	0.5552
chr1	807279	807280	27	0.4107
chr1	807294	807295	32	0.4391
chr1	807318	807319	26	0.5243
chr1	807340	807341	32	0.2983
chr1	807390	807391	27	0.4501
chr1	807422	807423	38	0.5358
chr1	807452	807453	35	0.6865
chr1	807481	807482	32	0.6924
chr1	807496	807497	35	0.3821
chr1	807540	807541	21	0.5024
chr1	807555	807556	23	0.6599
chr1	807605	807606	30	0.6212
chr1	807625	807626	33	0.5558
chr1	807675	807676	29	0.3993
chr1	807698	807699	27	0.2421
chr1	807779	807780	32	0.6185
chr1	807879	807880	34	0.7303
chr1	807979	807980	34	0.5221
chr1	808046	808047	23	0.4998
chr1	808096	808097	35	0.5182
chr1	808159	808160	23	0.5363
chr1	808281	808282	37	0.6205
chr1	808329	808330	35	0.6109
chr1	808375	808376	29	0.7796
chr1	808422	808423	39	0.9027
chr1	808437	808438	29	0.765
chr1	808479	808480	28	0.7375
chr1	808525	808526	30	0.8324
chr1	808546	808547	33	0.8709
chr1	808568	808569	22	0.838
chr1	808596	808597	27	0.7566
chr1	808622	808623	30	0.7722
chr1	808660	808661	26	0.7005
chr1	808681	808682	29	0.6717
chr1	808721	808722	29	0.645
chr1	808747	808748	26	0.7005
chr1	808769	808770	32	0.9026
chr1	808801	808802	33	0.7639
chr1	808816	808817	38	0.7536
chr1	808866	808867	31	0.8873
chr1	808868	808869	34	0.8185
chr1	808968	808969	31	0.6546
chr1	809031	809032	35	0.8253
chr1	809081	809082	31	0.7112
chr1	809181	809182	27	0.7661
chr1	809281	809282	29	0.7323
chr1	809317	809318	32	0.7853
chr1	809341	809342	26	0.9038
chr1	809391	809392	37	0.8332
chr1	809416	809417	22	0.6761
chr1	809466	809467	29	0.6024
chr1	809481	809482	23	0.6197
chr1	809501	809502	43	0.7771
chr1	809520	809521	26	0.7379
chr1	809547	809548	39	0.6431
chr1	809581	809582	27	0.7266
chr1	809613	809614	29	0.8961
chr1	809637	809638	35	0.6901
chr1	809687	809688	34	0.6962
chr1	809710	809711	34	0.8536
chr1	809734	809735	31	0.9112
chr1	809774	809775	29	0.7575
chr1	809823	809824	26	0.6992
chr1	809859	809860	27	0.7346
chr1	809876	809877	27	0.7274
chr1	809895	809896	27	0.7161
chr1	809964	809965	17	0.6847
chr1	810064	810065	36	0.6879
chr1	810139	810140	31	0.7266
chr1	810236	810237	31	0.827
chr1	810336	810337	25	0.754
chr1	810413	810414	34	0.788
chr1	810431	810432	31	0.8165
chr1	810475	810476	30	0.835
chr1	810505	810506	27	0.7292
chr1	810523	810524	35	0.6413
chr1	810556	810557	23	0.7748
chr1	810606	810607	30	0.716
chr1	810625	810626	25	0.8135
chr1	810648	810649	39	0.7843
chr1	810698	810699	34	0.8691
chr1	810748	810749	32	0.6817
chr1	810777	810778	35	0.8572
chr1	810795	810796	36	0.8258
chr1	810839	810840	27	0.7906
chr1	810889	810890	35	0.7798
chr1	810910	810911	34	0.7355
chr1	810944	810945	28	0.5867
chr1	810962	810963	28	0.7775
chr1	811062	811063	31	0.8564
chr1	811162	811163	33	0.6934
chr1	811225	811226	30	0.7269
chr1	811325	811326	29	0.7406
chr1	811425	811426	28	0.799
chr1	811473	811474	29	0.8134
chr1	811505	811506	33	0.8754
chr1	811535	811536	21	0.7953
chr1	811563	811564	31	0.8344
chr1	811580	811581	26	0.7667
chr1	811619	811620	23	0.7373
chr1	811645	811646	31	0.8846
chr1	811660	811661	30	0.721
chr1	811710	811711	34	0.754
chr1	811760	811761	36	0.6675
chr1	811775	811776	27	0.8006
chr1	811825	811826	26	0.8955
chr1	811840	811841	31	0.6993
chr1	811858	811859	27	0.7686
chr1	811888	811889	32	0.6875
chr1	811937	811938	28	0.6878
chr1	811987	811988	36	0.7164
chr1	812010	812011	28	0.791
chr1	812022	812023	29	0.8879
chr1	812085	812086	30	0.5938
chr1	812135	812136	31	0.7553
chr1	812235	812236	33	0.8697
chr1	812335	812336	33	0.7492
chr1	812423	812424	27	0.8768
chr1	812473	812474	30	0.8574
chr1	812503	812504	28	0.8621
chr1	812555	812556	29	0.7486
chr1	812564	812565	19	0.4427
chr1	812598	812599	42	0.6366
chr1	812623	812624	29	0.5707
chr1	812643	812644	21	0.6761
chr1	812668	812669	25	0.5993
chr1	812688	812689	32	0.531
chr1	812720	812721	25	0.3734
chr1	812761	812762	28	0.581
chr1	812776	812777	23	0.4717
chr1	812803	812804	28	0.5339
chr1	812853	812854	31	0.5306
chr1	812870	812871	26	0.4155
chr1	812918	812919	25	0.7245
chr1	812933	812934	31	0.5574
chr1	812957	812958	29	0.4874
chr1	812999	813000	31	0.5592
chr1	813039	813040	38	0.6577
chr1	813075	813076	27	0.5229
chr1	813112	813113	20	0.5592
chr1	813212	813213	30	0.3857
chr1	813312	813313	33	0.4821
chr1	813362	813363	28	0.4578
chr1	813462	813463	27	0.7162
chr1	813562	813563	24	0.4771
chr1	813628	813629	38	0.1266
chr1	813686	813687	29	0.052
chr1	813770	813771	35	0.373
chr1	813908	813909	26	0.0195
chr1	813918	813919	19	0.015
chr1	814006	814007	37	0.2485
chr1	814032	814033	24	0.2349
chr1	814045	814046	23	0.8769
chr1	814082	814083	22	0.8707
chr1	814119	814120	30	0.8401
chr1	814149	814150	32	0.9007
chr1	814164	814165	31	0.8021
chr1	814214	814215	36	0.8532
chr1	814247	814248	33	0.8179
chr1	814269	814270	28	0.8288
chr1	814287	814288	31	0.9937
chr1	814337	814338	23	0.9724
chr1	814364	814365	28	0.7937
chr1	814398	814399	36	0.8521
chr1	814416	814417	31	0.8027
chr1	814445	814446	32	0.8432
chr1	814484	814485	32	0.8837
chr1	814511	814512	33	0.9565
chr1	814577	814578	44	0.8042
chr1	814645	814646	29	0.9441
chr1	814695	814696	38	0.9641
chr1	814781	814782	27	0.8999
chr1	814846	814847	27	0.7605
chr1	814946	814947	26	0.81
chr1	814950	814951	22	0.9464
chr1	814957	814958	22	0.4504
chr1	814976	814977	35	0.3831
chr1	815014	815015	27	0.438
chr1	815048	815049	31	0.2829
chr1	815063	815064	33	0.3411
chr1	815091	815092	28	0.3509
chr1	815126	815127	24	0.4673
chr1	815153	815154	36	0.3616
chr1	815168	815169	33	0.44
chr1	815190	815191	32	0.3504
chr1	815235	815236	29	0.3712
chr1	815250	815251	29	0.3434
chr1	815300	815301	24	0.5691
chr1	815334	815335	21	0.5112
chr1	815361	815362	23	0.3946
chr1	815411	815412	25	0.3317
chr1	815428	815429	30	0.4069
chr1	815446	815447	31	0.4253
chr1	815451	815452	31	0.4805
chr1	815551	815552	27	0.3978
chr1	815651	815652	25	0.3461
chr1	815751	815752	31	0.4352
chr1	815851	815852	33	0.3701
chr1	815899	815900	24	0.7562
chr1	815905	815906	26	0.7094
chr1	815959	815960	34	0.7474
chr1	816003	816004	30	0.7051
chr1	816045	816046	31	0.8794
chr1	816177	816178	28	0.5807
chr1	816183	816184	37	0.6671
chr1	816253	816254	36	0.867
chr1	816323	816324	27	0.634
chr1	816328	816329	36	0.6368
chr1	816354	816355	29	0.4147
chr1	816373	816374	38	0.5326
chr1	816388	816389	31	0.4253
chr1	816438	816439	31	0.4776
chr1	816488	816489	31	0.4657
chr1	816513	816514	35	0.4454
chr1	816563	816564	32	0.3486
chr1	816613	816614	30	0.4689
chr1	816647	816648	32	0.4487
chr1	816675	816676	31	0.4233
chr1	816725	816726	26	0.3682
chr1	816760	816761	28	0.4863
chr1	816810	816811	28	0.4126
chr1	816850	816851	31	0.4695
chr1	816869	816870	30	0.4392
chr1	816885	816886	30	0.4491
chr1	816923	816924	22	0.582
chr1	817023	817024	27	0.4906
chr1	817123	817124	27	0.3706
chr1	817223	817224	29	0.6107
chr1	817323	817324	22	0.5664
chr1	817373	817374	35	0.3562
chr1	817473	817474	28	0.421
chr1	817541	817542	35	0.7943
chr1	817565	817566	26	0.7545
chr1	817577	817578	27	0.71
chr1	817627	817628	40	0.5967
chr1	817789	817790	28	0.6776
chr1	817879	817880	29	0.7766
chr1	817884	817885	23	0.8727
chr1	817927	817928	28	0.7406
chr1	817958	817959	28	0.7407
chr1	817978	817979	36	0.7842
chr1	818028	818029	27	0.747
chr1	818075	818076	29	0.8629
chr1	818090	818091	34	0.6752
chr1	818115	818116	29	0.6661
chr1	818148	818149	39	0.8023
chr1	818188	818189	26	0.7718
chr1	818225	818226	29	0.7809
chr1	818244	818245	30	0.6913
chr1	818269	818270	35	0.7621
chr1	818298	818299	23	0.8586
chr1	818348	818349	21	0.7955
chr1	818374	818375	33	0.7614
chr1	818470	818471	24	0.8911
chr1	818570	818571	34	0.7294
chr1	818647	818648	25	0.7036
chr1	818723	818724	29	0.7279
chr1	818823	818824	39	0.6814
chr1	818835	818836	22	0.8825
chr1	818927	818928	28	0.9449
chr1	819005	819006	30	0.8008
chr1	819009	819010	19	0.8517
chr1	819107	819108	35	0.6891
chr1	819283	819284	37	0.9379
chr1	819290	819291	38	0.4182
chr1	819313	819314	29	0.194
chr1	819328	819329	28	0.4048
chr1	819359	819360	39	0.2539
chr1	819409	819410	37	0.2659
chr1	819448	819449	35	0.2714
chr1	819496	819497	30	0.2776
chr1	819512	819513	30	0.4187
chr1	819539	819540	31	0.3066
chr1	819578	819579	31	0.3062
chr1	819596	819597	24	0.3103
chr1	819646	819647	27	0.2145
chr1	819662	819663	23	0.2711
chr1	819689	819690	35	0.3285
chr1	819717	819718	36	0.2214
chr1	819741	819742	25	0.1905
chr1	819752	819753	30	0.2018
chr1	819852	819853	26	0.3541
chr1	819915	819916	40	0.3191
chr1	820000	820001	29	0.2436
chr1	820100	820101	32	0.3456
chr1	820200	820201	23	0.2615
chr1	820232	820233	34	0.0
chr1	820360	820361	28	0.049
chr1	820458	820459	26	0.0665
chr1	820492	820493	26	0.1881
chr1	820628	820629	34	0.0
chr1	820644	820645	30	0.1335
chr1	820694	820695	29	0.4117
chr1	820710	820711	33	0.2385
chr1	820744	820745	28	0.3531
chr1	820781	820782	30	0.245
chr1	820796	820797	29	0.1696
chr1	820823	820824	34	0.23
chr1	820845	820846	33	0.1888
chr1	820895	820896	37	0.3439
chr1	820919	820920	29	0.246
chr1	820966	820967	24	0.3346
chr1	821009	821010	34	0.2877
chr1	821059	821060	25	0.3623
chr1	821088	821089	28	0.197
chr1	821132	821133	30	0.191
chr1	821182	821183	32	0.2613
chr1	821197	821198	29	0.345
chr1	821217	821218	37	0.2549
chr1	821232	821233	24	0.3147
chr1	821235	821236	29	0.308
chr1	821317	821318	35	0.3219
chr1	821417	821418	30	0.2048
chr1	821517	821518	24	0.4804
chr1	821612	821613	28	0.2816
chr1	821662	821663	27	0.1875
chr1	821762	821763	31	0.3492
chr1	821766	821767	29	0.2932
chr1	821844	821845	32	0.0741
chr1	821849	821850	45	0.3467
chr1	821870	821871	34	0.3049
chr1	821885	821886	24	0.1927
chr1	821919	821920	34	0.2466
chr1	821934	821935	34	0.2241
chr1	821984	821985	26	0.262
chr1	822031	822032	30	0.3168
chr1	822046	822047	26	0.3349
chr1	822072	822073	40	0.3527
chr1	822095	822096	23	0.3594
chr1	822145	822146	27	0.2818
chr1	822180	822181	35	0.3895
chr1	822195	822196	24	0.2976
chr1	822220	822221	26	0.5112
chr1	822270	822271	30	0.1951
chr1	822285	822286	24	0.3292
chr1	822328	822329	29	0.3779
chr1	822343	822344	22	0.3163
chr1	822360	822361	27	0.2591
chr1	822364	822365	26	0.2298
chr1	822414	822415	29	0.2446
chr1	822493	822494	24	0.1913
chr1	822593	822594	28	0.2809
chr1	822693	822694	23	0.2691
chr1	822743	822744	32	0.3483
chr1	822820	822821	40	0.339
chr1	822854	822855	28	0.0243
chr1	822890	822891	24	0.0
chr1	822992	822993	24	0.1673
chr1	823062	823063	34	0.1977
chr1	823130	823131	16	0.212
chr1	823214	823215	28	0.0
chr1	823255	823256	33	0.5535
chr1	823305	823306	21	0.7703
chr1	823346	823347	28	0.6684
chr1	823396	823397	30	0.6429
chr1	823439	823440	29	0.7984
chr1	823455	823456	37	0.5903
chr1	823482	823483	27	0.6652
chr1	823497	823498	21	0.7717
chr1	823520	823521	25	0.6663
chr1	823535	823536	36	0.672
chr1	823560	823561	21	0.6892
chr1	823610	823611	26	0.4402
chr1	823660	823661	31	0.7394
chr1	823700	823701	23	0.6813
chr1	823745	823746	38	0.7106
chr1	823773	823774	29	0.7156
chr1	823780	823781	27	0.6853
chr1	823880	823881	28	0.6137
chr1	823980	823981	38	0.7998
chr1	824044	824045	40	0.7986
chr1	824144	824145	30	0.6274
chr1	824194	824195	35	0.522
chr1	824254	824255	29	0.6426
chr1	824304	824305	38	0.6427
chr1	824348	824349	38	0.5936
chr1	824398	824399	28	0.8187
chr1	824428	824429	30	0.6177
chr1	824478	824479	34	0.7747
chr1	824506	824507	30	0.8039
chr1	824556	824557	34	0.7942
chr1	824602	824603	33	0.9999
chr1	824617	824618	31	0.7981
chr1	824638	824639	24	0.9497
chr1	824679	824680	27	0.9378
chr1	824729	824730	34	0.7502
chr1	824762	824763	28	0.9926
chr1	824790	824791	31	1.0
chr1	824811	824812	35	0.8248
chr1	824846	824847	27	0.7583
chr1	824861	824862	36	0.7446
chr1	824882	824883	24	0.885
chr1	824886	824887	31	0.802
chr1	824946	824947	27	0.7309
chr1	825046	825047	23	0.8885
chr1	825105	825106	41	0.9608
chr1	825180	825181	27	0.9899
chr1	825235	825236	22	0.7975
chr1	825335	825336	31	0.834
chr1	825337	825338	36	0.8508
chr1	825351	825352	26	0.9124
chr1	825390	825391	19	0.6912
chr1	825407	825408	32	0.6888
chr1	825447	825448	29	0.761
chr1	825497	825498	36	0.8274
chr1	825512	825513	30	0.9076
chr1	825557	825558	26	0.8234
chr1	825590	825591	36	0.7028
chr1	825617	825618	32	0.6105
chr1	825647	825648	21	0.6682
chr1	825687	825688	32	0.7314
chr1	825737	825738	38	0.742
chr1	825756	825757	35	0.743
chr1	825774	825775	21	0.6732
chr1	825812	825813	35	0.9219
chr1	825838	825839	36	0.728
chr1	825868	825869	24	0.7392
chr1	825893	825894	23	0.903
chr1	825969	825970	25	0.714
chr1	826049	826050	32	0.816
chr1	826145	826146	33	0.7214
chr1	826245	826246	24	0.6223
chr1	826295	826296	34	0.838
chr1	826395	826396	26	0.736
chr1	826473	826474	22	0.8898
chr1	826491	826492	32	0.6966
chr1	826509	826510	27	0.2089
chr1	826559	826560	37	0.3347
chr1	826609	826610	30	0.2795
chr1	826631	826632	29	0.1859
chr1	826681	826682	35	0.3271
chr1	826701	826702	32	0.0748
chr1	826729	826730	30	0.3335
chr1	826753	826754	18	0.2752
chr1	826787	826788	34	0.2022
chr1	826816	826817	26	0.0902
chr1	826833	826834	35	0.1121
chr1	826855	826856	33	0.2732
chr1	826905	826906	26	0.0988
chr1	826924	826925	33	0.1343
chr1	826974	826975	29	0.2539
chr1	826993	826994	21	0.2056
chr1	827012	827013	30	0.129
chr1	827022	827023	34	0.0425
chr1	827072	827073	33	0.1169
chr1	827172	827173	37	0.1331
chr1	827230	827231	23	0.3179
chr1	827330	827331	35	0.0874
chr1	827430	827431	37	0.0986
chr1	827530	827531	23	0.2885
chr1	827534	827535	31	0.2921
chr1	827545	827546	21	0.54
chr1	827576	827577	36	0.3697
chr1	827591	827592	33	0.5525
chr1	827632	827633	30	0.5646
chr1	827682	827683	30	0.6569
chr1	827702	827703	26	0.5546
chr1	827728	827729	32	0.4038
chr1	827773	827774	36	0.5466
chr1	827797	827798	31	0.6807
chr1	827831	827832	30	0.4505
chr1	827881	827882	32	0.5936
chr1	827911	827912	38	0.3951
chr1	827951	827952	34	0.4958
chr1	827972	827973	30	0.7592
chr1	827982	827983	29	0.7186
chr1	828082	828083	17	0.6675
chr1	828178	828179	26	0.5275
chr1	828228	828229	23	0.519
chr1	828328	828329	36	0.6115
chr1	828398	828399	24	0.7332
chr1	828408	828409	32	0.4081
chr1	828425	828426	27	0.5298
chr1	828469	828470	29	0.5654
chr1	828511	828512	28	0.5673
chr1	828551	828552	35	0.4566
chr1	828571	828572	31	0.5097
chr1	828614	828615	32	0.4614
chr1	828633	828634	24	0.5585
chr1	828664	828665	24	0.5164
chr1	828714	828715	27	0.5982
chr1	828745	828746	37	0.68
chr1	828795	828796	37	0.5416
chr1	828813	828814	19	0.508
chr1	828863	828864	28	0.4222
chr1	828949	828950	30	0.6147
chr1	829049	829050	29	0.5458
chr1	829149	829150	20	0.5575
chr1	829215	829216	39	0.9391
chr1	829287	829288	29	0.8248
chr1	829349	829350	28	0.9194
chr1	829435	829436	28	0.8469
chr1	829637	829638	31	0.8488
chr1	829651	829652	27	0.7609
chr1	829675	829676	34	0.659
chr1	829707	829708	31	0.7208
chr1	829725	829726	31	0.7106
chr1	829768	829769	25	0.6687
chr1	829810	829811	26	0.7992
chr1	829842	829843	36	0.7948
chr1	829869	829870	32	0.8926
chr1	829893	829894	28	0.7374
chr1	829908	829909	26	0.7102
chr1	829933	829934	30	0.8259
chr1	829948	829949	31	0.7941
chr1	829963	829964	28	0.927
chr1	830007	830008	30	0.8878
chr1	830033	830034	25	0.8378
chr1	830083	830084	33	0.8321
chr1	830102	830103	33	0.9154
chr1	830129	830130	28	0.7601
chr1	830167	830168	26	0.7301
chr1	830267	830268	38	0.7684
chr1	830317	830318	29	0.7138
chr1	830413	830414	29	0.6175
chr1	830512	830513	44	0.7189
chr1	830612	830613	18	0.7669
chr1	830678	830679	28	0.9416
chr1	830687	830688	27	0.631
chr1	830703	830704	22	0.7951
chr1	830730	830731	32	0.7018
chr1	830780	830781	27	0.768
chr1	830800	830801	34	0.5992
chr1	830825	830826	29	0.6204
chr1	830862	830863	31	0.631
chr1	830886	830887	37	0.6935
chr1	830917	830918	31	0.658
chr1	830938	830939	35	0.6491
chr1	830966	830967	28	0.774
chr1	831008	831009	29	0.607
chr1	831027	831028	35	0.6974
chr1	831068	831069	31	0.7155
chr1	831094	831095	34	0.6812
chr1	831194	831195	28	0.6229
chr1	831253	831254	28	0.5329
chr1	831353	831354	35	0.7973
chr1	831453	831454	28	0.646
chr1	831505	831506	32	1.0
chr1	831541	831542	28	0.8122
chr1	831587	831588	33	0.7941
chr1	831675	831676	18	0.7633
chr1	831701	831702	28	0.7265
chr1	831707	831708	32	0.8921
chr1	831709	831710	25	0.8094
chr1	831763	831764	30	0.8776
chr1	831799	831800	27	0.8788
chr1	831919	831920	29	0.8263
chr1	832926	832927	30	0.8787
chr1	832941	832942	29	0.6918
chr1	832979	832980	33	0.7869
chr1	833014	833015	29	0.6401
chr1	833054	833055	31	0.7909
chr1	833078	833079	31	0.9323
chr1	833093	833094	36	0.7635
chr1	833120	833121	24	0.6545
chr1	833135	833136	39	0.6063
chr1	833183	833184	27	0.4459
chr1	833201	833202	30	0.5752
chr1	833251	833252	35	0.5314
chr1	833285	833286	31	0.6418
chr1	833335	833336	26	0.5212
chr1	833372	833373	29	0.5606
chr1	833387	833388	28	0.7907
chr1	833433	833434	40	0.7157
chr1	833436	833437	26	0.8207
chr1	833536	833537	29	0.8426
chr1	833625	833626	22	0.8011
chr1	833725	833726	29	0.8632
chr1	833825	833826	29	0.8524
chr1	833909	833910	26	0.798
chr1	834005	834006	29	0.9533
chr1	834023	834024	31	0.8909
chr1	834039	834040	27	0.8621
chr1	834147	834148	26	0.6444
chr1	834225	834226	30	0.7149
chr1	834279	834280	34	0.7441
chr1	834299	834300	28	0.8777
chr1	834325	834326	37	0.8155
chr1	834351	834352	29	0.639
chr1	834381	834382	34	0.7724
chr1	834409	834410	33	0.7112
chr1	834456	834457	33	0.7273
chr1	834490	834491	29	0.7892
chr1	834512	834513	31	0.8699
chr1	834556	834557	27	0.7988
chr1	834602	834603	36	0.5208
chr1	834627	834628	29	0.7005
chr1	834659	834660	31	0.7614
chr1	834679	834680	28	0.8982
chr1	834729	834730	31	0.7129
chr1	834766	834767	31	0.7935
chr1	834783	834784	44	0.5955
chr1	834800	834801	36	0.5821
chr1	834826	834827	29	0.4744
chr1	834916	834917	32	0.7932
chr1	835016	835017	30	0.6622
chr1	835116	835117	30	0.737
chr1	835196	835197	31	0.6561
chr1	835296	835297	25	0.6065
chr1	835332	835333	33	0.8675
chr1	835373	835374	32	0.754
chr1	835423	835424	34	0.9173
chr1	835444	835445	40	0.8179
chr1	835463	835464	17	0.6948
chr1	835479	835480	30	0.7583
chr1	835499	835500	31	0.8775
chr1	835539	835540	32	0.9836
chr1	835561	835562	32	0.8902
chr1	835611	835612	29	0.8334
chr1	835627	835628	30	0.7711
chr1	835642	835643	27	0.8388
chr1	835664	835665	29	0.8664
chr1	835679	835680	26	0.8603
chr1	835698	835699	28	0.8721
chr1	835724	835725	29	0.8885
chr1	835772	835773	28	0.7553
chr1	835778	835779	25	0.7439
chr1	835878	835879	31	0.8862
chr1	835976	835977	29	0.7403
chr1	836048	836049	32	0.8306
chr1	836129	836130	27	0.8117
chr1	836179	836180	32	0.6699
chr1	836189	836190	28	0.9128
chr1	836227	836228	33	0.7871
chr1	836239	836240	31	0.3798
chr1	836289	836290	35	0.234
chr1	836311	836312	29	0.3256
chr1	836332	836333	28	0.2549
chr1	836360	836361	23	0.1422
chr1	836391	836392	28	0.2031
chr1	836406	836407	38	0.3767
chr1	836456	836457	34	0.19
chr1	836506	836507	32	0.2392
chr1	836544	836545	28	0.3591
chr1	836560	836561	17	0.3983
chr1	836584	836585	28	0.1579
chr1	836605	836606	29	0.2788
chr1	836655	836656	26	0.2187
chr1	836676	836677	34	0.2615
chr1	836726	836727	31	0.0675
chr1	836763	836764	33	0.4257
chr1	836786	836787	26	0.3263
chr1	836803	836804	31	0.2222
chr1	836808	836809	31	0.1804
chr1	836893	836894	27	0.2501
chr1	836963	836964	29	0.4944
chr1	837013	837014	29	0.3997
chr1	837073	837074	26	0.228
chr1	837173	837174	23	0.2702
chr1	837223	837224	31	0.2126
chr1	837286	837287	33	0.2545
chr1	837348	837349	21	0.1807
chr1	837377	837378	34	0.2326
chr1	837416	837417	25	0.1185
chr1	837431	837432	18	0.0674
chr1	837461	837462	31	0.218
chr1	837494	837495	25	0.1583
chr1	837509	837510	24	0.0971
chr1	837530	837531	29	0.1335
chr1	837580	837581	35	0.0314
chr1	837599	837600	30	0.1062
chr1	837626	837627	29	0.1735
chr1	837658	837659	29	0.1356
chr1	837694	837695	35	0.1162
chr1	837710	837711	42	0.0501
chr1	837760	837761	26	0.1931
chr1	837783	837784	35	0.1547
chr1	837814	837815	34	0.1272
chr1	837829	837830	25	0.2099
chr1	837929	837930	26	0.1134
chr1	838000	838001	36	0.2777
chr1	838100	838101	31	0.1898
chr1	838200	838201	24	0.0375
chr1	838236	838237	34	0.0515
chr1	838275	838276	21	0.6659
chr1	838310	838311	28	0.5777
chr1	838325	838326	30	0.6738
chr1	838360	838361	41	0.7737
chr1	838382	838383	29	0.63
chr1	838412	838413	43	0.8402
chr1	838441	838442	36	0.6446
chr1	838467	838468	35	0.8161
chr1	838496	838497	27	0.7872
chr1	838511	838512	30	0.602
chr1	838526	838527	32	0.698
chr1	838553	838554	23	0.6596
chr1	838575	838576	31	0.8211
chr1	838592	838593	23	0.74
chr1	838616	838617	31	0.7646
chr1	838666	838667	38	0.6414
chr1	838710	838711	35	0.6024
chr1	838725	838726	28	0.7125
chr1	838746	838747	30	0.8901
chr1	838804	838805	24	0.6475
chr1	838903	838904	30	0.5784
chr1	839001	839002	31	0.7112
chr1	839051	839052	28	0.7147
chr1	839151	839152	23	0.7351
chr1	839243	839244	32	0.8961
chr1	839268	839269	38	0.806
chr1	839298	839299	35	0.8628
chr1	839313	839314	24	0.7991
chr1	839337	839338	34	0.9307
chr1	839359	839360	30	0.6896
chr1	839380	839381	24	0.903
chr1	839430	839431	37	0.9115
chr1	839474	839475	37	0.9563
chr1	839489	839490	24	0.7405
chr1	839530	839531	18	0.6724
chr1	839552	839553	34	0.9524
chr1	839597	839598	30	0.872
chr1	839625	839626	24	0.8359
chr1	839640	839641	30	0.7815
chr1	839690	839691	41	0.7806
chr1	839734	839735	32	1.0
chr1	839760	839761	24	0.9033
chr1	839860	839861	27	0.9001
chr1	839942	839943	26	0.9321
chr1	840042	840043	29	0.8275
chr1	840139	840140	28	0.9601
chr1	840239	840240	34	0.9438
chr1	840315	840316	30	0.7434
chr1	840323	840324	31	1.0
chr1	840331	840332	27	0.5857
chr1	840370	840371	22	0.463
chr1	840396	840397	29	0.5103
chr1	840417	840418	26	0.5139
chr1	840446	840447	18	0.4664
chr1	840481	840482	25	0.6359
chr1	840496	840497	30	0.6304
chr1	840546	840547	27	0.6176
chr1	840588	840589	27	0.5781
chr1	840610	840611	31	0.458
chr1	840660	840661	19	0.3743
chr1	840679	840680	31	0.6281
chr1	840722	840723	30	0.6931
chr1	840759	840760	29	0.5194
chr1	840809	840810	38	0.6981
chr1	840826	840827	29	0.4808
chr1	840840	840841	39	0.6332
chr1	840911	840912	29	0.3813
chr1	840968	840969	27	0.6814
chr1	841020	841021	27	0.6247
chr1	841120	841121	28	0.6612
chr1	841200	841201	39	0.5578
chr1	841300	841301	19	0.5439
chr1	841326	841327	35	0.7179
chr1	841440	841441	31	0.9148
chr1	841470	841471	28	0.9877
chr1	841488	841489	36	0.7273
chr1	841544	841545	31	0.8287
chr1	841572	841573	28	0.6444
chr1	841732	841733	41	0.8609
chr1	841758	841759	18	0.8841
chr1	841806	841807	35	0.0272
chr1	841846	841847	32	0.1549
chr1	841890	841891	20	0.0
chr1	841919	841920	20	0.0479
chr1	841944	841945	34	0.1343
chr1	841994	841995	30	0.1208
chr1	842009	842010	26	0.0
chr1	842049	842050	32	0.0146
chr1	842077	842078	25	0.1059
chr1	842106	842107	32	0.1542
chr1	842131	842132	25	0.0
chr1	842148	842149	32	0.0592
chr1	842164	842165	24	0.0993
chr1	842210	842211	25	0.1138
chr1	842225	842226	27	0.1281
chr1	842307	842308	34	0.1088
chr1	842407	842408	28	0.1098
chr1	842457	842458	29	0.0
chr1	842557	842558	30	0.1599
chr1	842559	842560	25	0.0432
chr1	842598	842599	30	0.4016
chr1	842625	842626	30	0.2604
chr1	842641	842642	29	0.0814
chr1	842667	842668	27	0.1598
chr1	842705	842706	28	0.0866
chr1	842723	842724	25	0.2076
chr1	842740	842741	21	0.1756
chr1	842783	842784	30	0.2456
chr1	842807	842808	22	0.109
chr1	842849	842850	32	0.1947
chr1	842878	842879	26	0.1574
chr1	842911	842912	32	0.0022
chr1	842929	842930	27	0.1908
chr1	842979	842980	29	0.1835
chr1	842995	842996	30	0.1029
chr1	843095	843096	31	0.1877
chr1	843195	843196	27	0.1785
chr1	843276	843277	28	0.2705
chr1	843376	843377	23	0.0498
chr1	843412	843413	26	0.0893
chr1	843422	843423	27	0.3479
chr1	843454	843455	25	0.3263
chr1	843478	843479	25	0.3052
chr1	843528	843529	30	0.2702
chr1	843569	843570	29	0.3062
chr1	843605	843606	23	0.3907
chr1	843641	843642	25	0.3446
chr1	843690	843691	40	0.3377
chr1	843740	843741	32	0.3406
chr1	843790	843791	34	0.387
chr1	843816	843817	24	0.403
chr1	843845	843846	33	0.288
chr1	843888	843889	23	0.4219
chr1	843912	843913	27	0.3606
chr1	843927	843928	33	0.2998
chr1	843933	843934	26	0.424
chr1	844002	844003	29	0.4172
chr1	844062	844063	34	0.2669
chr1	844162	844163	35	0.3909
chr1	844262	844263	30	0.2569
chr1	844362	844363	23	0.3661
chr1	844404	844405	25	0.0001
chr1	844458	844459	25	0.0524
chr1	844534	844535	30	0.1712
chr1	844590	844591	27	0.0167
chr1	844650	844651	27	0.0194
chr1	844662	844663	25	0.225
chr1	844700	844701	30	0.0409
chr1	844802	844803	37	0.0905
chr1	844841	844842	30	0.95
chr1	844862	844863	23	0.8212
chr1	844889	844890	26	0.8425
chr1	844913	844914	32	0.8259
chr1	844963	844964	32	0.7173
chr1	844995	844996	35	0.6662
chr1	845013	845014	29	0.9306
chr1	845046	845047	33	0.8069
chr1	845096	845097	31	0.7518
chr1	845129	845130	25	0.8462
chr1	845160	845161	25	0.9406
chr1	845205	845206	36	0.888
chr1	845242	845243	27	0.8051
chr1	845265	845266	24	0.8657
chr1	845315	845316	28	0.8699
chr1	845333	845334	33	0.8705
chr1	845362	845363	28	0.8378
chr1	845405	845406	36	0.6893
chr1	845437	845438	25	0.77
chr1	845487	845488	22	0.8563
chr1	845587	845588	23	0.8196
chr1	845687	845688	32	0.8018
chr1	845739	845740	28	0.6773
chr1	845799	845800	30	0.8454
chr1	845867	845868	21	0.807
chr1	845967	845968	27	0.8606
chr1	846003	846004	27	0.7951
chr1	846047	846048	34	0.8018
chr1	846091	846092	38	0.8107
chr1	846117	846118	22	0.8501
chr1	846141	846142	26	0.8595
chr1	846183	846184	28	0.81
chr1	846204	846205	35	0.8592
chr1	846235	846236	37	0.9523
chr1	846259	846260	31	0.8364
chr1	846296	846297	26	0.9067
chr1	846326	846327	38	0.9272
chr1	846342	846343	17	0.7904
chr1	846363	846364	30	0.8239
chr1	846387	846388	29	0.7255
chr1	846433	846434	34	0.8563
chr1	846466	846467	38	0.9624
chr1	846483	846484	25	0.8229
chr1	846498	846499	25	0.7554
chr1	846548	846549	34	0.8638
chr1	846566	846567	19	1.0
chr1	846585	846586	31	0.7324
chr1	846640	846641	43	0.8948
chr1	846690	846691	32	0.8314
chr1	846764	846765	26	0.9127
chr1	846864	846865	26	0.9942
chr1	846943	846944	27	0.7704
chr1	847034	847035	38	0.8151
chr1	847060	847061	27	0.8253
chr1	847112	847113	30	0.8096
chr1	847152	847153	29	0.8315
chr1	847202	847203	36	0.8796
chr1	847234	847235	23	0.9332
chr1	847270	847271	19	0.9683
chr1	847293	847294	32	0.9065
chr1	847320	847321	35	0.8494
chr1	847345	847346	35	0.8031
chr1	847370	847371	40	0.8726
chr1	847388	847389	33	0.8935
chr1	847438	847439	27	0.8368
chr1	847468	847469	21	0.9731
chr1	847515	847516	26	0.7699
chr1	847565	847566	31	0.9423
chr1	847591	847592	21	0.9499
chr1	847636	847637	28	0.9633
chr1	847681	847682	31	0.7777
chr1	847702	847703	28	0.8501
chr1	847752	847753	25	0.8218
chr1	847852	847853	25	0.9441
chr1	847952	847953	28	0.8616
chr1	848052	848053	35	0.8
chr1	848102	848103	28	0.7993
chr1	848184	848185	30	0.8669
chr1	848206	848207	37	1.0
chr1	848250	848251	24	0.6612
chr1	848267	848268	32	0.7481
chr1	848292	848293	19	0.677
chr1	848321	848322	30	0.5937
chr1	848342	848343	30	0.4731
chr1	848392	848393	35	0.5633
chr1	848429	848430	30	0.6851
chr1	848455	848456	26	0.6035
chr1	848483	848484	30	0.6032
chr1	848522	848523	37	0.5141
chr1	848551	848552	26	0.7316
chr1	848601	848602	39	0.7228
chr1	848651	848652	35	0.6433
chr1	848690	848691	30	0.5585
chr1	848709	848710	27	0.7477
chr1	848759	848760	28	0.7058
chr1	848824	848825	28	0.4796
chr1	848924	848925	22	0.6652
chr1	849024	849025	28	0.8273
chr1	849100	849101	40	0.5525
chr1	849124	849125	29	0.7393
chr1	849196	849197	25	0.4946
chr1	849206	849207	26	0.4495
chr1	849243	849244	29	0.5697
chr1	849266	849267	23	0.3988
chr1	849297	849298	23	0.3682
chr1	849320	849321	36	0.6293
chr1	849347	849348	24	0.6976
chr1	849382	849383	25	0.5819
chr1	849432	849433	20	0.4981
chr1	849453	849454	26	0.4404
chr1	849468	849469	37	0.5508
chr1	849500	849501	32	0.4553
chr1	849520	849521	34	0.5455
chr1	849566	849567	27	0.7531
chr1	849591	849592	22	0.5521
chr1	849632	849633	29	0.3925
chr1	849669	849670	33	0.6191
chr1	849674	849675	25	0.5948
chr1	849774	849775	23	0.4414
chr1	849827	849828	24	0.3736
chr1	849886	849887	30	0.7103
chr1	849986	849987	28	0.4725
chr1	850086	850087	30	0.4971
chr1	850172	850173	38	0.7049
chr1	850192	850193	34	0.7091
chr1	850262	850263	31	0.6092
chr1	850282	850283	30	0.5984
chr1	850388	850389	31	0.8571
chr1	850510	850511	40	0.5724
chr1	850546	850547	28	0.6377
chr1	850563	850564	35	0.6103
chr1	850578	850579	28	0.7313
chr1	850628	850629	40	0.7441
chr1	850644	850645	29	0.5794
chr1	850681	850682	26	0.7383
chr1	850714	850715	15	0.7522
chr1	850761	850762	34	0.5805
chr1	850778	850779	30	0.5605
chr1	850793	850794	26	0.782
chr1	850815	850816	19	0.6444
chr1	850856	850857	34	0.5543
chr1	850890	850891	31	0.7289
chr1	850940	850941	33	0.6211
chr1	850971	850972	31	0.6327
chr1	850986	850987	26	0.7102
chr1	851006	851007	36	0.6861
chr1	851028	851029	21	0.7931
chr1	851051	851052	28	0.612
chr1	851066	851067	24	0.683
chr1	851068	851069	24	0.6145
chr1	851134	851135	24	0.7144
chr1	851208	851209	30	0.6159
chr1	851306	851307	29	0.7293
chr1	851356	851357	24	0.8059
chr1	851456	851457	33	0.7306
chr1	851556	851557	29	0.687
chr1	851562	851563	20	0.8393
chr1	851652	851653	22	0.7366
chr1	851685	851686	23	0.5747
chr1	851714	851715	25	0.8211
chr1	851733	851734	32	0.6133
chr1	851762	851763	20	0.7611
chr1	851784	851785	38	0.6755
chr1	851812	851813	32	1.0
chr1	851844	851845	32	0.8852
chr1	851860	851861	31	0.9237
chr1	851885	851886	23	0.9315
chr1	851917	851918	25	0.9198
chr1	851943	851944	26	0.797
chr1	851993	851994	32	0.7595
chr1	852018	852019	35	0.8154
chr1	852048	852049	34	0.9172
chr1	852094	852095	30	0.8749
chr1	852109	852110	36	0.8481
chr1	852113	852114	28	0.8847
chr1	852213	852214	24	0.7456
chr1	852274	852275	29	0.7455
chr1	852374	852375	28	1.0
chr1	852437	852438	26	0.7649
chr1	852487	852488	28	0.8136
chr1	852495	852496	24	0.8538
chr1	852529	852530	28	0.811
chr1	852561	852562	23	0.1615
chr1	852611	852612	35	0.3061
chr1	852627	852628	33	0.1592
chr1	852652	852653	25	0.1948
chr1	852668	852669	35	0.2135
chr1	852707	852708	33	0.2081
chr1	852743	852744	25	0.0535
chr1	852758	852759	22	0.0805
chr1	852773	852774	32	0.2652
chr1	852823	852824	32	0.2762
chr1	852873	852874	34	0.2392
chr1	852923	852924	31	0.3567
chr1	852946	852947	27	0.1941
chr1	852961	852962	34	0.3582
chr1	852979	852980	42	0.3371
chr1	852989	852990	31	0.1434
chr1	853039	853040	29	0.2229
chr1	853112	853113	34	0.1062
chr1	853212	853213	28	0.1238
chr1	853262	853263	30	0.2308
chr1	853312	853313	32	0.0566
chr1	853391	853392	34	0.1037
chr1	853471	853472	29	0.1619
chr1	853489	853490	22	0.2476
chr1	853529	853530	34	0.2896
chr1	853572	853573	36	0.1781
chr1	853622	853623	28	0.1514
chr1	853652	853653	28	0.2723
chr1	853702	853703	33	0.1944
chr1	853740	853741	25	0.2835
chr1	853779	853780	24	0.3177
chr1	853797	853798	32	0.0453
chr1	853817	853818	34	0.232
chr1	853867	853868	27	0.2601
chr1	853905	853906	34	0.1672
chr1	853913	853914	16	0.2215
chr1	854013	854014	25	0.3197
chr1	854063	854064	20	0.1062
chr1	854163	854164	25	0.245
chr1	854263	854264	25	0.1335
chr1	854289	854290	27	0.198
chr1	854329	854330	25	0.0689
chr1	854354	854355	35	0.3839
chr1	854382	854383	27	0.0
chr1	854415	854416	29	0.1784
chr1	854430	854431	31	0.6131
chr1	854460	854461	29	0.0806
chr1	854495	854496	27	0.5899
chr1	854510	854511	32	0.579
chr1	854532	854533	31	0.1855
chr1	854547	854548	27	0.533
chr1	854566	854567	30	0.3093
chr1	854598	854599	33	0.3669
chr1	854623	854624	29	0.2988
chr1	854667	854668	27	0.0731
chr1	854717	854718	35	0.2757
chr1	854757	854758	29	0.1028
chr1	854792	854793	37	0.6625
chr1	854842	854843	25	0.1091
chr1	854920	854921	28	0.5139
chr1	855009	855010	31	0.0443
chr1	855109	855110	29	0.0
chr1	855209	855210	22	0.6201
chr1	855309	855310	26	0.4508
chr1	855347	855348	24	0.0375
chr1	855359	855360	30	0.1935
chr1	855408	855409	36	0.7211
chr1	855435	855436	27	0.7716
chr1	855478	855479	24	0.8418
chr1	855496	855497	31	0.8973
chr1	855530	855531	26	0.6808
chr1	855550	855551	32	0.8464
chr1	855584	855585	30	0.7636
chr1	855634	855635	29	0.9484
chr1	855657	855658	27	0.6818
chr1	855681	855682	32	0.8631
chr1	855702	855703	32	0.8335
chr1	855748	855749	21	0.8717
chr1	855768	855769	34	0.8081
chr1	855792	855793	24	0.8692
chr1	855833	855834	26	0.8152
chr1	855872	855873	33	0.7875
chr1	855904	855905	28	0.793
chr1	856004	856005	38	0.7797
chr1	856104	856105	29	0.8834
chr1	856204	856205	29	0.7655
chr1	856304	856305	36	0.6986
chr1	856378	856379	24	0.9486
chr1	856385	856386	36	0.0916
chr1	856419	856420	32	0.0
chr1	856434	856435	32	0.0258
chr1	856472	856473	27	0.198
chr1	856522	856523	26	0.2961
chr1	856554	856555	26	0.2757
chr1	856597	856598	25	0.1438
chr1	856612	856613	26	0.2901
chr1	856662	856663	29	0.2145
chr1	856699	856700	34	0.1809
chr1	856718	856719	37	0.1516
chr1	856748	856749	31	0.111
chr1	856798	856799	29	0.0322
chr1	856836	856837	29	0.0011
chr1	856853	856854	33	0.1072
chr1	856903	856904	31	0.1378
chr1	857003	857004	22	0.0526
chr1	857103	857104	34	0.1118
chr1	857173	857174	26	0.0225
chr1	857223	857224	40	0.106
chr1	857263	857264	30	0.0
chr1	857267	857268	35	0.1051
chr1	857271	857272	28	0.2002
chr1	857313	857314	34	0.0197
chr1	857321	857322	33	0.074
chr1	857361	857362	28	0.2205
chr1	857389	857390	34	0.144
chr1	857433	857434	37	0.1648
chr1	857551	857552	21	0.0
chr1	857695	857696	34	0.2035
chr1	857739	857740	16	0.5892
chr1	857759	857760	26	0.7237
chr1	857775	857776	33	0.5473
chr1	857818	857819	30	0.7271
chr1	857868	857869	25	0.7141
chr1	857894	857895	30	0.8637
chr1	857909	857910	37	0.796
chr1	857928	857929	28	0.7674
chr1	857978	857979	35	0.557
chr1	858028	858029	31	0.7645
chr1	858054	858055	25	0.5581
chr1	858080	858081	29	0.8941
chr1	858095	858096	30	0.824
chr1	858128	858129	34	0.6331
chr1	858178	858179	23	0.5921
chr1	858194	858195	34	0.6094
chr1	858218	858219	29	0.7767
chr1	858233	858234	34	0.6681
chr1	858261	858262	29	0.853
chr1	858311	858312	36	0.6773
chr1	858334	858335	29	0.6917
chr1	858422	858423	28	0.7161
chr1	858522	858523	21	0.7833
chr1	858622	858623	30	0.802
chr1	858722	858723	27	0.737
chr1	858815	858816	36	0.6867
chr1	858901	858902	26	0.8185
chr1	858905	858906	28	0.6855
chr1	858993	858994	29	0.8432
chr1	859040	859041	21	0.8889
chr1	859079	859080	30	0.6137
chr1	859110	859111	39	0.7236
chr1	859156	859157	31	0.6381
chr1	859175	859176	27	0.666
chr1	859225	859226	26	0.6099
chr1	859259	859260	32	0.6891
chr1	859277	859278	31	0.7565
chr1	859307	859308	35	0.6119
chr1	859345	859346	36	0.7306
chr1	859362	859363	29	0.6082
chr1	859389	859390	32	0.8018
chr1	859419	859420	30	0.5538
chr1	859441	859442	36	0.6063
chr1	859456	859457	42	0.5629
chr1	859465	859466	34	0.7435
chr1	859561	859562	26	0.747
chr1	859611	859612	36	0.7109
chr1	859711	859712	28	0.4948
chr1	859803	859804	33	0.6987
chr1	859878	859879	19	0.6108
chr1	859894	859895	34	0.6513
chr1	859964	859965	26	0.8225
chr1	859970	859971	37	0.5702
chr1	859986	859987	28	0.5464
chr1	860003	860004	25	0.6692
chr1	860051	860052	33	0.6596
chr1	860069	860070	20	0.6416
chr1	860084	860085	33	0.5109
chr1	860134	860135	22	0.566
chr1	860184	860185	28	0.6905
chr1	860199	860200	23	0.655
chr1	860214	860215	21	0.7304
chr1	860264	860265	32	0.6376
chr1	860303	860304	28	0.5929
chr1	860324	860325	29	0.5111
chr1	860340	860341	26	0.6474
chr1	860390	860391	40	0.626
chr1	860440	860441	28	0.6809
chr1	860448	860449	26	0.6687
chr1	860548	860549	35	0.4793
chr1	860648	860649	24	0.5483
chr1	860705	860706	38	0.4706
chr1	860805	860806	38	0.5728
chr1	860905	860906	31	0.6483
chr1	861055	861056	30	0.9506
chr1	861067	861068	35	0.9125
chr1	861089	861090	30	0.7455
chr1	861103	861104	34	0.5791
chr1	861229	861230	34	0.6468
chr1	861355	861356	32	0.8116
chr1	861376	861377	29	0.7148
chr1	861402	861403	38	0.6527
chr1	861419	861420	29	0.6062
chr1	861447	861448	26	0.5951
chr1	861479	861480	30	0.578
chr1	861494	861495	29	0.7362
chr1	861531	861532	36	0.8149
chr1	861546	861547	40	0.6502
chr1	861574	861575	29	0.6683
chr1	861594	861595	32	0.5774
chr1	861619	861620	35	0.6459
chr1	861635	861636	25	0.5392
chr1	861663	861664	27	0.6202
chr1	861687	861688	35	0.7185
chr1	861706	861707	26	0.5736
chr1	861739	861740	31	0.8169
chr1	861763	861764	29	0.5045
chr1	861781	861782	26	0.7048
chr1	861798	861799	34	0.6131
chr1	861835	861836	34	0.8079
chr1	861861	861862	33	0.4791
chr1	861897	861898	28	0.57
chr1	861917	861918	40	0.7823
chr1	861918	861919	29	0.6814
chr1	862018	862019	26	0.8726
chr1	862107	862108	35	0.8367
chr1	862207	862208	27	0.7689
chr1	862307	862308	19	0.7129
chr1	862407	862408	26	0.661
chr1	862463	862464	26	0.728
chr1	862492	862493	29	0.6608
chr1	862508	862509	38	0.7344
chr1	862551	862552	24	0.6807
chr1	862601	862602	29	0.7477
chr1	862635	862636	32	0.6717
chr1	862650	862651	19	0.7749
chr1	862674	862675	37	0.8226
chr1	862706	862707	29	0.8584
chr1	862756	862757	28	0.6754
chr1	862775	862776	32	0.8879
chr1	862807	862808	36	0.7742
chr1	862822	862823	33	0.863
chr1	862841	862842	34	0.8121
chr1	862865	862866	29	0.7507
chr1	862884	862885	38	0.8611
chr1	862918	862919	25	0.7878
chr1	862945	862946	38	0.8965
chr1	862989	862990	29	0.7429
chr1	863028	863029	38	0.8494
chr1	863037	863038	30	0.9253
chr1	863090	863091	36	0.8207
chr1	863168	863169	30	0.7501
chr1	863268	863269	35	0.8284
chr1	863363	863364	22	0.6827
chr1	863421	863422	41	0.6842
chr1	863518	863519	33	0.5641
chr1	863606	863607	18	0.8897
chr1	863643	863644	33	0.7171
chr1	863693	863694	32	0.6483
chr1	863743	863744	30	0.6507
chr1	863784	863785	23	0.7549
chr1	863817	863818	33	0.7836
chr1	863850	863851	27	0.5332
chr1	863873	863874	24	0.6274
chr1	863896	863897	24	0.7217
chr1	863922	863923	20	0.8273
chr1	863965	863966	38	0.7118
chr1	863986	863987	28	0.6728
chr1	864019	864020	28	0.7464
chr1	864053	864054	29	0.7711
chr1	864089	864090	38	0.8248
chr1	864120	864121	31	0.7247
chr1	864176	864177	28	0.7371
chr1	864276	864277	34	0.6828
chr1	864376	864377	32	0.6695
chr1	864426	864427	33	0.6208
chr1	864526	864527	35	0.8288
chr1	864572	864573	33	0.6811
chr1	864592	864593	30	0.8702
chr1	864598	864599	30	0.2688
chr1	864630	864631	36	0.384
chr1	864677	864678	24	0.2945
chr1	864692	864693	32	0.3674
chr1	864711	864712	36	0.3392
chr1	864761	864762	33	0.3436
chr1	864785	864786	28	0.3272
chr1	864813	864814	24	0.416
chr1	864833	864834	31	0.2015
chr1	864858	864859	25	0.3258
chr1	864895	864896	34	0.3429
chr1	864945	864946	29	0.3955
chr1	864980	864981	34	0.2336
chr1	864995	864996	22	0.3686
chr1	865023	865024	23	0.3114
chr1	865044	865045	35	0.2938
chr1	865062	865063	34	0.3746
chr1	865079	865080	38	0.3071
chr1	865179	865180	33	0.2305
chr1	865279	865280	25	0.3677
chr1	865340	865341	27	0.4333
chr1	865428	865429	27	0.3044
chr1	865515	865516	22	0.3147
chr1	865583	865584	35	0.0
chr1	865723	865724	25	0.0505
chr1	865733	865734	27	0.0225
chr1	865753	865754	30	0.0514
chr1	865785	865786	27	0.051
chr1	865845	865846	19	0.0927
chr1	866009	866010	31	0.0152
chr1	866032	866033	33	0.799
chr1	866051	866052	28	1.0
chr1	866091	866092	29	0.9461
chr1	866125	866126	32	0.7585
chr1	866167	866168	23	0.8687
chr1	866191	866192	25	0.8829
chr1	866216	866217	30	0.9244
chr1	866255	866256	27	0.8576
chr1	866285	866286	26	0.9025
chr1	866326	866327	33	0.8589
chr1	866351	866352	33	0.9288
chr1	866401	866402	29	0.8655
chr1	866442	866443	25	0.8025
chr1	866478	866479	24	0.7515
chr1	866578	866579	23	0.754
chr1	866678	866679	21	0.9015
chr1	866773	866774	37	0.813
chr1	866866	866867	35	0.9472
chr1	866922	866923	27	0.799
chr1	866943	866944	35	0.0348
chr1	866958	866959	28	0.1973
chr1	866988	866989	26	0.1773
chr1	867018	867019	22	0.303
chr1	867033	867034	26	0.0502
chr1	867056	867057	29	0.1115
chr1	867106	867107	33	0.2075
chr1	867156	867157	28	0.0818
chr1	867179	867180	26	0.1628
chr1	867207	867208	31	0.123
chr1	867257	867258	23	0.1254
chr1	867307	867308	27	0.2017
chr1	867355	867356	25	0.1305
chr1	867395	867396	24	0.1079
chr1	867433	867434	30	0.1338
chr1	867448	867449	40	0.0733
chr1	867466	867467	27	0.145
chr1	867496	867497	29	0.208
chr1	867563	867564	19	0.1663
chr1	867622	867623	22	0.1957
chr1	867722	867723	36	0.0217
chr1	867811	867812	35	0.1628
chr1	867906	867907	27	0.0645
chr1	868000	868001	25	0.0423
chr1	868004	868005	29	0.1972
chr1	868009	868010	36	0.4388
chr1	868036	868037	32	0.3154
chr1	868076	868077	28	0.2834
chr1	868094	868095	36	0.2468
chr1	868137	868138	17	0.3372
chr1	868172	868173	42	0.4161
chr1	868193	868194	26	0.3658
chr1	868233	868234	34	0.2832
chr1	868283	868284	23	0.3212
chr1	868310	868311	23	0.3034
chr1	868339	868340	29	0.2875
chr1	868362	868363	27	0.3447
chr1	868381	868382	28	0.2981
chr1	868403	868404	23	0.4263
chr1	868418	868419	29	0.3528
chr1	868453	868454	31	0.2726
chr1	868459	868460	34	0.3878
chr1	868509	868510	36	0.3004
chr1	868585	868586	33	0.2424
chr1	868635	868636	26	0.2083
chr1	868735	868736	21	0.3256
chr1	868835	868836	26	0.4126
chr1	869101	869102	24	0.007
chr1	869121	869122	27	0.0598
chr1	869143	869144	34	0.1458
chr1	869155	869156	28	0.0656
chr1	869303	869304	28	0.0933
chr1	869337	869338	40	0.6586
chr1	869383	869384	35	0.8388
chr1	869429	869430	28	0.8191
chr1	869465	869466	29	0.7619
chr1	869512	869513	28	0.853
chr1	869562	869563	25	0.8421
chr1	869604	869605	29	0.6944
chr1	869654	869655	24	0.6597
chr1	869700	869701	30	0.8383
chr1	869740	869741	21	0.5977
chr1	869784	869785	28	0.7988
chr1	869802	869803	27	0.8635
chr1	869820	869821	32	0.878
chr1	869870	869871	26	0.8654
chr1	869888	869889	26	0.8709
chr1	869988	869989	28	0.6757
chr1	870065	870066	24	0.7347
chr1	870165	870166	30	0.7547
chr1	870257	870258	32	0.7416
chr1	870340	870341	26	0.7741
chr1	870396	870397	32	0.7513
chr1	870460	870461	28	0.8171
chr1	870482	870483	31	0.9501
chr1	870521	870522	31	0.7949
chr1	870547	870548	27	0.8484
chr1	870573	870574	28	0.8596
chr1	870594	870595	27	0.7044
chr1	870625	870626	35	0.8805
chr1	870650	870651	26	0.7781
chr1	870669	870670	36	0.8345
chr1	870685	870686	19	0.8123
chr1	870705	870706	25	0.9386
chr1	870722	870723	22	0.8036
chr1	870742	870743	21	0.72
chr1	870780	870781	33	0.6833
chr1	870795	870796	35	0.6933
chr1	870825	870826	22	0.9559
chr1	870870	870871	36	0.853
chr1	870915	870916	30	0.7885
chr1	870952	870953	32	0.7045
chr1	870996	870997	25	0.7265
chr1	871004	871005	28	0.9031
chr1	871104	871105	25	0.8612
chr1	871180	871181	28	0.7011
chr1	871273	871274	23	0.8314
chr1	871373	871374	28	0.9116
chr1	871473	871474	30	0.79
chr1	871483	871484	34	0.6828
chr1	871499	871500	27	0.8597
chr1	871504	871505	32	0.4371
chr1	871526	871527	25	0.4155
chr1	871576	871577	30	0.6036
chr1	871593	871594	30	0.5552
chr1	871608	871609	33	0.5175
chr1	871641	871642	30	0.4787
chr1	871668	871669	28	0.3206
chr1	871700	871701	28	0.5733
chr1	871721	871722	23	0.3707
chr1	871740	871741	23	0.3002
chr1	871755	871756	35	0.4696
chr1	871805	871806	35	0.3266
chr1	871849	871850	25	0.3965
chr1	871865	871866	18	0.5502
chr1	871910	871911	21	0.4476
chr1	871947	871948	28	0.5128
chr1	871968	871969	35	0.4506
chr1	871996	871997	34	0.332
chr1	872029	872030	26	0.3681
chr1	872119	872120	37	0.5432
chr1	872184	872185	23	0.443
chr1	872234	872235	30	0.417
chr1	872306	872307	31	0.5267
chr1	872406	872407	32	0.3931
chr1	872456	872457	31	0.5216
chr1	872527	872528	32	0.479
chr1	872721	872722	27	0.9371
chr1	872739	872740	27	0.8743
chr1	872753	872754	26	0.6902
chr1	872859	872860	33	0.8705
chr1	872965	872966	24	1.0
chr1	873025	873026	32	0.6764
chr1	873027	873028	31	0.7484
chr1	873075	873076	33	0.3116
chr1	873096	873097	34	0.3907
chr1	873111	873112	29	0.5964
chr1	873127	873128	32	0.5528
chr1	873143	873144	37	0.6734
chr1	873162	873163	26	0.6921
chr1	873185	873186	29	0.6639
chr1	873224	873225	24	0.3511
chr1	873250	873251	29	0.3134
chr1	873272	873273	28	0.4883
chr1	873322	873323	30	0.7235
chr1	873357	873358	32	0.6607
chr1	873392	873393	34	0.3971
chr1	873424	873425	23	0.492
chr1	873439	873440	24	0.7158
chr1	873475	873476	28	0.5675
chr1	873525	873526	35	0.3415
chr1	873570	873571	25	0.5027
chr1	873585	873586	37	0.5943
chr1	873620	873621	30	0.386
chr1	873642	873643	23	0.3076
chr1	873645	873646	25	0.433
chr1	873723	873724	26	0.7369
chr1	873813	873814	26	0.6499
chr1	873871	873872	31	0.3949
chr1	873965	873966	28	0.804
chr1	874065	874066	29	0.4218
chr1	874156	874157	30	0.6598
chr1	874308	874309	23	0.7807
chr1	874313	874314	23	0.3943
chr1	874331	874332	26	0.2431
chr1	874381	874382	29	0.3049
chr1	874411	874412	32	0.4881
chr1	874461	874462	27	0.5284
chr1	874497	874498	43	0.3181
chr1	874520	874521	31	0.2971
chr1	874548	874549	31	0.2715
chr1	874568	874569	26	0.3488
chr1	874589	874590	37	0.3213
chr1	874617	874618	23	0.3125
chr1	874667	874668	24	0.3343
chr1	874714	874715	21	0.3339
chr1	874746	874747	32	0.2741
chr1	874773	874774	28	0.2801
chr1	874816	874817	31	0.4411
chr1	874834	874835	19	0.3439
chr1	874846	874847	19	0.2896
chr1	874903	874904	31	0.3883
chr1	875003	875004	22	0.2388
chr1	875103	875104	38	0.2938
chr1	875203	875204	23	0.3841
chr1	875303	875304	32	0.2869
chr1	875451	875452	35	0.0435
chr1	875501	875502	31	0.0468
chr1	875587	875588	29	0.2164
chr1	875635	875636	40	0.1583
chr1	875661	875662	30	0.2174
chr1	875723	875724	34	0.1376
chr1	875789	875790	30	0.0444
chr1	875835	875836	38	0.72
chr1	875850	875851	24	0.5344
chr1	875886	875887	21	0.5464
chr1	875901	875902	37	0.3969
chr1	875931	875932	32	0.5254
chr1	875953	875954	16	0.599
chr1	875981	875982	33	0.5906
chr1	876031	876032	21	0.5402
chr1	876073	876074	28	0.6226
chr1	876095	876096	35	0.4881
chr1	876126	876127	31	0.663
chr1	876153	876154	30	0.6766
chr1	876189	876190	27	0.6845
chr1	876204	876205	24	0.5303
chr1	876243	876244	34	0.7008
chr1	876266	876267	30	0.5088
chr1	876316	876317	24	0.59
chr1	876349	876350	29	0.5284
chr1	876364	876365	42	0.6289
chr1	876414	876415	30	0.5328
chr1	876441	876442	34	0.4965
chr1	876443	876444	40	0.5688
chr1	876500	876501	32	0.4878
chr1	876600	876601	27	0.5204
chr1	876700	876701	21	0.5966
chr1	876800	876801	28	0.6188
chr1	876900	876901	38	0.6167
chr1	876958	876959	26	0.5731
chr1	877044	877045	29	0.5375
chr1	877098	877099	29	0.7295
chr1	877105	877106	25	0.4007
chr1	877155	877156	32	0.4579
chr1	877183	877184	22	0.3403
chr1	877232	877233	32	0.4154
chr1	877258	877259	17	0.3241
chr1	877290	877291	22	0.2756
chr1	877310	877311	29	0.3221
chr1	877333	877334	29	0.2562
chr1	877358	877359	35	0.2312
chr1	877402	877403	24	0.382
chr1	877420	877421	29	0.324
chr1	877439	877440	37	0.3549
chr1	877460	877461	22	0.3647
chr1	877478	877479	23	0.1483
chr1	877518	877519	30	0.2164
chr1	877540	877541	23	0.2004
chr1	877590	877591	24	0.2238
chr1	877600	877601	30	0.2639
chr1	877700	877701	29	0.2313
chr1	877792	877793	34	0.2739
chr1	877892	877893	32	0.3225
chr1	877982	877983	36	0.2305
chr1	878071	878072	33	0.3619
chr1	878107	878108	32	0.1965
chr1	878165	878166	20	0.0622
chr1	878251	878252	30	0.155
chr1	878345	878346	32	0.0
chr1	878351	878352	31	0.1758
chr1	878433	878434	22	0.0
chr1	878509	878510	28	0.1763
chr1	878517	878518	32	0.4933
chr1	878537	878538	34	0.4849
chr1	878555	878556	35	0.4273
chr1	878585	878586	30	0.728
chr1	878613	878614	29	0.3216
chr1	878633	878634	31	0.4988
chr1	878683	878684	28	0.5697
chr1	878699	878700	33	0.4735
chr1	878748	878749	25	0.4909
chr1	878763	878764	34	0.6756
chr1	878786	878787	30	0.4934
chr1	878814	878815	21	0.5406
chr1	878849	878850	36	0.5412
chr1	878874	878875	29	0.3841
chr1	878894	878895	31	0.4117
chr1	878944	878945	27	0.4957
chr1	878977	878978	29	0.5144
chr1	879016	879017	28	0.4852
chr1	879116	879117	39	0.5389
chr1	879216	879217	31	0.6187
chr1	879316	879317	32	0.5543
chr1	879393	879394	33	0.6127
chr1	879493	879494	35	0.4796
chr1	879635	879636	26	0.9442
chr1	879667	879668	30	0.8796
chr1	879689	879690	31	0.953
chr1	879837	879838	27	0.7574
chr1	879893	879894	37	0.8491
chr1	879902	879903	34	0.3213
chr1	879952	879953	22	0.3498
chr1	879967	879968	18	0.2533
chr1	879982	879983	20	0.4413
chr1	880010	880011	28	0.612
chr1	880048	880049	30	0.4561
chr1	880070	880071	27	0.5845
chr1	880113	880114	27	0.458
chr1	880135	880136	25	0.4092
chr1	880168	880169	30	0.3967
chr1	880198	880199	31	0.4634
chr1	880213	880214	27	0.6377
chr1	880239	880240	39	0.5482
chr1	880289	880290	24	0.4097
chr1	880336	880337	36	0.4652
chr1	880379	880380	41	0.5576
chr1	880462	880463	30	0.5098
chr1	880512	880513	28	0.4772
chr1	880612	880613	35	0.4456
chr1	880684	880685	30	0.4419
chr1	880761	880762	31	0.3658
chr1	880849	880850	40	0.3484
chr1	880919	880920	35	0.5736
chr1	880923	880924	28	0.7093
chr1	880957	880958	32	0.5761
chr1	881063	881064	36	0.6363
chr1	881219	881220	22	0.5699
chr1	881233	881234	26	0.7106
chr1	881249	881250	34	0.7007
chr1	881303	881304	25	0.7366
chr1	881329	881330	28	0.5867
chr1	882222	882223	28	0.4374
chr1	882237	882238	35	0.5689
chr1	882287	882288	33	0.3899
chr1	882335	882336	34	0.452
chr1	882379	882380	26	0.4301
chr1	882400	882401	34	0.4635
chr1	882450	882451	27	0.4139
chr1	882476	882477	32	0.5823
chr1	882507	882508	28	0.415
chr1	882537	882538	36	0.2742
chr1	882587	882588	30	0.4878
chr1	882602	882603	25	0.5617
chr1	882631	882632	32	0.4547
chr1	882646	882647	35	0.3797
chr1	882696	882697	25	0.3981
chr1	882702	882703	32	0.5453
chr1	882802	882803	28	0.4649
chr1	882902	882903	31	0.4716
chr1	882957	882958	23	0.6096
chr1	883052	883053	33	0.4673
chr1	883109	883110	29	0.4521
chr1	883175	883176	32	0.3199
chr1	883200	883201	27	0.7335
chr1	883225	883226	22	0.7685
chr1	883240	883241	31	0.7122
chr1	883257	883258	35	0.7091
chr1	883297	883298	31	0.8624
chr1	883314	883315	26	0.8976
chr1	883353	883354	29	0.9496
chr1	883390	883391	29	0.8066
chr1	883407	883408	37	0.7762
chr1	883440	883441	32	0.6442
chr1	883455	883456	24	0.9584
chr1	883485	883486	29	0.7971
chr1	883500	883501	21	0.884
chr1	883550	883551	36	0.924
chr1	883581	883582	32	0.9758
chr1	883612	883613	28	0.6403
chr1	883647	883648	20	0.7536
chr1	883666	883667	30	0.6155
chr1	883675	883676	26	0.8034
chr1	883756	883757	35	0.8313
chr1	883856	883857	26	0.7092
chr1	883956	883957	25	0.8197
chr1	884056	884057	35	0.6656
chr1	884131	884132	32	0.8444
chr1	884199	884200	28	0.8177
chr1	884205	884206	29	0.4191
chr1	884226	884227	29	0.4136
chr1	884252	884253	31	0.4748
chr1	884302	884303	31	0.2001
chr1	884352	884353	34	0.309
chr1	884369	884370	30	0.3217
chr1	884390	884391	27	0.5622
chr1	884414	884415	29	0.4101
chr1	884434	884435	27	0.5239
chr1	884472	884473	27	0.3319
chr1	884505	884506	28	0.2647
chr1	884526	884527	41	0.242
chr1	884568	884569	38	0.4204
chr1	884593	884594	29	0.3686
chr1	884610	884611	23	0.4308
chr1	884648	884649	27	0.2895
chr1	884678	884679	34	0.5921
chr1	884697	884698	20	0.5732
chr1	884731	884732	33	0.595
chr1	884760	884761	23	0.4125
chr1	884805	884806	31	0.5487
chr1	884815	884816	33	0.5607
chr1	884915	884916	29	0.3359
chr1	885015	885016	26	0.4462
chr1	885077	885078	26	0.4565
chr1	885177	885178	26	0.2541
chr1	885252	885253	30	0.3879
chr1	885302	885303	28	0.2833
chr1	885396	885397	22	0.4705
chr1	885416	885417	35	0.7968
chr1	885480	885481	31	0.7028
chr1	885500	885501	19	0.8908
chr1	885506	885507	31	0.6267
chr1	885542	885543	34	0.8407
chr1	885551	885552	35	0.4753
chr1	885589	885590	22	0.4563
chr1	885618	885619	24	0.5211
chr1	885637	885638	24	0.3273
chr1	885666	885667	33	0.4789
chr1	885713	885714	28	0.4204
chr1	885756	885757	33	0.2893
chr1	885786	885787	34	0.5306
chr1	885836	885837	29	0.5419
chr1	885886	885887	32	0.5355
chr1	885901	885902	25	0.2713
chr1	885933	885934	36	0.3172
chr1	885981	885982	30	0.4544
chr1	886021	886022	33	0.2353
chr1	886066	886067	32	0.5207
chr1	886087	886088	32	0.4379
chr1	886094	886095	35	0.5258
chr1	886194	886195	32	0.5969
chr1	886275	886276	25	0.4157
chr1	886375	886376	30	0.277
chr1	886432	886433	30	0.3289
chr1	886532	886533	38	0.2846
chr1	886632	886633	25	0.5245
chr1	886688	886689	30	0.7483
chr1	886772	886773	34	0.8277
chr1	886860	886861	26	0.5438
chr1	886910	886911	43	0.6024
chr1	886946	886947	36	0.81
chr1	887066	887067	30	0.6366
chr1	887076	887077	22	0.2332
chr1	887106	887107	25	0.2993
chr1	887122	887123	29	0.2523
chr1	887146	887147	23	0.4948
chr1	887196	887197	32	0.2012
chr1	887223	887224	27	0.2472
chr1	887256	887257	28	0.1703
chr1	887280	887281	35	0.1767
chr1	887305	887306	31	0.2341
chr1	887336	887337	35	0.248
chr1	887384	887385	31	0.3661
chr1	887434	887435	21	0.2604
chr1	887484	887485	34	0.3321
chr1	887511	887512	34	0.3157
chr1	887526	887527	41	0.2826
chr1	887541	887542	28	0.2184
chr1	887641	887642	32	0.2789
chr1	887741	887742	24	0.2249
chr1	887841	887842	36	0.306
chr1	887941	887942	16	0.2761
chr1	887969	887970	25	0.1288
chr1	888011	888012	37	0.1775
chr1	888111	888112	30	0.3092
chr1	888337	888338	33	0.3186
chr1	888349	888350	40	0.0686
chr1	888354	888355	26	0.4917
chr1	888374	888375	29	0.386
chr1	888423	888424	32	0.416
chr1	888444	888445	22	0.2413
chr1	888476	888477	32	0.2743
chr1	888497	888498	33	0.5585
chr1	888514	888515	31	0.4452
chr1	888530	888531	31	0.3689
chr1	888545	888546	29	0.463
chr1	888571	888572	27	0.6441
chr1	888621	888622	33	0.4547
chr1	888648	888649	33	0.5602
chr1	888669	888670	37	0.5417
chr1	888691	888692	33	0.434
chr1	888706	888707	34	0.5186
chr1	888756	888757	31	0.4836
chr1	888771	888772	30	0.5574
chr1	888799	888800	28	0.5393
chr1	888828	888829	30	0.6103
chr1	888854	888855	22	0.4224
chr1	888871	888872	28	0.4562
chr1	888971	888972	34	0.3654
chr1	889021	889022	27	0.4236
chr1	889111	889112	30	0.4166
chr1	889211	889212	29	0.4742
chr1	889311	889312	27	0.388
chr1	889323	889324	13	0.8718
chr1	889337	889338	25	0.9568
chr1	889407	889408	28	0.8657
chr1	889433	889434	33	0.6985
chr1	889545	889546	22	0.5909
chr1	889561	889562	32	0.7206
chr1	889603	889604	28	0.7367
chr1	889783	889784	25	0.6814
chr1	889828	889829	30	0.6024
chr1	889871	889872	30	0.6855
chr1	889908	889909	28	0.5462
chr1	889958	889959	32	0.5984
chr1	890008	890009	38	0.7013
chr1	890023	890024	23	0.8233
chr1	890073	890074	34	0.6986
chr1	890090	890091	24	0.663
chr1	890127	890128	32	0.7223
chr1	890151	890152	25	0.6721
chr1	890175	890176	30	0.6268
chr1	890225	890226	25	0.7018
chr1	890262	890263	30	0.6356
chr1	890290	890291	34	0.7077
chr1	890340	890341	32	0.6589
chr1	890355	890356	28	0.5033
chr1	890425	890426	21	0.6217
chr1	890525	890526	29	0.5866
chr1	890619	890620	26	0.7378
chr1	890719	890720	24	0.5876
chr1	890819	890820	22	0.7322
chr1	890869	890870	30	0.5097
chr1	890923	890924	34	0.7585
chr1	890967	890968	28	0.5963
chr1	890977	890978	24	0.7439
chr1	891009	891010	37	0.6327
chr1	891047	891048	38	0.602
chr1	891087	891088	28	0.714
chr1	891102	891103	25	0.7684
chr1	891152	891153	41	0.7616
chr1	891181	891182	35	0.8544
chr1	891210	891211	25	0.731
chr1	891237	891238	17	0.6965
chr1	891262	891263	21	0.6409
chr1	891312	891313	24	0.721
chr1	891361	891362	25	0.6448
chr1	891378	891379	29	0.6976
chr1	891405	891406	26	0.6373
chr1	891422	891423	20	0.8945
chr1	891463	891464	32	0.8281
chr1	891510	891511	27	0.6548
chr1	891517	891518	26	0.6032
chr1	891617	891618	21	0.6803
chr1	891703	891704	28	0.7235
chr1	891803	891804	30	0.6463
chr1	891903	891904	29	0.7982
chr1	891969	891970	35	0.6732
chr1	892034	892035	27	0.7799
chr1	892056	892057	22	0.8222
chr1	892061	892062	34	0.3215
chr1	892109	892110	32	0.4403
chr1	892130	892131	33	0.5022
chr1	892159	892160	27	0.4909
chr1	892186	892187	25	0.5881
chr1	892227	892228	26	0.4588
chr1	892253	892254	33	0.3355
chr1	892303	892304	32	0.5341
chr1	892353	892354	28	0.3304
chr1	892395	892396	28	0.375
chr1	892445	892446	33	0.487
chr1	892495	892496	22	0.3336
chr1	892510	892511	33	0.4037
chr1	892532	892533	26	0.5154
chr1	892580	892581	25	0.4161
chr1	892609	892610	26	0.4121
chr1	892638	892639	24	0.3754
chr1	892655	892656	25	0.4244
chr1	892670	892671	26	0.3409
chr1	892750	892751	26	0.4138
chr1	892800	892801	22	0.2536
chr1	892856	892857	24	0.5198
chr1	892906	892907	33	0.3212
chr1	893006	893007	21	0.3644
chr1	893106	893107	30	0.3682
chr1	893206	893207	35	0.2151
chr1	893256	893257	29	0.5321
chr1	893268	893269	31	0.7062
chr1	893352	893353	37	0.7319
chr1	893434	893435	27	0.6782
chr1	893494	893495	35	0.5275
chr1	893556	893557	34	0.6515
chr1	893674	893675	27	0.7231
chr1	893700	893701	29	0.809
chr1	893739	893740	22	0.6254
chr1	893754	893755	36	1.0
chr1	893770	893771	32	0.7673
chr1	893797	893798	31	0.6442
chr1	893812	893813	28	0.7321
chr1	893862	893863	32	0.5997
chr1	893877	893878	27	0.5509
chr1	893893	893894	25	0.8507
chr1	893917	893918	27	0.9161
chr1	893932	893933	22	0.8106
chr1	893964	893965	30	0.7577
chr1	893979	893980	30	0.7394
chr1	894000	894001	35	0.7934
chr1	894046	894047	30	0.6248
chr1	894066	894067	34	0.6777
chr1	894093	894094	29	0.6647
chr1	894126	894127	31	0.759
chr1	894168	894169	25	0.8384
chr1	894198	894199	29	0.5677
chr1	894231	894232	27	0.678
chr1	894265	894266	27	0.5655
chr1	894365	894366	30	0.7964
chr1	894439	894440	27	0.5991
chr1	894498	894499	32	0.6891
chr1	894578	894579	34	0.6784
chr1	894678	894679	24	0.7615
chr1	894778	894779	25	0.7471
chr1	894806	894807	34	0.8787
chr1	894844	894845	27	0.8002
chr1	894890	894891	29	0.8711
chr1	894913	894914	30	0.9412
chr1	894963	894964	19	0.8464
chr1	894980	894981	36	0.7693
chr1	895030	895031	30	0.7785
chr1	895052	895053	31	0.8453
chr1	895078	895079	26	0.7849
chr1	895102	895103	28	0.9286
chr1	895138	895139	29	0.7893
chr1	895180	895181	37	0.938
chr1	895224	895225	33	0.8945
chr1	895264	895265	32	0.927
chr1	895314	895315	28	0.8148
chr1	895315	895316	27	0.9134
chr1	895415	895416	24	0.8493
chr1	895476	895477	31	0.9034
chr1	895576	895577	25	0.8935
chr1	895676	895677	37	0.8671
chr1	895684	895685	29	0.9975
chr1	895692	895693	34	0.257
chr1	895708	895709	36	0.2007
chr1	895735	895736	31	0.6259
chr1	895773	895774	22	0.6252
chr1	895795	895796	28	0.4873
chr1	895812	895813	27	0.5632
chr1	895860	895861	37	0.578
chr1	895878	895879	24	0.7449
chr1	895893	895894	23	0.6608
chr1	895930	895931	33	0.3792
chr1	895951	895952	17	0.4424
chr1	895974	895975	32	0.3039
chr1	896024	896025	38	0.3182
chr1	896056	896057	34	0.2915
chr1	896085	896086	35	0.3067
chr1	896116	896117	24	0.3221
chr1	896166	896167	27	0.3754
chr1	896182	896183	35	0.3832
chr1	896232	896233	33	0.3775
chr1	896290	896291	26	0.3382
chr1	896359	896360	28	0.3448
chr1	896425	896426	25	0.4102
chr1	896517	896518	29	0.3744
chr1	896617	896618	26	0.3635
chr1	896667	896668	32	0.2721
chr1	896751	896752	25	0.1583
chr1	896775	896776	24	0.3033
chr1	896825	896826	33	0.2509
chr1	896929	896930	28	0.3128
chr1	896961	896962	35	0.4326
chr1	896977	896978	24	0.2764
chr1	897017	897018	32	0.3371
chr1	897107	897108	34	0.5146
chr1	897149	897150	35	0.1793
chr1	897159	897160	39	0.2891
chr1	897204	897205	37	0.6377
chr1	897242	897243	33	0.717
chr1	897263	897264	24	0.6422
chr1	897291	897292	33	0.5033
chr1	897320	897321	27	0.6566
chr1	897370	897371	29	0.7924
chr1	897417	897418	29	0.594
chr1	897454	897455	31	0.5262
chr1	897479	897480	25	0.6488
chr1	897527	897528	34	0.4581
chr1	897542	897543	29	0.6614
chr1	897590	897591	26	0.4456
chr1	897622	897623	26	0.6206
chr1	897652	897653	22	0.5658
chr1	897687	897688	25	0.5898
chr1	897706	897707	28	0.7131
chr1	897713	897714	31	0.7421
chr1	897813	897814	23	0.6117
chr1	897913	897914	28	0.6787
chr1	898013	898014	21	0.6092
chr1	898067	898068	30	0.7677
chr1	898120	898121	36	0.6198
chr1	898206	898207	25	0.4837
chr1	898234	898235	20	0.7082
chr1	898280	898281	24	0.6374
chr1	898318	898319	31	0.2516
chr1	898337	898338	36	0.1966
chr1	898368	898369	29	0.2943
chr1	898418	898419	31	0.2716
chr1	898450	898451	31	0.2065
chr1	898465	898466	29	0.3501
chr1	898515	898516	29	0.253
chr1	898565	898566	30	0.2109
chr1	898615	898616	25	0.1933
chr1	898630	898631	35	0.2315
chr1	898665	898666	36	0.3726
chr1	898715	898716	32	0.362
chr1	898744	898745	27	0.2647
chr1	898794	898795	31	0.2389
chr1	898812	898813	31	0.2232
chr1	898912	898913	24	0.2791
chr1	899012	899013	24	0.3775
chr1	899062	899063	30	0.2971
chr1	899148	899149	34	0.2201
chr1	899209	899210	30	0.4553
chr1	899265	899266	27	0.12
chr1	899276	899277	35	0.8923
chr1	899326	899327	29	0.8822
chr1	899346	899347	30	0.7896
chr1	899373	899374	19	0.6806
chr1	899417	899418	35	0.8165
chr1	899447	899448	30	0.8487
chr1	899462	899463	34	0.8901
chr1	899485	899486	35	0.8932
chr1	899533	899534	31	0.9097
chr1	899551	899552	30	0.7172
chr1	899601	899602	35	0.8033
chr1	899651	899652	29	0.8492
chr1	899677	899678	20	0.8002
chr1	899696	899697	27	0.8817
chr1	899736	899737	25	0.8497
chr1	899751	899752	30	0.7034
chr1	899851	899852	21	0.9155
chr1	899920	899921	33	0.8493
chr1	899997	899998	31	0.7693
chr1	900092	900093	25	0.8603
chr1	900192	900193	28	0.9045
chr1	900240	900241	33	0.9528
chr1	900245	900246	34	0.6599
chr1	900295	900296	20	0.6213
chr1	900331	900332	24	0.41
chr1	900381	900382	25	0.586
chr1	900402	900403	31	0.556
chr1	900439	900440	31	0.5774
chr1	900459	900460	27	0.5939
chr1	900475	900476	30	0.5018
chr1	900494	900495	23	0.5901
chr1	900515	900516	33	0.6114
chr1	900542	900543	27	0.4122
chr1	900571	900572	38	0.6183
chr1	900600	900601	29	0.4845
chr1	900644	900645	33	0.6209
chr1	900677	900678	30	0.4603
chr1	900688	900689	27	0.6863
chr1	900788	900789	28	0.3211
chr1	900838	900839	35	0.4998
chr1	900888	900889	28	0.556
chr1	900988	900989	36	0.5869
chr1	901064	901065	30	0.5229
chr1	901180	901181	27	0.8482
chr1	901240	901241	37	0.7945
chr1	901292	901293	25	0.8253
chr1	901432	901433	27	0.6541
chr1	901466	901467	16	0.736
chr1	901474	901475	24	0.6524
chr1	901504	901505	21	0.6976
chr1	901523	901524	32	0.4536
chr1	901570	901571	33	0.4342
chr1	901609	901610	37	0.4565
chr1	901638	901639	24	0.4929
chr1	901681	901682	27	0.6464
chr1	901715	901716	35	0.5422
chr1	901739	901740	33	0.7639
chr1	901776	901777	34	0.604
chr1	901811	901812	38	0.5258
chr1	901841	901842	31	0.5475
chr1	901891	901892	38	0.5883
chr1	901941	901942	32	0.7571
chr1	901969	901970	22	0.6314
chr1	901992	901993	31	0.7197
chr1	902092	902093	30	0.5556
chr1	902192	902193	28	0.4463
chr1	902292	902293	33	0.6249
chr1	902392	902393	22	0.5729
chr1	902492	902493	18	0.6714
chr1	902498	902499	32	0.7426
chr1	902584	902585	34	0.9502
chr1	902616	902617	26	0.8074
chr1	902672	902673	27	0.6346
chr1	902726	902727	29	0.7022
chr1	902788	902789	35	0.6724
chr1	902804	902805	29	0.7862
chr1	902806	902807	29	0.7391
chr1	902832	902833	33	0.89
chr1	902918	902919	29	0.6314
chr1	902925	902926	31	0.8306
chr1	902975	902976	25	0.8276
chr1	903025	903026	31	0.749
chr1	903040	903041	30	0.8487
chr1	903090	903091	22	0.6354
chr1	903122	903123	36	0.5432
chr1	903166	903167	38	0.4665
chr1	903216	903217	28	0.3451
chr1	903264	903265	30	0.5027
chr1	903302	903303	35	0.5275
chr1	903322	903323	27	0.6318
chr1	903344	903345	31	0.6266
chr1	903379	903380	30	0.488
chr1	903414	903415	28	0.6033
chr1	903457	903458	32	0.6863
chr1	903534	903535	23	0.8055
chr1	903598	903599	35	0.619
chr1	903674	903675	29	0.8181
chr1	903748	903749	33	0.6128
chr1	903823	903824	28	0.7702
chr1	903923	903924	31	0.6857
chr1	903939	903940	30	0.7849
chr1	903945	903946	37	0.8449
chr1	904009	904010	36	0.7456
chr1	904017	904018	37	0.6313
chr1	904423	904424	31	0.6495
chr1	904431	904432	35	0.3892
chr1	904458	904459	33	0.4851
chr1	904490	904491	29	0.4044
chr1	904519	904520	31	0.4767
chr1	904565	904566	28	0.3123
chr1	904585	904586	25	0.2413
chr1	904607	904608	27	0.4002
chr1	904633	904634	33	0.4487
chr1	904683	904684	22	0.5237
chr1	904698	904699	30	0.2623
chr1	904734	904735	33	0.4101
chr1	904758	904759	32	0.5269
chr1	904793	904794	36	0.5816
chr1	904833	904834	31	0.5365
chr1	904853	904854	20	0.4059
chr1	904889	904890	28	0.51
chr1	904930	904931	32	0.7407
chr1	904963	904964	26	0.4414
chr1	904984	904985	27	0.3721
chr1	905034	905035	35	0.5707
chr1	905134	905135	25	0.4917
chr1	905184	905185	34	0.4444
chr1	905243	905244	31	0.224
chr1	905293	905294	33	0.3474
chr1	905357	905358	22	0.6635
chr1	905457	905458	37	0.326
chr1	905531	905532	37	0.8314
chr1	905555	905556	29	0.6407
chr1	905563	905564	32	0.6543
chr1	905569	905570	29	0.5596
chr1	905573	905574	30	0.5157
chr1	905647	905648	27	0.7202
chr1	905685	905686	29	0.7887
chr1	905833	905834	30	0.6483
chr1	905880	905881	31	0.0402
chr1	905915	905916	19	0.0817
chr1	905965	905966	35	0.0426
chr1	905999	906000	24	0.1348
chr1	906024	906025	31	0.2033
chr1	906051	906052	32	0.059
chr1	906100	906101	28	0.0
chr1	906123	906124	21	0.0688
chr1	906158	906159	32	0.0941
chr1	906180	906181	29	0.1088
chr1	906213	906214	32	0.1057
chr1	906263	906264	27	0.0846
chr1	906288	906289	27	0.0822
chr1	906314	906315	39	0.1479
chr1	906335	906336	32	0.0608
chr1	906339	906340	30	0.206
chr1	906439	906440	23	0.0278
chr1	906536	906537	31	0.1859
chr1	906636	906637	24	0.0644
chr1	906699	906700	35	0.0
chr1	906763	906764	25	0.0185
chr1	906789	906790	37	0.0909
chr1	906797	906798	37	0.6454
chr1	906828	906829	34	0.3511
chr1	906855	906856	27	0.4956
chr1	906904	906905	34	0.338
chr1	906930	906931	20	0.4513
chr1	906946	906947	31	0.4889
chr1	906991	906992	29	0.5647
chr1	907035	907036	27	0.642
chr1	907080	907081	34	0.7599
chr1	907130	907131	29	0.7047
chr1	907180	907181	27	0.701
chr1	907230	907231	34	0.6803
chr1	907247	907248	33	0.6184
chr1	907277	907278	33	0.7492
chr1	907303	907304	30	0.7421
chr1	907402	907403	26	0.7183
chr1	907486	907487	33	0.6895
chr1	907536	907537	32	0.6982
chr1	907636	907637	38	0.8189
chr1	907736	907737	32	0.8357
chr1	907790	907791	28	0.6143
chr1	907884	907885	27	0.9004
chr1	907928	907929	40	0.8234
chr1	907934	907935	26	0.768
chr1	908018	908019	27	0.8336
chr1	908024	908025	29	0.7566
chr1	908140	908141	31	0.8492
chr1	908150	908151	30	0.8214
chr1	908204	908205	35	0.6426
chr1	908232	908233	26	0.6026
chr1	908263	908264	26	0.5832
chr1	908297	908298	21	0.9062
chr1	908319	908320	31	0.8035
chr1	908356	908357	21	0.4813
chr1	908397	908398	35	0.7477
chr1	908415	908416	18	0.5443
chr1	908433	908434	23	0.7226
chr1	908458	908459	32	0.7682
chr1	908480	908481	26	0.7135
chr1	908530	908531	32	0.5962
chr1	908575	908576	30	0.5511
chr1	908590	908591	32	0.5827
chr1	908627	908628	21	0.7104
chr1	908677	908678	35	0.6339
chr1	908777	908778	24	0.756
chr1	908877	908878	33	0.7292
chr1	908944	908945	37	0.4656
chr1	909001	909002	21	0.7881
chr1	909017	909018	30	0.9044
chr1	909059	909060	31	0.6912
chr1	909085	909086	32	0.8077
chr1	909105	909106	32	0.805
chr1	909126	909127	24	0.7681
chr1	909145	909146	27	0.6119
chr1	909160	909161	38	0.7092
chr1	909200	909201	34	0.7242
chr1	909215	909216	21	0.8422
chr1	909252	909253	36	0.7905
chr1	909302	909303	32	0.8007
chr1	909349	909350	33	0.8565
chr1	909378	909379	24	0.7327
chr1	909404	909405	33	0.699
chr1	909435	909436	26	0.7133
chr1	909473	909474	23	0.8238
chr1	909510	909511	29	0.8238
chr1	909558	909559	36	0.8972
chr1	909577	909578	29	0.8209
chr1	909677	909678	31	0.7243
chr1	909777	909778	23	0.9236
chr1	909877	909878	28	0.9288
chr1	909965	909966	29	0.6371
chr1	910061	910062	23	0.8908
chr1	910063	910064	30	0.8454
chr1	910100	910101	24	0.2808
chr1	910142	910143	29	0.4002
chr1	910184	910185	38	0.6666
chr1	910234	910235	29	0.1887
chr1	910284	910285	29	0.7414
chr1	910334	910335	26	0.2277
chr1	910353	910354	28	0.6719
chr1	910397	910398	28	0.5833
chr1	910447	910448	36	0.3362
chr1	910497	910498	30	0.4018
chr1	910531	910532	28	0.4278
chr1	910541	910542	27	0.7854
chr1	910641	910642	31	0.7786
chr1	910693	910694	26	0.6848
chr1	910790	910791	28	0.286
chr1	910849	910850	33	0.3689
chr1	910949	910950	28	0.5818
chr1	910992	910993	35	0.5583
chr1	910998	910999	33	0.6307
chr1	911044	911045	28	0.6236
chr1	911094	911095	21	0.8394
chr1	911109	911110	38	0.6821
chr1	911124	911125	31	0.9054
chr1	911140	911141	31	0.8955
chr1	911155	911156	28	0.7839
chr1	911180	911181	35	0.6409
chr1	911227	911228	23	0.7138
chr1	911254	911255	24	0.5368
chr1	911304	911305	32	0.6891
chr1	911339	911340	37	0.8501
chr1	911371	911372	33	0.773
chr1	911417	911418	28	0.497
chr1	911467	911468	31	0.7584
chr1	911496	911497	27	0.6569
chr1	911511	911512	30	0.6358
chr1	911531	911532	27	0.5856
chr1	911614	911615	28	0.7672
chr1	911664	911665	33	0.5644
chr1	911764	911765	33	0.68
chr1	911864	911865	36	0.7851
chr1	911928	911929	22	0.7784
chr1	912013	912014	33	0.7405
chr1	912035	912036	32	0.7197
chr1	912040	912041	24	0.459
chr1	912090	912091	30	0.5383
chr1	912140	912141	27	0.5881
chr1	912190	912191	23	0.336
chr1	912240	912241	27	0.5832
chr1	912259	912260	35	0.7008
chr1	912283	912284	44	0.7309
chr1	912332	912333	37	0.5778
chr1	912382	912383	31	0.718
chr1	912399	912400	35	0.573
chr1	912415	912416	37	0.5275
chr1	912443	912444	26	0.5905
chr1	912463	912464	13	0.6436
chr1	912507	912508	17	0.464
chr1	912519	912520	36	0.5431
chr1	912619	912620	36	0.5643
chr1	912719	912720	32	0.6667
chr1	912819	912820	28	0.5702
chr1	912918	912919	33	0.6571
chr1	912968	912969	27	0.5991
chr1	912976	912977	37	0.7618
chr1	913014	913015	28	0.7272
chr1	913038	913039	26	0.7538
chr1	913084	913085	41	0.7431
chr1	913122	913123	31	0.7812
chr1	913220	913221	23	0.5874
chr1	913258	913259	29	0.7696
chr1	913394	913395	27	0.9387
chr1	913424	913425	31	0.5978
chr1	913448	913449	25	0.8748
chr1	913489	913490	26	0.5199
chr1	913539	913540	36	0.7466
chr1	913589	913590	31	0.5876
chr1	913605	913606	25	0.5082
chr1	913655	913656	16	0.5097
chr1	913670	913671	27	0.3779
chr1	913694	913695	19	0.5838
chr1	913725	913726	23	0.4825
chr1	913775	913776	29	0.6677
chr1	913799	913800	35	0.6978
chr1	913845	913846	28	0.6716
chr1	913879	913880	23	0.7091
chr1	913895	913896	30	0.6373
chr1	913911	913912	25	0.5923
chr1	913985	913986	28	0.6521
chr1	914085	914086	37	0.6272
chr1	914185	914186	32	0.4649
chr1	914235	914236	31	0.6583
chr1	914331	914332	31	0.6452
chr1	914339	914340	20	0.7171
chr1	914347	914348	27	0.5073
chr1	914365	914366	22	0.3423
chr1	914389	914390	26	0.2115
chr1	914426	914427	27	0.228
chr1	914451	914452	25	0.3645
chr1	914471	914472	28	0.3732
chr1	914521	914522	26	0.2268
chr1	914540	914541	31	0.1975
chr1	914572	914573	31	0.2591
chr1	914616	914617	33	0.2098
chr1	914643	914644	21	0.2309
chr1	914670	914671	22	0.3904
chr1	914693	914694	32	0.2629
chr1	914715	914716	33	0.1697
chr1	914730	914731	27	0.2142
chr1	914780	914781	38	0.1713
chr1	914800	914801	23	0.3045
chr1	914848	914849	32	0.1335
chr1	914877	914878	34	0.0841
chr1	914977	914978	32	0.299
chr1	915057	915058	30	0.3824
chr1	915157	915158	30	0.221
chr1	915257	915258	27	0.4833
chr1	915357	915358	31	0.4241
chr1	915409	915410	36	0.2219
chr1	915431	915432	23	0.2138
chr1	915474	915475	32	0.8878
chr1	915510	915511	23	0.7424
chr1	915560	915561	27	0.7063
chr1	915577	915578	25	0.8358
chr1	915627	915628	22	0.8071
chr1	915669	915670	29	0.7544
chr1	915697	915698	33	0.7665
chr1	915747	915748	30	0.7974
chr1	915782	915783	33	0.8118
chr1	915815	915816	24	0.7509
chr1	915838	915839	38	0.7375
chr1	915882	915883	39	0.6143
chr1	915897	915898	31	0.7578
chr1	915912	915913	32	0.6845
chr1	915944	915945	37	0.7754
chr1	915945	915946	31	0.7665
chr1	915995	915996	22	0.9
chr1	916095	916096	26	0.7457
chr1	916195	916196	28	0.6185
chr1	916287	916288	29	0.7043
chr1	916387	916388	30	0.8089
chr1	916397	916398	31	0.6102
chr1	916415	916416	26	0.8732
chr1	916427	916428	23	0.6768
chr1	916448	916449	28	0.7125
chr1	916484	916485	31	0.826
chr1	916515	916516	28	0.6593
chr1	916537	916538	24	0.6419
chr1	916585	916586	30	0.7802
chr1	916635	916636	30	0.7339
chr1	916685	916686	31	0.6947
chr1	916716	916717	35	0.8483
chr1	916741	916742	35	0.7475
chr1	916777	916778	34	0.8187
chr1	916827	916828	35	0.8618
chr1	916861	916862	29	0.6021
chr1	916888	916889	31	0.7253
chr1	916903	916904	30	0.8637
chr1	916929	916930	29	0.8162
chr1	917000	917001	34	0.8479
chr1	917100	917101	30	0.7187
chr1	917200	917201	26	0.7324
chr1	917300	917301	35	0.7922
chr1	917393	917394	32	0.6214
chr1	917443	917444	21	0.9544
chr1	917493	917494	34	0.8004
chr1	917510	917511	33	0.7244
chr1	917528	917529	24	0.7106
chr1	917550	917551	30	0.6979
chr1	917576	917577	27	0.7187
chr1	917600	917601	31	0.6269
chr1	917622	917623	26	0.685
chr1	917672	917673	30	0.8123
chr1	917722	917723	26	0.7699
chr1	917747	917748	26	0.9056
chr1	917779	917780	30	0.6989
chr1	917805	917806	36	0.7245
chr1	917829	917830	26	0.6807
chr1	917858	917859	24	0.5761
chr1	917889	917890	32	0.772
chr1	917939	917940	25	0.6445
chr1	917955	917956	32	0.8334
chr1	918005	918006	32	0.6203
chr1	918028	918029	32	0.7853
chr1	918059	918060	22	0.6924
chr1	918062	918063	34	0.6925
chr1	918162	918163	32	0.7309
chr1	918231	918232	24	0.6851
chr1	918331	918332	37	0.6197
chr1	918385	918386	30	0.9211
chr1	918485	918486	26	0.5283
chr1	918576	918577	35	0.8745
chr1	918630	918631	23	0.9348
chr1	918654	918655	26	0.8242
chr1	918694	918695	31	0.5038
chr1	918710	918711	23	0.6315
chr1	918727	918728	27	0.6971
chr1	918742	918743	34	0.469
chr1	918770	918771	32	0.3684
chr1	918820	918821	31	0.4568
chr1	918843	918844	31	0.5139
chr1	918886	918887	25	0.2411
chr1	918910	918911	23	0.418
chr1	918958	918959	28	0.5396
chr1	918991	918992	23	0.3381
chr1	919017	919018	33	0.4182
chr1	919032	919033	38	0.5617
chr1	919072	919073	33	0.5859
chr1	919093	919094	25	0.4733
chr1	919139	919140	32	0.4329
chr1	919173	919174	23	0.3763
chr1	919210	919211	29	0.3353
chr1	919310	919311	30	0.4928
chr1	919402	919403	34	0.371
chr1	919502	919503	30	0.3171
chr1	919602	919603	36	0.2455
chr1	919654	919655	29	0.6055
chr1	919729	919730	31	0.8065
chr1	919747	919748	29	0.5402
chr1	919767	919768	31	0.7471
chr1	919817	919818	37	0.6336
chr1	919834	919835	30	0.8342
chr1	919869	919870	32	0.5814
chr1	919919	919920	23	0.7371
chr1	919969	919970	37	0.6992
chr1	920000	920001	29	0.5702
chr1	920043	920044	17	0.5124
chr1	920061	920062	24	0.5557
chr1	920105	920106	29	0.7644
chr1	920123	920124	33	0.8146
chr1	920173	920174	19	0.6069
chr1	920203	920204	24	0.8253
chr1	920230	920231	25	0.5914
chr1	920280	920281	37	0.5704
chr1	920313	920314	31	0.5992
chr1	920327	920328	36	0.6546
chr1	920427	920428	31	0.7534
chr1	920511	920512	34	0.6878
chr1	920611	920612	31	0.6104
chr1	920711	920712	24	0.5786
chr1	920761	920762	31	0.6978
chr1	920861	920862	30	0.6375
chr1	920903	920904	17	0.8904
chr1	920951	920952	33	0.7056
chr1	921000	921001	26	0.4117
chr1	921050	921051	30	0.6778
chr1	921084	921085	30	0.6315
chr1	921110	921111	27	0.6816
chr1	921138	921139	34	0.7079
chr1	921181	921182	23	0.6769
chr1	921207	921208	32	0.639
chr1	921257	921258	39	0.5454
chr1	921299	921300	33	0.4787
chr1	921322	921323	36	0.523
chr1	921353	921354	37	0.5785
chr1	921403	921404	29	0.6373
chr1	921453	921454	26	0.5951
chr1	921468	921469	29	0.7641
chr1	921469	921470	27	0.634
chr1	921569	921570	25	0.5409
chr1	921669	921670	39	0.6853
chr1	921769	921770	24	0.6456
chr1	921824	921825	30	0.6274
chr1	921924	921925	37	0.6366
chr1	921974	921975	42	0.9103
chr1	922016	922017	36	0.5436
chr1	922030	922031	18	0.8585
chr1	922080	922081	30	0.7166
chr1	922130	922131	36	0.6866
chr1	922177	922178	35	0.589
chr1	922199	922200	34	0.8896
chr1	922223	922224	35	0.8635
chr1	922252	922253	31	0.6896
chr1	922288	922289	36	0.8204
chr1	922312	922313	22	0.7567
chr1	922359	922360	25	0.9116
chr1	922380	922381	32	0.914
chr1	922399	922400	35	0.9151
chr1	922440	922441	24	0.7691
chr1	922490	922491	36	0.9711
chr1	922584	922585	19	0.8906
chr1	922674	922675	34	0.8893
chr1	922724	922725	27	0.8176
chr1	922789	922790	22	0.7939
chr1	922857	922858	26	0.8178
chr1	922861	922862	32	0.9266
chr1	922869	922870	31	0.5655
chr1	922917	922918	37	0.717
chr1	922945	922946	29	0.7202
chr1	922990	922991	26	0.7796
chr1	923023	923024	31	0.741
chr1	923038	923039	29	0.6076
chr1	923066	923067	34	0.7401
chr1	923081	923082	25	0.5901
chr1	923128	923129	24	0.6075
chr1	923178	923179	28	0.7164
chr1	923195	923196	29	0.7467
chr1	923245	923246	30	0.6815
chr1	923260	923261	29	0.5922
chr1	923287	923288	23	0.5278
chr1	923308	923309	31	0.73
chr1	923324	923325	37	0.585
chr1	923340	923341	22	0.6427
chr1	923355	923356	26	0.5997
chr1	923379	923380	33	0.6565
chr1	923401	923402	28	0.7078
chr1	923441	923442	28	0.5349
chr1	923541	923542	29	0.7138
chr1	923639	923640	33	0.8301
chr1	923705	923706	36	0.6913
chr1	923805	923806	27	0.8188
chr1	923877	923878	30	0.6183
chr1	923932	923933	30	0.5406
chr1	923991	923992	26	0.5566
chr1	923999	924000	25	0.8562
chr1	924287	924288	28	0.8218
chr1	924313	924314	21	0.8351
chr1	924325	924326	23	0.7054
chr1	924339	924340	24	0.849
chr1	924455	924456	35	0.7594
chr1	924467	924468	26	0.0796
chr1	924511	924512	36	0.0675
chr1	924543	924544	39	0.25
chr1	924558	924559	26	0.2269
chr1	924590	924591	41	0.1607
chr1	924640	924641	26	0.0825
chr1	924662	924663	33	0.307
chr1	924711	924712	35	0.0733
chr1	924751	924752	26	0.1059
chr1	924766	924767	28	0.1487
chr1	924816	924817	32	0.0917
chr1	924866	924867	32	0.1439
chr1	924883	924884	20	0.1781
chr1	924906	924907	23	0.1124
chr1	924927	924928	40	0.1761
chr1	924943	924944	33	0.2341
chr1	924977	924978	29	0.3516
chr1	925076	925077	32	0.1254
chr1	925176	925177	31	0.0509
chr1	925264	925265	32	0.1015
chr1	925334	925335	23	0.1871
chr1	925400	925401	33	0.1853
chr1	925481	925482	27	0.1061
chr1	925495	925496	26	0.1623
chr1	925513	925514	34	0.0369
chr1	925545	925546	26	0.1435
chr1	925568	925569	35	0.0147
chr1	925608	925609	30	0.0
chr1	925658	925659	17	0.0432
chr1	925708	925709	35	0.0
chr1	925758	925759	35	0.2095
chr1	925792	925793	32	0.0
chr1	925818	925819	22	0.2266
chr1	925839	925840	25	0.1293
chr1	925885	925886	28	0.1112
chr1	925916	925917	36	0.1565
chr1	925966	925967	29	0.0526
chr1	925992	925993	38	0.2648
chr1	926007	926008	36	0.1976
chr1	926030	926031	28	0.0918
chr1	926037	926038	27	0.1412
chr1	926137	926138	25	0.0502
chr1	926237	926238	30	0.0547
chr1	926337	926338	34	0.107
chr1	926437	926438	35	0.0439
chr1	926485	926486	29	0.184
chr1	926489	926490	28	0.0188
chr1	926494	926495	25	0.3864
chr1	926513	926514	30	0.5026
chr1	926563	926564	37	0.4013
chr1	926613	926614	22	0.386
chr1	926628	926629	32	0.2299
chr1	926658	926659	26	0.3624
chr1	926689	926690	31	0.5397
chr1	926723	926724	30	0.5937
chr1	926752	926753	24	0.4932
chr1	926787	926788	30	0.4717
chr1	926804	926805	22	0.3814
chr1	926835	926836	26	0.5171
chr1	926885	926886	31	0.5715
chr1	926921	926922	29	0.2983
chr1	926942	926943	29	0.5555
chr1	926992	926993	32	0.3994
chr1	927014	927015	25	0.3146
chr1	927019	927020	32	0.3441
chr1	927119	927120	27	0.4402
chr1	927192	927193	33	0.3555
chr1	927292	927293	33	0.3159
chr1	927364	927365	22	0.4373
chr1	927464	927465	35	0.6997
chr1	927526	927527	25	0.4587
chr1	927594	927595	31	0.789
chr1	927628	927629	28	0.8565
chr1	927710	927711	29	0.8211
chr1	927794	927795	29	0.8047
chr1	927806	927807	26	0.9108
chr1	927912	927913	32	0.8929
chr1	927976	927977	29	0.7389
chr1	928014	928015	23	0.6762
chr1	928019	928020	32	0.2182
chr1	928035	928036	27	0.1832
chr1	928085	928086	31	0.1043
chr1	928121	928122	38	0.0433
chr1	928171	928172	27	0.1626
chr1	928191	928192	36	0.1713
chr1	928207	928208	24	0.1113
chr1	928223	928224	32	0.0263
chr1	928240	928241	30	0.0405
chr1	928290	928291	27	0.2493
chr1	928340	928341	26	0.3885
chr1	928363	928364	29	0.3542
chr1	928384	928385	30	0.2345
chr1	928434	928435	25	0.1697
chr1	928449	928450	26	0.3741
chr1	928499	928500	26	0.3264
chr1	928525	928526	32	0.3023
chr1	928542	928543	24	0.3528
chr1	928546	928547	32	0.2939
chr1	928636	928637	30	0.1398
chr1	928705	928706	26	0.0316
chr1	928755	928756	21	0.1524
chr1	928855	928856	19	0.1026
chr1	928948	928949	30	0.1464
chr1	929048	929049	30	0.0904
chr1	929072	929073	30	0.0363
chr1	929252	929253	24	0.0
chr1	929310	929311	22	0.1572
chr1	929328	929329	28	0.1363
chr1	929414	929415	20	0.1509
chr1	929436	929437	28	0.2144
chr1	929450	929451	15	0.0957
chr1	929490	929491	30	0.14
chr1	929532	929533	33	0.0393
chr1	929537	929538	31	0.551
chr1	929562	929563	26	0.4804
chr1	929609	929610	33	0.4288
chr1	929655	929656	30	0.5241
chr1	929705	929706	34	0.4614
chr1	929720	929721	42	0.5253
chr1	929750	929751	28	0.5363
chr1	929776	929777	21	0.4534
chr1	929808	929809	24	0.6089
chr1	929850	929851	28	0.4076
chr1	929884	929885	32	0.5544
chr1	929917	929918	40	0.5263
chr1	929949	929950	28	0.4536
chr1	929986	929987	23	0.446
chr1	930001	930002	31	0.5079
chr1	930022	930023	33	0.7274
chr1	930039	930040	21	0.5342
chr1	930098	930099	35	0.6343
chr1	930148	930149	38	0.476
chr1	930248	930249	31	0.6669
chr1	930348	930349	36	0.5066
chr1	930448	930449	25	0.5084
chr1	930519	930520	31	0.525
chr1	930555	930556	29	0.8642
chr1	930683	930684	33	0.7787
chr1	930725	930726	26	0.8465
chr1	930769	930770	30	0.9231
chr1	930827	930828	25	0.7063
chr1	930863	930864	31	0.6581
chr1	930951	930952	26	0.7322
chr1	930981	930982	36	0.8588
chr1	931001	931002	26	0.0949
chr1	931023	931024	35	0.0276
chr1	931088	931089	29	0.1444
chr1	931121	931122	35	0.2123
chr1	931159	931160	25	0.1528
chr1	931176	931177	30	0.0752
chr1	931191	931192	29	0.1987
chr1	931220	931221	29	0.2187
chr1	931235	931236	34	0.0048
chr1	931279	931280	24	0.0931
chr1	931329	931330	23	0.193
chr1	931344	931345	40	0.0605
chr1	931362	931363	32	0.1521
chr1	931393	931394	18	0.0585
chr1	931443	931444	24	0.2697
chr1	931451	931452	26	0.1048
chr1	931551	931552	26	0.16
chr1	931649	931650	33	0.1434
chr1	931729	931730	27	0.1935
chr1	931818	931819	34	0.0545
chr1	931848	931849	31	0.1065
chr1	931854	931855	35	0.0409
chr1	931893	931894	37	0.6969
chr1	931908	931909	24	0.9212
chr1	931944	931945	29	0.6237
chr1	931959	931960	36	0.7008
chr1	931981	931982	29	0.7524
chr1	931996	931997	22	0.8452
chr1	932042	932043	25	0.7706
chr1	932057	932058	28	0.8017
chr1	932096	932097	29	0.8298
chr1	932134	932135	37	0.7045
chr1	932149	932150	41	0.8828
chr1	932199	932200	37	0.7124
chr1	932249	932250	27	0.8053
chr1	932284	932285	27	0.6326
chr1	932308	932309	32	0.7376
chr1	932323	932324	29	0.8288
chr1	932350	932351	31	0.8735
chr1	932370	932371	28	0.8241
chr1	932428	932429	27	0.8122
chr1	932493	932494	31	0.719
chr1	932593	932594	23	0.7825
chr1	932664	932665	27	0.8615
chr1	932764	932765	26	0.7145
chr1	932816	932817	23	0.8846
chr1	932844	932845	38	0.8809
chr1	932875	932876	29	0.2355
chr1	932925	932926	26	0.1327
chr1	932975	932976	36	0.003
chr1	933021	933022	24	0.2456
chr1	933046	933047	34	0.2241
chr1	933066	933067	26	0.2664
chr1	933116	933117	31	0.206
chr1	933141	933142	20	0.1484
chr1	933168	933169	33	0.1038
chr1	933198	933199	33	0.0686
chr1	933237	933238	29	0.0
chr1	933266	933267	36	0.1115
chr1	933305	933306	27	0.2152
chr1	933320	933321	34	0.212
chr1	933339	933340	28	0.1185
chr1	933359	933360	33	0.1576
chr1	933459	933460	26	0.209
chr1	933559	933560	25	0.231
chr1	933640	933641	32	0.1345
chr1	933690	933691	36	0.029
chr1	933790	933791	31	0.1828
chr1	933840	933841	36	0.0302
chr1	933878	933879	30	0.0165
chr1	933930	933931	32	0.2563
chr1	933961	933962	19	0.315
chr1	933994	933995	26	0.3259
chr1	934009	934010	29	0.6535
chr1	934056	934057	28	0.6457
chr1	934084	934085	23	0.5011
chr1	934131	934132	33	0.2422
chr1	934181	934182	28	0.3694
chr1	934215	934216	33	0.2536
chr1	934259	934260	27	0.7131
chr1	934297	934298	23	0.5444
chr1	934338	934339	33	0.7107
chr1	934388	934389	23	0.6002
chr1	934424	934425	34	0.5901
chr1	934453	934454	26	0.5862
chr1	934479	934480	25	0.4659
chr1	934507	934508	35	0.646
chr1	934582	934583	37	0.395
chr1	934682	934683	25	0.5242
chr1	934782	934783	30	0.5828
chr1	934873	934874	28	0.6935
chr1	934973	934974	35	0.7308
chr1	935098	935099	27	0.5522
chr1	935132	935133	30	0.7272
chr1	935139	935140	26	0.203
chr1	935181	935182	26	0.2672
chr1	935199	935200	32	0.1249
chr1	935242	935243	31	0.526
chr1	935292	935293	34	0.5702
chr1	935307	935308	33	0.4788
chr1	935346	935347	24	0.5123
chr1	935396	935397	30	0.5462
chr1	935419	935420	37	0.1485
chr1	935445	935446	32	0.3784
chr1	935460	935461	39	0.071
chr1	935488	935489	30	0.425
chr1	935538	935539	27	0.3402
chr1	935581	935582	31	0.2951
chr1	935681	935682	29	0.3777
chr1	935781	935782	32	0.2475
chr1	935881	935882	24	0.124
chr1	935981	935982	26	0.0952
chr1	936065	936066	29	0.2116
chr1	936179	936180	25	0.052
chr1	936421	936422	24	0.3677
chr1	936423	936424	29	0.0653
chr1	936451	936452	29	0.1836
chr1	936453	936454	23	0.096
chr1	936463	936464	30	0.2874
chr1	936471	936472	30	0.587
chr1	936486	936487	33	0.5812
chr1	936501	936502	23	0.4344
chr1	936516	936517	19	0.3874
chr1	936559	936560	23	0.5471
chr1	936608	936609	22	0.4343
chr1	936628	936629	26	0.4565
chr1	936678	936679	40	0.5923
chr1	936727	936728	35	0.2665
chr1	936742	936743	29	0.5045
chr1	936767	936768	27	0.5445
chr1	936788	936789	29	0.4455
chr1	936807	936808	27	0.5388
chr1	936839	936840	31	0.5655
chr1	936873	936874	28	0.4842
chr1	936908	936909	35	0.3501
chr1	936929	936930	33	0.5583
chr1	936983	936984	39	0.4956
chr1	937059	937060	23	0.4007
chr1	937159	937160	23	0.4261
chr1	937259	937260	33	0.3402
chr1	937359	937360	32	0.4546
chr1	937375	937376	21	0.9514
chr1	937465	937466	35	0.8148
chr1	937509	937510	24	0.8039
chr1	937625	937626	31	0.7855
chr1	937627	937628	34	0.8268
chr1	937639	937640	23	0.7583
chr1	937655	937656	22	0.8923
chr1	937675	937676	33	0.7423
chr1	937771	937772	29	1.0
chr1	937789	937790	28	0.7371
chr1	937807	937808	31	0.8426
chr1	937837	937838	27	0.8394
chr1	937864	937865	30	0.8306
chr1	937897	937898	33	0.8892
chr1	937947	937948	38	0.9491
chr1	937980	937981	27	0.8762
chr1	938015	938016	24	0.7524
chr1	938032	938033	26	0.8045
chr1	938060	938061	31	0.9274
chr1	938075	938076	38	0.8097
chr1	938123	938124	40	0.6847
chr1	938162	938163	37	0.7068
chr1	938212	938213	23	0.6022
chr1	938233	938234	39	0.8086
chr1	938263	938264	36	0.6912
chr1	938313	938314	25	0.8179
chr1	938413	938414	25	0.5246
chr1	938495	938496	26	0.758
chr1	938557	938558	32	0.8834
chr1	938657	938658	29	0.8481
chr1	938673	938674	29	0.8527
chr1	938684	938685	27	0.9373
chr1	938700	938701	26	0.7985
chr1	938730	938731	35	0.7665
chr1	938769	938770	29	0.7909
chr1	938787	938788	24	0.9049
chr1	938827	938828	25	0.9149
chr1	938851	938852	24	0.6477
chr1	938877	938878	33	0.8514
chr1	938911	938912	22	0.9768
chr1	938949	938950	26	0.9376
chr1	938969	938970	31	0.6302
chr1	938984	938985	30	0.924
chr1	939024	939025	30	0.9563
chr1	939063	939064	36	0.6886
chr1	939078	939079	30	0.8864
chr1	939115	939116	31	0.6731
chr1	939148	939149	38	0.8916
chr1	939187	939188	34	0.6928
chr1	939195	939196	29	0.902
chr1	939295	939296	27	0.7594
chr1	939359	939360	23	0.9028
chr1	939459	939460	31	0.7914
chr1	939559	939560	32	1.0
chr1	939649	939650	35	0.8581
chr1	939699	939700	19	0.7868
chr1	939771	939772	28	0.942
chr1	939785	939786	31	0.5817
chr1	939807	939808	29	0.6648
chr1	939822	939823	28	0.632
chr1	939844	939845	37	0.7973
chr1	939867	939868	36	0.9258
chr1	939901	939902	39	0.5289
chr1	939936	939937	28	0.767
chr1	939984	939985	31	0.5882
chr1	940034	940035	32	0.8347
chr1	940054	940055	32	0.6231
chr1	940081	940082	30	0.6582
chr1	940101	940102	20	0.5269
chr1	940118	940119	29	0.7692
chr1	940137	940138	30	0.5884
chr1	940179	940180	35	0.5809
chr1	940214	940215	23	0.5972
chr1	940264	940265	27	0.9661
chr1	940279	940280	25	0.6864
chr1	940296	940297	39	0.6536
chr1	940396	940397	21	0.8625
chr1	940496	940497	31	0.9545
chr1	940596	940597	28	0.5842
chr1	940696	940697	34	0.9592
chr1	940750	940751	24	0.5945
chr1	940821	940822	19	0.8092
chr1	940879	940880	25	1.0
chr1	940888	940889	29	0.6223
chr1	940921	940922	34	0.5759
chr1	940936	940937	30	0.6364
chr1	940960	940961	25	0.6965
chr1	940975	940976	29	0.567
chr1	941024	941025	24	0.6656
chr1	941067	941068	28	0.6352
chr1	941092	941093	28	0.7717
chr1	941132	941133	21	0.6724
chr1	941159	941160	36	0.5944
chr1	941194	941195	27	0.5973
chr1	941222	941223	30	0.6258
chr1	941257	941258	28	0.7085
chr1	941283	941284	27	0.5688
chr1	941315	941316	21	0.5063
chr1	941356	941357	26	0.6628
chr1	941398	941399	29	0.5126
chr1	941418	941419	23	0.5331
chr1	941425	941426	31	0.6701
chr1	941525	941526	22	0.6636
chr1	941625	941626	29	0.5758
chr1	941725	941726	34	0.7809
chr1	941825	941826	27	0.7127
chr1	941925	941926	26	0.7554
chr1	941953	941954	29	0.9518
chr1	942143	942144	21	0.9356
chr1	942179	942180	31	0.9489
chr1	942231	942232	32	0.8271
chr1	942259	942260	26	0.8606
chr1	942305	942306	30	0.9611
chr1	942349	942350	38	0.6538
chr1	942395	942396	26	0.7814
chr1	942443	942444	35	0.9149
chr1	942458	942459	31	0.7265
chr1	942482	942483	29	0.7302
chr1	942505	942506	37	0.711
chr1	942527	942528	24	0.7444
chr1	942556	942557	34	0.7352
chr1	942606	942607	26	0.5836
chr1	942640	942641	22	0.7894
chr1	942662	942663	33	0.7172
chr1	942700	942701	28	0.7397
chr1	942747	942748	24	0.8308
chr1	942790	942791	20	0.6712
chr1	942812	942813	29	0.562
chr1	942862	942863	34	0.7343
chr1	942886	942887	31	0.5772
chr1	942905	942906	31	0.6054
chr1	943005	943006	21	0.7801
chr1	943105	943106	31	0.7675
chr1	943205	943206	28	0.6858
chr1	943305	943306	33	0.694
chr1	943347	943348	33	1.0
chr1	943387	943388	30	0.8507
chr1	943429	943430	42	0.6932
chr1	943458	943459	25	0.9239
chr1	943490	943491	34	0.7545
chr1	943540	943541	23	0.8188
chr1	943579	943580	29	0.7418
chr1	943599	943600	23	0.7102
chr1	943614	943615	31	0.7734
chr1	943637	943638	28	0.8952
chr1	943661	943662	24	0.9468
chr1	943685	943686	38	0.8369
chr1	943704	943705	38	0.7478
chr1	943733	943734	26	0.7874
chr1	943761	943762	19	0.9383
chr1	943811	943812	37	0.9767
chr1	943835	943836	29	0.6304
chr1	943850	943851	34	0.8356
chr1	943869	943870	27	0.8768
chr1	943885	943886	28	0.8158
chr1	943909	943910	23	0.8785
chr1	943938	943939	36	0.831
chr1	943961	943962	29	0.9078
chr1	943985	943986	30	0.8964
chr1	943987	943988	28	0.9235
chr1	944071	944072	34	0.8036
chr1	944171	944172	31	0.6521
chr1	944271	944272	25	0.8678
chr1	944361	944362	23	0.7101
chr1	944411	944412	29	0.8869
chr1	944511	944512	42	0.8557
chr1	944523	944524	30	1.0
chr1	944529	944530	29	0.9186
chr1	944565	944566	20	0.8494
chr1	944602	944603	36	0.8427
chr1	944631	944632	23	0.7922
chr1	944678	944679	24	0.7332
chr1	944703	944704	34	0.6073
chr1	944753	944754	25	0.6136
chr1	944803	944804	29	0.7016
chr1	944840	944841	33	0.597
chr1	944890	944891	37	0.8285
chr1	944919	944920	21	0.7694
chr1	944934	944935	31	0.771
chr1	944958	944959	35	0.8604
chr1	944994	944995	42	0.8502
chr1	945016	945017	15	0.9217
chr1	945099	945100	23	1.0
chr1	945190	945191	35	0.9721
chr1	945290	945291	26	0.9187
chr1	945390	945391	28	1.0
chr1	945490	945491	31	0.9871
chr1	945494	945495	25	0.9072
chr1	945532	945533	30	0.9534
chr1	945580	945581	31	0.8222
chr1	945638	945639	26	1.0
chr1	945732	945733	32	1.0
chr1	945850	945851	28	0.8687
chr1	945908	945909	34	0.8184
chr1	945942	945943	28	0.9541
chr1	945964	945965	26	0.9011
chr1	945982	945983	32	0.9373
chr1	946024	946025	30	0.8446
chr1	946069	946070	30	0.688
chr1	946093	946094	20	0.6202
chr1	946122	946123	37	0.6506
chr1	946137	946138	36	0.67
chr1	946182	946183	30	0.6644
chr1	946231	946232	40	0.6762
chr1	946246	946247	22	0.6576
chr1	946261	946262	27	0.6235
chr1	946311	946312	37	0.4382
chr1	946353	946354	36	0.7327
chr1	946375	946376	27	0.6998
chr1	946407	946408	26	0.6929
chr1	946422	946423	39	0.6233
chr1	946472	946473	29	0.7773
chr1	946510	946511	34	0.6784
chr1	946579	946580	23	0.7337
chr1	946675	946676	34	0.7785
chr1	946775	946776	28	0.7711
chr1	946875	946876	27	0.6357
chr1	946975	946976	29	0.5703
chr1	947033	947034	35	0.7262
chr1	947060	947061	26	0.8666
chr1	947075	947076	29	0.6692
chr1	947101	947102	26	0.7023
chr1	947141	947142	37	0.9034
chr1	947163	947164	34	0.7559
chr1	947201	947202	30	0.7922
chr1	947251	947252	26	0.6407
chr1	947287	947288	27	0.7877
chr1	947324	947325	39	0.6359
chr1	947351	947352	30	0.8857
chr1	947376	947377	30	0.8404
chr1	947423	947424	32	1.0
chr1	947450	947451	30	0.7813
chr1	947471	947472	36	0.9113
chr1	947490	947491	36	0.9109
chr1	947492	947493	20	1.0
chr1	947592	947593	32	0.6925
chr1	947642	947643	33	0.7702
chr1	947742	947743	24	0.6863
chr1	947842	947843	35	1.0
chr1	947886	947887	33	0.8194
chr1	947893	947894	28	0.4571
chr1	947918	947919	31	0.4411
chr1	947968	947969	37	0.4403
chr1	947984	947985	36	0.5411
chr1	948034	948035	37	0.5305
chr1	948081	948082	38	0.4217
chr1	948098	948099	26	0.5765
chr1	948148	948149	34	0.4226
chr1	948164	948165	29	0.4199
chr1	948214	948215	41	0.5612
chr1	948244	948245	32	0.5055
chr1	948283	948284	30	0.5663
chr1	948327	948328	31	0.5155
chr1	948342	948343	35	0.3884
chr1	948389	948390	23	0.4312
chr1	948420	948421	30	0.3531
chr1	948470	948471	27	0.4059
chr1	948520	948521	24	0.4489
chr1	948572	948573	29	0.3733
chr1	948644	948645	27	0.3665
chr1	948744	948745	30	0.5405
chr1	948844	948845	32	0.4498
chr1	948909	948910	25	0.5532
chr1	948947	948948	30	0.8217
chr1	949227	949228	35	0.8418
chr1	949229	949230	24	0.7087
chr1	949279	949280	30	0.6853
chr1	949355	949356	22	0.7249
chr1	949378	949379	36	0.8633
chr1	949418	949419	29	0.7499
chr1	949468	949469	24	0.9654
chr1	949506	949507	30	0.8632
chr1	949546	949547	27	0.8359
chr1	949571	949572	34	0.8865
chr1	949612	949613	33	0.7485
chr1	949649	949650	25	0.7101
chr1	949678	949679	34	0.8474
chr1	949699	949700	34	0.814
chr1	949733	949734	24	0.8102
chr1	949759	949760	31	0.7348
chr1	949785	949786	31	0.799
chr1	949813	949814	25	0.5891
chr1	949831	949832	29	0.7031
chr1	949848	949849	34	0.6079
chr1	949885	949886	36	0.6768
chr1	949985	949986	34	0.7259
chr1	950049	950050	31	0.8736
chr1	950149	950150	28	0.7141
chr1	950249	950250	33	0.7478
chr1	950307	950308	26	0.6707
chr1	950357	950358	30	0.7385
chr1	950403	950404	30	0.7843
chr1	950423	950424	31	0.8948
chr1	950458	950459	30	0.6036
chr1	950476	950477	22	0.7188
chr1	950500	950501	31	0.6224
chr1	950518	950519	30	0.7444
chr1	950564	950565	36	0.7435
chr1	950588	950589	23	0.5944
chr1	950638	950639	31	0.6478
chr1	950688	950689	29	0.7468
chr1	950733	950734	31	0.7932
chr1	950761	950762	35	0.6805
chr1	950796	950797	33	0.4834
chr1	950846	950847	29	0.6885
chr1	950885	950886	26	0.8088
chr1	950896	950897	26	0.5394
chr1	950996	950997	27	0.6919
chr1	951082	951083	27	0.818
chr1	951182	951183	35	0.5509
chr1	951232	951233	33	0.8317
chr1	951332	951333	30	0.7884
chr1	951370	951371	29	0.6256
chr1	951376	951377	24	0.8526
chr1	951402	951403	28	0.6902
chr1	951428	951429	25	0.7846
chr1	951475	951476	26	0.7969
chr1	951497	951498	35	0.8811
chr1	951516	951517	33	0.585
chr1	951544	951545	33	0.6965
chr1	951564	951565	28	0.7114
chr1	951604	951605	23	0.7948
chr1	951644	951645	27	0.6897
chr1	951667	951668	30	0.6628
chr1	951705	951706	25	0.8416
chr1	951747	951748	35	0.6285
chr1	951762	951763	29	0.8617
chr1	951812	951813	35	0.6422
chr1	951843	951844	31	1.0
chr1	951876	951877	28	0.7564
chr1	951969	951970	24	0.7715
chr1	952069	952070	25	0.9511
chr1	952169	952170	25	0.9394
chr1	952266	952267	30	0.891
chr1	952280	952281	35	0.7973
chr1	952328	952329	33	0.9403
chr1	952348	952349	32	0.5519
chr1	952363	952364	33	0.7358
chr1	952413	952414	25	0.9069
chr1	952456	952457	33	0.6222
chr1	952484	952485	27	0.7069
chr1	952508	952509	33	0.8248
chr1	952547	952548	20	0.7102
chr1	952597	952598	33	0.5784
chr1	952633	952634	33	0.7179
chr1	952683	952684	31	0.7672
chr1	952733	952734	29	0.7431
chr1	952783	952784	31	0.8075
chr1	952810	952811	27	0.9243
chr1	952826	952827	32	0.7181
chr1	952897	952898	26	0.6859
chr1	952984	952985	31	0.5315
chr1	953063	953064	28	0.7459
chr1	953163	953164	25	0.7716
chr1	953263	953264	35	0.8236
chr1	953331	953332	27	0.786
chr1	953357	953358	20	0.871
chr1	953366	953367	29	0.7466
chr1	953381	953382	24	0.7074
chr1	953424	953425	23	0.6267
chr1	953443	953444	41	0.8233
chr1	953458	953459	33	0.8988
chr1	953508	953509	33	0.8649
chr1	953554	953555	28	0.7927
chr1	953584	953585	31	0.7904
chr1	953626	953627	30	0.7216
chr1	953641	953642	26	0.5296
chr1	953664	953665	34	0.5424
chr1	953701	953702	25	0.5962
chr1	953751	953752	30	0.5819
chr1	953769	953770	18	0.5863
chr1	953806	953807	30	0.5445
chr1	953841	953842	18	0.608
chr1	953868	953869	36	0.6232
chr1	953883	953884	23	0.6122
chr1	953914	953915	32	0.6135
chr1	953924	953925	27	0.7449
chr1	954024	954025	24	0.7748
chr1	954124	954125	39	0.7074
chr1	954224	954225	16	0.7738
chr1	954288	954289	28	0.764
chr1	954388	954389	38	0.8451
chr1	954390	954391	24	0.8105
chr1	954532	954533	24	0.7072
chr1	954540	954541	36	0.9914
chr1	954542	954543	29	0.8219
chr1	954562	954563	24	0.9573
chr1	954648	954649	25	0.7861
chr1	954710	954711	27	0.8966
chr1	954724	954725	29	0.8981
chr1	954810	954811	25	0.9274
chr1	954862	954863	41	0.792
chr1	954868	954869	25	0.4865
chr1	954896	954897	29	0.4921
chr1	954946	954947	21	0.5194
chr1	954961	954962	29	0.419
chr1	954981	954982	29	0.6397
chr1	955031	955032	33	0.6092
chr1	955063	955064	22	0.5942
chr1	955086	955087	28	0.5704
chr1	955114	955115	38	0.4889
chr1	955129	955130	18	0.529
chr1	955161	955162	26	0.4089
chr1	955182	955183	27	0.6037
chr1	955221	955222	28	0.5766
chr1	955245	955246	37	0.4737
chr1	955272	955273	27	0.5056
chr1	955299	955300	27	0.5294
chr1	955337	955338	28	0.604
chr1	955376	955377	32	0.5596
chr1	955384	955385	40	0.6079
chr1	955484	955485	34	0.4005
chr1	955584	955585	23	0.5044
chr1	955677	955678	32	0.4698
chr1	955777	955778	33	0.4919
chr1	955877	955878	27	0.427
chr1	955883	955884	27	0.877
chr1	955983	955984	36	0.8028
chr1	956147	956148	17	0.7932
chr1	956173	956174	26	0.8929
chr1	956251	956252	26	0.9585
chr1	956285	956286	28	0.6625
chr1	956309	956310	40	0.0707
chr1	956332	956333	23	0.2315
chr1	956363	956364	21	0.3939
chr1	956413	956414	17	0.2558
chr1	956450	956451	32	0.239
chr1	956482	956483	29	0.2204
chr1	956498	956499	26	0.2379
chr1	956513	956514	28	0.2026
chr1	956540	956541	31	0.2544
chr1	956564	956565	36	0.1937
chr1	956586	956587	29	0.1689
chr1	956619	956620	32	0.2807
chr1	956669	956670	31	0.3606
chr1	956703	956704	28	0.2357
chr1	956741	956742	29	0.0467
chr1	956769	956770	31	0.2281
chr1	956784	956785	32	0.1778
chr1	956808	956809	34	0.1689
chr1	956826	956827	26	0.2513
chr1	956876	956877	24	0.0939
chr1	956970	956971	23	0.2795
chr1	957070	957071	29	0.2629
chr1	957170	957171	36	0.2278
chr1	957265	957266	33	0.1122
chr1	957317	957318	27	0.2807
chr1	957339	957340	27	0.2332
chr1	957351	957352	26	0.0
chr1	957369	957370	37	0.7227
chr1	957416	957417	40	0.7996
chr1	957433	957434	29	0.7625
chr1	957466	957467	27	0.7183
chr1	957502	957503	34	0.7097
chr1	957528	957529	32	0.6921
chr1	957578	957579	33	0.6743
chr1	957604	957605	30	0.801
chr1	957654	957655	32	0.8686
chr1	957678	957679	34	0.7759
chr1	957728	957729	36	0.8085
chr1	957744	957745	27	0.6886
chr1	957759	957760	25	0.9969
chr1	957796	957797	26	0.7909
chr1	957828	957829	31	0.8153
chr1	957843	957844	33	0.7628
chr1	957844	957845	27	0.7471
chr1	957944	957945	26	0.7484
chr1	957994	957995	19	0.8848
chr1	958094	958095	37	0.7499
chr1	958168	958169	32	0.9053
chr1	958218	958219	32	0.8179
chr1	958318	958319	43	0.7784
chr1	958366	958367	28	0.9244
chr1	958372	958373	33	0.778
chr1	958416	958417	37	0.6043
chr1	958434	958435	32	0.5581
chr1	958451	958452	25	0.6225
chr1	958486	958487	34	0.5884
chr1	958520	958521	33	0.3317
chr1	958557	958558	27	0.5813
chr1	958603	958604	27	0.6028
chr1	958653	958654	24	0.5143
chr1	958677	958678	31	0.5718
chr1	958692	958693	32	0.6871
chr1	958712	958713	33	0.4953
chr1	958748	958749	27	0.6438
chr1	958798	958799	33	0.5185
chr1	958832	958833	30	0.643
chr1	958858	958859	28	0.6318
chr1	958886	958887	30	0.5187
chr1	958887	958888	23	0.4785
chr1	958954	958955	33	0.6622
chr1	959045	959046	34	0.4878
chr1	959132	959133	27	0.5258
chr1	959200	959201	30	0.5956
chr1	959260	959261	32	0.6431
chr1	959340	959341	30	0.378
chr1	959342	959343	30	0.5088
chr1	959364	959365	32	0.8241
chr1	959405	959406	25	0.3733
chr1	959439	959440	33	0.2767
chr1	959489	959490	27	0.2216
chr1	959512	959513	37	0.1472
chr1	959543	959544	28	0.2382
chr1	959593	959594	27	0.2233
chr1	959611	959612	24	0.1506
chr1	959628	959629	23	0.2415
chr1	959655	959656	31	0.1798
chr1	959673	959674	24	0.1149
chr1	959723	959724	37	0.2298
chr1	959752	959753	32	0.1261
chr1	959767	959768	39	0.1706
chr1	959782	959783	37	0.2331
chr1	959832	959833	38	0.1906
chr1	959853	959854	27	0.3059
chr1	959869	959870	39	0.0211
chr1	959897	959898	38	0.2734
chr1	959947	959948	33	0.4303
chr1	960039	960040	38	0.1028
chr1	960139	960140	33	0.1488
chr1	960239	960240	29	0.2252
chr1	960339	960340	32	0.0833
chr1	960387	960388	28	0.3929
chr1	960423	960424	20	0.1067
chr1	960455	960456	35	0.1227
chr1	960480	960481	29	0.2651
chr1	960502	960503	28	0.496
chr1	960534	960535	32	0.2241
chr1	960584	960585	31	0.2411
chr1	960610	960611	26	0.3749
chr1	960625	960626	27	0.17
chr1	960642	960643	15	0.3499
chr1	960663	960664	37	0.3193
chr1	960702	960703	26	0.1199
chr1	960722	960723	30	0.2059
chr1	960749	960750	21	0.3139
chr1	960764	960765	26	0.2457
chr1	960798	960799	30	0.2364
chr1	960848	960849	30	0.3121
chr1	960883	960884	32	0.2594
chr1	960908	960909	31	0.2844
chr1	960957	960958	32	0.1323
chr1	960959	960960	30	0.116
chr1	961013	961014	27	0.371
chr1	961088	961089	32	0.1727
chr1	961160	961161	28	0.0832
chr1	961260	961261	26	0.2006
chr1	961360	961361	30	0.1894
chr1	961433	961434	39	0.1313
chr1	961445	961446	24	0.042
chr1	961447	961448	33	0.3505
chr1	961496	961497	30	0.0416
chr1	961513	961514	25	0.0604
chr1	961556	961557	19	0.0495
chr1	961602	961603	32	0.2218
chr1	961639	961640	31	0.305
chr1	961672	961673	22	0.1462
chr1	961702	961703	36	0.1432
chr1	961717	961718	38	0.2996
chr1	961750	961751	30	0.0
chr1	961784	961785	26	0.1732
chr1	961817	961818	38	0.0449
chr1	961867	961868	22	0.1291
chr1	961896	961897	30	0.2013
chr1	961927	961928	20	0.0
chr1	961952	961953	30	0.1088
chr1	961967	961968	24	0.0837
chr1	962043	962044	25	0.039
chr1	962143	962144	39	0.1787
chr1	962224	962225	27	0.1305
chr1	962324	962325	34	0.1304
chr1	962424	962425	35	0.0877
chr1	962440	962441	25	0.0373
chr1	962472	962473	20	0.1737
chr1	962494	962495	27	0.1671
chr1	962536	962537	24	0.2106
chr1	962551	962552	26	0.0688
chr1	962580	962581	25	0.0858
chr1	962595	962596	34	0.1237
chr1	962619	962620	29	0.1
chr1	962640	962641	29	0.0788
chr1	962663	962664	30	0.0677
chr1	962678	962679	29	0.0653
chr1	962700	962701	34	0.1658
chr1	962718	962719	29	0.1015
chr1	962741	962742	24	0.077
chr1	962791	962792	33	0.1566
chr1	962816	962817	32	0.2044
chr1	962837	962838	28	0.1234
chr1	962866	962867	26	0.0947
chr1	962899	962900	25	0.0987
chr1	962922	962923	36	0.0948
chr1	962948	962949	32	0.227
chr1	962966	962967	24	0.1041
chr1	962988	962989	29	0.1625
chr1	963038	963039	32	0.1614
chr1	963100	963101	31	0.1314
chr1	963200	963201	24	0.1003
chr1	963300	963301	30	0.2086
chr1	963393	963394	20	0.0975
chr1	963444	963445	33	0.144
chr1	963518	963519	23	0.0
chr1	963565	963566	31	0.8855
chr1	963585	963586	31	0.9511
chr1	963609	963610	31	0.8745
chr1	963652	963653	29	0.6879
chr1	963702	963703	35	0.9579
chr1	963752	963753	33	0.7512
chr1	963767	963768	28	0.7904
chr1	963791	963792	26	0.7202
chr1	963811	963812	25	0.7135
chr1	963837	963838	30	0.8629
chr1	963880	963881	32	0.7367
chr1	963912	963913	21	0.9479
chr1	963929	963930	36	0.8873
chr1	963964	963965	43	0.889
chr1	963979	963980	33	0.8686
chr1	964008	964009	32	0.9316
chr1	964035	964036	30	0.9337
chr1	964045	964046	19	0.7954
chr1	964106	964107	37	0.8772
chr1	964156	964157	38	0.882
chr1	964256	964257	22	0.916
chr1	964356	964357	30	0.8909
chr1	964406	964407	19	0.8677
chr1	964480	964481	36	0.7278
chr1	964496	964497	18	0.846
chr1	964539	964540	44	0.8088
chr1	964566	964567	26	0.8807
chr1	964602	964603	19	0.7153
chr1	964638	964639	33	0.8107
chr1	964685	964686	27	0.7765
chr1	964709	964710	29	0.7408
chr1	964736	964737	30	0.7367
chr1	964776	964777	20	0.9043
chr1	964794	964795	28	0.797
chr1	964844	964845	35	0.8781
chr1	964890	964891	30	0.8927
chr1	964935	964936	31	0.8612
chr1	964954	964955	28	0.875
chr1	964964	964965	32	0.7288
chr1	965055	965056	28	0.9361
chr1	965105	965106	23	0.8082
chr1	965205	965206	30	0.7558
chr1	965305	965306	27	0.8231
chr1	965315	965316	23	0.8984
chr1	965327	965328	39	0.821
chr1	965364	965365	37	0.8005
chr1	965393	965394	26	0.6818
chr1	965418	965419	30	0.6987
chr1	965443	965444	28	0.7841
chr1	965488	965489	29	0.9038
chr1	965522	965523	32	0.7238
chr1	965572	965573	40	0.6258
chr1	965602	965603	32	0.6932
chr1	965621	965622	38	0.6541
chr1	965645	965646	32	0.7576
chr1	965695	965696	39	0.7492
chr1	965745	965746	32	0.6621
chr1	965779	965780	24	0.5432
chr1	965811	965812	22	0.8579
chr1	965836	965837	34	0.6482
chr1	965872	965873	23	0.6668
chr1	965961	965962	25	0.7999
chr1	966011	966012	33	0.6431
chr1	966111	966112	30	0.6927
chr1	966194	966195	25	0.6636
chr1	966294	966295	26	0.7938
chr1	966344	966345	33	0.8064
chr1	966390	966391	28	0.5317
chr1	966430	966431	20	0.8427
chr1	966442	966443	28	0.176
chr1	966474	966475	31	0.2898
chr1	966503	966504	20	0.0661
chr1	966523	966524	35	0.2397
chr1	966538	966539	30	0.1858
chr1	966571	966572	22	0.2745
chr1	966598	966599	30	0.2263
chr1	966636	966637	29	0.3797
chr1	966668	966669	23	0.2364
chr1	966695	966696	25	0.3968
chr1	966741	966742	33	0.3444
chr1	966772	966773	26	0.1771
chr1	966809	966810	25	0.235
chr1	966859	966860	27	0.1912
chr1	966876	966877	21	0.2803
chr1	966976	966977	33	0.0434
chr1	967076	967077	31	0.2189
chr1	967176	967177	34	0.0918
chr1	967264	967265	36	0.1494
chr1	967318	967319	23	0.0451
chr1	967356	967357	30	0.287
chr1	967371	967372	28	0.8534
chr1	967392	967393	33	0.7719
chr1	967411	967412	34	0.7623
chr1	967430	967431	21	0.8069
chr1	967462	967463	24	0.7896
chr1	967484	967485	25	0.9149
chr1	967499	967500	36	0.6124
chr1	967539	967540	38	0.7845
chr1	967575	967576	37	0.812
chr1	967590	967591	43	0.7479
chr1	967605	967606	37	0.8109
chr1	967655	967656	30	0.8806
chr1	967705	967706	32	0.9733
chr1	967724	967725	22	0.9086
chr1	967763	967764	25	0.7452
chr1	967807	967808	33	0.8576
chr1	967838	967839	31	0.7451
chr1	967875	967876	31	0.8052
chr1	967890	967891	25	0.896
chr1	967988	967989	36	0.9375
chr1	968088	968089	19	0.7046
chr1	968165	968166	23	0.9614
chr1	968265	968266	29	0.6083
chr1	968315	968316	29	0.9218
chr1	968365	968366	29	0.7785
chr1	968453	968454	33	0.9011
chr1	968462	968463	35	0.6599
chr1	968500	968501	34	0.5298
chr1	968528	968529	28	0.583
chr1	968547	968548	35	0.7935
chr1	968574	968575	36	0.6621
chr1	968607	968608	24	0.5546
chr1	968657	968658	29	0.6633
chr1	968696	968697	31	0.6685
chr1	968726	968727	26	0.6456
chr1	968752	968753	27	0.621
chr1	968777	968778	37	0.7988
chr1	968792	968793	35	0.4888
chr1	968831	968832	26	0.6049
chr1	968870	968871	25	0.6054
chr1	968898	968899	25	0.7039
chr1	968925	968926	32	0.752
chr1	968975	968976	25	0.6624
chr1	968999	969000	26	0.709
chr1	969004	969005	32	0.5426
chr1	969104	969105	32	0.5693
chr1	969204	969205	34	0.7029
chr1	969304	969305	35	0.5101
chr1	969381	969382	33	0.542
chr1	969451	969452	26	0.5631
chr1	969543	969544	28	0.9376
chr1	969593	969594	29	0.9229
chr1	969607	969608	26	0.8312
chr1	969611	969612	30	0.8062
chr1	969649	969650	29	0.8146
chr1	969703	969704	26	0.7663
chr1	969723	969724	27	0.7974
chr1	969759	969760	28	0.9949
chr1	969845	969846	34	0.8277
chr1	969869	969870	33	0.8958
chr1	969877	969878	31	0.5249
chr1	969911	969912	33	0.4169
chr1	969951	969952	34	0.4047
chr1	970001	970002	34	0.5077
chr1	970034	970035	34	0.3521
chr1	970079	970080	35	0.3271
chr1	970129	970130	42	0.3287
chr1	970150	970151	34	0.3357
chr1	970172	970173	40	0.4363
chr1	970211	970212	38	0.5047
chr1	970228	970229	35	0.4662
chr1	970272	970273	31	0.4564
chr1	970289	970290	18	0.4058
chr1	970319	970320	28	0.547
chr1	970358	970359	28	0.3493
chr1	970389	970390	31	0.7269
chr1	970439	970440	29	0.4462
chr1	970441	970442	34	0.6187
chr1	970513	970514	21	0.4679
chr1	970613	970614	29	0.4351
chr1	970699	970700	31	0.3337
chr1	970761	970762	26	0.5028
chr1	970832	970833	31	0.5822
chr1	970932	970933	33	0.263
chr1	970992	970993	24	0.8224
chr1	971116	971117	21	0.7803
chr1	971132	971133	32	0.416
chr1	971142	971143	30	0.6499
chr1	971144	971145	38	0.7606
chr1	971304	971305	30	0.5553
chr1	971358	971359	30	0.7163
chr1	971426	971427	20	0.4564
chr1	971458	971459	42	0.9165
chr1	971482	971483	28	0.7825
chr1	971501	971502	21	0.7491
chr1	971541	971542	29	0.663
chr1	971581	971582	27	0.7507
chr1	971631	971632	33	0.8779
chr1	971663	971664	21	0.9605
chr1	971686	971687	27	0.7936
chr1	971715	971716	28	0.8307
chr1	971736	971737	29	0.8199
chr1	971751	971752	31	0.7754
chr1	971774	971775	35	0.6811
chr1	971824	971825	29	0.7662
chr1	971842	971843	28	0.8515
chr1	971857	971858	33	0.7059
chr1	971885	971886	23	0.7119
chr1	971889	971890	30	0.9229
chr1	971989	971990	29	0.7459
chr1	972089	972090	28	0.692
chr1	972189	972190	35	0.7188
chr1	972286	972287	29	0.8502
chr1	972322	972323	36	0.8821
chr1	972344	972345	34	0.3829
chr1	972359	972360	31	0.28
chr1	972380	972381	31	0.2321
chr1	972430	972431	34	0.3796
chr1	972475	972476	21	0.3686
chr1	972497	972498	31	0.2287
chr1	972512	972513	27	0.3338
chr1	972534	972535	35	0.4463
chr1	972555	972556	32	0.2598
chr1	972583	972584	34	0.2687
chr1	972609	972610	29	0.2939
chr1	972631	972632	26	0.3974
chr1	972661	972662	35	0.2108
chr1	972676	972677	26	0.5122
chr1	972707	972708	28	0.2904
chr1	972726	972727	23	0.3032
chr1	972742	972743	33	0.3949
chr1	972762	972763	21	0.3383
chr1	972788	972789	26	0.3505
chr1	972805	972806	32	0.4032
chr1	972855	972856	23	0.5357
chr1	972955	972956	37	0.3543
chr1	973047	973048	22	0.2396
chr1	973147	973148	31	0.2294
chr1	973247	973248	17	0.1989
chr1	973343	973344	27	0.3614
chr1	973353	973354	32	0.6547
chr1	973374	973375	26	0.555
chr1	973400	973401	33	0.6329
chr1	973425	973426	31	0.4193
chr1	973462	973463	31	0.4995
chr1	973482	973483	30	0.4807
chr1	973505	973506	26	0.4465
chr1	973524	973525	24	0.5258
chr1	973556	973557	29	0.5239
chr1	973606	973607	21	0.5583
chr1	973625	973626	30	0.6978
chr1	973659	973660	20	0.5287
chr1	973682	973683	29	0.5563
chr1	973732	973733	32	0.6092
chr1	973747	973748	39	0.4886
chr1	973797	973798	32	0.5137
chr1	973827	973828	32	0.5121
chr1	973877	973878	28	0.6128
chr1	973880	973881	28	0.3016
chr1	973964	973965	25	0.6571
chr1	974064	974065	27	0.4238
chr1	974138	974139	28	0.577
chr1	974188	974189	27	0.4882
chr1	974250	974251	25	0.4993
chr1	974350	974351	25	0.6226
chr1	974368	974369	29	0.8312
chr1	974396	974397	23	0.9684
chr1	974476	974477	30	0.7625
chr1	974554	974555	23	0.744
chr1	974748	974749	36	0.8418
chr1	974790	974791	31	0.8731
chr1	974840	974841	27	0.7847
chr1	974859	974860	28	0.837
chr1	974874	974875	32	0.7044
chr1	974902	974903	27	0.797
chr1	974931	974932	27	0.8839
chr1	974967	974968	21	0.846
chr1	974994	974995	25	0.8518
chr1	975033	975034	18	0.6468
chr1	975083	975084	31	0.8289
chr1	975105	975106	24	0.7722
chr1	975126	975127	23	0.7042
chr1	975170	975171	34	0.9345
chr1	975213	975214	30	0.7332
chr1	975240	975241	37	0.5717
chr1	975340	975341	27	0.645
chr1	975418	975419	30	0.6204
chr1	975518	975519	24	0.81
chr1	975568	975569	32	0.7496
chr1	975668	975669	31	0.8173
chr1	975706	975707	22	0.8905
chr1	975752	975753	30	0.7422
chr1	975763	975764	32	0.8007
chr1	975798	975799	26	0.6254
chr1	975820	975821	32	0.8018
chr1	975840	975841	44	0.7145
chr1	975855	975856	23	0.6692
chr1	975870	975871	26	0.6521
chr1	975905	975906	32	0.75
chr1	975952	975953	34	0.6648
chr1	975985	975986	28	0.4711
chr1	976000	976001	27	0.635
chr1	976029	976030	22	0.7373
chr1	976048	976049	34	0.6583
chr1	976077	976078	36	0.5582
chr1	976102	976103	30	0.5733
chr1	976137	976138	34	0.7152
chr1	976152	976153	18	0.5167
chr1	976167	976168	31	0.5665
chr1	976188	976189	31	0.6343
chr1	976209	976210	21	0.7853
chr1	976278	976279	32	0.7885
chr1	976378	976379	20	0.6733
chr1	976437	976438	28	0.5047
chr1	976537	976538	34	0.6022
chr1	976627	976628	28	0.7167
chr1	976667	976668	40	0.8027
chr1	976683	976684	29	0.8706
chr1	976723	976724	32	0.968
chr1	976750	976751	35	0.9255
chr1	976777	976778	33	0.7531
chr1	976827	976828	34	0.7814
chr1	976869	976870	25	0.8625
chr1	976887	976888	30	0.6484
chr1	976902	976903	27	0.7739
chr1	976935	976936	27	0.7867
chr1	976985	976986	30	0.8783
chr1	977035	977036	19	0.8038
chr1	977060	977061	24	0.9039
chr1	977090	977091	25	0.8389
chr1	977140	977141	30	0.8399
chr1	977190	977191	20	0.8012
chr1	977219	977220	21	0.7266
chr1	977305	977306	34	0.7748
chr1	977405	977406	31	0.6975
chr1	977505	977506	30	0.7823
chr1	977605	977606	34	0.7725
chr1	977705	977706	33	0.7715
chr1	977757	977758	34	0.9078
chr1	977767	977768	32	0.7792
chr1	977807	977808	30	0.6964
chr1	977834	977835	32	0.5781
chr1	977884	977885	36	0.6161
chr1	977901	977902	31	0.6121
chr1	977937	977938	31	0.7594
chr1	977970	977971	27	0.772
chr1	977987	977988	27	0.6675
chr1	978019	978020	26	0.7031
chr1	978037	978038	31	0.7155
chr1	978061	978062	34	0.7731
chr1	978093	978094	27	0.6178
chr1	978121	978122	34	0.7395
chr1	978136	978137	27	0.9517
chr1	978166	978167	32	0.7934
chr1	978208	978209	32	0.7031
chr1	978258	978259	31	0.7962
chr1	978273	978274	30	0.8745
chr1	978288	978289	27	0.6924
chr1	978338	978339	29	0.5336
chr1	978353	978354	22	0.7758
chr1	978378	978379	25	0.6341
chr1	978478	978479	32	0.6812
chr1	978528	978529	33	0.6518
chr1	978625	978626	28	0.6064
chr1	978707	978708	29	0.8573
chr1	978791	978792	25	0.6773
chr1	978861	978862	32	0.7867
chr1	978899	978900	30	0.9085
chr1	978939	978940	22	0.7554
chr1	978968	978969	31	0.6865
chr1	978988	978989	29	0.6515
chr1	979005	979006	32	0.715
chr1	979026	979027	30	0.7397
chr1	979046	979047	38	0.6485
chr1	979096	979097	30	0.7364
chr1	979121	979122	34	0.8192
chr1	979142	979143	32	0.663
chr1	979192	979193	29	0.6254
chr1	979242	979243	38	0.8243
chr1	979280	979281	24	0.7261
chr1	979309	979310	25	0.5663
chr1	979326	979327	26	0.7946
chr1	979357	979358	25	0.6154
chr1	979391	979392	26	0.6737
chr1	979427	979428	26	0.7375
chr1	979455	979456	30	0.767
chr1	979486	979487	27	0.6034
chr1	979586	979587	27	0.8428
chr1	979686	979687	31	0.5072
chr1	979786	979787	23	0.7201
chr1	979847	979848	20	0.6308
chr1	979910	979911	40	0.5353
chr1	979946	979947	30	0.8252
chr1	979976	979977	27	0.7221
chr1	980000	980001	32	0.7324
chr1	980050	980051	34	0.8343
chr1	980086	980087	30	0.7679
chr1	980106	980107	28	0.6078
chr1	980121	980122	39	0.7599
chr1	980169	980170	22	0.7681
chr1	980193	980194	40	0.7159
chr1	980243	980244	24	0.8791
chr1	980262	980263	36	0.8087
chr1	980292	980293	35	0.6653
chr1	980322	980323	30	0.5561
chr1	980368	980369	25	0.6768
chr1	980416	980417	36	0.7163
chr1	980439	980440	27	0.8545
chr1	980485	980486	29	0.8307
chr1	980503	980504	32	0.8539
chr1	980518	980519	28	0.7599
chr1	980547	980548	28	0.9132
chr1	980571	980572	30	0.8972
chr1	980671	980672	27	0.7707
chr1	980771	980772	20	0.574
chr1	980849	980850	23	0.5443
chr1	980949	980950	33	0.6455
chr1	981049	981050	27	0.6401
chr1	981134	981135	34	0.6423
chr1	981150	981151	33	0.8966
chr1	981188	981189	23	0.3483
chr1	981238	981239	28	0.3201
chr1	981288	981289	34	0.0872
chr1	981315	981316	28	0.2041
chr1	981338	981339	31	0.1907
chr1	981371	981372	27	0.0563
chr1	981412	981413	33	0.0885
chr1	981455	981456	25	0.2153
chr1	981473	981474	26	0.0171
chr1	981488	981489	32	0.047
chr1	981521	981522	27	0.2278
chr1	981541	981542	28	0.2815
chr1	981565	981566	29	0.2559
chr1	981594	981595	36	0.0306
chr1	981634	981635	32	0.1497
chr1	981658	981659	36	0.213
chr1	981695	981696	36	0.158
chr1	981743	981744	32	0.062
chr1	981752	981753	37	0.0649
chr1	981829	981830	33	0.0895
chr1	981911	981912	35	0.018
chr1	981978	981979	29	0.093
chr1	982075	982076	34	0.2104
chr1	982175	982176	37	0.0903
chr1	982226	982227	32	0.1454
chr1	982248	982249	31	0.0751
chr1	982258	982259	25	0.2447
chr1	982302	982303	26	0.8193
chr1	982329	982330	29	0.8829
chr1	982370	982371	37	0.8741
chr1	982390	982391	33	0.7265
chr1	982417	982418	32	0.8557
chr1	982445	982446	28	0.8102
chr1	982477	982478	24	0.9238
chr1	982492	982493	26	0.9634
chr1	982511	982512	34	0.816
chr1	982550	982551	22	0.8824
chr1	982568	982569	31	0.8118
chr1	982618	982619	27	0.9185
chr1	982641	982642	18	0.8704
chr1	982661	982662	34	0.9544
chr1	982696	982697	31	0.8129
chr1	982715	982716	37	0.8432
chr1	982736	982737	27	0.7839
chr1	982755	982756	25	0.7201
chr1	982855	982856	25	0.9314
chr1	982955	982956	25	0.8605
chr1	983055	983056	31	0.986
chr1	983155	983156	33	0.8744
chr1	983169	983170	31	0.6241
chr1	983249	983250	31	0.9383
chr1	983271	983272	29	0.7001
chr1	983286	983287	32	0.4371
chr1	983323	983324	32	0.7874
chr1	983373	983374	33	0.7766
chr1	983388	983389	34	0.248
chr1	983410	983411	30	0.6247
chr1	983442	983443	40	0.2686
chr1	983471	983472	29	0.7216
chr1	983506	983507	32	0.3134
chr1	983537	983538	33	0.4597
chr1	983552	983553	30	0.827
chr1	983582	983583	26	1.0
chr1	983632	983633	33	1.0
chr1	983664	983665	30	0.5404
chr1	983684	983685	28	0.6016
chr1	983703	983704	31	0.5756
chr1	983725	983726	25	0.361
chr1	983740	983741	33	0.362
chr1	983761	983762	30	0.3322
chr1	983796	983797	28	0.208
chr1	983896	983897	30	0.9302
chr1	983996	983997	31	0.6736
chr1	984096	984097	27	0.8009
chr1	984196	984197	30	0.7001
chr1	984296	984297	31	0.3173
chr1	984302	984303	29	0.575
chr1	984342	984343	34	0.9537
chr1	984366	984367	29	0.8226
chr1	984381	984382	31	0.7163
chr1	984431	984432	30	0.6197
chr1	984466	984467	36	0.54
chr1	984481	984482	30	0.6994
chr1	984503	984504	30	0.6848
chr1	984553	984554	29	0.6934
chr1	984597	984598	24	0.4853
chr1	984622	984623	27	0.6822
chr1	984650	984651	26	0.6806
chr1	984679	984680	20	0.8317
chr1	984696	984697	33	0.6031
chr1	984711	984712	31	0.7361
chr1	984738	984739	33	0.6086
chr1	984781	984782	26	0.7342
chr1	984817	984818	28	0.5331
chr1	984917	984918	28	0.7801
chr1	985017	985018	30	0.6651
chr1	985117	985118	37	0.5997
chr1	985167	985168	29	0.5599
chr1	985233	985234	29	0.6981
chr1	985257	985258	26	0.6354
chr1	985327	985328	34	0.7006
chr1	986490	986491	34	0.7398
chr1	986532	986533	36	0.9077
chr1	986582	986583	28	0.973
chr1	986597	986598	28	0.7474
chr1	986635	986636	31	0.9163
chr1	986685	986686	26	1.0
chr1	986724	986725	29	0.8619
chr1	986774	986775	42	0.8651
chr1	986804	986805	37	0.7826
chr1	986835	986836	28	0.7169
chr1	986858	986859	25	0.6048
chr1	986908	986909	28	0.7016
chr1	986935	986936	23	0.6852
chr1	986966	986967	33	0.7393
chr1	987046	987047	30	0.8349
chr1	987116	987117	20	0.7681
chr1	987204	987205	21	0.7505
chr1	987304	987305	26	0.7434
chr1	987354	987355	21	0.8578
chr1	987436	987437	32	0.8685
chr1	987462	987463	31	0.186
chr1	987503	987504	38	0.0738
chr1	987542	987543	25	0.0934
chr1	987584	987585	31	0.1417
chr1	987631	987632	35	0.0516
chr1	987662	987663	26	0.1234
chr1	987712	987713	26	0.1552
chr1	987737	987738	35	0.0314
chr1	987761	987762	38	0.1631
chr1	987809	987810	32	0.044
chr1	987830	987831	31	0.1305
chr1	987845	987846	21	0.1268
chr1	987864	987865	31	0.0
chr1	987880	987881	32	0.2085
chr1	987929	987930	41	0.118
chr1	987979	987980	37	0.1125
chr1	988029	988030	30	0.1158
chr1	988129	988130	24	0.1189
chr1	988229	988230	34	0.1206
chr1	988329	988330	34	0.0197
chr1	988331	988332	25	0.1261
chr1	988373	988374	38	0.0347
chr1	988404	988405	23	0.4128
chr1	988449	988450	35	0.812
chr1	988487	988488	34	0.0
chr1	988537	988538	29	0.014
chr1	988580	988581	25	0.3921
chr1	988611	988612	33	0.3258
chr1	988658	988659	31	0.3525
chr1	988692	988693	26	0.758
chr1	988718	988719	27	0.2559
chr1	988766	988767	35	0.3381
chr1	988783	988784	27	0.3192
chr1	988833	988834	38	0.0
chr1	988848	988849	36	0.0
chr1	988890	988891	23	0.6253
chr1	988924	988925	33	0.706
chr1	988939	988940	30	0.1918
chr1	989039	989040	40	0.1417
chr1	989139	989140	30	0.0
chr1	989239	989240	30	0.7614
chr1	989289	989290	25	0.804
chr1	989389	989390	26	0.4582
chr1	989429	989430	28	0.3096
chr1	989442	989443	34	0.7522
chr1	989492	989493	29	0.503
chr1	989514	989515	32	0.6575
chr1	989532	989533	34	0.7422
chr1	989577	989578	37	0.6385
chr1	989606	989607	36	0.7572
chr1	989656	989657	31	0.8135
chr1	989672	989673	26	0.7494
chr1	989696	989697	29	0.7905
chr1	989741	989742	30	0.6668
chr1	989756	989757	35	0.7119
chr1	989781	989782	36	0.716
chr1	989798	989799	31	0.6737
chr1	989823	989824	35	0.7317
chr1	989861	989862	34	0.6813
chr1	989881	989882	34	0.754
chr1	989931	989932	30	0.6648
chr1	989945	989946	36	0.7391
chr1	990045	990046	40	0.5759
chr1	990121	990122	29	0.7273
chr1	990221	990222	30	0.7496
chr1	990272	990273	31	0.6857
chr1	990372	990373	26	0.6335
chr1	990431	990432	29	0.7029
chr1	990475	990476	36	0.7243
chr1	990523	990524	22	0.6241
chr1	990567	990568	23	0.9254
chr1	990596	990597	33	0.8815
chr1	990629	990630	28	0.6957
chr1	990679	990680	25	0.647
chr1	990705	990706	37	0.6545
chr1	990728	990729	24	0.8623
chr1	990758	990759	41	0.8072
chr1	990791	990792	27	0.6472
chr1	990812	990813	25	0.7866
chr1	990832	990833	26	0.7533
chr1	990862	990863	26	0.7538
chr1	990910	990911	35	0.741
chr1	990937	990938	34	0.8397
chr1	990987	990988	39	0.8452
chr1	991087	991088	28	0.6624
chr1	991137	991138	30	0.9932
chr1	991192	991193	35	0.8874
chr1	991292	991293	30	0.9112
chr1	991314	991315	30	0.7903
chr1	991321	991322	30	0.7264
chr1	991342	991343	32	0.8458
chr1	991359	991360	28	0.6487
chr1	991374	991375	31	0.7174
chr1	991416	991417	26	0.708
chr1	991448	991449	41	0.777
chr1	991463	991464	36	0.801
chr1	991484	991485	27	0.8506
chr1	991520	991521	25	0.8494
chr1	991559	991560	30	0.8118
chr1	991609	991610	35	0.7831
chr1	991655	991656	28	0.794
chr1	991674	991675	28	0.5028
chr1	991689	991690	26	0.5367
chr1	991739	991740	36	0.4325
chr1	991766	991767	29	0.6217
chr1	991796	991797	26	0.7201
chr1	991896	991897	35	0.6421
chr1	991996	991997	31	0.6809
chr1	992096	992097	34	0.7157
chr1	992196	992197	21	0.7978
chr1	992270	992271	27	0.8717
chr1	992310	992311	34	0.9681
chr1	992338	992339	29	0.7826
chr1	992364	992365	35	0.8532
chr1	992376	992377	29	0.8771
chr1	992514	992515	36	0.9497
chr1	992618	992619	32	0.6867
chr1	992658	992659	28	0.279
chr1	992692	992693	28	0.1225
chr1	992710	992711	29	0.1916
chr1	992737	992738	33	0.1751
chr1	992753	992754	37	0.11
chr1	992789	992790	37	0.1153
chr1	992839	992840	20	0.1832
chr1	992871	992872	23	0.13
chr1	992890	992891	33	0.1692
chr1	992905	992906	32	0.1174
chr1	992955	992956	27	0.0786
chr1	992977	992978	36	0.0412
chr1	993016	993017	29	0.1118
chr1	993033	993034	26	0.2036
chr1	993076	993077	30	0.1787
chr1	993126	993127	26	0.1908
chr1	993145	993146	30	0.2759
chr1	993245	993246	29	0.2468
chr1	993344	993345	35	0.1708
chr1	993444	993445	32	0.2599
chr1	993494	993495	34	0.1745
chr1	993588	993589	24	0.0983
chr1	993608	993609	25	0.0625
chr1	994737	994738	31	0.8745
chr1	994779	994780	26	0.9185
chr1	994802	994803	27	0.6988
chr1	994834	994835	24	0.7058
chr1	994880	994881	22	0.754
chr1	994917	994918	33	0.735
chr1	994967	994968	34	0.8403
chr1	994997	994998	25	0.7328
chr1	995012	995013	27	0.7957
chr1	995062	995063	26	0.6937
chr1	995089	995090	32	0.8388
chr1	995108	995109	38	0.6212
chr1	995140	995141	32	0.7415
chr1	995234	995235	28	0.6989
chr1	995301	995302	27	0.672
chr1	995487	995488	19	0.9713
chr1	995491	995492	28	0.6644
chr1	995585	995586	26	0.7638
chr1	995595	995596	31	0.4327
chr1	995621	995622	36	0.6054
chr1	995642	995643	38	0.5779
chr1	995692	995693	19	0.5317
chr1	995711	995712	29	0.5085
chr1	995747	995748	25	0.5603
chr1	995788	995789	25	0.3132
chr1	995838	995839	34	0.6213
chr1	995865	995866	37	0.4943
chr1	995914	995915	20	0.5431
chr1	995952	995953	31	0.4172
chr1	995991	995992	21	0.6003
chr1	996015	996016	27	0.4335
chr1	996049	996050	35	0.55
chr1	996099	996100	28	0.3248
chr1	996120	996121	34	0.5678
chr1	996175	996176	27	0.4417
chr1	996275	996276	27	0.3884
chr1	996375	996376	33	0.6385
chr1	996475	996476	23	0.5067
chr1	996526	996527	30	0.5372
chr1	996626	996627	30	0.5692
chr1	996662	996663	24	0.7413
chr1	996752	996753	32	0.8337
chr1	996858	996859	33	0.6239
chr1	996902	996903	28	0.8029
chr1	996920	996921	38	0.7149
chr1	997012	997013	27	0.8117
chr1	997090	997091	26	0.774
chr1	997139	997140	28	0.8609
chr1	997163	997164	25	0.818
chr1	997178	997179	31	1.0
chr1	997195	997196	39	0.9389
chr1	997238	997239	33	0.8691
chr1	997255	997256	31	0.8406
chr1	997292	997293	28	1.0
chr1	997318	997319	35	1.0
chr1	997344	997345	31	0.9058
chr1	997390	997391	33	0.8141
chr1	997410	997411	28	0.8657
chr1	997451	997452	27	1.0
chr1	997478	997479	28	0.9021
chr1	997493	997494	21	0.6905
chr1	997508	997509	22	0.9458
chr1	997531	997532	34	0.899
chr1	997549	997550	32	0.8761
chr1	997575	997576	28	0.8122
chr1	997675	997676	34	0.8767
chr1	997755	997756	27	0.8155
chr1	997805	997806	17	0.906
chr1	997905	997906	29	0.7917
chr1	998005	998006	29	0.8616
chr1	998029	998030	33	0.8975
chr1	998076	998077	23	0.6765
chr1	998115	998116	29	0.8981
chr1	998136	998137	29	0.858
chr1	998156	998157	19	0.7605
chr1	998171	998172	28	0.7413
chr1	998220	998221	24	0.6473
chr1	998262	998263	25	0.7502
chr1	998299	998300	26	0.7865
chr1	998317	998318	30	0.8057
chr1	998342	998343	31	0.875
chr1	998385	998386	29	0.7832
chr1	998420	998421	31	0.7401
chr1	998470	998471	30	0.7468
chr1	998498	998499	32	0.9017
chr1	998538	998539	25	0.7348
chr1	998588	998589	32	0.86
chr1	998593	998594	36	0.7407
chr1	998643	998644	29	0.867
chr1	998736	998737	26	0.8073
chr1	998836	998837	21	0.838
chr1	998936	998937	35	0.7891
chr1	999036	999037	30	0.7438
chr1	999042	999043	27	0.9496
chr1	999061	999062	36	0.6404
chr1	999110	999111	25	0.6137
chr1	999141	999142	27	0.5271
chr1	999171	999172	32	0.699
chr1	999187	999188	34	0.5116
chr1	999228	999229	26	0.4204
chr1	999259	999260	32	0.6665
chr1	999274	999275	20	0.7135
chr1	999305	999306	30	0.56
chr1	999325	999326	23	0.4373
chr1	999340	999341	27	0.6084
chr1	999369	999370	32	0.5817
chr1	999414	999415	28	0.6449
chr1	999460	999461	30	0.6092
chr1	999544	999545	24	0.6602
chr1	999636	999637	24	0.7657
chr1	999736	999737	40	0.6208
chr1	999791	999792	32	0.6616
chr1	999883	999884	32	0.744
chr1	999889	999890	26	0.2407
chr1	999906	999907	26	0.243
chr1	999921	999922	31	0.3124
chr1	999968	999969	22	0.3412
chr1	999994	999995	22	0.2444
chr1	1000044	1000045	27	0.28
chr1	1000072	1000073	23	0.3715
chr1	1000094	1000095	25	0.3834
chr1	1000120	1000121	34	0.3313
chr1	1000160	1000161	41	0.3002
chr1	1000185	1000186	32	0.1777
chr1	1000221	1000222	29	0.2601
chr1	1000243	1000244	29	0.2762
chr1	1000279	1000280	22	0.3589
chr1	1000302	1000303	35	0.3238
chr1	1000333	1000334	29	0.1671
chr1	1000353	1000354	36	0.3119
chr1	1000378	1000379	26	0.4513
chr1	1000471	1000472	21	0.2252
chr1	1000521	1000522	28	0.197
chr1	1000621	1000622	34	0.203
chr1	1000671	1000672	31	0.346
chr1	1000721	1000722	21	0.3175
chr1	1000821	1000822	29	0.487
chr1	1000829	1000830	25	0.099
chr1	1000847	1000848	24	0.1109
chr1	1000887	1000888	31	0.0
chr1	1001115	1001116	37	0.1931
chr1	1001287	1001288	34	0.0
chr1	1001317	1001318	37	0.141
chr1	1001321	1001322	28	0.004
chr1	1001343	1001344	34	0.459
chr1	1001390	1001391	28	0.6849
chr1	1001411	1001412	33	0.6262
chr1	1001426	1001427	27	0.7169
chr1	1001470	1001471	37	0.5637
chr1	1001508	1001509	29	0.6484
chr1	1001541	1001542	38	0.5605
chr1	1001565	1001566	30	0.5587
chr1	1001615	1001616	27	0.5482
chr1	1001639	1001640	35	0.4208
chr1	1001689	1001690	31	0.5378
chr1	1001729	1001730	27	0.5575
chr1	1001752	1001753	34	0.5186
chr1	1001801	1001802	34	0.449
chr1	1001829	1001830	28	0.5437
chr1	1001845	1001846	15	0.6499
chr1	1001873	1001874	27	0.5308
chr1	1001949	1001950	28	0.542
chr1	1001999	1002000	25	0.4413
chr1	1002049	1002050	29	0.5069
chr1	1002132	1002133	28	0.5935
chr1	1002232	1002233	38	0.555
chr1	1002332	1002333	34	0.5597
chr1	1002382	1002383	28	0.5304
chr1	1002398	1002399	25	0.5914
chr1	1002416	1002417	37	0.679
chr1	1002451	1002452	35	0.9423
chr1	1002487	1002488	24	0.6452
chr1	1002502	1002503	34	0.7646
chr1	1002535	1002536	35	0.7841
chr1	1002558	1002559	30	0.8524
chr1	1002592	1002593	30	0.8251
chr1	1002610	1002611	32	0.7751
chr1	1002628	1002629	27	1.0
chr1	1002657	1002658	30	0.9364
chr1	1002673	1002674	28	0.8338
chr1	1002704	1002705	37	0.763
chr1	1002750	1002751	32	0.8875
chr1	1002785	1002786	29	0.8279
chr1	1002835	1002836	32	0.767
chr1	1002857	1002858	37	0.8734
chr1	1002877	1002878	26	0.889
chr1	1002898	1002899	35	0.8314
chr1	1002922	1002923	28	0.7382
chr1	1002927	1002928	33	0.8671
chr1	1003027	1003028	33	0.6106
chr1	1003077	1003078	23	0.8764
chr1	1003152	1003153	28	0.6295
chr1	1003202	1003203	30	0.8413
chr1	1003302	1003303	36	0.8597
chr1	1003402	1003403	32	0.8042
chr1	1003500	1003501	25	0.9516
chr1	1003542	1003543	30	0.7331
chr1	1003590	1003591	35	0.627
chr1	1003614	1003615	34	0.5928
chr1	1003645	1003646	32	0.6358
chr1	1003670	1003671	28	0.5678
chr1	1003701	1003702	35	0.6568
chr1	1003719	1003720	36	0.6148
chr1	1003769	1003770	30	0.6479
chr1	1003798	1003799	25	0.5197
chr1	1003818	1003819	32	0.6285
chr1	1003851	1003852	25	0.6584
chr1	1003901	1003902	35	0.7361
chr1	1003951	1003952	26	0.683
chr1	1003971	1003972	36	0.5776
chr1	1004021	1004022	29	0.7257
chr1	1004050	1004051	31	0.6158
chr1	1004094	1004095	28	0.6928
chr1	1004099	1004100	40	0.8814
chr1	1004168	1004169	34	0.5267
chr1	1004268	1004269	29	0.6573
chr1	1004318	1004319	23	0.6848
chr1	1004418	1004419	30	0.6132
chr1	1004503	1004504	35	0.7206
chr1	1004603	1004604	22	0.6678
chr1	1004605	1004606	30	0.7826
chr1	1004635	1004636	22	0.1606
chr1	1004664	1004665	29	0.2
chr1	1004714	1004715	32	0.099
chr1	1004737	1004738	24	0.0879
chr1	1004787	1004788	32	0.1143
chr1	1004813	1004814	29	0.0022
chr1	1004847	1004848	33	0.1542
chr1	1004879	1004880	28	0.0375
chr1	1004903	1004904	23	0.1667
chr1	1004925	1004926	33	0.1349
chr1	1004942	1004943	30	0.0814
chr1	1004992	1004993	20	0.1519
chr1	1005028	1005029	37	0.0
chr1	1005050	1005051	27	0.166
chr1	1005085	1005086	32	0.0436
chr1	1005093	1005094	34	0.1654
chr1	1005155	1005156	26	0.1187
chr1	1005255	1005256	35	0.059
chr1	1005305	1005306	34	0.2502
chr1	1005405	1005406	36	0.1185
chr1	1005505	1005506	17	0.1072
chr1	1005513	1005514	34	0.0965
chr1	1005522	1005523	22	0.4936
chr1	1005563	1005564	30	0.5448
chr1	1005596	1005597	35	0.517
chr1	1005640	1005641	33	0.3304
chr1	1005690	1005691	27	0.4301
chr1	1005718	1005719	34	0.6149
chr1	1005767	1005768	30	0.4601
chr1	1005799	1005800	30	0.5953
chr1	1005849	1005850	31	0.5526
chr1	1005895	1005896	38	0.3605
chr1	1005915	1005916	27	0.525
chr1	1005940	1005941	27	0.3189
chr1	1005968	1005969	37	0.1854
chr1	1006018	1006019	25	0.545
chr1	1006065	1006066	34	0.5348
chr1	1006125	1006126	24	0.5297
chr1	1006225	1006226	29	0.4866
chr1	1006325	1006326	32	0.3685
chr1	1006425	1006426	25	0.3326
chr1	1006525	1006526	34	0.3266
chr1	1006543	1006544	24	0.686
chr1	1006663	1006664	34	0.9827
chr1	1006807	1006808	34	0.6443
chr1	1006937	1006938	29	0.778
chr1	1006973	1006974	40	0.683
chr1	1007023	1007024	31	0.7706
chr1	1007058	1007059	19	0.7589
chr1	1007073	1007074	29	0.8746
chr1	1007101	1007102	31	0.801
chr1	1007124	1007125	30	0.9999
chr1	1007139	1007140	30	0.7805
chr1	1007174	1007175	25	0.7595
chr1	1007194	1007195	36	0.9124
chr1	1007244	1007245	29	0.8268
chr1	1007259	1007260	33	0.7421
chr1	1007282	1007283	26	0.6881
chr1	1007332	1007333	21	0.8375
chr1	1007379	1007380	27	0.6908
chr1	1007400	1007401	32	0.895
chr1	1007450	1007451	36	0.8322
chr1	1007474	1007475	26	0.7952
chr1	1007498	1007499	31	0.8783
chr1	1007532	1007533	37	0.8671
chr1	1007551	1007552	33	0.823
chr1	1007569	1007570	30	0.9106
chr1	1007636	1007637	36	0.9674
chr1	1007723	1007724	27	0.7545
chr1	1007785	1007786	28	0.8358
chr1	1007862	1007863	20	0.8812
chr1	1007962	1007963	20	0.8886
chr1	1008062	1008063	28	0.9631
chr1	1008112	1008113	33	0.9214
chr1	1008118	1008119	17	0.7873
chr1	1008127	1008128	31	0.5053
chr1	1008146	1008147	35	0.4871
chr1	1008165	1008166	29	0.5125
chr1	1008184	1008185	31	0.6079
chr1	1008210	1008211	28	0.3072
chr1	1008260	1008261	24	0.5383
chr1	1008297	1008298	29	0.5218
chr1	1008324	1008325	27	0.4506
chr1	1008374	1008375	31	0.6619
chr1	1008389	1008390	33	0.5079
chr1	1008431	1008432	30	0.5889
chr1	1008447	1008448	26	0.6156
chr1	1008474	1008475	27	0.496
chr1	1008524	1008525	29	0.4176
chr1	1008543	1008544	26	0.6253
chr1	1008563	1008564	35	0.5652
chr1	1008608	1008609	26	0.444
chr1	1008687	1008688	32	0.422
chr1	1008737	1008738	29	0.5323
chr1	1008837	1008838	25	0.3527
chr1	1008929	1008930	34	0.6527
chr1	1009029	1009030	30	0.6093
chr1	1009255	1009256	30	0.6667
chr1	1009273	1009274	27	0.7206
chr1	1009339	1009340	31	0.5107
chr1	1009343	1009344	19	0.5435
chr1	1009347	1009348	17	0.7558
chr1	1009367	1009368	35	0.7206
chr1	1009407	1009408	27	0.8886
chr1	1009433	1009434	25	0.6875
chr1	1009480	1009481	33	0.7416
chr1	1009517	1009518	26	0.7775
chr1	1009540	1009541	29	0.8901
chr1	1009590	1009591	27	0.85
chr1	1009613	1009614	31	0.8431
chr1	1009644	1009645	31	0.7733
chr1	1009671	1009672	24	0.8168
chr1	1009721	1009722	30	0.6339
chr1	1009746	1009747	25	0.9103
chr1	1009782	1009783	27	0.7063
chr1	1009819	1009820	34	0.7321
chr1	1009840	1009841	28	0.7715
chr1	1009877	1009878	33	0.8498
chr1	1009902	1009903	29	0.6838
chr1	1009934	1009935	29	0.5923
chr1	1009970	1009971	34	0.898
chr1	1010070	1010071	36	0.7336
chr1	1010170	1010171	34	0.4841
chr1	1010231	1010232	34	0.8172
chr1	1010331	1010332	27	0.8838
chr1	1010431	1010432	30	0.6686
chr1	1010435	1010436	39	0.7279
chr1	1010445	1010446	25	0.8756
chr1	1010458	1010459	27	0.1871
chr1	1010473	1010474	31	0.1394
chr1	1010500	1010501	25	0.1632
chr1	1010550	1010551	27	0.3182
chr1	1010568	1010569	31	0.1591
chr1	1010599	1010600	30	0.2109
chr1	1010614	1010615	26	0.1346
chr1	1010648	1010649	31	0.128
chr1	1010668	1010669	32	0.0357
chr1	1010686	1010687	25	0.2818
chr1	1010710	1010711	30	0.2336
chr1	1010732	1010733	22	0.1728
chr1	1010747	1010748	34	0.2318
chr1	1010775	1010776	32	0.0956
chr1	1010825	1010826	36	0.0
chr1	1010846	1010847	23	0.0797
chr1	1010871	1010872	24	0.1498
chr1	1010906	1010907	24	0.1128
chr1	1010921	1010922	31	0.127
chr1	1010971	1010972	31	0.2164
chr1	1010983	1010984	25	0.1297
chr1	1011083	1011084	24	0.1218
chr1	1011139	1011140	30	0.1571
chr1	1011239	1011240	24	0.1621
chr1	1011316	1011317	23	0.1637
chr1	1011399	1011400	26	0.1192
chr1	1011478	1011479	20	0.0
chr1	1011490	1011491	36	0.0127
chr1	1011518	1011519	16	0.1617
chr1	1011562	1011563	30	0.7415
chr1	1011585	1011586	26	0.5955
chr1	1011612	1011613	24	0.5151
chr1	1011635	1011636	27	0.6863
chr1	1011685	1011686	39	0.7259
chr1	1011708	1011709	29	0.7444
chr1	1011736	1011737	24	0.5693
chr1	1011781	1011782	29	0.5908
chr1	1011807	1011808	33	0.8118
chr1	1011835	1011836	27	0.5729
chr1	1011885	1011886	31	0.6044
chr1	1011906	1011907	30	0.8409
chr1	1011927	1011928	27	0.5366
chr1	1011961	1011962	35	0.583
chr1	1011976	1011977	33	0.5311
chr1	1012001	1012002	35	0.6932
chr1	1012036	1012037	24	0.6026
chr1	1012071	1012072	33	0.6199
chr1	1012171	1012172	29	0.7293
chr1	1012271	1012272	33	0.6186
chr1	1012321	1012322	34	0.535
chr1	1012409	1012410	28	0.5475
chr1	1012509	1012510	36	0.7767
chr1	1012549	1012550	25	0.8392
chr1	1012561	1012562	21	0.7104
chr1	1012584	1012585	24	0.8981
chr1	1012627	1012628	27	0.8504
chr1	1012677	1012678	29	0.8533
chr1	1012720	1012721	26	0.94
chr1	1012760	1012761	29	0.7087
chr1	1012797	1012798	41	0.7489
chr1	1012824	1012825	27	0.829
chr1	1012874	1012875	28	0.7898
chr1	1012919	1012920	30	0.8841
chr1	1012960	1012961	27	0.8356
chr1	1013001	1013002	36	0.6907
chr1	1013027	1013028	32	0.9919
chr1	1013044	1013045	34	0.9004
chr1	1013077	1013078	19	0.9203
chr1	1013112	1013113	34	0.8583
chr1	1013122	1013123	37	0.7967
chr1	1013222	1013223	32	0.8511
chr1	1013292	1013293	23	0.7409
chr1	1013392	1013393	35	0.7118
chr1	1013492	1013493	26	0.8097
chr1	1013592	1013593	33	0.7269
chr1	1013596	1013597	31	0.7557
chr1	1013646	1013647	28	0.8218
chr1	1013654	1013655	35	0.3293
chr1	1013704	1013705	28	0.3734
chr1	1013737	1013738	33	0.3507
chr1	1013773	1013774	30	0.4155
chr1	1013798	1013799	20	0.4024
chr1	1013836	1013837	28	0.4143
chr1	1013851	1013852	25	0.3463
chr1	1013876	1013877	22	0.3971
chr1	1013912	1013913	27	0.5189
chr1	1013938	1013939	32	0.2911
chr1	1013979	1013980	29	0.4015
chr1	1014002	1014003	33	0.4261
chr1	1014037	1014038	26	0.311
chr1	1014053	1014054	32	0.6313
chr1	1014081	1014082	31	0.4646
chr1	1014113	1014114	32	0.536
chr1	1014213	1014214	29	0.3487
chr1	1014269	1014270	29	0.521
chr1	1014369	1014370	22	0.4649
chr1	1014436	1014437	20	0.4162
chr1	1014489	1014490	34	0.5485
chr1	1014551	1014552	33	0.3878
chr1	1014615	1014616	30	0.7322
chr1	1014751	1014752	30	0.7712
chr1	1014765	1014766	16	0.8322
chr1	1014895	1014896	31	0.7217
chr1	1014917	1014918	29	0.5909
chr1	1014957	1014958	28	0.6095
chr1	1014967	1014968	36	0.6517
chr1	1014985	1014986	30	0.6907
chr1	1015013	1015014	34	0.9322
chr1	1015031	1015032	35	0.8398
chr1	1015048	1015049	27	0.8731
chr1	1015066	1015067	29	0.8895
chr1	1015093	1015094	31	0.82
chr1	1015130	1015131	31	0.8003
chr1	1015154	1015155	30	0.7318
chr1	1015190	1015191	33	0.7834
chr1	1015240	1015241	19	1.0
chr1	1015262	1015263	27	0.6566
chr1	1015312	1015313	29	0.9191
chr1	1015362	1015363	33	0.8179
chr1	1015412	1015413	25	0.8902
chr1	1015428	1015429	26	0.7988
chr1	1015470	1015471	34	0.7276
chr1	1015500	1015501	26	0.7679
chr1	1015524	1015525	26	0.8756
chr1	1015624	1015625	27	0.8622
chr1	1015674	1015675	28	0.7738
chr1	1015740	1015741	30	0.7516
chr1	1015790	1015791	26	0.9913
chr1	1015879	1015880	30	0.8328
chr1	1015979	1015980	26	0.8774
chr1	1016009	1016010	36	0.9558
chr1	1016045	1016046	22	0.7502
chr1	1016050	1016051	30	0.2767
chr1	1016099	1016100	28	0.4142
chr1	1016129	1016130	32	0.3217
chr1	1016167	1016168	31	0.498
chr1	1016199	1016200	31	0.4265
chr1	1016229	1016230	27	0.3574
chr1	1016253	1016254	30	0.4439
chr1	1016303	1016304	20	0.4985
chr1	1016334	1016335	37	0.4627
chr1	1016366	1016367	32	0.4309
chr1	1016406	1016407	30	0.6345
chr1	1016449	1016450	29	0.4509
chr1	1016484	1016485	35	0.5675
chr1	1016499	1016500	29	0.3663
chr1	1016536	1016537	27	0.4387
chr1	1016567	1016568	28	0.4093
chr1	1016640	1016641	31	0.5525
chr1	1016740	1016741	33	0.5707
chr1	1016793	1016794	32	0.4974
chr1	1016843	1016844	27	0.2098
chr1	1016943	1016944	35	0.5091
chr1	1016993	1016994	37	0.5403
chr1	1017173	1017174	27	0.7757
chr1	1017193	1017194	32	0.8855
chr1	1017221	1017222	28	0.7708
chr1	1017295	1017296	28	1.0
chr1	1017343	1017344	26	0.6927
chr1	1017407	1017408	27	0.7091
chr1	1017428	1017429	29	0.7104
chr1	1017445	1017446	32	0.9754
chr1	1017489	1017490	34	0.8175
chr1	1017536	1017537	39	0.58
chr1	1017580	1017581	26	0.8768
chr1	1017609	1017610	32	0.8115
chr1	1017657	1017658	24	0.9492
chr1	1017695	1017696	30	0.823
chr1	1017713	1017714	35	0.5441
chr1	1017754	1017755	27	0.5995
chr1	1017782	1017783	31	0.9575
chr1	1017800	1017801	28	0.9102
chr1	1017844	1017845	37	1.0
chr1	1017868	1017869	32	0.698
chr1	1017889	1017890	33	0.5809
chr1	1017912	1017913	32	0.9407
chr1	1018012	1018013	34	0.6508
chr1	1018112	1018113	35	0.657
chr1	1018212	1018213	31	0.5914
chr1	1018312	1018313	31	0.8949
chr1	1018488	1018489	20	0.8282
chr1	1018498	1018499	26	0.2858
chr1	1018525	1018526	29	0.3274
chr1	1018553	1018554	40	0.3518
chr1	1018574	1018575	32	0.4563
chr1	1018591	1018592	32	0.1301
chr1	1018634	1018635	28	0.2897
chr1	1018657	1018658	28	0.3057
chr1	1018676	1018677	23	0.3682
chr1	1018708	1018709	31	0.3305
chr1	1018747	1018748	29	0.5025
chr1	1018794	1018795	31	0.2692
chr1	1018810	1018811	27	0.3559
chr1	1018860	1018861	25	0.1901
chr1	1018887	1018888	30	0.4319
chr1	1018919	1018920	30	0.2634
chr1	1018962	1018963	35	0.3344
chr1	1019012	1019013	33	0.4308
chr1	1019038	1019039	24	0.4018
chr1	1019104	1019105	28	0.3423
chr1	1019186	1019187	33	0.3266
chr1	1019286	1019287	23	0.2927
chr1	1019385	1019386	34	0.3077
chr1	1019485	1019486	22	0.3527
chr1	1019552	1019553	28	0.3866
chr1	1019572	1019573	26	0.0245
chr1	1019574	1019575	33	0.0485
chr1	1019666	1019667	30	0.1748
chr1	1019788	1019789	22	0.137
chr1	1019892	1019893	28	0.242
chr1	1019924	1019925	27	0.2095
chr1	1019946	1019947	27	0.3232
chr1	1020030	1020031	37	0.2209
chr1	1020048	1020049	30	0.1024
chr1	1020078	1020079	21	0.7361
chr1	1020095	1020096	37	0.5545
chr1	1020129	1020130	21	0.7101
chr1	1020179	1020180	30	0.5959
chr1	1020194	1020195	31	0.7596
chr1	1020215	1020216	22	0.6413
chr1	1020253	1020254	29	0.8703
chr1	1020276	1020277	30	0.8078
chr1	1020341	1020342	30	0.8112
chr1	1020383	1020384	33	0.8052
chr1	1020402	1020403	31	0.8127
chr1	1020428	1020429	23	0.7707
chr1	1020443	1020444	21	0.8138
chr1	1020467	1020468	35	0.7413
chr1	1020498	1020499	26	0.9715
chr1	1020523	1020524	37	0.7278
chr1	1020565	1020566	40	0.7904
chr1	1020615	1020616	30	0.7477
chr1	1020715	1020716	27	0.7445
chr1	1020815	1020816	31	0.7886
chr1	1020894	1020895	33	0.7368
chr1	1020994	1020995	27	0.9216
chr1	1021040	1021041	30	0.7052
chr1	1021056	1021057	23	0.7915
chr1	1021065	1021066	30	0.4142
chr1	1021080	1021081	17	0.3589
chr1	1021130	1021131	28	0.1617
chr1	1021180	1021181	24	0.4171
chr1	1021217	1021218	37	0.3246
chr1	1021234	1021235	35	0.4176
chr1	1021264	1021265	28	0.2615
chr1	1021312	1021313	36	0.4365
chr1	1021334	1021335	30	0.5629
chr1	1021350	1021351	39	0.5362
chr1	1021376	1021377	22	0.4387
chr1	1021426	1021427	37	0.289
chr1	1021442	1021443	20	0.3354
chr1	1021492	1021493	31	0.3712
chr1	1021511	1021512	36	0.4865
chr1	1021561	1021562	22	0.53
chr1	1021562	1021563	32	0.3503
chr1	1021662	1021663	32	0.1986
chr1	1021762	1021763	28	0.556
chr1	1021812	1021813	16	0.3371
chr1	1021912	1021913	28	0.3304
chr1	1022012	1022013	27	0.3987
chr1	1022040	1022041	29	0.7106
chr1	1022066	1022067	28	0.8867
chr1	1022082	1022083	30	0.5132
chr1	1022100	1022101	30	0.7804
chr1	1022124	1022125	31	0.678
chr1	1022170	1022171	23	0.709
chr1	1022356	1022357	34	0.7014
chr1	1022378	1022379	29	0.6617
chr1	1022394	1022395	29	0.6989
chr1	1022401	1022402	33	0.5491
chr1	1022419	1022420	28	0.5085
chr1	1022450	1022451	26	0.739
chr1	1022469	1022470	30	0.4993
chr1	1022485	1022486	19	0.545
chr1	1022525	1022526	31	0.6648
chr1	1022540	1022541	33	0.4772
chr1	1022578	1022579	25	0.5563
chr1	1022598	1022599	28	0.7317
chr1	1022642	1022643	32	0.5338
chr1	1022676	1022677	27	0.5402
chr1	1022726	1022727	29	0.6303
chr1	1022742	1022743	34	0.5807
chr1	1022771	1022772	31	0.6513
chr1	1022821	1022822	26	0.5203
chr1	1022855	1022856	29	0.424
chr1	1022864	1022865	31	0.5734
chr1	1022964	1022965	35	0.5443
chr1	1023064	1023065	26	0.3971
chr1	1023164	1023165	31	0.5983
chr1	1023264	1023265	34	0.5206
chr1	1023314	1023315	31	0.7308
chr1	1023320	1023321	30	1.0
chr1	1023380	1023381	30	0.7241
chr1	1023382	1023383	32	0.7634
chr1	1023486	1023487	30	0.604
chr1	1023560	1023561	28	0.813
chr1	1023562	1023563	24	0.935
chr1	1023612	1023613	40	0.8408
chr1	1023676	1023677	24	0.7072
chr1	1023684	1023685	37	0.612
chr1	1023705	1023706	26	0.8224
chr1	1023755	1023756	24	0.7286
chr1	1023785	1023786	31	0.6857
chr1	1023819	1023820	33	0.8915
chr1	1023852	1023853	24	0.8342
chr1	1023867	1023868	33	0.8115
chr1	1023882	1023883	30	0.8209
chr1	1023932	1023933	27	0.6135
chr1	1023947	1023948	35	0.8236
chr1	1023972	1023973	25	0.7106
chr1	1023992	1023993	26	0.8213
chr1	1024025	1024026	30	0.7703
chr1	1024075	1024076	25	0.7221
chr1	1024105	1024106	32	1.0
chr1	1024146	1024147	32	0.883
chr1	1024152	1024153	35	0.7122
chr1	1024252	1024253	26	0.7616
chr1	1024323	1024324	32	0.5862
chr1	1024423	1024424	24	0.7732
chr1	1024523	1024524	33	0.7872
chr1	1024543	1024544	27	0.671
chr1	1024549	1024550	23	0.9007
chr1	1024556	1024557	30	0.5001
chr1	1024592	1024593	27	0.3065
chr1	1024615	1024616	25	0.1841
chr1	1024643	1024644	30	0.4203
chr1	1024671	1024672	30	0.3307
chr1	1024698	1024699	26	0.2675
chr1	1024726	1024727	27	0.3462
chr1	1024776	1024777	27	0.2405
chr1	1024808	1024809	26	0.3478
chr1	1024829	1024830	23	0.3737
chr1	1024864	1024865	30	0.3547
chr1	1024895	1024896	33	0.3387
chr1	1024921	1024922	36	0.4521
chr1	1024968	1024969	37	0.2533
chr1	1025001	1025002	40	0.3342
chr1	1025019	1025020	31	0.1925
chr1	1025119	1025120	29	0.3266
chr1	1025219	1025220	38	0.231
chr1	1025301	1025302	28	0.4658
chr1	1025374	1025375	20	0.3257
chr1	1025424	1025425	29	0.4739
chr1	1025522	1025523	33	0.1239
chr1	1025538	1025539	24	0.0
chr1	1025562	1025563	27	0.198
chr1	1025646	1025647	32	0.224
chr1	1025818	1025819	34	0.1732
chr1	1025830	1025831	26	0.323
chr1	1025846	1025847	34	0.0196
chr1	1025918	1025919	23	0.0141
chr1	1025957	1025958	32	0.8843
chr1	1025996	1025997	28	0.9835
chr1	1026033	1026034	32	0.9016
chr1	1026048	1026049	38	0.7623
chr1	1026071	1026072	26	0.8403
chr1	1026091	1026092	32	0.8787
chr1	1026111	1026112	32	0.8514
chr1	1026161	1026162	32	0.7357
chr1	1026200	1026201	31	0.8154
chr1	1026249	1026250	30	0.8033
chr1	1026279	1026280	27	0.7119
chr1	1026298	1026299	25	0.8663
chr1	1026348	1026349	32	0.9453
chr1	1026398	1026399	34	0.7703
chr1	1026422	1026423	28	0.8221
chr1	1026446	1026447	29	0.8348
chr1	1026472	1026473	29	0.8115
chr1	1026541	1026542	23	0.7816
chr1	1026592	1026593	37	0.8113
chr1	1026692	1026693	36	0.829
chr1	1026792	1026793	32	0.7929
chr1	1026842	1026843	27	0.8195
chr1	1026942	1026943	26	0.8914
chr1	1027018	1027019	31	0.9435
chr1	1027067	1027068	40	0.736
chr1	1027084	1027085	32	0.7342
chr1	1027107	1027108	25	0.7599
chr1	1027149	1027150	40	0.7275
chr1	1027166	1027167	32	0.7881
chr1	1027198	1027199	26	0.7105
chr1	1027214	1027215	27	0.8817
chr1	1027264	1027265	26	0.7575
chr1	1027291	1027292	20	0.6407
chr1	1027327	1027328	35	0.8158
chr1	1027360	1027361	20	0.8227
chr1	1027377	1027378	32	0.8223
chr1	1027400	1027401	26	0.8735
chr1	1027440	1027441	31	0.6417
chr1	1027490	1027491	38	0.9467
chr1	1027523	1027524	25	0.6316
chr1	1027558	1027559	26	0.9338
chr1	1027573	1027574	32	0.8595
chr1	1027600	1027601	21	0.8215
chr1	1027623	1027624	21	0.8586
chr1	1027723	1027724	25	0.6394
chr1	1027783	1027784	29	0.7654
chr1	1027883	1027884	29	0.7328
chr1	1027936	1027937	29	0.838
chr1	1028036	1028037	37	0.8365
chr1	1028136	1028137	30	0.9225
chr1	1028148	1028149	29	0.7175
chr1	1028152	1028153	30	0.9485
chr1	1028162	1028163	33	0.6424
chr1	1028195	1028196	25	0.4922
chr1	1028223	1028224	32	0.5415
chr1	1028253	1028254	29	0.5762
chr1	1028268	1028269	29	0.5881
chr1	1028285	1028286	31	0.5988
chr1	1028335	1028336	34	0.4683
chr1	1028379	1028380	31	0.7001
chr1	1028397	1028398	32	0.5054
chr1	1028432	1028433	38	0.4813
chr1	1028482	1028483	36	0.4867
chr1	1028530	1028531	33	0.4568
chr1	1028577	1028578	25	0.4239
chr1	1028592	1028593	24	0.5324
chr1	1028607	1028608	28	0.5284
chr1	1028629	1028630	37	0.5383
chr1	1028664	1028665	23	0.43
chr1	1028682	1028683	37	0.5904
chr1	1028777	1028778	35	0.5053
chr1	1028877	1028878	30	0.5035
chr1	1028977	1028978	26	0.5399
chr1	1029041	1029042	28	0.5555
chr1	1029126	1029127	26	0.5003
chr1	1029138	1029139	31	0.7917
chr1	1029316	1029317	29	0.9435
chr1	1029488	1029489	16	0.796
chr1	1029496	1029497	29	0.6488
chr1	1029518	1029519	31	0.7605
chr1	1029620	1029621	30	0.8845
chr1	1029622	1029623	28	0.8355
chr1	1029631	1029632	20	0.7692
chr1	1029670	1029671	32	0.7572
chr1	1029686	1029687	19	0.6822
chr1	1029733	1029734	27	0.7152
chr1	1029748	1029749	43	0.6853
chr1	1029792	1029793	30	0.7703
chr1	1029813	1029814	27	0.5184
chr1	1029863	1029864	37	0.6359
chr1	1029893	1029894	37	0.6652
chr1	1029943	1029944	31	0.7555
chr1	1029962	1029963	33	0.668
chr1	1030008	1030009	35	0.7277
chr1	1030031	1030032	28	0.6938
chr1	1030049	1030050	22	0.8519
chr1	1030082	1030083	34	0.5606
chr1	1030132	1030133	33	0.6026
chr1	1030182	1030183	35	0.7932
chr1	1030211	1030212	20	0.6065
chr1	1030229	1030230	33	0.6487
chr1	1030231	1030232	34	0.7537
chr1	1030331	1030332	26	0.5064
chr1	1030381	1030382	34	0.783
chr1	1030481	1030482	29	0.6825
chr1	1030581	1030582	30	0.8797
chr1	1030681	1030682	25	0.7676
chr1	1030781	1030782	28	0.7295
chr1	1030795	1030796	29	0.9389
chr1	1030969	1030970	25	0.9728
chr1	1031023	1031024	29	0.9291
chr1	1031069	1031070	26	0.8066
chr1	1031091	1031092	30	0.8066
chr1	1031105	1031106	30	0.7685
chr1	1031121	1031122	32	0.9106
chr1	1031169	1031170	34	0.9469
chr1	1031191	1031192	35	0.8998
chr1	1031209	1031210	26	0.7853
chr1	1031259	1031260	31	0.8614
chr1	1031284	1031285	26	0.8518
chr1	1031325	1031326	37	0.7383
chr1	1031350	1031351	21	0.867
chr1	1031383	1031384	31	0.7308
chr1	1031419	1031420	36	0.8705
chr1	1031443	1031444	32	0.8467
chr1	1031462	1031463	36	0.7573
chr1	1031511	1031512	32	0.7889
chr1	1031535	1031536	24	0.868
chr1	1031574	1031575	25	0.7462
chr1	1031608	1031609	33	0.9112
chr1	1031646	1031647	27	0.7493
chr1	1031666	1031667	32	0.7086
chr1	1031684	1031685	37	0.6824
chr1	1031709	1031710	31	0.8443
chr1	1031809	1031810	35	0.7689
chr1	1031909	1031910	27	0.9556
chr1	1032009	1032010	35	0.9531
chr1	1032063	1032064	31	0.8401
chr1	1032163	1032164	33	0.8875
chr1	1032185	1032186	28	0.9382
chr1	1032209	1032210	32	0.7407
chr1	1032218	1032219	27	0.3037
chr1	1032268	1032269	30	0.4375
chr1	1032308	1032309	30	0.3794
chr1	1032344	1032345	27	0.4871
chr1	1032383	1032384	29	0.5622
chr1	1032433	1032434	20	0.3971
chr1	1032463	1032464	29	0.5124
chr1	1032491	1032492	37	0.2908
chr1	1032541	1032542	23	0.6727
chr1	1032571	1032572	22	0.6038
chr1	1032593	1032594	33	0.5829
chr1	1032613	1032614	32	0.637
chr1	1032642	1032643	33	0.5035
chr1	1032680	1032681	23	0.3644
chr1	1032726	1032727	36	0.6119
chr1	1032740	1032741	36	0.4268
chr1	1032790	1032791	36	0.4916
chr1	1032840	1032841	36	0.4386
chr1	1032940	1032941	26	0.6494
chr1	1033027	1033028	39	0.4426
chr1	1033077	1033078	20	0.5983
chr1	1033137	1033138	37	0.3585
chr1	1033237	1033238	32	0.4533
chr1	1033239	1033240	28	0.9007
chr1	1033263	1033264	34	0.8828
chr1	1033313	1033314	39	0.6877
chr1	1033379	1033380	30	0.6741
chr1	1033509	1033510	36	0.6646
chr1	1033519	1033520	29	0.0649
chr1	1033556	1033557	31	0.0882
chr1	1033588	1033589	31	0.2699
chr1	1033603	1033604	33	0.0764
chr1	1033632	1033633	38	0.0353
chr1	1033682	1033683	27	0.1027
chr1	1033712	1033713	27	0.3031
chr1	1033727	1033728	32	0.2851
chr1	1033757	1033758	30	0.4838
chr1	1033807	1033808	31	0.3164
chr1	1033843	1033844	31	0.2435
chr1	1033859	1033860	29	0.2358
chr1	1033874	1033875	33	0.2933
chr1	1033906	1033907	35	0.4078
chr1	1033921	1033922	28	0.1151
chr1	1033940	1033941	33	0.2509
chr1	1033974	1033975	23	0.0
chr1	1033978	1033979	23	0.3352
chr1	1034038	1034039	26	0.1548
chr1	1034088	1034089	25	0.1191
chr1	1034188	1034189	25	0.0606
chr1	1034243	1034244	33	0.0476
chr1	1034343	1034344	28	0.0811
chr1	1034437	1034438	25	0.1022
chr1	1034449	1034450	24	0.0
chr1	1034487	1034488	26	0.062
chr1	1034545	1034546	34	0.2464
chr1	1034569	1034570	37	0.0285
chr1	1034615	1034616	30	0.1112
chr1	1034725	1034726	23	0.0957
chr1	1034767	1034768	35	0.1791
chr1	1034799	1034800	35	0.0447
chr1	1034823	1034824	30	0.9971
chr1	1034840	1034841	22	0.8347
chr1	1034856	1034857	31	0.823
chr1	1034895	1034896	32	0.6745
chr1	1034917	1034918	29	0.6889
chr1	1034954	1034955	31	0.655
chr1	1034977	1034978	35	0.8807
chr1	1035027	1035028	33	0.9079
chr1	1035053	1035054	25	0.9242
chr1	1035081	1035082	24	0.6937
chr1	1035122	1035123	31	0.9943
chr1	1035137	1035138	24	0.9471
chr1	1035186	1035187	24	0.6401
chr1	1035201	1035202	23	0.8895
chr1	1035251	1035252	32	0.794
chr1	1035292	1035293	36	0.856
chr1	1035336	1035337	27	0.8288
chr1	1035353	1035354	40	0.9578
chr1	1035368	1035369	27	0.896
chr1	1035452	1035453	40	0.8683
chr1	1035503	1035504	41	0.9383
chr1	1035603	1035604	25	0.8356
chr1	1035696	1035697	33	0.7133
chr1	1035796	1035797	34	0.8475
chr1	1035861	1035862	29	0.8021
chr1	1035949	1035950	28	0.9732
chr1	1035983	1035984	27	0.7461
chr1	1036016	1036017	28	0.8669
chr1	1036065	1036066	37	0.8184
chr1	1036100	1036101	32	0.7073
chr1	1036141	1036142	22	0.6749
chr1	1036167	1036168	36	0.5807
chr1	1036196	1036197	30	0.83
chr1	1036235	1036236	32	0.7792
chr1	1036255	1036256	38	0.8647
chr1	1036305	1036306	28	0.7727
chr1	1036327	1036328	28	0.7116
chr1	1036377	1036378	22	0.8317
chr1	1036408	1036409	26	0.8505
chr1	1036426	1036427	39	0.7908
chr1	1036441	1036442	22	0.7933
chr1	1036455	1036456	31	0.6184
chr1	1036555	1036556	31	0.7875
chr1	1036655	1036656	29	0.7229
chr1	1036755	1036756	29	0.7117
chr1	1036843	1036844	32	0.7973
chr1	1036910	1036911	26	0.8607
chr1	1036978	1036979	39	0.9318
chr1	1037006	1037007	36	0.7631
chr1	1037016	1037017	39	0.7369
chr1	1037053	1037054	33	0.7495
chr1	1037086	1037087	33	0.6109
chr1	1037121	1037122	29	0.824
chr1	1037171	1037172	28	0.8289
chr1	1037207	1037208	24	0.7879
chr1	1037247	1037248	29	0.7511
chr1	1037262	1037263	35	0.7456
chr1	1037300	1037301	29	0.6726
chr1	1037350	1037351	23	0.8184
chr1	1037385	1037386	23	0.7993
chr1	1037400	1037401	36	0.6576
chr1	1037421	1037422	29	0.8541
chr1	1037436	1037437	29	0.8089
chr1	1037445	1037446	29	0.8099
chr1	1037545	1037546	33	0.6447
chr1	1037645	1037646	26	0.9158
chr1	1037745	1037746	27	0.8939
chr1	1037795	1037796	32	0.6697
chr1	1037809	1037810	32	0.6496
chr1	1037883	1037884	22	0.8092
chr1	1037907	1037908	28	0.0908
chr1	1037933	1037934	29	0.0956
chr1	1037948	1037949	32	0.2155
chr1	1037970	1037971	37	0.143
chr1	1038020	1038021	36	0.0
chr1	1038047	1038048	33	0.139
chr1	1038068	1038069	35	0.2035
chr1	1038114	1038115	31	0.1918
chr1	1038164	1038165	24	0.1222
chr1	1038192	1038193	25	0.2513
chr1	1038213	1038214	28	0.0691
chr1	1038233	1038234	36	0.1451
chr1	1038279	1038280	26	0.08
chr1	1038302	1038303	28	0.1755
chr1	1038321	1038322	39	0.0697
chr1	1038336	1038337	27	0.015
chr1	1038361	1038362	28	0.1911
chr1	1038406	1038407	30	0.0159
chr1	1038469	1038470	34	0.211
chr1	1038569	1038570	31	0.0529
chr1	1038627	1038628	27	0.2042
chr1	1038677	1038678	28	0.2383
chr1	1038777	1038778	37	0.1778
chr1	1038856	1038857	33	0.136
chr1	1038956	1038957	32	0.0
chr1	1038995	1038996	29	0.74
chr1	1039028	1039029	28	0.6388
chr1	1039043	1039044	28	0.8589
chr1	1039093	1039094	23	0.7014
chr1	1039120	1039121	24	0.8296
chr1	1039149	1039150	35	0.6371
chr1	1039198	1039199	31	0.7199
chr1	1039224	1039225	35	0.564
chr1	1039274	1039275	28	0.6451
chr1	1039295	1039296	26	0.6306
chr1	1039310	1039311	36	0.6239
chr1	1039347	1039348	18	0.7325
chr1	1039375	1039376	29	0.7532
chr1	1039394	1039395	21	0.6678
chr1	1039444	1039445	29	0.7322
chr1	1039452	1039453	25	0.4558
chr1	1039530	1039531	25	0.6638
chr1	1039630	1039631	25	0.8248
chr1	1039725	1039726	32	0.5929
chr1	1039809	1039810	34	0.5104
chr1	1039901	1039902	34	0.8107
chr1	1039951	1039952	24	0.5481
chr1	1039991	1039992	27	0.6435
chr1	1039997	1039998	30	0.4864
chr1	1040035	1040036	29	0.4958
chr1	1040057	1040058	31	0.3472
chr1	1040075	1040076	26	0.4187
chr1	1040090	1040091	33	0.444
chr1	1040121	1040122	32	0.5138
chr1	1040163	1040164	22	0.2893
chr1	1040211	1040212	25	0.4486
chr1	1040231	1040232	26	0.4395
chr1	1040270	1040271	28	0.2649
chr1	1040285	1040286	34	0.3748
chr1	1040335	1040336	33	0.444
chr1	1040364	1040365	42	0.2634
chr1	1040372	1040373	32	0.3322
chr1	1040472	1040473	39	0.4424
chr1	1040522	1040523	36	0.2386
chr1	1040622	1040623	26	0.3262
chr1	1040722	1040723	31	0.3554
chr1	1040770	1040771	26	0.8142
chr1	1040772	1040773	25	0.8692
chr1	1040818	1040819	31	0.8998
chr1	1040866	1040867	33	0.7202
chr1	1040980	1040981	16	0.7987
chr1	1041106	1041107	39	0.743
chr1	1041112	1041113	27	0.9154
chr1	1041153	1041154	29	0.582
chr1	1041174	1041175	27	0.5409
chr1	1041220	1041221	26	0.6823
chr1	1041251	1041252	28	0.7543
chr1	1041281	1041282	35	0.573
chr1	1041316	1041317	28	0.8334
chr1	1041345	1041346	32	0.6866
chr1	1041361	1041362	26	0.6966
chr1	1041376	1041377	25	0.7914
chr1	1041395	1041396	32	0.8011
chr1	1041417	1041418	32	0.681
chr1	1041440	1041441	29	0.6616
chr1	1041473	1041474	34	0.8703
chr1	1041506	1041507	28	0.6708
chr1	1041530	1041531	27	0.6047
chr1	1041552	1041553	23	0.5779
chr1	1041591	1041592	28	0.5406
chr1	1041615	1041616	27	0.5991
chr1	1041617	1041618	30	0.7428
chr1	1041717	1041718	36	0.7292
chr1	1041817	1041818	34	0.7142
chr1	1041917	1041918	31	0.6321
chr1	1041969	1041970	36	0.8244
chr1	1042019	1042020	34	0.7779
chr1	1042065	1042066	36	0.8093
chr1	1042113	1042114	24	0.7471
chr1	1042143	1042144	30	0.8607
chr1	1042177	1042178	35	0.779
chr1	1042204	1042205	26	0.8413
chr1	1042229	1042230	18	0.7321
chr1	1042246	1042247	29	0.7414
chr1	1042261	1042262	33	0.7888
chr1	1042287	1042288	34	0.83
chr1	1042311	1042312	26	0.8613
chr1	1042326	1042327	32	0.8315
chr1	1042348	1042349	30	0.7244
chr1	1042368	1042369	31	0.8765
chr1	1042398	1042399	27	0.7473
chr1	1042416	1042417	27	0.671
chr1	1042446	1042447	30	0.7612
chr1	1042472	1042473	26	0.831
chr1	1042488	1042489	33	0.6961
chr1	1042520	1042521	30	0.9431
chr1	1042548	1042549	29	0.8164
chr1	1042598	1042599	37	0.7382
chr1	1042614	1042615	21	0.8629
chr1	1042664	1042665	38	0.6781
chr1	1042679	1042680	27	0.858
chr1	1042684	1042685	29	0.7127
chr1	1042757	1042758	37	0.7971
chr1	1042857	1042858	39	0.7431
chr1	1042907	1042908	30	0.7867
chr1	1042975	1042976	22	0.8902
chr1	1043060	1043061	26	0.7769
chr1	1043110	1043111	26	0.8252
chr1	1043210	1043211	32	1.0
chr1	1043288	1043289	30	0.933
chr1	1043328	1043329	24	0.617
chr1	1043368	1043369	32	0.6872
chr1	1043404	1043405	31	0.5472
chr1	1043419	1043420	32	0.7009
chr1	1043448	1043449	34	0.6803
chr1	1043468	1043469	29	0.6841
chr1	1043518	1043519	25	0.5157
chr1	1043568	1043569	25	0.8047
chr1	1043603	1043604	29	0.6692
chr1	1043624	1043625	24	0.6041
chr1	1043650	1043651	34	0.6035
chr1	1043693	1043694	35	0.6264
chr1	1043733	1043734	25	0.6923
chr1	1043764	1043765	33	0.6622
chr1	1043809	1043810	30	0.552
chr1	1043909	1043910	35	0.6118
chr1	1044009	1044010	31	0.5232
chr1	1044109	1044110	26	0.6848
chr1	1044187	1044188	29	0.639
chr1	1044287	1044288	26	0.7222
chr1	1044315	1044316	27	0.5567
chr1	1044381	1044382	31	0.7603
chr1	1044386	1044387	29	0.5871
chr1	1044405	1044406	28	0.635
chr1	1044421	1044422	31	0.7446
chr1	1044450	1044451	31	0.6346
chr1	1044483	1044484	31	0.6278
chr1	1044525	1044526	22	0.7056
chr1	1044575	1044576	24	0.7213
chr1	1044625	1044626	23	0.5848
chr1	1044641	1044642	34	0.6888
chr1	1044664	1044665	27	0.6709
chr1	1044687	1044688	29	0.6745
chr1	1044714	1044715	26	0.67
chr1	1044738	1044739	41	0.5597
chr1	1044785	1044786	27	0.76
chr1	1044802	1044803	26	0.4389
chr1	1044826	1044827	29	0.3725
chr1	1044846	1044847	30	0.3865
chr1	1044868	1044869	34	0.3445
chr1	1044888	1044889	33	0.494
chr1	1044938	1044939	24	0.4605
chr1	1044988	1044989	34	0.352
chr1	1045075	1045076	39	0.2518
chr1	1045175	1045176	24	0.4808
chr1	1045263	1045264	28	0.3748
chr1	1045363	1045364	32	0.6435
chr1	1045397	1045398	31	0.6783
chr1	1045433	1045434	30	0.7789
chr1	1045517	1045518	30	0.6967
chr1	1045583	1045584	21	0.7669
chr1	1045585	1045586	30	0.7327
chr1	1045625	1045626	32	0.6761
chr1	1045659	1045660	30	0.8343
chr1	1045677	1045678	27	0.4962
chr1	1045777	1045778	30	0.5605
chr1	1045801	1045802	36	0.662
chr1	1045809	1045810	26	0.5356
chr1	1045848	1045849	24	0.53
chr1	1045898	1045899	26	0.4747
chr1	1045919	1045920	23	0.3679
chr1	1045952	1045953	29	0.5215
chr1	1045969	1045970	29	0.5497
chr1	1046005	1046006	29	0.3674
chr1	1046020	1046021	28	0.4161
chr1	1046065	1046066	29	0.569
chr1	1046115	1046116	13	0.539
chr1	1046134	1046135	32	0.3261
chr1	1046184	1046185	23	0.4606
chr1	1046199	1046200	34	0.4833
chr1	1046219	1046220	33	0.5135
chr1	1046243	1046244	23	0.3489
chr1	1046270	1046271	31	0.5517
chr1	1046325	1046326	31	0.5153
chr1	1046413	1046414	37	0.5762
chr1	1046513	1046514	34	0.4831
chr1	1046592	1046593	35	0.4867
chr1	1046650	1046651	25	0.4298
chr1	1046766	1046767	30	0.0403
chr1	1047090	1047091	37	0.2822
chr1	1047104	1047105	33	0.3332
chr1	1047112	1047113	28	0.1763
chr1	1047120	1047121	31	0.1933
chr1	1047127	1047128	22	0.7027
chr1	1047149	1047150	31	0.6789
chr1	1047178	1047179	37	0.5093
chr1	1047228	1047229	32	0.5047
chr1	1047244	1047245	40	0.676
chr1	1047294	1047295	28	0.536
chr1	1047331	1047332	34	0.6946
chr1	1047347	1047348	30	0.6923
chr1	1047373	1047374	33	0.7613
chr1	1047407	1047408	29	0.6176
chr1	1047452	1047453	33	0.6449
chr1	1047492	1047493	30	0.6819
chr1	1047521	1047522	32	0.5698
chr1	1047555	1047556	34	0.8183
chr1	1047585	1047586	26	0.7261
chr1	1047588	1047589	26	0.5768
chr1	1047688	1047689	25	0.7158
chr1	1047788	1047789	38	0.69
chr1	1047849	1047850	32	0.748
chr1	1047899	1047900	24	0.8282
chr1	1047999	1048000	37	0.6538
chr1	1048001	1048002	30	0.9698
chr1	1048033	1048034	27	0.7893
chr1	1048061	1048062	30	0.8943
chr1	1048089	1048090	23	0.8506
chr1	1048235	1048236	28	0.8771
chr1	1048255	1048256	35	0.8065
chr1	1048257	1048258	35	0.8422
chr1	1048373	1048374	24	0.885
chr1	1048425	1048426	31	0.9234
chr1	1048435	1048436	27	0.8245
chr1	1048443	1048444	32	0.3646
chr1	1048479	1048480	16	0.4376
chr1	1048518	1048519	25	0.2797
chr1	1048535	1048536	23	0.3549
chr1	1048551	1048552	36	0.2605
chr1	1048581	1048582	30	0.3995
chr1	1048596	1048597	34	0.4443
chr1	1048626	1048627	24	0.5181
chr1	1048641	1048642	20	0.3673
chr1	1048656	1048657	28	0.422
chr1	1048677	1048678	26	0.4544
chr1	1048727	1048728	36	0.4174
chr1	1048768	1048769	35	0.5249
chr1	1048789	1048790	33	0.4476
chr1	1048819	1048820	28	0.4492
chr1	1048843	1048844	26	0.4241
chr1	1048874	1048875	31	0.3465
chr1	1048917	1048918	32	0.4162
chr1	1048918	1048919	25	0.3442
chr1	1049013	1049014	32	0.3369
chr1	1049113	1049114	28	0.566
chr1	1049163	1049164	21	0.5274
chr1	1049263	1049264	27	0.3672
chr1	1049315	1049316	28	0.1324
chr1	1049411	1049412	36	0.7093
chr1	1049419	1049420	29	0.8145
chr1	1049453	1049454	21	0.6609
chr1	1049537	1049538	34	0.6448
chr1	1049565	1049566	28	0.5922
chr1	1049723	1049724	25	0.4668
chr1	1049759	1049760	38	0.6811
chr1	1049788	1049789	39	0.8655
chr1	1049804	1049805	33	0.8517
chr1	1049830	1049831	26	0.7125
chr1	1049878	1049879	35	0.8955
chr1	1049904	1049905	31	0.898
chr1	1049967	1049968	30	0.8633
chr1	1050017	1050018	29	0.7683
chr1	1050048	1050049	36	0.7399
chr1	1050080	1050081	28	0.7012
chr1	1050129	1050130	30	0.9395
chr1	1050171	1050172	35	0.7026
chr1	1050190	1050191	28	0.6045
chr1	1050220	1050221	28	0.9601
chr1	1050242	1050243	28	0.7765
chr1	1050342	1050343	37	0.7257
chr1	1050392	1050393	22	0.8919
chr1	1050492	1050493	31	0.8935
chr1	1050592	1050593	30	0.7719
chr1	1050654	1050655	23	0.6786
chr1	1050660	1050661	30	0.8247
chr1	1050707	1050708	34	0.6534
chr1	1050757	1050758	31	0.8034
chr1	1050792	1050793	37	0.7693
chr1	1050825	1050826	33	0.7136
chr1	1050845	1050846	22	0.6872
chr1	1050895	1050896	27	0.637
chr1	1050918	1050919	33	0.81
chr1	1050949	1050950	34	0.8
chr1	1050996	1050997	33	0.7176
chr1	1051040	1051041	35	0.5941
chr1	1051063	1051064	37	0.7472
chr1	1051087	1051088	35	0.6402
chr1	1051137	1051138	31	0.7964
chr1	1051187	1051188	35	0.7945
chr1	1051202	1051203	33	0.6733
chr1	1051218	1051219	37	0.69
chr1	1051249	1051250	25	0.6323
chr1	1051255	1051256	26	0.7688
chr1	1051355	1051356	24	0.6868
chr1	1051455	1051456	37	0.7596
chr1	1051505	1051506	35	0.6541
chr1	1051591	1051592	33	0.5809
chr1	1051691	1051692	34	0.5549
chr1	1051791	1051792	39	0.8148
chr1	1051811	1051812	21	0.6265
chr1	1051831	1051832	31	0.9525
chr1	1051878	1051879	30	0.7092
chr1	1051907	1051908	32	0.8416
chr1	1051957	1051958	33	0.8169
chr1	1051980	1051981	27	0.7892
chr1	1052030	1052031	31	0.7791
chr1	1052045	1052046	28	0.7313
chr1	1052095	1052096	21	0.6944
chr1	1052145	1052146	30	0.7655
chr1	1052195	1052196	31	0.6879
chr1	1052239	1052240	32	0.8469
chr1	1052263	1052264	23	0.831
chr1	1052284	1052285	30	0.7173
chr1	1052349	1052350	27	0.6153
chr1	1052364	1052365	35	0.7708
chr1	1052389	1052390	33	0.6944
chr1	1052404	1052405	24	0.7773
chr1	1052420	1052421	32	0.6978
chr1	1052496	1052497	31	0.8466
chr1	1052547	1052548	25	0.8059
chr1	1052647	1052648	27	0.7463
chr1	1052747	1052748	39	0.6525
chr1	1052847	1052848	30	0.8583
chr1	1052947	1052948	34	0.9195
chr1	1052963	1052964	30	0.6592
chr1	1052993	1052994	24	0.8235
chr1	1052998	1052999	31	0.6392
chr1	1053037	1053038	38	0.7321
chr1	1053056	1053057	30	0.6592
chr1	1053085	1053086	29	0.8042
chr1	1053124	1053125	34	0.6477
chr1	1053153	1053154	39	0.4429
chr1	1053180	1053181	30	0.5137
chr1	1053195	1053196	36	0.6627
chr1	1053228	1053229	34	0.5699
chr1	1053245	1053246	35	0.5962
chr1	1053291	1053292	27	0.5583
chr1	1053341	1053342	29	0.5948
chr1	1053366	1053367	28	0.6774
chr1	1053404	1053405	33	0.7848
chr1	1053421	1053422	34	0.6096
chr1	1053424	1053425	31	0.5882
chr1	1053524	1053525	38	0.4934
chr1	1053624	1053625	32	0.6952
chr1	1053674	1053675	29	0.7419
chr1	1053774	1053775	26	0.5832
chr1	1053824	1053825	21	0.5778
chr1	1053834	1053835	29	0.8314
chr1	1053972	1053973	22	0.7536
chr1	1053992	1053993	25	0.8073
chr1	1054036	1054037	31	0.611
chr1	1054168	1054169	31	0.8586
chr1	1054222	1054223	38	0.839
chr1	1054269	1054270	30	0.073
chr1	1054290	1054291	26	0.1108
chr1	1054306	1054307	32	0.1151
chr1	1054326	1054327	32	0.0984
chr1	1054342	1054343	29	0.0658
chr1	1054357	1054358	25	0.181
chr1	1054382	1054383	29	0.1298
chr1	1054397	1054398	31	0.085
chr1	1054425	1054426	27	0.2231
chr1	1054452	1054453	26	0.0037
chr1	1054473	1054474	30	0.0938
chr1	1054495	1054496	22	0.0351
chr1	1054529	1054530	29	0.0571
chr1	1054579	1054580	32	0.1396
chr1	1054611	1054612	28	0.0227
chr1	1054626	1054627	18	0.0357
chr1	1054647	1054648	29	0.0307
chr1	1054697	1054698	38	0.1457
chr1	1054736	1054737	28	0.1531
chr1	1054760	1054761	20	0.0386
chr1	1054810	1054811	33	0.0528
chr1	1054860	1054861	35	0.1113
chr1	1054960	1054961	36	0.0
chr1	1055060	1055061	31	0.1981
chr1	1055160	1055161	33	0.0
chr1	1055213	1055214	35	0.0402
chr1	1055221	1055222	22	0.1537
chr1	1055237	1055238	29	0.0
chr1	1055252	1055253	33	0.3154
chr1	1055298	1055299	30	0.4339
chr1	1055332	1055333	28	0.3006
chr1	1055368	1055369	38	0.468
chr1	1055386	1055387	20	0.1722
chr1	1055424	1055425	30	0.3271
chr1	1055451	1055452	30	0.3914
chr1	1055478	1055479	35	0.4284
chr1	1055505	1055506	27	0.2602
chr1	1055520	1055521	32	0.2738
chr1	1055535	1055536	28	0.3163
chr1	1055550	1055551	28	0.4192
chr1	1055571	1055572	27	0.2511
chr1	1055609	1055610	36	0.3873
chr1	1055654	1055655	32	0.2768
chr1	1055704	1055705	32	0.2979
chr1	1055722	1055723	17	0.2888
chr1	1055760	1055761	28	0.2482
chr1	1055860	1055861	33	0.2489
chr1	1055926	1055927	26	0.4579
chr1	1056026	1056027	28	0.2675
chr1	1056093	1056094	38	0.332
chr1	1056193	1056194	26	0.3555
chr1	1056247	1056248	21	0.3618
chr1	1056311	1056312	24	0.2887
chr1	1056331	1056332	32	0.3695
chr1	1056350	1056351	31	0.829
chr1	1056370	1056371	29	0.7201
chr1	1056405	1056406	31	0.6358
chr1	1056455	1056456	31	0.6976
chr1	1056479	1056480	42	0.7206
chr1	1056501	1056502	23	0.6087
chr1	1056535	1056536	23	0.6501
chr1	1056551	1056552	27	0.5864
chr1	1056567	1056568	21	0.5237
chr1	1056593	1056594	29	0.4899
chr1	1056635	1056636	31	0.7114
chr1	1056650	1056651	27	0.7862
chr1	1056685	1056686	36	0.7341
chr1	1056716	1056717	22	0.4901
chr1	1056735	1056736	33	0.7027
chr1	1056750	1056751	28	0.7107
chr1	1056773	1056774	27	0.5432
chr1	1056799	1056800	29	0.5675
chr1	1056810	1056811	29	0.5796
chr1	1056910	1056911	18	0.5232
chr1	1057010	1057011	19	0.4879
chr1	1057061	1057062	30	0.6678
chr1	1057111	1057112	34	0.6747
chr1	1057211	1057212	28	0.8031
chr1	1057253	1057254	25	0.4473
chr1	1057261	1057262	29	0.4717
chr1	1057286	1057287	27	0.5392
chr1	1057313	1057314	27	0.4661
chr1	1057353	1057354	31	0.321
chr1	1057376	1057377	30	0.5539
chr1	1057408	1057409	29	0.4613
chr1	1057426	1057427	29	0.3588
chr1	1057456	1057457	31	0.4729
chr1	1057506	1057507	24	0.2765
chr1	1057528	1057529	32	0.5099
chr1	1057555	1057556	33	0.2915
chr1	1057584	1057585	35	0.3988
chr1	1057613	1057614	34	0.5937
chr1	1057631	1057632	26	0.5143
chr1	1057679	1057680	24	0.4775
chr1	1057729	1057730	35	0.4577
chr1	1057770	1057771	36	0.5374
chr1	1057783	1057784	28	0.4007
chr1	1057883	1057884	32	0.3613
chr1	1057933	1057934	34	0.4491
chr1	1058022	1058023	34	0.403
chr1	1058122	1058123	23	0.5085
chr1	1058222	1058223	36	0.4472
chr1	1058354	1058355	28	0.7684
chr1	1058410	1058411	39	0.7354
chr1	1058434	1058435	29	0.6042
chr1	1058444	1058445	37	0.6393
chr1	1058642	1058643	35	0.959
chr1	1058704	1058705	29	0.925
chr1	1058720	1058721	27	0.615
chr1	1058725	1058726	28	0.6778
chr1	1058746	1058747	38	0.5469
chr1	1058770	1058771	28	0.8512
chr1	1058807	1058808	21	0.6632
chr1	1058830	1058831	36	0.7485
chr1	1058880	1058881	27	0.7839
chr1	1058903	1058904	31	0.5848
chr1	1058953	1058954	17	0.7989
chr1	1059003	1059004	31	0.8274
chr1	1059033	1059034	28	0.7718
chr1	1059060	1059061	17	0.7113
chr1	1059093	1059094	19	0.9381
chr1	1059115	1059116	31	0.7848
chr1	1059165	1059166	29	0.6302
chr1	1059187	1059188	25	0.7267
chr1	1059213	1059214	23	0.8363
chr1	1059231	1059232	23	0.5926
chr1	1059324	1059325	24	0.6716
chr1	1059416	1059417	31	0.6038
chr1	1059516	1059517	25	0.6886
chr1	1059616	1059617	37	0.7965
chr1	1059679	1059680	36	0.6733
chr1	1059729	1059730	28	0.5343
chr1	1059841	1059842	26	0.4638
chr1	1059871	1059872	29	0.4984
chr1	1059887	1059888	28	0.5446
chr1	1059889	1059890	32	0.4844
chr1	1060027	1060028	28	0.6276
chr1	1060103	1060104	18	0.4601
chr1	1060129	1060130	37	0.7891
chr1	1060149	1060150	25	0.7931
chr1	1060179	1060180	29	0.7667
chr1	1060194	1060195	32	0.9356
chr1	1060218	1060219	28	0.8034
chr1	1060234	1060235	30	0.7933
chr1	1060255	1060256	25	0.9221
chr1	1060294	1060295	30	0.809
chr1	1060344	1060345	24	0.8226
chr1	1060374	1060375	29	0.8274
chr1	1060406	1060407	28	0.8281
chr1	1060423	1060424	30	0.9335
chr1	1060438	1060439	24	0.8868
chr1	1060472	1060473	39	0.992
chr1	1060500	1060501	29	0.7447
chr1	1060550	1060551	35	0.8688
chr1	1060598	1060599	33	0.8889
chr1	1060607	1060608	30	0.9038
chr1	1060707	1060708	32	0.9631
chr1	1060807	1060808	35	0.8097
chr1	1060907	1060908	35	0.9144
chr1	1061007	1061008	30	0.9353
chr1	1061045	1061046	34	0.8308
chr1	1061052	1061053	28	0.3937
chr1	1061076	1061077	33	0.493
chr1	1061125	1061126	27	0.5901
chr1	1061151	1061152	29	0.6437
chr1	1061192	1061193	35	0.4656
chr1	1061218	1061219	24	0.5253
chr1	1061268	1061269	33	0.5007
chr1	1061307	1061308	26	0.5609
chr1	1061332	1061333	40	0.4665
chr1	1061380	1061381	27	0.5177
chr1	1061407	1061408	25	0.5895
chr1	1061447	1061448	28	0.6299
chr1	1061473	1061474	31	0.6635
chr1	1061505	1061506	30	0.6114
chr1	1061520	1061521	29	0.466
chr1	1061527	1061528	31	0.5218
chr1	1061627	1061628	34	0.5211
chr1	1061677	1061678	32	0.4941
chr1	1061756	1061757	30	0.6436
chr1	1061856	1061857	25	0.711
chr1	1061956	1061957	26	0.4707
chr1	1062006	1062007	39	0.9738
chr1	1062254	1062255	28	0.9476
chr1	1062264	1062265	31	0.6903
chr1	1062356	1062357	29	0.8425
chr1	1062392	1062393	30	0.8556
chr1	1062414	1062415	35	0.6142
chr1	1062451	1062452	33	0.66
chr1	1062501	1062502	20	0.7096
chr1	1062539	1062540	28	0.6162
chr1	1062561	1062562	31	0.6582
chr1	1062608	1062609	29	0.7563
chr1	1062623	1062624	23	0.806
chr1	1062664	1062665	28	0.6337
chr1	1062697	1062698	28	0.723
chr1	1062740	1062741	37	0.7289
chr1	1062766	1062767	29	0.659
chr1	1062814	1062815	33	0.7421
chr1	1062846	1062847	27	0.4726
chr1	1062896	1062897	33	0.7489
chr1	1062923	1062924	40	0.8507
chr1	1062936	1062937	27	0.8556
chr1	1062996	1062997	34	0.5316
chr1	1063096	1063097	24	0.872
chr1	1063196	1063197	26	0.8022
chr1	1063296	1063297	37	0.5514
chr1	1063396	1063397	26	0.582
chr1	1063446	1063447	35	0.6397
chr1	1063510	1063511	29	0.8235
chr1	1063555	1063556	37	0.6609
chr1	1063605	1063606	33	0.8767
chr1	1063655	1063656	27	0.7828
chr1	1063670	1063671	26	0.6347
chr1	1063704	1063705	35	0.7473
chr1	1063732	1063733	23	1.0
chr1	1063764	1063765	30	0.8535
chr1	1063788	1063789	33	0.8435
chr1	1063819	1063820	29	0.9053
chr1	1063847	1063848	26	0.7105
chr1	1063897	1063898	37	0.7573
chr1	1063942	1063943	35	0.7398
chr1	1063992	1063993	23	0.7467
chr1	1064032	1064033	29	0.8885
chr1	1064054	1064055	36	0.8453
chr1	1064076	1064077	30	0.5725
chr1	1064090	1064091	33	0.8763
chr1	1064184	1064185	31	0.702
chr1	1064284	1064285	20	0.7067
chr1	1064384	1064385	28	0.768
chr1	1064467	1064468	27	0.829
chr1	1064522	1064523	21	0.8611
chr1	1064583	1064584	25	0.9142
chr1	1064633	1064634	28	0.9032
chr1	1064671	1064672	35	0.6736
chr1	1064692	1064693	31	0.5205
chr1	1064714	1064715	25	0.6921
chr1	1064743	1064744	30	0.7156
chr1	1064768	1064769	14	0.5311
chr1	1064796	1064797	26	0.6314
chr1	1064833	1064834	27	0.519
chr1	1064877	1064878	30	0.6163
chr1	1064927	1064928	32	0.482
chr1	1064949	1064950	35	0.5538
chr1	1064993	1064994	29	0.7457
chr1	1065015	1065016	33	0.6588
chr1	1065030	1065031	33	0.6264
chr1	1065066	1065067	30	0.542
chr1	1065116	1065117	31	0.7559
chr1	1065135	1065136	26	0.6101
chr1	1065159	1065160	27	0.4865
chr1	1065179	1065180	24	0.5964
chr1	1065279	1065280	28	0.5292
chr1	1065329	1065330	26	0.5619
chr1	1065429	1065430	26	0.6651
chr1	1065523	1065524	31	0.4523
chr1	1065623	1065624	26	0.6023
chr1	1065645	1065646	35	0.613
chr1	1065657	1065658	28	0.4637
chr1	1065662	1065663	24	0.229
chr1	1065698	1065699	21	0.1302
chr1	1065713	1065714	30	0.2264
chr1	1065735	1065736	33	0.4405
chr1	1065785	1065786	23	0.3683
chr1	1065800	1065801	22	0.4549
chr1	1065826	1065827	30	0.4765
chr1	1065862	1065863	29	0.3786
chr1	1065898	1065899	30	0.3406
chr1	1065913	1065914	35	0.3732
chr1	1065934	1065935	37	0.3895
chr1	1065956	1065957	24	0.1325
chr1	1065971	1065972	29	0.1804
chr1	1066021	1066022	27	0.1647
chr1	1066060	1066061	37	0.0772
chr1	1066083	1066084	29	0.1289
chr1	1066104	1066105	32	0.2748
chr1	1066142	1066143	35	0.0269
chr1	1066157	1066158	30	0.1332
chr1	1066162	1066163	30	0.15
chr1	1066248	1066249	35	0.1608
chr1	1066310	1066311	27	0.0945
chr1	1066405	1066406	35	0.182
chr1	1066505	1066506	31	0.2817
chr1	1066564	1066565	28	0.0803
chr1	1066604	1066605	19	0.2126
chr1	1066612	1066613	43	0.0993
chr1	1066622	1066623	26	0.0134
chr1	1066686	1066687	25	0.3173
chr1	1066708	1066709	33	0.1428
chr1	1066786	1066787	20	0.1539
chr1	1066838	1066839	28	0.1787
chr1	1066846	1066847	31	0.1426
chr1	1066908	1066909	28	0.2953
chr1	1066917	1066918	29	0.4358
chr1	1066934	1066935	26	0.3214
chr1	1066974	1066975	36	0.4054
chr1	1066989	1066990	26	0.5326
chr1	1067034	1067035	38	0.416
chr1	1067055	1067056	39	0.6158
chr1	1067079	1067080	31	0.4997
chr1	1067122	1067123	26	0.5409
chr1	1067171	1067172	35	0.4732
chr1	1067210	1067211	23	0.4316
chr1	1067259	1067260	38	0.4139
chr1	1067285	1067286	29	0.3587
chr1	1067335	1067336	25	0.3326
chr1	1067378	1067379	27	0.3474
chr1	1067394	1067395	27	0.5166
chr1	1067427	1067428	23	0.5793
chr1	1067527	1067528	33	0.5012
chr1	1067627	1067628	32	0.4902
chr1	1067727	1067728	27	0.5217
chr1	1067812	1067813	25	0.4601
chr1	1067862	1067863	27	0.4778
chr1	1068158	1068159	27	0.7453
chr1	1068182	1068183	28	0.7781
chr1	1068274	1068275	27	0.6306
chr1	1068298	1068299	33	0.7407
chr1	1068314	1068315	26	0.7331
chr1	1068352	1068353	27	0.5858
chr1	1068381	1068382	30	0.0
chr1	1068411	1068412	30	0.1384
chr1	1068448	1068449	37	0.1417
chr1	1068485	1068486	33	0.1165
chr1	1068502	1068503	29	0.2313
chr1	1068551	1068552	26	0.0981
chr1	1068601	1068602	34	0.0
chr1	1068624	1068625	30	0.1163
chr1	1068662	1068663	39	0.0
chr1	1068691	1068692	34	0.011
chr1	1068718	1068719	28	0.0309
chr1	1068756	1068757	26	0.0156
chr1	1068805	1068806	34	0.0594
chr1	1068826	1068827	23	0.1161
chr1	1068844	1068845	28	0.0957
chr1	1068871	1068872	25	0.2011
chr1	1068885	1068886	39	0.0815
chr1	1068985	1068986	30	0.0
chr1	1069085	1069086	20	0.1391
chr1	1069185	1069186	23	0.0746
chr1	1069284	1069285	32	0.0
chr1	1069384	1069385	24	0.026
chr1	1069448	1069449	28	0.079
chr1	1069453	1069454	34	0.7947
chr1	1069473	1069474	35	0.6688
chr1	1069502	1069503	35	0.6586
chr1	1069531	1069532	36	0.766
chr1	1069581	1069582	37	0.7432
chr1	1069609	1069610	28	0.5391
chr1	1069636	1069637	28	0.4415
chr1	1069653	1069654	28	0.738
chr1	1069692	1069693	29	0.54
chr1	1069722	1069723	31	0.6708
chr1	1069753	1069754	28	0.7625
chr1	1069778	1069779	30	0.7193
chr1	1069800	1069801	32	0.7055
chr1	1069824	1069825	23	0.6079
chr1	1069843	1069844	35	0.5649
chr1	1069879	1069880	34	0.6259
chr1	1069884	1069885	19	0.4677
chr1	1069954	1069955	31	0.519
chr1	1070004	1070005	27	0.6579
chr1	1070054	1070055	38	0.7585
chr1	1070113	1070114	27	0.7583
chr1	1070213	1070214	29	0.532
chr1	1070313	1070314	31	0.7175
chr1	1070353	1070354	31	1.0
chr1	1070373	1070374	34	0.9138
chr1	1070521	1070522	31	0.6435
chr1	1070527	1070528	32	0.7982
chr1	1070593	1070594	27	0.8284
chr1	1070629	1070630	31	0.927
chr1	1070658	1070659	30	0.8157
chr1	1070691	1070692	41	0.784
chr1	1070718	1070719	35	0.8542
chr1	1070738	1070739	40	0.6719
chr1	1070768	1070769	28	0.7841
chr1	1070783	1070784	20	0.8085
chr1	1070804	1070805	27	0.764
chr1	1070824	1070825	36	0.8322
chr1	1070857	1070858	36	0.6727
chr1	1070880	1070881	23	0.8794
chr1	1070930	1070931	28	0.8193
chr1	1070948	1070949	27	0.7901
chr1	1070963	1070964	35	0.8163
chr1	1070990	1070991	41	0.8729
chr1	1071035	1071036	24	0.8681
chr1	1071108	1071109	28	0.8082
chr1	1071208	1071209	30	0.8199
chr1	1071308	1071309	30	0.7224
chr1	1071408	1071409	35	0.7537
chr1	1071414	1071415	25	0.7451
chr1	1071464	1071465	23	0.744
chr1	1071511	1071512	26	0.1686
chr1	1071561	1071562	23	0.1627
chr1	1071611	1071612	29	0.1425
chr1	1071633	1071634	32	0.0719
chr1	1071675	1071676	35	0.0827
chr1	1071725	1071726	27	0.1378
chr1	1071746	1071747	33	0.255
chr1	1071796	1071797	28	0.0355
chr1	1071818	1071819	35	0.1396
chr1	1071860	1071861	28	0.1489
chr1	1071910	1071911	29	0.2196
chr1	1071960	1071961	33	0.0929
chr1	1071996	1071997	33	0.1892
chr1	1072008	1072009	37	0.2521
chr1	1072108	1072109	23	0.1184
chr1	1072182	1072183	30	0.0653
chr1	1072241	1072242	23	0.1727
chr1	1072341	1072342	23	0.1677
chr1	1072441	1072442	29	0.1341
chr1	1072491	1072492	35	0.1162
chr1	1072505	1072506	35	0.0958
chr1	1072513	1072514	28	0.0758
chr1	1072531	1072532	34	0.0357
chr1	1072565	1072566	26	0.1932
chr1	1072595	1072596	29	0.1064
chr1	1072645	1072646	28	0.2273
chr1	1072682	1072683	34	0.1095
chr1	1072697	1072698	33	0.1654
chr1	1072735	1072736	31	0.0869
chr1	1072768	1072769	24	0.2569
chr1	1072798	1072799	25	0.3684
chr1	1072813	1072814	28	0.2465
chr1	1072828	1072829	35	0.3404
chr1	1072866	1072867	42	0.1764
chr1	1072895	1072896	34	0.2175
chr1	1072924	1072925	31	0.2496
chr1	1072956	1072957	27	0.064
chr1	1072982	1072983	32	0.3116
chr1	1073028	1073029	25	0.2355
chr1	1073048	1073049	36	0.1018
chr1	1073133	1073134	24	0.0464
chr1	1073233	1073234	31	0.1255
chr1	1073333	1073334	30	0.0472
chr1	1073433	1073434	31	0.1627
chr1	1073533	1073534	26	0.1232
chr1	1073581	1073582	26	0.2102
chr1	1073597	1073598	33	0.0345
chr1	1073636	1073637	32	0.6082
chr1	1073676	1073677	27	0.648
chr1	1073712	1073713	26	0.6316
chr1	1073762	1073763	29	0.6764
chr1	1073812	1073813	28	0.4994
chr1	1073848	1073849	35	0.4214
chr1	1073885	1073886	36	0.7363
chr1	1073932	1073933	32	0.7966
chr1	1073947	1073948	35	0.6595
chr1	1073979	1073980	28	0.4728
chr1	1073999	1074000	25	0.5223
chr1	1074049	1074050	33	0.6007
chr1	1074067	1074068	30	0.5453
chr1	1074092	1074093	20	0.5575
chr1	1074127	1074128	33	0.5646
chr1	1074139	1074140	30	0.5205
chr1	1074239	1074240	36	0.6378
chr1	1074339	1074340	42	0.4374
chr1	1074439	1074440	24	0.6118
chr1	1074539	1074540	36	0.5503
chr1	1074639	1074640	28	0.5245
chr1	1074645	1074646	41	0.7271
chr1	1074691	1074692	31	0.9093
chr1	1074716	1074717	37	0.7418
chr1	1074744	1074745	24	0.772
chr1	1074790	1074791	31	0.7616
chr1	1074840	1074841	25	0.7477
chr1	1074890	1074891	32	0.8275
chr1	1074922	1074923	43	0.8229
chr1	1074972	1074973	29	0.8055
chr1	1075020	1075021	28	0.9125
chr1	1075047	1075048	27	0.8051
chr1	1075065	1075066	26	0.9635
chr1	1075095	1075096	32	0.9644
chr1	1075116	1075117	26	0.7706
chr1	1075131	1075132	36	0.8815
chr1	1075143	1075144	33	0.9632
chr1	1075243	1075244	28	0.9317
chr1	1075343	1075344	33	0.8189
chr1	1075393	1075394	36	0.7387
chr1	1075493	1075494	24	0.9433
chr1	1075543	1075544	32	0.7004
chr1	1075615	1075616	30	0.7846
chr1	1075617	1075618	36	0.8833
chr1	1075641	1075642	28	0.8523
chr1	1075683	1075684	27	0.7293
chr1	1075699	1075700	28	0.9634
chr1	1075722	1075723	31	0.7539
chr1	1075745	1075746	30	0.8893
chr1	1075795	1075796	20	0.926
chr1	1075810	1075811	26	0.8666
chr1	1075835	1075836	28	0.9121
chr1	1075885	1075886	29	0.8855
chr1	1075935	1075936	36	0.9142
chr1	1075985	1075986	41	0.8356
chr1	1076018	1076019	28	0.9111
chr1	1076067	1076068	40	0.8528
chr1	1076099	1076100	33	0.9238
chr1	1076118	1076119	26	0.9276
chr1	1076125	1076126	36	0.9982
chr1	1076175	1076176	34	0.9087
chr1	1076275	1076276	25	0.9209
chr1	1076375	1076376	26	0.9339
chr1	1076475	1076476	33	0.9123
chr1	1076575	1076576	33	0.8767
chr1	1076631	1076632	27	0.9857
chr1	1076671	1076672	24	0.8666
chr1	1076676	1076677	27	0.568
chr1	1076699	1076700	30	0.5835
chr1	1076742	1076743	26	0.6284
chr1	1076757	1076758	37	0.4741
chr1	1076793	1076794	30	0.3817
chr1	1076816	1076817	26	0.4688
chr1	1076862	1076863	21	0.6014
chr1	1076909	1076910	33	0.4939
chr1	1076959	1076960	28	0.564
chr1	1076978	1076979	29	0.4255
chr1	1076999	1077000	41	0.4623
chr1	1077036	1077037	26	0.5477
chr1	1077050	1077051	21	0.3545
chr1	1077138	1077139	32	0.3494
chr1	1077238	1077239	37	0.6278
chr1	1077338	1077339	37	0.594
chr1	1077403	1077404	26	0.4281
chr1	1077505	1077506	35	0.8005
chr1	1077519	1077520	27	0.926
chr1	1077535	1077536	22	0.8925
chr1	1077559	1077560	26	0.6212
chr1	1077721	1077722	31	0.6947
chr1	1077763	1077764	28	0.7237
chr1	1077869	1077870	35	0.7317
chr1	1077877	1077878	31	0.7456
chr1	1077918	1077919	34	0.5885
chr1	1077968	1077969	27	0.808
chr1	1077995	1077996	29	0.613
chr1	1078012	1078013	35	0.7367
chr1	1078042	1078043	21	0.7161
chr1	1078092	1078093	42	0.7439
chr1	1078112	1078113	37	0.6144
chr1	1078135	1078136	32	0.5975
chr1	1078165	1078166	35	0.7554
chr1	1078196	1078197	36	0.7393
chr1	1078225	1078226	37	0.6952
chr1	1078272	1078273	26	0.5387
chr1	1078305	1078306	30	0.7313
chr1	1078344	1078345	28	0.5062
chr1	1078379	1078380	34	0.4946
chr1	1078384	1078385	31	0.5623
chr1	1078484	1078485	36	0.474
chr1	1078568	1078569	31	0.5029
chr1	1078618	1078619	30	0.4692
chr1	1078668	1078669	31	0.4879
chr1	1078731	1078732	23	0.4911
chr1	1078831	1078832	34	0.418
chr1	1078969	1078970	24	0.6644
chr1	1079007	1079008	27	0.926
chr1	1079045	1079046	34	0.7472
chr1	1079115	1079116	26	0.8658
chr1	1079211	1079212	25	0.8811
chr1	1079253	1079254	34	0.6174
chr1	1079261	1079262	31	0.5779
chr1	1079269	1079270	28	0.9085
chr1	1079277	1079278	34	0.62
chr1	1079311	1079312	23	0.5501
chr1	1079348	1079349	41	0.6097
chr1	1079398	1079399	30	0.5648
chr1	1079448	1079449	30	0.4543
chr1	1079498	1079499	28	0.3521
chr1	1079515	1079516	33	0.627
chr1	1079551	1079552	29	0.439
chr1	1079601	1079602	28	0.2947
chr1	1079645	1079646	21	0.4494
chr1	1079671	1079672	36	0.5602
chr1	1079704	1079705	36	0.4637
chr1	1079754	1079755	27	0.5891
chr1	1079854	1079855	22	0.4694
chr1	1079953	1079954	22	0.489
chr1	1080053	1080054	26	0.4955
chr1	1080112	1080113	32	0.4213
chr1	1080158	1080159	23	0.8561
chr1	1080170	1080171	29	0.946
chr1	1080258	1080259	31	1.0
chr1	1080396	1080397	27	0.6505
chr1	1080422	1080423	33	0.7806
chr1	1080500	1080501	26	0.8647
chr1	1080502	1080503	28	0.6582
chr1	1080564	1080565	31	0.7935
chr1	1080575	1080576	24	0.2332
chr1	1080612	1080613	36	0.3769
chr1	1080662	1080663	32	0.235
chr1	1080710	1080711	18	0.3896
chr1	1080755	1080756	24	0.3373
chr1	1080774	1080775	29	0.2514
chr1	1080800	1080801	29	0.2373
chr1	1080815	1080816	19	0.3228
chr1	1080843	1080844	44	0.2405
chr1	1080865	1080866	26	0.3255
chr1	1080885	1080886	35	0.1268
chr1	1080935	1080936	34	0.2252
chr1	1080950	1080951	34	0.1292
chr1	1080983	1080984	33	0.2528
chr1	1081008	1081009	28	0.4186
chr1	1081023	1081024	30	0.3386
chr1	1081047	1081048	27	0.2149
chr1	1081094	1081095	25	0.2388
chr1	1081109	1081110	25	0.3594
chr1	1081128	1081129	22	0.363
chr1	1081178	1081179	31	0.2361
chr1	1081236	1081237	36	0.3108
chr1	1081336	1081337	28	0.274
chr1	1081418	1081419	35	0.2702
chr1	1081518	1081519	28	0.1676
chr1	1081618	1081619	24	0.1816
chr1	1081648	1081649	24	0.0953
chr1	1081692	1081693	26	0.2415
chr1	1081723	1081724	29	0.7245
chr1	1081749	1081750	25	0.5814
chr1	1081780	1081781	28	0.6843
chr1	1081830	1081831	25	0.5948
chr1	1081863	1081864	34	0.8118
chr1	1081878	1081879	24	0.7613
chr1	1081919	1081920	31	0.6449
chr1	1081936	1081937	22	0.6164
chr1	1081965	1081966	29	0.7977
chr1	1082000	1082001	25	0.8029
chr1	1082035	1082036	36	0.8047
chr1	1082058	1082059	29	0.8469
chr1	1082101	1082102	31	0.781
chr1	1082130	1082131	23	0.6833
chr1	1082161	1082162	26	0.5761
chr1	1082261	1082262	30	0.5787
chr1	1082320	1082321	29	0.6789
chr1	1082398	1082399	27	0.8021
chr1	1082498	1082499	24	0.8286
chr1	1082557	1082558	23	0.6528
chr1	1082651	1082652	21	0.7453
chr1	1082674	1082675	28	0.6192
chr1	1082691	1082692	31	0.7068
chr1	1082741	1082742	31	0.469
chr1	1082791	1082792	27	0.5763
chr1	1082806	1082807	28	0.7137
chr1	1082846	1082847	26	0.4802
chr1	1082865	1082866	19	0.5265
chr1	1082901	1082902	27	0.6236
chr1	1082929	1082930	33	0.717
chr1	1082947	1082948	31	0.4971
chr1	1082969	1082970	26	0.5133
chr1	1082998	1082999	29	0.6972
chr1	1083048	1083049	31	0.5858
chr1	1083089	1083090	35	0.6707
chr1	1083104	1083105	30	0.6243
chr1	1083123	1083124	30	0.6271
chr1	1083147	1083148	31	0.59
chr1	1083165	1083166	33	0.6057
chr1	1083197	1083198	27	0.6115
chr1	1083297	1083298	21	0.6776
chr1	1083397	1083398	35	0.7279
chr1	1083497	1083498	22	0.4764
chr1	1083565	1083566	34	0.5671
chr1	1083665	1083666	29	0.8843
chr1	1083669	1083670	28	0.7483
chr1	1083679	1083680	25	0.125
chr1	1083706	1083707	35	0.2393
chr1	1083739	1083740	30	0.2335
chr1	1083759	1083760	33	0.1899
chr1	1083793	1083794	34	0.2283
chr1	1083843	1083844	28	0.1995
chr1	1083876	1083877	31	0.2254
chr1	1083895	1083896	38	0.2282
chr1	1083910	1083911	31	0.0413
chr1	1083948	1083949	25	0.1701
chr1	1083993	1083994	29	0.119
chr1	1084027	1084028	24	0.0965
chr1	1084052	1084053	29	0.2076
chr1	1084092	1084093	24	0.206
chr1	1084142	1084143	30	0.1661
chr1	1084144	1084145	25	0.1838
chr1	1084244	1084245	31	0.1653
chr1	1084344	1084345	31	0.0966
chr1	1084444	1084445	30	0.071
chr1	1084544	1084545	27	0.2205
chr1	1084580	1084581	34	0.0604
chr1	1084594	1084595	26	0.298
chr1	1084635	1084636	33	0.169
chr1	1084665	1084666	24	0.0225
chr1	1084688	1084689	22	0.0865
chr1	1084711	1084712	28	0.0523
chr1	1084734	1084735	26	0.0747
chr1	1084784	1084785	27	0.009
chr1	1084802	1084803	32	0.3093
chr1	1084822	1084823	36	0.1306
chr1	1084852	1084853	25	0.2254
chr1	1084873	1084874	18	0.0585
chr1	1084889	1084890	27	0.0052
chr1	1084919	1084920	28	0.0
chr1	1084969	1084970	31	0.1853
chr1	1084984	1084985	23	0.0427
chr1	1085034	1085035	25	0.1749
chr1	1085050	1085051	27	0.0832
chr1	1085065	1085066	31	0.0911
chr1	1085098	1085099	36	0.1581
chr1	1085139	1085140	24	0.1956
chr1	1085167	1085168	29	0.0715
chr1	1085267	1085268	28	0.1309
chr1	1085367	1085368	40	0.298
chr1	1085467	1085468	31	0.1287
chr1	1085566	1085567	24	0.0987
chr1	1085616	1085617	27	0.1307
chr1	1085630	1085631	27	0.0
chr1	1085642	1085643	27	0.2724
chr1	1085692	1085693	24	0.1308
chr1	1085742	1085743	31	0.2089
chr1	1085784	1085785	23	0.0591
chr1	1085808	1085809	25	0.1353
chr1	1085858	1085859	33	0.2651
chr1	1085908	1085909	29	0.0908
chr1	1085947	1085948	24	0.3252
chr1	1085980	1085981	34	0.3425
chr1	1086015	1086016	27	0.2415
chr1	1086041	1086042	35	0.3093
chr1	1086073	1086074	31	0.1863
chr1	1086106	1086107	23	0.2387
chr1	1086129	1086130	32	0.1062
chr1	1086149	1086150	27	0.1713
chr1	1086249	1086250	30	0.2032
chr1	1086306	1086307	32	0.1603
chr1	1086369	1086370	37	0.0983
chr1	1086419	1086420	29	0.2645
chr1	1086519	1086520	29	0.1788
chr1	1086619	1086620	22	0.1476
chr1	1086651	1086652	28	0.2003
chr1	1086691	1086692	27	0.5167
chr1	1086722	1086723	40	0.6395
chr1	1086737	1086738	25	0.7352
chr1	1086773	1086774	26	0.6901
chr1	1086802	1086803	30	0.645
chr1	1086821	1086822	31	0.8035
chr1	1086848	1086849	33	0.7634
chr1	1086874	1086875	29	0.7195
chr1	1086911	1086912	34	0.5845
chr1	1086940	1086941	29	0.5514
chr1	1086978	1086979	31	0.7193
chr1	1087028	1087029	34	0.7347
chr1	1087070	1087071	29	0.4836
chr1	1087120	1087121	22	0.6648
chr1	1087170	1087171	27	0.6356
chr1	1087213	1087214	33	0.716
chr1	1087216	1087217	26	0.6095
chr1	1087316	1087317	34	0.7084
chr1	1087416	1087417	35	0.7102
chr1	1087501	1087502	33	0.7247
chr1	1087551	1087552	32	0.6431
chr1	1087651	1087652	27	0.7602
chr1	1087735	1087736	27	0.722
chr1	1087799	1087800	40	0.721
chr1	1087815	1087816	26	0.6611
chr1	1087832	1087833	31	0.6976
chr1	1087847	1087848	30	0.6459
chr1	1087897	1087898	29	0.7061
chr1	1087929	1087930	22	0.6062
chr1	1087965	1087966	24	0.6526
chr1	1087991	1087992	27	0.5542
chr1	1088022	1088023	36	0.6042
chr1	1088054	1088055	29	0.8047
chr1	1088104	1088105	33	0.66
chr1	1088150	1088151	26	0.7357
chr1	1088192	1088193	24	0.7372
chr1	1088210	1088211	30	0.8298
chr1	1088228	1088229	34	0.5519
chr1	1088259	1088260	34	0.7938
chr1	1088309	1088310	35	0.6753
chr1	1088395	1088396	22	0.8391
chr1	1088457	1088458	34	0.7188
chr1	1088557	1088558	28	0.5641
chr1	1088634	1088635	30	0.6424
chr1	1088678	1088679	33	0.8398
chr1	1088687	1088688	46	0.2729
chr1	1088709	1088710	32	0.2461
chr1	1088752	1088753	33	0.297
chr1	1088794	1088795	29	0.2436
chr1	1088839	1088840	26	0.4593
chr1	1088861	1088862	21	0.4006
chr1	1088907	1088908	21	0.3732
chr1	1088928	1088929	36	0.3665
chr1	1088955	1088956	21	0.3899
chr1	1088972	1088973	30	0.3152
chr1	1089009	1089010	23	0.3648
chr1	1089028	1089029	24	0.3152
chr1	1089049	1089050	34	0.357
chr1	1089086	1089087	30	0.3063
chr1	1089177	1089178	37	0.4898
chr1	1089277	1089278	33	0.1904
chr1	1089377	1089378	27	0.2258
chr1	1089427	1089428	32	0.3293
chr1	1089509	1089510	29	0.5743
chr1	1089597	1089598	33	0.6712
chr1	1089643	1089644	28	0.618
chr1	1089729	1089730	25	0.7076
chr1	1089871	1089872	28	0.5831
chr1	1089912	1089913	33	0.4853
chr1	1089936	1089937	31	0.537
chr1	1089952	1089953	31	0.5697
chr1	1089975	1089976	36	0.6489
chr1	1089992	1089993	34	0.462
chr1	1090011	1090012	18	0.5872
chr1	1090056	1090057	28	0.6757
chr1	1090078	1090079	34	0.5918
chr1	1090104	1090105	26	0.5549
chr1	1090125	1090126	23	0.4931
chr1	1090159	1090160	33	0.3507
chr1	1090181	1090182	28	0.5717
chr1	1090211	1090212	36	0.4544
chr1	1090261	1090262	28	0.6502
chr1	1090277	1090278	32	0.5363
chr1	1090327	1090328	25	0.6443
chr1	1090376	1090377	34	0.5441
chr1	1090378	1090379	37	0.3991
chr1	1090452	1090453	33	0.6046
chr1	1090552	1090553	29	0.4428
chr1	1090623	1090624	26	0.5873
chr1	1090723	1090724	31	0.4516
chr1	1090773	1090774	33	0.5774
chr1	1090845	1090846	22	0.6769
chr1	1090868	1090869	33	0.7089
chr1	1090902	1090903	37	0.7402
chr1	1090952	1090953	33	0.6204
chr1	1090972	1090973	29	0.658
chr1	1091002	1091003	29	0.5704
chr1	1091045	1091046	36	0.7917
chr1	1091063	1091064	31	0.6992
chr1	1091079	1091080	24	0.8131
chr1	1091103	1091104	30	0.7112
chr1	1091128	1091129	31	0.6967
chr1	1091155	1091156	31	0.5709
chr1	1091175	1091176	30	0.5978
chr1	1091193	1091194	27	0.6615
chr1	1091243	1091244	20	0.5828
chr1	1091288	1091289	28	0.5777
chr1	1091321	1091322	44	0.6684
chr1	1091355	1091356	28	0.6615
chr1	1091378	1091379	29	0.7028
chr1	1091417	1091418	36	0.7356
chr1	1091447	1091448	25	0.6839
chr1	1091459	1091460	30	0.7839
chr1	1091509	1091510	27	0.8316
chr1	1091559	1091560	24	0.5218
chr1	1091623	1091624	27	0.6732
chr1	1091723	1091724	26	0.7918
chr1	1091823	1091824	25	0.8552
chr1	1091923	1091924	28	0.6572
chr1	1092023	1092024	26	0.7029
chr1	1092027	1092028	22	0.8591
chr1	1093076	1093077	39	0.7673
chr1	1093099	1093100	32	0.6245
chr1	1093132	1093133	42	0.7085
chr1	1093156	1093157	25	0.7241
chr1	1093185	1093186	24	0.6336
chr1	1093231	1093232	33	0.6646
chr1	1093251	1093252	19	0.6435
chr1	1093267	1093268	39	0.9065
chr1	1093296	1093297	27	0.6402
chr1	1093329	1093330	28	0.6163
chr1	1093378	1093379	29	0.7892
chr1	1093418	1093419	32	0.5944
chr1	1093468	1093469	33	0.7525
chr1	1093487	1093488	42	0.679
chr1	1093516	1093517	23	0.6113
chr1	1093536	1093537	28	0.6247
chr1	1093538	1093539	18	0.7347
chr1	1093607	1093608	31	0.6638
chr1	1093707	1093708	37	0.5827
chr1	1093770	1093771	34	0.6188
chr1	1093856	1093857	29	0.7991
chr1	1093947	1093948	35	0.7724
chr1	1094043	1094044	29	0.8334
chr1	1094048	1094049	31	0.3126
chr1	1094089	1094090	33	0.2718
chr1	1094112	1094113	35	0.2737
chr1	1094162	1094163	28	0.3533
chr1	1094212	1094213	32	0.3648
chr1	1094262	1094263	25	0.4819
chr1	1094292	1094293	32	0.2965
chr1	1094342	1094343	29	0.4177
chr1	1094389	1094390	35	0.4083
chr1	1094439	1094440	26	0.1487
chr1	1094484	1094485	25	0.3661
chr1	1094534	1094535	33	0.4305
chr1	1094576	1094577	31	0.5466
chr1	1094612	1094613	31	0.3848
chr1	1094712	1094713	23	0.2696
chr1	1094762	1094763	23	0.2902
chr1	1094836	1094837	25	0.466
chr1	1094936	1094937	24	0.3294
chr1	1094986	1094987	27	0.4031
chr1	1095086	1095087	17	0.4764
chr1	1095116	1095117	26	0.0464
chr1	1095138	1095139	29	0.0569
chr1	1095142	1095143	19	0.1303
chr1	1095176	1095177	35	0.0815
chr1	1095288	1095289	20	0.1559
chr1	1095360	1095361	25	0.0599
chr1	1095442	1095443	22	0.1706
chr1	1095466	1095467	37	0.1194
chr1	1095484	1095485	23	0.1856
chr1	1095546	1095547	28	0.0945
chr1	1095556	1095557	31	0.5015
chr1	1095588	1095589	40	0.441
chr1	1095632	1095633	26	0.6756
chr1	1095665	1095666	26	0.4062
chr1	1095692	1095693	27	0.4015
chr1	1095720	1095721	33	0.3053
chr1	1095743	1095744	22	0.6945
chr1	1095793	1095794	37	0.4573
chr1	1095838	1095839	32	0.5319
chr1	1095865	1095866	23	0.5612
chr1	1095885	1095886	35	0.6802
chr1	1095900	1095901	31	0.682
chr1	1095915	1095916	36	0.3799
chr1	1095953	1095954	29	0.5488
chr1	1095971	1095972	36	0.3282
chr1	1095989	1095990	29	0.4778
chr1	1096019	1096020	36	0.6379
chr1	1096029	1096030	29	0.5704
chr1	1096129	1096130	29	0.3733
chr1	1096179	1096180	35	0.5182
chr1	1096256	1096257	34	0.5478
chr1	1096316	1096317	31	0.5362
chr1	1096377	1096378	37	0.455
chr1	1096427	1096428	34	0.4756
chr1	1096435	1096436	33	0.8399
chr1	1096547	1096548	37	0.8392
chr1	1096593	1096594	25	0.6978
chr1	1096629	1096630	26	0.9087
chr1	1096787	1096788	27	0.7417
chr1	1096793	1096794	25	0.7018
chr1	1096823	1096824	30	0.8689
chr1	1096847	1096848	21	0.6223
chr1	1096863	1096864	31	0.7612
chr1	1096878	1096879	26	0.801
chr1	1096927	1096928	30	0.8683
chr1	1096945	1096946	35	0.8617
chr1	1096995	1096996	32	0.783
chr1	1097023	1097024	22	0.7888
chr1	1097043	1097044	30	0.7221
chr1	1097084	1097085	27	0.5769
chr1	1097108	1097109	32	0.7356
chr1	1097143	1097144	28	0.746
chr1	1097180	1097181	26	0.7982
chr1	1097222	1097223	39	0.9243
chr1	1097242	1097243	32	0.6449
chr1	1097292	1097293	30	0.8072
chr1	1097306	1097307	31	0.6716
chr1	1097406	1097407	39	0.8718
chr1	1097506	1097507	32	0.7824
chr1	1097602	1097603	28	0.7323
chr1	1097702	1097703	35	0.8356
chr1	1097758	1097759	25	0.6935
chr1	1097764	1097765	26	0.877
chr1	1097780	1097781	26	0.8018
chr1	1097803	1097804	29	0.9622
chr1	1097833	1097834	25	0.8133
chr1	1097874	1097875	30	1.0
chr1	1097905	1097906	20	0.7688
chr1	1097923	1097924	25	0.9106
chr1	1097946	1097947	39	0.8882
chr1	1097996	1097997	27	0.8047
chr1	1098037	1098038	28	0.9938
chr1	1098062	1098063	24	0.801
chr1	1098091	1098092	39	0.9295
chr1	1098121	1098122	25	0.8088
chr1	1098151	1098152	30	0.6762
chr1	1098201	1098202	27	0.8003
chr1	1098228	1098229	29	0.7445
chr1	1098262	1098263	28	0.914
chr1	1098305	1098306	24	0.9708
chr1	1098349	1098350	27	0.8541
chr1	1098354	1098355	31	0.8753
chr1	1098454	1098455	33	0.8879
chr1	1098554	1098555	29	0.9
chr1	1098654	1098655	21	0.915
chr1	1098754	1098755	22	0.8634
chr1	1098854	1098855	28	0.7806
chr1	1098908	1098909	34	1.0
chr1	1098912	1098913	20	0.8098
chr1	1098918	1098919	27	0.6527
chr1	1098947	1098948	27	0.8175
chr1	1098971	1098972	32	0.865
chr1	1099002	1099003	38	0.5543
chr1	1099041	1099042	31	0.7831
chr1	1099091	1099092	27	0.4048
chr1	1099140	1099141	27	0.6076
chr1	1099190	1099191	27	0.5377
chr1	1099213	1099214	23	0.3314
chr1	1099249	1099250	30	0.4388
chr1	1099268	1099269	23	0.4086
chr1	1099318	1099319	24	0.8605
chr1	1099333	1099334	27	0.837
chr1	1099379	1099380	35	0.9008
chr1	1099412	1099413	31	0.9563
chr1	1099512	1099513	37	0.7772
chr1	1099612	1099613	32	0.907
chr1	1099712	1099713	22	0.7221
chr1	1099812	1099813	33	0.6635
chr1	1099862	1099863	35	0.6205
chr1	1099886	1099887	30	0.733
chr1	1099922	1099923	36	0.9555
chr1	1100098	1100099	21	0.7445
chr1	1100320	1100321	30	0.7426
chr1	1100346	1100347	39	0.8016
chr1	1100360	1100361	31	0.8
chr1	1100372	1100373	24	0.6582
chr1	1100422	1100423	39	0.4508
chr1	1100471	1100472	27	0.4323
chr1	1100521	1100522	33	0.3944
chr1	1100553	1100554	31	0.4706
chr1	1100587	1100588	24	0.5805
chr1	1100623	1100624	33	0.6177
chr1	1100673	1100674	29	0.5263
chr1	1100688	1100689	37	0.4873
chr1	1100726	1100727	23	0.5402
chr1	1100763	1100764	25	0.5681
chr1	1100798	1100799	34	0.5967
chr1	1100825	1100826	23	0.575
chr1	1100844	1100845	25	0.5685
chr1	1100894	1100895	36	0.4794
chr1	1100955	1100956	22	0.6423
chr1	1101055	1101056	29	0.5266
chr1	1101148	1101149	28	0.4901
chr1	1101248	1101249	28	0.4746
chr1	1101310	1101311	13	0.4917
chr1	1101312	1101313	36	0.6507
chr1	1101324	1101325	34	0.1458
chr1	1101360	1101361	28	0.2092
chr1	1101375	1101376	29	0.2572
chr1	1101425	1101426	21	0.2462
chr1	1101451	1101452	21	0.0763
chr1	1101466	1101467	42	0.2654
chr1	1101494	1101495	30	0.3026
chr1	1101517	1101518	33	0.185
chr1	1101566	1101567	27	0.342
chr1	1101609	1101610	28	0.14
chr1	1101624	1101625	32	0.1494
chr1	1101649	1101650	40	0.0468
chr1	1101680	1101681	29	0.0621
chr1	1101712	1101713	20	0.237
chr1	1101736	1101737	36	0.1426
chr1	1101751	1101752	39	0.2399
chr1	1101851	1101852	32	0.1754
chr1	1101929	1101930	36	0.2178
chr1	1102015	1102016	40	0.1702
chr1	1102115	1102116	24	0.1301
chr1	1102165	1102166	30	0.103
chr1	1102231	1102232	29	0.097
chr1	1102279	1102280	26	0.6934
chr1	1102303	1102304	32	0.682
chr1	1102341	1102342	25	0.7308
chr1	1102381	1102382	33	0.7732
chr1	1102411	1102412	26	0.774
chr1	1102436	1102437	22	0.7013
chr1	1102479	1102480	27	0.7523
chr1	1102507	1102508	35	0.7223
chr1	1102526	1102527	38	0.812
chr1	1102570	1102571	32	0.8762
chr1	1102590	1102591	24	0.676
chr1	1102611	1102612	40	0.6805
chr1	1102632	1102633	28	0.8932
chr1	1102647	1102648	33	0.7555
chr1	1102673	1102674	32	0.805
chr1	1102696	1102697	29	0.9288
chr1	1102738	1102739	32	0.9112
chr1	1102801	1102802	29	0.8188
chr1	1102901	1102902	25	0.7443
chr1	1102970	1102971	27	0.8659
chr1	1103043	1103044	28	0.9017
chr1	1103140	1103141	24	0.7949
chr1	1103198	1103199	26	1.0
chr1	1103208	1103209	25	0.923
chr1	1103257	1103258	26	0.9404
chr1	1103307	1103308	33	0.855
chr1	1103330	1103331	35	0.8933
chr1	1103350	1103351	32	0.945
chr1	1103400	1103401	33	0.844
chr1	1103428	1103429	24	0.7584
chr1	1103478	1103479	23	0.9545
chr1	1103498	1103499	32	0.7444
chr1	1103548	1103549	20	0.8527
chr1	1103564	1103565	35	0.8245
chr1	1103581	1103582	26	0.7638
chr1	1103613	1103614	30	0.8152
chr1	1103620	1103621	21	0.9385
chr1	1103686	1103687	30	0.9246
chr1	1103786	1103787	23	0.8439
chr1	1103846	1103847	33	0.8255
chr1	1103946	1103947	25	0.8746
chr1	1104026	1104027	33	0.892
chr1	1104036	1104037	26	0.6442
chr1	1104081	1104082	30	0.6925
chr1	1104128	1104129	33	0.8623
chr1	1104155	1104156	30	0.9494
chr1	1104190	1104191	32	0.9096
chr1	1104225	1104226	30	0.8777
chr1	1104248	1104249	17	0.6493
chr1	1104263	1104264	27	0.7586
chr1	1104291	1104292	28	0.7878
chr1	1104320	1104321	23	0.7742
chr1	1104340	1104341	23	0.8122
chr1	1104372	1104373	34	0.7964
chr1	1104394	1104395	24	0.8695
chr1	1104430	1104431	28	0.7045
chr1	1104457	1104458	29	0.7657
chr1	1104513	1104514	36	0.7926
chr1	1104613	1104614	34	0.7517
chr1	1104713	1104714	32	0.7942
chr1	1104784	1104785	32	0.8919
chr1	1104794	1104795	37	0.9572
chr1	1104832	1104833	25	0.6305
chr1	1104862	1104863	34	0.1845
chr1	1104912	1104913	30	0.773
chr1	1104932	1104933	33	0.6285
chr1	1104953	1104954	27	0.6423
chr1	1104972	1104973	35	0.862
chr1	1105022	1105023	26	0.4215
chr1	1105037	1105038	29	0.4996
chr1	1105061	1105062	25	0.0
chr1	1105078	1105079	37	0.4146
chr1	1105093	1105094	29	0.074
chr1	1105123	1105124	32	0.148
chr1	1105140	1105141	23	0.2563
chr1	1105175	1105176	30	0.6905
chr1	1105198	1105199	25	0.2741
chr1	1105248	1105249	35	0.818
chr1	1105291	1105292	38	0.3815
chr1	1105338	1105339	28	0.174
chr1	1105360	1105361	25	0.6911
chr1	1105410	1105411	23	1.0
chr1	1105413	1105414	27	0.6675
chr1	1105477	1105478	29	0.994
chr1	1105527	1105528	23	0.3464
chr1	1105614	1105615	30	0.7878
chr1	1105714	1105715	31	0.068
chr1	1105814	1105815	25	0.3425
chr1	1105914	1105915	28	0.6564
chr1	1105930	1105931	28	0.2911
chr1	1105934	1105935	34	0.0
chr1	1105956	1105957	32	0.4795
chr1	1106006	1106007	23	0.5284
chr1	1106022	1106023	37	0.4583
chr1	1106051	1106052	33	0.5439
chr1	1106070	1106071	25	0.6117
chr1	1106114	1106115	28	0.3508
chr1	1106138	1106139	24	0.3533
chr1	1106176	1106177	33	0.4665
chr1	1106209	1106210	25	0.5031
chr1	1106234	1106235	36	0.5076
chr1	1106267	1106268	24	0.551
chr1	1106292	1106293	30	0.5063
chr1	1106325	1106326	32	0.4714
chr1	1106341	1106342	30	0.5087
chr1	1106361	1106362	36	0.6376
chr1	1106411	1106412	25	0.6303
chr1	1106431	1106432	36	0.5212
chr1	1106470	1106471	29	0.4217
chr1	1106494	1106495	25	0.6302
chr1	1106509	1106510	36	0.4921
chr1	1106540	1106541	36	0.471
chr1	1106541	1106542	27	0.6932
chr1	1106602	1106603	35	0.5021
chr1	1106702	1106703	37	0.6032
chr1	1106802	1106803	24	0.6091
chr1	1106864	1106865	35	0.5118
chr1	1106964	1106965	37	0.6115
chr1	1107049	1107050	34	0.6848
chr1	1107111	1107112	34	0.5606
chr1	1107131	1107132	27	0.582
chr1	1108063	1108064	31	0.5366
chr1	1108094	1108095	27	0.6295
chr1	1108144	1108145	29	0.6549
chr1	1108167	1108168	26	0.528
chr1	1108186	1108187	27	0.692
chr1	1108208	1108209	23	0.6723
chr1	1108246	1108247	28	0.5384
chr1	1108284	1108285	23	0.5918
chr1	1108312	1108313	22	0.5579
chr1	1108332	1108333	35	0.6148
chr1	1108373	1108374	28	0.5569
chr1	1108407	1108408	31	0.6407
chr1	1108438	1108439	33	0.73
chr1	1108538	1108539	35	0.7111
chr1	1108638	1108639	30	0.6325
chr1	1108738	1108739	27	0.5102
chr1	1108788	1108789	37	0.6188
chr1	1108928	1108929	19	0.9184
chr1	1109112	1109113	36	0.9223
chr1	1109122	1109123	36	0.8814
chr1	1109244	1109245	33	0.6939
chr1	1109288	1109289	29	0.9342
chr1	1109310	1109311	36	0.8239
chr1	1109360	1109361	23	0.9
chr1	1109380	1109381	32	0.8156
chr1	1109430	1109431	22	0.7569
chr1	1109480	1109481	39	0.7771
chr1	1109503	1109504	27	0.648
chr1	1109537	1109538	38	0.8117
chr1	1109552	1109553	30	0.8133
chr1	1109602	1109603	28	0.5648
chr1	1109630	1109631	35	0.8336
chr1	1109668	1109669	26	0.7105
chr1	1109690	1109691	21	0.7774
chr1	1109716	1109717	31	0.8755
chr1	1109750	1109751	23	0.7092
chr1	1109772	1109773	27	0.9034
chr1	1109773	1109774	27	0.967
chr1	1109873	1109874	26	0.7293
chr1	1109948	1109949	26	0.7227
chr1	1110048	1110049	38	0.7819
chr1	1110114	1110115	35	0.7562
chr1	1110214	1110215	28	0.7176
chr1	1110220	1110221	37	0.8402
chr1	1110229	1110230	24	0.4965
chr1	1110279	1110280	36	0.5139
chr1	1110302	1110303	34	0.5198
chr1	1110317	1110318	33	0.4781
chr1	1110345	1110346	28	0.5674
chr1	1110360	1110361	36	0.4905
chr1	1110375	1110376	28	0.2821
chr1	1110422	1110423	28	0.4636
chr1	1110464	1110465	28	0.5513
chr1	1110497	1110498	27	0.211
chr1	1110542	1110543	28	0.4589
chr1	1110569	1110570	34	0.5545
chr1	1110597	1110598	31	0.4861
chr1	1110622	1110623	33	0.5395
chr1	1110639	1110640	26	0.4787
chr1	1110660	1110661	33	0.5273
chr1	1110707	1110708	32	0.3305
chr1	1110740	1110741	22	0.4933
chr1	1110771	1110772	25	0.4965
chr1	1110830	1110831	34	0.5407
chr1	1110930	1110931	29	0.6181
chr1	1111030	1111031	26	0.328
chr1	1111130	1111131	29	0.4367
chr1	1111230	1111231	27	0.6231
chr1	1111244	1111245	35	0.6836
chr1	1111266	1111267	24	0.8166
chr1	1111362	1111363	30	0.6236
chr1	1111382	1111383	29	0.7622
chr1	1111408	1111409	28	0.7003
chr1	1111606	1111607	30	0.6431
chr1	1111726	1111727	29	0.8183
chr1	1111744	1111745	25	0.9461
chr1	1111794	1111795	31	0.7873
chr1	1111821	1111822	30	0.7702
chr1	1111871	1111872	28	0.7005
chr1	1111921	1111922	27	0.793
chr1	1111960	1111961	15	0.8839
chr1	1112009	1112010	28	0.7133
chr1	1112059	1112060	24	0.8413
chr1	1112089	1112090	37	0.6742
chr1	1112104	1112105	28	0.7854
chr1	1112119	1112120	25	0.8092
chr1	1112169	1112170	37	0.8007
chr1	1112194	1112195	32	0.7105
chr1	1112216	1112217	34	0.7972
chr1	1112316	1112317	26	0.7987
chr1	1112366	1112367	37	0.937
chr1	1112459	1112460	36	0.9363
chr1	1112559	1112560	26	0.8432
chr1	1112609	1112610	28	0.8366
chr1	1112667	1112668	34	0.9721
chr1	1112677	1112678	36	0.7509
chr1	1112712	1112713	21	0.1147
chr1	1112731	1112732	29	0.0433
chr1	1112781	1112782	36	0.0904
chr1	1112803	1112804	33	0.1111
chr1	1112853	1112854	28	0.0907
chr1	1112900	1112901	25	0.1264
chr1	1112950	1112951	32	0.0177
chr1	1112995	1112996	24	0.1134
chr1	1113029	1113030	32	0.052
chr1	1113079	1113080	33	0.0701
chr1	1113103	1113104	24	0.0391
chr1	1113149	1113150	36	0.0
chr1	1113183	1113184	27	0.0488
chr1	1113192	1113193	29	0.0356
chr1	1113292	1113293	27	0.0853
chr1	1113392	1113393	29	0.0017
chr1	1113451	1113452	32	0.1546
chr1	1113504	1113505	28	0.0
chr1	1113554	1113555	31	0.0365
chr1	1113604	1113605	29	0.0452
chr1	1113620	1113621	29	0.1919
chr1	1113660	1113661	35	0.098
chr1	1113707	1113708	35	0.9207
chr1	1113723	1113724	32	0.6668
chr1	1113756	1113757	23	0.7561
chr1	1113784	1113785	37	0.6689
chr1	1113813	1113814	23	0.8798
chr1	1113828	1113829	26	0.9228
chr1	1113846	1113847	28	0.7924
chr1	1113861	1113862	33	0.9845
chr1	1113876	1113877	30	0.9272
chr1	1113919	1113920	32	0.8768
chr1	1113936	1113937	27	0.9603
chr1	1113979	1113980	33	0.8161
chr1	1114029	1114030	26	0.9433
chr1	1114063	1114064	27	0.8438
chr1	1114081	1114082	33	0.8377
chr1	1114118	1114119	33	0.8561
chr1	1114168	1114169	35	0.8329
chr1	1114183	1114184	38	0.9085
chr1	1114233	1114234	36	0.7353
chr1	1114255	1114256	27	0.9758
chr1	1114278	1114279	23	0.9345
chr1	1114378	1114379	31	0.9123
chr1	1114463	1114464	28	0.6655
chr1	1114529	1114530	29	0.9004
chr1	1114629	1114630	26	0.7727
chr1	1114679	1114680	33	0.932
chr1	1114779	1114780	27	0.686
chr1	1114819	1114820	36	0.9562
chr1	1114865	1114866	18	0.6989
chr1	1114895	1114896	27	0.1722
chr1	1114945	1114946	23	0.1231
chr1	1114960	1114961	28	0.0967
chr1	1114977	1114978	33	0.2655
chr1	1115022	1115023	35	0.2495
chr1	1115072	1115073	30	0.1267
chr1	1115092	1115093	23	0.375
chr1	1115142	1115143	33	0.1685
chr1	1115181	1115182	28	0.2439
chr1	1115199	1115200	22	0.1335
chr1	1115242	1115243	25	0.0858
chr1	1115273	1115274	39	0.3275
chr1	1115294	1115295	25	0.2382
chr1	1115344	1115345	28	0.0144
chr1	1115394	1115395	37	0.2876
chr1	1115409	1115410	33	0.1332
chr1	1115417	1115418	28	0.2506
chr1	1115467	1115468	29	0.0937
chr1	1115567	1115568	34	0.3291
chr1	1115667	1115668	29	0.1046
chr1	1115717	1115718	25	0.2302
chr1	1115817	1115818	27	0.1695
chr1	1115880	1115881	32	0.0268
chr1	1115906	1115907	26	0.066
chr1	1115978	1115979	31	0.3476
chr1	1115989	1115990	29	0.8492
chr1	1116013	1116014	22	0.8463
chr1	1116049	1116050	29	0.8141
chr1	1116064	1116065	36	0.836
chr1	1116088	1116089	35	0.711
chr1	1116130	1116131	21	0.8615
chr1	1116153	1116154	26	0.6614
chr1	1116180	1116181	38	0.7665
chr1	1116198	1116199	26	0.821
chr1	1116213	1116214	34	0.7509
chr1	1116252	1116253	33	0.6038
chr1	1116274	1116275	25	0.8894
chr1	1116310	1116311	25	0.5801
chr1	1116327	1116328	29	0.8422
chr1	1116365	1116366	31	0.8235
chr1	1116415	1116416	36	0.7507
chr1	1116465	1116466	33	0.876
chr1	1116479	1116480	24	0.8873
chr1	1116579	1116580	30	0.7271
chr1	1116665	1116666	31	0.8254
chr1	1116765	1116766	31	0.9244
chr1	1116865	1116866	35	0.9464
chr1	1116965	1116966	20	0.7285
chr1	1117025	1117026	35	0.9708
chr1	1117051	1117052	35	0.5473
chr1	1117081	1117082	24	0.4725
chr1	1117116	1117117	20	0.4361
chr1	1117139	1117140	38	0.8035
chr1	1117167	1117168	28	0.5793
chr1	1117205	1117206	24	0.6847
chr1	1117247	1117248	33	0.5032
chr1	1117297	1117298	34	0.7026
chr1	1117312	1117313	21	0.5188
chr1	1117327	1117328	28	0.4977
chr1	1117353	1117354	26	0.4468
chr1	1117389	1117390	36	0.4509
chr1	1117421	1117422	37	0.6361
chr1	1117453	1117454	29	0.5295
chr1	1117468	1117469	38	0.5782
chr1	1117489	1117490	24	0.6654
chr1	1117520	1117521	31	0.6242
chr1	1117546	1117547	30	0.523
chr1	1117568	1117569	26	0.82
chr1	1117583	1117584	22	0.5272
chr1	1117683	1117684	29	0.4824
chr1	1117762	1117763	24	0.4526
chr1	1117862	1117863	30	0.4957
chr1	1117962	1117963	25	0.6181
chr1	1118050	1118051	22	0.5608
chr1	1118104	1118105	24	0.4586
chr1	1118202	1118203	32	0.6574
chr1	1118229	1118230	35	0.5927
chr1	1118268	1118269	33	0.7301
chr1	1118300	1118301	32	0.6811
chr1	1118330	1118331	35	0.766
chr1	1118368	1118369	21	0.4452
chr1	1118401	1118402	35	0.5195
chr1	1118423	1118424	31	0.6424
chr1	1118448	1118449	33	0.6206
chr1	1118464	1118465	40	0.5268
chr1	1118514	1118515	39	0.7337
chr1	1118539	1118540	28	0.6614
chr1	1118555	1118556	35	0.5925
chr1	1118578	1118579	20	0.6188
chr1	1118628	1118629	27	0.6599
chr1	1118674	1118675	39	0.658
chr1	1118724	1118725	32	0.6221
chr1	1118773	1118774	23	0.7364
chr1	1118873	1118874	21	0.5208
chr1	1118973	1118974	28	0.6883
chr1	1119073	1119074	29	0.6081
chr1	1119139	1119140	35	0.6068
chr1	1119236	1119237	31	0.5187
chr1	1119302	1119303	31	0.5408
chr1	1119368	1119369	29	0.5353
chr1	1119378	1119379	32	0.6809
chr1	1119386	1119387	27	0.6976
chr1	1119436	1119437	37	0.7211
chr1	1119465	1119466	32	0.5262
chr1	1119499	1119500	34	0.763
chr1	1119525	1119526	25	0.6376
chr1	1119575	1119576	30	0.7056
chr1	1119625	1119626	33	0.7574
chr1	1119661	1119662	30	0.6965
chr1	1119682	1119683	34	0.5187
chr1	1119697	1119698	18	0.6954
chr1	1119717	1119718	18	0.6842
chr1	1119741	1119742	27	0.6117
chr1	1119783	1119784	27	0.6847
chr1	1119814	1119815	32	0.8044
chr1	1119872	1119873	29	0.6239
chr1	1119956	1119957	37	0.6923
chr1	1120023	1120024	24	0.6814
chr1	1120123	1120124	25	0.8281
chr1	1120223	1120224	35	0.6504
chr1	1120233	1120234	20	0.9407
chr1	1120331	1120332	34	0.8204
chr1	1120363	1120364	39	0.7665
chr1	1120399	1120400	36	0.8526
chr1	1120443	1120444	27	0.7054
chr1	1120629	1120630	31	0.7861
chr1	1120643	1120644	28	0.7247
chr1	1120655	1120656	23	0.8874
chr1	1120711	1120712	35	1.0
chr1	1120754	1120755	23	0.8364
chr1	1120769	1120770	31	0.8628
chr1	1120795	1120796	19	0.8939
chr1	1120811	1120812	30	0.9086
chr1	1120861	1120862	33	0.6354
chr1	1120892	1120893	23	0.8443
chr1	1120907	1120908	32	0.6602
chr1	1120951	1120952	30	0.7812
chr1	1120976	1120977	39	0.8178
chr1	1121017	1121018	35	0.8456
chr1	1121045	1121046	31	1.0
chr1	1121081	1121082	27	0.7997
chr1	1121098	1121099	25	0.8709
chr1	1121119	1121120	23	0.8516
chr1	1121153	1121154	25	0.8916
chr1	1121195	1121196	29	0.6845
chr1	1121268	1121269	36	0.7587
chr1	1121343	1121344	19	0.7732
chr1	1121443	1121444	32	0.7017
chr1	1121507	1121508	35	0.872
chr1	1121607	1121608	24	0.8332
chr1	1121681	1121682	22	0.9098
chr1	1121698	1121699	23	0.8504
chr1	1121747	1121748	26	0.6137
chr1	1121786	1121787	35	0.7959
chr1	1121820	1121821	28	0.7802
chr1	1121854	1121855	29	0.7981
chr1	1121890	1121891	25	0.8585
chr1	1121940	1121941	20	0.8593
chr1	1121982	1121983	28	0.877
chr1	1122012	1122013	24	0.7142
chr1	1122062	1122063	24	0.7905
chr1	1122077	1122078	33	0.7662
chr1	1122121	1122122	32	0.8428
chr1	1122152	1122153	29	0.7747
chr1	1122195	1122196	33	0.8852
chr1	1122213	1122214	31	0.8101
chr1	1122248	1122249	24	0.6563
chr1	1122272	1122273	31	0.7247
chr1	1122295	1122296	38	0.7938
chr1	1122392	1122393	34	0.9069
chr1	1122465	1122466	28	0.6597
chr1	1122565	1122566	31	0.7277
chr1	1122615	1122616	32	0.857
chr1	1122715	1122716	33	0.9569
chr1	1122815	1122816	32	0.7832
chr1	1122867	1122868	31	0.9173
chr1	1122873	1122874	31	0.7191
chr1	1122918	1122919	31	0.5903
chr1	1122945	1122946	31	0.522
chr1	1122982	1122983	30	0.61
chr1	1123001	1123002	36	0.7011
chr1	1123034	1123035	24	0.6771
chr1	1123064	1123065	20	0.398
chr1	1123096	1123097	29	0.5733
chr1	1123140	1123141	35	0.6673
chr1	1123165	1123166	29	0.7865
chr1	1123189	1123190	21	0.565
chr1	1123221	1123222	30	0.4321
chr1	1123261	1123262	23	0.5705
chr1	1123267	1123268	29	0.6951
chr1	1123343	1123344	24	0.6789
chr1	1123443	1123444	21	0.6
chr1	1123543	1123544	24	0.6885
chr1	1123597	1123598	31	0.6457
chr1	1123642	1123643	31	0.6318
chr1	1123672	1123673	32	0.6801
chr1	1123707	1123708	35	0.682
chr1	1123739	1123740	39	0.7242
chr1	1123774	1123775	30	0.6184
chr1	1123824	1123825	28	0.4694
chr1	1123840	1123841	30	0.4188
chr1	1123871	1123872	30	0.6561
chr1	1123899	1123900	27	0.6124
chr1	1123930	1123931	28	0.5586
chr1	1123963	1123964	32	0.569
chr1	1123996	1123997	38	0.5344
chr1	1124035	1124036	20	0.53
chr1	1124085	1124086	22	0.6434
chr1	1124100	1124101	29	0.5722
chr1	1124143	1124144	30	0.7441
chr1	1124193	1124194	26	0.6311
chr1	1124199	1124200	35	0.7697
chr1	1124299	1124300	31	0.5917
chr1	1124399	1124400	31	0.66
chr1	1124499	1124500	37	0.4779
chr1	1124599	1124600	31	0.6007
chr1	1124699	1124700	40	0.7906
chr1	1124769	1124770	21	0.6867
chr1	1124793	1124794	29	0.5676
chr1	1124813	1124814	31	0.8441
chr1	1124851	1124852	29	0.8028
chr1	1124877	1124878	25	0.9135
chr1	1124908	1124909	27	0.8711
chr1	1124923	1124924	33	0.9889
chr1	1124958	1124959	15	0.8266
chr1	1124992	1124993	33	0.7631
chr1	1125036	1125037	31	0.774
chr1	1125086	1125087	24	0.7658
chr1	1125112	1125113	32	0.7348
chr1	1125132	1125133	26	0.871
chr1	1125182	1125183	33	0.7415
chr1	1125201	1125202	28	0.8282
chr1	1125235	1125236	22	0.8637
chr1	1125255	1125256	33	0.7407
chr1	1125302	1125303	29	0.9109
chr1	1125336	1125337	25	0.7764
chr1	1125385	1125386	32	0.7961
chr1	1125398	1125399	36	0.9008
chr1	1125498	1125499	29	0.8842
chr1	1125587	1125588	31	0.9528
chr1	1125637	1125638	36	0.7319
chr1	1125737	1125738	27	0.8428
chr1	1125787	1125788	25	0.7788
chr1	1125885	1125886	15	0.8027
chr1	1125953	1125954	31	0.6353
chr1	1125969	1125970	25	0.6366
chr1	1125971	1125972	44	0.9664
chr1	1126006	1126007	29	0.1848
chr1	1126032	1126033	28	0.151
chr1	1126079	1126080	36	0.306
chr1	1126105	1126106	14	0.3028
chr1	1126120	1126121	33	0.2025
chr1	1126162	1126163	30	0.4
chr1	1126194	1126195	28	0.2535
chr1	1126214	1126215	33	0.2263
chr1	1126229	1126230	20	0.1098
chr1	1126244	1126245	34	0.1229
chr1	1126287	1126288	30	0.2349
chr1	1126304	1126305	28	0.3138
chr1	1126354	1126355	23	0.2853
chr1	1126380	1126381	30	0.1804
chr1	1126430	1126431	36	0.1512
chr1	1126470	1126471	23	0.3905
chr1	1126476	1126477	33	0.2592
chr1	1126538	1126539	32	0.0836
chr1	1126592	1126593	37	0.2856
chr1	1126675	1126676	32	0.1753
chr1	1126775	1126776	23	0.2906
chr1	1126875	1126876	31	0.2001
chr1	1126975	1126976	39	0.2972
chr1	1126985	1126986	34	0.8722
chr1	1127028	1127029	20	0.6528
chr1	1127050	1127051	36	0.8162
chr1	1127085	1127086	30	0.6963
chr1	1127104	1127105	33	0.8868
chr1	1127154	1127155	37	0.9792
chr1	1127186	1127187	24	0.6082
chr1	1127225	1127226	30	0.5551
chr1	1127250	1127251	31	0.5223
chr1	1127288	1127289	28	0.66
chr1	1127320	1127321	46	0.8492
chr1	1127345	1127346	25	0.7785
chr1	1127382	1127383	32	0.6709
chr1	1127415	1127416	23	0.6656
chr1	1127431	1127432	31	0.64
chr1	1127474	1127475	27	0.7471
chr1	1127492	1127493	26	0.516
chr1	1127542	1127543	25	0.5924
chr1	1127642	1127643	30	0.829
chr1	1127742	1127743	24	1.0
chr1	1127842	1127843	34	0.8604
chr1	1127942	1127943	25	0.8555
chr1	1128034	1128035	24	0.865
chr1	1128088	1128089	21	0.8511
chr1	1128124	1128125	32	0.7774
chr1	1128140	1128141	29	0.869
chr1	1128146	1128147	37	0.8377
chr1	1128150	1128151	23	0.8618
chr1	1128204	1128205	32	0.6934
chr1	1128378	1128379	23	0.9457
chr1	1128386	1128387	27	0.7384
chr1	1128393	1128394	33	0.3317
chr1	1128408	1128409	27	0.5315
chr1	1128437	1128438	30	0.4595
chr1	1128452	1128453	27	0.5061
chr1	1128477	1128478	28	0.4479
chr1	1128513	1128514	28	0.4539
chr1	1128530	1128531	27	0.3826
chr1	1128553	1128554	39	0.4505
chr1	1128601	1128602	28	0.4307
chr1	1128616	1128617	30	0.4302
chr1	1128659	1128660	24	0.3632
chr1	1128685	1128686	32	0.2981
chr1	1128707	1128708	30	0.5104
chr1	1128757	1128758	29	0.4616
chr1	1128784	1128785	30	0.5594
chr1	1128813	1128814	34	0.5681
chr1	1128846	1128847	15	0.5747
chr1	1128889	1128890	49	0.5413
chr1	1128939	1128940	37	0.3348
chr1	1128966	1128967	25	0.451
chr1	1129061	1129062	25	0.4702
chr1	1129159	1129160	33	0.529
chr1	1129259	1129260	31	0.4334
chr1	1129359	1129360	37	0.5035
chr1	1129416	1129417	33	0.3917
chr1	1129516	1129517	25	0.5742
chr1	1129646	1129647	28	0.805
chr1	1129820	1129821	32	0.6985
chr1	1129840	1129841	23	0.5822
chr1	1129976	1129977	26	0.6722
chr1	1130004	1130005	34	0.6221
chr1	1130026	1130027	27	0.8421
chr1	1130076	1130077	31	0.7577
chr1	1130103	1130104	33	0.7052
chr1	1130133	1130134	29	0.7857
chr1	1130183	1130184	39	0.8196
chr1	1130211	1130212	28	0.9614
chr1	1130261	1130262	24	0.7979
chr1	1130311	1130312	32	0.7418
chr1	1130361	1130362	26	0.681
chr1	1130385	1130386	33	0.9114
chr1	1130415	1130416	30	0.7885
chr1	1130460	1130461	27	0.832
chr1	1130487	1130488	28	0.772
chr1	1130523	1130524	27	0.7068
chr1	1130543	1130544	26	0.7594
chr1	1130557	1130558	21	0.7313
chr1	1130610	1130611	28	0.8676
chr1	1130660	1130661	27	0.8001
chr1	1130739	1130740	34	0.8542
chr1	1130789	1130790	30	0.6612
chr1	1130889	1130890	24	0.6829
chr1	1130941	1130942	33	0.8496
chr1	1131041	1131042	23	0.7039
chr1	1131081	1131082	28	0.888
chr1	1131087	1131088	36	0.708
chr1	1131097	1131098	33	0.6639
chr1	1131128	1131129	35	0.6446
chr1	1131151	1131152	39	0.7497
chr1	1131184	1131185	31	0.6873
chr1	1131221	1131222	36	0.6851
chr1	1131242	1131243	26	0.5845
chr1	1131289	1131290	25	0.4971
chr1	1131315	1131316	37	0.694
chr1	1131365	1131366	24	0.6885
chr1	1131390	1131391	34	0.6259
chr1	1131414	1131415	31	0.6935
chr1	1131442	1131443	30	0.6155
chr1	1131467	1131468	30	0.3172
chr1	1131507	1131508	31	0.3893
chr1	1131530	1131531	25	0.4601
chr1	1131555	1131556	35	0.4387
chr1	1131605	1131606	28	0.401
chr1	1131705	1131706	37	0.5289
chr1	1131762	1131763	31	0.4661
chr1	1131838	1131839	27	0.4243
chr1	1131917	1131918	29	0.6657
chr1	1132007	1132008	23	0.8545
chr1	1132039	1132040	32	0.6869
chr1	1132063	1132064	34	0.6335
chr1	1132167	1132168	36	0.5554
chr1	1132217	1132218	36	0.6973
chr1	1132247	1132248	36	0.867
chr1	1132251	1132252	28	0.6695
chr1	1132277	1132278	19	0.7189
chr1	1132365	1132366	32	0.6404
chr1	1132395	1132396	29	0.7768
chr1	1132427	1132428	29	0.7749
chr1	1132473	1132474	38	0.9514
chr1	1132523	1132524	31	0.5733
chr1	1132538	1132539	25	0.8676
chr1	1132588	1132589	43	0.6439
chr1	1132621	1132622	25	0.7735
chr1	1132639	1132640	33	0.9142
chr1	1132656	1132657	20	0.8522
chr1	1132700	1132701	27	0.6582
chr1	1132730	1132731	29	0.924
chr1	1132755	1132756	31	0.8436
chr1	1132784	1132785	28	0.8642
chr1	1132815	1132816	29	0.8263
chr1	1132833	1132834	30	0.8772
chr1	1132858	1132859	38	0.813
chr1	1132891	1132892	22	0.6856
chr1	1132908	1132909	31	0.6903
chr1	1132914	1132915	36	0.74
chr1	1133014	1133015	31	0.723
chr1	1133089	1133090	30	0.6421
chr1	1133142	1133143	28	0.9128
chr1	1133242	1133243	28	0.802
chr1	1133342	1133343	25	0.6787
chr1	1133366	1133367	31	0.7781
chr1	1133408	1133409	24	0.9367
chr1	1133421	1133422	26	0.6101
chr1	1133458	1133459	18	0.7919
chr1	1133500	1133501	34	0.8669
chr1	1133525	1133526	31	0.8651
chr1	1133575	1133576	26	0.8804
chr1	1133618	1133619	34	0.7321
chr1	1133636	1133637	26	0.6389
chr1	1133682	1133683	27	0.6661
chr1	1133724	1133725	19	0.8229
chr1	1133739	1133740	32	0.7015
chr1	1133782	1133783	34	0.703
chr1	1133816	1133817	32	0.9407
chr1	1133863	1133864	35	0.8778
chr1	1133913	1133914	23	0.6172
chr1	1133926	1133927	35	0.6725
chr1	1134026	1134027	33	0.6812
chr1	1134076	1134077	29	0.676
chr1	1134176	1134177	31	0.8463
chr1	1134276	1134277	32	0.79
chr1	1134328	1134329	24	0.8582
chr1	1134416	1134417	27	0.6153
chr1	1134478	1134479	28	0.8562
chr1	1134516	1134517	26	0.6816
chr1	1134558	1134559	28	0.9311
chr1	1134573	1134574	27	0.6682
chr1	1134601	1134602	38	0.8771
chr1	1134616	1134617	31	0.8047
chr1	1134639	1134640	29	0.8545
chr1	1134689	1134690	29	0.7191
chr1	1134730	1134731	36	0.9592
chr1	1134755	1134756	25	0.8653
chr1	1134770	1134771	26	0.9385
chr1	1134820	1134821	22	0.6884
chr1	1134841	1134842	28	0.8799
chr1	1134861	1134862	27	0.6831
chr1	1134895	1134896	32	0.8236
chr1	1134945	1134946	24	0.8355
chr1	1134975	1134976	27	0.8752
chr1	1135025	1135026	27	0.8897
chr1	1135028	1135029	31	0.6461
chr1	1135128	1135129	38	0.6653
chr1	1135205	1135206	29	0.7576
chr1	1135305	1135306	29	0.7207
chr1	1135384	1135385	28	0.7936
chr1	1135484	1135485	29	0.8087
chr1	1135540	1135541	22	0.9163
chr1	1135568	1135569	32	0.6312
chr1	1135610	1135611	32	0.7248
chr1	1135633	1135634	28	0.737
chr1	1135665	1135666	26	0.9668
chr1	1135680	1135681	26	0.8223
chr1	1135696	1135697	34	0.8869
chr1	1135746	1135747	31	0.9606
chr1	1135766	1135767	32	0.7757
chr1	1135816	1135817	25	0.8694
chr1	1135831	1135832	35	0.7645
chr1	1135862	1135863	30	0.8777
chr1	1135895	1135896	34	0.938
chr1	1135911	1135912	25	0.7571
chr1	1135928	1135929	38	0.8376
chr1	1135967	1135968	35	0.9485
chr1	1135982	1135983	21	0.955
chr1	1136014	1136015	25	0.872
chr1	1136045	1136046	29	0.9313
chr1	1136083	1136084	32	0.9102
chr1	1136103	1136104	34	0.8809
chr1	1136121	1136122	30	0.8852
chr1	1136149	1136150	29	0.7233
chr1	1136164	1136165	38	0.7502
chr1	1136170	1136171	35	0.7132
chr1	1136270	1136271	22	0.6939
chr1	1136320	1136321	33	0.742
chr1	1136414	1136415	27	0.5951
chr1	1136486	1136487	23	0.8021
chr1	1136586	1136587	31	0.8355
chr1	1136636	1136637	34	0.9471
chr1	1136703	1136704	25	0.8341
chr1	1136741	1136742	22	0.8095
chr1	1136767	1136768	20	0.4989
chr1	1136817	1136818	30	0.8211
chr1	1136835	1136836	36	0.5616
chr1	1136885	1136886	28	0.3904
chr1	1136919	1136920	17	0.872
chr1	1136963	1136964	38	0.9143
chr1	1137004	1137005	34	0.5662
chr1	1137038	1137039	23	0.4477
chr1	1137066	1137067	27	0.6989
chr1	1137085	1137086	32	0.7762
chr1	1137112	1137113	29	0.8865
chr1	1137149	1137150	27	0.3908
chr1	1137165	1137166	28	0.48
chr1	1137192	1137193	32	0.777
chr1	1137205	1137206	27	0.5528
chr1	1137255	1137256	26	0.8089
chr1	1137355	1137356	33	0.6924
chr1	1137455	1137456	29	0.7391
chr1	1137541	1137542	42	0.6633
chr1	1137606	1137607	31	0.4895
chr1	1137647	1137648	25	0.8824
chr1	1137685	1137686	27	0.9725
chr1	1137699	1137700	37	0.9237
chr1	1137729	1137730	37	0.6628
chr1	1137779	1137780	28	0.7678
chr1	1137795	1137796	28	0.7206
chr1	1137810	1137811	26	0.9117
chr1	1137850	1137851	30	0.7886
chr1	1137865	1137866	30	0.9067
chr1	1137896	1137897	39	0.7985
chr1	1137935	1137936	26	0.6938
chr1	1137981	1137982	39	0.8069
chr1	1138024	1138025	27	0.8955
chr1	1138056	1138057	21	0.7694
chr1	1138106	1138107	33	0.824
chr1	1138146	1138147	29	0.8209
chr1	1138168	1138169	22	0.8094
chr1	1138190	1138191	20	0.9115
chr1	1138193	1138194	32	0.8335
chr1	1138293	1138294	31	0.7988
chr1	1138393	1138394	21	0.756
chr1	1138451	1138452	30	0.7883
chr1	1138551	1138552	32	0.9272
chr1	1138651	1138652	33	0.8757
chr1	1138675	1138676	29	0.7671
chr1	1138695	1138696	30	0.9427
chr1	1138710	1138711	31	0.8033
chr1	1138736	1138737	25	0.7478
chr1	1138757	1138758	37	0.8355
chr1	1138806	1138807	31	0.7045
chr1	1138851	1138852	24	0.9661
chr1	1138868	1138869	31	0.8405
chr1	1138887	1138888	28	0.8303
chr1	1138915	1138916	36	0.816
chr1	1138938	1138939	37	0.9123
chr1	1138982	1138983	28	0.8919
chr1	1139032	1139033	40	0.8761
chr1	1139082	1139083	30	0.7642
chr1	1139132	1139133	33	0.969
chr1	1139161	1139162	29	0.8815
chr1	1139194	1139195	22	0.9417
chr1	1139233	1139234	37	0.8022
chr1	1139249	1139250	38	0.8995
chr1	1139349	1139350	25	0.7164
chr1	1139449	1139450	36	0.8852
chr1	1139499	1139500	36	0.7726
chr1	1139599	1139600	37	0.8668
chr1	1139677	1139678	26	0.6739
chr1	1139737	1139738	29	0.812
chr1	1139801	1139802	40	0.8851
chr1	1139849	1139850	37	0.5512
chr1	1139885	1139886	30	0.6635
chr1	1139905	1139906	26	0.4531
chr1	1139942	1139943	37	0.5845
chr1	1139961	1139962	29	0.6941
chr1	1140011	1140012	24	0.7186
chr1	1140044	1140045	22	0.5662
chr1	1140077	1140078	33	0.7542
chr1	1140114	1140115	32	0.5585
chr1	1140164	1140165	32	0.5485
chr1	1140179	1140180	37	0.5475
chr1	1140212	1140213	28	0.6044
chr1	1140239	1140240	31	0.6206
chr1	1140264	1140265	38	0.6015
chr1	1140302	1140303	31	0.8416
chr1	1140343	1140344	30	0.4309
chr1	1140383	1140384	27	0.5708
chr1	1140433	1140434	32	0.6874
chr1	1140485	1140486	24	0.5908
chr1	1140585	1140586	27	0.6859
chr1	1140685	1140686	36	0.6172
chr1	1140772	1140773	37	0.5812
chr1	1140872	1140873	31	0.5781
chr1	1140884	1140885	28	0.8083
chr1	1140901	1140902	22	0.0956
chr1	1140944	1140945	36	0.2067
chr1	1140970	1140971	34	0.3485
chr1	1141012	1141013	24	0.1403
chr1	1141061	1141062	30	0.1923
chr1	1141108	1141109	29	0.2105
chr1	1141148	1141149	34	0.2489
chr1	1141183	1141184	35	0.1578
chr1	1141218	1141219	36	0.1602
chr1	1141268	1141269	35	0.2479
chr1	1141310	1141311	34	0.2896
chr1	1141337	1141338	29	0.1703
chr1	1141387	1141388	30	0.3823
chr1	1141405	1141406	38	0.2062
chr1	1141505	1141506	35	0.1496
chr1	1141555	1141556	29	0.1652
chr1	1141649	1141650	26	0.2626
chr1	1141749	1141750	34	0.2825
chr1	1141841	1141842	25	0.191
chr1	1141891	1141892	40	0.1967
chr1	1141975	1141976	28	0.0957
chr1	1141998	1141999	30	0.3309
chr1	1142019	1142020	25	0.1248
chr1	1142061	1142062	30	0.3437
chr1	1142076	1142077	34	0.2445
chr1	1142102	1142103	43	0.1538
chr1	1142133	1142134	27	0.2294
chr1	1142183	1142184	40	0.4494
chr1	1142217	1142218	21	0.2585
chr1	1142267	1142268	24	0.4445
chr1	1142299	1142300	32	0.3952
chr1	1142349	1142350	25	0.221
chr1	1142399	1142400	33	0.2822
chr1	1142449	1142450	24	0.3504
chr1	1142496	1142497	23	0.1655
chr1	1142546	1142547	21	0.2061
chr1	1142551	1142552	25	0.3043
chr1	1142651	1142652	40	0.2997
chr1	1142729	1142730	28	0.2247
chr1	1142817	1142818	30	0.2931
chr1	1142917	1142918	35	0.2364
chr1	1142967	1142968	31	0.2791
chr1	1143017	1143018	33	0.3507
chr1	1143047	1143048	29	0.0485
chr1	1143062	1143063	31	0.8476
chr1	1143077	1143078	31	0.8254
chr1	1143103	1143104	27	0.7537
chr1	1143136	1143137	30	0.6245
chr1	1143151	1143152	26	0.825
chr1	1143166	1143167	39	0.8446
chr1	1143209	1143210	23	0.8178
chr1	1143240	1143241	27	0.8819
chr1	1143288	1143289	26	0.9654
chr1	1143312	1143313	30	0.949
chr1	1143338	1143339	25	0.7468
chr1	1143364	1143365	29	0.7915
chr1	1143383	1143384	27	0.897
chr1	1143433	1143434	12	0.7766
chr1	1143465	1143466	29	0.8448
chr1	1143501	1143502	21	0.7356
chr1	1143522	1143523	23	0.7872
chr1	1143530	1143531	34	0.7926
chr1	1143593	1143594	32	0.8367
chr1	1143693	1143694	29	0.9159
chr1	1143743	1143744	28	0.787
chr1	1143795	1143796	38	0.8203
chr1	1143845	1143846	35	0.8621
chr1	1143920	1143921	32	0.74
chr1	1143990	1143991	29	0.8814
chr1	1144022	1144023	34	0.9839
chr1	1144030	1144031	30	0.6397
chr1	1144074	1144075	28	0.5682
chr1	1144102	1144103	28	0.7225
chr1	1144126	1144127	27	0.4814
chr1	1144146	1144147	34	0.5628
chr1	1144161	1144162	29	0.6715
chr1	1144211	1144212	29	0.5438
chr1	1144238	1144239	34	0.5195
chr1	1144263	1144264	33	0.637
chr1	1144284	1144285	23	0.3279
chr1	1144306	1144307	34	0.5706
chr1	1144345	1144346	30	0.5078
chr1	1144395	1144396	24	0.7172
chr1	1144420	1144421	34	0.5655
chr1	1144458	1144459	35	0.3626
chr1	1144486	1144487	28	0.6564
chr1	1144537	1144538	26	0.61
chr1	1144637	1144638	31	0.6095
chr1	1144737	1144738	28	0.5358
chr1	1144837	1144838	27	0.6681
chr1	1144887	1144888	34	0.6334
chr1	1144929	1144930	35	0.8978
chr1	1145045	1145046	30	0.7742
chr1	1145113	1145114	28	0.5206
chr1	1145157	1145158	25	1.0
chr1	1145195	1145196	38	0.7889
chr1	1145207	1145208	22	0.8587
chr1	1145219	1145220	37	0.5657
chr1	1145263	1145264	20	0.8362
chr1	1145311	1145312	30	0.9536
chr1	1145323	1145324	28	0.7128
chr1	1145373	1145374	29	0.5336
chr1	1145416	1145417	24	0.5618
chr1	1145447	1145448	33	0.5915
chr1	1145486	1145487	27	0.6771
chr1	1145504	1145505	24	0.6237
chr1	1145538	1145539	33	0.8112
chr1	1145579	1145580	18	0.7921
chr1	1145612	1145613	28	0.7608
chr1	1145636	1145637	26	0.6886
chr1	1145655	1145656	26	0.703
chr1	1145688	1145689	32	0.7841
chr1	1145713	1145714	33	0.7352
chr1	1145737	1145738	37	0.814
chr1	1145766	1145767	26	0.7024
chr1	1145784	1145785	33	0.704
chr1	1145814	1145815	32	0.6387
chr1	1145829	1145830	39	0.7519
chr1	1145857	1145858	35	0.7765
chr1	1145941	1145942	28	0.7013
chr1	1146041	1146042	26	0.5476
chr1	1146141	1146142	28	0.719
chr1	1146241	1146242	37	0.8134
chr1	1146341	1146342	27	0.9082
chr1	1146377	1146378	29	0.8599
chr1	1146384	1146385	27	0.9634
chr1	1146424	1146425	31	0.8281
chr1	1146474	1146475	22	0.6899
chr1	1146506	1146507	29	0.6895
chr1	1146556	1146557	24	0.6995
chr1	1146592	1146593	31	0.8675
chr1	1146616	1146617	30	0.9418
chr1	1146639	1146640	28	0.8777
chr1	1146689	1146690	31	0.7856
chr1	1146704	1146705	24	0.7469
chr1	1146743	1146744	27	0.7606
chr1	1146783	1146784	31	0.9462
chr1	1146812	1146813	28	0.5486
chr1	1146840	1146841	30	0.6115
chr1	1146856	1146857	43	0.5631
chr1	1146956	1146957	33	0.553
chr1	1147056	1147057	28	0.5186
chr1	1147143	1147144	30	0.4669
chr1	1147210	1147211	27	0.6606
chr1	1147310	1147311	32	0.7708
chr1	1147444	1147445	23	0.8485
chr1	1147528	1147529	30	1.0
chr1	1147574	1147575	25	0.6976
chr1	1147688	1147689	24	0.6165
chr1	1147720	1147721	34	0.8834
chr1	1147792	1147793	39	0.7865
chr1	1147823	1147824	19	0.2033
chr1	1147852	1147853	28	0.1656
chr1	1147883	1147884	30	0.049
chr1	1147905	1147906	22	0.1869
chr1	1147937	1147938	28	0.2878
chr1	1147952	1147953	40	0.2168
chr1	1147967	1147968	29	0.2318
chr1	1148000	1148001	28	0.1717
chr1	1148019	1148020	25	0.0132
chr1	1148069	1148070	34	0.173
chr1	1148099	1148100	27	0.0762
chr1	1148123	1148124	19	0.1053
chr1	1148138	1148139	26	0.1729
chr1	1148153	1148154	28	0.1005
chr1	1148173	1148174	20	0.1452
chr1	1148203	1148204	28	0.2666
chr1	1148227	1148228	28	0.162
chr1	1148254	1148255	21	0.1326
chr1	1148269	1148270	33	0.1682
chr1	1148305	1148306	38	0.1065
chr1	1148325	1148326	29	0.1472
chr1	1148327	1148328	29	0.3242
chr1	1148391	1148392	36	0.1793
chr1	1148491	1148492	33	0.1534
chr1	1148591	1148592	35	0.125
chr1	1148641	1148642	28	0.2027
chr1	1148741	1148742	30	0.1627
chr1	1148751	1148752	28	0.0
chr1	1148765	1148766	39	0.1883
chr1	1148792	1148793	34	0.7047
chr1	1148823	1148824	30	0.6769
chr1	1148852	1148853	27	0.5556
chr1	1148890	1148891	24	0.7207
chr1	1148913	1148914	32	0.7582
chr1	1148939	1148940	29	0.5737
chr1	1148963	1148964	31	0.7022
chr1	1148997	1148998	26	0.841
chr1	1149021	1149022	27	0.5766
chr1	1149043	1149044	28	0.6865
chr1	1149085	1149086	27	0.7562
chr1	1149108	1149109	13	0.7391
chr1	1149148	1149149	23	0.6673
chr1	1149169	1149170	34	0.7175
chr1	1149213	1149214	36	0.8356
chr1	1149243	1149244	30	0.6133
chr1	1149288	1149289	32	0.7389
chr1	1149291	1149292	17	0.8059
chr1	1149391	1149392	25	0.6571
chr1	1149491	1149492	21	0.4827
chr1	1149541	1149542	27	0.6588
chr1	1149610	1149611	26	0.6666
chr1	1149690	1149691	29	0.6255
chr1	1149756	1149757	27	0.7221
chr1	1149804	1149805	31	0.6643
chr1	1149852	1149853	34	0.7953
chr1	1149881	1149882	24	0.5973
chr1	1149905	1149906	25	0.6695
chr1	1149920	1149921	30	0.6179
chr1	1149947	1149948	26	0.6135
chr1	1149979	1149980	28	0.7019
chr1	1150009	1150010	41	0.7349
chr1	1150028	1150029	33	0.6853
chr1	1150066	1150067	28	0.7921
chr1	1150110	1150111	24	0.7842
chr1	1150133	1150134	24	0.6334
chr1	1150170	1150171	29	0.7348
chr1	1150188	1150189	34	0.8194
chr1	1150208	1150209	21	0.5514
chr1	1150226	1150227	37	0.6045
chr1	1150254	1150255	22	0.6539
chr1	1150277	1150278	24	0.7681
chr1	1150302	1150303	32	0.6326
chr1	1150323	1150324	31	0.5522
chr1	1150346	1150347	29	0.5789
chr1	1150367	1150368	33	0.5441
chr1	1150398	1150399	26	0.6351
chr1	1150404	1150405	28	0.9039
chr1	1150454	1150455	27	0.8622
chr1	1150554	1150555	26	0.7357
chr1	1150654	1150655	35	0.6917
chr1	1150754	1150755	32	0.7058
chr1	1150854	1150855	25	0.5622
chr1	1150866	1150867	35	0.7777
chr1	1150898	1150899	22	0.792
chr1	1150913	1150914	23	0.3414
chr1	1150955	1150956	34	0.5124
chr1	1150975	1150976	28	0.4266
chr1	1151052	1151053	26	0.7467
chr1	1151087	1151088	32	0.4944
chr1	1151106	1151107	38	0.4678
chr1	1151142	1151143	24	0.4479
chr1	1151176	1151177	25	0.6851
chr1	1151205	1151206	43	0.5506
chr1	1151229	1151230	34	0.3708
chr1	1151252	1151253	36	0.5196
chr1	1151267	1151268	27	0.4161
chr1	1151310	1151311	30	0.3773
chr1	1151322	1151323	34	0.2987
chr1	1151422	1151423	21	0.7996
chr1	1151494	1151495	40	0.4684
chr1	1151594	1151595	29	0.4938
chr1	1151694	1151695	31	0.5708
chr1	1151790	1151791	33	0.6047
chr1	1151819	1151820	30	0.5698
chr1	1151869	1151870	35	0.5892
chr1	1151895	1151896	37	0.5627
chr1	1151942	1151943	27	0.5863
chr1	1151974	1151975	35	0.616
chr1	1152005	1152006	26	0.6041
chr1	1152055	1152056	36	0.5464
chr1	1152082	1152083	22	0.5619
chr1	1152121	1152122	30	0.5335
chr1	1152158	1152159	32	0.5062
chr1	1152179	1152180	34	0.6622
chr1	1152229	1152230	39	0.58
chr1	1152248	1152249	26	0.588
chr1	1152263	1152264	29	0.4712
chr1	1152272	1152273	29	0.4992
chr1	1152372	1152373	22	0.484
chr1	1152436	1152437	27	0.4925
chr1	1152536	1152537	25	0.512
chr1	1152636	1152637	25	0.4252
chr1	1152702	1152703	24	0.5797
chr1	1152712	1152713	31	0.5768
chr1	1152732	1152733	33	0.5416
chr1	1152747	1152748	35	0.6938
chr1	1152770	1152771	36	0.7277
chr1	1152810	1152811	35	0.6427
chr1	1152833	1152834	32	0.7371
chr1	1152883	1152884	37	0.8667
chr1	1152903	1152904	31	0.8219
chr1	1152934	1152935	29	0.508
chr1	1152955	1152956	23	0.7511
chr1	1153005	1153006	25	0.7324
chr1	1153020	1153021	27	0.7863
chr1	1153042	1153043	34	0.631
chr1	1153064	1153065	31	0.7098
chr1	1153110	1153111	29	0.6909
chr1	1153131	1153132	27	0.8682
chr1	1153149	1153150	23	0.2946
chr1	1153158	1153159	21	0.3739
chr1	1153232	1153233	27	0.5345
chr1	1153332	1153333	25	0.4847
chr1	1153382	1153383	27	0.636
chr1	1153482	1153483	29	0.5486
chr1	1153582	1153583	27	0.2035
chr1	1153724	1153725	32	0.8435
chr1	1153732	1153733	35	0.8854
chr1	1153814	1153815	29	0.4745
chr1	1153940	1153941	33	0.7038
chr1	1153944	1153945	21	0.7713
chr1	1153952	1153953	32	0.74
chr1	1153974	1153975	33	0.7641
chr1	1153988	1153989	27	0.8904
chr1	1154032	1154033	30	0.8479
chr1	1154078	1154079	22	0.7037
chr1	1154126	1154127	25	0.7722
chr1	1154176	1154177	33	0.8199
chr1	1154226	1154227	31	0.5708
chr1	1154245	1154246	25	0.7349
chr1	1154260	1154261	33	0.9372
chr1	1154293	1154294	40	0.8313
chr1	1154339	1154340	35	0.9338
chr1	1154354	1154355	41	0.8434
chr1	1154391	1154392	33	0.7755
chr1	1154422	1154423	34	0.8779
chr1	1154458	1154459	28	0.6571
chr1	1154507	1154508	28	0.6669
chr1	1154530	1154531	33	0.7085
chr1	1154559	1154560	26	0.6871
chr1	1154588	1154589	30	0.6475
chr1	1154616	1154617	25	0.5634
chr1	1154675	1154676	22	0.8057
chr1	1154775	1154776	32	0.7884
chr1	1154825	1154826	25	0.6724
chr1	1154912	1154913	27	0.7702
chr1	1154962	1154963	26	0.787
chr1	1155058	1155059	30	0.7694
chr1	1155082	1155083	38	0.8591
chr1	1155090	1155091	27	0.6713
chr1	1155101	1155102	23	0.8021
chr1	1155141	1155142	28	0.7354
chr1	1155180	1155181	29	0.7486
chr1	1155198	1155199	28	0.9799
chr1	1155223	1155224	34	0.7814
chr1	1155240	1155241	37	0.8387
chr1	1155267	1155268	27	0.8232
chr1	1155317	1155318	30	0.7092
chr1	1155343	1155344	35	0.769
chr1	1155393	1155394	31	0.8201
chr1	1155420	1155421	24	0.8065
chr1	1155442	1155443	27	0.8413
chr1	1155468	1155469	37	0.6385
chr1	1155479	1155480	35	0.8476
chr1	1155579	1155580	37	0.7803
chr1	1155629	1155630	25	0.8354
chr1	1155729	1155730	23	0.8113
chr1	1155829	1155830	29	0.8637
chr1	1155837	1155838	27	0.9712
chr1	1155842	1155843	22	0.4925
chr1	1155874	1155875	25	0.6508
chr1	1155889	1155890	30	0.5978
chr1	1155926	1155927	24	0.4987
chr1	1155946	1155947	30	0.5758
chr1	1155961	1155962	28	0.5969
chr1	1155996	1155997	32	0.4881
chr1	1156011	1156012	29	0.6302
chr1	1156061	1156062	29	0.374
chr1	1156084	1156085	31	0.5962
chr1	1156114	1156115	31	0.6638
chr1	1156153	1156154	30	0.3841
chr1	1156203	1156204	35	0.5342
chr1	1156218	1156219	28	0.6154
chr1	1156262	1156263	22	0.668
chr1	1156284	1156285	37	0.3831
chr1	1156324	1156325	25	0.6981
chr1	1156334	1156335	27	0.5678
chr1	1156425	1156426	32	0.3865
chr1	1156525	1156526	29	0.4145
chr1	1156600	1156601	26	0.461
chr1	1156700	1156701	23	0.4451
chr1	1156800	1156801	29	0.5442
chr1	1156866	1156867	25	0.1853
chr1	1156894	1156895	23	0.0833
chr1	1156920	1156921	27	0.2614
chr1	1156940	1156941	29	0.1947
chr1	1157144	1157145	24	0.3073
chr1	1157292	1157293	24	0.1593
chr1	1157340	1157341	25	0.8811
chr1	1157355	1157356	26	0.8787
chr1	1157405	1157406	32	0.7805
chr1	1157436	1157437	28	0.8298
chr1	1157478	1157479	29	0.7992
chr1	1157501	1157502	37	0.9461
chr1	1157524	1157525	26	0.811
chr1	1157548	1157549	31	0.8906
chr1	1157573	1157574	27	0.6534
chr1	1157613	1157614	31	0.9269
chr1	1157632	1157633	32	0.761
chr1	1157682	1157683	37	0.8907
chr1	1157710	1157711	28	0.8626
chr1	1157729	1157730	28	0.8299
chr1	1157764	1157765	34	0.6894
chr1	1157793	1157794	35	0.8169
chr1	1157808	1157809	26	0.9024
chr1	1157827	1157828	29	0.8973
chr1	1157859	1157860	23	0.8215
chr1	1157900	1157901	24	0.8898
chr1	1157908	1157909	26	0.7322
chr1	1158008	1158009	26	0.883
chr1	1158108	1158109	23	0.7692
chr1	1158158	1158159	31	0.8729
chr1	1158208	1158209	34	0.9753
chr1	1158308	1158309	32	0.929
chr1	1158408	1158409	29	0.9106
chr1	1158464	1158465	34	0.9409
chr1	1158504	1158505	38	0.8278
chr1	1158536	1158537	22	0.7572
chr1	1158586	1158587	30	0.9799
chr1	1158611	1158612	25	0.9781
chr1	1158656	1158657	30	0.8755
chr1	1158696	1158697	22	0.8079
chr1	1158746	1158747	38	0.7545
chr1	1158771	1158772	32	0.9175
chr1	1158794	1158795	32	0.93
chr1	1158816	1158817	37	0.8237
chr1	1158852	1158853	18	0.8965
chr1	1158883	1158884	32	1.0
chr1	1158917	1158918	34	0.862
chr1	1158942	1158943	23	1.0
chr1	1158992	1158993	28	0.8922
chr1	1159010	1159011	33	0.8275
chr1	1159060	1159061	30	1.0
chr1	1159134	1159135	27	0.9409
chr1	1159201	1159202	17	0.9198
chr1	1159265	1159266	34	0.7759
chr1	1159322	1159323	35	0.856
chr1	1159422	1159423	31	0.9248
chr1	1159470	1159471	39	1.0
chr1	1159504	1159505	19	0.7287
chr1	1159537	1159538	29	0.873
chr1	1159558	1159559	32	0.8083
chr1	1159608	1159609	29	0.7982
chr1	1159644	1159645	29	0.7594
chr1	1159662	1159663	34	0.7647
chr1	1159712	1159713	26	0.7122
chr1	1159739	1159740	32	0.9157
chr1	1159755	1159756	26	0.7883
chr1	1159805	1159806	35	0.7008
chr1	1159840	1159841	21	0.5687
chr1	1159855	1159856	30	0.9596
chr1	1159870	1159871	38	0.8608
chr1	1159893	1159894	33	0.8728
chr1	1159943	1159944	37	0.8325
chr1	1159972	1159973	38	0.7781
chr1	1159994	1159995	24	0.8639
chr1	1160067	1160068	30	0.8526
chr1	1160167	1160168	33	0.8987
chr1	1160223	1160224	27	0.9084
chr1	1160323	1160324	27	0.8995
chr1	1160399	1160400	20	0.6408
chr1	1160419	1160420	39	0.8879
chr1	1160497	1160498	23	0.6608
chr1	1160515	1160516	27	0.0
chr1	1160545	1160546	29	0.1349
chr1	1160566	1160567	23	0.2488
chr1	1160603	1160604	25	0.1095
chr1	1160627	1160628	26	0.151
chr1	1160677	1160678	26	0.2509
chr1	1160710	1160711	24	0.1127
chr1	1160737	1160738	37	0.024
chr1	1160759	1160760	36	0.123
chr1	1160776	1160777	29	0.1401
chr1	1160826	1160827	27	0.0981
chr1	1160876	1160877	26	0.0737
chr1	1160925	1160926	28	0.2363
chr1	1160962	1160963	27	0.0468
chr1	1161006	1161007	29	0.0887
chr1	1161030	1161031	30	0.1492
chr1	1161130	1161131	20	0.1445
chr1	1161200	1161201	34	0.0229
chr1	1161300	1161301	29	0.0943
chr1	1161400	1161401	28	0.0916
chr1	1161500	1161501	33	0.085
chr1	1161590	1161591	34	0.0507
chr1	1161595	1161596	25	0.4274
chr1	1161645	1161646	30	0.5365
chr1	1161689	1161690	26	0.6273
chr1	1161704	1161705	30	0.7503
chr1	1161730	1161731	35	0.5618
chr1	1161768	1161769	27	0.4871
chr1	1161797	1161798	29	0.6485
chr1	1161812	1161813	31	0.6188
chr1	1161828	1161829	30	0.6264
chr1	1161861	1161862	41	0.4395
chr1	1161911	1161912	40	0.5305
chr1	1161929	1161930	29	0.4064
chr1	1161963	1161964	38	0.5607
chr1	1161986	1161987	32	0.5852
chr1	1162015	1162016	32	0.5241
chr1	1162065	1162066	32	0.484
chr1	1162108	1162109	38	0.5959
chr1	1162128	1162129	36	0.5489
chr1	1162143	1162144	25	0.7565
chr1	1162146	1162147	22	0.6814
chr1	1162196	1162197	28	0.6868
chr1	1162249	1162250	20	0.6101
chr1	1162349	1162350	26	0.5542
chr1	1162427	1162428	25	0.5877
chr1	1162527	1162528	24	0.5549
chr1	1162615	1162616	26	0.5732
chr1	1162635	1162636	36	0.6852
chr1	1162737	1162738	30	0.9075
chr1	1162819	1162820	39	0.7618
chr1	1162863	1162864	33	0.8319
chr1	1162961	1162962	19	0.8034
chr1	1162981	1162982	38	0.8016
chr1	1163029	1163030	32	0.805
chr1	1163043	1163044	28	0.6545
chr1	1163077	1163078	32	0.9386
chr1	1163086	1163087	40	0.5255
chr1	1163111	1163112	29	0.6249
chr1	1163136	1163137	29	0.642
chr1	1163186	1163187	33	0.5901
chr1	1163236	1163237	39	0.6437
chr1	1163286	1163287	21	0.5499
chr1	1163336	1163337	34	0.564
chr1	1163354	1163355	29	0.613
chr1	1163395	1163396	27	0.5079
chr1	1163439	1163440	31	0.5898
chr1	1163488	1163489	33	0.4627
chr1	1163509	1163510	28	0.6219
chr1	1163609	1163610	29	0.6556
chr1	1163709	1163710	27	0.6238
chr1	1163809	1163810	33	0.6773
chr1	1163862	1163863	26	0.6216
chr1	1163918	1163919	31	0.8733
chr1	1163926	1163927	34	0.8929
chr1	1163976	1163977	32	0.8144
chr1	1164008	1164009	30	0.5811
chr1	1164026	1164027	34	0.807
chr1	1164068	1164069	34	0.8383
chr1	1164156	1164157	31	0.9617
chr1	1164176	1164177	33	0.7273
chr1	1164216	1164217	28	0.7612
chr1	1164340	1164341	37	1.0
chr1	1164348	1164349	34	0.6553
chr1	1164372	1164373	25	0.551
chr1	1164419	1164420	33	0.5563
chr1	1164437	1164438	32	0.4636
chr1	1164466	1164467	34	0.5003
chr1	1164490	1164491	22	0.6189
chr1	1164505	1164506	28	0.5033
chr1	1164549	1164550	28	0.5965
chr1	1164599	1164600	33	0.6019
chr1	1164649	1164650	37	0.4789
chr1	1164668	1164669	31	0.47
chr1	1164718	1164719	39	0.6121
chr1	1164740	1164741	31	0.4041
chr1	1164755	1164756	38	0.5181
chr1	1164789	1164790	32	0.6013
chr1	1164802	1164803	28	0.485
chr1	1164882	1164883	30	0.6107
chr1	1164982	1164983	19	0.4913
chr1	1165081	1165082	27	0.476
chr1	1165181	1165182	27	0.6378
chr1	1165195	1165196	30	0.7197
chr1	1165259	1165260	33	0.7281
chr1	1165387	1165388	30	0.8653
chr1	1165463	1165464	37	0.6959
chr1	1165489	1165490	28	0.7647
chr1	1165501	1165502	22	0.9242
chr1	1165613	1165614	31	0.5969
chr1	1165681	1165682	35	0.836
chr1	1165714	1165715	29	0.8687
chr1	1165749	1165750	28	0.7879
chr1	1165777	1165778	31	0.9302
chr1	1165813	1165814	26	0.8584
chr1	1165849	1165850	23	0.9552
chr1	1165886	1165887	30	0.7776
chr1	1165901	1165902	25	0.8885
chr1	1165923	1165924	23	0.7322
chr1	1165973	1165974	25	0.9669
chr1	1165989	1165990	40	0.9677
chr1	1166005	1166006	31	0.5832
chr1	1166055	1166056	27	0.7695
chr1	1166083	1166084	21	0.8561
chr1	1166099	1166100	37	0.8066
chr1	1166127	1166128	30	0.6628
chr1	1166142	1166143	26	0.9917
chr1	1166143	1166144	24	0.8123
chr1	1166243	1166244	28	0.9485
chr1	1166343	1166344	27	0.7941
chr1	1166417	1166418	30	0.7013
chr1	1166513	1166514	33	0.8499
chr1	1166583	1166584	23	0.9906
chr1	1166605	1166606	24	0.7421
chr1	1166639	1166640	31	0.1268
chr1	1166670	1166671	26	0.1938
chr1	1166719	1166720	29	0.1347
chr1	1166742	1166743	25	0.069
chr1	1166758	1166759	30	0.0728
chr1	1166803	1166804	38	0.0739
chr1	1166846	1166847	32	0.0
chr1	1166896	1166897	27	0.072
chr1	1166911	1166912	22	0.0
chr1	1166938	1166939	24	0.0
chr1	1166972	1166973	24	0.0
chr1	1167011	1167012	34	0.1818
chr1	1167044	1167045	28	0.0579
chr1	1167071	1167072	28	0.0
chr1	1167077	1167078	28	0.0137
chr1	1167143	1167144	25	0.1137
chr1	1167243	1167244	35	0.1678
chr1	1167295	1167296	31	0.029
chr1	1167380	1167381	28	0.0692
chr1	1167452	1167453	29	0.0
chr1	1167516	1167517	31	0.0
chr1	1167542	1167543	31	0.2102
chr1	1167563	1167564	22	0.712
chr1	1167593	1167594	23	0.6493
chr1	1167615	1167616	41	0.6316
chr1	1167638	1167639	23	0.5589
chr1	1167669	1167670	35	0.6727
chr1	1167705	1167706	27	0.6752
chr1	1167732	1167733	29	0.5696
chr1	1167771	1167772	26	0.5672
chr1	1167798	1167799	20	0.6815
chr1	1167822	1167823	22	0.7614
chr1	1167844	1167845	29	0.4728
chr1	1167869	1167870	23	0.8051
chr1	1167914	1167915	27	0.5946
chr1	1167964	1167965	26	0.6759
chr1	1167999	1168000	32	0.7423
chr1	1168014	1168015	31	0.6432
chr1	1168046	1168047	33	0.547
chr1	1168087	1168088	20	0.6425
chr1	1168103	1168104	22	0.762
chr1	1168203	1168204	31	0.5347
chr1	1168259	1168260	24	0.5729
chr1	1168359	1168360	25	0.6846
chr1	1168450	1168451	26	0.6465
chr1	1168550	1168551	22	0.7238
chr1	1168560	1168561	33	0.7051
chr1	1168584	1168585	30	0.8846
chr1	1168629	1168630	29	0.8634
chr1	1168671	1168672	37	0.7756
chr1	1168692	1168693	27	0.8871
chr1	1168722	1168723	33	0.8796
chr1	1168764	1168765	22	0.9054
chr1	1168779	1168780	29	0.7551
chr1	1168804	1168805	31	0.7804
chr1	1168854	1168855	29	0.9075
chr1	1168884	1168885	24	0.6747
chr1	1168927	1168928	30	0.8765
chr1	1168977	1168978	29	0.821
chr1	1169004	1169005	36	0.8866
chr1	1169054	1169055	35	0.9674
chr1	1169104	1169105	31	0.7805
chr1	1169128	1169129	28	0.8362
chr1	1169155	1169156	29	0.798
chr1	1169178	1169179	29	0.7508
chr1	1169200	1169201	25	0.8615
chr1	1169250	1169251	30	0.7568
chr1	1169339	1169340	29	0.8787
chr1	1169420	1169421	22	0.9098
chr1	1169470	1169471	33	0.8059
chr1	1169520	1169521	23	0.6782
chr1	1169570	1169571	29	0.8563
chr1	1169670	1169671	24	0.7014
chr1	1169770	1169771	37	0.7606
chr1	1169830	1169831	36	0.9456
chr1	1169854	1169855	34	0.8609
chr1	1169875	1169876	36	0.6661
chr1	1169903	1169904	30	0.7369
chr1	1169953	1169954	29	0.6861
chr1	1169975	1169976	33	0.7966
chr1	1170025	1170026	31	0.8467
chr1	1170040	1170041	31	0.8541
chr1	1170059	1170060	28	0.8861
chr1	1170107	1170108	36	0.8035
chr1	1170123	1170124	30	0.7316
chr1	1170147	1170148	22	0.8282
chr1	1170190	1170191	30	0.7356
chr1	1170215	1170216	32	0.7156
chr1	1170235	1170236	30	0.817
chr1	1170256	1170257	27	0.7935
chr1	1170300	1170301	32	0.9196
chr1	1170323	1170324	28	0.6775
chr1	1170351	1170352	25	0.8649
chr1	1170451	1170452	30	0.8424
chr1	1170501	1170502	32	0.8293
chr1	1170598	1170599	38	0.7983
chr1	1170698	1170699	34	0.6861
chr1	1170763	1170764	30	0.665
chr1	1170813	1170814	34	0.9201
chr1	1170817	1170818	33	0.8355
chr1	1170845	1170846	27	0.1777
chr1	1170874	1170875	33	0.1277
chr1	1170890	1170891	31	0.1076
chr1	1170930	1170931	24	0.2512
chr1	1170968	1170969	36	0.1666
chr1	1170987	1170988	24	0.0155
chr1	1171037	1171038	26	0.1924
chr1	1171059	1171060	38	0.2124
chr1	1171088	1171089	22	0.0
chr1	1171120	1171121	27	0.3641
chr1	1171141	1171142	29	0.22
chr1	1171156	1171157	26	0.0642
chr1	1171190	1171191	24	0.2136
chr1	1171240	1171241	27	0.1623
chr1	1171290	1171291	26	0.1559
chr1	1171324	1171325	29	0.1766
chr1	1171416	1171417	39	0.1191
chr1	1171497	1171498	27	0.0791
chr1	1171597	1171598	30	0.2522
chr1	1171697	1171698	32	0.0886
chr1	1171797	1171798	26	0.1639
chr1	1171809	1171810	36	0.165
chr1	1171822	1171823	27	0.8562
chr1	1171872	1171873	32	0.8913
chr1	1171899	1171900	25	0.8927
chr1	1171949	1171950	45	0.7982
chr1	1171999	1172000	30	0.901
chr1	1172030	1172031	22	0.8415
chr1	1172080	1172081	27	0.8404
chr1	1172095	1172096	24	0.8765
chr1	1172145	1172146	23	0.7231
chr1	1172160	1172161	36	0.8547
chr1	1172204	1172205	29	0.8921
chr1	1172254	1172255	35	0.7118
chr1	1172276	1172277	31	0.9052
chr1	1172298	1172299	26	0.8832
chr1	1172398	1172399	31	0.7384
chr1	1172469	1172470	32	0.9278
chr1	1172569	1172570	18	0.7672
chr1	1172669	1172670	27	0.8059
chr1	1172769	1172770	31	0.8905
chr1	1172783	1172784	34	0.8685
chr1	1172849	1172850	37	0.974
chr1	1172885	1172886	29	0.8268
chr1	1172900	1172901	28	0.7705
chr1	1172949	1172950	29	0.7427
chr1	1172964	1172965	31	0.8329
chr1	1172989	1172990	32	0.789
chr1	1173018	1173019	25	0.9261
chr1	1173037	1173038	24	0.9318
chr1	1173052	1173053	28	0.8
chr1	1173067	1173068	19	0.7258
chr1	1173082	1173083	22	0.8218
chr1	1173118	1173119	31	0.8543
chr1	1173149	1173150	30	0.8812
chr1	1173165	1173166	39	0.9178
chr1	1173215	1173216	29	0.8731
chr1	1173232	1173233	41	0.9233
chr1	1173266	1173267	34	0.7498
chr1	1173284	1173285	34	0.7955
chr1	1173324	1173325	41	0.9165
chr1	1173325	1173326	22	0.8178
chr1	1173420	1173421	35	0.6613
chr1	1173520	1173521	26	0.7849
chr1	1173575	1173576	32	0.8618
chr1	1173675	1173676	27	0.6906
chr1	1173744	1173745	15	0.6113
chr1	1173834	1173835	29	0.9144
chr1	1173852	1173853	37	0.9204
chr1	1173901	1173902	29	0.9143
chr1	1173945	1173946	25	0.9628
chr1	1173994	1173995	26	1.0
chr1	1174044	1174045	35	0.7038
chr1	1174070	1174071	30	0.8808
chr1	1174110	1174111	35	0.926
chr1	1174160	1174161	31	0.8437
chr1	1174177	1174178	35	0.8311
chr1	1174188	1174189	32	1.0
chr1	1174255	1174256	30	0.9793
chr1	1174305	1174306	24	0.9635
chr1	1174405	1174406	41	0.8128
chr1	1174472	1174473	38	0.7115
chr1	1174548	1174549	30	0.8368
chr1	1174550	1174551	35	1.0
chr1	1174560	1174561	23	0.4877
chr1	1174585	1174586	28	0.4846
chr1	1174635	1174636	23	0.4757
chr1	1174671	1174672	34	0.6228
chr1	1174704	1174705	28	0.5892
chr1	1174733	1174734	35	0.6138
chr1	1174783	1174784	30	0.7008
chr1	1174805	1174806	24	0.5874
chr1	1174848	1174849	32	0.5845
chr1	1174866	1174867	27	0.4796
chr1	1174902	1174903	26	0.3946
chr1	1174952	1174953	27	0.4792
chr1	1175002	1175003	31	0.5775
chr1	1175039	1175040	30	0.5331
chr1	1175098	1175099	22	0.4745
chr1	1175198	1175199	27	0.5734
chr1	1175298	1175299	29	0.5039
chr1	1175353	1175354	24	0.5065
chr1	1175403	1175404	24	0.6774
chr1	1175503	1175504	29	0.6491
chr1	1175623	1175624	34	0.1496
chr1	1175699	1175700	33	0.185
chr1	1175831	1175832	28	0.2436
chr1	1175895	1175896	36	0.4124
chr1	1175913	1175914	25	0.351
chr1	1175947	1175948	34	0.1544
chr1	1175967	1175968	31	0.2978
chr1	1175973	1175974	34	0.3811
chr1	1176001	1176002	35	0.5607
chr1	1176040	1176041	27	0.4977
chr1	1176066	1176067	30	0.6155
chr1	1176081	1176082	27	0.3142
chr1	1176112	1176113	31	0.4302
chr1	1176145	1176146	22	0.5222
chr1	1176160	1176161	28	0.4289
chr1	1176204	1176205	30	0.5529
chr1	1176225	1176226	34	0.4743
chr1	1176251	1176252	36	0.5931
chr1	1176272	1176273	27	0.4447
chr1	1176300	1176301	30	0.3771
chr1	1176332	1176333	29	0.5664
chr1	1176351	1176352	38	0.5125
chr1	1176366	1176367	19	0.4499
chr1	1176386	1176387	34	0.3456
chr1	1176409	1176410	22	0.4871
chr1	1176450	1176451	31	0.5679
chr1	1176478	1176479	37	0.5927
chr1	1176503	1176504	39	0.5037
chr1	1176542	1176543	31	0.4639
chr1	1176579	1176580	32	0.6496
chr1	1176594	1176595	26	0.4339
chr1	1176627	1176628	35	0.4187
chr1	1176695	1176696	27	0.5043
chr1	1176751	1176752	35	0.5129
chr1	1176801	1176802	26	0.4934
chr1	1176901	1176902	25	0.4524
chr1	1176974	1176975	29	0.6523
chr1	1177074	1177075	36	0.5624
chr1	1177147	1177148	30	0.5505
chr1	1177216	1177217	22	0.3979
chr1	1177314	1177315	33	0.6739
chr1	1177402	1177403	33	0.8305
chr1	1177428	1177429	30	0.9702
chr1	1177484	1177485	33	0.7171
chr1	1177552	1177553	22	0.7154
chr1	1177580	1177581	25	0.7216
chr1	1177588	1177589	25	0.6728
chr1	1177648	1177649	32	0.8256
chr1	1177688	1177689	24	0.736
chr1	1177732	1177733	33	0.7558
chr1	1177781	1177782	26	0.7128
chr1	1177802	1177803	26	0.7351
chr1	1177840	1177841	29	0.7521
chr1	1177870	1177871	37	0.7386
chr1	1177885	1177886	29	0.6159
chr1	1177914	1177915	27	0.6545
chr1	1177951	1177952	30	0.5849
chr1	1177971	1177972	27	0.4477
chr1	1178021	1178022	28	0.4796
chr1	1178036	1178037	33	0.7221
chr1	1178086	1178087	30	0.5597
chr1	1178107	1178108	38	0.5294
chr1	1178157	1178158	33	0.6782
chr1	1178174	1178175	33	0.7729
chr1	1178189	1178190	27	0.6905
chr1	1178212	1178213	35	0.6758
chr1	1178230	1178231	32	0.6727
chr1	1178280	1178281	29	0.7305
chr1	1178309	1178310	21	0.6456
chr1	1178409	1178410	23	0.4528
chr1	1178509	1178510	27	0.7819
chr1	1178609	1178610	32	0.7126
chr1	1178709	1178710	25	0.7712
chr1	1178784	1178785	40	0.7481
chr1	1178884	1178885	30	0.6702
chr1	1178906	1178907	22	0.8266
chr1	1178939	1178940	26	0.6107
chr1	1178961	1178962	31	0.6009
chr1	1179011	1179012	31	0.6521
chr1	1179043	1179044	28	0.7161
chr1	1179085	1179086	31	0.7772
chr1	1179129	1179130	26	0.5509
chr1	1179147	1179148	30	0.3829
chr1	1179169	1179170	26	0.5623
chr1	1179218	1179219	33	0.6036
chr1	1179268	1179269	37	0.4685
chr1	1179289	1179290	29	0.4723
chr1	1179317	1179318	25	0.5782
chr1	1179367	1179368	27	0.6399
chr1	1179407	1179408	33	0.6385
chr1	1179507	1179508	29	0.5743
chr1	1179607	1179608	37	0.5616
chr1	1179707	1179708	31	0.7451
chr1	1179757	1179758	34	0.6101
chr1	1179857	1179858	29	0.5236
chr1	1179951	1179952	30	0.7608
chr1	1179956	1179957	31	0.4436
chr1	1179999	1180000	30	0.2335
chr1	1180049	1180050	32	0.4336
chr1	1180078	1180079	24	0.3206
chr1	1180098	1180099	21	0.4082
chr1	1180128	1180129	22	0.12
chr1	1180154	1180155	27	0.389
chr1	1180190	1180191	36	0.4596
chr1	1180219	1180220	24	0.4277
chr1	1180234	1180235	25	0.5535
chr1	1180256	1180257	24	0.3894
chr1	1180271	1180272	26	0.4782
chr1	1180293	1180294	23	0.3149
chr1	1180332	1180333	24	0.4012
chr1	1180351	1180352	34	0.4608
chr1	1180366	1180367	29	0.3623
chr1	1180394	1180395	34	0.1672
chr1	1180421	1180422	26	0.3655
chr1	1180448	1180449	26	0.5281
chr1	1180498	1180499	30	0.4009
chr1	1180598	1180599	27	0.4149
chr1	1180659	1180660	20	0.5058
chr1	1180759	1180760	36	0.3448
chr1	1180859	1180860	33	0.3427
chr1	1180987	1180988	24	0.666
chr1	1181017	1181018	31	0.5465
chr1	1181095	1181096	27	0.66
chr1	1181149	1181150	34	0.6227
chr1	1181283	1181284	35	0.5902
chr1	1181289	1181290	35	0.7139
chr1	1181326	1181327	25	0.6957
chr1	1181376	1181377	28	0.9164
chr1	1181397	1181398	31	0.7047
chr1	1181416	1181417	33	0.5914
chr1	1181443	1181444	30	0.7044
chr1	1181478	1181479	28	0.872
chr1	1181505	1181506	32	0.9659
chr1	1181523	1181524	31	0.761
chr1	1181569	1181570	26	0.7683
chr1	1181592	1181593	37	0.7895
chr1	1181627	1181628	26	0.7934
chr1	1181677	1181678	35	0.8349
chr1	1181720	1181721	33	0.727
chr1	1181768	1181769	33	0.6894
chr1	1181818	1181819	30	0.7651
chr1	1181857	1181858	28	0.7309
chr1	1181957	1181958	27	0.881
chr1	1182057	1182058	35	0.8139
chr1	1182157	1182158	27	0.8488
chr1	1182220	1182221	32	0.7451
chr1	1182311	1182312	25	0.8039
chr1	1182361	1182362	22	0.8192
chr1	1182391	1182392	25	0.7829
chr1	1182395	1182396	22	0.8419
chr1	1182404	1182405	30	0.321
chr1	1182426	1182427	32	0.5972
chr1	1182470	1182471	31	0.4518
chr1	1182488	1182489	33	0.5274
chr1	1182503	1182504	31	0.5824
chr1	1182519	1182520	28	0.3244
chr1	1182569	1182570	33	0.554
chr1	1182584	1182585	33	0.5288
chr1	1182602	1182603	29	0.5259
chr1	1182635	1182636	30	0.2794
chr1	1182667	1182668	26	0.5843
chr1	1182693	1182694	22	0.546
chr1	1182714	1182715	32	0.4746
chr1	1182732	1182733	30	0.452
chr1	1182763	1182764	35	0.4842
chr1	1182791	1182792	30	0.4276
chr1	1182806	1182807	26	0.5724
chr1	1182846	1182847	25	0.5759
chr1	1182891	1182892	29	0.5253
chr1	1182914	1182915	33	0.4338
chr1	1182982	1182983	33	0.37
chr1	1183032	1183033	35	0.3538
chr1	1183129	1183130	21	0.4011
chr1	1183199	1183200	34	0.4282
chr1	1183274	1183275	31	0.507
chr1	1183374	1183375	23	0.773
chr1	1183398	1183399	29	0.0275
chr1	1183640	1183641	28	0.0733
chr1	1183692	1183693	32	0.1855
chr1	1183782	1183783	30	0.1069
chr1	1183874	1183875	30	0.2575
chr1	1183914	1183915	41	0.1791
chr1	1183944	1183945	16	0.2829
chr1	1183975	1183976	46	0.7035
chr1	1183997	1183998	21	0.7336
chr1	1184035	1184036	15	0.661
chr1	1184056	1184057	31	0.3345
chr1	1184094	1184095	28	0.2874
chr1	1184129	1184130	32	0.1983
chr1	1184177	1184178	33	0.5821
chr1	1184203	1184204	31	0.8288
chr1	1184218	1184219	26	0.2738
chr1	1184261	1184262	31	0.4375
chr1	1184287	1184288	29	0.2808
chr1	1184333	1184334	27	0.6151
chr1	1184348	1184349	26	0.7288
chr1	1184398	1184399	24	0.3331
chr1	1184413	1184414	30	0.2466
chr1	1184494	1184495	26	0.6636
chr1	1184568	1184569	29	0.6921
chr1	1184668	1184669	25	0.6633
chr1	1184718	1184719	25	0.3169
chr1	1184804	1184805	32	0.2258
chr1	1184904	1184905	24	0.5852
chr1	1184980	1184981	28	0.4345
chr1	1185004	1185005	29	0.6656
chr1	1185054	1185055	26	0.6955
chr1	1185070	1185071	29	0.7663
chr1	1185085	1185086	26	0.7194
chr1	1185122	1185123	27	0.6579
chr1	1185163	1185164	35	0.5104
chr1	1185196	1185197	36	0.4516
chr1	1185241	1185242	33	0.4965
chr1	1185256	1185257	21	0.6703
chr1	1185303	1185304	30	0.6376
chr1	1185318	1185319	33	0.5834
chr1	1185368	1185369	34	0.518
chr1	1185411	1185412	28	0.5714
chr1	1185426	1185427	29	0.6093
chr1	1185471	1185472	31	0.7605
chr1	1185487	1185488	22	0.6262
chr1	1185502	1185503	32	0.6333
chr1	1185504	1185505	28	0.6457
chr1	1185604	1185605	36	0.4106
chr1	1185704	1185705	30	0.4638
chr1	1185754	1185755	29	0.7028
chr1	1185854	1185855	26	0.588
chr1	1185954	1185955	31	0.5994
chr1	1185962	1185963	45	0.7046
chr1	1185982	1185983	25	0.6351
chr1	1186032	1186033	39	0.3883
chr1	1186064	1186065	35	0.3285
chr1	1186113	1186114	36	0.1811
chr1	1186143	1186144	34	0.2459
chr1	1186167	1186168	24	0.3698
chr1	1186187	1186188	34	0.2679
chr1	1186213	1186214	25	0.3149
chr1	1186235	1186236	31	0.1894
chr1	1186250	1186251	32	0.5529
chr1	1186269	1186270	28	0.4053
chr1	1186319	1186320	34	0.435
chr1	1186358	1186359	29	0.2368
chr1	1186408	1186409	27	0.3346
chr1	1186442	1186443	25	0.3521
chr1	1186492	1186493	26	0.2998
chr1	1186522	1186523	28	0.3093
chr1	1186542	1186543	25	0.1975
chr1	1186552	1186553	24	0.2625
chr1	1186618	1186619	32	0.6009
chr1	1186668	1186669	23	0.5657
chr1	1186768	1186769	25	0.5345
chr1	1186868	1186869	36	0.3044
chr1	1186932	1186933	28	0.4838
chr1	1186982	1186983	35	0.3489
chr1	1187050	1187051	30	0.1836
chr1	1187072	1187073	29	0.4729
chr1	1187079	1187080	26	0.6186
chr1	1187097	1187098	29	0.5471
chr1	1187147	1187148	30	0.3908
chr1	1187177	1187178	23	0.4318
chr1	1187194	1187195	31	0.4733
chr1	1187227	1187228	28	0.4347
chr1	1187242	1187243	36	0.5849
chr1	1187263	1187264	16	0.4856
chr1	1187287	1187288	33	0.5013
chr1	1187320	1187321	26	0.6765
chr1	1187350	1187351	34	0.5377
chr1	1187366	1187367	27	0.5209
chr1	1187393	1187394	36	0.3384
chr1	1187425	1187426	35	0.4354
chr1	1187454	1187455	23	0.6381
chr1	1187474	1187475	31	0.5662
chr1	1187503	1187504	33	0.5925
chr1	1187549	1187550	25	0.4521
chr1	1187565	1187566	30	0.4911
chr1	1187592	1187593	31	0.3942
chr1	1187663	1187664	28	0.3715
chr1	1187763	1187764	35	0.5354
chr1	1187813	1187814	27	0.5538
chr1	1187863	1187864	31	0.6623
chr1	1187963	1187964	25	0.5863
chr1	1188063	1188064	28	0.5599
chr1	1188065	1188066	27	0.8885
chr1	1188241	1188242	30	0.9054
chr1	1188271	1188272	38	0.7603
chr1	1188279	1188280	29	0.7913
chr1	1188373	1188374	27	0.6236
chr1	1188411	1188412	36	0.9341
chr1	1188413	1188414	27	0.781
chr1	1188431	1188432	24	0.6951
chr1	1188433	1188434	27	0.7101
chr1	1188462	1188463	34	0.9638
chr1	1188501	1188502	24	0.8548
chr1	1188525	1188526	24	1.0
chr1	1188547	1188548	28	1.0
chr1	1188570	1188571	29	0.8032
chr1	1188614	1188615	36	0.8962
chr1	1188638	1188639	23	0.7215
chr1	1188687	1188688	24	0.9114
chr1	1188737	1188738	32	0.837
chr1	1188752	1188753	26	0.9503
chr1	1188788	1188789	21	0.7609
chr1	1188827	1188828	24	0.8544
chr1	1188867	1188868	29	0.8354
chr1	1188900	1188901	36	0.9757
chr1	1188922	1188923	26	0.9385
chr1	1188955	1188956	23	0.8839
chr1	1189055	1189056	25	0.9869
chr1	1189123	1189124	23	0.914
chr1	1189179	1189180	31	0.8201
chr1	1189250	1189251	27	0.914
chr1	1189350	1189351	30	0.881
chr1	1189431	1189432	26	0.867
chr1	1189481	1189482	29	0.9344
chr1	1189488	1189489	31	0.4488
chr1	1189527	1189528	19	0.4115
chr1	1189558	1189559	25	0.6955
chr1	1189577	1189578	33	0.367
chr1	1189604	1189605	22	0.5261
chr1	1189644	1189645	21	0.5177
chr1	1189675	1189676	24	0.6211
chr1	1189704	1189705	24	0.4848
chr1	1189719	1189720	37	0.4337
chr1	1189747	1189748	36	0.5188
chr1	1189769	1189770	41	0.5382
chr1	1189813	1189814	27	0.6857
chr1	1189863	1189864	31	0.5934
chr1	1189901	1189902	33	0.5201
chr1	1189949	1189950	32	0.3737
chr1	1189963	1189964	28	0.4271
chr1	1190063	1190064	31	0.2986
chr1	1190138	1190139	26	0.4515
chr1	1190219	1190220	31	0.4901
chr1	1190319	1190320	28	0.5303
chr1	1190419	1190420	29	0.3054
chr1	1190537	1190538	23	0.2663
chr1	1190643	1190644	27	0.3795
chr1	1190731	1190732	39	0.0616
chr1	1190851	1190852	36	0.231
chr1	1190853	1190854	18	0.0829
chr1	1190877	1190878	32	0.1184
chr1	1190913	1190914	27	0.2602
chr1	1190923	1190924	32	0.2685
chr1	1190941	1190942	24	0.0697
chr1	1190991	1190992	21	0.2215
chr1	1191009	1191010	22	0.1255
chr1	1191047	1191048	25	0.017
chr1	1191076	1191077	32	0.0954
chr1	1191093	1191094	32	0.106
chr1	1191134	1191135	25	0.1853
chr1	1191180	1191181	26	0.1731
chr1	1191230	1191231	27	0.137
chr1	1191245	1191246	34	0.159
chr1	1191283	1191284	26	0.0999
chr1	1191333	1191334	25	0.0
chr1	1191349	1191350	39	0.0122
chr1	1191394	1191395	30	0.0078
chr1	1191494	1191495	31	0.0975
chr1	1191569	1191570	30	0.0657
chr1	1191669	1191670	30	0.1809
chr1	1191769	1191770	32	0.1562
chr1	1191829	1191830	27	0.0
chr1	1191853	1191854	27	0.1983
chr1	1191882	1191883	29	0.6848
chr1	1191905	1191906	32	0.835
chr1	1191937	1191938	30	0.6894
chr1	1191961	1191962	28	0.8145
chr1	1191986	1191987	32	0.7757
chr1	1192011	1192012	18	0.6534
chr1	1192035	1192036	34	0.5688
chr1	1192084	1192085	29	0.6249
chr1	1192110	1192111	23	0.7443
chr1	1192145	1192146	35	0.7241
chr1	1192187	1192188	26	0.5398
chr1	1192207	1192208	23	0.8116
chr1	1192249	1192250	29	0.6886
chr1	1192299	1192300	31	0.7641
chr1	1192321	1192322	36	0.6509
chr1	1192342	1192343	22	0.8109
chr1	1192366	1192367	31	0.8463
chr1	1192408	1192409	29	0.7359
chr1	1192431	1192432	36	0.7133
chr1	1192531	1192532	36	0.7154
chr1	1192584	1192585	25	0.6221
chr1	1192684	1192685	30	0.8474
chr1	1192784	1192785	36	0.6374
chr1	1192884	1192885	34	0.6239
chr1	1192946	1192947	30	0.7916
chr1	1192966	1192967	27	0.8342
chr1	1192984	1192985	34	0.6634
chr1	1193030	1193031	33	0.6153
chr1	1193056	1193057	26	0.5847
chr1	1193074	1193075	29	0.7535
chr1	1193108	1193109	31	0.7677
chr1	1193141	1193142	33	0.5442
chr1	1193165	1193166	36	0.701
chr1	1193184	1193185	27	0.7494
chr1	1193225	1193226	40	0.9009
chr1	1193245	1193246	32	0.5733
chr1	1193260	1193261	33	0.6268
chr1	1193281	1193282	27	0.6908
chr1	1193323	1193324	36	0.6202
chr1	1193346	1193347	26	0.6777
chr1	1193369	1193370	40	0.7295
chr1	1193405	1193406	30	0.521
chr1	1193505	1193506	32	0.5882
chr1	1193605	1193606	31	0.5977
chr1	1193705	1193706	33	0.6351
chr1	1193805	1193806	29	0.5938
chr1	1193817	1193818	32	0.8521
chr1	1193853	1193854	26	0.804
chr1	1193877	1193878	31	0.3112
chr1	1193927	1193928	21	0.2496
chr1	1193953	1193954	33	0.4442
chr1	1194003	1194004	26	0.3212
chr1	1194034	1194035	29	0.3164
chr1	1194068	1194069	34	0.1975
chr1	1194098	1194099	31	0.18
chr1	1194126	1194127	26	0.2788
chr1	1194149	1194150	32	0.3192
chr1	1194172	1194173	41	0.3825
chr1	1194187	1194188	19	0.2684
chr1	1194205	1194206	25	0.286
chr1	1194220	1194221	34	0.2632
chr1	1194236	1194237	29	0.2494
chr1	1194264	1194265	34	0.2933
chr1	1194280	1194281	19	0.4247
chr1	1194304	1194305	30	0.2537
chr1	1194322	1194323	30	0.235
chr1	1194369	1194370	25	0.4005
chr1	1194395	1194396	32	0.4093
chr1	1194420	1194421	37	0.3969
chr1	1194436	1194437	37	0.3088
chr1	1194442	1194443	32	0.2383
chr1	1194539	1194540	26	0.2269
chr1	1194639	1194640	35	0.3569
chr1	1194739	1194740	31	0.2341
chr1	1194839	1194840	26	0.3089
chr1	1194939	1194940	19	0.189
chr1	1194967	1194968	29	0.0892
chr1	1194997	1194998	29	0.3882
chr1	1195006	1195007	31	0.3564
chr1	1195045	1195046	28	0.641
chr1	1195060	1195061	23	0.3846
chr1	1195075	1195076	19	0.6388
chr1	1195096	1195097	32	0.6726
chr1	1195132	1195133	28	0.604
chr1	1195182	1195183	39	0.7442
chr1	1195197	1195198	29	0.6546
chr1	1195212	1195213	30	0.5918
chr1	1195238	1195239	33	0.6291
chr1	1195288	1195289	25	0.58
chr1	1195338	1195339	23	0.6338
chr1	1195377	1195378	40	0.5198
chr1	1195394	1195395	36	0.6202
chr1	1195409	1195410	38	0.6264
chr1	1195459	1195460	23	0.5932
chr1	1195483	1195484	25	0.6096
chr1	1195488	1195489	24	0.6646
chr1	1195538	1195539	28	0.4831
chr1	1195614	1195615	23	0.6464
chr1	1195664	1195665	36	0.503
chr1	1195758	1195759	34	0.6154
chr1	1195819	1195820	35	0.4314
chr1	1195919	1195920	32	0.5131
chr1	1196153	1196154	31	0.8182
chr1	1196205	1196206	33	0.7239
chr1	1196227	1196228	26	0.9498
chr1	1196309	1196310	30	0.8815
chr1	1196319	1196320	32	0.7348
chr1	1196399	1196400	21	0.8532
chr1	1196414	1196415	35	0.7133
chr1	1196459	1196460	32	0.8885
chr1	1196509	1196510	32	0.8795
chr1	1196559	1196560	27	0.8427
chr1	1196582	1196583	35	0.5834
chr1	1196601	1196602	36	0.8997
chr1	1196628	1196629	41	0.7041
chr1	1196650	1196651	30	0.7057
chr1	1196700	1196701	25	0.7591
chr1	1196719	1196720	21	0.6429
chr1	1196734	1196735	26	0.69
chr1	1196765	1196766	30	0.8531
chr1	1196782	1196783	30	0.6663
chr1	1196825	1196826	33	0.8185
chr1	1196830	1196831	29	0.6139
chr1	1196930	1196931	28	0.8317
chr1	1196980	1196981	33	0.7821
chr1	1197043	1197044	31	0.8576
chr1	1197127	1197128	32	0.817
chr1	1197177	1197178	31	0.8696
chr1	1197209	1197210	24	0.9343
chr1	1197265	1197266	43	0.6646
chr1	1197297	1197298	30	0.0292
chr1	1197341	1197342	28	0.2031
chr1	1197358	1197359	31	0.1804
chr1	1197389	1197390	30	0.1307
chr1	1197417	1197418	25	0.1746
chr1	1197432	1197433	24	0.178
chr1	1197451	1197452	32	0.0791
chr1	1197493	1197494	23	0.218
chr1	1197515	1197516	27	0.1775
chr1	1197540	1197541	33	0.0743
chr1	1197590	1197591	38	0.1301
chr1	1197606	1197607	42	0.0902
chr1	1197642	1197643	26	0.1551
chr1	1197686	1197687	28	0.1199
chr1	1197692	1197693	30	0.1385
chr1	1197786	1197787	35	0.1753
chr1	1197836	1197837	23	0.2579
chr1	1197936	1197937	32	0.135
chr1	1198036	1198037	29	0.1467
chr1	1198060	1198061	35	0.1154
chr1	1198126	1198127	36	0.1287
chr1	1198133	1198134	34	0.6729
chr1	1198151	1198152	31	0.6905
chr1	1198178	1198179	30	0.6472
chr1	1198212	1198213	21	0.657
chr1	1198227	1198228	34	0.7519
chr1	1198255	1198256	26	0.6186
chr1	1198305	1198306	29	0.4319
chr1	1198342	1198343	37	0.3085
chr1	1198377	1198378	30	0.4482
chr1	1198400	1198401	32	0.4696
chr1	1198424	1198425	30	0.4298
chr1	1198452	1198453	30	0.2539
chr1	1198488	1198489	42	0.3699
chr1	1198503	1198504	32	0.3078
chr1	1198553	1198554	24	0.4301
chr1	1198578	1198579	27	0.7572
chr1	1198628	1198629	21	0.4606
chr1	1198678	1198679	22	0.4732
chr1	1198694	1198695	30	0.5777
chr1	1198744	1198745	28	0.6466
chr1	1198844	1198845	26	0.747
chr1	1198944	1198945	29	0.5239
chr1	1199044	1199045	32	0.7838
chr1	1199094	1199095	32	0.5838
chr1	1199173	1199174	40	0.7072
chr1	1199238	1199239	31	0.8258
chr1	1199378	1199379	23	0.6998
chr1	1199396	1199397	29	0.6652
chr1	1199420	1199421	34	0.642
chr1	1199526	1199527	35	0.656
chr1	1199552	1199553	27	0.7949
chr1	1199586	1199587	34	0.6156
chr1	1199595	1199596	30	0.3968
chr1	1199612	1199613	30	0.4522
chr1	1199645	1199646	32	0.5661
chr1	1199683	1199684	39	0.3244
chr1	1199712	1199713	30	0.5135
chr1	1199756	1199757	27	0.4021
chr1	1199780	1199781	26	0.4782
chr1	1199820	1199821	36	0.4444
chr1	1199856	1199857	36	0.2757
chr1	1199906	1199907	26	0.4984
chr1	1199934	1199935	30	0.5265
chr1	1199984	1199985	35	0.362
chr1	1200006	1200007	33	0.4186
chr1	1200022	1200023	20	0.3
chr1	1200054	1200055	26	0.3651
chr1	1200063	1200064	19	0.5217
chr1	1200156	1200157	25	0.3976
chr1	1200256	1200257	32	0.4639
chr1	1200328	1200329	32	0.3646
chr1	1200378	1200379	25	0.5421
chr1	1200456	1200457	33	0.3374
chr1	1200528	1200529	31	0.3309
chr1	1200540	1200541	21	0.7571
chr1	1200742	1200743	32	0.8341
chr1	1200878	1200879	30	0.5648
chr1	1200936	1200937	29	0.6394
chr1	1201006	1201007	27	0.796
chr1	1201013	1201014	27	0.4074
chr1	1201047	1201048	30	0.5157
chr1	1201080	1201081	30	0.3008
chr1	1201115	1201116	26	0.4669
chr1	1201137	1201138	24	0.6249
chr1	1201183	1201184	33	0.4425
chr1	1201220	1201221	21	0.5203
chr1	1201254	1201255	32	0.4644
chr1	1201276	1201277	35	0.4975
chr1	1201305	1201306	36	0.4371
chr1	1201355	1201356	32	0.4727
chr1	1201388	1201389	18	0.5918
chr1	1201420	1201421	29	0.3192
chr1	1201457	1201458	30	0.357
chr1	1201507	1201508	30	0.5155
chr1	1201522	1201523	29	0.5629
chr1	1201558	1201559	32	0.5235
chr1	1201618	1201619	37	0.2649
chr1	1201708	1201709	18	0.3242
chr1	1201808	1201809	39	0.4819
chr1	1201908	1201909	33	0.5685
chr1	1201994	1201995	29	0.4471
chr1	1202062	1202063	33	0.565
chr1	1202124	1202125	29	0.8169
chr1	1202260	1202261	23	0.7283
chr1	1202268	1202269	26	0.6888
chr1	1202314	1202315	37	0.7186
chr1	1202394	1202395	33	0.6451
chr1	1202458	1202459	37	0.7919
chr1	1202544	1202545	43	0.5281
chr1	1202552	1202553	33	0.3417
chr1	1202602	1202603	33	0.5354
chr1	1202626	1202627	37	0.6339
chr1	1202660	1202661	27	0.3523
chr1	1202683	1202684	37	0.4329
chr1	1202699	1202700	19	0.5137
chr1	1202714	1202715	16	0.3665
chr1	1202739	1202740	27	0.5288
chr1	1202775	1202776	26	0.5093
chr1	1202793	1202794	23	0.4329
chr1	1202815	1202816	29	0.5725
chr1	1202863	1202864	27	0.5529
chr1	1202905	1202906	25	0.529
chr1	1202951	1202952	29	0.449
chr1	1202966	1202967	26	0.5078
chr1	1203006	1203007	24	0.4856
chr1	1203041	1203042	30	0.4517
chr1	1203048	1203049	22	0.6161
chr1	1203134	1203135	32	0.4689
chr1	1203234	1203235	28	0.5307
chr1	1203334	1203335	29	0.3808
chr1	1203424	1203425	33	0.3681
chr1	1203524	1203525	31	0.5512
chr1	1203566	1203567	27	0.8737
chr1	1203570	1203571	31	0.8464
chr1	1203726	1203727	30	0.8135
chr1	1203810	1203811	32	0.6292
chr1	1203826	1203827	21	0.7305
chr1	1203876	1203877	27	0.8454
chr1	1204006	1204007	30	0.7361
chr1	1204023	1204024	23	0.6187
chr1	1204051	1204052	42	0.6833
chr1	1204066	1204067	24	0.6621
chr1	1204089	1204090	32	0.7824
chr1	1204108	1204109	30	0.8351
chr1	1204144	1204145	39	0.8722
chr1	1204179	1204180	38	0.8115
chr1	1204214	1204215	24	0.7045
chr1	1204244	1204245	33	0.7063
chr1	1204289	1204290	30	0.8098
chr1	1204318	1204319	29	0.7809
chr1	1204345	1204346	28	0.6526
chr1	1204389	1204390	33	0.8042
chr1	1204439	1204440	28	0.7968
chr1	1204466	1204467	30	0.7987
chr1	1204511	1204512	22	0.8192
chr1	1204515	1204516	37	0.7547
chr1	1204615	1204616	31	0.6057
chr1	1204715	1204716	31	0.7178
chr1	1204815	1204816	32	0.7828
chr1	1204915	1204916	28	0.9052
chr1	1204927	1204928	37	0.942
chr1	1204934	1204935	25	0.6975
chr1	1204962	1204963	21	0.6545
chr1	1204992	1204993	28	0.5579
chr1	1205030	1205031	19	0.5258
chr1	1205050	1205051	30	0.6467
chr1	1205100	1205101	26	0.7763
chr1	1205124	1205125	27	0.496
chr1	1205170	1205171	31	0.6956
chr1	1205189	1205190	28	0.6763
chr1	1205204	1205205	23	0.5159
chr1	1205254	1205255	31	0.4707
chr1	1205304	1205305	27	0.6191
chr1	1205319	1205320	33	0.5183
chr1	1205369	1205370	24	0.581
chr1	1205387	1205388	28	0.5204
chr1	1205487	1205488	27	0.5541
chr1	1205558	1205559	27	0.687
chr1	1205658	1205659	27	0.7325
chr1	1205744	1205745	24	0.7631
chr1	1205801	1205802	39	0.6812
chr1	1205867	1205868	28	0.8513
chr1	1205891	1205892	26	0.9018
chr1	1205901	1205902	20	0.7509
chr1	1205911	1205912	30	0.897
chr1	1205915	1205916	23	0.7262
chr1	1206035	1206036	31	0.9744
chr1	1206065	1206066	34	0.8784
chr1	1206143	1206144	25	0.8703
chr1	1206203	1206204	30	0.6967
chr1	1206215	1206216	25	0.8908
chr1	1206264	1206265	33	0.7524
chr1	1206290	1206291	27	0.7265
chr1	1206305	1206306	32	0.7816
chr1	1206355	1206356	28	0.7849
chr1	1206405	1206406	29	0.7536
chr1	1206455	1206456	31	0.8113
chr1	1206482	1206483	21	0.7378
chr1	1206528	1206529	35	0.8917
chr1	1206553	1206554	26	0.6549
chr1	1206603	1206604	26	0.6813
chr1	1206620	1206621	30	0.8032
chr1	1206670	1206671	39	0.7122
chr1	1206692	1206693	31	0.7125
chr1	1206742	1206743	32	0.7232
chr1	1206761	1206762	35	0.7091
chr1	1206777	1206778	33	0.7519
chr1	1206848	1206849	38	0.6666
chr1	1206905	1206906	32	0.7691
chr1	1207005	1207006	29	0.7675
chr1	1207105	1207106	25	0.7543
chr1	1207205	1207206	28	0.7366
chr1	1207229	1207230	31	0.8545
chr1	1207261	1207262	33	0.7131
chr1	1207276	1207277	34	0.5589
chr1	1207307	1207308	33	0.5934
chr1	1207322	1207323	35	0.688
chr1	1207347	1207348	30	0.6606
chr1	1207397	1207398	24	0.5524
chr1	1207438	1207439	25	0.8668
chr1	1207472	1207473	27	0.772
chr1	1207503	1207504	35	0.4009
chr1	1207520	1207521	24	0.5116
chr1	1207558	1207559	24	0.7946
chr1	1207606	1207607	27	0.838
chr1	1207656	1207657	35	0.5055
chr1	1207690	1207691	26	0.665
chr1	1207714	1207715	38	0.7422
chr1	1207731	1207732	43	0.5349
chr1	1207765	1207766	37	0.6147
chr1	1207780	1207781	34	0.7863
chr1	1207819	1207820	31	0.7939
chr1	1207886	1207887	33	0.7446
chr1	1207984	1207985	33	0.5639
chr1	1208084	1208085	38	0.8048
chr1	1208162	1208163	25	0.8074
chr1	1208213	1208214	29	0.7407
chr1	1208298	1208299	28	0.6054
chr1	1208401	1208402	28	0.8274
chr1	1208418	1208419	26	0.8475
chr1	1208435	1208436	29	0.7818
chr1	1208468	1208469	34	0.8786
chr1	1208497	1208498	34	0.7987
chr1	1208512	1208513	40	0.5891
chr1	1208540	1208541	36	0.696
chr1	1208555	1208556	27	0.7133
chr1	1208605	1208606	23	0.6304
chr1	1208647	1208648	34	0.6604
chr1	1208662	1208663	30	0.5646
chr1	1208697	1208698	27	0.708
chr1	1208739	1208740	24	0.6348
chr1	1208754	1208755	24	0.5106
chr1	1208780	1208781	29	0.8085
chr1	1208830	1208831	22	0.6407
chr1	1208850	1208851	27	0.5934
chr1	1208876	1208877	35	0.754
chr1	1208891	1208892	26	0.5234
chr1	1208908	1208909	33	0.6837
chr1	1208922	1208923	34	0.8012
chr1	1208972	1208973	24	0.5749
chr1	1209072	1209073	28	0.4866
chr1	1209172	1209173	32	0.5745
chr1	1209250	1209251	30	0.7387
chr1	1209350	1209351	33	0.6374
chr1	1209404	1209405	30	0.6794
chr1	1209416	1209417	33	0.8351
chr1	1209445	1209446	31	0.6969
chr1	1209465	1209466	34	0.7933
chr1	1209495	1209496	24	0.8518
chr1	1209510	1209511	29	0.8751
chr1	1209525	1209526	26	0.7915
chr1	1209575	1209576	35	0.8664
chr1	1209592	1209593	32	0.8853
chr1	1209614	1209615	25	0.737
chr1	1209664	1209665	34	0.8793
chr1	1209692	1209693	34	0.9974
chr1	1209739	1209740	30	0.7944
chr1	1209758	1209759	34	0.7691
chr1	1209790	1209791	24	0.7361
chr1	1209825	1209826	23	0.8357
chr1	1209856	1209857	22	0.7735
chr1	1209906	1209907	31	0.7892
chr1	1210006	1210007	32	0.672
chr1	1210106	1210107	24	0.874
chr1	1210192	1210193	22	0.6734
chr1	1210268	1210269	30	0.6596
chr1	1210318	1210319	37	0.6533
chr1	1210352	1210353	29	0.8648
chr1	1210393	1210394	29	0.6986
chr1	1210419	1210420	26	0.93
chr1	1210437	1210438	29	0.8185
chr1	1210465	1210466	29	0.8365
chr1	1210515	1210516	38	0.8092
chr1	1210561	1210562	29	0.8669
chr1	1210611	1210612	21	0.8512
chr1	1210647	1210648	28	0.7854
chr1	1210697	1210698	36	0.7618
chr1	1210747	1210748	33	0.6966
chr1	1210791	1210792	29	0.6939
chr1	1210810	1210811	24	0.7314
chr1	1210848	1210849	34	0.8155
chr1	1210863	1210864	26	0.8504
chr1	1210869	1210870	17	0.7613
chr1	1210969	1210970	27	0.6505
chr1	1211025	1211026	33	1.0
chr1	1211125	1211126	29	0.8738
chr1	1211225	1211226	33	0.8509
chr1	1211325	1211326	26	0.8634
chr1	1211333	1211334	24	0.7491
chr1	1211379	1211380	41	0.7371
chr1	1211397	1211398	32	0.8514
chr1	1211427	1211428	25	0.7301
chr1	1211447	1211448	22	0.8858
chr1	1211483	1211484	29	0.846
chr1	1211533	1211534	36	0.809
chr1	1211583	1211584	35	0.9167
chr1	1211615	1211616	26	0.9296
chr1	1211654	1211655	33	0.7484
chr1	1211684	1211685	25	0.7879
chr1	1211707	1211708	27	0.6878
chr1	1211734	1211735	25	0.9103
chr1	1211759	1211760	22	0.8309
chr1	1211777	1211778	25	0.7985
chr1	1211792	1211793	25	0.8294
chr1	1211814	1211815	30	0.7581
chr1	1211830	1211831	33	0.8704
chr1	1211904	1211905	27	0.8193
chr1	1211981	1211982	32	0.831
chr1	1212036	1212037	33	0.7845
chr1	1212136	1212137	32	0.7097
chr1	1212219	1212220	30	0.8904
chr1	1212225	1212226	32	0.9732
chr1	1212261	1212262	23	0.8806
chr1	1212268	1212269	27	0.0505
chr1	1212290	1212291	37	0.3591
chr1	1212338	1212339	29	0.1554
chr1	1212388	1212389	29	0.2016
chr1	1212438	1212439	33	0.1832
chr1	1212488	1212489	25	0.2371
chr1	1212525	1212526	24	0.3151
chr1	1212560	1212561	38	0.3357
chr1	1212596	1212597	30	0.2007
chr1	1212617	1212618	25	0.216
chr1	1212649	1212650	33	0.2493
chr1	1212687	1212688	36	0.3848
chr1	1212721	1212722	27	0.2582
chr1	1212760	1212761	33	0.2784
chr1	1212810	1212811	31	0.366
chr1	1212843	1212844	26	0.2515
chr1	1212844	1212845	31	0.1492
chr1	1212944	1212945	26	0.1816
chr1	1213044	1213045	26	0.2411
chr1	1213094	1213095	35	0.2728
chr1	1213194	1213195	25	0.1392
chr1	1213256	1213257	24	0.2619
chr1	1213343	1213344	26	0.3586
chr1	1213385	1213386	31	0.1228
chr1	1213405	1213406	35	0.0211
chr1	1213513	1213514	29	0.062
chr1	1213571	1213572	30	0.0632
chr1	1213747	1213748	20	0.135
chr1	1213771	1213772	28	0.0843
chr1	1213833	1213834	29	0.0608
chr1	1213843	1213844	32	0.2585
chr1	1213859	1213860	28	0.6978
chr1	1213884	1213885	26	0.629
chr1	1213908	1213909	33	0.7957
chr1	1213934	1213935	28	0.7767
chr1	1213982	1213983	40	0.7575
chr1	1214032	1214033	28	0.7001
chr1	1214047	1214048	39	0.632
chr1	1214087	1214088	32	0.5634
chr1	1214121	1214122	29	0.6323
chr1	1214164	1214165	31	0.7617
chr1	1214188	1214189	27	0.7129
chr1	1214203	1214204	36	0.7037
chr1	1214238	1214239	30	0.8025
chr1	1214271	1214272	30	0.8474
chr1	1214298	1214299	39	0.7829
chr1	1214348	1214349	36	0.6757
chr1	1214367	1214368	27	0.834
chr1	1214378	1214379	31	0.7113
chr1	1214478	1214479	28	0.7231
chr1	1214528	1214529	27	0.6828
chr1	1214628	1214629	28	0.7688
chr1	1214724	1214725	38	0.6444
chr1	1214774	1214775	28	0.8376
chr1	1214874	1214875	40	0.5944
chr1	1214880	1214881	31	0.8526
chr1	1214886	1214887	27	0.6846
chr1	1214901	1214902	16	0.076
chr1	1214943	1214944	35	0.8102
chr1	1214993	1214994	28	0.8957
chr1	1215037	1215038	25	0.3214
chr1	1215083	1215084	30	0.8573
chr1	1215133	1215134	38	0.231
chr1	1215168	1215169	32	0.9713
chr1	1215183	1215184	23	0.8385
chr1	1215231	1215232	33	0.4511
chr1	1215254	1215255	30	0.257
chr1	1215275	1215276	25	1.0
chr1	1215316	1215317	29	0.154
chr1	1215337	1215338	31	0.6983
chr1	1215424	1215425	27	0.956
chr1	1215508	1215509	26	0.152
chr1	1215607	1215608	17	0.4204
chr1	1215707	1215708	37	0.4569
chr1	1215715	1215716	30	0.345
chr1	1215737	1215738	30	0.5759
chr1	1215757	1215758	33	0.7011
chr1	1215776	1215777	28	0.5454
chr1	1215802	1215803	32	0.6427
chr1	1215852	1215853	27	0.7518
chr1	1215883	1215884	30	0.5805
chr1	1215933	1215934	23	0.7002
chr1	1215955	1215956	30	0.8636
chr1	1215985	1215986	26	0.7202
chr1	1216019	1216020	36	0.5719
chr1	1216047	1216048	36	0.7041
chr1	1216090	1216091	27	0.6694
chr1	1216124	1216125	30	0.6519
chr1	1216141	1216142	32	0.7424
chr1	1216165	1216166	31	0.6837
chr1	1216189	1216190	31	0.737
chr1	1216239	1216240	31	0.847
chr1	1216246	1216247	37	0.7047
chr1	1216346	1216347	30	0.6425
chr1	1216415	1216416	36	0.7897
chr1	1216515	1216516	24	0.777
chr1	1216565	1216566	28	0.7534
chr1	1216665	1216666	34	0.6445
chr1	1216699	1216700	31	0.8193
chr1	1216731	1216732	24	0.636
chr1	1216738	1216739	28	0.2097
chr1	1216773	1216774	33	0.2815
chr1	1216823	1216824	26	0.3099
chr1	1216848	1216849	27	0.2699
chr1	1216898	1216899	28	0.3288
chr1	1216929	1216930	35	0.439
chr1	1216965	1216966	30	0.1406
chr1	1216980	1216981	29	0.2569
chr1	1216995	1216996	35	0.1571
chr1	1217027	1217028	32	0.3519
chr1	1217077	1217078	22	0.2621
chr1	1217098	1217099	25	0.3301
chr1	1217148	1217149	28	0.2725
chr1	1217189	1217190	34	0.1482
chr1	1217228	1217229	33	0.1907
chr1	1217266	1217267	28	0.248
chr1	1217309	1217310	41	0.2321
chr1	1217399	1217400	32	0.2893
chr1	1217467	1217468	27	0.0973
chr1	1217548	1217549	28	0.2339
chr1	1217648	1217649	38	0.2827
chr1	1217737	1217738	27	0.1653
chr1	1217818	1217819	25	0.1716
chr1	1217880	1217881	33	0.0222
chr1	1217942	1217943	30	0.1366
chr1	1217990	1217991	28	0.1825
chr1	1218006	1218007	32	0.2502
chr1	1218112	1218113	35	0.0095
chr1	1218180	1218181	30	0.122
chr1	1218266	1218267	26	0.1717
chr1	1218272	1218273	30	0.2051
chr1	1218306	1218307	32	0.0787
chr1	1218326	1218327	28	0.7056
chr1	1218376	1218377	31	0.7548
chr1	1218391	1218392	34	0.6525
chr1	1218422	1218423	27	0.5905
chr1	1218442	1218443	26	0.6902
chr1	1218491	1218492	32	0.5516
chr1	1218539	1218540	24	0.6296
chr1	1218572	1218573	34	0.7552
chr1	1218622	1218623	29	0.6471
chr1	1218672	1218673	18	0.5555
chr1	1218722	1218723	26	0.6947
chr1	1218737	1218738	37	0.742
chr1	1218761	1218762	23	0.8054
chr1	1218787	1218788	36	0.7586
chr1	1218887	1218888	22	0.6951
chr1	1218937	1218938	29	0.7131
chr1	1219027	1219028	30	0.7707
chr1	1219085	1219086	38	0.5251
chr1	1219185	1219186	29	0.7914
chr1	1219257	1219258	18	0.8441
chr1	1219281	1219282	28	0.7235
chr1	1219287	1219288	28	0.6058
chr1	1219308	1219309	29	0.6568
chr1	1219328	1219329	33	0.7524
chr1	1219354	1219355	39	0.702
chr1	1219404	1219405	27	0.6777
chr1	1219419	1219420	29	0.7057
chr1	1219440	1219441	25	0.662
chr1	1219465	1219466	31	0.7313
chr1	1219490	1219491	30	0.7381
chr1	1219529	1219530	25	0.7396
chr1	1219560	1219561	27	0.7656
chr1	1219581	1219582	36	0.8398
chr1	1219604	1219605	29	0.6435
chr1	1219654	1219655	30	0.6957
chr1	1219683	1219684	27	0.7326
chr1	1219713	1219714	29	0.6547
chr1	1219735	1219736	37	0.7847
chr1	1219762	1219763	28	0.6851
chr1	1219797	1219798	31	0.7089
chr1	1219817	1219818	31	0.6109
chr1	1219853	1219854	37	0.7446
chr1	1219878	1219879	25	0.7737
chr1	1219893	1219894	28	0.7255
chr1	1219905	1219906	23	0.6648
chr1	1219958	1219959	26	0.7105
chr1	1220021	1220022	26	0.7878
chr1	1220121	1220122	23	0.7081
chr1	1220171	1220172	28	0.7696
chr1	1220251	1220252	37	0.726
chr1	1220322	1220323	22	0.6803
chr1	1220404	1220405	30	0.6961
chr1	1220476	1220477	38	0.5806
chr1	1220510	1220511	34	0.9012
chr1	1220538	1220539	30	0.7479
chr1	1220840	1220841	33	1.0
chr1	1220892	1220893	32	0.9142
chr1	1220970	1220971	37	0.7991
chr1	1220979	1220980	40	0.7199
chr1	1221029	1221030	30	0.6179
chr1	1221053	1221054	25	0.5714
chr1	1221077	1221078	33	0.6354
chr1	1221095	1221096	36	0.51
chr1	1221141	1221142	25	0.6751
chr1	1221182	1221183	26	0.6087
chr1	1221198	1221199	32	0.659
chr1	1221225	1221226	31	0.6552
chr1	1221266	1221267	31	0.5175
chr1	1221284	1221285	39	0.7468
chr1	1221299	1221300	25	0.6543
chr1	1221349	1221350	26	0.5883
chr1	1221368	1221369	26	0.5969
chr1	1221386	1221387	35	0.5581
chr1	1221389	1221390	28	0.6252
chr1	1221456	1221457	42	0.6685
chr1	1221556	1221557	24	0.5804
chr1	1221656	1221657	22	0.5627
chr1	1221706	1221707	31	0.5609
chr1	1221750	1221751	29	0.9678
chr1	1221756	1221757	31	0.8944
chr1	1221794	1221795	27	0.7901
chr1	1221936	1221937	35	0.5662
chr1	1221940	1221941	16	0.7609
chr1	1221984	1221985	21	0.9348
chr1	1222042	1222043	31	0.7985
chr1	1222126	1222127	27	0.6559
chr1	1222132	1222133	28	0.868
chr1	1222177	1222178	34	0.7442
chr1	1222227	1222228	33	0.8736
chr1	1222277	1222278	33	0.8028
chr1	1222312	1222313	31	0.7603
chr1	1222362	1222363	27	0.763
chr1	1222405	1222406	29	0.8139
chr1	1222442	1222443	30	0.8857
chr1	1222470	1222471	36	0.8366
chr1	1222520	1222521	32	0.8272
chr1	1222554	1222555	37	0.7151
chr1	1222589	1222590	31	0.6791
chr1	1222622	1222623	26	0.7045
chr1	1222657	1222658	25	0.8517
chr1	1222680	1222681	30	0.8063
chr1	1222709	1222710	28	0.7668
chr1	1222719	1222720	26	0.8787
chr1	1222819	1222820	30	0.8315
chr1	1222919	1222920	30	0.8944
chr1	1223019	1223020	39	0.6548
chr1	1223119	1223120	31	0.7803
chr1	1223219	1223220	33	0.7971
chr1	1223251	1223252	30	0.9725
chr1	1223290	1223291	23	0.6886
chr1	1223340	1223341	35	0.8584
chr1	1223388	1223389	32	0.6431
chr1	1223411	1223412	27	0.76
chr1	1223440	1223441	39	0.7174
chr1	1223465	1223466	24	0.6765
chr1	1223515	1223516	38	0.7157
chr1	1223535	1223536	30	0.7477
chr1	1223563	1223564	25	0.674
chr1	1223586	1223587	36	0.748
chr1	1223610	1223611	29	0.8566
chr1	1223627	1223628	31	0.8873
chr1	1223672	1223673	33	0.8377
chr1	1223698	1223699	22	0.859
chr1	1223726	1223727	27	0.5605
chr1	1223759	1223760	30	0.6032
chr1	1223799	1223800	36	0.6853
chr1	1223821	1223822	24	0.7391
chr1	1223914	1223915	30	0.7097
chr1	1223964	1223965	34	0.8669
chr1	1224064	1224065	34	0.8013
chr1	1224164	1224165	33	0.9584
chr1	1224264	1224265	32	0.8415
chr1	1224314	1224315	33	0.7005
chr1	1224398	1224399	34	0.7915
chr1	1224445	1224446	33	0.773
chr1	1224495	1224496	36	0.7761
chr1	1224542	1224543	37	0.6581
chr1	1224585	1224586	28	0.7766
chr1	1224635	1224636	30	0.6425
chr1	1224653	1224654	29	0.7307
chr1	1224699	1224700	25	0.7545
chr1	1224714	1224715	42	0.6158
chr1	1224753	1224754	30	0.8352
chr1	1224803	1224804	34	0.6606
chr1	1224823	1224824	29	0.7183
chr1	1224856	1224857	39	0.6913
chr1	1224879	1224880	28	0.6982
chr1	1224901	1224902	29	0.6477
chr1	1224916	1224917	38	0.8398
chr1	1224966	1224967	31	0.7545
chr1	1225053	1225054	27	0.7726
chr1	1225128	1225129	31	0.7534
chr1	1225181	1225182	36	0.6293
chr1	1225255	1225256	28	0.9301
chr1	1225355	1225356	36	0.7794
chr1	1225367	1225368	31	0.8512
chr1	1225374	1225375	30	0.958
chr1	1225399	1225400	26	0.9923
chr1	1225416	1225417	26	1.0
chr1	1225438	1225439	26	0.6615
chr1	1225465	1225466	20	0.8204
chr1	1225515	1225516	37	0.7873
chr1	1225542	1225543	33	0.7002
chr1	1225561	1225562	29	0.7804
chr1	1225602	1225603	29	0.7527
chr1	1225652	1225653	35	0.6418
chr1	1225683	1225684	33	0.7259
chr1	1225710	1225711	25	0.8417
chr1	1225728	1225729	32	0.7495
chr1	1225756	1225757	27	0.8535
chr1	1225772	1225773	33	0.7155
chr1	1225795	1225796	28	0.7197
chr1	1225841	1225842	29	0.7925
chr1	1225889	1225890	23	0.8066
chr1	1225939	1225940	24	0.8123
chr1	1226039	1226040	38	0.838
chr1	1226089	1226090	20	0.9957
chr1	1226189	1226190	29	0.9219
chr1	1226247	1226248	40	0.9793
chr1	1226347	1226348	35	0.9072
chr1	1226397	1226398	27	0.8613
chr1	1226459	1226460	23	0.9149
chr1	1226483	1226484	22	0.9866
chr1	1226507	1226508	30	0.9601
chr1	1226565	1226566	25	0.975
chr1	1226611	1226612	34	0.9411
chr1	1226649	1226650	32	0.7631
chr1	1226745	1226746	32	0.9489
chr1	1226873	1226874	28	0.7202
chr1	1226888	1226889	37	0.5981
chr1	1226922	1226923	26	0.6934
chr1	1226972	1226973	25	0.5896
chr1	1227022	1227023	28	0.5961
chr1	1227072	1227073	26	0.5707
chr1	1227089	1227090	25	0.5536
chr1	1227121	1227122	27	0.4265
chr1	1227147	1227148	31	0.5637
chr1	1227164	1227165	34	0.3817
chr1	1227181	1227182	30	0.4094
chr1	1227203	1227204	17	0.7155
chr1	1227240	1227241	33	0.6209
chr1	1227269	1227270	31	0.577
chr1	1227319	1227320	31	0.5005
chr1	1227336	1227337	33	0.6496
chr1	1227436	1227437	21	0.5375
chr1	1227536	1227537	32	0.6501
chr1	1227636	1227637	29	0.7004
chr1	1227736	1227737	33	0.7141
chr1	1227740	1227741	35	0.8238
chr1	1227764	1227765	21	0.6801
chr1	1227798	1227799	28	0.6703
chr1	1227822	1227823	32	0.7061
chr1	1227837	1227838	33	0.593
chr1	1227868	1227869	25	0.6456
chr1	1227892	1227893	29	0.6562
chr1	1227942	1227943	36	0.648
chr1	1227959	1227960	30	0.6559
chr1	1228008	1228009	31	0.6588
chr1	1228031	1228032	28	0.5587
chr1	1228075	1228076	30	0.6617
chr1	1228101	1228102	28	0.7674
chr1	1228130	1228131	18	0.7172
chr1	1228163	1228164	35	0.5534
chr1	1228193	1228194	29	0.7443
chr1	1228242	1228243	37	0.5646
chr1	1228281	1228282	33	0.7162
chr1	1228381	1228382	29	0.6677
chr1	1228431	1228432	34	0.5598
chr1	1228522	1228523	25	0.6466
chr1	1228622	1228623	31	0.7126
chr1	1228672	1228673	28	0.6767
chr1	1228765	1228766	20	0.4952
chr1	1228823	1228824	24	0.733
chr1	1228833	1228834	26	0.4738
chr1	1228883	1228884	28	0.4969
chr1	1228904	1228905	31	0.427
chr1	1228938	1228939	29	0.5561
chr1	1228968	1228969	29	0.3919
chr1	1228991	1228992	33	0.5096
chr1	1229037	1229038	23	0.4851
chr1	1229082	1229083	30	0.55
chr1	1229109	1229110	37	0.422
chr1	1229138	1229139	25	0.4579
chr1	1229153	1229154	29	0.7057
chr1	1229203	1229204	31	0.5422
chr1	1229247	1229248	34	0.5625
chr1	1229283	1229284	27	0.6152
chr1	1229383	1229384	35	0.6356
chr1	1229483	1229484	30	0.5245
chr1	1229583	1229584	24	0.6299
chr1	1229683	1229684	36	0.5662
chr1	1229693	1229694	27	0.8034
chr1	1229695	1229696	40	0.7986
chr1	1229801	1229802	25	0.6541
chr1	1229845	1229846	33	0.6934
chr1	1229847	1229848	31	0.6954
chr1	1229857	1229858	25	0.3034
chr1	1229888	1229889	38	0.2654
chr1	1229907	1229908	23	0.381
chr1	1229933	1229934	37	0.3331
chr1	1229948	1229949	22	0.2764
chr1	1229976	1229977	30	0.3548
chr1	1230006	1230007	24	0.435
chr1	1230022	1230023	26	0.3308
chr1	1230037	1230038	26	0.4357
chr1	1230064	1230065	34	0.5482
chr1	1230114	1230115	42	0.2589
chr1	1230142	1230143	33	0.3381
chr1	1230189	1230190	26	0.3639
chr1	1230208	1230209	32	0.3946
chr1	1230244	1230245	32	0.3891
chr1	1230269	1230270	27	0.3943
chr1	1230291	1230292	31	0.4105
chr1	1230341	1230342	30	0.5121
chr1	1230378	1230379	29	0.227
chr1	1230417	1230418	26	0.2008
chr1	1230432	1230433	21	0.3053
chr1	1230454	1230455	27	0.2575
chr1	1230554	1230555	31	0.3916
chr1	1230654	1230655	34	0.3932
chr1	1230754	1230755	33	0.3296
chr1	1230850	1230851	25	0.477
chr1	1230950	1230951	25	0.5885
chr1	1231050	1231051	30	0.2771
chr1	1231142	1231143	27	0.0249
chr1	1231208	1231209	31	0.0
chr1	1231302	1231303	26	0.2711
chr1	1231388	1231389	28	0.0984
chr1	1231436	1231437	21	0.1607
chr1	1231478	1231479	29	0.0
chr1	1232297	1232298	21	0.5865
chr1	1232340	1232341	26	0.555
chr1	1232390	1232391	34	0.45
chr1	1232431	1232432	29	0.6118
chr1	1232467	1232468	29	0.4638
chr1	1232493	1232494	29	0.6457
chr1	1232510	1232511	34	0.3986
chr1	1232542	1232543	35	0.5793
chr1	1232592	1232593	27	0.514
chr1	1232621	1232622	31	0.8085
chr1	1232652	1232653	27	0.6072
chr1	1232689	1232690	28	0.4623
chr1	1232739	1232740	30	0.4312
chr1	1232740	1232741	35	0.521
chr1	1232840	1232841	27	0.3966
chr1	1232891	1232892	24	0.4561
chr1	1232941	1232942	33	0.5557
chr1	1233041	1233042	32	0.4191
chr1	1233141	1233142	26	0.5354
chr1	1233179	1233180	32	0.7858
chr1	1233299	1233300	29	0.9962
chr1	1233301	1233302	28	0.9436
chr1	1233309	1233310	30	0.8878
chr1	1233455	1233456	33	0.7328
chr1	1233465	1233466	22	0.9821
chr1	1233531	1233532	25	0.8323
chr1	1233535	1233536	26	0.734
chr1	1233587	1233588	26	0.7675
chr1	1233597	1233598	37	0.9939
chr1	1233628	1233629	35	0.6952
chr1	1233649	1233650	34	0.9328
chr1	1233675	1233676	30	0.6016
chr1	1233695	1233696	34	0.8132
chr1	1233725	1233726	29	0.6108
chr1	1233759	1233760	26	0.7755
chr1	1233787	1233788	29	0.7501
chr1	1233806	1233807	32	0.6613
chr1	1233821	1233822	29	0.7821
chr1	1233850	1233851	29	0.7782
chr1	1233875	1233876	25	0.7496
chr1	1233899	1233900	38	0.828
chr1	1233933	1233934	27	0.7697
chr1	1233983	1233984	33	0.5978
chr1	1234030	1234031	18	0.5876
chr1	1234080	1234081	23	0.7904
chr1	1234130	1234131	25	0.7096
chr1	1234161	1234162	31	0.5964
chr1	1234166	1234167	29	0.7293
chr1	1234266	1234267	33	0.7302
chr1	1234366	1234367	40	0.8527
chr1	1234466	1234467	38	0.8365
chr1	1234547	1234548	29	0.7447
chr1	1234609	1234610	32	0.7707
chr1	1234671	1234672	22	0.9772
chr1	1234677	1234678	25	0.6193
chr1	1234703	1234704	30	0.5326
chr1	1234722	1234723	28	0.641
chr1	1234745	1234746	31	0.6108
chr1	1234762	1234763	36	0.5884
chr1	1234811	1234812	27	0.6582
chr1	1234861	1234862	26	0.514
chr1	1234879	1234880	27	0.4933
chr1	1234918	1234919	30	0.6058
chr1	1234968	1234969	32	0.5422
chr1	1234992	1234993	25	0.4927
chr1	1235012	1235013	32	0.5544
chr1	1235062	1235063	31	0.6507
chr1	1235087	1235088	33	0.4588
chr1	1235128	1235129	41	0.5298
chr1	1235151	1235152	30	0.4796
chr1	1235210	1235211	30	0.5237
chr1	1235306	1235307	33	0.6519
chr1	1235406	1235407	27	0.4733
chr1	1235456	1235457	32	0.5205
chr1	1235506	1235507	24	0.662
chr1	1235574	1235575	22	0.7007
chr1	1235624	1235625	37	0.5621
chr1	1235672	1235673	31	1.0
chr1	1235742	1235743	30	0.9
chr1	1235824	1235825	28	0.9451
chr1	1235856	1235857	25	0.7831
chr1	1235904	1235905	29	0.852
chr1	1235970	1235971	27	0.9201
chr1	1235978	1235979	34	0.8122
chr1	1235986	1235987	35	0.7365
chr1	1236116	1236117	32	0.8279
chr1	1236159	1236160	33	0.8322
chr1	1236209	1236210	29	0.726
chr1	1236233	1236234	33	0.6113
chr1	1236271	1236272	30	0.8866
chr1	1236321	1236322	30	0.8125
chr1	1236348	1236349	30	0.7431
chr1	1236393	1236394	38	0.6515
chr1	1236437	1236438	29	0.5813
chr1	1236454	1236455	33	0.7029
chr1	1236469	1236470	24	0.7635
chr1	1236488	1236489	32	0.8181
chr1	1236504	1236505	22	0.7148
chr1	1236519	1236520	35	0.7165
chr1	1236569	1236570	21	0.5675
chr1	1236619	1236620	29	0.7611
chr1	1236643	1236644	30	0.7401
chr1	1236649	1236650	32	0.7728
chr1	1236749	1236750	26	0.7708
chr1	1236833	1236834	32	0.6462
chr1	1236883	1236884	35	0.7202
chr1	1236983	1236984	29	0.7467
chr1	1237083	1237084	26	0.8072
chr1	1237091	1237092	24	0.6965
chr1	1237120	1237121	23	0.5762
chr1	1237150	1237151	38	0.3834
chr1	1237196	1237197	36	0.5061
chr1	1237238	1237239	34	0.5886
chr1	1237263	1237264	39	0.7239
chr1	1237307	1237308	36	0.5557
chr1	1237353	1237354	29	0.7225
chr1	1237390	1237391	34	0.6393
chr1	1237417	1237418	29	0.5278
chr1	1237435	1237436	33	0.6166
chr1	1237475	1237476	29	0.6991
chr1	1237525	1237526	35	0.5159
chr1	1237575	1237576	28	0.5843
chr1	1237590	1237591	29	0.4766
chr1	1237608	1237609	28	0.5704
chr1	1237623	1237624	24	0.5871
chr1	1237650	1237651	33	0.665
chr1	1237663	1237664	36	0.748
chr1	1237763	1237764	30	0.5562
chr1	1237813	1237814	35	0.4736
chr1	1237913	1237914	19	0.7449
chr1	1238013	1238014	25	0.529
chr1	1238064	1238065	30	0.6521
chr1	1238114	1238115	29	0.555
chr1	1238164	1238165	31	0.5904
chr1	1238200	1238201	32	0.7022
chr1	1238207	1238208	31	0.4131
chr1	1238257	1238258	29	0.532
chr1	1238298	1238299	29	0.6512
chr1	1238348	1238349	28	0.5909
chr1	1238366	1238367	30	0.4838
chr1	1238416	1238417	21	0.4692
chr1	1238433	1238434	33	0.4664
chr1	1238450	1238451	37	0.5835
chr1	1238477	1238478	39	0.3837
chr1	1238509	1238510	33	0.4322
chr1	1238559	1238560	30	0.592
chr1	1238604	1238605	31	0.5425
chr1	1238654	1238655	23	0.4338
chr1	1238671	1238672	25	0.5193
chr1	1238708	1238709	22	0.4166
chr1	1238744	1238745	28	0.5665
chr1	1238767	1238768	32	0.5091
chr1	1238857	1238858	30	0.3743
chr1	1238909	1238910	30	0.3579
chr1	1239009	1239010	30	0.4044
chr1	1239084	1239085	26	0.4178
chr1	1239184	1239185	43	0.4798
chr1	1239246	1239247	23	0.5647
chr1	1239330	1239331	25	0.8656
chr1	1239388	1239389	32	0.7178
chr1	1239454	1239455	30	0.7619
chr1	1239588	1239589	33	0.7843
chr1	1239648	1239649	24	0.9219
chr1	1239668	1239669	30	0.8323
chr1	1239678	1239679	21	0.7881
chr1	1239700	1239701	29	0.9793
chr1	1239726	1239727	29	0.6885
chr1	1239750	1239751	26	0.8914
chr1	1239800	1239801	28	0.8241
chr1	1239815	1239816	39	0.7855
chr1	1239838	1239839	33	0.6612
chr1	1239860	1239861	27	0.9066
chr1	1239879	1239880	26	0.8704
chr1	1239900	1239901	28	0.8653
chr1	1239919	1239920	26	0.7968
chr1	1239964	1239965	37	0.7093
chr1	1239986	1239987	41	0.6059
chr1	1240001	1240002	26	0.5451
chr1	1240033	1240034	28	0.6471
chr1	1240060	1240061	28	0.6664
chr1	1240077	1240078	37	0.6408
chr1	1240116	1240117	22	0.6489
chr1	1240147	1240148	29	0.5996
chr1	1240163	1240164	21	0.8083
chr1	1240213	1240214	29	0.7993
chr1	1240230	1240231	34	0.8604
chr1	1240252	1240253	30	0.7573
chr1	1240352	1240353	31	0.7994
chr1	1240409	1240410	30	0.6611
chr1	1240497	1240498	28	0.8481
chr1	1240547	1240548	32	0.8195
chr1	1240612	1240613	30	0.8325
chr1	1240712	1240713	25	0.6715
chr1	1240764	1240765	18	1.0
chr1	1240800	1240801	32	0.8188
chr1	1240807	1240808	28	0.4528
chr1	1240831	1240832	34	0.3353
chr1	1240861	1240862	33	0.5687
chr1	1240879	1240880	24	0.4891
chr1	1240914	1240915	33	0.2864
chr1	1240947	1240948	24	0.4084
chr1	1240977	1240978	26	0.4454
chr1	1241005	1241006	30	0.2264
chr1	1241020	1241021	35	0.4784
chr1	1241070	1241071	29	0.2401
chr1	1241089	1241090	24	0.3981
chr1	1241124	1241125	35	0.3082
chr1	1241154	1241155	37	0.2465
chr1	1241204	1241205	33	0.3635
chr1	1241241	1241242	32	0.3482
chr1	1241279	1241280	22	0.3535
chr1	1241314	1241315	34	0.4256
chr1	1241333	1241334	33	0.356
chr1	1241423	1241424	21	0.1173
chr1	1241523	1241524	26	0.2921
chr1	1241623	1241624	35	0.4538
chr1	1241723	1241724	32	0.3474
chr1	1241773	1241774	41	0.3718
chr1	1241823	1241824	29	0.0512
chr1	1241877	1241878	19	0.6516
chr1	1242035	1242036	36	0.6645
chr1	1242043	1242044	29	0.7243
chr1	1242189	1242190	21	0.6664
chr1	1242227	1242228	18	0.5675
chr1	1242235	1242236	33	0.6657
chr1	1242257	1242258	29	0.5183
chr1	1242286	1242287	29	0.5925
chr1	1242312	1242313	29	0.6411
chr1	1242362	1242363	24	0.6442
chr1	1242412	1242413	33	0.6847
chr1	1242441	1242442	31	0.6985
chr1	1242461	1242462	28	0.7996
chr1	1242511	1242512	34	0.7331
chr1	1242551	1242552	33	0.673
chr1	1242584	1242585	30	0.6881
chr1	1242623	1242624	32	0.6956
chr1	1242653	1242654	32	0.6023
chr1	1242676	1242677	31	0.6664
chr1	1242681	1242682	28	0.5263
chr1	1242781	1242782	25	0.6872
chr1	1242831	1242832	31	0.6349
chr1	1242931	1242932	25	0.6011
chr1	1242981	1242982	23	0.6332
chr1	1243081	1243082	32	0.5968
chr1	1243129	1243130	24	0.9024
chr1	1243281	1243282	35	0.9376
chr1	1243293	1243294	32	1.0
chr1	1243317	1243318	24	0.7639
chr1	1243365	1243366	32	0.7719
chr1	1243467	1243468	20	0.9002
chr1	1243531	1243532	22	0.673
chr1	1243546	1243547	28	0.9296
chr1	1243590	1243591	30	0.8128
chr1	1243617	1243618	29	0.8551
chr1	1243632	1243633	23	0.6284
chr1	1243668	1243669	40	0.7295
chr1	1243718	1243719	34	0.8261
chr1	1243749	1243750	24	1.0
chr1	1243799	1243800	31	0.9729
chr1	1243814	1243815	34	0.8337
chr1	1243837	1243838	33	0.8199
chr1	1243874	1243875	37	0.9127
chr1	1243898	1243899	23	0.7953
chr1	1243929	1243930	21	0.6284
chr1	1243953	1243954	32	0.8662
chr1	1243959	1243960	27	0.9871
chr1	1244059	1244060	34	0.8155
chr1	1244159	1244160	29	0.8224
chr1	1244233	1244234	25	0.7413
chr1	1244333	1244334	35	0.9228
chr1	1244365	1244366	33	0.9211
chr1	1244371	1244372	16	0.6518
chr1	1244417	1244418	39	0.6893
chr1	1244450	1244451	34	0.728
chr1	1244489	1244490	29	0.5157
chr1	1244511	1244512	31	0.4244
chr1	1244530	1244531	34	0.6307
chr1	1244545	1244546	28	0.673
chr1	1244574	1244575	25	0.446
chr1	1244598	1244599	27	0.4659
chr1	1244619	1244620	27	0.6798
chr1	1244658	1244659	20	0.4436
chr1	1244680	1244681	31	0.6872
chr1	1244730	1244731	28	0.3422
chr1	1244745	1244746	19	0.5429
chr1	1244769	1244770	18	0.6345
chr1	1244812	1244813	25	0.4016
chr1	1244862	1244863	26	0.523
chr1	1244890	1244891	32	0.4614
chr1	1244985	1244986	30	0.4952
chr1	1245035	1245036	36	0.535
chr1	1245135	1245136	29	0.584
chr1	1245208	1245209	27	0.5642
chr1	1245260	1245261	28	0.5514
chr1	1245360	1245361	37	0.6475
chr1	1245460	1245461	29	0.9982
chr1	1245556	1245557	33	0.9705
chr1	1245562	1245563	26	0.7279
chr1	1245578	1245579	33	0.7441
chr1	1245596	1245597	26	0.9557
chr1	1245614	1245615	24	0.7718
chr1	1245622	1245623	29	0.8802
chr1	1245730	1245731	30	0.8131
chr1	1245794	1245795	27	0.8024
chr1	1245806	1245807	35	0.9423
chr1	1245850	1245851	29	0.699
chr1	1245869	1245870	24	0.6683
chr1	1245888	1245889	35	0.648
chr1	1245916	1245917	26	0.5561
chr1	1245938	1245939	30	0.4602
chr1	1245968	1245969	23	0.6501
chr1	1245984	1245985	28	0.6395
chr1	1246031	1246032	34	0.646
chr1	1246057	1246058	27	0.5741
chr1	1246072	1246073	31	0.4597
chr1	1246110	1246111	30	0.6754
chr1	1246143	1246144	38	0.7239
chr1	1246158	1246159	17	0.4708
chr1	1246193	1246194	23	0.5254
chr1	1246221	1246222	39	0.7119
chr1	1246240	1246241	22	0.5583
chr1	1246277	1246278	37	0.5424
chr1	1246299	1246300	18	0.5691
chr1	1246314	1246315	31	0.643
chr1	1246361	1246362	31	0.6524
chr1	1246461	1246462	30	0.5905
chr1	1246561	1246562	22	0.6623
chr1	1246611	1246612	40	0.7038
chr1	1246711	1246712	28	0.6845
chr1	1246811	1246812	32	0.5871
chr1	1246891	1246892	28	0.4242
chr1	1246919	1246920	26	0.7065
chr1	1246938	1246939	23	0.8324
chr1	1246977	1246978	38	0.8295
chr1	1247027	1247028	38	0.6651
chr1	1247057	1247058	35	0.8103
chr1	1247098	1247099	30	0.7932
chr1	1247113	1247114	32	0.8268
chr1	1247137	1247138	26	0.7249
chr1	1247182	1247183	38	0.653
chr1	1247232	1247233	24	0.7918
chr1	1247258	1247259	32	0.8486
chr1	1247281	1247282	24	0.608
chr1	1247331	1247332	33	0.7206
chr1	1247355	1247356	31	0.8295
chr1	1247377	1247378	34	0.8583
chr1	1247392	1247393	32	0.6858
chr1	1247410	1247411	31	0.7391
chr1	1247510	1247511	34	0.687
chr1	1247610	1247611	32	0.8567
chr1	1247660	1247661	36	0.874
chr1	1247732	1247733	23	0.898
chr1	1247832	1247833	32	0.6273
chr1	1247836	1247837	26	0.8297
chr1	1247922	1247923	24	0.8463
chr1	1247956	1247957	27	0.7666
chr1	1247975	1247976	34	0.7577
chr1	1248012	1248013	26	0.4327
chr1	1248050	1248051	40	0.542
chr1	1248073	1248074	28	0.6621
chr1	1248088	1248089	27	0.6244
chr1	1248107	1248108	27	0.7159
chr1	1248136	1248137	27	0.6935
chr1	1248168	1248169	16	0.7522
chr1	1248197	1248198	32	0.5884
chr1	1248238	1248239	36	0.715
chr1	1248260	1248261	32	0.6001
chr1	1248298	1248299	34	0.5678
chr1	1248313	1248314	29	0.6307
chr1	1248331	1248332	27	0.4967
chr1	1248356	1248357	31	0.7519
chr1	1248376	1248377	27	0.4858
chr1	1248403	1248404	31	0.5764
chr1	1248433	1248434	30	0.6026
chr1	1248533	1248534	34	0.6329
chr1	1248633	1248634	32	0.8252
chr1	1248693	1248694	25	0.58
chr1	1248758	1248759	22	0.6091
chr1	1248808	1248809	30	0.7328
chr1	1248876	1248877	25	0.6362
chr1	1248962	1248963	27	0.7723
chr1	1248964	1248965	29	0.6949
chr1	1249014	1249015	28	0.1487
chr1	1249093	1249094	24	0.2216
chr1	1249126	1249127	28	0.2512
chr1	1249170	1249171	24	0.2262
chr1	1249219	1249220	28	0.3869
chr1	1249256	1249257	35	0.3328
chr1	1249273	1249274	28	0.2425
chr1	1249315	1249316	28	0.3564
chr1	1249333	1249334	27	0.3203
chr1	1249383	1249384	34	0.2618
chr1	1249404	1249405	32	0.2003
chr1	1249454	1249455	18	0.301
chr1	1249504	1249505	31	0.2814
chr1	1249505	1249506	34	0.1658
chr1	1249605	1249606	25	0.2083
chr1	1249673	1249674	19	0.1521
chr1	1249723	1249724	29	0.2779
chr1	1249823	1249824	29	0.1652
chr1	1249923	1249924	32	0.3044
chr1	1249995	1249996	29	0.2442
chr1	1250007	1250008	33	0.2102
chr1	1250043	1250044	30	0.2571
chr1	1250049	1250050	34	0.6699
chr1	1250070	1250071	27	0.7318
chr1	1250098	1250099	21	0.8106
chr1	1250131	1250132	31	0.7083
chr1	1250165	1250166	29	0.6018
chr1	1250187	1250188	32	0.609
chr1	1250202	1250203	33	0.6453
chr1	1250245	1250246	24	0.6929
chr1	1250263	1250264	38	0.8587
chr1	1250290	1250291	30	0.5857
chr1	1250321	1250322	42	0.6228
chr1	1250355	1250356	29	0.8605
chr1	1250405	1250406	22	0.6276
chr1	1250455	1250456	37	0.5349
chr1	1250478	1250479	22	0.4819
chr1	1250502	1250503	36	0.7263
chr1	1250541	1250542	34	0.819
chr1	1250562	1250563	28	0.6786
chr1	1250662	1250663	27	0.7207
chr1	1250762	1250763	20	0.6007
chr1	1250825	1250826	27	0.7554
chr1	1250915	1250916	41	0.8351
chr1	1251008	1251009	30	0.8179
chr1	1251094	1251095	36	0.7186
chr1	1251194	1251195	27	0.991
chr1	1251220	1251221	33	0.9483
chr1	1251246	1251247	32	0.9751
chr1	1251338	1251339	30	0.968
chr1	1251434	1251435	36	0.9011
chr1	1251453	1251454	21	0.5888
chr1	1251480	1251481	32	0.6221
chr1	1251501	1251502	26	0.7109
chr1	1251535	1251536	27	0.6182
chr1	1251562	1251563	29	0.7142
chr1	1251577	1251578	20	0.7735
chr1	1251627	1251628	38	0.5357
chr1	1251642	1251643	28	0.6315
chr1	1251657	1251658	31	0.6354
chr1	1251691	1251692	32	0.539
chr1	1251732	1251733	35	0.5631
chr1	1251782	1251783	33	0.6887
chr1	1251832	1251833	32	0.6295
chr1	1251858	1251859	29	0.6517
chr1	1251878	1251879	27	0.797
chr1	1251903	1251904	26	0.7256
chr1	1251929	1251930	26	0.726
chr1	1251959	1251960	32	0.4521
chr1	1251979	1251980	33	0.6792
chr1	1252079	1252080	34	0.8681
chr1	1252132	1252133	32	0.6163
chr1	1252232	1252233	32	0.5308
chr1	1252332	1252333	41	0.6713
chr1	1252382	1252383	28	0.7166
chr1	1252482	1252483	27	0.5708
chr1	1252528	1252529	25	0.6172
chr1	1252540	1252541	30	0.6156
chr1	1252574	1252575	34	0.2547
chr1	1252624	1252625	27	0.04
chr1	1252669	1252670	24	0.0437
chr1	1252685	1252686	24	0.0423
chr1	1252735	1252736	40	0.0914
chr1	1252765	1252766	36	0.0478
chr1	1252815	1252816	20	0.0396
chr1	1252857	1252858	26	0.116
chr1	1252889	1252890	24	0.0765
chr1	1252904	1252905	24	0.1102
chr1	1252930	1252931	30	0.1351
chr1	1252967	1252968	29	0.0877
chr1	1252999	1253000	25	0.1991
chr1	1253017	1253018	27	0.2866
chr1	1253023	1253024	28	0.1669
chr1	1253123	1253124	24	0.0433
chr1	1253223	1253224	25	0.2374
chr1	1253323	1253324	29	0.084
chr1	1253373	1253374	34	0.0737
chr1	1253423	1253424	25	0.0939
chr1	1253435	1253436	20	0.1659
chr1	1253449	1253450	29	0.0974
chr1	1253490	1253491	25	0.0379
chr1	1253519	1253520	32	0.1614
chr1	1253544	1253545	42	0.1302
chr1	1253594	1253595	25	0.1191
chr1	1253623	1253624	18	0.0296
chr1	1253673	1253674	33	0.0513
chr1	1253719	1253720	37	0.1081
chr1	1253752	1253753	31	0.0818
chr1	1253798	1253799	31	0.12
chr1	1253827	1253828	29	0.2064
chr1	1253842	1253843	39	0.1169
chr1	1253892	1253893	33	0.1523
chr1	1253942	1253943	32	0.2034
chr1	1253973	1253974	28	0.0579
chr1	1254014	1254015	39	0.1349
chr1	1254114	1254115	24	0.0663
chr1	1254168	1254169	30	0.091
chr1	1254268	1254269	36	0.0086
chr1	1254318	1254319	38	0.1669
chr1	1254418	1254419	28	0.04
chr1	1254518	1254519	38	0.0
chr1	1254524	1254525	34	0.2387
chr1	1254580	1254581	34	0.0829
chr1	1254592	1254593	37	0.925
chr1	1254607	1254608	32	0.124
chr1	1254631	1254632	22	0.7403
chr1	1254681	1254682	27	0.5154
chr1	1254696	1254697	30	0.151
chr1	1254715	1254716	30	1.0
chr1	1254764	1254765	30	0.235
chr1	1254814	1254815	29	0.6828
chr1	1254864	1254865	23	0.943
chr1	1254884	1254885	23	0.1684
chr1	1254921	1254922	28	0.193
chr1	1254971	1254972	32	0.4289
chr1	1254989	1254990	34	0.2461
chr1	1255009	1255010	38	0.8733
chr1	1255037	1255038	21	0.216
chr1	1255070	1255071	24	0.7635
chr1	1255085	1255086	35	0.3435
chr1	1255089	1255090	29	0.958
chr1	1255149	1255150	22	0.5422
chr1	1255249	1255250	23	0.8497
chr1	1255349	1255350	39	0.876
chr1	1255449	1255450	35	0.952
chr1	1255549	1255550	27	0.984
chr1	1255563	1255564	25	0.6237
chr1	1255571	1255572	27	1.0
chr1	1255597	1255598	26	0.8189
chr1	1255638	1255639	22	0.8419
chr1	1255660	1255661	28	0.5916
chr1	1255691	1255692	32	0.6982
chr1	1255715	1255716	29	0.7091
chr1	1255755	1255756	30	0.8947
chr1	1255802	1255803	26	0.9334
chr1	1255829	1255830	27	0.7188
chr1	1255851	1255852	31	0.7393
chr1	1255901	1255902	33	0.5928
chr1	1255942	1255943	28	0.624
chr1	1255981	1255982	28	0.675
chr1	1256014	1256015	29	0.8032
chr1	1256041	1256042	27	0.6113
chr1	1256044	1256045	24	0.5134
chr1	1256125	1256126	41	0.7419
chr1	1256225	1256226	25	0.7833
chr1	1256300	1256301	32	0.6064
chr1	1256400	1256401	32	0.6456
chr1	1256410	1256411	33	0.6728
chr1	1256412	1256413	35	0.6863
chr1	1256443	1256444	30	0.187
chr1	1256460	1256461	37	0.1712
chr1	1256487	1256488	35	0.1794
chr1	1256510	1256511	34	0.1541
chr1	1256525	1256526	42	0.0
chr1	1256575	1256576	23	0.1358
chr1	1256614	1256615	29	0.0884
chr1	1256664	1256665	35	0.34
chr1	1256703	1256704	27	0.0199
chr1	1256718	1256719	29	0.1764
chr1	1256756	1256757	33	0.1731
chr1	1256800	1256801	29	0.1027
chr1	1256845	1256846	28	0.1232
chr1	1256865	1256866	36	0.093
chr1	1256880	1256881	24	0.1209
chr1	1256908	1256909	22	0.0846
chr1	1256910	1256911	31	0.1997
chr1	1257010	1257011	24	0.2664
chr1	1257110	1257111	24	0.0473
chr1	1257160	1257161	33	0.079
chr1	1257260	1257261	19	0.1652
chr1	1257345	1257346	34	0.1856
chr1	1257407	1257408	34	0.2497
chr1	1257431	1257432	29	0.0
chr1	1257481	1257482	27	0.2238
chr1	1257507	1257508	36	0.1325
chr1	1257528	1257529	34	0.181
chr1	1257562	1257563	26	0.2354
chr1	1257606	1257607	31	0.2501
chr1	1257649	1257650	26	0.1018
chr1	1257676	1257677	28	0.1432
chr1	1257726	1257727	33	0.2587
chr1	1257762	1257763	31	0.2066
chr1	1257786	1257787	33	0.2345
chr1	1257806	1257807	26	0.0729
chr1	1257830	1257831	27	0.2091
chr1	1257853	1257854	31	0.1065
chr1	1257888	1257889	37	0.1218
chr1	1257932	1257933	32	0.2225
chr1	1257947	1257948	29	0.2455
chr1	1257977	1257978	26	0.1435
chr1	1258007	1258008	35	0.21
chr1	1258022	1258023	32	0.2245
chr1	1258073	1258074	18	0.0069
chr1	1258173	1258174	25	0.1564
chr1	1258223	1258224	25	0.1221
chr1	1258302	1258303	29	0.129
chr1	1258402	1258403	33	0.1534
chr1	1258502	1258503	25	0.0
chr1	1258544	1258545	35	0.3057
chr1	1258572	1258573	31	0.1571
chr1	1258582	1258583	33	0.7142
chr1	1258603	1258604	33	0.7206
chr1	1258634	1258635	28	0.5488
chr1	1258660	1258661	31	0.6629
chr1	1258680	1258681	30	0.5627
chr1	1258706	1258707	23	0.5912
chr1	1258745	1258746	36	0.517
chr1	1258777	1258778	30	0.5922
chr1	1258792	1258793	31	0.6708
chr1	1258813	1258814	24	0.5509
chr1	1258863	1258864	36	0.6131
chr1	1258880	1258881	19	0.7663
chr1	1258911	1258912	23	0.4845
chr1	1258938	1258939	25	0.5914
chr1	1258959	1258960	25	0.5623
chr1	1259009	1259010	32	0.6185
chr1	1259043	1259044	24	0.7004
chr1	1259064	1259065	43	0.6354
chr1	1259076	1259077	27	0.5369
chr1	1259176	1259177	32	0.6686
chr1	1259276	1259277	27	0.4819
chr1	1259336	1259337	25	0.6699
chr1	1259396	1259397	26	0.5093
chr1	1259446	1259447	22	0.5452
chr1	1259546	1259547	25	0.6115
chr1	1259590	1259591	30	0.9217
chr1	1259624	1259625	19	0.75
chr1	1259626	1259627	32	0.6863
chr1	1259760	1259761	20	0.93
chr1	1259816	1259817	36	0.9128
chr1	1259982	1259983	28	0.6423
chr1	1260029	1260030	39	0.6174
chr1	1260057	1260058	32	0.7081
chr1	1260082	1260083	29	0.8385
chr1	1260106	1260107	30	0.7586
chr1	1260121	1260122	29	0.7815
chr1	1260164	1260165	24	0.805
chr1	1260190	1260191	25	0.8022
chr1	1260217	1260218	26	0.8968
chr1	1260249	1260250	23	0.5489
chr1	1260279	1260280	26	0.8567
chr1	1260303	1260304	34	0.625
chr1	1260323	1260324	35	0.6793
chr1	1260367	1260368	30	0.7924
chr1	1260394	1260395	34	0.6759
chr1	1260444	1260445	25	0.8753
chr1	1260471	1260472	40	0.705
chr1	1260521	1260522	21	0.8537
chr1	1260541	1260542	34	0.8002
chr1	1260591	1260592	24	0.8275
chr1	1260691	1260692	26	0.6507
chr1	1260741	1260742	25	0.753
chr1	1260839	1260840	33	0.8005
chr1	1260939	1260940	36	0.8541
chr1	1261002	1261003	24	0.6681
chr1	1261022	1261023	46	0.7593
chr1	1261029	1261030	34	0.7408
chr1	1261049	1261050	29	0.6499
chr1	1261085	1261086	15	0.7934
chr1	1261135	1261136	37	0.7328
chr1	1261173	1261174	29	0.7052
chr1	1261212	1261213	25	0.6612
chr1	1261252	1261253	33	0.5122
chr1	1261285	1261286	25	0.5485
chr1	1261304	1261305	27	0.501
chr1	1261334	1261335	24	0.6076
chr1	1261367	1261368	30	0.6949
chr1	1261393	1261394	18	0.4961
chr1	1261410	1261411	30	0.8615
chr1	1261425	1261426	28	0.6899
chr1	1261467	1261468	25	0.7618
chr1	1261501	1261502	31	0.6646
chr1	1261505	1261506	26	0.6662
chr1	1261560	1261561	29	0.6858
chr1	1261660	1261661	21	0.8742
chr1	1261755	1261756	32	0.7989
chr1	1261828	1261829	32	0.8038
chr1	1261903	1261904	35	0.7943
chr1	1261951	1261952	23	0.8276
chr1	1262047	1262048	20	0.896
chr1	1262081	1262082	32	0.8327
chr1	1262171	1262172	27	0.6066
chr1	1262251	1262252	22	0.7971
chr1	1262395	1262396	47	0.7812
chr1	1262401	1262402	36	0.7232
chr1	1262448	1262449	33	0.73
chr1	1262466	1262467	27	0.685
chr1	1262481	1262482	27	0.6676
chr1	1262499	1262500	26	0.724
chr1	1262541	1262542	25	0.6707
chr1	1262567	1262568	38	0.6959
chr1	1262586	1262587	30	0.7339
chr1	1262636	1262637	31	0.7665
chr1	1262668	1262669	20	0.6384
chr1	1262683	1262684	34	0.708
chr1	1262720	1262721	36	0.7932
chr1	1262766	1262767	39	0.59
chr1	1262816	1262817	20	0.6786
chr1	1262852	1262853	26	0.7209
chr1	1262872	1262873	38	0.5566
chr1	1262922	1262923	30	0.8144
chr1	1262952	1262953	33	0.6689
chr1	1263005	1263006	30	0.6422
chr1	1263105	1263106	31	0.6573
chr1	1263178	1263179	32	0.7044
chr1	1263263	1263264	29	0.6875
chr1	1263355	1263356	26	0.5929
chr1	1263455	1263456	33	0.6354
chr1	1263539	1263540	35	1.0
chr1	1263593	1263594	29	0.8958
chr1	1263683	1263684	30	0.9366
chr1	1263715	1263716	29	0.9504
chr1	1263843	1263844	36	0.9978
chr1	1263845	1263846	28	0.9077
chr1	1263903	1263904	35	0.8344
