chromosome	start	end	count	lethal_mean	normal_mean	delta	F	pvalue	p_adj	DMR
chr21	9483663	9483707	8	0.6622	0.9365	0.2743	15.6171	0.0002254	0.0004631	True
chr21	9483733	9483773	6	0.8139	0.4384	-0.3755	16.7424	0.0004268	0.0007416	True
chr21	9829860	9830248	6	0.3633	0.8648	0.5015	33.9928	0.0001241	0.0002932	True
chr21	9835083	9835256	5	0.4458	0.9378	0.4919	19.0875	0.0002823	0.0005483	True
chr21	9878998	9879054	5	0.3236	0.7343	0.4106	77.5941	2.152e-06	1.406e-05	True
chr21	9879172	9879239	7	0.5782	0.9705	0.3923	83.6741	7.767e-07	6.244e-06	True
chr21	10535214	10535256	5	0.4458	0.9157	0.4699	24.3934	0.0006964	0.001074	True
chr21	10599461	10599619	10	0.7101	0.8952	0.1851	16.5032	0.0007545	0.001147	True
chr21	10602141	10602258	6	0.3724	0.6576	0.2852	20.0647	0.001122	0.001584	True
chr21	10742410	10742543	5	0.5733	0.9626	0.3893	39.0857	7.496e-05	0.0002039	True
chr21	10773976	10774296	5	0.417	0.7014	0.2844	22.9736	0.001158	0.001622	True
chr21	10775973	10776363	7	0.2781	0.5347	0.2567	17.7923	0.0005932	0.0009554	True
chr21	10778248	10778683	5	0.2955	0.5688	0.2732	15.3949	0.004313	0.004948	True
chr21	10783559	10783694	7	0.6274	0.9549	0.3275	19.1861	3.805e-05	0.000122	True
chr21	10804481	10805051	9	0.452	0.8959	0.4439	18.5219	2.918e-05	0.0001001	True
chr21	10809699	10809775	6	0.6081	0.818	0.2099	19.3622	0.001483	0.00198	True
chr21	10816875	10817015	5	0.3049	0.5758	0.271	22.8137	0.001111	0.001574	True
chr21	10827680	10827916	5	0.4756	0.9411	0.4655	17.2747	0.0004938	0.0008255	True
chr21	10828561	10828701	6	0.5783	0.8375	0.2592	17.8381	0.001436	0.001931	True
chr21	10836969	10837169	7	0.4966	0.9284	0.4318	20.7207	7.44e-05	0.0002028	True
chr21	10838381	10838551	7	0.4301	0.8908	0.4606	16.4276	0.0002305	0.0004704	True
chr21	10842168	10842219	6	0.7173	0.947	0.2297	19.6042	0.00135	0.001844	True
chr21	10850680	10850800	6	0.4585	0.8322	0.3737	21.2103	0.0001773	0.0003828	True
chr21	10852977	10853251	5	0.175	0.6758	0.5007	25.2247	0.001762	0.002292	True
chr21	10895544	10895569	5	0.6713	0.8296	0.1584	40.5038	0.00137	0.001866	True
chr21	10899597	10899960	5	0.1907	0.8072	0.6165	33.9667	0.0008189	0.001221	True
chr21	10991412	10991539	5	0.7648	0.9654	0.2006	46.8883	0.0005559	0.0009088	True
chr21	11034461	11034597	5	0.386	0.7468	0.3608	23.5956	0.001145	0.001609	True
chr21	11070142	11070381	5	0.4897	0.9045	0.4148	19.7668	0.0009271	0.001353	True
chr21	11098207	11098453	8	0.7809	0.9844	0.2035	55.327	5.743e-07	4.916e-06	True
chr21	11098692	11098794	7	0.5985	0.8344	0.2358	22.9476	0.001695	0.002219	True
chr21	11168758	11168805	5	0.5759	0.9044	0.3285	16.1369	0.005227	0.005868	True
chr21	14344390	14344529	5	0.5816	0.9252	0.3436	19.167	0.001793	0.002324	True
chr21	14410350	14410460	8	0.6415	0.898	0.2565	28.5147	0.0001491	0.0003376	True
chr21	14410868	14410908	5	0.5478	0.9316	0.3838	44.3666	0.0003923	0.0006976	True
chr21	14737762	14738610	5	0.544	0.9483	0.4042	51.4132	0.0001391	0.0003186	True
chr21	14783682	14783796	5	0.6901	0.9524	0.2624	27.9859	0.0008494	0.001258	True
chr21	14887673	14888212	5	0.5084	0.9186	0.4102	16.7121	0.0007959	0.001194	True
chr21	15307514	15307618	5	0.7903	0.9967	0.2063	191.8774	3.5e-08	4.901e-07	True
chr21	15308793	15308999	12	0.8454	0.9754	0.13	22.6948	3.039e-06	1.862e-05	True
chr21	15309101	15309634	7	0.7892	0.9958	0.2067	215.5551	1.238e-10	3.421e-09	True
chr21	15352848	15352886	5	0.5933	0.197	-0.3963	15.059	0.004399	0.005038	True
chr21	15352901	15352986	5	0.7339	0.3118	-0.4221	16.9042	0.00096	0.001394	True
chr21	15380112	15380395	5	0.7521	0.9918	0.2397	59.536	3.92e-06	2.261e-05	True
chr21	15426095	15426298	5	0.9049	0.9833	0.0784	31.446	0.00689	0.00751	True
chr21	15436055	15436091	5	0.7194	0.8889	0.1695	25.0029	0.02907	0.02933	True
chr21	15436657	15436720	6	0.9371	0.5621	-0.375	21.7841	0.0001507	0.00034	True
chr21	15443794	15444133	18	0.8608	0.9694	0.1086	24.7804	1.27e-06	9.21e-06	True
chr21	15444373	15444438	7	0.7978	0.9403	0.1425	51.978	2.947e-05	0.0001006	True
chr21	15444843	15445454	34	0.8276	0.9606	0.1331	15.961	3.495e-11	1.084e-09	True
chr21	15445504	15445593	6	0.763	0.9231	0.1601	18.1144	0.006319	0.006963	True
chr21	15445643	15445794	9	0.7868	0.9319	0.1451	17.0915	0.0009874	0.001428	True
chr21	15445844	15446010	5	0.8544	0.9686	0.1141	22.9431	0.007095	0.007713	True
chr21	15446450	15446574	8	0.7907	0.9856	0.1949	29.5301	1.355e-06	9.713e-06	True
chr21	15447011	15447176	5	0.8727	0.9882	0.1155	51.8317	0.0002322	0.0004731	True
chr21	15447401	15447796	15	0.8168	0.9784	0.1616	31.583	3.27e-09	6.023e-08	True
chr21	15447913	15448297	13	0.8087	0.9653	0.1566	23.5141	1.073e-06	8.068e-06	True
chr21	15448688	15448907	12	0.834	0.9667	0.1328	36.6689	1.404e-06	9.995e-06	True
chr21	15449791	15449921	7	0.8663	0.9768	0.1106	25.4892	0.0006239	0.0009937	True
chr21	15451310	15451401	6	0.8553	0.9798	0.1245	39.2848	0.0003908	0.0006953	True
chr21	15451505	15451521	5	0.837	0.9946	0.1575	82.2117	2.47e-06	1.578e-05	True
chr21	15452109	15452550	17	0.8015	0.9794	0.178	28.3163	1.457e-10	3.954e-09	True
chr21	15454545	15454840	10	0.7646	0.9601	0.1955	19.1653	2.647e-05	9.31e-05	True
chr21	15455666	15455864	8	0.7323	0.9727	0.2404	68.8707	1.291e-06	9.32e-06	True
chr21	15455898	15456337	21	0.7707	0.9684	0.1976	34.3118	1.906e-12	8.395e-11	True
chr21	15456435	15456553	8	0.8284	0.9418	0.1135	32.7241	0.0005773	0.0009359	True
chr21	15456577	15456730	10	0.8266	0.9612	0.1346	41.3063	9.208e-06	4.279e-05	True
chr21	15457003	15457150	6	0.7472	0.873	0.1257	18.8088	0.008092	0.008683	True
chr21	15460229	15460271	5	0.7542	0.9899	0.2358	35.7984	1.151e-05	5.034e-05	True
chr21	15468864	15469279	8	0.7175	0.9701	0.2526	31.6699	6.02e-06	3.044e-05	True
chr21	15486892	15487539	8	0.7266	0.9614	0.2347	22.3832	3.543e-05	0.0001166	True
chr21	15493498	15493950	5	0.2823	0.9169	0.6346	20.9686	0.001159	0.001623	True
chr21	15496742	15496980	5	0.5513	0.9615	0.4102	15.5991	0.0002671	0.0005248	True
chr21	15507640	15508996	10	0.3207	0.8311	0.5103	16.8311	2.682e-05	9.379e-05	True
chr21	15588895	15589305	14	0.1389	0.0166	-0.1223	37.499	4.158e-08	5.666e-07	True
chr21	15603619	15605082	7	0.5236	0.9217	0.3981	35.5147	4.184e-05	0.0001313	True
chr21	15605357	15607481	16	0.4802	0.9255	0.4453	19.4348	2.741e-09	5.174e-08	True
chr21	15630313	15630355	5	0.6637	0.9641	0.3004	42.7303	0.0001284	0.0003013	True
chr21	15646460	15646568	5	0.1542	0.2591	0.1049	23.3234	0.01732	0.01772	True
chr21	15654993	15655248	9	0.8159	0.975	0.1591	17.0612	4.59e-05	0.000141	True
chr21	15668271	15669040	5	0.7623	0.965	0.2026	31.33	0.0009204	0.001345	True
chr21	15673417	15673546	5	0.7212	0.9445	0.2233	16.7626	0.01261	0.01313	True
chr21	15693403	15693852	5	0.5201	0.9638	0.4438	44.6368	5.887e-05	0.0001708	True
chr21	15699330	15699709	5	0.5985	0.9621	0.3636	17.3854	0.0002777	0.0005402	True
chr21	15719544	15719711	6	0.711	0.9787	0.2676	57.3486	5.647e-06	2.899e-05	True
chr21	15836443	15836877	5	0.7836	0.9774	0.1938	23.3296	0.000503	0.0008389	True
chr21	15855227	15855908	12	0.8659	0.9833	0.1174	23.8388	4.054e-07	3.745e-06	True
chr21	15890206	15890629	8	0.7324	0.978	0.2455	29.4937	1.571e-06	1.095e-05	True
chr21	15942525	15943409	6	0.8096	0.9807	0.1711	35.7079	7.938e-05	0.0002135	True
chr21	15976593	15977603	7	0.8694	0.9647	0.0953	20.1003	0.008518	0.009108	True
chr21	16008722	16009081	8	0.8548	0.9911	0.1364	72.8473	1.301e-07	1.466e-06	True
chr21	16015961	16016151	6	0.8942	0.9886	0.0944	40.2639	0.0001737	0.0003777	True
chr21	16050353	16050598	5	0.7753	0.9675	0.1922	64.5713	0.0004307	0.0007459	True
chr21	16050994	16052053	8	0.7828	0.9488	0.166	16.1037	0.001318	0.001809	True
chr21	16056410	16056957	5	0.8648	0.984	0.1192	62.5878	0.0003741	0.0006754	True
chr21	16136601	16136960	5	0.8956	0.9908	0.0953	77.4941	0.0002961	0.0005676	True
chr21	16213550	16213715	5	0.8752	0.6565	-0.2187	18.9475	0.005943	0.00658	True
chr21	16225734	16226697	5	0.8917	0.9919	0.1002	87.4073	5.939e-05	0.0001716	True
chr21	16273644	16274449	5	0.8929	0.994	0.1011	54.7947	2.774e-05	9.644e-05	True
chr21	16290911	16291355	6	0.8787	0.7058	-0.1729	24.7833	0.00142	0.001915	True
chr21	16374422	16374640	6	0.4683	0.8786	0.4102	18.6787	0.0002338	0.0004757	True
chr21	16374706	16374858	5	0.7183	0.9316	0.2133	20.1362	0.004725	0.005363	True
chr21	16377761	16378209	7	0.6922	0.3112	-0.381	17.2497	0.0002303	0.0004703	True
chr21	16418707	16419396	6	0.8652	0.9867	0.1215	24.8089	0.0001711	0.0003746	True
chr21	16443672	16444149	7	0.929	0.8246	-0.1044	18.5988	0.007344	0.00796	True
chr21	16512372	16512648	5	0.7259	0.4817	-0.2442	18.1653	0.003053	0.003656	True
chr21	16513725	16514163	5	0.3889	0.6843	0.2955	15.8782	0.003511	0.004119	True
chr21	16522716	16523331	5	0.8394	0.9835	0.1441	29.6897	0.0004652	0.000789	True
chr21	16577212	16577548	7	0.9382	0.6653	-0.2729	22.1105	0.0001154	0.0002774	True
chr21	16620572	16620865	5	0.8787	0.9923	0.1137	81.4227	2.935e-05	0.0001003	True
chr21	16657929	16658459	5	0.4306	0.9404	0.5098	23.1052	0.0001777	0.0003832	True
chr21	16662353	16662645	7	0.8741	0.7469	-0.1272	15.9226	0.01529	0.01575	True
chr21	16679670	16680107	7	0.826	0.9758	0.1498	18.0236	0.0002309	0.000471	True
chr21	16730331	16730961	5	0.3852	0.7198	0.3346	16.1003	0.002516	0.003094	True
chr21	16755240	16755727	5	0.7871	0.9623	0.1752	15.8788	0.004094	0.004721	True
chr21	16776498	16776628	5	0.9019	0.9941	0.0921	66.195	3.947e-05	0.0001259	True
chr21	16793633	16794121	7	0.9219	0.677	-0.245	15.1427	0.0008788	0.001293	True
chr21	16817886	16818658	6	0.8469	0.9822	0.1353	17.567	0.0004241	0.0007389	True
chr21	16842779	16843252	6	0.9634	0.8686	-0.0948	17.8093	0.0246	0.02492	True
chr21	16877241	16877836	5	0.7328	0.9913	0.2585	48.1206	3.832e-06	2.218e-05	True
chr21	16880348	16881191	6	0.6813	0.9537	0.2724	29.7626	0.0002964	0.0005676	True
chr21	16906394	16906657	5	0.6194	0.898	0.2786	17.6218	0.00515	0.005792	True
chr21	17018328	17019043	5	0.9577	0.8059	-0.1519	26.3158	0.003348	0.003948	True
chr21	17036195	17036813	6	0.8591	0.9563	0.0971	41.2913	0.001488	0.001985	True
chr21	17191552	17192502	5	0.7372	0.9886	0.2515	51.7812	8.771e-06	4.12e-05	True
chr21	17371845	17372380	5	0.8401	0.9916	0.1515	42.3302	2.982e-05	0.0001016	True
chr21	17442567	17444447	23	0.6737	0.1593	-0.5144	19.2113	9.431e-13	4.549e-11	True
chr21	17445561	17446064	11	0.7875	0.4722	-0.3153	34.8429	5.762e-08	7.419e-07	True
chr21	17493848	17494493	6	0.8936	0.9813	0.0876	48.0423	0.002588	0.003179	True
chr21	17550141	17551100	7	0.8254	0.9648	0.1394	32.0043	0.0004491	0.0007676	True
chr21	17562014	17562495	9	0.8247	0.9702	0.1455	24.5809	7.798e-05	0.0002103	True
chr21	17566460	17567318	13	0.584	0.1254	-0.4586	17.4818	2.33e-07	2.342e-06	True
chr21	17594475	17595076	5	0.6548	0.9898	0.335	48.7066	2.877e-06	1.78e-05	True
chr21	17651999	17652590	15	0.7132	0.3041	-0.4091	15.0876	6.146e-07	5.174e-06	True
chr21	17678200	17678353	5	0.7026	0.2367	-0.4659	17.8292	0.00114	0.001605	True
chr21	17740428	17740995	5	0.8814	0.9942	0.1128	85.8481	1.514e-05	6.119e-05	True
chr21	17749561	17749903	5	0.8746	0.5912	-0.2834	45.4111	0.0003392	0.0006266	True
chr21	17828536	17828700	5	0.7739	0.5819	-0.192	17.6582	0.008282	0.008868	True
chr21	17858240	17858521	5	0.8575	0.9894	0.1319	25.4916	0.0001559	0.0003498	True
chr21	17911917	17912245	5	0.9611	0.6037	-0.3574	35.1034	6.894e-05	0.000191	True
chr21	18006463	18007092	7	0.8539	0.3443	-0.5097	18.4237	4.57e-05	0.0001406	True
chr21	18040425	18040879	7	0.7335	0.9679	0.2344	29.8871	4.394e-05	0.0001365	True
chr21	18054535	18054855	5	0.589	0.8745	0.2856	15.3756	0.002788	0.003388	True
chr21	18066493	18067116	5	0.7354	0.9751	0.2398	40.5411	0.000169	0.0003714	True
chr21	18113022	18113294	5	0.9477	0.6183	-0.3294	21.2811	0.0006208	0.0009898	True
chr21	18141667	18142486	5	0.5356	0.8849	0.3493	16.2119	0.001801	0.002331	True
chr21	18174153	18174568	5	0.8199	0.9792	0.1593	23.213	0.0008745	0.001288	True
chr21	18191197	18191411	5	0.8419	0.9783	0.1364	26.2649	0.0006609	0.001034	True
chr21	18194694	18195743	6	0.7168	0.9678	0.251	20.1365	0.000262	0.0005181	True
chr21	18224591	18225293	5	0.7101	0.9947	0.2846	99.7241	1.709e-07	1.824e-06	True
chr21	18232289	18232892	6	0.894	0.9734	0.0794	15.5998	0.01659	0.017	True
chr21	18317538	18318239	6	0.8119	0.9557	0.1438	21.3546	0.002933	0.003536	True
chr21	18421401	18421796	7	0.7544	0.9328	0.1784	20.3822	0.001768	0.002298	True
chr21	18505232	18505983	5	0.8723	0.9906	0.1182	64.791	7.433e-05	0.0002028	True
chr21	18679180	18679663	6	0.8337	0.9631	0.1295	28.1149	0.001716	0.002243	True
chr21	18699075	18699654	5	0.7734	0.963	0.1896	19.0885	0.00281	0.003408	True
chr21	18767390	18767937	5	0.9855	0.8857	-0.0997	30.261	0.001408	0.0019	True
chr21	18816129	18816247	5	0.8788	0.4499	-0.429	18.6395	0.0007495	0.001141	True
chr21	18826985	18827221	18	0.7466	0.2601	-0.4865	27.9907	2.269e-11	7.415e-10	True
chr21	18831143	18831354	5	0.8974	0.9945	0.0971	68.7047	1.99e-05	7.513e-05	True
chr21	18864837	18865883	7	0.9279	0.7632	-0.1647	39.3793	0.0002137	0.0004424	True
chr21	18887404	18887575	5	0.8935	0.9677	0.0742	16.7691	0.04079	0.04087	True
chr21	18912421	18912720	7	0.6377	0.9389	0.3012	20.8407	0.0001463	0.0003333	True
chr21	18943332	18943468	5	0.9564	0.5231	-0.4333	21.4207	0.0001491	0.0003376	True
chr21	18957860	18957904	6	0.7094	0.9857	0.2763	31.6127	5.236e-06	2.734e-05	True
chr21	18985440	18985461	6	0.1981	0.0093	-0.1888	63.0378	1.471e-06	1.038e-05	True
chr21	18985477	18985860	28	0.5956	0.1051	-0.4905	44.4848	1.787e-21	2.088e-19	True
chr21	19012906	19014667	8	0.8582	0.9547	0.0966	17.0763	0.004093	0.004721	True
chr21	19023292	19023494	5	0.8679	0.969	0.1011	25.385	0.01069	0.01125	True
chr21	19048895	19049253	6	0.7976	0.9717	0.1741	49.5418	0.0001008	0.0002515	True
chr21	19065743	19066128	10	0.8385	0.9847	0.1462	30.7459	6.379e-07	5.316e-06	True
chr21	19070443	19070623	5	0.8557	0.9912	0.1356	89.1535	1.467e-05	5.994e-05	True
chr21	19071726	19072239	6	0.6678	0.8712	0.2034	25.1341	0.001128	0.001592	True
chr21	19077106	19077603	6	0.8263	0.9527	0.1264	32.0334	0.001998	0.002543	True
chr21	19093456	19093543	6	0.8498	0.9922	0.1424	65.2658	4.254e-06	2.381e-05	True
chr21	19106425	19107033	6	0.8439	0.9918	0.1479	135.1927	5.545e-07	4.815e-06	True
chr21	19119793	19120032	5	0.7958	0.9831	0.1873	35.9524	0.0001088	0.0002661	True
chr21	19139404	19139738	6	0.8343	0.9655	0.1313	18.5517	0.002966	0.003569	True
chr21	19151931	19152507	7	0.8178	0.9727	0.1549	47.2083	6.466e-05	0.0001836	True
chr21	19218089	19218489	6	0.766	0.9624	0.1964	33.8597	0.0004965	0.0008291	True
chr21	19224530	19225564	5	0.6673	0.9701	0.3028	16.5991	0.0003306	0.0006164	True
chr21	19228644	19229418	11	0.7119	0.9405	0.2286	15.3789	0.0001423	0.000325	True
chr21	19246205	19247024	6	0.8205	0.9652	0.1447	17.1095	0.002684	0.003274	True
chr21	19250486	19250625	5	0.835	0.9807	0.1457	29.2876	0.0008315	0.001236	True
chr21	19250810	19252567	17	0.5601	0.9241	0.364	16.0027	8.405e-09	1.427e-07	True
chr21	19254793	19255206	5	0.7573	0.9552	0.198	43.1968	0.0005348	0.0008818	True
chr21	19256838	19256969	6	0.8381	0.9663	0.1282	21.2658	0.00307	0.003667	True
chr21	19257470	19258310	5	0.3384	0.9123	0.5739	45.923	5.517e-05	0.0001624	True
chr21	19264054	19264515	6	0.7824	0.9705	0.1881	20.6001	0.0004265	0.0007416	True
chr21	19265291	19265925	5	0.7352	0.9771	0.2419	34.2188	0.0001574	0.0003513	True
chr21	19285942	19286513	7	0.6021	0.8848	0.2828	19.9538	0.0007382	0.001128	True
chr21	19286683	19287475	6	0.7018	0.9569	0.255	34.4979	0.0001854	0.0003959	True
chr21	19288118	19288280	5	0.6485	0.9819	0.3334	178.8956	5.098e-06	2.694e-05	True
chr21	19308604	19309130	6	0.4991	0.9439	0.4449	29.2843	6.872e-05	0.0001907	True
chr21	19315974	19316807	6	0.7336	0.9611	0.2275	20.4324	0.0003952	0.0007011	True
chr21	19337886	19338636	6	0.7059	0.9583	0.2524	31.1216	0.0001359	0.000314	True
chr21	19349825	19350017	7	0.8883	0.9883	0.1001	27.9984	4.423e-05	0.000137	True
chr21	19350725	19350773	7	0.897	0.9943	0.0974	92.4479	5.921e-07	5.047e-06	True
chr21	19365212	19365269	6	0.6966	0.9868	0.2903	59.4986	1.221e-06	8.924e-06	True
chr21	19366609	19367476	11	0.79	0.9454	0.1554	31.535	1.386e-05	5.777e-05	True
chr21	19371167	19371912	5	0.6298	0.9206	0.2908	33.2892	0.001047	0.001494	True
chr21	19375018	19375178	5	0.8279	0.9869	0.159	333.1599	5.566e-06	2.862e-05	True
chr21	19402396	19402833	6	0.6486	0.8783	0.2297	15.8699	0.005783	0.006417	True
chr21	19422827	19423744	6	0.4684	0.9309	0.4625	15.5129	0.0002486	0.0004961	True
chr21	19434659	19434821	5	0.7401	0.949	0.2089	43.2198	0.0007265	0.001113	True
chr21	19438789	19439759	6	0.675	0.9087	0.2338	20.4962	0.0009967	0.001438	True
chr21	19463324	19463721	5	0.7434	0.9323	0.1889	42.3964	0.003424	0.004027	True
chr21	19483596	19484054	5	0.736	0.9922	0.2562	56.2793	2.273e-06	1.479e-05	True
chr21	19496471	19496704	5	0.7027	0.9351	0.2324	41.9357	6.618e-05	0.0001859	True
chr21	19518433	19518718	9	0.721	0.9762	0.2552	44.8523	2.931e-07	2.836e-06	True
chr21	19538001	19538583	5	0.704	0.9573	0.2533	18.6869	0.001143	0.001607	True
chr21	19539905	19540564	6	0.7677	0.9765	0.2088	42.6435	6.583e-05	0.0001857	True
chr21	19565740	19566803	10	0.605	0.9425	0.3375	28.0866	1.614e-06	1.12e-05	True
chr21	19616844	19617099	8	0.1586	0.0332	-0.1254	21.2342	0.0008589	0.001268	True
chr21	19617112	19617482	35	0.2277	0.0405	-0.1872	22.5624	5.606e-15	3.703e-13	True
chr21	19617504	19617618	18	0.2763	0.0375	-0.2388	72.3817	4.222e-14	2.618e-12	True
chr21	19617668	19617933	19	0.1368	0.0056	-0.1312	145.2533	6.068e-20	6.147e-18	True
chr21	19618002	19618098	6	0.2252	0.0362	-0.189	35.1697	0.0003662	0.0006656	True
chr21	19632172	19633233	6	0.7385	0.9936	0.2551	97.1976	6.571e-08	8.426e-07	True
chr21	19637006	19637690	7	0.6545	0.9874	0.3329	67.5087	2.45e-08	3.632e-07	True
chr21	19639511	19640072	6	0.54	0.9506	0.4107	37.4759	1.772e-05	6.867e-05	True
chr21	19651025	19652774	18	0.6639	0.959	0.2951	16.2634	4.649e-10	1.149e-08	True
chr21	19665332	19666037	7	0.318	0.8167	0.4987	19.3829	0.001174	0.001639	True
chr21	19671840	19672178	7	0.5567	0.9374	0.3807	37.8775	5.476e-06	2.83e-05	True
chr21	19685391	19686351	6	0.5282	0.9704	0.4422	34.8683	7.465e-06	3.647e-05	True
chr21	19693910	19694408	13	0.4888	0.9045	0.4157	16.2148	9.307e-06	4.318e-05	True
chr21	19702483	19702668	6	0.6405	0.9529	0.3125	22.1845	0.0002152	0.0004451	True
chr21	19713216	19713686	5	0.4599	0.9798	0.5199	103.1604	1.525e-06	1.07e-05	True
chr21	19721121	19722129	7	0.1992	0.9048	0.7056	50.3565	2.012e-06	1.338e-05	True
chr21	19723785	19724536	6	0.3406	0.8695	0.5289	28.9324	0.0001328	0.000309	True
chr21	19731364	19731662	6	0.5296	0.9502	0.4207	31.2178	5.21e-05	0.0001552	True
chr21	19738129	19738212	6	0.7742	0.9915	0.2173	56.2384	8.653e-07	6.753e-06	True
chr21	19763824	19764214	5	0.5335	0.958	0.4245	28.2389	0.0001561	0.0003498	True
chr21	19764475	19765425	8	0.3995	0.8226	0.4231	34.286	5.75e-05	0.0001677	True
chr21	19791837	19792066	5	0.4021	0.8875	0.4854	18.3643	0.001042	0.00149	True
chr21	19795010	19795424	5	0.4704	0.8668	0.3964	27.0091	0.001989	0.002533	True
chr21	19824747	19825051	6	0.5403	0.9749	0.4346	56.7591	2.287e-06	1.485e-05	True
chr21	19847658	19848062	7	0.5618	0.9197	0.3578	26.5603	6.54e-05	0.0001852	True
chr21	19869695	19870007	5	0.316	0.9709	0.655	126.8516	3.173e-06	1.932e-05	True
chr21	19873205	19873644	5	0.3079	0.8405	0.5325	58.821	3.994e-06	2.275e-05	True
chr21	19884703	19885470	5	0.3633	0.8333	0.47	27.0294	0.0001217	0.0002888	True
chr21	19889668	19890577	10	0.4462	0.7811	0.3349	15.2992	0.0003386	0.0006264	True
chr21	19922985	19923216	5	0.1036	0.9301	0.8266	21.1317	0.0003186	0.0005986	True
chr21	19962784	19963657	7	0.4194	0.9034	0.484	31.043	1.395e-05	5.793e-05	True
chr21	19983651	19984698	5	0.506	0.7834	0.2774	34.1876	0.0002029	0.000424	True
chr21	20024276	20024317	5	0.7613	0.9931	0.2319	189.7204	4.364e-07	3.982e-06	True
chr21	20041626	20042579	8	0.4268	0.944	0.5172	33.2233	1.706e-06	1.176e-05	True
chr21	20055226	20055988	7	0.4578	0.9503	0.4924	36.1698	4.641e-06	2.541e-05	True
chr21	20059267	20059734	5	0.1922	0.7908	0.5986	27.8402	0.0003375	0.0006254	True
chr21	20061187	20062260	10	0.3331	0.8108	0.4777	15.9148	5.115e-05	0.0001536	True
chr21	20112343	20113009	5	0.3945	0.8734	0.4789	32.7696	0.0006203	0.0009898	True
chr21	20114117	20114615	5	0.6557	0.9922	0.3366	72.1619	7.026e-07	5.755e-06	True
chr21	20120518	20121091	6	0.5167	0.8998	0.383	15.7635	0.001081	0.001538	True
chr21	20122888	20123506	7	0.4984	0.9472	0.4489	33.9502	3.228e-06	1.962e-05	True
chr21	20124425	20125102	7	0.4523	0.9789	0.5266	89.2682	4.653e-09	8.126e-08	True
chr21	20131563	20131814	5	0.6361	0.9486	0.3125	22.9624	0.000668	0.001041	True
chr21	20135302	20136093	7	0.2078	0.822	0.6142	20.2982	0.000171	0.0003746	True
chr21	20137417	20138198	12	0.5595	0.9271	0.3676	21.8253	2.256e-07	2.293e-06	True
chr21	20152345	20152834	9	0.5221	0.9566	0.4344	25.2047	4.458e-07	4.044e-06	True
chr21	20156904	20157167	5	0.4802	0.9281	0.4478	19.5531	0.000655	0.001028	True
chr21	20158037	20158330	5	0.2739	0.906	0.6322	30.1314	0.000185	0.0003953	True
chr21	20164196	20164253	5	0.6852	0.9936	0.3084	159.5062	9.965e-08	1.172e-06	True
chr21	20250389	20250578	7	0.4825	0.9051	0.4226	42.4593	6.331e-05	0.0001803	True
chr21	20255950	20256419	6	0.4031	0.8363	0.4332	17.1827	0.0002461	0.0004928	True
chr21	20282251	20283284	6	0.2734	0.8505	0.5771	18.2088	0.001082	0.001539	True
chr21	20289078	20290047	12	0.4623	0.8535	0.3912	16.7716	3.247e-06	1.969e-05	True
chr21	20322898	20323701	6	0.5423	0.9373	0.395	17.3361	0.0002666	0.0005244	True
chr21	20339086	20339285	7	0.6661	0.9663	0.3003	21.879	1.949e-05	7.414e-05	True
chr21	20359365	20359690	7	0.6266	0.8975	0.2709	22.2046	0.0003836	0.0006874	True
chr21	20365181	20365284	6	0.6456	0.9519	0.3063	37.5301	8.199e-05	0.000218	True
chr21	20393119	20393472	6	0.5916	0.946	0.3544	22.1214	0.0002045	0.0004264	True
chr21	20393503	20393753	6	0.7459	0.9806	0.2346	49.445	1.56e-05	6.255e-05	True
chr21	20420564	20421113	5	0.2004	0.4984	0.298	21.0288	0.001347	0.001841	True
chr21	20448894	20449563	9	0.6277	0.9531	0.3254	34.0018	2.142e-06	1.406e-05	True
chr21	20450173	20450480	5	0.2458	0.8995	0.6537	22.7817	0.001202	0.001672	True
chr21	20451953	20452600	6	0.497	0.8878	0.3908	19.3945	0.0006456	0.001019	True
chr21	20452787	20453396	5	0.5319	0.9466	0.4147	23.1495	0.0002496	0.0004973	True
chr21	20455165	20455927	5	0.6275	0.9082	0.2807	15.244	0.004566	0.005201	True
chr21	20456214	20457000	9	0.2233	0.7941	0.5709	20.3273	3.074e-05	0.0001035	True
chr21	20462042	20462353	6	0.5059	0.9148	0.4089	19.289	0.0002351	0.0004775	True
chr21	20500641	20500694	5	0.624	0.9867	0.3627	39.9151	7.395e-06	3.624e-05	True
chr21	20502557	20503156	5	0.4564	0.8742	0.4179	34.4364	0.001146	0.001609	True
chr21	20527606	20528632	5	0.7173	0.9739	0.2567	24.2989	0.0003383	0.0006264	True
chr21	20528761	20528961	5	0.4428	0.9088	0.4659	26.842	0.0003106	0.0005871	True
chr21	20538242	20539061	5	0.307	0.8994	0.5924	15.4411	0.002357	0.00293	True
chr21	20571861	20572173	5	0.5413	0.9582	0.4169	16.9902	0.0002462	0.0004928	True
chr21	20576177	20576893	8	0.477	0.928	0.451	19.5831	2.311e-05	8.4e-05	True
chr21	20589440	20589834	5	0.5182	0.9368	0.4185	17.5149	0.0006864	0.001063	True
chr21	20596589	20596661	5	0.6629	0.9658	0.3029	16.1078	0.000444	0.0007606	True
chr21	20608926	20609181	5	0.4228	0.9412	0.5184	19.9124	0.0002906	0.0005604	True
chr21	20617389	20618656	52	0.6731	0.9506	0.2775	21.3539	1.194e-25	2.016e-23	True
chr21	20628667	20629923	6	0.6021	0.9118	0.3098	15.0388	0.001741	0.00227	True
chr21	20630402	20631203	5	0.5749	0.9518	0.3769	22.5211	0.0004583	0.0007811	True
chr21	20634243	20634642	5	0.5998	0.9231	0.3233	16.1976	0.002803	0.003402	True
chr21	20635399	20636073	6	0.37	0.9057	0.5357	16.5984	0.001155	0.00162	True
chr21	20657473	20657519	5	0.5221	0.9682	0.4461	18.9901	0.000109	0.0002664	True
chr21	20703948	20705234	8	0.5761	0.9562	0.3801	15.7501	1.208e-05	5.228e-05	True
chr21	20758252	20759803	10	0.3916	0.8153	0.4237	19.5657	3.632e-05	0.0001187	True
chr21	20786975	20787887	7	0.4279	0.943	0.5151	25.5318	7.784e-06	3.759e-05	True
chr21	20790098	20790228	5	0.6539	0.9641	0.3103	27.0446	0.0002977	0.000569	True
chr21	20796370	20796565	6	0.6386	0.9561	0.3175	25.4668	0.0001324	0.0003082	True
chr21	20805674	20806182	6	0.2807	0.8767	0.5961	15.5436	0.000982	0.001421	True
chr21	20817567	20817780	5	0.5364	0.9932	0.4568	95.44	1.003e-07	1.172e-06	True
chr21	20825728	20826234	6	0.5476	0.9307	0.3831	16.6398	0.0003892	0.0006947	True
chr21	20831502	20831798	7	0.8685	0.9687	0.1002	20.6372	0.005133	0.005778	True
chr21	20852450	20852903	5	0.4379	0.8662	0.4283	73.0576	7.627e-06	3.715e-05	True
chr21	20865784	20865859	8	0.6793	0.9528	0.2735	20.9294	2.672e-05	9.354e-05	True
chr21	20865910	20865948	5	0.8834	0.9759	0.0925	19.2225	0.01255	0.01307	True
chr21	20865962	20866016	9	0.7736	0.9713	0.1976	89.1244	1e-06	7.638e-06	True
chr21	20880373	20881443	10	0.601	0.9312	0.3302	15.9061	7.931e-06	3.809e-05	True
chr21	20885498	20886475	11	0.5425	0.871	0.3285	19.6306	1.393e-05	5.791e-05	True
chr21	20933819	20933919	6	0.8788	0.9781	0.0993	22.0563	0.003542	0.004146	True
chr21	20967652	20967767	5	0.809	0.9776	0.1686	23.0618	0.0008438	0.001251	True
chr21	20974666	20975153	5	0.8409	0.9883	0.1474	39.5464	0.000156	0.0003498	True
chr21	20994863	20995086	5	0.6809	0.9373	0.2564	35.1133	0.001201	0.001671	True
chr21	21013420	21013576	5	0.5057	0.8131	0.3074	27.0361	0.0003885	0.0006945	True
chr21	21101367	21101752	5	0.6473	0.9743	0.327	33.6116	0.0001	0.0002502	True
chr21	21132290	21132410	13	0.7937	0.95	0.1562	20.4271	1.699e-05	6.706e-05	True
chr21	21163251	21163457	5	0.895	0.9949	0.0999	93.8975	1.227e-05	5.28e-05	True
chr21	21167568	21167713	5	0.7844	0.9439	0.1596	46.0336	0.003309	0.003915	True
chr21	21225797	21226358	16	0.7716	0.9121	0.1405	19.347	4.621e-05	0.0001416	True
chr21	21258870	21259098	6	0.8302	0.976	0.1458	27.4497	0.0004216	0.0007363	True
chr21	21263978	21264141	9	0.8013	0.953	0.1517	47.7697	1.127e-05	4.98e-05	True
chr21	21272211	21272292	5	0.851	0.9578	0.1068	54.632	0.0008047	0.001203	True
chr21	21272491	21272687	5	0.8415	0.9748	0.1333	45.0791	0.0009424	0.001372	True
chr21	21316053	21316546	6	0.4606	0.8914	0.4308	21.2427	0.0003359	0.0006237	True
chr21	21365328	21365777	5	0.8031	0.5783	-0.2248	16.794	0.005378	0.006017	True
chr21	21370147	21370284	7	0.6422	0.9823	0.3401	24.9373	1.021e-06	7.78e-06	True
chr21	21370528	21370858	5	0.8201	0.9703	0.1502	38.463	0.001166	0.00163	True
chr21	21371692	21372017	15	0.7728	0.9656	0.1928	17.608	1.387e-07	1.541e-06	True
chr21	21386776	21387417	6	0.3579	0.8188	0.4609	15.8043	0.001329	0.001822	True
chr21	21391750	21392532	10	0.7603	0.9684	0.2081	22.823	3.616e-06	2.135e-05	True
chr21	21403893	21404293	5	0.751	0.8941	0.1431	27.1255	0.00302	0.003626	True
chr21	21420853	21421261	13	0.8026	0.9428	0.1402	15.0299	0.000172	0.0003756	True
chr21	21458359	21458536	6	0.7581	0.9759	0.2178	39.036	5.259e-05	0.0001562	True
chr21	21459094	21460141	8	0.3229	0.7695	0.4466	19.8624	7.395e-05	0.0002024	True
chr21	21463763	21464258	10	0.8407	0.9709	0.1302	17.1637	8.056e-05	0.0002157	True
chr21	21475372	21476000	8	0.7226	0.94	0.2174	15.4634	0.0004795	0.00081	True
chr21	21477477	21477623	6	0.7609	0.9693	0.2083	36.589	0.0001499	0.0003388	True
chr21	21523460	21523777	5	0.6989	0.9764	0.2775	51.6475	2.994e-05	0.0001019	True
chr21	21548347	21548450	7	0.7222	0.9653	0.2431	16.1842	0.0001075	0.0002646	True
chr21	21552427	21552722	7	0.7859	0.9854	0.1995	45.0897	2.789e-06	1.744e-05	True
chr21	21582865	21583190	7	0.818	0.9777	0.1597	37.5367	3.06e-05	0.0001032	True
chr21	21637134	21637527	6	0.7479	0.9775	0.2296	23.9123	7.432e-05	0.0002028	True
chr21	21755075	21755498	5	0.8532	0.9787	0.1255	32.365	0.001374	0.001869	True
chr21	21775835	21776770	7	0.7134	0.9699	0.2565	22.9661	2.665e-05	9.34e-05	True
chr21	21797691	21797850	6	0.7953	0.9926	0.1973	85.1562	1.791e-07	1.896e-06	True
chr21	21805208	21805349	5	0.8735	0.9867	0.1132	34.9578	0.0004347	0.0007508	True
chr21	21842467	21843074	5	0.48	0.8391	0.3591	65.1586	7.232e-06	3.562e-05	True
chr21	21879272	21880742	17	0.6411	0.9151	0.274	19.4602	1.482e-07	1.62e-06	True
chr21	21904437	21905409	8	0.4283	0.8324	0.4041	22.0687	1.604e-05	6.371e-05	True
chr21	21906583	21906998	6	0.6408	0.9804	0.3397	43.0393	4.633e-06	2.541e-05	True
chr21	21910734	21910901	5	0.6407	0.9353	0.2945	15.6987	0.00238	0.002955	True
chr21	21917809	21918121	10	0.6115	0.9564	0.345	17.3794	1.982e-06	1.324e-05	True
chr21	21919836	21919887	5	0.8332	0.9892	0.1561	64.6816	3.863e-05	0.0001237	True
chr21	21933750	21933941	6	0.768	0.9693	0.2013	20.7624	0.00034	0.0006277	True
chr21	21934140	21934804	5	0.7416	0.9895	0.2479	61.8705	4.816e-06	2.604e-05	True
chr21	21935040	21935199	6	0.7027	0.9931	0.2904	80.2832	5.701e-08	7.372e-07	True
chr21	21956440	21956813	9	0.5798	0.9125	0.3327	18.1359	1.895e-05	7.262e-05	True
chr21	21957118	21957329	7	0.6826	0.9873	0.3047	32.5006	2.335e-07	2.342e-06	True
chr21	21999116	21999348	5	0.7125	0.9676	0.255	17.4737	0.001291	0.001777	True
chr21	21999428	22000170	15	0.6929	0.9686	0.2756	15.5285	4.098e-09	7.284e-08	True
chr21	22009892	22010489	5	0.4735	0.9681	0.4946	36.1098	3.709e-05	0.0001199	True
chr21	22017793	22019063	15	0.546	0.948	0.402	30.9238	1.733e-10	4.621e-09	True
chr21	22072951	22073788	7	0.5201	0.8675	0.3474	19.2554	0.0004611	0.0007842	True
chr21	22073961	22074281	7	0.4178	0.9167	0.4989	23.1219	1.075e-05	4.792e-05	True
chr21	22084359	22084865	5	0.4693	0.9109	0.4416	27.671	0.0004419	0.0007587	True
chr21	22085828	22086797	5	0.5231	0.9618	0.4388	38.9099	5.146e-05	0.0001541	True
chr21	22106752	22107770	6	0.4067	0.8629	0.4562	26.4333	0.0002915	0.0005613	True
chr21	22110231	22110979	8	0.567	0.9081	0.3411	25.7469	7.756e-05	0.0002093	True
chr21	22111381	22111782	5	0.451	0.8813	0.4303	15.2414	0.001899	0.002438	True
chr21	22111920	22112362	9	0.5274	0.9481	0.4207	49.0577	1.267e-07	1.436e-06	True
chr21	22113914	22114372	6	0.4239	0.9064	0.4825	25.093	9.441e-05	0.0002405	True
chr21	22134174	22134894	5	0.4214	0.9201	0.4987	23.1625	0.0002377	0.0004813	True
chr21	22142567	22142954	6	0.3006	0.9633	0.6627	71.8179	9.381e-07	7.219e-06	True
chr21	22153983	22154171	6	0.6708	0.949	0.2781	15.468	0.0004299	0.0007459	True
chr21	22154441	22154710	9	0.6807	0.9707	0.2899	34.0541	4.904e-07	4.324e-06	True
chr21	22159596	22160609	7	0.649	0.9301	0.2812	17.6932	0.0003939	0.0006992	True
chr21	22173020	22173423	5	0.2524	0.8992	0.6468	21.6291	0.001151	0.001615	True
chr21	22173715	22173792	5	0.7189	0.9177	0.1988	19.6414	0.002484	0.003067	True
chr21	22174743	22175216	7	0.5985	0.9158	0.3174	23.6831	0.0002812	0.0005464	True
chr21	22178577	22179070	7	0.5393	0.9681	0.4288	28.686	2.478e-06	1.578e-05	True
chr21	22179293	22180194	5	0.5387	0.9014	0.3627	18.2563	0.0006122	0.0009797	True
chr21	22181281	22181396	5	0.6265	0.967	0.3405	52.6169	5.516e-05	0.0001624	True
chr21	22186984	22187816	8	0.5145	0.9379	0.4234	24.5534	8.637e-06	4.08e-05	True
chr21	22188017	22188415	5	0.6845	0.9585	0.2741	25.4618	0.0008622	0.001273	True
chr21	22198696	22198904	5	0.6499	0.9285	0.2786	17.3922	0.003611	0.004206	True
chr21	22200643	22200952	6	0.5263	0.9264	0.4001	62.8557	0.0001032	0.0002561	True
chr21	22202639	22203204	5	0.3051	0.9462	0.6411	18.8075	0.00017	0.0003728	True
chr21	22232848	22233684	6	0.5652	0.9744	0.4092	52.316	3.642e-06	2.139e-05	True
chr21	22267222	22267464	7	0.7108	0.9615	0.2506	28.4214	4.09e-05	0.0001295	True
chr21	22267688	22268196	6	0.6516	0.9708	0.3192	29.7011	3.04e-05	0.000103	True
chr21	22277045	22278338	10	0.7146	0.9418	0.2272	24.0182	2.215e-05	8.121e-05	True
chr21	22281421	22281823	6	0.716	0.9911	0.2751	59.2293	3.539e-07	3.342e-06	True
chr21	22346173	22347017	5	0.486	0.9398	0.4538	17.1004	0.0004033	0.0007106	True
chr21	22362684	22362752	5	0.8105	0.9671	0.1565	25.4264	0.0025	0.003083	True
chr21	22369135	22369441	10	0.8089	0.4642	-0.3448	18.812	1.012e-05	4.53e-05	True
chr21	22369474	22370347	54	0.5198	0.0702	-0.4496	24.3553	1.072e-29	3.009e-27	True
chr21	22388324	22388612	6	0.8556	0.9702	0.1146	23.671	0.003648	0.004245	True
chr21	22389838	22389891	5	0.838	0.9943	0.1563	141.8497	1.092e-06	8.156e-06	True
chr21	22416041	22416103	7	0.8276	0.9812	0.1536	53.8722	1.575e-05	6.29e-05	True
chr21	22420950	22421594	5	0.8149	0.9955	0.1805	102.0521	4.613e-07	4.16e-06	True
chr21	22447828	22448172	5	0.8558	0.993	0.1372	86.0726	1.765e-05	6.864e-05	True
chr21	22453475	22453855	6	0.8797	0.9953	0.1155	96.7796	4.526e-07	4.094e-06	True
chr21	22471664	22472188	5	0.8143	0.989	0.1747	52.1796	5.978e-05	0.0001724	True
chr21	22495529	22496290	20	0.7595	0.962	0.2025	17.3126	1.583e-09	3.251e-08	True
chr21	22507178	22507283	5	0.7816	0.9646	0.183	22.511	0.001864	0.0024	True
chr21	22519261	22519343	6	0.8203	0.9663	0.146	30.5994	0.001176	0.001641	True
chr21	22519385	22519532	7	0.873	0.9842	0.1112	53.1619	4.619e-05	0.0001416	True
chr21	22546386	22546532	8	0.8634	0.9763	0.1129	17.1666	0.0005027	0.0008389	True
chr21	22584587	22585350	6	0.6751	0.9595	0.2844	19.5456	0.0003035	0.0005767	True
chr21	22590483	22591089	5	0.7564	0.9917	0.2353	58.2118	4.415e-06	2.444e-05	True
chr21	22822137	22822917	6	0.7213	0.9764	0.2551	43.4025	1.425e-05	5.861e-05	True
chr21	22829832	22830486	6	0.7938	0.9656	0.1718	36.2195	0.0003748	0.0006756	True
chr21	22896712	22897005	5	0.6096	0.905	0.2954	28.404	0.002285	0.00286	True
chr21	22975206	22975292	5	0.5107	0.9113	0.4006	25.6246	0.0007694	0.001164	True
chr21	23032099	23032574	5	0.5203	0.9904	0.4701	65.2466	5.431e-07	4.729e-06	True
chr21	23120817	23121122	6	0.6667	0.9636	0.2969	17.8859	0.0001526	0.0003436	True
chr21	23162359	23162751	9	0.7268	0.9795	0.2528	40.6536	1.889e-07	1.979e-06	True
chr21	23166582	23166817	5	0.8024	0.9708	0.1685	24.3373	0.002067	0.002623	True
chr21	23172064	23172604	5	0.7093	0.9795	0.2702	19.4681	0.000168	0.0003702	True
chr21	23191968	23192642	6	0.5137	0.9496	0.4359	26.3871	3.537e-05	0.0001166	True
chr21	23217623	23217869	6	0.7545	0.9712	0.2167	17.5958	0.0003682	0.0006677	True
chr21	23219829	23220641	7	0.7297	0.965	0.2353	16.661	9.825e-05	0.0002472	True
chr21	23225427	23225789	7	0.677	0.9411	0.264	28.0309	0.0001404	0.0003211	True
chr21	23251423	23251831	5	0.7116	0.9641	0.2525	24.8933	0.0005923	0.0009545	True
chr21	23273358	23273722	6	0.9236	0.6593	-0.2643	24.1545	0.0001448	0.0003303	True
chr21	23321589	23322272	6	0.8162	0.9776	0.1614	23.8578	0.0003889	0.0006947	True
chr21	23412829	23413350	6	0.8816	0.99	0.1083	64.5856	3.457e-05	0.0001144	True
chr21	23556042	23556157	5	0.7572	0.96	0.2028	20.5768	0.00248	0.003064	True
chr21	23562835	23562901	5	0.8421	0.9804	0.1383	74.7146	0.0004391	0.0007548	True
chr21	23577676	23577998	6	0.89	0.9915	0.1015	40.0753	3.593e-05	0.0001179	True
chr21	23657882	23658846	6	0.6867	0.9214	0.2347	21.5557	0.001575	0.002085	True
chr21	23726484	23726708	8	0.8793	0.9894	0.1101	49.7221	2.869e-06	1.78e-05	True
chr21	23747029	23747323	8	0.7324	0.2417	-0.4908	17.7492	0.0002021	0.0004228	True
chr21	23768446	23768653	6	0.7951	0.9549	0.1598	15.4911	0.004289	0.004925	True
chr21	23804477	23805039	5	0.9722	0.7908	-0.1814	34.205	0.0007877	0.001187	True
chr21	23834980	23835321	5	0.797	0.9768	0.1798	33.1558	0.0004835	0.000815	True
chr21	23883049	23883649	5	0.87	0.9898	0.1198	36.1986	0.0001916	0.0004056	True
chr21	23916434	23916700	5	0.6723	0.9676	0.2952	17.6246	0.0004456	0.0007629	True
chr21	23969774	23970046	8	0.7992	0.9379	0.1386	16.3474	0.002339	0.002914	True
chr21	23970238	23970414	10	0.8359	0.9553	0.1194	16.7739	0.0007516	0.001143	True
chr21	23994198	23994588	5	0.7046	0.9769	0.2723	25.9732	0.0001477	0.0003354	True
chr21	24026197	24026534	5	0.7283	0.9259	0.1976	17.3266	0.00672	0.007346	True
chr21	24101849	24102777	10	0.7561	0.9573	0.2012	16.0087	3.054e-05	0.0001032	True
chr21	24211809	24212399	5	0.6715	0.9803	0.3088	33.6224	4.428e-05	0.000137	True
chr21	24216302	24216460	5	0.3417	0.9436	0.6019	30.4286	0.0001477	0.0003354	True
chr21	24219131	24220317	7	0.3785	0.8747	0.4962	19.236	0.0001845	0.0003946	True
chr21	24235674	24236007	5	0.616	0.9556	0.3396	17.2963	0.0005807	0.0009387	True
chr21	24237403	24237740	5	0.3014	0.9576	0.6562	49.4988	2.86e-05	9.867e-05	True
chr21	24242151	24242440	5	0.7426	0.9752	0.2326	25.6389	0.0002634	0.0005199	True
chr21	24251011	24251639	5	0.4045	0.9466	0.5421	37.1338	7.399e-05	0.0002024	True
chr21	24261446	24262127	6	0.4967	0.9119	0.4152	23.6073	0.0003421	0.0006301	True
chr21	24262555	24264109	12	0.3923	0.9136	0.5212	21.8449	1.149e-06	8.517e-06	True
chr21	24273757	24274968	9	0.3701	0.8055	0.4354	19.4877	6.473e-06	3.241e-05	True
chr21	24277175	24277576	5	0.4453	0.9105	0.4652	17.3963	0.001079	0.001536	True
chr21	24331817	24332697	10	0.4958	0.9317	0.4359	42.8496	1.874e-07	1.977e-06	True
chr21	24334437	24334946	5	0.6655	0.9667	0.3012	43.4322	0.0001031	0.0002561	True
chr21	24337581	24337847	5	0.4991	0.9865	0.4874	93.7283	8.389e-07	6.618e-06	True
chr21	24365571	24366019	7	0.4372	0.9607	0.5235	31.3232	2.687e-06	1.691e-05	True
chr21	24379732	24380323	5	0.4386	0.866	0.4275	16.5576	0.0007637	0.001157	True
chr21	24386691	24387428	6	0.5483	0.9178	0.3696	18.8431	0.0005355	0.000882	True
chr21	24393418	24393503	6	0.5479	0.9342	0.3863	18.7475	0.000267	0.0005248	True
chr21	24411488	24412173	8	0.5528	0.9521	0.3994	22.0642	5.119e-06	2.701e-05	True
chr21	24437017	24437431	7	0.4964	0.9505	0.4541	41.9216	3.998e-06	2.275e-05	True
chr21	24441976	24442583	7	0.5111	0.9282	0.4171	17.257	0.0001377	0.0003167	True
chr21	24473550	24474243	23	0.7245	0.9608	0.2363	17.4976	9.279e-12	3.352e-10	True
chr21	24497607	24498044	5	0.6988	0.9562	0.2574	17.7255	0.001062	0.001513	True
chr21	24500607	24501127	6	0.6562	0.9365	0.2803	15.46	0.0008365	0.001242	True
chr21	24503164	24503578	6	0.4039	0.9425	0.5386	50.7481	1.141e-05	5.017e-05	True
chr21	24537082	24537424	5	0.5559	0.9152	0.3593	16.5572	0.001353	0.001846	True
chr21	24572813	24573327	10	0.6351	0.962	0.3268	54.746	4.828e-08	6.435e-07	True
chr21	24583663	24584746	8	0.4099	0.8333	0.4234	15.9657	0.0001316	0.0003073	True
chr21	24612977	24613589	6	0.2287	0.8481	0.6195	25.6173	0.0002329	0.0004741	True
chr21	24620350	24621258	5	0.3021	0.9152	0.6132	18.8323	0.0004109	0.000721	True
chr21	24638730	24640382	12	0.4879	0.9263	0.4384	19.7135	1.39e-07	1.541e-06	True
chr21	24646816	24647326	6	0.6035	0.9689	0.3654	24.3248	2.482e-05	8.853e-05	True
chr21	24647816	24648131	5	0.5065	0.853	0.3464	44.6535	9.684e-05	0.0002451	True
chr21	24659734	24661718	15	0.429	0.7558	0.3269	18.3762	2.485e-07	2.46e-06	True
chr21	24671194	24672279	7	0.5811	0.9619	0.3808	22.8326	9.828e-06	4.451e-05	True
chr21	24697774	24699481	10	0.4805	0.9461	0.4657	19.249	4.147e-07	3.819e-06	True
chr21	24708341	24709449	9	0.4894	0.9298	0.4404	19.8084	4.093e-06	2.316e-05	True
chr21	24717844	24717975	5	0.5496	0.9765	0.4269	78.4839	4.31e-06	2.403e-05	True
chr21	24737299	24737494	5	0.7838	0.9723	0.1885	15.7493	0.001789	0.002322	True
chr21	24739394	24739831	10	0.5004	0.9506	0.4501	44.3864	1.124e-08	1.838e-07	True
chr21	24743349	24744325	10	0.6056	0.9814	0.3758	61.7642	3.882e-10	9.671e-09	True
chr21	24780099	24781504	10	0.6313	0.8996	0.2683	17.3477	5.073e-05	0.0001527	True
chr21	24793988	24794487	6	0.3999	0.7679	0.368	31.3743	8.074e-05	0.0002157	True
chr21	24796082	24796115	5	0.8156	0.9915	0.1758	45.3969	1.732e-05	6.818e-05	True
chr21	24803205	24803521	6	0.6589	0.9183	0.2594	15.3223	0.002688	0.003277	True
chr21	24815137	24815810	8	0.5044	0.9612	0.4568	28.6536	6.79e-07	5.577e-06	True
chr21	24824809	24825116	7	0.5129	0.889	0.3761	27.0757	9.23e-05	0.0002368	True
chr21	24828968	24829291	6	0.8294	0.9756	0.1462	28.7422	0.0009395	0.001368	True
chr21	24840074	24841031	7	0.649	0.9618	0.3128	53.1244	9.444e-06	4.368e-05	True
chr21	24842131	24842364	6	0.6933	0.9912	0.2979	55.5523	2.163e-07	2.213e-06	True
chr21	24847330	24847546	5	0.8288	0.993	0.1641	61.4388	8.583e-06	4.069e-05	True
chr21	24864381	24864600	7	0.689	0.9273	0.2383	16.6452	0.0005363	0.0008826	True
chr21	24870722	24871327	5	0.5379	0.9665	0.4287	59.4938	8.749e-06	4.116e-05	True
chr21	24963540	24963967	6	0.6668	0.9388	0.272	17.3623	0.001618	0.002135	True
chr21	24964963	24965576	5	0.5071	0.9369	0.4298	28.9785	0.0001283	0.0003013	True
chr21	24974542	24974600	6	0.7781	0.9876	0.2096	39.4301	8.851e-06	4.132e-05	True
chr21	24995805	24996269	7	0.5055	0.9669	0.4613	32.0933	1.604e-06	1.116e-05	True
chr21	25025600	25025963	6	0.5045	0.9066	0.4021	25.6543	0.0002068	0.0004302	True
chr21	25038344	25038536	5	0.4973	0.974	0.4767	60.7274	3.997e-06	2.275e-05	True
chr21	25046097	25046540	11	0.7094	0.9889	0.2796	80.176	8.827e-12	3.271e-10	True
chr21	25047560	25047846	5	0.2632	0.9351	0.6719	37.373	5.896e-05	0.0001708	True
chr21	25071563	25071758	5	0.4402	0.9474	0.5072	15.4669	0.000305	0.0005779	True
chr21	25074602	25076009	16	0.4269	0.925	0.4982	17.0808	1.921e-09	3.827e-08	True
chr21	25093767	25094338	5	0.4712	0.914	0.4428	46.6143	0.0001765	0.0003816	True
chr21	25107595	25108206	5	0.6016	0.9213	0.3197	28.5338	0.0008019	0.0012	True
chr21	25108290	25109583	13	0.4007	0.8655	0.4647	23.086	2.977e-06	1.832e-05	True
chr21	25116727	25117091	7	0.513	0.9734	0.4605	62.5575	1.044e-07	1.216e-06	True
chr21	25154955	25155175	6	0.4308	0.9248	0.494	55.7937	3.742e-05	0.0001206	True
chr21	25169830	25170097	6	0.5309	0.9682	0.4372	53.9286	3.457e-06	2.056e-05	True
chr21	25176807	25177524	6	0.4414	0.9139	0.4726	16.9872	0.0002473	0.0004939	True
chr21	25179636	25180410	16	0.6779	0.9608	0.2829	19.8498	1.982e-09	3.912e-08	True
chr21	25186128	25186225	5	0.585	0.9432	0.3583	15.3953	0.001009	0.00145	True
chr21	25187360	25190008	14	0.2886	0.817	0.5284	20.9936	4.749e-07	4.22e-06	True
chr21	25190883	25191637	6	0.4099	0.967	0.5571	33.6959	4.727e-06	2.579e-05	True
chr21	25205549	25206248	14	0.5413	0.9414	0.4	41.5867	1.99e-10	5.168e-09	True
chr21	25206670	25207648	15	0.58	0.9401	0.3601	39.1489	3.522e-10	8.919e-09	True
chr21	25222286	25222819	6	0.514	0.8195	0.3055	22.5051	0.0006898	0.001067	True
chr21	25233022	25233429	6	0.7087	0.9885	0.2798	50.9686	7.362e-07	6e-06	True
chr21	25240194	25240351	5	0.4561	0.9389	0.4828	24.0496	0.0002699	0.0005288	True
chr21	25247971	25248243	9	0.562	0.9759	0.4138	50.9362	1.684e-08	2.558e-07	True
chr21	25248336	25248864	6	0.6361	0.9486	0.3125	16.2696	0.0003608	0.0006586	True
chr21	25255957	25256352	5	0.5304	0.9694	0.4389	70.6069	2.498e-05	8.889e-05	True
chr21	25257008	25257669	6	0.5054	0.8881	0.3827	18.6285	0.0005986	0.000963	True
chr21	25258137	25258310	6	0.6918	0.9695	0.2778	20.2632	9.238e-05	0.0002368	True
chr21	25258664	25259819	20	0.6143	0.9532	0.3389	27.1101	2.088e-12	9.065e-11	True
chr21	25267817	25268386	5	0.6646	0.9879	0.3233	77.3758	2.779e-06	1.742e-05	True
chr21	25275769	25276806	7	0.5557	0.9578	0.4021	20.4943	2.02e-05	7.618e-05	True
chr21	25277338	25277436	7	0.5929	0.9753	0.3824	112.6635	2.516e-07	2.474e-06	True
chr21	25286744	25286897	7	0.7047	0.9564	0.2516	37.3468	3.006e-05	0.0001022	True
chr21	25289311	25290649	13	0.4829	0.9355	0.4526	42.7046	1.057e-10	2.973e-09	True
chr21	25293908	25294620	8	0.3456	0.8325	0.487	19.8497	7.578e-05	0.0002055	True
chr21	25306398	25307027	8	0.5245	0.9208	0.3963	21.6179	3.951e-05	0.0001259	True
chr21	25314231	25314718	7	0.624	0.9746	0.3507	24.4116	4.266e-06	2.383e-05	True
chr21	25318495	25318739	9	0.7341	0.9674	0.2333	38.2626	2.44e-06	1.564e-05	True
chr21	25320667	25321210	7	0.7215	0.9722	0.2507	19.4451	3.385e-05	0.0001122	True
chr21	25333956	25334480	8	0.6131	0.9459	0.3329	27.8764	1.137e-05	5.014e-05	True
chr21	25336559	25337178	9	0.7462	0.9737	0.2275	29.0252	1.74e-06	1.197e-05	True
chr21	25338199	25338714	8	0.8515	0.9723	0.1208	21.8368	0.0003045	0.0005777	True
chr21	25345862	25346086	6	0.8008	0.9796	0.1788	27.9939	0.0001186	0.0002832	True
chr21	25353914	25354773	7	0.7013	0.9525	0.2511	18.9025	0.0001344	0.0003116	True
chr21	25419725	25419868	5	0.7566	0.9697	0.213	32.1278	0.0003759	0.000677	True
chr21	25428583	25428904	5	0.6299	0.9497	0.3198	24.9259	0.0004889	0.00082	True
chr21	25440312	25441065	5	0.5323	0.8955	0.3632	18.4891	0.001012	0.001455	True
chr21	25443109	25443916	7	0.3986	0.7751	0.3765	16.6254	0.002203	0.002775	True
chr21	25506361	25507258	5	0.3723	0.7989	0.4266	17.2108	0.001788	0.002321	True
chr21	25578485	25578749	7	0.336	0.7177	0.3816	21.8987	6.031e-05	0.0001734	True
chr21	25580265	25580451	8	0.623	0.9308	0.3077	18.9162	6.518e-05	0.0001849	True
chr21	25581057	25581115	6	0.6764	0.9176	0.2412	39.9464	0.0001781	0.0003835	True
chr21	25581197	25581281	8	0.8057	0.9508	0.145	22.4138	0.000106	0.0002622	True
chr21	25584386	25584819	5	0.5749	0.9837	0.4088	35.6541	7.405e-06	3.624e-05	True
chr21	25616119	25616878	5	0.6235	0.969	0.3455	35.3523	9.987e-05	0.00025	True
chr21	25617016	25617239	6	0.7307	0.972	0.2413	42.1242	6.853e-05	0.0001904	True
chr21	25618131	25618316	9	0.7638	0.9778	0.2141	32.3623	8.662e-07	6.753e-06	True
chr21	25633201	25633990	6	0.1745	0.8653	0.6907	15.584	0.0005852	0.0009445	True
chr21	25679563	25680274	5	0.629	0.9474	0.3184	29.5087	0.000506	0.0008426	True
chr21	25682540	25682680	6	0.6631	0.9733	0.3103	18.2179	5.935e-05	0.0001716	True
chr21	25684363	25685389	8	0.317	0.8294	0.5123	16.5206	0.000398	0.000704	True
chr21	25709382	25710062	6	0.7326	0.9715	0.2389	19.538	0.0002258	0.0004633	True
chr21	25710907	25711363	6	0.5058	0.9183	0.4124	20.7704	0.0003203	0.0006009	True
chr21	25713521	25714276	7	0.3283	0.7097	0.3814	15.2968	0.0004863	0.0008169	True
chr21	25747963	25748195	5	0.4609	0.8172	0.3563	34.5119	0.0003503	0.0006429	True
chr21	25751398	25751471	5	0.608	0.9186	0.3107	22.643	0.001598	0.00211	True
chr21	25811666	25812025	5	0.6036	0.9494	0.3457	17.4647	0.0006022	0.0009678	True
chr21	25819066	25819972	6	0.5378	0.8578	0.32	15.055	0.003479	0.004087	True
chr21	25839867	25839961	5	0.5227	0.9698	0.4471	20.9231	7.987e-05	0.0002142	True
chr21	25865557	25866351	6	0.3507	0.9063	0.5556	19.6978	0.0001484	0.0003368	True
chr21	25871072	25871176	6	0.8173	0.9725	0.1552	32.9301	0.0004321	0.0007477	True
chr21	25872314	25872394	5	0.6636	0.99	0.3263	130.4532	8.269e-07	6.562e-06	True
chr21	25895287	25895730	6	0.412	0.9088	0.4968	25.9573	0.0001106	0.0002684	True
chr21	25899043	25899378	5	0.5055	0.9938	0.4883	274.0146	9.618e-09	1.606e-07	True
chr21	25899629	25899802	6	0.7186	0.9396	0.221	43.6553	0.000259	0.0005131	True
chr21	25926938	25927227	6	0.6602	0.9399	0.2797	51.0464	6.84e-05	0.0001902	True
chr21	25927340	25927540	6	0.7714	0.9764	0.2051	28.8099	8.773e-05	0.0002277	True
chr21	25937971	25938044	5	0.7032	0.9714	0.2682	40.1931	0.0001864	0.0003979	True
chr21	25963735	25964125	11	0.7902	0.9659	0.1757	19.376	9.782e-06	4.45e-05	True
chr21	26004843	26005543	5	0.8169	0.9858	0.1689	37.1998	0.0001068	0.0002642	True
chr21	26054719	26054903	6	0.8221	0.9948	0.1728	140.758	3.653e-08	5.046e-07	True
chr21	26097076	26097801	8	0.7078	0.9577	0.2499	27.9048	2.072e-05	7.754e-05	True
chr21	26132789	26134120	11	0.8496	0.9797	0.13	35.3592	8.328e-07	6.591e-06	True
chr21	26135712	26136109	8	0.8474	0.9845	0.1371	29.4936	8.714e-06	4.106e-05	True
chr21	26139631	26139865	6	0.7508	0.9814	0.2306	41.8562	1.554e-05	6.238e-05	True
chr21	26145009	26145782	7	0.6372	0.9552	0.318	23.9625	5.26e-05	0.0001562	True
chr21	26151755	26152123	6	0.7067	0.9746	0.2679	89.5321	8.633e-06	4.08e-05	True
chr21	26177252	26178112	6	0.6685	0.956	0.2875	25.9952	0.0001904	0.0004039	True
chr21	26189584	26189717	5	0.7722	0.9746	0.2024	33.8875	0.0003868	0.0006923	True
chr21	26192013	26193122	8	0.4997	0.9275	0.4277	17.0131	3.699e-05	0.0001197	True
chr21	26212858	26212927	9	0.7814	0.9452	0.1637	37.2104	9.343e-05	0.0002388	True
chr21	26213574	26213989	10	0.7078	0.9462	0.2384	21.7589	1.798e-05	6.942e-05	True
chr21	26218697	26218892	5	0.6822	0.9544	0.2722	49.3451	0.0004715	0.0007974	True
chr21	26237544	26238567	6	0.6072	0.9294	0.3223	25.0882	0.0002647	0.0005216	True
chr21	26251334	26251513	5	0.7374	0.9716	0.2342	30.6487	0.0003588	0.0006557	True
chr21	26252443	26252655	5	0.6959	0.9849	0.2889	211.8853	3.527e-06	2.089e-05	True
chr21	26279602	26279805	5	0.631	0.9866	0.3555	77.0776	3.167e-06	1.932e-05	True
chr21	26303621	26303804	5	0.6876	0.9006	0.213	20.4565	0.002914	0.003519	True
chr21	26310857	26311262	6	0.3889	0.7075	0.3185	16.4826	0.00157	0.002081	True
chr21	26315628	26316531	11	0.755	0.9361	0.1811	18.7404	7.124e-05	0.0001959	True
chr21	26321572	26323414	15	0.7457	0.9493	0.2036	17.308	7.933e-06	3.809e-05	True
chr21	26327229	26327294	5	0.7919	0.9921	0.2002	122.992	9.742e-07	7.476e-06	True
chr21	26338176	26338659	6	0.5528	0.9546	0.4019	19.7471	0.0001102	0.0002678	True
chr21	26364189	26364322	6	0.6916	0.9509	0.2593	54.016	0.0001502	0.0003392	True
chr21	26365054	26366538	15	0.6427	0.9583	0.3156	25.6783	1.486e-09	3.126e-08	True
chr21	26377748	26378034	6	0.4723	0.8987	0.4264	36.365	0.0002196	0.0004537	True
chr21	26379093	26379362	6	0.4646	0.975	0.5103	25.0942	5.457e-06	2.83e-05	True
chr21	26393490	26394039	6	0.4619	0.9451	0.4832	15.9244	0.0001192	0.0002843	True
chr21	26395579	26396161	7	0.7032	0.9181	0.2149	17.4063	0.002296	0.002872	True
chr21	26396401	26398143	15	0.6606	0.9436	0.283	28.6312	1.564e-09	3.232e-08	True
chr21	26398692	26399083	8	0.6225	0.9306	0.3081	23.1584	9.104e-05	0.0002341	True
chr21	26415023	26415656	7	0.4553	0.9547	0.4994	18.9874	9.49e-06	4.383e-05	True
chr21	26421759	26422719	5	0.4526	0.9237	0.4711	22.8672	0.0005364	0.0008826	True
chr21	26424553	26425333	5	0.424	0.9289	0.5049	23.2597	0.0003276	0.0006119	True
chr21	26435573	26435769	5	0.3314	0.8868	0.5554	21.9956	0.0004694	0.0007956	True
chr21	26464771	26465271	8	0.5081	0.9035	0.3954	25.3949	4.766e-06	2.588e-05	True
chr21	26490961	26491126	5	0.6277	0.8063	0.1787	48.5273	0.0002412	0.0004847	True
chr21	26491167	26491309	6	0.4508	0.989	0.5382	77.5523	2.6e-08	3.817e-07	True
chr21	26494535	26494933	6	0.2466	0.926	0.6794	21.6195	8.342e-05	0.00022	True
chr21	26508339	26509218	7	0.4174	0.9322	0.5148	37.1355	4.066e-06	2.306e-05	True
chr21	26536365	26537434	6	0.2694	0.9524	0.683	87.8162	1.634e-06	1.131e-05	True
chr21	26542287	26542513	5	0.3071	0.6895	0.3823	54.1924	1.288e-05	5.436e-05	True
chr21	26564027	26564548	8	0.4629	0.8965	0.4336	35.1741	4.886e-06	2.631e-05	True
chr21	26569594	26570590	9	0.3728	0.8908	0.518	17.0453	6.701e-05	0.0001872	True
chr21	26585078	26585831	5	0.3968	0.8663	0.4694	15.1024	0.0009942	0.001435	True
chr21	26587191	26587384	6	0.4622	0.9452	0.483	27.1967	4.001e-05	0.0001272	True
chr21	26622691	26622948	5	0.3382	0.844	0.5058	15.3434	0.002343	0.002918	True
chr21	26627979	26628612	8	0.3842	0.9454	0.5612	31.9187	9.226e-07	7.134e-06	True
chr21	26650116	26650783	10	0.5588	0.9244	0.3656	20.7252	4.875e-06	2.631e-05	True
chr21	26664932	26665513	6	0.5052	0.9682	0.463	49.5772	4.444e-06	2.456e-05	True
chr21	26688550	26688701	6	0.6127	0.9779	0.3653	58.1446	2.93e-06	1.806e-05	True
chr21	26694708	26694841	5	0.462	0.9281	0.4661	33.9718	0.0001084	0.0002656	True
chr21	26710889	26711835	7	0.4896	0.9472	0.4576	21.9236	2.105e-05	7.857e-05	True
chr21	26732045	26732142	5	0.6066	0.985	0.3784	50.9143	5.032e-06	2.67e-05	True
chr21	26734315	26734464	12	0.682	0.9498	0.2679	19.0738	3.87e-06	2.236e-05	True
chr21	26734774	26734855	6	0.6178	0.8002	0.1824	28.2787	0.001143	0.001607	True
chr21	26737208	26737317	6	0.6765	0.9874	0.3109	57.2169	6.366e-07	5.316e-06	True
chr21	26739324	26740121	7	0.5187	0.9315	0.4128	23.4055	3.162e-05	0.0001059	True
chr21	26742822	26743319	7	0.5493	0.9258	0.3765	23.5077	7.491e-05	0.0002039	True
chr21	26754610	26754974	6	0.6245	0.8706	0.2461	18.8634	0.001424	0.001919	True
chr21	26756114	26756946	13	0.7075	0.954	0.2465	16.1375	1.045e-06	7.901e-06	True
chr21	26769931	26770450	8	0.7159	0.96	0.2441	24.5372	1.215e-05	5.247e-05	True
chr21	26771517	26772612	13	0.7425	0.9426	0.2001	29.515	7.421e-07	6.03e-06	True
chr21	26774567	26775108	6	0.4907	0.677	0.1864	17.2335	0.004388	0.005031	True
chr21	26781134	26781405	5	0.7235	0.9274	0.2039	50.4708	0.002752	0.003349	True
chr21	26826350	26826890	5	0.61	0.9471	0.3371	26.8644	0.0004926	0.0008248	True
chr21	26869978	26870321	7	0.7118	0.9418	0.2299	57.483	2.572e-05	9.09e-05	True
chr21	26877606	26879317	11	0.567	0.9533	0.3863	24.1882	5.198e-08	6.808e-07	True
chr21	26891580	26892205	5	0.6523	0.9063	0.254	18.8652	0.005379	0.006017	True
chr21	26903837	26903967	6	0.8056	0.9709	0.1653	15.6297	0.0008567	0.001267	True
chr21	26911074	26912633	10	0.6446	0.937	0.2924	15.3862	2.042e-05	7.689e-05	True
chr21	26917813	26919426	11	0.6418	0.9798	0.338	40.1663	9.276e-10	2.104e-08	True
chr21	26926825	26927597	5	0.6957	0.9713	0.2755	81.2639	1.272e-05	5.398e-05	True
chr21	26933929	26934885	75	0.4049	0.0169	-0.388	58.529	7.947e-68	2.415e-64	True
chr21	26935156	26935567	8	0.7238	0.4	-0.3238	20.2127	5.779e-05	0.0001682	True
chr21	26939322	26940128	6	0.7446	0.9726	0.228	50.3399	4.756e-05	0.0001451	True
chr21	26978910	26979029	5	0.5415	0.8761	0.3345	23.6597	0.0005615	0.0009161	True
chr21	26998192	26998631	6	0.8363	0.9847	0.1484	71.4971	3.131e-05	0.0001051	True
chr21	27011139	27011502	10	0.124	0.0181	-0.1059	19.009	2.058e-05	7.723e-05	True
chr21	27011788	27011811	5	0.1014	0.0016	-0.0997	735.7847	1.308e-09	2.859e-08	True
chr21	27012097	27012190	9	0.1121	0.0172	-0.0949	40.0226	3.998e-05	0.0001272	True
chr21	27012304	27012368	11	0.1119	0.0097	-0.1022	75.3974	1.181e-08	1.909e-07	True
chr21	27012515	27012965	22	0.2058	0.0236	-0.1821	23.1322	1.544e-12	7.221e-11	True
chr21	27034920	27035825	5	0.6868	0.9909	0.3041	135.8769	2.566e-07	2.515e-06	True
chr21	27041576	27041814	7	0.747	0.9633	0.2163	51.3164	1.878e-05	7.207e-05	True
chr21	27042593	27042959	6	0.7374	0.9817	0.2442	19.6671	2.389e-05	8.6e-05	True
chr21	27045002	27045317	5	0.537	0.9515	0.4145	20.0162	0.0003489	0.0006406	True
chr21	27047106	27047732	10	0.8119	0.9714	0.1595	16.5624	1.976e-05	7.471e-05	True
chr21	27050524	27052166	10	0.6051	0.9718	0.3667	30.1515	3.048e-08	4.39e-07	True
chr21	27053803	27054465	7	0.6082	0.9778	0.3696	30.3308	1.244e-06	9.056e-06	True
chr21	27066109	27066428	5	0.8662	0.9853	0.1191	67.0892	0.0002521	0.0005015	True
chr21	27106248	27106510	5	0.0631	0.2482	0.1852	15.112	0.008301	0.008883	True
chr21	27150496	27150554	5	0.8925	0.9852	0.0927	22.6322	0.001833	0.002364	True
chr21	27150708	27150727	5	0.8762	0.9905	0.1143	34.3612	0.0001724	0.0003759	True
chr21	27151491	27151735	10	0.8312	0.9818	0.1505	29.806	1.315e-06	9.47e-06	True
chr21	27153136	27153281	8	0.7299	0.9711	0.2412	35.3112	7.066e-06	3.497e-05	True
chr21	27178697	27179146	8	0.7734	0.9544	0.181	15.1003	0.000443	0.0007594	True
chr21	27194621	27194937	6	0.7223	0.945	0.2227	19.4698	0.0006404	0.001014	True
chr21	27196757	27197541	11	0.755	0.9732	0.2182	23.936	6.689e-07	5.509e-06	True
chr21	27204422	27205269	6	0.4806	0.9047	0.4242	17.6064	0.000311	0.0005873	True
chr21	27212813	27213087	5	0.7825	0.9588	0.1763	30.3527	0.002226	0.002797	True
chr21	27214608	27214953	6	0.6634	0.9444	0.281	30.0812	0.0002706	0.0005299	True
chr21	27227339	27227465	5	0.8549	0.985	0.1301	36.8628	0.0003025	0.0005757	True
chr21	27228177	27228634	7	0.5666	0.9215	0.3549	19.5226	0.0001946	0.0004096	True
chr21	27255490	27255790	7	0.8285	0.9813	0.1528	44.3629	2.28e-05	8.309e-05	True
chr21	27304712	27304827	6	0.9629	0.7542	-0.2086	27.585	0.0004033	0.0007106	True
chr21	27311055	27311189	7	0.8684	0.5565	-0.3119	19.8178	6.982e-05	0.0001931	True
chr21	27312343	27313943	9	0.8869	0.9925	0.1056	63.389	1.1e-07	1.276e-06	True
chr21	27328173	27328508	6	0.8537	0.9699	0.1162	31.995	0.001223	0.001694	True
chr21	27344470	27345613	6	0.8557	0.9849	0.1291	36.7857	0.0001827	0.0003914	True
chr21	27374387	27374513	5	0.8768	0.9976	0.1208	314.1691	2.872e-08	4.176e-07	True
chr21	27380703	27381339	5	0.7736	0.9441	0.1706	17.8064	0.007727	0.008327	True
chr21	27401918	27403323	9	0.942	0.7195	-0.2225	15.4758	0.0002224	0.0004582	True
chr21	27405568	27406084	6	0.9541	0.8242	-0.1299	18.6681	0.00534	0.005978	True
chr21	27431748	27431928	5	0.9203	0.7166	-0.2037	51.067	0.0003902	0.000695	True
chr21	27445585	27445889	7	0.9723	0.8476	-0.1247	58.7496	8.717e-05	0.0002269	True
chr21	27449490	27449732	5	0.8919	0.9976	0.1057	285.6415	4.978e-08	6.606e-07	True
chr21	27484942	27485583	5	0.9365	0.6412	-0.2953	20.0608	0.00105	0.001498	True
chr21	27493938	27494197	6	0.8788	0.9892	0.1103	68.5946	4.932e-05	0.0001497	True
chr21	27500222	27500518	7	0.7065	0.1547	-0.5518	32.0084	2.552e-05	9.046e-05	True
chr21	27517857	27518450	6	0.8753	0.9893	0.1141	79.6608	9.71e-06	4.426e-05	True
chr21	27539991	27540271	8	0.3329	0.6071	0.2741	21.3712	0.0001072	0.0002642	True
chr21	27541278	27541825	16	0.15	0.0232	-0.1268	22.5117	7.208e-08	9.127e-07	True
chr21	27553251	27554293	7	0.7182	0.9748	0.2566	25.7024	1.928e-05	7.369e-05	True
chr21	27558539	27558631	8	0.7617	0.9635	0.2018	22.25	7.528e-05	0.0002046	True
chr21	27559282	27560301	6	0.5549	0.9561	0.4012	23.9419	7.435e-05	0.0002028	True
chr21	27577009	27577113	5	0.6462	0.9577	0.3115	134.3916	1.622e-05	6.434e-05	True
chr21	27597111	27597423	5	0.6722	0.8575	0.1853	27.6372	0.003156	0.003753	True
chr21	27608453	27609507	12	0.636	0.957	0.321	43.1285	1.329e-08	2.093e-07	True
chr21	27620720	27621097	6	0.6764	0.9514	0.275	16.8728	0.001428	0.001923	True
chr21	27621994	27623231	9	0.3595	0.8768	0.5173	27.2557	5.034e-06	2.67e-05	True
chr21	27654553	27657413	21	0.4555	0.9307	0.4751	20.2256	1.826e-12	8.197e-11	True
chr21	27671753	27672205	6	0.5405	0.9334	0.3929	28.0014	8.324e-05	0.00022	True
chr21	27678052	27678613	6	0.4623	0.9331	0.4708	38.2167	1.481e-05	6.026e-05	True
chr21	27684397	27684881	8	0.6609	0.9692	0.3082	26.1466	2.571e-06	1.624e-05	True
chr21	27737211	27738330	6	0.2068	0.8885	0.6817	23.1384	0.0002087	0.0004336	True
chr21	27738444	27739450	6	0.5573	0.9432	0.3859	35.6199	5.225e-05	0.0001555	True
chr21	27742228	27743215	10	0.5265	0.9518	0.4252	25.5934	2.94e-07	2.836e-06	True
chr21	27750069	27750811	6	0.5109	0.9508	0.4399	17.6585	8.018e-05	0.0002149	True
chr21	27760545	27761331	5	0.5052	0.9494	0.4442	21.3861	0.000298	0.0005692	True
chr21	27767207	27767694	5	0.5548	0.9631	0.4082	18.917	0.000211	0.0004374	True
chr21	27770921	27772379	8	0.6061	0.9285	0.3225	21.7769	2.922e-05	0.0001001	True
chr21	27782405	27783834	13	0.445	0.8941	0.4491	15.083	5.213e-06	2.727e-05	True
chr21	27787395	27789008	8	0.4565	0.9076	0.4511	38.5264	2.14e-06	1.406e-05	True
chr21	27796078	27797360	14	0.4705	0.9041	0.4335	21.4515	6.615e-08	8.439e-07	True
chr21	27797565	27798565	6	0.407	0.9551	0.5481	160.2819	8.666e-07	6.753e-06	True
chr21	27807890	27808774	5	0.5489	0.9941	0.4452	117.2215	5.077e-08	6.709e-07	True
chr21	27810203	27811160	9	0.4027	0.8699	0.4672	15.7691	3.176e-05	0.0001062	True
chr21	27816668	27818739	7	0.3227	0.9409	0.6182	19.9192	1.774e-05	6.867e-05	True
chr21	27818913	27819287	5	0.3207	0.8199	0.4993	18.1964	0.0007388	0.001128	True
chr21	27827376	27828063	7	0.6278	0.9546	0.3268	30.9511	2.151e-05	7.982e-05	True
chr21	27828902	27829671	10	0.6385	0.9601	0.3216	23.4672	6.423e-07	5.334e-06	True
chr21	27836377	27836994	6	0.4805	0.9423	0.4618	19.479	8.988e-05	0.0002319	True
chr21	27852568	27852646	6	0.6373	0.9866	0.3492	57.7119	4.909e-07	4.324e-06	True
chr21	27855975	27856498	7	0.6885	0.9651	0.2766	19.6151	6.164e-05	0.0001766	True
chr21	27860100	27860769	6	0.6	0.9419	0.3419	16.2425	0.0002438	0.0004896	True
chr21	27862303	27862684	8	0.5292	0.9792	0.45	33.3951	3.618e-08	5.021e-07	True
chr21	27871196	27871604	7	0.6326	0.9764	0.3437	36.1405	1.571e-06	1.095e-05	True
chr21	27873649	27874702	6	0.4475	0.9477	0.5002	25.4692	3.544e-05	0.0001166	True
chr21	27882063	27882514	6	0.5956	0.9493	0.3537	46.9944	4.277e-05	0.0001334	True
chr21	27884799	27885028	6	0.6905	0.9182	0.2277	18.4667	0.0008577	0.001267	True
chr21	27897147	27898252	7	0.5768	0.9477	0.3708	40.8898	1.756e-05	6.843e-05	True
chr21	27903469	27904380	12	0.5117	0.9724	0.4607	43.6622	7.855e-11	2.274e-09	True
chr21	27907407	27908666	15	0.511	0.878	0.367	16.9217	1.599e-07	1.741e-06	True
chr21	27908917	27910624	18	0.4139	0.9139	0.5	22.6803	1.442e-09	3.109e-08	True
chr21	27911601	27912771	10	0.4236	0.9127	0.4891	16.949	5.027e-06	2.67e-05	True
chr21	27915554	27916097	6	0.5141	0.9301	0.416	17.7823	0.000193	0.0004071	True
chr21	27916971	27917836	5	0.5866	0.8985	0.3119	68.5516	1.258e-05	5.362e-05	True
chr21	27917972	27918055	5	0.594	0.9617	0.3677	21.664	0.0002465	0.0004928	True
chr21	27925886	27926915	8	0.4225	0.8931	0.4705	15.942	4.718e-05	0.0001442	True
chr21	27928694	27929056	5	0.2827	0.9432	0.6605	102.6931	3.734e-06	2.178e-05	True
chr21	27929776	27931488	14	0.456	0.936	0.4801	17.4542	1.237e-08	1.988e-07	True
chr21	27945013	27945363	31	0.2663	0.0484	-0.2179	21.3718	7.731e-14	4.39e-12	True
chr21	27945413	27945628	27	0.4458	0.0377	-0.408	41.6289	1.248e-20	1.354e-18	True
chr21	27956191	27956666	5	0.4328	0.8339	0.4011	34.5631	6.671e-05	0.0001867	True
chr21	27959350	27960198	8	0.5254	0.9464	0.421	37.7992	6.051e-07	5.123e-06	True
chr21	27963802	27964302	8	0.5645	0.949	0.3845	39.472	1.437e-06	1.02e-05	True
chr21	27979701	27980008	6	0.4591	0.8239	0.3648	38.0602	1.898e-05	7.264e-05	True
chr21	27981287	27983736	15	0.4208	0.8886	0.4678	20.3067	4.489e-09	7.932e-08	True
chr21	28041389	28042004	5	0.5059	0.8532	0.3473	42.8186	0.0001123	0.0002711	True
chr21	28045203	28046136	7	0.4801	0.9183	0.4383	33.2275	2.858e-05	9.867e-05	True
chr21	28046732	28047055	6	0.3236	0.8893	0.5657	25.5008	0.0001808	0.0003883	True
chr21	28050264	28050457	7	0.5	0.974	0.4739	105.6093	5.158e-08	6.786e-07	True
chr21	28062437	28063263	15	0.4857	0.9448	0.4591	35.9852	5.395e-11	1.623e-09	True
chr21	28081807	28082262	10	0.6628	0.964	0.3011	15.37	1.528e-06	1.07e-05	True
chr21	28082764	28083544	6	0.571	0.9938	0.4228	149.1052	1.539e-09	3.203e-08	True
chr21	28096269	28096799	5	0.8508	0.9861	0.1353	38.7214	0.0002676	0.0005253	True
chr21	28103687	28103827	5	0.6648	0.9682	0.3034	25.0144	0.0001319	0.0003075	True
chr21	28138761	28138924	5	0.7845	0.9007	0.1162	47.2347	0.001655	0.002173	True
chr21	28161305	28161724	5	0.8489	0.3921	-0.4568	87.9712	4.508e-06	2.477e-05	True
chr21	28166724	28167687	6	0.6634	0.9597	0.2962	24.1847	8.989e-05	0.0002319	True
chr21	28173477	28173700	6	0.6361	0.1454	-0.4907	22.4261	0.0002877	0.0005561	True
chr21	28176079	28176221	5	0.78	0.9837	0.2037	20.0411	0.0001911	0.0004046	True
chr21	28198514	28199230	10	0.8304	0.9848	0.1544	47.7038	1.708e-07	1.824e-06	True
chr21	28205293	28205595	5	0.873	0.9913	0.1184	115.5721	7.357e-06	3.612e-05	True
chr21	28218116	28219350	57	0.3381	0.042	-0.2961	18.7543	2.437e-29	6.173e-27	True
chr21	28252086	28252651	5	0.5735	0.9557	0.3822	17.0359	0.0003983	0.0007042	True
chr21	28296468	28296540	5	0.8174	0.9841	0.1667	36.5006	0.0002046	0.0004264	True
chr21	28298106	28298504	6	0.6311	0.9415	0.3104	15.7706	0.0003958	0.0007017	True
chr21	28299591	28300341	10	0.7455	0.9429	0.1974	17.7525	5.276e-05	0.0001564	True
chr21	28301621	28302938	11	0.686	0.9497	0.2637	24.762	1.847e-06	1.239e-05	True
chr21	28318692	28319153	5	0.5676	0.8802	0.3126	18.5435	0.005718	0.006351	True
chr21	28329730	28330850	7	0.5692	0.8875	0.3182	22.0197	0.0003739	0.0006754	True
chr21	28338345	28338464	15	0.179	0.0347	-0.1444	23.8143	1.158e-07	1.323e-06	True
chr21	28338639	28338677	9	0.1143	0.0116	-0.1027	107.276	8.934e-08	1.095e-06	True
chr21	28339014	28339119	7	0.1094	0.0056	-0.1038	195.5491	9.279e-08	1.119e-06	True
chr21	28339803	28340304	39	0.4934	0.1119	-0.3815	20.8605	4.578e-19	4.092e-17	True
chr21	28364165	28364394	5	0.7477	0.9463	0.1985	16.6296	0.005152	0.005792	True
chr21	28377215	28377608	5	0.56	0.9041	0.3441	21.2834	0.001734	0.002262	True
chr21	28388682	28390348	16	0.7495	0.9698	0.2203	23.8088	2.562e-09	4.896e-08	True
chr21	28394955	28395694	5	0.5588	0.8443	0.2855	25.4825	0.0004793	0.00081	True
chr21	28402594	28402808	5	0.7636	0.9911	0.2276	49.0041	7.158e-06	3.531e-05	True
chr21	28411996	28412776	7	0.6536	0.9498	0.2962	15.8872	0.0001692	0.0003715	True
chr21	28425744	28426433	5	0.794	0.9507	0.1568	27.6974	0.002089	0.002647	True
chr21	28452632	28453222	6	0.6859	0.9588	0.273	24.4325	0.0001906	0.0004039	True
chr21	28459794	28460864	6	0.7392	0.9536	0.2145	22.3532	0.001231	0.001702	True
chr21	28474578	28474769	5	0.7405	0.9889	0.2484	84.2001	5.385e-06	2.807e-05	True
chr21	28479152	28479535	8	0.6584	0.9727	0.3143	61.8812	3.134e-07	2.995e-06	True
chr21	28488775	28489348	9	0.772	0.9669	0.1949	22.4981	3.756e-05	0.0001209	True
chr21	28516207	28516233	6	0.8859	0.9818	0.0959	44.1259	0.0006734	0.001047	True
chr21	28519185	28519348	10	0.7967	0.9861	0.1894	32.6283	3.43e-08	4.826e-07	True
chr21	28541259	28541749	5	0.6939	0.9803	0.2864	29.7061	0.0001137	0.000274	True
chr21	28562107	28562586	7	0.8343	0.976	0.1418	15.3401	0.0002848	0.0005512	True
chr21	28576201	28576320	5	0.8346	0.9896	0.155	58.8929	4.277e-05	0.0001334	True
chr21	28580412	28580755	6	0.6733	0.9102	0.237	18.8909	0.001858	0.002393	True
chr21	28583773	28584021	7	0.7773	0.9698	0.1925	35.8483	7.685e-05	0.0002076	True
chr21	28591742	28592069	7	0.7758	0.9562	0.1804	15.458	0.001708	0.002234	True
chr21	28607770	28608384	7	0.7625	0.941	0.1784	26.4359	0.001228	0.001701	True
chr21	28638784	28639019	5	0.6558	0.8278	0.1721	20.3974	0.006586	0.007221	True
chr21	28642816	28643427	5	0.7081	0.9723	0.2642	42.0188	0.0001724	0.0003759	True
chr21	28666226	28666583	5	0.8762	0.9876	0.1114	27.9473	0.000399	0.0007049	True
chr21	28669780	28670100	5	0.901	0.9728	0.0718	20.2376	0.03095	0.0311	True
chr21	28746970	28747787	7	0.515	0.8701	0.3551	15.3578	0.0006239	0.0009937	True
chr21	28757593	28757730	7	0.8683	0.9967	0.1284	178.8663	1.197e-09	2.654e-08	True
chr21	28772985	28773150	5	0.75	0.9867	0.2367	90.9651	6.63e-06	3.309e-05	True
chr21	28840619	28840811	6	0.7885	0.9658	0.1774	31.8563	0.000611	0.0009789	True
chr21	28843053	28843398	5	0.8653	0.9808	0.1154	34.1359	0.001139	0.001605	True
chr21	28851020	28851755	6	0.6937	0.9768	0.2832	24.9925	2.268e-05	8.286e-05	True
chr21	28854938	28855433	5	0.8711	0.9852	0.1141	48.9268	0.0003966	0.0007026	True
chr21	28906847	28907747	7	0.817	0.9782	0.1612	21.9429	6.739e-05	0.0001879	True
chr21	28932411	28932851	6	0.8044	0.9783	0.1739	26.162	0.0002488	0.0004961	True
chr21	28934814	28935116	5	0.7152	0.9413	0.2261	53.6202	0.0008227	0.001226	True
chr21	28988627	28988663	5	0.8594	0.9921	0.1328	39.4433	3.656e-05	0.0001191	True
chr21	28996500	28996878	5	0.9154	0.9795	0.0641	17.1504	0.02487	0.02519	True
chr21	29042048	29042334	7	0.7903	0.9706	0.1803	18.5842	0.0002203	0.0004545	True
chr21	29045061	29045857	5	0.8173	0.9727	0.1554	42.274	0.0007196	0.001104	True
chr21	29046339	29046815	5	0.9344	0.7672	-0.1671	19.5337	0.007747	0.008346	True
chr21	29065708	29066041	6	0.9317	0.6851	-0.2466	24.8422	0.0006578	0.001032	True
chr21	29074697	29075118	5	0.8571	0.9782	0.1212	30.7781	0.001682	0.002206	True
chr21	29116474	29116797	5	0.8265	0.9201	0.0936	18.3224	0.02882	0.02909	True
chr21	29131664	29131910	5	0.7227	0.9766	0.2539	76.4131	7.642e-05	0.0002068	True
chr21	29168860	29169336	6	0.7941	0.9799	0.1857	31.7751	8.219e-05	0.0002181	True
chr21	29179842	29180153	5	0.9065	0.4637	-0.4428	28.5678	0.0003867	0.0006923	True
chr21	29257327	29257611	6	0.8854	0.9771	0.0917	21.944	0.003881	0.0045	True
chr21	29257691	29257781	11	0.8592	0.9855	0.1263	85.0813	1.342e-08	2.102e-07	True
chr21	29654929	29655037	6	0.8298	0.5163	-0.3135	19.0194	0.000435	0.0007508	True
chr21	29797313	29797840	5	0.8681	0.9787	0.1106	35.5381	0.005149	0.005792	True
chr21	29828144	29829113	6	0.8668	0.9778	0.111	22.5996	0.002262	0.002835	True
chr21	29860138	29860756	5	0.8324	0.6112	-0.2212	16.6679	0.008666	0.009247	True
chr21	29862623	29863587	5	0.8413	0.9801	0.1388	47.3668	0.0003829	0.0006866	True
chr21	30164706	30165074	5	0.8757	0.9809	0.1053	35.1225	0.002408	0.002983	True
chr21	30275857	30275926	5	0.8643	0.9774	0.1131	20.2252	0.002349	0.002923	True
chr21	30367258	30367651	5	0.8396	0.9915	0.1519	63.4129	3.052e-05	0.0001032	True
chr21	30370815	30371316	6	0.8458	0.967	0.1212	18.1409	0.003343	0.003944	True
chr21	30372538	30372574	6	0.9795	0.8777	-0.1018	25.6059	0.0007131	0.001096	True
chr21	30375817	30375913	5	0.0948	0.0181	-0.0767	43.9419	0.009783	0.01033	True
chr21	30392208	30392274	6	0.8434	0.9687	0.1253	31.302	0.0007987	0.001198	True
chr21	30437845	30438131	5	0.9844	0.7784	-0.206	94.461	2.198e-05	8.097e-05	True
chr21	30449501	30449662	14	0.2339	0.4202	0.1863	23.2507	3.619e-06	2.135e-05	True
chr21	30449701	30449736	6	0.2644	0.1588	-0.1056	37.9511	0.003106	0.003704	True
chr21	30476857	30477238	10	0.752	0.9497	0.1977	25.7598	2.314e-05	8.402e-05	True
chr21	30554135	30554508	5	0.1517	0.0262	-0.1254	21.6154	0.003052	0.003656	True
chr21	30615974	30616602	6	0.8528	0.9715	0.1187	15.6858	0.003067	0.003666	True
chr21	30674220	30674521	5	0.5361	0.7336	0.1975	15.4033	0.009264	0.009837	True
chr21	30695547	30695770	5	0.87	0.9858	0.1158	92.2849	8.775e-05	0.0002277	True
chr21	30705395	30705997	6	0.8145	0.676	-0.1385	16.6092	0.01215	0.01267	True
chr21	30714857	30715089	8	0.8942	0.7107	-0.1835	41.5956	4.463e-05	0.0001378	True
chr21	30745356	30745722	6	0.7078	0.9466	0.2388	61.7787	5.918e-05	0.0001713	True
chr21	30803128	30803213	5	0.9344	0.8243	-0.1101	23.7427	0.01428	0.01475	True
chr21	30807085	30807324	5	0.8659	0.976	0.1101	32.2875	0.006269	0.006915	True
chr21	30828683	30829214	5	0.8417	0.9706	0.1289	19.2004	0.007694	0.008297	True
chr21	30829720	30830766	8	0.8764	0.985	0.1086	31.6403	5.845e-05	0.0001698	True
chr21	30845164	30845687	5	0.8248	0.9694	0.1446	30.7818	0.0008737	0.001287	True
chr21	30846395	30846770	6	0.8588	0.9836	0.1248	30.5009	0.0002458	0.0004928	True
chr21	30853343	30853726	5	0.8729	0.9839	0.111	21.1275	0.00182	0.00235	True
chr21	30862520	30863123	5	0.7496	0.9816	0.2321	74.1495	2.142e-05	7.959e-05	True
chr21	30870749	30871637	10	0.8836	0.9872	0.1035	54.5769	1.166e-06	8.601e-06	True
chr21	30871852	30873388	14	0.8014	0.9656	0.1643	27.7463	4.665e-07	4.169e-06	True
chr21	30875396	30875955	6	0.8252	0.9871	0.1619	43.2721	2.195e-05	8.097e-05	True
chr21	30890342	30891460	9	0.7675	0.9852	0.2176	27.1782	1.71e-07	1.824e-06	True
chr21	30904864	30905331	6	0.682	0.996	0.314	163.0826	8.618e-10	1.999e-08	True
chr21	30916040	30916663	8	0.7897	0.9733	0.1835	25.5062	5.264e-05	0.0001562	True
chr21	30933963	30934370	8	0.7615	0.9668	0.2054	22.1881	3.263e-05	0.0001086	True
chr21	30942917	30943424	7	0.8257	0.9755	0.1498	34.0037	0.0004576	0.0007804	True
chr21	30945384	30945825	6	0.7782	0.9803	0.2021	176.1097	8.584e-07	6.741e-06	True
chr21	30950597	30950878	6	0.6178	0.8161	0.1983	19.3512	0.00292	0.003522	True
chr21	30953472	30953850	7	0.7833	0.965	0.1818	20.5508	0.0004226	0.0007372	True
chr21	30954670	30955358	8	0.7712	0.9616	0.1904	19.0021	8.721e-05	0.0002269	True
chr21	30957403	30958077	8	0.7308	0.9582	0.2274	18.5842	0.0001677	0.0003698	True
chr21	30961967	30962732	7	0.7688	0.9665	0.1977	73.6407	1.583e-05	6.315e-05	True
chr21	30963260	30964097	6	0.6305	0.9335	0.3029	36.9067	0.0001179	0.0002818	True
chr21	30967140	30967386	5	0.6643	0.8642	0.2	15.2652	0.03474	0.03487	True
chr21	30968881	30969812	6	0.7495	0.9663	0.2168	20.3979	0.0005938	0.0009558	True
chr21	30972058	30972158	5	0.775	0.9724	0.1974	24.0353	0.0006517	0.001025	True
chr21	30973144	30973839	12	0.807	0.9808	0.1737	34.3863	6.637e-08	8.439e-07	True
chr21	30994562	30995528	5	0.8914	0.9881	0.0967	31.0924	0.0008822	0.001297	True
chr21	31002098	31003432	14	0.6807	0.9157	0.2351	18.5497	4.8e-06	2.6e-05	True
chr21	31007499	31007916	5	0.7615	0.9835	0.222	341.4349	3.325e-06	2.001e-05	True
chr21	31010614	31010773	5	0.5333	0.8712	0.3379	54.9226	0.0001099	0.0002676	True
chr21	31014477	31015281	10	0.797	0.9705	0.1735	23.4781	1.55e-05	6.229e-05	True
chr21	31022970	31023467	7	0.7324	0.9517	0.2193	34.0683	8.25e-05	0.0002188	True
chr21	31025506	31026404	8	0.6432	0.9204	0.2772	18.6483	0.0002473	0.0004939	True
chr21	31028112	31028637	15	0.7736	0.977	0.2033	31.9855	1.883e-09	3.79e-08	True
chr21	31040420	31040819	5	0.7085	0.9186	0.2101	16.384	0.008522	0.009109	True
chr21	31053447	31054224	8	0.6701	0.9559	0.2858	28.3536	1.214e-05	5.247e-05	True
chr21	31066042	31066124	5	0.7857	0.9566	0.1708	22.2539	0.003572	0.004167	True
chr21	31073534	31074173	6	0.6854	0.9818	0.2964	214.7183	5.63e-07	4.847e-06	True
chr21	31092838	31093057	7	0.7485	0.944	0.1955	22.3137	0.0006624	0.001036	True
chr21	31099904	31100298	7	0.7867	0.9427	0.156	16.938	0.002536	0.003117	True
chr21	31115874	31117234	6	0.6922	0.9649	0.2727	36.3103	7.347e-05	0.0002013	True
chr21	31117558	31118446	7	0.707	0.9566	0.2496	40.0559	2.957e-05	0.0001008	True
chr21	31128516	31128742	8	0.8142	0.9882	0.1739	50.543	3.163e-07	3.013e-06	True
chr21	31130839	31131342	5	0.6445	0.9354	0.2909	20.4184	0.002075	0.002632	True
chr21	31132586	31133374	11	0.6774	0.9597	0.2824	31.9393	2.815e-07	2.733e-06	True
chr21	31140883	31141234	8	0.7938	0.9579	0.1642	26.8297	9.869e-05	0.0002479	True
chr21	31145510	31145917	5	0.7191	0.9201	0.201	17.924	0.008074	0.008667	True
chr21	31149511	31150366	13	0.7239	0.9177	0.1938	16.6904	4.765e-05	0.0001451	True
chr21	31157907	31158037	5	0.8195	0.9711	0.1516	24.9064	0.002089	0.002647	True
chr21	31158338	31158429	5	0.8585	0.9867	0.1283	102.6853	8.563e-05	0.0002241	True
chr21	31160271	31160985	9	0.7539	0.9516	0.1977	22.1657	0.0001107	0.0002684	True
chr21	31175023	31175408	6	0.7599	0.9666	0.2067	26.3054	0.0001465	0.0003334	True
chr21	31197001	31197166	8	0.6882	0.9552	0.2669	22.211	3.367e-05	0.0001117	True
chr21	31215964	31216694	6	0.7045	0.9522	0.2477	16.1388	0.0007416	0.001132	True
chr21	31244752	31245300	7	0.8439	0.9817	0.1378	48.9586	2.554e-05	9.046e-05	True
chr21	31246148	31246342	7	0.7991	0.9653	0.1662	19.0204	0.0004711	0.0007972	True
chr21	31246382	31246721	9	0.8044	0.9645	0.16	32.5169	5.036e-05	0.000152	True
chr21	31254761	31255176	5	0.7487	0.9818	0.2331	35.2787	9.937e-05	0.000249	True
chr21	31267878	31268364	6	0.6809	0.9685	0.2876	26.2523	3.565e-05	0.0001171	True
chr21	31300371	31301002	6	0.6353	0.9684	0.3331	38.8163	2.048e-05	7.693e-05	True
chr21	31318372	31319322	9	0.8228	0.9702	0.1474	25.6711	4.76e-05	0.0001451	True
chr21	31334184	31334531	7	0.7341	0.9003	0.1662	29.4123	0.0003062	0.0005798	True
chr21	31358208	31358608	10	0.6839	0.9297	0.2458	25.1354	5.145e-06	2.71e-05	True
chr21	31405931	31405964	5	0.8621	0.9714	0.1093	57.7295	0.0008302	0.001234	True
chr21	31409343	31409830	6	0.4928	0.948	0.4552	18.096	0.0001072	0.0002642	True
chr21	31453147	31453335	5	0.7263	0.9687	0.2424	20.3501	0.0009285	0.001354	True
chr21	31469087	31469772	5	0.6199	0.9776	0.3577	21.8853	5.684e-05	0.0001667	True
chr21	31501929	31502083	8	0.8362	0.9736	0.1374	25.3078	9.701e-05	0.0002451	True
chr21	31512679	31512934	6	0.7197	0.9385	0.2188	21.5821	0.001143	0.001607	True
chr21	31519483	31519588	5	0.62	0.2848	-0.3352	26.8172	0.0003727	0.0006738	True
chr21	31535596	31536055	6	0.6987	0.9665	0.2677	42.2416	2.426e-05	8.695e-05	True
chr21	31541104	31542179	9	0.8269	0.9778	0.1509	32.2093	8.434e-06	4.005e-05	True
chr21	31587592	31588219	18	0.4105	0.9011	0.4906	22.4039	6.707e-11	1.998e-09	True
chr21	31613607	31613820	6	0.8889	0.9779	0.0891	32.0179	0.005759	0.006393	True
chr21	31668459	31669463	6	0.7182	0.9303	0.2121	22.5828	0.003041	0.003647	True
chr21	31716104	31716425	5	0.6832	0.9672	0.284	15.2977	0.0006297	0.001	True
chr21	31762529	31763715	11	0.7845	0.9459	0.1614	18.6651	6.649e-05	0.0001866	True
chr21	31808094	31808351	5	0.9404	0.756	-0.1844	28.5419	0.001746	0.002275	True
chr21	31808679	31809246	5	0.7343	0.9412	0.2069	38.1434	0.001462	0.001961	True
chr21	31859264	31860259	6	0.853	0.9683	0.1153	16.0249	0.005421	0.006061	True
chr21	31899457	31899505	6	0.6256	0.9419	0.3162	17.5232	0.0005858	0.0009449	True
chr21	31945074	31945168	5	0.7735	0.9814	0.2079	45.4842	9.696e-05	0.0002451	True
chr21	31945358	31945677	5	0.8515	0.9936	0.142	63.3771	9.715e-06	4.426e-05	True
chr21	31957581	31958052	5	0.9735	0.6709	-0.3026	30.4047	9.615e-05	0.0002437	True
chr21	32142648	32143035	5	0.845	0.9706	0.1256	17.1408	0.01019	0.01074	True
chr21	32143434	32143989	5	0.8775	0.979	0.1015	35.3497	0.005155	0.005794	True
chr21	32159374	32159518	5	0.6224	0.9422	0.3198	20.9096	0.0005527	0.0009055	True
chr21	32162215	32162927	8	0.6062	0.9499	0.3437	18.4484	1.782e-05	6.891e-05	True
chr21	32184722	32185412	12	0.6324	0.8446	0.2122	20.6394	0.0001609	0.0003575	True
chr21	32185473	32185576	5	0.7627	0.9363	0.1735	15.7722	0.008846	0.009426	True
chr21	32193832	32194330	6	0.7059	0.9489	0.243	21.3224	0.000913	0.001338	True
chr21	32218056	32218447	6	0.7151	0.9743	0.2592	33.9679	4.158e-05	0.0001308	True
chr21	32226924	32227305	5	0.5078	0.9235	0.4157	27.0748	0.0005646	0.0009195	True
chr21	32253468	32254497	13	0.5405	0.9456	0.4051	31.1175	2.281e-09	4.414e-08	True
chr21	32272783	32273005	6	0.5448	0.8768	0.332	19.3161	0.001347	0.001841	True
chr21	32273324	32274683	11	0.4792	0.8885	0.4093	16.6115	7.1e-06	3.508e-05	True
chr21	32284063	32284727	6	0.7041	0.9791	0.2749	62.2647	3.394e-06	2.027e-05	True
chr21	32307986	32308593	10	0.7217	0.9462	0.2245	17.4603	3.496e-05	0.0001155	True
chr21	32308657	32309694	9	0.6708	0.8946	0.2238	27.6774	1.097e-05	4.881e-05	True
chr21	32319126	32319714	7	0.4998	0.9087	0.4089	21.467	0.0001131	0.0002727	True
chr21	32329032	32329656	6	0.4082	0.8348	0.4266	15.8727	0.001475	0.001974	True
chr21	32336379	32336755	5	0.6326	0.9859	0.3533	166.6996	5.574e-07	4.821e-06	True
chr21	32343645	32344095	5	0.6169	0.9515	0.3346	22.3919	0.0003105	0.0005871	True
chr21	32346989	32347187	6	0.7981	0.9784	0.1803	62.6635	4.668e-05	0.0001429	True
chr21	32360364	32360911	6	0.0969	0.3451	0.2482	16.3866	0.002946	0.00355	True
chr21	32372133	32372632	6	0.7219	0.9068	0.1849	24.1959	0.001385	0.001877	True
chr21	32372932	32373531	8	0.587	0.8845	0.2976	17.3367	0.0001084	0.0002656	True
chr21	32373842	32374483	10	0.5852	0.9164	0.3312	24.793	1.199e-05	5.211e-05	True
chr21	32376653	32377204	8	0.6752	0.931	0.2558	23.1794	0.0001157	0.000278	True
chr21	32391362	32392380	10	0.6259	0.9583	0.3325	24.8295	3.592e-07	3.37e-06	True
chr21	32392608	32393510	9	0.6305	0.9158	0.2853	32.7926	4.013e-05	0.0001274	True
chr21	32393556	32393950	5	0.5386	0.9052	0.3666	18.7049	0.001302	0.001791	True
chr21	32397383	32397810	14	0.6259	0.9588	0.333	26.8003	3.088e-09	5.722e-08	True
chr21	32401609	32401898	5	0.7831	0.9943	0.2113	79.8533	8.405e-07	6.618e-06	True
chr21	32417024	32417537	5	0.4923	0.9107	0.4184	39.0425	0.0001223	0.0002899	True
chr21	32419995	32420637	5	0.5759	0.8803	0.3044	21.7194	0.004726	0.005363	True
chr21	32448241	32448574	6	0.6832	0.9562	0.273	18.7334	0.00036	0.0006574	True
chr21	32448886	32449217	6	0.6804	0.9581	0.2776	22.7257	0.0002685	0.0005264	True
chr21	32452821	32453468	6	0.7704	0.9596	0.1893	26.0799	0.001971	0.002517	True
chr21	32460445	32460594	5	0.7752	0.9703	0.195	20.658	0.001171	0.001636	True
chr21	32460780	32460852	11	0.9123	0.7446	-0.1678	44.905	4.441e-07	4.04e-06	True
chr21	32461441	32462065	6	0.4886	0.8678	0.3792	26.8563	0.0006857	0.001063	True
chr21	32468948	32469008	6	0.8155	0.97	0.1545	29.2791	0.0005046	0.0008413	True
chr21	32483694	32484389	5	0.6794	0.9537	0.2743	24.0316	0.0008838	0.001298	True
chr21	32486271	32486978	7	0.7276	0.9805	0.2529	39.2706	2.149e-06	1.406e-05	True
chr21	32490956	32490996	5	0.7772	0.9658	0.1885	52.9113	0.0003328	0.0006196	True
chr21	32491005	32491803	9	0.6933	0.9852	0.2919	48.974	5.79e-09	1.006e-07	True
chr21	32492239	32493119	30	0.8165	0.9614	0.1449	28.0387	3.442e-13	1.803e-11	True
chr21	32494121	32494987	13	0.7035	0.9529	0.2494	18.8434	3.541e-07	3.342e-06	True
chr21	32496653	32497225	13	0.8423	0.9829	0.1406	64.9738	1.492e-09	3.126e-08	True
chr21	32497400	32497724	6	0.7795	0.9886	0.2091	64.1585	2.403e-06	1.547e-05	True
chr21	32498590	32498668	5	0.8733	0.9779	0.1046	30.5029	0.003228	0.003826	True
chr21	32498933	32499409	11	0.754	0.9572	0.2032	25.654	5.2e-06	2.727e-05	True
chr21	32502433	32503522	15	0.7432	0.973	0.2298	33.7358	4.986e-10	1.203e-08	True
chr21	32507954	32508807	13	0.548	0.7533	0.2053	15.8824	0.000109	0.0002664	True
chr21	32515255	32515408	5	0.7376	0.97	0.2325	30.0091	0.000169	0.0003714	True
chr21	32516519	32516752	7	0.8736	0.9868	0.1133	75.1029	9.631e-06	4.413e-05	True
chr21	32524888	32525132	5	0.8178	0.9603	0.1425	17.6987	0.006587	0.007221	True
chr21	32526716	32526814	5	0.8539	0.9685	0.1146	55.3491	0.001765	0.002295	True
chr21	32527056	32527853	8	0.7908	0.939	0.1482	17.7459	0.007988	0.008584	True
chr21	32530666	32531210	6	0.8535	0.9885	0.135	83.1558	3.77e-06	2.187e-05	True
chr21	32532230	32532579	6	0.4413	0.8986	0.4572	24.396	0.0001317	0.0003073	True
chr21	32537341	32537825	5	0.8593	0.9915	0.1322	58.8519	2.713e-05	9.476e-05	True
chr21	32547555	32547938	6	0.889	0.995	0.106	131.2376	3.795e-07	3.527e-06	True
chr21	32549682	32550355	5	0.8277	0.9547	0.127	88.0039	0.0001716	0.0003752	True
chr21	32553375	32553652	6	0.7762	0.9536	0.1774	17.884	0.002647	0.003242	True
chr21	32554393	32554698	6	0.7697	0.9178	0.1481	21.958	0.003055	0.003656	True
chr21	32554912	32555426	10	0.8187	0.9522	0.1335	15.4397	0.001374	0.001869	True
chr21	32564905	32565213	5	0.8511	0.9786	0.1275	52.4287	0.001024	0.001469	True
chr21	32565322	32565855	9	0.8797	0.9848	0.1051	45.415	1.15e-05	5.034e-05	True
chr21	32569964	32570202	9	0.8542	0.9792	0.125	31.3228	4.263e-05	0.0001333	True
chr21	32574406	32574752	7	0.8079	0.9751	0.1671	22.9693	0.0001347	0.0003116	True
chr21	32580201	32580662	6	0.8529	0.98	0.1271	40.398	0.0002189	0.0004525	True
chr21	32581686	32582231	6	0.7444	0.9583	0.2139	27.8502	0.0006733	0.001047	True
chr21	32582386	32582465	6	0.8141	0.9444	0.1303	62.0283	0.0001398	0.00032	True
chr21	32588903	32589089	9	0.8373	0.9714	0.1341	79.7388	3.755e-06	2.182e-05	True
chr21	32591845	32591939	5	0.3192	0.1652	-0.1541	15.0041	0.01821	0.01858	True
chr21	32595632	32595925	12	0.7895	0.9894	0.2	51.474	3.319e-11	1.04e-09	True
chr21	32596143	32596973	9	0.8502	0.977	0.1268	51.7026	5.462e-05	0.0001611	True
chr21	32597452	32597844	6	0.8927	0.992	0.0992	76.4456	1.42e-05	5.848e-05	True
chr21	32598200	32598362	7	0.8345	0.9641	0.1296	19.9123	0.001306	0.001795	True
chr21	32602248	32602842	9	0.8876	0.9802	0.0926	19.5226	0.0002755	0.0005368	True
chr21	32603211	32603510	6	0.7712	0.9516	0.1803	18.1904	0.001644	0.002162	True
chr21	32603561	32603921	6	0.7366	0.9723	0.2357	33.5555	9.104e-05	0.0002341	True
chr21	32604808	32605431	6	0.8036	0.9816	0.178	78.5303	3.221e-05	0.0001074	True
chr21	32606008	32606308	11	0.8536	0.9755	0.1219	32.7689	9.868e-06	4.463e-05	True
chr21	32613118	32613897	8	0.7514	0.965	0.2136	29.4825	0.0001112	0.0002689	True
chr21	32616631	32616766	5	0.8579	0.9962	0.1384	171.9953	4.642e-07	4.169e-06	True
chr21	32618361	32618981	8	0.8182	0.9885	0.1702	94.6852	1.155e-07	1.323e-06	True
chr21	32624364	32624540	7	0.8182	0.968	0.1497	73.8068	5.751e-05	0.0001677	True
chr21	32624568	32624675	5	0.7943	0.9891	0.1948	88.0774	6.487e-06	3.242e-05	True
chr21	32626584	32627927	11	0.7516	0.9644	0.2128	30.0307	2.104e-06	1.387e-05	True
chr21	32629880	32630130	7	0.7561	0.9491	0.1931	42.4978	0.0002261	0.0004633	True
chr21	32630525	32631024	5	0.7803	0.9537	0.1734	65.972	0.0009572	0.001391	True
chr21	32634023	32634694	10	0.8049	0.9571	0.1523	27.0501	6.692e-05	0.0001871	True
chr21	32636570	32637421	10	0.7198	0.9777	0.2579	30.9466	7.381e-08	9.307e-07	True
chr21	32638639	32638682	6	0.5212	0.6752	0.1541	111.4804	4.906e-06	2.631e-05	True
chr21	32640320	32640679	7	0.1891	0.4017	0.2126	26.4621	0.0001817	0.00039	True
chr21	32645877	32647330	10	0.5373	0.9438	0.4065	17.6112	1.222e-06	8.924e-06	True
chr21	32648968	32649459	9	0.8553	0.9715	0.1163	47.5356	1.325e-05	5.563e-05	True
chr21	32651115	32651377	9	0.7888	0.9743	0.1854	28.6516	4.769e-06	2.588e-05	True
chr21	32659561	32660294	6	0.764	0.9545	0.1905	16.8061	0.002469	0.003053	True
chr21	32661869	32662260	5	0.7302	0.5586	-0.1716	29.8358	0.002362	0.002936	True
chr21	32662827	32663309	8	0.789	0.9938	0.2047	82.2152	1.484e-09	3.126e-08	True
chr21	32665428	32666017	6	0.819	0.9851	0.1662	99.4557	6.448e-06	3.233e-05	True
chr21	32666941	32667270	9	0.8214	0.9723	0.1508	24.0273	1.392e-05	5.791e-05	True
chr21	32668267	32668419	7	0.8724	0.9862	0.1138	37.3012	3.032e-05	0.0001028	True
chr21	32669375	32669732	6	0.8683	0.9748	0.1066	25.7161	0.00269	0.003278	True
chr21	32672230	32672868	9	0.8355	0.9469	0.1113	15.0009	0.008176	0.008761	True
chr21	32676839	32677034	5	0.824	0.9966	0.1726	162.5983	9.269e-08	1.119e-06	True
chr21	32679694	32680091	6	0.8109	0.9674	0.1564	20.1705	0.001006	0.001449	True
chr21	32687230	32687595	11	0.8615	0.9783	0.1168	37.6477	5.702e-06	2.921e-05	True
chr21	32694676	32695091	8	0.8034	0.9703	0.1668	41.9499	2.208e-05	8.114e-05	True
chr21	32699448	32699680	5	0.6891	0.7985	0.1094	26.4843	0.01116	0.01172	True
chr21	32710379	32710529	7	0.3314	0.6517	0.3203	19.9815	0.000153	0.0003441	True
chr21	32711777	32712790	9	0.773	0.9667	0.1937	33.2031	8.095e-06	3.874e-05	True
chr21	32712947	32713533	8	0.7424	0.9753	0.2328	28.6692	3.645e-06	2.139e-05	True
chr21	32716820	32716939	5	0.2098	0.0214	-0.1883	23.6807	0.000507	0.0008437	True
chr21	32728320	32728841	5	0.7744	0.9947	0.2203	221.1704	1.157e-07	1.323e-06	True
chr21	32730045	32730609	8	0.7095	0.9378	0.2284	51.8427	1.274e-05	5.399e-05	True
chr21	32730707	32731831	15	0.7867	0.9779	0.1912	45.0821	2.102e-11	7.056e-10	True
chr21	32735132	32735471	5	0.6104	0.8664	0.256	17.3782	0.005269	0.005905	True
chr21	32736756	32737381	5	0.8012	0.9563	0.155	15.8734	0.007412	0.008028	True
chr21	32744152	32744414	5	0.8253	0.5485	-0.2768	34.2993	0.0002512	0.0005	True
chr21	32744596	32745120	6	0.8	0.9805	0.1805	35.778	3.671e-05	0.0001193	True
chr21	32753298	32753703	5	0.8708	0.9727	0.1019	24.8757	0.01382	0.01431	True
chr21	32756387	32757404	6	0.7234	0.949	0.2256	20.7391	0.0007928	0.001191	True
chr21	32760071	32760241	6	0.8388	0.9684	0.1296	42.0815	0.0007992	0.001198	True
chr21	32763287	32763959	11	0.8355	0.9706	0.1352	24.4576	1.223e-05	5.27e-05	True
chr21	32764548	32765248	9	0.7857	0.9416	0.1559	15.5376	0.001163	0.001626	True
chr21	32768682	32768990	5	0.7866	0.9726	0.186	25.7754	0.0007914	0.00119	True
chr21	32784199	32784466	7	0.7687	0.9774	0.2088	79.0865	5.71e-06	2.921e-05	True
chr21	32786022	32786225	5	0.7468	0.9416	0.1948	21.6835	0.003466	0.004073	True
chr21	32787011	32787230	7	0.7789	0.9683	0.1894	25.6135	0.0001626	0.0003607	True
chr21	32798242	32798747	9	0.8266	0.9783	0.1517	20.3324	1.548e-05	6.229e-05	True
chr21	32802243	32802433	7	0.8974	0.9763	0.0789	28.0605	0.004914	0.00555	True
chr21	32804691	32805216	11	0.8446	0.9709	0.1264	27.2013	3.066e-05	0.0001033	True
chr21	32810057	32811367	8	0.7743	0.9731	0.1988	17.6642	2.406e-05	8.641e-05	True
chr21	32811944	32812185	6	0.8591	0.9759	0.1169	26.8944	0.002917	0.00352	True
chr21	32815225	32815707	5	0.8591	0.9612	0.1021	23.9517	0.02588	0.02618	True
chr21	32828005	32828329	6	0.8236	0.5667	-0.2569	55.6937	1.416e-05	5.847e-05	True
chr21	32829882	32830470	8	0.8572	0.981	0.1238	46.7265	1.977e-05	7.471e-05	True
chr21	32836830	32836893	6	0.8906	0.9897	0.0992	112.7122	1.099e-05	4.883e-05	True
chr21	32838560	32839073	9	0.8024	0.9481	0.1457	15.6901	0.0006644	0.001038	True
chr21	32839595	32839736	6	0.8845	0.6227	-0.2618	22.03	0.0003246	0.0006078	True
chr21	32841075	32841223	5	0.7847	0.9722	0.1875	43.3705	0.0001347	0.0003116	True
chr21	32843131	32843344	5	0.6754	0.9168	0.2414	17.5201	0.002897	0.003502	True
chr21	32844257	32844577	5	0.7823	0.956	0.1737	30.541	0.001592	0.002104	True
chr21	32845916	32846473	8	0.6708	0.9652	0.2944	16.7917	1.342e-05	5.626e-05	True
chr21	32847642	32847861	5	0.8517	0.9681	0.1164	37.6411	0.005696	0.006331	True
chr21	32850337	32851066	6	0.5573	0.9599	0.4026	15.2477	0.0001027	0.0002556	True
chr21	32851937	32852879	10	0.8005	0.9465	0.146	19.5284	0.0001905	0.0004039	True
chr21	32854666	32855622	11	0.794	0.9654	0.1714	29.0275	4.143e-06	2.332e-05	True
chr21	32856031	32856704	6	0.7362	0.9382	0.202	20.153	0.001222	0.001694	True
chr21	32860513	32860899	6	0.7015	0.9802	0.2787	24.5383	1.668e-05	6.602e-05	True
chr21	32862874	32863177	5	0.8554	0.9907	0.1353	108.9811	2.759e-05	9.616e-05	True
chr21	32863308	32863392	6	0.8712	0.9852	0.1139	53.9594	0.0001095	0.000267	True
chr21	32866018	32866855	6	0.8073	0.9719	0.1646	33.7771	0.0002622	0.0005181	True
chr21	32870753	32871902	15	0.7826	0.9799	0.1972	35.8026	1.72e-10	4.621e-09	True
chr21	32873649	32873827	5	0.5906	0.9557	0.3651	24.4336	0.0003661	0.0006656	True
chr21	32877312	32878042	7	0.8268	0.9826	0.1559	41.3218	1.848e-05	7.108e-05	True
chr21	32878754	32879154	5	0.8512	0.9764	0.1252	43.901	0.0009649	0.0014	True
chr21	32890126	32890303	5	0.4141	0.7205	0.3064	20.8262	0.001425	0.00192	True
chr21	32909718	32910327	9	0.8941	0.9958	0.1017	129.6699	4.925e-10	1.203e-08	True
chr21	32910511	32910728	5	0.8831	0.9837	0.1007	23.6021	0.002659	0.003252	True
chr21	32915350	32916019	20	0.8481	0.4216	-0.4266	22.8764	4.033e-09	7.21e-08	True
chr21	32923912	32924273	5	0.8273	0.9939	0.1666	456.4315	2.119e-07	2.183e-06	True
chr21	32926477	32927356	10	0.7786	0.5608	-0.2178	16.6158	0.0002274	0.0004657	True
chr21	32927803	32928073	6	0.9368	0.5968	-0.34	25.0799	0.0001923	0.0004063	True
chr21	32930220	32930489	35	0.115	0.0246	-0.0904	24.0651	6.69e-12	2.574e-10	True
chr21	32930491	32930530	5	0.1152	0.0079	-0.1073	86.1836	2.132e-05	7.932e-05	True
chr21	32930590	32930643	5	0.1106	0.0034	-0.1072	154.6239	6.513e-07	5.394e-06	True
chr21	32931241	32931254	5	0.0232	0.1706	0.1473	38.968	0.0009969	0.001438	True
chr21	32933082	32933733	10	0.781	0.9685	0.1875	30.3793	5.519e-06	2.843e-05	True
chr21	32933994	32934483	6	0.7118	0.9639	0.252	17.7107	0.0003306	0.0006164	True
chr21	32947213	32947408	5	0.7877	0.9438	0.156	26.4279	0.008629	0.009214	True
chr21	32969920	32969980	7	0.7632	0.9477	0.1845	19.0949	0.0008014	0.0012	True
chr21	32972715	32972866	5	0.8639	0.9849	0.121	44.1074	0.0006519	0.001025	True
chr21	32983726	32983891	5	0.888	0.992	0.104	56.5027	0.0001081	0.0002655	True
chr21	33034379	33035065	10	0.8004	0.9659	0.1655	18.6746	5.139e-05	0.000154	True
chr21	33050129	33050630	6	0.8474	0.9711	0.1237	19.0714	0.001748	0.002276	True
chr21	33065648	33065711	8	0.8745	0.9858	0.1113	37.5097	1.772e-05	6.867e-05	True
chr21	33068916	33068980	5	0.9722	0.8611	-0.1112	21.0301	0.005454	0.006091	True
chr21	33101591	33102467	5	0.4769	0.7299	0.253	19.4374	0.002249	0.002825	True
chr21	33161521	33161695	5	0.8121	0.9925	0.1804	151.4644	2.389e-06	1.542e-05	True
chr21	33166164	33166713	8	0.8353	0.9667	0.1313	21.0844	0.000428	0.0007432	True
chr21	33171187	33171406	5	0.5202	0.1957	-0.3244	18.1997	0.00114	0.001605	True
chr21	33173916	33174293	8	0.7997	0.9721	0.1724	51.7129	8.801e-06	4.125e-05	True
chr21	33178758	33179183	9	0.8462	0.9685	0.1224	21.072	0.0002735	0.0005341	True
chr21	33192719	33193047	5	0.7735	0.9832	0.2097	40.8557	6.384e-05	0.0001815	True
chr21	33214096	33214449	7	0.8439	0.9591	0.1152	17.2066	0.005627	0.006267	True
chr21	33237705	33237873	6	0.8294	0.9497	0.1203	23.6661	0.004405	0.00504	True
chr21	33238150	33238253	5	0.6919	0.8151	0.1232	40.226	0.00203	0.002581	True
chr21	33240051	33240575	9	0.843	0.9713	0.1283	41.9929	3.028e-05	0.0001028	True
chr21	33245763	33245809	7	0.0888	0.0195	-0.0694	22.5471	0.004701	0.005344	True
chr21	33259961	33260164	10	0.8685	0.5775	-0.291	15.2318	7.661e-05	0.0002071	True
chr21	33265355	33265584	6	0.8906	0.5668	-0.3238	15.5361	0.0005259	0.0008688	True
chr21	33280602	33280690	6	0.7022	0.2188	-0.4834	36.7733	3.645e-05	0.000119	True
chr21	33280764	33280865	6	0.1115	0.2728	0.1613	73.7536	2.176e-05	8.054e-05	True
chr21	33288608	33288837	7	0.7865	0.9789	0.1924	27.0651	2.317e-05	8.402e-05	True
chr21	33290097	33290860	7	0.8235	0.9781	0.1545	48.894	3.695e-05	0.0001197	True
chr21	33300211	33300716	11	0.8231	0.5537	-0.2694	17.7301	5.742e-05	0.0001677	True
chr21	33305372	33305834	5	0.7976	0.9559	0.1583	17.1098	0.0112	0.01174	True
chr21	33345022	33345420	8	0.4423	0.8804	0.4381	16.7256	7.58e-05	0.0002055	True
chr21	33346894	33347049	10	0.8838	0.7397	-0.1441	34.8178	0.0001346	0.0003116	True
chr21	33347591	33348108	5	0.8696	0.9897	0.12	71.3313	0.0001004	0.000251	True
chr21	33365733	33366065	5	0.9426	0.6569	-0.2856	42.3786	0.0001101	0.0002678	True
chr21	33373876	33374598	9	0.8585	0.9834	0.125	43.7947	3.253e-06	1.969e-05	True
chr21	33394109	33394207	5	0.1223	0.2822	0.1599	45.3697	0.0006649	0.001038	True
chr21	33431385	33431770	5	0.7576	0.9475	0.1899	39.1524	0.001364	0.001859	True
chr21	33440045	33440222	6	0.7335	0.4042	-0.3293	25.2851	0.0001747	0.0003791	True
chr21	33446238	33446465	6	0.9452	0.8658	-0.0793	17.8013	0.02968	0.02989	True
chr21	33474284	33474619	5	0.8735	0.9768	0.1033	15.7272	0.004558	0.005195	True
chr21	33495083	33495155	5	0.1648	0.5745	0.4097	25.0696	0.003461	0.004068	True
chr21	33503440	33503702	8	0.3395	0.1293	-0.2102	29.3118	0.0002077	0.0004317	True
chr21	33507008	33507334	5	0.8242	0.6836	-0.1406	18.8687	0.0169	0.0173	True
chr21	33523875	33525086	6	0.8562	0.9701	0.114	23.5391	0.003258	0.003859	True
chr21	33553080	33553914	5	0.8757	0.9807	0.105	24.558	0.001978	0.002524	True
chr21	33558445	33558918	6	0.8058	0.9802	0.1744	97.8079	1.495e-05	6.073e-05	True
chr21	33565886	33566709	6	0.8449	0.9748	0.13	26.4231	0.001723	0.002251	True
chr21	33572304	33572553	6	0.4096	0.9466	0.537	29.0771	1.512e-05	6.119e-05	True
chr21	33573364	33573716	8	0.8475	0.9786	0.1312	19.2002	0.0001245	0.0002941	True
chr21	33574205	33574548	6	0.7826	0.9762	0.1936	25.4257	0.0003024	0.0005757	True
chr21	33610855	33611542	5	0.9461	0.7545	-0.1915	18.0752	0.003705	0.004305	True
chr21	33615310	33615514	5	0.7729	0.9867	0.2138	67.3405	2.777e-05	9.645e-05	True
chr21	33616220	33616399	5	0.9056	0.9855	0.0798	21.4521	0.003938	0.004554	True
chr21	33619217	33619517	6	0.9233	0.7625	-0.1608	29.4419	0.0006514	0.001025	True
chr21	33625922	33626286	5	0.9238	0.6056	-0.3183	15.9773	0.001108	0.001571	True
chr21	33631269	33631404	5	0.8838	0.9768	0.093	27.6306	0.005642	0.006279	True
chr21	33641040	33641317	6	0.9669	0.8616	-0.1053	33.9777	0.001962	0.002509	True
chr21	33670057	33670317	5	0.9724	0.832	-0.1404	41.6028	0.0006687	0.001042	True
chr21	33686775	33687040	6	0.8092	0.9757	0.1665	41.2811	0.0002007	0.0004212	True
chr21	33694188	33694686	11	0.7999	0.9564	0.1565	15.1773	0.0001271	0.0002989	True
chr21	33708267	33708436	7	0.8893	0.6696	-0.2197	24.0383	0.0001513	0.000341	True
chr21	33709486	33709719	5	0.9328	0.7924	-0.1404	16.9957	0.01291	0.01343	True
chr21	33743405	33743756	5	0.7744	0.2776	-0.4967	39.1542	2.821e-05	9.754e-05	True
chr21	33750733	33750841	6	0.8985	0.8004	-0.0981	24.9886	0.003886	0.004504	True
chr21	33768305	33768899	5	0.8779	0.9835	0.1056	24.8612	0.002394	0.002971	True
chr21	33811749	33811942	6	0.8725	0.5889	-0.2836	32.6785	0.0002387	0.000482	True
chr21	33813614	33814171	6	0.8728	0.9542	0.0814	17.4432	0.04937	0.04937	True
chr21	33828895	33829307	6	0.7074	0.4328	-0.2746	22.6437	0.0005384	0.0008844	True
chr21	33831601	33831877	7	0.7059	0.9072	0.2014	17.9198	0.002212	0.002785	True
chr21	33835348	33835522	6	0.923	0.7358	-0.1872	18.7212	0.004426	0.00506	True
chr21	33835851	33836678	15	0.6977	0.128	-0.5696	32.5368	7.832e-11	2.274e-09	True
chr21	33847936	33848275	5	0.1109	0.0119	-0.099	58.2449	0.0001104	0.0002682	True
chr21	33850917	33851204	6	0.818	0.4526	-0.3654	17.4301	0.0003638	0.0006625	True
chr21	33867372	33867496	5	0.2471	0.1408	-0.1063	17.0348	0.0256	0.0259	True
chr21	33888994	33889490	7	0.4549	0.2887	-0.1662	21.3642	0.003179	0.003778	True
chr21	33893316	33894039	14	0.594	0.2283	-0.3657	15.0695	1.396e-06	9.962e-06	True
chr21	33903661	33904029	6	0.9333	0.6068	-0.3264	18.2766	0.0002845	0.0005512	True
chr21	33946850	33947191	6	0.8302	0.9632	0.133	30.2236	0.0008247	0.001227	True
chr21	33950570	33950668	7	0.8093	0.5744	-0.2348	23.7452	0.0003159	0.0005952	True
chr21	33951757	33952258	10	0.6841	0.9508	0.2667	39.9349	2.266e-06	1.478e-05	True
chr21	33954457	33954519	5	0.8928	0.9926	0.0998	60.3532	8.649e-05	0.0002258	True
chr21	33957874	33958060	5	0.8812	0.9852	0.104	53.112	0.0006891	0.001066	True
chr21	33964704	33964867	6	0.8458	0.9767	0.1309	40.7715	0.0003456	0.0006353	True
chr21	33970289	33970727	6	0.888	0.9793	0.0912	50.892	0.001942	0.002487	True
chr21	33971332	33972183	13	0.8917	0.5788	-0.3129	52.7694	1.863e-10	4.88e-09	True
chr21	33975073	33975349	7	0.9494	0.8695	-0.0799	19.2869	0.01606	0.01649	True
chr21	34017963	34018012	6	0.9225	0.7485	-0.174	15.8599	0.01232	0.01284	True
chr21	34080577	34080743	5	0.9334	0.5348	-0.3986	18.264	0.0004341	0.0007508	True
chr21	34166537	34166640	5	0.7813	0.9464	0.1651	22.6225	0.008125	0.008716	True
chr21	34177930	34178308	6	0.8613	0.9634	0.1021	18.177	0.009508	0.01008	True
chr21	34185917	34186122	7	0.7345	0.3096	-0.4249	31.7871	4.414e-06	2.444e-05	True
chr21	34204783	34205110	6	0.7479	0.9434	0.1956	15.8229	0.002435	0.003016	True
chr21	34212927	34213029	7	0.8622	0.9777	0.1155	27.719	0.0002848	0.0005512	True
chr21	34218405	34218732	6	0.6304	0.9097	0.2793	16.6921	0.001405	0.001898	True
chr21	34246367	34246603	5	0.8317	0.983	0.1513	25.1816	0.0004645	0.0007882	True
chr21	34247623	34247746	5	0.7288	0.9562	0.2274	21.3322	0.003299	0.003905	True
chr21	34253740	34254143	6	0.7018	0.9833	0.2815	36.0259	6.209e-06	3.129e-05	True
chr21	34254620	34254830	5	0.7012	0.9889	0.2877	41.8383	8.267e-06	3.944e-05	True
chr21	34265376	34265889	5	0.5531	0.9593	0.4062	32.4727	0.0001531	0.0003442	True
chr21	34277517	34278328	7	0.8347	0.9612	0.1265	29.2548	0.003593	0.004188	True
chr21	34285689	34286248	6	0.6378	0.9761	0.3383	78.8239	8.225e-07	6.544e-06	True
chr21	34289757	34290154	7	0.351	0.1206	-0.2303	22.1073	0.0006208	0.0009898	True
chr21	34301844	34301882	5	0.7997	0.9892	0.1895	59.4738	1.653e-05	6.55e-05	True
chr21	34307948	34308196	5	0.7576	0.9769	0.2193	30.1727	0.0002386	0.000482	True
chr21	34316634	34317256	6	0.8758	0.9838	0.108	22.4007	0.0005555	0.0009086	True
chr21	34340220	34340438	5	0.8038	0.9411	0.1374	30.633	0.007994	0.008587	True
chr21	34347821	34348589	11	0.724	0.9412	0.2172	15.1674	3.869e-05	0.0001237	True
chr21	34349606	34350009	6	0.8482	0.9876	0.1395	90.859	1.14e-05	5.017e-05	True
chr21	34392139	34392270	13	0.3604	0.0402	-0.3202	79.3826	2.136e-11	7.056e-10	True
chr21	34394949	34396068	76	0.3459	0.0468	-0.2992	31.2025	1.076e-41	5.45e-39	True
chr21	34396076	34396543	34	0.4109	0.0692	-0.3417	16.0616	1.735e-16	1.255e-14	True
chr21	34396986	34398172	68	0.4094	0.091	-0.3184	15.1787	9.088e-27	1.726e-24	True
chr21	34398184	34399201	60	0.3995	0.0689	-0.3306	21.6898	5.335e-29	1.247e-26	True
chr21	34399221	34399292	7	0.196	0.0272	-0.1688	88.9296	8.647e-06	4.08e-05	True
chr21	34399326	34399536	24	0.2655	0.0319	-0.2335	99.5655	2.797e-19	2.576e-17	True
chr21	34399564	34399727	17	0.2861	0.0294	-0.2567	42.004	3.218e-12	1.34e-10	True
chr21	34399737	34400361	73	0.3197	0.0614	-0.2583	24.8725	3.795e-35	1.281e-32	True
chr21	34400421	34400811	20	0.316	0.0421	-0.2739	27.4087	6.625e-12	2.574e-10	True
chr21	34401522	34401700	10	0.3448	0.0465	-0.2983	25.597	1.081e-06	8.092e-06	True
chr21	34405118	34405231	5	0.6728	0.3246	-0.3482	35.75	0.0001095	0.000267	True
chr21	34405390	34406487	92	0.6312	0.1797	-0.4515	18.4802	1.6e-40	6.077e-38	True
chr21	34408001	34408374	7	0.8173	0.9538	0.1365	18.2605	0.003209	0.00381	True
chr21	34409005	34409256	5	0.5489	0.3429	-0.206	17.3812	0.01024	0.01078	True
chr21	34420262	34420720	6	0.7751	0.8871	0.112	17.5724	0.01565	0.01608	True
chr21	34422530	34423002	6	0.7868	0.916	0.1292	21.4118	0.008635	0.009217	True
chr21	34424418	34424477	5	0.8973	0.7632	-0.1342	35.4179	0.002884	0.00349	True
chr21	34427863	34428400	5	0.7513	0.973	0.2217	31.2295	0.0003541	0.0006487	True
chr21	34436731	34436876	5	0.7492	0.3425	-0.4068	24.9277	0.0002562	0.0005089	True
chr21	34442253	34442292	5	0.0433	0.204	0.1607	19.4967	0.005331	0.005969	True
chr21	34443578	34444123	49	0.3503	0.0603	-0.29	18.1728	1.204e-22	1.591e-20	True
chr21	34444216	34444584	32	0.5905	0.1379	-0.4526	39.5629	9.535e-22	1.159e-19	True
chr21	34459456	34459897	6	0.8277	0.9806	0.1529	51.6406	6.592e-05	0.0001857	True
chr21	34470529	34470846	6	0.736	0.9573	0.2212	17.5394	0.0008257	0.001228	True
chr21	34476256	34477329	14	0.7384	0.9648	0.2264	21.7621	4.539e-08	6.088e-07	True
chr21	34482006	34482060	7	0.1747	0.0141	-0.1606	131.2694	7.81e-08	9.728e-07	True
chr21	34483338	34483576	8	0.7712	0.9361	0.165	25.6437	0.0004431	0.0007594	True
chr21	34490363	34490551	6	0.7729	0.95	0.1771	34.8582	0.0007149	0.001097	True
chr21	34493946	34494031	5	0.1661	0.2951	0.129	25.042	0.008289	0.008873	True
chr21	34506811	34507156	6	0.4875	0.82	0.3325	21.1114	0.0004306	0.0007459	True
chr21	34511546	34511660	14	0.8639	0.6331	-0.2308	24.1712	1.461e-07	1.602e-06	True
chr21	34524853	34524921	5	0.6185	0.4317	-0.1868	23.8673	0.003573	0.004167	True
chr21	34534207	34534383	6	0.8996	0.9822	0.0826	26.0946	0.001919	0.00246	True
chr21	34534790	34534896	6	0.4011	0.2583	-0.1428	16.1244	0.01117	0.01173	True
chr21	34535593	34536338	5	0.7915	0.9415	0.1501	21.1183	0.00976	0.01032	True
chr21	34541069	34541484	7	0.7077	0.3803	-0.3274	15.9705	0.0003997	0.0007057	True
chr21	34542436	34543373	6	0.7753	0.9524	0.1771	17.5159	0.001916	0.002458	True
chr21	34544250	34544414	5	0.8225	0.6719	-0.1506	21.984	0.007167	0.007779	True
chr21	34554040	34554142	5	0.6738	0.9194	0.2456	31.803	0.00265	0.003243	True
chr21	34555025	34555507	5	0.7931	0.9428	0.1496	19.0531	0.01148	0.01203	True
chr21	34557529	34558029	5	0.7486	0.952	0.2034	24.524	0.001457	0.001955	True
chr21	34643409	34643611	6	0.9608	0.8508	-0.11	20.7695	0.00584	0.006475	True
chr21	34660715	34660822	5	0.9308	0.7616	-0.1692	15.39	0.01384	0.01433	True
chr21	34679203	34679821	7	0.9465	0.8072	-0.1394	33.1578	0.0003044	0.0005777	True
chr21	34735549	34736203	5	0.9526	0.8645	-0.0881	16.5934	0.02938	0.02961	True
chr21	34755302	34755881	17	0.5898	0.0717	-0.5181	50.9558	5.067e-14	3.03e-12	True
chr21	34756880	34757175	5	0.8202	0.9728	0.1527	42.0043	0.0006727	0.001047	True
chr21	34766263	34766522	5	0.8409	0.9847	0.1438	34.914	0.0004556	0.0007779	True
chr21	34775670	34775686	5	0.1022	0.009	-0.0932	37.7966	0.0002924	0.0005625	True
chr21	34779924	34780161	9	0.8736	0.9873	0.1137	38.4021	2.507e-06	1.594e-05	True
chr21	34809200	34809319	5	0.8448	0.4438	-0.401	28.3397	0.000157	0.0003509	True
chr21	34815726	34816039	6	0.7017	0.9234	0.2218	47.2752	0.0003367	0.0006243	True
chr21	34849516	34849680	5	0.7985	0.9391	0.1406	15.8784	0.01599	0.01642	True
chr21	34850112	34850548	7	0.8774	0.9904	0.1129	57.8524	3.718e-06	2.173e-05	True
chr21	34852909	34852963	6	0.1019	0.0098	-0.0921	68.6886	9.37e-05	0.0002391	True
chr21	34854695	34855044	5	0.9582	0.6946	-0.2636	78.55	0.0001751	0.0003797	True
chr21	34924854	34925013	5	0.9815	0.8731	-0.1084	32.9394	0.001046	0.001494	True
chr21	34932204	34932396	6	0.7936	0.9506	0.157	15.0392	0.006527	0.007168	True
chr21	35016787	35016982	5	0.8756	0.1535	-0.7221	40.991	0.0003194	0.0005995	True
chr21	35104311	35104869	5	0.9089	0.6193	-0.2896	19.9478	0.002507	0.003089	True
chr21	35156499	35157396	6	0.9663	0.8348	-0.1316	31.0158	0.001137	0.001603	True
chr21	35194382	35194635	6	0.8567	0.4879	-0.3688	26.9637	5.057e-05	0.0001525	True
chr21	35196850	35197284	9	0.8935	0.68	-0.2135	20.5874	3.476e-05	0.0001149	True
chr21	35203961	35204855	18	0.8829	0.6126	-0.2702	32.2947	4.121e-11	1.265e-09	True
chr21	35210404	35210610	7	0.9202	0.7517	-0.1685	29.3113	8.077e-05	0.0002157	True
chr21	35229090	35229199	5	0.8591	0.9874	0.1283	55.6675	0.0001806	0.0003882	True
chr21	35237145	35237448	5	0.8609	0.9698	0.1089	22.8542	0.006593	0.007223	True
chr21	35237632	35238267	7	0.8799	0.9823	0.1024	41.3268	0.0001382	0.0003172	True
chr21	35243089	35243769	6	0.8397	0.9884	0.1487	50.3621	1.747e-05	6.829e-05	True
chr21	35253258	35253291	5	0.7507	0.8645	0.1139	29.9585	0.006837	0.007455	True
chr21	35257419	35257817	10	0.7965	0.4564	-0.3401	27.5473	7.656e-07	6.188e-06	True
chr21	35258569	35259002	13	0.8347	0.5339	-0.3008	19.6634	5.794e-06	2.95e-05	True
chr21	35262915	35263814	6	0.9263	0.7991	-0.1272	15.7668	0.01939	0.01974	True
chr21	35310079	35310444	10	0.7576	0.967	0.2094	19.552	5.766e-06	2.944e-05	True
chr21	35312267	35312465	6	0.8968	0.9938	0.097	65.3833	5.475e-06	2.83e-05	True
chr21	35326276	35327769	8	0.8205	0.9569	0.1364	22.2935	0.002329	0.002904	True
chr21	35334368	35334859	9	0.7732	0.9577	0.1845	15.3243	9.885e-05	0.0002481	True
chr21	35335576	35335803	8	0.829	0.9799	0.1509	26.7645	2.809e-05	9.728e-05	True
chr21	35350601	35351459	12	0.7974	0.9686	0.1711	21.6519	1.774e-06	1.209e-05	True
chr21	35354123	35354496	5	0.8752	0.5607	-0.3145	27.7306	0.000188	0.000401	True
chr21	35360179	35360435	5	0.8004	0.9829	0.1825	30.886	0.0003572	0.0006535	True
chr21	35362187	35362815	8	0.7128	0.9569	0.2441	24.6484	3.314e-05	0.0001101	True
chr21	35364171	35364895	8	0.3713	0.7297	0.3584	17.0653	8.744e-05	0.0002273	True
chr21	35367943	35368282	5	0.8507	0.9814	0.1307	15.9514	0.001741	0.00227	True
chr21	35375600	35376429	9	0.7966	0.9837	0.1871	55.102	1.404e-07	1.55e-06	True
chr21	35380074	35380389	5	0.7183	0.9831	0.2648	28.5714	4.618e-05	0.0001416	True
chr21	35401657	35401750	6	0.8251	0.9499	0.1248	31.4095	0.002682	0.003272	True
chr21	35408027	35408462	6	0.8871	0.6918	-0.1953	17.7825	0.003688	0.004288	True
chr21	35416815	35417438	7	0.7614	0.9916	0.2302	217.5373	4.595e-09	8.072e-08	True
chr21	35430005	35430401	6	0.8598	0.9861	0.1263	49.2664	7.1e-05	0.0001956	True
chr21	35446384	35446400	5	0.0233	0.1645	0.1411	25.0514	0.001808	0.002336	True
chr21	35467843	35468121	5	0.8996	0.993	0.0934	61.7129	8.689e-05	0.0002265	True
chr21	35481619	35482083	5	0.9655	0.8126	-0.1529	64.6538	0.0004842	0.0008155	True
chr21	35531943	35532318	10	0.8769	0.9718	0.0949	20.3077	0.0009224	0.001347	True
chr21	35540044	35540546	5	0.8141	0.9684	0.1543	24.2749	0.002327	0.002904	True
chr21	35540943	35542164	5	0.7014	0.9837	0.2823	93.1191	8.81e-06	4.125e-05	True
chr21	35543799	35544395	5	0.8899	0.9928	0.1029	67.3374	6.663e-05	0.0001867	True
chr21	35558731	35560369	25	0.827	0.9738	0.1468	23.0564	5.985e-12	2.425e-10	True
chr21	35565044	35565380	7	0.7992	0.9606	0.1614	24.9082	0.0006279	0.000998	True
chr21	35591199	35592589	14	0.6124	0.9218	0.3095	18.2946	5.585e-07	4.821e-06	True
chr21	35595548	35595789	5	0.6942	0.9477	0.2534	30.5998	0.0005353	0.000882	True
chr21	35597443	35600074	19	0.7656	0.9488	0.1832	15.7121	1.258e-07	1.432e-06	True
chr21	35600101	35600780	10	0.7107	0.9246	0.2139	16.9962	9.08e-05	0.000234	True
chr21	35600993	35601815	8	0.7707	0.9499	0.1791	15.7382	0.0006603	0.001034	True
chr21	35602663	35603642	7	0.617	0.9285	0.3115	31.1423	0.000124	0.0002932	True
chr21	35615388	35616182	5	0.7232	0.8606	0.1375	29.6058	0.004123	0.004753	True
chr21	35621949	35622393	5	0.6693	0.9497	0.2804	19.0242	0.001286	0.001771	True
chr21	35623485	35624311	6	0.6626	0.983	0.3204	37.9451	2.635e-06	1.662e-05	True
chr21	35634167	35634853	9	0.4872	0.0822	-0.405	55.4091	7.623e-07	6.177e-06	True
chr21	35647456	35648312	7	0.7143	0.9786	0.2644	22.6173	6.805e-06	3.385e-05	True
chr21	35650531	35652025	15	0.7053	0.9598	0.2545	28.6022	3.517e-09	6.401e-08	True
chr21	35653428	35653492	5	0.7899	0.4231	-0.3668	37.1974	0.0001214	0.0002885	True
chr21	35653518	35653838	6	0.8247	0.9434	0.1187	34.3087	0.005665	0.006302	True
chr21	35655277	35656054	15	0.8465	0.9901	0.1436	57.9698	2.336e-12	9.999e-11	True
chr21	35664728	35665628	6	0.6282	0.9521	0.3239	32.1212	7.551e-05	0.0002051	True
chr21	35668992	35670532	14	0.6257	0.9442	0.3186	22.4625	2.449e-08	3.632e-07	True
chr21	35680860	35681252	7	0.6779	0.9699	0.292	41.572	3.292e-06	1.989e-05	True
chr21	35685909	35686191	7	0.874	0.9644	0.0905	20.6246	0.003536	0.004143	True
chr21	35692077	35692470	5	0.7052	0.9677	0.2625	25.4665	0.0003899	0.000695	True
chr21	35695066	35695850	6	0.7089	0.9458	0.2369	38.0546	0.0001213	0.0002885	True
chr21	35696906	35697227	5	0.4438	0.989	0.5452	65.8736	5.929e-07	5.047e-06	True
chr21	35702317	35703033	17	0.764	0.9686	0.2046	29.1689	1.454e-09	3.113e-08	True
chr21	35703206	35704741	16	0.7698	0.9706	0.2008	16.1904	1.068e-08	1.764e-07	True
chr21	35710324	35710456	5	0.7459	0.9535	0.2076	66.5447	0.0003187	0.0005986	True
chr21	35729054	35729390	6	0.5194	0.8791	0.3598	16.4529	0.00113	0.001594	True
chr21	35763884	35763944	5	0.9833	0.8312	-0.1521	44.0727	0.0001635	0.0003621	True
chr21	35776403	35776937	9	0.8754	0.9858	0.1104	35.9953	1.207e-05	5.228e-05	True
chr21	35780627	35781439	9	0.8427	0.9652	0.1225	24.9186	9.822e-05	0.0002472	True
chr21	35783230	35783418	5	0.8342	0.9714	0.1372	38.3509	0.001681	0.002206	True
chr21	35783551	35783749	6	0.7943	0.9638	0.1695	27.6538	0.0006666	0.001039	True
chr21	35783779	35784108	8	0.814	0.9524	0.1384	31.1722	0.0002394	0.0004825	True
chr21	35784138	35784329	6	0.8046	0.9722	0.1676	29.4041	0.0003402	0.0006277	True
chr21	35803275	35803411	6	0.8442	0.9703	0.1261	35.8295	0.00139	0.001883	True
chr21	35820010	35820582	8	0.8396	0.9568	0.1172	18.0448	0.003078	0.003674	True
chr21	35831579	35831828	19	0.4097	0.099	-0.3106	22.2522	2.421e-10	6.182e-09	True
chr21	35831913	35832028	11	0.3798	0.0384	-0.3414	27.5346	8.623e-08	1.065e-06	True
chr21	35832096	35832284	14	0.569	0.23	-0.339	26.6549	1.84e-08	2.782e-07	True
chr21	35832550	35832950	11	0.7585	0.9487	0.1902	20.0836	2.419e-05	8.679e-05	True
chr21	35835608	35835955	5	0.4495	0.8197	0.3702	22.0502	0.0006883	0.001066	True
chr21	35840805	35841140	9	0.7085	0.9283	0.2197	25.2349	4.879e-05	0.0001483	True
chr21	35851898	35852126	5	0.7294	0.9816	0.2522	55.8637	4.208e-05	0.000132	True
chr21	35863554	35863823	5	0.5242	0.9527	0.4285	37.5795	9.402e-05	0.0002397	True
chr21	35882440	35882879	9	0.7969	0.9609	0.164	24.297	8.903e-05	0.0002303	True
chr21	35890145	35890285	5	0.8151	0.9496	0.1344	40.9978	0.004266	0.004903	True
chr21	35899082	35899468	6	0.6448	0.06	-0.5848	15.9228	0.0001108	0.0002686	True
chr21	35938067	35938254	5	0.8485	0.9615	0.1129	29.229	0.003908	0.004526	True
chr21	35947725	35948062	6	0.8517	0.9733	0.1216	15.7027	0.002349	0.002923	True
chr21	35950272	35950610	5	0.8466	0.9759	0.1293	26.1559	0.001729	0.002257	True
chr21	35952798	35952977	5	0.8256	0.6191	-0.2065	22.4379	0.002119	0.002678	True
chr21	35988786	35989292	6	0.7908	0.896	0.1053	18.942	0.0204	0.02074	True
chr21	35993166	35994136	11	0.8596	0.9888	0.1292	54.4861	4.128e-08	5.651e-07	True
chr21	36004290	36005202	13	0.4811	0.9106	0.4295	19.6461	9.916e-08	1.172e-06	True
chr21	36005531	36006624	21	0.7295	0.9552	0.2257	18.7728	9.082e-10	2.084e-08	True
chr21	36007533	36008460	6	0.6383	0.9459	0.3076	28.4698	0.0001596	0.000355	True
chr21	36011975	36012642	6	0.5633	0.9499	0.3866	22.0575	0.0001034	0.0002562	True
chr21	36018463	36019007	8	0.8654	0.9838	0.1184	36.3146	2.363e-05	8.54e-05	True
chr21	36030043	36030369	6	0.551	0.9351	0.3841	22.3351	0.0001496	0.0003384	True
chr21	36031304	36032611	9	0.692	0.9273	0.2353	24.721	3.689e-05	0.0001197	True
chr21	36041178	36041605	27	0.7665	0.5797	-0.1867	17.4163	6.302e-09	1.088e-07	True
chr21	36041893	36042001	14	0.6098	0.2752	-0.3346	29.914	2.07e-09	4.046e-08	True
chr21	36042025	36042254	28	0.6222	0.181	-0.4413	35.5993	4.432e-17	3.64e-15	True
chr21	36042274	36042352	11	0.4685	0.1046	-0.3639	31.4437	3.87e-07	3.586e-06	True
chr21	36042420	36044141	95	0.4562	0.0661	-0.3901	25.6754	5.434e-53	5.504e-50	True
chr21	36061591	36061869	8	0.827	0.9712	0.1441	24.4733	0.0001278	0.0003004	True
chr21	36062712	36063300	6	0.6493	0.3161	-0.3332	23.6328	0.0002213	0.0004563	True
chr21	36072984	36073367	10	0.4657	0.8773	0.4116	16.5442	1.383e-05	5.775e-05	True
chr21	36076495	36077460	19	0.5932	0.1621	-0.4311	20.9741	1.437e-09	3.109e-08	True
chr21	36080170	36080272	5	0.9022	0.7284	-0.1738	17.7649	0.01308	0.01359	True
chr21	36080689	36081069	8	0.8087	0.9828	0.1741	38.5432	2.065e-06	1.364e-05	True
chr21	36087157	36088019	6	0.731	0.93	0.199	15.7702	0.003607	0.004203	True
chr21	36091778	36092100	8	0.8294	0.9888	0.1594	71.5456	1.91e-07	1.994e-06	True
chr21	36101302	36101671	5	0.5364	0.9275	0.3912	20.7521	0.0006926	0.001069	True
chr21	36105595	36106288	5	0.8011	0.9732	0.1721	18.1131	0.001399	0.001893	True
chr21	36107067	36107364	6	0.5924	0.9223	0.3299	25.5114	0.000631	0.001002	True
chr21	36113869	36114610	7	0.8046	0.9487	0.1441	26.8824	0.001434	0.00193	True
chr21	36122681	36123290	6	0.8699	0.985	0.1151	37.9978	0.0002279	0.000466	True
chr21	36126057	36126745	8	0.8469	0.9695	0.1226	22.6718	0.0003762	0.000677	True
chr21	36129827	36129992	5	0.7149	0.976	0.2611	39.6532	9.543e-05	0.0002423	True
chr21	36150580	36151927	12	0.884	0.9845	0.1005	33.4307	4.802e-07	4.254e-06	True
chr21	36154911	36155387	6	0.8203	0.5328	-0.2875	15.8346	0.001538	0.002044	True
chr21	36173552	36173734	5	0.6392	0.3502	-0.289	16.5901	0.003106	0.003704	True
chr21	36180286	36180482	5	0.812	0.9723	0.1604	97.1382	0.0003999	0.0007057	True
chr21	36180700	36180748	5	0.8534	0.7518	-0.1016	17.9874	0.02729	0.02758	True
chr21	36185852	36186057	5	0.8642	0.4143	-0.4499	24.7022	0.0001177	0.0002817	True
chr21	36186491	36186684	5	0.572	0.8135	0.2415	29.9651	0.001379	0.001872	True
chr21	36188538	36188694	5	0.869	0.968	0.0991	71.5814	0.0001572	0.0003509	True
chr21	36188724	36189174	6	0.8323	0.9716	0.1393	87.0661	0.0001069	0.0002642	True
chr21	36190120	36190301	5	0.9378	0.8453	-0.0925	16.072	0.02917	0.02941	True
chr21	36193261	36193513	5	0.8523	0.9871	0.1348	52.4649	5.032e-05	0.000152	True
chr21	36199243	36200390	8	0.8209	0.9877	0.1669	48.6399	6.124e-07	5.169e-06	True
chr21	36203368	36204013	9	0.8068	0.9763	0.1696	32.1753	1.321e-05	5.552e-05	True
chr21	36208517	36209127	10	0.7656	0.6087	-0.1569	23.9969	0.0001345	0.0003116	True
chr21	36211353	36211661	7	0.8339	0.984	0.1501	33.4998	2.452e-05	8.777e-05	True
chr21	36238252	36238618	11	0.7932	0.5487	-0.2445	15.4048	0.0001073	0.0002643	True
chr21	36243879	36244045	5	0.8775	0.6017	-0.2758	16.2705	0.002965	0.003569	True
chr21	36259990	36260404	9	0.155	0.032	-0.1231	16.819	0.0005236	0.0008657	True
chr21	36263570	36263655	6	0.6175	0.1377	-0.4798	19.6341	0.0005216	0.0008629	True
chr21	36263838	36264029	6	0.6659	0.3813	-0.2846	28.4965	0.0001335	0.0003104	True
chr21	36268384	36270376	8	0.7658	0.9558	0.19	29.2029	9.519e-05	0.0002419	True
chr21	36273803	36274048	5	0.7502	0.9528	0.2026	31.5738	0.002271	0.002845	True
chr21	36282801	36285031	27	0.7268	0.9258	0.1991	15.3144	2.533e-09	4.873e-08	True
chr21	36285663	36285996	5	0.8618	0.9517	0.0899	19.5427	0.02572	0.02602	True
chr21	36288454	36289119	10	0.6827	0.9851	0.3023	55.0941	6.1e-10	1.428e-08	True
chr21	36289345	36290087	6	0.6568	0.9535	0.2967	24.7167	0.0002236	0.0004605	True
chr21	36290928	36291516	5	0.7573	0.9882	0.2309	111.7155	9.552e-06	4.4e-05	True
chr21	36296128	36296885	9	0.7789	0.9713	0.1925	52.2598	8.885e-07	6.906e-06	True
chr21	36303829	36304174	5	0.6824	0.9666	0.2843	69.8818	1.952e-05	7.414e-05	True
chr21	36306023	36306905	5	0.6808	0.9546	0.2738	39.0042	0.0002885	0.000557	True
chr21	36316087	36316789	7	0.6579	0.9712	0.3134	26.4781	8.832e-06	4.129e-05	True
chr21	36317728	36318481	5	0.7568	0.9653	0.2085	28.4546	0.001149	0.001612	True
chr21	36320154	36320690	11	0.7857	0.9352	0.1495	17.3116	0.0002946	0.0005662	True
chr21	36321923	36322019	7	0.8411	0.936	0.0949	23.2022	0.002354	0.002928	True
chr21	36336066	36336513	7	0.7864	0.9708	0.1844	62.0281	1.461e-05	5.984e-05	True
chr21	36342408	36342923	5	0.7198	0.9492	0.2294	46.0887	0.0004354	0.0007508	True
chr21	36354151	36354952	12	0.8139	0.9756	0.1616	21.8721	4.664e-07	4.169e-06	True
chr21	36356784	36357711	5	0.7291	0.9624	0.2333	54.4745	0.0004117	0.0007219	True
chr21	36360401	36361051	11	0.7132	0.9177	0.2045	29.7111	1.497e-05	6.075e-05	True
chr21	36363177	36364075	18	0.8499	0.9739	0.124	24.3507	1.109e-07	1.282e-06	True
chr21	36366317	36366945	7	0.5709	0.8833	0.3124	16.9597	0.0008038	0.001202	True
chr21	36367174	36367374	8	0.7218	0.929	0.2072	16.9751	0.0005823	0.0009404	True
chr21	36371990	36372261	8	0.8027	0.3977	-0.405	19.9963	0.0002959	0.0005676	True
chr21	36373142	36373437	6	0.8457	0.9881	0.1424	45.6751	2.783e-05	9.655e-05	True
chr21	36376470	36377500	6	0.6254	0.8977	0.2722	26.9044	0.0004355	0.0007508	True
chr21	36378936	36381261	27	0.7671	0.9536	0.1865	26.4505	3.523e-12	1.447e-10	True
chr21	36383221	36383659	5	0.5393	0.9483	0.409	16.4583	0.0003904	0.000695	True
chr21	36387376	36390792	28	0.7486	0.9538	0.2052	24.935	3.637e-13	1.873e-11	True
chr21	36392135	36392525	7	0.4544	0.7016	0.2472	15.3006	0.001832	0.002364	True
chr21	36392826	36393624	8	0.5549	0.8763	0.3214	15.1652	0.0006516	0.001025	True
chr21	36394293	36394657	12	0.8235	0.5749	-0.2486	15.449	2.918e-05	0.0001001	True
chr21	36398689	36399637	44	0.5382	0.1332	-0.405	18.9656	1.464e-19	1.435e-17	True
chr21	36400823	36401348	5	0.7969	0.9604	0.1635	18.0033	0.004211	0.004844	True
chr21	36402027	36402362	6	0.791	0.9618	0.1709	56.8771	0.0003273	0.0006119	True
chr21	36406753	36407852	18	0.7505	0.9422	0.1917	31.1674	1.564e-08	2.413e-07	True
chr21	36417369	36418388	15	0.6515	0.9549	0.3034	17.2455	1.255e-08	2.008e-07	True
chr21	36418734	36418810	5	0.6941	0.9161	0.2219	70.8346	1.471e-05	6e-05	True
chr21	36425866	36425948	5	0.7024	0.3811	-0.3213	21.9679	0.000812	0.001213	True
chr21	36433974	36434679	6	0.6586	0.9103	0.2518	34.552	0.0009245	0.001349	True
chr21	36445402	36445543	7	0.5717	0.7248	0.1531	15.1941	0.01008	0.01062	True
chr21	36450101	36450644	6	0.7731	0.9747	0.2016	28.4235	0.0001902	0.0004039	True
chr21	36452222	36452498	7	0.7747	0.9936	0.2189	510.5851	4.968e-10	1.203e-08	True
chr21	36452617	36453399	6	0.7375	0.9322	0.1948	24.4242	0.003565	0.004162	True
chr21	36465461	36466376	7	0.753	0.9833	0.2303	159.7448	1.001e-07	1.172e-06	True
chr21	36478670	36478973	7	0.6615	0.9054	0.244	19.1634	0.0009777	0.001418	True
chr21	36482073	36482652	7	0.7248	0.9852	0.2604	51.6438	6.566e-07	5.422e-06	True
chr21	36491175	36491983	7	0.7751	0.9694	0.1943	24.3663	8.091e-05	0.0002159	True
chr21	36499544	36499697	6	0.7376	0.9549	0.2173	20.8236	0.000884	0.001298	True
chr21	36502457	36504168	10	0.7008	0.9525	0.2518	25.4204	4.487e-06	2.475e-05	True
chr21	36504312	36504611	5	0.7697	0.9864	0.2167	32.6066	3.718e-05	0.0001201	True
chr21	36508740	36509754	10	0.7092	0.9476	0.2384	19.7026	2.608e-05	9.185e-05	True
chr21	36512861	36513194	5	0.7173	0.8505	0.1332	16.2367	0.02627	0.02655	True
chr21	36513266	36513856	7	0.8599	0.9912	0.1313	154.0768	2.744e-07	2.673e-06	True
chr21	36527276	36527789	6	0.7336	0.9467	0.2132	32.6985	0.0003615	0.0006592	True
chr21	36533046	36534845	18	0.8103	0.9562	0.1458	15.4431	3.424e-06	2.04e-05	True
chr21	36536599	36536846	5	0.6782	0.9862	0.308	47.7882	6.789e-06	3.382e-05	True
chr21	36543465	36543779	6	0.7588	0.9819	0.2231	44.9221	1.737e-05	6.829e-05	True
chr21	36548056	36550194	14	0.6603	0.9569	0.2967	22.8266	1.315e-08	2.081e-07	True
chr21	36551359	36551808	5	0.6242	0.9052	0.281	25.5586	0.00314	0.003737	True
chr21	36559407	36560023	8	0.8464	0.9846	0.1382	34.7834	7.658e-06	3.724e-05	True
chr21	36562369	36562572	5	0.6339	0.8896	0.2557	32.9653	0.0005817	0.0009399	True
chr21	36577470	36577603	6	0.2816	0.0818	-0.1998	67.6092	0.001096	0.001555	True
chr21	36580666	36580846	6	0.468	0.8186	0.3506	20.7156	0.0002354	0.0004775	True
chr21	36581180	36581745	6	0.6459	0.2964	-0.3495	34.2364	3.652e-05	0.0001191	True
chr21	36581810	36582435	7	0.6673	0.9246	0.2573	19.8045	0.000309	0.0005846	True
chr21	36582753	36583727	6	0.7184	0.9818	0.2634	50.3243	2.477e-06	1.578e-05	True
chr21	36596898	36597402	5	0.7311	0.9698	0.2387	16.0496	0.0007611	0.001154	True
chr21	36639884	36640658	7	0.7611	0.9671	0.206	17.0483	0.000225	0.000463	True
chr21	36646788	36647229	5	0.861	0.9683	0.1073	16.3124	0.008599	0.009188	True
chr21	36667962	36669166	12	0.6874	0.924	0.2366	15.3664	1.972e-05	7.471e-05	True
chr21	36672108	36672797	6	0.8201	0.9835	0.1634	83.8257	2.739e-05	9.557e-05	True
chr21	36684823	36685082	7	0.8635	0.9742	0.1107	41.5475	0.0003616	0.0006592	True
chr21	36694606	36695043	5	0.8117	0.9625	0.1509	22.1234	0.004163	0.004791	True
chr21	36696511	36696994	8	0.1656	0.3117	0.1461	19.5389	0.001837	0.002368	True
chr21	36697799	36697968	6	0.9529	0.8266	-0.1264	26.149	0.003116	0.003714	True
chr21	36711479	36712875	6	0.4904	0.8929	0.4025	15.4888	0.0006204	0.0009898	True
chr21	36717057	36717299	5	0.8666	0.9864	0.1198	36.1679	0.000288	0.0005565	True
chr21	36717705	36718008	8	0.8502	0.9833	0.1331	66.5941	4.891e-06	2.631e-05	True
chr21	36722441	36722935	7	0.5111	0.9311	0.42	26.0345	5.179e-05	0.0001549	True
chr21	36740810	36741445	8	0.7717	0.949	0.1773	22.9738	0.0005733	0.0009307	True
chr21	36750358	36751151	7	0.8664	0.9841	0.1178	35.4184	7.191e-05	0.0001974	True
chr21	36764032	36765129	9	0.769	0.9253	0.1564	18.535	0.002003	0.002549	True
chr21	36775830	36776369	7	0.9049	0.7974	-0.1075	33.281	0.001584	0.002095	True
chr21	36800884	36801168	9	0.4425	0.0696	-0.373	17.3096	9.573e-06	4.401e-05	True
chr21	36820212	36820715	5	0.694	0.9486	0.2546	21.4941	0.00145	0.001948	True
chr21	36822270	36822485	6	0.6832	0.9101	0.227	20.7493	0.002599	0.003191	True
chr21	36822538	36823298	6	0.7898	0.9715	0.1817	21.9624	0.0003329	0.0006196	True
chr21	36835265	36836136	8	0.7302	0.956	0.2258	28.3837	4.213e-05	0.000132	True
chr21	36839246	36839549	5	0.691	0.9228	0.2318	24.3264	0.0032	0.003802	True
chr21	36844805	36844955	5	0.572	0.9461	0.3742	64.7444	5.534e-05	0.0001628	True
chr21	36853420	36853754	6	0.6104	0.9218	0.3114	20.1836	0.0004886	0.00082	True
chr21	36860004	36860985	13	0.619	0.9194	0.3005	21.6602	6.257e-07	5.252e-06	True
chr21	36862297	36863092	6	0.5132	0.932	0.4188	105.0953	5.445e-06	2.828e-05	True
chr21	36873623	36874148	5	0.397	0.9229	0.5259	25.1611	0.0003631	0.0006616	True
chr21	36881848	36882089	5	0.8311	0.9566	0.1255	19.6171	0.005795	0.006428	True
chr21	36890499	36891353	9	0.763	0.9643	0.2013	22.0194	3.603e-05	0.0001181	True
chr21	36902317	36903824	14	0.6353	0.9405	0.3051	16.6889	1.408e-07	1.55e-06	True
chr21	36917033	36918450	16	0.6992	0.9629	0.2637	18.3069	2.6e-09	4.938e-08	True
chr21	36919185	36921223	16	0.6108	0.967	0.3562	36.9629	6.924e-12	2.63e-10	True
chr21	36922423	36923317	8	0.6368	0.977	0.3402	69.5018	3.098e-08	4.441e-07	True
chr21	36929717	36931609	12	0.5906	0.9527	0.3621	18.7261	1.302e-07	1.466e-06	True
chr21	36932387	36932948	7	0.5244	0.9549	0.4305	57.5496	7.935e-07	6.363e-06	True
chr21	36933711	36934930	7	0.6328	0.9623	0.3295	35.8003	9.803e-06	4.451e-05	True
chr21	36939229	36939952	5	0.631	0.9675	0.3365	36.0457	0.0001302	0.0003049	True
chr21	36947831	36948432	5	0.5437	0.9015	0.3578	20.7078	0.0005119	0.0008501	True
chr21	36948586	36948980	5	0.7102	0.9496	0.2394	57.2479	0.0002966	0.0005676	True
chr21	36950843	36951503	9	0.6277	0.8995	0.2717	16.6631	0.0001379	0.000317	True
chr21	36953232	36953814	6	0.658	0.8608	0.2029	20.632	0.001302	0.001791	True
chr21	36959839	36960063	5	0.7679	0.9334	0.1655	83.192	0.0001734	0.0003773	True
chr21	36960186	36960564	7	0.7424	0.9822	0.2397	34.8746	3.625e-06	2.135e-05	True
chr21	36961626	36961703	5	0.8781	0.9936	0.1155	61.3077	2.343e-05	8.477e-05	True
chr21	36975178	36975532	6	0.5822	0.8491	0.267	20.8815	0.001257	0.001735	True
chr21	36975719	36976598	9	0.6779	0.9494	0.2715	20.0181	1.195e-05	5.205e-05	True
chr21	36986569	36986846	6	0.6138	0.9637	0.3499	31.708	2.47e-05	8.83e-05	True
chr21	37001029	37001402	5	0.6791	0.9319	0.2528	28.108	0.001409	0.001902	True
chr21	37006727	37007085	6	0.8506	0.9929	0.1422	122.6622	5.947e-07	5.049e-06	True
chr21	37017999	37019015	6	0.7501	0.9392	0.1891	26.251	0.0005095	0.0008465	True
chr21	37021182	37021388	7	0.4339	0.8914	0.4575	24.5842	5.793e-05	0.0001685	True
chr21	37023273	37023594	5	0.1156	0.6843	0.5687	50.9024	0.000149	0.0003376	True
chr21	37029318	37029747	8	0.7829	0.9776	0.1947	86.2658	2.706e-07	2.645e-06	True
chr21	37030167	37030505	5	0.7377	0.9398	0.2021	31.5566	0.002256	0.002831	True
chr21	37032632	37032796	6	0.8502	0.9761	0.1259	16.1048	0.001518	0.002023	True
chr21	37033714	37033852	6	0.7389	0.9605	0.2216	52.6167	4.116e-05	0.0001299	True
chr21	37039140	37040167	12	0.7354	0.9687	0.2332	46.4741	1.855e-08	2.791e-07	True
chr21	37060114	37060571	7	0.5929	0.9022	0.3094	17.1667	0.0004197	0.0007334	True
chr21	37061008	37062021	7	0.7677	0.9145	0.1469	54.9288	0.0003874	0.0006929	True
chr21	37065204	37065729	7	0.7475	0.9464	0.1989	30.3797	0.0004374	0.0007532	True
chr21	37065855	37066700	7	0.7228	0.9254	0.2026	18.1209	0.001312	0.001802	True
chr21	37066739	37067478	8	0.7831	0.9797	0.1965	33.0409	4.735e-06	2.579e-05	True
chr21	37071602	37074132	19	0.682	0.9583	0.2763	29.6236	9.292e-12	3.352e-10	True
chr21	37074386	37074686	6	0.8195	0.9656	0.1461	15.7498	0.002681	0.003272	True
chr21	37074883	37076583	16	0.6852	0.9541	0.2689	23.9869	1.7e-09	3.443e-08	True
chr21	37077811	37079077	7	0.7789	0.9696	0.1907	15.9678	0.0002399	0.0004828	True
chr21	37085609	37086714	10	0.6397	0.9806	0.3409	45.8472	9.533e-10	2.146e-08	True
chr21	37104047	37104546	7	0.7447	0.9624	0.2178	22.068	6.522e-05	0.0001849	True
chr21	37104914	37105655	19	0.5929	0.9386	0.3457	27.4554	1.712e-11	5.913e-10	True
chr21	37108374	37108448	7	0.8495	0.9619	0.1124	18.6013	0.003928	0.004544	True
chr21	37112092	37113444	9	0.6714	0.975	0.3036	31.5874	1.659e-07	1.794e-06	True
chr21	37138570	37139222	9	0.7243	0.9376	0.2133	16.8455	0.0001943	0.0004092	True
chr21	37151284	37151839	7	0.7693	0.922	0.1527	31.1499	0.000526	0.0008688	True
chr21	37167280	37168516	11	0.8096	0.9574	0.1477	15.4603	8.956e-05	0.0002314	True
chr21	37173742	37174129	5	0.666	0.8476	0.1816	40.1113	0.001549	0.002057	True
chr21	37183476	37183604	5	0.7269	0.956	0.2291	30.1636	0.0005775	0.0009359	True
chr21	37192545	37193382	7	0.7388	0.9594	0.2206	28.0995	0.0001082	0.0002656	True
chr21	37197723	37198779	12	0.7028	0.9222	0.2195	15.2975	3.731e-05	0.0001204	True
chr21	37203751	37203990	5	0.844	0.9898	0.1458	122.643	1.235e-05	5.302e-05	True
chr21	37204007	37204175	9	0.6774	0.8585	0.1811	15.2323	0.001159	0.001623	True
chr21	37208428	37208928	6	0.8238	0.9927	0.169	127.4288	1.734e-07	1.843e-06	True
chr21	37213668	37214182	7	0.7641	0.9707	0.2067	28.3204	2.934e-05	0.0001003	True
chr21	37214543	37214615	5	0.864	0.9734	0.1094	16.9054	0.006149	0.006795	True
chr21	37215230	37215857	5	0.6876	0.8865	0.1989	22.3508	0.002083	0.002641	True
chr21	37216993	37218032	12	0.82	0.9617	0.1417	32.2988	4.663e-06	2.549e-05	True
chr21	37218138	37218595	5	0.7613	0.9459	0.1846	35.7154	0.001879	0.002415	True
chr21	37218794	37219389	9	0.7808	0.9798	0.1991	60.1999	9.342e-08	1.122e-06	True
chr21	37220886	37221160	6	0.7726	0.9832	0.2105	49.4032	8.226e-06	3.931e-05	True
chr21	37224008	37225024	9	0.7038	0.9571	0.2533	22.0443	1.451e-05	5.954e-05	True
chr21	37226546	37226951	8	0.6923	0.9186	0.2263	16.3016	0.0007494	0.001141	True
chr21	37232188	37233589	11	0.4497	0.8926	0.4429	18.1407	3.385e-06	2.027e-05	True
chr21	37238657	37239069	5	0.7178	0.9377	0.2198	20.9706	0.002224	0.002797	True
chr21	37240764	37241926	8	0.6499	0.9658	0.3159	17.6569	6.857e-06	3.405e-05	True
chr21	37242007	37242364	5	0.6546	0.3574	-0.2972	45.2472	6.297e-05	0.0001797	True
chr21	37244587	37245427	10	0.8021	0.9462	0.1442	15.5535	0.0007769	0.001174	True
chr21	37248589	37249523	7	0.7942	0.9814	0.1872	64.4081	4.499e-06	2.477e-05	True
chr21	37253743	37254100	5	0.804	0.9665	0.1626	22.1929	0.003056	0.003656	True
chr21	37259213	37259319	13	0.7537	0.9484	0.1947	20.7965	2.815e-06	1.755e-05	True
chr21	37266038	37266341	5	0.7756	0.9624	0.1868	37.3065	0.00121	0.001682	True
chr21	37266652	37267603	6	0.4086	0.9328	0.5243	22.6811	3.769e-05	0.0001212	True
chr21	37278293	37278465	7	0.7346	0.9895	0.2549	52.6098	9.021e-08	1.101e-06	True
chr21	37284996	37285937	8	0.6647	0.9614	0.2967	26.3241	1.255e-05	5.355e-05	True
chr21	37291321	37292354	6	0.6573	0.9503	0.2929	31.0211	0.0001199	0.0002855	True
chr21	37296226	37296584	6	0.6005	0.8215	0.221	30.0869	0.0002502	0.0004982	True
chr21	37316613	37317251	5	0.7501	0.9522	0.2021	25.3774	0.002648	0.003243	True
chr21	37330367	37330780	5	0.7007	0.9854	0.2846	81.0069	1.829e-06	1.236e-05	True
chr21	37331795	37332658	9	0.7298	0.9446	0.2149	23.0097	7.065e-05	0.000195	True
chr21	37347776	37348009	6	0.7778	0.9296	0.1519	19.0337	0.004803	0.005438	True
chr21	37350903	37351235	6	0.7917	0.9904	0.1987	86.1458	9.383e-07	7.219e-06	True
chr21	37358892	37359181	5	0.7876	0.9096	0.122	71.8531	0.0003329	0.0006196	True
chr21	37361514	37361812	7	0.7308	0.37	-0.3609	23.112	0.000102	0.0002542	True
chr21	37362805	37363202	7	0.8728	0.9931	0.1203	101.4097	2.29e-07	2.312e-06	True
chr21	37364639	37364962	9	0.8779	0.9803	0.1024	28.0758	6.553e-05	0.0001854	True
chr21	37370737	37371325	9	0.8258	0.9782	0.1524	42.8875	5.055e-06	2.676e-05	True
chr21	37386336	37386690	6	0.7946	0.9678	0.1732	24.4244	0.000516	0.0008554	True
chr21	37392527	37393113	5	0.859	0.9732	0.1143	17.1073	0.007826	0.008422	True
chr21	37395018	37396210	14	0.7033	0.3907	-0.3126	17.2307	1.832e-06	1.236e-05	True
chr21	37404258	37404357	5	0.8121	0.9443	0.1322	17.3202	0.01539	0.01584	True
chr21	37421889	37422526	5	0.8649	0.9813	0.1164	26.3345	0.001271	0.001753	True
chr21	37436280	37436723	5	0.9609	0.6705	-0.2904	50.8346	2.913e-05	0.0001001	True
chr21	37450242	37450404	6	0.577	0.8187	0.2417	30.1113	0.0003177	0.0005974	True
chr21	37463014	37463342	8	0.8598	0.9639	0.1041	23.5498	0.006773	0.007394	True
chr21	37477250	37477327	5	0.7902	0.0815	-0.7087	52.6541	2.39e-05	8.6e-05	True
chr21	37486012	37486150	8	0.3747	0.5167	0.142	20.7079	0.00202	0.00257	True
chr21	37520815	37521308	7	0.7798	0.9846	0.2047	58.7813	1.766e-06	1.206e-05	True
chr21	37537479	37537967	12	0.7675	0.971	0.2035	39.2405	4.548e-08	6.088e-07	True
chr21	37540969	37541347	6	0.98	0.8351	-0.1449	33.6034	0.0001953	0.0004104	True
chr21	37556820	37556979	7	0.8783	0.9782	0.0999	36.8419	0.0006359	0.001007	True
chr21	37567704	37568629	6	0.8127	0.9697	0.157	24.9272	0.0007141	0.001097	True
chr21	37570775	37571214	15	0.5114	0.9324	0.421	31.5132	7.684e-11	2.267e-09	True
chr21	37572434	37572879	26	0.4491	0.7313	0.2823	16.4492	1.3e-09	2.859e-08	True
chr21	37581780	37581824	5	0.8218	0.9231	0.1013	24.0355	0.01183	0.01236	True
chr21	37625730	37625832	7	0.6639	0.9437	0.2798	20.0527	0.0002359	0.0004782	True
chr21	37628536	37628856	5	0.9612	0.8233	-0.1378	24.2584	0.004057	0.004684	True
chr21	37629884	37630789	7	0.9014	0.9682	0.0668	16.3949	0.02967	0.02988	True
chr21	37633814	37634101	5	0.8908	0.9829	0.0921	18.8655	0.003152	0.00375	True
chr21	37637860	37638058	5	0.9142	0.8208	-0.0934	16.9414	0.03949	0.03958	True
chr21	37648452	37648876	5	0.8628	0.9885	0.1257	46.4203	0.0001571	0.0003509	True
chr21	37664678	37665108	7	0.9552	0.8082	-0.147	20.3484	0.001398	0.001892	True
chr21	37684489	37684967	8	0.8802	0.9838	0.1037	19.8986	9.291e-05	0.0002379	True
chr21	37710870	37711244	6	0.7876	0.9412	0.1536	19.6405	0.004392	0.005033	True
chr21	37750066	37750430	10	0.8684	0.5712	-0.2972	15.3023	3.628e-05	0.0001187	True
chr21	37761060	37761500	11	0.8617	0.5853	-0.2764	19.0	1.24e-05	5.307e-05	True
chr21	37785177	37785349	6	0.8836	0.9939	0.1102	69.722	3.324e-06	2.001e-05	True
chr21	37787619	37788019	7	0.8602	0.9841	0.124	70.9965	1.574e-05	6.29e-05	True
chr21	37801889	37802090	6	0.8966	0.9793	0.0828	16.0337	0.00497	0.005607	True
chr21	37802362	37802638	12	0.6517	0.3302	-0.3215	30.6061	9.225e-08	1.119e-06	True
chr21	37832551	37832701	5	0.9132	0.8067	-0.1064	16.2384	0.04397	0.04401	True
chr21	37849892	37850177	5	0.9286	0.7697	-0.159	21.3954	0.005233	0.005873	True
chr21	37857985	37858436	5	0.6062	0.7995	0.1932	18.3796	0.005576	0.006216	True
chr21	37861106	37861489	8	0.7485	0.9642	0.2157	32.9171	1.932e-05	7.374e-05	True
chr21	37872444	37872563	5	0.16	0.2835	0.1235	42.5632	0.001211	0.001683	True
chr21	37872610	37872659	5	0.2744	0.1594	-0.115	108.7702	0.0001071	0.0002642	True
chr21	37872981	37873025	5	0.3831	0.1399	-0.2432	16.1265	0.0197	0.02004	True
chr21	37879932	37881190	14	0.319	0.8446	0.5256	15.9174	2.132e-07	2.189e-06	True
chr21	37914595	37914920	12	0.8172	0.2509	-0.5662	23.4642	2.476e-08	3.652e-07	True
chr21	37914941	37915391	23	0.7345	0.2319	-0.5026	18.2421	2.119e-11	7.056e-10	True
chr21	37921428	37921727	5	0.8634	0.9729	0.1095	29.626	0.002253	0.002829	True
chr21	37926242	37926544	7	0.8855	0.9759	0.0904	22.0139	0.002108	0.002666	True
chr21	37942188	37942401	6	0.7554	0.9783	0.2229	32.3756	4.774e-05	0.0001452	True
chr21	37944325	37944533	5	0.7783	0.3832	-0.3951	15.8211	0.001112	0.001574	True
chr21	37949698	37950784	6	0.8511	0.9908	0.1397	52.3879	5.21e-06	2.727e-05	True
chr21	38001974	38002063	5	0.8198	0.9941	0.1743	76.8639	2.542e-06	1.612e-05	True
chr21	38026706	38026834	8	0.6796	0.4457	-0.234	15.2125	0.0008545	0.001265	True
chr21	38046025	38046269	6	0.8291	0.5849	-0.2442	17.1227	0.001642	0.002161	True
chr21	38064236	38064473	13	0.6246	0.2025	-0.4221	21.7548	1.887e-07	1.979e-06	True
chr21	38064534	38064779	12	0.6067	0.3474	-0.2593	17.362	2.604e-05	9.184e-05	True
chr21	38064897	38065901	81	0.7059	0.2203	-0.4857	43.2023	4.39e-55	6.671e-52	True
chr21	38065955	38067493	60	0.6735	0.227	-0.4465	18.3148	1.249e-24	1.808e-22	True
chr21	38067804	38068000	5	0.6888	0.4915	-0.1973	18.06	0.006527	0.007168	True
chr21	38068043	38068607	35	0.7161	0.4047	-0.3114	15.8703	2.557e-13	1.387e-11	True
chr21	38068618	38069128	30	0.6828	0.3411	-0.3417	19.9768	7.8e-14	4.39e-12	True
chr21	38069162	38069907	55	0.6873	0.419	-0.2683	18.9387	3.769e-16	2.664e-14	True
chr21	38069956	38070100	11	0.5276	0.3685	-0.1591	18.1152	0.0004084	0.0007174	True
chr21	38070122	38070178	7	0.5058	0.6812	0.1754	25.5216	0.0007794	0.001177	True
chr21	38071570	38071637	10	0.0304	0.103	0.0726	17.9713	0.003054	0.003656	True
chr21	38071838	38071872	7	0.0311	0.1738	0.1427	16.3929	0.0007563	0.001149	True
chr21	38072270	38072355	9	0.0274	0.132	0.1046	29.1442	3.06e-05	0.0001032	True
chr21	38072373	38072417	5	0.0441	0.1358	0.0916	42.5891	0.002666	0.003258	True
chr21	38072980	38073053	7	0.0183	0.1199	0.1016	47.123	0.0001299	0.0003043	True
chr21	38073316	38073337	5	0.0375	0.1456	0.1081	66.6541	0.0003588	0.0006557	True
chr21	38073635	38073855	20	0.061	0.1698	0.1088	32.4095	1.843e-06	1.239e-05	True
chr21	38073859	38073929	8	0.08	0.2607	0.1807	25.3627	0.0001798	0.000387	True
chr21	38074422	38075010	12	0.1187	0.35	0.2313	44.0323	9.21e-09	1.546e-07	True
chr21	38076508	38076906	21	0.3341	0.1803	-0.1539	34.2694	1.628e-09	3.32e-08	True
chr21	38076911	38076952	6	0.3643	0.5654	0.2011	36.8826	0.0002093	0.0004344	True
chr21	38076973	38077067	11	0.3371	0.1886	-0.1485	54.7539	1.027e-06	7.804e-06	True
chr21	38077432	38077476	5	0.2801	0.1802	-0.1	35.1391	0.004901	0.005537	True
chr21	38077673	38077904	11	0.3592	0.2422	-0.117	27.1676	0.0001834	0.0003926	True
chr21	38078160	38078349	7	0.3856	0.2131	-0.1725	42.947	8.808e-05	0.0002284	True
chr21	38078457	38078670	6	0.3465	0.1878	-0.1587	28.0442	0.001879	0.002415	True
chr21	38079975	38080018	5	0.3026	0.4293	0.1267	17.4405	0.02022	0.02057	True
chr21	38080087	38080329	24	0.3724	0.1883	-0.1841	30.0937	3.555e-10	8.928e-09	True
chr21	38080487	38080538	7	0.2851	0.1759	-0.1093	60.9947	0.0001113	0.0002689	True
chr21	38080550	38080644	7	0.3698	0.2458	-0.124	51.5445	9.466e-05	0.0002409	True
chr21	38080829	38080951	8	0.4111	0.2676	-0.1436	25.7777	0.0009428	0.001372	True
chr21	38081198	38081327	13	0.3849	0.1941	-0.1909	55.1036	1.025e-08	1.702e-07	True
chr21	38081341	38081492	17	0.3901	0.1971	-0.193	33.9787	4.25e-08	5.766e-07	True
chr21	38081725	38081775	5	0.4186	0.2121	-0.2065	17.1969	0.005431	0.006068	True
chr21	38082794	38082946	7	0.4001	0.1271	-0.273	33.9157	0.0007921	0.00119	True
chr21	38093730	38094026	5	0.8258	0.9657	0.1398	39.2972	0.002748	0.003345	True
chr21	38107774	38108210	5	0.7879	0.8953	0.1074	17.5904	0.02135	0.02169	True
chr21	38112046	38112800	7	0.86	0.9728	0.1128	16.9948	0.001437	0.001931	True
chr21	38114176	38114463	5	0.8827	0.9761	0.0934	25.4579	0.005625	0.006266	True
chr21	38114946	38116457	28	0.8313	0.9595	0.1283	20.8156	5.499e-10	1.306e-08	True
chr21	38118019	38118416	11	0.8731	0.9801	0.107	52.8228	1.651e-06	1.14e-05	True
chr21	38119725	38119816	6	0.5219	0.3611	-0.1608	41.1131	0.0003931	0.0006984	True
chr21	38119855	38119970	15	0.5394	0.2988	-0.2406	16.3768	1.162e-05	5.076e-05	True
chr21	38120434	38120457	5	0.6631	0.5123	-0.1508	31.048	0.002638	0.003234	True
chr21	38122632	38122897	8	0.6389	0.9633	0.3244	48.9701	7.365e-07	6e-06	True
chr21	38123692	38123896	8	0.5751	0.9053	0.3302	56.195	8.359e-06	3.975e-05	True
chr21	38124082	38124781	14	0.6655	0.9675	0.302	32.4355	9.12e-10	2.084e-08	True
chr21	38139528	38139855	14	0.6665	0.9116	0.2451	15.5911	1.502e-05	6.084e-05	True
chr21	38157291	38157549	11	0.8209	0.3908	-0.4301	39.5642	6.646e-09	1.141e-07	True
chr21	38162912	38163159	7	0.2208	0.0534	-0.1674	27.5569	0.0006341	0.001005	True
chr21	38172362	38172978	7	0.8972	0.9772	0.08	19.2629	0.003339	0.003942	True
chr21	38175515	38175875	10	0.7659	0.2786	-0.4873	21.5569	2.075e-05	7.756e-05	True
chr21	38192421	38192672	8	0.9005	0.7514	-0.1491	23.8721	0.0003003	0.0005728	True
chr21	38197011	38197584	6	0.828	0.9836	0.1556	52.9421	4.067e-05	0.0001289	True
chr21	38272794	38273275	6	0.8655	0.9715	0.106	36.3188	0.001278	0.001761	True
chr21	38286617	38286976	5	0.9495	0.8228	-0.1267	17.2351	0.01897	0.01933	True
chr21	38287039	38287169	7	0.9332	0.7915	-0.1418	42.0583	9.112e-05	0.0002341	True
chr21	38287925	38288533	9	0.9785	0.8537	-0.1248	56.3151	3.935e-06	2.265e-05	True
chr21	38299630	38299773	8	0.0304	0.2487	0.2182	48.937	3.376e-06	2.027e-05	True
chr21	38308859	38309112	5	0.9542	0.8456	-0.1085	32.6007	0.002887	0.003492	True
chr21	38337048	38337655	6	0.8179	0.9811	0.1632	15.583	0.0001882	0.000401	True
chr21	38347371	38347730	7	0.8811	0.6534	-0.2277	16.8378	0.001189	0.001657	True
chr21	38349239	38349554	6	0.2388	0.0343	-0.2045	16.1046	0.0005791	0.0009376	True
chr21	38352018	38352258	5	0.8994	0.9836	0.0841	25.3519	0.003644	0.004242	True
chr21	38361908	38361974	6	0.0258	0.2509	0.2252	41.8097	7.816e-05	0.0002106	True
chr21	38364574	38365085	5	0.9505	0.8119	-0.1386	15.7155	0.01169	0.01222	True
chr21	38372688	38373251	5	0.8839	0.9743	0.0904	22.6263	0.0153	0.01575	True
chr21	38375377	38375670	6	0.925	0.7641	-0.1609	26.9306	0.0008665	0.001278	True
chr21	38383768	38383992	6	0.9653	0.8727	-0.0926	16.0843	0.01089	0.01145	True
chr21	38444692	38444861	5	0.1024	0.0089	-0.0935	79.5339	0.0002769	0.0005391	True
chr21	38472174	38473007	10	0.8756	0.971	0.0954	15.1617	0.000377	0.0006775	True
chr21	38557232	38557570	5	0.7687	0.9189	0.1501	18.3122	0.01816	0.01854	True
chr21	38566019	38566375	6	0.8803	0.9927	0.1124	141.3877	2.871e-06	1.78e-05	True
chr21	38571763	38571881	6	0.8728	0.5597	-0.3131	21.1048	0.0001718	0.0003753	True
chr21	38592865	38593767	71	0.2746	0.0238	-0.2508	32.8188	9.748e-46	7.406e-43	True
chr21	38602957	38603073	9	0.9312	0.804	-0.1272	18.7134	0.001193	0.001662	True
chr21	38603813	38604097	6	0.952	0.8294	-0.1225	40.322	0.001617	0.002134	True
chr21	38632004	38632147	5	0.8879	0.4042	-0.4837	16.5529	0.0006746	0.001049	True
chr21	38635789	38636216	5	0.8957	0.9852	0.0895	35.8882	0.001851	0.002385	True
chr21	38642789	38643314	5	0.6042	0.8869	0.2826	26.4099	0.0009167	0.001342	True
chr21	38654362	38654459	6	0.4676	0.2594	-0.2082	17.2872	0.003547	0.004148	True
chr21	38657189	38657646	8	0.8187	0.9748	0.156	29.4568	2.18e-05	8.061e-05	True
chr21	38659235	38659479	5	0.8632	0.9766	0.1134	37.8989	0.001711	0.002237	True
chr21	38668277	38668645	6	0.8366	0.9904	0.1538	70.1839	4.984e-06	2.657e-05	True
chr21	38674841	38675226	6	0.8338	0.9731	0.1393	55.7951	0.0003144	0.0005932	True
chr21	38696418	38696761	5	0.9017	0.9918	0.09	54.925	0.0002261	0.0004633	True
chr21	38707534	38708298	6	0.8617	0.9699	0.1082	18.059	0.005276	0.00591	True
chr21	38815774	38815977	5	0.8333	0.9894	0.156	178.3726	3.961e-06	2.271e-05	True
chr21	38818937	38819152	5	0.4794	0.7505	0.2711	15.1611	0.005708	0.006343	True
chr21	38823827	38823897	5	0.8225	0.9585	0.136	15.8665	0.00677	0.007394	True
chr21	38880817	38880991	5	0.8707	0.5114	-0.3592	16.193	0.0008717	0.001285	True
chr21	38918817	38919519	22	0.4752	0.099	-0.3762	20.1773	2.585e-11	8.268e-10	True
chr21	38919580	38919744	9	0.2789	0.036	-0.2429	36.4903	2.818e-06	1.755e-05	True
chr21	38939349	38939404	5	0.7537	0.9064	0.1527	19.044	0.01096	0.01152	True
chr21	38971683	38971782	5	0.1891	0.4996	0.3105	95.7981	2.021e-06	1.341e-05	True
chr21	38978130	38978763	10	0.8352	0.9708	0.1355	37.9418	9.994e-06	4.499e-05	True
chr21	39010479	39011224	6	0.8678	0.9905	0.1227	69.0684	1.255e-05	5.355e-05	True
chr21	39016959	39017793	13	0.4934	0.8743	0.3809	17.2531	1.834e-06	1.236e-05	True
chr21	39019616	39020481	7	0.8961	0.5508	-0.3453	20.3365	0.000138	0.000317	True
chr21	39054408	39054778	5	0.9755	0.7753	-0.2003	28.4661	0.0003769	0.0006775	True
chr21	39059553	39060115	9	0.7979	0.5003	-0.2976	21.7536	2.227e-05	8.144e-05	True
chr21	39065322	39065713	5	0.7588	0.9616	0.2028	19.5309	0.001572	0.002083	True
chr21	39070704	39071062	7	0.6989	0.9388	0.2399	23.532	0.0001921	0.0004062	True
chr21	39082970	39083145	6	0.2552	0.0544	-0.2009	21.1833	0.001986	0.002532	True
chr21	39087417	39087668	5	0.8319	0.9781	0.1462	51.3621	0.0003674	0.0006673	True
chr21	39104052	39104392	5	0.353	0.8431	0.4901	23.788	0.0001928	0.0004069	True
chr21	39106056	39106707	7	0.7656	0.9622	0.1966	15.8771	0.0005148	0.000854	True
chr21	39109900	39110868	8	0.6443	0.9395	0.2953	16.9949	9.086e-05	0.000234	True
chr21	39115628	39116157	5	0.5349	0.8744	0.3395	19.7239	0.002106	0.002665	True
chr21	39121580	39121698	5	0.5876	0.3106	-0.277	20.6318	0.001414	0.001908	True
chr21	39131794	39132012	5	0.8855	0.9844	0.0989	41.0292	0.0004623	0.0007852	True
chr21	39138575	39139339	11	0.7148	0.92	0.2053	43.9493	2.987e-06	1.834e-05	True
chr21	39139504	39139913	9	0.8107	0.9707	0.1601	31.2996	1.745e-05	6.829e-05	True
chr21	39154333	39155501	7	0.673	0.9505	0.2775	43.3234	2.567e-05	9.082e-05	True
chr21	39156193	39156809	7	0.7113	0.929	0.2177	25.7941	0.0008693	0.001282	True
chr21	39158074	39158876	5	0.8189	0.9728	0.1538	32.3991	0.001644	0.002162	True
chr21	39161967	39162735	10	0.8251	0.9768	0.1517	18.7657	1.351e-05	5.647e-05	True
chr21	39173526	39174085	7	0.6125	0.923	0.3104	17.7331	0.0003299	0.0006157	True
chr21	39175225	39176251	17	0.6723	0.9045	0.2322	15.8847	1.833e-06	1.236e-05	True
chr21	39202319	39203006	7	0.7511	0.9334	0.1823	19.4615	0.0007618	0.001155	True
chr21	39205201	39205727	6	0.7343	0.9227	0.1884	20.2102	0.003327	0.003929	True
chr21	39236305	39236708	7	0.7976	0.8996	0.102	20.2252	0.007501	0.008115	True
chr21	39237549	39237816	5	0.7923	0.5389	-0.2534	15.5947	0.004728	0.005363	True
chr21	39241080	39241423	5	0.7653	0.2401	-0.5252	20.7259	0.003573	0.004167	True
chr21	39251806	39252197	5	0.6576	0.9521	0.2946	20.4806	0.0007294	0.001117	True
chr21	39256414	39256562	5	0.8283	0.984	0.1558	30.954	0.0003353	0.0006232	True
chr21	39263209	39263673	7	0.6565	0.9155	0.259	15.6254	0.0008567	0.001267	True
chr21	39268485	39268716	5	0.7835	0.9484	0.1649	28.8914	0.003091	0.003688	True
chr21	39286653	39286714	6	0.0969	0.0048	-0.092	104.0776	1.744e-06	1.197e-05	True
chr21	39286832	39286904	5	0.1181	0.0141	-0.104	23.4203	0.001032	0.001477	True
chr21	39288146	39288198	7	0.1256	0.0259	-0.0997	67.1624	7.596e-05	0.0002057	True
chr21	39320626	39321213	10	0.7513	0.9603	0.209	24.3556	1.018e-05	4.548e-05	True
chr21	39323100	39323245	6	0.9072	0.989	0.0819	30.0985	0.0003814	0.0006851	True
chr21	39350885	39351252	5	0.7698	0.9606	0.1908	16.9194	0.004525	0.005159	True
chr21	39354047	39354782	8	0.8051	0.9821	0.1769	21.9514	4.955e-06	2.651e-05	True
chr21	39360950	39361818	7	0.7646	0.9703	0.2057	29.3508	8.34e-05	0.00022	True
chr21	39369315	39369722	8	0.8069	0.9714	0.1646	58.359	1.531e-05	6.171e-05	True
chr21	39372735	39373654	7	0.6027	0.8672	0.2645	18.6811	0.001936	0.00248	True
chr21	39374653	39375625	6	0.5055	0.9463	0.4407	16.1027	0.0001577	0.0003517	True
chr21	39375742	39377111	13	0.5609	0.9122	0.3513	19.9724	4.241e-07	3.894e-06	True
chr21	39398887	39399431	10	0.7969	0.9646	0.1678	19.9026	5.647e-05	0.0001658	True
chr21	39402993	39403314	5	0.8557	0.9811	0.1254	17.4413	0.001482	0.00198	True
chr21	39408412	39408723	5	0.8934	0.7861	-0.1073	18.4117	0.02964	0.02987	True
chr21	39418676	39418915	5	0.9049	0.9882	0.0832	20.9819	0.001521	0.002025	True
chr21	39425601	39426467	9	0.7898	0.914	0.1242	15.7055	0.009184	0.009763	True
chr21	39456947	39457149	5	0.8392	0.9779	0.1388	15.6553	0.002704	0.003294	True
chr21	39468440	39469369	5	0.5057	0.8975	0.3918	29.955	0.0009791	0.001418	True
chr21	39524067	39524713	6	0.7403	0.8946	0.1544	17.3709	0.004077	0.004706	True
chr21	39525040	39525286	5	0.8278	0.9467	0.1189	16.5304	0.03104	0.03118	True
chr21	39534479	39535433	9	0.7612	0.952	0.1908	16.021	0.0002134	0.000442	True
chr21	39551533	39552169	5	0.8825	0.9854	0.1029	46.7863	0.0006537	0.001028	True
chr21	39555685	39556281	6	0.6339	0.8858	0.2519	16.9862	0.004003	0.004625	True
chr21	39559534	39560126	5	0.8495	0.9792	0.1296	26.7536	0.001868	0.002403	True
chr21	39575606	39576064	5	0.7364	0.9324	0.196	19.202	0.006541	0.007178	True
chr21	39577110	39577464	7	0.8501	0.9754	0.1254	22.0419	0.0004384	0.0007539	True
chr21	39607241	39607346	6	0.5572	0.9455	0.3884	28.1866	0.0001167	0.0002794	True
chr21	39609528	39609963	5	0.8547	0.9718	0.1171	39.5973	0.001336	0.00183	True
chr21	39627877	39628094	6	0.7587	0.9139	0.1552	34.7315	0.0006436	0.001018	True
chr21	39632806	39633105	7	0.8706	0.961	0.0905	17.6395	0.007824	0.008422	True
chr21	39636683	39637845	7	0.8239	0.9777	0.1537	56.7548	1.95e-05	7.414e-05	True
chr21	39644216	39644354	6	0.7756	0.3781	-0.3975	17.4648	0.0004861	0.0008169	True
chr21	39650068	39650634	5	0.7525	0.9454	0.1929	42.1259	0.0004637	0.0007872	True
chr21	39661796	39662144	7	0.7486	0.3943	-0.3543	35.8849	6.42e-06	3.225e-05	True
chr21	39665331	39665701	5	0.8882	0.9827	0.0945	29.4527	0.001383	0.001876	True
chr21	39671011	39671294	6	0.7627	0.957	0.1943	22.4502	0.000694	0.001071	True
chr21	39681375	39682458	13	0.8375	0.9863	0.1488	36.9743	3.299e-09	6.039e-08	True
chr21	39685170	39685522	7	0.769	0.9242	0.1553	29.5626	0.0002409	0.0004846	True
chr21	39694128	39694511	5	0.7101	0.9924	0.2823	60.5868	1.324e-06	9.513e-06	True
chr21	39698177	39698929	9	0.7932	0.9747	0.1815	20.9181	1.011e-05	4.53e-05	True
chr21	39701189	39702643	10	0.7389	0.9581	0.2192	15.4365	2.885e-05	9.94e-05	True
chr21	39703044	39703930	7	0.6385	0.9723	0.3338	21.53	9.4e-06	4.355e-05	True
chr21	39711548	39712272	8	0.8525	0.9701	0.1176	25.085	0.0004597	0.0007823	True
chr21	39713436	39713773	6	0.7828	0.9248	0.142	19.5738	0.009931	0.01048	True
chr21	39720716	39721192	7	0.5324	0.811	0.2786	15.292	0.0009204	0.001345	True
chr21	39722408	39722639	5	0.8541	0.9876	0.1335	69.1017	7.896e-05	0.0002125	True
chr21	39753461	39754069	7	0.6583	0.9787	0.3204	31.7806	1.782e-06	1.212e-05	True
chr21	39763392	39763592	5	0.7139	0.8793	0.1654	39.3345	0.0007301	0.001117	True
chr21	39767617	39767904	7	0.518	0.8538	0.3357	19.6264	0.0002655	0.0005226	True
chr21	39769005	39769863	8	0.6709	0.913	0.2421	17.3737	0.0003009	0.0005736	True
chr21	39775165	39775601	12	0.6806	0.9368	0.2562	18.2583	5.912e-06	2.999e-05	True
chr21	39776195	39776658	10	0.6012	0.8735	0.2723	33.8805	1.949e-05	7.414e-05	True
chr21	39791800	39792083	5	0.5781	0.9634	0.3852	53.4922	6.323e-05	0.0001802	True
chr21	39795156	39795638	15	0.7304	0.9431	0.2126	19.0651	6.385e-07	5.316e-06	True
chr21	39803721	39803929	7	0.6523	0.9185	0.2663	16.673	0.0004038	0.0007111	True
chr21	39804163	39804777	7	0.6291	0.9299	0.3008	15.4734	0.000341	0.0006289	True
chr21	39804933	39805323	6	0.5634	0.8267	0.2632	18.2048	0.001047	0.001494	True
chr21	39808727	39809306	8	0.781	0.9812	0.2003	47.1966	1.218e-06	8.924e-06	True
chr21	39809395	39810168	13	0.8421	0.9797	0.1376	32.5911	1.312e-07	1.472e-06	True
chr21	39813547	39814242	17	0.8167	0.9789	0.1622	36.4894	1.128e-10	3.146e-09	True
chr21	39815906	39816561	10	0.6448	0.9208	0.276	15.0168	0.0001032	0.0002561	True
chr21	39817312	39817650	10	0.6277	0.9645	0.3368	22.9107	2.408e-07	2.402e-06	True
chr21	39827550	39828014	8	0.6542	0.9475	0.2933	19.361	8.557e-05	0.0002241	True
chr21	39829462	39830023	8	0.8072	0.9477	0.1405	16.8807	0.001634	0.002152	True
chr21	39832747	39833033	6	0.6123	0.9557	0.3434	20.9831	0.0001651	0.0003648	True
chr21	39834629	39835331	5	0.7061	0.9402	0.2341	17.4068	0.003844	0.004459	True
chr21	39835645	39835888	5	0.74	0.9489	0.2088	26.4573	0.002307	0.002884	True
chr21	39842958	39843376	5	0.644	0.9411	0.297	18.7731	0.000983	0.001422	True
chr21	39843787	39844264	6	0.6338	0.8711	0.2373	15.6664	0.007852	0.008447	True
chr21	39844314	39844537	7	0.6952	0.9136	0.2185	26.1972	0.0006587	0.001032	True
chr21	39844946	39845040	5	0.6091	0.7495	0.1404	31.1787	0.003913	0.00453	True
chr21	39846857	39847488	11	0.6848	0.8839	0.199	20.7181	4.409e-05	0.0001369	True
chr21	39848486	39848706	7	0.3559	0.1368	-0.2191	29.1527	0.0001391	0.0003186	True
chr21	39849990	39850701	6	0.594	0.822	0.228	20.7762	0.00123	0.001702	True
chr21	39851241	39851551	5	0.514	0.8941	0.3801	40.5359	0.0009087	0.001332	True
chr21	39854590	39855489	11	0.6721	0.9792	0.3071	30.8399	3.087e-09	5.722e-08	True
chr21	39865884	39866201	10	0.7186	0.9335	0.2149	54.7787	7.914e-06	3.809e-05	True
chr21	39866990	39867176	5	0.4586	0.902	0.4434	38.3458	0.0003893	0.0006947	True
chr21	39869383	39869759	7	0.7779	0.5802	-0.1977	21.5405	0.0007444	0.001135	True
chr21	39869905	39870109	7	0.8176	0.2944	-0.5232	29.4409	4.963e-06	2.651e-05	True
chr21	39873551	39874161	8	0.8065	0.9659	0.1594	15.3441	0.0001826	0.0003913	True
chr21	39892594	39892877	6	0.8276	0.9427	0.1151	52.0337	0.0002009	0.0004212	True
chr21	39893171	39893369	5	0.7776	0.9628	0.1852	16.3643	0.003027	0.003631	True
chr21	39911664	39911740	5	0.8745	0.988	0.1136	43.2382	0.0002712	0.0005304	True
chr21	39918598	39919292	7	0.7794	0.9698	0.1903	35.218	6.815e-05	0.0001897	True
chr21	39973071	39973239	5	0.8703	0.9793	0.109	57.3243	0.0009343	0.001361	True
chr21	39974355	39975242	9	0.8802	0.9635	0.0833	22.1908	0.009824	0.01037	True
chr21	40006273	40006581	5	0.7816	0.9689	0.1873	26.1193	0.001322	0.001814	True
chr21	40021442	40021723	8	0.7436	0.9375	0.1939	16.5178	0.0008987	0.001318	True
chr21	40032425	40032487	11	0.1244	0.0119	-0.1125	182.1561	5.226e-10	1.251e-08	True
chr21	40032527	40032546	5	0.1287	0.0159	-0.1128	171.4244	0.0001085	0.0002656	True
chr21	40032604	40032666	12	0.148	0.0275	-0.1205	102.7006	1.345e-07	1.503e-06	True
chr21	40032824	40032848	6	0.155	0.0315	-0.1235	36.074	0.001028	0.001473	True
chr21	40032855	40032900	7	0.1243	0.0118	-0.1125	222.835	8.106e-07	6.482e-06	True
chr21	40032972	40033054	7	0.1461	0.0175	-0.1286	113.7581	4.048e-06	2.299e-05	True
chr21	40033154	40033867	57	0.3884	0.0336	-0.3547	45.0876	1.392e-40	6.044e-38	True
chr21	40039554	40040945	16	0.8174	0.9383	0.1209	19.6422	1.452e-05	5.954e-05	True
chr21	40045605	40045943	5	0.7757	0.9907	0.215	44.012	1.146e-05	5.025e-05	True
chr21	40064703	40065890	7	0.8409	0.6084	-0.2325	17.7902	0.001008	0.00145	True
chr21	40089782	40090011	5	0.8611	0.9794	0.1183	27.3379	0.001784	0.002317	True
chr21	40113482	40114384	8	0.6957	0.9667	0.271	23.4637	8.869e-06	4.134e-05	True
chr21	40116316	40116425	5	0.33	0.5886	0.2585	22.492	0.001968	0.002514	True
chr21	40119059	40119568	11	0.702	0.9606	0.2586	20.9242	1.072e-06	8.068e-06	True
chr21	40124069	40124277	5	0.8063	0.6543	-0.152	41.9769	0.0011	0.001561	True
chr21	40124792	40124979	7	0.9675	0.8003	-0.1672	51.702	7.159e-05	0.0001967	True
chr21	40138000	40138606	7	0.8585	0.9772	0.1187	26.1583	0.0002565	0.0005091	True
chr21	40150301	40150848	5	0.7438	0.9851	0.2413	45.5517	3.203e-05	0.000107	True
chr21	40171475	40171912	6	0.8819	0.9882	0.1063	61.363	8.435e-05	0.0002218	True
chr21	40176521	40176597	5	0.8438	0.9783	0.1346	63.435	0.0005603	0.000915	True
chr21	40177061	40177165	13	0.0259	0.1257	0.0999	39.2813	4.678e-07	4.169e-06	True
chr21	40178562	40178606	7	0.0652	0.1954	0.1302	33.4693	0.0004798	0.0008101	True
chr21	40196315	40196516	9	0.6977	0.2535	-0.4442	26.996	8.114e-05	0.0002161	True
chr21	40212003	40212312	5	0.8439	0.9795	0.1356	44.1393	0.0006273	0.0009976	True
chr21	40227825	40228381	6	0.8726	0.9836	0.111	36.8219	0.0004468	0.0007645	True
chr21	40259397	40259710	5	0.6818	0.9176	0.2357	30.9506	0.0004845	0.0008155	True
chr21	40263321	40263693	5	0.9468	0.7892	-0.1576	17.6259	0.00911	0.009691	True
chr21	40275942	40276821	10	0.8958	0.541	-0.3548	17.1197	9.822e-06	4.451e-05	True
chr21	40284138	40284481	5	0.7855	0.9778	0.1923	21.0899	0.0006499	0.001025	True
chr21	40298760	40299834	6	0.8278	0.9657	0.138	16.2178	0.002178	0.002744	True
chr21	40304459	40305002	6	0.856	0.9807	0.1248	26.603	0.0003553	0.0006504	True
chr21	40306213	40306857	7	0.8849	0.978	0.093	50.6423	0.001986	0.002532	True
chr21	40314433	40314905	8	0.8383	0.9584	0.12	76.6151	5.078e-05	0.0001527	True
chr21	40329318	40329729	5	0.7939	0.9314	0.1375	21.8546	0.006496	0.007142	True
chr21	40333265	40333918	10	0.869	0.9678	0.0988	22.2373	0.0006507	0.001025	True
chr21	40349023	40349118	5	0.8663	0.9689	0.1027	40.8951	0.004716	0.005358	True
chr21	40356967	40358137	29	0.6233	0.0718	-0.5515	28.0912	1.642e-19	1.56e-17	True
chr21	40359481	40361036	30	0.763	0.3601	-0.4029	15.4092	1.895e-11	6.47e-10	True
chr21	40361901	40362023	5	0.1942	0.0305	-0.1636	21.4428	0.001685	0.002208	True
chr21	40376210	40376431	7	0.7242	0.2224	-0.5017	20.5937	0.0003342	0.0006216	True
chr21	40377673	40378339	16	0.8514	0.9642	0.1127	16.4305	1.321e-05	5.552e-05	True
chr21	40380905	40382033	10	0.909	0.7809	-0.1281	15.2137	0.003309	0.003915	True
chr21	40386322	40386733	7	0.7708	0.9446	0.1738	94.7634	5.003e-05	0.0001514	True
chr21	40392838	40393008	6	0.7675	0.6284	-0.1391	32.765	0.001389	0.001882	True
chr21	40395171	40395266	6	0.8127	0.5245	-0.2881	15.6157	0.001585	0.002096	True
chr21	40395421	40395469	5	0.745	0.4458	-0.2991	17.3479	0.002174	0.002742	True
chr21	40398508	40398732	5	0.798	0.9455	0.1475	18.6219	0.008254	0.008841	True
chr21	40401238	40401646	5	0.8249	0.4528	-0.3722	21.0347	0.0004825	0.0008138	True
chr21	40418455	40418550	7	0.8494	0.9693	0.1199	37.8483	0.0003219	0.000603	True
chr21	40431370	40431632	6	0.7699	0.9841	0.2142	51.1538	1.347e-05	5.638e-05	True
chr21	40432036	40432328	8	0.8162	0.9641	0.1479	16.5401	0.0004174	0.0007316	True
chr21	40432782	40433185	7	0.8628	0.9679	0.1052	46.941	0.0004185	0.0007322	True
chr21	40434144	40434510	9	0.7997	0.8935	0.0937	19.8032	0.006274	0.006918	True
chr21	40438636	40438835	6	0.8949	0.5886	-0.3062	30.3804	6.25e-05	0.0001787	True
chr21	40460089	40460205	5	0.8496	0.6157	-0.2339	55.0994	0.0002044	0.0004264	True
chr21	40460394	40460538	5	0.8814	0.9877	0.1063	58.3788	0.0002442	0.0004902	True
chr21	40465991	40466264	7	0.8299	0.9546	0.1246	45.0575	0.0004431	0.0007594	True
chr21	40469049	40469359	8	0.8869	0.7563	-0.1306	22.5349	0.005133	0.005778	True
chr21	40476562	40477090	6	0.8593	0.1403	-0.719	17.5333	0.0004354	0.0007508	True
chr21	40478760	40478902	6	0.831	0.7063	-0.1247	17.7713	0.02046	0.0208	True
chr21	40487899	40488602	8	0.865	0.9719	0.1069	29.4014	0.000236	0.0004782	True
chr21	40490178	40490397	8	0.8947	0.9867	0.092	26.6112	3.87e-05	0.0001237	True
chr21	40496548	40496816	5	0.6798	0.3088	-0.3709	54.1972	1.481e-05	6.026e-05	True
chr21	40504670	40505448	6	0.8336	0.9715	0.1379	19.1652	0.001033	0.001478	True
chr21	40506304	40506404	6	0.9076	0.9882	0.0807	44.7784	0.0005671	0.0009231	True
chr21	40512144	40512568	5	0.828	0.9455	0.1175	47.0092	0.00231	0.002887	True
chr21	40682736	40683217	5	0.91	0.977	0.0669	21.3261	0.03062	0.03078	True
chr21	40683254	40683493	5	0.8765	0.9772	0.1007	20.5666	0.007096	0.007713	True
chr21	40684544	40684626	7	0.027	0.2002	0.1732	17.2336	0.0001887	0.0004019	True
chr21	40684868	40684894	5	0.0145	0.15	0.1355	156.8722	2.662e-05	9.34e-05	True
chr21	40702065	40702579	5	0.8666	0.9661	0.0994	26.9336	0.02998	0.03018	True
chr21	40722029	40722154	5	0.4985	0.2737	-0.2248	20.2279	0.003544	0.004146	True
chr21	40733244	40734595	19	0.836	0.9485	0.1124	21.9185	1.201e-05	5.213e-05	True
chr21	40736396	40736951	6	0.2979	0.8095	0.5117	18.8134	0.0005078	0.0008442	True
chr21	40740711	40741047	6	0.7233	0.9617	0.2385	23.0703	0.0003725	0.0006738	True
chr21	40741141	40741630	5	0.6412	0.9542	0.313	17.1361	0.0009577	0.001391	True
chr21	40757245	40757372	6	0.8867	0.7781	-0.1086	23.7415	0.007073	0.007699	True
chr21	40757603	40757627	5	0.63	0.8296	0.1996	38.6739	0.001002	0.001445	True
chr21	40757717	40757932	17	0.6164	0.2491	-0.3674	24.0384	7.733e-08	9.671e-07	True
chr21	40759643	40759770	13	0.382	0.164	-0.218	20.5366	1.165e-05	5.079e-05	True
chr21	40766523	40767314	5	0.948	0.756	-0.192	15.3563	0.006588	0.007221	True
chr21	40824282	40825214	11	0.9171	0.6648	-0.2523	15.1071	4.029e-05	0.0001278	True
chr21	40832552	40832858	6	0.8534	0.9874	0.134	31.7137	7.973e-05	0.000214	True
chr21	40860249	40860600	7	0.8501	0.9672	0.117	16.1604	0.002489	0.003073	True
chr21	40863492	40863648	5	0.83	0.9778	0.1478	55.0766	0.0006545	0.001028	True
chr21	40874802	40876852	17	0.8442	0.9629	0.1187	20.2972	2.927e-06	1.806e-05	True
chr21	40877672	40878782	8	0.8323	0.973	0.1407	33.5887	4.321e-05	0.0001346	True
chr21	40891333	40891442	5	0.7386	0.9473	0.2087	84.3166	0.0004184	0.0007322	True
chr21	40901898	40902741	13	0.7987	0.9666	0.1679	21.9086	8.968e-07	6.952e-06	True
chr21	40932807	40933166	5	0.4911	0.9748	0.4838	21.5723	4.162e-05	0.0001308	True
chr21	40937723	40938249	8	0.8408	0.9771	0.1364	33.4851	9.517e-05	0.0002419	True
chr21	40938317	40938569	5	0.8574	0.9936	0.1362	102.3654	4.388e-06	2.438e-05	True
chr21	40941914	40942525	9	0.6891	0.9133	0.2241	31.4219	0.0001685	0.0003711	True
chr21	40946103	40946690	8	0.7096	0.9674	0.2577	64.3237	1.194e-06	8.786e-06	True
chr21	40953677	40953994	6	0.8141	0.9492	0.1351	30.6699	0.002467	0.003051	True
chr21	40959053	40959396	6	0.8069	0.9765	0.1695	32.2765	0.000205	0.0004266	True
chr21	40967369	40967993	5	0.6972	0.9449	0.2477	16.2618	0.002789	0.003388	True
chr21	40973947	40974147	6	0.9015	0.7806	-0.121	49.5963	0.0002386	0.000482	True
chr21	40983410	40983750	14	0.652	0.296	-0.3559	19.7771	3.087e-07	2.96e-06	True
chr21	40984934	40985142	32	0.1588	0.0194	-0.1394	27.4772	7.646e-17	5.958e-15	True
chr21	40986123	40986354	5	0.562	0.8741	0.3121	18.9964	0.006348	0.006987	True
chr21	40989412	40989712	6	0.8577	0.9832	0.1256	25.0767	0.0002043	0.0004264	True
chr21	40998519	40998873	5	0.6685	0.9593	0.2907	28.2335	0.0002391	0.0004825	True
chr21	41003890	41004348	7	0.8442	0.9659	0.1217	19.4119	0.001569	0.002081	True
chr21	41007696	41008817	13	0.8223	0.9638	0.1415	19.6764	1.74e-05	6.829e-05	True
chr21	41017780	41017912	5	0.7786	0.9452	0.1666	30.7932	0.003312	0.003917	True
chr21	41018275	41018984	5	0.6908	0.9822	0.2914	83.6927	1.278e-05	5.41e-05	True
chr21	41021393	41022682	24	0.7758	0.95	0.1742	24.1504	8.714e-11	2.475e-09	True
chr21	41022946	41023016	5	0.8608	0.9787	0.118	61.8631	0.0007005	0.00108	True
chr21	41027855	41028083	7	0.7673	0.9567	0.1894	22.8178	0.0004592	0.0007819	True
chr21	41035207	41035473	5	0.8546	0.9709	0.1163	29.8586	0.003512	0.004119	True
chr21	41035889	41037439	31	0.775	0.9434	0.1684	23.9718	1.834e-12	8.197e-11	True
chr21	41038153	41038409	5	0.8339	0.9929	0.159	521.8026	5.315e-07	4.654e-06	True
chr21	41038852	41039155	8	0.6233	0.4407	-0.1826	15.6447	0.001966	0.002512	True
chr21	41040584	41040698	5	0.8467	0.9729	0.1262	42.4804	0.001687	0.00221	True
chr21	41069570	41070265	6	0.8067	0.9711	0.1644	30.9321	0.0003723	0.0006738	True
chr21	41071669	41071941	6	0.775	0.9444	0.1694	21.9365	0.00312	0.003716	True
chr21	41076664	41077189	7	0.7331	0.9321	0.199	21.1274	0.001088	0.001546	True
chr21	41082967	41083304	8	0.8127	0.9436	0.1309	15.33	0.002502	0.003084	True
chr21	41083564	41084227	8	0.7073	0.9592	0.2519	43.5788	7.515e-06	3.666e-05	True
chr21	41084279	41084685	7	0.6569	0.9179	0.261	17.6667	0.0009208	0.001345	True
chr21	41093123	41093357	6	0.7129	0.9398	0.227	56.1593	0.0001342	0.0003116	True
chr21	41094245	41094977	5	0.782	0.9798	0.1978	28.4605	0.0003207	0.0006012	True
chr21	41126349	41127017	5	0.6974	0.9693	0.2719	23.0329	0.0004379	0.0007536	True
chr21	41135035	41135500	8	0.6239	0.94	0.3161	17.8291	5.201e-05	0.0001552	True
chr21	41135565	41135770	7	0.6656	0.3696	-0.296	23.4882	0.000115	0.0002767	True
chr21	41136026	41136215	5	0.8055	0.6851	-0.1205	17.4611	0.02591	0.0262	True
chr21	41136391	41138078	24	0.6885	0.9524	0.2639	15.3647	1.489e-11	5.202e-10	True
chr21	41142958	41143130	6	0.84	0.9451	0.1051	16.4861	0.0148	0.01527	True
chr21	41143924	41144155	5	0.737	0.9476	0.2107	19.8383	0.002275	0.002849	True
chr21	41144289	41144756	5	0.8556	0.9815	0.1259	37.4223	0.000789	0.001188	True
chr21	41174751	41176078	8	0.96	0.722	-0.238	16.3533	8.256e-05	0.0002188	True
chr21	41210121	41210678	6	0.8789	0.6504	-0.2285	19.444	0.001432	0.001927	True
chr21	41211381	41211886	6	0.8695	0.9728	0.1033	31.461	0.00198	0.002526	True
chr21	41225293	41225383	5	0.8229	0.9332	0.1104	170.0446	2.605e-05	9.184e-05	True
chr21	41236582	41237011	8	0.8282	0.9538	0.1256	18.2628	0.002323	0.002901	True
chr21	41244227	41245254	7	0.951	0.6954	-0.2556	16.0255	0.0002621	0.0005181	True
chr21	41253453	41253706	9	0.8187	0.5133	-0.3053	17.3501	0.0004909	0.0008224	True
chr21	41291804	41292485	5	0.8665	0.9719	0.1054	20.047	0.005916	0.006555	True
chr21	41301923	41302323	7	0.774	0.9401	0.166	17.5791	0.002498	0.003083	True
chr21	41308612	41308796	5	0.8499	0.995	0.1452	106.3854	1.76e-06	1.205e-05	True
chr21	41310898	41311445	6	0.8654	0.9804	0.1151	49.2564	0.0003359	0.0006237	True
chr21	41315894	41316457	5	0.6978	0.9068	0.2089	22.5033	0.009163	0.009744	True
chr21	41321416	41322447	8	0.7628	0.9281	0.1653	24.8525	0.0006323	0.001003	True
chr21	41324066	41324674	8	0.8124	0.4664	-0.3461	21.2564	0.0005292	0.0008735	True
chr21	41326666	41327124	9	0.8289	0.976	0.1471	40.0106	6.303e-06	3.171e-05	True
chr21	41331861	41332368	6	0.723	0.9949	0.2718	264.4757	1.927e-09	3.827e-08	True
chr21	41338805	41339585	6	0.7044	0.9703	0.2659	92.3713	6.09e-06	3.074e-05	True
chr21	41345199	41345294	6	0.7922	0.9397	0.1474	20.8809	0.005088	0.005731	True
chr21	41345628	41346245	6	0.7524	0.9459	0.1935	15.4284	0.003343	0.003944	True
chr21	41351584	41351855	5	0.848	0.9789	0.1309	99.5173	7.107e-05	0.0001956	True
chr21	41356388	41356703	14	0.6896	0.4661	-0.2235	15.6671	1.862e-05	7.154e-05	True
chr21	41358823	41358987	6	0.8025	0.9849	0.1824	79.9197	9.708e-06	4.426e-05	True
chr21	41373896	41374390	5	0.6894	0.9371	0.2476	20.5678	0.003399	0.004	True
chr21	41375476	41375840	6	0.466	0.1995	-0.2665	15.838	0.001747	0.002276	True
chr21	41379845	41380715	7	0.6996	0.9534	0.2538	19.3119	0.0001634	0.0003621	True
chr21	41385656	41385756	5	0.8392	0.9684	0.1292	30.9875	0.002813	0.003412	True
chr21	41387014	41388304	7	0.7067	0.8855	0.1788	15.4576	0.007287	0.0079	True
chr21	41392558	41393092	5	0.7966	0.9712	0.1746	44.1077	0.0004961	0.0008289	True
chr21	41402480	41402920	5	0.7811	0.926	0.1449	20.7856	0.007132	0.007749	True
chr21	41403570	41404162	5	0.6687	0.9576	0.2889	54.9699	9.301e-05	0.0002379	True
chr21	41414496	41414627	6	0.8144	0.9319	0.1175	33.447	0.001374	0.001869	True
chr21	41425600	41425853	5	0.4967	0.8537	0.3569	31.4036	0.0008206	0.001223	True
chr21	41433577	41434083	6	0.8179	0.9467	0.1288	20.0914	0.00543	0.006068	True
chr21	41435615	41435781	5	0.6827	0.9795	0.2968	102.2754	2.062e-05	7.728e-05	True
chr21	41436303	41436463	5	0.7432	0.9568	0.2137	37.1191	0.0005804	0.0009386	True
chr21	41437855	41437982	6	0.846	0.9613	0.1153	40.7677	0.001215	0.001685	True
chr21	41447560	41448089	7	0.6892	0.9328	0.2436	26.6147	0.0001823	0.0003909	True
chr21	41452117	41452247	5	0.8368	0.6547	-0.1821	17.5122	0.007679	0.008284	True
chr21	41457657	41458229	6	0.659	0.8982	0.2392	15.1168	0.004708	0.005351	True
chr21	41494451	41495277	11	0.7114	0.9348	0.2235	22.6483	7.774e-06	3.759e-05	True
chr21	41496221	41496306	6	0.6641	0.905	0.241	22.5138	0.003003	0.00361	True
chr21	41507451	41507522	6	0.8075	0.9803	0.1729	39.3629	8.347e-05	0.00022	True
chr21	41507753	41508177	5	0.8427	0.9823	0.1396	184.56	7.732e-06	3.748e-05	True
chr21	41516461	41516556	6	0.9377	0.8489	-0.0888	16.5444	0.01846	0.01881	True
chr21	41537923	41538322	14	0.8462	0.9773	0.1311	25.3324	2.1e-07	2.171e-06	True
chr21	41541358	41541537	6	0.8003	0.9684	0.1682	23.2422	0.0005536	0.0009064	True
chr21	41544385	41544818	6	0.6924	0.9457	0.2533	25.3666	0.0005076	0.0008442	True
chr21	41546180	41547229	9	0.8149	0.9752	0.1602	25.0937	9.931e-06	4.478e-05	True
chr21	41550837	41550925	11	0.7209	0.8784	0.1575	17.1455	0.0004614	0.0007842	True
chr21	41553809	41554533	10	0.8489	0.9529	0.1039	16.8556	0.001337	0.001831	True
chr21	41559131	41559242	5	0.6095	0.9318	0.3223	18.1531	0.001199	0.001668	True
chr21	41563535	41564360	7	0.7941	0.9646	0.1705	23.8837	0.0003967	0.0007026	True
chr21	41610519	41611117	8	0.9001	0.9868	0.0866	38.8934	9.692e-05	0.0002451	True
chr21	41621246	41621485	5	0.7241	0.95	0.2259	29.8281	0.0008392	0.001245	True
chr21	41626678	41627381	12	0.7377	0.3109	-0.4268	16.6812	9.905e-07	7.582e-06	True
chr21	41640139	41640849	6	0.8238	0.9686	0.1449	20.198	0.001486	0.001984	True
chr21	41640990	41641256	5	0.8518	0.9895	0.1377	113.2436	2.391e-05	8.6e-05	True
chr21	41645405	41646130	10	0.8136	0.9693	0.1557	30.597	3.394e-06	2.027e-05	True
chr21	41664968	41665209	6	0.8687	0.9805	0.1118	30.7903	0.0006829	0.001059	True
chr21	41670800	41670971	5	0.5061	0.9145	0.4084	19.7535	0.001458	0.001956	True
chr21	41674242	41675097	5	0.746	0.9328	0.1869	15.8358	0.01212	0.01265	True
chr21	41690329	41690592	8	0.7374	0.9108	0.1734	26.7472	0.0002352	0.0004775	True
chr21	41705294	41705649	5	0.8807	0.9702	0.0895	19.1677	0.02877	0.02904	True
chr21	41758303	41758398	8	0.0419	0.1818	0.14	29.7676	0.000579	0.0009376	True
chr21	41761658	41761849	6	0.8111	0.9718	0.1607	23.5776	0.0005182	0.0008582	True
chr21	41769169	41769653	8	0.6844	0.9368	0.2523	32.6522	5.895e-05	0.0001708	True
chr21	41802531	41802809	9	0.9212	0.7209	-0.2004	18.6555	0.0003429	0.0006311	True
chr21	41822778	41823094	5	0.8361	0.9711	0.135	35.316	0.002135	0.002698	True
chr21	41826989	41827184	5	0.6335	0.9734	0.3399	23.2344	0.0001222	0.0002899	True
chr21	41836138	41836699	6	0.8188	0.9739	0.1552	50.6373	0.0002323	0.0004731	True
chr21	41876012	41876392	6	0.7478	0.9154	0.1676	16.7847	0.01057	0.01113	True
chr21	41878526	41878936	5	0.95	0.747	-0.203	42.8997	0.0002714	0.0005304	True
chr21	41884395	41884593	6	0.8517	0.9692	0.1175	36.2866	0.001161	0.001624	True
chr21	41904842	41904899	5	0.7519	0.9786	0.2267	32.4741	0.000157	0.0003509	True
chr21	41910881	41911099	5	0.8222	0.9499	0.1278	33.0855	0.006443	0.00709	True
chr21	41912112	41912337	5	0.8073	0.9646	0.1573	16.3133	0.004401	0.005038	True
chr21	41912359	41912708	5	0.7971	0.4673	-0.3298	17.8036	0.001801	0.002331	True
chr21	41917671	41918309	7	0.8066	0.9572	0.1506	20.7954	0.0008013	0.0012	True
chr21	41933581	41933894	5	0.8527	0.9729	0.1201	211.0272	3.801e-05	0.000122	True
chr21	41988268	41988483	5	0.8048	0.9873	0.1825	47.93	5.211e-05	0.0001552	True
chr21	41990317	41990716	6	0.8722	0.7524	-0.1199	38.3503	0.001008	0.00145	True
chr21	42010509	42010698	9	0.6746	0.2718	-0.4028	17.0949	1.748e-05	6.829e-05	True
chr21	42050453	42050978	10	0.8701	0.5004	-0.3697	17.0973	1.101e-05	4.883e-05	True
chr21	42053753	42054162	6	0.8425	0.954	0.1115	19.8557	0.005637	0.006275	True
chr21	42063187	42063823	6	0.8027	0.9517	0.149	18.0336	0.004459	0.005094	True
chr21	42077694	42077872	5	0.7655	0.9549	0.1894	63.5239	0.0006065	0.0009737	True
chr21	42084530	42085284	6	0.7746	0.9704	0.1958	20.3324	0.0004075	0.0007166	True
chr21	42089593	42090465	5	0.8635	0.6496	-0.2139	16.7847	0.003564	0.004162	True
chr21	42130079	42130620	6	0.7063	0.9166	0.2103	19.9396	0.002611	0.003203	True
chr21	42144786	42144963	6	0.806	0.9717	0.1657	92.6588	6.667e-05	0.0001867	True
chr21	42145775	42146442	6	0.7239	0.9306	0.2066	26.9798	0.0009792	0.001418	True
chr21	42147212	42147652	6	0.6679	0.9697	0.3018	37.9777	4.229e-05	0.0001324	True
chr21	42163161	42163318	7	0.5949	0.8641	0.2692	19.7077	0.001799	0.00233	True
chr21	42181745	42181915	5	0.7628	0.9054	0.1426	21.7387	0.006248	0.006897	True
chr21	42208671	42208968	5	0.7752	0.9671	0.1919	45.7289	0.0005526	0.0009055	True
chr21	42233834	42234144	6	0.8424	0.9646	0.1222	16.9541	0.00503	0.005669	True
chr21	42234378	42234514	5	0.7345	0.9056	0.1711	29.4851	0.001665	0.002185	True
chr21	42250522	42251161	9	0.7744	0.9616	0.1872	19.7512	7.079e-05	0.0001952	True
chr21	42251332	42252051	14	0.8354	0.9867	0.1513	44.962	2.204e-10	5.677e-09	True
chr21	42255537	42255717	5	0.8864	0.9715	0.0851	36.3255	0.02786	0.02813	True
chr21	42271117	42271601	5	0.7127	0.9562	0.2436	27.2596	0.0009192	0.001345	True
chr21	42281161	42281491	5	0.6908	0.9231	0.2323	63.391	0.0001589	0.0003537	True
chr21	42286918	42287303	7	0.6532	0.9198	0.2666	28.9028	0.0005758	0.0009342	True
chr21	42305233	42306042	8	0.854	0.9752	0.1212	29.4519	0.0001677	0.0003698	True
chr21	42313894	42314040	5	0.7125	0.9211	0.2086	24.0745	0.005251	0.005888	True
chr21	42375316	42375715	5	0.8698	0.9872	0.1174	26.8862	0.0005694	0.0009253	True
chr21	42382778	42382993	5	0.9727	0.8386	-0.1341	134.9583	0.0001952	0.0004104	True
chr21	42429183	42429792	5	0.8747	0.9903	0.1157	90.2804	5.423e-05	0.0001602	True
chr21	42429902	42430554	6	0.7447	0.9654	0.2207	37.7356	9.85e-05	0.0002476	True
chr21	42433883	42434267	7	0.774	0.9616	0.1876	16.0022	0.0005644	0.0009195	True
chr21	42448165	42448253	7	0.9038	0.7436	-0.1603	22.0958	0.0008854	0.0013	True
chr21	42458549	42458656	5	0.9134	0.7576	-0.1558	28.6667	0.002149	0.002715	True
chr21	42466032	42466682	8	0.8135	0.9571	0.1435	17.9346	0.00076	0.001154	True
chr21	42468718	42469542	6	0.7834	0.9571	0.1737	27.1906	0.001092	0.001551	True
chr21	42485960	42487005	7	0.671	0.9314	0.2604	22.6413	0.0003743	0.0006754	True
chr21	42499484	42499854	5	0.6611	0.862	0.2009	30.4746	0.0007019	0.001081	True
chr21	42504131	42504250	5	0.7199	0.8978	0.1779	52.4214	0.0004238	0.0007389	True
chr21	42509193	42509634	8	0.8358	0.595	-0.2408	15.0653	0.001032	0.001477	True
chr21	42521799	42522111	5	0.8213	0.9486	0.1273	16.688	0.02313	0.02346	True
chr21	42523098	42523852	6	0.8459	0.9711	0.1252	26.3817	0.00157	0.002081	True
chr21	42550237	42550958	7	0.842	0.6432	-0.1987	20.7877	0.0006439	0.001018	True
chr21	42552327	42552911	6	0.7663	0.3509	-0.4154	27.1457	7.957e-05	0.0002138	True
chr21	42579369	42579777	7	0.5575	0.2216	-0.3359	18.3152	0.0001762	0.0003813	True
chr21	42588194	42588889	22	0.8631	0.4944	-0.3688	25.3086	6.582e-12	2.574e-10	True
chr21	42589889	42590379	6	0.7962	0.9717	0.1755	19.5662	0.000651	0.001025	True
chr21	42597319	42597498	5	0.8891	0.6656	-0.2235	18.8719	0.004515	0.00515	True
chr21	42602880	42603840	13	0.858	0.9731	0.1151	28.8992	5.198e-06	2.727e-05	True
chr21	42608317	42608782	13	0.9394	0.8065	-0.1329	18.5893	5.193e-05	0.0001552	True
chr21	42613270	42613492	6	0.9275	0.6988	-0.2287	18.4051	0.001864	0.0024	True
chr21	42617981	42618060	5	0.8983	0.9897	0.0915	50.0704	0.000382	0.0006856	True
chr21	42619648	42619803	7	0.2245	0.1262	-0.0983	18.5695	0.01352	0.01402	True
chr21	42627123	42627425	6	0.9624	0.843	-0.1194	54.8254	0.0004025	0.0007099	True
chr21	42647486	42647540	5	0.9461	0.677	-0.2691	53.7291	9.77e-05	0.0002464	True
chr21	42651518	42651724	5	0.8417	0.9575	0.1159	24.4414	0.00755	0.008159	True
chr21	42677123	42677658	6	0.8558	0.9726	0.1168	35.6622	0.0006661	0.001039	True
chr21	42688323	42688526	7	0.1963	0.077	-0.1193	32.196	0.001637	0.002156	True
chr21	42688644	42688692	6	0.1129	0.0085	-0.1044	152.3453	4.322e-06	2.406e-05	True
chr21	42688760	42688844	7	0.1377	0.0192	-0.1186	130.5747	1.717e-05	6.769e-05	True
chr21	42688861	42688950	7	0.1248	0.0284	-0.0964	107.7784	9.633e-06	4.413e-05	True
chr21	42689037	42689084	7	0.3048	0.1711	-0.1337	22.2197	0.003513	0.004119	True
chr21	42689418	42689684	7	0.5441	0.7778	0.2336	17.04	0.001119	0.001582	True
chr21	42693181	42693348	7	0.5924	0.3949	-0.1974	20.3026	0.001008	0.00145	True
chr21	42695171	42695573	8	0.8517	0.9644	0.1126	18.7806	0.0009707	0.001408	True
chr21	42732205	42732336	8	0.5107	0.6248	0.114	18.3372	0.006788	0.007407	True
chr21	42733747	42734065	11	0.3792	0.1831	-0.1961	16.3146	0.000102	0.0002542	True
chr21	42738104	42738343	5	0.954	0.7826	-0.1714	29.05	0.001683	0.002206	True
chr21	42738717	42738898	5	0.6148	0.4561	-0.1588	17.5357	0.0123	0.01282	True
chr21	42768115	42768167	5	0.597	0.9538	0.3568	20.3311	0.0003157	0.0005952	True
chr21	42800942	42801615	10	0.7759	0.9514	0.1754	15.6574	0.0001161	0.0002786	True
chr21	42811525	42811806	7	0.9447	0.6791	-0.2656	26.8482	0.0001263	0.0002975	True
chr21	42831077	42831232	6	0.7152	0.9034	0.1882	18.6877	0.006762	0.00739	True
chr21	42831434	42831494	5	0.6708	0.9392	0.2684	31.2091	0.000914	0.001339	True
chr21	42840655	42841914	27	0.68	0.9102	0.2302	26.4222	1.284e-12	6.096e-11	True
chr21	42842238	42842704	7	0.5006	0.7025	0.2019	18.8568	0.001527	0.002032	True
chr21	42842955	42843049	5	0.6725	0.9412	0.2687	21.4421	0.0004707	0.0007969	True
chr21	42845160	42846154	27	0.6356	0.9061	0.2705	18.0843	4.557e-11	1.385e-09	True
chr21	42847763	42847935	7	0.5827	0.916	0.3333	18.8385	0.0001287	0.0003017	True
chr21	42852844	42853095	8	0.4847	0.9256	0.4409	39.357	2.78e-06	1.742e-05	True
chr21	42854616	42854933	5	0.4026	0.6654	0.2628	15.8738	0.004899	0.005536	True
chr21	42857300	42857640	7	0.4337	0.9082	0.4745	43.4514	1.003e-05	4.511e-05	True
chr21	42860083	42860230	6	0.4849	0.8708	0.3859	15.5589	0.001124	0.001587	True
chr21	42860326	42860713	10	0.4977	0.9016	0.4039	16.8636	2.537e-05	9.008e-05	True
chr21	42860847	42862927	23	0.4673	0.8368	0.3696	17.1425	6.108e-10	1.428e-08	True
chr21	42864106	42864343	7	0.7087	0.9254	0.2168	19.8842	0.0008233	0.001226	True
chr21	42865164	42866455	36	0.472	0.7734	0.3013	18.1379	2.759e-12	1.165e-10	True
chr21	42870081	42870938	10	0.353	0.6391	0.2861	22.3232	1.41e-05	5.837e-05	True
chr21	42874305	42874512	6	0.3357	0.5953	0.2596	36.1206	0.0001366	0.0003151	True
chr21	42876397	42877272	7	0.2451	0.5075	0.2623	21.9616	0.0001893	0.0004029	True
chr21	42877399	42877747	9	0.1951	0.5077	0.3126	17.191	0.0001032	0.0002561	True
chr21	42880448	42880557	8	0.0466	0.2399	0.1932	74.5803	3.948e-06	2.268e-05	True
chr21	42880582	42881017	11	0.0959	0.4172	0.3213	21.0506	5.514e-06	2.843e-05	True
chr21	42892279	42892483	5	0.2726	0.6721	0.3995	16.1194	0.001631	0.002149	True
chr21	42896455	42896770	5	0.8381	0.984	0.1459	20.5452	0.0006347	0.001006	True
chr21	42899576	42900291	14	0.6081	0.8565	0.2484	15.0525	2.12e-05	7.895e-05	True
chr21	42904931	42905106	5	0.9001	0.9787	0.0786	30.5608	0.0154	0.01584	True
chr21	42909350	42909861	10	0.7532	0.9408	0.1875	16.8736	0.000397	0.0007027	True
chr21	42936786	42936959	6	0.4598	0.7286	0.2688	17.7316	0.002046	0.002601	True
chr21	42953983	42954409	7	0.8277	0.9701	0.1425	16.7281	0.0007428	0.001133	True
chr21	43022651	43022882	6	0.9071	0.7719	-0.1352	24.3789	0.003078	0.003674	True
chr21	43025974	43026058	5	0.1407	0.2966	0.1559	22.0904	0.01164	0.01217	True
chr21	43030654	43030763	5	0.4446	0.2313	-0.2132	39.6076	0.00061	0.0009778	True
chr21	43041672	43042345	16	0.7901	0.411	-0.3791	23.065	3.563e-09	6.444e-08	True
chr21	43049183	43050273	9	0.7772	0.97	0.1927	28.4074	1.046e-05	4.666e-05	True
chr21	43061809	43062811	17	0.6696	0.2662	-0.4034	16.4348	5.554e-08	7.244e-07	True
chr21	43063813	43063844	5	0.9384	0.6719	-0.2665	56.482	0.000305	0.0005779	True
chr21	43072492	43072732	7	0.93	0.4332	-0.4967	40.649	4.909e-06	2.631e-05	True
chr21	43073861	43074397	7	0.658	0.2355	-0.4225	20.9387	4.993e-05	0.0001513	True
chr21	43086170	43086295	6	0.8655	0.7136	-0.1519	21.8486	0.0044	0.005038	True
chr21	43088110	43088325	6	0.8738	0.9775	0.1037	54.7757	0.0004935	0.0008255	True
chr21	43088578	43089463	23	0.8895	0.5667	-0.3228	23.7239	6.624e-12	2.574e-10	True
chr21	43101285	43101410	5	0.3033	0.4461	0.1427	39.0724	0.001651	0.00217	True
chr21	43101435	43101509	6	0.3659	0.2472	-0.1188	21.5181	0.01374	0.01423	True
chr21	43101730	43101885	7	0.3094	0.2033	-0.1061	26.0428	0.003658	0.004254	True
chr21	43106805	43106949	5	0.9168	0.7857	-0.1311	20.1979	0.01593	0.01637	True
chr21	43113176	43113847	5	0.7209	0.9474	0.2265	15.5612	0.003412	0.004014	True
chr21	43122057	43122199	6	0.7738	0.9588	0.185	27.5172	0.0005369	0.0008829	True
chr21	43131064	43131483	9	0.9105	0.7453	-0.1652	19.4313	0.000265	0.000522	True
chr21	43131712	43132896	34	0.7695	0.2343	-0.5353	18.4346	9.152e-17	6.953e-15	True
chr21	43134877	43135173	5	0.9338	0.7601	-0.1736	18.5399	0.009358	0.009926	True
chr21	43138119	43138378	8	0.8066	0.9528	0.1463	33.7014	0.0002709	0.0005302	True
chr21	43164109	43164173	5	0.9228	0.8087	-0.1142	30.6374	0.007093	0.007713	True
chr21	43165154	43165276	6	0.9049	0.7944	-0.1105	18.0665	0.01552	0.01595	True
chr21	43168100	43168444	15	0.8037	0.4388	-0.3649	20.9693	1.609e-08	2.47e-07	True
chr21	43169806	43169913	5	0.9358	0.6855	-0.2502	17.1307	0.002221	0.002794	True
chr21	43170170	43170446	6	0.8406	0.2663	-0.5743	17.5237	0.0001925	0.0004065	True
chr21	43171097	43171375	13	0.9005	0.5616	-0.339	29.8641	2.077e-09	4.046e-08	True
chr21	43173741	43173959	5	0.8795	0.5441	-0.3354	88.4642	1.079e-06	8.092e-06	True
chr21	43173968	43174380	5	0.8957	0.6665	-0.2292	33.3868	0.001303	0.001791	True
chr21	43181749	43181878	5	0.1073	0.0161	-0.0911	30.4435	0.001956	0.002502	True
chr21	43182219	43182282	5	0.1695	0.0254	-0.1441	23.0757	0.002218	0.002791	True
chr21	43182960	43183156	10	0.7828	0.289	-0.4938	16.2051	1.006e-05	4.515e-05	True
chr21	43183211	43185832	58	0.7422	0.2975	-0.4447	21.019	2.792e-25	4.242e-23	True
chr21	43186104	43186148	6	0.2091	0.1017	-0.1075	21.7713	0.007244	0.007857	True
chr21	43186312	43186388	10	0.1926	0.0939	-0.0988	24.0088	0.001262	0.001741	True
chr21	43191527	43191752	7	0.9156	0.7644	-0.1512	28.7635	0.0005694	0.0009253	True
chr21	43192237	43192372	5	0.9407	0.6301	-0.3106	29.5591	0.0004481	0.0007663	True
chr21	43206813	43206962	7	0.4859	0.0582	-0.4277	34.4816	4.195e-06	2.352e-05	True
chr21	43211543	43211965	6	0.8719	0.9826	0.1107	76.2895	0.0001388	0.0003184	True
chr21	43216514	43216948	7	0.8508	0.576	-0.2748	15.117	0.000794	0.001192	True
chr21	43228512	43228607	5	0.9541	0.8506	-0.1036	21.5025	0.03039	0.03056	True
chr21	43268920	43269332	8	0.7306	0.9492	0.2186	20.5538	0.0001204	0.0002866	True
chr21	43272263	43272398	5	0.9634	0.8555	-0.1079	46.2191	0.0009901	0.001431	True
chr21	43277762	43278074	6	0.8867	0.9902	0.1035	31.8959	5.122e-05	0.0001537	True
chr21	43297886	43298178	12	0.5383	0.0903	-0.4481	16.1747	1.107e-06	8.247e-06	True
chr21	43304986	43305111	9	0.9209	0.7731	-0.1478	25.464	0.0001617	0.0003589	True
chr21	43309200	43309543	10	0.9211	0.7881	-0.133	17.8973	0.001153	0.001617	True
chr21	43310103	43310669	5	0.8863	0.9784	0.0921	20.8958	0.004871	0.005507	True
chr21	43319612	43319760	6	0.833	0.5897	-0.2432	22.5457	0.0005305	0.0008753	True
chr21	43329826	43330048	6	0.9091	0.7786	-0.1305	18.8869	0.01139	0.01193	True
chr21	43341701	43341829	5	0.8611	0.4785	-0.3825	29.3184	9.359e-05	0.000239	True
chr21	43348855	43348958	5	0.9312	0.8121	-0.1191	29.3803	0.003177	0.003777	True
chr21	43351325	43351555	6	0.84	0.4339	-0.4061	49.1318	2.318e-06	1.502e-05	True
chr21	43353518	43353745	5	0.1671	0.0331	-0.1339	20.5699	0.004651	0.005292	True
chr21	43362322	43362736	6	0.9311	0.7553	-0.1758	19.4724	0.003545	0.004146	True
chr21	43371325	43371363	5	0.9536	0.749	-0.2046	235.5643	2.041e-07	2.117e-06	True
chr21	43375848	43376053	9	0.7277	0.922	0.1943	16.7012	0.0004226	0.0007372	True
chr21	43377501	43377885	6	0.8697	0.6717	-0.198	18.3138	0.003014	0.00362	True
chr21	43388706	43389035	9	0.7501	0.3506	-0.3995	52.7908	1.125e-08	1.838e-07	True
chr21	43396839	43396988	6	0.9284	0.5757	-0.3527	17.0445	0.0003388	0.0006264	True
chr21	43412517	43412726	5	0.8603	0.9694	0.1091	30.2611	0.005197	0.005836	True
chr21	43413821	43414168	7	0.8672	0.4223	-0.4449	16.7162	0.0002579	0.0005112	True
chr21	43424414	43425520	10	0.7665	0.9484	0.1818	16.7765	0.0001688	0.0003714	True
chr21	43432398	43432617	5	0.8723	0.983	0.1107	31.475	0.000771	0.001166	True
chr21	43443498	43444259	11	0.861	0.9645	0.1035	19.5342	0.0001895	0.0004031	True
chr21	43454970	43455422	7	0.8079	0.9811	0.1732	34.0639	2.223e-05	8.141e-05	True
chr21	43468084	43468268	8	0.8506	0.9818	0.1312	53.2568	1.146e-05	5.025e-05	True
chr21	43470714	43470950	5	0.9144	0.7678	-0.1466	19.9109	0.007916	0.008512	True
chr21	43477681	43478098	6	0.261	0.0878	-0.1733	21.0835	0.006267	0.006915	True
chr21	43481735	43481873	6	0.8323	0.5648	-0.2675	20.923	0.0006775	0.001052	True
chr21	43483864	43484283	15	0.794	0.546	-0.2481	19.8159	4.268e-07	3.907e-06	True
chr21	43484445	43484613	6	0.7053	0.2933	-0.412	21.729	0.0001263	0.0002975	True
chr21	43488133	43488231	5	0.9285	0.6373	-0.2912	47.6831	1.569e-05	6.283e-05	True
chr21	43496187	43496223	5	0.9549	0.8547	-0.1003	30.4727	0.01005	0.01059	True
chr21	43499012	43499595	9	0.8381	0.5811	-0.257	19.7494	5.646e-05	0.0001658	True
chr21	43500205	43500272	5	0.961	0.8336	-0.1274	16.1805	0.01299	0.01351	True
chr21	43521646	43521722	5	0.9197	0.7718	-0.1479	19.6893	0.0153	0.01575	True
chr21	43522050	43522454	7	0.8389	0.3998	-0.4391	15.7762	0.0005616	0.0009161	True
chr21	43537985	43538481	7	0.9487	0.709	-0.2397	23.6063	8.838e-05	0.000229	True
chr21	43549838	43550331	5	0.6502	0.9324	0.2822	24.9917	0.002473	0.003057	True
chr21	43558410	43558506	5	0.895	0.9949	0.0999	90.8029	1.264e-05	5.374e-05	True
chr21	43559908	43560291	6	0.8673	0.99	0.1226	98.9454	7.015e-06	3.478e-05	True
chr21	43573911	43573971	7	0.9274	0.8257	-0.1017	20.472	0.00753	0.008141	True
chr21	43578927	43579184	8	0.9191	0.7889	-0.1301	18.6629	0.004132	0.004762	True
chr21	43584089	43584557	6	0.8376	0.966	0.1284	24.9651	0.001609	0.002124	True
chr21	43586223	43586360	6	0.9596	0.8603	-0.0993	44.128	0.001381	0.001874	True
chr21	43591364	43591451	5	0.8191	0.3429	-0.4763	23.6935	0.000435	0.0007508	True
chr21	43610103	43610204	5	0.8894	0.6792	-0.2101	17.5453	0.005032	0.00567	True
chr21	43637473	43637596	5	0.9397	0.8184	-0.1213	28.5571	0.004839	0.005473	True
chr21	43641973	43642203	5	0.8168	0.6414	-0.1754	22.8933	0.004593	0.005228	True
chr21	43649918	43650185	7	0.8016	0.9572	0.1556	15.1439	0.001222	0.001694	True
chr21	43650449	43650901	12	0.3455	0.5857	0.2402	15.9167	4.103e-05	0.0001297	True
chr21	43671075	43671216	5	0.8748	0.983	0.1083	171.8971	8.102e-05	0.000216	True
chr21	43671918	43672164	7	0.9538	0.8584	-0.0954	17.3494	0.01101	0.01157	True
chr21	43674395	43674741	8	0.8993	0.7007	-0.1986	15.4751	0.001074	0.00153	True
chr21	43675310	43675443	5	0.9159	0.8047	-0.1112	16.2965	0.02912	0.02937	True
chr21	43680450	43680963	6	0.9436	0.742	-0.2017	23.1602	0.002177	0.002744	True
chr21	43681182	43681283	6	0.8407	0.6123	-0.2284	18.3135	0.001477	0.001975	True
chr21	43695925	43696052	6	0.9522	0.852	-0.1002	44.0613	0.0004824	0.0008138	True
chr21	43705876	43706488	11	0.8401	0.9583	0.1182	16.5898	0.0005448	0.000894	True
chr21	43708256	43708421	8	0.9285	0.7217	-0.2068	26.0353	6.041e-05	0.0001735	True
chr21	43715786	43715952	5	0.8374	0.5152	-0.3222	28.0744	0.0003678	0.0006677	True
chr21	43716583	43716647	6	0.9079	0.7561	-0.1518	35.5849	0.001807	0.002336	True
chr21	43722761	43722896	5	0.9111	0.747	-0.1641	15.4768	0.01191	0.01244	True
chr21	43723271	43723490	5	0.7529	0.4474	-0.3055	19.46	0.001489	0.001986	True
chr21	43725932	43725954	5	0.8777	0.9813	0.1036	22.2833	0.002896	0.003502	True
chr21	43730748	43731037	8	0.913	0.8105	-0.1025	23.218	0.003562	0.004162	True
chr21	43733789	43733848	5	0.2622	0.0972	-0.165	50.5747	0.0003388	0.0006264	True
chr21	43734321	43734478	6	0.4967	0.8745	0.3778	40.8868	0.0001589	0.0003537	True
chr21	43740142	43740294	5	0.317	0.4278	0.1109	21.5671	0.01844	0.01881	True
chr21	43767765	43767964	12	0.9207	0.8141	-0.1066	25.8025	0.0001408	0.0003218	True
chr21	43782398	43782516	5	0.9115	0.7343	-0.1772	37.5362	0.0006086	0.0009761	True
chr21	43796621	43796764	13	0.2793	0.4297	0.1504	53.5162	3.874e-08	5.327e-07	True
chr21	43796951	43797045	6	0.6949	0.2688	-0.4261	19.7466	0.0001763	0.0003813	True
chr21	43807702	43808113	6	0.8745	0.7625	-0.112	24.0603	0.006207	0.006854	True
chr21	43816059	43816190	7	0.6617	0.4774	-0.1843	31.3871	0.0002278	0.000466	True
chr21	43817238	43817727	11	0.8415	0.9617	0.1202	24.7634	4.572e-05	0.0001406	True
chr21	43821991	43822576	5	0.7184	0.9714	0.253	33.5937	0.0003145	0.0005932	True
chr21	43823288	43823809	11	0.8312	0.663	-0.1682	17.3479	0.0002283	0.0004666	True
chr21	43823863	43824109	6	0.8578	0.7022	-0.1556	23.058	0.002512	0.003091	True
chr21	43833408	43833872	9	0.8547	0.9779	0.1233	33.7265	1.591e-05	6.329e-05	True
chr21	43835058	43835236	7	0.8017	0.8969	0.0951	16.9373	0.01542	0.01585	True
chr21	43837403	43837842	5	0.6363	0.9015	0.2652	17.0762	0.005502	0.00614	True
chr21	43838478	43838614	7	0.7746	0.9431	0.1685	17.673	0.003007	0.003613	True
chr21	43839761	43840022	6	0.6722	0.985	0.3128	27.813	3.703e-06	2.168e-05	True
chr21	43863506	43863804	5	0.8633	0.9738	0.1104	43.5173	0.002386	0.002963	True
chr21	43864173	43864276	5	0.9221	0.8204	-0.1016	44.2767	0.004753	0.005386	True
chr21	43867059	43867311	6	0.6519	0.4862	-0.1658	17.3282	0.006705	0.007334	True
chr21	43885341	43885651	5	0.7274	0.5671	-0.1604	37.6293	0.001392	0.001884	True
chr21	43901917	43902072	6	0.8807	0.9708	0.0901	15.596	0.01316	0.01367	True
chr21	43933378	43933426	5	0.8152	0.9383	0.123	35.1828	0.003974	0.004594	True
chr21	43933694	43933720	6	0.0436	0.1687	0.1251	18.1573	0.00957	0.01014	True
chr21	43939073	43939483	7	0.8741	0.982	0.1079	35.697	0.000124	0.0002932	True
chr21	43940361	43940725	6	0.6429	0.951	0.3082	47.5958	7.345e-05	0.0002013	True
chr21	43951347	43951427	5	0.7406	0.8888	0.1482	19.7364	0.007006	0.007632	True
chr21	43954405	43954613	7	0.7198	0.9547	0.2348	45.4643	4.413e-05	0.0001369	True
chr21	43963949	43964328	6	0.8414	0.9824	0.141	38.6416	0.0001111	0.0002689	True
chr21	43966083	43966339	5	0.8478	0.5534	-0.2944	36.0575	0.0001695	0.0003719	True
chr21	43966546	43966661	5	0.8814	0.4995	-0.382	61.2016	2.39e-05	8.6e-05	True
chr21	43967116	43967216	5	0.5242	0.3977	-0.1265	21.1507	0.01405	0.01453	True
chr21	43977153	43977332	10	0.7197	0.9491	0.2295	30.4082	6.004e-06	3.041e-05	True
chr21	43981211	43981326	5	0.7973	0.9535	0.1562	16.2029	0.007206	0.007818	True
chr21	43988748	43988841	5	0.8468	0.9881	0.1414	111.9032	3.108e-05	0.0001045	True
chr21	44004554	44004643	6	0.9005	0.7584	-0.1421	37.408	0.0007639	0.001157	True
chr21	44010944	44011055	5	0.615	0.8408	0.2258	95.6274	3.797e-05	0.000122	True
chr21	44012365	44012534	11	0.4754	0.7952	0.3198	32.925	1.635e-07	1.775e-06	True
chr21	44017924	44018225	7	0.8526	0.9766	0.124	32.8377	0.0002458	0.0004928	True
chr21	44025899	44026269	6	0.9511	0.7888	-0.1623	45.0239	0.001557	0.002067	True
chr21	44036478	44036804	13	0.6629	0.0802	-0.5827	16.951	3.338e-08	4.718e-07	True
chr21	44036846	44036947	7	0.877	0.1366	-0.7404	37.5293	2.915e-05	0.0001001	True
chr21	44037758	44037895	7	0.8267	0.65	-0.1767	16.2445	0.003358	0.003957	True
chr21	44037946	44037986	5	0.9159	0.799	-0.117	16.383	0.02451	0.02484	True
chr21	44057398	44057494	5	0.8581	0.981	0.1229	34.8254	0.0008776	0.001291	True
chr21	44058147	44058324	6	0.8842	0.6286	-0.2556	49.2199	6.565e-05	0.0001856	True
chr21	44069919	44070054	5	0.9118	0.6152	-0.2966	15.5562	0.004259	0.004897	True
chr21	44070711	44071333	14	0.9112	0.7432	-0.168	17.2555	2.49e-05	8.871e-05	True
chr21	44077833	44077926	5	0.8332	0.941	0.1078	38.1214	0.002066	0.002623	True
chr21	44079009	44079261	5	0.8285	0.9318	0.1033	24.9183	0.01343	0.01394	True
chr21	44080053	44080173	7	0.5871	0.8233	0.2362	20.0422	0.001025	0.001469	True
chr21	44092368	44092529	5	0.1824	0.054	-0.1285	31.7416	0.007981	0.00858	True
chr21	44094163	44094486	7	0.7748	0.6352	-0.1395	16.6161	0.00633	0.006973	True
chr21	44102880	44103385	15	0.9396	0.7753	-0.1643	21.8176	1.472e-06	1.038e-05	True
chr21	44105122	44105238	6	0.8771	0.7079	-0.1692	19.6893	0.004589	0.005226	True
chr21	44118649	44118857	5	0.8029	0.9359	0.133	27.6424	0.01469	0.01517	True
chr21	44123792	44123974	6	0.9635	0.7727	-0.1908	39.9637	0.0002345	0.0004767	True
chr21	44126161	44126304	5	0.918	0.6935	-0.2245	34.2932	0.0006846	0.001062	True
chr21	44141479	44141855	5	0.2103	0.0248	-0.1855	94.6639	0.0001365	0.000315	True
chr21	44151707	44151969	10	0.2168	0.0756	-0.1411	49.7026	4.167e-06	2.341e-05	True
chr21	44162464	44163463	15	0.8949	0.606	-0.2889	15.0208	5.405e-07	4.72e-06	True
chr21	44166888	44166938	5	0.896	0.6086	-0.2874	30.0813	0.0002048	0.0004266	True
chr21	44173533	44173700	6	0.884	0.974	0.0901	16.2502	0.005748	0.006383	True
chr21	44174066	44174200	8	0.9506	0.8167	-0.134	32.3479	0.0004184	0.0007322	True
chr21	44188475	44188770	8	0.9631	0.7922	-0.1709	27.6764	8.373e-05	0.0002205	True
chr21	44195911	44196135	5	0.88	0.6993	-0.1807	16.7771	0.006203	0.006852	True
chr21	44198169	44198236	6	0.7901	0.9346	0.1445	31.5277	0.005547	0.006186	True
chr21	44201266	44201648	28	0.2506	0.0439	-0.2067	48.8249	2.186e-17	1.846e-15	True
chr21	44205593	44205926	6	0.9013	0.7643	-0.1369	16.2478	0.01119	0.01174	True
chr21	44227542	44228225	6	0.9508	0.6866	-0.2642	22.8439	0.0005549	0.0009081	True
chr21	44230088	44230180	5	0.7907	0.8988	0.1081	23.0867	0.01163	0.01217	True
chr21	44258195	44258288	9	0.9293	0.8216	-0.1077	41.1276	0.0001267	0.0002983	True
chr21	44263131	44263323	8	0.8921	0.9771	0.085	17.4968	0.001351	0.001844	True
chr21	44269187	44269230	5	0.9042	0.9902	0.086	60.2694	0.0006015	0.0009672	True
chr21	44269406	44269559	6	0.5902	0.9319	0.3417	31.4586	0.0002399	0.0004828	True
chr21	44274831	44275138	5	0.8833	0.9749	0.0916	20.1164	0.007614	0.008225	True
chr21	44276266	44276415	7	0.8464	0.9809	0.1345	26.325	8.208e-05	0.000218	True
chr21	44293549	44293719	6	0.9297	0.8131	-0.1166	35.3456	0.001292	0.001779	True
chr21	44295291	44295387	5	0.8892	0.9921	0.103	97.7939	4.33e-05	0.0001347	True
chr21	44297365	44297892	10	0.6225	0.9478	0.3253	18.2791	2.436e-06	1.564e-05	True
chr21	44326891	44327299	7	0.7876	0.9668	0.1793	20.7198	0.0002577	0.0005112	True
chr21	44335736	44335931	5	0.7718	0.9735	0.2017	24.925	0.0006318	0.001003	True
chr21	44337191	44337373	5	0.8443	0.9705	0.1262	20.9711	0.006103	0.006747	True
chr21	44338432	44338667	5	0.9236	0.7879	-0.1357	19.5674	0.01102	0.01157	True
chr21	44360018	44360196	6	0.696	0.1544	-0.5416	22.7051	0.0003014	0.0005742	True
chr21	44375872	44375910	6	0.2655	0.8921	0.6266	35.12	8.122e-05	0.0002161	True
chr21	44376441	44376532	5	0.3683	0.7383	0.37	18.7385	0.001817	0.002346	True
chr21	44377687	44377901	5	0.8852	0.7538	-0.1315	15.5118	0.02394	0.02427	True
chr21	44382598	44383100	6	0.9326	0.646	-0.2866	15.9975	0.001111	0.001574	True
chr21	44411466	44411663	5	0.8003	0.9831	0.1828	18.9747	0.0002386	0.000482	True
chr21	44451227	44451599	12	0.8559	0.6511	-0.2048	15.6743	8.671e-05	0.0002262	True
chr21	44452620	44453271	5	0.8251	0.9727	0.1476	22.989	0.001475	0.001974	True
chr21	44457035	44457211	7	0.9213	0.7959	-0.1254	16.7783	0.004752	0.005386	True
chr21	44467744	44468246	11	0.8733	0.9775	0.1042	33.3617	8.352e-06	3.975e-05	True
chr21	44478311	44478417	6	0.9373	0.8349	-0.1024	36.7407	0.001536	0.002043	True
chr21	44479481	44479962	11	0.9196	0.7525	-0.167	20.3765	0.0001776	0.0003832	True
chr21	44486399	44486452	7	0.979	0.8868	-0.0922	16.994	0.001016	0.001459	True
chr21	44488920	44489383	9	0.9185	0.7559	-0.1626	31.6197	5.081e-05	0.0001527	True
chr21	44491478	44491949	9	0.836	0.9653	0.1293	19.4455	0.0002743	0.0005355	True
chr21	44494512	44494592	6	0.741	0.8867	0.1457	38.6066	0.0007511	0.001143	True
chr21	44494876	44495021	19	0.2601	0.0558	-0.2043	20.3911	8.623e-09	1.456e-07	True
chr21	44495073	44495106	5	0.1157	0.0234	-0.0923	42.7696	0.001233	0.001704	True
chr21	44496418	44496457	5	0.0927	0.011	-0.0817	34.7411	0.001213	0.001684	True
chr21	44512577	44512675	6	0.9231	0.793	-0.1302	21.2924	0.006005	0.006646	True
chr21	44528038	44528075	5	0.0159	0.1164	0.1005	50.0725	0.001212	0.001684	True
chr21	44528423	44528537	10	0.2243	0.0822	-0.1421	41.0038	1.467e-05	5.994e-05	True
chr21	44557504	44557941	5	0.6721	0.949	0.2769	21.8783	0.001324	0.001816	True
chr21	44566791	44566987	8	0.7908	0.5672	-0.2235	17.9328	0.0004304	0.0007459	True
chr21	44570534	44570632	5	0.8602	0.9864	0.1262	50.9744	0.0002681	0.0005259	True
chr21	44579758	44579907	12	0.8804	0.5785	-0.3018	20.8259	1.147e-06	8.517e-06	True
chr21	44582345	44582528	7	0.8489	0.6479	-0.201	18.7762	0.0006829	0.001059	True
chr21	44590812	44590886	6	0.9216	0.8226	-0.099	20.0274	0.009351	0.009923	True
chr21	44591939	44592050	5	0.8121	0.6411	-0.171	21.3943	0.004144	0.004774	True
chr21	44602308	44602536	8	0.962	0.8079	-0.1542	42.7392	6.806e-05	0.0001896	True
chr21	44612567	44613105	9	0.8771	0.7207	-0.1564	21.9338	0.0004414	0.0007583	True
chr21	44626257	44626435	5	0.9155	0.7917	-0.1238	24.4726	0.009227	0.009801	True
chr21	44628110	44628298	5	0.7916	0.9418	0.1502	18.6393	0.01756	0.01795	True
chr21	44631472	44631829	15	0.6836	0.4921	-0.1915	17.0872	1.42e-05	5.848e-05	True
chr21	44690226	44690467	11	0.8366	0.5245	-0.3122	30.3527	9.49e-08	1.135e-06	True
chr21	44690690	44691289	23	0.832	0.6273	-0.2047	15.8463	7.68e-07	6.191e-06	True
chr21	44693092	44693191	6	0.8412	0.9721	0.131	20.1029	0.001882	0.002418	True
chr21	44699038	44699104	6	0.6498	0.852	0.2022	24.8148	0.001343	0.001837	True
chr21	44710950	44711035	9	0.9135	0.7822	-0.1313	18.3806	0.003051	0.003656	True
chr21	44714154	44714383	7	0.8573	0.5204	-0.3368	21.4765	0.0004243	0.0007389	True
chr21	44716827	44717127	7	0.9012	0.9913	0.0901	43.7087	1.756e-05	6.843e-05	True
chr21	44739501	44739619	7	0.792	0.5628	-0.2292	18.1199	0.0007989	0.001198	True
chr21	44748091	44748437	6	0.9307	0.8382	-0.0925	16.2204	0.03626	0.03638	True
chr21	44760681	44760860	10	0.8569	0.5536	-0.3033	36.6019	8.663e-08	1.066e-06	True
chr21	44761296	44761659	12	0.8749	0.743	-0.1319	22.2185	6.616e-05	0.0001859	True
chr21	44762960	44763222	12	0.2099	0.4098	0.1999	24.739	7.349e-06	3.612e-05	True
chr21	44765255	44765450	7	0.9587	0.8384	-0.1203	16.9556	0.002861	0.003464	True
chr21	44766045	44766129	6	0.8661	0.6913	-0.1747	19.4982	0.004813	0.005446	True
chr21	44772158	44772265	5	0.6851	0.933	0.2479	16.5196	0.005256	0.005892	True
chr21	44773765	44774709	23	0.8492	0.5401	-0.3091	15.5457	3.865e-09	6.951e-08	True
chr21	44784724	44784919	7	0.9196	0.7549	-0.1647	24.0752	0.0007895	0.001188	True
chr21	44789027	44789183	6	0.719	0.5451	-0.1739	15.4734	0.007674	0.008282	True
chr21	44789832	44789904	5	0.8191	0.6204	-0.1986	50.9911	0.0001806	0.0003882	True
chr21	44790222	44790380	6	0.844	0.7365	-0.1075	19.1552	0.01713	0.01753	True
chr21	44816571	44817256	30	0.9317	0.742	-0.1897	23.068	1.661e-12	7.648e-11	True
chr21	44821392	44821581	9	0.8722	0.7722	-0.0999	17.0972	0.006714	0.007342	True
chr21	44826224	44826880	6	0.9047	0.9816	0.0769	17.8696	0.004917	0.005551	True
chr21	44836269	44836369	10	0.8263	0.4765	-0.3499	17.5065	4.732e-05	0.0001445	True
chr21	44836756	44837027	20	0.9347	0.8456	-0.0891	17.7467	2.288e-05	8.327e-05	True
chr21	44837035	44837104	9	0.9394	0.7871	-0.1524	29.0792	9.911e-05	0.0002485	True
chr21	44840024	44840386	24	0.932	0.749	-0.183	27.2705	9.375e-12	3.352e-10	True
chr21	44840558	44840882	12	0.938	0.7656	-0.1724	18.6403	1.59e-05	6.329e-05	True
chr21	44847488	44848360	71	0.5512	0.0644	-0.4868	28.1652	3.798e-44	2.309e-41	True
chr21	44852099	44852264	5	0.8758	0.9854	0.1096	37.7637	0.0005581	0.0009119	True
chr21	44864383	44864600	22	0.8256	0.689	-0.1366	24.1536	3.763e-07	3.508e-06	True
chr21	44865637	44865973	13	0.8774	0.6558	-0.2216	28.9357	1.288e-06	9.319e-06	True
chr21	44866079	44866205	7	0.5855	0.4195	-0.166	19.5404	0.002318	0.002895	True
chr21	44871702	44872321	30	0.85	0.597	-0.2529	17.6072	2.668e-11	8.446e-10	True
chr21	44873421	44873542	5	0.8456	0.974	0.1284	38.8778	0.00152	0.002025	True
chr21	44876485	44876962	27	0.4598	0.2086	-0.2512	26.0009	1.149e-09	2.567e-08	True
chr21	44889994	44890264	10	0.9262	0.8201	-0.1061	17.8178	0.002925	0.003528	True
chr21	44891492	44891541	5	0.8539	0.6684	-0.1855	20.9638	0.006589	0.007221	True
chr21	44896775	44897318	15	0.9302	0.8187	-0.1115	18.0367	0.000226	0.0004633	True
chr21	44898589	44898768	6	0.9317	0.836	-0.0956	17.7973	0.007426	0.00804	True
chr21	44899465	44899645	8	0.8902	0.7725	-0.1177	42.3147	0.0002546	0.000506	True
chr21	44910700	44911136	7	0.8212	0.9624	0.1412	16.7251	0.002097	0.002656	True
chr21	44928544	44928689	6	0.8752	0.9787	0.1035	47.7431	0.0003526	0.0006463	True
chr21	44929766	44930053	7	0.8113	0.2888	-0.5225	25.1468	5.773e-06	2.944e-05	True
chr21	44937586	44938335	8	0.811	0.4095	-0.4015	17.6543	3.628e-05	0.0001187	True
chr21	44942155	44942691	6	0.869	0.7437	-0.1253	15.7529	0.017	0.0174	True
chr21	44946267	44946489	5	0.9012	0.7239	-0.1773	23.9064	0.002675	0.003268	True
chr21	44963263	44963431	5	0.9346	0.795	-0.1396	15.7232	0.01299	0.01351	True
chr21	44971693	44972350	12	0.8852	0.9714	0.0862	17.8585	0.0001499	0.0003388	True
chr21	44997333	44997930	6	0.882	0.9857	0.1037	29.721	0.0002904	0.0005604	True
chr21	45021022	45021165	6	0.8599	0.3028	-0.5571	27.5133	5.751e-05	0.0001677	True
chr21	45044795	45045722	6	0.9393	0.8015	-0.1378	23.4668	0.003787	0.004395	True
chr21	45059661	45060542	7	0.6468	0.9393	0.2925	26.9761	8.603e-05	0.0002248	True
chr21	45083053	45083258	5	0.8679	0.9879	0.1201	31.0093	0.0004097	0.0007193	True
chr21	45107534	45107607	5	0.8748	0.773	-0.1018	39.3866	0.003901	0.004519	True
chr21	45107871	45107986	7	0.9227	0.7845	-0.1382	28.8536	0.001726	0.002254	True
chr21	45110144	45110325	6	0.9609	0.8593	-0.1015	57.7921	0.0002019	0.0004227	True
chr21	45116375	45116634	8	0.8476	0.9737	0.1261	31.4864	0.0001113	0.0002689	True
chr21	45121869	45122066	6	0.7651	0.9224	0.1573	17.5527	0.009963	0.01051	True
chr21	45122124	45122240	5	0.7446	0.9347	0.1902	38.0428	0.002645	0.003241	True
chr21	45122749	45123514	28	0.7976	0.3603	-0.4372	19.2584	1.196e-13	6.61e-12	True
chr21	45129557	45129880	6	0.6696	0.9049	0.2353	19.186	0.002769	0.003367	True
chr21	45130433	45130745	5	0.939	0.8591	-0.0799	15.9533	0.04412	0.04415	True
chr21	45132317	45132409	5	0.1857	0.3402	0.1546	19.4073	0.008701	0.009281	True
chr21	45138252	45138371	8	0.7458	0.6078	-0.138	16.9096	0.00469	0.005334	True
chr21	45138708	45138730	7	0.0127	0.1016	0.0889	42.7007	0.0001078	0.000265	True
chr21	45141384	45142074	8	0.8579	0.676	-0.1819	18.5187	0.001456	0.001955	True
chr21	45143011	45143331	6	0.9609	0.7355	-0.2254	28.7773	0.0002949	0.0005665	True
chr21	45151292	45151522	5	0.8341	0.9658	0.1317	23.5953	0.003354	0.003954	True
chr21	45153658	45154124	19	0.7883	0.5404	-0.2478	18.6488	5.632e-08	7.314e-07	True
chr21	45161332	45161354	5	0.3823	0.1339	-0.2484	49.3486	5.962e-05	0.0001721	True
chr21	45181873	45181938	6	0.9709	0.8315	-0.1393	20.454	0.0009452	0.001374	True
chr21	45182349	45182617	5	0.8625	0.6619	-0.2007	18.6419	0.006799	0.007417	True
chr21	45186963	45187067	6	0.1932	0.0742	-0.1189	59.0279	0.0006114	0.000979	True
chr21	45187149	45187465	22	0.4788	0.8761	0.3973	20.6612	1.305e-10	3.574e-09	True
chr21	45193749	45194030	7	0.9362	0.7485	-0.1877	32.796	0.0002909	0.0005607	True
chr21	45206688	45206750	5	0.8666	0.9839	0.1173	57.7578	0.0007268	0.001113	True
chr21	45206912	45207010	6	0.8059	0.9572	0.1513	22.3003	0.002264	0.002838	True
chr21	45207108	45207270	10	0.8254	0.9712	0.1458	15.0679	5.282e-05	0.0001565	True
chr21	45214700	45214782	6	0.913	0.7749	-0.1381	21.4739	0.004476	0.005111	True
chr21	45216541	45216759	5	0.767	0.9363	0.1694	20.2176	0.007166	0.007779	True
chr21	45222372	45222490	5	0.9454	0.8415	-0.1039	45.5	0.001052	0.0015	True
chr21	45228833	45228890	5	0.6512	0.3031	-0.3481	15.3649	0.001955	0.002502	True
chr21	45249682	45249886	9	0.558	0.7465	0.1885	17.3469	0.0006626	0.001036	True
chr21	45250389	45250584	10	0.796	0.9421	0.1461	15.019	0.0006924	0.001069	True
chr21	45255112	45255187	6	0.8246	0.3831	-0.4415	29.8734	2.278e-05	8.309e-05	True
chr21	45265246	45265378	5	0.8403	0.9661	0.1259	20.1534	0.004776	0.00541	True
chr21	45269912	45270023	6	0.5157	0.7888	0.2731	22.4075	0.000383	0.0006866	True
chr21	45274460	45274555	5	0.9556	0.7607	-0.1949	48.0573	0.0003414	0.0006292	True
chr21	45275186	45275321	5	0.7145	0.158	-0.5566	17.4185	0.001373	0.001869	True
chr21	45276176	45276605	8	0.9577	0.8272	-0.1306	33.1967	0.0002992	0.0005711	True
chr21	45281802	45281926	5	0.7194	0.9059	0.1865	21.4187	0.01481	0.01527	True
chr21	45293192	45293267	5	0.9246	0.8213	-0.1032	52.5784	0.0009922	0.001433	True
chr21	45320594	45320788	6	0.7541	0.8945	0.1404	20.0651	0.006348	0.006987	True
chr21	45328344	45328622	5	0.9382	0.8001	-0.138	17.0882	0.01792	0.0183	True
chr21	45336673	45337594	38	0.7821	0.3882	-0.3939	19.4984	1.784e-17	1.549e-15	True
chr21	45346510	45346766	5	0.8437	0.9754	0.1317	26.7519	0.002306	0.002884	True
chr21	45347823	45348067	14	0.6843	0.8794	0.1951	41.7604	2.032e-08	3.042e-07	True
chr21	45348981	45349316	16	0.2215	0.3502	0.1287	16.3188	0.0001231	0.0002916	True
chr21	45356136	45356441	12	0.7067	0.4275	-0.2792	15.6372	2.205e-05	8.113e-05	True
chr21	45356472	45356746	12	0.8631	0.5745	-0.2886	25.4101	3.583e-07	3.37e-06	True
chr21	45358464	45358604	5	0.855	0.9829	0.1279	59.7255	0.0003704	0.0006712	True
chr21	45364781	45365168	14	0.8702	0.6264	-0.2437	18.5628	1.47e-06	1.038e-05	True
chr21	45373309	45374065	7	0.8812	0.9774	0.0961	26.9069	0.002332	0.002906	True
chr21	45377370	45377441	6	0.5183	0.8419	0.3236	17.6402	0.003794	0.004403	True
chr21	45377824	45378279	7	0.8769	0.7245	-0.1523	39.6659	0.0002252	0.000463	True
chr21	45381299	45381380	5	0.8909	0.9901	0.0993	70.3916	0.0001752	0.0003797	True
chr21	45383987	45384227	5	0.9366	0.8332	-0.1034	20.5295	0.008864	0.009441	True
chr21	45386702	45386785	5	0.8143	0.9182	0.1039	20.3688	0.0236	0.02393	True
chr21	45386868	45386968	5	0.8755	0.7394	-0.1361	25.5426	0.006515	0.007161	True
chr21	45390842	45391141	5	0.9511	0.686	-0.2651	19.5977	0.001378	0.001872	True
chr21	45393161	45393302	5	0.6939	0.4058	-0.2881	30.4115	0.0003902	0.000695	True
chr21	45397327	45397422	6	0.3591	0.7234	0.3643	44.117	9.096e-06	4.233e-05	True
chr21	45404411	45404826	6	0.9744	0.8825	-0.092	45.2098	0.0007386	0.001128	True
chr21	45407019	45407285	8	0.7683	0.3412	-0.4271	16.8336	4.115e-05	0.0001299	True
chr21	45432281	45432304	5	0.0123	0.1152	0.1029	78.4912	0.0002755	0.0005368	True
chr21	45438926	45439173	6	0.9573	0.7148	-0.2425	26.0597	0.0003028	0.0005758	True
chr21	45458134	45458198	6	0.8506	0.9863	0.1358	71.1234	2.81e-05	9.728e-05	True
chr21	45458272	45458506	9	0.9121	0.6548	-0.2572	16.0436	0.000201	0.0004212	True
chr21	45469041	45469130	6	0.8127	0.9424	0.1298	46.7964	0.002436	0.003016	True
chr21	45471107	45471684	12	0.8171	0.5976	-0.2195	21.6504	9.642e-06	4.413e-05	True
chr21	45483232	45483616	12	0.8287	0.9336	0.1048	17.5268	0.001802	0.002331	True
chr21	45487043	45487083	6	0.6567	0.7905	0.1338	49.175	0.0002643	0.0005212	True
chr21	45502894	45503120	8	0.9052	0.5911	-0.3141	15.5276	0.0002107	0.0004371	True
chr21	45509755	45509825	5	0.9446	0.8584	-0.0862	26.5847	0.01624	0.01666	True
chr21	45518275	45518627	7	0.8616	0.9832	0.1216	36.8481	6.365e-05	0.0001811	True
chr21	45523639	45523733	7	0.9194	0.8126	-0.1067	17.8219	0.008612	0.009199	True
chr21	45528046	45528229	5	0.2697	0.3844	0.1147	20.3972	0.01962	0.01997	True
chr21	45531141	45531434	5	0.8032	0.9513	0.1481	41.1916	0.002825	0.003424	True
chr21	45543793	45543918	5	0.7995	0.9733	0.1738	21.601	0.001025	0.001469	True
chr21	45556882	45557071	7	0.7803	0.9568	0.1765	17.9738	0.0008364	0.001242	True
chr21	45558196	45558260	6	0.17	0.3635	0.1935	34.2681	0.0003166	0.0005957	True
chr21	45560847	45560965	10	0.8008	0.9286	0.1278	20.3637	0.0003038	0.0005771	True
chr21	45565527	45565670	5	0.5795	0.8056	0.2261	20.5012	0.003317	0.00392	True
chr21	45566131	45567088	32	0.3887	0.7871	0.3984	17.805	5.29e-14	3.091e-12	True
chr21	45577689	45577870	12	0.8412	0.6753	-0.1659	22.6785	0.0001564	0.0003503	True
chr21	45579466	45579564	5	0.814	0.7081	-0.1058	21.1679	0.01811	0.01849	True
chr21	45580552	45580849	11	0.7867	0.5283	-0.2585	15.8794	6.279e-05	0.0001793	True
chr21	45581506	45581588	6	0.6645	0.8505	0.186	18.0255	0.002843	0.003445	True
chr21	45581608	45581646	5	0.9121	0.8098	-0.1023	24.9677	0.01733	0.01772	True
chr21	45585667	45585868	6	0.752	0.4455	-0.3065	15.0258	0.001358	0.001851	True
chr21	45586148	45586549	17	0.845	0.6161	-0.2289	15.2209	2.348e-06	1.518e-05	True
chr21	45586693	45586913	12	0.8587	0.6595	-0.1992	15.4575	0.0001369	0.0003155	True
chr21	45587330	45587529	10	0.8729	0.7063	-0.1666	15.5784	0.0007751	0.001172	True
chr21	45587567	45587824	6	0.822	0.9725	0.1505	60.2772	0.0001658	0.0003661	True
chr21	45592921	45592989	6	0.1142	0.2328	0.1186	17.7909	0.01386	0.01434	True
chr21	45597391	45597614	7	0.8961	0.7639	-0.1321	26.6134	0.001024	0.001469	True
chr21	45602118	45602305	6	0.8339	0.5363	-0.2975	46.3782	1.4e-05	5.805e-05	True
chr21	45619010	45619397	5	0.8538	0.9845	0.1307	32.2306	0.0006272	0.0009976	True
chr21	45619810	45619942	6	0.9351	0.8093	-0.1259	15.8566	0.008887	0.009463	True
chr21	45622268	45622373	8	0.9622	0.8776	-0.0846	22.1159	0.004964	0.005601	True
chr21	45625360	45625514	6	0.9407	0.7733	-0.1674	22.7276	0.002328	0.002904	True
chr21	45627281	45627418	8	0.816	0.6876	-0.1284	21.5931	0.001575	0.002085	True
chr21	45636955	45637356	8	0.9517	0.8367	-0.115	21.4248	0.001628	0.002146	True
chr21	45646523	45646865	6	0.8929	0.7587	-0.1342	17.2638	0.01505	0.01551	True
chr21	45653073	45653348	5	0.9753	0.8724	-0.1028	27.2965	0.003737	0.004341	True
chr21	45655347	45655428	6	0.8843	0.7482	-0.136	19.1485	0.005931	0.006569	True
chr21	45656930	45657062	8	0.9086	0.7732	-0.1354	15.0779	0.002781	0.003381	True
chr21	45662489	45662534	5	0.0038	0.1104	0.1066	414.1907	2.506e-07	2.473e-06	True
chr21	45663196	45663529	10	0.5133	0.7768	0.2635	17.8261	6.126e-05	0.0001756	True
chr21	45675526	45675753	9	0.9411	0.8456	-0.0954	22.6772	0.003025	0.003631	True
chr21	45675847	45676016	5	0.9106	0.7941	-0.1165	18.936	0.01611	0.01652	True
chr21	45681827	45681858	6	0.5292	0.8361	0.3069	28.0901	0.0001648	0.0003646	True
chr21	45702706	45702871	6	0.8187	0.9745	0.1558	25.1152	0.0004704	0.0007968	True
chr21	45703243	45703698	5	0.6665	0.8887	0.2223	21.6324	0.003323	0.003926	True
chr21	45703824	45704073	7	0.7818	0.9004	0.1186	24.3392	0.003558	0.004159	True
chr21	45711273	45711524	5	0.7544	0.8682	0.1138	26.436	0.01415	0.01463	True
chr21	45713371	45713479	6	0.7655	0.9121	0.1466	21.0297	0.003499	0.004109	True
chr21	45713607	45713654	7	0.6274	0.9018	0.2744	27.0543	6.577e-05	0.0001857	True
chr21	45714317	45714492	6	0.7398	0.9031	0.1633	18.0283	0.01157	0.01211	True
chr21	45714897	45714980	5	0.7482	0.5717	-0.1766	16.8477	0.01222	0.01275	True
chr21	45719229	45719373	7	0.1425	0.0305	-0.112	24.9254	0.001117	0.001579	True
chr21	45736062	45736145	6	0.9231	0.7785	-0.1446	39.7061	0.0005401	0.0008867	True
chr21	45739973	45740215	9	0.9385	0.8337	-0.1049	16.5866	0.004155	0.004783	True
chr21	45749434	45749714	9	0.6804	0.9118	0.2315	23.2358	9.804e-05	0.000247	True
chr21	45749993	45750065	6	0.8018	0.9334	0.1315	19.3324	0.009859	0.01041	True
chr21	45769851	45769923	8	0.1682	0.0455	-0.1227	36.1074	0.0004253	0.0007398	True
chr21	45770279	45770341	10	0.1464	0.0097	-0.1366	39.0545	3.206e-08	4.571e-07	True
chr21	45770615	45770850	27	0.285	0.1128	-0.1722	23.1775	2.891e-09	5.424e-08	True
chr21	45778455	45778734	10	0.7797	0.9444	0.1648	15.7574	0.0005142	0.0008535	True
chr21	45780669	45780821	6	0.7899	0.9713	0.1814	21.2782	0.0007346	0.001124	True
chr21	45780937	45781081	5	0.7977	0.9807	0.1831	23.4497	0.00043	0.0007459	True
chr21	45791392	45791435	5	0.785	0.9682	0.1832	28.9725	0.000781	0.001179	True
chr21	45791608	45792114	6	0.728	0.9603	0.2322	17.6752	0.0007106	0.001092	True
chr21	45795642	45795730	6	0.7673	0.9066	0.1393	25.1685	0.00262	0.003213	True
chr21	45795873	45796318	15	0.744	0.9244	0.1805	16.9436	2.475e-05	8.84e-05	True
chr21	45796487	45796616	5	0.8406	0.9726	0.132	38.2715	0.001378	0.001872	True
chr21	45797547	45797649	7	0.4184	0.5385	0.1201	22.9616	0.004408	0.005041	True
chr21	45798560	45798830	8	0.8542	0.9686	0.1143	39.1363	0.000202	0.0004227	True
chr21	45798945	45799049	5	0.8511	0.9571	0.1059	23.2427	0.009728	0.01029	True
chr21	45799591	45799913	6	0.7679	0.892	0.1241	21.3537	0.01678	0.01719	True
chr21	45800444	45800610	8	0.7359	0.3794	-0.3565	19.5012	5.759e-05	0.0001678	True
chr21	45808890	45809676	7	0.5586	0.9354	0.3768	16.4706	0.0001608	0.0003574	True
chr21	45810001	45810508	6	0.7657	0.9824	0.2168	118.4606	1.914e-06	1.281e-05	True
chr21	45810660	45810860	6	0.8411	0.962	0.1209	18.8847	0.004294	0.004928	True
chr21	45811232	45811432	14	0.689	0.3734	-0.3156	25.4504	2.811e-08	4.107e-07	True
chr21	45818793	45818938	5	0.7007	0.8822	0.1815	19.7115	0.006492	0.007141	True
chr21	45841179	45841745	5	0.7721	0.9414	0.1693	26.343	0.001987	0.002532	True
chr21	45845434	45845620	15	0.5361	0.8207	0.2845	19.2346	5.116e-07	4.493e-06	True
chr21	45847202	45847318	6	0.9074	0.7192	-0.1881	17.0693	0.007155	0.007771	True
chr21	45847687	45847828	7	0.7126	0.8113	0.0987	63.7784	0.0001469	0.0003342	True
chr21	45858574	45858627	6	0.5685	0.181	-0.3875	35.1715	1.955e-05	7.416e-05	True
chr21	45858746	45858859	9	0.5272	0.3528	-0.1744	16.8942	0.002509	0.003089	True
chr21	45864355	45864394	5	0.9135	0.7815	-0.132	18.8921	0.009743	0.0103	True
chr21	45870040	45870117	5	0.6123	0.4127	-0.1996	16.3041	0.008842	0.009425	True
chr21	45889169	45889276	5	0.9673	0.8446	-0.1227	48.8579	0.001649	0.002168	True
chr21	45894287	45894511	8	0.8355	0.9757	0.1402	18.6004	9.553e-05	0.0002423	True
chr21	45895747	45896682	12	0.8449	0.9619	0.117	18.6709	0.0002603	0.0005153	True
chr21	45904459	45904637	5	0.8099	0.9483	0.1383	19.2753	0.009597	0.01017	True
chr21	45904685	45904712	6	0.612	0.9593	0.3473	44.575	3.256e-05	0.0001085	True
chr21	45905539	45905609	8	0.9002	0.6674	-0.2328	16.6949	0.0001734	0.0003773	True
chr21	45908358	45908759	6	0.8502	0.9748	0.1246	34.8394	0.000742	0.001132	True
chr21	45913855	45914119	5	0.8048	0.9611	0.1563	39.6255	0.001472	0.001971	True
chr21	45915137	45915782	9	0.8124	0.93	0.1176	15.1533	0.007492	0.008108	True
chr21	45918266	45918405	8	0.8829	0.7451	-0.1378	16.6561	0.005877	0.006513	True
chr21	45919072	45919243	7	0.4012	0.5395	0.1383	15.0453	0.009772	0.01033	True
chr21	45919806	45919880	6	0.9633	0.8703	-0.0931	44.4217	0.001577	0.002086	True
chr21	45920091	45920173	7	0.6406	0.9233	0.2827	16.1613	0.0003682	0.0006677	True
chr21	45929463	45929654	6	0.2128	0.4049	0.1921	45.0692	0.0001006	0.0002511	True
chr21	45941415	45941548	5	0.8345	0.9414	0.1069	18.6225	0.009633	0.0102	True
chr21	45945862	45946104	5	0.8805	0.9773	0.0969	21.4912	0.004379	0.005022	True
chr21	45951802	45951944	7	0.7342	0.4828	-0.2514	48.3475	4.127e-06	2.327e-05	True
chr21	45953275	45953945	34	0.6359	0.9016	0.2657	29.3062	1.6e-15	1.081e-13	True
chr21	45954293	45954452	6	0.7472	0.9579	0.2107	42.7531	0.0001042	0.0002581	True
chr21	45956080	45956194	6	0.8174	0.4489	-0.3685	25.4128	6.021e-05	0.0001733	True
chr21	45968408	45968533	5	0.2756	0.1353	-0.1403	17.417	0.01659	0.017	True
chr21	45972841	45972943	5	0.9327	0.8154	-0.1173	18.7337	0.01917	0.01952	True
chr21	45977436	45977554	7	0.6524	0.3712	-0.2811	16.3238	0.0007094	0.001091	True
chr21	45989182	45989211	6	0.8227	0.9504	0.1277	27.3721	0.002256	0.002831	True
chr21	45995472	45995753	9	0.8519	0.9778	0.1259	33.1607	3.662e-05	0.0001191	True
chr21	46002053	46002254	9	0.8481	0.9494	0.1013	18.6006	0.009363	0.009928	True
chr21	46002570	46002809	6	0.7016	0.9263	0.2248	20.937	0.001469	0.001968	True
chr21	46003344	46003790	6	0.2639	0.104	-0.1599	17.7108	0.004281	0.004917	True
chr21	46012422	46012654	9	0.3602	0.0527	-0.3075	29.0013	5.406e-06	2.813e-05	True
chr21	46022475	46022624	8	0.837	0.6855	-0.1515	22.5653	0.0006966	0.001074	True
chr21	46022645	46022856	5	0.7184	0.9741	0.2557	45.8786	0.0001093	0.0002668	True
chr21	46049203	46049543	6	0.7214	0.9196	0.1982	17.0347	0.003369	0.003968	True
chr21	46054983	46055597	6	0.7815	0.9589	0.1775	17.9214	0.001871	0.002406	True
chr21	46057640	46057694	5	0.5614	0.7505	0.1891	17.2291	0.01227	0.01279	True
chr21	46060562	46061580	11	0.6777	0.9518	0.2741	21.8802	3.079e-07	2.96e-06	True
chr21	46063422	46063774	6	0.2605	0.6231	0.3626	15.9761	0.0007589	0.001153	True
chr21	46066605	46066942	6	0.4924	0.89	0.3976	18.1622	0.0004936	0.0008255	True
chr21	46072179	46072341	7	0.9555	0.8497	-0.1058	15.8494	0.005456	0.006091	True
chr21	46100620	46101132	6	0.7985	0.9816	0.1831	45.0978	2.521e-05	8.96e-05	True
chr21	46102806	46102984	6	0.7764	0.9049	0.1286	17.3907	0.007506	0.008118	True
chr21	46122170	46122209	5	0.8839	0.5813	-0.3026	17.3063	0.001798	0.00233	True
chr21	46125978	46126377	30	0.6439	0.1112	-0.5328	22.553	1.591e-16	1.179e-14	True
chr21	46126429	46127165	47	0.5045	0.133	-0.3715	17.733	3.855e-20	4.04e-18	True
chr21	46127328	46127373	5	0.2129	0.0573	-0.1557	17.9313	0.008415	0.009001	True
chr21	46127558	46127910	10	0.2777	0.0883	-0.1894	17.1767	0.0006082	0.000976	True
chr21	46127917	46128051	9	0.3195	0.0874	-0.2321	27.5134	0.0001158	0.0002781	True
chr21	46129319	46129471	7	0.2595	0.0317	-0.2278	45.4226	1.685e-05	6.661e-05	True
chr21	46129496	46129736	25	0.1686	0.0244	-0.1442	53.5851	2.844e-14	1.801e-12	True
chr21	46130447	46131668	53	0.4314	0.0622	-0.3692	16.7206	1.901e-25	3.04e-23	True
chr21	46142489	46143874	63	0.6665	0.1748	-0.4917	16.1447	1.109e-26	1.983e-24	True
chr21	46149217	46149313	5	0.8862	0.7065	-0.1797	22.3717	0.004004	0.004625	True
chr21	46170038	46170079	5	0.9391	0.8385	-0.1007	34.8173	0.004277	0.004914	True
chr21	46176315	46176455	6	0.7548	0.953	0.1982	19.3483	0.001482	0.00198	True
chr21	46179823	46179931	6	0.8903	0.9809	0.0906	29.5803	0.002365	0.002938	True
chr21	46187645	46187983	12	0.5661	0.8465	0.2804	36.5251	1.984e-07	2.065e-06	True
chr21	46199039	46199253	6	0.8982	0.9891	0.091	67.3363	0.0001375	0.0003166	True
chr21	46200108	46200325	6	0.675	0.4065	-0.2685	26.5132	0.0002857	0.0005527	True
chr21	46228997	46229271	5	0.8379	0.9625	0.1246	23.0024	0.006531	0.00717	True
chr21	46233927	46233974	5	0.9131	0.5503	-0.3628	39.3847	1.523e-05	6.146e-05	True
chr21	46237172	46237225	5	0.6104	0.4606	-0.1498	25.9485	0.00553	0.006169	True
chr21	46247090	46247469	6	0.7791	0.9699	0.1907	50.8136	0.0001714	0.0003751	True
chr21	46258829	46259188	7	0.9342	0.7681	-0.1661	19.9138	0.001256	0.001734	True
chr21	46260399	46260646	6	0.7645	0.9232	0.1587	17.7693	0.007087	0.007711	True
chr21	46263700	46263987	8	0.8485	0.6483	-0.2002	16.5717	0.0008119	0.001213	True
chr21	46265438	46265619	7	0.3393	0.0694	-0.2699	29.2115	0.0001645	0.0003642	True
chr21	46274379	46274663	11	0.8648	0.7252	-0.1396	18.6695	0.001043	0.00149	True
chr21	46279139	46279311	5	0.7884	0.9583	0.1699	31.2395	0.002735	0.00333	True
chr21	46281124	46281318	5	0.9604	0.8717	-0.0886	17.1799	0.03033	0.03051	True
chr21	46283182	46283257	5	0.9222	0.827	-0.0952	18.2568	0.03142	0.03155	True
chr21	46293315	46293350	6	0.0325	0.1367	0.1042	48.7056	0.0004587	0.0007813	True
chr21	46294106	46294131	5	0.2221	0.0457	-0.1764	17.0601	0.005182	0.005822	True
chr21	46309044	46309087	6	0.8665	0.5886	-0.2779	46.3394	3.175e-05	0.0001062	True
chr21	46320088	46320303	9	0.9424	0.8375	-0.1049	20.1816	0.001885	0.002421	True
chr21	46320651	46320762	6	0.9493	0.8136	-0.1357	29.8124	0.002908	0.003512	True
chr21	46322801	46322839	5	0.9134	0.8043	-0.1092	26.1696	0.01318	0.01369	True
chr21	46328015	46328136	11	0.7968	0.4594	-0.3374	39.2516	1.512e-08	2.344e-07	True
chr21	46345719	46345820	5	0.818	0.9392	0.1212	19.5937	0.04419	0.04421	True
chr21	46350465	46350548	5	0.6392	0.7605	0.1213	27.1456	0.007793	0.008392	True
chr21	46358702	46359211	12	0.337	0.6028	0.2658	21.7809	2.556e-06	1.618e-05	True
chr21	46363733	46363992	8	0.853	0.9715	0.1185	66.5364	3.3e-05	0.0001097	True
chr21	46366441	46366639	7	0.8532	0.9765	0.1233	43.0212	0.0001321	0.0003079	True
chr21	46368182	46368213	5	0.9898	0.8478	-0.142	84.8578	2.197e-05	8.097e-05	True
chr21	46369518	46369563	5	0.5212	0.7986	0.2774	19.7704	0.001757	0.002287	True
chr21	46390769	46390952	5	0.9398	0.8094	-0.1305	38.681	0.001215	0.001685	True
chr21	46391187	46391227	5	0.8933	0.7723	-0.121	16.6533	0.03777	0.03787	True
chr21	46398101	46398262	11	0.952	0.8361	-0.1159	16.7144	0.0004857	0.0008169	True
chr21	46407162	46407296	7	0.928	0.7949	-0.1331	20.7985	0.00352	0.004125	True
chr21	46408697	46408891	8	0.6023	0.7902	0.188	15.0383	0.001781	0.002314	True
chr21	46420844	46420873	5	0.9103	0.8038	-0.1064	27.4615	0.01162	0.01216	True
chr21	46421925	46422340	6	0.9142	0.8131	-0.1011	17.1713	0.01773	0.01811	True
chr21	46431934	46432102	10	0.8863	0.7286	-0.1577	17.2745	0.0006041	0.0009704	True
chr21	46432231	46432809	17	0.7276	0.27	-0.4576	43.0604	3.427e-13	1.803e-11	True
chr21	46437037	46437279	8	0.8779	0.7218	-0.1561	22.352	0.0007082	0.00109	True
chr21	46438469	46438502	7	0.0788	0.1762	0.0974	65.5936	5.988e-05	0.0001725	True
chr21	46438956	46439160	30	0.3465	0.0858	-0.2607	19.8225	8.404e-11	2.409e-09	True
chr21	46440215	46440385	5	0.8875	0.7798	-0.1077	17.4742	0.03163	0.03176	True
chr21	46443082	46443885	9	0.8649	0.9736	0.1087	15.305	0.0003274	0.0006119	True
chr21	46450759	46450841	5	0.9021	0.8131	-0.089	18.2074	0.04191	0.04198	True
chr21	46453089	46453148	7	0.519	0.7231	0.2041	15.7515	0.002678	0.00327	True
chr21	46453369	46453755	17	0.7427	0.3539	-0.3888	16.2716	1.246e-06	9.056e-06	True
chr21	46454122	46454607	14	0.6887	0.308	-0.3807	21.2961	3.574e-08	4.983e-07	True
chr21	46461273	46461736	18	0.7482	0.4629	-0.2854	15.4618	2.219e-07	2.263e-06	True
chr21	46467349	46467838	7	0.7486	0.9539	0.2053	18.4441	0.0003268	0.0006115	True
chr21	46475796	46476305	19	0.7961	0.471	-0.3252	17.5347	6.885e-09	1.175e-07	True
chr21	46479977	46480128	5	0.8247	0.9695	0.1447	24.2587	0.003391	0.003993	True
chr21	46490708	46491092	6	0.9599	0.8146	-0.1452	18.4489	0.002799	0.003398	True
chr21	46492489	46492555	6	0.9334	0.7656	-0.1678	19.2852	0.003208	0.003809	True
chr21	46493431	46493510	5	0.1535	0.3461	0.1926	15.445	0.02165	0.02198	True
chr21	46495777	46495923	6	0.4407	0.0827	-0.3581	20.0122	0.0006248	0.0009946	True
chr21	46508685	46508841	5	0.9639	0.8231	-0.1408	33.3753	0.003128	0.003725	True
chr21	46517242	46517459	5	0.9472	0.8302	-0.1169	37.9278	0.001791	0.002323	True
chr21	46517972	46518388	11	0.9343	0.8183	-0.1159	30.931	3.693e-05	0.0001197	True
chr21	46522872	46523258	7	0.9067	0.7454	-0.1613	15.1599	0.004732	0.005366	True
chr21	46529781	46529905	6	0.8545	0.7353	-0.1192	51.9601	0.0003724	0.0006738	True
chr21	46531331	46531459	5	0.9573	0.749	-0.2083	39.2455	0.0004542	0.0007759	True
chr21	46541515	46541927	7	0.5438	0.8452	0.3014	16.1488	0.001956	0.002502	True
chr21	46550399	46550644	9	0.8011	0.4722	-0.3289	15.4922	0.0001179	0.0002818	True
chr21	46554263	46554335	5	0.9839	0.846	-0.1379	28.2541	0.0006593	0.001033	True
chr21	46562921	46563460	6	0.8804	0.9834	0.103	55.8547	0.0004574	0.0007804	True
chr21	46584089	46584350	8	0.8836	0.7775	-0.1061	19.9214	0.003223	0.003822	True
chr21	46588879	46589219	9	0.8418	0.6255	-0.2163	15.6174	0.0003364	0.0006242	True
chr21	46599053	46599545	7	0.9582	0.8503	-0.1079	32.0514	0.0002828	0.0005488	True
chr21	46620792	46620991	5	0.9176	0.8132	-0.1044	21.4834	0.01768	0.01807	True
chr21	46643069	46643280	6	0.8271	0.9631	0.136	27.2972	0.001477	0.001975	True
chr21	46645414	46645546	5	0.1621	0.4307	0.2686	26.9994	0.0006763	0.001051	True
chr21	46649745	46650161	5	0.9156	0.6434	-0.2722	20.2598	0.001016	0.001459	True
chr21	46667151	46667930	5	0.5632	0.9583	0.3951	15.6739	0.0003432	0.0006314	True
chr21	46670723	46671092	6	0.8493	0.9766	0.1273	28.4488	0.0009302	0.001356	True
chr21	46671454	46671665	5	0.8925	0.9765	0.084	19.4829	0.009614	0.01018	True
chr21	46672381	46672594	9	0.7973	0.9413	0.144	18.8495	0.0005887	0.0009492	True
chr21	46673756	46674033	13	0.7005	0.9388	0.2382	16.9171	3.486e-06	2.069e-05	True
chr21	46676736	46676863	6	0.7808	0.665	-0.1158	23.3756	0.006686	0.007319	True
chr21	46678639	46678729	6	0.7176	0.8823	0.1647	19.8908	0.004151	0.00478	True
chr21	46681939	46682050	6	0.8055	0.442	-0.3634	16.0418	0.0006148	0.0009829	True
chr21	46684618	46684758	6	0.9293	0.8312	-0.0982	15.6622	0.01609	0.01651	True
chr21	46686693	46686752	5	0.8972	0.7399	-0.1574	21.8298	0.008146	0.008732	True
chr21	46687576	46687709	5	0.8803	0.9817	0.1014	38.1469	0.002903	0.003508	True
chr21	46689979	46690050	5	0.8777	0.9637	0.086	25.1527	0.003915	0.004531	True
chr21	46696668	46696759	5	0.9318	0.685	-0.2468	22.4269	0.002051	0.002606	True
chr21	46699455	46699544	5	0.8479	0.608	-0.2399	20.1973	0.002403	0.002979	True
chr21	46708609	46708712	12	0.1643	0.325	0.1607	15.5636	0.0007268	0.001113	True
chr21	46714294	46714491	13	0.5943	0.3558	-0.2385	23.4356	3.129e-06	1.913e-05	True
chr21	46722119	46722162	5	0.739	0.5087	-0.2303	23.7845	0.001565	0.002077	True
chr21	46722792	46722872	6	0.7983	0.9163	0.118	23.7881	0.009719	0.01028	True
chr21	46723089	46723206	7	0.7668	0.8873	0.1205	31.3853	0.002153	0.002718	True
chr21	46725790	46726340	13	0.7559	0.9223	0.1665	15.5245	0.0001164	0.0002791	True
chr21	46731281	46731457	5	0.8036	0.9835	0.1799	70.1854	6.71e-05	0.0001873	True
chr21	46737475	46737778	6	0.7616	0.4787	-0.2828	23.0981	0.0005461	0.0008957	True
chr21	46737973	46738378	9	0.7975	0.9074	0.1099	15.0626	0.004812	0.005446	True
chr21	46739432	46739819	16	0.8238	0.723	-0.1008	27.1312	1.748e-05	6.829e-05	True
chr21	46739965	46740116	5	0.6813	0.4496	-0.2317	21.3894	0.002406	0.002983	True
chr21	46742994	46743115	6	0.3707	0.6861	0.3154	31.1024	8.306e-05	0.0002199	True
chr21	46745827	46745890	6	0.894	0.7944	-0.0996	46.4314	0.001122	0.001584	True
chr21	46748452	46748579	5	0.8504	0.9721	0.1218	43.8574	0.00192	0.00246	True
chr21	46748694	46748770	5	0.8288	0.9265	0.0977	19.6807	0.0112	0.01175	True
chr21	46749614	46749872	11	0.3962	0.5863	0.1902	15.8612	0.0003477	0.0006388	True
chr21	46749930	46750024	5	0.4212	0.6597	0.2385	42.6181	0.0001779	0.0003834	True
chr21	46753137	46753283	5	0.961	0.8258	-0.1353	28.9366	0.006614	0.007243	True
chr21	46755056	46755316	7	0.5432	0.9665	0.4232	37.0312	1.37e-06	9.796e-06	True
chr21	46757144	46757693	7	0.6746	0.8961	0.2215	17.8883	0.0005697	0.0009254	True
chr21	46764234	46764550	10	0.8497	0.9356	0.0859	23.5263	0.002257	0.002831	True
chr21	46775655	46776184	11	0.4601	0.8059	0.3459	16.1641	2.211e-05	8.116e-05	True
chr21	46777430	46777469	6	0.3676	0.1287	-0.2389	26.1337	0.005242	0.00588	True
chr21	46777581	46777645	5	0.1896	0.3543	0.1647	24.8631	0.004721	0.005361	True
chr21	46786563	46786707	6	0.8315	0.9461	0.1145	25.151	0.007618	0.008227	True
chr21	46795605	46796605	13	0.8255	0.9589	0.1334	16.1718	4.129e-05	0.0001302	True
chr21	46799321	46799671	6	0.8702	0.9659	0.0957	31.2024	0.001463	0.001961	True
chr21	46804717	46804747	5	0.8938	0.753	-0.1408	57.6216	0.0004903	0.0008219	True
chr21	46808708	46808814	6	0.8692	0.9929	0.1237	124.2888	1.48e-06	1.041e-05	True
chr21	46810601	46810769	6	0.8263	0.9399	0.1136	70.9849	8.524e-05	0.0002235	True
chr21	46821029	46821476	5	0.7438	0.9888	0.245	103.2687	3.983e-06	2.275e-05	True
chr21	46824874	46824919	7	0.1109	0.006	-0.1049	151.3292	1.705e-07	1.824e-06	True
chr21	46825421	46825458	6	0.0142	0.2177	0.2036	29.1418	2.117e-05	7.893e-05	True
chr21	46825835	46825900	11	0.1219	0.0161	-0.1058	110.6363	4.543e-08	6.088e-07	True
chr21	46825946	46825981	5	0.108	0.0085	-0.0995	37.4071	0.0001753	0.0003797	True
chr21	46827867	46828176	6	0.3613	0.5677	0.2064	22.9642	0.001404	0.001897	True
chr21	46829558	46830445	40	0.8219	0.4891	-0.3328	28.6272	1.864e-21	2.098e-19	True
chr21	46831674	46831902	8	0.919	0.676	-0.243	29.721	6.104e-05	0.0001752	True
chr21	46836450	46836551	6	0.9475	0.7904	-0.1571	33.7111	0.00109	0.001549	True
chr21	46839851	46839983	5	0.4244	0.2685	-0.1559	17.0503	0.01337	0.01388	True
chr21	46840094	46840261	8	0.2519	0.4352	0.1833	28.9024	0.0002197	0.0004537	True
chr21	46845410	46845571	5	0.9099	0.8045	-0.1054	22.7521	0.01858	0.01893	True
chr21	46845591	46845775	5	0.9282	0.8281	-0.1001	25.0265	0.00932	0.009893	True
chr21	46847581	46847691	7	0.8024	0.6652	-0.1371	17.9841	0.006773	0.007394	True
chr21	46850654	46850740	6	0.8943	0.7691	-0.1251	16.4339	0.005686	0.006322	True
chr21	46855411	46855639	7	0.6854	0.9363	0.2509	49.0606	5.422e-05	0.0001602	True
chr21	46858621	46858711	5	0.6574	0.8254	0.1679	17.3336	0.01371	0.01421	True
chr21	46863674	46864307	30	0.6576	0.9157	0.2581	28.0319	8.916e-15	5.765e-13	True
chr21	46864684	46864993	6	0.8038	0.9816	0.1778	35.4294	3.524e-05	0.0001163	True
chr21	46867734	46867941	6	0.7373	0.3579	-0.3794	25.2523	8.075e-05	0.0002157	True
chr21	46869898	46870305	12	0.8976	0.366	-0.5316	59.6508	1.297e-11	4.582e-10	True
chr21	46870448	46870769	9	0.7746	0.5336	-0.241	21.8748	7.022e-05	0.000194	True
chr21	46873839	46874040	6	0.619	0.1751	-0.4439	16.6238	0.0004368	0.0007526	True
chr21	46875014	46875142	5	0.2065	0.1109	-0.0956	16.5448	0.042	0.04205	True
chr21	46875443	46875633	5	0.1511	0.2498	0.0987	23.2405	0.01666	0.01707	True
chr21	46876176	46876216	5	0.9147	0.7693	-0.1454	16.7609	0.009972	0.01052	True
chr21	46877874	46878247	14	0.8313	0.5367	-0.2946	17.395	1.154e-06	8.53e-06	True
chr21	46886378	46886488	6	0.8847	0.9842	0.0996	66.3662	0.0001514	0.0003411	True
chr21	46887378	46887484	5	0.8445	0.9696	0.1251	22.4481	0.004457	0.005094	True
chr21	46889853	46890084	13	0.8005	0.5546	-0.2459	28.238	9.623e-08	1.147e-06	True
chr21	46890431	46890893	7	0.7478	0.4614	-0.2864	30.9167	2.766e-05	9.627e-05	True
chr21	46891004	46891933	34	0.7431	0.3447	-0.3984	20.9933	5.265e-17	4.21e-15	True
chr21	46896291	46896338	5	0.93	0.8315	-0.0986	28.234	0.003057	0.003656	True
chr21	46897538	46897604	5	0.8412	0.9638	0.1226	19.4519	0.006284	0.006926	True
chr21	46905441	46905651	5	0.9344	0.8362	-0.0983	25.4998	0.01159	0.01213	True
chr21	46910409	46910475	5	0.8988	0.7464	-0.1524	27.9635	0.004566	0.005201	True
chr21	46917352	46917761	8	0.8564	0.9629	0.1065	32.5849	0.0006206	0.0009898	True
chr21	46917974	46918193	5	0.8646	0.7029	-0.1616	16.3761	0.01419	0.01466	True
chr21	46918932	46919096	5	0.7745	0.9824	0.2079	50.3424	5.744e-05	0.0001677	True
chr21	46919257	46919348	5	0.8041	0.9698	0.1657	51.9186	0.0008455	0.001253	True
chr21	46923800	46923873	5	0.8607	0.9644	0.1037	16.5534	0.01472	0.01519	True
chr21	46925107	46925140	5	0.4854	0.931	0.4456	33.3342	0.0001314	0.0003072	True
chr21	46926548	46926741	5	0.8073	0.9465	0.1392	21.2724	0.006023	0.00666	True
chr21	46927247	46927684	11	0.5489	0.8658	0.3169	16.8014	0.0002628	0.000519	True
chr21	46928940	46929021	6	0.8908	0.6984	-0.1924	18.0357	0.003221	0.003821	True
chr21	46930201	46930383	7	0.8444	0.9708	0.1263	23.0201	0.0005801	0.0009386	True
chr21	46931412	46931501	6	0.741	0.9758	0.2348	29.0209	3.925e-05	0.0001253	True
chr21	46932153	46932248	9	0.8089	0.9548	0.1459	28.8835	0.0001311	0.0003067	True
chr21	46933558	46933855	6	0.2026	0.4401	0.2374	16.2527	0.002401	0.002979	True
chr21	46946100	46946445	6	0.7229	0.9382	0.2153	16.2295	0.003511	0.004119	True
chr21	46947981	46948096	6	0.9111	0.5886	-0.3226	30.7644	6.903e-05	0.0001911	True
chr21	46949636	46950035	5	0.8718	0.9851	0.1134	84.4559	0.0002806	0.0005455	True
chr21	46950992	46951061	5	0.8863	0.9868	0.1005	39.1329	0.0003932	0.0006984	True
chr21	46954883	46954957	6	0.8898	0.7583	-0.1315	18.3193	0.006932	0.007554	True
chr21	46955183	46955348	7	0.9418	0.7674	-0.1744	25.7794	0.0005627	0.0009174	True
chr21	46975395	46975486	13	0.2041	0.0102	-0.1939	100.1927	9.374e-13	4.549e-11	True
chr21	46975571	46975835	29	0.2579	0.0109	-0.247	132.6584	1.089e-29	3.009e-27	True
chr21	46975853	46976250	24	0.3662	0.0877	-0.2785	25.9025	2.456e-11	7.94e-10	True
chr21	46982833	46982978	5	0.8036	0.5776	-0.226	18.2774	0.003067	0.003666	True
chr21	46983013	46983274	5	0.424	0.7008	0.2768	17.6329	0.002504	0.003086	True
chr21	46990906	46991446	16	0.842	0.4841	-0.3579	23.2754	1.659e-08	2.534e-07	True
chr21	46995475	46995784	10	0.6588	0.8704	0.2116	16.0027	0.0002919	0.0005618	True
chr21	46996529	46996821	8	0.7291	0.9103	0.1813	15.8933	0.002101	0.002659	True
chr21	46998965	46999236	13	0.8486	0.9666	0.118	18.9963	2.17e-05	8.041e-05	True
chr21	46999440	46999609	5	0.8286	0.9629	0.1343	16.2118	0.007627	0.008234	True
chr21	47008357	47008919	7	0.6595	0.9585	0.299	15.2221	8.6e-05	0.0002248	True
chr21	47010639	47010690	5	0.2068	0.0168	-0.1899	33.4829	0.0001729	0.0003768	True
chr21	47010759	47010818	7	0.1872	0.0543	-0.1328	40.2979	0.0007876	0.001187	True
chr21	47010919	47011109	23	0.2054	0.0507	-0.1547	30.8271	1.287e-08	2.048e-07	True
chr21	47014685	47014807	6	0.7203	0.9313	0.211	35.8278	0.0007839	0.001182	True
chr21	47019023	47019125	5	0.6629	0.8877	0.2249	19.5101	0.002156	0.002721	True
chr21	47027028	47027120	5	0.4532	0.8509	0.3978	18.0283	0.0006143	0.0009825	True
chr21	47030401	47030488	5	0.787	0.9758	0.1888	50.3105	0.0001744	0.0003787	True
chr21	47032013	47032093	6	0.5278	0.6443	0.1165	16.5968	0.02106	0.02139	True
chr21	47032227	47032332	8	0.6108	0.2981	-0.3127	49.8238	3.637e-07	3.401e-06	True
chr21	47033241	47033517	8	0.7202	0.9308	0.2106	15.0024	0.001167	0.00163	True
chr21	47042733	47042880	6	0.8956	0.7804	-0.1151	22.1433	0.01362	0.01412	True
chr21	47049006	47049159	5	0.6263	0.3451	-0.2812	27.3532	0.0006552	0.001028	True
chr21	47049435	47049657	14	0.7941	0.9254	0.1313	17.304	0.0002394	0.0004825	True
chr21	47050039	47050344	7	0.7751	0.907	0.1319	18.2654	0.005006	0.005645	True
chr21	47051406	47051646	7	0.7428	0.9317	0.1889	20.1706	0.001803	0.002332	True
chr21	47053107	47053131	5	0.9572	0.8721	-0.0851	23.6609	0.01347	0.01397	True
chr21	47059821	47060384	6	0.7551	0.94	0.1849	21.6824	0.001379	0.001872	True
chr21	47061383	47061564	7	0.9022	0.6387	-0.2635	18.1105	0.0006585	0.001032	True
chr21	47061589	47062051	32	0.823	0.5369	-0.2861	17.6711	5.061e-13	2.531e-11	True
chr21	47062547	47062658	14	0.2288	0.0516	-0.1772	17.3511	7.793e-06	3.759e-05	True
chr21	47062697	47062736	6	0.1517	0.0152	-0.1364	34.9421	6.877e-05	0.0001907	True
chr21	47062774	47062828	6	0.1951	0.0144	-0.1807	90.6613	7.689e-06	3.733e-05	True
chr21	47063932	47063948	5	0.1087	0.0044	-0.1044	270.756	8.226e-07	6.544e-06	True
chr21	47063951	47063968	5	0.1179	0.0115	-0.1064	75.6859	0.0001194	0.0002847	True
chr21	47064079	47064243	16	0.131	0.02	-0.111	21.6772	2.411e-07	2.402e-06	True
chr21	47064287	47064327	8	0.125	0.0246	-0.1004	53.8262	6.588e-05	0.0001857	True
chr21	47070463	47070924	6	0.5724	0.8864	0.314	23.9812	0.001191	0.001659	True
chr21	47090951	47091533	6	0.8484	0.9845	0.136	34.0319	0.0001347	0.0003116	True
chr21	47093225	47094273	6	0.7627	0.9518	0.1891	33.2557	0.0004888	0.00082	True
chr21	47096543	47097052	6	0.8055	0.9694	0.1639	31.5576	0.0005179	0.0008581	True
chr21	47103656	47103712	5	0.8945	0.9955	0.101	127.7646	5.858e-06	2.977e-05	True
chr21	47141369	47141808	6	0.7629	0.4346	-0.3283	19.6498	0.000761	0.001154	True
chr21	47144220	47144712	14	0.7563	0.4548	-0.3015	17.1049	1.993e-06	1.328e-05	True
chr21	47167493	47167608	6	0.84	0.7262	-0.1138	20.9964	0.01456	0.01504	True
chr21	47180489	47180898	7	0.8525	0.9728	0.1204	30.2446	0.0007799	0.001177	True
chr21	47183001	47183413	21	0.884	0.729	-0.1551	18.2032	1.035e-06	7.846e-06	True
chr21	47186085	47186404	10	0.8385	0.9366	0.0981	16.6641	0.003773	0.004382	True
chr21	47190992	47191284	5	0.8804	0.9852	0.1048	43.293	0.0008937	0.001311	True
chr21	47198400	47199364	6	0.6606	0.93	0.2694	19.887	0.00069	0.001067	True
chr21	47209097	47209791	21	0.8458	0.9649	0.1191	20.3754	3.048e-08	4.39e-07	True
chr21	47216862	47217383	11	0.5406	0.8644	0.3238	19.466	5.728e-05	0.0001677	True
chr21	47219073	47219567	5	0.8506	0.971	0.1204	34.5279	0.002517	0.003095	True
chr21	47222241	47222404	5	0.7621	0.8802	0.1182	40.231	0.00559	0.00623	True
chr21	47236953	47237072	5	0.8404	0.9897	0.1493	38.5244	8.512e-05	0.0002235	True
chr21	47243694	47244486	7	0.8335	0.9513	0.1178	21.0462	0.002608	0.003201	True
chr21	47248729	47249227	11	0.8275	0.9426	0.1151	20.2363	0.0006639	0.001037	True
chr21	47249379	47249620	6	0.9349	0.7093	-0.2256	34.3993	0.0001942	0.0004092	True
chr21	47249894	47250255	6	0.85	0.9423	0.0923	15.4221	0.02532	0.02563	True
chr21	47250380	47250486	5	0.9161	0.749	-0.1671	63.6409	8.523e-05	0.0002235	True
chr21	47252192	47252513	5	0.6056	0.8094	0.2038	17.4461	0.007383	0.007999	True
chr21	47278765	47279212	14	0.8604	0.9834	0.1229	42.6598	1.172e-08	1.905e-07	True
chr21	47280705	47280866	9	0.86	0.9615	0.1015	36.7073	4.548e-05	0.0001402	True
chr21	47287228	47287362	10	0.8176	0.9622	0.1446	49.7334	1.238e-05	5.307e-05	True
chr21	47288492	47288685	12	0.6843	0.5096	-0.1747	27.4906	9.917e-06	4.478e-05	True
chr21	47292597	47292946	7	0.8327	0.9625	0.1298	16.3881	0.001546	0.002054	True
chr21	47294836	47295393	29	0.7822	0.3258	-0.4564	30.7083	1.045e-15	7.218e-14	True
chr21	47295776	47296091	12	0.839	0.9456	0.1065	30.6448	0.000125	0.000295	True
chr21	47296782	47296806	5	0.9236	0.8153	-0.1082	34.576	0.008072	0.008667	True
chr21	47296828	47296909	5	0.8751	0.7225	-0.1527	16.9045	0.01056	0.01111	True
chr21	47297059	47297189	5	0.7196	0.9218	0.2022	19.2475	0.003236	0.003834	True
chr21	47297575	47297840	6	0.8008	0.9574	0.1567	16.6565	0.002654	0.003247	True
chr21	47298484	47298620	5	0.76	0.9287	0.1687	16.9044	0.01203	0.01256	True
chr21	47306410	47306684	5	0.7873	0.9647	0.1774	34.9279	0.001351	0.001844	True
chr21	47307815	47308083	11	0.644	0.8407	0.1968	15.4188	0.0002961	0.0005676	True
chr21	47312061	47312170	10	0.6819	0.2238	-0.4582	31.8261	8.222e-08	1.02e-06	True
chr21	47314432	47314725	9	0.7933	0.4627	-0.3307	15.0656	0.0001904	0.0004039	True
chr21	47317456	47317833	8	0.8317	0.9756	0.1439	24.4051	8.438e-05	0.0002218	True
chr21	47318089	47318213	5	0.674	0.7802	0.1062	22.5353	0.02223	0.02257	True
chr21	47318343	47318480	5	0.7346	0.8855	0.151	32.5966	0.001401	0.001894	True
chr21	47320804	47320883	5	0.7499	0.2631	-0.4868	15.8722	0.007048	0.007675	True
chr21	47322057	47322531	9	0.8547	0.9688	0.1141	27.9642	0.0001555	0.0003493	True
chr21	47322761	47322910	7	0.8645	0.6914	-0.173	37.2843	8.331e-05	0.00022	True
chr21	47325240	47325482	8	0.8272	0.95	0.1227	31.0696	0.0008156	0.001217	True
chr21	47326360	47326552	8	0.8588	0.9662	0.1074	20.731	0.001239	0.001711	True
chr21	47326627	47326931	9	0.8915	0.9825	0.091	33.0236	6.198e-05	0.0001774	True
chr21	47329673	47329759	5	0.6556	0.8064	0.1507	35.6643	0.002161	0.002727	True
chr21	47332293	47332664	5	0.8245	0.9546	0.1301	16.599	0.008827	0.009413	True
chr21	47337539	47337802	6	0.6452	0.9112	0.266	22.9399	0.0005676	0.0009234	True
chr21	47340016	47340187	6	0.7779	0.9462	0.1684	29.5527	0.001035	0.001481	True
chr21	47349787	47349908	5	0.8643	0.9798	0.1155	46.1419	0.0008497	0.001258	True
chr21	47350032	47350100	5	0.8793	0.9702	0.091	20.1833	0.01354	0.01403	True
chr21	47350262	47350399	5	0.7584	0.9265	0.168	29.4521	0.00814	0.008729	True
chr21	47356903	47357109	6	0.756	0.9428	0.1869	29.1749	0.0009788	0.001418	True
chr21	47358962	47359106	5	0.7638	0.916	0.1522	31.6782	0.002985	0.003592	True
chr21	47359152	47359274	6	0.815	0.9276	0.1127	19.7464	0.007723	0.008325	True
chr21	47369321	47369384	7	0.3205	0.1048	-0.2158	47.8953	1.263e-05	5.374e-05	True
chr21	47371763	47371940	9	0.8354	0.9342	0.0988	17.1842	0.01529	0.01575	True
chr21	47372640	47372751	6	0.7458	0.9809	0.2352	20.3924	4.963e-05	0.0001505	True
chr21	47373042	47373355	9	0.6783	0.275	-0.4033	29.6671	5.74e-07	4.916e-06	True
chr21	47373609	47374064	14	0.7688	0.3242	-0.4446	15.264	2.421e-07	2.405e-06	True
chr21	47379846	47380381	9	0.6117	0.8273	0.2157	16.6223	0.0003165	0.0005957	True
chr21	47391450	47391752	10	0.8151	0.579	-0.2361	23.9511	9.556e-06	4.4e-05	True
chr21	47392304	47392501	10	0.7052	0.489	-0.2162	25.119	2.334e-05	8.455e-05	True
chr21	47401818	47402193	29	0.2546	0.0415	-0.2131	18.7186	5.079e-13	2.531e-11	True
chr21	47404543	47405442	6	0.7979	0.9692	0.1713	33.0146	0.0003763	0.000677	True
chr21	47414284	47414371	8	0.9386	0.8253	-0.1133	18.0337	0.002952	0.003555	True
chr21	47417521	47417706	7	0.8665	0.9613	0.0949	21.9614	0.001112	0.001574	True
chr21	47419024	47419160	8	0.8169	0.9232	0.1062	29.1242	0.00111	0.001573	True
chr21	47425327	47425521	5	0.8964	0.7495	-0.1469	46.7128	0.0006447	0.001018	True
chr21	47425860	47425918	8	0.5335	0.9344	0.4009	23.7109	1.291e-05	5.44e-05	True
chr21	47425973	47426022	6	0.6582	0.9645	0.3063	21.7413	5.01e-05	0.0001515	True
chr21	47431661	47431717	5	0.848	0.5953	-0.2527	17.3014	0.002444	0.003025	True
chr21	47453154	47453350	10	0.7569	0.9554	0.1985	18.7816	1.801e-05	6.947e-05	True
chr21	47453417	47453566	10	0.7728	0.8921	0.1193	30.8338	0.0004197	0.0007334	True
chr21	47453703	47453744	5	0.8122	0.9562	0.144	43.0647	0.003212	0.003811	True
chr21	47455396	47455901	19	0.8127	0.5276	-0.2851	15.7243	7.523e-08	9.448e-07	True
chr21	47456272	47456778	28	0.7905	0.4887	-0.3018	24.2434	5.084e-14	3.03e-12	True
chr21	47472042	47472200	8	0.7525	0.8754	0.1229	17.2163	0.009194	0.00977	True
chr21	47477169	47477272	9	0.6415	0.4417	-0.1998	28.3378	4.549e-05	0.0001402	True
chr21	47479017	47479319	9	0.8184	0.9541	0.1357	19.6307	0.0005054	0.0008421	True
chr21	47479374	47479539	5	0.8084	0.9485	0.1401	26.1967	0.006697	0.007328	True
chr21	47485146	47485372	10	0.368	0.1532	-0.2149	25.8783	0.0005374	0.0008833	True
chr21	47487762	47487925	9	0.7178	0.8914	0.1736	18.628	0.0008577	0.001267	True
chr21	47498247	47498521	14	0.7981	0.9498	0.1517	21.2711	8.057e-06	3.862e-05	True
chr21	47499704	47499760	6	0.2848	0.5268	0.2419	15.0541	0.002848	0.00345	True
chr21	47501065	47501122	8	0.802	0.9138	0.1119	30.5365	0.0005216	0.0008629	True
chr21	47503368	47503786	24	0.7539	0.4891	-0.2648	24.8654	7.973e-12	2.991e-10	True
chr21	47512069	47512395	10	0.6031	0.27	-0.3331	25.7479	2.03e-06	1.344e-05	True
chr21	47517718	47517768	7	0.1189	0.0128	-0.1061	57.14	2.657e-05	9.333e-05	True
chr21	47518637	47519262	42	0.4479	0.0551	-0.3928	20.9245	8.731e-24	1.206e-21	True
chr21	47519444	47519767	16	0.6435	0.3434	-0.3001	16.4984	3.314e-07	3.147e-06	True
chr21	47520423	47520987	10	0.6691	0.9017	0.2325	15.6104	0.0002755	0.0005368	True
chr21	47529142	47529356	5	0.728	0.4418	-0.2862	39.3476	0.0001982	0.0004164	True
chr21	47531517	47531821	5	0.7071	0.9154	0.2082	28.1476	0.00169	0.002213	True
chr21	47534931	47535510	7	0.765	0.9596	0.1946	15.2834	0.0003653	0.0006648	True
chr21	47536136	47536199	5	0.9305	0.8348	-0.0957	22.1462	0.01421	0.01469	True
chr21	47545921	47545941	5	0.8001	0.9722	0.1721	20.0677	0.00134	0.001834	True
chr21	47547934	47548208	7	0.7929	0.5045	-0.2883	41.7872	1.228e-05	5.28e-05	True
chr21	47565738	47565876	17	0.8549	0.7056	-0.1493	21.181	1.109e-05	4.913e-05	True
chr21	47566776	47566986	12	0.3433	0.5407	0.1974	23.6451	1.119e-05	4.951e-05	True
chr21	47567145	47567531	7	0.5362	0.8888	0.3526	19.57	5.339e-05	0.000158	True
chr21	47572125	47572263	7	0.7974	0.9548	0.1574	20.5854	0.001344	0.001837	True
chr21	47575523	47575633	6	0.9004	0.7106	-0.1898	30.5789	0.0003747	0.0006756	True
chr21	47575926	47576046	6	0.9102	0.8108	-0.0994	15.638	0.03018	0.03037	True
chr21	47579802	47579945	5	0.9543	0.7748	-0.1795	16.6239	0.004477	0.005111	True
chr21	47580627	47580681	5	0.8474	0.989	0.1416	319.1742	1.414e-05	5.847e-05	True
chr21	47580996	47581112	10	0.8827	0.7093	-0.1734	29.5536	2.045e-05	7.691e-05	True
chr21	47581141	47581196	9	0.9104	0.7833	-0.1271	60.7638	3.744e-06	2.18e-05	True
chr21	47581448	47581598	19	0.9254	0.7281	-0.1973	23.3577	3.219e-08	4.571e-07	True
chr21	47582037	47582094	5	0.2022	0.5088	0.3066	55.4946	1.819e-05	7.006e-05	True
chr21	47582208	47582351	11	0.2568	0.3579	0.1011	29.5627	0.0002463	0.0004928	True
chr21	47599686	47599832	7	0.9206	0.8207	-0.0999	16.9049	0.0127	0.01322	True
chr21	47604357	47604598	5	0.3035	0.0262	-0.2773	68.3301	8.87e-05	0.0002296	True
chr21	47607920	47608222	9	0.3303	0.7633	0.433	24.9053	1.285e-05	5.431e-05	True
chr21	47635286	47635530	5	0.9512	0.844	-0.1072	27.9132	0.003634	0.004231	True
chr21	47640151	47640221	5	0.908	0.5663	-0.3418	21.5988	0.0006413	0.001014	True
chr21	47657741	47658684	5	0.862	0.9889	0.1269	41.5424	0.0001364	0.0003149	True
chr21	47679544	47679743	6	0.8759	0.9895	0.1136	42.6434	6.62e-05	0.0001859	True
chr21	47697552	47698523	14	0.8713	0.9705	0.0992	16.4725	4.284e-05	0.0001335	True
chr21	47701652	47701826	5	0.9025	0.9905	0.088	36.2933	0.0004055	0.0007135	True
chr21	47703566	47703820	8	0.7643	0.964	0.1997	15.9442	0.0001143	0.0002753	True
chr21	47703926	47704430	16	0.263	0.6064	0.3433	20.7801	1.375e-08	2.143e-07	True
chr21	47717137	47717609	38	0.6489	0.1715	-0.4774	38.6704	1.695e-27	3.678e-25	True
chr21	47717626	47718312	57	0.6155	0.139	-0.4765	16.8948	1.9e-27	3.85e-25	True
chr21	47744904	47744931	6	0.0233	0.1363	0.113	46.7565	0.0004082	0.0007174	True
chr21	47761385	47761618	5	0.8994	0.9947	0.0954	78.4285	1.766e-05	6.864e-05	True
chr21	47771171	47771272	5	0.6971	0.8361	0.139	36.5969	0.002509	0.003089	True
chr21	47794872	47795089	5	0.9396	0.8335	-0.1061	24.0837	0.009029	0.009607	True
chr21	47804661	47804688	5	0.9706	0.8684	-0.1022	33.4569	0.002995	0.003602	True
chr21	47805822	47806074	17	0.9325	0.7677	-0.1649	16.3824	4.115e-06	2.324e-05	True
chr21	47824950	47825481	6	0.8922	0.9765	0.0843	20.0956	0.008954	0.009531	True
chr21	47831240	47831357	7	0.9436	0.8487	-0.0949	17.5912	0.01133	0.01188	True
chr21	47833285	47833533	7	0.8711	0.5804	-0.2908	16.1919	0.0004245	0.0007389	True
chr21	47836859	47837026	5	0.933	0.8372	-0.0958	18.3732	0.02265	0.02298	True
chr21	47839453	47839485	5	0.7806	0.9364	0.1558	23.2877	0.002662	0.003254	True
chr21	47841501	47841537	5	0.9468	0.8522	-0.0946	17.2872	0.03713	0.03724	True
chr21	47845029	47845117	5	0.9409	0.7531	-0.1878	23.8335	0.006021	0.00666	True
chr21	47879483	47879541	7	0.1021	0.0103	-0.0918	46.7146	3.161e-05	0.0001059	True
chr21	47901102	47901631	5	0.8586	0.988	0.1294	24.3962	0.0002962	0.0005676	True
chr21	47905344	47905837	7	0.9013	0.9862	0.0849	20.6204	0.0002846	0.0005512	True
chr21	47909783	47909922	5	0.962	0.8409	-0.1211	90.3873	0.001232	0.001704	True
chr21	47910109	47910284	6	0.922	0.7517	-0.1703	40.0304	0.0003512	0.0006441	True
chr21	47925952	47926524	5	0.8188	0.99	0.1712	57.68	4.136e-05	0.0001303	True
chr21	47928925	47929341	5	0.7317	0.966	0.2342	20.521	0.001505	0.002006	True
chr21	47958101	47958363	5	0.8329	0.9652	0.1323	35.0354	0.003543	0.004146	True
chr21	47961713	47962406	8	0.8475	0.9771	0.1296	26.1518	9.76e-05	0.0002464	True
chr21	47975151	47975412	6	0.9483	0.8333	-0.115	19.5708	0.01182	0.01235	True
chr21	47984986	47985192	12	0.9756	0.815	-0.1605	47.7201	9.705e-08	1.152e-06	True
chr21	48004897	48005477	6	0.9034	0.5409	-0.3625	19.569	0.0004846	0.0008155	True
chr21	48027261	48028021	7	0.7894	0.9768	0.1874	30.1113	4.461e-05	0.0001378	True
chr21	48044079	48044179	5	0.8822	0.7244	-0.1578	40.9778	0.0008166	0.001218	True
chr21	48046642	48046965	8	0.7706	0.941	0.1704	20.5081	0.0007036	0.001083	True
chr21	48081242	48081625	34	0.7025	0.286	-0.4165	34.315	3.133e-22	3.967e-20	True
chr21	48081632	48081920	28	0.8558	0.5779	-0.2779	15.5927	1.848e-10	4.88e-09	True
chr21	48081949	48081980	5	0.7591	0.9791	0.2199	31.8004	0.0001461	0.0003331	True
chr21	48082085	48082186	8	0.9478	0.8504	-0.0973	40.543	9.24e-05	0.0002368	True
chr21	48083358	48083571	5	0.9146	0.7817	-0.1329	30.2252	0.004509	0.005146	True
chr21	48087229	48087255	5	0.0389	0.271	0.2321	23.9202	0.0007901	0.001189	True
chr21	48087978	48088055	6	0.1238	0.0236	-0.1002	41.1809	0.002065	0.002623	True
chr21	48088063	48088345	12	0.1782	0.0237	-0.1545	36.5029	2.273e-07	2.302e-06	True
chr21	48090508	48090685	5	0.5584	0.9062	0.3478	24.014	0.001174	0.001639	True
chr21	48119197	48119210	6	0.4186	0.073	-0.3456	32.7843	0.0002968	0.0005676	True
