chr	start	end	coverage	methylation_level
chr1	100036	100037	30	0.0841
chr1	100064	100065	29	0.2261
chr1	100114	100115	26	0.2142
chr1	100130	100131	28	0.0626
chr1	100174	100175	27	0.0658
chr1	100189	100190	25	0.3759
chr1	100216	100217	42	0.2952
chr1	100243	100244	31	0.256
chr1	100293	100294	33	0.1881
chr1	100323	100324	23	0.2105
chr1	100345	100346	38	0.1515
chr1	100395	100396	26	0.2961
chr1	100445	100446	19	0.2574
chr1	100466	100467	24	0.0662
chr1	100508	100509	30	0.2128
chr1	100532	100533	39	0.2292
chr1	100533	100534	30	0.1647
chr1	100633	100634	23	0.1805
chr1	100683	100684	22	0.1912
chr1	100783	100784	33	0.1056
chr1	100836	100837	28	0.2059
chr1	100891	100892	13	0.0614
chr1	100967	100968	31	0.2309
chr1	101017	101018	32	0.077
chr1	101045	101046	31	0.1042
chr1	101081	101082	29	0.1444
chr1	101128	101129	28	0.0743
chr1	101148	101149	23	0.0375
chr1	101171	101172	37	0.0929
chr1	101218	101219	37	0.1565
chr1	101238	101239	33	0.004
chr1	101288	101289	39	0.1163
chr1	101322	101323	22	0.048
chr1	101362	101363	28	0.0462
chr1	101378	101379	28	0.1014
chr1	101414	101415	34	0.0973
chr1	101443	101444	26	0.2055
chr1	101463	101464	25	0.0605
chr1	101489	101490	34	0.208
chr1	101528	101529	26	0.1145
chr1	101543	101544	32	0.0528
chr1	101564	101565	32	0.0923
chr1	101594	101595	24	0.1069
chr1	101694	101695	33	0.033
chr1	101766	101767	31	0.1129
chr1	101866	101867	32	0.0037
chr1	101916	101917	25	0.0596
chr1	102016	102017	33	0.1062
chr1	102052	102053	15	0.0663
chr1	102069	102070	19	0.8553
chr1	102119	102120	30	0.8367
chr1	102169	102170	25	0.9221
chr1	102219	102220	29	0.7177
chr1	102237	102238	25	0.9688
chr1	102252	102253	28	0.7467
chr1	102298	102299	25	0.736
chr1	102345	102346	24	0.6994
chr1	102395	102396	35	0.744
chr1	102425	102426	26	0.7381
chr1	102440	102441	21	0.7061
chr1	102471	102472	36	0.7427
chr1	102520	102521	34	0.6511
chr1	102535	102536	35	0.8161
chr1	102569	102570	32	0.9667
chr1	102599	102600	30	0.7075
chr1	102649	102650	25	0.823
chr1	102699	102700	27	0.6943
chr1	102799	102800	32	0.8828
chr1	102868	102869	16	0.7182
chr1	102968	102969	35	0.7546
chr1	103068	103069	27	0.8664
chr1	103108	103109	25	0.7975
chr1	103112	103113	33	0.896
chr1	103131	103132	35	0.2743
chr1	103146	103147	38	0.1887
chr1	103161	103162	27	0.2542
chr1	103177	103178	29	0.2378
chr1	103199	103200	27	0.1443
chr1	103222	103223	33	0.4261
chr1	103272	103273	33	0.1975
chr1	103322	103323	31	0.2201
chr1	103362	103363	25	0.3723
chr1	103412	103413	28	0.2711
chr1	103447	103448	27	0.1576
chr1	103484	103485	30	0.1792
chr1	103518	103519	39	0.3156
chr1	103540	103541	34	0.2758
chr1	103555	103556	24	0.2145
chr1	103605	103606	26	0.3091
chr1	103705	103706	34	0.2914
chr1	103805	103806	30	0.204
chr1	103905	103906	28	0.5048
chr1	103955	103956	35	0.3928
chr1	103959	103960	35	0.2101
chr1	103969	103970	39	0.6192
chr1	103985	103986	34	0.4533
chr1	104015	104016	28	0.6419
chr1	104051	104052	27	0.5661
chr1	104066	104067	27	0.4384
chr1	104109	104110	32	0.6243
chr1	104149	104150	29	0.4748
chr1	104192	104193	39	0.5645
chr1	104211	104212	36	0.5286
chr1	104257	104258	30	0.3989
chr1	104283	104284	27	0.513
chr1	104318	104319	26	0.5813
chr1	104343	104344	27	0.5982
chr1	104377	104378	35	0.6077
chr1	104410	104411	44	0.5044
chr1	104435	104436	38	0.5912
chr1	104470	104471	32	0.6017
chr1	104492	104493	32	0.6084
chr1	104510	104511	30	0.4854
chr1	104529	104530	34	0.4341
chr1	104629	104630	31	0.6993
chr1	104683	104684	33	0.5236
chr1	104758	104759	37	0.5672
chr1	104858	104859	38	0.6346
chr1	104958	104959	31	0.6675
chr1	105058	105059	33	0.5698
chr1	105126	105127	34	0.7919
chr1	105138	105139	35	0.939
chr1	105146	105147	29	0.5401
chr1	105172	105173	22	0.6378
chr1	105504	105505	29	0.6546
chr1	105512	105513	29	0.5284
chr1	105521	105522	36	0.2681
chr1	105571	105572	33	0.1662
chr1	105648	105649	31	0.2702
chr1	105677	105678	26	0.3636
chr1	105716	105717	18	0.2899
chr1	105755	105756	32	0.1909
chr1	105782	105783	31	0.3182
chr1	105812	105813	28	0.2129
chr1	105834	105835	27	0.2153
chr1	105856	105857	40	0.3285
chr1	105875	105876	41	0.2994
chr1	105905	105906	33	0.2586
chr1	105951	105952	31	0.1338
chr1	106051	106052	30	0.2825
chr1	106137	106138	26	0.2498
chr1	106237	106238	34	0.2232
chr1	106337	106338	21	0.3837
chr1	106357	106358	30	0.0
chr1	106361	106362	23	0.0718
chr1	106369	106370	32	0.1626
chr1	106413	106414	28	0.1244
chr1	106417	106418	24	0.1445
chr1	106515	106516	30	0.1524
chr1	106623	106624	33	0.115
chr1	106671	106672	34	0.0288
chr1	106777	106778	38	0.0705
chr1	106801	106802	29	0.2438
chr1	106841	106842	27	0.1687
chr1	106891	106892	32	0.2268
chr1	106917	106918	36	0.0658
chr1	106932	106933	30	0.2193
chr1	106959	106960	32	0.0741
chr1	106988	106989	28	0.167
chr1	107038	107039	33	0.0863
chr1	107053	107054	31	0.112
chr1	107097	107098	33	0.2242
chr1	107147	107148	29	0.0684
chr1	107172	107173	21	0.2063
chr1	107211	107212	27	0.1047
chr1	107250	107251	24	0.1426
chr1	107350	107351	41	0.1689
chr1	107450	107451	32	0.1352
chr1	107500	107501	35	0.3324
chr1	107600	107601	24	0.2545
chr1	107618	107619	19	0.0002
chr1	107656	107657	29	0.5192
chr1	107678	107679	22	0.5837
chr1	107728	107729	25	0.6811
chr1	107768	107769	34	0.465
chr1	107787	107788	29	0.5479
chr1	107837	107838	36	0.7311
chr1	107887	107888	37	0.6169
chr1	107937	107938	25	0.8225
chr1	107965	107966	25	0.6143
chr1	108002	108003	26	0.6012
chr1	108051	108052	30	0.7803
chr1	108095	108096	30	0.7557
chr1	108123	108124	36	0.5356
chr1	108136	108137	31	0.52
chr1	108236	108237	22	0.7255
chr1	108336	108337	26	0.7242
chr1	108394	108395	22	0.6507
chr1	108466	108467	27	0.5321
chr1	108516	108517	20	0.6673
chr1	108586	108587	29	0.5004
chr1	108622	108623	21	0.6599
chr1	108638	108639	29	0.6543
chr1	108672	108673	26	0.2452
chr1	108705	108706	29	0.434
chr1	108723	108724	38	0.5645
chr1	108773	108774	32	0.124
chr1	108788	108789	31	0.4214
chr1	108814	108815	27	0.6885
chr1	108849	108850	37	0.3626
chr1	108870	108871	35	0.2485
chr1	108917	108918	24	0.518
chr1	108943	108944	32	0.4109
chr1	108992	108993	33	0.1784
chr1	109013	109014	24	0.561
chr1	109036	109037	40	0.2265
chr1	109062	109063	26	0.2085
chr1	109092	109093	27	0.1982
chr1	109135	109136	26	0.2376
chr1	109170	109171	39	0.098
chr1	109184	109185	31	0.2665
chr1	109243	109244	32	0.4434
chr1	109343	109344	35	0.5269
chr1	109443	109444	28	0.1921
chr1	109512	109513	32	0.5996
chr1	109612	109613	28	0.5554
chr1	109677	109678	28	0.065
chr1	109729	109730	29	0.6409
chr1	109744	109745	35	0.7596
chr1	109767	109768	33	0.6822
chr1	109790	109791	25	0.7383
chr1	109805	109806	31	0.8129
chr1	109823	109824	17	0.8512
chr1	109852	109853	34	0.9334
chr1	109867	109868	32	0.7709
chr1	109900	109901	36	0.802
chr1	109936	109937	33	0.7042
chr1	109976	109977	32	0.6658
chr1	110026	110027	28	0.806
chr1	110058	110059	29	0.6359
chr1	110080	110081	34	0.6938
chr1	110104	110105	26	0.7011
chr1	110152	110153	23	0.7786
chr1	110190	110191	31	0.807
chr1	110208	110209	23	0.7734
chr1	110238	110239	30	0.7791
chr1	110278	110279	27	0.7903
chr1	110297	110298	23	0.6997
chr1	110307	110308	31	0.8249
chr1	110407	110408	29	0.8162
chr1	110507	110508	26	0.739
chr1	110607	110608	23	0.8021
chr1	110706	110707	29	0.8137
chr1	110806	110807	23	0.7816
chr1	110822	110823	31	1.0
chr1	110865	110866	30	0.8899
chr1	110884	110885	22	0.7365
chr1	110899	110900	26	0.8931
chr1	110914	110915	33	0.7987
chr1	110946	110947	34	0.736
chr1	110996	110997	27	0.6934
chr1	111016	111017	33	0.7929
chr1	111066	111067	31	0.6621
chr1	111081	111082	22	0.7848
chr1	111111	111112	19	0.7969
chr1	111161	111162	31	0.7659
chr1	111180	111181	35	0.8255
chr1	111199	111200	26	0.8827
chr1	111217	111218	17	0.8664
chr1	111253	111254	28	0.9291
chr1	111282	111283	35	0.8625
chr1	111316	111317	24	0.6715
chr1	111363	111364	31	0.7301
chr1	111397	111398	32	0.7564
chr1	111476	111477	23	0.7163
chr1	111526	111527	30	0.8918
chr1	111576	111577	24	0.723
chr1	111633	111634	33	0.8748
chr1	111733	111734	21	0.8584
chr1	111790	111791	25	0.8957
chr1	111858	111859	25	0.7171
chr1	111878	111879	31	0.8649
chr1	111910	111911	29	1.0
chr1	111930	111931	20	0.8594
chr1	111953	111954	35	0.7387
chr1	111974	111975	34	0.7511
chr1	111994	111995	32	0.7606
chr1	112013	112014	22	0.6339
chr1	112037	112038	34	0.6352
chr1	112087	112088	37	0.8063
chr1	112113	112114	29	0.6447
chr1	112144	112145	36	0.6796
chr1	112176	112177	20	0.8017
chr1	112197	112198	31	0.8152
chr1	112224	112225	28	0.8925
chr1	112253	112254	30	0.7759
chr1	112284	112285	28	0.8372
chr1	112309	112310	27	0.7622
chr1	112329	112330	33	0.6897
chr1	112344	112345	25	0.7737
chr1	112373	112374	34	0.6475
chr1	112423	112424	26	0.8573
chr1	112441	112442	38	0.7187
chr1	112442	112443	28	0.7338
chr1	112542	112543	30	0.7419
chr1	112637	112638	34	0.6539
chr1	112721	112722	38	0.8171
chr1	112821	112822	26	0.742
chr1	112871	112872	25	0.821
chr1	112879	112880	26	0.8591
chr1	112905	112906	29	0.6998
chr1	112912	112913	29	0.4434
chr1	112962	112963	24	0.2193
chr1	112985	112986	28	0.391
chr1	113035	113036	25	0.3576
chr1	113066	113067	35	0.4389
chr1	113084	113085	27	0.5348
chr1	113104	113105	25	0.299
chr1	113149	113150	30	0.4951
chr1	113186	113187	34	0.6624
chr1	113201	113202	25	0.3938
chr1	113227	113228	30	0.3415
chr1	113277	113278	28	0.339
chr1	113301	113302	26	0.4062
chr1	113343	113344	33	0.4407
chr1	113368	113369	25	0.3931
chr1	113384	113385	33	0.3284
chr1	113420	113421	38	0.3689
chr1	113494	113495	29	0.2662
chr1	113594	113595	29	0.2836
chr1	113694	113695	31	0.3306
chr1	113794	113795	22	0.2049
chr1	113866	113867	26	0.4057
chr1	113916	113917	32	0.3408
chr1	114004	114005	27	0.6296
chr1	114030	114031	31	0.6385
chr1	114046	114047	32	0.749
chr1	114112	114113	29	0.7563
chr1	114116	114117	17	0.5419
chr1	114126	114127	20	0.5807
chr1	114128	114129	34	0.3957
chr1	114200	114201	28	0.5752
chr1	114207	114208	25	0.7254
chr1	114228	114229	35	0.349
chr1	114256	114257	28	0.6458
chr1	114298	114299	24	0.4638
chr1	114315	114316	23	0.5481
chr1	114335	114336	34	0.6538
chr1	114378	114379	20	0.5796
chr1	114411	114412	31	0.4406
chr1	114448	114449	39	0.6931
chr1	114463	114464	27	0.6319
chr1	114503	114504	13	0.6161
chr1	114523	114524	13	0.4755
chr1	114549	114550	29	0.504
chr1	114599	114600	33	0.5577
chr1	114628	114629	27	0.5441
chr1	114649	114650	31	0.616
chr1	114673	114674	23	0.6053
chr1	114699	114700	33	0.5028
chr1	114714	114715	19	0.48
chr1	114764	114765	27	0.3759
chr1	114864	114865	22	0.5477
chr1	114964	114965	33	0.5929
chr1	115064	115065	36	0.5685
chr1	115164	115165	25	0.4826
chr1	115217	115218	30	0.5191
chr1	115339	115340	28	0.7318
chr1	115365	115366	27	0.7013
chr1	115455	115456	37	0.7399
chr1	115469	115470	39	0.7687
chr1	115523	115524	30	0.7159
chr1	115591	115592	31	0.722
chr1	115613	115614	36	0.5252
chr1	115657	115658	25	0.6111
chr1	115677	115678	26	0.4311
chr1	115706	115707	18	0.1908
chr1	115731	115732	32	0.2729
chr1	115755	115756	29	0.1808
chr1	115777	115778	26	0.0962
chr1	115793	115794	33	0.3064
chr1	115808	115809	28	0.1653
chr1	115827	115828	25	0.1603
chr1	115849	115850	23	0.2376
chr1	115899	115900	23	0.0
chr1	115949	115950	35	0.064
chr1	115974	115975	27	0.2673
chr1	115996	115997	31	0.0215
chr1	116031	116032	30	0.2675
chr1	116066	116067	26	0.1185
chr1	116085	116086	36	0.0144
chr1	116128	116129	27	0.2404
chr1	116144	116145	33	0.3016
chr1	116194	116195	32	0.295
chr1	116230	116231	22	0.1817
chr1	116260	116261	18	0.1888
chr1	116289	116290	30	0.0508
chr1	116303	116304	26	0.2545
chr1	116353	116354	31	0.0905
chr1	116425	116426	29	0.1891
chr1	116507	116508	30	0.1194
chr1	116559	116560	27	0.1967
chr1	116652	116653	28	0.1621
chr1	116752	116753	33	0.2835
chr1	116852	116853	24	0.3318
chr1	116908	116909	30	0.1305
chr1	116928	116929	30	0.6451
chr1	116943	116944	25	0.8106
chr1	116958	116959	26	0.7273
chr1	116978	116979	29	0.5929
chr1	116995	116996	31	0.7497
chr1	117012	117013	30	0.6274
chr1	117033	117034	26	0.728
chr1	117070	117071	23	0.762
chr1	117093	117094	29	0.6632
chr1	117137	117138	37	0.7062
chr1	117173	117174	32	0.7663
chr1	117209	117210	28	0.7704
chr1	117240	117241	21	0.6003
chr1	117273	117274	33	0.6096
chr1	117305	117306	31	0.5241
chr1	117341	117342	30	0.6659
chr1	117371	117372	33	0.7218
chr1	117471	117472	30	0.7306
chr1	117571	117572	35	0.6302
chr1	117629	117630	36	0.5195
chr1	117729	117730	36	0.6883
chr1	117782	117783	27	0.7327
chr1	117834	117835	33	0.6938
chr1	117864	117865	37	0.7394
chr1	117889	117890	33	0.7761
chr1	117937	117938	36	0.8032
chr1	117953	117954	31	0.6448
chr1	117989	117990	28	0.6659
chr1	118039	118040	26	0.6113
chr1	118062	118063	33	0.9116
chr1	118106	118107	26	0.7228
chr1	118150	118151	28	0.8606
chr1	118200	118201	20	0.5541
chr1	118229	118230	39	0.7155
chr1	118279	118280	33	0.7513
chr1	118329	118330	37	0.6597
chr1	118352	118353	30	0.7648
chr1	118366	118367	28	0.9121
chr1	118430	118431	38	0.8296
chr1	118530	118531	27	0.7283
chr1	118611	118612	26	0.7124
chr1	118711	118712	30	0.9163
chr1	118811	118812	36	0.6353
chr1	118907	118908	42	0.8519
chr1	118935	118936	34	0.6994
chr1	118979	118980	33	0.8418
chr1	119004	119005	26	0.8726
chr1	119054	119055	28	0.8133
chr1	119104	119105	21	0.6853
chr1	119123	119124	26	0.8038
chr1	119167	119168	34	0.632
chr1	119186	119187	45	0.7396
chr1	119210	119211	33	0.8178
chr1	119229	119230	31	0.6901
chr1	119279	119280	26	0.7745
chr1	119329	119330	32	0.6065
chr1	119346	119347	27	0.8068
chr1	119361	119362	28	0.7601
chr1	119406	119407	33	0.8781
chr1	119417	119418	32	0.7287
chr1	119495	119496	44	0.6951
chr1	119551	119552	30	0.6814
chr1	119651	119652	22	0.8929
chr1	119718	119719	37	0.9153
chr1	119807	119808	33	0.7678
chr1	119864	119865	26	0.7108
chr1	119878	119879	11	0.6907
chr1	119924	119925	28	0.8671
chr1	119944	119945	34	0.8292
chr1	119982	119983	28	0.6762
chr1	119997	119998	25	0.6643
chr1	120012	120013	36	0.9161
chr1	120062	120063	30	0.6366
chr1	120077	120078	23	0.7605
chr1	120127	120128	27	0.6461
chr1	120164	120165	33	0.7595
chr1	120214	120215	25	0.5473
chr1	120253	120254	25	0.7715
chr1	120293	120294	25	0.6016
chr1	120323	120324	28	0.7117
chr1	120338	120339	26	0.6925
chr1	120376	120377	30	0.5669
chr1	120476	120477	35	0.4857
chr1	120576	120577	37	0.8006
chr1	120662	120663	32	0.5827
chr1	120762	120763	31	0.6295
chr1	120860	120861	26	0.7388
chr1	120870	120871	26	0.6069
chr1	120920	120921	27	0.5366
chr1	120970	120971	41	0.4385
chr1	121020	121021	25	0.3088
chr1	121052	121053	25	0.4245
chr1	121102	121103	29	0.3313
chr1	121118	121119	34	0.2771
chr1	121156	121157	27	0.3741
chr1	121179	121180	19	0.2785
chr1	121204	121205	31	0.3031
chr1	121219	121220	23	0.3447
chr1	121255	121256	34	0.3338
chr1	121296	121297	28	0.2789
chr1	121311	121312	34	0.3644
chr1	121337	121338	29	0.2309
chr1	121363	121364	36	0.2943
chr1	121377	121378	30	0.2614
chr1	121477	121478	31	0.3231
chr1	121577	121578	35	0.293
chr1	121643	121644	26	0.3979
chr1	121743	121744	22	0.3671
chr1	121809	121810	35	0.337
chr1	121870	121871	25	0.3124
chr1	121960	121961	27	0.1952
chr1	122002	122003	32	0.0601
chr1	122242	122243	30	0.1888
chr1	122244	122245	29	0.2949
chr1	122296	122297	28	0.0849
chr1	122302	122303	21	0.3545
chr1	122340	122341	25	0.2501
chr1	122359	122360	28	0.4326
chr1	122409	122410	27	0.2329
chr1	122437	122438	27	0.5737
chr1	122465	122466	24	0.4104
chr1	122497	122498	27	0.2247
chr1	122540	122541	22	0.3967
chr1	122588	122589	33	0.4026
chr1	122603	122604	31	0.3226
chr1	122633	122634	31	0.4961
chr1	122660	122661	26	0.3397
chr1	122675	122676	33	0.44
chr1	122699	122700	35	0.3623
chr1	122717	122718	30	0.3925
chr1	122737	122738	27	0.5238
chr1	122760	122761	29	0.4156
chr1	122810	122811	26	0.3707
chr1	122860	122861	24	0.3072
chr1	122869	122870	31	0.4536
chr1	122969	122970	31	0.557
chr1	123069	123070	25	0.448
chr1	123119	123120	22	0.2811
chr1	123206	123207	29	0.2843
chr1	123295	123296	25	0.399
chr1	123395	123396	29	0.3928
chr1	123531	123532	41	0.6604
chr1	123597	123598	34	0.7507
chr1	123657	123658	23	0.539
chr1	123753	123754	32	0.4829
chr1	123851	123852	23	0.6146
chr1	123855	123856	28	0.7322
chr1	123860	123861	29	0.5143
chr1	123882	123883	36	0.3366
chr1	123927	123928	29	0.3827
chr1	123942	123943	23	0.2925
chr1	123980	123981	34	0.2053
chr1	124023	124024	23	0.2889
chr1	124064	124065	30	0.447
chr1	124113	124114	26	0.3059
chr1	124128	124129	32	0.329
chr1	124150	124151	27	0.2874
chr1	124200	124201	27	0.4074
chr1	124220	124221	30	0.2997
chr1	124268	124269	36	0.3776
chr1	124304	124305	36	0.4257
chr1	124334	124335	22	0.2874
chr1	124349	124350	29	0.3906
chr1	124365	124366	26	0.5722
chr1	124388	124389	29	0.494
chr1	124414	124415	27	0.4436
chr1	124425	124426	30	0.328
chr1	124525	124526	29	0.2668
chr1	124586	124587	30	0.5381
chr1	124686	124687	29	0.4667
chr1	124770	124771	32	0.3186
chr1	124870	124871	29	0.4128
chr1	124954	124955	33	0.5304
chr1	125076	125077	37	0.022
chr1	125102	125103	28	0.2091
chr1	125146	125147	25	0.0684
chr1	125150	125151	26	0.0
chr1	125188	125189	29	0.119
chr1	125202	125203	20	0.038
chr1	125230	125231	27	0.0544
chr1	125288	125289	25	0.2604
chr1	125336	125337	39	0.2841
chr1	125340	125341	32	0.1897
chr1	125383	125384	35	0.9292
chr1	125433	125434	43	0.8825
chr1	125455	125456	21	0.8447
chr1	125491	125492	37	0.8392
chr1	125522	125523	25	0.8363
chr1	125572	125573	36	0.8156
chr1	125604	125605	26	0.8891
chr1	125619	125620	32	0.8693
chr1	125634	125635	26	1.0
chr1	125655	125656	25	0.9157
chr1	125682	125683	31	0.8546
chr1	125732	125733	33	0.8618
chr1	125763	125764	30	0.9926
chr1	125806	125807	35	0.8511
chr1	125835	125836	29	0.878
chr1	125850	125851	32	0.9208
chr1	125900	125901	33	0.8219
chr1	125917	125918	35	0.9122
chr1	125924	125925	22	0.9208
chr1	126024	126025	34	0.7636
chr1	126117	126118	27	0.9947
chr1	126178	126179	23	0.9164
chr1	126237	126238	33	0.8634
chr1	126337	126338	30	0.9214
chr1	126437	126438	41	0.8318
chr1	126491	126492	33	0.9463
chr1	126538	126539	34	0.0442
chr1	126556	126557	25	0.1926
chr1	126592	126593	22	0.2063
chr1	126617	126618	32	0.2637
chr1	126639	126640	31	0.1878
chr1	126657	126658	26	0.1861
chr1	126707	126708	38	0.1832
chr1	126727	126728	26	0.1372
chr1	126760	126761	28	0.0574
chr1	126799	126800	29	0.1881
chr1	126819	126820	29	0.2349
chr1	126841	126842	28	0.2081
chr1	126860	126861	31	0.261
chr1	126881	126882	26	0.3482
chr1	126896	126897	23	0.175
chr1	126932	126933	36	0.2143
chr1	126948	126949	33	0.1671
chr1	126989	126990	40	0.2206
chr1	127026	127027	33	0.2128
chr1	127041	127042	24	0.3073
chr1	127065	127066	33	0.1623
chr1	127076	127077	37	0.0998
chr1	127176	127177	34	0.183
chr1	127276	127277	25	0.2293
chr1	127326	127327	26	0.3566
chr1	127421	127422	30	0.3716
chr1	127521	127522	28	0.0619
chr1	127575	127576	28	0.2395
chr1	127599	127600	24	0.0118
chr1	127608	127609	26	0.6864
chr1	127635	127636	33	0.7009
chr1	127659	127660	28	0.7383
chr1	127709	127710	27	0.5927
chr1	127755	127756	26	0.7392
chr1	127770	127771	34	0.7117
chr1	127815	127816	27	0.7138
chr1	127862	127863	42	0.7571
chr1	127904	127905	27	0.8776
chr1	127921	127922	32	0.7961
chr1	127940	127941	33	0.714
chr1	127971	127972	34	0.6858
chr1	127986	127987	30	0.5337
chr1	128001	128002	33	0.6274
chr1	128026	128027	28	0.4928
chr1	128051	128052	38	0.6989
chr1	128151	128152	28	0.5006
chr1	128251	128252	23	0.7201
chr1	128338	128339	23	0.5753
chr1	128388	128389	29	0.5391
chr1	128488	128489	20	0.536
chr1	128490	128491	37	0.9412
chr1	128530	128531	31	0.8465
chr1	128632	128633	28	0.8429
chr1	128634	128635	26	0.7115
chr1	128692	128693	23	0.6707
chr1	128788	128789	38	0.8031
chr1	128842	128843	27	0.9457
chr1	128902	128903	37	0.672
chr1	128908	128909	34	0.2168
chr1	128958	128959	34	0.2979
chr1	128982	128983	23	0.3083
chr1	128997	128998	32	0.1981
chr1	129034	129035	24	0.152
chr1	129054	129055	24	0.2799
chr1	129087	129088	38	0.2131
chr1	129105	129106	38	0.3224
chr1	129140	129141	25	0.2637
chr1	129185	129186	26	0.3992
chr1	129212	129213	27	0.309
chr1	129257	129258	27	0.2816
chr1	129303	129304	33	0.2637
chr1	129318	129319	36	0.0764
chr1	129342	129343	37	0.167
chr1	129354	129355	33	0.1459
chr1	129448	129449	27	0.2823
chr1	129498	129499	24	0.2875
chr1	129598	129599	30	0.1746
chr1	129698	129699	39	0.2218
chr1	129757	129758	29	0.2439
chr1	129801	129802	23	0.0538
chr1	129865	129866	26	0.0
chr1	130007	130008	26	0.2326
chr1	130047	130048	25	0.0
chr1	130101	130102	24	0.1507
chr1	130205	130206	28	0.2697
chr1	130239	130240	24	0.0
chr1	130255	130256	29	0.3199
chr1	130283	130284	30	0.3131
chr1	130329	130330	23	0.237
chr1	130363	130364	31	0.1983
chr1	130378	130379	34	0.0791
chr1	130397	130398	31	0.12
chr1	130435	130436	31	0.3656
chr1	130461	130462	24	0.0933
chr1	130509	130510	31	0.2255
chr1	130539	130540	32	0.0936
chr1	130563	130564	24	0.122
chr1	130600	130601	23	0.3337
chr1	130634	130635	26	0.2689
chr1	130669	130670	25	0.1307
chr1	130719	130720	24	0.1126
chr1	130752	130753	21	0.359
chr1	130796	130797	28	0.0
chr1	130804	130805	37	0.0712
chr1	130904	130905	33	0.253
chr1	130997	130998	25	0.2522
chr1	131068	131069	34	0.2311
chr1	131168	131169	35	0.2209
chr1	131236	131237	35	0.1156
chr1	131325	131326	35	0.0775
chr1	131329	131330	30	0.3128
chr1	131347	131348	38	0.0027
chr1	131353	131354	35	0.4088
chr1	131394	131395	29	0.1802
chr1	131426	131427	32	0.4155
chr1	131476	131477	33	0.4492
chr1	131504	131505	37	0.3721
chr1	131523	131524	37	0.4595
chr1	131573	131574	22	0.247
chr1	131623	131624	35	0.4185
chr1	131654	131655	31	0.3852
chr1	131696	131697	31	0.3734
chr1	131720	131721	37	0.4562
chr1	131745	131746	34	0.3157
chr1	131792	131793	38	0.256
chr1	131842	131843	33	0.438
chr1	131942	131943	34	0.2652
chr1	132042	132043	28	0.4122
chr1	132124	132125	32	0.2714
chr1	132224	132225	25	0.3507
chr1	132360	132361	26	0.0091
chr1	132368	132369	25	0.0827
chr1	132386	132387	27	0.172
chr1	132396	132397	30	0.1547
chr1	132428	132429	31	0.1666
chr1	132450	132451	32	0.0911
chr1	132514	132515	30	0.2971
chr1	132531	132532	24	0.3389
chr1	132549	132550	22	0.2505
chr1	132566	132567	20	0.3454
chr1	132584	132585	29	0.3427
chr1	132617	132618	25	0.3707
chr1	132636	132637	36	0.462
chr1	132666	132667	22	0.2988
chr1	132700	132701	28	0.2531
chr1	132717	132718	29	0.3882
chr1	132732	132733	30	0.2564
chr1	132781	132782	26	0.1772
chr1	132824	132825	29	0.3464
chr1	132845	132846	34	0.2761
chr1	132883	132884	35	0.3119
chr1	132924	132925	31	0.4703
chr1	132957	132958	25	0.283
chr1	132991	132992	26	0.2632
chr1	133041	133042	31	0.3367
chr1	133066	133067	30	0.3932
chr1	133068	133069	30	0.3875
chr1	133118	133119	25	0.2485
chr1	133168	133169	28	0.2554
chr1	133218	133219	33	0.3871
chr1	133318	133319	30	0.2622
chr1	133390	133391	36	0.3846
chr1	133452	133453	31	0.3763
chr1	133522	133523	35	0.4187
chr1	133556	133557	25	0.3826
chr1	133562	133563	34	0.2394
chr1	133596	133597	30	0.7321
chr1	133646	133647	27	0.6284
chr1	133677	133678	34	0.6504
chr1	133727	133728	34	0.7153
chr1	133744	133745	26	0.64
chr1	133778	133779	34	0.6741
chr1	133794	133795	20	0.6456
chr1	133844	133845	36	0.6132
chr1	133882	133883	26	0.6839
chr1	133906	133907	28	0.6548
chr1	133935	133936	26	0.4995
chr1	133983	133984	31	0.6669
chr1	134026	134027	41	0.5986
chr1	134069	134070	23	0.7359
chr1	134095	134096	19	0.7328
chr1	134122	134123	34	0.7492
chr1	134132	134133	29	0.6421
chr1	134232	134233	25	0.6792
chr1	134309	134310	27	0.5536
chr1	134409	134410	32	0.6694
chr1	134459	134460	34	0.7698
chr1	134509	134510	23	0.5163
chr1	134559	134560	34	0.7825
chr1	134659	134660	26	0.7329
chr1	134693	134694	27	0.3851
chr1	134701	134702	29	0.725
chr1	134732	134733	30	0.8076
chr1	134771	134772	29	0.5813
chr1	134809	134810	28	0.6072
chr1	134841	134842	28	0.6875
chr1	134856	134857	29	0.6695
chr1	134906	134907	35	0.4119
chr1	134956	134957	34	0.6036
chr1	134982	134983	30	0.6176
chr1	135017	135018	37	0.7194
chr1	135032	135033	38	0.7453
chr1	135067	135068	27	0.6196
chr1	135081	135082	26	0.7296
chr1	135163	135164	37	0.7812
chr1	135263	135264	35	0.6882
chr1	135363	135364	40	0.7809
chr1	135413	135414	34	0.5669
chr1	135551	135552	24	0.7756
chr1	135707	135708	26	0.7317
chr1	135735	135736	40	0.7855
chr1	135749	135750	33	0.8321
chr1	135809	135810	27	0.7879
chr1	135901	135902	33	0.8545
chr1	135907	135908	24	0.7456
chr1	135928	135929	37	0.849
chr1	135975	135976	30	0.7072
chr1	136005	136006	22	0.8256
chr1	136040	136041	25	0.6896
chr1	136090	136091	30	0.8219
chr1	136140	136141	31	0.9399
chr1	136182	136183	32	0.8162
chr1	136227	136228	26	0.5699
chr1	136246	136247	46	0.7234
chr1	136262	136263	30	0.6781
chr1	136308	136309	33	0.8501
chr1	136352	136353	31	0.6532
chr1	136383	136384	23	0.758
chr1	136403	136404	28	0.7608
chr1	136412	136413	29	0.7998
chr1	136512	136513	36	0.7442
chr1	136612	136613	37	0.7239
chr1	136712	136713	26	0.8536
chr1	136762	136763	32	0.824
chr1	136862	136863	31	0.6234
chr1	137028	137029	26	0.9279
chr1	137038	137039	29	0.7935
chr1	137150	137151	29	0.9996
chr1	137222	137223	23	0.9456
chr1	137264	137265	28	0.8413
chr1	137266	137267	24	0.9023
chr1	137314	137315	36	0.6875
chr1	137335	137336	29	0.7867
chr1	137376	137377	24	0.818
chr1	137426	137427	34	0.7833
chr1	137455	137456	22	0.7493
chr1	137488	137489	28	0.7784
chr1	137525	137526	27	0.7572
chr1	137553	137554	34	0.6663
chr1	137601	137602	33	0.8251
chr1	137620	137621	28	0.7347
chr1	137670	137671	21	0.7603
chr1	137691	137692	22	0.7588
chr1	137708	137709	25	0.8
chr1	137735	137736	35	0.8548
chr1	137793	137794	24	0.8922
chr1	137892	137893	29	0.9678
chr1	137992	137993	30	0.7442
chr1	138092	138093	33	0.8152
chr1	138145	138146	35	0.9361
chr1	138225	138226	29	0.871
chr1	138253	138254	34	0.7894
chr1	138277	138278	26	0.7992
chr1	138327	138328	29	0.7595
chr1	138351	138352	33	0.7248
chr1	138377	138378	31	0.8043
chr1	138427	138428	25	0.6682
chr1	138442	138443	32	0.6225
chr1	138492	138493	33	0.7828
chr1	138528	138529	30	0.7033
chr1	138555	138556	24	0.666
chr1	138584	138585	36	0.5897
chr1	138634	138635	38	0.6951
chr1	138684	138685	33	0.7049
chr1	138699	138700	16	0.5749
chr1	138716	138717	34	0.867
chr1	138744	138745	20	0.6478
chr1	138844	138845	27	0.6176
chr1	138918	138919	24	0.698
chr1	139018	139019	39	0.6872
chr1	139118	139119	35	0.7649
chr1	139168	139169	30	0.7558
chr1	139170	139171	28	0.8967
chr1	139200	139201	34	0.1638
chr1	139225	139226	30	0.1655
chr1	139251	139252	28	0.0331
chr1	139275	139276	32	0.0893
chr1	139300	139301	40	0.0437
chr1	139332	139333	24	0.1528
chr1	139347	139348	33	0.0913
chr1	139397	139398	32	0.0551
chr1	139412	139413	27	0.0199
chr1	139455	139456	28	0.1604
chr1	139505	139506	29	0.1088
chr1	139524	139525	26	0.1489
chr1	139572	139573	34	0.0
chr1	139605	139606	31	0.1635
chr1	139630	139631	30	0.0721
chr1	139672	139673	29	0.0
chr1	139699	139700	27	0.1862
chr1	139749	139750	24	0.1716
chr1	139799	139800	26	0.0561
chr1	139830	139831	24	0.0656
chr1	139832	139833	35	0.1918
chr1	139882	139883	30	0.0058
chr1	139947	139948	34	0.1388
chr1	140026	140027	24	0.0
chr1	140076	140077	29	0.117
chr1	140157	140158	27	0.0642
chr1	140213	140214	33	0.1254
chr1	140313	140314	27	0.1203
chr1	140363	140364	34	0.0017
chr1	140450	140451	29	0.0514
chr1	140472	140473	43	0.0
chr1	140492	140493	30	0.1634
chr1	140522	140523	26	0.7118
chr1	140554	140555	36	0.6862
chr1	140584	140585	25	0.7774
chr1	140622	140623	27	0.9198
chr1	140672	140673	17	0.6805
chr1	140687	140688	31	0.7627
chr1	140723	140724	37	0.6114
chr1	140738	140739	35	0.7672
chr1	140776	140777	25	0.779
chr1	140826	140827	26	0.813
chr1	140870	140871	24	0.6909
chr1	140889	140890	25	0.7006
chr1	140908	140909	31	0.7281
chr1	140925	140926	33	0.7416
chr1	140953	140954	18	0.5719
chr1	140968	140969	34	0.7045
chr1	140987	140988	32	0.692
chr1	141016	141017	32	0.7902
chr1	141052	141053	30	0.6854
chr1	141074	141075	25	0.8136
chr1	141075	141076	22	0.9209
chr1	141175	141176	36	0.7777
chr1	141275	141276	27	0.8427
chr1	141375	141376	26	0.6719
chr1	141475	141476	25	0.6275
chr1	141534	141535	27	0.7279
chr1	141562	141563	34	0.9294
chr1	141573	141574	26	0.6739
chr1	141606	141607	26	0.5697
chr1	141644	141645	27	0.6727
chr1	141694	141695	23	0.7431
chr1	141710	141711	28	0.585
chr1	141726	141727	23	0.8069
chr1	141753	141754	29	0.7545
chr1	141780	141781	32	0.6905
chr1	141815	141816	39	0.676
chr1	141864	141865	29	0.6885
chr1	141881	141882	29	0.6935
chr1	141908	141909	29	0.686
chr1	141923	141924	29	0.6166
chr1	141943	141944	29	0.5082
chr1	141987	141988	21	0.5043
chr1	142023	142024	30	0.6724
chr1	142073	142074	25	0.6915
chr1	142078	142079	32	0.6609
chr1	142160	142161	33	0.7153
chr1	142254	142255	29	0.5586
chr1	142304	142305	39	0.428
chr1	142387	142388	33	0.6999
chr1	142487	142488	29	0.5195
chr1	142570	142571	33	0.5171
chr1	142594	142595	39	0.9287
chr1	142632	142633	27	0.558
chr1	142674	142675	20	0.653
chr1	142689	142690	35	0.7448
chr1	142739	142740	36	0.7145
chr1	142766	142767	31	0.5876
chr1	142781	142782	35	0.6059
chr1	142807	142808	29	0.8014
chr1	142857	142858	29	0.8388
chr1	142892	142893	35	0.7433
chr1	142942	142943	43	0.7281
chr1	142987	142988	23	0.8077
chr1	143022	143023	25	0.6098
chr1	143039	143040	37	0.5141
chr1	143054	143055	28	0.7766
chr1	143076	143077	37	0.6817
chr1	143102	143103	29	0.6695
chr1	143117	143118	23	0.6547
chr1	143145	143146	33	0.6788
chr1	143166	143167	30	0.6291
chr1	143216	143217	35	0.6471
chr1	143316	143317	34	0.7627
chr1	143409	143410	30	0.6655
chr1	143509	143510	34	0.6339
chr1	143609	143610	23	0.8683
chr1	143681	143682	28	0.7968
chr1	143701	143702	26	0.7398
chr1	143726	143727	23	0.6107
chr1	143766	143767	24	0.7172
chr1	143795	143796	22	0.734
chr1	143812	143813	30	0.7197
chr1	143862	143863	31	0.6817
chr1	143889	143890	39	0.8308
chr1	143918	143919	28	0.749
chr1	143968	143969	35	0.8071
chr1	144018	144019	35	0.698
chr1	144033	144034	33	0.7943
chr1	144069	144070	27	0.6239
chr1	144090	144091	29	0.5505
chr1	144111	144112	26	0.7536
chr1	144148	144149	28	0.7396
chr1	144180	144181	24	0.6425
chr1	144230	144231	30	0.7229
chr1	144265	144266	31	0.5626
chr1	144348	144349	29	0.7166
chr1	144398	144399	27	0.6492
chr1	144492	144493	33	0.6153
chr1	144592	144593	32	0.6767
chr1	144692	144693	31	0.7408
chr1	144742	144743	31	0.6368
chr1	144795	144796	34	0.4642
chr1	144815	144816	25	0.7039
chr1	144871	144872	30	0.7666
chr1	144886	144887	28	0.6919
chr1	144903	144904	23	0.9032
chr1	144927	144928	31	0.6823
chr1	144961	144962	27	0.6976
chr1	145010	145011	21	0.7781
chr1	145041	145042	24	0.7471
chr1	145091	145092	27	0.7018
chr1	145141	145142	30	0.5743
chr1	145172	145173	29	0.8646
chr1	145194	145195	21	0.9209
chr1	145224	145225	28	0.7025
chr1	145258	145259	32	0.8461
chr1	145290	145291	33	0.85
chr1	145310	145311	32	0.7871
chr1	145326	145327	34	0.8244
chr1	145354	145355	32	0.9216
chr1	145404	145405	30	0.8427
chr1	145430	145431	24	0.5783
chr1	145431	145432	28	0.9189
chr1	145527	145528	31	0.6757
chr1	145627	145628	25	0.6762
chr1	145727	145728	31	0.823
chr1	145827	145828	39	0.7593
chr1	145900	145901	31	0.6896
chr1	145944	145945	36	0.7383
chr1	145994	145995	27	0.8556
chr1	146017	146018	35	0.4921
chr1	146033	146034	40	0.6353
chr1	146073	146074	29	0.6718
chr1	146092	146093	22	0.5319
chr1	146131	146132	30	0.661
chr1	146156	146157	35	0.6394
chr1	146186	146187	32	0.6749
chr1	146236	146237	28	0.5292
chr1	146253	146254	33	0.6158
chr1	146297	146298	32	0.4122
chr1	146319	146320	29	0.5549
chr1	146369	146370	31	0.6882
chr1	146401	146402	27	0.4025
chr1	146442	146443	34	0.6475
chr1	146459	146460	28	0.4349
chr1	146507	146508	31	0.5411
chr1	146595	146596	25	0.5882
chr1	146647	146648	29	0.5779
chr1	146747	146748	30	0.5448
chr1	146845	146846	27	0.4925
chr1	146945	146946	33	0.5167
chr1	147027	147028	35	0.5926
chr1	147037	147038	32	0.296
chr1	147057	147058	26	0.4676
chr1	147089	147090	29	0.3367
chr1	147138	147139	27	0.2683
chr1	147188	147189	29	0.1718
chr1	147209	147210	33	0.3614
chr1	147259	147260	36	0.0662
chr1	147291	147292	27	0.2701
chr1	147333	147334	32	0.2601
chr1	147358	147359	29	0.0
chr1	147408	147409	33	0.4802
chr1	147454	147455	18	0.3632
chr1	147474	147475	21	0.1387
chr1	147553	147554	26	0.0
chr1	147603	147604	28	0.2369
chr1	147655	147656	25	0.3716
chr1	147722	147723	29	0.3689
chr1	147807	147808	22	0.0637
chr1	147907	147908	28	0.0162
chr1	147949	147950	17	0.0851
chr1	147971	147972	32	0.7908
chr1	148021	148022	31	0.7466
chr1	148055	148056	31	0.662
chr1	148072	148073	25	0.7318
chr1	148122	148123	22	0.8204
chr1	148145	148146	21	0.6786
chr1	148195	148196	34	0.6597
chr1	148214	148215	27	0.852
chr1	148264	148265	32	0.7514
chr1	148295	148296	37	0.6297
chr1	148315	148316	34	0.768
chr1	148355	148356	37	0.7141
chr1	148374	148375	33	0.6703
chr1	148389	148390	27	0.7723
chr1	148419	148420	28	0.6234
chr1	148483	148484	26	0.7149
chr1	148551	148552	39	0.7207
chr1	148649	148650	29	0.6194
chr1	148716	148717	29	0.6587
chr1	148816	148817	25	0.7427
chr1	148826	148827	26	0.6008
chr1	148858	148859	27	0.7154
chr1	148887	148888	30	0.4796
chr1	148918	148919	28	0.5708
chr1	148934	148935	22	0.5629
chr1	148966	148967	32	0.6627
chr1	149016	149017	24	0.58
chr1	149033	149034	26	0.504
chr1	149059	149060	30	0.7286
chr1	149101	149102	32	0.6045
chr1	149145	149146	22	0.6566
chr1	149175	149176	28	0.5485
chr1	149225	149226	31	0.685
chr1	149265	149266	30	0.7212
chr1	149308	149309	29	0.674
chr1	149342	149343	26	0.6638
chr1	149369	149370	26	0.6254
chr1	149376	149377	34	0.753
chr1	149461	149462	35	0.7337
chr1	149513	149514	28	0.6897
chr1	149581	149582	26	0.5505
chr1	149635	149636	28	0.5907
chr1	149728	149729	34	0.6416
chr1	149828	149829	34	0.5668
chr1	149894	149895	22	0.7646
chr1	149914	149915	25	0.7389
chr1	149949	149950	32	0.8411
chr1	149982	149983	34	1.0
chr1	150002	150003	40	0.42
chr1	150041	150042	37	0.6714
chr1	150061	150062	19	0.7264
chr1	150093	150094	27	0.6314
chr1	150119	150120	33	0.6231
chr1	150148	150149	39	0.6111
chr1	150198	150199	25	0.666
chr1	150213	150214	29	0.6558
chr1	150231	150232	29	0.6611
chr1	150253	150254	28	0.6608
chr1	150303	150304	27	0.6495
chr1	150345	150346	32	0.9165
chr1	150374	150375	20	0.5822
chr1	150424	150425	31	0.7172
chr1	150430	150431	30	0.765
chr1	150494	150495	35	1.0
chr1	150580	150581	32	0.7141
chr1	150680	150681	34	0.6645
chr1	150780	150781	35	0.5562
chr1	150830	150831	37	1.0
chr1	150930	150931	18	0.8565
chr1	150956	150957	23	1.0
chr1	150979	150980	26	0.6932
chr1	151025	151026	33	0.572
chr1	151064	151065	31	0.8721
chr1	151114	151115	36	0.7981
chr1	151153	151154	25	0.6006
chr1	151177	151178	32	0.8093
chr1	151192	151193	33	0.7901
chr1	151216	151217	30	0.6227
chr1	151263	151264	19	0.6547
chr1	151283	151284	38	0.8162
chr1	151301	151302	22	0.9325
chr1	151325	151326	28	0.8632
chr1	151347	151348	24	0.5822
chr1	151397	151398	30	0.6628
chr1	151414	151415	27	0.7571
chr1	151437	151438	28	0.8403
chr1	151453	151454	24	0.7388
chr1	151552	151553	36	0.8544
chr1	151606	151607	24	0.81
chr1	151706	151707	36	0.7838
chr1	151797	151798	20	0.8152
chr1	151897	151898	33	0.776
chr1	151973	151974	31	0.8065
chr1	151989	151990	30	0.7139
chr1	152008	152009	28	0.3617
chr1	152058	152059	46	0.0461
chr1	152082	152083	25	0.3107
chr1	152112	152113	29	0.1117
chr1	152154	152155	32	0.1954
chr1	152217	152218	28	0.3164
chr1	152267	152268	37	0.0924
chr1	152317	152318	35	0.2902
chr1	152339	152340	33	0.3232
chr1	152362	152363	36	0.2333
chr1	152388	152389	31	0.2738
chr1	152413	152414	23	0.1235
chr1	152445	152446	34	0.2103
chr1	152472	152473	34	0.1906
chr1	152487	152488	29	0.1825
chr1	152506	152507	30	0.256
chr1	152531	152532	29	0.1796
chr1	152559	152560	27	0.3173
chr1	152659	152660	32	0.2908
chr1	152735	152736	27	0.2403
chr1	152785	152786	35	0.1881
chr1	152885	152886	31	0.2027
chr1	152968	152969	26	0.2863
chr1	153035	153036	24	0.1713
chr1	153083	153084	26	0.3102
chr1	153091	153092	29	0.8618
chr1	153107	153108	32	0.8174
chr1	153122	153123	30	0.767
chr1	153165	153166	26	0.9142
chr1	153189	153190	31	0.9438
chr1	153216	153217	31	0.6319
chr1	153232	153233	22	0.7616
chr1	153273	153274	25	0.7315
chr1	153315	153316	27	0.9055
chr1	153330	153331	29	0.614
chr1	153380	153381	26	0.6743
chr1	153419	153420	37	0.5606
chr1	153469	153470	28	0.7154
chr1	153504	153505	24	0.7235
chr1	153544	153545	38	0.8003
chr1	153590	153591	40	0.7467
chr1	153619	153620	24	0.7829
chr1	153660	153661	35	0.8025
chr1	153665	153666	34	0.7512
chr1	153765	153766	37	0.8642
chr1	153865	153866	27	0.7072
chr1	153935	153936	30	0.9743
chr1	153985	153986	29	0.8013
chr1	154085	154086	32	0.8633
chr1	154185	154186	38	0.9381
chr1	154381	154382	31	0.8904
chr1	154523	154524	33	0.9129
chr1	154575	154576	35	0.7123
chr1	154623	154624	25	0.7715
chr1	154625	154626	22	0.7825
chr1	154661	154662	20	0.9435
chr1	154710	154711	25	0.7565
chr1	154731	154732	29	1.0
chr1	154774	154775	38	0.9568
chr1	154801	154802	39	0.9475
chr1	154830	154831	26	0.8336
chr1	154849	154850	22	0.7916
chr1	154864	154865	37	0.7161
chr1	154910	154911	29	0.7752
chr1	154953	154954	32	0.7955
chr1	154981	154982	34	0.9757
chr1	155006	155007	32	0.8357
chr1	155056	155057	24	0.9536
chr1	155071	155072	38	0.8464
chr1	155097	155098	26	0.9498
chr1	155128	155129	33	0.9209
chr1	155143	155144	36	0.6921
chr1	155163	155164	35	0.7289
chr1	155219	155220	22	0.7825
chr1	155315	155316	29	0.9233
chr1	155415	155416	30	0.7692
chr1	155477	155478	35	0.8409
chr1	155537	155538	34	0.9152
chr1	155549	155550	26	1.0
chr1	155615	155616	25	0.8638
chr1	155638	155639	32	0.8289
chr1	155688	155689	37	0.9642
chr1	155715	155716	25	0.9476
chr1	155747	155748	33	0.8435
chr1	155770	155771	46	0.8532
chr1	155820	155821	25	0.9872
chr1	155844	155845	21	0.8645
chr1	155890	155891	43	0.8761
chr1	155914	155915	29	0.9426
chr1	155933	155934	30	0.9195
chr1	155960	155961	28	0.9061
chr1	155977	155978	26	0.8055
chr1	155996	155997	33	0.8125
chr1	156024	156025	24	0.8583
chr1	156055	156056	24	0.9261
chr1	156105	156106	28	0.7809
chr1	156108	156109	25	0.9836
chr1	156158	156159	31	0.9715
chr1	156258	156259	35	0.8893
chr1	156308	156309	25	0.8467
chr1	156408	156409	39	0.8109
chr1	156465	156466	35	0.8918
chr1	156565	156566	28	0.867
chr1	156605	156606	31	1.0
chr1	156643	156644	30	0.896
chr1	156662	156663	27	0.7612
chr1	156712	156713	29	0.832
chr1	156762	156763	28	0.6934
chr1	156801	156802	37	0.7889
chr1	156818	156819	32	0.8949
chr1	156833	156834	26	0.8145
chr1	156883	156884	35	0.8125
chr1	156908	156909	30	0.5989
chr1	156931	156932	34	0.8854
chr1	156956	156957	30	0.5872
chr1	156976	156977	16	0.7522
chr1	157010	157011	31	0.7704
chr1	157027	157028	39	0.8884
chr1	157058	157059	32	0.7061
chr1	157075	157076	21	0.8877
chr1	157175	157176	30	0.7389
chr1	157275	157276	34	0.7868
chr1	157353	157354	20	0.7418
chr1	157442	157443	29	0.7894
chr1	157492	157493	34	0.8026
chr1	157494	157495	26	0.9838
chr1	157554	157555	19	0.8648
chr1	157572	157573	39	0.9574
chr1	157603	157604	26	0.9001
chr1	157653	157654	24	0.7167
chr1	157703	157704	30	0.7218
chr1	157738	157739	31	0.758
chr1	157779	157780	23	0.753
chr1	157825	157826	30	0.8404
chr1	157840	157841	19	0.9292
chr1	157868	157869	29	0.706
chr1	157904	157905	33	0.9396
chr1	157919	157920	23	0.7526
chr1	157938	157939	31	0.8991
chr1	157988	157989	27	0.8518
chr1	158034	158035	25	0.8415
chr1	158084	158085	28	0.8502
chr1	158092	158093	27	0.8357
chr1	158160	158161	41	0.6974
chr1	158219	158220	30	0.8122
chr1	158319	158320	31	0.7497
chr1	158378	158379	28	0.8171
chr1	158441	158442	25	0.8399
chr1	158541	158542	29	0.9014
chr1	158589	158590	22	0.9155
chr1	158636	158637	30	0.2481
chr1	158665	158666	29	0.1388
chr1	158688	158689	30	0.1762
chr1	158720	158721	29	0.175
chr1	158735	158736	31	0.0924
chr1	158755	158756	35	0.3559
chr1	158782	158783	20	0.1311
chr1	158811	158812	28	0.1971
chr1	158852	158853	37	0.2072
chr1	158867	158868	29	0.2988
chr1	158884	158885	32	0.2271
chr1	158934	158935	36	0.2411
chr1	158959	158960	33	0.3607
chr1	159009	159010	26	0.395
chr1	159026	159027	22	0.2977
chr1	159076	159077	28	0.1153
chr1	159123	159124	37	0.1871
chr1	159152	159153	30	0.3294
chr1	159202	159203	27	0.2476
chr1	159302	159303	25	0.2003
chr1	159389	159390	29	0.3006
chr1	159489	159490	31	0.2469
chr1	159576	159577	32	0.1527
chr1	159639	159640	21	0.1643
chr1	159657	159658	37	0.1199
chr1	159683	159684	29	0.4167
chr1	160595	160596	33	0.6362
chr1	160630	160631	34	0.7088
chr1	160645	160646	32	0.6868
chr1	160668	160669	28	0.7663
chr1	160713	160714	29	0.7404
chr1	160740	160741	21	0.6905
chr1	160773	160774	33	0.7548
chr1	160802	160803	34	0.8176
chr1	160825	160826	24	0.7136
chr1	160843	160844	29	0.711
chr1	160875	160876	34	0.8425
chr1	160897	160898	30	0.7132
chr1	160940	160941	27	0.8209
chr1	160955	160956	25	0.6874
chr1	160972	160973	27	0.754
chr1	160992	160993	30	0.7401
chr1	161042	161043	33	0.723
chr1	161057	161058	28	0.6593
chr1	161072	161073	30	0.8267
chr1	161082	161083	35	0.7746
chr1	161132	161133	37	0.5417
chr1	161232	161233	33	0.7898
chr1	161332	161333	30	0.6373
chr1	161399	161400	26	0.7323
chr1	161477	161478	34	0.761
chr1	161615	161616	32	0.9778
chr1	161631	161632	31	0.8817
chr1	161667	161668	30	0.8615
chr1	161679	161680	31	0.8084
chr1	161739	161740	23	0.9625
chr1	161751	161752	30	0.901
chr1	161757	161758	33	0.3003
chr1	161780	161781	32	0.2452
chr1	161819	161820	28	0.1341
chr1	161861	161862	35	0.4
chr1	161887	161888	26	0.2779
chr1	161934	161935	27	0.3688
chr1	161980	161981	24	0.1517
chr1	162007	162008	30	0.3997
chr1	162040	162041	29	0.4056
chr1	162078	162079	29	0.373
chr1	162100	162101	24	0.1458
chr1	162115	162116	30	0.4096
chr1	162134	162135	22	0.3434
chr1	162156	162157	28	0.3031
chr1	162197	162198	31	0.3506
chr1	162240	162241	25	0.2739
chr1	162284	162285	29	0.3893
chr1	162313	162314	23	0.4579
chr1	162345	162346	27	0.4142
chr1	162378	162379	19	0.4673
chr1	162406	162407	26	0.4423
chr1	162428	162429	28	0.2786
chr1	162436	162437	25	0.4011
chr1	162536	162537	39	0.2544
chr1	162636	162637	40	0.312
chr1	162736	162737	37	0.3942
chr1	162836	162837	25	0.293
chr1	162936	162937	33	0.5853
chr1	162986	162987	34	0.3984
chr1	163036	163037	34	0.2598
chr1	163108	163109	25	0.2287
chr1	163116	163117	23	0.0626
chr1	163238	163239	25	0.1121
chr1	163256	163257	32	0.0491
chr1	163270	163271	30	0.0
chr1	163352	163353	34	0.0383
chr1	163386	163387	22	0.1209
chr1	163402	163403	25	0.0778
chr1	163412	163413	40	0.1068
chr1	163432	163433	25	0.0622
chr1	163550	163551	34	0.1518
chr1	163599	163600	24	0.9789
chr1	163639	163640	33	0.8412
chr1	163689	163690	33	0.8933
chr1	163722	163723	27	0.8673
chr1	163755	163756	30	0.8817
chr1	163772	163773	31	0.8978
chr1	163816	163817	28	0.8162
chr1	163837	163838	19	0.8527
chr1	163887	163888	32	0.8998
chr1	163912	163913	26	0.9495
chr1	163928	163929	28	0.8738
chr1	163953	163954	26	0.9192
chr1	163971	163972	27	0.7735
chr1	164006	164007	26	0.9588
chr1	164026	164027	27	1.0
chr1	164030	164031	39	0.7849
chr1	164094	164095	28	0.843
chr1	164194	164195	22	0.8461
chr1	164294	164295	28	0.9975
chr1	164344	164345	27	0.9504
chr1	164441	164442	34	0.9574
chr1	164473	164474	32	0.9779
chr1	164512	164513	37	0.8417
chr1	164562	164563	31	0.592
chr1	164593	164594	30	0.6092
chr1	164629	164630	28	0.817
chr1	164647	164648	35	0.7279
chr1	164694	164695	34	0.8472
chr1	164744	164745	32	0.7731
chr1	164772	164773	24	0.6355
chr1	164787	164788	21	0.8202
chr1	164816	164817	34	0.8335
chr1	164866	164867	33	0.7178
chr1	164884	164885	29	0.7315
chr1	164920	164921	32	0.6256
chr1	164938	164939	29	0.8468
chr1	164965	164966	40	0.6297
chr1	165002	165003	26	0.7729
chr1	165052	165053	35	0.8289
chr1	165072	165073	32	0.806
chr1	165172	165173	31	0.6855
chr1	165252	165253	20	0.8896
chr1	165323	165324	36	0.7249
chr1	165411	165412	26	0.7782
chr1	165486	165487	31	0.8263
chr1	165557	165558	29	0.8398
chr1	165613	165614	25	0.8372
chr1	165677	165678	30	0.8798
chr1	165679	165680	34	0.8266
chr1	165699	165700	30	0.8643
chr1	165734	165735	27	0.684
chr1	165752	165753	23	0.7914
chr1	165802	165803	38	0.6506
chr1	165849	165850	23	0.6137
chr1	165896	165897	31	0.7324
chr1	165927	165928	33	0.7086
chr1	165955	165956	23	0.6192
chr1	165976	165977	28	0.6309
chr1	165998	165999	30	0.7869
chr1	166048	166049	25	0.619
chr1	166098	166099	23	0.5838
chr1	166101	166102	18	0.8396
chr1	166192	166193	24	0.7429
chr1	166267	166268	28	0.7018
chr1	166367	166368	21	0.7833
chr1	166418	166419	29	0.5641
chr1	166464	166465	26	0.8409
chr1	166506	166507	35	0.8549
chr1	166513	166514	24	0.3779
chr1	166534	166535	25	0.4817
chr1	166558	166559	31	0.403
chr1	166585	166586	20	0.4515
chr1	166618	166619	28	0.351
chr1	166646	166647	33	0.5288
chr1	166665	166666	31	0.4791
chr1	166714	166715	27	0.4276
chr1	166731	166732	34	0.3823
chr1	166768	166769	28	0.3872
chr1	166818	166819	13	0.4077
chr1	166833	166834	23	0.481
chr1	166883	166884	28	0.5075
chr1	166906	166907	24	0.248
chr1	166924	166925	26	0.3028
chr1	166966	166967	33	0.3453
chr1	167023	167024	39	0.3545
chr1	167123	167124	25	0.3591
chr1	167181	167182	25	0.4055
chr1	167281	167282	31	0.2924
chr1	167381	167382	23	0.3724
chr1	167433	167434	26	0.121
chr1	167443	167444	36	0.1078
chr1	167481	167482	36	0.1048
chr1	167501	167502	33	0.2388
chr1	167529	167530	33	0.2695
chr1	167679	167680	22	0.2097
chr1	167775	167776	27	0.0
chr1	167823	167824	26	0.7238
chr1	167873	167874	25	0.5479
chr1	167906	167907	23	0.7119
chr1	167936	167937	25	0.6179
chr1	167977	167978	23	0.647
chr1	167996	167997	28	0.7015
chr1	168046	168047	28	0.6717
chr1	168096	168097	29	0.8101
chr1	168143	168144	27	0.715
chr1	168158	168159	29	0.6729
chr1	168185	168186	37	0.7435
chr1	168213	168214	32	0.5893
chr1	168263	168264	30	0.6152
chr1	168313	168314	31	0.6661
chr1	168333	168334	28	0.6499
chr1	168383	168384	28	0.5676
chr1	168395	168396	32	0.6211
chr1	168495	168496	36	0.5626
chr1	168595	168596	31	0.5774
chr1	168645	168646	34	0.6915
chr1	168745	168746	25	0.6367
chr1	168845	168846	30	0.6245
chr1	168895	168896	29	0.668
chr1	168977	168978	34	0.7937
chr1	168987	168988	21	0.4694
chr1	169016	169017	37	0.6207
chr1	169034	169035	25	0.5933
chr1	169050	169051	34	0.6061
chr1	169097	169098	32	0.4547
chr1	169114	169115	27	0.539
chr1	169140	169141	33	0.4628
chr1	169171	169172	28	0.3917
chr1	169221	169222	31	0.5354
chr1	169251	169252	24	0.4853
chr1	169266	169267	22	0.5407
chr1	169308	169309	24	0.6127
chr1	169343	169344	34	0.6615
chr1	169370	169371	25	0.5467
chr1	169402	169403	32	0.4914
chr1	169429	169430	27	0.5498
chr1	169450	169451	38	0.5634
chr1	169470	169471	32	0.3375
chr1	169489	169490	23	0.58
chr1	169493	169494	30	0.3974
chr1	169543	169544	30	0.6296
chr1	169606	169607	43	0.4607
chr1	169706	169707	33	0.5722
chr1	169771	169772	31	0.2971
chr1	169871	169872	19	0.5533
chr1	169930	169931	29	0.5982
chr1	170004	170005	21	0.8686
chr1	170112	170113	29	0.8521
chr1	170180	170181	24	0.6048
chr1	170238	170239	37	0.6942
chr1	170262	170263	37	0.8109
chr1	170326	170327	30	0.805
chr1	170368	170369	41	0.5742
chr1	170376	170377	27	0.8954
chr1	170386	170387	32	0.5244
chr1	170419	170420	30	0.7779
chr1	170469	170470	25	0.629
chr1	170485	170486	28	0.6992
chr1	170532	170533	28	0.5807
chr1	170555	170556	38	0.5555
chr1	170596	170597	30	0.5453
chr1	170646	170647	23	0.6149
chr1	170661	170662	34	0.606
chr1	170690	170691	36	0.6627
chr1	170712	170713	30	0.8308
chr1	170735	170736	25	0.7576
chr1	170773	170774	32	0.7163
chr1	170807	170808	34	0.8069
chr1	170816	170817	32	0.7424
chr1	170900	170901	25	0.4637
chr1	171000	171001	24	0.7224
chr1	171100	171101	27	0.6302
chr1	171150	171151	33	0.7175
chr1	171190	171191	34	0.9801
chr1	171304	171305	27	0.7684
chr1	171338	171339	26	0.8502
chr1	171352	171353	34	0.8
chr1	171388	171389	31	0.893
chr1	171432	171433	29	0.7527
chr1	171482	171483	26	0.641
chr1	171532	171533	31	0.7252
chr1	171573	171574	18	0.8046
chr1	171608	171609	27	0.6927
chr1	171658	171659	34	0.6845
chr1	171678	171679	28	0.6248
chr1	171728	171729	28	0.7177
chr1	171754	171755	30	0.7571
chr1	171784	171785	26	0.7576
chr1	171834	171835	24	0.8186
chr1	171874	171875	34	0.8642
chr1	171881	171882	31	0.8177
chr1	171943	171944	29	0.6937
chr1	172043	172044	26	0.8735
chr1	172143	172144	30	0.8441
chr1	172222	172223	26	0.7664
chr1	172322	172323	45	0.6731
chr1	172352	172353	34	0.7303
chr1	172410	172411	27	0.8375
chr1	172430	172431	25	0.918
chr1	172453	172454	29	0.8707
chr1	172470	172471	34	0.7225
chr1	172503	172504	24	0.6429
chr1	172532	172533	28	0.7574
chr1	172548	172549	30	0.8439
chr1	172598	172599	27	0.7702
chr1	172635	172636	25	0.7126
chr1	172683	172684	26	0.7613
chr1	172704	172705	34	0.657
chr1	172746	172747	24	0.8976
chr1	172796	172797	26	0.8857
chr1	172816	172817	31	0.763
chr1	172846	172847	22	0.8159
chr1	172875	172876	28	0.8377
chr1	172897	172898	22	0.83
chr1	172898	172899	32	0.794
chr1	172998	172999	32	0.8514
chr1	173098	173099	31	0.7625
chr1	173198	173199	20	0.7177
chr1	173298	173299	25	0.9318
chr1	173308	173309	36	0.838
chr1	173368	173369	23	0.8923
chr1	173402	173403	27	0.1824
chr1	173428	173429	37	0.1411
chr1	173443	173444	31	0.1336
chr1	173464	173465	34	0.087
chr1	173514	173515	30	0.1235
chr1	173548	173549	27	0.15
chr1	173592	173593	31	0.034
chr1	173642	173643	35	0.2147
chr1	173657	173658	33	0.1252
chr1	173673	173674	39	0.2314
chr1	173696	173697	30	0.2467
chr1	173714	173715	37	0.0832
chr1	173734	173735	36	0.0764
chr1	173749	173750	33	0.1518
chr1	173769	173770	28	0.1338
chr1	173803	173804	26	0.0289
chr1	173848	173849	30	0.2141
chr1	173863	173864	34	0.0587
chr1	173906	173907	31	0.049
chr1	173909	173910	31	0.2162
chr1	174009	174010	40	0.1151
chr1	174059	174060	30	0.0162
chr1	174109	174110	32	0.107
chr1	174209	174210	29	0.0208
chr1	174309	174310	29	0.188
chr1	174409	174410	28	0.0
chr1	174417	174418	35	0.1857
chr1	174503	174504	33	0.1089
chr1	174532	174533	32	0.7465
chr1	174582	174583	30	0.8602
chr1	174602	174603	31	0.7166
chr1	174639	174640	30	0.7357
chr1	174674	174675	28	0.7787
chr1	174698	174699	37	0.81
chr1	174747	174748	32	0.785
chr1	174777	174778	30	0.6884
chr1	174813	174814	19	0.8966
chr1	174832	174833	32	0.9485
chr1	174877	174878	29	0.619
chr1	174898	174899	25	0.7986
chr1	174926	174927	28	0.6883
chr1	174949	174950	29	0.7504
chr1	174982	174983	30	0.8783
chr1	175015	175016	30	0.5962
chr1	175036	175037	18	0.7568
chr1	175064	175065	26	0.7043
chr1	175089	175090	31	0.7386
chr1	175189	175190	23	0.8113
chr1	175289	175290	30	0.7669
chr1	175339	175340	27	0.8379
chr1	175439	175440	40	0.8986
chr1	175539	175540	31	0.6176
chr1	175589	175590	38	0.8732
chr1	175681	175682	30	0.9397
chr1	175693	175694	25	0.9097
chr1	175719	175720	28	0.9886
chr1	175748	175749	25	0.863
chr1	175765	175766	27	0.9309
chr1	175787	175788	28	0.8463
chr1	175833	175834	32	0.9696
chr1	175848	175849	30	0.8221
chr1	175878	175879	24	0.9016
chr1	175903	175904	24	0.8082
chr1	175926	175927	24	0.9891
chr1	175947	175948	31	1.0
chr1	175976	175977	28	0.9759
chr1	176007	176008	26	0.879
chr1	176040	176041	32	0.8741
chr1	176090	176091	34	0.9347
chr1	176140	176141	27	0.8589
chr1	176158	176159	35	0.9893
chr1	176185	176186	25	0.7747
chr1	176216	176217	32	0.8212
chr1	176234	176235	34	0.9333
chr1	176249	176250	29	0.9346
chr1	176258	176259	25	0.9117
chr1	176358	176359	32	0.8905
chr1	176423	176424	25	1.0
chr1	176473	176474	26	0.9678
chr1	176537	176538	32	0.8987
chr1	176621	176622	31	1.0
chr1	176721	176722	42	0.9073
chr1	176821	176822	33	0.9127
chr1	176833	176834	21	0.7792
chr1	176835	176836	24	0.8938
chr1	176868	176869	29	0.7778
chr1	176915	176916	26	0.602
chr1	176937	176938	25	0.8456
chr1	176980	176981	33	0.7492
chr1	177016	177017	28	0.7534
chr1	177055	177056	24	0.5768
chr1	177074	177075	24	0.7714
chr1	177100	177101	26	0.8383
chr1	177129	177130	23	0.8326
chr1	177150	177151	27	0.8865
chr1	177165	177166	22	0.7404
chr1	177212	177213	34	0.7705
chr1	177245	177246	31	0.7404
chr1	177271	177272	28	0.9695
chr1	177290	177291	23	0.7528
chr1	177319	177320	36	0.681
chr1	177346	177347	28	0.7557
chr1	177363	177364	28	0.7719
chr1	177436	177437	27	0.7642
chr1	177536	177537	31	0.6197
chr1	177630	177631	30	0.7769
chr1	177730	177731	29	0.6437
chr1	177803	177804	22	0.6816
chr1	177873	177874	30	0.8943
chr1	177907	177908	32	0.8826
chr1	177938	177939	31	0.6503
chr1	177971	177972	34	0.8543
chr1	177993	177994	35	0.8952
chr1	178026	178027	30	0.7391
chr1	178073	178074	28	0.7344
chr1	178117	178118	28	0.7116
chr1	178153	178154	35	0.6769
chr1	178185	178186	21	0.8107
chr1	178200	178201	14	0.8149
chr1	178225	178226	28	0.8453
chr1	178275	178276	33	0.7981
chr1	178313	178314	22	0.7776
chr1	178346	178347	25	0.8259
chr1	178372	178373	23	0.8176
chr1	178387	178388	24	0.7869
chr1	178388	178389	25	0.9219
chr1	178488	178489	33	0.7049
chr1	178588	178589	38	0.8822
chr1	178688	178689	31	0.8917
chr1	178759	178760	36	0.924
chr1	178809	178810	31	0.9286
chr1	178893	178894	24	0.7648
chr1	178898	178899	28	0.5588
chr1	178935	178936	31	0.4374
chr1	178972	178973	26	0.6194
chr1	178994	178995	26	0.3813
chr1	179044	179045	28	0.5499
chr1	179065	179066	30	0.5349
chr1	179111	179112	26	0.2962
chr1	179145	179146	35	0.5574
chr1	179177	179178	32	0.6473
chr1	179199	179200	28	0.4896
chr1	179225	179226	29	0.4218
chr1	179240	179241	31	0.647
chr1	179267	179268	33	0.5694
chr1	179305	179306	31	0.5022
chr1	179329	179330	31	0.6202
chr1	179379	179380	29	0.4653
chr1	179394	179395	26	0.5149
chr1	179449	179450	35	0.6881
chr1	179549	179550	38	0.5056
chr1	179649	179650	28	0.6993
chr1	179749	179750	30	0.5569
chr1	179843	179844	36	0.6299
chr1	179961	179962	28	0.6886
chr1	180071	180072	30	0.7781
chr1	180191	180192	32	0.5608
chr1	180221	180222	30	0.6446
chr1	180231	180232	22	0.7434
chr1	180243	180244	28	0.7288
chr1	180250	180251	34	0.641
chr1	180274	180275	20	0.491
chr1	180315	180316	34	0.7322
chr1	180348	180349	36	0.3849
chr1	180375	180376	39	0.4943
chr1	180394	180395	34	0.4544
chr1	180433	180434	30	0.4283
chr1	180458	180459	29	0.6225
chr1	180479	180480	24	0.6724
chr1	180529	180530	33	0.6038
chr1	180575	180576	23	0.5794
chr1	180595	180596	35	0.6795
chr1	180610	180611	25	0.5136
chr1	180636	180637	26	0.4409
chr1	180651	180652	36	0.453
chr1	180675	180676	25	0.4395
chr1	180700	180701	30	0.5919
chr1	180719	180720	25	0.6027
chr1	180759	180760	31	0.6061
chr1	180785	180786	35	0.6045
chr1	180795	180796	23	0.5745
chr1	180895	180896	25	0.7039
chr1	180981	180982	32	0.6099
chr1	181031	181032	29	0.7274
chr1	181088	181089	26	0.6506
chr1	181188	181189	32	0.501
chr1	181288	181289	35	0.4999
chr1	181400	181401	23	0.7267
chr1	181404	181405	27	0.635
chr1	181544	181545	25	0.7107
chr1	181560	181561	30	0.7152
chr1	181630	181631	21	0.7633
chr1	181650	181651	25	0.6193
chr1	181689	181690	26	0.1058
chr1	181717	181718	21	0.2388
chr1	181738	181739	21	0.2384
chr1	181768	181769	31	0.1466
chr1	181787	181788	25	0.2103
chr1	181818	181819	27	0.3044
chr1	181868	181869	37	0.1814
chr1	181918	181919	29	0.0523
chr1	181958	181959	34	0.2512
chr1	181999	182000	33	0.3163
chr1	182014	182015	26	0.1385
chr1	182039	182040	21	0.1099
chr1	182089	182090	26	0.2439
chr1	182130	182131	29	0.3247
chr1	182152	182153	26	0.1566
chr1	182194	182195	23	0.0852
chr1	182277	182278	29	0.1942
chr1	182377	182378	32	0.2147
chr1	182477	182478	39	0.1807
chr1	182531	182532	27	0.2207
chr1	182621	182622	30	0.2517
chr1	182671	182672	32	0.2329
chr1	182731	182732	37	0.0
chr1	182757	182758	42	0.611
chr1	182807	182808	34	0.6106
chr1	182857	182858	25	0.7113
chr1	182876	182877	30	0.5728
chr1	182914	182915	30	0.6261
chr1	182964	182965	29	0.7119
chr1	183014	183015	25	0.5332
chr1	183047	183048	26	0.5815
chr1	183087	183088	27	0.5835
chr1	183106	183107	32	0.4975
chr1	183145	183146	30	0.4313
chr1	183176	183177	39	0.7304
chr1	183199	183200	23	0.5191
chr1	183299	183300	30	0.6318
chr1	183359	183360	35	0.7862
chr1	183459	183460	30	0.5105
chr1	183534	183535	33	0.4957
chr1	183609	183610	27	0.5398
chr1	183627	183628	43	0.4823
chr1	183653	183654	22	0.8813
chr1	183694	183695	38	0.8587
chr1	183744	183745	20	0.9115
chr1	183792	183793	31	0.8514
chr1	183811	183812	30	0.6561
chr1	183836	183837	36	0.8139
chr1	183866	183867	29	0.8025
chr1	183890	183891	37	0.9669
chr1	183905	183906	38	0.998
chr1	183926	183927	32	0.8065
chr1	183946	183947	40	0.7701
chr1	183970	183971	35	0.8063
chr1	183995	183996	36	0.808
chr1	184045	184046	27	0.9253
chr1	184072	184073	31	0.9255
chr1	184107	184108	26	1.0
chr1	184157	184158	23	0.6505
chr1	184158	184159	17	0.7682
chr1	184223	184224	23	0.7923
chr1	184323	184324	36	0.9121
chr1	184423	184424	28	0.923
chr1	184523	184524	24	0.5971
chr1	184561	184562	30	1.0
chr1	184587	184588	29	0.7811
chr1	184609	184610	32	0.5258
chr1	184624	184625	24	0.5418
chr1	184674	184675	28	0.8018
chr1	184724	184725	28	0.644
chr1	184753	184754	31	0.7222
chr1	184768	184769	29	0.801
chr1	184801	184802	33	0.6563
chr1	184823	184824	29	0.6417
chr1	184861	184862	33	0.5163
chr1	184894	184895	30	0.7043
chr1	184921	184922	37	0.7851
chr1	184971	184972	13	0.6836
chr1	184991	184992	24	0.6579
chr1	185035	185036	32	0.5474
chr1	185072	185073	22	0.701
chr1	185099	185100	23	0.6842
chr1	185109	185110	34	0.6809
chr1	185209	185210	24	0.6086
chr1	185259	185260	19	0.6797
chr1	185359	185360	29	0.757
chr1	185459	185460	26	0.7672
chr1	185559	185560	22	0.6086
chr1	185561	185562	35	0.8846
chr1	185563	185564	30	0.7303
chr1	185608	185609	31	0.8774
chr1	185625	185626	30	0.8751
chr1	185656	185657	32	0.7863
chr1	185682	185683	31	0.92
chr1	185732	185733	28	0.8694
chr1	185755	185756	32	0.9597
chr1	185770	185771	27	0.8033
chr1	185805	185806	32	0.9251
chr1	185826	185827	33	0.9167
chr1	185847	185848	29	0.7672
chr1	185897	185898	30	0.8547
chr1	185917	185918	26	0.9023
chr1	185949	185950	27	0.7181
chr1	185966	185967	33	0.8545
chr1	185981	185982	29	0.9284
chr1	186081	186082	17	0.7176
chr1	186157	186158	31	0.8239
chr1	186236	186237	28	0.8707
chr1	186336	186337	34	0.7392
chr1	186392	186393	22	0.7401
chr1	186434	186435	20	1.0
chr1	186472	186473	23	0.2259
chr1	186502	186503	36	0.3011
chr1	186542	186543	21	0.217
chr1	186584	186585	37	0.1238
chr1	186618	186619	34	0.1339
chr1	186668	186669	35	0.2603
chr1	186684	186685	26	0.226
chr1	186714	186715	29	0.1979
chr1	186747	186748	29	0.0763
chr1	186788	186789	31	0.1862
chr1	186814	186815	35	0.152
chr1	186845	186846	32	0.1791
chr1	186860	186861	28	0.1752
chr1	186881	186882	24	0.2618
chr1	186918	186919	34	0.0552
chr1	186939	186940	32	0.1419
chr1	186954	186955	29	0.2514
chr1	186981	186982	20	0.1473
chr1	187031	187032	28	0.2928
chr1	187131	187132	35	0.149
chr1	187187	187188	33	0.2804
chr1	187287	187288	31	0.0477
chr1	187387	187388	36	0.2123
chr1	187447	187448	29	0.2495
chr1	187469	187470	24	0.1711
chr1	187478	187479	26	0.7474
chr1	187494	187495	26	0.6994
chr1	187532	187533	22	0.8674
chr1	187552	187553	29	0.6466
chr1	187602	187603	25	0.7434
chr1	187622	187623	34	0.6002
chr1	187650	187651	34	0.8525
chr1	187688	187689	40	0.8005
chr1	187706	187707	29	0.7464
chr1	187750	187751	34	0.6466
chr1	187786	187787	26	0.5162
chr1	187828	187829	37	0.7155
chr1	187853	187854	36	0.6827
chr1	187937	187938	37	0.5738
chr1	187987	187988	28	0.6686
chr1	188087	188088	22	0.6428
chr1	188151	188152	31	0.6884
chr1	188215	188216	34	0.7868
chr1	188413	188414	21	0.8331
chr1	188451	188452	39	0.9292
chr1	188559	188560	36	0.8279
chr1	188591	188592	28	0.822
chr1	188597	188598	27	0.7757
chr1	188629	188630	28	0.8627
chr1	188633	188634	27	0.8586
chr1	188640	188641	32	0.7145
chr1	188660	188661	31	0.6213
chr1	188696	188697	39	0.7978
chr1	188712	188713	17	0.7114
chr1	188753	188754	22	0.684
chr1	188803	188804	24	0.5005
chr1	188824	188825	32	0.6379
chr1	188855	188856	25	0.6136
chr1	188899	188900	27	0.6497
chr1	188931	188932	23	0.6036
chr1	188957	188958	31	0.565
chr1	188987	188988	36	0.4794
chr1	189014	189015	28	0.6324
chr1	189056	189057	32	0.5813
chr1	189142	189143	33	0.6041
chr1	189232	189233	34	0.7668
chr1	189332	189333	26	0.5236
chr1	189382	189383	31	0.609
chr1	189450	189451	37	0.7994
chr1	189488	189489	29	0.7468
chr1	189560	189561	30	0.5906
chr1	189566	189567	26	0.8246
chr1	189580	189581	28	0.7295
chr1	189596	189597	24	0.7867
chr1	189718	189719	26	0.7549
chr1	189764	189765	23	0.7308
chr1	189784	189785	25	0.6018
chr1	189804	189805	37	0.6705
chr1	189820	189821	33	0.7278
chr1	189847	189848	28	0.699
chr1	189897	189898	35	0.5409
chr1	189931	189932	29	0.529
chr1	189967	189968	28	0.5599
chr1	190017	190018	35	0.5526
chr1	190064	190065	30	0.524
chr1	190079	190080	40	0.6413
chr1	190114	190115	33	0.5091
chr1	190164	190165	18	0.708
chr1	190195	190196	24	0.6253
chr1	190212	190213	27	0.6102
chr1	190262	190263	30	0.5357
chr1	190293	190294	26	0.6861
chr1	190380	190381	34	0.6599
chr1	190480	190481	31	0.7045
chr1	190580	190581	34	0.6577
chr1	190679	190680	27	0.5369
chr1	190729	190730	28	0.5694
chr1	190781	190782	25	0.6592
chr1	190795	190796	37	0.6787
chr1	190805	190806	22	0.1614
chr1	190845	190846	29	0.0
chr1	190862	190863	29	0.1815
chr1	190879	190880	39	0.1255
chr1	190906	190907	30	0.0391
chr1	190921	190922	26	0.1642
chr1	190947	190948	30	0.1177
chr1	190962	190963	25	0.11
chr1	191007	191008	25	0.2644
chr1	191033	191034	26	0.103
chr1	191083	191084	28	0.1729
chr1	191100	191101	40	0.161
chr1	191131	191132	22	0.1176
chr1	191176	191177	24	0.1228
chr1	191207	191208	29	0.0446
chr1	191238	191239	21	0.0943
chr1	191288	191289	29	0.1838
chr1	191317	191318	23	0.1801
chr1	191347	191348	39	0.1184
chr1	191356	191357	27	0.2227
chr1	191414	191415	26	0.1975
chr1	191493	191494	26	0.1405
chr1	191560	191561	31	0.1667
chr1	191660	191661	32	0.1804
chr1	191714	191715	26	0.0731
chr1	191789	191790	30	0.1075
chr1	191858	191859	30	0.0702
chr1	191890	191891	31	0.0
chr1	191910	191911	33	0.1333
chr1	191920	191921	32	0.7129
chr1	191947	191948	36	0.5821
chr1	191997	191998	36	0.472
chr1	192017	192018	25	0.4581
chr1	192067	192068	28	0.6568
chr1	192088	192089	31	0.5717
chr1	192138	192139	26	0.682
chr1	192159	192160	17	0.6107
chr1	192174	192175	28	0.553
chr1	192214	192215	23	0.436
chr1	192233	192234	30	0.5016
chr1	192258	192259	27	0.4924
chr1	192280	192281	36	0.5865
chr1	192317	192318	36	0.4573
chr1	192356	192357	22	0.3841
chr1	192378	192379	21	0.5014
chr1	192381	192382	31	0.5228
chr1	192438	192439	33	0.618
chr1	192538	192539	28	0.6169
chr1	192638	192639	25	0.5626
chr1	192692	192693	24	0.5531
chr1	192792	192793	28	0.5041
chr1	192930	192931	21	0.7696
chr1	192944	192945	33	0.7001
chr1	193020	193021	29	0.4733
chr1	193034	193035	35	0.6299
chr1	193104	193105	29	0.794
chr1	193106	193107	32	0.6265
chr1	193123	193124	36	0.8292
chr1	193141	193142	28	0.9347
chr1	193156	193157	30	0.771
chr1	193190	193191	26	0.7817
chr1	193212	193213	29	0.9262
chr1	193249	193250	36	0.8711
chr1	193272	193273	33	0.6378
chr1	193308	193309	23	0.7855
chr1	193353	193354	28	0.896
chr1	193394	193395	21	0.7802
chr1	193444	193445	28	0.9286
chr1	193459	193460	28	0.8531
chr1	193479	193480	31	0.7202
chr1	193516	193517	39	0.8116
chr1	193564	193565	38	0.7116
chr1	193590	193591	28	0.7433
chr1	193617	193618	34	0.8971
chr1	193646	193647	29	0.921
chr1	193746	193747	19	0.7029
chr1	193830	193831	28	0.9035
chr1	193930	193931	26	0.8907
chr1	193980	193981	34	0.7426
chr1	194080	194081	34	0.8614
chr1	194158	194159	33	0.7714
chr1	194164	194165	34	0.9498
chr1	194207	194208	24	0.735
chr1	194248	194249	30	0.8715
chr1	194264	194265	21	0.872
chr1	194279	194280	27	0.7762
chr1	194307	194308	25	0.8736
chr1	194346	194347	27	0.6815
chr1	194380	194381	36	0.7035
chr1	194395	194396	32	0.7835
chr1	194427	194428	27	0.8385
chr1	194477	194478	37	0.8133
chr1	194492	194493	26	0.9735
chr1	194518	194519	26	0.8077
chr1	194558	194559	19	0.9074
chr1	194588	194589	31	0.7602
chr1	194638	194639	27	0.7132
chr1	194673	194674	26	0.7569
chr1	194701	194702	18	0.9132
chr1	194762	194763	31	0.8991
chr1	194868	194869	33	0.697
chr1	194918	194919	38	0.7614
chr1	195001	195002	30	0.7876
chr1	195059	195060	24	0.7288
chr1	195109	195110	35	1.0
chr1	195192	195193	33	0.9388
chr1	195280	195281	33	0.9115
chr1	195315	195316	31	0.6426
chr1	195342	195343	17	0.9306
chr1	195392	195393	23	0.7362
chr1	195440	195441	33	0.9132
chr1	195468	195469	35	0.8073
chr1	195486	195487	32	0.7478
chr1	195515	195516	28	0.8649
chr1	195539	195540	19	0.5995
chr1	195576	195577	40	0.9224
chr1	195613	195614	29	0.7831
chr1	195649	195650	29	0.9249
chr1	195664	195665	28	0.7595
chr1	195714	195715	31	0.7849
chr1	195764	195765	42	0.6841
chr1	195789	195790	29	0.6653
chr1	195794	195795	40	0.7053
chr1	195894	195895	33	0.5729
chr1	195994	195995	34	0.8228
chr1	196068	196069	26	0.8264
chr1	196154	196155	33	0.8967
chr1	196204	196205	34	0.7509
chr1	196280	196281	36	0.7476
chr1	196286	196287	32	0.9369
chr1	196319	196320	29	0.0572
chr1	196369	196370	28	0.216
chr1	196401	196402	27	0.1719
chr1	196451	196452	24	0.1595
chr1	196469	196470	24	0.2246
chr1	196519	196520	27	0.0
chr1	196542	196543	36	0.0705
chr1	196577	196578	27	0.0448
chr1	196627	196628	28	0.1565
chr1	196649	196650	28	0.0956
chr1	196671	196672	29	0.1643
chr1	196714	196715	38	0.1669
chr1	196751	196752	35	0.1877
chr1	196801	196802	30	0.1377
chr1	196830	196831	24	0.0497
chr1	196880	196881	26	0.1529
chr1	196980	196981	22	0.0947
chr1	197030	197031	30	0.0576
chr1	197113	197114	30	0.0701
chr1	197213	197214	36	0.0454
chr1	197313	197314	29	0.0468
chr1	197407	197408	29	0.0766
chr1	197454	197455	34	0.8709
chr1	197504	197505	26	0.8058
chr1	197524	197525	22	0.7667
chr1	197550	197551	42	0.8745
chr1	197574	197575	30	0.7866
chr1	197593	197594	34	0.9433
chr1	197621	197622	35	0.7493
chr1	197636	197637	29	0.8337
chr1	197651	197652	30	0.7818
chr1	197672	197673	30	0.8574
chr1	197703	197704	32	0.8309
chr1	197718	197719	30	0.7423
chr1	197747	197748	30	0.7331
chr1	197797	197798	37	0.8724
chr1	197837	197838	22	0.8181
chr1	197861	197862	34	0.8385
chr1	197892	197893	38	0.7182
chr1	197907	197908	28	0.6434
chr1	197925	197926	26	0.731
chr1	198025	198026	41	0.6404
chr1	198125	198126	21	0.702
chr1	198225	198226	30	0.8589
chr1	198298	198299	27	0.6786
chr1	198351	198352	30	0.831
chr1	198389	198390	31	0.7853
chr1	198395	198396	35	0.9345
chr1	198403	198404	29	0.8426
chr1	198439	198440	27	0.6898
chr1	198474	198475	25	0.7161
chr1	198492	198493	34	0.6455
chr1	198542	198543	31	0.609
chr1	198590	198591	27	0.6921
chr1	198625	198626	29	0.6069
chr1	198653	198654	27	0.6083
chr1	198703	198704	37	0.7525
chr1	198753	198754	26	0.7281
chr1	198768	198769	31	0.5732
chr1	198802	198803	28	0.5309
chr1	198820	198821	36	0.8267
chr1	198836	198837	19	0.6974
chr1	198866	198867	30	0.7242
chr1	198873	198874	25	0.7538
chr1	198973	198974	34	0.6902
chr1	199023	199024	25	0.6673
chr1	199123	199124	37	0.626
chr1	199173	199174	27	0.7588
chr1	199273	199274	30	0.6747
chr1	199427	199428	33	0.7645
chr1	199429	199430	29	0.9533
chr1	199465	199466	31	0.6934
chr1	199529	199530	33	0.7526
chr1	199611	199612	36	0.7848
chr1	199679	199680	38	0.6538
chr1	199689	199690	26	0.9133
chr1	199699	199700	32	0.8548
chr1	199743	199744	35	0.9078
chr1	199763	199764	34	0.7249
chr1	199800	199801	36	0.7261
chr1	199850	199851	28	0.8371
chr1	199873	199874	23	0.7116
chr1	199888	199889	27	0.7382
chr1	199938	199939	38	0.6092
chr1	199988	199989	31	0.8127
chr1	200020	200021	35	0.8653
chr1	200041	200042	27	0.7165
chr1	200056	200057	28	0.675
chr1	200071	200072	27	0.8563
chr1	200102	200103	45	0.8582
chr1	200134	200135	27	0.7257
chr1	200176	200177	31	0.7365
chr1	200212	200213	28	0.8158
chr1	200262	200263	34	0.7686
chr1	200312	200313	22	0.6224
chr1	200337	200338	31	0.6878
chr1	200375	200376	15	0.7044
chr1	200380	200381	26	0.8882
chr1	200480	200481	29	0.6145
chr1	200580	200581	26	0.8718
chr1	200680	200681	27	0.6286
chr1	200745	200746	22	0.716
chr1	200808	200809	34	0.7694
chr1	200874	200875	35	0.7956
chr1	200882	200883	33	0.8268
chr1	200930	200931	25	0.6086
chr1	200947	200948	28	0.6725
chr1	200968	200969	32	0.6364
chr1	201018	201019	35	0.6307
chr1	201047	201048	35	0.714
chr1	201092	201093	29	0.7367
chr1	201142	201143	37	0.6321
chr1	201162	201163	24	0.8324
chr1	201180	201181	31	0.5415
chr1	201205	201206	29	0.6003
chr1	201234	201235	29	0.5318
chr1	201263	201264	34	0.8405
chr1	201284	201285	31	0.6791
chr1	201308	201309	37	0.6265
chr1	201334	201335	33	0.5707
chr1	201360	201361	30	0.8115
chr1	201375	201376	41	0.6437
chr1	201411	201412	30	0.6599
chr1	201461	201462	37	0.5634
chr1	201511	201512	30	0.5361
chr1	201525	201526	29	0.6406
chr1	201575	201576	30	0.6118
chr1	201640	201641	35	0.6717
chr1	201740	201741	32	0.8489
chr1	201830	201831	36	0.6474
chr1	201887	201888	29	0.7586
chr1	201952	201953	24	0.6639
chr1	202052	202053	31	0.7367
chr1	202064	202065	39	0.7527
chr1	202084	202085	30	0.9072
chr1	202131	202132	33	0.8427
chr1	202181	202182	23	0.8086
chr1	202207	202208	31	0.9412
chr1	202248	202249	27	0.7878
chr1	202298	202299	33	0.9464
chr1	202313	202314	36	0.8888
chr1	202332	202333	27	0.7008
chr1	202363	202364	36	0.8645
chr1	202407	202408	36	0.9168
chr1	202438	202439	37	0.826
chr1	202488	202489	34	0.9483
chr1	202493	202494	31	0.9149
chr1	202589	202590	30	0.9438
chr1	202689	202690	40	0.883
chr1	202789	202790	30	0.7883
chr1	202865	202866	38	0.8797
chr1	202921	202922	26	0.907
chr1	202931	202932	40	0.6021
chr1	202981	202982	24	0.664
chr1	203031	203032	27	0.7342
chr1	203081	203082	44	0.759
chr1	203131	203132	35	0.6672
chr1	203177	203178	27	0.7481
chr1	203195	203196	31	0.8198
chr1	203244	203245	22	0.6945
chr1	203281	203282	33	0.6393
chr1	203301	203302	28	0.642
chr1	203326	203327	29	0.4744
chr1	203346	203347	30	0.6273
chr1	203365	203366	32	0.7298
chr1	203385	203386	34	0.6947
chr1	203390	203391	35	0.492
chr1	203484	203485	23	0.6875
chr1	203584	203585	36	0.6927
chr1	203634	203635	34	0.6819
chr1	203702	203703	33	0.5618
chr1	203752	203753	27	0.7349
chr1	203804	203805	24	1.0
chr1	203820	203821	34	0.9951
chr1	203890	203891	20	0.8699
chr1	203960	203961	27	0.9594
chr1	203964	203965	22	0.9005
chr1	203998	203999	31	0.958
chr1	204010	204011	36	0.7905
chr1	204080	204081	34	0.9065
chr1	204112	204113	30	0.4707
chr1	204130	204131	35	0.6177
chr1	204160	204161	29	0.6963
chr1	204181	204182	31	0.8512
chr1	204231	204232	38	0.6913
chr1	204273	204274	36	0.7059
chr1	204288	204289	25	0.5549
chr1	204338	204339	27	0.7859
chr1	204388	204389	19	0.7533
chr1	204416	204417	28	0.8132
chr1	204442	204443	29	0.8334
chr1	204478	204479	38	0.5666
chr1	204528	204529	24	0.7267
chr1	204563	204564	23	0.8589
chr1	204588	204589	25	0.718
chr1	204681	204682	34	0.7224
chr1	204781	204782	30	0.8217
chr1	204881	204882	24	0.6942
chr1	204981	204982	27	0.6922
chr1	205031	205032	35	0.6046
chr1	205103	205104	22	0.7192
chr1	205109	205110	28	0.1984
chr1	205153	205154	35	0.1518
chr1	205169	205170	24	0.2307
chr1	205216	205217	41	0.22
chr1	205234	205235	22	0.1435
chr1	205263	205264	33	0.2617
chr1	205294	205295	33	0.1053
chr1	205333	205334	30	0.0967
chr1	205366	205367	26	0.281
chr1	205398	205399	23	0.1481
chr1	205426	205427	24	0.1893
chr1	205470	205471	29	0.1163
chr1	205497	205498	21	0.0514
chr1	205529	205530	23	0.1562
chr1	205629	205630	23	0.3111
chr1	205679	205680	27	0.0783
chr1	205740	205741	26	0.1667
chr1	205840	205841	37	0.1492
chr1	205940	205941	28	0.1479
chr1	205996	205997	34	0.0669
chr1	206060	206061	30	0.0
chr1	206188	206189	31	0.2308
chr1	206214	206215	33	0.0534
chr1	206318	206319	13	0.0772
chr1	206348	206349	21	0.0149
chr1	206398	206399	24	0.0711
chr1	206429	206430	34	0.6122
chr1	206473	206474	30	0.7388
chr1	206513	206514	39	0.661
chr1	206537	206538	33	0.7288
chr1	206556	206557	34	0.8448
chr1	206583	206584	31	0.7138
chr1	206608	206609	36	0.5366
chr1	206637	206638	25	0.662
chr1	206674	206675	38	0.6752
chr1	206698	206699	17	0.5557
chr1	206723	206724	19	0.5435
chr1	206773	206774	24	0.4983
chr1	206797	206798	31	0.6313
chr1	206835	206836	32	0.6067
chr1	206881	206882	30	0.6214
chr1	206885	206886	36	0.6477
chr1	206985	206986	31	0.5921
chr1	207085	207086	23	0.7048
chr1	207185	207186	31	0.7003
chr1	207271	207272	26	0.585
chr1	207334	207335	24	0.5627
chr1	207394	207395	22	0.7189
chr1	207428	207429	31	0.1749
chr1	207452	207453	31	0.1485
chr1	207468	207469	32	0.1133
chr1	207487	207488	30	0.1137
chr1	207527	207528	24	0.1776
chr1	207555	207556	34	0.2405
chr1	207572	207573	33	0.0398
chr1	207606	207607	33	0.1519
chr1	207656	207657	34	0.1652
chr1	207706	207707	28	0.2133
chr1	207742	207743	33	0.1573
chr1	207784	207785	24	0.2081
chr1	207805	207806	28	0.1377
chr1	207825	207826	31	0.0482
chr1	207841	207842	30	0.0975
chr1	207857	207858	37	0.1623
chr1	207872	207873	26	0.0098
chr1	207901	207902	23	0.0456
chr1	207921	207922	31	0.184
chr1	207943	207944	29	0.1506
chr1	208043	208044	24	0.0972
chr1	208143	208144	22	0.0652
chr1	208201	208202	27	0.0991
chr1	208273	208274	23	0.0868
chr1	208373	208374	30	0.0617
chr1	208423	208424	31	0.0
chr1	208455	208456	32	0.1498
chr1	208467	208468	31	0.076
chr1	208494	208495	26	0.9423
chr1	208544	208545	30	0.8161
chr1	208573	208574	30	0.819
chr1	208618	208619	27	0.8364
chr1	208668	208669	31	0.8892
chr1	208706	208707	28	0.8585
chr1	208756	208757	25	0.9145
chr1	208773	208774	22	0.9711
chr1	208799	208800	27	1.0
chr1	208831	208832	36	0.8877
chr1	208852	208853	35	0.905
chr1	208900	208901	38	0.8364
chr1	208932	208933	35	0.8057
chr1	208959	208960	25	0.9961
chr1	208972	208973	9	0.7619
chr1	209072	209073	30	0.9223
chr1	209172	209173	28	0.8483
chr1	209272	209273	35	0.8591
chr1	209372	209373	32	0.7931
chr1	209388	209389	31	0.8056
chr1	209394	209395	28	0.4327
chr1	209421	209422	20	0.4157
chr1	209439	209440	26	0.5274
chr1	209478	209479	34	0.5205
chr1	209510	209511	32	0.6083
chr1	209535	209536	29	0.4433
chr1	209557	209558	23	0.2991
chr1	209589	209590	27	0.6233
chr1	209605	209606	25	0.5167
chr1	209643	209644	29	0.4576
chr1	209675	209676	28	0.565
chr1	209694	209695	26	0.6109
chr1	209730	209731	28	0.6079
chr1	209760	209761	30	0.523
chr1	209810	209811	31	0.4112
chr1	209835	209836	37	0.3636
chr1	209878	209879	31	0.3959
chr1	209928	209929	26	0.4793
chr1	209944	209945	24	0.7171
chr1	210022	210023	21	0.4804
chr1	210122	210123	21	0.4884
chr1	210222	210223	25	0.4978
chr1	210272	210273	31	0.3883
chr1	210372	210373	30	0.3741
chr1	210422	210423	31	0.4783
chr1	210458	210459	32	0.813
chr1	210526	210527	18	0.8349
chr1	210560	210561	31	0.5946
chr1	210638	210639	29	0.8859
chr1	210756	210757	23	0.8011
chr1	210774	210775	27	0.527
chr1	210814	210815	34	0.5722
chr1	210824	210825	30	0.653
chr1	210864	210865	36	0.6729
chr1	210906	210907	35	0.5198
chr1	210921	210922	33	0.6541
chr1	210936	210937	26	0.7313
chr1	210968	210969	26	0.7733
chr1	211010	211011	25	0.7558
chr1	211025	211026	39	0.7504
chr1	211075	211076	35	0.808
chr1	211098	211099	40	0.5903
chr1	211131	211132	36	0.7102
chr1	211159	211160	31	0.7699
chr1	211197	211198	35	0.6893
chr1	211232	211233	31	0.7508
chr1	211260	211261	38	0.7345
chr1	211302	211303	32	0.6358
chr1	211331	211332	40	0.7179
chr1	211343	211344	31	0.5583
chr1	211425	211426	32	0.6602
chr1	211525	211526	24	0.704
chr1	211575	211576	24	0.6529
chr1	211647	211648	30	0.763
chr1	211724	211725	35	0.6801
chr1	211748	211749	27	0.7558
chr1	211755	211756	20	0.6758
chr1	211805	211806	33	0.7079
chr1	211839	211840	24	0.6973
chr1	211868	211869	34	0.6537
chr1	211913	211914	37	0.7215
chr1	211928	211929	32	0.6373
chr1	211953	211954	25	0.6141
chr1	211984	211985	27	0.5092
chr1	212004	212005	34	0.5992
chr1	212053	212054	26	0.8651
chr1	212076	212077	30	0.5718
chr1	212091	212092	40	0.6793
chr1	212106	212107	28	0.6243
chr1	212121	212122	29	0.66
chr1	212139	212140	31	0.585
chr1	212165	212166	33	0.6014
chr1	212205	212206	27	0.5321
chr1	212222	212223	30	0.7162
chr1	212259	212260	32	0.5455
chr1	212271	212272	23	0.645
chr1	212363	212364	34	0.6428
chr1	212440	212441	30	0.6528
chr1	212540	212541	27	0.6348
chr1	212590	212591	33	0.6584
chr1	212690	212691	29	0.6679
chr1	212702	212703	24	0.8695
chr1	212816	212817	40	0.9013
chr1	212852	212853	33	0.9663
chr1	212954	212955	23	0.7636
chr1	212990	212991	32	0.7646
chr1	213024	213025	30	0.829
chr1	213056	213057	27	0.9506
chr1	213142	213143	30	0.6835
chr1	213172	213173	31	0.9225
chr1	213185	213186	38	0.6958
chr1	213200	213201	33	0.883
chr1	213250	213251	30	0.7003
chr1	213291	213292	25	0.6398
chr1	213308	213309	24	0.6823
chr1	213335	213336	32	0.6889
chr1	213364	213365	30	0.772
chr1	213414	213415	40	0.6042
chr1	213443	213444	29	0.8039
chr1	213493	213494	35	0.7501
chr1	213512	213513	30	0.8469
chr1	213562	213563	31	0.8494
chr1	213600	213601	27	0.65
chr1	213633	213634	25	0.6256
chr1	213680	213681	27	0.6066
chr1	213691	213692	21	0.8426
chr1	213741	213742	23	0.5811
chr1	213841	213842	32	0.7969
chr1	213941	213942	38	0.7773
chr1	214021	214022	29	0.8535
chr1	214086	214087	28	0.6765
chr1	214186	214187	26	0.8436
chr1	214210	214211	32	0.7192
chr1	214231	214232	36	0.6878
chr1	214260	214261	26	0.7699
chr1	214275	214276	30	0.6826
chr1	214301	214302	35	0.6444
chr1	214328	214329	23	0.7444
chr1	214345	214346	23	0.6208
chr1	214366	214367	36	0.7407
chr1	214405	214406	41	0.6984
chr1	214433	214434	32	0.7423
chr1	214459	214460	30	0.7215
chr1	214509	214510	25	0.7952
chr1	214559	214560	30	0.626
chr1	214590	214591	29	0.6443
chr1	214640	214641	34	0.6572
chr1	214670	214671	31	0.5766
chr1	214701	214702	33	0.5881
chr1	214712	214713	25	0.6769
chr1	214762	214763	32	0.5595
chr1	214862	214863	30	0.6492
chr1	214937	214938	33	0.5795
chr1	215026	215027	23	0.6769
chr1	215126	215127	18	0.768
chr1	215132	215133	30	0.8299
chr1	215196	215197	23	0.7865
chr1	215228	215229	26	0.6567
chr1	215244	215245	29	0.5931
chr1	215259	215260	31	0.5807
chr1	215280	215281	37	0.6211
chr1	215300	215301	31	0.5866
chr1	215329	215330	30	0.5258
chr1	215367	215368	35	0.6111
chr1	215382	215383	27	0.701
chr1	215424	215425	26	0.6864
chr1	215456	215457	21	0.6676
chr1	215477	215478	27	0.5738
chr1	215527	215528	24	0.7199
chr1	215563	215564	35	0.7835
chr1	215588	215589	33	0.585
chr1	215638	215639	19	0.6748
chr1	215679	215680	33	0.5984
chr1	215779	215780	31	0.5118
chr1	215879	215880	34	0.6437
chr1	215979	215980	27	0.6615
chr1	216050	216051	28	0.8205
chr1	216116	216117	26	0.8326
chr1	217282	217283	33	0.3865
chr1	217313	217314	35	0.4666
chr1	217350	217351	23	0.8861
chr1	217381	217382	24	0.2239
chr1	217428	217429	26	1.0
chr1	217478	217479	34	0.077
chr1	217510	217511	36	0.4328
chr1	217528	217529	30	0.6752
chr1	217550	217551	37	1.0
chr1	217585	217586	29	0.967
chr1	217600	217601	27	0.8119
chr1	217633	217634	33	0.146
chr1	217683	217684	24	0.3081
chr1	217720	217721	26	0.5209
chr1	217744	217745	35	0.6685
chr1	217773	217774	31	0.6018
chr1	217802	217803	27	0.1911
chr1	217818	217819	28	0.8887
chr1	217883	217884	29	0.924
chr1	217933	217934	36	0.4977
chr1	217983	217984	26	0.6204
chr1	218083	218084	22	0.5159
chr1	218183	218184	37	0.6171
chr1	218283	218284	27	0.5866
chr1	218289	218290	30	1.0
chr1	218375	218376	29	0.8166
chr1	218401	218402	32	0.2771
chr1	218451	218452	28	0.1968
chr1	218479	218480	21	0.5047
chr1	218529	218530	34	0.3064
chr1	218544	218545	26	0.2966
chr1	218594	218595	30	0.524
chr1	218613	218614	30	0.306
chr1	218651	218652	29	0.5515
chr1	218692	218693	31	0.3321
chr1	218707	218708	28	0.4107
chr1	218757	218758	30	0.4985
chr1	218772	218773	36	0.2627
chr1	218789	218790	29	0.3925
chr1	218889	218890	29	0.6646
chr1	218989	218990	27	0.4275
chr1	219089	219090	30	0.2956
chr1	219139	219140	25	0.4671
chr1	219201	219202	30	0.3649
chr1	219219	219220	29	0.3351
chr1	219225	219226	22	0.0973
chr1	219256	219257	32	0.2647
chr1	219276	219277	34	0.3981
chr1	219320	219321	28	0.519
chr1	219342	219343	30	0.3676
chr1	219365	219366	29	0.1396
chr1	219413	219414	23	0.3994
chr1	219433	219434	30	0.4362
chr1	219449	219450	39	0.4647
chr1	219499	219500	30	0.3793
chr1	219527	219528	37	0.3904
chr1	219542	219543	45	0.2876
chr1	219588	219589	25	0.2756
chr1	219603	219604	41	0.3703
chr1	219640	219641	29	0.2089
chr1	219655	219656	39	0.3437
chr1	219692	219693	25	0.2243
chr1	219742	219743	29	0.31
chr1	219746	219747	39	0.1554
chr1	219846	219847	25	0.2985
chr1	219946	219947	37	0.2842
chr1	219996	219997	35	0.2022
chr1	220081	220082	28	0.0367
chr1	220181	220182	35	0.3289
chr1	220187	220188	35	0.0225
chr1	220193	220194	28	0.2388
chr1	220285	220286	34	0.1992
chr1	220345	220346	29	0.1371
chr1	220355	220356	31	0.1423
chr1	220455	220456	32	0.2309
chr1	220485	220486	38	0.7245
chr1	220503	220504	40	0.5419
chr1	220553	220554	28	0.5167
chr1	220576	220577	37	0.6589
chr1	220624	220625	24	0.5532
chr1	220674	220675	29	0.4252
chr1	220717	220718	29	0.5547
chr1	220742	220743	39	0.7769
chr1	220791	220792	34	0.6982
chr1	220813	220814	30	0.3646
chr1	220844	220845	26	0.4719
chr1	220869	220870	25	0.6188
chr1	220908	220909	31	0.6456
chr1	220958	220959	34	0.5736
chr1	220974	220975	35	0.4714
chr1	220992	220993	26	0.6417
chr1	221042	221043	31	0.7109
chr1	221142	221143	32	0.737
chr1	221242	221243	27	0.5452
chr1	221342	221343	27	0.4662
chr1	221420	221421	32	0.4672
chr1	221503	221504	23	0.7728
chr1	221557	221558	37	0.6791
chr1	221572	221573	32	0.1376
chr1	221599	221600	40	0.1989
chr1	221649	221650	28	0.1051
chr1	221679	221680	38	0.039
chr1	221729	221730	27	0.0
chr1	221779	221780	29	0.1712
chr1	221813	221814	23	0.0741
chr1	221854	221855	28	0.2104
chr1	221893	221894	28	0.1601
chr1	221923	221924	20	0.176
chr1	221948	221949	28	0.1786
chr1	221967	221968	29	0.0546
chr1	221996	221997	32	0.123
chr1	222018	222019	31	0.0619
chr1	222024	222025	24	0.1092
chr1	222124	222125	24	0.1609
chr1	222222	222223	30	0.0599
chr1	222314	222315	32	0.0576
chr1	222364	222365	32	0.0
chr1	222418	222419	27	0.1277
chr1	222492	222493	35	0.1025
chr1	222506	222507	30	0.0
chr1	222516	222517	29	0.7019
chr1	222558	222559	28	0.7036
chr1	222606	222607	42	0.6
chr1	222632	222633	26	0.7992
chr1	222649	222650	37	0.6177
chr1	222666	222667	26	0.8667
chr1	222716	222717	31	0.7815
chr1	222737	222738	28	0.7909
chr1	222760	222761	29	0.9258
chr1	222790	222791	32	0.6981
chr1	222823	222824	26	0.8054
chr1	222857	222858	27	0.8092
chr1	222892	222893	26	0.85
chr1	222912	222913	33	0.7244
chr1	222939	222940	34	0.5873
chr1	222970	222971	30	0.9473
chr1	222991	222992	26	0.6296
chr1	222998	222999	30	0.7701
chr1	223062	223063	27	0.7198
chr1	223150	223151	30	0.6851
chr1	223211	223212	30	0.8764
chr1	223261	223262	29	0.7928
chr1	223361	223362	19	0.6589
chr1	223461	223462	31	0.8886
chr1	223467	223468	30	0.9881
chr1	223471	223472	28	0.9943
chr1	223555	223556	25	0.918
chr1	223657	223658	34	0.747
chr1	223743	223744	27	0.8877
chr1	223861	223862	34	0.7556
chr1	223875	223876	37	0.8862
chr1	223901	223902	30	0.7475
chr1	223921	223922	29	0.9556
chr1	223943	223944	23	0.5124
chr1	223972	223973	22	0.7873
chr1	224016	224017	22	0.7706
chr1	224048	224049	28	0.7091
chr1	224074	224075	25	0.7157
chr1	224099	224100	35	0.6971
chr1	224116	224117	22	0.6604
chr1	224166	224167	29	0.9613
chr1	224187	224188	33	0.9322
chr1	224233	224234	27	0.7014
chr1	224257	224258	24	0.744
chr1	224283	224284	25	0.5552
chr1	224298	224299	31	0.6806
chr1	224348	224349	29	0.8109
chr1	224398	224399	27	0.701
chr1	224410	224411	29	0.6781
chr1	224510	224511	33	0.7285
chr1	224610	224611	28	0.6714
chr1	224710	224711	29	0.6679
chr1	224786	224787	32	0.6891
chr1	224798	224799	24	0.8675
chr1	224838	224839	22	0.6402
chr1	224864	224865	34	0.5741
chr1	224906	224907	35	0.6588
chr1	224934	224935	27	0.6561
chr1	224977	224978	36	0.6707
chr1	225006	225007	37	0.7649
chr1	225028	225029	29	0.6998
chr1	225078	225079	24	0.6793
chr1	225097	225098	37	0.6679
chr1	225135	225136	27	0.7051
chr1	225150	225151	28	0.644
chr1	225200	225201	28	0.68
chr1	225245	225246	27	0.6464
chr1	225270	225271	29	0.6344
chr1	225290	225291	30	0.5177
chr1	225303	225304	34	0.6406
chr1	225403	225404	21	0.4606
chr1	225501	225502	32	0.5531
chr1	225601	225602	29	0.5422
chr1	225701	225702	24	0.5256
chr1	225709	225710	35	0.8654
chr1	225785	225786	33	0.6882
chr1	225793	225794	28	0.1983
chr1	225820	225821	26	0.2157
chr1	225862	225863	39	0.2445
chr1	225877	225878	25	0.3591
chr1	225904	225905	37	0.2324
chr1	225927	225928	28	0.1532
chr1	225960	225961	34	0.1471
chr1	225984	225985	27	0.0998
chr1	226034	226035	33	0.3482
chr1	226065	226066	37	0.1119
chr1	226084	226085	27	0.3291
chr1	226099	226100	29	0.213
chr1	226140	226141	29	0.2642
chr1	226170	226171	32	0.1801
chr1	226215	226216	32	0.3576
chr1	226248	226249	44	0.2394
chr1	226273	226274	30	0.2351
chr1	226292	226293	34	0.1871
chr1	226353	226354	30	0.1804
chr1	226453	226454	25	0.184
chr1	226553	226554	33	0.112
chr1	226653	226654	27	0.0786
chr1	226753	226754	23	0.1894
chr1	226757	226758	30	0.0831
chr1	226803	226804	29	0.0
chr1	226897	226898	19	0.1116
chr1	226905	226906	28	0.1167
chr1	226909	226910	25	0.2002
chr1	226995	226996	26	0.2053
chr1	227043	227044	30	0.1066
chr1	227131	227132	24	0.1835
chr1	227195	227196	42	0.0738
chr1	227222	227223	38	0.6252
chr1	227248	227249	30	0.7367
chr1	227290	227291	21	0.6068
chr1	227340	227341	44	0.8175
chr1	227369	227370	26	0.9276
chr1	227409	227410	35	0.7411
chr1	227441	227442	30	0.6612
chr1	227479	227480	31	0.7313
chr1	227514	227515	31	0.8056
chr1	227535	227536	33	0.7145
chr1	227580	227581	28	0.9774
chr1	227601	227602	31	0.5631
chr1	227642	227643	33	0.8571
chr1	227666	227667	23	0.7067
chr1	227681	227682	35	0.7614
chr1	227706	227707	34	0.7811
chr1	227806	227807	32	0.8429
chr1	227884	227885	19	0.7553
chr1	227971	227972	40	0.7933
chr1	228034	228035	28	0.6836
chr1	228134	228135	32	0.6422
chr1	228138	228139	37	0.6687
chr1	228192	228193	29	0.8132
chr1	228206	228207	27	0.8253
chr1	228225	228226	31	0.8957
chr1	228256	228257	22	0.7243
chr1	228274	228275	39	0.6459
chr1	228304	228305	26	0.6977
chr1	228320	228321	34	0.8188
chr1	228344	228345	15	0.7866
chr1	228387	228388	30	0.8456
chr1	228437	228438	28	0.8164
chr1	228473	228474	29	0.9558
chr1	228517	228518	38	0.8797
chr1	228537	228538	36	0.9662
chr1	228576	228577	22	0.7519
chr1	228593	228594	24	0.9288
chr1	228633	228634	38	0.7912
chr1	228673	228674	29	0.895
chr1	228695	228696	32	0.8858
chr1	228795	228796	30	0.8136
chr1	228895	228896	32	0.8962
chr1	228976	228977	27	0.9528
chr1	229076	229077	24	0.9048
chr1	229135	229136	32	0.8473
chr1	229151	229152	25	0.909
chr1	229191	229192	19	0.6648
chr1	229228	229229	30	0.7846
chr1	229261	229262	28	0.7361
chr1	229311	229312	26	0.4886
chr1	229341	229342	15	0.6516
chr1	229383	229384	34	0.7227
chr1	229399	229400	22	0.9208
chr1	229418	229419	29	0.9355
chr1	229445	229446	30	0.8463
chr1	229471	229472	32	0.8391
chr1	229521	229522	33	0.6335
chr1	229555	229556	33	0.6816
chr1	229582	229583	33	0.763
chr1	229623	229624	41	0.6285
chr1	229638	229639	28	0.7637
chr1	229677	229678	30	0.8564
chr1	229693	229694	26	0.829
chr1	229705	229706	29	0.5875
chr1	229805	229806	32	0.9001
chr1	229895	229896	25	0.7147
chr1	229967	229968	29	0.6144
chr1	230067	230068	32	0.6956
chr1	230162	230163	28	1.0
chr1	230218	230219	30	0.8314
chr1	230232	230233	29	0.8978
chr1	230258	230259	25	0.4086
chr1	230308	230309	23	0.6214
chr1	230358	230359	36	0.5591
chr1	230379	230380	28	0.3963
chr1	230405	230406	33	0.4575
chr1	230435	230436	25	0.4846
chr1	230483	230484	34	0.6184
chr1	230521	230522	22	0.5944
chr1	230571	230572	32	0.5076
chr1	230591	230592	37	0.554
chr1	230606	230607	30	0.5974
chr1	230655	230656	25	0.3792
chr1	230677	230678	28	0.5836
chr1	230694	230695	28	0.4787
chr1	230711	230712	30	0.4682
chr1	230733	230734	25	0.5045
chr1	230760	230761	32	0.4647
chr1	230860	230861	28	0.4459
chr1	230960	230961	27	0.5997
chr1	231033	231034	29	0.6055
chr1	231102	231103	36	0.3795
chr1	231202	231203	27	0.5603
chr1	231232	231233	34	0.3471
chr1	231234	231235	29	0.5488
chr1	231265	231266	29	0.7694
chr1	231280	231281	25	0.6963
chr1	231312	231313	33	0.7083
chr1	231339	231340	24	0.7549
chr1	231389	231390	21	0.8792
chr1	231421	231422	29	0.5788
chr1	231437	231438	24	0.8732
chr1	231462	231463	26	0.8035
chr1	231498	231499	22	0.6956
chr1	231533	231534	36	0.7897
chr1	231568	231569	28	0.7067
chr1	231618	231619	20	0.5576
chr1	231633	231634	28	0.7763
chr1	231665	231666	34	0.8175
chr1	231712	231713	35	0.6459
chr1	231745	231746	30	0.9015
chr1	231772	231773	30	0.9287
chr1	231822	231823	19	0.6647
chr1	231922	231923	31	0.6162
chr1	231972	231973	28	0.7634
chr1	232072	232073	38	0.6581
chr1	232172	232173	25	0.8909
chr1	232244	232245	33	0.7558
chr1	232258	232259	36	0.8017
chr1	232282	232283	38	0.4223
chr1	232306	232307	35	0.168
chr1	232355	232356	22	0.2167
chr1	232377	232378	27	0.1837
chr1	232395	232396	28	0.1917
chr1	232445	232446	19	0.3349
chr1	232471	232472	32	0.2534
chr1	232514	232515	27	0.3223
chr1	232541	232542	23	0.3392
chr1	232566	232567	19	0.137
chr1	232616	232617	29	0.2025
chr1	232644	232645	29	0.194
chr1	232672	232673	38	0.2521
chr1	232718	232719	32	0.3043
chr1	232733	232734	35	0.0399
chr1	232756	232757	33	0.2922
chr1	232785	232786	26	0.1817
chr1	232839	232840	27	0.2953
chr1	232936	232937	38	0.1481
chr1	232986	232987	35	0.1565
chr1	233086	233087	34	0.1643
chr1	233186	233187	28	0.1487
chr1	233286	233287	21	0.349
chr1	233294	233295	35	0.2747
chr1	233308	233309	17	0.3425
chr1	233317	233318	27	0.6534
chr1	233351	233352	33	0.8114
chr1	233369	233370	23	0.8109
chr1	233419	233420	25	0.6955
chr1	233469	233470	42	0.7055
chr1	233519	233520	37	0.7043
chr1	233569	233570	35	0.6968
chr1	233619	233620	32	0.692
chr1	233651	233652	28	0.7411
chr1	233701	233702	23	0.6766
chr1	233739	233740	35	0.7255
chr1	233784	233785	32	0.6395
chr1	233834	233835	40	0.7191
chr1	233840	233841	27	0.6206
chr1	233940	233941	28	0.6802
chr1	234040	234041	37	0.5394
chr1	234140	234141	23	0.5917
chr1	234240	234241	38	0.712
chr1	234340	234341	29	0.5655
chr1	234342	234343	32	0.8953
chr1	234400	234401	33	0.8412
chr1	234440	234441	33	0.588
chr1	234452	234453	30	0.8871
chr1	234478	234479	26	1.0
chr1	234500	234501	37	0.633
chr1	234698	234699	26	0.7837
chr1	234748	234749	28	0.8186
chr1	234783	234784	36	0.581
chr1	234824	234825	24	0.6488
chr1	234863	234864	28	0.5346
chr1	234878	234879	31	0.4889
chr1	234928	234929	37	0.5328
chr1	234954	234955	28	0.6904
chr1	235004	235005	26	0.6566
chr1	235026	235027	24	0.537
chr1	235061	235062	38	0.5454
chr1	235076	235077	30	0.4834
chr1	235107	235108	33	0.5953
chr1	235133	235134	32	0.5205
chr1	235157	235158	27	0.3813
chr1	235207	235208	23	0.3725
chr1	235234	235235	29	0.6042
chr1	235244	235245	19	0.5204
chr1	235337	235338	29	0.5719
chr1	235437	235438	26	0.5523
chr1	235537	235538	35	0.4853
chr1	235587	235588	25	0.5636
chr1	235687	235688	23	0.5228
chr1	235737	235738	33	0.3627
chr1	235783	235784	33	0.6653
chr1	235830	235831	37	0.6376
chr1	235852	235853	29	0.6763
chr1	235875	235876	29	0.5984
chr1	235925	235926	39	0.5141
chr1	235953	235954	26	0.4137
chr1	235995	235996	35	0.711
chr1	236032	236033	24	0.6498
chr1	236049	236050	25	0.5561
chr1	236084	236085	31	0.5698
chr1	236134	236135	29	0.5887
chr1	236170	236171	24	0.6574
chr1	236217	236218	36	0.4938
chr1	236258	236259	29	0.5448
chr1	236273	236274	29	0.5508
chr1	236291	236292	29	0.5423
chr1	236308	236309	33	0.4724
chr1	236326	236327	28	0.4657
chr1	236348	236349	33	0.5312
chr1	236409	236410	30	0.3922
chr1	236459	236460	34	0.6651
chr1	236559	236560	34	0.645
chr1	236659	236660	32	0.7576
chr1	236724	236725	35	0.5075
chr1	236824	236825	26	0.6716
chr1	236876	236877	29	0.5919
chr1	236888	236889	27	0.613
chr1	236922	236923	33	0.945
chr1	236940	236941	34	0.8538
chr1	236990	236991	29	0.9403
chr1	237026	237027	29	0.8831
chr1	237059	237060	22	0.9392
chr1	237107	237108	28	0.9465
chr1	237140	237141	28	0.9193
chr1	237180	237181	36	0.8894
chr1	237225	237226	32	0.8737
chr1	237245	237246	34	0.9122
chr1	237290	237291	31	0.8605
chr1	237320	237321	25	1.0
chr1	237364	237365	25	0.9759
chr1	237399	237400	31	0.7831
chr1	237450	237451	25	0.9474
chr1	237526	237527	25	0.9166
chr1	237576	237577	22	0.7988
chr1	237676	237677	29	0.933
chr1	237776	237777	34	0.9588
chr1	237790	237791	33	1.0
chr1	237824	237825	30	0.6129
chr1	237857	237858	27	0.7865
chr1	237907	237908	31	0.7906
chr1	237928	237929	20	0.821
chr1	237954	237955	35	0.7348
chr1	237978	237979	26	0.6348
chr1	238026	238027	34	0.781
chr1	238057	238058	26	0.8413
chr1	238107	238108	28	0.7941
chr1	238138	238139	29	0.8878
chr1	238159	238160	30	0.7643
chr1	238174	238175	32	0.6943
chr1	238222	238223	21	0.8692
chr1	238272	238273	23	0.685
chr1	238288	238289	31	0.8116
chr1	238312	238313	33	0.6856
chr1	238327	238328	35	0.7247
chr1	238408	238409	37	0.697
chr1	238508	238509	33	0.6255
chr1	238608	238609	36	0.7308
chr1	238708	238709	35	0.8236
chr1	238758	238759	33	0.7431
chr1	238794	238795	28	0.6919
chr1	238802	238803	30	0.6257
chr1	238832	238833	35	0.496
chr1	238856	238857	20	0.6031
chr1	238902	238903	36	0.7561
chr1	238922	238923	34	0.6522
chr1	238937	238938	23	0.6858
chr1	238954	238955	33	0.817
chr1	238990	238991	32	0.7075
chr1	239023	239024	26	0.5065
chr1	239046	239047	24	0.6772
chr1	239087	239088	30	0.7304
chr1	239114	239115	38	0.722
chr1	239131	239132	30	0.5003
chr1	239181	239182	32	0.745
chr1	239207	239208	37	0.5805
chr1	239232	239233	17	0.6418
chr1	239247	239248	32	0.5688
chr1	239262	239263	32	0.6414
chr1	239285	239286	29	0.6206
chr1	239310	239311	28	0.6831
chr1	239340	239341	33	0.6227
chr1	239440	239441	33	0.6831
chr1	239540	239541	28	0.7097
chr1	239640	239641	31	0.72
chr1	239740	239741	31	0.7367
chr1	239837	239838	35	0.5303
chr1	239943	239944	32	0.9471
chr1	239955	239956	29	0.7798
chr1	240053	240054	25	0.7726
chr1	240067	240068	27	1.0
chr1	240077	240078	30	0.78
chr1	240123	240124	30	0.8534
chr1	240155	240156	37	0.8276
chr1	240195	240196	27	0.711
chr1	240247	240248	28	0.5869
chr1	240337	240338	30	0.8584
chr1	240372	240373	32	0.7315
chr1	240404	240405	29	0.7585
chr1	240441	240442	29	0.7254
chr1	240491	240492	37	0.5613
chr1	240528	240529	34	0.7921
chr1	240578	240579	34	0.6457
chr1	240609	240610	35	0.6845
chr1	240659	240660	37	0.6575
chr1	240688	240689	23	0.6777
chr1	240708	240709	26	0.5972
chr1	240758	240759	28	0.8495
chr1	240808	240809	24	0.7812
chr1	240823	240824	27	0.7594
chr1	240832	240833	27	0.7823
chr1	240882	240883	32	0.7762
chr1	240932	240933	28	0.5155
chr1	241032	241033	35	0.6634
chr1	241114	241115	32	0.8106
chr1	241187	241188	34	0.6875
chr1	241287	241288	32	0.6135
chr1	241369	241370	28	0.6595
chr1	241377	241378	26	0.5515
chr1	241395	241396	27	0.4848
chr1	241445	241446	32	0.8013
chr1	241481	241482	34	0.8657
chr1	241513	241514	34	0.5963
chr1	241541	241542	35	0.7133
chr1	241565	241566	32	0.6518
chr1	241582	241583	27	0.6281
chr1	241632	241633	31	0.6347
chr1	241666	241667	29	0.8377
chr1	241716	241717	39	0.5573
chr1	241745	241746	35	0.7885
chr1	241795	241796	35	0.5774
chr1	241835	241836	24	0.6858
chr1	241865	241866	32	0.7723
chr1	241965	241966	32	0.6529
chr1	242065	242066	36	0.651
chr1	242152	242153	29	0.6933
chr1	242230	242231	27	0.7491
chr1	242280	242281	35	0.8011
chr1	242308	242309	22	0.9635
chr1	242424	242425	27	0.9504
chr1	242456	242457	31	0.797
chr1	242482	242483	29	0.9135
chr1	242520	242521	29	0.8438
chr1	242522	242523	34	0.7781
chr1	242576	242577	30	1.0
chr1	242646	242647	34	0.8016
chr1	242702	242703	29	0.8037
chr1	242740	242741	31	0.7908
chr1	242756	242757	41	0.8883
chr1	242806	242807	27	0.8289
chr1	242856	242857	24	0.8853
chr1	242906	242907	21	0.7986
chr1	242937	242938	26	0.7421
chr1	242956	242957	24	0.8602
chr1	242985	242986	34	0.9489
chr1	243028	243029	31	0.8518
chr1	243059	243060	29	0.9949
chr1	243097	243098	20	0.6503
chr1	243135	243136	23	0.7318
chr1	243159	243160	31	0.8243
chr1	243209	243210	31	0.7474
chr1	243228	243229	25	0.8761
chr1	243300	243301	31	0.802
chr1	243350	243351	23	0.7446
chr1	243400	243401	31	0.7187
chr1	243500	243501	23	0.8174
chr1	243550	243551	29	0.8114
chr1	243600	243601	35	0.7413
chr1	243700	243701	39	0.7705
chr1	243724	243725	30	0.8659
chr1	243736	243737	34	0.9477
chr1	243762	243763	33	0.5193
chr1	243794	243795	35	0.5864
chr1	243842	243843	30	0.6725
chr1	243867	243868	30	0.579
chr1	243904	243905	33	0.4662
chr1	243954	243955	28	0.6297
chr1	243983	243984	21	0.5849
chr1	244022	244023	32	0.7314
chr1	244041	244042	29	0.5983
chr1	244091	244092	27	0.5628
chr1	244114	244115	25	0.6646
chr1	244136	244137	32	0.6262
chr1	244234	244235	32	0.6215
chr1	244334	244335	23	0.6681
chr1	244403	244404	30	0.563
chr1	244474	244475	16	0.6959
chr1	244488	244489	30	0.7156
chr1	244526	244527	32	0.61
chr1	244557	244558	24	0.7114
chr1	244602	244603	31	0.6262
chr1	244617	244618	29	0.5884
chr1	244647	244648	32	0.4813
chr1	244667	244668	25	0.4729
chr1	244687	244688	36	0.6446
chr1	244702	244703	32	0.685
chr1	244731	244732	31	0.5035
chr1	244767	244768	35	0.4844
chr1	244795	244796	29	0.5485
chr1	244815	244816	28	0.4925
chr1	244834	244835	35	0.4597
chr1	244863	244864	25	0.4932
chr1	244892	244893	36	0.6904
chr1	244917	244918	37	0.5864
chr1	244950	244951	31	0.6889
chr1	244984	244985	34	0.4665
chr1	245000	245001	36	0.4674
chr1	245024	245025	23	0.447
chr1	245038	245039	31	0.4706
chr1	245104	245105	27	0.6303
chr1	245204	245205	35	0.6127
chr1	245282	245283	39	0.7088
chr1	245340	245341	24	0.5148
chr1	245440	245441	33	0.5267
chr1	245490	245491	19	0.7345
chr1	245556	245557	26	0.6043
chr1	245564	245565	37	0.404
chr1	245592	245593	24	0.2817
chr1	245617	245618	37	0.3147
chr1	245660	245661	29	0.3663
chr1	245710	245711	39	0.3772
chr1	245760	245761	32	0.1676
chr1	245803	245804	28	0.3007
chr1	245831	245832	37	0.2657
chr1	245850	245851	32	0.2043
chr1	245900	245901	19	0.2191
chr1	245939	245940	23	0.364
chr1	245966	245967	30	0.1634
chr1	245981	245982	26	0.1599
chr1	246013	246014	36	0.2199
chr1	246027	246028	35	0.3629
chr1	246127	246128	30	0.2671
chr1	246227	246228	33	0.066
chr1	246310	246311	31	0.1478
chr1	246360	246361	29	0.23
chr1	246460	246461	33	0.2946
chr1	246582	246583	23	0.0
chr1	246606	246607	32	0.2376
chr1	246742	246743	23	0.185
chr1	246764	246765	33	0.2766
chr1	246872	246873	34	0.3202
chr1	246900	246901	37	0.3214
chr1	246914	246915	33	0.2925
chr1	246922	246923	21	0.6659
chr1	246972	246973	32	0.6489
chr1	247021	247022	31	0.6322
chr1	247071	247072	25	0.4365
chr1	247092	247093	30	0.6103
chr1	247113	247114	39	0.66
chr1	247147	247148	27	0.51
chr1	247173	247174	33	0.5335
chr1	247193	247194	38	0.5423
chr1	247243	247244	22	0.5971
chr1	247290	247291	26	0.5607
chr1	247308	247309	28	0.584
chr1	247358	247359	29	0.3874
chr1	247389	247390	31	0.5678
chr1	247404	247405	26	0.6099
chr1	247415	247416	29	0.6082
chr1	247509	247510	26	0.5426
chr1	247566	247567	30	0.5911
chr1	247666	247667	33	0.701
chr1	247766	247767	30	0.6108
chr1	247866	247867	27	0.5181
chr1	247912	247913	33	0.7971
chr1	247984	247985	34	0.8965
chr1	248110	248111	40	0.8057
chr1	248172	248173	32	0.6497
chr1	248204	248205	32	0.737
chr1	248334	248335	25	0.7771
chr1	248358	248359	35	0.9882
chr1	248408	248409	32	0.7719
chr1	248429	248430	23	0.8592
chr1	248456	248457	41	0.8419
chr1	248506	248507	34	0.8245
chr1	248544	248545	28	0.8031
chr1	248564	248565	33	0.7618
chr1	248614	248615	29	0.6754
chr1	248641	248642	22	0.772
chr1	248663	248664	29	0.9127
chr1	248713	248714	30	0.8075
chr1	248733	248734	21	0.6579
chr1	248756	248757	33	0.7574
chr1	248771	248772	21	0.8754
chr1	248799	248800	32	0.725
chr1	248814	248815	36	0.8893
chr1	248821	248822	31	0.5929
chr1	248921	248922	31	0.8315
chr1	249021	249022	34	0.7586
chr1	249121	249122	40	0.88
chr1	249187	249188	28	0.7578
chr1	249262	249263	29	0.7156
chr1	249270	249271	33	0.8794
chr1	249284	249285	31	0.8604
chr1	249299	249300	32	0.8594
chr1	249329	249330	21	0.916
chr1	249350	249351	32	0.9547
chr1	249373	249374	24	0.8088
chr1	249399	249400	29	0.9518
chr1	249449	249450	26	0.8063
chr1	249489	249490	33	0.7046
chr1	249539	249540	34	0.8027
chr1	249564	249565	25	0.8535
chr1	249614	249615	24	0.9166
chr1	249664	249665	26	0.8842
chr1	249709	249710	32	0.8134
chr1	249724	249725	24	0.8413
chr1	249824	249825	27	0.87
chr1	249924	249925	26	1.0
chr1	250003	250004	40	0.8649
chr1	250077	250078	27	0.984
chr1	250097	250098	27	0.8849
chr1	250139	250140	32	0.4263
chr1	250177	250178	27	0.2922
chr1	250207	250208	19	0.4
chr1	250251	250252	33	0.5397
chr1	250283	250284	26	0.5316
chr1	250308	250309	26	0.421
chr1	250347	250348	30	0.4156
chr1	250379	250380	29	0.4259
chr1	250403	250404	35	0.5723
chr1	250418	250419	34	0.3732
chr1	250451	250452	29	0.6381
chr1	250482	250483	23	0.5605
chr1	250506	250507	32	0.5568
chr1	250544	250545	38	0.3077
chr1	250569	250570	33	0.5619
chr1	250592	250593	27	0.4585
chr1	250606	250607	18	0.3939
chr1	250656	250657	38	0.5305
chr1	250756	250757	23	0.5785
chr1	250856	250857	28	0.6537
chr1	250927	250928	28	0.4739
chr1	251027	251028	29	0.562
chr1	251109	251110	36	0.6054
chr1	251117	251118	30	0.3332
chr1	251141	251142	22	0.5643
chr1	251162	251163	40	0.629
chr1	251199	251200	20	0.5644
chr1	251249	251250	30	0.6112
chr1	251269	251270	28	0.5495
chr1	251289	251290	23	0.7506
chr1	251309	251310	28	0.7386
chr1	251335	251336	34	0.4143
chr1	251352	251353	36	0.6335
chr1	251402	251403	24	0.634
chr1	251452	251453	26	0.5233
chr1	251502	251503	34	0.7286
chr1	251520	251521	30	0.6981
chr1	251553	251554	39	0.5191
chr1	251572	251573	40	0.4469
chr1	251595	251596	30	0.6662
chr1	251611	251612	37	0.653
chr1	251627	251628	32	0.5109
chr1	251649	251650	31	0.7291
chr1	251671	251672	33	0.5099
chr1	251750	251751	25	0.5109
chr1	251847	251848	35	0.7285
chr1	251926	251927	30	0.5129
chr1	251976	251977	30	0.5336
chr1	252076	252077	27	0.6167
chr1	252126	252127	26	0.5121
chr1	252216	252217	31	0.6526
chr1	252220	252221	29	0.5736
chr1	252268	252269	33	0.8785
chr1	252298	252299	28	0.7092
chr1	252326	252327	32	0.7904
chr1	252356	252357	31	0.7898
chr1	252396	252397	31	0.7979
chr1	252421	252422	25	0.8114
chr1	252471	252472	29	0.9368
chr1	252504	252505	31	0.6919
chr1	252519	252520	31	0.6886
chr1	252540	252541	29	0.6868
chr1	252588	252589	28	0.78
chr1	252618	252619	28	0.7466
chr1	252666	252667	34	0.8141
chr1	252672	252673	32	0.9071
chr1	252772	252773	26	0.9058
chr1	252830	252831	22	0.9455
chr1	252925	252926	31	0.9157
chr1	253025	253026	31	0.8719
chr1	253045	253046	32	0.8427
chr1	253060	253061	33	0.712
chr1	253105	253106	28	0.5801
chr1	253155	253156	26	0.6439
chr1	253179	253180	37	0.7278
chr1	253194	253195	27	0.7725
chr1	253215	253216	18	0.81
chr1	253247	253248	35	0.8257
chr1	253291	253292	30	0.8197
chr1	253327	253328	22	0.6907
chr1	253366	253367	26	0.7445
chr1	253409	253410	37	0.598
chr1	253426	253427	26	0.8211
chr1	253456	253457	27	0.7047
chr1	253482	253483	31	0.6585
chr1	253574	253575	28	0.7635
chr1	253674	253675	42	0.7546
chr1	253766	253767	30	0.7605
chr1	253866	253867	21	0.7862
chr1	253950	253951	35	0.8989
chr1	253958	253959	35	0.5083
chr1	253991	253992	31	0.4367
chr1	254023	254024	34	0.6009
chr1	254038	254039	26	0.6416
chr1	254065	254066	32	0.5203
chr1	254115	254116	32	0.5004
chr1	254138	254139	31	0.5963
chr1	254188	254189	27	0.7266
chr1	254236	254237	28	0.6048
chr1	254274	254275	31	0.4293
chr1	254316	254317	22	0.442
chr1	254338	254339	36	0.3846
chr1	254353	254354	28	0.5657
chr1	254372	254373	36	0.5806
chr1	254411	254412	26	0.4312
chr1	254448	254449	30	0.5018
chr1	254548	254549	29	0.4812
chr1	254648	254649	24	0.4837
chr1	254748	254749	31	0.544
chr1	254848	254849	29	0.4396
chr1	254900	254901	25	0.6166
chr1	254970	254971	38	0.8363
chr1	255096	255097	28	0.7531
chr1	255146	255147	27	0.7023
chr1	255178	255179	27	0.7734
chr1	255180	255181	35	0.7789
chr1	255224	255225	25	0.7187
chr1	255272	255273	32	0.6856
chr1	255348	255349	37	0.6153
chr1	255381	255382	34	0.2817
chr1	255408	255409	33	0.1621
chr1	255446	255447	30	0.1697
chr1	255496	255497	28	0.1383
chr1	255511	255512	24	0.1944
chr1	255531	255532	29	0.1905
chr1	255550	255551	31	0.1505
chr1	255566	255567	29	0.2001
chr1	255595	255596	31	0.143
chr1	255645	255646	30	0.0828
chr1	255665	255666	34	0.2599
chr1	255715	255716	41	0.1703
chr1	255734	255735	34	0.2133
chr1	255770	255771	26	0.1255
chr1	255820	255821	25	0.1589
chr1	255841	255842	35	0.0606
chr1	255889	255890	32	0.1273
chr1	255909	255910	33	0.2161
chr1	256009	256010	32	0.1774
chr1	256109	256110	38	0.1993
chr1	256209	256210	35	0.2437
chr1	256309	256310	36	0.3208
chr1	256409	256410	33	0.171
chr1	256419	256420	25	0.0
chr1	256477	256478	24	0.2008
chr1	256489	256490	25	0.6923
chr1	256513	256514	29	0.6519
chr1	256545	256546	38	0.8901
chr1	256581	256582	35	0.8339
chr1	256613	256614	32	0.9291
chr1	256641	256642	24	0.6055
chr1	256668	256669	28	0.7958
chr1	256695	256696	37	0.6931
chr1	256740	256741	30	0.7727
chr1	256756	256757	25	0.7698
chr1	256776	256777	30	0.6282
chr1	256826	256827	26	0.5388
chr1	256856	256857	29	0.9753
chr1	256895	256896	35	0.8144
chr1	256910	256911	28	0.7354
chr1	256960	256961	30	0.818
chr1	256999	257000	21	0.8758
chr1	257099	257100	35	0.8678
chr1	257199	257200	31	0.82
chr1	257249	257250	32	0.7829
chr1	257349	257350	29	0.8952
chr1	257449	257450	39	0.8054
chr1	257499	257500	33	0.8002
chr1	257553	257554	26	0.853
chr1	257609	257610	17	0.7343
chr1	257639	257640	25	0.2419
chr1	257684	257685	34	0.2896
chr1	257700	257701	35	0.1979
chr1	257722	257723	33	0.1071
chr1	257737	257738	33	0.2602
chr1	257775	257776	35	0.0
chr1	257825	257826	29	0.0968
chr1	257842	257843	36	0.2708
chr1	257866	257867	35	0.0996
chr1	257881	257882	28	0.0
chr1	257902	257903	21	0.1874
chr1	257946	257947	20	0.2417
chr1	257975	257976	23	0.1522
chr1	258002	258003	29	0.2266
chr1	258033	258034	28	0.2969
chr1	258054	258055	36	0.0883
chr1	258072	258073	31	0.3169
chr1	258103	258104	22	0.1011
chr1	258125	258126	24	0.2239
chr1	258145	258146	25	0.1874
chr1	258176	258177	28	0.2402
chr1	258200	258201	30	0.1933
chr1	258300	258301	23	0.2306
chr1	258400	258401	30	0.2586
chr1	258500	258501	25	0.1381
chr1	258550	258551	29	0.2506
chr1	258650	258651	27	0.1525
chr1	258750	258751	29	0.121
chr1	258846	258847	36	0.0693
chr1	258892	258893	25	0.6597
chr1	258937	258938	20	0.7597
chr1	258957	258958	33	0.8384
chr1	259007	259008	42	0.4867
chr1	259027	259028	38	0.5899
chr1	259047	259048	27	0.7229
chr1	259069	259070	40	0.8598
chr1	259119	259120	29	0.5121
chr1	259159	259160	28	0.5592
chr1	259209	259210	25	0.6306
chr1	259231	259232	26	0.7928
chr1	259264	259265	36	0.7587
chr1	259301	259302	27	0.5516
chr1	259316	259317	32	0.573
chr1	259347	259348	26	0.6005
chr1	259368	259369	36	0.7394
chr1	259395	259396	31	0.5669
chr1	259410	259411	25	0.7329
chr1	259437	259438	23	0.6503
chr1	259537	259538	29	0.6623
chr1	259637	259638	36	0.7439
chr1	259704	259705	22	0.9413
chr1	259804	259805	28	0.6645
chr1	259899	259900	30	0.7538
chr1	260001	260002	31	0.8787
chr1	260008	260009	29	0.3627
chr1	260024	260025	35	0.2857
chr1	260054	260055	43	0.2166
chr1	260100	260101	33	0.2195
chr1	260116	260117	34	0.1441
chr1	260143	260144	34	0.2669
chr1	260186	260187	31	0.2279
chr1	260206	260207	29	0.1956
chr1	260249	260250	34	0.2687
chr1	260299	260300	31	0.2366
chr1	260323	260324	29	0.3443
chr1	260345	260346	31	0.3046
chr1	260372	260373	27	0.092
chr1	260395	260396	29	0.0897
chr1	260495	260496	23	0.1501
chr1	260545	260546	31	0.2724
chr1	260645	260646	34	0.2105
chr1	260745	260746	29	0.2377
chr1	260781	260782	34	0.1097
chr1	260785	260786	27	0.1348
chr1	260865	260866	21	0.0051
chr1	261087	261088	35	0.2285
chr1	261115	261116	32	0.0806
chr1	261141	261142	25	0.813
chr1	261191	261192	31	0.721
chr1	261215	261216	22	0.7634
chr1	261262	261263	26	0.829
chr1	261285	261286	31	0.6449
chr1	261303	261304	32	0.8845
chr1	261332	261333	28	0.6329
chr1	261379	261380	30	0.7032
chr1	261407	261408	42	0.7608
chr1	261443	261444	33	0.791
chr1	261487	261488	27	0.7892
chr1	261536	261537	33	0.7447
chr1	261573	261574	26	0.7239
chr1	261634	261635	28	0.7687
chr1	261734	261735	33	0.7124
chr1	261784	261785	24	0.6608
chr1	261884	261885	24	0.8139
chr1	261984	261985	30	0.6775
chr1	262074	262075	30	0.7982
chr1	262105	262106	30	0.2236
chr1	262122	262123	26	0.3683
chr1	262151	262152	23	0.0879
chr1	262176	262177	25	0.2009
chr1	262216	262217	29	0.231
chr1	262266	262267	33	0.2095
chr1	262297	262298	34	0.1137
chr1	262312	262313	22	0.1807
chr1	262327	262328	28	0.169
chr1	262369	262370	28	0.3305
chr1	262388	262389	22	0.1933
chr1	262438	262439	28	0.2159
chr1	262453	262454	28	0.1403
chr1	262503	262504	39	0.2562
chr1	262551	262552	28	0.1232
chr1	262573	262574	28	0.3198
chr1	262623	262624	38	0.1539
chr1	262689	262690	22	0.1563
chr1	262789	262790	23	0.1619
chr1	262839	262840	38	0.1286
chr1	262889	262890	30	0.191
chr1	262989	262990	30	0.2104
chr1	263059	263060	22	0.2004
chr1	263073	263074	33	0.1379
chr1	263103	263104	28	0.0793
chr1	263132	263133	23	0.2817
chr1	263147	263148	35	0.0
chr1	263171	263172	27	0.2594
chr1	263200	263201	32	0.4139
chr1	263222	263223	22	0.0
chr1	263264	263265	33	0.0
chr1	263279	263280	29	0.3612
chr1	263297	263298	32	0.3531
chr1	263312	263313	35	0.3534
chr1	263362	263363	29	0.0999
chr1	263382	263383	33	0.0921
chr1	263432	263433	28	0.0
chr1	263453	263454	27	0.1819
chr1	263485	263486	35	0.5007
chr1	263535	263536	30	0.2374
chr1	263553	263554	31	0.2889
chr1	263568	263569	28	0.4069
chr1	263636	263637	27	0.0525
chr1	263736	263737	24	0.2493
chr1	263836	263837	36	0.1779
chr1	263898	263899	33	0.1425
chr1	263998	263999	32	0.0
chr1	264034	264035	21	0.0
chr1	264060	264061	33	0.7818
chr1	264078	264079	35	0.5387
chr1	264106	264107	27	0.4923
chr1	264121	264122	35	0.7934
chr1	264171	264172	30	0.7074
chr1	264213	264214	34	0.786
chr1	264238	264239	36	0.7218
chr1	264261	264262	31	0.7972
chr1	264276	264277	29	0.6265
chr1	264316	264317	29	0.6391
chr1	264350	264351	24	0.5526
chr1	264391	264392	28	0.5
chr1	264424	264425	35	0.7518
chr1	264471	264472	29	0.5946
chr1	264494	264495	36	0.7217
chr1	264513	264514	23	0.8055
chr1	264546	264547	22	0.7277
chr1	264560	264561	33	0.7081
chr1	264660	264661	30	0.4431
chr1	264760	264761	31	0.6642
chr1	264845	264846	25	0.5414
chr1	264945	264946	32	0.7448
chr1	265045	265046	29	0.6077
chr1	265081	265082	28	0.7779
chr1	265091	265092	30	0.6488
chr1	265141	265142	41	0.5364
chr1	265164	265165	23	0.7867
chr1	265203	265204	28	0.7668
chr1	265253	265254	32	0.7763
chr1	265303	265304	27	0.6766
chr1	265344	265345	21	0.8492
chr1	265379	265380	18	0.8864
chr1	265429	265430	24	0.6801
chr1	265453	265454	32	0.6185
chr1	265503	265504	35	0.7612
chr1	265522	265523	28	0.7658
chr1	265547	265548	23	0.7878
chr1	265567	265568	20	0.5201
chr1	265585	265586	31	0.6026
chr1	265590	265591	33	0.6665
chr1	265690	265691	29	0.5851
chr1	265790	265791	24	0.8578
chr1	265861	265862	26	0.6764
chr1	265925	265926	22	0.7049
chr1	266025	266026	26	0.8015
chr1	266091	266092	25	0.7021
chr1	266103	266104	24	0.8819
chr1	266109	266110	36	0.6312
chr1	266150	266151	26	0.7403
chr1	266200	266201	29	0.5081
chr1	266215	266216	17	0.8921
chr1	266230	266231	30	0.6973
chr1	266280	266281	36	0.7156
chr1	266312	266313	22	0.7175
chr1	266342	266343	32	0.6946
chr1	266392	266393	32	0.7041
chr1	266416	266417	27	0.5469
chr1	266431	266432	25	0.7526
chr1	266477	266478	32	0.6462
chr1	266512	266513	34	0.6571
chr1	266533	266534	25	0.5304
chr1	266633	266634	24	0.6475
chr1	266733	266734	39	0.6801
chr1	266787	266788	23	0.6787
chr1	266874	266875	32	0.6018
chr1	266930	266931	30	0.4504
chr1	266936	266937	25	0.872
chr1	266970	266971	31	0.8236
chr1	266992	266993	25	0.8576
chr1	267090	267091	37	0.7057
chr1	267212	267213	34	0.7956
chr1	267400	267401	32	0.9285
chr1	267428	267429	19	0.8479
chr1	267461	267462	26	0.8507
chr1	267486	267487	25	0.905
chr1	267501	267502	32	0.7964
chr1	267516	267517	42	0.8666
chr1	267536	267537	30	0.8154
chr1	267554	267555	28	0.76
chr1	267596	267597	34	0.8548
chr1	267611	267612	33	0.8576
chr1	267626	267627	32	0.9141
chr1	267660	267661	26	0.7948
chr1	267678	267679	33	0.9369
chr1	267728	267729	42	0.875
chr1	267746	267747	33	0.823
chr1	267779	267780	32	0.7528
chr1	267798	267799	27	0.8093
chr1	267831	267832	36	0.6671
chr1	267856	267857	28	0.7685
chr1	267882	267883	26	0.8583
chr1	267909	267910	33	0.7291
chr1	267951	267952	25	0.9025
chr1	267985	267986	23	0.6715
chr1	268013	268014	28	0.7682
chr1	268113	268114	28	0.818
chr1	268163	268164	32	0.7844
chr1	268213	268214	44	0.9334
chr1	268313	268314	28	0.5968
chr1	268371	268372	33	0.7662
chr1	268471	268472	29	1.0
chr1	268571	268572	36	0.8201
chr1	268573	268574	34	0.7432
chr1	268583	268584	28	0.8688
chr1	268589	268590	28	0.6692
chr1	268604	268605	36	0.6291
chr1	268619	268620	31	0.5362
chr1	268669	268670	28	0.5399
chr1	268709	268710	26	0.4469
chr1	268742	268743	21	0.5357
chr1	268757	268758	29	0.4857
chr1	268775	268776	30	0.5592
chr1	268791	268792	25	0.607
chr1	268841	268842	24	0.6094
chr1	268876	268877	26	0.5719
chr1	268926	268927	26	0.5208
chr1	268946	268947	32	0.5153
chr1	268964	268965	25	0.5193
chr1	268991	268992	25	0.5613
chr1	269041	269042	29	0.569
chr1	269049	269050	30	0.6935
chr1	269099	269100	32	0.6689
chr1	269170	269171	32	0.5102
chr1	269270	269271	26	0.6783
chr1	269331	269332	23	0.6819
chr1	269381	269382	26	0.6342
chr1	269455	269456	27	0.6088
chr1	269475	269476	22	0.7545
chr1	269521	269522	15	0.9139
chr1	269535	269536	25	0.7439
chr1	269537	269538	37	0.7035
chr1	269551	269552	36	0.7215
chr1	269595	269596	27	0.9356
chr1	269627	269628	27	0.7534
chr1	269811	269812	25	0.7225
chr1	269816	269817	28	0.2078
chr1	269858	269859	29	0.4019
chr1	269886	269887	26	0.3048
chr1	269909	269910	32	0.2503
chr1	269934	269935	34	0.252
chr1	269965	269966	41	0.3485
chr1	270015	270016	33	0.2901
chr1	270048	270049	22	0.217
chr1	270082	270083	28	0.3657
chr1	270132	270133	32	0.2536
chr1	270178	270179	21	0.362
chr1	270201	270202	22	0.2819
chr1	270231	270232	30	0.285
chr1	270247	270248	29	0.2462
chr1	270270	270271	22	0.1922
chr1	270296	270297	26	0.3488
chr1	270396	270397	38	0.3022
chr1	270496	270497	30	0.2636
chr1	270596	270597	30	0.3423
chr1	270662	270663	26	0.3862
chr1	270762	270763	30	0.286
chr1	270786	270787	29	0.0336
chr1	270872	270873	23	0.0486
chr1	270940	270941	31	0.2835
chr1	270950	270951	26	0.1072
chr1	271034	271035	35	0.1844
chr1	271060	271061	32	0.8736
chr1	271080	271081	22	0.8303
chr1	271108	271109	31	0.6906
chr1	271143	271144	28	0.8282
chr1	271184	271185	27	0.5566
chr1	271214	271215	26	0.824
chr1	271229	271230	28	0.786
chr1	271279	271280	22	0.6238
chr1	271329	271330	32	0.7717
chr1	271349	271350	25	0.5431
chr1	271367	271368	38	0.8195
chr1	271395	271396	30	0.9052
chr1	271434	271435	32	0.825
chr1	271454	271455	34	0.7225
chr1	271513	271514	30	0.6446
chr1	271613	271614	25	0.8093
chr1	271671	271672	30	0.8803
chr1	271771	271772	30	0.7197
chr1	271803	271804	37	0.7928
chr1	271805	271806	26	0.8164
chr1	271853	271854	36	0.8631
chr1	271880	271881	27	0.8627
chr1	271895	271896	25	0.8522
chr1	271925	271926	29	0.766
chr1	271954	271955	24	0.7737
chr1	272004	272005	29	0.8015
chr1	272021	272022	28	0.8428
chr1	272067	272068	40	0.793
chr1	272117	272118	25	0.7172
chr1	272165	272166	28	0.7982
chr1	272180	272181	35	0.9873
chr1	272230	272231	33	0.788
chr1	272253	272254	32	0.8559
chr1	272273	272274	29	0.8898
chr1	272280	272281	25	0.6928
chr1	272330	272331	33	0.8777
chr1	272423	272424	21	0.8512
chr1	272488	272489	33	0.7051
chr1	272538	272539	29	0.7381
chr1	272596	272597	30	0.6867
chr1	272686	272687	33	0.7236
chr1	272692	272693	28	0.9066
chr1	272701	272702	39	0.5505
chr1	272721	272722	24	0.4553
chr1	272763	272764	30	0.59
chr1	272792	272793	28	0.5559
chr1	272824	272825	22	0.6038
chr1	272851	272852	22	0.6665
chr1	272871	272872	26	0.485
chr1	272911	272912	27	0.4872
chr1	272945	272946	25	0.4805
chr1	272973	272974	36	0.536
chr1	273023	273024	27	0.6348
chr1	273040	273041	23	0.4133
chr1	273074	273075	31	0.5215
chr1	273106	273107	33	0.4164
chr1	273139	273140	34	0.6064
chr1	273187	273188	22	0.561
chr1	273202	273203	30	0.49
chr1	273302	273303	32	0.5804
chr1	273367	273368	28	0.4749
chr1	273467	273468	24	0.6393
chr1	273517	273518	33	0.5855
chr1	273570	273571	28	0.5745
chr1	273632	273633	32	0.5963
chr1	273716	273717	32	0.757
chr1	273816	273817	27	0.7368
chr1	273824	273825	33	0.7703
chr1	273850	273851	27	0.9066
chr1	273954	273955	25	0.8381
chr1	273984	273985	24	0.814
chr1	273992	273993	29	0.6791
chr1	274012	274013	25	0.8151
chr1	274036	274037	18	0.231
chr1	274063	274064	34	0.1854
chr1	274113	274114	38	0.4189
chr1	274136	274137	22	0.4076
chr1	274151	274152	37	0.3272
chr1	274177	274178	19	0.2134
chr1	274210	274211	24	0.2705
chr1	274235	274236	29	0.4608
chr1	274279	274280	33	0.2753
chr1	274309	274310	41	0.385
chr1	274357	274358	31	0.2691
chr1	274387	274388	29	0.2996
chr1	274428	274429	37	0.3459
chr1	274448	274449	28	0.4978
chr1	274494	274495	26	0.2421
chr1	274519	274520	22	0.137
chr1	274569	274570	26	0.2447
chr1	274586	274587	21	0.4274
chr1	274606	274607	35	0.306
chr1	274631	274632	29	0.4475
chr1	274707	274708	22	0.3355
chr1	274807	274808	20	0.379
chr1	274878	274879	24	0.2038
chr1	274928	274929	23	0.4867
chr1	275028	275029	41	0.4636
chr1	275078	275079	26	0.3837
chr1	275169	275170	28	0.1863
chr1	275179	275180	25	0.2251
chr1	275216	275217	35	0.6429
chr1	275233	275234	36	0.9494
chr1	275265	275266	22	0.2822
chr1	275295	275296	37	0.6305
chr1	275339	275340	24	1.0
chr1	275354	275355	27	0.5262
chr1	275377	275378	34	0.6238
chr1	275396	275397	29	0.5864
chr1	275411	275412	37	1.0
chr1	275449	275450	42	0.6664
chr1	275499	275500	31	0.7461
chr1	275539	275540	30	0.5042
chr1	275564	275565	31	0.9027
chr1	275588	275589	33	0.6448
chr1	275638	275639	28	0.9327
chr1	275646	275647	25	0.5501
chr1	275696	275697	30	0.585
chr1	275796	275797	29	0.7741
chr1	275896	275897	43	0.7438
chr1	275961	275962	36	0.7425
chr1	276011	276012	26	0.759
chr1	276045	276046	23	0.7842
chr1	276111	276112	30	0.849
chr1	276148	276149	31	0.651
chr1	276168	276169	27	0.7209
chr1	276216	276217	28	0.8697
chr1	276266	276267	31	0.9337
chr1	276281	276282	37	0.9319
chr1	276296	276297	36	0.7342
chr1	276346	276347	28	0.7266
chr1	276373	276374	35	0.7985
chr1	276418	276419	24	0.6936
chr1	276436	276437	34	0.9652
chr1	276451	276452	32	0.9446
chr1	276499	276500	22	0.8388
chr1	276548	276549	27	0.7783
chr1	276577	276578	28	0.7321
chr1	276615	276616	31	0.8898
chr1	276715	276716	37	0.7221
chr1	276815	276816	29	0.8224
chr1	276865	276866	33	0.9028
chr1	276965	276966	31	0.8187
chr1	277047	277048	27	0.8589
chr1	277115	277116	21	0.8243
chr1	277144	277145	28	0.9341
chr1	277194	277195	28	0.8728
chr1	277244	277245	30	0.9037
chr1	277267	277268	38	0.8639
chr1	277285	277286	32	0.8469
chr1	277309	277310	26	0.9143
chr1	277348	277349	34	0.9609
chr1	277398	277399	29	0.868
chr1	277413	277414	25	0.9135
chr1	277449	277450	33	0.7305
chr1	277478	277479	18	0.8155
chr1	277499	277500	27	0.7822
chr1	277534	277535	24	0.9302
chr1	277539	277540	24	0.8538
chr1	277639	277640	26	0.7631
chr1	277739	277740	34	0.8706
chr1	277789	277790	32	0.9117
chr1	277889	277890	31	0.9536
chr1	277955	277956	32	0.8878
chr1	277973	277974	30	0.9639
chr1	278012	278013	30	0.8802
chr1	278027	278028	19	0.6857
chr1	278042	278043	24	0.803
chr1	278092	278093	29	0.7453
chr1	278110	278111	25	0.8178
chr1	278138	278139	32	0.672
chr1	278178	278179	24	0.6893
chr1	278198	278199	25	0.9108
chr1	278234	278235	32	0.9132
chr1	278259	278260	33	0.7519
chr1	278285	278286	24	0.7805
chr1	278305	278306	28	0.9135
chr1	278323	278324	23	0.7633
chr1	278373	278374	35	0.8357
chr1	278407	278408	32	0.8459
chr1	278455	278456	28	0.9108
chr1	278488	278489	28	0.8633
chr1	278515	278516	24	0.8653
chr1	278540	278541	29	0.789
chr1	278565	278566	27	0.9421
chr1	278566	278567	31	0.8723
chr1	278640	278641	32	0.7944
chr1	278740	278741	33	0.8302
chr1	278790	278791	24	0.9583
chr1	278890	278891	28	0.8286
chr1	278971	278972	30	0.8826
chr1	279071	279072	25	0.8259
chr1	279081	279082	36	0.7536
chr1	279089	279090	21	0.7922
chr1	279126	279127	33	0.1642
chr1	279170	279171	30	0.104
chr1	279212	279213	27	0.2732
chr1	279257	279258	33	0.1511
chr1	279278	279279	32	0.2355
chr1	279307	279308	28	0.1233
chr1	279327	279328	20	0.1221
chr1	279363	279364	27	0.1321
chr1	279393	279394	28	0.0631
chr1	279425	279426	28	0.1079
chr1	279464	279465	29	0.1339
chr1	279488	279489	23	0.2312
chr1	279538	279539	20	0.2889
chr1	279557	279558	26	0.1556
chr1	279578	279579	30	0.309
chr1	279595	279596	26	0.1287
chr1	279661	279662	30	0.2394
chr1	279679	279680	32	0.2598
chr1	279683	279684	24	0.1193
chr1	279783	279784	30	0.2095
chr1	279883	279884	25	0.1895
chr1	279983	279984	35	0.2311
chr1	280083	280084	34	0.2277
chr1	280142	280143	26	0.1513
chr1	280196	280197	24	0.14
chr1	280214	280215	31	0.1573
chr1	280262	280263	33	0.7733
chr1	280309	280310	25	1.0
chr1	280345	280346	31	0.6635
chr1	280376	280377	44	0.8923
chr1	280414	280415	24	0.8895
chr1	280439	280440	27	0.9103
chr1	280459	280460	24	0.929
chr1	280509	280510	26	0.923
chr1	280543	280544	33	0.9906
chr1	280579	280580	30	0.7738
chr1	280615	280616	29	0.8139
chr1	280639	280640	24	0.8463
chr1	280667	280668	21	0.7532
chr1	280717	280718	29	0.8148
chr1	280732	280733	21	0.954
chr1	280761	280762	26	0.7662
chr1	280788	280789	28	0.7855
chr1	280888	280889	32	0.9028
chr1	280946	280947	24	0.7882
chr1	281000	281001	39	0.7966
chr1	281050	281051	28	0.8831
chr1	281148	281149	34	0.7733
chr1	281248	281249	34	0.7481
chr1	281330	281331	22	0.9827
chr1	281349	281350	32	0.1363
chr1	281388	281389	25	0.2464
chr1	281438	281439	33	0.2741
chr1	281458	281459	30	0.2757
chr1	281473	281474	29	0.2347
chr1	281497	281498	27	0.1546
chr1	281521	281522	37	0.2008
chr1	281560	281561	28	0.0724
chr1	281585	281586	34	0.0842
chr1	281631	281632	33	0.1604
chr1	281681	281682	30	0.2825
chr1	281705	281706	29	0.1346
chr1	281754	281755	35	0.0089
chr1	281782	281783	36	0.1155
chr1	281805	281806	32	0.1877
chr1	281905	281906	29	0.1042
chr1	282005	282006	31	0.1015
chr1	282061	282062	27	0.2958
chr1	282111	282112	27	0.2499
chr1	282211	282212	29	0.321
chr1	282261	282262	38	0.2023
chr1	282339	282340	29	0.1888
chr1	282347	282348	23	0.2559
chr1	282396	282397	24	0.6728
chr1	282446	282447	31	0.8699
chr1	282496	282497	26	0.8626
chr1	282534	282535	37	0.7479
chr1	282567	282568	24	0.7248
chr1	282610	282611	30	0.6395
chr1	282660	282661	33	0.7627
chr1	282677	282678	25	0.6033
chr1	282701	282702	20	0.8094
chr1	282742	282743	38	0.7902
chr1	282757	282758	27	0.8179
chr1	282782	282783	30	0.8201
chr1	282817	282818	33	0.9017
chr1	282851	282852	33	0.6977
chr1	282896	282897	26	0.7693
chr1	282915	282916	24	0.8385
chr1	282987	282988	29	0.6991
chr1	283037	283038	30	0.8811
chr1	283087	283088	31	0.7074
chr1	283137	283138	24	0.8268
chr1	283200	283201	37	0.7994
chr1	283300	283301	28	0.6539
chr1	283400	283401	32	0.764
chr1	283424	283425	15	0.8984
chr1	283460	283461	29	0.664
chr1	283467	283468	32	0.7021
chr1	283517	283518	26	0.398
chr1	283533	283534	23	0.6046
chr1	283548	283549	24	0.5967
chr1	283573	283574	27	0.5295
chr1	283602	283603	32	0.5682
chr1	283628	283629	38	0.656
chr1	283656	283657	32	0.4357
chr1	283682	283683	30	0.6022
chr1	283705	283706	20	0.4873
chr1	283747	283748	30	0.4841
chr1	283787	283788	36	0.4407
chr1	283806	283807	34	0.3502
chr1	283850	283851	26	0.3838
chr1	283872	283873	35	0.6044
chr1	283894	283895	33	0.648
chr1	283910	283911	23	0.6118
chr1	283912	283913	28	0.6897
chr1	283962	283963	31	0.6015
chr1	284062	284063	36	0.5399
chr1	284139	284140	27	0.6108
chr1	284239	284240	24	0.6737
chr1	284339	284340	28	0.6234
chr1	284445	284446	32	0.8544
chr1	284485	284486	21	0.7353
chr1	284627	284628	21	0.7205
chr1	284693	284694	29	0.5791
chr1	284709	284710	25	0.4021
chr1	284759	284760	31	0.592
chr1	284771	284772	28	0.7991
chr1	284795	284796	33	0.6688
chr1	284805	284806	24	0.8622
chr1	284822	284823	26	0.6879
chr1	284844	284845	32	0.6953
chr1	284869	284870	24	0.5905
chr1	284919	284920	40	0.7478
chr1	284947	284948	29	0.5175
chr1	284974	284975	29	0.4594
chr1	284997	284998	31	0.5931
chr1	285026	285027	29	0.5819
chr1	285041	285042	16	0.697
chr1	285060	285061	31	0.6514
chr1	285080	285081	23	0.7788
chr1	285124	285125	30	0.7052
chr1	285165	285166	25	0.5515
chr1	285180	285181	31	0.6667
chr1	285218	285219	39	0.5527
chr1	285252	285253	33	0.5543
chr1	285282	285283	30	0.8095
chr1	285286	285287	30	0.8599
chr1	285364	285365	34	0.8047
chr1	285460	285461	26	0.682
chr1	285555	285556	27	0.766
chr1	285655	285656	20	0.7472
chr1	285755	285756	22	0.7041
chr1	285779	285780	28	0.7793
chr1	285843	285844	25	0.6378
chr1	285880	285881	29	0.8161
chr1	285901	285902	31	0.8084
chr1	285916	285917	24	0.7911
chr1	285946	285947	26	0.9351
chr1	285996	285997	29	0.9111
chr1	286018	286019	17	0.9151
chr1	286068	286069	38	0.8552
chr1	286083	286084	38	0.8927
chr1	286113	286114	32	0.7399
chr1	286128	286129	32	0.8013
chr1	286172	286173	21	0.7928
chr1	286197	286198	30	0.6259
chr1	286228	286229	32	0.7159
chr1	286246	286247	26	0.816
chr1	286274	286275	27	0.704
chr1	286289	286290	35	0.8783
chr1	286314	286315	34	0.8602
chr1	286329	286330	31	0.8809
chr1	286357	286358	23	0.8835
chr1	286366	286367	26	0.7882
chr1	286418	286419	36	0.5906
chr1	286504	286505	26	0.738
chr1	286604	286605	29	0.7402
chr1	286680	286681	29	0.6613
chr1	286780	286781	29	0.8286
chr1	286837	286838	20	0.8271
chr1	286885	286886	28	0.8701
chr1	286926	286927	23	0.1341
chr1	286941	286942	29	0.1474
chr1	286968	286969	21	0.0456
chr1	286989	286990	28	0.0074
chr1	287004	287005	27	0.0467
chr1	287054	287055	23	0.0934
chr1	287080	287081	14	0.2612
chr1	287104	287105	27	0.1717
chr1	287124	287125	29	0.1106
chr1	287151	287152	24	0.0996
chr1	287186	287187	27	0.0258
chr1	287236	287237	37	0.2597
chr1	287271	287272	36	0.2467
chr1	287310	287311	36	0.0858
chr1	287360	287361	19	0.0751
chr1	287375	287376	33	0.1989
chr1	287397	287398	24	0.0771
chr1	287447	287448	29	0.1519
chr1	287485	287486	21	0.2061
chr1	287517	287518	28	0.1599
chr1	287529	287530	35	0.164
chr1	287618	287619	19	0.0
chr1	287718	287719	29	0.1278
chr1	287805	287806	32	0.2138
chr1	287905	287906	33	0.2214
chr1	288005	288006	24	0.169
chr1	288101	288102	35	0.0563
chr1	288169	288170	27	0.0275
chr1	288176	288177	31	0.6825
chr1	288226	288227	20	0.5259
chr1	288268	288269	25	0.6314
chr1	288288	288289	40	0.5095
chr1	288322	288323	23	0.6469
chr1	288339	288340	19	0.6471
chr1	288378	288379	31	0.5369
chr1	288393	288394	28	0.79
chr1	288414	288415	23	0.6299
chr1	288441	288442	29	0.6658
chr1	288474	288475	28	0.4723
chr1	288520	288521	23	0.5262
chr1	288561	288562	35	0.4983
chr1	288589	288590	34	0.5577
chr1	288629	288630	25	0.656
chr1	288646	288647	32	0.6054
chr1	288668	288669	29	0.6928
chr1	288713	288714	33	0.6787
chr1	288763	288764	35	0.6789
chr1	288856	288857	31	0.4558
chr1	288956	288957	29	0.6139
chr1	289022	289023	27	0.6444
chr1	289108	289109	25	0.6551
chr1	289202	289203	35	0.6866
chr1	289274	289275	34	0.8069
chr1	289308	289309	31	0.7809
chr1	289418	289419	30	0.8042
chr1	289432	289433	35	0.9045
chr1	289696	289697	26	0.8125
chr1	289703	289704	31	0.2303
chr1	289719	289720	37	0.1663
chr1	289739	289740	35	0.117
chr1	289763	289764	29	0.1325
chr1	289780	289781	22	0.235
chr1	289830	289831	24	0.2136
chr1	289862	289863	29	0.1528
chr1	289879	289880	32	0.2809
chr1	289913	289914	31	0.1914
chr1	289945	289946	21	0.2033
chr1	289995	289996	27	0.1215
chr1	290045	290046	28	0.2983
chr1	290091	290092	34	0.1915
chr1	290133	290134	27	0.2203
chr1	290159	290160	24	0.1373
chr1	290183	290184	30	0.0843
chr1	290232	290233	33	0.1545
chr1	290245	290246	24	0.2274
chr1	290295	290296	31	0.292
chr1	290393	290394	23	0.0991
chr1	290460	290461	28	0.0856
chr1	290518	290519	23	0.0805
chr1	290618	290619	23	0.1124
chr1	290683	290684	37	0.2153
chr1	290783	290784	32	0.0472
chr1	290863	290864	28	0.1049
chr1	290929	290930	27	0.1188
chr1	290963	290964	14	0.0986
chr1	291039	291040	37	0.0
chr1	291059	291060	39	0.0226
chr1	291147	291148	25	0.1013
chr1	291273	291274	34	0.0012
chr1	291315	291316	34	0.7865
chr1	291363	291364	23	0.9155
chr1	291380	291381	32	0.776
chr1	291430	291431	39	0.7146
chr1	291461	291462	30	0.8015
chr1	291489	291490	39	0.7878
chr1	291512	291513	29	0.7209
chr1	291536	291537	23	0.573
chr1	291571	291572	26	0.8374
chr1	291621	291622	28	0.7563
chr1	291660	291661	26	0.9157
chr1	291677	291678	29	0.8016
chr1	291712	291713	32	0.5336
chr1	291740	291741	39	0.9616
chr1	291775	291776	26	0.9118
chr1	291792	291793	21	0.7861
chr1	291847	291848	30	0.7193
chr1	291947	291948	32	0.9624
chr1	292047	292048	31	0.8831
chr1	292131	292132	30	0.8498
chr1	292212	292213	30	0.7358
chr1	292329	292330	31	0.8759
chr1	292331	292332	22	0.8365
chr1	292340	292341	26	0.5701
chr1	292390	292391	27	0.5165
chr1	292426	292427	28	0.6007
chr1	292463	292464	35	0.5582
chr1	292480	292481	25	0.404
chr1	292528	292529	22	0.5054
chr1	292578	292579	19	0.5519
chr1	292628	292629	36	0.6849
chr1	292669	292670	26	0.5196
chr1	292705	292706	34	0.4413
chr1	292755	292756	37	0.4715
chr1	292776	292777	32	0.5978
chr1	292806	292807	33	0.3392
chr1	292834	292835	33	0.4903
chr1	292857	292858	30	0.4534
chr1	292872	292873	36	0.5306
chr1	292882	292883	22	0.4399
chr1	292946	292947	34	0.5858
chr1	293046	293047	35	0.4584
chr1	293134	293135	30	0.6517
chr1	293234	293235	29	0.4332
chr1	293334	293335	28	0.6909
chr1	293364	293365	28	0.8088
chr1	293426	293427	23	0.7446
chr1	293464	293465	24	0.7946
chr1	293492	293493	30	0.7934
chr1	293632	293633	34	0.6757
chr1	293648	293649	30	0.586
chr1	293660	293661	22	0.7853
chr1	293672	293673	29	0.5966
chr1	293687	293688	26	0.7577
chr1	293730	293731	34	0.7365
chr1	293749	293750	29	0.6272
chr1	293799	293800	32	0.9257
chr1	293838	293839	33	0.9458
chr1	293872	293873	21	0.8614
chr1	293906	293907	36	0.8443
chr1	293951	293952	24	0.6228
chr1	293985	293986	38	0.7758
chr1	294009	294010	36	0.7835
chr1	294040	294041	26	0.8795
chr1	294076	294077	41	0.7536
chr1	294107	294108	30	0.8632
chr1	294129	294130	29	0.7049
chr1	294148	294149	23	0.7439
chr1	294185	294186	20	0.9911
chr1	294285	294286	36	0.6778
chr1	294385	294386	34	0.8882
chr1	294485	294486	31	0.6514
chr1	294585	294586	33	0.8924
chr1	294657	294658	26	0.8588
chr1	294743	294744	20	0.9889
chr1	294750	294751	37	0.5484
chr1	294796	294797	41	0.4464
chr1	294825	294826	29	0.4378
chr1	294853	294854	24	0.3965
chr1	294889	294890	30	0.4815
chr1	294916	294917	34	0.6968
chr1	294931	294932	31	0.5099
chr1	294968	294969	31	0.5669
chr1	294997	294998	24	0.5909
chr1	295037	295038	28	0.5172
chr1	295057	295058	32	0.4492
chr1	295077	295078	24	0.5387
chr1	295127	295128	25	0.4887
chr1	295151	295152	19	0.4367
chr1	295173	295174	26	0.4909
chr1	295204	295205	32	0.6052
chr1	295245	295246	31	0.5365
chr1	295260	295261	23	0.5867
chr1	295278	295279	30	0.4692
chr1	295293	295294	24	0.7351
chr1	295393	295394	23	0.4142
chr1	295493	295494	26	0.55
chr1	295577	295578	27	0.5362
chr1	295677	295678	31	0.4311
chr1	295777	295778	30	0.6103
chr1	295927	295928	28	0.7809
chr1	295959	295960	38	0.7045
chr1	296015	296016	27	0.5074
chr1	296029	296030	25	0.6737
chr1	296067	296068	32	0.7213
chr1	296073	296074	22	0.6686
chr1	296157	296158	33	0.7656
chr1	296267	296268	31	0.7019
chr1	296276	296277	29	0.3337
chr1	296300	296301	30	0.5809
chr1	296340	296341	35	0.653
chr1	296361	296362	30	0.6382
chr1	296395	296396	35	0.5775
chr1	296445	296446	32	0.5618
chr1	296462	296463	25	0.7159
chr1	296498	296499	26	0.6139
chr1	296513	296514	19	0.7126
chr1	296531	296532	37	0.5321
chr1	296546	296547	41	0.6313
chr1	296596	296597	35	0.5205
chr1	296646	296647	30	0.652
chr1	296672	296673	27	0.7092
chr1	296699	296700	34	0.5379
chr1	296799	296800	32	0.583
chr1	296899	296900	30	0.6205
chr1	296959	296960	35	0.6058
chr1	297032	297033	36	0.6275
chr1	297085	297086	26	0.4471
chr1	297243	297244	31	0.8507
chr1	297321	297322	28	0.8535
chr1	297363	297364	27	0.971
chr1	297371	297372	27	0.7908
chr1	297375	297376	32	0.8916
chr1	297457	297458	33	0.936
chr1	297553	297554	27	0.6313
chr1	297579	297580	37	0.8669
chr1	297629	297630	33	0.861
chr1	297644	297645	33	0.7348
chr1	297690	297691	38	0.8613
chr1	297710	297711	22	0.9303
chr1	297756	297757	30	0.7838
chr1	297788	297789	23	0.7317
chr1	297803	297804	42	0.8302
chr1	297821	297822	32	0.7212
chr1	297839	297840	34	0.721
chr1	297854	297855	28	0.83
chr1	297869	297870	30	0.8172
chr1	297912	297913	25	0.818
chr1	297927	297928	21	0.7906
chr1	297952	297953	32	0.8675
chr1	297992	297993	32	0.9153
chr1	298038	298039	30	0.7148
chr1	298053	298054	35	0.8191
chr1	298100	298101	32	1.0
chr1	298150	298151	33	0.7599
chr1	298165	298166	35	0.8263
chr1	298182	298183	30	0.7996
chr1	298282	298283	30	0.8687
chr1	298343	298344	26	0.9169
chr1	298432	298433	37	0.7933
chr1	298532	298533	31	0.7031
chr1	298590	298591	29	0.8167
chr1	298659	298660	33	0.8589
chr1	298673	298674	27	0.8932
chr1	298680	298681	32	0.5039
chr1	298705	298706	32	0.671
chr1	298720	298721	23	0.6029
chr1	298743	298744	24	0.6264
chr1	298786	298787	25	0.7305
chr1	298817	298818	26	0.7418
chr1	298832	298833	29	0.5313
chr1	298868	298869	27	0.6687
chr1	298885	298886	26	0.4591
chr1	298905	298906	30	0.5748
chr1	298932	298933	32	0.5467
chr1	298954	298955	27	0.5787
chr1	298990	298991	30	0.5314
chr1	299040	299041	29	0.5804
chr1	299087	299088	38	0.5353
chr1	299123	299124	27	0.6885
chr1	299127	299128	31	0.6556
chr1	299227	299228	25	0.7891
chr1	299292	299293	30	0.5096
chr1	299351	299352	28	0.7755
chr1	299444	299445	25	0.7457
chr1	299508	299509	32	0.5352
chr1	299542	299543	22	0.8559
chr1	299548	299549	26	0.8947
chr1	299714	299715	29	0.8527
chr1	299830	299831	30	0.8386
chr1	299876	299877	28	0.6561
chr1	299884	299885	33	0.8666
chr1	299888	299889	34	0.7261
chr1	299916	299917	31	0.5704
chr1	299940	299941	24	0.9192
chr1	299972	299973	33	0.8232
chr1	299991	299992	37	0.8436
chr1	300025	300026	27	0.8115
chr1	300055	300056	26	0.9906
chr1	300085	300086	28	0.7776
chr1	300109	300110	15	0.8326
chr1	300152	300153	33	0.9079
chr1	300202	300203	31	0.8338
chr1	300217	300218	35	0.8991
chr1	300243	300244	29	0.9469
chr1	300293	300294	32	0.9056
chr1	300335	300336	28	0.9611
chr1	300364	300365	27	0.8838
chr1	300394	300395	21	0.9589
chr1	300409	300410	39	0.9109
chr1	300445	300446	32	0.9938
chr1	300490	300491	17	0.9899
chr1	300533	300534	33	0.9902
chr1	300534	300535	27	0.9741
chr1	300621	300622	35	0.9712
chr1	300678	300679	26	0.7244
chr1	300743	300744	49	0.955
chr1	300796	300797	39	0.9747
chr1	300896	300897	32	0.9015
chr1	300996	300997	40	1.0
chr1	301046	301047	36	0.9089
chr1	301108	301109	33	0.8353
chr1	301144	301145	30	0.9214
chr1	301163	301164	27	0.8033
chr1	301179	301180	30	0.6964
chr1	301194	301195	29	0.7482
chr1	301238	301239	29	0.6606
chr1	301260	301261	32	0.6084
chr1	301289	301290	30	0.5968
chr1	301319	301320	40	0.6495
chr1	301336	301337	29	0.8589
chr1	301379	301380	31	0.9315
chr1	301402	301403	38	0.8086
chr1	301435	301436	28	0.8205
chr1	301462	301463	29	0.733
chr1	301482	301483	26	0.8078
chr1	301512	301513	31	0.7247
chr1	301528	301529	29	0.6206
chr1	301569	301570	34	0.6945
chr1	301595	301596	30	0.7633
chr1	301623	301624	31	0.7484
chr1	301661	301662	26	0.6075
chr1	301706	301707	24	0.6784
chr1	301806	301807	34	0.8206
chr1	301906	301907	29	0.8342
chr1	301956	301957	26	0.8571
chr1	302037	302038	23	0.7974
chr1	302116	302117	31	0.7215
chr1	302216	302217	32	0.6521
chr1	302308	302309	20	0.9591
chr1	302334	302335	27	0.6907
chr1	302355	302356	27	0.5651
chr1	302373	302374	38	0.845
chr1	302423	302424	30	0.7072
chr1	302444	302445	33	0.7484
chr1	302481	302482	30	0.73
chr1	302531	302532	25	0.6211
chr1	302560	302561	35	0.6245
chr1	302575	302576	29	0.6629
chr1	302607	302608	29	0.673
chr1	302649	302650	22	0.6693
chr1	302672	302673	34	0.7338
chr1	302697	302698	30	0.649
chr1	302714	302715	26	0.6712
chr1	302732	302733	25	0.7192
chr1	302747	302748	21	0.6701
chr1	302772	302773	20	0.7191
chr1	302779	302780	40	0.7697
chr1	302879	302880	32	0.6622
chr1	302936	302937	28	0.5592
chr1	303036	303037	23	0.7055
chr1	303128	303129	29	0.8172
chr1	303184	303185	28	0.8065
chr1	303217	303218	28	0.5632
chr1	303267	303268	44	0.5306
chr1	303299	303300	29	0.6603
chr1	303336	303337	34	0.7104
chr1	303386	303387	28	0.6274
chr1	303404	303405	34	0.5833
chr1	303428	303429	36	0.5677
chr1	303464	303465	23	0.5996
chr1	303483	303484	17	0.6176
chr1	303504	303505	27	0.6423
chr1	303535	303536	23	0.5764
chr1	303553	303554	33	0.6597
chr1	303577	303578	32	0.712
chr1	303598	303599	27	0.6973
chr1	303618	303619	27	0.6433
chr1	303661	303662	26	0.582
chr1	303711	303712	31	0.5946
chr1	303737	303738	31	0.73
chr1	303830	303831	21	0.6381
chr1	303896	303897	31	0.4541
chr1	303950	303951	21	0.7149
chr1	304040	304041	25	0.7472
chr1	304140	304141	34	0.6177
chr1	304195	304196	27	0.5495
chr1	304245	304246	36	0.6361
chr1	304305	304306	33	0.7056
chr1	304319	304320	27	0.8546
chr1	304338	304339	29	0.6712
chr1	304386	304387	19	0.8029
chr1	304403	304404	30	0.7141
chr1	304420	304421	32	0.7086
chr1	304442	304443	34	0.6748
chr1	304492	304493	24	0.7851
chr1	304542	304543	26	0.6843
chr1	304557	304558	32	0.7458
chr1	304595	304596	33	0.578
chr1	304630	304631	29	0.6307
chr1	304680	304681	29	0.8154
chr1	304730	304731	29	0.7168
chr1	304780	304781	26	0.7143
chr1	304803	304804	35	0.6759
chr1	304845	304846	39	0.7869
chr1	304871	304872	30	0.6379
chr1	304886	304887	31	0.76
chr1	304972	304973	33	0.7471
chr1	305065	305066	29	0.6117
chr1	305165	305166	32	0.7902
chr1	305265	305266	26	0.709
chr1	305365	305366	33	0.6414
chr1	305397	305398	36	0.8227
chr1	305431	305432	29	0.796
chr1	305445	305446	25	0.7695
chr1	305492	305493	30	0.6852
chr1	305526	305527	37	0.7848
chr1	305555	305556	32	0.8895
chr1	305605	305606	31	0.6478
chr1	305622	305623	27	0.8007
chr1	305650	305651	31	0.9279
chr1	305700	305701	20	0.5932
chr1	305718	305719	24	0.5484
chr1	305733	305734	24	0.7501
chr1	305783	305784	28	0.5471
chr1	305808	305809	33	0.7458
chr1	305839	305840	40	0.6827
chr1	305880	305881	39	0.6831
chr1	305926	305927	32	0.8354
chr1	305965	305966	31	0.7061
chr1	305981	305982	28	0.8051
chr1	306031	306032	33	0.7736
chr1	306046	306047	24	0.6898
chr1	306146	306147	28	0.9033
chr1	306246	306247	25	0.6095
chr1	306296	306297	38	0.6006
chr1	306396	306397	24	0.9109
chr1	306496	306497	33	0.7159
chr1	306596	306597	31	0.6768
chr1	306598	306599	28	0.8726
chr1	306632	306633	26	0.7622
chr1	306657	306658	28	0.8701
chr1	306694	306695	25	0.9438
chr1	306744	306745	32	0.8502
chr1	306763	306764	33	0.7801
chr1	306784	306785	18	0.8581
chr1	306834	306835	35	0.7573
chr1	306868	306869	30	0.6877
chr1	306883	306884	36	0.8701
chr1	306915	306916	34	0.7188
chr1	306934	306935	28	0.8539
chr1	306952	306953	33	0.7692
chr1	306972	306973	32	0.9321
chr1	307022	307023	38	0.7474
chr1	307066	307067	24	0.9263
chr1	307166	307167	32	0.7762
chr1	307266	307267	25	0.7545
chr1	307316	307317	35	0.8937
chr1	307416	307417	27	0.7173
chr1	307473	307474	26	0.766
chr1	307505	307506	27	0.9069
chr1	307513	307514	28	0.8641
chr1	307529	307530	30	0.8501
chr1	307559	307560	36	0.7331
chr1	307600	307601	22	0.7109
chr1	307634	307635	29	0.737
chr1	307669	307670	26	0.8485
chr1	307692	307693	20	0.7335
chr1	307718	307719	24	0.916
chr1	307733	307734	21	0.7048
chr1	307777	307778	35	0.8262
chr1	307794	307795	26	0.9026
chr1	307818	307819	35	0.8092
chr1	307853	307854	21	0.6157
chr1	307885	307886	39	0.614
chr1	307900	307901	36	0.6617
chr1	307915	307916	35	0.6709
chr1	307930	307931	31	0.7433
chr1	307980	307981	28	0.5312
chr1	308080	308081	26	0.7133
chr1	308180	308181	31	0.6221
chr1	308230	308231	31	0.5782
chr1	308280	308281	22	0.6428
chr1	308330	308331	25	0.6456
chr1	308366	308367	23	0.8057
chr1	308382	308383	21	0.9209
chr1	308424	308425	38	0.9063
chr1	308442	308443	22	0.9266
chr1	308622	308623	27	0.7754
chr1	308656	308657	28	1.0
chr1	308695	308696	37	0.7972
chr1	308717	308718	31	0.6841
chr1	308732	308733	28	0.6152
chr1	308765	308766	26	0.5742
chr1	308787	308788	24	0.7289
chr1	308837	308838	23	0.7798
chr1	308872	308873	25	0.911
chr1	308904	308905	25	0.75
chr1	308931	308932	28	0.7029
chr1	308946	308947	33	0.7264
chr1	308971	308972	33	0.7546
chr1	308999	309000	23	0.7088
chr1	309017	309018	30	0.6613
chr1	309041	309042	33	0.7648
chr1	309072	309073	34	0.7642
chr1	309122	309123	29	0.8267
chr1	309148	309149	29	0.7195
chr1	309198	309199	30	0.8817
chr1	309238	309239	26	0.7402
chr1	309256	309257	33	0.8504
chr1	309356	309357	29	0.616
chr1	309456	309457	30	0.8699
chr1	309506	309507	25	0.8451
chr1	309580	309581	36	0.8873
chr1	309632	309633	28	0.8318
chr1	309732	309733	24	0.6974
chr1	309820	309821	31	0.7299
chr1	309828	309829	26	0.6065
chr1	309878	309879	28	0.4181
chr1	309920	309921	34	0.4716
chr1	309938	309939	33	0.3953
chr1	309988	309989	35	0.3715
chr1	310013	310014	30	0.3655
chr1	310041	310042	26	0.2383
chr1	310071	310072	30	0.3449
chr1	310101	310102	28	0.2277
chr1	310145	310146	28	0.2069
chr1	310195	310196	31	0.5464
chr1	310225	310226	27	0.5605
chr1	310265	310266	34	0.6777
chr1	310303	310304	35	0.7793
chr1	310315	310316	27	0.7139
chr1	310415	310416	27	0.5575
chr1	310472	310473	30	0.5902
chr1	310572	310573	23	0.5186
chr1	310632	310633	32	0.5896
chr1	310682	310683	28	0.5551
chr1	310732	310733	31	0.5859
chr1	310802	310803	29	0.7538
chr1	310836	310837	23	0.785
chr1	310854	310855	35	0.7102
chr1	310932	310933	23	0.5911
chr1	311204	311205	39	0.7121
chr1	311213	311214	29	0.6074
chr1	311263	311264	40	0.6042
chr1	311312	311313	29	0.4544
chr1	311328	311329	22	0.7429
chr1	311356	311357	32	0.4794
chr1	311406	311407	31	0.6164
chr1	311441	311442	30	0.5637
chr1	311456	311457	36	0.5699
chr1	311475	311476	33	0.6079
chr1	311502	311503	27	0.7128
chr1	311520	311521	31	0.5199
chr1	311547	311548	32	0.4422
chr1	311570	311571	33	0.7143
chr1	311585	311586	29	0.577
chr1	311611	311612	29	0.7146
chr1	311638	311639	29	0.5273
chr1	311658	311659	37	0.4261
chr1	311688	311689	35	0.6244
chr1	311705	311706	23	0.4776
chr1	311754	311755	32	0.5649
chr1	311786	311787	37	0.6948
chr1	311886	311887	35	0.5148
chr1	311986	311987	24	0.5133
chr1	312086	312087	29	0.4782
chr1	312186	312187	26	0.5472
chr1	312252	312253	37	0.3407
chr1	312308	312309	28	0.2783
chr1	312408	312409	28	0.7723
chr1	312414	312415	29	0.9484
chr1	312508	312509	34	0.8674
chr1	312612	312613	31	0.6341
chr1	312614	312615	29	0.8281
chr1	312666	312667	39	0.7757
chr1	312698	312699	21	0.6876
chr1	312722	312723	28	0.5547
chr1	312724	312725	35	0.7272
chr1	312766	312767	29	1.0
chr1	312808	312809	33	0.8376
chr1	312838	312839	30	0.6311
chr1	312855	312856	32	0.8196
chr1	312874	312875	32	0.7553
chr1	312922	312923	18	0.7546
chr1	312971	312972	27	0.8602
chr1	313000	313001	32	0.5791
chr1	313038	313039	22	0.5783
chr1	313053	313054	29	0.6897
chr1	313072	313073	34	0.7137
chr1	313100	313101	40	0.7892
chr1	313148	313149	27	0.8908
chr1	313174	313175	34	0.8188
chr1	313211	313212	29	0.7601
chr1	313230	313231	26	0.7468
chr1	313252	313253	39	0.7417
chr1	313280	313281	28	0.5593
chr1	313295	313296	26	0.7422
chr1	313306	313307	30	0.7028
chr1	313406	313407	32	0.7196
chr1	313500	313501	35	0.6185
chr1	313554	313555	20	0.6723
chr1	313649	313650	27	0.8033
chr1	313747	313748	25	0.6215
chr1	313777	313778	38	0.8381
chr1	313831	313832	31	0.7674
chr1	313856	313857	29	0.9638
chr1	313881	313882	31	0.9074
chr1	313896	313897	27	0.7985
chr1	313911	313912	35	0.9037
chr1	313961	313962	35	0.8885
chr1	313994	313995	37	0.8672
chr1	314032	314033	30	0.8625
chr1	314075	314076	29	0.9056
chr1	314098	314099	25	0.8917
chr1	314127	314128	33	0.8608
chr1	314142	314143	32	0.8567
chr1	314192	314193	22	0.7307
chr1	314230	314231	41	0.8987
chr1	314280	314281	32	0.843
chr1	314319	314320	23	0.9179
chr1	314340	314341	31	0.9051
chr1	314370	314371	32	0.891
chr1	314401	314402	33	0.9743
chr1	314406	314407	34	0.9577
chr1	314506	314507	24	0.9358
chr1	314589	314590	27	0.8163
chr1	314660	314661	26	0.945
chr1	314734	314735	27	0.8533
chr1	314800	314801	35	0.8138
chr1	314900	314901	26	0.9462
chr1	314924	314925	26	0.9351
chr1	314930	314931	21	0.5248
chr1	314980	314981	33	0.4054
chr1	315000	315001	37	0.5541
chr1	315030	315031	29	0.6054
chr1	315072	315073	35	0.5214
chr1	315101	315102	27	0.3956
chr1	315151	315152	35	0.5373
chr1	315201	315202	25	0.4007
chr1	315231	315232	32	0.6206
chr1	315246	315247	33	0.5587
chr1	315294	315295	37	0.7186
chr1	315337	315338	38	0.6841
chr1	315348	315349	20	0.6214
chr1	315448	315449	29	0.7725
chr1	315498	315499	23	0.6791
chr1	315553	315554	27	0.6263
chr1	315653	315654	29	0.6704
chr1	315751	315752	25	0.7362
chr1	315781	315782	29	0.6474
chr1	315843	315844	29	0.9041
chr1	316089	316090	23	0.7167
chr1	316125	316126	31	0.7815
chr1	316171	316172	37	0.8238
chr1	316215	316216	31	0.745
chr1	316221	316222	25	0.7891
chr1	316248	316249	32	0.6468
chr1	316298	316299	32	0.5947
chr1	316324	316325	35	0.6417
chr1	316374	316375	26	0.7247
chr1	316397	316398	19	0.4152
chr1	316426	316427	35	0.6209
chr1	316450	316451	28	0.3877
chr1	316500	316501	25	0.3951
chr1	316523	316524	33	0.5264
chr1	316542	316543	26	0.6162
chr1	316558	316559	33	0.6267
chr1	316608	316609	30	0.6795
chr1	316644	316645	35	0.602
chr1	316664	316665	36	0.77
chr1	316679	316680	35	0.4407
chr1	316715	316716	34	0.6161
chr1	316815	316816	34	0.6977
chr1	316900	316901	27	0.7469
chr1	316954	316955	34	0.521
chr1	317054	317055	28	0.5359
chr1	317154	317155	36	0.6077
chr1	317260	317261	25	0.8736
chr1	317290	317291	34	0.7749
chr1	317356	317357	35	0.8102
chr1	317364	317365	25	0.7633
chr1	317604	317605	41	0.6965
chr1	317628	317629	37	0.8146
chr1	317657	317658	27	0.1206
chr1	317697	317698	23	0.1378
chr1	317739	317740	25	0.0905
chr1	317756	317757	26	0.2217
chr1	317775	317776	41	0.0259
chr1	317809	317810	24	0.0425
chr1	317824	317825	19	0.0535
chr1	317847	317848	23	0.1124
chr1	317897	317898	31	0.1188
chr1	317929	317930	19	0.2063
chr1	317951	317952	31	0.0811
chr1	317975	317976	30	0.0794
chr1	317990	317991	27	0.1315
chr1	318017	318018	29	0.221
chr1	318064	318065	33	0.109
chr1	318097	318098	27	0.1388
chr1	318147	318148	31	0.1557
chr1	318197	318198	19	0.0296
chr1	318297	318298	29	0.1523
chr1	318397	318398	25	0.1821
chr1	318481	318482	32	0.112
chr1	318499	318500	27	0.046
chr1	318504	318505	33	0.5619
chr1	318542	318543	22	0.5918
chr1	318592	318593	25	0.5651
chr1	318624	318625	21	0.5896
chr1	318647	318648	28	0.6456
chr1	318690	318691	32	0.6529
chr1	318725	318726	22	0.7115
chr1	318764	318765	18	0.6138
chr1	318814	318815	22	0.497
chr1	318852	318853	25	0.6079
chr1	318899	318900	27	0.7089
chr1	318925	318926	25	0.7004
chr1	318961	318962	36	0.6587
chr1	319061	319062	30	0.6345
chr1	319161	319162	35	0.6749
chr1	319261	319262	19	0.5052
chr1	319361	319362	31	0.719
chr1	319403	319404	19	0.9273
chr1	319489	319490	22	0.8517
chr1	319553	319554	33	0.7446
chr1	319557	319558	24	0.864
chr1	319559	319560	33	0.7637
chr1	319589	319590	28	0.8519
chr1	319693	319694	28	0.8042
chr1	319717	319718	42	0.8142
chr1	319781	319782	26	0.8801
chr1	319827	319828	35	0.6572
chr1	319835	319836	27	0.2696
chr1	319885	319886	32	0.1868
chr1	319925	319926	20	0.2713
chr1	319940	319941	27	0.3282
chr1	319966	319967	19	0.1666
chr1	319997	319998	24	0.1492
chr1	320039	320040	34	0.1793
chr1	320054	320055	36	0.3356
chr1	320077	320078	30	0.2071
chr1	320096	320097	34	0.0942
chr1	320111	320112	20	0.1722
chr1	320126	320127	38	0.1685
chr1	320149	320150	28	0.0743
chr1	320182	320183	26	0.1746
chr1	320222	320223	25	0.2771
chr1	320259	320260	37	0.268
chr1	320282	320283	32	0.1852
chr1	320317	320318	33	0.1555
chr1	320320	320321	28	0.2702
chr1	320371	320372	25	0.0777
chr1	320459	320460	36	0.1565
chr1	320520	320521	26	0.0843
chr1	320620	320621	33	0.1994
chr1	320670	320671	31	0.1414
chr1	320762	320763	34	0.2243
chr1	320836	320837	33	0.0724
chr1	320848	320849	29	0.0242
chr1	320916	320917	36	0.0889
chr1	320974	320975	28	0.0792
chr1	321142	321143	36	0.1399
chr1	321198	321199	20	0.1796
chr1	321200	321201	34	0.1874
chr1	321206	321207	35	0.0302
chr1	321222	321223	26	0.0791
chr1	321258	321259	22	0.0998
chr1	321290	321291	27	0.1086
chr1	321322	321323	30	0.1379
chr1	321351	321352	30	0.1412
chr1	321384	321385	38	0.1887
chr1	321419	321420	30	0.0972
chr1	321452	321453	29	0.2212
chr1	321502	321503	25	0.2198
chr1	321527	321528	26	0.1902
chr1	321562	321563	29	0.1837
chr1	321587	321588	26	0.1462
chr1	321637	321638	26	0.2311
chr1	321652	321653	37	0.0514
chr1	321702	321703	30	0.1464
chr1	321743	321744	24	0.2058
chr1	321793	321794	21	0.1549
chr1	321893	321894	39	0.2017
chr1	321957	321958	31	0.2063
chr1	322036	322037	30	0.1315
chr1	322118	322119	32	0.0339
chr1	322171	322172	24	0.028
chr1	322237	322238	18	0.0185
chr1	322284	322285	30	0.8234
chr1	322300	322301	21	0.6645
chr1	322346	322347	23	0.888
chr1	322384	322385	29	0.8517
chr1	322407	322408	38	0.6934
chr1	322433	322434	31	0.79
chr1	322451	322452	31	0.8592
chr1	322466	322467	33	0.736
chr1	322487	322488	31	0.9479
chr1	322509	322510	32	0.8374
chr1	322524	322525	27	0.7522
chr1	322546	322547	20	0.656
chr1	322573	322574	29	0.624
chr1	322589	322590	29	0.7277
chr1	322617	322618	21	0.7137
chr1	322657	322658	36	0.7793
chr1	322672	322673	30	0.9521
chr1	322710	322711	22	0.8239
chr1	322733	322734	28	0.8268
chr1	322762	322763	20	0.7152
chr1	322801	322802	28	0.9134
chr1	322817	322818	24	0.8813
chr1	322867	322868	26	0.8701
chr1	322967	322968	34	0.6854
chr1	323067	323068	41	0.8214
chr1	323167	323168	33	0.7346
chr1	323267	323268	34	0.6987
chr1	323349	323350	21	0.7334
chr1	323399	323400	33	1.0
chr1	323449	323450	34	0.7224
chr1	323483	323484	31	0.7256
chr1	323512	323513	37	0.5616
chr1	323562	323563	34	0.7123
chr1	323589	323590	34	0.731
chr1	323609	323610	28	0.8607
chr1	323624	323625	36	0.7403
chr1	323659	323660	35	0.7947
chr1	323674	323675	29	0.7582
chr1	323689	323690	31	0.7986
chr1	323738	323739	35	1.0
chr1	323773	323774	32	0.6685
chr1	323819	323820	35	0.6815
chr1	323869	323870	32	0.7529
chr1	323903	323904	26	0.5794
chr1	323933	323934	34	0.9369
chr1	323965	323966	25	0.8868
chr1	324015	324016	28	0.7309
chr1	324024	324025	30	0.7315
chr1	324124	324125	23	0.7975
chr1	324224	324225	28	0.7894
chr1	324282	324283	25	0.7796
chr1	324382	324383	33	0.7403
chr1	324474	324475	35	0.7642
chr1	324557	324558	34	0.6477
chr1	324657	324658	23	0.8765
chr1	324676	324677	29	0.8312
chr1	324713	324714	30	0.745
chr1	324763	324764	39	0.8624
chr1	324792	324793	26	0.9476
chr1	324842	324843	32	0.79
chr1	324892	324893	34	0.6438
chr1	324930	324931	36	0.6528
chr1	324980	324981	41	0.7349
chr1	325030	325031	28	0.8732
chr1	325050	325051	34	0.9006
chr1	325087	325088	20	0.8452
chr1	325121	325122	28	0.7773
chr1	325212	325213	27	0.7345
chr1	325283	325284	27	0.9
chr1	325335	325336	25	0.7366
chr1	325402	325403	29	0.7528
chr1	325502	325503	28	0.6211
chr1	325552	325553	37	0.9188
chr1	325628	325629	28	0.8407
chr1	325633	325634	27	0.4675
chr1	325663	325664	29	0.3617
chr1	325708	325709	30	0.2621
chr1	325723	325724	25	0.325
chr1	325745	325746	23	0.3902
chr1	325771	325772	29	0.2545
chr1	325821	325822	29	0.3453
chr1	325856	325857	28	0.3242
chr1	325877	325878	30	0.3197
chr1	325892	325893	34	0.2434
chr1	325942	325943	26	0.2628
chr1	325992	325993	23	0.3519
chr1	326008	326009	41	0.3822
chr1	326058	326059	30	0.2533
chr1	326108	326109	35	0.2602
chr1	326123	326124	18	0.2596
chr1	326173	326174	40	0.2441
chr1	326182	326183	30	0.1826
chr1	326232	326233	31	0.1593
chr1	326332	326333	21	0.3438
chr1	326432	326433	34	0.2929
chr1	326516	326517	40	0.417
chr1	326616	326617	37	0.3384
chr1	326666	326667	33	0.2174
chr1	326704	326705	36	0.0
chr1	326754	326755	27	0.1152
chr1	326788	326789	30	0.3345
chr1	326790	326791	27	0.3697
chr1	326848	326849	32	0.263
chr1	326990	326991	36	0.2864
chr1	327018	327019	30	0.2267
chr1	327094	327095	27	0.1342
chr1	327156	327157	34	0.0536
chr1	327204	327205	31	0.3747
chr1	327230	327231	29	0.4216
chr1	327264	327265	34	0.3291
chr1	327300	327301	26	0.4011
chr1	327318	327319	28	0.4079
chr1	327346	327347	30	0.3925
chr1	327380	327381	33	0.3758
chr1	327407	327408	35	0.4242
chr1	327424	327425	28	0.4611
chr1	327442	327443	26	0.4899
chr1	327464	327465	29	0.3945
chr1	327512	327513	29	0.1961
chr1	327537	327538	24	0.4531
chr1	327558	327559	26	0.4395
chr1	327596	327597	32	0.565
chr1	327600	327601	31	0.406
chr1	327650	327651	29	0.4127
chr1	327750	327751	24	0.5632
chr1	327839	327840	32	0.4506
chr1	327939	327940	41	0.4827
chr1	327965	327966	29	0.458
chr1	327971	327972	30	0.4439
chr1	327999	328000	32	0.7303
chr1	328026	328027	39	0.5517
chr1	328073	328074	27	0.7138
chr1	328122	328123	29	0.5442
chr1	328157	328158	26	0.8371
chr1	328204	328205	31	0.9245
chr1	328250	328251	26	0.7667
chr1	328265	328266	37	0.7926
chr1	328312	328313	36	0.6559
chr1	328338	328339	31	0.6306
chr1	328362	328363	25	0.7489
chr1	328392	328393	33	0.7495
chr1	328416	328417	36	0.8647
chr1	328441	328442	22	0.5655
chr1	328463	328464	20	0.6449
chr1	328482	328483	26	0.6919
chr1	328507	328508	32	0.7448
chr1	328557	328558	32	0.8095
chr1	328607	328608	30	0.7716
chr1	328664	328665	25	0.7802
chr1	328764	328765	30	0.8479
chr1	328864	328865	25	0.782
chr1	328930	328931	29	0.6963
chr1	328985	328986	32	0.7297
chr1	329015	329016	28	0.7177
chr1	329027	329028	31	0.8526
chr1	329038	329039	18	0.7386
chr1	329088	329089	35	0.5156
chr1	329114	329115	31	0.7196
chr1	329129	329130	29	0.7433
chr1	329167	329168	35	0.8603
chr1	329199	329200	37	0.7547
chr1	329216	329217	24	0.6192
chr1	329251	329252	22	0.7185
chr1	329283	329284	23	0.7381
chr1	329332	329333	27	0.6159
chr1	329350	329351	27	0.6171
chr1	329368	329369	28	0.7983
chr1	329417	329418	33	0.6176
chr1	329434	329435	32	0.7984
chr1	329470	329471	21	0.7233
chr1	329497	329498	28	0.8122
chr1	329518	329519	35	0.6555
chr1	329533	329534	33	0.7265
chr1	329560	329561	25	0.8729
chr1	329575	329576	21	0.6119
chr1	329595	329596	33	0.6211
chr1	329647	329648	33	0.7102
chr1	329723	329724	33	0.6162
chr1	329773	329774	37	0.6667
chr1	329868	329869	28	0.8898
chr1	329925	329926	25	0.6884
chr1	329975	329976	38	0.4761
chr1	330075	330076	39	0.7086
chr1	330085	330086	25	0.7711
chr1	330121	330122	28	1.0
chr1	330158	330159	34	0.4954
chr1	330208	330209	36	0.5379
chr1	330232	330233	24	0.6537
chr1	330279	330280	34	0.6123
chr1	330298	330299	24	0.5632
chr1	330313	330314	36	0.5148
chr1	330363	330364	37	0.5753
chr1	330399	330400	29	0.657
chr1	330429	330430	32	0.4318
chr1	330444	330445	27	0.6213
chr1	330494	330495	23	0.5199
chr1	330542	330543	42	0.6269
chr1	330576	330577	23	0.4382
chr1	330676	330677	20	0.7258
chr1	330726	330727	30	0.6282
chr1	330826	330827	23	0.6153
chr1	330926	330927	31	0.5909
chr1	330990	330991	26	0.6186
chr1	331008	331009	27	0.5481
chr1	331032	331033	35	0.6133
chr1	331073	331074	31	0.9402
chr1	331091	331092	36	0.8057
chr1	331123	331124	26	0.7675
chr1	331141	331142	31	0.8841
chr1	331167	331168	22	0.8191
chr1	331193	331194	24	0.7828
chr1	331237	331238	39	0.747
chr1	331276	331277	23	0.8587
chr1	331294	331295	20	0.8156
chr1	331320	331321	32	0.7914
chr1	331344	331345	34	0.741
chr1	331362	331363	29	0.708
chr1	331390	331391	23	0.8304
chr1	331424	331425	32	0.9515
chr1	331474	331475	35	0.8513
chr1	331500	331501	30	0.8248
chr1	331538	331539	33	0.8914
chr1	331544	331545	23	0.8777
chr1	331598	331599	25	0.8693
chr1	331698	331699	30	0.7268
chr1	331793	331794	31	0.8021
chr1	331893	331894	32	0.8029
chr1	331993	331994	26	0.8865
chr1	332039	332040	23	0.7793
chr1	332061	332062	33	0.7606
chr1	332069	332070	24	0.1845
chr1	332095	332096	27	0.1734
chr1	332135	332136	35	0.2023
chr1	332169	332170	32	0.1528
chr1	332196	332197	24	0.2908
chr1	332246	332247	32	0.2523
chr1	332296	332297	25	0.2864
chr1	332314	332315	30	0.2216
chr1	332339	332340	30	0.1771
chr1	332354	332355	32	0.056
chr1	332390	332391	28	0.1402
chr1	332440	332441	34	0.0506
chr1	332482	332483	32	0.204
chr1	332518	332519	32	0.1724
chr1	332548	332549	31	0.1491
chr1	332598	332599	30	0.1211
chr1	332611	332612	20	0.059
chr1	332709	332710	37	0.1616
chr1	332809	332810	27	0.2405
chr1	332909	332910	27	0.3315
chr1	332959	332960	25	0.135
chr1	333059	333060	35	0.1407
chr1	333109	333110	42	0.1659
chr1	333153	333154	38	0.0808
chr1	333195	333196	35	0.0
chr1	333247	333248	31	0.0557
chr1	333319	333320	32	0.2611
chr1	333425	333426	26	0.0809
chr1	333429	333430	36	0.1832
chr1	333455	333456	30	0.1963
chr1	333475	333476	27	0.0034
chr1	333501	333502	27	0.1737
chr1	333526	333527	29	0.6722
chr1	333576	333577	21	0.5008
chr1	333608	333609	31	0.7202
chr1	333655	333656	33	0.578
chr1	333705	333706	30	0.716
chr1	333755	333756	33	0.6019
chr1	333781	333782	35	0.4716
chr1	333797	333798	38	0.3908
chr1	333825	333826	27	0.656
chr1	333849	333850	36	0.8034
chr1	333868	333869	29	0.5128
chr1	333892	333893	26	0.8319
chr1	333920	333921	27	0.5303
chr1	333956	333957	25	0.6301
chr1	333979	333980	27	0.477
chr1	334045	334046	23	0.8373
chr1	334145	334146	30	0.6938
chr1	334211	334212	33	0.591
chr1	334261	334262	33	0.6501
chr1	334361	334362	33	0.8369
chr1	334442	334443	34	0.6043
chr1	334474	334475	29	0.742
chr1	334493	334494	26	0.6687
chr1	334519	334520	24	0.6823
chr1	334551	334552	26	0.5481
chr1	334586	334587	28	0.8523
chr1	334619	334620	33	0.5257
chr1	334663	334664	23	0.7629
chr1	334684	334685	25	0.7703
chr1	334709	334710	23	0.6917
chr1	334759	334760	32	0.6616
chr1	334809	334810	23	0.779
chr1	334837	334838	16	0.7794
chr1	334865	334866	25	0.9436
chr1	334887	334888	26	0.794
chr1	334905	334906	39	0.6528
chr1	334944	334945	25	0.8203
chr1	334965	334966	22	0.9001
chr1	334984	334985	31	0.7273
chr1	335008	335009	31	0.7376
chr1	335030	335031	33	0.73
chr1	335080	335081	29	0.815
chr1	335139	335140	29	0.8097
chr1	335223	335224	25	0.778
chr1	335273	335274	27	0.784
chr1	335323	335324	22	0.9401
chr1	335423	335424	33	0.7845
chr1	335523	335524	24	0.7455
chr1	335587	335588	31	0.6079
chr1	335619	335620	20	0.8385
chr1	335657	335658	25	0.7914
chr1	335702	335703	30	0.8498
chr1	335717	335718	34	0.8351
chr1	335736	335737	35	0.9326
chr1	335752	335753	34	0.9237
chr1	335774	335775	40	0.9994
chr1	335824	335825	37	0.8432
chr1	335874	335875	21	0.8076
chr1	335896	335897	28	0.9441
chr1	335937	335938	33	0.8033
chr1	335970	335971	26	0.8022
chr1	335991	335992	20	0.8392
chr1	336014	336015	34	0.8043
chr1	336048	336049	24	0.6743
chr1	336073	336074	35	0.6652
chr1	336088	336089	35	0.8497
chr1	336113	336114	38	0.9293
chr1	336136	336137	36	0.6892
chr1	336236	336237	27	0.794
chr1	336336	336337	40	0.8714
chr1	336416	336417	30	0.8754
chr1	336466	336467	25	0.7186
chr1	336555	336556	28	0.8353
chr1	336603	336604	41	0.8477
chr1	336612	336613	27	0.6539
chr1	336642	336643	23	0.764
chr1	336692	336693	27	0.675
chr1	336742	336743	31	0.7878
chr1	336777	336778	36	0.7748
chr1	336810	336811	29	0.9451
chr1	336836	336837	27	0.805
chr1	336886	336887	34	0.7693
chr1	336917	336918	20	0.7891
chr1	336942	336943	35	0.6482
chr1	336987	336988	31	0.7091
chr1	337017	337018	27	0.8385
chr1	337038	337039	33	0.9756
chr1	337088	337089	31	0.7178
chr1	337098	337099	31	0.8564
chr1	337198	337199	26	0.7777
chr1	337298	337299	27	0.7366
chr1	337348	337349	33	0.8433
chr1	337448	337449	34	0.9297
chr1	337548	337549	29	0.6416
chr1	337570	337571	31	0.826
chr1	337650	337651	28	0.8742
chr1	337722	337723	27	0.7301
chr1	337792	337793	22	0.7356
chr1	337964	337965	32	0.9602
chr1	337978	337979	21	0.9127
chr1	338012	338013	32	0.839
chr1	338062	338063	24	0.8805
chr1	338105	338106	31	0.8747
chr1	338132	338133	28	0.7961
chr1	338165	338166	26	0.8781
chr1	338215	338216	30	0.9021
chr1	338254	338255	40	0.8485
chr1	338285	338286	25	0.752
chr1	338305	338306	34	0.7372
chr1	338355	338356	27	0.8463
chr1	338380	338381	25	0.8397
chr1	338423	338424	25	0.7851
chr1	338454	338455	34	0.9407
chr1	338554	338555	32	0.8928
chr1	338622	338623	27	0.8828
chr1	338722	338723	28	0.8996
chr1	338819	338820	25	0.9481
chr1	338919	338920	23	0.6199
chr1	338961	338962	36	0.8942
chr1	338987	338988	36	1.0
chr1	338995	338996	26	0.7051
chr1	339027	339028	28	0.687
chr1	339067	339068	29	0.6244
chr1	339099	339100	26	0.8709
chr1	339121	339122	24	0.6461
chr1	339137	339138	27	0.9106
chr1	339159	339160	33	0.8697
chr1	339174	339175	30	0.6261
chr1	339197	339198	28	0.8161
chr1	339216	339217	25	0.6992
chr1	339240	339241	34	0.6879
chr1	339287	339288	24	0.7677
chr1	339323	339324	41	0.7918
chr1	339355	339356	40	0.9209
chr1	339405	339406	24	0.6373
chr1	339454	339455	19	0.8127
chr1	339457	339458	32	0.8063
chr1	339514	339515	31	0.906
chr1	339609	339610	41	0.6937
chr1	339695	339696	22	0.914
chr1	339745	339746	29	0.8006
chr1	339799	339800	26	0.8088
chr1	339899	339900	25	0.8184
chr1	339955	339956	27	0.822
chr1	339959	339960	25	0.9807
chr1	340005	340006	27	1.0
chr1	340017	340018	32	0.7287
chr1	340039	340040	25	0.9645
chr1	340067	340068	29	0.7587
chr1	340153	340154	29	0.9177
chr1	340319	340320	30	0.9332
chr1	340347	340348	27	0.712
chr1	340387	340388	24	0.9367
chr1	340435	340436	31	0.2553
chr1	340456	340457	29	0.1838
chr1	340506	340507	35	0.3164
chr1	340547	340548	34	0.3664
chr1	340581	340582	25	0.2536
chr1	340604	340605	38	0.1075
chr1	340636	340637	21	0.1482
chr1	340659	340660	32	0.3794
chr1	340676	340677	23	0.2356
chr1	340707	340708	33	0.4159
chr1	340757	340758	38	0.1755
chr1	340786	340787	32	0.2218
chr1	340816	340817	31	0.4195
chr1	340850	340851	31	0.1966
chr1	340875	340876	35	0.4176
chr1	340919	340920	26	0.0783
chr1	340968	340969	28	0.228
chr1	340979	340980	30	0.3534
chr1	341043	341044	30	0.1739
chr1	341093	341094	41	0.344
chr1	341193	341194	25	0.1786
chr1	341263	341264	24	0.0
chr1	341343	341344	20	0.3473
chr1	341443	341444	30	0.2938
chr1	341475	341476	31	0.0763
chr1	341522	341523	28	0.462
chr1	341572	341573	34	0.3619
chr1	341622	341623	29	0.4473
chr1	341637	341638	29	0.6059
chr1	341665	341666	32	0.4959
chr1	341715	341716	43	0.5345
chr1	341748	341749	34	0.5124
chr1	341798	341799	32	0.6123
chr1	341841	341842	36	0.6941
chr1	341887	341888	19	0.4823
chr1	341917	341918	30	0.3472
chr1	341967	341968	39	0.5573
chr1	341998	341999	26	0.6058
chr1	342040	342041	27	0.5876
chr1	342080	342081	33	0.5342
chr1	342170	342171	23	0.3342
chr1	342244	342245	25	0.5991
chr1	342330	342331	33	0.571
chr1	342380	342381	35	0.5113
chr1	342480	342481	33	0.7637
chr1	342580	342581	34	0.6229
chr1	342640	342641	29	0.7257
chr1	342648	342649	31	0.3947
chr1	342655	342656	26	0.5259
chr1	342673	342674	40	0.6474
chr1	342707	342708	36	0.7497
chr1	342757	342758	30	0.6351
chr1	342780	342781	19	0.6528
chr1	342810	342811	23	0.5221
chr1	342837	342838	33	0.6195
chr1	342887	342888	33	0.6865
chr1	342937	342938	26	0.5795
chr1	342987	342988	27	0.5708
chr1	343022	343023	28	0.6942
chr1	343045	343046	17	0.6224
chr1	343073	343074	25	0.7311
chr1	343094	343095	30	0.7946
chr1	343115	343116	17	0.5437
chr1	343155	343156	27	0.6595
chr1	343172	343173	29	0.6287
chr1	343174	343175	29	0.5142
chr1	343274	343275	23	0.5344
chr1	343374	343375	33	0.6419
chr1	343474	343475	30	0.7128
chr1	343524	343525	30	0.6682
chr1	343617	343618	33	0.5747
chr1	343621	343622	28	0.7209
chr1	343877	343878	30	0.762
chr1	343891	343892	28	0.8474
chr1	344005	344006	34	0.8904
chr1	344015	344016	30	0.7615
chr1	344069	344070	27	0.9012
chr1	345163	345164	24	0.6211
chr1	345203	345204	31	0.6873
chr1	345249	345250	33	0.7999
chr1	345264	345265	24	0.5949
chr1	345279	345280	21	0.7693
chr1	345329	345330	25	0.7936
chr1	345376	345377	26	0.7927
chr1	345400	345401	21	0.4619
chr1	345445	345446	23	0.5792
chr1	345489	345490	25	0.5215
chr1	345539	345540	36	0.4919
chr1	345582	345583	30	0.7719
chr1	345614	345615	25	0.5388
chr1	345649	345650	39	0.5908
chr1	345688	345689	27	0.6277
chr1	345715	345716	24	0.6081
chr1	345749	345750	35	0.6721
chr1	345771	345772	28	0.5542
chr1	345838	345839	35	0.7088
chr1	345938	345939	32	0.6654
chr1	346012	346013	26	0.5962
chr1	346102	346103	28	0.6591
chr1	346190	346191	38	0.8259
chr1	346264	346265	34	0.5506
chr1	346348	346349	18	0.5109
chr1	346446	346447	34	0.7665
chr1	346468	346469	28	0.8467
chr1	346507	346508	38	0.9118
chr1	346542	346543	31	0.9377
chr1	346557	346558	24	0.908
chr1	346580	346581	30	0.892
chr1	346630	346631	36	0.7737
chr1	346663	346664	36	0.8592
chr1	346697	346698	24	0.8192
chr1	346724	346725	31	0.8119
chr1	346741	346742	34	0.7839
chr1	346763	346764	32	0.8424
chr1	346778	346779	31	0.9047
chr1	346795	346796	38	0.7592
chr1	346839	346840	30	0.7612
chr1	346871	346872	27	0.8461
chr1	346899	346900	34	0.6728
chr1	346921	346922	38	0.9399
chr1	346931	346932	36	0.7302
chr1	347003	347004	26	0.7775
chr1	347103	347104	33	0.7937
chr1	347166	347167	21	0.7985
chr1	347216	347217	23	0.9838
chr1	347279	347280	33	0.8273
chr1	347350	347351	33	0.9498
chr1	347354	347355	30	0.8427
chr1	347432	347433	20	0.9363
chr1	347437	347438	45	0.741
chr1	347480	347481	31	0.9111
chr1	347498	347499	39	0.7685
chr1	347525	347526	31	0.8394
chr1	347561	347562	25	0.8366
chr1	347593	347594	36	0.7844
chr1	347643	347644	33	0.6916
chr1	347673	347674	32	0.6424
chr1	347693	347694	27	0.7694
chr1	347740	347741	32	0.7696
chr1	347790	347791	30	0.7943
chr1	347816	347817	31	0.7149
chr1	347833	347834	29	0.7388
chr1	347883	347884	30	0.8449
chr1	347908	347909	25	0.8315
chr1	347930	347931	23	0.7818
chr1	347971	347972	24	0.8598
chr1	347995	347996	25	0.8119
chr1	348049	348050	37	0.6687
chr1	348127	348128	24	0.7858
chr1	348177	348178	29	0.7945
chr1	348248	348249	28	0.778
chr1	348342	348343	32	0.815
chr1	348426	348427	34	0.7248
chr1	348526	348527	35	0.8444
chr1	348668	348669	20	0.8589
chr1	348722	348723	22	0.9124
chr1	348856	348857	24	0.7459
chr1	348876	348877	29	0.7099
chr1	348944	348945	35	0.9139
chr1	348984	348985	31	0.9805
chr1	349008	349009	26	0.8811
chr1	349013	349014	32	0.5837
chr1	349041	349042	33	0.6023
chr1	349067	349068	28	0.7185
chr1	349082	349083	33	0.6205
chr1	349102	349103	41	0.6456
chr1	349124	349125	29	0.6372
chr1	349164	349165	27	0.6604
chr1	349185	349186	30	0.7082
chr1	349205	349206	32	0.6249
chr1	349255	349256	35	0.7246
chr1	349296	349297	38	0.5534
chr1	349346	349347	31	0.6436
chr1	349376	349377	28	0.5627
chr1	349426	349427	35	0.4927
chr1	349464	349465	26	0.4968
chr1	349474	349475	31	0.7484
chr1	349574	349575	28	0.6112
chr1	349673	349674	33	0.5121
chr1	349773	349774	26	0.6619
chr1	349823	349824	37	0.7242
chr1	349923	349924	16	0.8274
chr1	349925	349926	37	0.8781
chr1	349947	349948	21	0.8298
chr1	350043	350044	38	0.7954
chr1	350235	350236	30	0.8273
chr1	350271	350272	36	0.8317
chr1	350299	350300	30	0.9802
chr1	350317	350318	30	0.9417
chr1	350399	350400	32	0.8205
chr1	350409	350410	25	0.9111
chr1	350411	350412	29	0.7103
chr1	350418	350419	27	0.1526
chr1	350468	350469	25	0.0578
chr1	350495	350496	35	0.2091
chr1	350530	350531	35	0.1211
chr1	350580	350581	30	0.2128
chr1	350601	350602	28	0.0568
chr1	350618	350619	29	0.1296
chr1	350633	350634	29	0.1778
chr1	350679	350680	30	0.2426
chr1	350719	350720	32	0.2502
chr1	350757	350758	29	0.32
chr1	350792	350793	35	0.223
chr1	350840	350841	36	0.0924
chr1	350890	350891	37	0.344
chr1	350927	350928	23	0.2963
chr1	350977	350978	25	0.1755
chr1	351003	351004	29	0.1979
chr1	351037	351038	29	0.2708
chr1	351070	351071	33	0.0725
chr1	351136	351137	29	0.2602
chr1	351186	351187	32	0.0686
chr1	351286	351287	23	0.2741
chr1	351386	351387	29	0.0923
chr1	351486	351487	28	0.0799
chr1	351579	351580	26	0.1671
chr1	351631	351632	26	0.0013
chr1	351681	351682	19	0.0699
chr1	351749	351750	32	0.0185
chr1	351853	351854	39	0.0415
chr1	351891	351892	33	0.0
chr1	351959	351960	32	0.1105
chr1	351979	351980	29	0.0341
chr1	352011	352012	25	0.0809
chr1	352141	352142	30	0.1
chr1	352161	352162	28	0.6479
chr1	352211	352212	26	0.6661
chr1	352258	352259	26	0.7108
chr1	352296	352297	34	0.9031
chr1	352325	352326	32	0.8685
chr1	352357	352358	36	0.8299
chr1	352407	352408	31	0.8287
chr1	352441	352442	24	0.8177
chr1	352491	352492	31	0.68
chr1	352518	352519	29	0.7539
chr1	352552	352553	31	0.786
chr1	352580	352581	32	0.6783
chr1	352619	352620	34	0.7168
chr1	352634	352635	30	0.639
chr1	352674	352675	27	0.7616
chr1	352740	352741	25	0.7769
chr1	352790	352791	31	0.7533
chr1	352859	352860	32	0.7396
chr1	352959	352960	26	0.8566
chr1	353056	353057	25	0.869
chr1	353156	353157	31	0.9637
chr1	353248	353249	28	0.7751
chr1	353269	353270	24	0.767
chr1	353297	353298	30	0.8084
chr1	353347	353348	31	0.6233
chr1	353397	353398	30	0.6113
chr1	353446	353447	30	0.4991
chr1	353468	353469	19	0.7174
chr1	353486	353487	33	0.6957
chr1	353536	353537	26	0.8226
chr1	353555	353556	28	0.8154
chr1	353605	353606	36	0.7131
chr1	353640	353641	25	0.5297
chr1	353690	353691	18	0.5234
chr1	353718	353719	29	0.6455
chr1	353754	353755	29	0.6302
chr1	353779	353780	44	0.6292
chr1	353807	353808	31	0.7731
chr1	353850	353851	31	0.5944
chr1	353858	353859	27	0.8145
chr1	353958	353959	33	0.6096
chr1	354016	354017	30	0.702
chr1	354090	354091	28	0.6222
chr1	354186	354187	31	0.7055
chr1	354255	354256	23	0.7464
chr1	354313	354314	35	0.7946
chr1	354413	354414	32	0.7458
chr1	354439	354440	21	0.8052
chr1	354456	354457	23	0.3683
chr1	354483	354484	31	0.353
chr1	354504	354505	42	0.2673
chr1	354532	354533	27	0.2374
chr1	354578	354579	28	0.2292
chr1	354608	354609	36	0.1802
chr1	354653	354654	21	0.1509
chr1	354671	354672	27	0.2894
chr1	354715	354716	31	0.2975
chr1	354737	354738	26	0.3401
chr1	354755	354756	18	0.1533
chr1	354770	354771	33	0.3333
chr1	354808	354809	27	0.2864
chr1	354838	354839	19	0.2691
chr1	354877	354878	28	0.2317
chr1	354899	354900	19	0.1663
chr1	354909	354910	23	0.1734
chr1	355009	355010	21	0.171
chr1	355109	355110	26	0.1904
chr1	355209	355210	22	0.1632
chr1	355289	355290	21	0.1472
chr1	355353	355354	27	0.2313
chr1	355445	355446	36	0.0493
chr1	355494	355495	26	0.9747
chr1	355533	355534	23	0.9601
chr1	355558	355559	25	0.8996
chr1	355592	355593	34	0.8782
chr1	355631	355632	15	0.8136
chr1	355681	355682	28	1.0
chr1	355707	355708	35	0.9534
chr1	355750	355751	28	1.0
chr1	355800	355801	23	0.7755
chr1	355825	355826	39	0.9486
chr1	355875	355876	29	0.9385
chr1	355905	355906	25	0.7503
chr1	355923	355924	28	0.8221
chr1	355973	355974	30	0.948
chr1	355988	355989	23	0.7666
chr1	356011	356012	35	0.741
chr1	356036	356037	38	0.9482
chr1	356065	356066	33	0.8197
chr1	356115	356116	22	0.831
chr1	356207	356208	33	0.9772
chr1	356263	356264	34	0.879
chr1	356363	356364	31	0.888
chr1	356463	356464	29	0.7667
chr1	356563	356564	27	0.8971
chr1	356613	356614	29	0.8551
chr1	356705	356706	30	1.0
chr1	356712	356713	30	0.1745
chr1	356727	356728	37	0.3695
chr1	356764	356765	34	0.2469
chr1	356797	356798	31	0.2137
chr1	356847	356848	36	0.1985
chr1	356889	356890	32	0.3812
chr1	356935	356936	25	0.3635
chr1	356958	356959	34	0.2417
chr1	356973	356974	22	0.4526
chr1	356988	356989	28	0.1495
chr1	357026	357027	25	0.2056
chr1	357076	357077	27	0.2348
chr1	357101	357102	33	0.2432
chr1	357136	357137	27	0.2657
chr1	357184	357185	24	0.2285
chr1	357199	357200	29	0.2791
chr1	357228	357229	33	0.3678
chr1	357265	357266	32	0.167
chr1	357341	357342	35	0.1894
chr1	357441	357442	28	0.129
chr1	357494	357495	29	0.1984
chr1	357544	357545	32	0.1417
chr1	357644	357645	22	0.4191
chr1	357744	357745	36	0.2149
chr1	357794	357795	31	0.3377
chr1	357812	357813	30	0.0753
chr1	357826	357827	33	0.021
chr1	357890	357891	35	0.1204
chr1	357900	357901	27	0.0799
chr1	357994	357995	28	0.1396
chr1	358138	358139	29	0.2037
chr1	358160	358161	26	0.1906
chr1	358168	358169	26	0.2496
chr1	358174	358175	29	0.1489
chr1	358284	358285	33	0.1794
chr1	358290	358291	29	0.862
chr1	358340	358341	26	0.8918
chr1	358386	358387	36	0.7943
chr1	358436	358437	30	0.6703
chr1	358470	358471	40	0.6741
chr1	358505	358506	25	0.7591
chr1	358520	358521	29	0.7346
chr1	358563	358564	32	0.6334
chr1	358583	358584	17	0.7441
chr1	358618	358619	28	0.4448
chr1	358657	358658	41	0.6298
chr1	358683	358684	41	0.481
chr1	358733	358734	29	0.4367
chr1	358762	358763	35	0.5692
chr1	358784	358785	26	0.5262
chr1	358884	358885	33	0.4635
chr1	358984	358985	23	0.5658
chr1	359084	359085	38	0.609
chr1	359160	359161	36	0.7078
chr1	359212	359213	36	0.8083
chr1	359328	359329	31	0.7671
chr1	359340	359341	29	0.9716
chr1	359352	359353	36	0.7894
chr1	359384	359385	31	0.6087
chr1	359442	359443	26	0.7085
chr1	359484	359485	27	0.6627
chr1	359504	359505	32	0.8046
chr1	359612	359613	32	0.7036
chr1	359622	359623	32	0.1768
chr1	359652	359653	30	0.2606
chr1	359684	359685	36	0.286
chr1	359728	359729	34	0.2898
chr1	359778	359779	28	0.2928
chr1	359797	359798	29	0.0222
chr1	359840	359841	27	0.1725
chr1	359890	359891	31	0.1878
chr1	359925	359926	23	0.1791
chr1	359962	359963	28	0.2146
chr1	360002	360003	32	0.1416
chr1	360040	360041	30	0.1107
chr1	360088	360089	31	0.1256
chr1	360121	360122	27	0.2279
chr1	360143	360144	24	0.2931
chr1	360162	360163	32	0.1692
chr1	360262	360263	28	0.2194
chr1	360347	360348	37	0.1386
chr1	360410	360411	31	0.2668
chr1	360510	360511	32	0.213
chr1	360585	360586	30	0.2146
chr1	360635	360636	25	0.1198
chr1	360905	360906	28	0.0568
chr1	360951	360952	35	0.0634
chr1	360973	360974	31	0.0316
chr1	360989	360990	20	0.108
chr1	360993	360994	42	0.0624
chr1	361013	361014	33	0.1595
chr1	361113	361114	20	0.0974
chr1	362096	362097	23	0.2601
chr1	362134	362135	26	0.2399
chr1	362184	362185	22	0.2923
chr1	362234	362235	32	0.4172
chr1	362253	362254	28	0.385
chr1	362269	362270	26	0.2981
chr1	362297	362298	28	0.2769
chr1	362326	362327	34	0.3453
chr1	362352	362353	21	0.3557
chr1	362385	362386	21	0.3621
chr1	362416	362417	37	0.4902
chr1	362432	362433	28	0.4196
chr1	362456	362457	24	0.3696
chr1	362501	362502	34	0.3529
chr1	362521	362522	31	0.3711
chr1	362571	362572	35	0.3842
chr1	362592	362593	19	0.392
chr1	362692	362693	21	0.2694
chr1	362743	362744	32	0.5169
chr1	362843	362844	27	0.2743
chr1	362935	362936	29	0.4619
chr1	363035	363036	34	0.3968
chr1	363088	363089	33	0.3305
chr1	363360	363361	34	0.0923
chr1	363412	363413	41	0.0
chr1	363428	363429	29	0.1215
chr1	363484	363485	26	0.1628
chr1	363538	363539	27	0.2482
chr1	363584	363585	37	0.0
chr1	363634	363635	35	0.7943
chr1	363649	363650	27	0.6823
chr1	363693	363694	31	0.7742
chr1	363716	363717	23	0.695
chr1	363746	363747	32	0.6129
chr1	363791	363792	30	0.9081
chr1	363806	363807	26	0.7862
chr1	363825	363826	31	0.6357
chr1	363849	363850	39	0.6664
chr1	363877	363878	31	0.7363
chr1	363927	363928	30	0.8334
chr1	363977	363978	31	0.7529
chr1	364004	364005	39	0.6459
chr1	364020	364021	28	0.6826
chr1	364063	364064	29	0.7964
chr1	364100	364101	34	0.8112
chr1	364109	364110	35	0.7467
chr1	364209	364210	34	0.6938
chr1	364259	364260	33	0.7382
chr1	364359	364360	32	0.5557
chr1	364459	364460	25	0.6678
chr1	364518	364519	29	0.6966
chr1	364540	364541	23	0.6637
chr1	364616	364617	30	0.8801
chr1	364650	364651	32	0.5703
chr1	364665	364666	32	0.7214
chr1	364680	364681	33	0.555
chr1	364713	364714	20	0.6562
chr1	364734	364735	36	0.5618
chr1	364752	364753	31	0.6837
chr1	364779	364780	28	0.6869
chr1	364815	364816	30	0.592
chr1	364847	364848	29	0.3498
chr1	364883	364884	33	0.493
chr1	364912	364913	26	0.393
chr1	364960	364961	39	0.6875
chr1	364985	364986	35	0.471
chr1	365023	365024	26	0.4414
chr1	365047	365048	26	0.5706
chr1	365097	365098	38	0.5923
chr1	365147	365148	27	0.664
chr1	365154	365155	29	0.4544
chr1	365211	365212	28	0.6176
chr1	365281	365282	30	0.5748
chr1	365381	365382	29	0.6805
chr1	365481	365482	26	0.6456
chr1	365574	365575	25	0.7992
chr1	365636	365637	29	0.4628
chr1	365650	365651	26	0.4541
chr1	365664	365665	27	0.5104
chr1	365713	365714	42	0.4678
chr1	365763	365764	36	0.5826
chr1	365781	365782	31	0.7169
chr1	365829	365830	36	0.6864
chr1	365879	365880	35	0.5754
chr1	365923	365924	32	0.5074
chr1	365941	365942	27	0.6703
chr1	365956	365957	33	0.4759
chr1	365976	365977	30	0.4848
chr1	366010	366011	33	0.5122
chr1	366034	366035	23	0.785
chr1	366059	366060	27	0.4182
chr1	366086	366087	25	0.6036
chr1	366104	366105	23	0.5509
chr1	366119	366120	32	0.4781
chr1	366148	366149	22	0.602
chr1	366193	366194	40	0.413
chr1	366283	366284	23	0.531
chr1	366382	366383	35	0.6926
chr1	366461	366462	24	0.4672
chr1	366561	366562	30	0.4663
chr1	366661	366662	33	0.5296
chr1	366717	366718	21	0.8354
chr1	366726	366727	26	0.5211
chr1	366751	366752	34	0.683
chr1	366766	366767	33	0.7652
chr1	366813	366814	28	0.5489
chr1	366838	366839	37	0.7591
chr1	366861	366862	23	0.7957
chr1	366898	366899	25	0.695
chr1	366924	366925	27	0.6862
chr1	366956	366957	27	0.4602
chr1	367006	367007	35	0.6699
chr1	367035	367036	21	0.5437
chr1	367052	367053	23	0.6315
chr1	367076	367077	33	0.5789
chr1	367102	367103	27	0.4868
chr1	367117	367118	22	0.5752
chr1	367142	367143	21	0.6336
chr1	367172	367173	30	0.5366
chr1	367222	367223	37	0.3897
chr1	367237	367238	37	0.5989
chr1	367278	367279	32	0.6099
chr1	367285	367286	32	0.5717
chr1	367385	367386	28	0.5608
chr1	367440	367441	30	0.5972
chr1	367540	367541	18	0.664
chr1	367598	367599	29	0.9011
chr1	367698	367699	27	0.8069
chr1	367777	367778	30	0.6193
chr1	367791	367792	29	0.6648
chr1	367983	367984	33	0.7433
chr1	368009	368010	32	0.7854
chr1	368029	368030	29	0.6963
chr1	368095	368096	33	0.6333
chr1	368201	368202	32	0.5533
chr1	368231	368232	28	0.6936
chr1	368261	368262	30	0.7524
chr1	368306	368307	27	0.7971
chr1	368334	368335	32	0.8047
chr1	368384	368385	25	0.7021
chr1	368399	368400	31	0.8485
chr1	368441	368442	32	0.8179
chr1	368475	368476	27	0.9752
chr1	368506	368507	28	0.9296
chr1	368556	368557	16	1.0
chr1	368605	368606	26	0.9553
chr1	368637	368638	39	0.9819
chr1	368667	368668	34	0.9271
chr1	368717	368718	28	0.8512
chr1	368732	368733	31	0.8169
chr1	368753	368754	38	0.8036
chr1	368803	368804	27	0.9058
chr1	368843	368844	26	0.9303
chr1	368848	368849	30	0.9067
chr1	368898	368899	34	0.8346
chr1	368965	368966	35	0.8296
chr1	369055	369056	23	0.8301
chr1	369155	369156	27	0.8592
chr1	369238	369239	36	0.9348
chr1	369330	369331	30	0.9497
chr1	369392	369393	32	0.9472
chr1	369398	369399	31	0.7803
chr1	369444	369445	35	0.7374
chr1	369459	369460	36	0.7738
chr1	369495	369496	30	0.7308
chr1	369531	369532	31	0.734
chr1	369557	369558	26	0.7118
chr1	369583	369584	29	0.7464
chr1	369610	369611	36	0.7587
chr1	369644	369645	30	0.7392
chr1	369684	369685	29	0.7964
chr1	369726	369727	35	0.8093
chr1	369753	369754	29	0.757
chr1	369778	369779	36	0.822
chr1	369826	369827	32	0.7844
chr1	369863	369864	30	0.8754
chr1	369903	369904	32	0.7283
chr1	370003	370004	36	0.7601
chr1	370103	370104	21	0.7697
chr1	370203	370204	26	0.8956
chr1	370267	370268	30	0.7724
chr1	370293	370294	29	0.9384
chr1	370295	370296	27	0.8686
chr1	370304	370305	36	0.2789
chr1	370325	370326	33	0.3822
chr1	370350	370351	28	0.3093
chr1	370395	370396	29	0.2909
chr1	370440	370441	22	0.4594
chr1	370472	370473	36	0.2751
chr1	370497	370498	27	0.4252
chr1	370525	370526	36	0.4165
chr1	370544	370545	32	0.5044
chr1	370592	370593	34	0.5009
chr1	370612	370613	23	0.3771
chr1	370638	370639	31	0.2735
chr1	370688	370689	36	0.2631
chr1	370708	370709	31	0.3686
chr1	370733	370734	31	0.3767
chr1	370769	370770	30	0.2909
chr1	370770	370771	40	0.4319
chr1	370820	370821	33	0.4901
chr1	370920	370921	22	0.4168
chr1	370977	370978	31	0.5083
chr1	371077	371078	34	0.3357
chr1	371177	371178	30	0.3499
chr1	371227	371228	22	0.4783
chr1	371299	371300	29	0.0991
chr1	371377	371378	27	0.0081
chr1	371421	371422	20	0.122
chr1	371557	371558	20	0.0592
chr1	371619	371620	25	0.0
chr1	371661	371662	31	0.045
chr1	371670	371671	31	0.6798
chr1	371701	371702	25	0.6603
chr1	371751	371752	35	0.4272
chr1	371766	371767	30	0.5973
chr1	371793	371794	31	0.5959
chr1	371815	371816	31	0.4832
chr1	371844	371845	30	0.5527
chr1	371861	371862	26	0.6251
chr1	371905	371906	29	0.5962
chr1	371933	371934	27	0.6169
chr1	371955	371956	31	0.706
chr1	371975	371976	31	0.7807
chr1	372003	372004	30	0.7988
chr1	372052	372053	20	0.7015
chr1	372095	372096	38	0.7601
chr1	372113	372114	37	0.8394
chr1	372131	372132	24	0.592
chr1	372152	372153	24	0.5867
chr1	372165	372166	30	0.6424
chr1	372265	372266	29	0.6068
chr1	372348	372349	27	0.6535
chr1	372448	372449	25	0.7517
chr1	372498	372499	25	0.7608
chr1	372575	372576	38	0.7087
chr1	372597	372598	35	0.8568
chr1	372723	372724	30	0.8286
chr1	372873	372874	21	0.6494
chr1	372909	372910	29	0.5962
chr1	373047	373048	36	0.7549
chr1	373096	373097	29	0.5777
chr1	373124	373125	35	0.717
chr1	373162	373163	33	0.6073
chr1	373177	373178	25	0.344
chr1	373209	373210	40	0.4045
chr1	373229	373230	29	0.6401
chr1	373275	373276	26	0.5972
chr1	373290	373291	28	0.404
chr1	373315	373316	29	0.3648
chr1	373365	373366	25	0.4454
chr1	373402	373403	33	0.5659
chr1	373435	373436	31	0.6615
chr1	373485	373486	24	0.5066
chr1	373500	373501	32	0.5351
chr1	373538	373539	24	0.3751
chr1	373569	373570	24	0.4486
chr1	373600	373601	27	0.4387
chr1	373624	373625	17	0.5553
chr1	373707	373708	21	0.6211
chr1	373807	373808	15	0.5982
chr1	373884	373885	27	0.5252
chr1	373978	373979	26	0.3874
chr1	374051	374052	30	0.7147
chr1	374103	374104	37	0.4642
chr1	374127	374128	36	0.4708
chr1	374133	374134	27	0.3043
chr1	374172	374173	37	0.8046
chr1	374222	374223	27	0.8939
chr1	374257	374258	28	0.7901
chr1	374299	374300	26	0.9608
chr1	374338	374339	28	0.7287
chr1	374370	374371	27	1.0
chr1	374388	374389	34	0.8814
chr1	374425	374426	26	0.9193
chr1	374449	374450	23	0.7647
chr1	374472	374473	27	0.7962
chr1	374503	374504	33	0.9418
chr1	374553	374554	23	0.8455
chr1	374580	374581	28	0.8017
chr1	374608	374609	22	0.7046
chr1	374634	374635	30	0.8398
chr1	374672	374673	29	0.8962
chr1	374678	374679	35	0.8923
chr1	374729	374730	30	0.931
chr1	374829	374830	29	0.9886
chr1	374929	374930	35	1.0
chr1	375029	375030	29	0.8554
chr1	375129	375130	36	0.8161
chr1	375248	375249	34	0.9087
chr1	375250	375251	28	0.7886
chr1	375270	375271	30	0.7142
chr1	375292	375293	33	0.8096
chr1	375338	375339	30	0.8736
chr1	375360	375361	27	0.9607
chr1	375400	375401	23	0.9749
chr1	375432	375433	30	0.9905
chr1	375448	375449	29	0.767
chr1	375479	375480	36	0.8499
chr1	375501	375502	29	0.8376
chr1	375523	375524	36	0.8426
chr1	375554	375555	27	0.8112
chr1	375587	375588	33	0.9602
chr1	375637	375638	37	0.7956
chr1	375655	375656	35	0.9008
chr1	375705	375706	34	0.7045
chr1	375730	375731	33	0.8787
chr1	375749	375750	37	0.9792
chr1	375849	375850	34	0.8537
chr1	375935	375936	28	0.8983
chr1	376035	376036	25	0.8895
chr1	376135	376136	23	0.8405
chr1	376193	376194	38	0.6924
chr1	376237	376238	23	0.9801
chr1	376253	376254	32	0.7056
chr1	376262	376263	36	0.3585
chr1	376312	376313	36	0.3713
chr1	376352	376353	34	0.3492
chr1	376380	376381	42	0.3192
chr1	376429	376430	32	0.4452
chr1	376447	376448	32	0.412
chr1	376497	376498	29	0.5105
chr1	376535	376536	19	0.3695
chr1	376555	376556	33	0.4265
chr1	376582	376583	30	0.2989
chr1	376611	376612	26	0.2887
chr1	376629	376630	41	0.3098
chr1	376673	376674	30	0.3654
chr1	376713	376714	32	0.349
chr1	376724	376725	28	0.3673
chr1	376809	376810	31	0.3697
chr1	376909	376910	29	0.3685
chr1	376986	376987	27	0.4833
chr1	377054	377055	35	0.5686
chr1	377154	377155	26	0.5696
chr1	377168	377169	37	0.0535
chr1	377246	377247	37	0.0791
chr1	377266	377267	30	0.1929
chr1	377274	377275	24	0.0819
chr1	377448	377449	28	0.0
chr1	377508	377509	37	0.2376
chr1	377518	377519	31	0.097
chr1	377578	377579	26	0.1157
chr1	377580	377581	42	0.0935
chr1	377597	377598	27	0.7345
chr1	377614	377615	30	0.6514
chr1	377664	377665	25	0.7505
chr1	377698	377699	37	0.5405
chr1	377734	377735	26	0.6574
chr1	377763	377764	40	0.6853
chr1	377782	377783	31	0.7107
chr1	377801	377802	37	0.6758
chr1	377832	377833	34	0.8136
chr1	377866	377867	32	0.65
chr1	377899	377900	22	0.6225
chr1	377930	377931	31	0.5891
chr1	377980	377981	23	0.7382
chr1	378014	378015	29	0.6266
chr1	378063	378064	40	0.6142
chr1	378163	378164	24	0.6286
chr1	378225	378226	37	0.7299
chr1	378325	378326	29	0.629
chr1	378375	378376	19	0.721
chr1	378474	378475	28	0.6527
chr1	378504	378505	32	0.7254
chr1	378508	378509	35	0.8682
chr1	378542	378543	38	0.8623
chr1	378589	378590	30	0.9487
chr1	378632	378633	34	0.7916
chr1	378672	378673	37	0.8029
chr1	378722	378723	29	0.7289
chr1	378741	378742	32	0.8214
chr1	378781	378782	26	0.7816
chr1	378831	378832	30	0.7812
chr1	378881	378882	33	0.7908
chr1	378918	378919	34	0.6195
chr1	378937	378938	33	0.6797
chr1	378955	378956	31	0.7097
chr1	378984	378985	24	0.775
chr1	379004	379005	37	0.8384
chr1	379019	379020	28	0.6561
chr1	379035	379036	35	0.7375
chr1	379040	379041	23	0.7141
chr1	379105	379106	36	0.6574
chr1	379185	379186	36	0.7641
chr1	379235	379236	21	0.7928
chr1	379320	379321	28	0.7685
chr1	379420	379421	31	0.7358
chr1	379489	379490	25	0.835
chr1	379521	379522	29	0.7993
chr1	379565	379566	39	0.8928
chr1	379594	379595	27	0.2675
chr1	379621	379622	28	0.2803
chr1	379654	379655	30	0.184
chr1	379676	379677	29	0.2286
chr1	379703	379704	32	0.2261
chr1	379738	379739	31	0.2216
chr1	379772	379773	39	0.1682
chr1	379822	379823	36	0.1541
chr1	379872	379873	34	0.2559
chr1	379901	379902	16	0.2133
chr1	379927	379928	33	0.2688
chr1	379964	379965	32	0.2185
chr1	379992	379993	23	0.1601
chr1	380009	380010	25	0.1922
chr1	380035	380036	27	0.1755
chr1	380050	380051	26	0.2008
chr1	380080	380081	32	0.2258
chr1	380097	380098	30	0.179
chr1	380126	380127	24	0.3329
chr1	380129	380130	30	0.2303
chr1	380221	380222	38	0.2428
chr1	380279	380280	34	0.2985
chr1	380379	380380	26	0.2386
chr1	380437	380438	34	0.2547
chr1	380487	380488	32	0.3458
chr1	380574	380575	34	0.22
chr1	380662	380663	24	0.0632
chr1	380682	380683	25	0.3732
chr1	380731	380732	34	0.1443
chr1	380763	380764	35	0.2454
chr1	380802	380803	44	0.1084
chr1	380828	380829	31	0.0747
chr1	380854	380855	32	0.154
chr1	380870	380871	31	0.0669
chr1	380920	380921	23	0.152
chr1	380948	380949	34	0.2576
chr1	380963	380964	28	0.1374
chr1	381013	381014	34	0.1694
chr1	381057	381058	30	0.1929
chr1	381086	381087	29	0.0962
chr1	381101	381102	19	0.1216
chr1	381147	381148	34	0.0941
chr1	381220	381221	28	0.1086
chr1	381282	381283	23	0.1701
chr1	381382	381383	28	0.0483
chr1	381482	381483	31	0.0711
chr1	381532	381533	35	0.2047
chr1	381538	381539	33	0.1022
chr1	381554	381555	34	0.85
chr1	381587	381588	28	0.9461
chr1	381630	381631	25	0.7818
chr1	381651	381652	29	0.976
chr1	381671	381672	26	0.9382
chr1	381721	381722	29	0.8124
chr1	381754	381755	29	0.7795
chr1	381803	381804	40	0.7972
chr1	381827	381828	34	0.848
chr1	381848	381849	31	0.8475
chr1	381878	381879	27	0.9688
chr1	381898	381899	29	0.9654
chr1	381935	381936	31	0.9919
chr1	381950	381951	30	0.9572
chr1	381967	381968	37	0.9859
chr1	381975	381976	32	0.8401
chr1	382037	382038	26	0.7799
chr1	382137	382138	28	0.9946
chr1	382205	382206	38	0.7689
chr1	382302	382303	30	0.8702
chr1	382391	382392	24	0.8188
chr1	382453	382454	34	0.9663
chr1	382500	382501	26	0.6983
chr1	382516	382517	35	0.6253
chr1	382551	382552	35	0.8474
chr1	382576	382577	31	0.8203
chr1	382617	382618	27	0.6795
chr1	382667	382668	23	0.8269
chr1	382688	382689	28	0.6836
chr1	382727	382728	37	0.7716
chr1	382745	382746	25	0.7673
chr1	382778	382779	23	0.8203
chr1	382828	382829	27	0.8152
chr1	382878	382879	28	0.4951
chr1	382897	382898	36	0.5441
chr1	382937	382938	31	0.4299
chr1	382987	382988	32	0.794
chr1	383011	383012	26	0.834
chr1	383065	383066	25	0.7726
chr1	383126	383127	30	0.8788
chr1	383226	383227	36	0.6838
chr1	383321	383322	26	0.6338
chr1	383410	383411	34	0.667
chr1	383482	383483	34	0.66
chr1	383528	383529	26	0.5787
chr1	383574	383575	25	0.7073
chr1	383595	383596	32	0.7658
chr1	383625	383626	31	0.8612
chr1	383675	383676	31	0.8307
chr1	383700	383701	36	0.7727
chr1	383731	383732	27	0.5099
chr1	383750	383751	18	0.5592
chr1	383765	383766	35	0.7264
chr1	383780	383781	26	0.7482
chr1	383830	383831	22	0.7237
chr1	383848	383849	34	0.658
chr1	383878	383879	32	0.6632
chr1	383921	383922	31	0.7673
chr1	383938	383939	26	0.5326
chr1	383955	383956	20	0.6557
chr1	384003	384004	26	0.6884
chr1	384053	384054	27	0.5408
chr1	384070	384071	34	0.6788
chr1	384115	384116	33	0.6338
chr1	384199	384200	21	0.6889
chr1	384274	384275	30	0.5803
chr1	384374	384375	33	0.5927
chr1	384455	384456	26	0.7662
chr1	384555	384556	28	0.4011
chr1	384647	384648	27	0.8089
chr1	384656	384657	23	0.2008
chr1	384706	384707	28	0.0627
chr1	384728	384729	29	0.1628
chr1	384744	384745	37	0.1273
chr1	384779	384780	33	0.1986
chr1	384829	384830	30	0.2399
chr1	384846	384847	31	0.1707
chr1	384896	384897	29	0.2145
chr1	384946	384947	32	0.1672
chr1	384983	384984	35	0.1653
chr1	385018	385019	30	0.1689
chr1	385054	385055	29	0.1375
chr1	385087	385088	29	0.2306
chr1	385125	385126	32	0.1347
chr1	385175	385176	30	0.2374
chr1	385178	385179	27	0.1519
chr1	385278	385279	32	0.2581
chr1	385378	385379	25	0.1841
chr1	385461	385462	31	0.1437
chr1	385511	385512	31	0.0939
chr1	385561	385562	22	0.308
chr1	385614	385615	28	0.2239
chr1	385712	385713	35	0.0557
chr1	385808	385809	32	0.0693
chr1	385812	385813	34	0.1817
chr1	385898	385899	29	0.2071
chr1	385920	385921	34	0.1303
chr1	385959	385960	29	0.5425
chr1	385974	385975	30	0.575
chr1	385989	385990	26	0.5062
chr1	386004	386005	23	0.778
chr1	386027	386028	30	0.4827
chr1	386042	386043	35	0.5553
chr1	386075	386076	27	0.5439
chr1	386106	386107	30	0.7231
chr1	386142	386143	25	0.6269
chr1	386171	386172	37	0.8335
chr1	386204	386205	32	0.7164
chr1	386254	386255	26	0.7116
chr1	386273	386274	35	0.6447
chr1	386319	386320	28	0.5568
chr1	386345	386346	23	0.6544
chr1	386366	386367	32	0.8014
chr1	386396	386397	27	0.6668
chr1	386420	386421	37	0.7071
chr1	386464	386465	29	0.4221
chr1	386476	386477	32	0.6527
chr1	386576	386577	32	0.6123
chr1	386676	386677	35	0.7022
chr1	386726	386727	26	0.7292
chr1	386826	386827	32	0.7754
chr1	386926	386927	28	0.6478
chr1	386932	386933	26	0.7419
chr1	386942	386943	29	0.6247
chr1	386977	386978	40	0.0194
chr1	387005	387006	24	0.2548
chr1	387027	387028	42	0.2089
chr1	387042	387043	22	0.1596
chr1	387057	387058	20	0.065
chr1	387072	387073	25	0.2525
chr1	387102	387103	30	0.2786
chr1	387126	387127	30	0.2022
chr1	387141	387142	27	0.0847
chr1	387174	387175	22	0.0731
chr1	387221	387222	24	0.2121
chr1	387247	387248	23	0.0807
chr1	387284	387285	28	0.0955
chr1	387322	387323	30	0.0718
chr1	387365	387366	33	0.1448
chr1	387397	387398	22	0.0754
chr1	387437	387438	29	0.1673
chr1	387467	387468	20	0.1993
chr1	387493	387494	27	0.2025
chr1	387551	387552	23	0.1127
chr1	387651	387652	25	0.1502
chr1	387751	387752	31	0.2272
chr1	387851	387852	32	0.054
chr1	387911	387912	25	0.2292
chr1	387955	387956	27	0.1179
chr1	388011	388012	29	0.0459
chr1	388052	388053	31	0.2279
chr1	388101	388102	29	0.152
chr1	388121	388122	32	0.1173
chr1	388148	388149	23	0.238
chr1	388171	388172	24	0.2547
chr1	388219	388220	35	0.34
chr1	388254	388255	17	0.3186
chr1	388274	388275	30	0.2454
chr1	388294	388295	33	0.1136
chr1	388331	388332	20	0.4082
chr1	388381	388382	28	0.2518
chr1	388426	388427	22	0.2693
chr1	388445	388446	31	0.1339
chr1	388483	388484	31	0.2056
chr1	388514	388515	28	0.1889
chr1	388555	388556	29	0.2146
chr1	388656	388657	33	0.1927
chr1	388756	388757	34	0.2346
chr1	388824	388825	30	0.2362
chr1	388874	388875	23	0.1459
chr1	388974	388975	33	0.1658
chr1	389048	389049	30	0.1559
chr1	389106	389107	35	0.1736
chr1	389132	389133	28	0.1064
chr1	389147	389148	38	0.0938
chr1	389187	389188	36	0.1314
chr1	389236	389237	25	0.1881
chr1	389251	389252	29	0.0434
chr1	389271	389272	22	0.2003
chr1	389302	389303	37	0.2056
chr1	389321	389322	31	0.0
chr1	389353	389354	25	0.1069
chr1	389387	389388	24	0.193
chr1	389412	389413	25	0.0263
chr1	389462	389463	23	0.1263
chr1	389482	389483	33	0.2264
chr1	389512	389513	23	0.2227
chr1	389527	389528	25	0.1456
chr1	389568	389569	37	0.1131
chr1	389591	389592	31	0.0754
chr1	389691	389692	32	0.1803
chr1	389791	389792	33	0.2644
chr1	389891	389892	27	0.2806
chr1	389963	389964	26	0.1241
chr1	390013	390014	36	0.118
chr1	390045	390046	41	0.129
chr1	390075	390076	35	0.8812
chr1	390125	390126	23	0.6846
chr1	390151	390152	24	0.7688
chr1	390181	390182	41	0.9212
chr1	390204	390205	31	0.8512
chr1	390247	390248	38	0.929
chr1	390279	390280	23	0.7949
chr1	390296	390297	33	0.8729
chr1	390323	390324	34	0.73
chr1	390364	390365	30	0.6805
chr1	390409	390410	32	0.7682
chr1	390459	390460	26	0.5993
chr1	390476	390477	35	0.7685
chr1	390491	390492	30	0.8708
chr1	390524	390525	31	0.8846
chr1	390574	390575	35	0.8393
chr1	390599	390600	36	0.6454
chr1	390625	390626	32	0.741
chr1	390668	390669	35	0.8002
chr1	390768	390769	32	0.8199
chr1	390868	390869	30	0.9122
chr1	390968	390969	25	0.6459
chr1	391068	391069	35	0.8477
chr1	391147	391148	32	0.9494
chr1	391244	391245	30	0.7416
chr1	391294	391295	34	0.7519
chr1	391328	391329	39	0.8828
chr1	391352	391353	27	0.7376
chr1	391374	391375	35	0.7939
chr1	391414	391415	32	0.8076
chr1	391440	391441	27	0.7678
chr1	391455	391456	30	0.8246
chr1	391471	391472	23	0.8003
chr1	391493	391494	35	0.72
chr1	391515	391516	22	0.8477
chr1	391565	391566	18	0.8198
chr1	391615	391616	24	0.7324
chr1	391663	391664	31	0.7346
chr1	391693	391694	25	0.6027
chr1	391723	391724	27	0.7285
chr1	391769	391770	20	0.7996
chr1	391784	391785	24	0.9093
chr1	391831	391832	35	0.7981
chr1	391860	391861	17	0.5997
chr1	391878	391879	29	0.7083
chr1	391978	391979	25	0.7652
chr1	392028	392029	38	0.7741
chr1	392128	392129	23	0.5646
chr1	392178	392179	32	0.8255
chr1	392278	392279	31	0.778
chr1	392378	392379	25	0.7776
chr1	392406	392407	32	0.8895
chr1	392468	392469	38	0.572
chr1	392485	392486	22	0.7151
chr1	392504	392505	24	0.7698
chr1	392545	392546	33	0.7703
chr1	392560	392561	32	0.7114
chr1	392585	392586	27	0.6525
chr1	392632	392633	20	0.7124
chr1	392682	392683	32	0.5151
chr1	392732	392733	24	0.7208
chr1	392747	392748	27	0.7993
chr1	392782	392783	34	0.8223
chr1	392829	392830	25	0.7231
chr1	392879	392880	22	0.476
chr1	392924	392925	20	0.6295
chr1	392974	392975	26	0.7798
chr1	393007	393008	39	0.8787
chr1	393041	393042	28	0.6717
chr1	393063	393064	25	0.5916
chr1	393080	393081	32	0.5876
chr1	393180	393181	35	0.8276
chr1	393250	393251	26	0.562
chr1	393325	393326	35	0.6896
chr1	393405	393406	30	0.6636
chr1	393455	393456	29	0.7546
chr1	393555	393556	33	0.6911
chr1	393629	393630	27	0.7123
chr1	393689	393690	25	0.5512
chr1	393713	393714	31	0.8202
chr1	393760	393761	31	0.3597
chr1	393790	393791	26	0.1841
chr1	393821	393822	19	0.179
chr1	393836	393837	33	0.3721
chr1	393866	393867	32	0.3635
chr1	393896	393897	28	0.0595
chr1	393924	393925	26	0.2402
chr1	393939	393940	31	0.234
chr1	393971	393972	30	0.2894
chr1	394011	394012	37	0.1882
chr1	394040	394041	28	0.124
chr1	394079	394080	27	0.251
chr1	394104	394105	32	0.2855
chr1	394137	394138	29	0.2335
chr1	394169	394170	32	0.1898
chr1	394219	394220	30	0.3518
chr1	394266	394267	23	0.1942
chr1	394280	394281	31	0.3478
chr1	394365	394366	22	0.1984
chr1	394465	394466	21	0.2238
chr1	394549	394550	20	0.1789
chr1	394611	394612	29	0.2309
chr1	394711	394712	26	0.2011
chr1	394767	394768	28	0.2957
chr1	394774	394775	31	0.5922
chr1	394808	394809	33	0.6268
chr1	394853	394854	33	0.7471
chr1	394877	394878	36	0.6674
chr1	394912	394913	36	0.4819
chr1	394941	394942	25	0.6726
chr1	394969	394970	33	0.7806
chr1	394989	394990	25	0.4876
chr1	395010	395011	24	0.6171
chr1	395053	395054	27	0.5797
chr1	395068	395069	29	0.8101
chr1	395098	395099	34	0.6954
chr1	395116	395117	28	0.7588
chr1	395134	395135	29	0.7242
chr1	395184	395185	31	0.6541
chr1	395221	395222	27	0.6126
chr1	395254	395255	35	0.7667
chr1	395324	395325	27	0.6837
chr1	395404	395405	29	0.7044
chr1	395499	395500	32	0.7534
chr1	395599	395600	33	0.5178
chr1	395699	395700	31	0.6198
chr1	395809	395810	33	0.764
chr1	395853	395854	21	0.7872
chr1	395893	395894	34	0.9102
chr1	396119	396120	31	0.9103
chr1	396137	396138	34	0.742
chr1	396147	396148	26	0.6598
chr1	396181	396182	27	0.6429
chr1	396222	396223	22	0.7452
chr1	396259	396260	37	0.786
chr1	396297	396298	31	0.7935
chr1	396347	396348	33	0.7887
chr1	396374	396375	29	0.914
chr1	396400	396401	28	0.7158
chr1	396450	396451	34	0.6386
chr1	396465	396466	32	0.7739
chr1	396480	396481	38	0.7391
chr1	396503	396504	25	0.8466
chr1	396549	396550	34	0.81
chr1	396570	396571	33	0.8046
chr1	396604	396605	23	0.7726
chr1	396654	396655	30	0.7069
chr1	396754	396755	32	0.6011
chr1	396854	396855	23	0.715
chr1	396946	396947	29	0.7963
chr1	396996	396997	31	0.7833
chr1	397046	397047	29	0.8278
chr1	397080	397081	25	1.0
chr1	397093	397094	29	0.9215
chr1	397140	397141	32	0.7615
chr1	397183	397184	24	0.8646
chr1	397207	397208	32	0.7584
chr1	397229	397230	41	0.9543
chr1	397272	397273	26	0.9028
chr1	397302	397303	23	0.8258
chr1	397352	397353	34	0.8871
chr1	397402	397403	33	0.7606
chr1	397429	397430	25	0.6595
chr1	397479	397480	28	0.8248
chr1	397529	397530	32	0.9061
chr1	397558	397559	23	0.7123
chr1	397587	397588	30	0.8763
chr1	397687	397688	31	0.8582
chr1	397787	397788	32	0.8573
chr1	397887	397888	31	0.9249
chr1	397937	397938	29	0.7871
chr1	398037	398038	33	0.8714
chr1	398073	398074	37	0.7629
chr1	398079	398080	28	0.4977
chr1	398097	398098	21	0.5734
chr1	398116	398117	27	0.3889
chr1	398152	398153	34	0.5023
chr1	398193	398194	32	0.3347
chr1	398221	398222	28	0.5359
chr1	398261	398262	29	0.5605
chr1	398277	398278	22	0.4359
chr1	398327	398328	31	0.643
chr1	398361	398362	29	0.4706
chr1	398381	398382	32	0.4427
chr1	398420	398421	28	0.546
chr1	398464	398465	29	0.5352
chr1	398504	398505	32	0.3982
chr1	398541	398542	32	0.4286
chr1	398545	398546	38	0.4381
chr1	398645	398646	32	0.5988
chr1	398745	398746	24	0.4702
chr1	398832	398833	23	0.4679
chr1	398912	398913	24	0.5504
chr1	399002	399003	29	0.9031
chr1	399062	399063	26	0.7264
chr1	399120	399121	30	0.4774
chr1	399178	399179	35	0.7477
chr1	399232	399233	34	0.8259
chr1	399302	399303	27	0.8866
chr1	399344	399345	24	0.734
chr1	399372	399373	23	0.7868
chr1	399396	399397	32	0.7391
chr1	399438	399439	25	0.8533
chr1	399477	399478	27	0.7447
chr1	399527	399528	30	0.8459
chr1	399563	399564	24	0.8153
chr1	399603	399604	37	1.0
chr1	399629	399630	26	0.8159
chr1	399655	399656	30	1.0
chr1	399670	399671	29	0.8652
chr1	399693	399694	25	0.8079
chr1	399719	399720	29	0.7472
chr1	399734	399735	31	0.7383
chr1	399753	399754	23	0.7464
chr1	399794	399795	33	0.8397
chr1	399828	399829	19	0.9281
chr1	399873	399874	28	0.8002
chr1	399923	399924	34	0.9089
chr1	399925	399926	23	0.7574
chr1	399975	399976	21	0.8475
chr1	400038	400039	25	0.9514
chr1	400138	400139	27	0.8469
chr1	400238	400239	29	1.0
chr1	400302	400303	35	0.8287
chr1	400402	400403	26	0.8279
chr1	400452	400453	21	0.9354
chr1	400506	400507	27	0.9506
chr1	400539	400540	36	0.8861
chr1	400559	400560	28	0.8477
chr1	400587	400588	41	0.7614
chr1	400624	400625	23	0.6581
chr1	400643	400644	34	0.7701
chr1	400664	400665	29	0.6945
chr1	400682	400683	28	0.5246
chr1	400717	400718	34	0.9094
chr1	400758	400759	31	0.8223
chr1	400781	400782	25	0.7554
chr1	400830	400831	23	0.6869
chr1	400880	400881	27	0.7547
chr1	400911	400912	25	0.8114
chr1	400961	400962	27	0.6389
chr1	400989	400990	28	0.8726
chr1	401006	401007	29	0.6996
chr1	401021	401022	25	0.7795
chr1	401027	401028	39	0.6564
chr1	401127	401128	31	0.8012
chr1	401227	401228	36	0.6812
chr1	401277	401278	27	0.8852
chr1	401331	401332	22	0.604
chr1	401396	401397	27	0.8684
chr1	401496	401497	25	0.6145
chr1	401550	401551	27	0.8751
chr1	401580	401581	30	0.8051
chr1	401618	401619	33	0.3305
chr1	401657	401658	30	0.1802
chr1	401689	401690	36	0.3246
chr1	401739	401740	25	0.4165
chr1	401767	401768	29	0.168
chr1	401799	401800	29	0.1856
chr1	401849	401850	23	0.1163
chr1	401864	401865	28	0.2265
chr1	401913	401914	31	0.2059
chr1	401956	401957	35	0.3804
chr1	401986	401987	20	0.4478
chr1	402008	402009	22	0.2626
chr1	402057	402058	23	0.2988
chr1	402107	402108	33	0.3871
chr1	402130	402131	29	0.3444
chr1	402146	402147	28	0.2136
chr1	402161	402162	24	0.2181
chr1	402184	402185	39	0.1669
chr1	402206	402207	26	0.332
chr1	402226	402227	38	0.3366
chr1	402259	402260	35	0.1829
chr1	402359	402360	27	0.1611
chr1	402459	402460	28	0.2774
chr1	402543	402544	31	0.4824
chr1	402643	402644	26	0.2296
chr1	402743	402744	27	0.3302
chr1	402843	402844	44	0.3922
chr1	402937	402938	27	0.1218
chr1	402975	402976	30	0.8507
chr1	403014	403015	35	0.7795
chr1	403042	403043	24	0.9641
chr1	403069	403070	31	0.8303
chr1	403146	403147	34	0.8107
chr1	403181	403182	20	0.7801
chr1	403227	403228	37	0.9142
chr1	403266	403267	28	0.7045
chr1	403284	403285	11	0.7533
chr1	403334	403335	34	0.9223
chr1	403361	403362	29	0.9139
chr1	403411	403412	31	0.7268
chr1	403440	403441	35	0.7964
chr1	403477	403478	28	0.623
chr1	403498	403499	32	0.6902
chr1	403509	403510	33	0.8515
chr1	403609	403610	24	0.7732
chr1	403668	403669	40	0.8275
chr1	403768	403769	34	0.865
chr1	403868	403869	25	0.8
chr1	403968	403969	32	0.8144
chr1	404028	404029	18	0.931
chr1	404033	404034	30	0.4854
chr1	404083	404084	23	0.6164
chr1	404107	404108	38	0.6194
chr1	404157	404158	23	0.5848
chr1	404178	404179	28	0.5875
chr1	404213	404214	25	0.5436
chr1	404228	404229	34	0.6658
chr1	404263	404264	21	0.6256
chr1	404292	404293	23	0.5882
chr1	404342	404343	27	0.5184
chr1	404383	404384	36	0.7265
chr1	404428	404429	22	0.7091
chr1	404460	404461	36	0.5334
chr1	404491	404492	40	0.6697
chr1	404533	404534	27	0.5021
chr1	404628	404629	31	0.5213
chr1	404723	404724	29	0.5522
chr1	404823	404824	31	0.5983
chr1	404908	404909	28	0.6548
chr1	405008	405009	32	0.5583
chr1	405058	405059	41	0.8525
chr1	405134	405135	20	0.8799
chr1	405170	405171	28	0.7429
chr1	405178	405179	26	0.8107
chr1	405344	405345	27	0.7485
chr1	405370	405371	24	0.7872
chr1	405384	405385	26	0.5236
chr1	405462	405463	35	0.9021
chr1	405485	405486	33	0.5275
chr1	405527	405528	38	0.6701
chr1	405571	405572	30	0.905
chr1	405599	405600	24	0.8733
chr1	405636	405637	28	0.7947
chr1	405652	405653	35	0.6735
chr1	405688	405689	29	0.6712
chr1	405714	405715	33	0.7612
chr1	405751	405752	30	0.6076
chr1	405797	405798	37	0.8381
chr1	405827	405828	30	0.6454
chr1	405877	405878	31	0.7814
chr1	405902	405903	28	0.619
chr1	405917	405918	23	0.7301
chr1	405967	405968	29	0.7835
chr1	405993	405994	33	0.8179
chr1	406093	406094	30	0.8826
chr1	406193	406194	31	0.546
chr1	406293	406294	32	0.6021
chr1	406347	406348	35	0.6483
chr1	406397	406398	38	0.6562
chr1	406447	406448	37	0.6789
chr1	406525	406526	22	0.8765
chr1	406550	406551	41	0.6806
chr1	406587	406588	25	0.7349
chr1	406604	406605	24	0.808
chr1	406619	406620	28	0.685
chr1	406634	406635	27	0.7058
chr1	406684	406685	23	0.7336
chr1	406734	406735	33	0.9386
chr1	406750	406751	31	0.8374
chr1	406767	406768	31	0.7955
chr1	406817	406818	29	0.6797
chr1	406847	406848	28	0.7975
chr1	406889	406890	27	0.7402
chr1	406918	406919	20	0.8562
chr1	406944	406945	21	0.6695
chr1	406973	406974	25	0.8014
chr1	407023	407024	28	0.5974
chr1	407025	407026	31	0.8025
chr1	407088	407089	22	0.718
chr1	407145	407146	28	0.7051
chr1	407242	407243	22	0.6252
chr1	407342	407343	29	0.5817
chr1	407427	407428	33	0.7468
chr1	407487	407488	31	0.6498
chr1	407493	407494	25	0.8116
chr1	407520	407521	31	0.3145
chr1	407537	407538	21	0.2447
chr1	407574	407575	35	0.1938
chr1	407594	407595	37	0.2109
chr1	407631	407632	23	0.1686
chr1	407665	407666	37	0.2683
chr1	407694	407695	20	0.0771
chr1	407744	407745	28	0.0941
chr1	407771	407772	25	0.1224
chr1	407817	407818	29	0.2195
chr1	407839	407840	33	0.2818
chr1	407854	407855	32	0.2549
chr1	407888	407889	35	0.1062
chr1	407921	407922	29	0.0816
chr1	407953	407954	26	0.2253
chr1	407970	407971	27	0.1374
chr1	407983	407984	30	0.1792
chr1	408083	408084	28	0.1055
chr1	408142	408143	27	0.1165
chr1	408242	408243	29	0.1876
chr1	408342	408343	30	0.2558
chr1	408411	408412	20	0.1115
chr1	408506	408507	39	0.2033
chr1	408508	408509	29	0.1356
chr1	408524	408525	32	0.8983
chr1	408568	408569	24	0.7435
chr1	408599	408600	32	0.7987
chr1	408632	408633	28	0.868
chr1	408647	408648	40	0.8928
chr1	408673	408674	23	0.9627
chr1	408718	408719	36	0.954
chr1	408754	408755	22	0.8682
chr1	408785	408786	30	0.9626
chr1	408812	408813	26	0.8627
chr1	408862	408863	28	0.9447
chr1	408889	408890	19	0.902
chr1	408904	408905	29	0.7916
chr1	408919	408920	25	0.8747
chr1	408944	408945	36	0.9279
chr1	408963	408964	36	0.9195
chr1	409000	409001	30	0.9515
chr1	409028	409029	32	0.8073
chr1	409128	409129	22	0.8872
chr1	409228	409229	23	0.8586
chr1	409328	409329	31	0.7893
chr1	409428	409429	25	0.9125
chr1	409528	409529	31	0.9272
chr1	409568	409569	34	0.7972
chr1	409573	409574	35	0.8167
chr1	409601	409602	34	0.6624
chr1	409647	409648	39	0.5942
chr1	409697	409698	30	0.7619
chr1	409714	409715	35	0.7144
chr1	409764	409765	25	0.5789
chr1	409779	409780	34	0.7194
chr1	409815	409816	26	0.8545
chr1	409837	409838	22	0.7843
chr1	409868	409869	27	0.6498
chr1	409911	409912	29	0.7102
chr1	409961	409962	28	0.8771
chr1	410005	410006	34	0.8553
chr1	410027	410028	34	0.6513
chr1	410062	410063	32	0.8077
chr1	410070	410071	31	0.7134
chr1	410139	410140	34	0.8008
chr1	410239	410240	31	0.8337
chr1	410339	410340	34	0.5591
chr1	410404	410405	30	0.8172
chr1	410504	410505	30	0.6643
chr1	410528	410529	32	0.9724
chr1	410534	410535	27	0.8859
chr1	410554	410555	34	0.7289
chr1	410600	410601	30	0.9245
chr1	410826	410827	28	0.7953
chr1	410832	410833	29	0.2395
chr1	410874	410875	31	0.212
chr1	410914	410915	24	0.1593
chr1	410948	410949	26	0.2109
chr1	410963	410964	35	0.3335
chr1	410990	410991	27	0.2743
chr1	411011	411012	34	0.2005
chr1	411026	411027	26	0.3377
chr1	411075	411076	32	0.2971
chr1	411108	411109	30	0.2824
chr1	411158	411159	34	0.1348
chr1	411198	411199	32	0.3083
chr1	411224	411225	35	0.2496
chr1	411253	411254	25	0.1567
chr1	411268	411269	37	0.255
chr1	411290	411291	23	0.162
chr1	411305	411306	34	0.1963
chr1	411328	411329	36	0.1975
chr1	411428	411429	24	0.2409
chr1	411528	411529	29	0.2714
chr1	411617	411618	35	0.037
chr1	411717	411718	28	0.3327
chr1	411767	411768	31	0.1915
chr1	411781	411782	26	0.0382
chr1	411813	411814	30	0.0738
chr1	411851	411852	34	0.2172
chr1	411935	411936	30	0.1877
chr1	411971	411972	23	0.1375
chr1	412069	412070	38	0.171
chr1	412175	412176	32	0.0966
chr1	412186	412187	28	0.0231
chr1	412201	412202	30	0.1501
chr1	412226	412227	30	0.2619
chr1	412252	412253	25	0.2366
chr1	412267	412268	24	0.106
chr1	412288	412289	27	0.1323
chr1	412303	412304	32	0.0507
chr1	412323	412324	23	0.2958
chr1	412347	412348	27	0.1047
chr1	412397	412398	28	0.2482
chr1	412427	412428	21	0.3226
chr1	412457	412458	22	0.0973
chr1	412492	412493	30	0.1546
chr1	412513	412514	35	0.2189
chr1	412528	412529	23	0.1398
chr1	412549	412550	32	0.0924
chr1	412569	412570	28	0.1505
chr1	412608	412609	26	0.2071
chr1	412635	412636	33	0.1206
chr1	412685	412686	26	0.242
chr1	412692	412693	30	0.1782
chr1	412792	412793	23	0.2239
chr1	412842	412843	27	0.1876
chr1	412936	412937	30	0.2466
chr1	413036	413037	37	0.0549
chr1	413136	413137	35	0.0295
chr1	413230	413231	23	0.0552
chr1	413277	413278	31	0.6529
chr1	413315	413316	29	0.6379
chr1	413339	413340	28	0.6682
chr1	413367	413368	31	0.5556
chr1	413387	413388	35	0.5707
chr1	413437	413438	18	0.6877
chr1	413454	413455	31	0.5405
chr1	413488	413489	20	0.619
chr1	413518	413519	32	0.7103
chr1	413537	413538	33	0.8313
chr1	413579	413580	32	0.7352
chr1	413629	413630	36	0.5943
chr1	413650	413651	34	0.6173
chr1	413682	413683	26	0.508
chr1	413701	413702	20	0.5766
chr1	413801	413802	36	0.6075
chr1	413901	413902	31	0.5401
chr1	414001	414002	33	0.5425
chr1	414063	414064	27	0.7992
chr1	414127	414128	36	0.7803
chr1	414134	414135	24	0.8178
chr1	414149	414150	27	0.6888
chr1	414184	414185	27	0.7497
chr1	414215	414216	29	0.5716
chr1	414237	414238	31	0.6158
chr1	414252	414253	32	0.6504
chr1	414272	414273	24	0.7046
chr1	414292	414293	35	0.7466
chr1	414310	414311	37	0.5807
chr1	414360	414361	30	0.6904
chr1	414389	414390	39	0.5826
chr1	414439	414440	31	0.5482
chr1	414466	414467	28	0.7594
chr1	414487	414488	29	0.6278
chr1	414523	414524	16	0.7782
chr1	414573	414574	29	0.5861
chr1	414663	414664	26	0.7203
chr1	414763	414764	33	0.6821
chr1	414813	414814	30	0.6189
chr1	414913	414914	27	0.7644
chr1	414923	414924	37	1.0
chr1	415265	415266	32	0.9938
chr1	415289	415290	28	0.7933
chr1	415373	415374	26	0.9458
chr1	415381	415382	37	0.6802
chr1	415407	415408	25	0.7499
chr1	415422	415423	28	0.7915
chr1	415460	415461	29	0.785
chr1	415477	415478	23	0.7081
chr1	415505	415506	26	0.6869
chr1	415522	415523	29	0.6191
chr1	415546	415547	24	0.8638
chr1	415574	415575	25	0.6293
chr1	415601	415602	31	0.6518
chr1	415651	415652	28	0.8938
chr1	415687	415688	18	0.8975
chr1	415730	415731	40	0.9178
chr1	415751	415752	28	0.7593
chr1	415793	415794	35	0.8894
chr1	415815	415816	23	0.7692
chr1	415844	415845	30	0.8409
chr1	415944	415945	35	0.6941
chr1	416023	416024	30	0.9256
chr1	416123	416124	31	0.7055
chr1	416212	416213	29	0.8088
chr1	416250	416251	34	0.7816
chr1	416258	416259	24	0.6373
chr1	416308	416309	30	0.4974
chr1	416336	416337	42	0.6278
chr1	416386	416387	24	0.6433
chr1	416436	416437	28	0.6668
chr1	416468	416469	28	0.3745
chr1	416517	416518	28	0.5026
chr1	416547	416548	36	0.6647
chr1	416576	416577	19	0.6819
chr1	416591	416592	24	0.6088
chr1	416641	416642	42	0.5815
chr1	416684	416685	29	0.6756
chr1	416714	416715	32	0.5349
chr1	416729	416730	36	0.6606
chr1	416752	416753	30	0.683
chr1	416802	416803	18	0.5641
chr1	416852	416853	26	0.6154
chr1	416937	416938	30	0.7152
chr1	416987	416988	26	0.4631
chr1	417087	417088	37	0.4771
chr1	417187	417188	29	0.39
chr1	417217	417218	32	0.8465
chr1	417225	417226	28	0.7899
chr1	417287	417288	34	0.6805
chr1	417329	417330	22	0.8977
chr1	417383	417384	39	0.5829
chr1	417435	417436	32	0.7359
chr1	417527	417528	29	0.8186
chr1	417557	417558	29	0.708
chr1	417625	417626	23	0.6807
chr1	417631	417632	27	0.7022
chr1	417664	417665	22	0.7501
chr1	417679	417680	29	0.7312
chr1	417704	417705	32	0.7055
chr1	417719	417720	35	0.6394
chr1	417735	417736	25	0.7928
chr1	417750	417751	30	0.8358
chr1	417785	417786	29	0.809
chr1	417802	417803	32	0.8412
chr1	417841	417842	25	0.778
chr1	417891	417892	29	0.8501
chr1	417928	417929	24	0.79
chr1	417952	417953	18	0.6206
chr1	417987	417988	31	0.5987
chr1	418030	418031	36	0.5572
chr1	418045	418046	39	0.583
chr1	418069	418070	30	0.7316
chr1	418110	418111	39	0.6815
chr1	418112	418113	26	0.6892
chr1	418172	418173	32	0.6735
chr1	418272	418273	36	0.577
chr1	418350	418351	36	0.7295
chr1	418434	418435	28	0.5542
chr1	418534	418535	33	0.6817
chr1	418542	418543	30	0.9063
chr1	418576	418577	25	0.7582
chr1	418584	418585	24	0.8188
chr1	418626	418627	31	0.781
chr1	418660	418661	24	0.6826
chr1	418736	418737	29	0.7797
chr1	418832	418833	33	0.8465
chr1	418906	418907	39	0.8432
chr1	419026	419027	33	0.7704
chr1	419042	419043	26	0.4351
chr1	419063	419064	35	0.3847
chr1	419083	419084	35	0.3292
chr1	419103	419104	24	0.2582
chr1	419146	419147	26	0.1843
chr1	419161	419162	38	0.151
chr1	419189	419190	33	0.2248
chr1	419215	419216	28	0.1982
chr1	419244	419245	21	0.187
chr1	419261	419262	28	0.3545
chr1	419299	419300	35	0.1799
chr1	419314	419315	32	0.446
chr1	419354	419355	26	0.2549
chr1	419376	419377	33	0.1999
chr1	419392	419393	33	0.1789
chr1	419442	419443	22	0.4011
chr1	419457	419458	30	0.3459
chr1	419481	419482	30	0.3114
chr1	419500	419501	25	0.1374
chr1	419600	419601	24	0.2397
chr1	419700	419701	32	0.2318
chr1	419800	419801	30	0.3555
chr1	419850	419851	23	0.1711
chr1	419905	419906	34	0.2337
chr1	419929	419930	20	0.1502
chr1	419973	419974	27	0.9581
chr1	420019	420020	32	0.8441
chr1	420056	420057	37	0.9112
chr1	420104	420105	37	0.7723
chr1	420154	420155	29	0.8556
chr1	420187	420188	30	0.8603
chr1	420232	420233	32	0.83
chr1	420265	420266	32	0.7783
chr1	420315	420316	26	0.848
chr1	420342	420343	34	0.8052
chr1	420382	420383	22	0.9295
chr1	420420	420421	29	0.7215
chr1	420437	420438	21	0.8884
chr1	420473	420474	28	0.7682
chr1	420523	420524	29	0.953
chr1	420573	420574	21	0.8711
chr1	420673	420674	32	0.8714
chr1	420758	420759	36	0.812
chr1	420820	420821	27	0.8827
chr1	420891	420892	30	0.881
chr1	420950	420951	18	0.8545
chr1	420990	420991	30	0.8552
chr1	421046	421047	32	0.7726
chr1	421094	421095	29	0.865
chr1	421128	421129	26	0.7903
chr1	421152	421153	23	0.9644
chr1	421171	421172	26	0.6738
chr1	421195	421196	22	0.7672
chr1	421238	421239	30	0.9476
chr1	421288	421289	33	0.7286
chr1	421314	421315	37	0.8716
chr1	421329	421330	34	0.6815
chr1	421347	421348	25	0.7285
chr1	421366	421367	26	0.9201
chr1	421384	421385	34	0.8621
chr1	421404	421405	35	0.7294
chr1	421421	421422	31	0.8554
chr1	421471	421472	38	0.8833
chr1	421521	421522	26	0.8286
chr1	421557	421558	26	0.8687
chr1	421577	421578	28	0.9084
chr1	421579	421580	28	0.7276
chr1	421652	421653	31	0.8714
chr1	421749	421750	36	0.7696
chr1	421849	421850	40	0.7133
chr1	421908	421909	31	0.7483
chr1	422008	422009	31	0.8333
chr1	422076	422077	32	0.8188
chr1	422094	422095	28	0.924
chr1	422135	422136	31	0.7398
chr1	422185	422186	33	0.8678
chr1	422235	422236	30	0.5487
chr1	422285	422286	32	0.7163
chr1	422335	422336	29	0.5072
chr1	422352	422353	39	0.5956
chr1	422379	422380	33	0.6886
chr1	422415	422416	43	0.7575
chr1	422464	422465	42	0.6817
chr1	422514	422515	29	0.595
chr1	422557	422558	25	0.6405
chr1	422592	422593	35	0.7501
chr1	422593	422594	25	0.6107
chr1	422693	422694	30	0.641
chr1	422793	422794	35	0.6754
chr1	422846	422847	25	0.6484
chr1	422946	422947	32	0.6669
chr1	423024	423025	29	0.783
chr1	423036	423037	21	0.6365
chr1	423066	423067	32	0.6738
chr1	423092	423093	31	0.8849
chr1	423125	423126	32	0.9236
chr1	423143	423144	21	0.658
chr1	423171	423172	25	0.7306
chr1	423194	423195	22	0.9039
chr1	423241	423242	27	0.8841
chr1	423271	423272	29	0.8544
chr1	423306	423307	34	0.7515
chr1	423346	423347	36	0.8127
chr1	423387	423388	22	0.7726
chr1	423411	423412	35	0.7122
chr1	423451	423452	27	0.8966
chr1	423488	423489	26	0.8952
chr1	423517	423518	40	0.675
chr1	423557	423558	29	0.786
chr1	423586	423587	36	0.8048
chr1	423636	423637	23	0.8173
chr1	423736	423737	28	0.9107
chr1	423836	423837	31	0.6971
chr1	423936	423937	25	0.7458
chr1	424002	424003	27	0.659
chr1	424022	424023	21	0.7433
chr1	424100	424101	38	1.0
chr1	424115	424116	33	0.7511
chr1	424165	424166	28	0.4974
chr1	424181	424182	26	0.6305
chr1	424212	424213	35	0.821
chr1	424228	424229	32	0.7705
chr1	424243	424244	36	0.8485
chr1	424293	424294	28	0.6995
chr1	424329	424330	34	0.694
chr1	424364	424365	34	0.8307
chr1	424382	424383	32	0.7772
chr1	424406	424407	33	0.6389
chr1	424431	424432	30	0.6877
chr1	424481	424482	24	0.6869
chr1	424530	424531	33	0.6351
chr1	424580	424581	30	0.7402
chr1	424583	424584	34	0.582
chr1	424658	424659	30	0.743
chr1	424753	424754	25	0.5851
chr1	424841	424842	25	0.8074
chr1	424891	424892	28	0.787
chr1	424986	424987	27	0.7616
chr1	425058	425059	33	0.8027
chr1	425081	425082	27	0.6852
chr1	425124	425125	32	0.8809
chr1	425146	425147	27	0.6756
chr1	425161	425162	23	0.6927
chr1	425194	425195	27	0.7304
chr1	425221	425222	35	0.795
chr1	425257	425258	30	0.8002
chr1	425278	425279	38	0.7941
chr1	425294	425295	32	0.8313
chr1	425312	425313	32	0.8183
chr1	425347	425348	31	0.6851
chr1	425362	425363	23	0.8056
chr1	425386	425387	35	0.714
chr1	425416	425417	29	0.6918
chr1	425433	425434	27	0.8073
chr1	425480	425481	25	0.7582
chr1	425515	425516	29	0.7003
chr1	425530	425531	27	0.6918
chr1	425580	425581	35	0.8864
chr1	425613	425614	27	0.736
chr1	425621	425622	27	0.8566
chr1	425690	425691	35	0.7753
chr1	425768	425769	33	0.8
chr1	425818	425819	30	0.7901
chr1	425868	425869	33	0.6214
chr1	425968	425969	34	0.6318
chr1	426049	426050	30	0.661
chr1	426126	426127	35	0.8132
chr1	426176	426177	27	0.6637
chr1	426212	426213	30	0.83
chr1	426242	426243	25	0.7388
chr1	426270	426271	32	0.6534
chr1	426288	426289	29	0.669
chr1	426329	426330	31	0.5753
chr1	426362	426363	34	0.7916
chr1	426411	426412	27	0.8395
chr1	426430	426431	36	0.6549
chr1	426462	426463	29	0.6118
chr1	426512	426513	28	0.6393
chr1	426550	426551	34	0.7528
chr1	426579	426580	33	0.7199
chr1	426629	426630	30	0.5425
chr1	426663	426664	30	0.8246
chr1	426691	426692	29	0.6296
chr1	426741	426742	22	0.5694
chr1	426768	426769	25	0.781
chr1	426783	426784	24	0.6763
chr1	426860	426861	27	0.7538
chr1	426960	426961	32	0.797
chr1	427044	427045	34	0.7265
chr1	427138	427139	30	0.7264
chr1	427188	427189	35	0.7678
chr1	427288	427289	24	0.7172
chr1	427334	427335	29	0.7641
chr1	427348	427349	27	0.8593
chr1	427387	427388	20	0.8783
chr1	427419	427420	24	0.9807
chr1	427448	427449	25	0.869
chr1	427494	427495	26	0.8358
chr1	427512	427513	27	0.8102
chr1	427532	427533	38	0.7335
chr1	427568	427569	31	0.8168
chr1	427588	427589	25	0.6997
chr1	427624	427625	24	0.83
chr1	427660	427661	37	0.8058
chr1	427682	427683	31	0.7974
chr1	427718	427719	34	0.9304
chr1	427768	427769	26	0.9429
chr1	427804	427805	23	0.9304
chr1	427828	427829	38	0.8323
chr1	427859	427860	38	0.978
chr1	427885	427886	30	0.7357
chr1	427905	427906	20	0.7443
chr1	427932	427933	30	0.8667
chr1	428032	428033	41	0.7817
chr1	428112	428113	24	0.725
chr1	428212	428213	31	0.8967
chr1	428271	428272	31	0.9131
chr1	428336	428337	26	0.8173
chr1	428401	428402	28	0.7886
chr1	428471	428472	29	0.8587
chr1	428487	428488	28	0.7827
chr1	428493	428494	26	0.6605
chr1	428511	428512	28	0.5742
chr1	428549	428550	29	0.4433
chr1	428575	428576	22	0.5651
chr1	428601	428602	29	0.5991
chr1	428650	428651	32	0.5261
chr1	428700	428701	30	0.715
chr1	428750	428751	33	0.5207
chr1	428800	428801	33	0.5511
chr1	428827	428828	16	0.5911
chr1	428871	428872	34	0.6559
chr1	428886	428887	25	0.5362
chr1	428909	428910	30	0.6434
chr1	428926	428927	29	0.7566
chr1	428991	428992	24	0.7415
chr1	429091	429092	31	0.468
chr1	429176	429177	27	0.5837
chr1	429276	429277	36	0.5672
chr1	429354	429355	22	0.6539
chr1	429356	429357	28	0.8801
chr1	429372	429373	27	0.8631
chr1	429418	429419	24	0.8475
chr1	429488	429489	33	0.8453
chr1	429524	429525	27	0.7271
chr1	429610	429611	27	0.6885
chr1	429748	429749	23	0.832
chr1	429750	429751	26	0.7603
chr1	429775	429776	33	0.6635
chr1	429802	429803	33	0.8019
chr1	429852	429853	33	0.61
chr1	429867	429868	39	0.6478
chr1	429911	429912	27	0.4343
chr1	429955	429956	29	0.5731
chr1	429986	429987	28	0.6853
chr1	430016	430017	28	0.6372
chr1	430066	430067	27	0.5877
chr1	430115	430116	36	0.7913
chr1	430145	430146	26	0.6812
chr1	430175	430176	37	0.7073
chr1	430225	430226	42	0.5566
chr1	430266	430267	26	0.6899
chr1	430290	430291	26	0.7538
chr1	430318	430319	27	0.8172
chr1	430368	430369	31	0.5854
chr1	430418	430419	18	0.5557
chr1	430469	430470	35	0.7514
chr1	430566	430567	31	0.6077
chr1	430666	430667	19	0.7743
chr1	430763	430764	40	0.7009
chr1	430821	430822	26	0.8164
chr1	430838	430839	39	0.038
chr1	430868	430869	26	0.095
chr1	430913	430914	30	0.2434
chr1	430942	430943	38	0.1837
chr1	430992	430993	36	0.2777
chr1	431042	431043	32	0.1966
chr1	431092	431093	33	0.1021
chr1	431127	431128	30	0.136
chr1	431143	431144	28	0.0
chr1	431193	431194	31	0.1063
chr1	431243	431244	25	0.1611
chr1	431274	431275	22	0.0926
chr1	431294	431295	34	0.0772
chr1	431326	431327	30	0.1732
chr1	431416	431417	27	0.2284
chr1	431516	431517	19	0.0847
chr1	431612	431613	31	0.0717
chr1	431706	431707	28	0.0086
chr1	431806	431807	37	0.0459
chr1	431886	431887	30	0.0
chr1	431922	431923	28	1.0
chr1	431952	431953	33	0.396
chr1	432002	432003	32	0.5347
chr1	432022	432023	23	0.547
chr1	432040	432041	29	0.7524
chr1	432059	432060	27	0.4392
chr1	432087	432088	33	0.5415
chr1	432122	432123	33	1.0
chr1	432145	432146	33	0.3582
chr1	432174	432175	28	0.8635
chr1	432224	432225	32	0.5882
chr1	432274	432275	30	0.887
chr1	432310	432311	23	0.139
chr1	432360	432361	44	0.4533
chr1	432375	432376	38	0.7324
chr1	432408	432409	24	0.1833
chr1	432417	432418	29	0.474
chr1	432517	432518	30	0.5444
chr1	432617	432618	28	0.7663
chr1	432717	432718	32	0.484
chr1	432817	432818	33	0.4433
chr1	432851	432852	32	0.5327
chr1	432897	432898	30	0.8217
chr1	432922	432923	25	0.1294
chr1	432950	432951	35	0.1952
chr1	432965	432966	32	0.265
chr1	433007	433008	35	0.0933
chr1	433022	433023	34	0.1455
chr1	433072	433073	28	0.0897
chr1	433095	433096	28	0.0058
chr1	433115	433116	34	0.0939
chr1	433145	433146	21	0.3425
chr1	433193	433194	28	0.2221
chr1	433227	433228	27	0.2361
chr1	433277	433278	29	0.1031
chr1	433327	433328	27	0.1374
chr1	433363	433364	26	0.1351
chr1	433387	433388	28	0.101
chr1	433437	433438	33	0.3125
chr1	433455	433456	34	0.1126
chr1	433470	433471	32	0.284
chr1	433481	433482	26	0.2578
chr1	433581	433582	37	0.2773
chr1	433681	433682	34	0.1485
chr1	433746	433747	22	0.2962
chr1	433846	433847	32	0.259
chr1	433930	433931	24	0.0468
chr1	433980	433981	29	0.2491
chr1	434074	434075	29	0.0719
chr1	434096	434097	28	0.8103
chr1	434146	434147	30	0.6638
chr1	434179	434180	36	0.8998
chr1	434195	434196	31	0.8255
chr1	434223	434224	23	0.6325
chr1	434257	434258	36	0.6822
chr1	434291	434292	40	0.8134
chr1	434308	434309	29	0.798
chr1	434343	434344	35	0.7175
chr1	434393	434394	33	0.8273
chr1	434434	434435	29	0.8673
chr1	434484	434485	30	0.9059
chr1	434499	434500	36	0.6984
chr1	434515	434516	40	0.6854
chr1	434532	434533	25	0.7559
chr1	434558	434559	30	0.7876
chr1	434605	434606	25	0.7216
chr1	434643	434644	29	0.7058
chr1	434663	434664	24	0.735
chr1	434709	434710	26	0.8379
chr1	434737	434738	35	0.9756
chr1	434837	434838	29	0.7703
chr1	434895	434896	23	0.7388
chr1	434995	434996	32	0.738
chr1	435045	435046	23	0.732
chr1	435145	435146	24	0.9155
chr1	435234	435235	26	0.9246
chr1	435334	435335	30	0.8612
chr1	435390	435391	31	0.9145
chr1	435440	435441	35	0.7381
chr1	435467	435468	34	0.8833
chr1	435483	435484	28	0.7394
chr1	435498	435499	29	0.77
chr1	435521	435522	26	0.6745
chr1	435571	435572	32	0.6737
chr1	435587	435588	23	0.7246
chr1	435614	435615	36	0.8468
chr1	435659	435660	32	0.799
chr1	435688	435689	22	0.6416
chr1	435712	435713	23	0.6187
chr1	435740	435741	38	0.8133
chr1	435790	435791	25	0.6528
chr1	435840	435841	32	0.6168
chr1	435871	435872	35	0.7164
chr1	435898	435899	28	0.7739
chr1	435928	435929	17	0.822
chr1	436028	436029	21	0.8617
chr1	436103	436104	34	0.8705
chr1	436203	436204	30	0.9
chr1	436303	436304	25	0.7063
chr1	436353	436354	35	0.9385
chr1	436389	436390	30	0.6907
chr1	436413	436414	36	0.8247
chr1	436457	436458	36	0.6904
chr1	436476	436477	26	0.7189
chr1	436526	436527	24	0.8631
chr1	436545	436546	27	0.8176
chr1	436565	436566	33	0.7839
chr1	436589	436590	39	0.7113
chr1	436639	436640	27	0.8515
chr1	436663	436664	33	0.9188
chr1	436705	436706	26	0.711
chr1	436727	436728	33	0.8821
chr1	436744	436745	20	0.786
chr1	436760	436761	30	0.8722
chr1	436797	436798	25	0.7852
chr1	436822	436823	32	0.8842
chr1	436869	436870	32	0.7724
chr1	436897	436898	29	0.7048
chr1	436925	436926	31	0.8554
chr1	436953	436954	32	0.8525
chr1	437001	437002	24	0.9642
chr1	437013	437014	31	0.7029
chr1	437113	437114	25	0.7149
chr1	437213	437214	27	0.7017
chr1	437313	437314	30	0.7513
chr1	437363	437364	34	0.8331
chr1	437463	437464	27	0.7754
chr1	437563	437564	31	0.7464
chr1	437599	437600	38	0.6675
chr1	437651	437652	36	0.8145
chr1	437680	437681	38	0.2651
chr1	437730	437731	38	0.3027
chr1	437763	437764	20	0.298
chr1	437789	437790	31	0.5404
chr1	437824	437825	31	0.2238
chr1	437874	437875	27	0.4716
chr1	437894	437895	37	0.3074
chr1	437930	437931	32	0.1801
chr1	437954	437955	34	0.3204
chr1	437984	437985	30	0.3101
chr1	438026	438027	22	0.4092
chr1	438053	438054	20	0.2408
chr1	438070	438071	27	0.2952
chr1	438087	438088	32	0.4957
chr1	438109	438110	35	0.3711
chr1	438151	438152	31	0.4326
chr1	438175	438176	35	0.2761
chr1	438202	438203	37	0.3591
chr1	438302	438303	43	0.3749
chr1	438402	438403	35	0.2956
chr1	438502	438503	29	0.2446
chr1	438553	438554	27	0.3375
chr1	438633	438634	29	0.5129
chr1	438657	438658	31	0.4717
chr1	438721	438722	30	0.0573
chr1	438759	438760	25	0.476
chr1	438782	438783	31	0.5653
chr1	438797	438798	41	0.6079
chr1	438826	438827	36	0.4525
chr1	438873	438874	31	0.7478
chr1	438923	438924	27	0.6072
chr1	438944	438945	21	0.8103
chr1	438994	438995	33	0.685
chr1	439017	439018	32	0.5536
chr1	439047	439048	24	0.6568
chr1	439062	439063	30	0.6241
chr1	439086	439087	36	0.6694
chr1	439101	439102	23	0.7795
chr1	439126	439127	29	0.6278
chr1	439160	439161	24	0.5542
chr1	439186	439187	28	0.7699
chr1	439209	439210	34	0.6756
chr1	439225	439226	40	0.6058
chr1	439325	439326	29	0.7631
chr1	439386	439387	34	0.7261
chr1	439461	439462	30	0.7548
chr1	439561	439562	36	0.5714
chr1	439661	439662	29	0.6894
chr1	439683	439684	24	0.7008
chr1	439695	439696	33	0.801
chr1	439713	439714	28	0.9464
chr1	439735	439736	23	0.871
chr1	439752	439753	32	0.8804
chr1	439789	439790	31	0.7993
chr1	439808	439809	33	0.8513
chr1	439840	439841	25	0.8301
chr1	439857	439858	35	0.6408
chr1	439899	439900	26	0.9689
chr1	439923	439924	26	0.9618
chr1	439942	439943	32	0.8853
chr1	439977	439978	32	0.8223
chr1	439997	439998	27	0.7888
chr1	440046	440047	29	0.8725
chr1	440067	440068	31	1.0
chr1	440096	440097	28	0.8473
chr1	440131	440132	30	0.9093
chr1	440167	440168	33	0.8091
chr1	440188	440189	33	0.9677
chr1	440191	440192	23	0.9488
chr1	440291	440292	20	1.0
chr1	440341	440342	27	0.8514
chr1	440436	440437	38	0.961
chr1	440536	440537	32	0.8502
chr1	440598	440599	24	0.7482
chr1	440624	440625	30	1.0
chr1	440633	440634	35	0.6221
chr1	440672	440673	33	0.7893
chr1	440717	440718	34	0.7908
chr1	440767	440768	32	0.9684
chr1	440808	440809	32	0.8998
chr1	440832	440833	27	0.8696
chr1	440882	440883	28	0.4423
chr1	440918	440919	21	0.5201
chr1	440958	440959	35	0.6711
chr1	440989	440990	25	0.6407
chr1	441039	441040	28	0.6283
chr1	441054	441055	27	0.6895
chr1	441071	441072	36	0.6232
chr1	441088	441089	28	0.5502
chr1	441138	441139	27	0.5727
chr1	441154	441155	30	0.7429
chr1	441194	441195	30	0.5741
chr1	441217	441218	23	0.8326
chr1	441317	441318	27	0.8517
chr1	441417	441418	30	0.7412
chr1	441494	441495	30	0.7989
chr1	441594	441595	23	0.7145
chr1	441694	441695	29	0.7436
chr1	441794	441795	26	0.7349
chr1	441826	441827	27	0.8189
chr1	441944	441945	41	0.7762
chr1	441970	441971	22	0.9036
chr1	441988	441989	35	0.7103
chr1	441990	441991	27	0.7388
chr1	442012	442013	28	0.8065
chr1	442104	442105	28	0.6477
chr1	442204	442205	30	0.905
chr1	442256	442257	39	0.6388
chr1	442263	442264	32	0.5831
chr1	442283	442284	22	0.5121
chr1	442333	442334	26	0.6502
chr1	442359	442360	28	0.5251
chr1	442374	442375	37	0.6514
chr1	442391	442392	27	0.7079
chr1	442407	442408	27	0.5231
chr1	442442	442443	33	0.4901
chr1	442481	442482	30	0.6897
chr1	442517	442518	26	0.3441
chr1	442547	442548	32	0.4334
chr1	442587	442588	38	0.5154
chr1	442608	442609	29	0.6049
chr1	442641	442642	24	0.555
chr1	442664	442665	28	0.4353
chr1	442680	442681	30	0.655
chr1	442718	442719	34	0.6377
chr1	442732	442733	26	0.5716
chr1	442800	442801	39	0.5084
chr1	442900	442901	26	0.4172
chr1	442976	442977	27	0.4549
chr1	443044	443045	24	0.6347
chr1	443106	443107	35	0.6546
chr1	443132	443133	22	0.9256
chr1	443146	443147	23	0.8925
chr1	443236	443237	28	0.7093
chr1	443294	443295	31	0.6381
chr1	443334	443335	27	0.8427
chr1	443380	443381	20	0.7923
chr1	443444	443445	28	0.8102
chr1	443532	443533	33	0.5452
chr1	443538	443539	34	0.7606
chr1	443563	443564	31	0.6582
chr1	443592	443593	28	0.5149
chr1	443610	443611	26	0.4244
chr1	443660	443661	29	0.6584
chr1	443689	443690	33	0.6119
chr1	443720	443721	34	0.5514
chr1	443754	443755	21	0.5459
chr1	443769	443770	20	0.5342
chr1	443790	443791	44	0.8148
chr1	443831	443832	24	0.6788
chr1	443854	443855	35	0.6231
chr1	443869	443870	25	0.6147
chr1	443889	443890	26	0.5197
chr1	443939	443940	25	0.6541
chr1	443979	443980	29	0.4643
chr1	444011	444012	31	0.445
chr1	444050	444051	30	0.4162
chr1	444150	444151	40	0.681
chr1	444250	444251	27	0.5191
chr1	444350	444351	40	0.5657
chr1	444400	444401	28	0.5131
chr1	444486	444487	22	0.6164
chr1	444534	444535	22	0.8694
chr1	444560	444561	37	0.8436
chr1	444586	444587	23	0.6625
chr1	444678	444679	29	0.7148
chr1	444722	444723	23	0.7313
chr1	444758	444759	25	0.8381
chr1	444830	444831	24	0.7053
chr1	444842	444843	26	0.4955
chr1	444930	444931	29	0.8342
chr1	444968	444969	32	0.6965
chr1	444979	444980	35	0.7085
chr1	445016	445017	36	0.7133
chr1	445038	445039	32	0.5887
chr1	445064	445065	21	0.7876
chr1	445098	445099	33	0.7891
chr1	445138	445139	24	0.8775
chr1	445188	445189	29	0.5959
chr1	445203	445204	28	0.6931
chr1	445241	445242	30	0.7023
chr1	445277	445278	29	0.7606
chr1	445343	445344	35	0.8002
chr1	445393	445394	32	0.7823
chr1	445409	445410	23	0.7846
chr1	445428	445429	28	0.9149
chr1	445449	445450	28	0.7028
chr1	445491	445492	18	0.6903
chr1	445524	445525	27	0.6073
chr1	445544	445545	30	0.7075
chr1	445569	445570	27	0.6231
chr1	445570	445571	30	0.821
chr1	445628	445629	31	0.6837
chr1	445728	445729	34	0.6551
chr1	445778	445779	29	0.6984
chr1	445831	445832	26	0.6457
chr1	445923	445924	31	0.9211
chr1	446023	446024	32	0.8139
chr1	446123	446124	28	0.7211
chr1	446141	446142	31	0.5793
chr1	446147	446148	33	0.7632
chr1	446156	446157	32	0.7122
chr1	446171	446172	31	0.5468
chr1	446221	446222	35	0.6893
chr1	446250	446251	32	0.6748
chr1	446300	446301	26	0.6892
chr1	446349	446350	26	0.7134
chr1	446377	446378	30	0.7985
chr1	446403	446404	36	0.6836
chr1	446424	446425	28	0.617
chr1	446452	446453	33	0.5492
chr1	446467	446468	30	0.7032
chr1	446493	446494	24	0.7672
chr1	446515	446516	32	0.5413
chr1	446549	446550	24	0.6668
chr1	446586	446587	27	0.7847
chr1	446610	446611	30	0.7078
chr1	446612	446613	39	0.7329
chr1	446712	446713	25	0.5492
chr1	446762	446763	31	0.7888
chr1	446862	446863	29	0.7511
chr1	446952	446953	25	0.5235
chr1	447052	447053	23	0.6636
chr1	447130	447131	27	1.0
chr1	447298	447299	24	0.9332
chr1	447356	447357	21	0.9114
chr1	447384	447385	36	0.7038
chr1	447398	447399	27	0.855
chr1	447464	447465	26	0.9476
chr1	447524	447525	29	0.9413
chr1	447548	447549	40	0.8019
chr1	447590	447591	22	0.6538
chr1	447605	447606	27	0.623
chr1	447639	447640	35	0.6904
chr1	447685	447686	32	0.463
chr1	447700	447701	39	0.6309
chr1	447749	447750	36	0.7575
chr1	447782	447783	28	0.3833
chr1	447832	447833	38	0.668
chr1	447852	447853	32	0.6495
chr1	447902	447903	25	0.7562
chr1	447950	447951	30	0.6797
chr1	447971	447972	34	0.6963
chr1	447989	447990	31	0.7503
chr1	448022	448023	28	0.7678
chr1	448045	448046	29	0.5159
chr1	448068	448069	24	0.8677
chr1	448091	448092	26	0.7103
chr1	448141	448142	30	0.8158
chr1	448168	448169	28	0.77
chr1	448218	448219	37	0.8674
chr1	448318	448319	32	0.6449
chr1	448418	448419	25	0.629
chr1	448468	448469	30	0.7878
chr1	448568	448569	30	0.6618
chr1	448668	448669	25	0.5731
chr1	448730	448731	27	0.616
chr1	448742	448743	34	0.6955
chr1	448748	448749	29	0.4913
chr1	448796	448797	27	0.5118
chr1	448844	448845	30	0.5403
chr1	448860	448861	27	0.4895
chr1	448877	448878	30	0.4601
chr1	448892	448893	37	0.5485
chr1	448920	448921	27	0.6074
chr1	448935	448936	39	0.5526
chr1	448959	448960	40	0.4707
chr1	449003	449004	27	0.634
chr1	449044	449045	25	0.6599
chr1	449072	449073	25	0.6179
chr1	449087	449088	32	0.5093
chr1	449102	449103	31	0.6163
chr1	449152	449153	34	0.5941
chr1	449201	449202	30	0.505
chr1	449229	449230	36	0.5144
chr1	449238	449239	31	0.4458
chr1	449326	449327	27	0.4758
chr1	449376	449377	24	0.3953
chr1	449457	449458	28	0.5352
chr1	449557	449558	30	0.5597
chr1	449638	449639	22	0.4665
chr1	449668	449669	32	0.8617
chr1	449710	449711	25	0.6101
chr1	449730	449731	32	0.7384
chr1	449732	449733	33	0.7496
chr1	449762	449763	38	0.9983
chr1	449818	449819	30	0.7024
chr1	449822	449823	16	0.7547
chr1	449846	449847	31	0.708
chr1	449950	449951	27	0.7411
chr1	449990	449991	34	0.6453
chr1	450020	450021	20	0.6245
chr1	450049	450050	31	0.6915
chr1	450086	450087	28	0.6416
chr1	450123	450124	23	0.7794
chr1	450140	450141	36	0.7058
chr1	450164	450165	24	0.7759
chr1	450186	450187	26	0.8249
chr1	450209	450210	30	0.6585
chr1	450224	450225	32	0.6419
chr1	450251	450252	34	0.5809
chr1	450270	450271	29	0.5325
chr1	450294	450295	31	0.7321
chr1	450312	450313	28	0.5426
chr1	450362	450363	24	0.766
chr1	450398	450399	33	0.6444
chr1	450432	450433	30	0.5806
chr1	450452	450453	34	0.5663
chr1	450475	450476	26	0.652
chr1	450510	450511	37	0.8146
chr1	450565	450566	31	0.699
chr1	450665	450666	32	0.7858
chr1	450725	450726	24	0.7674
chr1	450775	450776	28	0.7197
chr1	450875	450876	29	0.6429
chr1	450975	450976	31	0.7235
chr1	451041	451042	21	0.7867
chr1	451053	451054	30	0.8871
chr1	451082	451083	32	0.7613
chr1	451102	451103	30	0.8611
chr1	451145	451146	33	0.6911
chr1	451165	451166	25	0.5954
chr1	451192	451193	35	0.6402
chr1	451212	451213	34	0.6933
chr1	451246	451247	27	0.8264
chr1	451262	451263	29	0.795
chr1	451286	451287	33	0.8042
chr1	451336	451337	28	0.8515
chr1	451354	451355	29	0.8372
chr1	451392	451393	33	0.8537
chr1	451442	451443	16	0.8766
chr1	451458	451459	34	0.7102
chr1	451507	451508	26	0.7652
chr1	451532	451533	27	0.6751
chr1	451582	451583	30	0.8371
chr1	451612	451613	26	0.7451
chr1	451626	451627	35	0.7603
chr1	451726	451727	33	0.8331
chr1	451826	451827	29	0.7501
chr1	451926	451927	37	0.7635
chr1	452014	452015	33	0.766
chr1	452064	452065	33	0.8871
chr1	452164	452165	38	0.7357
chr1	452190	452191	28	0.8014
chr1	452220	452221	33	0.1171
chr1	452235	452236	25	0.0732
chr1	452250	452251	22	0.1133
chr1	452285	452286	40	0.0328
chr1	452320	452321	31	0.0871
chr1	452337	452338	32	0.2444
chr1	452387	452388	29	0.0377
chr1	452409	452410	36	0.2891
chr1	452459	452460	26	0.0468
chr1	452506	452507	32	0.0828
chr1	452550	452551	28	0.1738
chr1	452600	452601	31	0.1507
chr1	452625	452626	24	0.0547
chr1	452650	452651	23	0.2269
chr1	452679	452680	38	0.1079
chr1	452729	452730	26	0.0147
chr1	452776	452777	32	0.1599
chr1	452793	452794	30	0.2023
chr1	452893	452894	23	0.0206
chr1	452972	452973	33	0.1712
chr1	453072	453073	28	0.22
chr1	453172	453173	32	0.2077
chr1	453272	453273	31	0.1164
chr1	453354	453355	38	0.0
chr1	453399	453400	38	0.5622
chr1	453415	453416	25	0.5811
chr1	453465	453466	32	0.5327
chr1	453514	453515	34	0.8634
chr1	453544	453545	24	0.5018
chr1	453590	453591	37	0.6191
chr1	453605	453606	33	0.501
chr1	453624	453625	22	0.807
chr1	453707	453708	36	0.5582
chr1	453722	453723	33	0.4518
chr1	453759	453760	28	0.8863
chr1	453809	453810	30	0.8977
chr1	453852	453853	32	0.6292
chr1	453880	453881	36	0.5315
chr1	453886	453887	27	0.5305
chr1	453986	453987	27	0.7825
chr1	454036	454037	40	0.8105
chr1	454086	454087	24	0.6021
chr1	454136	454137	28	0.6153
chr1	454200	454201	28	0.4161
chr1	454296	454297	30	0.6738
chr1	454381	454382	27	0.6848
chr1	454447	454448	33	0.7228
chr1	454469	454470	31	0.1699
chr1	454502	454503	27	0.1748
chr1	454517	454518	32	0.2109
chr1	454539	454540	32	0.1549
chr1	454584	454585	31	0.193
chr1	454599	454600	31	0.1995
chr1	454627	454628	30	0.2328
chr1	454648	454649	29	0.1384
chr1	454680	454681	34	0.2002
chr1	454715	454716	26	0.1695
chr1	454744	454745	38	0.2885
chr1	454784	454785	28	0.3046
chr1	454811	454812	28	0.1537
chr1	454856	454857	28	0.1165
chr1	454900	454901	24	0.2595
chr1	454929	454930	34	0.1235
chr1	454953	454954	29	0.1668
chr1	454962	454963	28	0.2293
chr1	455062	455063	28	0.2052
chr1	455162	455163	29	0.1302
chr1	455259	455260	26	0.1603
chr1	455325	455326	27	0.2099
chr1	455425	455426	37	0.1737
chr1	455461	455462	34	0.1125
chr1	455486	455487	39	0.8503
chr1	455536	455537	29	0.9687
chr1	455551	455552	29	0.9141
chr1	455583	455584	23	0.9859
chr1	455604	455605	37	0.8931
chr1	455654	455655	33	0.9058
chr1	455702	455703	25	0.9441
chr1	455722	455723	30	0.8125
chr1	455759	455760	29	0.8008
chr1	455792	455793	29	0.9318
chr1	455807	455808	30	1.0
chr1	455853	455854	30	0.879
chr1	455873	455874	29	0.9878
chr1	455909	455910	30	0.7648
chr1	455933	455934	24	0.7979
chr1	455977	455978	42	0.8072
chr1	456027	456028	28	0.9181
chr1	456122	456123	22	0.8273
chr1	456172	456173	19	0.8421
chr1	456272	456273	34	0.9276
chr1	456322	456323	31	0.9122
chr1	456422	456423	30	0.7541
chr1	456452	456453	27	1.0
chr1	456504	456505	32	0.7745
chr1	456510	456511	31	0.7514
chr1	456525	456526	24	0.8418
chr1	456540	456541	30	0.8838
chr1	456590	456591	22	0.8642
chr1	456664	456665	37	0.7262
chr1	456679	456680	33	0.8374
chr1	456714	456715	29	0.8451
chr1	456764	456765	30	0.7297
chr1	456779	456780	32	0.7809
chr1	456829	456830	29	0.6739
chr1	456844	456845	38	0.8291
chr1	456871	456872	28	0.846
chr1	456918	456919	34	0.7204
chr1	456956	456957	36	0.6956
chr1	456971	456972	27	0.8377
chr1	457005	457006	25	0.7865
chr1	457032	457033	32	0.7889
chr1	457038	457039	31	0.8792
chr1	457122	457123	30	0.693
chr1	457222	457223	28	0.6292
chr1	457322	457323	33	0.8743
chr1	457422	457423	32	0.8531
chr1	457494	457495	31	0.8086
chr1	457534	457535	28	0.9495
chr1	457600	457601	23	0.8952
chr1	457698	457699	36	0.764
chr1	457768	457769	33	1.0
chr1	457796	457797	30	1.0
chr1	457834	457835	28	0.7545
chr1	457839	457840	34	0.6349
chr1	457876	457877	41	0.6164
chr1	457898	457899	30	0.7029
chr1	457948	457949	30	0.5535
chr1	457963	457964	26	0.6091
chr1	457987	457988	37	0.704
chr1	458008	458009	28	0.6364
chr1	458044	458045	28	0.5931
chr1	458094	458095	43	0.602
chr1	458144	458145	35	0.5619
chr1	458163	458164	27	0.6868
chr1	458191	458192	31	0.6057
chr1	458224	458225	31	0.5881
chr1	458248	458249	34	0.7752
chr1	458268	458269	27	0.4679
chr1	458286	458287	19	0.7189
chr1	458336	458337	23	0.7612
chr1	458426	458427	30	0.6454
chr1	458526	458527	31	0.5038
chr1	458576	458577	24	0.6163
chr1	458626	458627	31	0.6343
chr1	458726	458727	30	0.4735
chr1	458788	458789	23	0.7279
chr1	458854	458855	26	0.9024
chr1	458944	458945	40	0.6616
chr1	458980	458981	23	0.5673
chr1	458988	458989	18	0.5875
chr1	459064	459065	35	0.7912
chr1	459104	459105	23	0.1347
chr1	459152	459153	38	0.1843
chr1	459188	459189	25	0.0903
chr1	459209	459210	33	0.1339
chr1	459259	459260	19	0.1102
chr1	459309	459310	40	0.2962
chr1	459359	459360	24	0.1246
chr1	459405	459406	34	0.2446
chr1	459436	459437	24	0.2641
chr1	459464	459465	37	0.2076
chr1	459491	459492	28	0.1718
chr1	459520	459521	31	0.0587
chr1	459537	459538	26	0.0396
chr1	459587	459588	26	0.2225
chr1	459615	459616	20	0.2435
chr1	459709	459710	25	0.2684
chr1	459809	459810	35	0.1139
chr1	459859	459860	36	0.1893
chr1	459912	459913	36	0.4271
chr1	460012	460013	23	0.2117
chr1	460062	460063	24	0.2504
chr1	460096	460097	24	0.1775
chr1	460130	460131	33	0.1012
chr1	461378	461379	23	0.4019
chr1	461419	461420	26	0.361
chr1	461437	461438	38	0.2175
chr1	461458	461459	27	0.4107
chr1	461508	461509	34	0.3316
chr1	461558	461559	29	0.341
chr1	461577	461578	36	0.3758
chr1	461595	461596	23	0.4051
chr1	461623	461624	31	0.4304
chr1	461650	461651	34	0.3085
chr1	461674	461675	17	0.4341
chr1	461717	461718	27	0.4111
chr1	461767	461768	21	0.1856
chr1	461788	461789	33	0.2737
chr1	461830	461831	25	0.2452
chr1	461880	461881	28	0.406
chr1	461897	461898	16	0.4221
chr1	461910	461911	33	0.3172
chr1	461992	461993	26	0.2914
chr1	462046	462047	29	0.3757
chr1	462126	462127	28	0.4049
chr1	462209	462210	29	0.4189
chr1	462295	462296	38	0.4619
chr1	462395	462396	29	0.3103
chr1	462411	462412	29	0.0806
chr1	462431	462432	36	0.1091
chr1	462435	462436	25	0.1548
chr1	462447	462448	32	0.2972
chr1	462513	462514	31	0.084
chr1	462725	462726	29	0.0498
chr1	462749	462750	30	0.1448
chr1	462793	462794	30	0.1147
chr1	462855	462856	26	0.0286
chr1	462889	462890	27	0.0274
chr1	462925	462926	26	0.0363
chr1	462952	462953	47	0.1212
chr1	463002	463003	32	0.048
chr1	463044	463045	31	0.0708
chr1	463074	463075	31	0.2442
chr1	463124	463125	36	0.0823
chr1	463174	463175	32	0.088
chr1	463212	463213	25	0.3217
chr1	463243	463244	29	0.231
chr1	463276	463277	28	0.1503
chr1	463305	463306	39	0.161
chr1	463347	463348	41	0.248
chr1	463409	463410	32	0.1375
chr1	463509	463510	28	0.2379
chr1	463609	463610	31	0.1779
chr1	463709	463710	26	0.2078
chr1	463787	463788	29	0.1189
chr1	463814	463815	31	0.9118
chr1	463838	463839	36	0.8532
chr1	463859	463860	27	0.7193
chr1	463874	463875	33	0.8784
chr1	463924	463925	35	0.8985
chr1	463942	463943	27	0.9306
chr1	463987	463988	30	0.8861
chr1	464005	464006	27	0.7082
chr1	464026	464027	23	0.8209
chr1	464049	464050	34	0.9738
chr1	464065	464066	27	0.8316
chr1	464088	464089	33	0.8079
chr1	464120	464121	30	0.8261
chr1	464153	464154	29	0.822
chr1	464203	464204	22	0.797
chr1	464218	464219	44	0.8348
chr1	464250	464251	26	0.8557
chr1	464282	464283	25	0.8543
chr1	464321	464322	25	0.8274
chr1	464340	464341	39	0.7741
chr1	464376	464377	26	0.7968
chr1	464397	464398	30	0.783
chr1	464427	464428	40	0.9785
chr1	464516	464517	34	0.9196
chr1	464595	464596	36	0.7398
chr1	464695	464696	33	0.7816
chr1	464795	464796	30	0.8423
chr1	464895	464896	32	0.9323
chr1	464986	464987	30	1.0
chr1	465066	465067	33	0.9728
chr1	465080	465081	27	0.831
chr1	465095	465096	25	0.8677
chr1	465128	465129	29	0.7812
chr1	465163	465164	24	0.9094
chr1	465178	465179	29	0.7238
chr1	465220	465221	18	0.7012
chr1	465243	465244	35	0.8554
chr1	465293	465294	31	0.7919
chr1	465314	465315	34	0.6271
chr1	465336	465337	35	1.0
chr1	465364	465365	36	0.6182
chr1	465403	465404	27	0.8409
chr1	465447	465448	35	0.8771
chr1	465478	465479	31	0.9265
chr1	465520	465521	27	0.838
chr1	465570	465571	23	0.7852
chr1	465592	465593	29	0.7224
chr1	465667	465668	25	0.7764
chr1	465767	465768	29	0.9776
chr1	465836	465837	30	0.8713
chr1	465899	465900	27	0.9065
chr1	465999	466000	27	0.6623
chr1	466060	466061	24	0.7245
chr1	466102	466103	42	0.9707
chr1	466111	466112	27	0.1456
chr1	466135	466136	32	0.224
chr1	466185	466186	26	0.151
chr1	466211	466212	37	0.2207
chr1	466232	466233	24	0.2074
chr1	466253	466254	27	0.1973
chr1	466271	466272	23	0.4161
chr1	466321	466322	30	0.2073
chr1	466349	466350	33	0.3779
chr1	466369	466370	24	0.4595
chr1	466397	466398	26	0.3233
chr1	466412	466413	30	0.2668
chr1	466431	466432	24	0.3438
chr1	466456	466457	27	0.3253
chr1	466474	466475	36	0.4603
chr1	466521	466522	24	0.2242
chr1	466570	466571	33	0.3639
chr1	466588	466589	23	0.1627
chr1	466688	466689	20	0.2309
chr1	466738	466739	34	0.3443
chr1	466838	466839	25	0.1592
chr1	466938	466939	27	0.3093
chr1	467038	467039	37	0.2105
chr1	467044	467045	25	0.1197
chr1	467062	467063	27	0.1949
chr1	467170	467171	32	0.1422
chr1	467194	467195	33	0.2175
chr1	467304	467305	28	0.0651
chr1	467372	467373	37	0.2057
chr1	467378	467379	37	0.1103
chr1	467430	467431	34	0.195
chr1	467446	467447	24	0.4296
chr1	467530	467531	22	0.0263
chr1	467566	467567	25	0.1128
chr1	467588	467589	25	0.1206
chr1	467635	467636	30	0.2052
chr1	467685	467686	33	0.187
chr1	467714	467715	28	0.2819
chr1	467754	467755	34	0.2861
chr1	467804	467805	34	0.2432
chr1	467854	467855	24	0.1343
chr1	467891	467892	25	0.189
chr1	467912	467913	30	0.1096
chr1	467962	467963	31	0.1292
chr1	467987	467988	15	0.2956
chr1	468002	468003	24	0.2125
chr1	468018	468019	31	0.1077
chr1	468042	468043	29	0.1435
chr1	468090	468091	30	0.2664
chr1	468100	468101	29	0.1508
chr1	468200	468201	29	0.1167
chr1	468300	468301	17	0.0764
chr1	468400	468401	30	0.0795
chr1	468500	468501	26	0.2603
chr1	468550	468551	41	0.1494
chr1	468556	468557	33	0.1908
chr1	468588	468589	32	0.0708
chr1	468594	468595	35	0.4094
chr1	468634	468635	33	0.5144
chr1	468659	468660	28	0.5127
chr1	468693	468694	31	0.5019
chr1	468721	468722	32	0.36
chr1	468738	468739	30	0.362
chr1	468773	468774	34	0.3275
chr1	468792	468793	39	0.6465
chr1	468812	468813	31	0.4939
chr1	468840	468841	19	0.4682
chr1	468867	468868	25	0.4605
chr1	468888	468889	23	0.5426
chr1	468911	468912	28	0.5238
chr1	468941	468942	30	0.5472
chr1	468963	468964	22	0.5553
chr1	468989	468990	19	0.3885
chr1	469039	469040	35	0.4195
chr1	469086	469087	25	0.4606
chr1	469116	469117	40	0.4827
chr1	469117	469118	29	0.6598
chr1	469167	469168	34	0.4496
chr1	469267	469268	28	0.59
chr1	469336	469337	28	0.4264
chr1	469436	469437	29	0.4711
chr1	469536	469537	37	0.4308
chr1	469636	469637	41	0.5392
chr1	469686	469687	33	0.679
chr1	469702	469703	25	0.6726
chr1	469706	469707	24	0.7533
chr1	469762	469763	25	0.6392
chr1	469808	469809	25	0.5676
chr1	469858	469859	31	0.5762
chr1	469886	469887	30	0.7053
chr1	469910	469911	28	0.7709
chr1	469936	469937	36	0.7748
chr1	469954	469955	31	0.6675
chr1	469985	469986	25	0.6368
chr1	470007	470008	27	0.7329
chr1	470026	470027	34	0.7348
chr1	470061	470062	30	0.7865
chr1	470107	470108	34	0.6307
chr1	470137	470138	22	0.7439
chr1	470158	470159	34	0.6733
chr1	470206	470207	27	0.6754
chr1	470227	470228	32	0.7111
chr1	470242	470243	39	0.735
chr1	470292	470293	24	0.8189
chr1	470307	470308	36	0.5831
chr1	470323	470324	29	0.7073
chr1	470353	470354	21	0.7478
chr1	470453	470454	23	0.859
chr1	470506	470507	29	0.8308
chr1	470580	470581	37	0.8119
chr1	470630	470631	29	0.7576
chr1	470699	470700	34	0.7758
chr1	470799	470800	30	0.7347
chr1	470823	470824	23	0.8844
chr1	470833	470834	26	0.1975
chr1	470877	470878	30	0.2059
chr1	470919	470920	28	0.1054
chr1	470947	470948	32	0.1187
chr1	470977	470978	25	0.2675
chr1	470992	470993	31	0.1219
chr1	471020	471021	32	0.1935
chr1	471051	471052	30	0.0865
chr1	471084	471085	25	0.1218
chr1	471099	471100	30	0.0546
chr1	471143	471144	27	0.1004
chr1	471167	471168	38	0.199
chr1	471203	471204	31	0.0446
chr1	471253	471254	38	0.2325
chr1	471296	471297	37	0.1842
chr1	471317	471318	23	0.3442
chr1	471352	471353	29	0.0643
chr1	471367	471368	22	0.0714
chr1	471379	471380	31	0.2148
chr1	471479	471480	30	0.1535
chr1	471529	471530	17	0.1587
chr1	471629	471630	26	0.1375
chr1	471715	471716	35	0.0998
chr1	471815	471816	39	0.0653
chr1	471886	471887	28	0.0742
chr1	471956	471957	32	0.0764
chr1	471978	471979	22	0.1609
chr1	472002	472003	25	0.3033
chr1	472017	472018	30	0.3086
chr1	472040	472041	37	0.2821
chr1	472065	472066	30	0.5065
chr1	472104	472105	23	0.5902
chr1	472121	472122	30	0.4778
chr1	472136	472137	27	0.3578
chr1	472158	472159	32	0.4149
chr1	472178	472179	28	0.4029
chr1	472197	472198	23	0.4291
chr1	472231	472232	32	0.4949
chr1	472265	472266	27	0.5689
chr1	472305	472306	32	0.466
chr1	472320	472321	32	0.2853
chr1	472338	472339	29	0.3985
chr1	472353	472354	32	0.58
chr1	472388	472389	27	0.3608
chr1	472411	472412	33	0.3616
chr1	472449	472450	36	0.3393
chr1	472483	472484	31	0.5735
chr1	472498	472499	27	0.3999
chr1	472515	472516	39	0.4204
chr1	472615	472616	30	0.5117
chr1	472715	472716	30	0.1998
chr1	472782	472783	30	0.4138
chr1	472832	472833	36	0.2641
chr1	472889	472890	30	0.2971
chr1	472989	472990	26	0.4575
chr1	473061	473062	34	0.3684
chr1	473068	473069	24	0.6427
chr1	473091	473092	33	0.4954
chr1	473141	473142	35	0.7968
chr1	473168	473169	32	0.6867
chr1	473195	473196	25	0.7146
chr1	473245	473246	31	0.6408
chr1	473272	473273	31	0.614
chr1	473287	473288	26	0.6213
chr1	473306	473307	30	0.5912
chr1	473335	473336	31	0.6922
chr1	473359	473360	27	0.6209
chr1	473407	473408	28	0.5314
chr1	473447	473448	35	0.8195
chr1	473468	473469	33	0.8546
chr1	473518	473519	36	0.5213
chr1	473542	473543	29	0.8602
chr1	473544	473545	30	0.7779
chr1	473644	473645	34	0.6453
chr1	473744	473745	24	0.5476
chr1	473844	473845	28	0.6951
chr1	473936	473937	28	0.8482
chr1	473978	473979	37	0.8461
chr1	474016	474017	25	0.7762
chr1	474138	474139	38	0.926
chr1	474196	474197	34	0.8538
chr1	474240	474241	28	0.7974
chr1	474260	474261	32	0.7453
chr1	474294	474295	27	0.8852
chr1	474296	474297	36	0.6724
chr1	474330	474331	31	0.1619
chr1	474372	474373	24	0.204
chr1	474404	474405	21	0.0833
chr1	474442	474443	30	0.1098
chr1	474468	474469	33	0.0682
chr1	474518	474519	28	0.1336
chr1	474537	474538	32	0.3428
chr1	474563	474564	29	0.1733
chr1	474587	474588	31	0.1594
chr1	474613	474614	26	0.194
chr1	474654	474655	23	0.2242
chr1	474700	474701	25	0.1282
chr1	474734	474735	32	0.0398
chr1	474784	474785	21	0.1889
chr1	474816	474817	29	0.1326
chr1	474842	474843	39	0.1893
chr1	474863	474864	31	0.0228
chr1	474963	474964	26	0.1268
chr1	475063	475064	33	0.0
chr1	475163	475164	22	0.0764
chr1	475263	475264	36	0.1112
chr1	475363	475364	28	0.1792
chr1	475373	475374	23	0.0633
chr1	475380	475381	37	0.1906
chr1	475428	475429	32	0.1012
chr1	475444	475445	34	0.0735
chr1	475462	475463	34	0.3199
chr1	475486	475487	31	0.2986
chr1	475516	475517	24	0.4598
chr1	475566	475567	28	0.1477
chr1	475595	475596	31	0.2231
chr1	475645	475646	24	0.2368
chr1	475670	475671	37	0.1697
chr1	475687	475688	24	0.3244
chr1	475709	475710	24	0.2903
chr1	475725	475726	38	0.4188
chr1	475749	475750	37	0.2881
chr1	475768	475769	36	0.1384
chr1	475796	475797	29	0.3375
chr1	475811	475812	33	0.1926
chr1	475826	475827	27	0.2207
chr1	475841	475842	32	0.3198
chr1	475876	475877	28	0.0841
chr1	475899	475900	35	0.075
chr1	475900	475901	35	0.0592
chr1	476000	476001	28	0.1678
chr1	476095	476096	27	0.0496
chr1	476149	476150	30	0.2077
chr1	476200	476201	28	0.0697
chr1	476300	476301	32	0.1301
chr1	476400	476401	23	0.0793
chr1	476458	476459	32	0.0336
chr1	476484	476485	23	0.1205
chr1	476588	476589	25	0.1183
chr1	476604	476605	30	0.2869
chr1	476624	476625	29	0.0528
chr1	476676	476677	34	0.1562
chr1	476714	476715	24	0.0177
chr1	476740	476741	37	0.1926
chr1	476770	476771	22	0.071
chr1	476816	476817	21	0.1813
chr1	476856	476857	30	0.8137
chr1	476880	476881	28	0.7766
chr1	476930	476931	28	0.9395
chr1	476960	476961	29	0.8187
chr1	476985	476986	32	0.6683
chr1	477008	477009	33	0.8592
chr1	477027	477028	27	0.8507
chr1	477077	477078	27	0.7865
chr1	477108	477109	29	0.8277
chr1	477123	477124	37	0.7785
chr1	477160	477161	37	0.6777
chr1	477189	477190	24	0.8059
chr1	477234	477235	32	0.9066
chr1	477272	477273	25	0.8211
chr1	477293	477294	32	0.734
chr1	477310	477311	29	0.6784
chr1	477324	477325	30	0.7027
chr1	477401	477402	27	0.7311
chr1	477501	477502	31	0.7741
chr1	477581	477582	32	0.7396
chr1	477681	477682	26	0.7556
chr1	477781	477782	32	0.8075
chr1	477845	477846	34	0.9805
chr1	477861	477862	32	0.7325
chr1	477872	477873	27	0.6191
chr1	477922	477923	33	0.7085
chr1	477957	477958	26	0.6532
chr1	477976	477977	28	0.4827
chr1	478001	478002	25	0.5819
chr1	478051	478052	24	0.5468
chr1	478072	478073	31	0.6454
chr1	478122	478123	29	0.7691
chr1	478164	478165	26	0.7477
chr1	478191	478192	35	0.395
chr1	478234	478235	34	0.5241
chr1	478249	478250	33	0.443
chr1	478299	478300	34	0.6282
chr1	478316	478317	30	0.6733
chr1	478354	478355	29	0.8301
chr1	478454	478455	32	0.7506
chr1	478504	478505	23	0.5153
chr1	478565	478566	30	0.6305
chr1	478659	478660	32	0.5209
chr1	478709	478710	31	0.7425
chr1	478809	478810	33	0.5104
chr1	478885	478886	23	0.7135
chr1	478894	478895	42	0.7428
chr1	478915	478916	33	0.6895
chr1	478965	478966	30	0.7173
chr1	479004	479005	27	0.7302
chr1	479054	479055	27	0.8363
chr1	479083	479084	23	0.8409
chr1	479103	479104	32	0.7253
chr1	479133	479134	27	0.7874
chr1	479157	479158	23	0.805
chr1	479178	479179	29	0.8125
chr1	479193	479194	26	0.7123
chr1	479237	479238	23	0.6196
chr1	479260	479261	26	0.7595
chr1	479289	479290	27	0.6354
chr1	479324	479325	26	0.7835
chr1	479332	479333	23	0.7316
chr1	479410	479411	29	0.8089
chr1	479510	479511	32	0.727
chr1	479560	479561	22	0.7575
chr1	479660	479661	35	0.7599
chr1	479727	479728	32	0.7172
chr1	479817	479818	35	0.9375
chr1	479953	479954	32	0.91
chr1	480033	480034	34	0.8864
chr1	480085	480086	29	0.9177
chr1	480191	480192	34	0.9223
chr1	480199	480200	32	0.8726
chr1	480217	480218	36	0.9522
chr1	480223	480224	18	0.8398
chr1	480236	480237	28	0.6187
chr1	480271	480272	23	0.8452
chr1	480289	480290	30	1.0
chr1	480313	480314	30	0.6219
chr1	480336	480337	26	0.7579
chr1	480367	480368	30	0.8473
chr1	480402	480403	29	0.5664
chr1	480434	480435	31	0.6479
chr1	480468	480469	22	0.645
chr1	480513	480514	32	0.8863
chr1	480563	480564	35	0.6297
chr1	480586	480587	22	0.7735
chr1	480601	480602	23	0.7868
chr1	480651	480652	19	0.7194
chr1	480687	480688	32	0.6485
chr1	480709	480710	31	0.8056
chr1	480749	480750	31	0.8839
chr1	480777	480778	24	0.6998
chr1	480779	480780	27	0.5332
chr1	480879	480880	32	0.6865
chr1	480979	480980	31	0.7311
chr1	481047	481048	29	0.7196
chr1	481147	481148	35	0.9189
chr1	481247	481248	28	0.8847
chr1	481379	481380	34	0.6403
chr1	481425	481426	29	0.2043
chr1	481471	481472	37	0.1397
chr1	481510	481511	33	0.2838
chr1	481525	481526	28	0.2357
chr1	481552	481553	26	0.1206
chr1	481586	481587	33	0.0821
chr1	481624	481625	34	0.0423
chr1	481645	481646	26	0.2022
chr1	481661	481662	36	0.1638
chr1	481711	481712	26	0.2696
chr1	481760	481761	23	0.241
chr1	481782	481783	29	0.1501
chr1	481818	481819	20	0.18
chr1	481834	481835	27	0.1592
chr1	481876	481877	31	0.1397
chr1	481976	481977	30	0.2603
chr1	482076	482077	32	0.2719
chr1	482176	482177	38	0.2531
chr1	482244	482245	30	0.2386
chr1	482292	482293	26	0.1992
chr1	482300	482301	28	0.1977
chr1	482315	482316	40	0.3132
chr1	482335	482336	25	0.178
chr1	482365	482366	31	0.3941
chr1	482381	482382	32	0.2278
chr1	482396	482397	31	0.3343
chr1	482416	482417	32	0.4743
chr1	482446	482447	34	0.4151
chr1	482496	482497	34	0.2959
chr1	482517	482518	32	0.2519
chr1	482555	482556	34	0.3448
chr1	482594	482595	26	0.3919
chr1	482630	482631	21	0.3364
chr1	482668	482669	32	0.3434
chr1	482687	482688	32	0.4185
chr1	482737	482738	22	0.1512
chr1	482754	482755	29	0.3056
chr1	482800	482801	27	0.4211
chr1	482824	482825	28	0.264
chr1	482924	482925	34	0.3231
chr1	483024	483025	29	0.284
chr1	483124	483125	39	0.2709
chr1	483214	483215	31	0.3065
chr1	483289	483290	29	0.4685
chr1	483323	483324	36	0.7553
chr1	483375	483376	34	0.7674
chr1	483471	483472	26	0.7042
chr1	483527	483528	23	0.7694
chr1	483533	483534	25	0.5107
chr1	483547	483548	25	0.6144
chr1	483689	483690	30	0.6791
chr1	483759	483760	24	0.6624
chr1	483765	483766	31	0.5316
chr1	483809	483810	33	0.0474
chr1	483832	483833	30	0.0
chr1	483863	483864	31	0.174
chr1	483884	483885	29	0.0119
chr1	483901	483902	28	0.2105
chr1	483927	483928	20	0.1686
chr1	483947	483948	33	0.0337
chr1	483987	483988	24	0.0602
chr1	484013	484014	34	0.0015
chr1	484049	484050	24	0.0238
chr1	484088	484089	23	0.1251
chr1	484138	484139	35	0.0
chr1	484169	484170	31	0.14
chr1	484192	484193	27	0.1672
chr1	484211	484212	33	0.1604
chr1	484239	484240	27	0.1555
chr1	484264	484265	30	0.0552
chr1	484314	484315	20	0.0297
chr1	484329	484330	29	0.0036
chr1	484342	484343	27	0.051
chr1	484442	484443	28	0.2039
chr1	484542	484543	27	0.056
chr1	484620	484621	38	0.1439
chr1	484720	484721	29	0.0043
chr1	484786	484787	40	0.1476
chr1	484857	484858	32	0.0275
chr1	484923	484924	37	0.1708
chr1	484927	484928	29	0.1822
chr1	484961	484962	33	0.2495
chr1	485005	485006	37	0.2882
chr1	485022	485023	29	0.2837
chr1	485045	485046	28	0.284
chr1	485078	485079	30	0.346
chr1	485099	485100	30	0.5281
chr1	485141	485142	32	0.1836
chr1	485168	485169	30	0.4857
chr1	485183	485184	22	0.2835
chr1	485201	485202	30	0.2897
chr1	485226	485227	34	0.3415
chr1	485271	485272	34	0.5266
chr1	485292	485293	32	0.2584
chr1	485318	485319	32	0.2872
chr1	485345	485346	28	0.2574
chr1	485393	485394	24	0.3224
chr1	485416	485417	28	0.3504
chr1	485437	485438	21	0.4211
chr1	485487	485488	30	0.3002
chr1	485494	485495	20	0.4214
chr1	485558	485559	22	0.4217
chr1	485658	485659	26	0.546
chr1	485719	485720	22	0.334
chr1	485769	485770	26	0.1853
chr1	485869	485870	23	0.2299
chr1	485927	485928	30	0.2038
chr1	485931	485932	38	0.285
chr1	485963	485964	41	0.2655
chr1	485980	485981	26	0.241
chr1	486026	486027	32	0.3435
chr1	486075	486076	37	0.1386
chr1	486097	486098	29	0.917
chr1	486118	486119	23	0.4757
chr1	486147	486148	32	0.356
chr1	486197	486198	21	1.0
chr1	486243	486244	30	0.381
chr1	486293	486294	37	0.4611
chr1	486308	486309	23	0.7273
chr1	486323	486324	34	0.3188
chr1	486345	486346	35	1.0
chr1	486377	486378	21	0.4478
chr1	486406	486407	19	0.7413
chr1	486448	486449	31	0.9182
chr1	486479	486480	26	0.2694
chr1	486574	486575	24	0.9411
chr1	486674	486675	35	0.3938
chr1	486774	486775	35	0.821
chr1	486860	486861	34	0.4992
chr1	486910	486911	29	0.224
chr1	486994	486995	36	0.9266
chr1	487005	487006	26	0.2433
chr1	487028	487029	28	0.1174
chr1	487059	487060	31	0.0141
chr1	487080	487081	29	0.1348
chr1	487130	487131	42	0.218
chr1	487180	487181	30	0.0685
chr1	487210	487211	18	0.0635
chr1	487238	487239	20	0.0583
chr1	487266	487267	24	0.1424
chr1	487288	487289	24	0.229
chr1	487336	487337	26	0.015
chr1	487369	487370	28	0.1442
chr1	487397	487398	34	0.1099
chr1	487447	487448	30	0.1531
chr1	487472	487473	25	0.1055
chr1	487511	487512	30	0.0
chr1	487528	487529	27	0.1324
chr1	487547	487548	28	0.2166
chr1	487647	487648	30	0.0394
chr1	487747	487748	25	0.1133
chr1	487837	487838	32	0.1759
chr1	487910	487911	21	0.2211
chr1	487997	487998	30	0.0737
chr1	488047	488048	26	0.0592
chr1	488070	488071	40	0.8403
chr1	488092	488093	30	0.8784
chr1	488107	488108	22	0.8939
chr1	488153	488154	33	0.9424
chr1	488197	488198	28	0.7568
chr1	488247	488248	25	0.8413
chr1	488297	488298	23	0.8736
chr1	488327	488328	28	0.9755
chr1	488358	488359	24	0.92
chr1	488391	488392	33	0.8166
chr1	488408	488409	35	0.8977
chr1	488439	488440	34	0.9548
chr1	488463	488464	27	0.9225
chr1	488513	488514	28	0.8485
chr1	488539	488540	28	0.8925
chr1	488548	488549	33	0.9016
chr1	488598	488599	35	0.8859
chr1	488698	488699	28	0.9634
chr1	488798	488799	37	0.9592
chr1	488886	488887	30	0.8121
chr1	488983	488984	30	0.9118
chr1	489021	489022	26	0.9892
chr1	489043	489044	28	0.8302
chr1	489054	489055	29	0.6237
chr1	489069	489070	28	0.6918
chr1	489105	489106	30	0.8967
chr1	489128	489129	27	0.8736
chr1	489167	489168	27	0.6896
chr1	489196	489197	32	0.6773
chr1	489221	489222	25	0.5415
chr1	489260	489261	33	0.7732
chr1	489294	489295	20	0.8095
chr1	489309	489310	35	0.6872
chr1	489338	489339	26	0.7554
chr1	489353	489354	19	0.832
chr1	489403	489404	27	0.7646
chr1	489418	489419	34	0.8342
chr1	489435	489436	37	0.5544
chr1	489450	489451	28	0.7104
chr1	489500	489501	29	0.7309
chr1	489530	489531	29	0.6238
chr1	489545	489546	28	0.7858
chr1	489581	489582	33	0.799
chr1	489590	489591	23	0.5469
chr1	489647	489648	23	0.7837
chr1	489736	489737	26	0.7201
chr1	489836	489837	38	0.6873
chr1	489927	489928	36	0.7177
chr1	489982	489983	31	0.7256
chr1	490082	490083	25	0.8172
chr1	490098	490099	21	0.649
chr1	490100	490101	32	0.8168
chr1	490106	490107	36	0.5163
chr1	490126	490127	35	0.4186
chr1	490168	490169	32	0.4433
chr1	490192	490193	33	0.5942
chr1	490242	490243	24	0.435
chr1	490261	490262	26	0.5178
chr1	490287	490288	27	0.5693
chr1	490307	490308	28	0.5209
chr1	490357	490358	34	0.4332
chr1	490403	490404	25	0.3801
chr1	490427	490428	35	0.504
chr1	490461	490462	33	0.4821
chr1	490496	490497	27	0.3696
chr1	490529	490530	36	0.5458
chr1	490553	490554	32	0.6942
chr1	490629	490630	27	0.5135
chr1	490729	490730	36	0.4489
chr1	490799	490800	29	0.6076
chr1	490899	490900	32	0.4207
chr1	490984	490985	32	0.5003
chr1	491122	491123	31	0.7877
chr1	491138	491139	20	0.8679
chr1	491186	491187	26	0.5574
chr1	491268	491269	29	0.7773
chr1	491340	491341	24	0.5181
chr1	491350	491351	29	0.7943
chr1	491408	491409	25	0.7794
chr1	491438	491439	29	0.5336
chr1	491442	491443	27	0.8551
chr1	491484	491485	32	0.5443
chr1	491519	491520	33	0.8553
chr1	491552	491553	19	0.7745
chr1	491602	491603	25	0.8173
chr1	491632	491633	24	0.6821
chr1	491679	491680	31	0.8199
chr1	491729	491730	38	0.8819
chr1	491751	491752	33	0.8577
chr1	491784	491785	29	0.5937
chr1	491799	491800	35	0.7227
chr1	491831	491832	38	0.8035
chr1	491853	491854	34	0.7861
chr1	491881	491882	31	0.7002
chr1	491898	491899	26	0.7941
chr1	491939	491940	25	0.7374
chr1	491966	491967	33	0.9001
chr1	492066	492067	27	0.9007
chr1	492159	492160	24	0.7146
chr1	492209	492210	38	0.5589
chr1	492309	492310	31	0.8952
chr1	492409	492410	24	0.7335
chr1	492429	492430	36	1.0
chr1	492474	492475	32	0.0941
chr1	492498	492499	31	0.1546
chr1	492530	492531	33	0.1248
chr1	492545	492546	33	0.1406
chr1	492584	492585	22	0.2289
chr1	492599	492600	39	0.231
chr1	492617	492618	27	0.1915
chr1	492642	492643	29	0.1416
chr1	492677	492678	36	0.0165
chr1	492698	492699	28	0.105
chr1	492737	492738	32	0.1749
chr1	492762	492763	32	0.0283
chr1	492812	492813	28	0.0811
chr1	492839	492840	18	0.0794
chr1	492879	492880	27	0.1901
chr1	492918	492919	25	0.2174
chr1	492928	492929	22	0.1344
chr1	492985	492986	35	0.2295
chr1	493085	493086	30	0.0681
chr1	493185	493186	17	0.033
chr1	493270	493271	33	0.1293
chr1	493370	493371	24	0.1721
chr1	493422	493423	24	0.0216
chr1	493472	493473	39	0.683
chr1	493501	493502	26	0.7334
chr1	493519	493520	26	0.7225
chr1	493540	493541	32	0.637
chr1	493567	493568	28	0.7604
chr1	493608	493609	24	0.7415
chr1	493645	493646	24	0.918
chr1	493665	493666	34	0.7847
chr1	493681	493682	31	0.5561
chr1	493715	493716	31	0.5999
chr1	493750	493751	28	0.6013
chr1	493800	493801	24	0.6913
chr1	493850	493851	27	0.7776
chr1	493866	493867	37	0.6948
chr1	493896	493897	26	0.7459
chr1	493928	493929	31	0.6969
chr1	493961	493962	41	0.7136
chr1	493993	493994	23	0.9789
chr1	493994	493995	29	0.7645
chr1	494094	494095	30	0.844
chr1	494194	494195	36	0.5425
chr1	494248	494249	25	0.7227
chr1	494298	494299	23	0.7496
chr1	494348	494349	35	0.7352
chr1	494398	494399	27	0.7478
chr1	494492	494493	30	0.7135
chr1	494512	494513	27	0.8574
chr1	494539	494540	31	0.9148
chr1	494571	494572	23	0.8851
chr1	494621	494622	33	0.8618
chr1	494671	494672	32	1.0
chr1	494721	494722	28	0.8877
chr1	494744	494745	29	0.8955
chr1	494765	494766	28	0.7596
chr1	494808	494809	29	0.8207
chr1	494841	494842	32	0.929
chr1	494883	494884	40	0.9316
chr1	494933	494934	32	0.8974
chr1	494983	494984	28	0.88
chr1	495026	495027	24	0.7785
chr1	495049	495050	26	0.8324
chr1	495060	495061	36	0.8035
chr1	495160	495161	27	0.9201
chr1	495210	495211	40	0.8763
chr1	495310	495311	23	0.9444
chr1	495392	495393	25	0.7872
chr1	495442	495443	34	0.9051
chr1	495542	495543	27	0.8366
chr1	495606	495607	29	0.9817
chr1	496731	496732	27	0.7811
chr1	496780	496781	22	0.6954
chr1	496820	496821	26	0.7517
chr1	496847	496848	34	0.5522
chr1	496864	496865	34	0.7607
chr1	496880	496881	26	0.7016
chr1	496905	496906	30	0.5514
chr1	496955	496956	29	0.5968
chr1	496977	496978	33	0.6958
chr1	496998	496999	29	0.5246
chr1	497018	497019	26	0.7215
chr1	497033	497034	33	0.5896
chr1	497077	497078	31	0.5624
chr1	497096	497097	27	0.5758
chr1	497125	497126	35	0.8292
chr1	497146	497147	29	0.6853
chr1	497187	497188	27	0.6655
chr1	497203	497204	30	0.6432
chr1	497243	497244	25	0.6296
chr1	497343	497344	20	0.6983
chr1	497415	497416	22	0.8156
chr1	497515	497516	34	0.6562
chr1	497615	497616	24	0.5822
chr1	497715	497716	24	0.6397
chr1	497815	497816	29	0.9617
chr1	497907	497908	24	0.7995
chr1	497971	497972	28	0.6301
chr1	498209	498210	37	0.9451
chr1	498213	498214	32	0.773
chr1	498252	498253	23	0.8535
chr1	498267	498268	29	0.813
chr1	498317	498318	29	1.0
chr1	498336	498337	30	0.8949
chr1	498358	498359	32	0.9894
chr1	498402	498403	24	0.863
chr1	498429	498430	20	0.938
chr1	498452	498453	24	0.9271
chr1	498467	498468	24	0.7475
chr1	498513	498514	27	0.7128
chr1	498540	498541	30	0.8815
chr1	498578	498579	29	0.8293
chr1	498619	498620	32	0.8848
chr1	498664	498665	37	0.7539
chr1	498687	498688	30	0.7781
chr1	498701	498702	28	0.8103
chr1	498764	498765	27	0.6311
chr1	498864	498865	24	0.8179
chr1	498964	498965	30	0.7903
chr1	499064	499065	33	0.9079
chr1	499147	499148	29	0.7754
chr1	499171	499172	17	0.8209
chr1	499233	499234	32	0.7882
chr1	499281	499282	40	0.711
chr1	499314	499315	35	0.7764
chr1	499352	499353	33	0.7636
chr1	499402	499403	36	0.6666
chr1	499432	499433	26	0.6306
chr1	499459	499460	24	0.6326
chr1	499484	499485	31	0.6307
chr1	499508	499509	27	0.5753
chr1	499558	499559	28	0.6651
chr1	499608	499609	30	0.7064
chr1	499634	499635	32	0.7767
chr1	499684	499685	23	0.626
chr1	499708	499709	36	0.59
chr1	499808	499809	33	0.5933
chr1	499858	499859	32	0.5743
chr1	499950	499951	28	0.5275
chr1	500003	500004	36	0.5373
chr1	500103	500104	31	0.7875
chr1	500157	500158	32	0.6662
chr1	500165	500166	30	0.4468
chr1	500188	500189	33	0.3479
chr1	500238	500239	30	0.1434
chr1	500253	500254	28	0.2326
chr1	500298	500299	27	0.3919
chr1	500313	500314	24	0.2778
chr1	500363	500364	18	0.3395
chr1	500397	500398	25	0.3862
chr1	500439	500440	27	0.4413
chr1	500454	500455	38	0.3154
chr1	500495	500496	30	0.3724
chr1	500525	500526	35	0.333
chr1	500575	500576	27	0.3633
chr1	500596	500597	27	0.2782
chr1	500696	500697	29	0.3797
chr1	500783	500784	35	0.3654
chr1	500833	500834	33	0.328
chr1	500933	500934	35	0.3189
chr1	501016	501017	36	0.2718
chr1	501052	501053	32	0.198
chr1	501060	501061	31	0.0
chr1	501082	501083	25	0.1296
chr1	501086	501087	30	0.3409
chr1	501114	501115	30	0.307
chr1	501160	501161	27	0.2682
chr1	501202	501203	34	0.1554
chr1	501370	501371	20	0.0791
chr1	501406	501407	27	0.1036
chr1	501429	501430	30	0.1285
chr1	501447	501448	27	0.304
chr1	501462	501463	31	0.2718
chr1	501482	501483	23	0.1531
chr1	501507	501508	31	0.3081
chr1	501533	501534	29	0.3446
chr1	501568	501569	31	0.2244
chr1	501606	501607	21	0.3095
chr1	501654	501655	16	0.3419
chr1	501678	501679	30	0.3318
chr1	501718	501719	33	0.2221
chr1	501740	501741	29	0.4023
chr1	501760	501761	32	0.389
chr1	501793	501794	34	0.1001
chr1	501833	501834	29	0.2263
chr1	501883	501884	33	0.2775
chr1	501917	501918	28	0.2147
chr1	501948	501949	30	0.1887
chr1	501962	501963	27	0.1841
chr1	502062	502063	36	0.3058
chr1	502155	502156	32	0.4494
chr1	502205	502206	31	0.3882
chr1	502277	502278	40	0.2806
chr1	502347	502348	28	0.2788
chr1	502447	502448	22	0.161
chr1	502531	502532	23	0.1341
chr1	502553	502554	36	0.6491
chr1	502576	502577	40	0.7054
chr1	502608	502609	34	0.8004
chr1	502634	502635	22	0.72
chr1	502671	502672	23	0.5534
chr1	502687	502688	24	0.6499
chr1	502737	502738	27	0.789
chr1	502780	502781	19	0.8126
chr1	502830	502831	25	0.6978
chr1	502851	502852	31	0.5645
chr1	502877	502878	31	0.6775
chr1	502927	502928	29	0.565
chr1	502955	502956	26	0.7615
chr1	502970	502971	29	0.7146
chr1	503020	503021	37	0.8001
chr1	503031	503032	32	0.7734
chr1	503131	503132	16	0.671
chr1	503231	503232	24	0.6231
chr1	503331	503332	40	0.5526
chr1	503431	503432	37	0.8608
chr1	503459	503460	28	0.6999
chr1	503461	503462	27	0.7571
chr1	503486	503487	25	0.0
chr1	503515	503516	34	0.1239
chr1	503537	503538	32	0.2555
chr1	503552	503553	31	0.1577
chr1	503576	503577	31	0.1782
chr1	503625	503626	39	0.2359
chr1	503647	503648	17	0.189
chr1	503696	503697	23	0.1976
chr1	503729	503730	32	0.1673
chr1	503766	503767	32	0.2242
chr1	503788	503789	32	0.1672
chr1	503829	503830	33	0.235
chr1	503861	503862	34	0.2755
chr1	503892	503893	32	0.2557
chr1	503925	503926	29	0.1166
chr1	503962	503963	33	0.0775
chr1	503986	503987	27	0.034
chr1	504041	504042	27	0.13
chr1	504126	504127	37	0.0887
chr1	504176	504177	27	0.0842
chr1	504262	504263	29	0.1143
chr1	504312	504313	32	0.1439
chr1	504412	504413	31	0.1444
chr1	504473	504474	21	0.2581
chr1	504511	504512	27	0.3638
chr1	504567	504568	38	0.0539
chr1	504577	504578	36	0.9206
chr1	504600	504601	33	0.7481
chr1	504615	504616	29	0.8425
chr1	504653	504654	25	0.7658
chr1	504675	504676	27	0.9603
chr1	504725	504726	37	0.9765
chr1	504760	504761	27	0.701
chr1	504791	504792	16	0.8646
chr1	504816	504817	21	0.9652
chr1	504854	504855	33	0.9407
chr1	504901	504902	35	0.8829
chr1	504937	504938	31	0.7774
chr1	504984	504985	37	0.9376
chr1	505009	505010	39	0.8954
chr1	505059	505060	26	0.8957
chr1	505074	505075	28	1.0
chr1	505086	505087	25	0.8677
chr1	505136	505137	32	0.9193
chr1	505186	505187	29	0.9432
chr1	505286	505287	30	0.8985
chr1	505386	505387	26	0.9139
chr1	505486	505487	28	0.9354
chr1	505586	505587	34	0.8595
chr1	505602	505603	17	0.9494
chr1	505608	505609	29	0.7255
chr1	505626	505627	29	0.6961
chr1	505649	505650	21	0.859
chr1	505667	505668	31	0.8324
chr1	505699	505700	27	0.7226
chr1	505749	505750	30	0.7804
chr1	505775	505776	27	0.7761
chr1	505790	505791	30	0.8694
chr1	505834	505835	31	0.8482
chr1	505869	505870	24	0.819
chr1	505906	505907	32	0.806
chr1	505956	505957	27	0.5473
chr1	506006	506007	36	0.6893
chr1	506049	506050	25	0.8019
chr1	506080	506081	20	0.753
chr1	506085	506086	35	0.8997
chr1	506176	506177	33	0.8584
chr1	506276	506277	30	0.7249
chr1	506333	506334	27	0.7329
chr1	506433	506434	24	0.7973
chr1	506533	506534	33	0.7554
chr1	506709	506710	25	0.9396
chr1	506765	506766	27	1.0
chr1	506821	506822	35	0.926
chr1	506835	506836	32	0.9394
chr1	506885	506886	28	0.801
chr1	506953	506954	22	0.8232
chr1	506967	506968	27	0.9667
chr1	506991	506992	38	0.886
chr1	507023	507024	35	0.6795
chr1	507065	507066	34	0.5668
chr1	507111	507112	17	0.7417
chr1	507142	507143	31	0.8059
chr1	507163	507164	31	0.7958
chr1	507201	507202	32	0.6522
chr1	507250	507251	34	0.8059
chr1	507271	507272	25	0.655
chr1	507286	507287	31	0.7193
chr1	507314	507315	24	0.6172
chr1	507362	507363	26	0.582
chr1	507383	507384	28	0.6316
chr1	507407	507408	27	0.7724
chr1	507439	507440	20	0.7076
chr1	507475	507476	27	0.6905
chr1	507490	507491	24	0.6293
chr1	507526	507527	32	0.6184
chr1	507532	507533	22	0.7282
chr1	507582	507583	37	0.8745
chr1	507682	507683	25	0.6623
chr1	507732	507733	26	0.773
chr1	507816	507817	33	0.5251
chr1	507881	507882	27	0.6643
chr1	507964	507965	25	0.5293
chr1	507988	507989	30	0.7852
chr1	507993	507994	26	0.698
chr1	508023	508024	34	0.6894
chr1	508041	508042	46	0.6684
chr1	508060	508061	27	0.6447
chr1	508077	508078	27	0.6998
chr1	508097	508098	31	0.6454
chr1	508136	508137	23	0.6292
chr1	508189	508190	27	0.5016
chr1	508239	508240	27	0.7466
chr1	508279	508280	27	0.6838
chr1	508296	508297	24	0.5783
chr1	508315	508316	34	0.7894
chr1	508337	508338	33	0.4324
chr1	508365	508366	33	0.7008
chr1	508396	508397	27	0.7222
chr1	508419	508420	31	0.6527
chr1	508442	508443	35	0.8347
chr1	508477	508478	20	0.7137
chr1	508484	508485	30	0.6076
chr1	508534	508535	28	0.7659
chr1	508633	508634	17	0.6276
chr1	508691	508692	25	0.7335
chr1	508791	508792	34	0.553
chr1	508891	508892	26	0.6626
chr1	508899	508900	25	0.9962
chr1	509039	509040	30	0.7707
chr1	509109	509110	24	0.5926
chr1	509131	509132	31	0.6841
chr1	509181	509182	31	0.7477
chr1	509221	509222	38	0.7394
chr1	509351	509352	25	0.8572
chr1	509388	509389	34	0.7755
chr1	509420	509421	25	0.8544
chr1	509443	509444	23	0.761
chr1	509465	509466	27	0.8299
chr1	509490	509491	28	0.8128
chr1	509525	509526	20	0.805
chr1	509562	509563	26	0.9363
chr1	509591	509592	32	0.9886
chr1	509641	509642	23	0.9732
chr1	509664	509665	26	0.761
chr1	509712	509713	25	0.9284
chr1	509736	509737	35	0.8556
chr1	509761	509762	33	0.805
chr1	509780	509781	30	0.856
chr1	509799	509800	37	0.9171
chr1	509899	509900	32	0.8981
chr1	509984	509985	26	0.8141
chr1	510084	510085	31	0.9597
chr1	510177	510178	30	0.7739
chr1	510243	510244	34	0.8693
chr1	510253	510254	37	0.7211
chr1	510303	510304	29	0.5047
chr1	510318	510319	36	0.6954
chr1	510338	510339	27	0.6993
chr1	510362	510363	34	0.5932
chr1	510412	510413	37	0.7354
chr1	510427	510428	43	0.5513
chr1	510442	510443	20	0.6192
chr1	510457	510458	28	0.5859
chr1	510507	510508	31	0.6944
chr1	510528	510529	32	0.6511
chr1	510559	510560	32	0.7788
chr1	510574	510575	33	0.5382
chr1	510593	510594	36	0.6854
chr1	510617	510618	30	0.7213
chr1	510637	510638	27	0.7825
chr1	510674	510675	32	0.6828
chr1	510724	510725	32	0.6926
chr1	510751	510752	33	0.6463
chr1	510754	510755	22	0.8314
chr1	510854	510855	31	0.8657
chr1	510954	510955	16	0.6806
chr1	511004	511005	36	0.7485
chr1	511074	511075	29	0.6298
chr1	511174	511175	35	0.6042
chr1	511237	511238	36	0.5652
chr1	511274	511275	26	0.4193
chr1	511356	511357	33	0.8553
chr1	511401	511402	29	0.8692
chr1	511437	511438	23	0.8942
chr1	511487	511488	25	0.7291
chr1	511509	511510	25	0.7254
chr1	511537	511538	30	0.7513
chr1	511587	511588	40	0.8964
chr1	511637	511638	29	0.8234
chr1	511675	511676	31	0.915
chr1	511718	511719	42	0.8772
chr1	511763	511764	27	0.9277
chr1	511783	511784	24	0.9544
chr1	511826	511827	23	0.979
chr1	511841	511842	36	0.7943
chr1	511853	511854	29	0.8543
chr1	511953	511954	29	0.9906
chr1	512053	512054	27	0.7124
chr1	512134	512135	17	0.8731
chr1	512234	512235	34	0.8546
chr1	512272	512273	25	0.9365
chr1	512328	512329	29	0.8716
chr1	512375	512376	26	0.8757
chr1	512404	512405	34	0.6725
chr1	512425	512426	32	0.7359
chr1	512464	512465	22	0.8395
chr1	512493	512494	25	0.7294
chr1	512543	512544	32	0.553
chr1	512577	512578	21	0.8081
chr1	512603	512604	21	0.9371
chr1	512643	512644	35	0.7154
chr1	512693	512694	33	0.8474
chr1	512721	512722	34	0.7476
chr1	512745	512746	21	0.8473
chr1	512795	512796	25	0.8066
chr1	512835	512836	30	0.8752
chr1	512885	512886	21	0.8133
chr1	512903	512904	32	0.7958
chr1	513003	513004	31	0.6619
chr1	513093	513094	34	0.8704
chr1	513193	513194	38	0.8847
chr1	513259	513260	34	0.8235
chr1	513359	513360	38	0.8635
chr1	513363	513364	25	0.827
chr1	513437	513438	30	0.8869
chr1	513481	513482	40	1.0
chr1	513503	513504	39	0.5282
chr1	513518	513519	47	0.4136
chr1	513533	513534	33	0.6521
chr1	513550	513551	30	0.7327
chr1	513565	513566	31	0.263
chr1	513615	513616	35	0.254
chr1	513631	513632	35	0.8457
chr1	513646	513647	37	1.0
chr1	513661	513662	30	0.7742
chr1	513686	513687	34	0.5364
chr1	513736	513737	41	1.0
chr1	513761	513762	35	0.988
chr1	513788	513789	23	0.7255
chr1	513811	513812	29	0.2379
chr1	513861	513862	33	0.772
chr1	513878	513879	31	0.6884
chr1	513920	513921	22	0.9541
chr1	513943	513944	30	0.7212
chr1	513958	513959	30	1.0
chr1	514008	514009	27	0.8753
chr1	514023	514024	29	0.7526
chr1	514109	514110	24	0.9936
chr1	514209	514210	36	1.0
chr1	514278	514279	34	1.0
chr1	514358	514359	20	0.9107
chr1	514458	514459	25	1.0
chr1	514558	514559	29	0.5117
chr1	514600	514601	28	0.739
chr1	514614	514615	29	0.7672
chr1	514629	514630	26	0.8691
chr1	514664	514665	23	0.8503
chr1	514714	514715	26	0.8032
chr1	514764	514765	27	0.8912
chr1	514804	514805	29	0.945
chr1	514848	514849	36	1.0
chr1	514871	514872	25	0.957
chr1	514897	514898	25	0.887
chr1	514932	514933	29	0.8973
chr1	514955	514956	20	0.9067
chr1	514991	514992	29	0.8278
chr1	515007	515008	29	0.892
chr1	515043	515044	34	0.8639
chr1	515073	515074	23	0.8365
chr1	515102	515103	33	0.895
chr1	515202	515203	23	0.8381
chr1	515302	515303	25	0.8789
chr1	515352	515353	24	0.843
chr1	515452	515453	39	0.7862
chr1	515552	515553	34	0.7336
chr1	515636	515637	27	1.0
chr1	515659	515660	31	0.6928
chr1	515684	515685	36	0.6401
chr1	515715	515716	14	0.8011
chr1	515749	515750	31	0.8696
chr1	515764	515765	30	0.6618
chr1	515780	515781	29	0.8528
chr1	515815	515816	37	0.7743
chr1	515865	515866	36	0.6632
chr1	515896	515897	32	0.7497
chr1	515920	515921	33	0.7311
chr1	515950	515951	26	0.6028
chr1	515993	515994	35	0.7277
chr1	516008	516009	28	0.8469
chr1	516041	516042	19	0.7813
chr1	516076	516077	30	0.7302
chr1	516120	516121	46	0.7549
chr1	516133	516134	18	0.6909
chr1	516183	516184	29	0.766
chr1	516283	516284	32	0.8651
chr1	516383	516384	44	0.6271
chr1	516467	516468	33	0.6744
chr1	516567	516568	27	0.7584
chr1	516609	516610	38	0.7873
chr1	516657	516658	32	0.0784
chr1	516674	516675	39	0.3556
chr1	516706	516707	31	0.225
chr1	516740	516741	35	0.0796
chr1	516761	516762	24	0.1317
chr1	516804	516805	29	0.0423
chr1	516837	516838	34	0.1259
chr1	516865	516866	35	0.0533
chr1	516915	516916	35	0.1467
chr1	516960	516961	24	0.0644
chr1	516981	516982	29	0.105
chr1	517005	517006	26	0.0853
chr1	517040	517041	33	0.1116
chr1	517090	517091	33	0.2698
chr1	517113	517114	34	0.179
chr1	517213	517214	42	0.089
chr1	517313	517314	34	0.1945
chr1	517413	517414	28	0.0
chr1	517504	517505	32	0.1183
chr1	517538	517539	36	0.0887
chr1	517570	517571	20	0.7081
chr1	517588	517589	28	0.589
chr1	517612	517613	39	0.7268
chr1	517643	517644	27	0.7742
chr1	517658	517659	29	0.5704
chr1	517699	517700	36	0.6265
chr1	517749	517750	29	0.7397
chr1	517795	517796	35	0.7192
chr1	517826	517827	27	0.5239
chr1	517865	517866	28	0.6351
chr1	517881	517882	28	0.7692
chr1	517931	517932	35	0.7429
chr1	517956	517957	28	0.752
chr1	517983	517984	27	0.8199
chr1	518018	518019	29	0.6242
chr1	518046	518047	38	0.5393
chr1	518084	518085	28	0.5637
chr1	518085	518086	33	0.687
chr1	518135	518136	23	0.7416
chr1	518190	518191	28	0.7681
chr1	518290	518291	34	0.7159
chr1	518390	518391	27	0.7173
chr1	518466	518467	24	0.7555
chr1	518566	518567	33	0.8348
chr1	518590	518591	25	0.5944
chr1	518658	518659	29	0.7136
chr1	518668	518669	28	0.8275
chr1	518694	518695	33	0.799
chr1	518716	518717	40	0.8962
chr1	518759	518760	29	0.8633
chr1	518803	518804	34	0.8334
chr1	518845	518846	28	0.9765
chr1	518878	518879	35	0.8127
chr1	518905	518906	32	0.8657
chr1	518955	518956	30	0.8298
chr1	518980	518981	33	0.7918
chr1	519009	519010	25	0.9457
chr1	519029	519030	33	0.8719
chr1	519079	519080	34	0.8355
chr1	519129	519130	30	0.8197
chr1	519177	519178	24	0.8163
chr1	519212	519213	18	0.7041
chr1	519218	519219	35	0.7515
chr1	519268	519269	33	0.7397
chr1	519335	519336	35	0.8497
chr1	519435	519436	26	0.8607
chr1	519493	519494	23	0.8032
chr1	519593	519594	25	0.7668
chr1	519693	519694	22	0.6159
chr1	519697	519698	28	0.7916
chr1	519751	519752	35	0.7639
chr1	519794	519795	26	0.673
chr1	519812	519813	27	0.7629
chr1	519830	519831	16	0.7298
chr1	519880	519881	20	0.6332
chr1	519895	519896	33	0.6759
chr1	519921	519922	23	0.6077
chr1	519971	519972	37	0.5502
chr1	520009	520010	31	0.8304
chr1	520055	520056	34	0.7159
chr1	520105	520106	34	0.764
chr1	520120	520121	37	0.6912
chr1	520159	520160	36	0.7014
chr1	520190	520191	23	0.8615
chr1	520229	520230	27	0.8198
chr1	520271	520272	23	0.6955
chr1	520292	520293	26	0.6239
chr1	520372	520373	26	0.698
chr1	520465	520466	35	0.6672
chr1	520557	520558	37	0.8786
chr1	520617	520618	25	0.7377
chr1	520667	520668	32	0.7102
chr1	520734	520735	31	0.7011
chr1	520818	520819	25	0.7442
chr1	520822	520823	26	0.7652
chr1	520830	520831	29	0.3547
chr1	520865	520866	30	0.4594
chr1	520882	520883	35	0.4515
chr1	520897	520898	25	0.5541
chr1	520929	520930	21	0.4022
chr1	520944	520945	35	0.4415
chr1	520994	520995	32	0.6785
chr1	521015	521016	32	0.4435
chr1	521046	521047	23	0.36
chr1	521071	521072	29	0.6774
chr1	521093	521094	38	0.4776
chr1	521142	521143	23	0.5325
chr1	521157	521158	39	0.6419
chr1	521176	521177	18	0.7585
chr1	521191	521192	27	0.6497
chr1	521235	521236	26	0.5198
chr1	521266	521267	31	0.6479
chr1	521338	521339	36	0.6656
chr1	521438	521439	26	0.6272
chr1	521501	521502	28	0.6108
chr1	521593	521594	30	0.4543
chr1	521667	521668	29	0.4148
chr1	521709	521710	27	0.757
chr1	521739	521740	26	0.7292
chr1	521827	521828	32	0.727
chr1	521897	521898	26	0.737
chr1	522023	522024	31	0.6036
chr1	522029	522030	29	0.5398
chr1	522055	522056	34	0.6464
chr1	522129	522130	27	0.5449
chr1	522147	522148	30	0.665
chr1	522176	522177	25	0.8967
chr1	522201	522202	32	0.8149
chr1	522251	522252	38	0.6823
chr1	522301	522302	27	0.7248
chr1	522329	522330	29	0.6823
chr1	522352	522353	26	0.8228
chr1	522392	522393	33	0.7424
chr1	522419	522420	26	0.7304
chr1	522439	522440	30	0.8482
chr1	522457	522458	20	0.6847
chr1	522503	522504	24	0.6456
chr1	522550	522551	23	0.7958
chr1	522600	522601	32	0.7286
chr1	522650	522651	32	0.8568
chr1	522678	522679	34	0.6467
chr1	522693	522694	36	0.7975
chr1	522694	522695	34	0.6766
chr1	522794	522795	22	0.6603
chr1	522894	522895	26	0.6713
chr1	522944	522945	17	0.7093
chr1	523044	523045	29	0.912
chr1	523140	523141	32	0.5546
chr1	523240	523241	35	0.4807
chr1	523318	523319	28	0.7758
chr1	523327	523328	35	0.5586
chr1	523357	523358	26	0.6516
chr1	523372	523373	21	0.7401
chr1	523422	523423	39	0.6819
chr1	523453	523454	33	0.6016
chr1	523503	523504	32	0.5222
chr1	523518	523519	32	0.4979
chr1	523568	523569	31	0.6964
chr1	523587	523588	29	0.7289
chr1	523605	523606	26	0.5585
chr1	523625	523626	35	0.6117
chr1	523640	523641	33	0.7108
chr1	523690	523691	24	0.7353
chr1	523717	523718	29	0.6501
chr1	523738	523739	26	0.6758
chr1	523788	523789	36	0.6532
chr1	523814	523815	27	0.5583
chr1	523842	523843	34	0.601
chr1	523848	523849	21	0.8492
chr1	523909	523910	29	0.6915
chr1	523993	523994	34	0.6359
chr1	524089	524090	33	0.6251
chr1	524144	524145	34	0.5003
chr1	524203	524204	34	0.7839
chr1	524297	524298	36	0.4513
chr1	524301	524302	28	0.7357
chr1	524471	524472	31	0.9615
chr1	524505	524506	24	0.7047
chr1	524577	524578	27	0.9437
chr1	524691	524692	37	0.6942
chr1	524728	524729	30	0.9158
chr1	524778	524779	21	0.9044
chr1	524794	524795	35	0.8565
chr1	524828	524829	23	0.9377
chr1	524867	524868	29	0.7204
chr1	524901	524902	32	0.9667
chr1	524940	524941	24	0.9375
chr1	524967	524968	33	0.8437
chr1	524983	524984	31	0.8858
chr1	525012	525013	27	0.8841
chr1	525027	525028	26	0.8505
chr1	525059	525060	26	0.8192
chr1	525074	525075	34	0.8358
chr1	525104	525105	29	0.7408
chr1	525154	525155	22	0.9584
chr1	525178	525179	23	0.7695
chr1	525195	525196	22	1.0
chr1	525295	525296	36	0.8952
chr1	525350	525351	32	0.9407
chr1	525400	525401	24	0.8361
chr1	525500	525501	24	0.8209
chr1	525594	525595	29	0.8057
chr1	525650	525651	26	0.9336
chr1	525684	525685	39	0.7438
chr1	525709	525710	28	0.6016
chr1	525725	525726	26	0.8753
chr1	525752	525753	33	0.8813
chr1	525787	525788	29	0.7034
chr1	525805	525806	30	0.7849
chr1	525855	525856	35	0.8763
chr1	525905	525906	29	0.7913
chr1	525929	525930	30	0.8606
chr1	525956	525957	34	0.8583
chr1	525994	525995	28	0.7476
chr1	526037	526038	31	0.7851
chr1	526084	526085	29	0.6269
chr1	526117	526118	19	0.817
chr1	526151	526152	31	0.8249
chr1	526251	526252	28	0.7094
chr1	526351	526352	27	0.7529
chr1	526451	526452	20	0.9284
chr1	526551	526552	21	0.7717
chr1	526571	526572	40	0.8548
chr1	526610	526611	21	0.5166
chr1	526628	526629	32	0.5481
chr1	526648	526649	37	0.6777
chr1	526670	526671	30	0.7492
chr1	526690	526691	33	0.6663
chr1	526736	526737	27	0.6129
chr1	526764	526765	36	0.7158
chr1	526786	526787	39	0.6906
chr1	526806	526807	25	0.7127
chr1	526856	526857	34	0.6207
chr1	526906	526907	36	0.886
chr1	526948	526949	28	0.8215
chr1	526984	526985	26	0.6017
chr1	527034	527035	27	0.6103
chr1	527050	527051	33	0.7738
chr1	527100	527101	32	0.6658
chr1	527124	527125	34	0.7761
chr1	527149	527150	36	0.6653
chr1	527167	527168	27	0.5776
chr1	527184	527185	19	0.6574
chr1	527208	527209	25	0.6597
chr1	527301	527302	26	0.7649
chr1	527392	527393	30	0.7301
chr1	527492	527493	30	0.5203
chr1	527542	527543	26	0.6913
chr1	527642	527643	22	0.7613
chr1	527740	527741	26	0.6376
chr1	527822	527823	36	0.7648
chr1	527862	527863	34	0.8487
chr1	527904	527905	33	0.8608
chr1	527945	527946	34	0.6328
chr1	527992	527993	16	0.7294
chr1	528042	528043	31	0.7746
chr1	528057	528058	35	0.8543
chr1	528072	528073	32	0.8383
chr1	528111	528112	33	0.7013
chr1	528153	528154	29	0.7495
chr1	528203	528204	23	0.7891
chr1	528253	528254	30	0.873
chr1	528268	528269	22	0.7508
chr1	528285	528286	31	0.9234
chr1	528300	528301	23	0.7647
chr1	528340	528341	23	0.7966
chr1	528368	528369	34	0.9393
chr1	528373	528374	23	0.9195
chr1	528473	528474	38	0.8544
chr1	528573	528574	34	0.8362
chr1	528673	528674	32	0.9285
chr1	528773	528774	34	0.8011
chr1	528872	528873	26	0.6371
chr1	528880	528881	31	0.8193
chr1	528948	528949	36	0.8394
chr1	528979	528980	26	0.7971
chr1	529029	529030	31	0.7786
chr1	529049	529050	25	0.9052
chr1	529099	529100	35	1.0
chr1	529125	529126	27	0.999
chr1	529175	529176	33	0.8349
chr1	529200	529201	29	0.9363
chr1	529231	529232	30	0.8397
chr1	529262	529263	27	0.8053
chr1	529290	529291	30	0.7304
chr1	529325	529326	32	0.9126
chr1	529340	529341	33	0.8792
chr1	529371	529372	24	1.0
chr1	529412	529413	22	0.9872
chr1	529441	529442	30	0.9438
chr1	529491	529492	21	0.8187
chr1	529525	529526	32	0.9193
chr1	529562	529563	29	0.9416
chr1	529647	529648	27	0.8915
chr1	529735	529736	26	0.9071
chr1	529785	529786	34	1.0
chr1	529850	529851	18	1.0
chr1	529950	529951	23	0.7349
chr1	530009	530010	33	0.8864
chr1	530109	530110	31	0.8441
chr1	530113	530114	27	0.8562
chr1	530135	530136	27	0.8796
chr1	530180	530181	30	0.6423
chr1	530230	530231	21	0.5466
chr1	530245	530246	32	0.5778
chr1	530295	530296	32	0.4653
chr1	530319	530320	29	0.4355
chr1	530334	530335	28	0.5927
chr1	530350	530351	31	0.5909
chr1	530394	530395	25	0.615
chr1	530440	530441	24	0.6962
chr1	530471	530472	37	0.597
chr1	530521	530522	34	0.71
chr1	530571	530572	26	0.4807
chr1	530621	530622	29	0.5781
chr1	530671	530672	36	0.6678
chr1	530703	530704	30	0.708
chr1	530742	530743	22	0.5337
chr1	530751	530752	33	0.7179
chr1	530851	530852	27	0.6464
chr1	530901	530902	30	0.6048
chr1	531001	531002	25	0.5356
chr1	531101	531102	34	0.6932
chr1	531201	531202	31	0.6534
chr1	531271	531272	28	0.5025
chr1	531291	531292	25	0.5029
chr1	531335	531336	30	0.6079
chr1	531353	531354	40	0.8312
chr1	531379	531380	29	0.7785
chr1	531421	531422	29	0.7482
chr1	531452	531453	34	0.6934
chr1	531467	531468	30	1.0
chr1	531517	531518	25	0.6949
chr1	531545	531546	39	0.957
chr1	531563	531564	25	0.8377
chr1	531595	531596	27	0.7992
chr1	531644	531645	28	0.7887
chr1	531694	531695	29	0.842
chr1	531722	531723	27	0.8248
chr1	531754	531755	27	0.9373
chr1	531783	531784	28	0.9368
chr1	531818	531819	23	0.704
chr1	531840	531841	26	0.8358
chr1	531864	531865	25	0.8996
chr1	531884	531885	24	0.8651
chr1	531902	531903	27	0.7346
chr1	531908	531909	30	0.9314
chr1	532008	532009	32	0.9094
chr1	532102	532103	28	0.605
chr1	532161	532162	33	0.8461
chr1	532211	532212	21	0.6585
chr1	532261	532262	25	0.7633
chr1	532361	532362	28	0.8946
chr1	532457	532458	29	0.8244
chr1	532469	532470	30	0.9593
chr1	532479	532480	32	0.751
chr1	532489	532490	37	0.5072
chr1	532508	532509	28	0.3386
chr1	532530	532531	26	0.4284
chr1	532580	532581	29	0.2507
chr1	532623	532624	31	0.4583
chr1	532673	532674	32	0.3489
chr1	532689	532690	30	0.2619
chr1	532726	532727	19	0.269
chr1	532750	532751	27	0.2553
chr1	532779	532780	29	0.5168
chr1	532799	532800	29	0.218
chr1	532838	532839	44	0.1976
chr1	532880	532881	23	0.1199
chr1	532906	532907	33	0.3871
chr1	532939	532940	31	0.2562
chr1	532973	532974	25	0.2471
chr1	533073	533074	23	0.4266
chr1	533173	533174	25	0.4165
chr1	533242	533243	32	0.3237
chr1	533309	533310	23	0.4115
chr1	533409	533410	28	0.2603
chr1	533583	533584	18	0.1844
chr1	533619	533620	34	0.0226
chr1	533709	533710	33	0.188
chr1	533733	533734	28	0.1303
chr1	533735	533736	26	0.0957
chr1	533767	533768	36	0.2513
chr1	533775	533776	29	0.2338
chr1	533789	533790	26	0.0337
chr1	533833	533834	26	0.3371
chr1	533852	533853	35	0.8153
chr1	533878	533879	31	0.8693
chr1	533923	533924	32	0.982
chr1	533945	533946	26	0.8946
chr1	533966	533967	36	0.6577
chr1	534012	534013	39	1.0
chr1	534035	534036	28	0.8901
chr1	534066	534067	19	0.9036
chr1	534081	534082	32	0.7941
chr1	534096	534097	23	0.9742
chr1	534146	534147	29	0.8845
chr1	534196	534197	32	0.863
chr1	534216	534217	31	0.8303
chr1	534231	534232	32	0.9502
chr1	534261	534262	24	0.9095
chr1	534286	534287	26	0.8036
chr1	534308	534309	31	1.0
chr1	534328	534329	28	0.8278
chr1	534374	534375	33	0.8363
chr1	534377	534378	35	1.0
chr1	534477	534478	32	0.801
chr1	534577	534578	28	0.8139
chr1	534652	534653	23	0.8101
chr1	534718	534719	34	0.8938
chr1	534818	534819	33	0.7518
chr1	534826	534827	26	0.9549
chr1	534854	534855	33	0.823
chr1	534892	534893	38	0.9395
chr1	534926	534927	34	0.8346
chr1	534975	534976	32	0.8376
chr1	534992	534993	20	0.7512
chr1	535030	535031	28	0.8556
chr1	535052	535053	27	0.8063
chr1	535085	535086	37	0.8195
chr1	535128	535129	35	0.7086
chr1	535165	535166	31	0.8024
chr1	535189	535190	35	0.7703
chr1	535217	535218	37	0.7799
chr1	535267	535268	34	0.7068
chr1	535293	535294	30	0.894
chr1	535331	535332	38	0.6798
chr1	535341	535342	29	0.6502
chr1	535439	535440	32	0.8419
chr1	535494	535495	22	0.7658
chr1	535560	535561	32	0.793
chr1	535645	535646	31	1.0
chr1	535704	535705	35	0.8111
chr1	535768	535769	24	0.7372
chr1	535832	535833	38	0.8417
chr1	535850	535851	32	0.6678
chr1	535892	535893	30	0.5827
chr1	535942	535943	24	0.588
chr1	535963	535964	33	0.759
chr1	535978	535979	35	0.5659
chr1	536024	536025	36	0.4042
chr1	536039	536040	27	0.5492
chr1	536063	536064	30	0.5361
chr1	536090	536091	34	0.4698
chr1	536127	536128	26	0.707
chr1	536177	536178	28	0.6487
chr1	536194	536195	33	0.5232
chr1	536213	536214	33	0.6027
chr1	536245	536246	34	0.5607
chr1	536260	536261	28	0.6178
chr1	536298	536299	24	0.7507
chr1	536316	536317	24	0.6163
chr1	536338	536339	27	0.3964
chr1	536342	536343	29	0.7587
chr1	536434	536435	28	0.7886
chr1	536534	536535	27	0.4678
chr1	536634	536635	31	0.6262
chr1	536734	536735	30	0.5335
chr1	536784	536785	28	0.5939
chr1	536836	536837	27	0.7012
chr1	536881	536882	28	0.6561
chr1	536908	536909	30	0.756
chr1	536958	536959	25	0.6933
chr1	536985	536986	32	0.6812
chr1	537010	537011	43	0.7081
chr1	537055	537056	22	0.7855
chr1	537071	537072	22	0.6893
chr1	537117	537118	30	0.5372
chr1	537154	537155	29	0.7337
chr1	537179	537180	41	0.6117
chr1	537205	537206	23	0.442
chr1	537221	537222	31	0.5952
chr1	537241	537242	28	0.7471
chr1	537278	537279	33	0.5572
chr1	537320	537321	28	0.5651
chr1	537343	537344	27	0.7923
chr1	537344	537345	24	0.611
chr1	537444	537445	22	0.7261
chr1	537494	537495	27	0.5997
chr1	537590	537591	36	0.7145
chr1	537690	537691	32	0.6113
chr1	537768	537769	27	0.7067
chr1	537772	537773	22	0.6821
chr1	537787	537788	31	0.6787
chr1	537813	537814	34	0.7355
chr1	537863	537864	25	0.8249
chr1	537888	537889	33	0.7399
chr1	537938	537939	26	0.8507
chr1	537957	537958	36	0.8697
chr1	537972	537973	38	0.702
chr1	537996	537997	26	0.786
chr1	538026	538027	35	0.8285
chr1	538065	538066	30	0.8964
chr1	538080	538081	31	0.8006
chr1	538106	538107	21	0.8036
chr1	538121	538122	32	0.7577
chr1	538139	538140	38	0.9294
chr1	538165	538166	40	0.9298
chr1	538191	538192	28	0.8367
chr1	538241	538242	19	0.9656
chr1	538250	538251	32	0.798
chr1	538326	538327	32	0.8238
chr1	538426	538427	33	0.7057
chr1	538476	538477	20	0.81
chr1	538576	538577	25	0.775
chr1	538627	538628	28	0.8711
chr1	538631	538632	26	0.8567
chr1	538711	538712	33	0.7993
chr1	538720	538721	28	0.5983
chr1	538739	538740	34	0.6229
chr1	538762	538763	21	0.6902
chr1	538807	538808	34	0.8233
chr1	538828	538829	30	0.8731
chr1	538843	538844	33	0.6109
chr1	538865	538866	27	0.7733
chr1	538915	538916	32	0.6969
chr1	538941	538942	21	0.744
chr1	538991	538992	24	0.6447
chr1	539041	539042	30	0.5058
chr1	539072	539073	27	0.6064
chr1	539090	539091	34	0.7146
chr1	539130	539131	36	0.5899
chr1	539151	539152	29	0.5168
chr1	539197	539198	30	0.4928
chr1	539263	539264	40	0.4875
chr1	539363	539364	32	0.6388
chr1	539453	539454	24	0.609
chr1	539538	539539	35	0.706
chr1	539634	539635	19	0.5931
chr1	539668	539669	18	0.9111
chr1	539720	539721	24	0.9481
chr1	539890	539891	30	0.8617
chr1	539902	539903	21	0.7445
chr1	539912	539913	33	0.8056
chr1	539914	539915	33	0.9474
chr1	540008	540009	38	0.8744
chr1	540132	540133	21	0.7252
chr1	540171	540172	25	0.4841
chr1	540207	540208	26	0.2528
chr1	540222	540223	31	0.2591
chr1	540255	540256	28	0.4071
chr1	540274	540275	37	0.3779
chr1	540324	540325	38	0.4184
chr1	540352	540353	36	0.3143
chr1	540367	540368	34	0.2781
chr1	540396	540397	27	0.3013
chr1	540446	540447	28	0.4008
chr1	540482	540483	30	0.3977
chr1	540503	540504	30	0.2936
chr1	540530	540531	33	0.2608
chr1	540547	540548	20	0.4256
chr1	540577	540578	24	0.3669
chr1	540581	540582	24	0.3045
chr1	540664	540665	28	0.4133
chr1	540764	540765	27	0.5231
chr1	540864	540865	15	0.2246
chr1	540944	540945	26	0.2745
chr1	541024	541025	29	0.2127
chr1	541036	541037	29	0.4172
chr1	541055	541056	28	0.2145
chr1	541070	541071	26	0.2401
chr1	541085	541086	28	0.2661
chr1	541105	541106	32	0.2238
chr1	541150	541151	27	0.2558
chr1	541200	541201	31	0.0886
chr1	541219	541220	22	0.105
chr1	541244	541245	33	0.3815
chr1	541278	541279	30	0.152
chr1	541307	541308	31	0.1008
chr1	541330	541331	32	0.4018
chr1	541355	541356	36	0.1922
chr1	541393	541394	26	0.2678
chr1	541433	541434	33	0.1827
chr1	541480	541481	28	0.2315
chr1	541503	541504	30	0.1572
chr1	541521	541522	33	0.3156
chr1	541553	541554	24	0.1862
chr1	541648	541649	32	0.3401
chr1	541698	541699	32	0.1484
chr1	541798	541799	31	0.2068
chr1	541898	541899	24	0.2999
chr1	541998	541999	28	0.2083
chr1	542098	542099	28	0.0547
chr1	542109	542110	29	0.6297
chr1	542135	542136	25	0.8034
chr1	542150	542151	38	0.706
chr1	542200	542201	25	0.7609
chr1	542230	542231	23	0.563
chr1	542269	542270	19	0.6782
chr1	542297	542298	30	0.6557
chr1	542317	542318	40	0.5417
chr1	542354	542355	33	0.7401
chr1	542393	542394	25	0.6097
chr1	542427	542428	22	0.8388
chr1	542460	542461	26	0.7186
chr1	542490	542491	27	0.7004
chr1	542540	542541	32	0.6417
chr1	542588	542589	24	0.5795
chr1	542603	542604	35	0.6163
chr1	542649	542650	32	0.7727
chr1	542664	542665	21	0.7878
chr1	542740	542741	26	0.5336
chr1	542840	542841	34	0.613
chr1	542940	542941	27	0.6709
chr1	543040	543041	23	0.7527
chr1	543140	543141	32	0.8231
chr1	543212	543213	25	0.6335
chr1	543224	543225	31	0.5809
chr1	543232	543233	30	0.4193
chr1	543247	543248	35	0.6681
chr1	543278	543279	30	0.6068
chr1	543324	543325	27	0.5782
chr1	543360	543361	27	0.64
chr1	543381	543382	28	0.4962
chr1	543406	543407	28	0.6486
chr1	543456	543457	29	0.476
chr1	543502	543503	35	0.5728
chr1	543517	543518	19	0.5674
chr1	543567	543568	39	0.528
chr1	543617	543618	34	0.4319
chr1	543632	543633	26	0.5577
chr1	543670	543671	29	0.4216
chr1	543689	543690	33	0.4125
chr1	543734	543735	33	0.6375
chr1	543773	543774	37	0.5903
chr1	543794	543795	31	0.7257
chr1	543797	543798	40	0.5625
chr1	543897	543898	26	0.5023
chr1	543997	543998	30	0.6941
chr1	544063	544064	36	0.4182
chr1	544163	544164	29	0.5679
chr1	544213	544214	32	0.5547
chr1	544313	544314	19	0.6719
chr1	544317	544318	33	0.8244
chr1	544353	544354	38	0.6533
chr1	544425	544426	40	0.7433
chr1	544511	544512	27	0.8562
chr1	544533	544534	39	0.7263
chr1	544591	544592	32	0.7127
chr1	544631	544632	29	0.8163
chr1	544675	544676	33	0.7748
chr1	544687	544688	33	0.8349
chr1	544724	544725	30	0.505
chr1	544760	544761	25	0.513
chr1	544787	544788	25	0.6632
chr1	544823	544824	30	0.4984
chr1	544855	544856	28	0.4933
chr1	544874	544875	25	0.6499
chr1	544893	544894	25	0.6287
chr1	544943	544944	29	0.5457
chr1	544993	544994	21	0.6019
chr1	545014	545015	30	0.502
chr1	545041	545042	24	0.5812
chr1	545091	545092	28	0.4654
chr1	545133	545134	26	0.5904
chr1	545183	545184	29	0.6361
chr1	545204	545205	32	0.5685
chr1	545227	545228	28	0.5789
chr1	545277	545278	31	0.4538
chr1	545343	545344	43	0.5296
chr1	545443	545444	25	0.47
chr1	545543	545544	21	0.555
chr1	545643	545644	34	0.5456
chr1	545699	545700	36	0.4391
chr1	545715	545716	34	0.6286
chr1	545752	545753	28	0.2256
chr1	545772	545773	27	0.2611
chr1	545816	545817	38	0.0943
chr1	545856	545857	37	0.1099
chr1	545906	545907	29	0.1048
chr1	545938	545939	33	0.1362
chr1	545988	545989	29	0.1088
chr1	546029	546030	32	0.1463
chr1	546047	546048	26	0.0562
chr1	546081	546082	35	0.0511
chr1	546107	546108	30	0.0771
chr1	546157	546158	28	0.0
chr1	546173	546174	27	0.0
chr1	546242	546243	23	0.1533
chr1	546292	546293	37	0.1427
chr1	546392	546393	28	0.2334
chr1	546474	546475	24	0.0333
chr1	546524	546525	36	0.0589
chr1	546538	546539	28	0.0645
chr1	546563	546564	30	0.8743
chr1	546609	546610	23	0.8522
chr1	546647	546648	26	0.8773
chr1	546694	546695	43	0.9416
chr1	546744	546745	27	0.7203
chr1	546775	546776	26	0.8612
chr1	546825	546826	29	0.7776
chr1	546848	546849	30	0.8702
chr1	546873	546874	26	0.7992
chr1	546908	546909	25	0.9814
chr1	546930	546931	32	0.7644
chr1	546966	546967	30	0.6906
chr1	546982	546983	33	0.8378
chr1	546997	546998	29	0.6415
chr1	547047	547048	34	0.78
chr1	547074	547075	32	0.7215
chr1	547124	547125	33	0.7981
chr1	547224	547225	21	0.729
chr1	547301	547302	26	0.7213
chr1	547401	547402	31	0.7774
chr1	547501	547502	27	0.7528
chr1	547570	547571	22	0.9011
chr1	547650	547651	34	0.9467
chr1	547693	547694	31	0.9699
chr1	547723	547724	25	0.901
chr1	547746	547747	27	0.9795
chr1	547776	547777	39	0.9075
chr1	547791	547792	24	0.9796
chr1	547816	547817	26	0.9487
chr1	547832	547833	30	0.9093
chr1	547847	547848	28	1.0
chr1	547870	547871	24	0.8349
chr1	547890	547891	30	0.797
chr1	547919	547920	22	0.833
chr1	547952	547953	20	0.8222
chr1	547987	547988	32	0.9096
chr1	548020	548021	25	0.8802
chr1	548046	548047	35	0.7836
chr1	548096	548097	29	0.8422
chr1	548144	548145	30	0.8324
chr1	548162	548163	39	0.7306
chr1	548196	548197	21	0.8982
chr1	548296	548297	37	0.9145
chr1	548382	548383	29	0.8733
chr1	548432	548433	38	0.9257
chr1	548532	548533	39	0.8561
chr1	548632	548633	34	0.709
chr1	548714	548715	20	0.9482
chr1	548746	548747	40	0.7892
chr1	548796	548797	22	0.6808
chr1	548846	548847	31	0.6216
chr1	548865	548866	29	0.6628
chr1	548886	548887	22	0.7792
chr1	548919	548920	30	0.7866
chr1	548943	548944	30	0.7187
chr1	548960	548961	28	0.8317
chr1	548975	548976	28	0.6798
chr1	549014	549015	26	0.8678
chr1	549033	549034	34	0.85
chr1	549083	549084	26	0.8231
chr1	549119	549120	34	0.8418
chr1	549145	549146	28	0.8039
chr1	549170	549171	36	0.6533
chr1	549197	549198	41	0.7474
chr1	549220	549221	32	0.893
chr1	549247	549248	30	0.779
chr1	549274	549275	29	0.8054
chr1	549289	549290	29	0.6765
chr1	549307	549308	28	0.8472
chr1	549328	549329	34	0.8741
chr1	549428	549429	32	0.8389
chr1	549520	549521	29	0.8152
chr1	549620	549621	30	0.6577
chr1	549698	549699	25	0.7086
chr1	549786	549787	29	0.8293
chr1	549836	549837	35	0.84
chr1	549886	549887	29	0.8252
chr1	549908	549909	23	0.6991
chr1	549960	549961	31	0.7275
chr1	549978	549979	32	0.7165
chr1	549993	549994	35	0.6547
chr1	550028	550029	35	0.7004
chr1	550062	550063	24	0.7191
chr1	550099	550100	31	0.6207
chr1	550122	550123	29	0.7697
chr1	550167	550168	28	0.7094
chr1	550207	550208	33	0.8262
chr1	550241	550242	36	0.6851
chr1	550284	550285	22	0.8199
chr1	550299	550300	27	0.6135
chr1	550349	550350	32	0.7484
chr1	550396	550397	25	0.7353
chr1	550414	550415	23	0.7129
chr1	550448	550449	19	0.6896
chr1	550463	550464	36	0.8235
chr1	550472	550473	31	0.8724
chr1	550557	550558	35	0.6548
chr1	550657	550658	33	0.6941
chr1	550743	550744	33	0.5922
chr1	550807	550808	32	0.8855
chr1	550907	550908	30	0.7995
chr1	550957	550958	36	0.7389
chr1	551001	551002	32	0.6002
chr1	551025	551026	27	0.6967
chr1	551062	551063	27	0.6538
chr1	551088	551089	28	0.5902
chr1	551121	551122	27	0.6074
chr1	551138	551139	21	0.6445
chr1	551174	551175	25	0.6049
chr1	551197	551198	34	0.7051
chr1	551225	551226	32	0.6385
chr1	551265	551266	33	0.6333
chr1	551315	551316	27	0.7138
chr1	551335	551336	25	0.6713
chr1	551371	551372	31	0.5795
chr1	551388	551389	31	0.6313
chr1	551414	551415	35	0.6012
chr1	551459	551460	29	0.5262
chr1	551483	551484	34	0.7141
chr1	551531	551532	41	0.5642
chr1	551557	551558	26	0.5577
chr1	551571	551572	40	0.7142
chr1	551671	551672	32	0.7401
chr1	551771	551772	27	0.562
chr1	551821	551822	27	0.5174
chr1	551901	551902	34	0.7087
chr1	551961	551962	33	0.6243
chr1	552027	552028	26	0.7242
chr1	552041	552042	31	0.7832
chr1	552111	552112	24	0.6515
chr1	552153	552154	30	0.8072
chr1	552187	552188	28	0.8667
chr1	552202	552203	31	0.7348
chr1	552223	552224	28	0.5936
chr1	552259	552260	24	0.6536
chr1	552275	552276	41	0.5666
chr1	552291	552292	21	0.7963
chr1	552308	552309	30	0.7986
chr1	552333	552334	23	0.7571
chr1	552376	552377	31	0.872
chr1	552416	552417	29	0.8173
chr1	552465	552466	32	0.8985
chr1	552480	552481	31	0.7182
chr1	552513	552514	36	0.8195
chr1	552543	552544	33	0.7666
chr1	552567	552568	28	0.8209
chr1	552610	552611	31	0.8429
chr1	552641	552642	31	0.7435
chr1	552657	552658	26	0.6842
chr1	552717	552718	27	0.6586
chr1	552777	552778	32	0.6951
chr1	552851	552852	26	0.7371
chr1	552951	552952	25	0.7868
chr1	553051	553052	34	0.5714
chr1	553101	553102	30	0.6459
chr1	553151	553152	31	0.9604
chr1	553195	553196	35	0.7208
chr1	553235	553236	29	0.8415
chr1	553282	553283	31	0.8091
chr1	553303	553304	25	0.7747
chr1	553353	553354	28	0.6856
chr1	553368	553369	27	0.6394
chr1	553384	553385	34	0.6816
chr1	553408	553409	27	0.7945
chr1	553441	553442	34	0.8062
chr1	553466	553467	29	0.8745
chr1	553513	553514	18	0.8865
chr1	553563	553564	27	0.8482
chr1	553578	553579	30	0.5434
chr1	553600	553601	28	0.8151
chr1	553617	553618	30	0.7353
chr1	553639	553640	28	0.7568
chr1	553662	553663	28	0.847
chr1	553694	553695	25	0.7308
chr1	553722	553723	25	0.7674
chr1	553742	553743	33	0.5544
chr1	553789	553790	35	0.6326
chr1	553800	553801	26	0.6196
chr1	553900	553901	40	0.7717
chr1	554000	554001	33	0.7262
chr1	554079	554080	25	0.6964
chr1	554129	554130	27	0.8078
chr1	554226	554227	32	0.6136
chr1	554250	554251	28	0.7807
chr1	554266	554267	19	0.7784
chr1	554282	554283	26	0.0814
chr1	554327	554328	23	0.1882
chr1	554367	554368	29	0.1832
chr1	554417	554418	32	0.2156
chr1	554467	554468	28	0.0
chr1	554482	554483	19	0.0
chr1	554504	554505	30	0.187
chr1	554554	554555	26	0.0889
chr1	554604	554605	28	0.0952
chr1	554643	554644	33	0.1344
chr1	554687	554688	35	0.2002
chr1	554693	554694	39	0.0616
chr1	554783	554784	28	0.142
chr1	554883	554884	37	0.0
chr1	554983	554984	27	0.097
chr1	555068	555069	33	0.0793
chr1	555136	555137	33	0.0776
chr1	555142	555143	37	0.4656
chr1	555169	555170	38	0.5645
chr1	555215	555216	28	0.5344
chr1	555258	555259	30	0.4679
chr1	555308	555309	33	0.4044
chr1	555323	555324	26	0.3539
chr1	555360	555361	31	0.6125
chr1	555387	555388	32	0.4961
chr1	555424	555425	29	0.5444
chr1	555452	555453	25	0.6578
chr1	555480	555481	27	0.7359
chr1	555525	555526	24	0.5417
chr1	555545	555546	36	0.7192
chr1	555562	555563	33	0.6184
chr1	555612	555613	29	0.4525
chr1	555636	555637	39	0.5417
chr1	555675	555676	27	0.5532
chr1	555685	555686	33	0.5823
chr1	555785	555786	32	0.5028
chr1	555875	555876	31	0.6532
chr1	555975	555976	26	0.5301
chr1	556025	556026	22	0.6287
chr1	556125	556126	26	0.4778
chr1	556211	556212	30	0.5156
chr1	556217	556218	25	0.6471
chr1	556279	556280	30	0.7407
chr1	556349	556350	32	0.8333
chr1	556451	556452	36	0.7807
chr1	556455	556456	27	0.642
chr1	556501	556502	31	0.8201
chr1	556643	556644	30	0.5606
chr1	556671	556672	25	1.0
chr1	556709	556710	23	0.911
chr1	556746	556747	21	0.6837
chr1	556761	556762	38	0.8741
chr1	556784	556785	32	0.8829
chr1	556799	556800	38	0.8922
chr1	556849	556850	26	0.7938
chr1	556866	556867	27	0.6793
chr1	556905	556906	31	0.92
chr1	556942	556943	28	0.7916
chr1	556957	556958	24	0.7879
chr1	556978	556979	29	0.8105
chr1	557028	557029	25	0.6696
chr1	557051	557052	39	0.9705
chr1	557086	557087	32	0.7976
chr1	557136	557137	28	0.6921
chr1	557172	557173	30	0.7862
chr1	557194	557195	31	0.8335
chr1	557244	557245	37	0.8155
chr1	557344	557345	30	0.785
chr1	557444	557445	31	0.7581
chr1	557544	557545	34	0.7973
chr1	557644	557645	41	1.0
chr1	557694	557695	33	0.7383
chr1	557742	557743	25	0.9013
chr1	557752	557753	37	0.768
chr1	557767	557768	21	0.7238
chr1	557783	557784	34	0.6934
chr1	557822	557823	23	0.6979
chr1	557840	557841	27	0.783
chr1	557871	557872	29	0.7824
chr1	557915	557916	26	0.9493
chr1	557952	557953	25	0.8814
chr1	557967	557968	29	0.6983
chr1	558007	558008	32	0.8416
chr1	558033	558034	35	0.6557
chr1	558056	558057	35	0.5196
chr1	558087	558088	30	0.7002
chr1	558114	558115	37	0.7562
chr1	558148	558149	25	0.6392
chr1	558165	558166	31	0.7867
chr1	558198	558199	25	0.7745
chr1	558217	558218	32	0.8247
chr1	558223	558224	29	0.6924
chr1	558323	558324	31	0.6832
chr1	558420	558421	33	0.8027
chr1	558520	558521	20	0.5607
chr1	558597	558598	29	0.7426
chr1	558629	558630	26	0.8773
chr1	558671	558672	30	0.8922
chr1	558679	558680	21	0.9028
chr1	558911	558912	36	0.6609
chr1	558969	558970	32	0.946
chr1	559029	559030	30	0.784
chr1	559063	559064	24	0.9592
chr1	559093	559094	22	0.5716
chr1	559119	559120	27	0.7174
chr1	559142	559143	22	0.7501
chr1	559182	559183	32	0.724
chr1	559213	559214	30	0.8146
chr1	559263	559264	34	0.655
chr1	559287	559288	30	0.7654
chr1	559337	559338	38	0.6071
chr1	559387	559388	31	0.8092
chr1	559437	559438	30	0.7424
chr1	559456	559457	22	0.6819
chr1	559488	559489	27	0.7637
chr1	559518	559519	29	0.632
chr1	559559	559560	28	0.8128
chr1	559562	559563	25	0.8796
chr1	559640	559641	25	0.7687
chr1	559740	559741	24	0.6014
chr1	559890	559891	20	0.5857
chr1	559980	559981	30	0.7318
chr1	560030	560031	23	0.5906
chr1	560060	560061	41	0.8689
chr1	560098	560099	24	0.6565
chr1	560103	560104	23	0.473
chr1	560119	560120	34	0.6094
chr1	560147	560148	18	0.6901
chr1	560171	560172	36	0.7192
chr1	560187	560188	30	0.5798
chr1	560215	560216	25	0.6622
chr1	560230	560231	29	0.6288
chr1	560248	560249	33	0.5466
chr1	560298	560299	26	0.5022
chr1	560334	560335	28	0.6362
chr1	560356	560357	26	0.7632
chr1	560371	560372	32	0.7074
chr1	560386	560387	31	0.6747
chr1	560427	560428	32	0.6642
chr1	560442	560443	21	0.4294
chr1	560488	560489	32	0.5578
chr1	560527	560528	28	0.6927
chr1	560627	560628	29	0.7061
chr1	560697	560698	22	0.6442
chr1	560797	560798	32	0.7971
chr1	560897	560898	27	0.4498
chr1	560925	560926	27	0.8504
chr1	561053	561054	33	0.7796
chr1	561065	561066	33	0.8514
chr1	561113	561114	31	0.7047
chr1	561169	561170	36	0.7201
chr1	561317	561318	24	0.837
chr1	561343	561344	22	0.5207
chr1	561349	561350	27	0.8955
chr1	561384	561385	37	0.8986
chr1	561417	561418	29	0.7965
chr1	561434	561435	23	0.9627
chr1	561484	561485	29	0.8573
chr1	561534	561535	29	0.7871
chr1	561549	561550	29	0.7341
chr1	561575	561576	27	0.8905
chr1	561590	561591	30	0.878
chr1	561623	561624	39	0.7949
chr1	561638	561639	35	0.8031
chr1	561653	561654	26	0.9994
chr1	561678	561679	25	0.8965
chr1	561697	561698	17	0.9238
chr1	561729	561730	25	0.9182
chr1	561779	561780	26	0.8679
chr1	561798	561799	26	0.8239
chr1	561811	561812	31	0.7986
chr1	561883	561884	28	1.0
chr1	561983	561984	36	0.9205
chr1	562074	562075	28	0.8942
chr1	562174	562175	29	0.8535
chr1	562220	562221	32	1.0
chr1	562242	562243	33	0.7805
chr1	562276	562277	26	0.3455
chr1	562298	562299	27	0.3104
chr1	562342	562343	28	0.357
chr1	562381	562382	18	0.2837
chr1	562407	562408	31	0.2728
chr1	562451	562452	35	0.3524
chr1	562501	562502	22	0.309
chr1	562524	562525	24	0.2328
chr1	562557	562558	18	0.3695
chr1	562600	562601	26	0.4412
chr1	562650	562651	28	0.399
chr1	562671	562672	25	0.4094
chr1	562692	562693	13	0.404
chr1	562720	562721	32	0.3001
chr1	562770	562771	37	0.4306
chr1	562791	562792	25	0.3532
chr1	562830	562831	37	0.3193
chr1	562833	562834	33	0.2821
chr1	562933	562934	30	0.2305
chr1	562983	562984	37	0.2646
chr1	563050	563051	35	0.3406
chr1	563150	563151	31	0.407
chr1	563217	563218	29	0.4029
chr1	563289	563290	34	0.5762
chr1	563389	563390	23	0.4029
chr1	563473	563474	32	0.3714
chr1	563513	563514	35	0.8751
chr1	563542	563543	26	0.7758
chr1	563557	563558	26	0.8325
chr1	563576	563577	28	0.9721
chr1	563621	563622	33	0.8645
chr1	563646	563647	25	0.7222
chr1	563675	563676	37	0.6747
chr1	563714	563715	33	0.8967
chr1	563749	563750	25	0.9644
chr1	563799	563800	33	0.8242
chr1	563844	563845	36	0.7147
chr1	563894	563895	25	0.9024
chr1	563931	563932	37	0.8716
chr1	563962	563963	35	0.7108
chr1	563984	563985	37	0.7905
chr1	564031	564032	27	0.8887
chr1	564096	564097	33	0.9934
chr1	564196	564197	26	0.8361
chr1	564254	564255	32	0.89
chr1	564354	564355	26	0.8813
chr1	564454	564455	31	0.8996
chr1	564490	564491	34	0.896
chr1	564499	564500	38	0.6562
chr1	564549	564550	26	0.6017
chr1	564577	564578	31	0.6202
chr1	564603	564604	23	0.4754
chr1	564652	564653	23	0.5808
chr1	564702	564703	32	0.5513
chr1	564752	564753	37	0.6188
chr1	564770	564771	30	0.712
chr1	564802	564803	31	0.7201
chr1	564829	564830	27	0.6781
chr1	564848	564849	29	0.6219
chr1	564898	564899	34	0.5776
chr1	564925	564926	34	0.7567
chr1	564949	564950	33	0.4874
chr1	564971	564972	32	0.4856
chr1	565071	565072	35	0.552
chr1	565171	565172	29	0.595
chr1	565271	565272	36	0.5452
chr1	565357	565358	34	0.5358
chr1	565471	565472	28	0.7706
chr1	565523	565524	31	0.7899
chr1	565619	565620	36	0.713
chr1	565687	565688	37	0.5628
chr1	565713	565714	23	0.678
chr1	565727	565728	23	0.7501
chr1	565793	565794	30	0.8369
chr1	565834	565835	33	0.7474
chr1	565865	565866	28	0.7113
chr1	565915	565916	30	0.6978
chr1	565944	565945	27	0.6141
chr1	565976	565977	25	0.4377
chr1	565991	565992	31	0.5443
chr1	566017	566018	36	0.7117
chr1	566054	566055	30	0.5433
chr1	566070	566071	37	0.7663
chr1	566114	566115	27	0.7313
chr1	566142	566143	36	0.5667
chr1	566169	566170	28	0.5475
chr1	566205	566206	27	0.5389
chr1	566255	566256	35	0.5869
chr1	566273	566274	34	0.7798
chr1	566298	566299	31	0.6871
chr1	566348	566349	27	0.5064
chr1	566398	566399	29	0.697
chr1	566498	566499	37	0.4726
chr1	566572	566573	27	0.6145
chr1	566623	566624	30	0.7227
chr1	566723	566724	31	0.6666
chr1	566812	566813	24	0.7104
chr1	566912	566913	29	0.7699
chr1	566940	566941	25	0.6625
chr1	566990	566991	31	0.7311
chr1	567014	567015	30	0.6652
chr1	567033	567034	27	0.8762
chr1	567083	567084	34	0.7036
chr1	567121	567122	29	0.7345
chr1	567164	567165	20	0.6815
chr1	567182	567183	38	0.8835
chr1	567207	567208	20	0.7278
chr1	567222	567223	33	0.6419
chr1	567246	567247	27	0.5461
chr1	567296	567297	28	0.5658
chr1	567332	567333	27	0.7945
chr1	567363	567364	28	0.6859
chr1	567400	567401	15	0.6915
chr1	567450	567451	36	0.6914
chr1	567500	567501	28	0.7045
chr1	567519	567520	20	0.7558
chr1	567561	567562	29	0.5686
chr1	567593	567594	43	0.7731
chr1	567693	567694	19	0.6825
chr1	567760	567761	29	0.7926
chr1	567826	567827	34	0.5843
chr1	567876	567877	36	0.6157
chr1	567926	567927	29	0.6824
chr1	568026	568027	20	0.6716
chr1	568126	568127	19	0.6099
chr1	568150	568151	38	0.7573
chr1	568212	568213	35	0.7486
chr1	568240	568241	38	0.0886
chr1	568257	568258	29	0.0543
chr1	568292	568293	26	0.3093
chr1	568309	568310	33	0.1239
chr1	568333	568334	27	0.244
chr1	568348	568349	28	0.1401
chr1	568378	568379	23	0.037
chr1	568410	568411	29	0.1992
chr1	568460	568461	33	0.2575
chr1	568497	568498	30	0.1356
chr1	568513	568514	30	0.1811
chr1	568554	568555	33	0.226
chr1	568569	568570	40	0.255
chr1	568619	568620	33	0.0888
chr1	568659	568660	27	0.1756
chr1	568709	568710	25	0.3725
chr1	568728	568729	33	0.1675
chr1	568731	568732	23	0.0605
chr1	568831	568832	35	0.0902
chr1	568931	568932	30	0.1823
chr1	568981	568982	36	0.2398
chr1	569065	569066	23	0.0
chr1	569115	569116	27	0.1567
chr1	569215	569216	26	0.1507
chr1	569227	569228	33	0.1785
chr1	569249	569250	33	0.0356
chr1	569256	569257	34	0.5196
chr1	569272	569273	31	0.4782
chr1	569322	569323	29	0.5259
chr1	569347	569348	23	0.3376
chr1	569381	569382	30	0.5871
chr1	569397	569398	21	0.572
chr1	569419	569420	26	0.5573
chr1	569469	569470	34	0.5794
chr1	569497	569498	28	0.5923
chr1	569529	569530	37	0.4221
chr1	569557	569558	35	0.6467
chr1	569575	569576	20	0.5183
chr1	569606	569607	39	0.4997
chr1	569622	569623	34	0.5551
chr1	569672	569673	26	0.6169
chr1	569722	569723	36	0.6279
chr1	569726	569727	23	0.6261
chr1	569776	569777	20	0.7813
chr1	569874	569875	32	0.5484
chr1	569939	569940	41	0.6542
chr1	570039	570040	38	0.6179
chr1	570139	570140	32	0.6373
chr1	570195	570196	32	1.0
chr1	570243	570244	26	0.9167
chr1	570293	570294	25	0.8762
chr1	570467	570468	33	0.9234
chr1	570491	570492	33	0.9459
chr1	570537	570538	34	0.9734
chr1	570629	570630	27	0.6457
chr1	570673	570674	36	0.6907
chr1	570699	570700	41	0.5872
chr1	570745	570746	26	0.7439
chr1	570762	570763	30	0.6845
chr1	570809	570810	29	0.5323
chr1	570832	570833	40	0.6346
chr1	570882	570883	36	0.757
chr1	570932	570933	19	0.8286
chr1	570947	570948	33	0.6064
chr1	570985	570986	32	0.6673
chr1	571016	571017	23	0.5876
chr1	571047	571048	26	0.6859
chr1	571063	571064	29	0.6733
chr1	571078	571079	35	0.7948
chr1	571114	571115	28	0.9677
chr1	571154	571155	26	0.7896
chr1	571176	571177	26	0.8878
chr1	571194	571195	34	0.5697
chr1	571208	571209	24	0.7187
chr1	571258	571259	22	0.7798
chr1	571341	571342	22	0.6856
chr1	571410	571411	27	0.719
chr1	571510	571511	41	0.5404
chr1	571610	571611	20	0.7913
chr1	571707	571708	31	0.7413
chr1	571715	571716	32	0.785
chr1	571765	571766	33	0.7341
chr1	571773	571774	35	0.3189
chr1	571823	571824	30	0.3039
chr1	571855	571856	24	0.1202
chr1	571870	571871	28	0.3683
chr1	571899	571900	23	0.263
chr1	571940	571941	31	0.4231
chr1	571955	571956	35	0.2568
chr1	571998	571999	29	0.3689
chr1	572039	572040	36	0.3232
chr1	572060	572061	30	0.3755
chr1	572105	572106	32	0.2946
chr1	572139	572140	19	0.5206
chr1	572168	572169	30	0.2824
chr1	572218	572219	37	0.4047
chr1	572243	572244	25	0.3307
chr1	572267	572268	31	0.3523
chr1	572317	572318	31	0.2165
chr1	572367	572368	33	0.3142
chr1	572467	572468	31	0.3458
chr1	572542	572543	35	0.377
chr1	572592	572593	26	0.1701
chr1	572649	572650	31	0.3164
chr1	572749	572750	28	0.3139
chr1	572753	572754	29	0.2621
chr1	572779	572780	38	0.0817
chr1	572807	572808	22	0.2102
chr1	572909	572910	31	0.3106
chr1	572961	572962	30	0.0274
chr1	573009	573010	27	0.2987
chr1	573033	573034	31	0.2039
chr1	573227	573228	26	0.3416
chr1	573272	573273	29	0.6379
chr1	573305	573306	23	0.813
chr1	573332	573333	29	0.5583
chr1	573382	573383	36	0.7193
chr1	573417	573418	31	0.7701
chr1	573452	573453	26	0.5199
chr1	573485	573486	33	0.6821
chr1	573524	573525	31	0.7616
chr1	573574	573575	32	0.5938
chr1	573602	573603	26	0.7283
chr1	573629	573630	37	0.6027
chr1	573661	573662	28	0.8569
chr1	573711	573712	26	0.5975
chr1	573734	573735	27	0.6471
chr1	573834	573835	36	0.6359
chr1	573907	573908	33	0.7812
chr1	573996	573997	29	0.6586
chr1	574073	574074	28	0.8865
chr1	574173	574174	33	0.6687
chr1	574183	574184	25	0.699
chr1	574233	574234	26	0.8284
chr1	574239	574240	29	0.7235
chr1	574266	574267	38	0.8656
chr1	574296	574297	31	0.6368
chr1	574311	574312	27	0.7135
chr1	574361	574362	28	0.5756
chr1	574411	574412	28	0.7108
chr1	574437	574438	38	0.6259
chr1	574477	574478	31	0.7875
chr1	574492	574493	24	0.699
chr1	574514	574515	26	0.6424
chr1	574555	574556	28	0.6496
chr1	574594	574595	26	0.7144
chr1	574625	574626	33	0.5098
chr1	574645	574646	26	0.7466
chr1	574689	574690	33	0.7303
chr1	574727	574728	31	0.92
chr1	574782	574783	24	0.6346
chr1	574838	574839	25	0.8576
chr1	574938	574939	31	0.6244
chr1	574994	574995	23	0.863
chr1	575083	575084	32	0.6753
chr1	575133	575134	31	0.8294
chr1	575183	575184	24	0.7816
chr1	575265	575266	32	0.8137
chr1	575393	575394	36	0.8242
chr1	575461	575462	27	0.8405
chr1	575545	575546	24	0.6423
chr1	575563	575564	36	0.9034
chr1	575637	575638	39	0.7985
chr1	575646	575647	36	0.5266
chr1	575661	575662	35	0.7114
chr1	575676	575677	28	0.6923
chr1	575698	575699	29	0.6784
chr1	575748	575749	33	0.8216
chr1	575781	575782	26	0.7118
chr1	575831	575832	27	0.7386
chr1	575846	575847	24	0.752
chr1	575871	575872	30	0.6842
chr1	575893	575894	26	0.6698
chr1	575918	575919	24	0.6952
chr1	575937	575938	23	0.8035
chr1	575971	575972	29	0.8923
chr1	576001	576002	30	0.6642
chr1	576016	576017	34	0.757
chr1	576044	576045	33	0.7206
chr1	576069	576070	24	0.6502
chr1	576094	576095	29	0.7784
chr1	576113	576114	25	0.6463
chr1	576131	576132	33	0.586
chr1	576162	576163	18	0.7528
chr1	576262	576263	34	0.6834
chr1	576340	576341	35	0.7695
chr1	576409	576410	26	0.6954
chr1	576509	576510	32	0.7401
chr1	576609	576610	27	0.8503
chr1	576673	576674	33	0.5447
chr1	576681	576682	23	0.8266
chr1	576705	576706	31	0.9683
chr1	576773	576774	38	0.961
chr1	576777	576778	32	1.0
chr1	576967	576968	32	0.8519
chr1	577097	577098	23	0.8751
chr1	577115	577116	32	0.8298
chr1	577133	577134	28	0.7763
chr1	577178	577179	31	0.4112
chr1	577226	577227	32	0.5761
chr1	577252	577253	41	0.6088
chr1	577300	577301	36	0.7058
chr1	577322	577323	30	0.7476
chr1	577349	577350	29	0.5881
chr1	577399	577400	32	0.7534
chr1	577430	577431	33	0.6682
chr1	577458	577459	19	0.7673
chr1	577508	577509	29	0.547
chr1	577540	577541	26	0.6396
chr1	577581	577582	32	0.6531
chr1	577598	577599	28	0.7853
chr1	577605	577606	22	0.4737
chr1	577705	577706	34	0.3082
chr1	577775	577776	29	0.8701
chr1	577875	577876	32	0.7169
chr1	577971	577972	26	0.567
chr1	578021	578022	22	0.6075
chr1	578064	578065	35	0.9175
chr1	578101	578102	30	0.6961
chr1	578140	578141	32	0.6852
chr1	578165	578166	30	0.7893
chr1	578185	578186	35	0.7802
chr1	578227	578228	31	0.67
chr1	578268	578269	31	0.7736
chr1	578284	578285	29	0.674
chr1	578334	578335	30	0.7406
chr1	578384	578385	36	0.6096
chr1	578406	578407	30	0.5302
chr1	578427	578428	29	0.4598
chr1	578463	578464	32	0.5544
chr1	578513	578514	29	0.5684
chr1	578546	578547	32	0.7298
chr1	578561	578562	34	0.5518
chr1	578597	578598	26	0.5654
chr1	578612	578613	28	0.6272
chr1	578631	578632	29	0.5903
chr1	578668	578669	29	0.5443
chr1	578718	578719	38	0.5908
chr1	578768	578769	24	0.4508
chr1	578868	578869	23	0.5227
chr1	578968	578969	28	0.7803
chr1	579068	579069	27	0.7119
chr1	579168	579169	27	0.4351
chr1	579218	579219	21	0.603
chr1	579290	579291	22	0.624
chr1	579336	579337	28	0.6518
chr1	579357	579358	36	1.0
chr1	579397	579398	26	0.9207
chr1	579433	579434	27	0.9577
chr1	579463	579464	25	0.8657
chr1	579484	579485	27	0.779
chr1	579513	579514	33	0.9043
chr1	579563	579564	31	0.8682
chr1	579592	579593	29	0.8677
chr1	579607	579608	38	0.9007
chr1	579650	579651	31	0.816
chr1	579687	579688	21	0.8459
chr1	579737	579738	28	0.7699
chr1	579768	579769	34	0.907
chr1	579808	579809	38	0.8939
chr1	579823	579824	29	0.8542
chr1	579858	579859	36	0.8574
chr1	579958	579959	31	0.9689
chr1	580008	580009	26	0.8845
chr1	580108	580109	26	0.7932
chr1	580208	580209	26	0.8154
chr1	580278	580279	29	0.739
chr1	580378	580379	23	0.8644
chr1	580434	580435	25	0.9856
chr1	580449	580450	34	0.7851
chr1	580468	580469	24	0.7907
chr1	580518	580519	27	0.8948
chr1	580538	580539	36	0.6575
chr1	580572	580573	31	0.9085
chr1	580587	580588	41	0.9751
chr1	580637	580638	26	0.8708
chr1	580663	580664	31	0.8809
chr1	580704	580705	34	0.7632
chr1	580748	580749	29	0.6957
chr1	580775	580776	35	0.8349
chr1	580801	580802	29	0.7852
chr1	580832	580833	32	0.8038
chr1	580882	580883	33	0.7972
chr1	580932	580933	26	0.6614
chr1	580982	580983	22	0.7505
chr1	580994	580995	31	0.7252
chr1	581048	581049	23	0.861
chr1	581143	581144	32	0.6457
chr1	581207	581208	37	0.7238
chr1	581304	581305	37	0.7422
chr1	581404	581405	26	0.7003
chr1	581504	581505	36	0.6403
chr1	581568	581569	42	0.8347
chr1	581588	581589	31	0.7957
chr1	581637	581638	23	0.8784
chr1	581652	581653	30	0.8944
chr1	581702	581703	30	0.898
chr1	581725	581726	25	0.7967
chr1	581760	581761	26	0.7775
chr1	581782	581783	30	0.8198
chr1	581807	581808	24	0.7063
chr1	581824	581825	28	0.9226
chr1	581850	581851	31	0.8168
chr1	581867	581868	27	0.8508
chr1	581895	581896	31	0.8432
chr1	581945	581946	33	0.884
chr1	581995	581996	36	0.6804
chr1	582041	582042	29	0.8931
chr1	582056	582057	29	0.7553
chr1	582083	582084	26	0.8241
chr1	582090	582091	30	0.66
chr1	582183	582184	34	0.7849
chr1	582233	582234	41	0.8887
chr1	582333	582334	29	0.7378
chr1	582383	582384	31	0.8367
chr1	582483	582484	34	0.8948
chr1	582567	582568	34	1.0
chr1	582571	582572	35	0.9044
chr1	582584	582585	29	0.9012
chr1	582621	582622	28	0.8891
chr1	582665	582666	30	0.7452
chr1	582698	582699	23	0.7286
chr1	582748	582749	36	1.0
chr1	582788	582789	32	0.948
chr1	582806	582807	30	1.0
chr1	582832	582833	35	0.7575
chr1	582869	582870	22	0.9436
chr1	582919	582920	32	0.9041
chr1	582948	582949	28	1.0
chr1	582973	582974	34	0.849
chr1	583006	583007	28	0.968
chr1	583056	583057	35	0.8853
chr1	583064	583065	30	0.9217
chr1	583147	583148	30	0.8769
chr1	583247	583248	25	0.9621
chr1	583311	583312	35	0.9981
chr1	583411	583412	26	0.7814
chr1	583511	583512	25	0.9184
chr1	583567	583568	32	0.9205
chr1	583589	583590	36	0.7879
chr1	583635	583636	21	0.8078
chr1	583654	583655	29	0.792
chr1	583704	583705	32	0.9441
chr1	583754	583755	28	0.84
chr1	583804	583805	28	0.9209
chr1	583840	583841	29	0.8331
chr1	583858	583859	36	0.8414
chr1	583892	583893	33	0.9055
chr1	583918	583919	41	0.7561
chr1	583968	583969	31	0.8863
chr1	583992	583993	26	0.977
chr1	584042	584043	30	0.8311
chr1	584072	584073	17	0.6705
chr1	584089	584090	26	0.7798
chr1	584114	584115	33	0.7556
chr1	584123	584124	24	0.9628
chr1	584223	584224	29	0.7339
chr1	584323	584324	33	0.8231
chr1	584410	584411	35	0.882
chr1	584460	584461	31	0.9297
chr1	584526	584527	29	0.8164
chr1	584592	584593	37	0.9249
chr1	584624	584625	23	0.7991
chr1	584662	584663	29	0.8954
chr1	584671	584672	39	0.8514
chr1	584703	584704	18	0.9588
chr1	584731	584732	28	0.9331
chr1	584758	584759	25	0.6881
chr1	584808	584809	33	0.8151
chr1	584828	584829	31	0.9329
chr1	584857	584858	29	0.743
chr1	584890	584891	27	0.6403
chr1	584916	584917	26	0.6973
chr1	584948	584949	25	0.8054
chr1	584966	584967	27	0.807
chr1	585016	585017	31	0.6037
chr1	585040	585041	32	0.7685
chr1	585090	585091	23	0.8194
chr1	585128	585129	26	0.7844
chr1	585150	585151	19	0.8382
chr1	585152	585153	26	0.7741
chr1	585252	585253	29	0.7734
chr1	585308	585309	21	0.6532
chr1	585408	585409	26	0.8989
chr1	585508	585509	25	0.8395
chr1	585607	585608	35	0.7106
chr1	585663	585664	23	0.926
chr1	585705	585706	27	0.9541
chr1	585751	585752	37	0.7137
chr1	585799	585800	34	0.9008
chr1	585815	585816	33	0.8875
chr1	585825	585826	26	0.7973
chr1	585869	585870	36	0.8329
chr1	585893	585894	27	0.8133
chr1	585963	585964	31	0.7645
chr1	585973	585974	34	0.7847
chr1	586001	586002	25	0.8292
chr1	586051	586052	31	0.7633
chr1	586066	586067	29	0.7753
chr1	586098	586099	37	0.9076
chr1	586123	586124	28	0.7379
chr1	586160	586161	28	0.6443
chr1	586179	586180	22	0.703
chr1	586215	586216	27	0.8637
chr1	586231	586232	26	0.8449
chr1	586260	586261	30	0.8415
chr1	586275	586276	39	0.8263
chr1	586294	586295	30	0.7818
chr1	586344	586345	35	0.9568
chr1	586382	586383	20	0.9076
chr1	586427	586428	35	0.8181
chr1	586436	586437	33	0.9038
chr1	586536	586537	37	0.7224
chr1	586636	586637	36	0.9344
chr1	586727	586728	45	0.8047
chr1	586827	586828	28	0.8284
chr1	586881	586882	32	0.7901
chr1	586888	586889	25	0.7216
chr1	586932	586933	27	0.585
chr1	586976	586977	24	0.7851
chr1	587011	587012	41	0.8513
chr1	587055	587056	28	0.8605
chr1	587095	587096	31	0.6486
chr1	587115	587116	37	0.7345
chr1	587165	587166	27	0.4991
chr1	587192	587193	23	0.8912
chr1	587242	587243	32	0.6862
chr1	587257	587258	37	0.8271
chr1	587287	587288	26	0.7149
chr1	587329	587330	32	0.6782
chr1	587351	587352	23	0.7083
chr1	587374	587375	36	0.7985
chr1	587403	587404	25	0.7845
chr1	587437	587438	28	0.6857
chr1	587515	587516	35	0.6437
chr1	587615	587616	23	0.6816
chr1	587715	587716	32	0.7997
chr1	587815	587816	35	0.6594
chr1	587865	587866	28	0.6883
chr1	587965	587966	31	0.7819
chr1	587999	588000	20	0.9001
chr1	588029	588030	29	0.9514
chr1	588117	588118	28	0.7316
chr1	588155	588156	30	0.9184
chr1	588157	588158	31	0.7636
chr1	588251	588252	31	0.8831
chr1	588381	588382	21	0.8451
chr1	588437	588438	31	1.0
chr1	588487	588488	20	0.794
chr1	588537	588538	31	0.688
chr1	588576	588577	31	0.699
chr1	588626	588627	31	0.7726
chr1	588641	588642	25	0.7205
chr1	588660	588661	27	0.7069
chr1	588694	588695	24	0.8928
chr1	588729	588730	29	0.8364
chr1	588751	588752	24	0.5807
chr1	588780	588781	32	0.64
chr1	588811	588812	25	0.8636
chr1	588848	588849	26	0.7335
chr1	588865	588866	28	0.7435
chr1	588880	588881	33	0.7805
chr1	588925	588926	28	0.8012
chr1	588975	588976	39	0.813
chr1	588989	588990	29	0.8185
chr1	589089	589090	26	0.8896
chr1	589169	589170	34	0.8229
chr1	589243	589244	29	1.0
chr1	589309	589310	28	0.6756
chr1	589409	589410	37	0.6809
chr1	589427	589428	25	0.7868
chr1	589455	589456	29	0.8542
chr1	589465	589466	28	0.5471
chr1	589480	589481	26	0.7265
chr1	589530	589531	28	0.6984
chr1	589548	589549	34	0.6326
chr1	589574	589575	34	0.7104
chr1	589624	589625	33	0.6807
chr1	589660	589661	33	0.7567
chr1	589696	589697	27	0.622
chr1	589731	589732	28	0.6503
chr1	589748	589749	33	0.6583
chr1	589785	589786	30	0.6814
chr1	589809	589810	27	0.6682
chr1	589859	589860	34	0.6924
chr1	589891	589892	29	0.4959
chr1	589917	589918	26	0.5359
chr1	589966	589967	35	0.6695
chr1	589981	589982	30	0.619
chr1	590018	590019	35	0.6295
chr1	590118	590119	30	0.5698
chr1	590218	590219	29	0.3835
chr1	590268	590269	20	0.5703
chr1	590368	590369	24	0.7277
chr1	590446	590447	27	0.7078
chr1	590546	590547	30	0.7484
chr1	590618	590619	38	0.4287
chr1	590630	590631	29	0.7249
chr1	590676	590677	28	0.8297
chr1	590691	590692	33	0.75
chr1	590707	590708	32	0.9961
chr1	590751	590752	32	0.8611
chr1	590766	590767	31	0.9379
chr1	590816	590817	37	0.8883
chr1	590859	590860	18	0.9127
chr1	590890	590891	31	0.7188
chr1	590922	590923	32	0.7555
chr1	590962	590963	41	0.8219
chr1	591007	591008	20	0.838
chr1	591050	591051	37	0.9365
chr1	591073	591074	28	1.0
chr1	591095	591096	32	0.8641
chr1	591124	591125	29	0.8624
chr1	591156	591157	32	0.8859
chr1	591186	591187	28	0.9449
chr1	591269	591270	27	0.7212
chr1	591331	591332	24	0.8313
chr1	591414	591415	26	1.0
chr1	591514	591515	34	0.7558
chr1	591601	591602	29	0.9865
chr1	591673	591674	37	0.7724
chr1	591695	591696	29	0.8666
chr1	591703	591704	32	0.0898
chr1	591753	591754	32	0.0652
chr1	591778	591779	32	0.0
chr1	591828	591829	35	0.0943
chr1	591860	591861	29	0.0979
chr1	591893	591894	35	0.0547
chr1	591922	591923	38	0.317
chr1	591951	591952	31	0.2026
chr1	591969	591970	27	0.3158
chr1	591984	591985	29	0.2612
chr1	592020	592021	38	0.3466
chr1	592059	592060	24	0.1863
chr1	592077	592078	28	0.2422
chr1	592127	592128	38	0.1857
chr1	592142	592143	28	0.0742
chr1	592163	592164	30	0.3541
chr1	592187	592188	31	0.3418
chr1	592237	592238	45	0.277
chr1	592252	592253	29	0.2521
chr1	592257	592258	28	0.0485
chr1	592357	592358	30	0.1237
chr1	592409	592410	29	0.1717
chr1	592509	592510	34	0.2291
chr1	592565	592566	34	0.0817
chr1	592665	592666	32	0.2786
chr1	592765	592766	27	0.0
chr1	592785	592786	36	0.0289
chr1	592829	592830	33	0.0439
chr1	592867	592868	35	0.0752
chr1	592943	592944	30	0.2284
chr1	592959	592960	39	0.1317
chr1	593107	593108	24	0.2053
chr1	593233	593234	35	0.0
chr1	593243	593244	27	0.0957
chr1	593258	593259	20	0.3236
chr1	593285	593286	24	0.26
chr1	593310	593311	27	0.3259
chr1	593337	593338	32	0.3709
chr1	593387	593388	37	0.244
chr1	593412	593413	21	0.1544
chr1	593427	593428	32	0.0706
chr1	593450	593451	30	0.5379
chr1	593486	593487	23	0.2338
chr1	593536	593537	35	0.2815
chr1	593581	593582	25	0.2365
chr1	593599	593600	23	0.4297
chr1	593637	593638	16	0.2939
chr1	593652	593653	33	0.4078
chr1	593695	593696	24	0.2761
chr1	593723	593724	35	0.2155
chr1	593741	593742	23	0.3221
chr1	593819	593820	26	0.4359
chr1	593919	593920	26	0.5504
chr1	593969	593970	29	0.3046
chr1	594057	594058	28	0.3295
chr1	594117	594118	17	0.4674
chr1	594167	594168	31	0.2213
chr1	594185	594186	23	0.2869
chr1	594239	594240	24	0.1387
chr1	594411	594412	31	0.2883
chr1	594579	594580	33	0.2532
chr1	594605	594606	28	0.0807
chr1	594646	594647	26	0.7329
chr1	594696	594697	31	0.7686
chr1	594714	594715	33	0.7995
chr1	594755	594756	29	0.4522
chr1	594790	594791	29	0.7811
chr1	594812	594813	33	0.6144
chr1	594837	594838	22	0.644
chr1	594878	594879	30	0.6218
chr1	594910	594911	25	0.7275
chr1	594926	594927	34	0.6706
chr1	594944	594945	26	0.5538
chr1	594967	594968	24	0.6663
chr1	594985	594986	35	0.7734
chr1	595013	595014	19	0.6916
chr1	595063	595064	28	0.7496
chr1	595089	595090	28	0.6936
chr1	595125	595126	39	0.6669
chr1	595151	595152	32	0.7793
chr1	595251	595252	34	0.6347
chr1	595351	595352	27	0.7857
chr1	595451	595452	36	0.7124
chr1	595551	595552	37	0.7031
chr1	595651	595652	20	0.5765
chr1	595699	595700	31	0.8983
chr1	595744	595745	17	0.1436
chr1	595765	595766	24	0.3776
chr1	595780	595781	30	0.1041
chr1	595796	595797	28	0.0632
chr1	595826	595827	28	0.1228
chr1	595876	595877	32	0.2088
chr1	595926	595927	35	0.2324
chr1	595975	595976	28	0.2107
chr1	595990	595991	37	0.1688
chr1	596009	596010	32	0.1087
chr1	596057	596058	25	0.1419
chr1	596089	596090	34	0.1755
chr1	596127	596128	35	0.2707
chr1	596172	596173	34	0.2831
chr1	596190	596191	31	0.1153
chr1	596240	596241	23	0.197
chr1	596245	596246	35	0.1179
chr1	596345	596346	24	0.4043
chr1	596434	596435	29	0.2263
chr1	596534	596535	35	0.1259
chr1	596634	596635	29	0.3004
chr1	596734	596735	29	0.1983
chr1	596758	596759	29	0.157
chr1	596798	596799	39	0.0
chr1	596811	596812	26	0.6237
chr1	596860	596861	26	0.6708
chr1	596878	596879	16	0.6668
chr1	596927	596928	16	0.654
chr1	596955	596956	25	0.6497
chr1	596971	596972	36	0.5773
chr1	597021	597022	38	0.5989
chr1	597064	597065	29	0.7392
chr1	597111	597112	24	0.6572
chr1	597137	597138	25	0.6966
chr1	597183	597184	32	0.8493
chr1	597233	597234	24	0.7626
chr1	597255	597256	37	0.6773
chr1	597283	597284	27	0.6975
chr1	597296	597297	32	0.6245
chr1	597364	597365	26	0.7537
chr1	597464	597465	25	0.7103
chr1	597564	597565	33	0.6813
chr1	597614	597615	24	0.6591
chr1	597714	597715	30	0.8785
chr1	597740	597741	21	0.7121
chr1	597746	597747	25	0.8668
chr1	597760	597761	25	0.166
chr1	597782	597783	20	0.3336
chr1	597811	597812	35	0.3214
chr1	597843	597844	34	0.2403
chr1	597858	597859	28	0.2262
chr1	597880	597881	26	0.1265
chr1	597925	597926	25	0.2001
chr1	597960	597961	35	0.1254
chr1	597990	597991	30	0.3042
chr1	598025	598026	33	0.1762
chr1	598056	598057	25	0.3239
chr1	598081	598082	23	0.2589
chr1	598099	598100	28	0.1748
chr1	598131	598132	33	0.1671
chr1	598148	598149	24	0.328
chr1	598178	598179	20	0.083
chr1	598199	598200	32	0.3246
chr1	598247	598248	24	0.1514
chr1	598266	598267	35	0.1208
chr1	598312	598313	45	0.1555
chr1	598323	598324	35	0.1411
chr1	598423	598424	36	0.1351
chr1	598473	598474	39	0.0947
chr1	598523	598524	34	0.1771
chr1	598616	598617	33	0.173
chr1	598666	598667	32	0.1875
chr1	598766	598767	32	0.2141
chr1	598866	598867	32	0.089
chr1	598890	598891	35	0.1201
chr1	598936	598937	24	0.1132
chr1	598949	598950	32	0.7947
chr1	598999	599000	31	0.7508
chr1	599023	599024	32	0.8375
chr1	599058	599059	34	0.6287
chr1	599085	599086	30	0.6175
chr1	599100	599101	34	0.8201
chr1	599122	599123	27	0.8667
chr1	599142	599143	28	0.7344
chr1	599192	599193	33	0.8717
chr1	599212	599213	29	0.7195
chr1	599230	599231	34	0.7475
chr1	599261	599262	27	0.8067
chr1	599349	599350	31	0.9043
chr1	599399	599400	33	0.9779
chr1	599442	599443	13	0.8161
chr1	599445	599446	31	0.6843
chr1	599495	599496	29	0.7316
chr1	599545	599546	32	0.6201
chr1	599639	599640	32	0.9376
chr1	599689	599690	33	0.8305
chr1	599789	599790	36	0.6737
chr1	599886	599887	38	0.7894
chr1	599902	599903	23	0.7574
chr1	599912	599913	23	0.882
chr1	599962	599963	42	0.9571
chr1	600002	600003	33	0.851
chr1	600052	600053	40	0.7853
chr1	600077	600078	27	0.7874
chr1	600092	600093	31	0.8831
chr1	600137	600138	28	0.8997
chr1	600152	600153	36	0.905
chr1	600182	600183	25	0.7421
chr1	600200	600201	18	0.8421
chr1	600219	600220	24	0.7247
chr1	600239	600240	41	0.8554
chr1	600272	600273	22	0.6302
chr1	600297	600298	26	0.5255
chr1	600337	600338	32	0.6353
chr1	600352	600353	26	0.7934
chr1	600360	600361	25	0.6126
chr1	600460	600461	35	0.685
chr1	600560	600561	31	0.6427
chr1	600660	600661	32	0.7386
chr1	600760	600761	31	0.7528
chr1	600886	600887	23	0.8376
chr1	600924	600925	32	0.8588
chr1	600928	600929	34	0.8783
chr1	601052	601053	29	0.8873
chr1	601060	601061	27	0.7867
chr1	601102	601103	34	0.8448
chr1	601106	601107	33	0.8769
chr1	601144	601145	35	0.8641
chr1	601190	601191	25	0.5199
chr1	601240	601241	32	0.821
chr1	601255	601256	35	0.7619
chr1	601277	601278	23	0.5214
chr1	601316	601317	32	0.8542
chr1	601366	601367	30	0.6788
chr1	601408	601409	37	0.6862
chr1	601423	601424	28	0.696
chr1	601473	601474	30	0.6495
chr1	601514	601515	17	0.7429
chr1	601539	601540	32	0.6677
chr1	601557	601558	32	0.5334
chr1	601576	601577	33	0.6243
chr1	601616	601617	31	0.7822
chr1	601637	601638	34	0.6846
chr1	601677	601678	31	0.7401
chr1	601678	601679	36	0.7274
chr1	601728	601729	29	0.7712
chr1	601778	601779	37	0.7175
chr1	601878	601879	19	0.791
chr1	601977	601978	22	0.8562
chr1	602041	602042	25	0.5789
chr1	602134	602135	25	0.7292
chr1	602142	602143	32	0.9585
chr1	602187	602188	26	0.8933
chr1	602211	602212	32	0.7965
chr1	602261	602262	25	0.829
chr1	602299	602300	35	0.932
chr1	602349	602350	35	0.893
chr1	602391	602392	35	0.9853
chr1	602412	602413	35	0.805
chr1	602435	602436	20	0.6082
chr1	602485	602486	31	0.8742
chr1	602522	602523	29	0.8205
chr1	602569	602570	29	0.7896
chr1	602596	602597	33	0.8553
chr1	602627	602628	23	0.7933
chr1	602677	602678	26	0.8577
chr1	602703	602704	30	0.7866
chr1	602721	602722	36	0.9094
chr1	602782	602783	32	0.7549
chr1	602882	602883	28	0.8792
chr1	602932	602933	33	0.7618
chr1	603032	603033	26	0.8084
chr1	603113	603114	30	0.9837
chr1	603213	603214	29	0.8404
chr1	603311	603312	24	0.8637
chr1	603320	603321	30	0.5612
chr1	603335	603336	20	0.3657
chr1	603362	603363	24	0.3671
chr1	603386	603387	33	0.2628
chr1	603415	603416	21	0.2885
chr1	603460	603461	38	0.3702
chr1	603510	603511	25	0.2895
chr1	603548	603549	30	0.2604
chr1	603574	603575	19	0.1847
chr1	603599	603600	33	0.2529
chr1	603616	603617	25	0.2562
chr1	603642	603643	25	0.3177
chr1	603665	603666	22	0.4661
chr1	603714	603715	31	0.3364
chr1	603746	603747	28	0.1273
chr1	603764	603765	35	0.4278
chr1	603774	603775	31	0.206
chr1	603874	603875	31	0.3265
chr1	603974	603975	23	0.2568
chr1	604074	604075	23	0.4649
chr1	604174	604175	31	0.2972
chr1	604208	604209	24	0.0941
chr1	604390	604391	36	0.0013
chr1	604398	604399	32	0.0
chr1	604618	604619	31	0.1631
chr1	604624	604625	32	0.2742
chr1	604634	604635	43	0.2895
chr1	604640	604641	37	0.0843
chr1	605864	605865	36	0.2492
chr1	605909	605910	19	0.2322
chr1	605946	605947	27	0.2326
chr1	605963	605964	26	0.2233
chr1	605989	605990	28	0.1074
chr1	606017	606018	28	0.2951
chr1	606038	606039	27	0.3433
chr1	606080	606081	37	0.2474
chr1	606116	606117	27	0.1749
chr1	606163	606164	30	0.1031
chr1	606180	606181	34	0.1973
chr1	606199	606200	27	0.3315
chr1	606299	606300	37	0.2651
chr1	606399	606400	28	0.2337
chr1	606451	606452	30	0.2643
chr1	606461	606462	29	0.0889
chr1	606471	606472	31	0.2721
chr1	606496	606497	33	0.174
chr1	606524	606525	29	0.0179
chr1	606543	606544	26	0.2233
chr1	606564	606565	29	0.1769
chr1	606589	606590	46	0.1109
chr1	606614	606615	25	0.0603
chr1	606652	606653	29	0.2022
chr1	606667	606668	31	0.0452
chr1	606708	606709	22	0.1657
chr1	606746	606747	28	0.1046
chr1	606782	606783	23	0.3199
chr1	606832	606833	34	0.0919
chr1	606856	606857	26	0.1444
chr1	606871	606872	35	0.1489
chr1	606921	606922	24	0.2475
chr1	606960	606961	27	0.2171
chr1	607058	607059	33	0.135
chr1	607158	607159	24	0.2545
chr1	607228	607229	24	0.1129
chr1	607328	607329	37	0.2949
chr1	607416	607417	31	0.0556
chr1	607490	607491	24	0.2081
chr1	607586	607587	39	0.024
chr1	607666	607667	34	0.1311
chr1	607684	607685	25	0.2151
chr1	607736	607737	32	0.0711
chr1	607742	607743	36	0.9559
chr1	607792	607793	32	0.8063
chr1	607837	607838	31	0.5149
chr1	607866	607867	30	0.6635
chr1	607908	607909	21	0.7176
chr1	607933	607934	24	0.7342
chr1	607973	607974	35	0.5781
chr1	608013	608014	20	0.5173
chr1	608042	608043	27	0.6774
chr1	608068	608069	27	0.6318
chr1	608086	608087	25	0.6743
chr1	608132	608133	30	0.7656
chr1	608182	608183	25	0.5947
chr1	608224	608225	30	0.6147
chr1	608230	608231	29	0.6518
chr1	608330	608331	31	0.5987
chr1	608430	608431	38	0.7047
chr1	608530	608531	22	0.9262
chr1	608604	608605	39	0.7701
chr1	608704	608705	28	0.8507
chr1	608724	608725	24	0.7658
chr1	608736	608737	29	0.9524
chr1	608752	608753	29	0.7329
chr1	608796	608797	35	0.8239
chr1	608802	608803	31	0.7127
chr1	608826	608827	21	0.9915
chr1	609088	609089	31	0.7952
chr1	609116	609117	24	0.8737
chr1	609138	609139	35	0.1482
chr1	609180	609181	26	0.1236
chr1	609217	609218	35	0.3697
chr1	609267	609268	31	0.3594
chr1	609316	609317	22	0.0676
chr1	609345	609346	39	0.1109
chr1	609374	609375	25	0.1255
chr1	609402	609403	32	0.211
chr1	609420	609421	30	0.135
chr1	609442	609443	29	0.0826
chr1	609473	609474	18	0.2482
chr1	609488	609489	31	0.1713
chr1	609531	609532	29	0.1141
chr1	609563	609564	35	0.2346
chr1	609588	609589	27	0.1877
chr1	609613	609614	33	0.3091
chr1	609676	609677	28	0.0
chr1	609756	609757	29	0.1555
chr1	609811	609812	36	0.2565
chr1	609911	609912	29	0.1101
chr1	610010	610011	31	0.2259
chr1	610030	610031	37	0.2645
chr1	610038	610039	16	0.0836
chr1	610070	610071	29	0.8207
chr1	610103	610104	26	0.8094
chr1	610146	610147	32	0.8066
chr1	610182	610183	32	0.8665
chr1	610203	610204	22	0.7085
chr1	610238	610239	31	0.8624
chr1	610270	610271	26	0.986
chr1	610285	610286	34	0.8861
chr1	610306	610307	31	0.7016
chr1	610331	610332	34	0.7807
chr1	610346	610347	30	0.7764
chr1	610380	610381	31	0.8566
chr1	610410	610411	32	0.9402
chr1	610440	610441	24	0.8386
chr1	610455	610456	23	0.8852
chr1	610471	610472	29	0.8855
chr1	610499	610500	33	0.824
chr1	610521	610522	32	0.9353
chr1	610552	610553	30	0.7709
chr1	610602	610603	29	0.7909
chr1	610609	610610	27	0.7522
chr1	610666	610667	23	0.8077
chr1	610716	610717	30	0.8396
chr1	610766	610767	35	0.7541
chr1	610817	610818	24	0.7069
chr1	610917	610918	27	0.7251
chr1	611017	611018	37	0.9044
chr1	611089	611090	35	0.8177
chr1	611144	611145	28	0.9736
chr1	611214	611215	23	0.9257
chr1	612263	612264	36	0.6747
chr1	612282	612283	31	0.7429
chr1	612297	612298	28	0.5524
chr1	612312	612313	34	0.6608
chr1	612362	612363	25	0.4848
chr1	612384	612385	26	0.6787
chr1	612411	612412	33	0.604
chr1	612461	612462	22	0.6313
chr1	612488	612489	33	0.6404
chr1	612538	612539	35	0.7895
chr1	612558	612559	28	0.6269
chr1	612593	612594	30	0.4968
chr1	612643	612644	24	0.6009
chr1	612666	612667	30	0.4911
chr1	612692	612693	30	0.7198
chr1	612740	612741	33	0.6658
chr1	612753	612754	37	0.5973
chr1	612853	612854	33	0.6572
chr1	612953	612954	31	0.4089
chr1	613027	613028	31	0.8291
chr1	613127	613128	41	0.7319
chr1	613215	613216	34	0.6183
chr1	613265	613266	26	0.949
chr1	613285	613286	30	0.8156
chr1	613465	613466	27	0.9377
chr1	613569	613570	32	0.8634
chr1	613579	613580	34	0.8176
chr1	613585	613586	29	0.6878
chr1	613619	613620	35	0.9423
chr1	613669	613670	26	0.779
chr1	613687	613688	28	0.6557
chr1	613737	613738	28	0.7307
chr1	613786	613787	19	0.6757
chr1	613813	613814	33	0.8361
chr1	613839	613840	39	0.8012
chr1	613889	613890	25	0.5276
chr1	613912	613913	27	0.5143
chr1	613933	613934	22	0.5939
chr1	613959	613960	25	0.6497
chr1	613974	613975	29	0.6189
chr1	614024	614025	31	0.6149
chr1	614070	614071	22	0.7221
chr1	614090	614091	24	0.6229
chr1	614140	614141	22	0.455
chr1	614170	614171	31	0.5628
chr1	614171	614172	31	0.7512
chr1	614263	614264	25	0.6444
chr1	614319	614320	26	0.6692
chr1	614419	614420	29	0.7569
chr1	614491	614492	32	0.686
chr1	614570	614571	22	0.6053
chr1	614630	614631	32	0.8081
chr1	614636	614637	30	0.8274
chr1	614677	614678	27	0.7637
chr1	614697	614698	30	0.7732
chr1	614732	614733	32	0.8397
chr1	614750	614751	25	0.9777
chr1	614791	614792	36	0.7567
chr1	614821	614822	27	0.7552
chr1	614836	614837	26	0.8512
chr1	614862	614863	26	0.693
chr1	614888	614889	30	0.8609
chr1	614912	614913	24	0.7442
chr1	614962	614963	25	0.7345
chr1	614984	614985	37	0.6974
chr1	614999	615000	24	0.8376
chr1	615025	615026	32	0.7551
chr1	615125	615126	36	0.7235
chr1	615225	615226	35	0.8324
chr1	615275	615276	27	0.8146
chr1	615360	615361	38	0.8935
chr1	615366	615367	25	0.9537
chr1	615408	615409	33	0.9231
chr1	615430	615431	23	1.0
chr1	615464	615465	23	0.9556
chr1	615492	615493	29	0.9057
chr1	615516	615517	34	0.9427
chr1	615544	615545	25	0.9422
chr1	615648	615649	34	0.7868
chr1	615732	615733	23	0.8842
chr1	615800	615801	24	0.7808
chr1	615848	615849	22	0.8563
chr1	615868	615869	29	0.7259
chr1	615896	615897	34	0.7177
chr1	615931	615932	40	0.6877
chr1	615954	615955	32	0.6634
chr1	616004	616005	35	0.7294
chr1	616054	616055	31	0.8708
chr1	616104	616105	18	0.7736
chr1	616135	616136	32	0.8488
chr1	616151	616152	22	0.8365
chr1	616201	616202	34	0.6277
chr1	616251	616252	31	0.6835
chr1	616263	616264	37	0.674
chr1	616313	616314	37	0.6666
chr1	616413	616414	35	0.7642
chr1	616496	616497	35	0.7601
chr1	616596	616597	21	0.6671
chr1	616608	616609	33	0.8621
chr1	616662	616663	28	0.6054
chr1	616675	616676	30	0.899
chr1	616712	616713	24	0.712
chr1	616743	616744	24	0.8063
chr1	616789	616790	33	0.9002
chr1	616813	616814	26	0.6963
chr1	616839	616840	42	0.7739
chr1	616856	616857	33	0.7245
chr1	616906	616907	26	0.5922
chr1	616927	616928	32	0.7899
chr1	616943	616944	23	0.8746
chr1	616993	616994	20	0.7149
chr1	617020	617021	29	0.8291
chr1	617035	617036	25	0.6989
chr1	617058	617059	27	0.8779
chr1	617078	617079	29	0.7345
chr1	617093	617094	24	0.8035
chr1	617113	617114	36	0.6787
chr1	617131	617132	31	0.6759
chr1	617156	617157	32	0.6438
chr1	617174	617175	27	0.691
chr1	617239	617240	31	0.8467
chr1	617289	617290	22	0.8738
chr1	617388	617389	30	0.8078
chr1	617488	617489	35	0.9498
chr1	617588	617589	35	0.7711
chr1	617658	617659	33	0.8784
chr1	617688	617689	29	0.8666
chr1	617731	617732	34	0.891
chr1	617761	617762	29	0.9451
chr1	617799	617800	24	0.8912
chr1	617826	617827	32	0.8888
chr1	617876	617877	35	0.8545
chr1	617891	617892	35	0.855
chr1	617912	617913	30	0.8571
chr1	617940	617941	35	0.9057
chr1	617957	617958	23	0.8046
chr1	617983	617984	28	0.8818
chr1	618020	618021	24	0.9467
chr1	618063	618064	35	0.9774
chr1	618082	618083	29	0.8704
chr1	618123	618124	30	0.8799
chr1	618159	618160	29	0.8974
chr1	618209	618210	28	0.9844
chr1	618217	618218	33	0.9992
chr1	618317	618318	37	0.8109
chr1	618367	618368	32	0.9359
chr1	618467	618468	25	0.9318
chr1	618567	618568	32	0.865
chr1	618653	618654	27	0.7863
chr1	618721	618722	25	0.9263
chr1	618725	618726	25	0.9488
chr1	618772	618773	28	0.3056
chr1	618818	618819	32	0.3403
chr1	618834	618835	32	0.4032
chr1	618851	618852	28	0.424
chr1	618875	618876	30	0.2231
chr1	618893	618894	35	0.3731
chr1	618939	618940	30	0.307
chr1	618974	618975	26	0.3768
chr1	619013	619014	33	0.4494
chr1	619041	619042	21	0.3343
chr1	619062	619063	27	0.305
chr1	619112	619113	36	0.3701
chr1	619139	619140	22	0.2714
chr1	619187	619188	38	0.4018
chr1	619212	619213	22	0.2823
chr1	619241	619242	32	0.3782
chr1	619273	619274	32	0.3408
chr1	619275	619276	25	0.3666
chr1	619337	619338	29	0.3105
chr1	619420	619421	43	0.4267
chr1	619520	619521	25	0.3308
chr1	619585	619586	27	0.4277
chr1	619647	619648	30	0.5097
chr1	619747	619748	31	0.3254
chr1	619753	619754	26	0.1624
chr1	619773	619774	21	0.2659
chr1	619792	619793	31	0.0649
chr1	619832	619833	31	0.0
chr1	619854	619855	26	0.0
chr1	619899	619900	31	0.1083
chr1	619920	619921	24	0.215
chr1	619941	619942	29	0.0587
chr1	619971	619972	29	0.0603
chr1	620000	620001	32	0.119
chr1	620050	620051	32	0.0508
chr1	620074	620075	23	0.0975
chr1	620092	620093	33	0.0367
chr1	620111	620112	33	0.0864
chr1	620136	620137	25	0.0912
chr1	620165	620166	33	0.1352
chr1	620187	620188	34	0.0304
chr1	620215	620216	30	0.0
chr1	620244	620245	28	0.1215
chr1	620265	620266	27	0.0787
chr1	620365	620366	37	0.0
chr1	620465	620466	36	0.0661
chr1	620564	620565	28	0.0619
chr1	620650	620651	26	0.1528
chr1	620660	620661	36	0.0921
chr1	620705	620706	31	0.6839
chr1	620741	620742	28	0.6834
chr1	620773	620774	26	0.4424
chr1	620788	620789	28	0.7078
chr1	620814	620815	29	0.6219
chr1	620842	620843	33	0.7184
chr1	620873	620874	39	0.747
chr1	620896	620897	29	0.7802
chr1	620918	620919	32	0.6483
chr1	620954	620955	33	0.6062
chr1	621004	621005	34	0.755
chr1	621024	621025	24	0.7028
chr1	621070	621071	28	0.8271
chr1	621120	621121	28	0.6791
chr1	621170	621171	23	0.7038
chr1	621198	621199	25	0.6382
chr1	621201	621202	28	0.6186
chr1	621281	621282	25	0.7341
chr1	621381	621382	34	0.6492
chr1	621481	621482	33	0.7326
chr1	621581	621582	33	0.7551
chr1	621681	621682	36	0.75
chr1	621693	621694	26	0.7146
chr1	621741	621742	28	0.5712
chr1	621778	621779	29	0.893
chr1	621806	621807	20	0.7974
chr1	621852	621853	28	0.8485
chr1	621880	621881	33	0.6848
chr1	621900	621901	27	0.8691
chr1	621915	621916	28	0.9793
chr1	621939	621940	28	0.6679
chr1	621975	621976	31	0.8462
chr1	622018	622019	36	0.8892
chr1	622062	622063	33	0.8375
chr1	622084	622085	29	0.7817
chr1	622108	622109	30	0.7578
chr1	622136	622137	27	0.8227
chr1	622169	622170	32	0.7954
chr1	622216	622217	33	0.7642
chr1	622240	622241	26	0.7198
chr1	622255	622256	32	0.754
chr1	622299	622300	32	0.7757
chr1	622345	622346	34	0.7681
chr1	622445	622446	29	0.7574
chr1	622545	622546	26	0.9044
chr1	622595	622596	25	0.7947
chr1	622656	622657	34	0.6717
chr1	622709	622710	33	0.7508
chr1	622786	622787	29	0.665
chr1	622880	622881	23	0.7413
chr1	622908	622909	31	0.8526
chr1	622922	622923	27	0.7755
chr1	622930	622931	41	0.5735
chr1	622957	622958	36	0.4221
chr1	622980	622981	28	0.5279
chr1	623013	623014	23	0.5316
chr1	623030	623031	24	0.6711
chr1	623047	623048	31	0.5993
chr1	623083	623084	26	0.4868
chr1	623133	623134	30	0.4426
chr1	623183	623184	26	0.4243
chr1	623200	623201	26	0.3288
chr1	623249	623250	28	0.4947
chr1	623299	623300	23	0.6499
chr1	623323	623324	25	0.343
chr1	623346	623347	29	0.4386
chr1	623377	623378	30	0.4595
chr1	623427	623428	27	0.5779
chr1	623470	623471	25	0.6622
chr1	623543	623544	30	0.422
chr1	623643	623644	35	0.5685
chr1	623706	623707	30	0.4481
chr1	623806	623807	31	0.4898
chr1	623891	623892	31	0.512
chr1	623991	623992	24	0.5121
chr1	624021	624022	28	0.7303
chr1	624043	624044	37	0.7666
chr1	624119	624120	22	0.7136
chr1	624207	624208	26	0.5546
chr1	624285	624286	25	0.5336
chr1	624291	624292	34	0.7122
chr1	624339	624340	25	0.6909
chr1	624365	624366	24	0.7313
chr1	624409	624410	30	0.5629
chr1	624419	624420	31	0.6844
chr1	624461	624462	37	0.5637
chr1	624501	624502	31	0.7449
chr1	624551	624552	22	0.5616
chr1	624572	624573	30	0.5984
chr1	624622	624623	17	0.6906
chr1	624672	624673	30	0.6181
chr1	624703	624704	36	0.7099
chr1	624753	624754	26	0.7737
chr1	624768	624769	32	0.5959
chr1	624796	624797	31	0.7803
chr1	624846	624847	38	0.7375
chr1	624866	624867	22	0.6106
chr1	624902	624903	25	0.6953
chr1	624923	624924	27	0.7284
chr1	624949	624950	36	0.7506
chr1	624964	624965	21	0.7371
chr1	624978	624979	23	0.75
chr1	625065	625066	29	0.5596
chr1	625164	625165	27	0.4947
chr1	625250	625251	31	0.7526
chr1	625300	625301	26	0.5704
chr1	625400	625401	34	0.6981
chr1	625468	625469	36	0.804
chr1	625492	625493	30	0.9558
chr1	625504	625505	33	0.9422
chr1	625520	625521	39	0.8579
chr1	625572	625573	19	0.7828
chr1	625584	625585	42	0.8838
chr1	625696	625697	29	0.6841
chr1	625786	625787	33	0.9055
chr1	625798	625799	31	0.9951
chr1	625864	625865	24	0.7119
chr1	625889	625890	30	0.291
chr1	625906	625907	26	0.3128
chr1	625956	625957	29	0.2645
chr1	625978	625979	29	0.3209
chr1	626026	626027	20	0.3918
chr1	626063	626064	32	0.248
chr1	626089	626090	29	0.2488
chr1	626116	626117	38	0.3603
chr1	626134	626135	29	0.3343
chr1	626149	626150	37	0.1297
chr1	626199	626200	27	0.4913
chr1	626249	626250	32	0.2664
chr1	626291	626292	27	0.491
chr1	626307	626308	26	0.3126
chr1	626338	626339	39	0.3094
chr1	626371	626372	26	0.2827
chr1	626394	626395	29	0.1643
chr1	626458	626459	30	0.39
chr1	626558	626559	26	0.3962
chr1	626640	626641	31	0.4385
chr1	626690	626691	33	0.293
chr1	626790	626791	29	0.4631
chr1	626890	626891	30	0.4768
chr1	626950	626951	34	0.2705
chr1	626989	626990	23	0.6692
chr1	627018	627019	28	0.6253
chr1	627051	627052	23	0.7409
chr1	627081	627082	28	0.8064
chr1	627131	627132	40	0.6807
chr1	627181	627182	29	0.7039
chr1	627222	627223	27	0.7747
chr1	627246	627247	27	0.7423
chr1	627267	627268	33	0.6609
chr1	627295	627296	30	0.781
chr1	627314	627315	32	0.7671
chr1	627330	627331	35	0.5648
chr1	627357	627358	37	0.6861
chr1	627381	627382	30	0.6493
chr1	627397	627398	29	0.7601
chr1	627426	627427	30	0.7663
chr1	627476	627477	21	0.6971
chr1	627491	627492	22	0.6198
chr1	627508	627509	27	0.71
chr1	627569	627570	31	0.7107
chr1	627619	627620	27	0.6372
chr1	627719	627720	32	0.7358
chr1	627781	627782	24	0.7002
chr1	627861	627862	23	0.6773
chr1	627961	627962	38	0.8236
chr1	628011	628012	31	0.7971
chr1	628059	628060	36	0.6603
chr1	628098	628099	23	0.8199
chr1	628113	628114	28	0.8524
chr1	628128	628129	23	0.8662
chr1	628166	628167	35	0.8435
chr1	628186	628187	35	0.853
chr1	628211	628212	29	1.0
chr1	628231	628232	28	0.8209
chr1	628259	628260	30	0.9027
chr1	628282	628283	23	0.9248
chr1	628321	628322	31	0.8479
chr1	628350	628351	28	0.7938
chr1	628382	628383	24	0.6726
chr1	628397	628398	36	0.83
chr1	628429	628430	28	0.7637
chr1	628444	628445	25	0.8381
chr1	628481	628482	36	0.7881
chr1	628531	628532	25	0.8048
chr1	628576	628577	25	0.9059
chr1	628592	628593	27	0.8306
chr1	628642	628643	24	0.9885
chr1	628742	628743	28	0.9314
chr1	628798	628799	22	0.7773
chr1	628868	628869	29	0.8415
chr1	628968	628969	21	0.917
chr1	629018	629019	32	0.8632
chr1	629104	629105	26	0.9559
chr1	629139	629140	27	0.7378
chr1	629171	629172	26	0.8132
chr1	629214	629215	25	0.8756
chr1	629238	629239	31	0.8072
chr1	629275	629276	26	0.7679
chr1	629302	629303	28	0.6142
chr1	629318	629319	33	0.9292
chr1	629334	629335	26	0.8311
chr1	629358	629359	29	0.8381
chr1	629392	629393	19	0.6878
chr1	629437	629438	30	0.6514
chr1	629454	629455	29	0.5951
chr1	629484	629485	27	0.7382
chr1	629501	629502	35	0.7685
chr1	629527	629528	34	0.6776
chr1	629542	629543	32	0.7589
chr1	629557	629558	39	0.8753
chr1	629584	629585	38	0.9035
chr1	629622	629623	27	0.6245
chr1	629722	629723	28	0.8092
chr1	629813	629814	31	0.8854
chr1	629913	629914	36	0.7349
chr1	629982	629983	34	0.7716
chr1	630082	630083	33	0.9563
chr1	630102	630103	29	0.9383
chr1	630160	630161	25	0.7838
chr1	630195	630196	35	0.4297
chr1	630243	630244	27	0.4708
chr1	630274	630275	24	0.52
chr1	630293	630294	30	0.3514
chr1	630311	630312	31	0.6765
chr1	630349	630350	31	0.6319
chr1	630374	630375	34	0.0
chr1	630391	630392	28	0.2382
chr1	630429	630430	30	0.2926
chr1	630476	630477	26	0.208
chr1	630520	630521	41	0.2227
chr1	630551	630552	37	0.5587
chr1	630582	630583	28	0.4665
chr1	630618	630619	34	0.286
chr1	630639	630640	30	0.3206
chr1	630655	630656	24	0.6012
chr1	630755	630756	25	0.3538
chr1	630855	630856	20	0.437
chr1	630955	630956	27	0.6131
chr1	631055	631056	29	0.3871
chr1	631127	631128	30	0.559
chr1	631139	631140	26	0.4418
chr1	631188	631189	30	0.8401
chr1	631229	631230	29	0.5815
chr1	631252	631253	32	0.8611
chr1	631293	631294	24	0.5082
chr1	631308	631309	33	0.6308
chr1	631347	631348	29	0.9562
chr1	631372	631373	29	0.6318
chr1	631418	631419	26	0.7798
chr1	631452	631453	26	0.8278
chr1	631476	631477	25	0.7871
chr1	631502	631503	28	0.6804
chr1	631523	631524	32	0.8099
chr1	631549	631550	21	0.4689
chr1	631631	631632	35	0.7606
chr1	631731	631732	17	0.6875
chr1	631827	631828	28	0.8596
chr1	631835	631836	35	0.7325
chr1	631885	631886	32	0.7077
chr1	631928	631929	29	0.5776
chr1	631952	631953	31	0.7024
chr1	631970	631971	26	0.5582
chr1	632020	632021	34	0.4223
chr1	632035	632036	26	0.5622
chr1	632052	632053	22	0.5775
chr1	632102	632103	21	0.5671
chr1	632152	632153	27	0.6675
chr1	632199	632200	34	0.5309
chr1	632246	632247	34	0.6906
chr1	632270	632271	32	0.6545
chr1	632309	632310	24	0.4844
chr1	632339	632340	30	0.5793
chr1	632366	632367	33	0.5571
chr1	632384	632385	32	0.6131
chr1	632402	632403	30	0.5207
chr1	632421	632422	30	0.6384
chr1	632444	632445	36	0.4819
chr1	632496	632497	36	0.5295
chr1	632596	632597	32	0.5776
chr1	632696	632697	27	0.5304
chr1	632754	632755	28	0.657
chr1	632850	632851	31	0.5465
chr1	632950	632951	38	0.7085
chr1	632960	632961	32	0.748
chr1	633002	633003	26	0.5339
chr1	633012	633013	31	0.8255
chr1	633062	633063	31	0.6645
chr1	633086	633087	22	0.7218
chr1	633113	633114	35	0.6291
chr1	633128	633129	33	0.8504
chr1	633178	633179	18	0.645
chr1	633203	633204	31	0.7876
chr1	633218	633219	29	0.7397
chr1	633233	633234	27	0.7358
chr1	633277	633278	39	0.6096
chr1	633312	633313	25	0.9293
chr1	633328	633329	27	0.6628
chr1	633358	633359	27	0.61
chr1	633408	633409	32	0.85
chr1	633423	633424	32	0.7647
chr1	633438	633439	31	0.8183
chr1	633466	633467	28	0.7143
chr1	633481	633482	36	0.64
chr1	633500	633501	26	0.8234
chr1	633525	633526	27	0.8542
chr1	633532	633533	33	0.6676
chr1	633620	633621	35	0.5496
chr1	633695	633696	24	0.8268
chr1	633795	633796	33	0.7186
chr1	633851	633852	32	0.7135
chr1	633951	633952	28	0.9424
chr1	634051	634052	34	0.7052
chr1	634085	634086	33	0.6146
chr1	634109	634110	34	0.7741
chr1	634114	634115	32	0.5416
chr1	634138	634139	30	0.5906
chr1	634183	634184	33	0.5356
chr1	634207	634208	29	0.6086
chr1	634257	634258	22	0.6552
chr1	634307	634308	29	0.5981
chr1	634334	634335	21	0.5535
chr1	634384	634385	31	0.5378
chr1	634410	634411	22	0.6072
chr1	634438	634439	27	0.6846
chr1	634454	634455	25	0.5976
chr1	634477	634478	20	0.5596
chr1	634498	634499	31	0.5176
chr1	634589	634590	34	0.3105
chr1	634647	634648	28	0.6028
chr1	634747	634748	21	0.5918
chr1	634847	634848	36	0.6256
chr1	635013	635014	30	0.7055
chr1	635043	635044	28	0.7661
chr1	635165	635166	26	0.8024
chr1	635231	635232	21	0.7978
chr1	635245	635246	25	0.8163
chr1	635251	635252	27	0.5604
chr1	635259	635260	31	0.9082
chr1	635273	635274	33	0.6678
chr1	635280	635281	26	0.7932
chr1	635330	635331	31	0.9964
chr1	635357	635358	31	0.8849
chr1	635407	635408	18	0.627
chr1	635457	635458	23	0.8185
chr1	635493	635494	19	0.924
chr1	635531	635532	31	0.782
chr1	635549	635550	37	0.8044
chr1	635569	635570	28	0.8541
chr1	635619	635620	32	0.8541
chr1	635634	635635	26	0.8545
chr1	635684	635685	33	0.7664
chr1	635730	635731	24	0.8526
chr1	635761	635762	25	0.5006
chr1	635811	635812	30	0.8152
chr1	635826	635827	26	0.9117
chr1	635841	635842	22	0.7345
chr1	635868	635869	33	0.8185
chr1	635872	635873	36	0.8938
chr1	635922	635923	31	0.7175
chr1	635980	635981	26	0.6582
chr1	636080	636081	33	0.931
chr1	636130	636131	30	0.7841
chr1	636180	636181	29	0.794
chr1	636280	636281	27	0.7423
chr1	636379	636380	33	0.9063
chr1	636401	636402	36	0.9488
chr1	636493	636494	19	0.9436
chr1	636525	636526	33	0.8672
chr1	636543	636544	33	0.984
chr1	636545	636546	30	0.8091
chr1	636559	636560	26	0.8208
chr1	636629	636630	33	0.8373
chr1	636665	636666	24	0.8802
chr1	636723	636724	31	0.9789
chr1	636757	636758	27	0.7488
chr1	636801	636802	41	0.694
chr1	636846	636847	34	0.4704
chr1	636889	636890	21	0.6248
chr1	636904	636905	31	0.4917
chr1	636954	636955	25	0.6652
chr1	636970	636971	31	0.4774
chr1	636994	636995	28	0.6644
chr1	637044	637045	35	0.5934
chr1	637086	637087	23	0.5059
chr1	637112	637113	25	0.5068
chr1	637134	637135	19	0.543
chr1	637162	637163	23	0.5887
chr1	637190	637191	32	0.7022
chr1	637217	637218	29	0.5502
chr1	637267	637268	25	0.6946
chr1	637282	637283	33	0.5661
chr1	637315	637316	19	0.4622
chr1	637331	637332	38	0.5288
chr1	637381	637382	35	0.4509
chr1	637451	637452	29	0.7513
chr1	637501	637502	31	0.4946
chr1	637551	637552	28	0.5161
chr1	637651	637652	27	0.6367
chr1	637751	637752	29	0.6234
chr1	637851	637852	28	0.4509
chr1	637885	637886	36	0.6459
chr1	637910	637911	25	0.1021
chr1	637952	637953	30	0.0885
chr1	637970	637971	33	0.1633
chr1	637997	637998	26	0.1269
chr1	638047	638048	26	0.2448
chr1	638062	638063	26	0.1285
chr1	638102	638103	34	0.2917
chr1	638128	638129	30	0.0939
chr1	638164	638165	27	0.0327
chr1	638203	638204	31	0.1557
chr1	638226	638227	35	0.0888
chr1	638270	638271	27	0.291
chr1	638289	638290	36	0.1084
chr1	638315	638316	28	0.0418
chr1	638330	638331	31	0.2044
chr1	638380	638381	24	0.1372
chr1	638428	638429	33	0.2206
chr1	638443	638444	26	0.0951
chr1	638444	638445	17	0.2008
chr1	638523	638524	24	0.1933
chr1	638607	638608	36	0.2605
chr1	638707	638708	24	0.1896
chr1	638794	638795	29	0.2741
chr1	638894	638895	28	0.007
chr1	638910	638911	36	0.1273
chr1	638947	638948	24	0.3648
chr1	638980	638981	30	0.2564
chr1	639010	639011	25	0.0989
chr1	639043	639044	20	0.1813
chr1	639093	639094	36	0.0
chr1	639141	639142	32	0.57
chr1	639189	639190	25	0.3371
chr1	639213	639214	22	0.3596
chr1	639240	639241	39	0.0
chr1	639269	639270	38	0.0
chr1	639304	639305	27	0.719
chr1	639319	639320	31	0.2893
chr1	639345	639346	21	0.2735
chr1	639395	639396	23	0.3225
chr1	639417	639418	30	0.762
chr1	639517	639518	24	0.4083
chr1	639617	639618	28	0.3214
chr1	639707	639708	29	0.2054
chr1	639807	639808	36	0.5619
chr1	639813	639814	24	0.445
chr1	639837	639838	22	0.1428
chr1	639868	639869	36	0.1726
chr1	639894	639895	28	0.2168
chr1	639909	639910	26	0.1445
chr1	639940	639941	32	0.168
chr1	639990	639991	34	0.1701
chr1	640010	640011	26	0.0785
chr1	640036	640037	30	0.2364
chr1	640086	640087	28	0.2104
chr1	640125	640126	29	0.1119
chr1	640175	640176	29	0.1142
chr1	640225	640226	30	0.1669
chr1	640253	640254	37	0.138
chr1	640268	640269	33	0.2882
chr1	640295	640296	33	0.0946
chr1	640324	640325	33	0.162
chr1	640366	640367	24	0.1388
chr1	640382	640383	36	0.1208
chr1	640482	640483	27	0.3959
chr1	640575	640576	33	0.1266
chr1	640675	640676	37	0.2557
chr1	640775	640776	28	0.1094
chr1	640875	640876	32	0.141
chr1	640877	640878	31	0.0766
chr1	640886	640887	29	0.6684
chr1	640933	640934	35	0.6107
chr1	640948	640949	29	0.5664
chr1	640977	640978	37	0.6671
chr1	641004	641005	30	0.6628
chr1	641035	641036	36	0.6846
chr1	641085	641086	29	0.6402
chr1	641101	641102	31	0.5718
chr1	641143	641144	38	0.4825
chr1	641159	641160	34	0.6818
chr1	641174	641175	29	0.5047
chr1	641224	641225	33	0.5378
chr1	641251	641252	30	0.5415
chr1	641277	641278	19	0.6948
chr1	641302	641303	31	0.7548
chr1	641317	641318	27	0.6229
chr1	641332	641333	42	0.5864
chr1	641382	641383	32	0.693
chr1	641397	641398	39	0.6643
chr1	641419	641420	34	0.5887
chr1	641424	641425	33	0.4379
chr1	641504	641505	33	0.4485
chr1	641554	641555	31	0.5977
chr1	641654	641655	34	0.5867
chr1	641722	641723	34	0.6846
chr1	641783	641784	32	0.582
chr1	641857	641858	33	0.5917
chr1	641938	641939	30	0.4052
chr1	641948	641949	34	0.7017
chr1	642016	642017	24	0.741
chr1	642030	642031	32	0.7357
chr1	642164	642165	27	0.7668
chr1	642240	642241	33	0.6615
chr1	642262	642263	21	0.8026
chr1	642270	642271	31	0.6159
chr1	642388	642389	25	0.6868
chr1	642432	642433	26	0.8452
chr1	642442	642443	20	0.6616
chr1	642457	642458	34	0.5724
chr1	642493	642494	31	0.4967
chr1	642543	642544	25	0.5844
chr1	642583	642584	19	0.6668
chr1	642611	642612	29	0.6994
chr1	642642	642643	22	0.5918
chr1	642663	642664	41	0.4702
chr1	642690	642691	32	0.6597
chr1	642705	642706	20	0.6213
chr1	642725	642726	39	0.6331
chr1	642757	642758	22	1.0
chr1	642802	642803	30	0.8353
chr1	642843	642844	31	0.9524
chr1	642893	642894	31	0.8279
chr1	642911	642912	30	0.9295
chr1	642961	642962	34	0.9128
chr1	643006	643007	36	0.8045
chr1	643106	643107	31	0.7654
chr1	643206	643207	35	0.8723
chr1	643302	643303	36	0.8567
chr1	643402	643403	26	0.7994
chr1	643452	643453	31	0.8527
chr1	643552	643553	30	0.788
chr1	643566	643567	27	0.8101
chr1	643606	643607	28	0.8109
chr1	643668	643669	23	0.9407
chr1	643714	643715	21	0.688
chr1	643720	643721	24	0.7945
chr1	643740	643741	34	0.9641
chr1	643744	643745	21	0.928
chr1	643884	643885	18	0.9218
chr1	643914	643915	36	0.7786
chr1	644048	644049	27	0.893
chr1	645180	645181	28	0.67
chr1	645212	645213	33	0.6723
chr1	645238	645239	25	0.6869
chr1	645270	645271	24	0.4344
chr1	645320	645321	30	0.6022
chr1	645344	645345	24	0.4908
chr1	645394	645395	34	0.7008
chr1	645426	645427	33	0.7143
chr1	645451	645452	31	0.5262
chr1	645498	645499	41	0.7274
chr1	645535	645536	24	0.7989
chr1	645564	645565	32	0.6134
chr1	645597	645598	22	0.4723
chr1	645619	645620	32	0.6888
chr1	645656	645657	34	0.608
chr1	645680	645681	36	0.4772
chr1	645768	645769	32	0.6244
chr1	645827	645828	33	0.5933
chr1	645927	645928	13	0.7602
chr1	646027	646028	20	0.7274
chr1	646127	646128	32	0.6926
chr1	646151	646152	34	0.8431
chr1	646203	646204	29	0.4773
chr1	646253	646254	29	0.1362
chr1	646290	646291	27	0.1652
chr1	646310	646311	28	0.1418
chr1	646334	646335	30	0.0
chr1	646349	646350	28	0.0068
chr1	646366	646367	32	0.0742
chr1	646416	646417	30	0.2295
chr1	646466	646467	32	0.159
chr1	646492	646493	29	0.1431
chr1	646510	646511	37	0.0806
chr1	646536	646537	24	0.1352
chr1	646551	646552	14	0.2223
chr1	646589	646590	28	0.0727
chr1	646612	646613	35	0.0
chr1	646632	646633	21	0.1263
chr1	646653	646654	29	0.36
chr1	646674	646675	26	0.0091
chr1	646713	646714	24	0.078
chr1	646733	646734	20	0.155
chr1	646752	646753	24	0.1306
chr1	646831	646832	33	0.1673
chr1	646931	646932	25	0.0833
chr1	647031	647032	38	0.2154
chr1	647086	647087	20	0.0837
chr1	647186	647187	30	0.0
chr1	647268	647269	26	0.0915
chr1	647275	647276	30	0.3422
chr1	647319	647320	31	0.3718
chr1	647335	647336	29	0.2739
chr1	647350	647351	19	0.2981
chr1	647374	647375	30	0.5246
chr1	647400	647401	25	0.4132
chr1	647422	647423	29	0.3326
chr1	647472	647473	27	0.4165
chr1	647515	647516	30	0.2774
chr1	647537	647538	32	0.3587
chr1	647577	647578	25	0.4587
chr1	647604	647605	21	0.4549
chr1	647654	647655	30	0.3603
chr1	647673	647674	26	0.1968
chr1	647719	647720	29	0.2934
chr1	647734	647735	33	0.4311
chr1	647759	647760	29	0.1801
chr1	647859	647860	28	0.5186
chr1	647959	647960	24	0.5185
chr1	648044	648045	30	0.4883
chr1	648094	648095	26	0.3239
chr1	648168	648169	24	0.4039
chr1	648408	648409	37	0.089
chr1	648448	648449	29	0.1282
chr1	648482	648483	31	0.2353
chr1	648516	648517	29	0.2625
chr1	648554	648555	24	0.2743
chr1	648562	648563	33	0.3127
chr1	648606	648607	25	0.0925
chr1	648646	648647	27	0.3114
chr1	648659	648660	22	0.8
chr1	648703	648704	34	0.7127
chr1	648722	648723	28	0.7009
chr1	648749	648750	26	0.8585
chr1	648788	648789	26	0.7516
chr1	648803	648804	28	0.7694
chr1	648827	648828	27	0.6432
chr1	648877	648878	23	0.8215
chr1	648914	648915	32	0.9268
chr1	648963	648964	30	0.7406
chr1	648997	648998	34	0.741
chr1	649024	649025	21	0.8006
chr1	649074	649075	30	0.7371
chr1	649109	649110	29	0.7354
chr1	649114	649115	33	0.8498
chr1	649196	649197	33	0.7108
chr1	649296	649297	30	0.6637
chr1	649368	649369	34	0.7511
chr1	649418	649419	30	0.7704
chr1	649518	649519	32	0.6819
chr1	649606	649607	26	0.7955
chr1	649616	649617	27	0.901
chr1	649661	649662	31	0.7144
chr1	649686	649687	34	0.7503
chr1	649726	649727	14	0.733
chr1	649742	649743	33	0.7857
chr1	649777	649778	32	0.6296
chr1	649804	649805	19	0.7833
chr1	649820	649821	24	0.7707
chr1	649853	649854	32	0.7761
chr1	649881	649882	30	0.5179
chr1	649931	649932	25	0.5574
chr1	649965	649966	34	0.7642
chr1	649998	649999	27	0.6324
chr1	650027	650028	17	0.4582
chr1	650052	650053	26	0.8174
chr1	650100	650101	23	0.749
chr1	650129	650130	28	0.6596
chr1	650145	650146	32	0.8032
chr1	650171	650172	19	0.7955
chr1	650200	650201	28	0.5399
chr1	650202	650203	17	0.9213
chr1	650302	650303	28	0.6491
chr1	650402	650403	31	0.5948
chr1	650502	650503	26	0.6601
chr1	650583	650584	33	0.6662
chr1	650659	650660	33	0.6264
chr1	650769	650770	37	0.8892
chr1	650797	650798	23	0.9054
chr1	650824	650825	30	1.0
chr1	650853	650854	28	0.8148
chr1	650897	650898	30	0.7788
chr1	650916	650917	30	0.7098
chr1	650956	650957	26	0.9072
chr1	650978	650979	24	0.9617
chr1	651028	651029	24	0.8287
chr1	651078	651079	35	0.6747
chr1	651093	651094	30	0.7577
chr1	651137	651138	26	0.7014
chr1	651171	651172	33	0.8255
chr1	651221	651222	23	0.8524
chr1	651236	651237	31	0.9481
chr1	651257	651258	31	0.9102
chr1	651285	651286	22	0.7932
chr1	651316	651317	19	0.7538
chr1	651416	651417	22	0.7836
chr1	651516	651517	19	0.8874
chr1	651616	651617	35	0.8433
chr1	651716	651717	24	0.8212
chr1	651816	651817	38	0.788
chr1	651840	651841	31	0.7561
chr1	651866	651867	23	0.9049
chr1	651908	651909	23	0.7827
chr1	651944	651945	32	0.7583
chr1	651994	651995	35	0.5788
chr1	652017	652018	29	0.7576
chr1	652043	652044	19	0.782
chr1	652069	652070	30	0.6361
chr1	652095	652096	34	0.6079
chr1	652110	652111	35	0.7299
chr1	652133	652134	28	0.7732
chr1	652164	652165	27	0.7103
chr1	652199	652200	36	0.7679
chr1	652216	652217	26	0.7202
chr1	652236	652237	29	0.6238
chr1	652286	652287	34	0.7258
chr1	652309	652310	33	0.7135
chr1	652325	652326	23	0.535
chr1	652356	652357	33	0.8599
chr1	652387	652388	20	0.5161
chr1	652409	652410	35	0.5812
chr1	652459	652460	27	0.7165
chr1	652559	652560	29	0.6413
chr1	652659	652660	26	0.715
chr1	652709	652710	32	0.552
chr1	652780	652781	25	0.67
chr1	652880	652881	26	0.4715
chr1	652928	652929	35	0.6091
chr1	652938	652939	19	0.5057
chr1	652944	652945	28	0.5841
chr1	652994	652995	31	0.6432
chr1	653022	653023	34	0.6762
chr1	653062	653063	29	0.5929
chr1	653083	653084	34	0.6775
chr1	653098	653099	31	0.7013
chr1	653147	653148	28	0.7747
chr1	653183	653184	34	0.7843
chr1	653205	653206	25	0.7392
chr1	653221	653222	33	0.6496
chr1	653271	653272	23	0.7999
chr1	653316	653317	31	0.7135
chr1	653366	653367	35	0.5291
chr1	653406	653407	28	0.5484
chr1	653428	653429	27	0.6232
chr1	653466	653467	38	0.7196
chr1	653487	653488	38	0.4908
chr1	653522	653523	25	0.7163
chr1	653572	653573	27	0.598
chr1	653672	653673	26	0.6875
chr1	653772	653773	43	0.7401
chr1	653872	653873	25	0.7112
chr1	653972	653973	31	0.6387
chr1	654022	654023	28	0.6961
chr1	654089	654090	30	0.9437
chr1	654105	654106	38	0.7049
chr1	654171	654172	21	0.687
chr1	654311	654312	26	0.7531
chr1	654359	654360	29	0.7594
chr1	654465	654466	36	0.9386
chr1	654479	654480	30	0.7087
chr1	654547	654548	40	0.9687
chr1	654573	654574	36	0.7334
chr1	654608	654609	26	0.7308
chr1	654623	654624	34	0.7381
chr1	654673	654674	39	0.8473
chr1	654706	654707	33	0.7213
chr1	654732	654733	33	0.6727
chr1	654762	654763	36	0.7058
chr1	654783	654784	32	0.7
chr1	654825	654826	34	0.7505
chr1	654867	654868	34	0.7872
chr1	654895	654896	29	0.7512
chr1	654914	654915	27	0.8196
chr1	654934	654935	31	0.8025
chr1	654965	654966	25	0.726
chr1	654982	654983	23	0.6749
chr1	655032	655033	37	0.6824
chr1	655058	655059	24	0.8451
chr1	655077	655078	20	0.4402
chr1	655091	655092	27	0.6714
chr1	655191	655192	29	0.5636
chr1	655258	655259	29	0.8819
chr1	655308	655309	24	0.6563
chr1	655380	655381	32	0.8543
chr1	655447	655448	26	0.802
chr1	655510	655511	34	0.697
chr1	655538	655539	17	0.7804
chr1	655551	655552	32	0.7268
chr1	655571	655572	23	0.7843
chr1	655594	655595	38	0.8143
chr1	655619	655620	36	0.9781
chr1	655657	655658	33	0.9699
chr1	655693	655694	29	0.8276
chr1	655724	655725	34	1.0
chr1	655763	655764	28	0.8868
chr1	655797	655798	20	0.8233
chr1	655824	655825	37	0.8241
chr1	655847	655848	35	0.9239
chr1	655863	655864	32	0.9174
chr1	655880	655881	31	0.9413
chr1	655901	655902	17	0.9527
chr1	655939	655940	28	0.8659
chr1	655977	655978	32	0.8316
chr1	656077	656078	32	0.7847
chr1	656132	656133	28	0.7842
chr1	656215	656216	34	0.7926
chr1	656278	656279	23	0.9187
chr1	656360	656361	31	0.9464
chr1	656402	656403	24	0.9311
chr1	656430	656431	33	0.0076
chr1	656480	656481	25	0.0243
chr1	656530	656531	34	0.0783
chr1	656568	656569	30	0.1112
chr1	656591	656592	37	0.0
chr1	656616	656617	31	0.1654
chr1	656642	656643	34	0.0764
chr1	656692	656693	29	0.0336
chr1	656724	656725	22	0.2408
chr1	656739	656740	31	0.14
chr1	656755	656756	27	0.0204
chr1	656805	656806	27	0.0497
chr1	656812	656813	34	0.0957
chr1	656888	656889	26	0.1086
chr1	656949	656950	35	0.2232
chr1	657039	657040	33	0.1447
chr1	657106	657107	26	0.1498
chr1	657170	657171	36	0.1476
chr1	657172	657173	38	0.0225
chr1	657177	657178	26	0.5852
chr1	657212	657213	32	0.2409
chr1	657247	657248	21	0.3368
chr1	657297	657298	32	0.3734
chr1	657312	657313	31	0.2908
chr1	657327	657328	32	0.4948
chr1	657359	657360	32	0.3347
chr1	657409	657410	29	0.3105
chr1	657456	657457	34	0.3526
chr1	657496	657497	27	0.3844
chr1	657517	657518	37	0.4829
chr1	657537	657538	35	0.3371
chr1	657555	657556	31	0.3619
chr1	657570	657571	23	0.4394
chr1	657609	657610	32	0.2972
chr1	657633	657634	22	0.5284
chr1	657657	657658	26	0.2985
chr1	657692	657693	26	0.4475
chr1	657709	657710	28	0.264
chr1	657809	657810	21	0.3459
chr1	657909	657910	28	0.3253
chr1	657990	657991	34	0.3631
chr1	658040	658041	35	0.3741
chr1	658107	658108	17	0.3891
chr1	658157	658158	31	0.4718
chr1	658287	658288	33	0.185
chr1	658359	658360	28	0.1271
chr1	658367	658368	29	0.1431
chr1	658395	658396	26	0.179
chr1	658433	658434	28	0.1167
chr1	658479	658480	15	0.2481
chr1	658557	658558	30	0.1024
chr1	658605	658606	41	0.2761
chr1	658653	658654	25	0.1381
chr1	658678	658679	32	0.8572
chr1	658728	658729	32	0.8572
chr1	658743	658744	29	0.7014
chr1	658758	658759	32	0.5648
chr1	658780	658781	24	0.9474
chr1	658807	658808	30	0.8071
chr1	658832	658833	27	0.7578
chr1	658847	658848	36	0.8169
chr1	658863	658864	27	0.7766
chr1	658903	658904	25	0.8822
chr1	658952	658953	39	0.7863
chr1	658970	658971	33	0.4969
chr1	658995	658996	37	0.6381
chr1	659033	659034	28	0.6752
chr1	659054	659055	27	0.8198
chr1	659082	659083	23	0.7898
chr1	659108	659109	25	0.8472
chr1	659138	659139	21	0.9844
chr1	659155	659156	34	0.6118
chr1	659170	659171	18	0.7584
chr1	659185	659186	32	0.8242
chr1	659190	659191	27	0.7693
chr1	659267	659268	28	0.8834
chr1	659367	659368	29	0.7337
chr1	659467	659468	25	0.815
chr1	659517	659518	29	0.7653
chr1	659617	659618	43	0.6002
chr1	659629	659630	25	0.6391
chr1	659663	659664	35	0.9731
chr1	659696	659697	25	0.9306
chr1	659714	659715	29	0.6937
chr1	659743	659744	36	0.8475
chr1	659761	659762	29	0.717
chr1	659782	659783	32	0.7175
chr1	659808	659809	33	0.7679
chr1	659844	659845	28	0.8096
chr1	659866	659867	31	0.8677
chr1	659908	659909	28	0.9384
chr1	659958	659959	32	0.7889
chr1	659998	659999	29	0.9241
chr1	660021	660022	27	0.8921
chr1	660037	660038	36	0.7224
chr1	660087	660088	39	0.8339
chr1	660111	660112	28	0.7887
chr1	660154	660155	34	0.8211
chr1	660175	660176	32	0.8466
chr1	660199	660200	30	0.8473
chr1	660230	660231	26	0.7339
chr1	660231	660232	24	0.848
chr1	660281	660282	28	0.8021
chr1	660345	660346	30	0.8863
chr1	660445	660446	37	0.7259
chr1	660545	660546	24	0.8335
chr1	660645	660646	24	0.9677
chr1	660695	660696	30	0.8263
chr1	660757	660758	28	0.8073
chr1	660775	660776	24	1.0
chr1	660827	660828	35	0.7942
chr1	660839	660840	27	0.809
chr1	660860	660861	25	0.7381
chr1	660904	660905	43	0.8017
chr1	660953	660954	36	0.5905
chr1	660988	660989	27	0.6988
chr1	661018	661019	26	0.7354
chr1	661047	661048	29	0.5657
chr1	661068	661069	28	0.5971
chr1	661095	661096	23	0.67
chr1	661118	661119	36	0.8803
chr1	661146	661147	30	0.7285
chr1	661167	661168	29	0.7167
chr1	661208	661209	34	0.7565
chr1	661225	661226	28	0.8759
chr1	661258	661259	33	0.7092
chr1	661277	661278	28	0.7366
chr1	661316	661317	31	0.6918
chr1	661335	661336	28	0.7148
chr1	661420	661421	28	0.9418
chr1	661520	661521	25	0.837
chr1	661602	661603	31	0.8087
chr1	661696	661697	25	0.7473
chr1	661746	661747	36	0.6865
chr1	661808	661809	34	0.8494
chr1	661829	661830	40	0.7379
chr1	661845	661846	20	1.0
chr1	661880	661881	30	0.8826
chr1	661926	661927	29	0.8704
chr1	661969	661970	30	0.9032
chr1	662019	662020	35	0.8284
chr1	662047	662048	20	1.0
chr1	662096	662097	31	0.771
chr1	662123	662124	33	0.743
chr1	662152	662153	36	0.9548
chr1	662171	662172	28	0.8024
chr1	662190	662191	30	0.9434
chr1	662218	662219	34	0.8979
chr1	662249	662250	27	0.8214
chr1	662268	662269	29	0.7297
chr1	662306	662307	27	0.8491
chr1	662321	662322	23	1.0
chr1	662337	662338	34	0.7672
chr1	662437	662438	34	0.8095
chr1	662513	662514	25	0.9034
chr1	662603	662604	20	0.8412
chr1	662701	662702	23	0.8036
chr1	662775	662776	30	0.6829
chr1	662840	662841	30	0.9798
chr1	662892	662893	41	0.7776
chr1	662911	662912	28	0.1294
chr1	662929	662930	34	0.2552
chr1	662956	662957	34	0.25
chr1	662990	662991	31	0.0
chr1	663040	663041	33	0.2472
chr1	663056	663057	22	0.1303
chr1	663073	663074	31	0.2084
chr1	663116	663117	32	0.1995
chr1	663134	663135	41	0.2237
chr1	663160	663161	26	0.0014
chr1	663188	663189	31	0.126
chr1	663213	663214	15	0.0207
chr1	663256	663257	29	0.2425
chr1	663280	663281	29	0.2282
chr1	663296	663297	38	0.2585
chr1	663325	663326	30	0.1867
chr1	663370	663371	31	0.3437
chr1	663385	663386	24	0.1414
chr1	663418	663419	26	0.1618
chr1	663444	663445	30	0.0099
chr1	663544	663545	29	0.1671
chr1	663603	663604	31	0.3848
chr1	663703	663704	23	0.1284
chr1	663803	663804	26	0.2083
chr1	663903	663904	33	0.0961
chr1	664051	664052	25	0.0805
chr1	664078	664079	27	0.6874
chr1	664119	664120	32	0.6166
chr1	664134	664135	28	0.7783
chr1	664153	664154	36	0.7498
chr1	664193	664194	31	0.5048
chr1	664243	664244	34	0.6999
chr1	664280	664281	31	0.7651
chr1	664303	664304	36	0.7648
chr1	664349	664350	34	0.5945
chr1	664368	664369	36	0.4892
chr1	664406	664407	38	0.6312
chr1	664429	664430	28	0.6912
chr1	664444	664445	28	0.4619
chr1	664494	664495	37	0.7128
chr1	664534	664535	38	0.4735
chr1	664536	664537	30	0.7233
chr1	664597	664598	30	0.6234
chr1	664697	664698	26	0.5154
chr1	664797	664798	26	0.651
chr1	664897	664898	43	0.7289
chr1	664975	664976	24	0.5622
chr1	664977	664978	33	0.4366
chr1	665021	665022	26	0.6374
chr1	665071	665072	25	0.6481
chr1	665086	665087	30	0.8193
chr1	665129	665130	24	0.6944
chr1	665160	665161	38	0.6911
chr1	665187	665188	25	0.6808
chr1	665220	665221	32	0.5661
chr1	665241	665242	27	0.7607
chr1	665264	665265	28	0.6898
chr1	665279	665280	30	0.602
chr1	665324	665325	31	0.7017
chr1	665348	665349	26	0.8327
chr1	665398	665399	26	0.6866
chr1	665438	665439	25	0.8263
chr1	665453	665454	26	0.7189
chr1	665476	665477	31	0.7448
chr1	665491	665492	28	0.8106
chr1	665492	665493	30	0.7336
chr1	665592	665593	35	0.7815
chr1	665658	665659	26	0.8233
chr1	665723	665724	31	0.5043
chr1	665773	665774	31	0.6446
chr1	665828	665829	38	0.6094
chr1	665878	665879	28	0.7038
chr1	665906	665907	34	0.8186
chr1	665931	665932	31	0.8318
chr1	665981	665982	27	0.5825
chr1	666031	666032	34	0.6648
chr1	666050	666051	36	0.6952
chr1	666100	666101	35	0.7187
chr1	666136	666137	31	0.6957
chr1	666179	666180	26	0.6617
chr1	666194	666195	30	0.7667
chr1	666231	666232	27	0.9088
chr1	666251	666252	31	0.8077
chr1	666266	666267	31	0.7924
chr1	666296	666297	27	0.7522
chr1	666338	666339	33	0.8176
chr1	666346	666347	32	0.9302
chr1	666446	666447	33	0.7377
chr1	666546	666547	37	0.7259
chr1	666626	666627	37	0.8003
chr1	666726	666727	28	0.6896
chr1	666764	666765	30	0.772
chr1	666790	666791	22	0.6258
chr1	666800	666801	23	0.8192
chr1	666823	666824	24	0.8069
chr1	666838	666839	29	0.8815
chr1	666854	666855	22	0.596
chr1	666891	666892	32	0.8431
chr1	666919	666920	24	0.7643
chr1	666967	666968	24	0.7731
chr1	666984	666985	27	0.5331
chr1	667008	667009	30	0.8261
chr1	667023	667024	23	0.718
chr1	667061	667062	28	0.7806
chr1	667083	667084	30	0.8801
chr1	667132	667133	28	0.7586
chr1	667151	667152	29	0.8591
chr1	667201	667202	35	0.7888
chr1	667231	667232	36	0.8131
chr1	667258	667259	31	0.6342
chr1	667330	667331	26	0.8102
chr1	667392	667393	25	0.8249
chr1	667492	667493	29	0.7341
chr1	667565	667566	30	0.8042
chr1	667665	667666	35	0.9299
chr1	667679	667680	36	1.0
chr1	667721	667722	28	0.9547
chr1	667801	667802	35	0.6903
chr1	667873	667874	32	0.814
chr1	667929	667930	28	1.0
chr1	667949	667950	33	0.7591
chr1	668001	668002	21	0.8026
chr1	668141	668142	30	0.9611
chr1	668153	668154	27	0.3463
chr1	668203	668204	28	0.1306
chr1	668233	668234	34	0.1605
chr1	668250	668251	30	0.1309
chr1	668300	668301	30	0.2013
chr1	668326	668327	33	0.1443
chr1	668354	668355	28	0.1896
chr1	668394	668395	25	0.2284
chr1	668414	668415	25	0.0822
chr1	668444	668445	20	0.2708
chr1	668471	668472	29	0.1666
chr1	668495	668496	26	0.2691
chr1	668527	668528	25	0.4534
chr1	668549	668550	33	0.3111
chr1	668599	668600	29	0.1763
chr1	668626	668627	30	0.0691
chr1	668657	668658	39	0.3426
chr1	668757	668758	27	0.2556
chr1	668812	668813	34	0.2363
chr1	668885	668886	25	0.3246
chr1	668960	668961	34	0.2956
chr1	669060	669061	32	0.2615
chr1	669135	669136	32	0.1604
chr1	669139	669140	38	0.0735
chr1	669149	669150	36	0.649
chr1	669180	669181	30	0.7106
chr1	669211	669212	33	0.771
chr1	669261	669262	28	0.7428
chr1	669276	669277	32	0.7628
chr1	669326	669327	30	0.6406
chr1	669348	669349	28	0.825
chr1	669371	669372	19	0.5774
chr1	669396	669397	23	0.6704
chr1	669424	669425	27	0.6809
chr1	669458	669459	19	0.754
chr1	669506	669507	21	0.6767
chr1	669521	669522	34	0.7454
chr1	669571	669572	24	0.5821
chr1	669606	669607	31	0.7264
chr1	669706	669707	30	0.8277
chr1	669757	669758	31	0.4791
chr1	669845	669846	26	0.6322
chr1	669896	669897	30	0.7446
chr1	669974	669975	30	0.6334
chr1	670039	670040	27	0.8414
chr1	670049	670050	29	0.8873
chr1	670067	670068	31	0.885
chr1	670187	670188	36	0.9214
chr1	670223	670224	35	0.8674
chr1	670267	670268	29	0.7083
chr1	670321	670322	27	0.7398
chr1	670351	670352	37	0.8566
chr1	670396	670397	31	0.6979
chr1	670426	670427	27	0.7729
chr1	670476	670477	35	0.6741
chr1	670493	670494	26	0.6335
chr1	670537	670538	40	0.6231
chr1	670579	670580	31	0.8107
chr1	670626	670627	28	0.6539
chr1	670645	670646	35	0.5681
chr1	670695	670696	25	0.5546
chr1	670728	670729	32	0.4836
chr1	670778	670779	34	0.6748
chr1	670809	670810	16	0.5826
chr1	670838	670839	30	0.7069
chr1	670853	670854	15	0.5836
chr1	670935	670936	25	0.551
chr1	671004	671005	31	0.6183
chr1	671086	671087	25	0.4771
chr1	671186	671187	34	0.6577
chr1	671286	671287	20	0.5563
chr1	671312	671313	36	0.8417
chr1	671364	671365	24	0.6269
chr1	671393	671394	21	0.5279
chr1	671424	671425	29	0.8074
chr1	671453	671454	36	0.7276
chr1	671494	671495	31	0.6944
chr1	671528	671529	34	0.7008
chr1	671543	671544	29	0.605
chr1	671579	671580	33	0.7186
chr1	671603	671604	26	0.64
chr1	671632	671633	23	0.6476
chr1	671654	671655	24	0.75
chr1	671671	671672	28	0.6097
chr1	671694	671695	29	0.5279
chr1	671715	671716	28	0.6467
chr1	671741	671742	26	0.6468
chr1	671756	671757	24	0.6019
chr1	671780	671781	28	0.6434
chr1	671804	671805	33	0.6193
chr1	671847	671848	24	0.7418
chr1	671880	671881	30	0.683
chr1	671930	671931	26	0.8653
chr1	672030	672031	26	0.631
chr1	672130	672131	20	0.7759
chr1	672180	672181	30	0.6168
chr1	672230	672231	41	0.6338
chr1	672330	672331	22	0.6909
chr1	672348	672349	36	0.5563
chr1	672428	672429	30	0.6566
chr1	672463	672464	21	0.2645
chr1	672492	672493	39	0.3212
chr1	672517	672518	19	0.2322
chr1	672567	672568	33	0.3715
chr1	672596	672597	30	0.2669
chr1	672624	672625	34	0.2455
chr1	672644	672645	29	0.3281
chr1	672673	672674	26	0.2425
chr1	672689	672690	22	0.1203
chr1	672712	672713	29	0.1282
chr1	672757	672758	20	0.3433
chr1	672807	672808	20	0.4762
chr1	672830	672831	25	0.2368
chr1	672862	672863	24	0.3471
chr1	672877	672878	37	0.3372
chr1	672904	672905	26	0.3041
chr1	672932	672933	32	0.3699
chr1	672968	672969	37	0.206
chr1	672991	672992	23	0.2711
chr1	673072	673073	31	0.2455
chr1	673172	673173	32	0.3315
chr1	673272	673273	29	0.2796
chr1	673372	673373	31	0.3653
chr1	673430	673431	21	0.2659
chr1	673456	673457	35	0.3124
chr1	673484	673485	28	0.2941
chr1	673496	673497	28	0.2143
chr1	673546	673547	40	0.3709
chr1	673561	673562	26	0.2743
chr1	673588	673589	36	0.1282
chr1	673604	673605	28	0.1475
chr1	673633	673634	24	0.1243
chr1	673659	673660	26	0.337
chr1	673709	673710	28	0.2627
chr1	673725	673726	23	0.3109
chr1	673760	673761	18	0.264
chr1	673810	673811	31	0.3257
chr1	673832	673833	32	0.2338
chr1	673855	673856	30	0.3527
chr1	673880	673881	27	0.316
chr1	673913	673914	30	0.2515
chr1	673958	673959	29	0.256
chr1	673996	673997	13	0.292
chr1	674039	674040	33	0.301
chr1	674054	674055	34	0.204
chr1	674056	674057	32	0.1777
chr1	674156	674157	24	0.0975
chr1	674256	674257	28	0.3586
chr1	674356	674357	29	0.3412
chr1	674456	674457	23	0.1113
chr1	674556	674557	27	0.1299
chr1	674636	674637	29	0.1285
chr1	674685	674686	27	0.7803
chr1	674722	674723	17	0.9269
chr1	674752	674753	37	0.8759
chr1	674778	674779	28	0.6518
chr1	674793	674794	31	0.8949
chr1	674837	674838	40	0.794
chr1	674887	674888	22	0.6656
chr1	674909	674910	28	0.9092
chr1	674959	674960	22	0.6936
chr1	674992	674993	27	0.7697
chr1	675008	675009	28	0.8582
chr1	675042	675043	31	0.8231
chr1	675076	675077	28	0.6575
chr1	675121	675122	20	0.6753
chr1	675146	675147	29	0.751
chr1	675165	675166	32	0.8883
chr1	675199	675200	36	0.6508
chr1	675249	675250	28	0.8036
chr1	675257	675258	34	0.6248
chr1	675308	675309	23	0.6804
chr1	675408	675409	28	0.8054
chr1	675508	675509	29	0.8043
chr1	675608	675609	18	0.7491
chr1	675693	675694	26	0.686
chr1	675767	675768	31	0.795
chr1	675817	675818	19	0.8602
chr1	675897	675898	33	0.8139
chr1	675924	675925	31	0.1921
chr1	675974	675975	30	0.2214
chr1	676024	676025	33	0.0701
chr1	676057	676058	36	0.2309
chr1	676092	676093	23	0.3612
chr1	676142	676143	28	0.3236
chr1	676157	676158	36	0.2793
chr1	676193	676194	38	0.3239
chr1	676208	676209	30	0.1052
chr1	676233	676234	27	0.3655
chr1	676248	676249	30	0.1298
chr1	676263	676264	20	0.0489
chr1	676297	676298	34	0.1039
chr1	676325	676326	28	0.0616
chr1	676349	676350	31	0.2191
chr1	676399	676400	29	0.1889
chr1	676432	676433	32	0.3412
chr1	676446	676447	32	0.1496
chr1	676498	676499	29	0.2067
chr1	676598	676599	27	0.3909
chr1	676658	676659	33	0.1257
chr1	676758	676759	33	0.123
chr1	676858	676859	22	0.0874
chr1	676958	676959	27	0.3867
chr1	677030	677031	30	0.3086
chr1	677034	677035	29	0.0
chr1	677081	677082	24	0.7819
chr1	677114	677115	27	0.7214
chr1	677143	677144	29	0.8575
chr1	677169	677170	25	0.7198
chr1	677186	677187	20	0.849
chr1	677230	677231	23	0.861
chr1	677256	677257	26	0.745
chr1	677281	677282	32	0.8286
chr1	677321	677322	28	0.8265
chr1	677336	677337	36	0.741
chr1	677368	677369	31	0.5968
chr1	677386	677387	26	0.6773
chr1	677401	677402	30	0.8439
chr1	677425	677426	31	0.75
chr1	677475	677476	28	0.8808
chr1	677501	677502	29	0.7911
chr1	677601	677602	35	0.9825
chr1	677694	677695	24	0.4869
chr1	677794	677795	39	0.7482
chr1	677844	677845	29	0.7833
chr1	677896	677897	29	0.7676
chr1	677906	677907	36	0.9002
chr1	677915	677916	24	0.683
chr1	677939	677940	31	0.579
chr1	677973	677974	27	0.5729
chr1	678010	678011	30	0.7203
chr1	678047	678048	18	0.642
chr1	678074	678075	21	0.4688
chr1	678100	678101	31	0.5048
chr1	678127	678128	31	0.591
chr1	678177	678178	28	0.6499
chr1	678223	678224	25	0.5172
chr1	678245	678246	31	0.6134
chr1	678290	678291	41	0.6635
chr1	678324	678325	22	0.6615
chr1	678348	678349	29	0.7172
chr1	678365	678366	26	0.5779
chr1	678395	678396	27	0.6095
chr1	678410	678411	29	0.5757
chr1	678428	678429	28	0.545
chr1	678528	678529	24	0.546
chr1	678578	678579	38	0.7076
chr1	678678	678679	33	0.6107
chr1	678740	678741	36	0.5168
chr1	678837	678838	36	0.7644
chr1	678917	678918	30	0.426
chr1	678959	678960	23	0.8207
chr1	678997	678998	29	0.7518
chr1	679093	679094	29	0.7298
chr1	679137	679138	31	0.8953
chr1	679367	679368	26	0.5952
chr1	679374	679375	32	0.5374
chr1	679401	679402	29	0.6696
chr1	679451	679452	25	0.5658
chr1	679481	679482	29	0.621
chr1	679531	679532	24	0.6758
chr1	679562	679563	36	0.6264
chr1	679579	679580	27	0.5606
chr1	679617	679618	24	0.7258
chr1	679636	679637	35	0.6432
chr1	679686	679687	25	0.5443
chr1	679709	679710	31	0.5181
chr1	679759	679760	30	0.7223
chr1	679780	679781	36	0.5702
chr1	679818	679819	26	0.6829
chr1	679918	679919	28	0.8199
chr1	680018	680019	32	0.6676
chr1	680107	680108	33	0.6687
chr1	680194	680195	31	0.6788
chr1	680318	680319	33	0.8571
chr1	680400	680401	25	0.8292
chr1	680410	680411	29	0.7036
chr1	680510	680511	24	0.7861
chr1	680516	680517	30	0.8643
chr1	680556	680557	26	0.2285
chr1	680571	680572	23	0.3021
chr1	680589	680590	30	0.3701
chr1	680618	680619	26	0.3575
chr1	680648	680649	31	0.3675
chr1	680673	680674	25	0.187
chr1	680723	680724	33	0.313
chr1	680744	680745	35	0.2678
chr1	680773	680774	25	0.2889
chr1	680810	680811	30	0.5504
chr1	680831	680832	29	0.179
chr1	680881	680882	25	0.2672
chr1	680931	680932	24	0.2571
chr1	680974	680975	23	0.3569
chr1	680990	680991	33	0.2457
chr1	681008	681009	30	0.3038
chr1	681034	681035	23	0.1566
chr1	681043	681044	35	0.1362
chr1	681105	681106	37	0.168
chr1	681205	681206	28	0.0725
chr1	681305	681306	29	0.2848
chr1	681392	681393	26	0.2775
chr1	681442	681443	32	0.2197
chr1	681515	681516	33	0.3947
chr1	681565	681566	28	0.3379
chr1	681575	681576	26	0.1019
chr1	681616	681617	32	0.5713
chr1	681643	681644	27	0.6767
chr1	681672	681673	40	0.7654
chr1	681713	681714	40	0.8648
chr1	681732	681733	32	0.643
chr1	681755	681756	33	0.7566
chr1	681773	681774	28	0.7651
chr1	681817	681818	23	0.671
chr1	681833	681834	33	0.6717
chr1	681858	681859	26	0.8741
chr1	681897	681898	28	0.964
chr1	681912	681913	23	0.7819
chr1	681950	681951	21	0.6938
chr1	681996	681997	37	0.6528
chr1	682046	682047	37	0.7084
chr1	682075	682076	36	0.7628
chr1	682090	682091	28	0.6309
chr1	682105	682106	25	0.713
chr1	682143	682144	35	0.9543
chr1	682216	682217	25	0.5212
chr1	682266	682267	30	0.7519
chr1	682366	682367	26	0.6174
chr1	682429	682430	24	0.6883
chr1	682479	682480	33	0.671
chr1	682533	682534	18	0.6521
chr1	682633	682634	25	0.767
chr1	682645	682646	31	0.6744
chr1	682673	682674	29	0.6809
chr1	682696	682697	22	0.837
chr1	682714	682715	28	0.8225
chr1	682764	682765	31	0.7776
chr1	682813	682814	26	0.8823
chr1	682863	682864	37	0.6577
chr1	682886	682887	30	0.7102
chr1	682907	682908	35	0.8962
chr1	682937	682938	30	0.7169
chr1	682968	682969	33	0.8088
chr1	683018	683019	29	0.7006
chr1	683039	683040	35	0.7088
chr1	683059	683060	28	0.6538
chr1	683109	683110	17	0.7912
chr1	683132	683133	27	0.6304
chr1	683164	683165	27	0.7634
chr1	683188	683189	25	0.747
chr1	683288	683289	31	0.6246
chr1	683379	683380	31	0.7299
chr1	683470	683471	31	0.7468
chr1	683570	683571	28	0.8157
chr1	683626	683627	27	0.9016
chr1	683656	683657	30	0.8378
chr1	683702	683703	19	0.8
chr1	683724	683725	31	0.7761
chr1	683748	683749	33	0.8175
chr1	683768	683769	33	0.6977
chr1	683818	683819	28	1.0
chr1	683833	683834	38	0.6193
chr1	683848	683849	30	0.8419
chr1	683867	683868	35	0.6449
chr1	683892	683893	23	0.8411
chr1	683942	683943	38	0.7776
chr1	683981	683982	26	0.6249
chr1	684010	684011	31	0.7373
chr1	684043	684044	37	0.5889
chr1	684091	684092	31	0.8109
chr1	684138	684139	25	0.8314
chr1	684170	684171	30	0.6666
chr1	684197	684198	27	0.7772
chr1	684210	684211	30	0.7096
chr1	684269	684270	28	0.7258
chr1	684319	684320	29	0.7477
chr1	684389	684390	28	0.6659
chr1	684441	684442	40	0.8932
chr1	684491	684492	29	0.6493
chr1	684541	684542	31	0.8343
chr1	684641	684642	39	0.8458
chr1	684693	684694	31	0.8612
chr1	684697	684698	28	0.7056
chr1	684724	684725	31	0.7776
chr1	684759	684760	33	0.7168
chr1	684778	684779	30	0.7043
chr1	684801	684802	24	0.7017
chr1	684830	684831	33	0.7938
chr1	684872	684873	28	0.8567
chr1	684914	684915	22	0.8612
chr1	684956	684957	23	0.9374
chr1	684983	684984	34	0.7221
chr1	685033	685034	31	0.8042
chr1	685069	685070	38	0.8196
chr1	685116	685117	28	0.7441
chr1	685136	685137	24	0.7377
chr1	685173	685174	30	0.7147
chr1	685265	685266	34	0.7147
chr1	685365	685366	24	0.8408
chr1	685465	685466	33	0.7158
chr1	685565	685566	26	0.7866
chr1	685647	685648	40	0.7546
chr1	685651	685652	32	0.626
chr1	685692	685693	25	0.5604
chr1	685729	685730	29	0.6595
chr1	685778	685779	32	0.6311
chr1	685828	685829	37	0.5174
chr1	685865	685866	27	0.6763
chr1	685897	685898	36	0.5476
chr1	685928	685929	26	0.7041
chr1	685943	685944	34	0.4729
chr1	685964	685965	34	0.4966
chr1	685994	685995	34	0.7018
chr1	686044	686045	36	0.5969
chr1	686089	686090	27	0.4855
chr1	686104	686105	28	0.6153
chr1	686131	686132	27	0.5735
chr1	686147	686148	34	0.5542
chr1	686247	686248	28	0.5425
chr1	686347	686348	25	0.4491
chr1	686447	686448	28	0.7176
chr1	686529	686530	35	0.6065
chr1	686629	686630	19	0.5219
chr1	687618	687619	29	0.7721
chr1	687668	687669	24	0.5927
chr1	687683	687684	38	0.7376
chr1	687714	687715	34	0.8048
chr1	687751	687752	26	0.8428
chr1	687766	687767	34	0.6443
chr1	687787	687788	22	0.7024
chr1	687821	687822	28	0.6221
chr1	687857	687858	25	0.5754
chr1	687901	687902	31	0.6658
chr1	687916	687917	30	0.8279
chr1	687946	687947	33	0.747
chr1	687996	687997	35	0.7986
chr1	688029	688030	29	0.6575
chr1	688053	688054	22	0.8811
chr1	688080	688081	34	0.7652
chr1	688112	688113	19	0.7338
chr1	688139	688140	34	0.6997
chr1	688144	688145	27	0.6808
chr1	688244	688245	32	0.8972
chr1	688313	688314	33	0.8433
chr1	688413	688414	37	0.7899
chr1	688487	688488	31	0.6442
chr1	688537	688538	29	0.6276
chr1	688637	688638	23	0.627
chr1	688651	688652	31	0.8491
chr1	688715	688716	43	0.9347
chr1	688735	688736	28	0.596
chr1	688781	688782	36	0.4377
chr1	688796	688797	24	0.5146
chr1	688822	688823	27	0.5202
chr1	688857	688858	22	0.6463
chr1	688885	688886	35	0.5616
chr1	688905	688906	38	0.5837
chr1	688937	688938	29	0.5842
chr1	688971	688972	20	0.7082
chr1	689021	689022	34	0.7511
chr1	689059	689060	38	0.5788
chr1	689089	689090	32	0.6935
chr1	689117	689118	36	0.6646
chr1	689167	689168	25	0.528
chr1	689217	689218	29	0.6303
chr1	689255	689256	33	0.6302
chr1	689355	689356	31	0.5195
chr1	689455	689456	27	0.6064
chr1	689555	689556	34	0.4836
chr1	689606	689607	27	0.5977
chr1	689686	689687	36	0.6294
chr1	689774	689775	22	0.5958
chr1	689781	689782	27	0.5707
chr1	689807	689808	36	0.6039
chr1	689838	689839	29	0.6628
chr1	689870	689871	33	0.6469
chr1	689898	689899	30	0.7068
chr1	689914	689915	25	0.518
chr1	689939	689940	29	0.7171
chr1	689966	689967	34	0.5994
chr1	689992	689993	30	0.6257
chr1	690025	690026	31	0.6163
chr1	690044	690045	29	0.5491
chr1	690091	690092	41	0.5768
chr1	690114	690115	32	0.6893
chr1	690144	690145	32	0.6837
chr1	690159	690160	26	0.6772
chr1	690178	690179	30	0.7507
chr1	690236	690237	28	0.6667
chr1	690336	690337	35	0.6023
chr1	690401	690402	32	0.856
chr1	690501	690502	31	0.7463
chr1	690525	690526	32	0.8676
chr1	690543	690544	25	0.7783
chr1	690607	690608	21	0.6032
chr1	690639	690640	28	0.6224
chr1	690699	690700	27	0.94
chr1	690951	690952	33	0.8884
chr1	690973	690974	28	0.6978
chr1	690987	690988	24	0.7324
chr1	691023	691024	33	0.8344
chr1	691050	691051	20	0.7751
chr1	691076	691077	26	0.4779
chr1	691100	691101	40	0.5745
chr1	691125	691126	26	0.6152
chr1	691158	691159	19	0.6857
chr1	691206	691207	32	0.659
chr1	691222	691223	32	0.5656
chr1	691250	691251	35	0.6242
chr1	691291	691292	32	0.6053
chr1	691308	691309	37	0.6551
chr1	691335	691336	36	0.5844
chr1	691385	691386	28	0.5042
chr1	691428	691429	29	0.5266
chr1	691455	691456	33	0.5152
chr1	691496	691497	28	0.6349
chr1	691527	691528	31	0.4606
chr1	691556	691557	29	0.6252
chr1	691582	691583	34	0.6289
chr1	691591	691592	27	0.5771
chr1	691643	691644	21	0.6159
chr1	691743	691744	31	0.6601
chr1	691843	691844	24	0.4125
chr1	691907	691908	30	0.418
chr1	692000	692001	31	0.6279
chr1	692081	692082	30	0.76
chr1	692107	692108	25	0.5687
chr1	692171	692172	27	0.7162
chr1	692202	692203	27	0.4242
chr1	692239	692240	36	0.3013
chr1	692254	692255	29	0.3986
chr1	692301	692302	32	0.5686
chr1	692316	692317	32	0.2658
chr1	692342	692343	28	0.5735
chr1	692381	692382	29	0.467
chr1	692431	692432	22	0.5089
chr1	692453	692454	25	0.4056
chr1	692487	692488	29	0.3793
chr1	692512	692513	24	0.3972
chr1	692531	692532	22	0.5182
chr1	692559	692560	27	0.3183
chr1	692586	692587	26	0.3138
chr1	692618	692619	43	0.3015
chr1	692657	692658	21	0.3621
chr1	692691	692692	37	0.3151
chr1	692706	692707	27	0.4005
chr1	692801	692802	32	0.4021
chr1	692901	692902	35	0.4115
chr1	693001	693002	20	0.3696
chr1	693101	693102	28	0.5518
chr1	693201	693202	35	0.2249
chr1	693209	693210	33	0.5182
chr1	693273	693274	32	0.2296
chr1	693304	693305	37	0.586
chr1	693324	693325	31	0.646
chr1	693342	693343	25	0.8005
chr1	693382	693383	27	0.4079
chr1	693397	693398	31	0.6103
chr1	693447	693448	32	0.6999
chr1	693482	693483	29	0.7658
chr1	693524	693525	28	0.6552
chr1	693551	693552	32	0.6799
chr1	693591	693592	31	0.7635
chr1	693641	693642	20	0.5741
chr1	693674	693675	22	0.6214
chr1	693708	693709	28	0.6927
chr1	693723	693724	30	0.7099
chr1	693748	693749	36	0.7381
chr1	693783	693784	32	0.6074
chr1	693824	693825	27	0.698
chr1	693851	693852	18	0.7187
chr1	693866	693867	30	0.5971
chr1	693916	693917	31	0.6306
chr1	694016	694017	33	0.7912
chr1	694116	694117	22	0.5671
chr1	694216	694217	27	0.6288
chr1	694316	694317	33	0.6608
chr1	694366	694367	28	0.6774
chr1	694422	694423	36	0.6795
chr1	694426	694427	30	0.5389
chr1	694490	694491	35	0.8172
chr1	694515	694516	34	0.5843
chr1	694532	694533	38	0.5269
chr1	694582	694583	37	0.5415
chr1	694632	694633	32	0.6981
chr1	694671	694672	20	0.5569
chr1	694705	694706	34	0.6486
chr1	694755	694756	29	0.7826
chr1	694787	694788	33	0.5748
chr1	694802	694803	31	0.6769
chr1	694828	694829	21	0.6152
chr1	694861	694862	30	0.7077
chr1	694883	694884	19	0.5025
chr1	694916	694917	24	0.5762
chr1	694943	694944	34	0.5748
chr1	694960	694961	32	0.7789
chr1	694975	694976	18	0.5482
chr1	695015	695016	40	0.7405
chr1	695045	695046	29	0.614
chr1	695062	695063	28	0.7277
chr1	695112	695113	27	0.6982
chr1	695212	695213	33	0.7372
chr1	695312	695313	35	0.8105
chr1	695412	695413	26	0.7077
chr1	695494	695495	31	0.5638
chr1	695591	695592	29	0.7581
chr1	695603	695604	31	0.8911
chr1	695665	695666	20	0.6577
chr1	695679	695680	25	0.7824
chr1	695707	695708	24	0.751
chr1	695736	695737	36	0.8231
chr1	695771	695772	36	0.7743
chr1	695821	695822	37	0.7158
chr1	695839	695840	25	0.6262
chr1	695876	695877	32	0.767
chr1	695922	695923	35	0.7751
chr1	695953	695954	33	0.8995
chr1	695991	695992	20	0.7367
chr1	696007	696008	26	0.7545
chr1	696057	696058	31	0.8853
chr1	696073	696074	28	0.6795
chr1	696088	696089	25	0.8191
chr1	696115	696116	29	0.8171
chr1	696136	696137	30	0.8756
chr1	696139	696140	32	0.9156
chr1	696239	696240	25	0.7618
chr1	696289	696290	34	0.8214
chr1	696389	696390	30	0.8273
chr1	696489	696490	38	0.9694
chr1	696549	696550	32	0.8219
chr1	696565	696566	32	0.901
chr1	696572	696573	38	0.6361
chr1	696587	696588	26	0.4807
chr1	696609	696610	25	0.5477
chr1	696624	696625	27	0.5347
chr1	696658	696659	27	0.4674
chr1	696679	696680	34	0.3993
chr1	696694	696695	31	0.3637
chr1	696717	696718	19	0.3012
chr1	696767	696768	30	0.3996
chr1	696786	696787	37	0.4033
chr1	696816	696817	30	0.3781
chr1	696865	696866	25	0.4443
chr1	696912	696913	26	0.3129
chr1	696928	696929	25	0.5587
chr1	696975	696976	32	0.3495
chr1	697003	697004	31	0.3862
chr1	697030	697031	34	0.4989
chr1	697057	697058	37	0.4657
chr1	697077	697078	31	0.3874
chr1	697082	697083	26	0.4999
chr1	697182	697183	27	0.3653
chr1	697282	697283	31	0.5466
chr1	697332	697333	30	0.6371
chr1	697397	697398	35	0.4648
chr1	697456	697457	31	0.4328
chr1	697528	697529	28	0.3236
chr1	697578	697579	26	0.8184
chr1	697636	697637	36	0.8744
chr1	697662	697663	38	0.7352
chr1	697684	697685	30	0.8562
chr1	697716	697717	24	0.8266
chr1	697722	697723	29	0.5937
chr1	697734	697735	34	0.611
chr1	697756	697757	36	0.6341
chr1	697792	697793	35	0.6821
chr1	697870	697871	30	0.8233
chr1	697902	697903	32	0.8026
chr1	697920	697921	24	0.794
chr1	697958	697959	25	0.7596
chr1	698008	698009	34	0.8257
chr1	698042	698043	37	0.7641
chr1	698084	698085	31	0.8135
chr1	698134	698135	30	0.7856
chr1	698167	698168	28	0.7036
chr1	698195	698196	32	0.8181
chr1	698217	698218	28	0.7368
chr1	698234	698235	35	0.9385
chr1	698284	698285	25	0.8018
chr1	698310	698311	33	0.7254
chr1	698410	698411	31	0.8079
chr1	698510	698511	31	0.8177
chr1	698610	698611	27	0.8129
chr1	698680	698681	33	0.7294
chr1	698732	698733	29	0.9135
chr1	698758	698759	33	0.9381
chr1	698783	698784	34	0.6491
chr1	698811	698812	31	0.7517
chr1	698855	698856	27	0.7731
chr1	698903	698904	31	0.5915
chr1	698936	698937	37	0.7182
chr1	698967	698968	26	0.6894
chr1	698990	698991	37	0.7125
chr1	699022	699023	25	0.5702
chr1	699072	699073	31	0.8103
chr1	699114	699115	28	0.7084
chr1	699164	699165	29	0.721
chr1	699186	699187	32	0.6107
chr1	699201	699202	25	0.7937
chr1	699248	699249	34	0.7769
chr1	699348	699349	31	0.8291
chr1	699398	699399	31	0.8725
chr1	699475	699476	29	0.789
chr1	699525	699526	35	0.7995
chr1	699591	699592	38	0.678
chr1	699691	699692	25	0.7424
chr1	699741	699742	22	0.8957
chr1	699765	699766	30	0.7061
chr1	699780	699781	27	0.3477
chr1	699799	699800	26	0.5465
chr1	699826	699827	26	0.7292
chr1	699876	699877	29	0.587
chr1	699926	699927	25	0.5777
chr1	699974	699975	28	0.7328
chr1	700024	700025	28	0.749
chr1	700039	700040	36	0.6036
chr1	700088	700089	31	0.6515
chr1	700113	700114	19	0.7146
chr1	700140	700141	28	0.6726
chr1	700190	700191	34	0.5977
chr1	700220	700221	19	0.4783
chr1	700260	700261	33	0.6204
chr1	700264	700265	32	0.5724
chr1	700334	700335	26	0.643
chr1	700434	700435	30	0.4228
chr1	700521	700522	20	0.6314
chr1	700621	700622	24	0.6731
chr1	700692	700693	40	0.4848
chr1	700712	700713	32	0.4761
chr1	700788	700789	28	0.6628
chr1	700819	700820	23	0.6208
chr1	700859	700860	33	0.8538
chr1	700902	700903	32	0.7256
chr1	700952	700953	34	0.8083
chr1	700967	700968	24	0.8559
chr1	701009	701010	20	0.8763
chr1	701041	701042	37	0.8703
chr1	701091	701092	32	0.8314
chr1	701124	701125	22	0.7323
chr1	701143	701144	31	0.6173
chr1	701169	701170	35	0.738
chr1	701211	701212	39	0.7986
chr1	701236	701237	24	0.7354
chr1	701269	701270	31	0.727
chr1	701289	701290	27	0.7665
chr1	701317	701318	25	0.6715
chr1	701344	701345	36	0.8696
chr1	701362	701363	25	0.5719
chr1	701380	701381	29	0.8087
chr1	701385	701386	20	0.8951
chr1	701485	701486	35	0.8692
chr1	701585	701586	24	0.867
chr1	701685	701686	35	0.7076
chr1	701785	701786	23	0.8524
chr1	701869	701870	26	0.852
chr1	701871	701872	25	0.7583
chr1	701931	701932	26	0.7212
chr1	701941	701942	32	0.5869
chr1	701964	701965	25	0.7875
chr1	701992	701993	25	0.7098
chr1	702020	702021	33	0.7601
chr1	702070	702071	34	0.6512
chr1	702120	702121	16	0.6811
chr1	702143	702144	31	0.8492
chr1	702174	702175	35	0.6735
chr1	702219	702220	32	0.762
chr1	702269	702270	26	0.8387
chr1	702306	702307	26	0.6758
chr1	702356	702357	30	0.7076
chr1	702373	702374	28	0.5049
chr1	702390	702391	33	0.7167
chr1	702427	702428	26	0.7308
chr1	702445	702446	21	0.7131
chr1	702545	702546	33	0.7819
chr1	702617	702618	32	0.6267
chr1	702717	702718	33	0.6834
chr1	702794	702795	31	0.5149
chr1	702894	702895	29	0.6756
chr1	702958	702959	31	0.9207
chr1	702968	702969	28	1.0
chr1	703006	703007	21	0.9939
chr1	703342	703343	39	0.7596
chr1	703362	703363	27	0.9694
chr1	703370	703371	26	0.9043
chr1	703394	703395	35	0.1021
chr1	703426	703427	28	0.0
chr1	703463	703464	33	0.0099
chr1	703478	703479	34	0.1504
chr1	703527	703528	26	0.1255
chr1	703553	703554	28	0.1424
chr1	703592	703593	33	0.162
chr1	703611	703612	32	0.0768
chr1	703642	703643	35	0.1699
chr1	703692	703693	30	0.0812
chr1	703734	703735	36	0.0223
chr1	703775	703776	29	0.1977
chr1	703817	703818	19	0.2181
chr1	703818	703819	32	0.0275
chr1	703918	703919	34	0.0609
chr1	704018	704019	29	0.0
chr1	704097	704098	30	0.1012
chr1	704197	704198	34	0.1106
chr1	704273	704274	26	0.1278
chr1	704291	704292	29	0.1893
chr1	704309	704310	25	0.1035
chr1	704338	704339	25	0.2743
chr1	704362	704363	30	0.215
chr1	704398	704399	21	0.21
chr1	704424	704425	27	0.235
chr1	704458	704459	27	0.2736
chr1	704491	704492	29	0.2931
chr1	704517	704518	26	0.2058
chr1	704567	704568	30	0.2734
chr1	704582	704583	26	0.3123
chr1	704617	704618	29	0.1101
chr1	704632	704633	23	0.2594
chr1	704680	704681	36	0.1346
chr1	704702	704703	29	0.398
chr1	704750	704751	33	0.2434
chr1	704765	704766	19	0.196
chr1	704801	704802	20	0.2334
chr1	704806	704807	28	0.1723
chr1	704906	704907	30	0.3956
chr1	705006	705007	29	0.2403
chr1	705106	705107	28	0.0663
chr1	705206	705207	29	0.3032
chr1	705256	705257	32	0.061
chr1	705261	705262	23	0.5624
chr1	705299	705300	26	0.5679
chr1	705342	705343	29	0.4481
chr1	705385	705386	37	0.6727
chr1	705408	705409	33	0.5844
chr1	705441	705442	35	0.2782
chr1	705459	705460	33	0.4146
chr1	705502	705503	30	0.3684
chr1	705535	705536	27	0.6292
chr1	705559	705560	37	0.3497
chr1	705578	705579	31	0.6182
chr1	705628	705629	31	0.5782
chr1	705643	705644	29	0.6181
chr1	705678	705679	27	0.3794
chr1	705704	705705	23	0.4717
chr1	705754	705755	20	0.5966
chr1	705787	705788	36	0.6201
chr1	705789	705790	31	0.3664
chr1	705888	705889	36	0.3509
chr1	705941	705942	30	0.5615
chr1	706010	706011	25	0.598
chr1	706060	706061	23	0.556
chr1	706160	706161	28	0.3838
chr1	706254	706255	30	0.3717
chr1	706304	706305	25	0.4726
chr1	706376	706377	31	0.2724
chr1	706516	706517	40	0.2924
chr1	706530	706531	28	0.2418
chr1	706590	706591	33	0.1088
chr1	706594	706595	27	0.2198
chr1	706658	706659	25	0.3656
chr1	706716	706717	30	0.4057
chr1	706732	706733	35	0.5373
chr1	706736	706737	27	0.3394
chr1	706776	706777	31	0.3235
chr1	706802	706803	22	0.7626
chr1	706844	706845	28	0.7387
chr1	706865	706866	30	0.7221
chr1	706898	706899	23	0.7242
chr1	706927	706928	27	0.6282
chr1	706948	706949	18	0.7228
chr1	706980	706981	22	0.8093
chr1	706997	706998	24	0.7599
chr1	707047	707048	31	0.6614
chr1	707071	707072	27	0.7794
chr1	707108	707109	35	0.72
chr1	707142	707143	29	0.7958
chr1	707166	707167	27	0.804
chr1	707203	707204	27	0.7065
chr1	707218	707219	29	0.6744
chr1	707264	707265	26	0.7114
chr1	707274	707275	32	0.8571
chr1	707374	707375	25	0.8612
chr1	707463	707464	31	0.7071
chr1	707513	707514	36	0.8517
chr1	707613	707614	29	0.6297
chr1	707713	707714	33	0.5452
chr1	707803	707804	33	0.8467
chr1	707809	707810	36	0.3778
chr1	707850	707851	32	0.4009
chr1	707865	707866	36	0.5547
chr1	707882	707883	32	0.5533
chr1	707924	707925	33	0.5095
chr1	707939	707940	39	0.5223
chr1	707954	707955	34	0.3551
chr1	707981	707982	28	0.5427
chr1	708011	708012	23	0.3369
chr1	708051	708052	25	0.4175
chr1	708068	708069	27	0.5467
chr1	708111	708112	29	0.582
chr1	708150	708151	32	0.5938
chr1	708198	708199	36	0.5187
chr1	708213	708214	33	0.4622
chr1	708245	708246	27	0.2948
chr1	708260	708261	31	0.6237
chr1	708295	708296	31	0.6482
chr1	708359	708360	21	0.5447
chr1	708444	708445	33	0.6572
chr1	708544	708545	30	0.5643
chr1	708644	708645	26	0.6036
chr1	708731	708732	40	0.5329
chr1	708791	708792	25	0.5827
chr1	709039	709040	36	0.6989
chr1	709069	709070	24	0.7285
chr1	709099	709100	19	0.4933
chr1	709175	709176	28	0.7377
chr1	709182	709183	29	0.2801
chr1	709208	709209	31	0.2701
chr1	709232	709233	32	0.3324
chr1	709254	709255	30	0.4333
chr1	709269	709270	21	0.2459
chr1	709319	709320	31	0.3334
chr1	709345	709346	26	0.3907
chr1	709373	709374	32	0.4665
chr1	709403	709404	29	0.1638
chr1	709435	709436	27	0.4341
chr1	709471	709472	33	0.3971
chr1	709491	709492	26	0.3856
chr1	709527	709528	37	0.5145
chr1	709577	709578	27	0.4825
chr1	709623	709624	23	0.4172
chr1	709669	709670	31	0.3018
chr1	709703	709704	25	0.3275
chr1	709741	709742	24	0.2276
chr1	709841	709842	24	0.4099
chr1	709902	709903	24	0.3755
chr1	709989	709990	31	0.1488
chr1	710039	710040	34	0.3639
chr1	710100	710101	26	0.2197
chr1	710200	710201	26	0.341
chr1	710265	710266	35	0.4318
chr1	710269	710270	36	0.02
chr1	710299	710300	27	0.1733
chr1	710341	710342	31	0.2117
chr1	710351	710352	32	0.1442
chr1	710481	710482	17	0.0943
chr1	710495	710496	39	0.3959
chr1	710519	710520	27	0.1376
chr1	710525	710526	33	0.0904
chr1	710749	710750	27	0.2301
chr1	710755	710756	22	0.4724
chr1	710789	710790	35	0.4027
chr1	710806	710807	33	0.5867
chr1	710832	710833	33	0.4055
chr1	710855	710856	33	0.5312
chr1	710880	710881	33	0.5335
chr1	710912	710913	33	0.4285
chr1	710955	710956	31	0.7509
chr1	711005	711006	30	0.5908
chr1	711032	711033	37	0.6225
chr1	711069	711070	27	0.4934
chr1	711095	711096	28	0.5917
chr1	711144	711145	23	0.3544
chr1	711184	711185	23	0.6025
chr1	711213	711214	28	0.591
chr1	711258	711259	36	0.402
chr1	711292	711293	25	0.5015
chr1	711392	711393	35	0.5855
chr1	711467	711468	36	0.5618
chr1	711567	711568	31	0.4997
chr1	711667	711668	29	0.4358
chr1	711767	711768	28	0.3438
chr1	711831	711832	27	0.6854
chr1	711837	711838	22	0.6794
chr1	711839	711840	40	0.6777
chr1	711881	711882	42	0.9406
chr1	712085	712086	23	0.7194
chr1	712129	712130	28	0.7905
chr1	712169	712170	31	0.677
chr1	712184	712185	29	0.7051
chr1	712218	712219	35	0.6993
chr1	712268	712269	30	0.6461
chr1	712318	712319	23	0.6513
chr1	712333	712334	22	0.8963
chr1	712367	712368	22	0.7994
chr1	712383	712384	25	0.7621
chr1	712433	712434	35	0.8506
chr1	712469	712470	43	0.6771
chr1	712484	712485	37	0.634
chr1	712506	712507	30	0.6968
chr1	712521	712522	20	0.7356
chr1	712550	712551	35	0.5996
chr1	712583	712584	20	0.89
chr1	712605	712606	35	0.5451
chr1	712655	712656	25	0.7381
chr1	712688	712689	30	0.7212
chr1	712716	712717	25	0.6016
chr1	712736	712737	37	0.8675
chr1	712836	712837	27	0.7029
chr1	712936	712937	34	0.6651
chr1	713030	713031	29	0.7258
chr1	713130	713131	22	0.6233
chr1	713180	713181	22	0.7087
chr1	713240	713241	32	0.8188
chr1	713260	713261	35	0.5641
chr1	713270	713271	29	0.7414
chr1	713276	713277	33	0.5138
chr1	713291	713292	34	0.4058
chr1	713312	713313	21	0.5306
chr1	713362	713363	25	0.5359
chr1	713377	713378	28	0.6382
chr1	713405	713406	33	0.5941
chr1	713455	713456	34	0.5809
chr1	713473	713474	27	0.6336
chr1	713488	713489	26	0.6258
chr1	713526	713527	30	0.594
chr1	713565	713566	34	0.6349
chr1	713580	713581	26	0.5841
chr1	713630	713631	31	0.6395
chr1	713645	713646	28	0.4473
chr1	713665	713666	31	0.4885
chr1	713699	713700	36	0.6836
chr1	713717	713718	36	0.6738
chr1	713754	713755	29	0.6607
chr1	713854	713855	34	0.6412
chr1	713940	713941	35	0.7941
chr1	713990	713991	27	0.5566
chr1	714051	714052	31	0.4556
chr1	714151	714152	36	0.5426
chr1	714187	714188	26	0.5981
chr1	714341	714342	31	0.7665
chr1	714363	714364	34	0.7572
chr1	714389	714390	32	0.7656
chr1	714413	714414	30	0.7527
chr1	714419	714420	27	0.7688
chr1	714466	714467	30	0.6966
chr1	714482	714483	33	0.585
chr1	714525	714526	30	0.6657
chr1	714575	714576	24	0.4969
chr1	714625	714626	19	0.6045
chr1	714675	714676	34	0.6484
chr1	714715	714716	30	0.4656
chr1	714750	714751	23	0.6836
chr1	714800	714801	34	0.5527
chr1	714820	714821	32	0.7079
chr1	714846	714847	34	0.5951
chr1	714862	714863	28	0.6559
chr1	714912	714913	36	0.61
chr1	714927	714928	28	0.6052
chr1	714958	714959	36	0.5957
chr1	714971	714972	35	0.6112
chr1	715071	715072	28	0.7166
chr1	715171	715172	25	0.6547
chr1	715271	715272	29	0.6589
chr1	715336	715337	33	0.6671
chr1	715436	715437	23	0.5183
chr1	715500	715501	38	0.7486
chr1	715523	715524	31	0.8
chr1	715564	715565	32	0.945
chr1	715581	715582	26	0.6726
chr1	715614	715615	31	0.8506
chr1	715656	715657	33	0.7456
chr1	715706	715707	33	0.7782
chr1	715722	715723	35	0.8314
chr1	715763	715764	21	0.892
chr1	715797	715798	30	0.827
chr1	715818	715819	33	0.8863
chr1	715868	715869	34	0.7705
chr1	715897	715898	26	0.6277
chr1	715915	715916	31	0.6473
chr1	715949	715950	32	0.8305
chr1	715999	716000	33	0.8321
chr1	716028	716029	28	0.8086
chr1	716037	716038	24	0.8656
chr1	716137	716138	33	0.8082
chr1	716187	716188	29	0.7948
chr1	716286	716287	27	0.9011
chr1	716386	716387	41	0.772
chr1	716436	716437	24	0.6626
chr1	716536	716537	35	0.7871
chr1	716542	716543	38	0.7751
chr1	716590	716591	25	0.7774
chr1	716613	716614	32	0.7887
chr1	716638	716639	28	0.7942
chr1	716674	716675	31	0.7151
chr1	716706	716707	37	0.7301
chr1	716728	716729	28	0.9044
chr1	716762	716763	20	0.7418
chr1	716808	716809	26	0.8114
chr1	716858	716859	34	0.8458
chr1	716890	716891	24	0.808
chr1	716918	716919	33	0.7828
chr1	716962	716963	32	0.7878
chr1	716980	716981	29	0.785
chr1	717018	717019	25	0.7964
chr1	717039	717040	35	0.7716
chr1	717057	717058	37	0.8593
chr1	717157	717158	31	0.8573
chr1	717221	717222	35	0.8167
chr1	717321	717322	21	0.8209
chr1	717371	717372	29	0.7129
chr1	717443	717444	34	0.7906
chr1	717457	717458	32	0.9328
chr1	717489	717490	26	0.6667
chr1	717510	717511	37	0.8539
chr1	717533	717534	30	0.7401
chr1	717548	717549	24	0.6808
chr1	717598	717599	33	0.852
chr1	717623	717624	35	0.9007
chr1	717641	717642	27	0.8467
chr1	717657	717658	32	0.9421
chr1	717707	717708	37	0.7436
chr1	717722	717723	26	0.8905
chr1	717755	717756	27	0.8074
chr1	717778	717779	36	0.7189
chr1	717828	717829	26	0.7585
chr1	717878	717879	34	0.9247
chr1	717897	717898	24	0.9718
chr1	717943	717944	25	0.6873
chr1	717960	717961	30	0.6578
chr1	717988	717989	40	0.6813
chr1	718003	718004	21	0.8417
chr1	718053	718054	32	0.7954
chr1	718054	718055	32	0.7503
chr1	718115	718116	22	0.782
chr1	718196	718197	36	0.7713
chr1	718296	718297	31	0.6418
chr1	718377	718378	33	0.8028
chr1	718435	718436	34	0.8278
chr1	718486	718487	26	0.7988
chr1	718573	718574	31	0.7825
chr1	718591	718592	35	0.8029
chr1	718653	718654	27	0.7636
chr1	718658	718659	23	0.466
chr1	718673	718674	35	0.4757
chr1	718709	718710	34	0.4509
chr1	718746	718747	32	0.4545
chr1	718783	718784	29	0.6017
chr1	718833	718834	31	0.4154
chr1	718855	718856	28	0.6021
chr1	718905	718906	25	0.4678
chr1	718955	718956	28	0.618
chr1	718985	718986	29	0.3621
chr1	719000	719001	35	0.4733
chr1	719030	719031	30	0.6017
chr1	719050	719051	33	0.6267
chr1	719084	719085	26	0.5762
chr1	719104	719105	30	0.4392
chr1	719119	719120	33	0.6305
chr1	719169	719170	30	0.3347
chr1	719219	719220	36	0.5848
chr1	719231	719232	30	0.5236
chr1	719331	719332	25	0.6041
chr1	719406	719407	31	0.5814
chr1	719506	719507	34	0.5501
chr1	719556	719557	34	0.5464
chr1	719643	719644	24	0.5915
chr1	719693	719694	35	0.6263
chr1	719793	719794	26	0.551
chr1	719971	719972	26	0.6166
chr1	720025	720026	28	0.7716
chr1	720055	720056	25	0.6936
chr1	720155	720156	29	0.7921
chr1	720231	720232	26	0.5633
chr1	720274	720275	35	0.0353
chr1	720290	720291	35	0.0238
chr1	720305	720306	27	0.1448
chr1	720321	720322	39	0.0294
chr1	720346	720347	26	0.0355
chr1	720372	720373	29	0.0789
chr1	720400	720401	35	0.0164
chr1	720450	720451	25	0.043
chr1	720476	720477	32	0.0197
chr1	720505	720506	25	0.0976
chr1	720555	720556	28	0.034
chr1	720572	720573	33	0.0301
chr1	720604	720605	31	0.0217
chr1	720630	720631	28	0.0694
chr1	720646	720647	26	0.1346
chr1	720669	720670	25	0.0093
chr1	720703	720704	19	0.0
chr1	720751	720752	40	0.1931
chr1	720758	720759	36	0.0
chr1	720858	720859	29	0.1905
chr1	720908	720909	28	0.0732
chr1	720958	720959	26	0.1285
chr1	721021	721022	27	0.0064
chr1	721071	721072	27	0.0705
chr1	721121	721122	27	0.0276
chr1	721221	721222	37	0.085
chr1	721275	721276	29	0.0811
chr1	721313	721314	25	0.2696
chr1	721333	721334	36	0.2511
chr1	721349	721350	26	0.2678
chr1	721377	721378	36	0.2087
chr1	721401	721402	25	0.1843
chr1	721426	721427	24	0.1323
chr1	721441	721442	34	0.0628
chr1	721464	721465	34	0.3447
chr1	721508	721509	22	0.2293
chr1	721558	721559	29	0.1908
chr1	721608	721609	33	0.3702
chr1	721634	721635	31	0.3305
chr1	721684	721685	32	0.0875
chr1	721734	721735	30	0.1486
chr1	721772	721773	40	0.0899
chr1	721815	721816	22	0.1475
chr1	721818	721819	33	0.0569
chr1	721918	721919	30	0.2106
chr1	721988	721989	34	0.1923
chr1	722088	722089	35	0.2429
chr1	722157	722158	23	0.0013
chr1	722207	722208	28	0.2989
chr1	722257	722258	27	0.4142
chr1	722341	722342	34	0.0083
chr1	722346	722347	23	0.6522
chr1	722396	722397	29	0.6477
chr1	722434	722435	18	0.7535
chr1	722476	722477	37	0.8015
chr1	722509	722510	27	0.6706
chr1	722534	722535	28	0.7262
chr1	722579	722580	29	0.5532
chr1	722597	722598	32	0.6718
chr1	722624	722625	39	0.6391
chr1	722641	722642	26	0.7744
chr1	722672	722673	29	0.6858
chr1	722699	722700	34	0.5701
chr1	722722	722723	33	0.7195
chr1	722771	722772	26	0.5365
chr1	722821	722822	34	0.6728
chr1	722840	722841	37	0.7066
chr1	722922	722923	22	0.4729
chr1	723022	723023	24	0.6211
chr1	723119	723120	27	0.8024
chr1	723169	723170	34	0.6027
chr1	723269	723270	27	0.599
chr1	723275	723276	20	0.7891
chr1	723291	723292	27	0.8838
chr1	723481	723482	32	0.8461
chr1	723491	723492	24	0.729
chr1	723629	723630	31	0.8238
chr1	723699	723700	33	0.6763
chr1	723743	723744	26	0.7139
chr1	723791	723792	34	0.7852
chr1	723810	723811	39	0.7967
chr1	723835	723836	33	0.6425
chr1	723882	723883	32	0.7441
chr1	723925	723926	33	0.8259
chr1	723944	723945	30	0.8231
chr1	723963	723964	26	0.8658
chr1	723995	723996	28	0.7477
chr1	724045	724046	28	0.8786
chr1	724071	724072	26	0.8071
chr1	724113	724114	33	0.7232
chr1	724129	724130	38	0.9806
chr1	724156	724157	26	0.8563
chr1	724179	724180	28	0.807
chr1	724279	724280	26	0.8342
chr1	724379	724380	31	0.8082
chr1	724466	724467	35	0.806
chr1	724566	724567	24	0.6683
chr1	724630	724631	25	0.7541
chr1	724672	724673	29	0.0149
chr1	724693	724694	27	0.1095
chr1	724718	724719	33	0.0
chr1	724733	724734	22	0.14
chr1	724768	724769	33	0.0865
chr1	724793	724794	29	0.1532
chr1	724843	724844	32	0.0619
chr1	724858	724859	27	0.1457
chr1	724895	724896	17	0.1311
chr1	724923	724924	41	0.1302
chr1	724950	724951	34	0.0648
chr1	725000	725001	25	0.0795
chr1	725019	725020	24	0.0744
chr1	725042	725043	27	0.0894
chr1	725092	725093	26	0.0556
chr1	725131	725132	33	0.275
chr1	725147	725148	31	0.1027
chr1	725164	725165	27	0.1476
chr1	725264	725265	31	0.0
chr1	725315	725316	28	0.1466
chr1	725415	725416	32	0.2129
chr1	725515	725516	21	0.1622
chr1	725615	725616	22	0.0289
chr1	725649	725650	27	0.0
chr1	725709	725710	36	0.2595
chr1	725742	725743	25	0.721
chr1	725781	725782	31	0.4748
chr1	725819	725820	29	0.6255
chr1	725865	725866	34	0.159
chr1	725901	725902	35	0.5482
chr1	725916	725917	33	0.4648
chr1	725949	725950	31	0.4999
chr1	725995	725996	27	0.4901
chr1	726023	726024	33	1.0
chr1	726058	726059	25	0.2773
chr1	726107	726108	26	0.6994
chr1	726165	726166	31	0.4053
chr1	726215	726216	28	1.0
chr1	726263	726264	22	0.7609
chr1	726279	726280	35	0.6013
chr1	726335	726336	30	0.4503
chr1	726413	726414	38	0.5389
chr1	726513	726514	33	1.0
chr1	726613	726614	29	0.0769
chr1	726712	726713	39	0.3662
chr1	726812	726813	33	0.214
chr1	726856	726857	23	0.7519
chr1	726893	726894	28	0.7889
chr1	726943	726944	38	0.667
chr1	726981	726982	24	0.869
chr1	726999	727000	33	0.6747
chr1	727015	727016	22	0.6465
chr1	727060	727061	35	0.8137
chr1	727110	727111	22	0.6353
chr1	727135	727136	27	0.6229
chr1	727162	727163	30	0.8715
chr1	727203	727204	28	0.6359
chr1	727223	727224	19	0.6424
chr1	727260	727261	31	0.7111
chr1	727275	727276	46	0.7447
chr1	727300	727301	33	0.8865
chr1	727343	727344	34	0.6661
chr1	727353	727354	28	0.615
chr1	727453	727454	22	0.7893
chr1	727503	727504	33	0.7933
chr1	727603	727604	27	0.8968
chr1	727668	727669	28	0.6211
chr1	727727	727728	33	0.6191
chr1	727811	727812	31	0.769
chr1	727837	727838	32	0.7603
chr1	727880	727881	26	0.488
chr1	727930	727931	33	0.7257
chr1	727967	727968	32	0.7753
chr1	728002	728003	32	0.6187
chr1	728017	728018	36	0.6795
chr1	728041	728042	28	0.7321
chr1	728091	728092	32	0.7458
chr1	728106	728107	25	0.6936
chr1	728121	728122	29	0.7219
chr1	728171	728172	29	0.6277
chr1	728215	728216	21	0.6229
chr1	728250	728251	27	0.5656
chr1	728267	728268	33	0.6727
chr1	728300	728301	32	0.7804
chr1	728322	728323	38	0.756
chr1	728421	728422	33	0.8329
chr1	728513	728514	26	0.7114
chr1	728600	728601	28	0.8176
chr1	728700	728701	30	0.734
chr1	728800	728801	31	0.6709
chr1	728898	728899	27	0.854
chr1	728903	728904	23	0.5504
chr1	728928	728929	33	0.52
chr1	728943	728944	30	0.6121
chr1	728979	728980	24	0.5617
chr1	729008	729009	31	0.4806
chr1	729044	729045	23	0.5677
chr1	729079	729080	26	0.6017
chr1	729109	729110	27	0.4169
chr1	729154	729155	32	0.5623
chr1	729204	729205	32	0.5708
chr1	729245	729246	26	0.6468
chr1	729295	729296	36	0.4401
chr1	729334	729335	37	0.4834
chr1	729336	729337	34	0.4494
chr1	729436	729437	32	0.5923
chr1	729536	729537	22	0.4118
chr1	729586	729587	31	0.5125
chr1	729686	729687	31	0.5204
chr1	729750	729751	28	0.6453
chr1	729868	729869	27	0.5565
chr1	729878	729879	28	0.6455
chr1	729940	729941	29	0.6537
chr1	729954	729955	25	0.8418
chr1	729969	729970	22	0.8687
chr1	729995	729996	32	0.8073
chr1	730027	730028	20	0.7245
chr1	730054	730055	32	0.6912
chr1	730069	730070	28	0.7568
chr1	730089	730090	34	0.7372
chr1	730104	730105	29	0.738
chr1	730140	730141	27	0.8882
chr1	730163	730164	29	0.7427
chr1	730213	730214	37	0.548
chr1	730232	730233	35	0.6081
chr1	730247	730248	26	0.6503
chr1	730297	730298	32	0.7438
chr1	730335	730336	18	0.664
chr1	730385	730386	27	0.6984
chr1	730413	730414	28	0.7347
chr1	730449	730450	34	0.7283
chr1	730530	730531	30	0.8265
chr1	730585	730586	36	0.7032
chr1	730660	730661	33	0.7397
chr1	730751	730752	33	0.8088
chr1	730821	730822	26	0.6524
chr1	730921	730922	36	0.7789
chr1	730927	730928	30	0.8796
chr1	730942	730943	30	0.292
chr1	730978	730979	41	0.1277
chr1	731005	731006	33	0.2528
chr1	731043	731044	34	0.2784
chr1	731073	731074	35	0.2886
chr1	731099	731100	30	0.0592
chr1	731114	731115	24	0.238
chr1	731153	731154	27	0.2554
chr1	731174	731175	30	0.0845
chr1	731216	731217	35	0.1332
chr1	731256	731257	38	0.2754
chr1	731287	731288	28	0.2611
chr1	731323	731324	21	0.3167
chr1	731351	731352	32	0.2172
chr1	731368	731369	30	0.192
chr1	731383	731384	35	0.2282
chr1	731401	731402	25	0.2203
chr1	731433	731434	37	0.1594
chr1	731483	731484	25	0.0588
chr1	731516	731517	35	0.2849
chr1	731591	731592	28	0.1811
chr1	731659	731660	23	0.0738
chr1	731759	731760	27	0.2257
chr1	731809	731810	31	0.2075
chr1	731909	731910	37	0.0431
chr1	732000	732001	21	0.2571
chr1	732076	732077	34	0.0382
chr1	732107	732108	23	0.2559
chr1	732152	732153	25	0.3102
chr1	732177	732178	34	0.2108
chr1	732206	732207	22	0.2699
chr1	732239	732240	22	0.1036
chr1	732280	732281	25	0.1942
chr1	732330	732331	21	0.2031
chr1	732380	732381	30	0.3356
chr1	732403	732404	31	0.2792
chr1	732432	732433	34	0.3588
chr1	732458	732459	26	0.0578
chr1	732476	732477	30	0.2568
chr1	732504	732505	23	0.1211
chr1	732541	732542	31	0.1398
chr1	732578	732579	35	0.1489
chr1	732583	732584	18	0.1606
chr1	732683	732684	29	0.189
chr1	732783	732784	30	0.2678
chr1	732883	732884	29	0.0231
chr1	732957	732958	22	0.2798
chr1	733055	733056	29	0.0601
chr1	733129	733130	32	0.2079
chr1	733174	733175	25	0.8644
chr1	733211	733212	31	0.8905
chr1	733239	733240	37	0.6755
chr1	733285	733286	24	0.8027
chr1	733303	733304	30	0.8158
chr1	733353	733354	41	0.6618
chr1	733396	733397	24	0.7004
chr1	733433	733434	25	0.8001
chr1	733456	733457	32	0.7801
chr1	733482	733483	30	0.7611
chr1	733509	733510	32	0.8439
chr1	733557	733558	26	0.8593
chr1	733574	733575	29	0.8359
chr1	733597	733598	31	0.5976
chr1	733647	733648	21	0.8632
chr1	733660	733661	23	0.8361
chr1	733710	733711	34	0.6843
chr1	733776	733777	36	0.7792
chr1	733876	733877	17	0.9478
chr1	733944	733945	29	0.7721
chr1	734044	734045	36	0.7757
chr1	734144	734145	37	0.6459
chr1	734216	734217	21	0.786
chr1	734228	734229	28	0.8293
chr1	734234	734235	30	0.7399
chr1	734260	734261	31	0.7318
chr1	734286	734287	25	0.6667
chr1	734324	734325	33	0.6246
chr1	734360	734361	24	0.7293
chr1	734381	734382	33	0.6321
chr1	734400	734401	33	0.5381
chr1	734420	734421	25	0.6154
chr1	734449	734450	23	0.6749
chr1	734482	734483	23	0.7006
chr1	734515	734516	23	0.5068
chr1	734531	734532	34	0.5478
chr1	734561	734562	29	0.6013
chr1	734596	734597	28	0.5896
chr1	734646	734647	26	0.5806
chr1	734686	734687	20	0.7102
chr1	734709	734710	37	0.6063
chr1	734737	734738	33	0.5854
chr1	734764	734765	35	0.5895
chr1	734795	734796	28	0.5045
chr1	734823	734824	31	0.755
chr1	734923	734924	29	0.7953
chr1	734973	734974	34	0.8165
chr1	735023	735024	29	0.7881
chr1	735085	735086	23	0.5792
chr1	735185	735186	29	0.5366
chr1	735285	735286	35	0.5357
chr1	735374	735375	39	0.6391
chr1	735406	735407	29	0.844
chr1	735496	735497	31	0.897
chr1	735580	735581	31	0.8228
chr1	735676	735677	27	0.8298
chr1	735700	735701	33	0.8315
chr1	735736	735737	24	0.8082
chr1	735748	735749	24	0.7874
chr1	735786	735787	32	0.5513
chr1	735788	735789	37	0.7894
chr1	735814	735815	28	0.1175
chr1	735840	735841	29	0.0832
chr1	735859	735860	24	0.0879
chr1	735882	735883	29	0.0739
chr1	735932	735933	25	0.0
chr1	735960	735961	30	0.1506
chr1	735987	735988	40	0.0402
chr1	736037	736038	34	0.1229
chr1	736065	736066	27	0.1334
chr1	736087	736088	20	0.1187
chr1	736133	736134	32	0.0987
chr1	736159	736160	25	0.0182
chr1	736209	736210	28	0.2909
chr1	736259	736260	29	0.0919
chr1	736294	736295	29	0.1476
chr1	736299	736300	34	0.0413
chr1	736399	736400	26	0.188
chr1	736499	736500	39	0.2115
chr1	736549	736550	37	0.0385
chr1	736619	736620	33	0.0541
chr1	736696	736697	18	0.1362
chr1	736702	736703	32	0.0759
chr1	736748	736749	25	0.212
chr1	736756	736757	24	0.5377
chr1	736771	736772	29	0.5819
chr1	736821	736822	39	0.6096
chr1	736862	736863	31	0.6894
chr1	736912	736913	21	0.7417
chr1	736937	736938	24	0.6612
chr1	736953	736954	31	0.576
chr1	736993	736994	33	0.7352
chr1	737023	737024	22	0.7103
chr1	737044	737045	17	0.6141
chr1	737068	737069	41	0.8643
chr1	737100	737101	32	0.7013
chr1	737126	737127	23	0.7928
chr1	737159	737160	20	0.6544
chr1	737174	737175	34	0.6039
chr1	737208	737209	32	0.7115
chr1	737230	737231	39	0.5918
chr1	737241	737242	24	0.6117
chr1	737291	737292	28	0.8149
chr1	737391	737392	32	0.8383
chr1	737441	737442	26	0.6824
chr1	737524	737525	25	0.7563
chr1	737624	737625	33	0.7453
chr1	737674	737675	28	0.7356
chr1	737724	737725	27	0.5484
chr1	737776	737777	22	0.7067
chr1	737804	737805	18	0.8526
chr1	737846	737847	26	0.8826
chr1	738020	738021	32	0.825
chr1	738032	738033	17	0.7472
chr1	738102	738103	29	0.896
chr1	738162	738163	30	0.7206
chr1	738204	738205	34	0.7869
chr1	738232	738233	37	0.8882
chr1	738282	738283	32	0.8872
chr1	738305	738306	33	0.8923
chr1	738341	738342	23	0.8518
chr1	738368	738369	23	0.7039
chr1	738407	738408	21	0.821
chr1	738432	738433	35	0.9021
chr1	738482	738483	27	0.6943
chr1	738526	738527	28	0.8288
chr1	738551	738552	34	0.8853
chr1	738583	738584	19	1.0
chr1	738633	738634	25	0.7439
chr1	738666	738667	26	0.8194
chr1	738689	738690	34	0.8288
chr1	738719	738720	29	0.9365
chr1	738740	738741	29	0.94
chr1	738790	738791	16	0.9056
chr1	738805	738806	22	1.0
chr1	738811	738812	25	0.7828
chr1	738901	738902	28	0.7626
chr1	739001	739002	26	1.0
chr1	739073	739074	32	1.0
chr1	739173	739174	25	0.8883
chr1	739273	739274	36	0.797
chr1	739323	739324	27	0.8289
chr1	739349	739350	21	0.6999
chr1	739373	739374	31	0.919
chr1	739378	739379	23	0.3089
chr1	739428	739429	37	0.5681
chr1	739466	739467	26	0.4748
chr1	739505	739506	32	0.4953
chr1	739526	739527	29	0.3504
chr1	739549	739550	29	0.6163
chr1	739571	739572	32	0.5324
chr1	739612	739613	40	0.516
chr1	739639	739640	35	0.3161
chr1	739689	739690	22	0.3792
chr1	739717	739718	26	0.5634
chr1	739737	739738	23	0.3866
chr1	739779	739780	28	0.436
chr1	739848	739849	23	0.3047
chr1	739935	739936	26	0.5381
chr1	740035	740036	17	0.481
chr1	740135	740136	28	0.482
chr1	740393	740394	25	0.8528
chr1	740421	740422	31	0.7313
chr1	740423	740424	27	0.6346
chr1	740465	740466	34	0.5294
chr1	740515	740516	29	0.7342
chr1	740629	740630	29	0.5134
chr1	740635	740636	37	0.3273
chr1	740670	740671	29	0.36
chr1	740698	740699	38	0.3329
chr1	740748	740749	33	0.261
chr1	740788	740789	33	0.2825
chr1	740803	740804	33	0.343
chr1	740818	740819	25	0.3674
chr1	740838	740839	36	0.2693
chr1	740855	740856	29	0.3092
chr1	740884	740885	40	0.4831
chr1	740899	740900	24	0.2901
chr1	740928	740929	27	0.3554
chr1	740943	740944	22	0.3077
chr1	740958	740959	36	0.5795
chr1	740973	740974	28	0.2229
chr1	741001	741002	31	0.2857
chr1	741028	741029	24	0.3508
chr1	741057	741058	24	0.3047
chr1	741072	741073	23	0.328
chr1	741098	741099	29	0.2321
chr1	741182	741183	29	0.3065
chr1	741282	741283	28	0.3512
chr1	741372	741373	31	0.1824
chr1	741448	741449	25	0.3282
chr1	741520	741521	29	0.2182
chr1	741534	741535	28	0.0165
chr1	741558	741559	28	0.31
chr1	741640	741641	35	0.1005
chr1	741722	741723	28	0.2799
chr1	741820	741821	30	0.3493
chr1	741886	741887	38	0.1791
chr1	741892	741893	37	0.1704
chr1	741898	741899	32	0.1424
chr1	741906	741907	32	0.0889
chr1	741956	741957	31	0.1422
chr1	741991	741992	26	0.1529
chr1	742009	742010	25	0.0728
chr1	742050	742051	30	0.1507
chr1	742070	742071	30	0.0819
chr1	742114	742115	29	0.1825
chr1	742156	742157	13	0.1513
chr1	742176	742177	27	0.1262
chr1	742203	742204	29	0.1922
chr1	742220	742221	35	0.1024
chr1	742240	742241	32	0.1688
chr1	742290	742291	28	0.1991
chr1	742317	742318	33	0.2225
chr1	742339	742340	36	0.1497
chr1	742354	742355	31	0.2058
chr1	742386	742387	24	0.269
chr1	742399	742400	30	0.1078
chr1	742449	742450	35	0.1231
chr1	742549	742550	28	0.1531
chr1	742608	742609	32	0.0555
chr1	742676	742677	28	0.1024
chr1	742776	742777	26	0.198
chr1	742876	742877	27	0.132
chr1	742898	742899	23	0.0642
chr1	742988	742989	26	0.0465
chr1	743070	743071	29	0.0844
chr1	743072	743073	37	0.1933
chr1	743100	743101	39	0.0
chr1	743114	743115	37	0.1314
chr1	743212	743213	37	0.029
chr1	743346	743347	34	0.1336
chr1	743379	743380	26	0.3367
chr1	743416	743417	29	0.31
chr1	743451	743452	20	0.3149
chr1	743501	743502	24	0.1733
chr1	743542	743543	34	0.1431
chr1	743578	743579	26	0.1611
chr1	743618	743619	33	0.2202
chr1	743658	743659	32	0.3268
chr1	743688	743689	27	0.3522
chr1	743738	743739	36	0.076
chr1	743762	743763	30	0.1443
chr1	743785	743786	27	0.2852
chr1	743816	743817	31	0.2095
chr1	743854	743855	31	0.1863
chr1	743922	743923	38	0.2653
chr1	744005	744006	35	0.2111
chr1	744101	744102	28	0.2668
chr1	744157	744158	35	0.2236
chr1	744257	744258	35	0.2018
chr1	744291	744292	37	0.2228
chr1	744297	744298	26	0.2231
chr1	744309	744310	23	0.8669
chr1	744342	744343	33	0.9306
chr1	744368	744369	17	0.8801
chr1	744392	744393	27	0.8605
chr1	744442	744443	39	0.8322
chr1	744462	744463	29	0.8548
chr1	744481	744482	26	0.94
chr1	744496	744497	32	0.9316
chr1	744524	744525	26	0.8708
chr1	744546	744547	26	0.9086
chr1	744570	744571	26	0.9568
chr1	744598	744599	30	0.8398
chr1	744613	744614	28	0.992
chr1	744631	744632	33	0.818
chr1	744678	744679	30	0.6709
chr1	744726	744727	36	0.8567
chr1	744743	744744	33	0.8704
chr1	744772	744773	27	0.8701
chr1	744825	744826	22	0.8927
chr1	744925	744926	29	0.9678
chr1	745025	745026	23	0.8571
chr1	745125	745126	30	0.8168
chr1	745196	745197	24	0.9888
chr1	745274	745275	19	0.9618
chr1	745305	745306	31	0.061
chr1	745349	745350	19	0.1235
chr1	745399	745400	35	0.2347
chr1	745424	745425	30	0.1474
chr1	745439	745440	31	0.1793
chr1	745468	745469	34	0.1009
chr1	745518	745519	20	0.1866
chr1	745546	745547	31	0.1693
chr1	745562	745563	27	0.1279
chr1	745578	745579	36	0.0694
chr1	745611	745612	21	0.0818
chr1	745638	745639	36	0.0388
chr1	745656	745657	28	0.0
chr1	745671	745672	31	0.1155
chr1	745720	745721	24	0.0989
chr1	745753	745754	29	0.0301
chr1	745784	745785	37	0.1265
chr1	745834	745835	28	0.2971
chr1	745841	745842	27	0.1922
chr1	745915	745916	21	0.1347
chr1	745965	745966	25	0.2411
chr1	746065	746066	27	0.2106
chr1	746165	746166	25	0.282
chr1	746253	746254	30	0.1228
chr1	746303	746304	28	0.1769
chr1	746387	746388	32	0.1118
chr1	746392	746393	38	0.6115
chr1	746430	746431	34	0.6317
chr1	746445	746446	27	0.7896
chr1	746467	746468	24	0.6871
chr1	746493	746494	33	0.7146
chr1	746519	746520	37	0.5723
chr1	746569	746570	35	0.5647
chr1	746589	746590	22	0.6465
chr1	746639	746640	35	0.6777
chr1	746674	746675	30	0.7446
chr1	746691	746692	21	0.8106
chr1	746721	746722	29	0.7409
chr1	746752	746753	30	0.7178
chr1	746790	746791	38	0.7927
chr1	746839	746840	35	0.6144
chr1	746863	746864	29	0.5366
chr1	746882	746883	27	0.5869
chr1	746912	746913	25	0.4957
chr1	746913	746914	26	0.5566
chr1	747013	747014	33	0.6671
chr1	747089	747090	20	0.7079
chr1	747189	747190	23	0.8082
chr1	747287	747288	29	0.6267
chr1	747379	747380	42	0.7261
chr1	747391	747392	26	0.7213
chr1	747431	747432	26	1.0
chr1	747583	747584	32	0.7946
chr1	747623	747624	34	0.8282
chr1	747761	747762	28	0.8487
chr1	747785	747786	30	0.9619
chr1	747818	747819	31	0.8489
chr1	747833	747834	37	0.8801
chr1	747850	747851	30	0.8364
chr1	747900	747901	18	0.659
chr1	747923	747924	23	0.6903
chr1	747947	747948	24	0.792
chr1	747981	747982	37	0.6891
chr1	748016	748017	30	0.6598
chr1	748054	748055	22	0.7775
chr1	748089	748090	31	0.7096
chr1	748114	748115	33	0.7353
chr1	748149	748150	31	0.6916
chr1	748177	748178	16	0.8474
chr1	748205	748206	32	0.7764
chr1	748211	748212	29	0.8845
chr1	748311	748312	28	0.7632
chr1	748393	748394	27	0.9101
chr1	748493	748494	37	0.7736
chr1	748554	748555	33	0.9724
chr1	748636	748637	24	0.7676
chr1	748655	748656	34	0.8494
chr1	748687	748688	29	0.894
chr1	748728	748729	36	0.8743
chr1	748777	748778	40	0.7408
chr1	748804	748805	31	0.7781
chr1	748840	748841	21	0.9625
chr1	748890	748891	35	0.7754
chr1	748917	748918	29	0.8907
chr1	748937	748938	40	0.8559
chr1	748956	748957	30	0.9176
chr1	748986	748987	23	0.7813
chr1	749003	749004	33	0.9034
chr1	749035	749036	32	0.8854
chr1	749059	749060	28	0.873
chr1	749097	749098	29	0.8115
chr1	749147	749148	32	0.8747
chr1	749148	749149	31	0.8355
chr1	749198	749199	36	0.8021
chr1	749298	749299	33	0.897
chr1	749398	749399	29	0.7893
chr1	749498	749499	17	0.8142
chr1	749598	749599	31	0.8594
chr1	749648	749649	32	0.7101
chr1	749658	749659	27	0.3605
chr1	749706	749707	27	0.5628
chr1	749726	749727	35	0.4598
chr1	749741	749742	35	0.5879
chr1	749761	749762	31	0.3885
chr1	749778	749779	32	0.58
chr1	749814	749815	30	0.561
chr1	749864	749865	35	0.5691
chr1	749899	749900	25	0.4441
chr1	749919	749920	26	0.4605
chr1	749967	749968	30	0.3988
chr1	749991	749992	22	0.4851
chr1	750041	750042	26	0.5187
chr1	750071	750072	31	0.6541
chr1	750101	750102	22	0.6358
chr1	750141	750142	28	0.5304
chr1	750166	750167	28	0.5182
chr1	750181	750182	18	0.4479
chr1	750220	750221	29	0.6584
chr1	750320	750321	44	0.6682
chr1	750420	750421	24	0.3651
chr1	750482	750483	23	0.582
chr1	750582	750583	35	0.5526
chr1	750649	750650	27	0.5431
chr1	750749	750750	38	0.6692
chr1	750861	750862	31	0.8007
chr1	750887	750888	39	0.8445
chr1	751009	751010	23	0.6876
chr1	751045	751046	28	0.9006
chr1	751167	751168	39	0.7776
chr1	751214	751215	31	0.1764
chr1	751264	751265	23	0.1815
chr1	751281	751282	37	0.012
chr1	751318	751319	27	0.1817
chr1	751350	751351	31	0.1303
chr1	751400	751401	29	0.0079
chr1	751448	751449	36	0.1487
chr1	751469	751470	34	0.1808
chr1	751484	751485	32	0.1499
chr1	751505	751506	28	0.2331
chr1	751523	751524	27	0.1082
chr1	751562	751563	36	0.1869
chr1	751612	751613	22	0.1765
chr1	751627	751628	34	0.1394
chr1	751643	751644	29	0.1352
chr1	751662	751663	28	0.1636
chr1	751690	751691	31	0.1595
chr1	751724	751725	30	0.0199
chr1	751753	751754	33	0.2291
chr1	751755	751756	26	0.1321
chr1	751855	751856	29	0.0701
chr1	751955	751956	27	0.063
chr1	752005	752006	34	0.0506
chr1	752105	752106	29	0.161
chr1	752205	752206	37	0.1776
chr1	752260	752261	26	0.2527
chr1	752282	752283	36	0.0
chr1	752302	752303	34	0.8694
chr1	752333	752334	24	0.9202
chr1	752350	752351	29	0.8221
chr1	752400	752401	27	0.653
chr1	752450	752451	18	0.7849
chr1	752500	752501	33	0.7515
chr1	752521	752522	26	0.9463
chr1	752557	752558	32	0.9746
chr1	752597	752598	33	0.8833
chr1	752634	752635	36	0.888
chr1	752651	752652	32	0.9197
chr1	752701	752702	32	0.8351
chr1	752751	752752	24	0.8949
chr1	752784	752785	37	0.8289
chr1	752802	752803	32	0.7878
chr1	752837	752838	34	0.9236
chr1	752932	752933	34	0.8305
chr1	752982	752983	31	0.8468
chr1	753082	753083	27	0.7859
chr1	753182	753183	35	0.8465
chr1	753282	753283	21	0.7892
chr1	753342	753343	32	0.9656
chr1	753347	753348	19	0.6224
chr1	753372	753373	33	0.5119
chr1	753407	753408	24	0.626
chr1	753436	753437	29	0.6305
chr1	753456	753457	29	0.6079
chr1	753474	753475	33	0.4926
chr1	753491	753492	23	0.7607
chr1	753524	753525	30	0.498
chr1	753552	753553	38	0.6935
chr1	753575	753576	31	0.66
chr1	753592	753593	24	0.5919
chr1	753617	753618	23	0.6232
chr1	753632	753633	28	0.5965
chr1	753650	753651	34	0.6303
chr1	753678	753679	31	0.5439
chr1	753706	753707	35	0.6268
chr1	753741	753742	32	0.7034
chr1	753770	753771	32	0.7577
chr1	753802	753803	29	0.5128
chr1	753817	753818	39	0.7019
chr1	753839	753840	27	0.7304
chr1	753873	753874	34	0.5561
chr1	753973	753974	32	0.7245
chr1	754073	754074	28	0.739
chr1	754123	754124	27	0.6301
chr1	754223	754224	28	0.6691
chr1	754323	754324	25	0.7157
chr1	754415	754416	33	0.8395
chr1	754455	754456	28	0.8626
chr1	754605	754606	38	0.7689
chr1	754771	754772	29	0.9124
chr1	754823	754824	16	0.836
chr1	754861	754862	34	0.7268
chr1	754878	754879	22	0.4264
chr1	754904	754905	25	0.7484
chr1	754934	754935	37	0.7364
chr1	754956	754957	24	0.7746
chr1	754982	754983	25	0.6958
chr1	755006	755007	23	0.6429
chr1	755026	755027	35	0.6821
chr1	755065	755066	31	0.6928
chr1	755110	755111	29	0.8991
chr1	755136	755137	27	0.883
chr1	755186	755187	21	0.7021
chr1	755230	755231	28	0.8804
chr1	755259	755260	29	0.8675
chr1	755274	755275	33	0.9188
chr1	755284	755285	28	0.6498
chr1	755384	755385	31	0.5562
chr1	755434	755435	31	0.4148
chr1	755510	755511	37	0.8168
chr1	755560	755561	29	0.7163
chr1	755611	755612	23	0.5742
chr1	755682	755683	31	0.7266
chr1	755724	755725	27	0.8106
chr1	755738	755739	27	0.8061
chr1	755752	755753	27	0.9104
chr1	755768	755769	35	1.0
chr1	755812	755813	30	0.9107
chr1	755858	755859	31	1.0
chr1	755889	755890	26	0.9295
chr1	755939	755940	22	0.9685
chr1	755989	755990	30	0.8336
chr1	756027	756028	26	0.9699
chr1	756053	756054	35	0.9267
chr1	756094	756095	33	0.9645
chr1	756121	756122	30	0.9393
chr1	756164	756165	26	0.9052
chr1	756187	756188	30	0.932
chr1	756224	756225	38	0.8355
chr1	756247	756248	14	0.9043
chr1	756319	756320	30	0.909
chr1	756369	756370	35	0.7793
chr1	756425	756426	27	0.8597
chr1	756497	756498	35	0.915
chr1	756597	756598	38	0.7504
chr1	756650	756651	38	0.9811
chr1	756732	756733	27	0.9296
chr1	756758	756759	27	0.8324
chr1	756785	756786	33	0.6981
chr1	756814	756815	25	0.586
chr1	756840	756841	31	0.7968
chr1	756865	756866	35	0.8275
chr1	756915	756916	30	0.8253
chr1	756944	756945	26	0.8603
chr1	756977	756978	35	0.735
chr1	757024	757025	23	0.6856
chr1	757047	757048	39	0.6819
chr1	757077	757078	27	0.6391
chr1	757122	757123	28	0.767
chr1	757148	757149	21	0.6083
chr1	757182	757183	30	0.879
chr1	757227	757228	26	0.5784
chr1	757270	757271	31	0.7547
chr1	757285	757286	34	0.708
chr1	757304	757305	35	0.6366
chr1	757338	757339	38	0.8226
chr1	757371	757372	25	0.8437
chr1	757372	757373	18	0.7039
chr1	757472	757473	31	0.7505
chr1	757572	757573	37	0.8441
chr1	757672	757673	33	0.8519
chr1	757739	757740	24	0.9494
chr1	757839	757840	32	0.667
chr1	757939	757940	33	0.6499
chr1	757951	757952	31	0.8986
chr1	758015	758016	25	0.783
chr1	758044	758045	22	0.864
chr1	758064	758065	27	0.9257
chr1	758084	758085	29	0.8859
chr1	758112	758113	21	0.7768
chr1	758158	758159	37	0.9081
chr1	758191	758192	29	0.9434
chr1	758213	758214	27	0.7065
chr1	758254	758255	32	0.8423
chr1	758304	758305	32	0.7624
chr1	758339	758340	24	0.8603
chr1	758369	758370	29	0.7909
chr1	758419	758420	28	0.9631
chr1	758444	758445	18	0.7356
chr1	758494	758495	37	0.9419
chr1	758567	758568	35	0.8336
chr1	758667	758668	26	0.863
chr1	758765	758766	34	0.7224
chr1	758827	758828	33	0.8965
chr1	758857	758858	34	0.8841
chr1	758877	758878	24	0.8248
chr1	758920	758921	25	0.7302
chr1	758951	758952	22	0.6681
chr1	758996	758997	32	0.7583
chr1	759035	759036	35	0.6477
chr1	759056	759057	30	0.6607
chr1	759080	759081	30	0.6306
chr1	759122	759123	27	0.7287
chr1	759146	759147	29	0.6817
chr1	759182	759183	42	0.5459
chr1	759208	759209	29	0.4077
chr1	759246	759247	33	0.5747
chr1	759261	759262	41	0.5485
chr1	759283	759284	37	0.3967
chr1	759326	759327	33	0.5822
chr1	759350	759351	32	0.6583
chr1	759391	759392	33	0.5487
chr1	759426	759427	31	0.7663
chr1	759429	759430	33	0.6338
chr1	759522	759523	22	0.6933
chr1	759622	759623	22	0.4536
chr1	759722	759723	22	0.4457
chr1	759789	759790	26	0.5144
chr1	759867	759868	33	0.54
chr1	759913	759914	23	0.7316
chr1	759932	759933	26	0.1056
chr1	759960	759961	39	0.1247
chr1	760009	760010	28	0.0
chr1	760059	760060	32	0.3154
chr1	760074	760075	35	0.0914
chr1	760124	760125	40	0.1347
chr1	760142	760143	28	0.0751
chr1	760177	760178	28	0.0993
chr1	760193	760194	27	0.1926
chr1	760235	760236	32	0.2401
chr1	760273	760274	25	0.0921
chr1	760302	760303	30	0.0455
chr1	760331	760332	28	0.2178
chr1	760346	760347	28	0.0523
chr1	760396	760397	30	0.0956
chr1	760430	760431	33	0.0
chr1	760460	760461	26	0.0717
chr1	760494	760495	41	0.2244
chr1	760544	760545	27	0.1639
chr1	760644	760645	37	0.0487
chr1	760712	760713	26	0.1838
chr1	760812	760813	26	0.115
chr1	760912	760913	30	0.2367
chr1	760962	760963	35	0.177
chr1	760984	760985	22	0.201
chr1	761025	761026	24	0.7475
chr1	761059	761060	37	0.8228
chr1	761109	761110	25	0.6553
chr1	761137	761138	27	0.7278
chr1	761153	761154	24	0.6657
chr1	761200	761201	26	0.6905
chr1	761219	761220	28	0.6893
chr1	761253	761254	35	0.5848
chr1	761300	761301	17	0.6587
chr1	761326	761327	34	0.6341
chr1	761347	761348	27	0.669
chr1	761380	761381	27	0.5636
chr1	761401	761402	38	0.5729
chr1	761426	761427	29	0.5688
chr1	761446	761447	20	0.6841
chr1	761469	761470	31	0.7532
chr1	761504	761505	25	0.7426
chr1	761526	761527	37	0.6001
chr1	761596	761597	25	0.6619
chr1	761696	761697	29	0.6657
chr1	761747	761748	41	0.5692
chr1	761830	761831	34	0.5116
chr1	761921	761922	37	0.6986
chr1	761974	761975	33	0.8078
chr1	761980	761981	30	0.8322
chr1	762025	762026	24	0.8301
chr1	762040	762041	29	0.8096
chr1	762065	762066	30	0.8286
chr1	762093	762094	24	0.7842
chr1	762108	762109	28	0.7797
chr1	762150	762151	20	0.7834
chr1	762172	762173	21	0.7559
chr1	762191	762192	36	0.7637
chr1	762235	762236	31	0.8169
chr1	762267	762268	32	0.6499
chr1	762289	762290	28	0.9443
chr1	762309	762310	30	0.657
chr1	762347	762348	34	0.6621
chr1	762371	762372	22	0.7741
chr1	762409	762410	27	0.6814
chr1	762455	762456	30	0.803
chr1	762467	762468	32	0.6106
chr1	762567	762568	34	0.6815
chr1	762667	762668	28	0.7811
chr1	762767	762768	29	0.7719
chr1	762867	762868	30	0.8797
chr1	762955	762956	29	0.9347
chr1	762963	762964	28	0.7054
chr1	762978	762979	30	0.7922
chr1	763008	763009	31	0.7443
chr1	763032	763033	26	0.6024
chr1	763062	763063	26	0.7141
chr1	763097	763098	28	0.7185
chr1	763121	763122	27	0.5571
chr1	763171	763172	26	0.4201
chr1	763186	763187	31	0.6803
chr1	763221	763222	30	0.5246
chr1	763240	763241	28	0.6417
chr1	763255	763256	34	0.6798
chr1	763285	763286	30	0.6819
chr1	763300	763301	29	0.6111
chr1	763331	763332	28	0.7116
chr1	763356	763357	23	0.5888
chr1	763372	763373	32	0.7331
chr1	763472	763473	30	0.7891
chr1	763522	763523	32	0.7417
chr1	763622	763623	25	0.3781
chr1	763681	763682	32	0.6374
chr1	763759	763760	19	0.7326
chr1	763773	763774	29	0.8288
chr1	763849	763850	36	0.885
chr1	763873	763874	33	0.5993
chr1	763913	763914	27	0.9486
chr1	763993	763994	41	0.8253
chr1	764073	764074	28	0.8614
chr1	764207	764208	27	0.9201
chr1	764212	764213	23	0.5877
chr1	764232	764233	30	0.4717
chr1	764282	764283	33	0.424
chr1	764316	764317	33	0.4719
chr1	764358	764359	29	0.739
chr1	764407	764408	31	0.6017
chr1	764433	764434	27	0.6934
chr1	764466	764467	30	0.5807
chr1	764485	764486	31	0.5241
chr1	764505	764506	36	0.617
chr1	764541	764542	30	0.6263
chr1	764558	764559	26	0.3926
chr1	764608	764609	31	0.5239
chr1	764632	764633	23	0.5943
chr1	764646	764647	34	0.4449
chr1	764746	764747	30	0.5696
chr1	764846	764847	28	0.6454
chr1	764907	764908	23	0.5003
chr1	764973	764974	34	0.715
chr1	765046	765047	23	0.5179
chr1	765070	765071	34	0.976
chr1	765204	765205	29	0.8635
chr1	765228	765229	32	0.7846
chr1	765270	765271	24	0.6973
chr1	765322	765323	31	0.8885
chr1	765410	765411	20	0.7922
chr1	765528	765529	32	0.7385
chr1	765534	765535	23	0.3912
chr1	765567	765568	30	0.5125
chr1	765599	765600	22	0.326
chr1	765640	765641	28	0.3257
chr1	765660	765661	30	0.368
chr1	765675	765676	26	0.3511
chr1	765690	765691	25	0.3769
chr1	765740	765741	27	0.4498
chr1	765782	765783	33	0.4699
chr1	765819	765820	32	0.3764
chr1	765856	765857	32	0.4407
chr1	765893	765894	39	0.3472
chr1	765925	765926	27	0.3672
chr1	765956	765957	34	0.315
chr1	765979	765980	31	0.3045
chr1	765998	765999	30	0.4069
chr1	766037	766038	31	0.4223
chr1	766061	766062	29	0.4118
chr1	766100	766101	29	0.4175
chr1	766129	766130	26	0.3453
chr1	766139	766140	37	0.4733
chr1	766239	766240	27	0.5732
chr1	766289	766290	31	0.3514
chr1	766348	766349	35	0.409
chr1	766440	766441	26	0.4425
chr1	766524	766525	35	0.3085
chr1	766586	766587	39	0.4014
chr1	766670	766671	35	0.4066
chr1	766674	766675	29	0.4496
chr1	766726	766727	26	0.3022
chr1	766824	766825	24	0.3538
chr1	766856	766857	23	0.2399
chr1	766920	766921	30	0.119
chr1	767014	767015	30	0.2828
chr1	767044	767045	35	0.2992
chr1	767084	767085	27	0.3492
chr1	767138	767139	22	0.3958
chr1	767159	767160	34	0.5186
chr1	767196	767197	33	0.5221
chr1	767246	767247	29	0.5642
chr1	767278	767279	29	0.4461
chr1	767328	767329	34	0.5683
chr1	767347	767348	37	0.7091
chr1	767397	767398	21	0.5096
chr1	767447	767448	24	0.4464
chr1	767470	767471	25	0.5291
chr1	767485	767486	24	0.574
chr1	767500	767501	17	0.4039
chr1	767547	767548	28	0.5916
chr1	767597	767598	27	0.6744
chr1	767613	767614	28	0.7019
chr1	767713	767714	19	0.4569
chr1	767797	767798	34	0.3878
chr1	767897	767898	31	0.4302
chr1	767968	767969	29	0.411
chr1	768030	768031	45	0.7883
chr1	768069	768070	33	0.422
chr1	768089	768090	29	0.4299
chr1	768118	768119	37	0.3488
chr1	768176	768177	23	0.3851
chr1	768207	768208	16	0.2894
chr1	768249	768250	28	0.2747
chr1	768267	768268	19	0.444
chr1	768317	768318	32	0.1991
chr1	768337	768338	30	0.4163
chr1	768367	768368	26	0.5278
chr1	768417	768418	24	0.3794
chr1	768445	768446	23	0.3335
chr1	768473	768474	27	0.2398
chr1	768500	768501	29	0.163
chr1	768531	768532	37	0.3382
chr1	768546	768547	24	0.2573
chr1	768581	768582	28	0.2562
chr1	768596	768597	20	0.3009
chr1	768635	768636	31	0.4252
chr1	768665	768666	26	0.4454
chr1	768765	768766	33	0.431
chr1	768831	768832	34	0.3153
chr1	768889	768890	35	0.3741
chr1	768958	768959	26	0.3398
chr1	769023	769024	27	0.4981
chr1	769077	769078	25	0.3331
chr1	769135	769136	40	0.2621
chr1	769235	769236	29	0.1841
chr1	769253	769254	29	0.2004
chr1	769265	769266	28	0.7934
chr1	769297	769298	28	0.7834
chr1	769321	769322	37	0.8298
chr1	769366	769367	26	0.797
chr1	769390	769391	27	0.7928
chr1	769436	769437	30	0.7515
chr1	769468	769469	34	0.61
chr1	769495	769496	21	0.8547
chr1	769510	769511	37	0.7549
chr1	769540	769541	32	0.7669
chr1	769590	769591	43	0.7037
chr1	769605	769606	41	0.7152
chr1	769625	769626	28	0.6154
chr1	769673	769674	32	0.8891
chr1	769698	769699	22	0.6218
chr1	769715	769716	20	0.7193
chr1	769779	769780	26	0.6952
chr1	769844	769845	33	0.8122
chr1	769895	769896	38	0.7178
chr1	769995	769996	26	0.5968
chr1	770095	770096	29	0.9169
chr1	770119	770120	31	0.9595
chr1	770147	770148	22	0.7659
chr1	770181	770182	30	0.4065
chr1	770196	770197	25	0.697
chr1	770241	770242	38	0.7007
chr1	770276	770277	32	0.6418
chr1	770309	770310	20	0.6142
chr1	770353	770354	26	0.5435
chr1	770403	770404	29	0.6662
chr1	770430	770431	27	0.2913
chr1	770463	770464	21	0.5719
chr1	770513	770514	32	0.6922
chr1	770545	770546	20	0.7236
chr1	770573	770574	26	0.441
chr1	770602	770603	25	0.5641
chr1	770638	770639	36	0.8179
chr1	770655	770656	29	0.3677
chr1	770672	770673	23	0.496
chr1	770721	770722	29	0.3999
chr1	770726	770727	34	0.596
chr1	770826	770827	25	0.577
chr1	770887	770888	34	0.4482
chr1	770948	770949	31	0.5109
chr1	771048	771049	28	0.3823
chr1	771148	771149	33	0.716
chr1	771248	771249	34	0.7359
chr1	771324	771325	25	0.6144
chr1	771372	771373	29	0.6362
chr1	771402	771403	24	0.7435
chr1	771425	771426	30	0.7512
chr1	771475	771476	28	0.7911
chr1	771497	771498	24	0.8369
chr1	771540	771541	25	0.8847
chr1	771560	771561	33	0.6937
chr1	771595	771596	27	0.7631
chr1	771634	771635	31	0.7229
chr1	771675	771676	34	0.7249
chr1	771694	771695	32	0.7066
chr1	771714	771715	28	0.7162
chr1	771743	771744	37	0.7469
chr1	771765	771766	29	0.6008
chr1	771781	771782	25	0.9243
chr1	771831	771832	21	0.7832
chr1	771879	771880	30	0.8403
chr1	771899	771900	23	0.641
chr1	771919	771920	44	0.7578
chr1	771934	771935	31	0.6303
chr1	771961	771962	34	0.6778
chr1	772061	772062	40	0.6501
chr1	772161	772162	22	0.7574
chr1	772234	772235	33	0.7653
chr1	772334	772335	30	0.6425
chr1	772434	772435	27	0.7175
chr1	772472	772473	26	0.8696
chr1	772495	772496	30	0.8067
chr1	772540	772541	28	0.7521
chr1	772590	772591	25	0.7981
chr1	772606	772607	29	0.6655
chr1	772621	772622	24	0.7796
chr1	772637	772638	37	0.6674
chr1	772676	772677	31	0.7671
chr1	772691	772692	21	0.6328
chr1	772715	772716	33	0.7734
chr1	772765	772766	31	0.7202
chr1	772785	772786	34	0.7584
chr1	772819	772820	24	0.7684
chr1	772858	772859	25	0.7214
chr1	772908	772909	23	0.7009
chr1	772958	772959	23	0.7174
chr1	773008	773009	34	0.9216
chr1	773058	773059	30	0.7747
chr1	773097	773098	24	0.9048
chr1	773154	773155	35	0.7321
chr1	773205	773206	18	0.7004
chr1	773277	773278	38	0.5763
chr1	773377	773378	35	0.7308
chr1	773477	773478	30	0.8305
chr1	773577	773578	28	0.7437
chr1	773677	773678	35	0.776
chr1	773733	773734	33	0.9108
chr1	773794	773795	38	0.1023
chr1	773831	773832	30	0.1313
chr1	773848	773849	33	0.2517
chr1	773888	773889	26	0.1184
chr1	773913	773914	28	0.0244
chr1	773938	773939	34	0.0727
chr1	773963	773964	33	0.0358
chr1	773980	773981	30	0.2038
chr1	774002	774003	30	0.1664
chr1	774038	774039	29	0.1195
chr1	774088	774089	37	0.1751
chr1	774103	774104	26	0.2108
chr1	774153	774154	18	0.145
chr1	774198	774199	25	0.0679
chr1	774216	774217	27	0.048
chr1	774230	774231	34	0.0868
chr1	774284	774285	28	0.1367
chr1	774384	774385	30	0.1648
chr1	774484	774485	29	0.08
chr1	774584	774585	31	0.0837
chr1	774684	774685	33	0.1613
chr1	774696	774697	25	0.0982
chr1	774701	774702	26	0.7336
chr1	774719	774720	30	0.7703
chr1	774742	774743	36	0.7031
chr1	774757	774758	28	0.6091
chr1	774774	774775	39	0.6528
chr1	774803	774804	36	0.6229
chr1	774852	774853	17	0.6405
chr1	774878	774879	31	0.6391
chr1	774902	774903	33	0.6875
chr1	774926	774927	29	0.4849
chr1	774955	774956	22	0.6526
chr1	775005	775006	30	0.6969
chr1	775040	775041	29	0.5617
chr1	775061	775062	32	0.7706
chr1	775087	775088	25	0.5054
chr1	775137	775138	29	0.6806
chr1	775152	775153	28	0.6788
chr1	775170	775171	25	0.5739
chr1	775196	775197	28	0.7333
chr1	775246	775247	32	0.6905
chr1	775285	775286	31	0.5873
chr1	775385	775386	31	0.432
chr1	775485	775486	24	0.8372
chr1	775585	775586	14	0.7527
chr1	775682	775683	28	0.6564
chr1	775782	775783	30	0.6839
chr1	775790	775791	31	0.8129
chr1	775846	775847	25	0.7971
chr1	775878	775879	27	0.6083
chr1	775888	775889	26	0.7065
chr1	775904	775905	30	0.9033
chr1	776080	776081	23	0.6347
chr1	776194	776195	40	0.7008
chr1	776236	776237	31	0.7002
chr1	776274	776275	28	0.8153
chr1	776294	776295	31	0.6409
chr1	776344	776345	29	0.7379
chr1	776394	776395	36	0.7678
chr1	776409	776410	28	0.8216
chr1	776457	776458	23	0.6223
chr1	776475	776476	35	0.5985
chr1	776506	776507	25	0.52
chr1	776543	776544	34	0.7193
chr1	776558	776559	38	0.7765
chr1	776608	776609	32	0.6323
chr1	776658	776659	38	0.6987
chr1	776690	776691	25	0.5737
chr1	776705	776706	27	0.7391
chr1	776736	776737	20	0.5996
chr1	776766	776767	27	0.5152
chr1	776835	776836	25	0.6374
chr1	776934	776935	21	0.7767
chr1	777034	777035	32	0.7064
chr1	777134	777135	29	0.7862
chr1	777203	777204	41	0.6131
chr1	777229	777230	33	0.6731
chr1	777255	777256	24	0.6733
chr1	777277	777278	35	0.1886
chr1	777308	777309	27	0.1173
chr1	777340	777341	27	0.1534
chr1	777355	777356	31	0.2252
chr1	777386	777387	31	0.1373
chr1	777414	777415	36	0.1827
chr1	777431	777432	28	0.375
chr1	777475	777476	28	0.109
chr1	777506	777507	31	0.2023
chr1	777535	777536	37	0.2085
chr1	777550	777551	29	0.1465
chr1	777579	777580	38	0.2307
chr1	777604	777605	23	0.0526
chr1	777638	777639	26	0.3093
chr1	777666	777667	28	0.2918
chr1	777705	777706	25	0.3146
chr1	777729	777730	27	0.3601
chr1	777754	777755	30	0.2333
chr1	777832	777833	23	0.2394
chr1	777932	777933	36	0.2076
chr1	778026	778027	22	0.2539
chr1	778096	778097	30	0.3356
chr1	778196	778197	35	0.2104
chr1	778224	778225	35	0.1808
chr1	778260	778261	26	0.1224
chr1	778280	778281	17	0.2569
chr1	778299	778300	25	0.2213
chr1	778320	778321	37	0.1583
chr1	778349	778350	21	0.0945
chr1	778385	778386	26	0.2331
chr1	778435	778436	30	0.117
chr1	778471	778472	28	0.0
chr1	778492	778493	26	0.1117
chr1	778524	778525	28	0.0872
chr1	778553	778554	29	0.106
chr1	778572	778573	36	0.0667
chr1	778622	778623	33	0.0917
chr1	778638	778639	31	0.1535
chr1	778654	778655	33	0.2798
chr1	778681	778682	19	0.1672
chr1	778715	778716	29	0.242
chr1	778736	778737	24	0.1229
chr1	778764	778765	30	0.2665
chr1	778786	778787	37	0.28
chr1	778805	778806	32	0.3369
chr1	778853	778854	24	0.1392
chr1	778871	778872	32	0.1221
chr1	778971	778972	24	0.102
chr1	779023	779024	23	0.1992
chr1	779123	779124	23	0.171
chr1	779223	779224	30	0.0763
chr1	779276	779277	18	0.2065
chr1	779376	779377	26	0.1958
chr1	779433	779434	27	0.4006
chr1	779482	779483	36	0.0505
chr1	779521	779522	29	0.74
chr1	779571	779572	33	0.7857
chr1	779603	779604	24	0.5915
chr1	779624	779625	28	0.7407
chr1	779642	779643	36	0.7955
chr1	779670	779671	27	0.7053
chr1	779685	779686	24	0.6328
chr1	779715	779716	26	0.9185
chr1	779754	779755	28	0.7039
chr1	779769	779770	45	0.7679
chr1	779811	779812	23	0.8572
chr1	779828	779829	28	0.6918
chr1	779875	779876	20	0.693
chr1	779898	779899	30	0.6441
chr1	779913	779914	30	0.8458
chr1	779963	779964	29	0.663
chr1	779980	779981	33	0.6378
chr1	779994	779995	35	0.8176
chr1	780094	780095	32	0.7019
chr1	780194	780195	30	0.6813
chr1	780264	780265	29	0.893
chr1	780324	780325	28	0.7759
chr1	780383	780384	20	0.7243
chr1	780399	780400	21	0.9048
chr1	780423	780424	20	0.7883
chr1	780431	780432	40	0.1535
chr1	780452	780453	37	0.1499
chr1	780500	780501	18	0.2171
chr1	780522	780523	24	0.0921
chr1	780572	780573	29	0.2996
chr1	780594	780595	34	0.1593
chr1	780644	780645	24	0.277
chr1	780676	780677	35	0.337
chr1	780704	780705	26	0.1655
chr1	780732	780733	36	0.2088
chr1	780782	780783	30	0.2883
chr1	780823	780824	31	0.2344
chr1	780846	780847	34	0.0579
chr1	780862	780863	29	0.0689
chr1	780882	780883	28	0.3337
chr1	780903	780904	34	0.1306
chr1	780917	780918	33	0.0991
chr1	781017	781018	29	0.0013
chr1	781079	781080	24	0.3176
chr1	781179	781180	24	0.2194
chr1	781279	781280	18	0.2685
chr1	781379	781380	32	0.2628
chr1	781395	781396	33	0.1354
chr1	781423	781424	30	0.0826
chr1	781583	781584	28	0.3218
chr1	781655	781656	39	0.0985
chr1	781799	781800	33	0.1436
chr1	781801	781802	33	0.074
chr1	781825	781826	31	0.2244
chr1	781851	781852	35	0.9293
chr1	781871	781872	31	0.726
chr1	781886	781887	28	0.7837
chr1	781912	781913	38	0.8322
chr1	781942	781943	38	0.8716
chr1	781965	781966	29	0.7464
chr1	781980	781981	33	0.6848
chr1	781999	782000	33	0.8004
chr1	782033	782034	29	0.6826
chr1	782083	782084	32	0.7339
chr1	782116	782117	39	0.8849
chr1	782135	782136	35	0.8226
chr1	782185	782186	30	0.7337
chr1	782222	782223	23	0.9923
chr1	782249	782250	28	0.9989
chr1	782287	782288	35	0.8086
chr1	782329	782330	27	1.0
chr1	782350	782351	26	0.8917
chr1	782400	782401	24	0.7585
chr1	782413	782414	29	0.8844
chr1	782489	782490	28	0.905
chr1	782576	782577	26	0.814
chr1	782676	782677	32	0.915
chr1	782762	782763	26	0.8875
chr1	782862	782863	32	0.802
chr1	782921	782922	25	0.7295
chr1	782972	782973	29	0.8599
chr1	782978	782979	21	0.8691
chr1	782998	782999	26	0.6258
chr1	783035	783036	34	0.8705
chr1	783064	783065	25	0.7783
chr1	783091	783092	32	0.8314
chr1	783107	783108	33	0.6837
chr1	783124	783125	35	0.7646
chr1	783153	783154	21	0.7236
chr1	783194	783195	38	0.9095
chr1	783209	783210	30	0.8744
chr1	783256	783257	23	0.7812
chr1	783301	783302	34	0.6022
chr1	783350	783351	30	0.8623
chr1	783388	783389	27	0.7529
chr1	783420	783421	31	0.6434
chr1	783441	783442	31	0.8067
chr1	783473	783474	35	0.7988
chr1	783508	783509	20	0.5266
chr1	783534	783535	36	0.8512
chr1	783564	783565	27	0.7016
chr1	783587	783588	36	0.7094
chr1	783687	783688	29	0.7603
chr1	783787	783788	28	0.8121
chr1	783887	783888	22	0.7912
chr1	783940	783941	32	0.806
chr1	784040	784041	38	0.757
chr1	784044	784045	36	0.6141
chr1	784088	784089	27	0.8225
chr1	784137	784138	31	0.7222
chr1	784162	784163	24	0.6478
chr1	784212	784213	25	0.8437
chr1	784262	784263	32	0.8284
chr1	784309	784310	35	0.8206
chr1	784327	784328	29	0.8093
chr1	784377	784378	27	0.8889
chr1	784412	784413	31	0.8517
chr1	784449	784450	30	0.8366
chr1	784467	784468	35	0.7422
chr1	784497	784498	31	0.6826
chr1	784512	784513	29	0.7361
chr1	784527	784528	28	0.8417
chr1	784542	784543	25	0.687
chr1	784562	784563	30	0.8523
chr1	784577	784578	33	0.7382
chr1	784605	784606	34	0.8096
chr1	784626	784627	24	0.8501
chr1	784695	784696	35	0.8986
chr1	784786	784787	34	0.9536
chr1	784886	784887	28	0.7032
chr1	784954	784955	22	0.8846
chr1	785037	785038	25	0.8403
chr1	785075	785076	27	0.9923
chr1	785089	785090	31	0.728
chr1	785096	785097	35	0.1305
chr1	785146	785147	23	0.1282
chr1	785178	785179	30	0.2528
chr1	785228	785229	24	0.1648
chr1	785260	785261	27	0.0901
chr1	785299	785300	29	0.2032
chr1	785314	785315	33	0.1351
chr1	785364	785365	35	0.1706
chr1	785386	785387	32	0.2768
chr1	785405	785406	21	0.4055
chr1	785420	785421	30	0.1488
chr1	785441	785442	39	0.2028
chr1	785463	785464	33	0.4268
chr1	785504	785505	26	0.2236
chr1	785540	785541	25	0.1839
chr1	785576	785577	31	0.258
chr1	785611	785612	34	0.1161
chr1	785711	785712	24	0.1921
chr1	785811	785812	37	0.2076
chr1	785911	785912	36	0.1383
chr1	785973	785974	31	0.1902
chr1	786073	786074	29	0.1682
chr1	786121	786122	35	0.1073
chr1	786215	786216	35	0.0711
chr1	786255	786256	33	0.174
chr1	786263	786264	29	0.0727
chr1	786349	786350	26	0.171
chr1	786353	786354	26	0.1229
chr1	786375	786376	31	0.0785
chr1	786383	786384	36	0.1501
chr1	786475	786476	27	0.0
chr1	786529	786530	21	0.3008
chr1	786538	786539	33	0.3553
chr1	786576	786577	22	0.2505
chr1	786617	786618	27	0.3623
chr1	786640	786641	30	0.4813
chr1	786683	786684	34	0.4289
chr1	786729	786730	32	0.4705
chr1	786766	786767	32	0.5636
chr1	786816	786817	19	0.2713
chr1	786866	786867	33	0.3167
chr1	786896	786897	20	0.4569
chr1	786922	786923	33	0.4846
chr1	786972	786973	37	0.2492
chr1	786999	787000	36	0.2612
chr1	787004	787005	26	0.5334
chr1	787104	787105	34	0.3256
chr1	787163	787164	24	0.4102
chr1	787213	787214	30	0.3831
chr1	787313	787314	21	0.3402
chr1	787402	787403	34	0.3358
chr1	787450	787451	28	0.652
chr1	787494	787495	38	0.8822
chr1	787548	787549	27	0.6359
chr1	787568	787569	20	0.5823
chr1	787578	787579	34	0.6956
chr1	787608	787609	20	0.62
chr1	787622	787623	32	0.7439
chr1	787702	787703	22	0.6594
chr1	787756	787757	25	0.6222
chr1	787856	787857	30	0.776
chr1	787865	787866	19	0.6127
chr1	787887	787888	34	0.4282
chr1	787907	787908	27	0.8353
chr1	787944	787945	23	0.5744
chr1	787965	787966	30	0.5081
chr1	787997	787998	26	0.6783
chr1	788030	788031	27	0.4678
chr1	788054	788055	25	0.6591
chr1	788104	788105	37	0.3499
chr1	788154	788155	28	0.6609
chr1	788204	788205	34	0.5642
chr1	788226	788227	36	0.4967
chr1	788276	788277	19	0.5187
chr1	788300	788301	28	0.6836
chr1	788320	788321	36	0.486
chr1	788370	788371	33	0.5471
chr1	788421	788422	22	0.5865
chr1	788521	788522	29	0.6282
chr1	788606	788607	18	0.6139
chr1	788656	788657	30	0.5229
chr1	788727	788728	21	0.6419
chr1	788889	788890	35	0.7895
chr1	789001	789002	28	0.8239
chr1	789007	789008	22	0.8379
chr1	789011	789012	23	0.7481
chr1	789071	789072	37	0.7653
chr1	789073	789074	29	0.9305
chr1	789075	789076	34	0.6695
chr1	789165	789166	29	0.8448
chr1	789193	789194	31	0.7579
chr1	789211	789212	29	0.6426
chr1	789255	789256	27	0.6583
chr1	789272	789273	33	0.5763
chr1	789304	789305	33	0.6109
chr1	789331	789332	38	0.6153
chr1	789359	789360	34	0.7297
chr1	789374	789375	30	0.6619
chr1	789407	789408	20	0.6564
chr1	789457	789458	35	0.5631
chr1	789500	789501	26	0.6275
chr1	789525	789526	22	0.6329
chr1	789543	789544	30	0.6065
chr1	789589	789590	26	0.536
chr1	789639	789640	32	0.6022
chr1	789687	789688	37	0.657
chr1	789728	789729	40	0.4775
chr1	789791	789792	30	0.6906
chr1	789841	789842	35	0.552
chr1	789932	789933	28	0.488
chr1	790009	790010	35	0.6786
chr1	790059	790060	32	0.6916
chr1	790159	790160	24	0.643
chr1	790241	790242	26	0.6747
chr1	790265	790266	22	0.7952
chr1	790270	790271	26	0.7051
chr1	790301	790302	23	0.7084
chr1	790318	790319	24	0.7061
chr1	790347	790348	40	0.6313
chr1	790384	790385	24	0.6614
chr1	790404	790405	30	0.5694
chr1	790422	790423	31	0.6697
chr1	790455	790456	29	0.7928
chr1	790471	790472	35	0.6849
chr1	790486	790487	25	0.6129
chr1	790517	790518	26	0.6528
chr1	790555	790556	29	0.6144
chr1	790571	790572	29	0.5992
chr1	790609	790610	25	0.7261
chr1	790659	790660	34	0.6396
chr1	790681	790682	28	0.4374
chr1	790688	790689	32	0.7348
chr1	790738	790739	27	0.6095
chr1	790838	790839	36	0.5418
chr1	790938	790939	26	0.7539
chr1	791038	791039	29	0.6296
chr1	791101	791102	38	0.5385
chr1	791117	791118	36	0.8091
chr1	791205	791206	34	0.6109
chr1	791211	791212	23	0.8769
chr1	791269	791270	30	0.8761
chr1	791289	791290	30	0.8382
chr1	791327	791328	35	0.7019
chr1	791375	791376	38	0.7437
chr1	791403	791404	27	0.6931
chr1	791545	791546	29	0.835
chr1	791595	791596	35	0.6456
chr1	791606	791607	28	0.7977
chr1	791632	791633	22	0.6099
chr1	791665	791666	28	0.7746
chr1	791689	791690	32	0.8282
chr1	791729	791730	33	0.77
chr1	791744	791745	21	0.699
chr1	791759	791760	18	0.7151
chr1	791779	791780	34	0.8957
chr1	791807	791808	35	0.7116
chr1	791827	791828	37	0.8508
chr1	791852	791853	30	0.5802
chr1	791882	791883	19	0.6504
chr1	791912	791913	26	0.6197
chr1	791957	791958	36	0.7215
chr1	791965	791966	28	0.608
chr1	792065	792066	27	0.8597
chr1	792165	792166	26	0.8481
chr1	792265	792266	23	0.8909
chr1	792321	792322	23	0.7085
chr1	792363	792364	27	0.8505
chr1	792389	792390	23	0.6975
chr1	792435	792436	22	0.8745
chr1	792459	792460	23	0.7773
chr1	792490	792491	26	0.6885
chr1	792517	792518	36	0.7751
chr1	792567	792568	29	0.6609
chr1	792600	792601	26	0.7422
chr1	792618	792619	22	0.6101
chr1	792634	792635	35	0.74
chr1	792666	792667	42	0.6541
chr1	792693	792694	34	0.7893
chr1	792733	792734	27	0.612
chr1	792771	792772	26	0.8695
chr1	792820	792821	29	0.6465
chr1	792835	792836	32	0.7371
chr1	792859	792860	31	0.5575
chr1	792887	792888	23	0.6926
chr1	792965	792966	34	0.7092
chr1	793065	793066	29	0.6704
chr1	793162	793163	36	0.7519
chr1	793212	793213	27	0.644
chr1	793312	793313	25	0.8607
chr1	793364	793365	29	0.9621
chr1	793374	793375	31	0.7823
chr1	793403	793404	31	0.8411
chr1	793434	793435	20	0.7431
chr1	793459	793460	30	0.7899
chr1	793499	793500	25	0.7481
chr1	793534	793535	27	0.8555
chr1	793566	793567	27	0.9365
chr1	793599	793600	16	0.8764
chr1	793619	793620	26	0.7567
chr1	793639	793640	30	0.8188
chr1	793661	793662	36	0.8793
chr1	793695	793696	29	0.7364
chr1	793710	793711	23	0.8437
chr1	793756	793757	25	0.7997
chr1	793793	793794	31	0.8009
chr1	793824	793825	23	0.8581
chr1	793874	793875	33	0.9166
chr1	793908	793909	37	0.9205
chr1	793932	793933	24	0.6516
chr1	793982	793983	28	0.8396
chr1	794032	794033	22	0.9144
chr1	794132	794133	38	0.9658
chr1	794201	794202	20	0.8428
chr1	794301	794302	30	0.8429
chr1	794354	794355	36	0.6122
chr1	794454	794455	34	0.7065
chr1	794500	794501	29	0.9089
chr1	794554	794555	33	0.8663
chr1	794592	794593	18	0.5348
chr1	794628	794629	32	0.7613
chr1	794678	794679	33	0.6502
chr1	794699	794700	27	0.6748
chr1	794727	794728	27	0.7639
chr1	794777	794778	29	0.7934
chr1	794802	794803	23	0.9335
chr1	794822	794823	32	0.715
chr1	794861	794862	44	0.7375
chr1	794876	794877	34	0.8187
chr1	794905	794906	29	0.8386
chr1	794931	794932	26	0.8212
chr1	794956	794957	32	0.6005
chr1	794971	794972	33	0.673
chr1	794998	794999	23	0.6395
chr1	795013	795014	37	0.6603
chr1	795030	795031	37	0.7633
chr1	795130	795131	37	0.7457
chr1	795230	795231	27	0.6531
chr1	795308	795309	36	0.6327
chr1	795408	795409	28	0.741
chr1	795440	795441	25	0.6766
chr1	795450	795451	25	0.8248
chr1	795500	795501	32	0.6583
chr1	795519	795520	24	1.0
chr1	795549	795550	29	0.855
chr1	795591	795592	40	0.6798
chr1	795606	795607	25	0.7073
chr1	795632	795633	31	0.7196
chr1	795657	795658	28	0.8445
chr1	795673	795674	33	0.7363
chr1	795696	795697	23	0.8731
chr1	795711	795712	29	0.8105
chr1	795752	795753	34	0.8752
chr1	795786	795787	39	0.8388
chr1	795836	795837	27	1.0
chr1	795867	795868	31	0.7404
chr1	795890	795891	34	0.7351
chr1	795915	795916	32	0.9692
chr1	795944	795945	35	0.7923
chr1	795970	795971	23	0.9194
chr1	796003	796004	29	0.7952
chr1	796066	796067	34	0.8814
chr1	796166	796167	31	0.7783
chr1	796266	796267	37	0.6455
chr1	796366	796367	27	0.7549
chr1	796466	796467	28	0.714
chr1	796525	796526	36	0.567
chr1	796643	796644	25	0.8418
chr1	796673	796674	29	0.6153
chr1	796701	796702	31	0.7089
chr1	796751	796752	31	0.7067
chr1	796790	796791	22	0.5496
chr1	796805	796806	31	0.7639
chr1	796855	796856	27	0.5697
chr1	796893	796894	30	0.58
chr1	796923	796924	31	0.5482
chr1	796973	796974	26	0.6853
chr1	797000	797001	24	0.5794
chr1	797048	797049	27	0.3608
chr1	797066	797067	22	0.6438
chr1	797107	797108	32	0.6254
chr1	797137	797138	28	0.6567
chr1	797170	797171	23	0.6424
chr1	797184	797185	39	0.5371
chr1	797264	797265	23	0.617
chr1	797314	797315	24	0.4847
chr1	797414	797415	36	0.3791
chr1	797464	797465	28	0.7142
chr1	797564	797565	25	0.6029
chr1	797664	797665	37	0.689
chr1	797760	797761	25	0.7941
chr1	797806	797807	40	0.8827
chr1	797825	797826	38	0.7979
chr1	797856	797857	35	0.8418
chr1	797878	797879	24	0.7416
chr1	797893	797894	29	0.6445
chr1	797915	797916	31	0.7272
chr1	797935	797936	25	0.772
chr1	797985	797986	41	0.8108
chr1	798000	798001	29	0.7406
chr1	798050	798051	24	0.7113
chr1	798082	798083	34	0.4963
chr1	798123	798124	27	0.7026
chr1	798164	798165	31	0.6528
chr1	798200	798201	20	0.6654
chr1	798250	798251	28	0.609
chr1	798287	798288	26	0.6378
chr1	798327	798328	25	0.8056
chr1	798344	798345	29	0.7218
chr1	798359	798360	24	0.692
chr1	798365	798366	25	0.7958
chr1	798465	798466	24	0.6309
chr1	798515	798516	26	0.6575
chr1	798615	798616	18	0.8088
chr1	798694	798695	23	0.7695
chr1	798744	798745	30	0.7218
chr1	798844	798845	37	0.7574
chr1	798921	798922	26	0.6506
chr1	799007	799008	32	0.8688
chr1	799039	799040	27	0.8023
chr1	799061	799062	37	0.6042
chr1	799103	799104	26	0.6936
chr1	799135	799136	27	0.7118
chr1	799185	799186	31	0.8077
chr1	799203	799204	36	0.6951
chr1	799228	799229	35	0.7474
chr1	799278	799279	37	0.7926
chr1	799302	799303	25	0.8387
chr1	799352	799353	33	0.8
chr1	799369	799370	19	0.5282
chr1	799384	799385	38	0.5711
chr1	799400	799401	28	0.7394
chr1	799424	799425	35	0.8644
chr1	799445	799446	31	0.7035
chr1	799488	799489	31	0.541
chr1	799489	799490	35	0.5517
chr1	799588	799589	36	0.5642
chr1	799688	799689	28	0.8155
chr1	799762	799763	33	0.6011
chr1	799826	799827	27	0.7599
chr1	799926	799927	33	0.8526
chr1	799974	799975	29	0.8492
chr1	799985	799986	35	0.0557
chr1	800010	800011	34	0.148
chr1	800032	800033	28	0.1274
chr1	800056	800057	27	0.1507
chr1	800074	800075	34	0.1173
chr1	800104	800105	19	0.037
chr1	800134	800135	22	0.2463
chr1	800169	800170	27	0.2249
chr1	800219	800220	35	0.0713
chr1	800237	800238	24	0.0786
chr1	800252	800253	22	0.1115
chr1	800270	800271	40	0.1308
chr1	800292	800293	27	0.1333
chr1	800319	800320	30	0.105
chr1	800335	800336	32	0.2546
chr1	800370	800371	26	0.0491
chr1	800402	800403	21	0.0848
chr1	800447	800448	28	0.0
chr1	800497	800498	31	0.2536
chr1	800531	800532	29	0.0731
chr1	800549	800550	24	0.0398
chr1	800580	800581	31	0.1177
chr1	800595	800596	39	0.1838
chr1	800598	800599	22	0.0185
chr1	800698	800699	21	0.0666
chr1	800798	800799	27	0.0753
chr1	800850	800851	30	0.1542
chr1	800950	800951	26	0.0591
chr1	801050	801051	28	0.1209
chr1	801150	801151	25	0.0
chr1	801158	801159	27	0.1143
chr1	801206	801207	31	0.0923
chr1	801245	801246	35	0.8195
chr1	801260	801261	38	0.8389
chr1	801304	801305	36	0.8089
chr1	801345	801346	19	0.7028
chr1	801360	801361	35	0.6047
chr1	801390	801391	28	0.8687
chr1	801405	801406	31	0.7773
chr1	801451	801452	32	0.8444
chr1	801484	801485	31	0.7568
chr1	801499	801500	28	0.8946
chr1	801523	801524	32	0.616
chr1	801573	801574	31	0.8077
chr1	801617	801618	30	0.7788
chr1	801637	801638	28	0.6754
chr1	801661	801662	32	0.7353
chr1	801711	801712	24	0.6198
chr1	801741	801742	26	0.6763
chr1	801782	801783	31	0.6096
chr1	801796	801797	24	0.7291
chr1	801896	801897	33	0.6101
chr1	801996	801997	25	0.662
chr1	802096	802097	28	0.8884
chr1	802146	802147	30	0.8545
chr1	802246	802247	32	0.882
chr1	802346	802347	33	0.8891
chr1	802354	802355	22	0.7268
chr1	802426	802427	35	0.9837
chr1	802453	802454	36	0.7479
chr1	802472	802473	29	0.757
chr1	802498	802499	27	0.6857
chr1	802548	802549	29	0.6733
chr1	802563	802564	30	0.7869
chr1	802608	802609	31	0.7755
chr1	802623	802624	24	0.8086
chr1	802662	802663	30	0.7806
chr1	802700	802701	28	0.7607
chr1	802719	802720	34	0.829
chr1	802747	802748	39	0.8346
chr1	802797	802798	25	0.9148
chr1	802841	802842	24	0.717
chr1	802868	802869	32	0.7426
chr1	802968	802969	24	0.7561
chr1	803068	803069	35	0.6413
chr1	803168	803169	23	0.7536
chr1	803268	803269	26	0.6824
chr1	803276	803277	33	0.9859
chr1	803286	803287	22	0.6389
chr1	803316	803317	31	0.787
chr1	803336	803337	35	0.6053
chr1	803373	803374	23	0.4957
chr1	803393	803394	28	0.4755
chr1	803433	803434	26	0.5837
chr1	803472	803473	24	0.5275
chr1	803511	803512	25	0.734
chr1	803561	803562	28	0.7232
chr1	803611	803612	32	0.6651
chr1	803656	803657	29	0.5512
chr1	803706	803707	27	0.535
chr1	803731	803732	31	0.6348
chr1	803746	803747	31	0.7503
chr1	803762	803763	32	0.5823
chr1	803862	803863	28	0.646
chr1	803955	803956	29	0.6945
chr1	804035	804036	33	0.685
chr1	804135	804136	26	0.4935
chr1	804235	804236	35	0.5934
chr1	804271	804272	36	0.8971
chr1	804339	804340	21	0.6751
chr1	804407	804408	26	0.7221
chr1	804469	804470	33	0.7965
chr1	804501	804502	31	0.8552
chr1	804507	804508	26	0.636
chr1	804523	804524	33	0.8359
chr1	804575	804576	28	0.6161
chr1	804689	804690	37	0.8219
chr1	804702	804703	28	0.6654
chr1	804723	804724	39	0.7775
chr1	804757	804758	34	0.6702
chr1	804788	804789	30	0.8023
chr1	804838	804839	27	0.9768
chr1	804866	804867	28	0.6503
chr1	804888	804889	25	0.9045
chr1	804929	804930	32	0.8064
chr1	804979	804980	32	0.772
chr1	804999	805000	40	0.8016
chr1	805049	805050	27	0.9344
chr1	805064	805065	21	0.6665
chr1	805110	805111	25	0.8834
chr1	805138	805139	29	0.9108
chr1	805156	805157	37	0.8906
chr1	805232	805233	27	0.7859
chr1	805332	805333	31	0.7533
chr1	805382	805383	26	0.9682
chr1	805432	805433	28	0.7649
chr1	805519	805520	38	0.6493
chr1	805692	805693	32	0.9283
chr1	805698	805699	33	0.5053
chr1	805748	805749	29	0.3071
chr1	805763	805764	26	0.4786
chr1	805784	805785	33	0.491
chr1	805833	805834	22	0.5815
chr1	805853	805854	36	0.4669
chr1	805881	805882	31	0.5429
chr1	805924	805925	29	0.4928
chr1	805965	805966	27	0.5027
chr1	806015	806016	20	0.4383
chr1	806062	806063	27	0.5454
chr1	806112	806113	25	0.4089
chr1	806148	806149	23	0.7181
chr1	806185	806186	34	0.3623
chr1	806231	806232	27	0.5346
chr1	806284	806285	23	0.5445
chr1	806384	806385	36	0.5865
chr1	806484	806485	32	0.4935
chr1	806584	806585	27	0.4213
chr1	806661	806662	29	0.3905
chr1	806761	806762	30	0.3833
chr1	806775	806776	36	0.7151
chr1	806911	806912	20	0.78
chr1	806925	806926	27	0.6853
chr1	806929	806930	42	0.4656
chr1	806989	806990	28	0.5511
chr1	807077	807078	31	0.7146
chr1	807093	807094	37	0.6673
chr1	807127	807128	35	0.5931
chr1	807249	807250	21	0.6811
chr1	807286	807287	26	0.9999
chr1	807329	807330	20	0.7736
chr1	807356	807357	28	0.7457
chr1	807401	807402	22	0.8284
chr1	807427	807428	31	0.7683
chr1	807455	807456	34	1.0
chr1	807472	807473	34	0.922
chr1	807487	807488	32	0.7169
chr1	807502	807503	26	0.888
chr1	807517	807518	33	0.9122
chr1	807546	807547	20	0.8363
chr1	807561	807562	23	0.9576
chr1	807611	807612	26	0.9011
chr1	807626	807627	36	0.8839
chr1	807660	807661	18	0.8083
chr1	807699	807700	32	1.0
chr1	807736	807737	23	0.8915
chr1	807836	807837	29	0.9153
chr1	807930	807931	34	0.9058
chr1	807980	807981	22	0.8879
chr1	808080	808081	42	0.7469
chr1	808147	808148	18	0.8865
chr1	808151	808152	38	0.8053
chr1	808247	808248	33	0.9762
chr1	808297	808298	25	0.5206
chr1	808312	808313	30	0.5409
chr1	808327	808328	31	0.5965
chr1	808359	808360	19	0.6644
chr1	808376	808377	24	0.7789
chr1	808393	808394	31	0.8037
chr1	808412	808413	23	0.7662
chr1	808462	808463	30	0.7527
chr1	808484	808485	29	0.6732
chr1	808523	808524	31	0.6876
chr1	808538	808539	30	0.7024
chr1	808588	808589	28	0.7247
chr1	808609	808610	35	0.7576
chr1	808636	808637	30	0.7353
chr1	808680	808681	30	0.7292
chr1	808695	808696	34	0.7112
chr1	808720	808721	30	0.6045
chr1	808743	808744	21	0.5637
chr1	808768	808769	35	0.8366
chr1	808783	808784	32	0.5913
chr1	808796	808797	24	0.7703
chr1	808846	808847	26	0.6652
chr1	808946	808947	33	0.7092
chr1	809046	809047	33	0.6618
chr1	809146	809147	29	0.7478
chr1	809213	809214	25	0.682
chr1	809263	809264	31	0.7325
chr1	809315	809316	21	0.7427
chr1	809363	809364	26	0.5554
chr1	809384	809385	30	0.3009
chr1	809402	809403	35	0.2082
chr1	809435	809436	32	0.2969
chr1	809457	809458	32	0.324
chr1	809507	809508	16	0.2417
chr1	809551	809552	31	0.1641
chr1	809566	809567	31	0.5255
chr1	809616	809617	29	0.3778
chr1	809634	809635	32	0.4426
chr1	809662	809663	30	0.44
chr1	809695	809696	36	0.4874
chr1	809727	809728	30	0.202
chr1	809776	809777	33	0.5302
chr1	809812	809813	35	0.2456
chr1	809827	809828	37	0.5006
chr1	809877	809878	33	0.2813
chr1	809906	809907	27	0.3404
chr1	810006	810007	23	0.4366
chr1	810056	810057	20	0.3733
chr1	810156	810157	31	0.2577
chr1	810241	810242	32	0.4396
chr1	810341	810342	28	0.3223
chr1	810423	810424	23	0.2258
chr1	810477	810478	30	0.0453
chr1	810510	810511	34	0.6696
chr1	810537	810538	34	0.5467
chr1	810553	810554	24	0.6846
chr1	810601	810602	27	0.6458
chr1	810651	810652	32	0.7599
chr1	810675	810676	36	0.6422
chr1	810693	810694	24	0.7109
chr1	810719	810720	36	0.6619
chr1	810750	810751	33	0.807
chr1	810777	810778	21	0.8423
chr1	810800	810801	29	0.6378
chr1	810836	810837	24	0.7062
chr1	810858	810859	28	0.6845
chr1	810908	810909	29	0.8093
chr1	810923	810924	24	0.5394
chr1	810965	810966	29	0.7407
chr1	811013	811014	30	0.5641
chr1	811044	811045	24	0.7879
chr1	811045	811046	32	0.6786
chr1	811145	811146	31	0.6731
chr1	811245	811246	26	0.5613
chr1	811303	811304	21	0.7806
chr1	811353	811354	28	0.6464
chr1	811453	811454	30	0.6041
chr1	811503	811504	31	0.5572
chr1	811559	811560	36	0.5622
chr1	811565	811566	27	0.7454
chr1	811602	811603	30	0.053
chr1	811650	811651	19	0.088
chr1	811681	811682	26	0.5243
chr1	811711	811712	38	0.5338
chr1	811726	811727	35	0.7544
chr1	811753	811754	23	0.5814
chr1	811802	811803	25	0.2996
chr1	811832	811833	29	0.256
chr1	811857	811858	33	0.7782
chr1	811894	811895	33	0.042
chr1	811911	811912	30	0.212
chr1	811928	811929	33	0.077
chr1	811958	811959	31	0.92
chr1	811996	811997	31	0.6171
chr1	812014	812015	33	0.09
chr1	812032	812033	23	0.2652
chr1	812044	812045	28	0.3879
chr1	812144	812145	28	0.178
chr1	812244	812245	18	0.209
chr1	812344	812345	33	0.8846
chr1	812394	812395	29	0.3334
chr1	812451	812452	25	0.6419
chr1	812487	812488	21	1.0
chr1	812519	812520	47	0.913
chr1	812557	812558	32	0.8796
chr1	812596	812597	32	0.7646
chr1	812621	812622	28	0.7875
chr1	812668	812669	34	0.738
chr1	812699	812700	21	0.8501
chr1	812720	812721	28	1.0
chr1	812735	812736	31	0.7934
chr1	812760	812761	36	0.6198
chr1	812779	812780	27	0.7355
chr1	812797	812798	23	0.7222
chr1	812839	812840	34	0.9642
chr1	812889	812890	33	0.7792
chr1	812906	812907	31	0.7341
chr1	812931	812932	20	0.8622
chr1	812962	812963	28	0.7138
chr1	812978	812979	27	0.8164
chr1	813028	813029	31	0.7461
chr1	813050	813051	35	0.7996
chr1	813076	813077	24	0.7868
chr1	813173	813174	30	0.8829
chr1	813273	813274	39	0.7537
chr1	813368	813369	30	0.7191
chr1	813465	813466	31	0.7962
chr1	813565	813566	27	0.8517
chr1	813591	813592	36	0.7713
chr1	813631	813632	27	0.6621
chr1	813679	813680	28	0.6882
chr1	813729	813730	26	0.921
chr1	813765	813766	28	0.818
chr1	813807	813808	25	0.8201
chr1	813824	813825	36	0.7252
chr1	813868	813869	33	0.7914
chr1	813886	813887	31	0.9537
chr1	813901	813902	15	0.6512
chr1	813923	813924	30	0.6749
chr1	813944	813945	30	0.5866
chr1	813984	813985	26	0.633
chr1	813999	814000	25	0.7016
chr1	814021	814022	31	0.7592
chr1	814036	814037	29	0.8669
chr1	814062	814063	29	0.6887
chr1	814102	814103	20	0.7732
chr1	814152	814153	29	0.7004
chr1	814202	814203	32	0.8631
chr1	814229	814230	31	0.9249
chr1	814250	814251	29	0.8605
chr1	814350	814351	29	0.8453
chr1	814450	814451	26	0.6398
chr1	814500	814501	24	0.5224
chr1	814550	814551	35	0.7465
chr1	814650	814651	35	0.7905
chr1	814750	814751	28	0.9896
chr1	814788	814789	17	0.6133
chr1	814850	814851	29	0.63
chr1	814894	814895	35	0.914
chr1	814928	814929	28	0.7326
chr1	814978	814979	24	0.7106
chr1	815004	815005	19	0.6614
chr1	815024	815025	24	0.5908
chr1	815040	815041	22	0.6575
chr1	815055	815056	30	0.6805
chr1	815084	815085	34	0.7898
chr1	815099	815100	27	0.6843
chr1	815114	815115	33	0.7269
chr1	815142	815143	25	0.8635
chr1	815184	815185	31	0.5784
chr1	815219	815220	36	0.739
chr1	815269	815270	35	0.7109
chr1	815284	815285	27	0.5346
chr1	815304	815305	26	0.6148
chr1	815366	815367	38	0.7465
chr1	815466	815467	23	0.6916
chr1	815566	815567	31	0.6622
chr1	815616	815617	29	0.6941
chr1	815658	815659	24	0.7708
chr1	815681	815682	29	0.7233
chr1	815713	815714	30	0.7193
chr1	815741	815742	25	0.4211
chr1	815791	815792	28	0.6638
chr1	815841	815842	31	0.7063
chr1	815856	815857	25	0.646
chr1	815906	815907	25	0.7593
chr1	815927	815928	24	0.4901
chr1	815949	815950	32	0.7435
chr1	815970	815971	22	0.6109
chr1	815988	815989	28	0.7721
chr1	816038	816039	29	0.6481
chr1	816056	816057	30	0.7243
chr1	816088	816089	22	0.5407
chr1	816138	816139	30	0.5822
chr1	816170	816171	26	0.5195
chr1	816213	816214	33	0.5513
chr1	816231	816232	24	0.5556
chr1	816331	816332	33	0.6023
chr1	816431	816432	39	0.342
chr1	816481	816482	44	0.6042
chr1	816581	816582	28	0.7895
chr1	816643	816644	30	0.4985
chr1	816693	816694	26	0.5537
chr1	816757	816758	34	0.65
chr1	816781	816782	28	0.6409
chr1	816800	816801	25	0.6577
chr1	816839	816840	30	0.8229
chr1	816862	816863	32	0.6439
chr1	816912	816913	39	0.806
chr1	816942	816943	27	0.4744
chr1	816987	816988	41	0.6922
chr1	817009	817010	25	0.5421
chr1	817024	817025	33	0.699
chr1	817067	817068	26	0.6655
chr1	817113	817114	27	0.7776
chr1	817163	817164	28	0.6913
chr1	817202	817203	34	0.8314
chr1	817247	817248	33	0.7295
chr1	817260	817261	23	0.6839
chr1	817343	817344	27	0.6613
chr1	817395	817396	32	0.5548
chr1	817495	817496	25	0.6242
chr1	817595	817596	26	0.6196
chr1	817652	817653	22	0.6197
chr1	817728	817729	27	0.8119
chr1	817737	817738	29	0.6264
chr1	817787	817788	25	0.6465
chr1	817837	817838	30	0.4326
chr1	817852	817853	29	0.6632
chr1	817900	817901	34	0.6706
chr1	817915	817916	38	0.5444
chr1	817954	817955	37	0.7003
chr1	817969	817970	33	0.7404
chr1	818004	818005	35	0.6335
chr1	818026	818027	29	0.6608
chr1	818048	818049	32	0.7234
chr1	818098	818099	27	0.7083
chr1	818130	818131	36	0.5836
chr1	818159	818160	31	0.6416
chr1	818177	818178	34	0.6485
chr1	818277	818278	31	0.9176
chr1	818351	818352	29	0.6044
chr1	818451	818452	32	0.8034
chr1	818528	818529	31	0.5012
chr1	818630	818631	30	0.8759
chr1	818686	818687	25	0.8705
chr1	818688	818689	28	0.7856
chr1	818742	818743	20	0.9276
chr1	818792	818793	35	1.0
chr1	818800	818801	33	0.7135
chr1	818950	818951	25	0.887
chr1	818982	818983	26	0.6192
chr1	818990	818991	28	0.7433
chr1	819000	819001	31	0.6084
chr1	819014	819015	28	0.6707
chr1	819053	819054	27	0.7783
chr1	819090	819091	29	0.5707
chr1	819123	819124	29	0.7553
chr1	819158	819159	23	0.7843
chr1	819197	819198	25	0.594
chr1	819212	819213	26	0.6193
chr1	819262	819263	29	0.6304
chr1	819278	819279	29	0.8104
chr1	819311	819312	21	0.6091
chr1	819343	819344	27	0.6866
chr1	819363	819364	27	0.5406
chr1	819397	819398	28	0.5268
chr1	819446	819447	20	0.6215
chr1	819461	819462	28	0.7277
chr1	819485	819486	28	0.6907
chr1	819518	819519	31	0.7515
chr1	819540	819541	27	0.791
chr1	819545	819546	31	0.7299
chr1	819629	819630	27	0.7647
chr1	819724	819725	38	0.8632
chr1	819824	819825	24	0.7945
chr1	819924	819925	19	0.8117
chr1	819979	819980	35	0.5659
chr1	820067	820068	25	0.5074
chr1	820083	820084	32	0.7404
chr1	820123	820124	30	0.7118
chr1	820173	820174	42	0.7794
chr1	820223	820224	27	0.9055
chr1	820273	820274	23	0.8297
chr1	820288	820289	36	0.9475
chr1	820324	820325	31	0.7238
chr1	820341	820342	31	0.8928
chr1	820368	820369	25	0.8581
chr1	820392	820393	23	0.8237
chr1	820414	820415	34	0.8446
chr1	820456	820457	33	1.0
chr1	820478	820479	26	0.8722
chr1	820501	820502	33	0.7985
chr1	820551	820552	34	0.7535
chr1	820566	820567	23	0.8865
chr1	820596	820597	21	0.8015
chr1	820633	820634	35	0.962
chr1	820648	820649	34	0.8116
chr1	820748	820749	29	0.8528
chr1	820848	820849	25	0.9032
chr1	820948	820949	36	0.9703
chr1	821048	821049	29	0.9463
chr1	821133	821134	21	0.8523
chr1	821215	821216	26	0.9542
chr1	821222	821223	35	0.6966
chr1	821269	821270	31	0.656
chr1	821319	821320	25	0.5561
chr1	821369	821370	21	0.5806
chr1	821419	821420	37	0.5693
chr1	821444	821445	41	0.6699
chr1	821472	821473	24	0.5509
chr1	821522	821523	38	0.3648
chr1	821548	821549	20	0.5531
chr1	821598	821599	34	0.5341
chr1	821640	821641	37	0.7091
chr1	821689	821690	32	0.6727
chr1	821704	821705	34	0.6946
chr1	821719	821720	30	0.6686
chr1	821746	821747	36	0.6266
chr1	821784	821785	25	0.6095
chr1	821801	821802	31	0.667
chr1	821809	821810	32	0.6499
chr1	821888	821889	27	0.7984
chr1	821938	821939	39	0.6505
chr1	821988	821989	32	0.5132
chr1	822088	822089	25	0.6158
chr1	822188	822189	23	0.6579
chr1	822258	822259	23	0.4307
chr1	822354	822355	32	0.6625
chr1	822380	822381	27	0.8416
chr1	822426	822427	24	0.9139
chr1	822476	822477	34	0.6654
chr1	822478	822479	29	0.4914
chr1	822534	822535	30	0.8137
chr1	822564	822565	27	0.65
chr1	822594	822595	27	0.7235
chr1	822730	822731	26	0.6731
chr1	822762	822763	27	0.9321
chr1	822767	822768	29	0.8665
chr1	822800	822801	38	0.8003
chr1	822827	822828	22	0.9497
chr1	822877	822878	31	0.8927
chr1	822927	822928	28	0.7501
chr1	822944	822945	29	0.5673
chr1	822991	822992	19	0.6172
chr1	823022	823023	30	0.6522
chr1	823072	823073	31	0.5936
chr1	823122	823123	31	0.713
chr1	823142	823143	36	0.6741
chr1	823163	823164	32	0.6307
chr1	823194	823195	34	0.5996
chr1	823230	823231	38	0.7962
chr1	823248	823249	28	0.4495
chr1	823320	823321	39	0.7889
chr1	823370	823371	27	0.7137
chr1	823470	823471	21	0.9843
chr1	823570	823571	31	0.6464
chr1	823670	823671	26	0.7334
chr1	823712	823713	33	0.8957
chr1	823900	823901	26	0.7116
chr1	823978	823979	18	0.9543
chr1	824018	824019	31	0.817
chr1	824024	824025	29	0.8719
chr1	824092	824093	35	0.7163
chr1	824127	824128	28	0.5954
chr1	824148	824149	32	0.5415
chr1	824182	824183	33	0.4568
chr1	824201	824202	35	0.7998
chr1	824216	824217	39	0.6216
chr1	824238	824239	35	0.7873
chr1	824255	824256	36	0.6912
chr1	824293	824294	26	0.6014
chr1	824321	824322	31	0.6321
chr1	824338	824339	34	0.7012
chr1	824370	824371	36	0.7151
chr1	824420	824421	33	0.5467
chr1	824456	824457	33	0.6103
chr1	824506	824507	30	0.7353
chr1	824531	824532	23	0.7911
chr1	824631	824632	17	0.6915
chr1	824730	824731	30	0.9021
chr1	824826	824827	38	0.4735
chr1	824880	824881	24	0.5159
chr1	824886	824887	31	0.7506
chr1	824936	824937	23	0.0923
chr1	824970	824971	28	0.1048
chr1	824999	825000	31	0.0328
chr1	825033	825034	30	0.1262
chr1	825083	825084	30	0.044
chr1	825108	825109	34	0.1813
chr1	825138	825139	25	0.1322
chr1	825170	825171	35	0.2409
chr1	825186	825187	21	0.1822
chr1	825207	825208	27	0.1005
chr1	825222	825223	32	0.1358
chr1	825268	825269	27	0.1632
chr1	825305	825306	24	0.1701
chr1	825320	825321	23	0.1501
chr1	825370	825371	37	0.0259
chr1	825388	825389	27	0.106
chr1	825407	825408	36	0.0627
chr1	825428	825429	26	0.1659
chr1	825528	825529	26	0.0734
chr1	825628	825629	32	0.3264
chr1	825728	825729	34	0.1475
chr1	825786	825787	35	0.2749
chr1	825844	825845	28	0.0307
chr1	825894	825895	24	0.1807
chr1	825916	825917	28	0.2269
chr1	825944	825945	22	0.0424
chr1	825949	825950	27	0.5253
chr1	825977	825978	26	0.6477
chr1	825994	825995	28	0.6137
chr1	826016	826017	30	0.6157
chr1	826046	826047	38	0.797
chr1	826085	826086	30	0.6815
chr1	826135	826136	34	0.7137
chr1	826163	826164	29	0.4723
chr1	826189	826190	24	0.5145
chr1	826232	826233	31	0.5723
chr1	826249	826250	37	0.5508
chr1	826283	826284	36	0.6933
chr1	826305	826306	36	0.6563
chr1	826355	826356	23	0.7452
chr1	826381	826382	24	0.702
chr1	826431	826432	29	0.5812
chr1	826440	826441	33	0.7683
chr1	826490	826491	29	0.6418
chr1	826590	826591	33	0.6746
chr1	826640	826641	27	0.6079
chr1	826731	826732	32	0.6706
chr1	826831	826832	32	0.6357
chr1	826931	826932	34	0.6295
chr1	826987	826988	33	0.8474
chr1	827003	827004	26	0.7922
chr1	827005	827006	33	0.7677
chr1	827011	827012	31	0.4876
chr1	827023	827024	22	0.7703
chr1	827073	827074	27	0.8167
chr1	827095	827096	40	0.8826
chr1	827251	827252	31	0.9598
chr1	827349	827350	35	0.6853
chr1	827383	827384	35	0.8881
chr1	827395	827396	19	0.677
chr1	827433	827434	24	0.6044
chr1	827465	827466	28	0.4826
chr1	827493	827494	28	0.4804
chr1	827543	827544	29	0.6696
chr1	827569	827570	32	0.651
chr1	827584	827585	22	0.619
chr1	827608	827609	24	0.5133
chr1	827643	827644	37	0.7104
chr1	827672	827673	28	0.4964
chr1	827695	827696	32	0.4474
chr1	827710	827711	26	0.6718
chr1	827733	827734	31	0.5653
chr1	827759	827760	26	0.7578
chr1	827774	827775	15	0.6263
chr1	827797	827798	32	0.5286
chr1	827823	827824	25	0.4572
chr1	827859	827860	37	0.6268
chr1	827875	827876	29	0.6603
chr1	827882	827883	37	0.547
chr1	827932	827933	32	0.7675
chr1	828032	828033	26	0.7429
chr1	828082	828083	28	0.55
chr1	828182	828183	22	0.5332
chr1	828282	828283	27	0.6739
chr1	828332	828333	33	0.5978
chr1	828370	828371	39	0.5857
chr1	828428	828429	25	0.7861
chr1	828451	828452	29	0.7005
chr1	828496	828497	35	0.8074
chr1	828526	828527	33	0.6197
chr1	828563	828564	28	0.6972
chr1	828578	828579	25	0.5637
chr1	828607	828608	32	0.7381
chr1	828632	828633	23	0.8889
chr1	828647	828648	30	0.6776
chr1	828678	828679	29	0.6882
chr1	828716	828717	30	0.8667
chr1	828733	828734	27	0.7521
chr1	828777	828778	23	0.7645
chr1	828794	828795	29	0.6686
chr1	828844	828845	30	0.7714
chr1	828870	828871	35	0.5782
chr1	828917	828918	35	0.7694
chr1	828947	828948	28	0.7763
chr1	828962	828963	26	0.6643
chr1	828987	828988	23	0.6663
chr1	829037	829038	29	0.6564
chr1	829113	829114	30	0.7758
chr1	829192	829193	26	0.6445
chr1	829242	829243	31	0.7234
chr1	829342	829343	26	0.7594
chr1	829418	829419	23	0.7368
chr1	829518	829519	23	0.7371
chr1	829552	829553	31	0.819
chr1	829583	829584	25	0.654
chr1	829601	829602	34	0.6519
chr1	829639	829640	22	0.7265
chr1	829678	829679	26	0.647
chr1	829712	829713	36	0.624
chr1	829738	829739	36	0.6754
chr1	829788	829789	20	0.6073
chr1	829838	829839	31	0.6029
chr1	829861	829862	24	0.7792
chr1	829895	829896	30	0.6806
chr1	829932	829933	27	0.6208
chr1	829963	829964	29	0.6075
chr1	830000	830001	23	0.6017
chr1	830028	830029	32	0.7993
chr1	830046	830047	20	0.5922
chr1	830061	830062	30	0.7039
chr1	830101	830102	28	0.7454
chr1	830127	830128	31	0.7024
chr1	830144	830145	27	0.7188
chr1	830244	830245	35	0.7611
chr1	830299	830300	29	0.7681
chr1	830361	830362	32	0.7072
chr1	830461	830462	24	0.8595
chr1	830551	830552	37	0.6583
chr1	830651	830652	33	0.5439
chr1	830699	830700	33	0.7514
chr1	830715	830716	22	0.5821
chr1	830750	830751	32	0.5059
chr1	830765	830766	32	0.5166
chr1	830788	830789	31	0.6366
chr1	830838	830839	41	0.552
chr1	830863	830864	25	0.6115
chr1	830886	830887	25	0.5847
chr1	830936	830937	24	0.5682
chr1	830951	830952	30	0.5495
chr1	830998	830999	30	0.6633
chr1	831020	831021	19	0.7298
chr1	831038	831039	42	0.7972
chr1	831065	831066	32	0.7029
chr1	831085	831086	25	0.6415
chr1	831115	831116	28	0.6524
chr1	831136	831137	24	0.5919
chr1	831160	831161	28	0.7063
chr1	831210	831211	27	0.6517
chr1	831242	831243	28	0.637
chr1	831262	831263	31	0.561
chr1	831289	831290	28	0.6419
chr1	831305	831306	26	0.55
chr1	831398	831399	27	0.5085
chr1	831455	831456	34	0.5812
chr1	831555	831556	27	0.7161
chr1	831609	831610	34	0.6673
chr1	831709	831710	33	0.6323
chr1	831760	831761	29	0.6032
chr1	831860	831861	21	0.4363
chr1	831940	831941	22	0.674
chr1	831945	831946	26	0.6812
chr1	831982	831983	24	0.801
chr1	832017	832018	27	0.8042
chr1	832037	832038	30	0.6706
chr1	832085	832086	38	0.6556
chr1	832114	832115	33	0.6263
chr1	832148	832149	37	0.6876
chr1	832178	832179	34	0.6131
chr1	832197	832198	41	0.7944
chr1	832217	832218	30	0.679
chr1	832245	832246	29	0.6406
chr1	832280	832281	25	0.7701
chr1	832295	832296	20	0.695
chr1	832325	832326	31	0.5818
chr1	832340	832341	28	0.8672
chr1	832375	832376	33	0.5865
chr1	832411	832412	25	0.6691
chr1	832418	832419	29	0.7082
chr1	832518	832519	27	0.7144
chr1	832585	832586	24	0.8061
chr1	832649	832650	32	0.6218
chr1	832699	832700	35	0.781
chr1	832799	832800	25	0.8017
chr1	832815	832816	27	0.8971
chr1	832927	832928	22	0.9799
chr1	832959	832960	16	0.9461
chr1	832987	832988	26	0.8252
chr1	832991	832992	33	0.9619
chr1	833097	833098	30	0.9616
chr1	833109	833110	15	0.7845
chr1	833165	833166	37	0.7425
chr1	833239	833240	29	0.9638
chr1	833279	833280	31	0.8427
chr1	833296	833297	33	0.9509
chr1	833333	833334	28	0.7589
chr1	833392	833393	42	0.8322
chr1	833431	833432	28	0.8507
chr1	833462	833463	37	0.8748
chr1	833488	833489	25	0.7593
chr1	833503	833504	37	0.8905
chr1	833519	833520	30	0.6817
chr1	833545	833546	26	0.7527
chr1	833582	833583	29	0.8845
chr1	833603	833604	37	0.9957
chr1	833640	833641	38	0.9128
chr1	833681	833682	27	0.7735
chr1	833709	833710	22	0.8416
chr1	833747	833748	36	0.8884
chr1	833841	833842	28	0.8232
chr1	833941	833942	26	0.73
chr1	834041	834042	33	0.795
chr1	834118	834119	27	0.8229
chr1	834144	834145	19	0.8843
chr1	834153	834154	32	0.2589
chr1	834168	834169	32	0.2658
chr1	834206	834207	27	0.3045
chr1	834232	834233	41	0.3625
chr1	834259	834260	31	0.3121
chr1	834309	834310	27	0.3938
chr1	834347	834348	26	0.2556
chr1	834372	834373	28	0.2863
chr1	834422	834423	26	0.2818
chr1	834453	834454	26	0.2672
chr1	834473	834474	33	0.3943
chr1	834491	834492	34	0.3209
chr1	834506	834507	19	0.3325
chr1	834526	834527	23	0.2518
chr1	834562	834563	26	0.1401
chr1	834614	834615	35	0.444
chr1	834714	834715	27	0.4126
chr1	834814	834815	26	0.259
chr1	834914	834915	26	0.2378
chr1	834936	834937	37	0.2055
chr1	834942	834943	40	0.0
chr1	835018	835019	25	0.1627
chr1	835022	835023	29	0.031
chr1	835066	835067	31	0.0335
chr1	835084	835085	24	0.0727
chr1	835234	835235	35	0.0256
chr1	835332	835333	21	0.0
chr1	835354	835355	28	0.0
chr1	835402	835403	34	0.1186
chr1	835444	835445	42	0.5802
chr1	835465	835466	25	0.5609
chr1	835515	835516	29	0.6621
chr1	835531	835532	33	0.5828
chr1	835555	835556	34	0.6028
chr1	835586	835587	29	0.4807
chr1	835614	835615	25	0.6128
chr1	835657	835658	33	0.5027
chr1	835707	835708	35	0.5592
chr1	835755	835756	32	0.6569
chr1	835805	835806	35	0.6727
chr1	835842	835843	35	0.6013
chr1	835892	835893	44	0.7564
chr1	835934	835935	29	0.6969
chr1	835955	835956	27	0.7848
chr1	836055	836056	35	0.7067
chr1	836155	836156	30	0.6607
chr1	836255	836256	37	0.4408
chr1	836355	836356	24	0.4112
chr1	836455	836456	25	0.6263
chr1	836481	836482	25	0.6686
chr1	836543	836544	27	0.8195
chr1	836552	836553	24	0.6992
chr1	836596	836597	28	0.5488
chr1	836623	836624	26	0.6885
chr1	836648	836649	35	0.7906
chr1	836698	836699	33	0.71
chr1	836729	836730	38	0.7032
chr1	836773	836774	31	0.6418
chr1	836791	836792	29	0.7965
chr1	836806	836807	29	0.6349
chr1	836856	836857	27	0.7736
chr1	836888	836889	34	0.6927
chr1	836922	836923	24	0.6683
chr1	836937	836938	32	0.7814
chr1	836987	836988	39	0.6958
chr1	836991	836992	33	0.7956
chr1	837085	837086	29	0.7598
chr1	837185	837186	29	0.7783
chr1	837285	837286	29	0.6709
chr1	837343	837344	26	0.6564
chr1	837393	837394	32	0.9722
chr1	837593	837594	30	0.9889
chr1	837695	837696	32	0.7409
chr1	837737	837738	40	0.8516
chr1	837805	837806	30	0.8261
chr1	837842	837843	27	0.2422
chr1	837892	837893	26	0.2099
chr1	837914	837915	29	0.2691
chr1	837950	837951	17	0.2122
chr1	837965	837966	33	0.0947
chr1	837982	837983	38	0.1974
chr1	838025	838026	27	0.2622
chr1	838075	838076	36	0.2135
chr1	838108	838109	36	0.1451
chr1	838155	838156	38	0.3056
chr1	838184	838185	35	0.2464
chr1	838217	838218	44	0.1482
chr1	838232	838233	22	0.3172
chr1	838274	838275	28	0.2759
chr1	838374	838375	24	0.1874
chr1	838474	838475	28	0.1586
chr1	838544	838545	28	0.2595
chr1	838594	838595	30	0.1235
chr1	838687	838688	32	0.2102
chr1	838717	838718	42	0.0851
chr1	838725	838726	29	0.5535
chr1	838741	838742	29	0.2871
chr1	838756	838757	31	0.3373
chr1	838806	838807	30	0.3957
chr1	838833	838834	28	0.2495
chr1	838865	838866	29	0.3649
chr1	838886	838887	33	0.2837
chr1	838922	838923	29	0.2402
chr1	838972	838973	32	0.3441
chr1	839005	839006	36	0.3288
chr1	839038	839039	33	0.2955
chr1	839088	839089	35	0.1873
chr1	839117	839118	33	0.2381
chr1	839151	839152	26	0.376
chr1	839201	839202	25	0.3307
chr1	839216	839217	21	0.2632
chr1	839218	839219	24	0.2441
chr1	839268	839269	27	0.1015
chr1	839362	839363	25	0.4638
chr1	839462	839463	31	0.3757
chr1	839562	839563	29	0.3722
chr1	839642	839643	21	0.4072
chr1	839790	839791	23	0.2794
chr1	839816	839817	37	0.0641
chr1	839836	839837	28	0.3709
chr1	839906	839907	26	0.1778
chr1	840034	840035	34	0.0
chr1	840064	840065	27	0.1852
chr1	840091	840092	25	0.1184
chr1	840116	840117	33	0.2613
chr1	840141	840142	24	0.2089
chr1	840156	840157	30	0.2252
chr1	840206	840207	32	0.2229
chr1	840248	840249	19	0.1904
chr1	840275	840276	26	0.2625
chr1	840301	840302	25	0.3811
chr1	840342	840343	25	0.2107
chr1	840364	840365	26	0.2061
chr1	840382	840383	21	0.2441
chr1	840411	840412	32	0.1645
chr1	840428	840429	38	0.1295
chr1	840445	840446	31	0.2615
chr1	840474	840475	27	0.3584
chr1	840495	840496	20	0.3249
chr1	840542	840543	29	0.1696
chr1	840570	840571	22	0.2078
chr1	840589	840590	24	0.2839
chr1	840602	840603	31	0.3152
chr1	840702	840703	21	0.3415
chr1	840802	840803	30	0.2538
chr1	840902	840903	27	0.2248
chr1	840952	840953	28	0.4106
chr1	841052	841053	34	0.2348
chr1	841070	841071	37	0.3752
chr1	841136	841137	26	0.4122
chr1	841141	841142	19	0.3571
chr1	841164	841165	18	0.4527
chr1	841196	841197	32	0.3695
chr1	841226	841227	26	0.3341
chr1	841246	841247	35	0.22
chr1	841261	841262	20	0.2598
chr1	841278	841279	33	0.2137
chr1	841293	841294	25	0.2928
chr1	841318	841319	23	0.2345
chr1	841336	841337	23	0.2876
chr1	841362	841363	32	0.3909
chr1	841408	841409	35	0.3762
chr1	841423	841424	31	0.4331
chr1	841473	841474	35	0.3331
chr1	841523	841524	23	0.3221
chr1	841569	841570	29	0.1865
chr1	841596	841597	40	0.4303
chr1	841624	841625	32	0.3812
chr1	841724	841725	28	0.2527
chr1	841786	841787	28	0.3855
chr1	841836	841837	32	0.3668
chr1	841936	841937	24	0.2183
chr1	842003	842004	30	0.4173
chr1	842053	842054	29	0.2616
chr1	842089	842090	33	0.0044
chr1	842121	842122	30	0.0419
chr1	842127	842128	20	0.0885
chr1	842171	842172	27	0.0
chr1	842251	842252	31	0.0405
chr1	842253	842254	31	0.0
chr1	842361	842362	24	0.1583
chr1	842443	842444	35	0.1172
chr1	842445	842446	26	0.0425
chr1	842485	842486	30	0.2295
chr1	842504	842505	29	0.7604
chr1	842528	842529	32	0.7609
chr1	842578	842579	34	0.9021
chr1	842605	842606	23	0.9151
chr1	842648	842649	26	0.7822
chr1	842679	842680	27	0.8672
chr1	842727	842728	32	0.7257
chr1	842751	842752	29	0.7615
chr1	842774	842775	29	0.8039
chr1	842815	842816	34	0.738
chr1	842862	842863	30	0.8168
chr1	842893	842894	32	0.8141
chr1	842919	842920	34	0.8491
chr1	842948	842949	27	0.723
chr1	842954	842955	28	0.6928
chr1	843041	843042	26	0.6606
chr1	843116	843117	24	0.8719
chr1	843216	843217	27	0.5978
chr1	843285	843286	23	0.6381
chr1	843335	843336	32	0.7338
chr1	843405	843406	40	0.8202
chr1	843417	843418	27	0.9809
chr1	843438	843439	30	0.5426
chr1	843464	843465	37	0.6092
chr1	843481	843482	32	0.5694
chr1	843526	843527	33	0.4501
chr1	843544	843545	31	0.7817
chr1	843573	843574	32	0.7056
chr1	843619	843620	33	0.5591
chr1	843669	843670	30	0.6837
chr1	843709	843710	40	0.5561
chr1	843727	843728	24	0.9003
chr1	843770	843771	32	0.6059
chr1	843817	843818	22	0.6746
chr1	843841	843842	32	0.5552
chr1	843856	843857	34	0.6025
chr1	843881	843882	17	0.5226
chr1	843980	843981	31	0.6235
chr1	844080	844081	30	0.5935
chr1	844165	844166	34	0.8106
chr1	844265	844266	23	0.6513
chr1	844387	844388	42	0.6562
chr1	844411	844412	37	0.8056
chr1	844417	844418	37	0.7473
chr1	844456	844457	36	0.5565
chr1	844485	844486	25	0.834
chr1	844528	844529	32	0.7047
chr1	844543	844544	39	0.7065
chr1	844592	844593	38	0.6798
chr1	844607	844608	25	0.6989
chr1	844657	844658	31	0.7188
chr1	844697	844698	32	0.6324
chr1	844725	844726	34	0.7278
chr1	844744	844745	25	0.6335
chr1	844794	844795	27	0.7106
chr1	844809	844810	31	0.8163
chr1	844844	844845	26	0.7352
chr1	844849	844850	32	0.7225
chr1	844949	844950	25	0.5585
chr1	845013	845014	38	0.6664
chr1	845067	845068	25	0.5325
chr1	845167	845168	21	0.7736
chr1	845241	845242	32	0.8031
chr1	845281	845282	28	0.7347
chr1	845329	845330	35	0.7076
chr1	845339	845340	36	0.6335
chr1	845359	845360	35	0.886
chr1	845439	845440	33	0.8497
chr1	845483	845484	20	0.8115
chr1	845599	845600	32	0.8233
chr1	845631	845632	29	0.8636
chr1	845671	845672	31	0.7106
chr1	845718	845719	30	0.1766
chr1	845742	845743	25	0.0281
chr1	845773	845774	31	0.2044
chr1	845789	845790	26	0.164
chr1	845808	845809	26	0.1746
chr1	845832	845833	34	0.1853
chr1	845859	845860	29	0.0377
chr1	845889	845890	28	0.1302
chr1	845909	845910	30	0.1256
chr1	845932	845933	25	0.1655
chr1	845972	845973	30	0.0459
chr1	846022	846023	24	0.172
chr1	846041	846042	23	0.1196
chr1	846070	846071	32	0.1102
chr1	846120	846121	29	0.1426
chr1	846151	846152	34	0.1024
chr1	846170	846171	34	0.2716
chr1	846220	846221	26	0.1233
chr1	846320	846321	24	0.1338
chr1	846420	846421	25	0.2683
chr1	846470	846471	36	0.0352
chr1	846570	846571	29	0.122
chr1	846630	846631	25	0.0046
chr1	846658	846659	35	0.131
chr1	846668	846669	36	0.8036
chr1	846693	846694	28	0.8671
chr1	846718	846719	26	0.9107
chr1	846768	846769	34	0.7462
chr1	846818	846819	21	1.0
chr1	846838	846839	23	0.8429
chr1	846888	846889	32	0.9281
chr1	846927	846928	25	0.8566
chr1	846964	846965	25	0.8599
chr1	846989	846990	36	0.8441
chr1	847007	847008	31	0.9311
chr1	847033	847034	34	0.9702
chr1	847070	847071	31	0.8336
chr1	847099	847100	24	0.6571
chr1	847149	847150	31	0.9263
chr1	847169	847170	27	1.0
chr1	847198	847199	34	0.847
chr1	847244	847245	28	0.8147
chr1	847259	847260	30	0.8042
chr1	847274	847275	25	0.9369
chr1	847277	847278	35	0.8976
chr1	847327	847328	37	0.9689
chr1	847400	847401	25	0.7267
chr1	847450	847451	34	0.8379
chr1	847507	847508	33	0.8533
chr1	847607	847608	31	0.8388
chr1	847707	847708	31	0.9556
chr1	847807	847808	33	0.8542
chr1	847809	847810	34	0.8119
chr1	847835	847836	33	0.9836
chr1	847856	847857	30	0.0743
chr1	847880	847881	31	0.1335
chr1	847924	847925	24	0.1136
chr1	847972	847973	28	0.0806
chr1	848000	848001	28	0.1418
chr1	848050	848051	29	0.1936
chr1	848079	848080	30	0.2652
chr1	848109	848110	28	0.1903
chr1	848131	848132	28	0.0525
chr1	848154	848155	27	0.1495
chr1	848183	848184	37	0.0717
chr1	848213	848214	34	0.3347
chr1	848231	848232	34	0.1336
chr1	848278	848279	33	0.1387
chr1	848300	848301	37	0.0812
chr1	848321	848322	27	0.113
chr1	848335	848336	28	0.1962
chr1	848435	848436	28	0.1976
chr1	848485	848486	21	0.099
chr1	848554	848555	29	0.0792
chr1	848654	848655	35	0.3487
chr1	848707	848708	36	0.0383
chr1	848807	848808	33	0.1695
chr1	848843	848844	26	0.2322
chr1	848869	848870	19	0.0417
chr1	848894	848895	28	0.5152
chr1	848909	848910	33	0.9232
chr1	848924	848925	21	0.6468
chr1	848960	848961	28	0.6516
chr1	848997	848998	24	0.4299
chr1	849017	849018	25	0.506
chr1	849045	849046	31	0.7018
chr1	849060	849061	30	0.7539
chr1	849091	849092	32	0.4089
chr1	849111	849112	31	0.5648
chr1	849126	849127	27	0.4321
chr1	849152	849153	22	0.6205
chr1	849189	849190	17	0.6021
chr1	849204	849205	30	0.2715
chr1	849254	849255	34	0.6466
chr1	849291	849292	32	0.5483
chr1	849316	849317	22	0.7696
chr1	849343	849344	26	0.4147
chr1	849370	849371	32	0.5944
chr1	849401	849402	30	0.5673
chr1	849416	849417	32	0.6037
chr1	849437	849438	22	0.4784
chr1	849468	849469	33	0.5993
chr1	849477	849478	33	0.6674
chr1	849577	849578	34	0.4937
chr1	849654	849655	27	0.4324
chr1	849754	849755	29	0.6747
chr1	849854	849855	31	0.6035
chr1	849904	849905	29	0.5945
chr1	849968	849969	27	0.737
chr1	850090	850091	30	0.6787
chr1	850148	850149	32	0.8506
chr1	850179	850180	24	0.8048
chr1	850224	850225	30	0.9414
chr1	850254	850255	24	0.8302
chr1	850304	850305	23	0.818
chr1	850350	850351	23	0.8019
chr1	850375	850376	34	0.6582
chr1	850395	850396	31	0.86
chr1	850418	850419	33	0.7413
chr1	850438	850439	43	0.8638
chr1	850488	850489	34	0.7581
chr1	850520	850521	26	0.6009
chr1	850552	850553	37	0.7005
chr1	850570	850571	30	0.7956
chr1	850620	850621	25	0.8107
chr1	850647	850648	25	0.6669
chr1	850670	850671	34	0.8609
chr1	850770	850771	34	0.6894
chr1	850861	850862	31	0.9392
chr1	850912	850913	40	0.8807
chr1	851012	851013	22	0.6679
chr1	851112	851113	32	0.8372
chr1	851130	851131	26	0.9306
chr1	851139	851140	19	0.6605
chr1	851156	851157	27	0.3255
chr1	851171	851172	29	0.5818
chr1	851186	851187	27	0.5488
chr1	851209	851210	31	0.5467
chr1	851233	851234	28	0.5897
chr1	851279	851280	17	0.5056
chr1	851329	851330	20	0.4334
chr1	851354	851355	30	0.4684
chr1	851404	851405	29	0.559
chr1	851454	851455	24	0.5587
chr1	851503	851504	27	0.61
chr1	851539	851540	33	0.464
chr1	851561	851562	33	0.5388
chr1	851593	851594	36	0.5037
chr1	851616	851617	32	0.5315
chr1	851716	851717	34	0.452
chr1	851785	851786	39	0.4713
chr1	851869	851870	27	0.6166
chr1	851969	851970	31	0.5797
chr1	852029	852030	33	0.6587
chr1	852113	852114	30	0.7649
chr1	852153	852154	35	0.6836
chr1	852195	852196	23	0.6153
chr1	852209	852210	30	0.7291
chr1	852321	852322	30	0.5306
chr1	852375	852376	28	0.5146
chr1	852393	852394	19	0.7366
chr1	852495	852496	24	0.5073
chr1	852508	852509	29	0.782
chr1	852556	852557	24	0.7439
chr1	852596	852597	27	0.8539
chr1	852646	852647	25	0.7171
chr1	852671	852672	29	0.5766
chr1	852719	852720	36	0.7309
chr1	852740	852741	37	0.87
chr1	852774	852775	36	0.6981
chr1	852789	852790	30	0.7087
chr1	852810	852811	33	0.634
chr1	852840	852841	28	0.6208
chr1	852882	852883	26	0.7641
chr1	852903	852904	36	0.8206
chr1	852918	852919	39	0.4725
chr1	852968	852969	33	0.7612
chr1	853017	853018	27	0.8457
chr1	853067	853068	29	0.6451
chr1	853082	853083	24	0.6584
chr1	853132	853133	26	0.5944
chr1	853232	853233	30	0.5944
chr1	853314	853315	33	0.5755
chr1	853379	853380	28	0.8176
chr1	853479	853480	27	0.7549
chr1	853536	853537	44	0.7099
chr1	853636	853637	39	0.7167
chr1	853694	853695	32	0.6216
chr1	853724	853725	34	0.7719
chr1	853746	853747	30	0.8329
chr1	853770	853771	27	0.4557
chr1	853806	853807	30	0.6315
chr1	853834	853835	31	0.8669
chr1	853884	853885	29	0.6884
chr1	853928	853929	29	0.521
chr1	853972	853973	31	0.5107
chr1	853987	853988	35	0.5621
chr1	854032	854033	33	0.6689
chr1	854053	854054	37	0.6913
chr1	854080	854081	33	0.6389
chr1	854114	854115	33	0.5386
chr1	854143	854144	23	0.7764
chr1	854193	854194	27	0.8028
chr1	854227	854228	28	0.7359
chr1	854246	854247	29	0.817
chr1	854270	854271	29	0.6682
chr1	854292	854293	34	0.5907
chr1	854316	854317	33	0.6463
chr1	854321	854322	31	0.6407
chr1	854421	854422	36	0.6454
chr1	854521	854522	34	0.6807
chr1	854621	854622	32	0.6761
chr1	854721	854722	35	0.7217
chr1	854809	854810	30	0.5177
chr1	854837	854838	32	0.8289
chr1	854885	854886	36	0.5617
chr1	854895	854896	28	0.7005
chr1	854925	854926	30	0.95
chr1	854967	854968	31	0.6691
chr1	854995	854996	37	0.6814
chr1	855010	855011	28	0.6562
chr1	855025	855026	34	0.7345
chr1	855049	855050	28	0.9085
chr1	855099	855100	22	0.8743
chr1	855149	855150	31	0.7048
chr1	855192	855193	20	0.5654
chr1	855242	855243	35	0.6395
chr1	855280	855281	31	0.65
chr1	855308	855309	29	0.7007
chr1	855351	855352	29	0.8703
chr1	855374	855375	24	0.8834
chr1	855396	855397	28	0.7928
chr1	855496	855497	27	0.7236
chr1	855595	855596	29	0.7766
chr1	855695	855696	27	0.8044
chr1	855795	855796	33	0.7721
chr1	855895	855896	26	0.8535
chr1	855971	855972	35	0.8648
chr1	855995	855996	29	0.7838
chr1	856003	856004	28	0.0259
chr1	856022	856023	24	0.051
chr1	856044	856045	31	0.0613
chr1	856080	856081	35	0.0
chr1	856099	856100	23	0.068
chr1	856149	856150	30	0.2299
chr1	856199	856200	30	0.2679
chr1	856218	856219	32	0.2747
chr1	856262	856263	26	0.1714
chr1	856294	856295	40	0.3394
chr1	856344	856345	23	0.1302
chr1	856360	856361	26	0.2151
chr1	856390	856391	37	0.1705
chr1	856420	856421	30	0.254
chr1	856460	856461	24	0.1852
chr1	856493	856494	23	0.0404
chr1	856512	856513	28	0.0877
chr1	856612	856613	29	0.0989
chr1	856712	856713	27	0.0
chr1	856812	856813	30	0.1466
chr1	856883	856884	25	0.0517
chr1	856950	856951	33	0.034
chr1	857004	857005	28	0.0
chr1	857024	857025	22	0.0812
chr1	857102	857103	33	0.0
chr1	857116	857117	35	0.064
chr1	857174	857175	23	0.053
chr1	857188	857189	24	0.0194
chr1	857352	857353	30	0.2402
chr1	857424	857425	25	0.1024
chr1	857435	857436	30	0.6507
chr1	857485	857486	35	0.7239
chr1	857500	857501	23	0.7018
chr1	857530	857531	23	0.7227
chr1	857571	857572	22	0.5331
chr1	857592	857593	27	0.5833
chr1	857636	857637	24	0.7003
chr1	857686	857687	33	0.8625
chr1	857701	857702	33	0.7111
chr1	857745	857746	28	0.6008
chr1	857762	857763	32	0.6384
chr1	857783	857784	14	0.6453
chr1	857802	857803	31	0.606
chr1	857852	857853	37	0.6865
chr1	857872	857873	28	0.7658
chr1	857889	857890	34	0.6403
chr1	857926	857927	26	0.6458
chr1	857968	857969	34	0.6286
chr1	858068	858069	31	0.6127
chr1	858118	858119	38	0.835
chr1	858218	858219	23	0.7485
chr1	858312	858313	26	0.6183
chr1	858412	858413	32	0.587
chr1	858462	858463	39	0.7798
chr1	858496	858497	39	0.8195
chr1	858510	858511	32	0.8544
chr1	858554	858555	44	0.8941
chr1	858580	858581	25	0.8014
chr1	858614	858615	37	0.9414
chr1	858634	858635	35	0.7945
chr1	858684	858685	25	0.9172
chr1	858706	858707	40	0.651
chr1	858738	858739	31	0.6784
chr1	858771	858772	20	0.8483
chr1	858819	858820	34	0.7189
chr1	858847	858848	35	0.771
chr1	858871	858872	37	0.6466
chr1	858896	858897	28	0.786
chr1	858916	858917	31	0.934
chr1	858942	858943	30	0.7523
chr1	858970	858971	31	0.9153
chr1	859020	859021	27	0.8379
chr1	859065	859066	29	0.7774
chr1	859141	859142	24	0.8227
chr1	859241	859242	35	0.8241
chr1	859291	859292	36	0.7252
chr1	859353	859354	29	0.7042
chr1	859453	859454	28	0.7317
chr1	859553	859554	27	0.7914
chr1	859567	859568	32	0.8044
chr1	859589	859590	26	0.91
chr1	859636	859637	27	0.7255
chr1	859655	859656	22	0.9364
chr1	859697	859698	26	0.6457
chr1	859747	859748	35	0.7757
chr1	859776	859777	32	0.6684
chr1	859808	859809	28	0.8075
chr1	859858	859859	19	0.8688
chr1	859879	859880	30	0.8326
chr1	859913	859914	27	0.6871
chr1	859938	859939	28	0.6409
chr1	859976	859977	33	0.7295
chr1	860026	860027	35	0.7222
chr1	860073	860074	21	0.9005
chr1	860104	860105	27	0.9547
chr1	860107	860108	39	0.9016
chr1	860182	860183	30	0.8346
chr1	860277	860278	37	0.7293
chr1	860377	860378	28	0.6945
chr1	860427	860428	35	0.6363
chr1	860527	860528	26	0.7837
chr1	860553	860554	32	0.7028
chr1	860569	860570	32	0.8498
chr1	860578	860579	28	0.381
chr1	860618	860619	28	0.3675
chr1	860668	860669	24	0.5108
chr1	860705	860706	32	0.5229
chr1	860755	860756	35	0.2325
chr1	860774	860775	35	0.4964
chr1	860823	860824	25	0.5431
chr1	860846	860847	32	0.5798
chr1	860882	860883	40	0.5535
chr1	860919	860920	26	0.3297
chr1	860944	860945	37	0.3627
chr1	860959	860960	25	0.2956
chr1	860983	860984	36	0.6112
chr1	861033	861034	26	0.5126
chr1	861048	861049	32	0.5874
chr1	861077	861078	35	0.5471
chr1	861116	861117	34	0.3436
chr1	861142	861143	26	0.5643
chr1	861242	861243	26	0.3374
chr1	861342	861343	27	0.2837
chr1	861407	861408	34	0.4868
chr1	861507	861508	32	0.3674
chr1	861607	861608	37	0.4498
chr1	861731	861732	36	0.6783
chr1	861755	861756	34	0.718
chr1	861841	861842	27	0.4439
chr1	861879	861880	39	0.6576
chr1	861913	861914	33	0.5849
chr1	861971	861972	25	0.6667
chr1	861977	861978	27	0.9326
chr1	862021	862022	35	0.7149
chr1	862041	862042	26	0.9393
chr1	862066	862067	24	0.7485
chr1	862098	862099	29	0.8756
chr1	862126	862127	33	0.7852
chr1	862164	862165	26	0.8364
chr1	862193	862194	30	0.8092
chr1	862219	862220	35	0.7501
chr1	862234	862235	36	0.7164
chr1	862278	862279	25	0.7006
chr1	862293	862294	26	0.5665
chr1	862322	862323	35	0.7801
chr1	862342	862343	35	0.7176
chr1	862392	862393	25	0.6287
chr1	862416	862417	24	0.734
chr1	862433	862434	34	0.8376
chr1	862452	862453	30	0.6227
chr1	862499	862500	26	0.7841
chr1	862599	862600	23	0.8301
chr1	862699	862700	24	0.8511
chr1	862764	862765	32	0.7389
chr1	862828	862829	29	0.7385
chr1	862928	862929	30	0.8168
chr1	862978	862979	31	0.756
chr1	863054	863055	28	1.0
chr1	863102	863103	28	0.9177
chr1	863114	863115	33	0.8589
chr1	863264	863265	27	0.7322
chr1	863350	863351	20	0.9849
chr1	863362	863363	32	0.9368
chr1	863386	863387	31	0.7291
chr1	863428	863429	33	0.8413
chr1	863432	863433	36	0.992
chr1	863446	863447	46	0.7766
chr1	863493	863494	21	0.1249
chr1	863508	863509	21	0.0
chr1	863558	863559	20	0.1173
chr1	863576	863577	33	0.0
chr1	863591	863592	36	0.024
chr1	863606	863607	27	0.0
chr1	863634	863635	36	0.0
chr1	863649	863650	26	0.2144
chr1	863678	863679	40	0.0
chr1	863693	863694	36	0.103
chr1	863724	863725	28	0.1848
chr1	863751	863752	27	0.0753
chr1	863775	863776	27	0.0
chr1	863802	863803	24	0.1244
chr1	863830	863831	21	0.0806
chr1	863880	863881	33	0.0519
chr1	863928	863929	43	0.0291
chr1	863943	863944	34	0.0582
chr1	863968	863969	33	0.0885
chr1	863987	863988	30	0.098
chr1	864087	864088	25	0.177
chr1	864187	864188	32	0.2545
chr1	864262	864263	29	0.0
chr1	864347	864348	28	0.1059
chr1	864397	864398	30	0.0
chr1	864409	864410	34	0.0641
chr1	864420	864421	29	0.941
chr1	864470	864471	30	0.7777
chr1	864491	864492	36	0.7377
chr1	864526	864527	31	0.7841
chr1	864565	864566	32	0.8936
chr1	864615	864616	34	0.7318
chr1	864644	864645	32	0.9237
chr1	864660	864661	23	0.7434
chr1	864678	864679	34	0.7251
chr1	864703	864704	37	0.6792
chr1	864751	864752	40	0.9221
chr1	864801	864802	29	0.6501
chr1	864851	864852	26	0.8254
chr1	864882	864883	29	0.68
chr1	864898	864899	30	0.7085
chr1	864909	864910	24	0.8604
chr1	864959	864960	20	0.786
chr1	865059	865060	34	0.6833
chr1	865159	865160	25	0.8304
chr1	865209	865210	23	0.8021
chr1	865309	865310	35	0.8863
chr1	865359	865360	26	0.8692
chr1	865433	865434	18	0.8933
chr1	865458	865459	30	0.6417
chr1	865473	865474	31	0.7846
chr1	865498	865499	33	0.8156
chr1	865528	865529	28	0.7021
chr1	865551	865552	29	0.9092
chr1	865573	865574	30	0.8275
chr1	865589	865590	30	0.8468
chr1	865627	865628	31	0.8923
chr1	865651	865652	35	0.7444
chr1	865666	865667	25	0.8065
chr1	865682	865683	27	0.8009
chr1	865702	865703	30	0.7578
chr1	865752	865753	23	0.6499
chr1	865802	865803	20	0.9027
chr1	865852	865853	28	0.5884
chr1	865894	865895	33	0.6945
chr1	865907	865908	28	0.7232
chr1	866007	866008	32	0.8961
chr1	866057	866058	23	0.7142
chr1	866157	866158	35	0.9644
chr1	866207	866208	40	0.7808
chr1	866307	866308	32	0.7305
chr1	866353	866354	27	0.8522
chr1	866401	866402	30	0.7561
chr1	866449	866450	34	0.6358
chr1	866464	866465	26	0.7094
chr1	866484	866485	17	0.7188
chr1	866503	866504	32	0.7841
chr1	866553	866554	26	0.8014
chr1	866589	866590	23	0.7954
chr1	866617	866618	25	0.6834
chr1	866667	866668	33	0.7075
chr1	866706	866707	28	0.6224
chr1	866733	866734	30	0.4782
chr1	866774	866775	26	0.6616
chr1	866789	866790	27	0.7981
chr1	866817	866818	35	0.8823
chr1	866867	866868	36	0.677
chr1	866885	866886	32	0.7711
chr1	866909	866910	36	0.6866
chr1	866933	866934	27	0.6721
chr1	866951	866952	32	0.8865
chr1	866971	866972	35	0.6805
chr1	866975	866976	33	0.6565
chr1	867075	867076	34	0.6134
chr1	867132	867133	32	0.6427
chr1	867218	867219	21	0.6425
chr1	867282	867283	30	0.7973
chr1	867382	867383	25	0.7416
chr1	867432	867433	32	0.7511
chr1	867484	867485	31	0.8441
chr1	867504	867505	22	0.8224
chr1	867542	867543	23	0.595
chr1	867587	867588	29	0.5637
chr1	867637	867638	29	0.8551
chr1	867671	867672	23	0.757
chr1	867708	867709	35	0.7807
chr1	867728	867729	40	0.6981
chr1	867753	867754	32	0.6839
chr1	867796	867797	31	0.887
chr1	867814	867815	24	0.7721
chr1	867855	867856	29	0.82
chr1	867889	867890	27	0.9247
chr1	867936	867937	32	0.8862
chr1	867960	867961	32	0.666
chr1	868001	868002	31	0.6464
chr1	868031	868032	29	0.8234
chr1	868065	868066	31	0.8211
chr1	868085	868086	31	0.7367
chr1	868185	868186	35	0.8974
chr1	868262	868263	24	0.8131
chr1	868362	868363	30	0.9466
chr1	868452	868453	28	0.697
chr1	868552	868553	27	0.7282
chr1	868602	868603	27	0.7967
chr1	868648	868649	24	0.9236
chr1	868670	868671	27	0.9017
chr1	868696	868697	22	0.9841
chr1	868715	868716	32	0.7766
chr1	868732	868733	26	0.8981
chr1	868769	868770	24	0.6826
chr1	868790	868791	18	0.5414
chr1	868813	868814	34	0.6629
chr1	868829	868830	31	0.7231
chr1	868846	868847	36	0.6192
chr1	868874	868875	35	0.6858
chr1	868899	868900	29	0.6358
chr1	868922	868923	32	0.7151
chr1	868957	868958	28	0.5815
chr1	868977	868978	37	0.7136
chr1	869027	869028	31	0.6881
chr1	869072	869073	35	0.621
chr1	869118	869119	24	0.6929
chr1	869146	869147	29	0.5549
chr1	869196	869197	36	0.7287
chr1	869218	869219	34	0.7344
chr1	869238	869239	24	0.5971
chr1	869338	869339	41	0.7053
chr1	869438	869439	32	0.7986
chr1	869488	869489	30	0.6116
chr1	869588	869589	34	0.6489
chr1	869638	869639	24	0.7045
chr1	869705	869706	23	0.8255
chr1	869723	869724	29	0.9971
chr1	869769	869770	18	0.8427
chr1	869802	869803	30	0.8632
chr1	869838	869839	27	0.8504
chr1	869881	869882	34	0.8762
chr1	869907	869908	29	0.9094
chr1	869922	869923	34	0.9255
chr1	869940	869941	31	0.8925
chr1	869966	869967	25	0.9728
chr1	870013	870014	31	0.7686
chr1	870057	870058	32	0.9218
chr1	870107	870108	30	0.9698
chr1	870122	870123	30	0.9858
chr1	870143	870144	24	1.0
chr1	870158	870159	31	1.0
chr1	870187	870188	25	0.6565
chr1	870232	870233	35	0.9172
chr1	870267	870268	39	0.9075
chr1	870365	870366	19	0.8233
chr1	870465	870466	21	0.8121
chr1	870565	870566	42	0.87
chr1	870665	870666	42	0.7975
chr1	870721	870722	26	0.8792
chr1	870745	870746	28	0.9563
chr1	870787	870788	25	0.2106
chr1	870806	870807	30	0.3125
chr1	870821	870822	34	0.4148
chr1	870857	870858	21	0.1947
chr1	870892	870893	31	0.0864
chr1	870911	870912	26	0.2562
chr1	870961	870962	25	0.1831
chr1	870982	870983	31	0.1776
chr1	871008	871009	38	0.0826
chr1	871037	871038	31	0.2188
chr1	871077	871078	32	0.1905
chr1	871114	871115	28	0.0049
chr1	871158	871159	35	0.1183
chr1	871185	871186	31	0.1448
chr1	871210	871211	25	0.1984
chr1	871235	871236	31	0.0
chr1	871268	871269	32	0.1094
chr1	871283	871284	21	0.2571
chr1	871298	871299	29	0.2908
chr1	871313	871314	32	0.0559
chr1	871347	871348	29	0.2012
chr1	871447	871448	24	0.3002
chr1	871497	871498	39	0.0621
chr1	871597	871598	34	0.155
chr1	871680	871681	29	0.295
chr1	871780	871781	26	0.1831
chr1	871880	871881	31	0.0801
chr1	871997	871998	35	0.1915
chr1	872024	872025	34	0.7111
chr1	872060	872061	27	0.7674
chr1	872075	872076	34	0.7097
chr1	872122	872123	37	0.7295
chr1	872168	872169	27	0.6481
chr1	872183	872184	33	0.7056
chr1	872209	872210	27	0.6859
chr1	872227	872228	30	0.778
chr1	872258	872259	26	0.8047
chr1	872279	872280	32	0.8787
chr1	872297	872298	21	0.831
chr1	872324	872325	26	0.7273
chr1	872361	872362	26	0.5928
chr1	872376	872377	23	0.5924
chr1	872409	872410	27	0.6817
chr1	872437	872438	23	0.7471
chr1	872462	872463	27	0.734
chr1	872503	872504	35	0.7439
chr1	872517	872518	29	0.6926
chr1	872617	872618	15	0.5567
chr1	872699	872700	28	0.8358
chr1	872799	872800	26	0.7622
chr1	872863	872864	35	0.6796
chr1	872963	872964	34	0.6265
chr1	873025	873026	36	0.7251
chr1	873037	873038	27	0.6787
chr1	873071	873072	24	0.5647
chr1	873106	873107	33	0.5261
chr1	873121	873122	22	0.6101
chr1	873158	873159	33	0.6973
chr1	873191	873192	39	0.8957
chr1	873219	873220	29	0.8321
chr1	873248	873249	31	0.6196
chr1	873276	873277	32	0.6825
chr1	873291	873292	35	0.7612
chr1	873306	873307	29	0.7224
chr1	873340	873341	27	0.6907
chr1	873371	873372	32	0.8297
chr1	873397	873398	28	0.7971
chr1	873422	873423	29	0.6273
chr1	873449	873450	35	0.6546
chr1	873461	873462	32	0.6958
chr1	873511	873512	30	0.7266
chr1	873575	873576	34	0.8021
chr1	873675	873676	35	0.4969
chr1	873748	873749	20	0.7585
chr1	873798	873799	25	0.8146
chr1	873862	873863	29	0.8763
chr1	873890	873891	33	0.7122
chr1	873909	873910	25	0.7142
chr1	873936	873937	30	0.6731
chr1	873967	873968	30	0.7659
chr1	873995	873996	34	0.6538
chr1	874027	874028	25	0.6756
chr1	874051	874052	28	0.6145
chr1	874074	874075	22	0.7634
chr1	874089	874090	35	0.7777
chr1	874108	874109	24	0.9111
chr1	874133	874134	27	0.8212
chr1	874150	874151	35	0.7592
chr1	874177	874178	39	0.7195
chr1	874193	874194	29	0.6037
chr1	874225	874226	27	0.801
chr1	874240	874241	29	0.629
chr1	874262	874263	30	0.6904
chr1	874287	874288	32	0.8533
chr1	874318	874319	30	0.7885
chr1	874349	874350	25	0.7052
chr1	874367	874368	24	0.6341
chr1	874391	874392	36	0.5449
chr1	874491	874492	36	0.5997
chr1	874546	874547	37	0.7257
chr1	874626	874627	39	0.6536
chr1	874720	874721	32	0.6492
chr1	874794	874795	24	0.7165
chr1	874808	874809	30	0.7101
chr1	874818	874819	36	0.6787
chr1	874868	874869	31	0.6179
chr1	874893	874894	25	0.7363
chr1	874926	874927	30	0.6394
chr1	874960	874961	32	0.7279
chr1	874991	874992	27	0.6528
chr1	875013	875014	37	0.6911
chr1	875060	875061	26	0.7737
chr1	875103	875104	33	0.8011
chr1	875143	875144	35	0.6982
chr1	875158	875159	32	0.7866
chr1	875173	875174	35	0.724
chr1	875191	875192	29	0.778
chr1	875240	875241	34	0.7288
chr1	875275	875276	39	0.7148
chr1	875289	875290	32	0.6754
chr1	875389	875390	34	0.719
chr1	875439	875440	35	0.7651
chr1	875539	875540	29	0.7857
chr1	875639	875640	35	0.6099
chr1	875739	875740	30	0.7632
chr1	875797	875798	24	0.9803
chr1	875855	875856	25	0.978
chr1	875871	875872	34	0.9205
chr1	875873	875874	23	1.0
chr1	875917	875918	30	0.8213
chr1	875973	875974	32	0.8336
chr1	876091	876092	27	0.7736
chr1	876173	876174	35	0.9363
chr1	876210	876211	33	0.6373
chr1	876236	876237	24	0.6101
chr1	876261	876262	27	0.6503
chr1	876306	876307	27	0.7308
chr1	876321	876322	20	0.7463
chr1	876357	876358	31	0.7565
chr1	876382	876383	26	0.8572
chr1	876422	876423	38	0.7446
chr1	876443	876444	30	0.8502
chr1	876464	876465	24	0.5046
chr1	876503	876504	28	0.7415
chr1	876531	876532	32	0.6209
chr1	876558	876559	26	0.5942
chr1	876577	876578	25	0.7409
chr1	876613	876614	30	0.7748
chr1	876632	876633	31	0.932
chr1	876682	876683	31	0.5959
chr1	876713	876714	35	0.6739
chr1	876718	876719	31	0.7024
chr1	876818	876819	33	0.7647
chr1	876898	876899	27	0.586
chr1	876948	876949	34	0.747
chr1	877048	877049	24	0.7867
chr1	877125	877126	36	0.7597
chr1	877225	877226	27	0.5439
chr1	877267	877268	29	0.6789
chr1	877301	877302	35	0.7086
chr1	877323	877324	30	0.9782
chr1	877364	877365	37	0.943
chr1	877391	877392	23	0.7839
chr1	877413	877414	24	0.9538
chr1	877443	877444	26	0.8866
chr1	877462	877463	30	0.9809
chr1	877512	877513	25	0.8122
chr1	877562	877563	33	0.8512
chr1	877609	877610	30	0.6925
chr1	877635	877636	18	0.9095
chr1	877653	877654	37	0.8752
chr1	877696	877697	25	0.7642
chr1	877723	877724	31	0.8272
chr1	877753	877754	33	0.8966
chr1	877768	877769	35	0.7595
chr1	877783	877784	38	0.8655
chr1	877795	877796	25	0.8674
chr1	877895	877896	33	0.8459
chr1	877977	877978	35	0.861
chr1	878077	878078	39	0.945
chr1	878177	878178	19	0.8486
chr1	878217	878218	30	0.8803
chr1	878244	878245	25	0.1971
chr1	878265	878266	25	0.0451
chr1	878296	878297	35	0.274
chr1	878330	878331	21	0.3365
chr1	878350	878351	28	0.136
chr1	878385	878386	29	0.1113
chr1	878420	878421	16	0.042
chr1	878445	878446	34	0.1444
chr1	878470	878471	23	0.0549
chr1	878495	878496	25	0.2159
chr1	878519	878520	33	0.2235
chr1	878544	878545	29	0.0
chr1	878581	878582	32	0.1347
chr1	878631	878632	23	0.2544
chr1	878655	878656	23	0.2353
chr1	878682	878683	30	0.2688
chr1	878728	878729	34	0.3391
chr1	878758	878759	21	0.1005
chr1	878786	878787	33	0.0
chr1	878873	878874	29	0.145
chr1	878923	878924	25	0.1955
chr1	879023	879024	33	0.1293
chr1	879123	879124	36	0.1431
chr1	879223	879224	23	0.3606
chr1	879275	879276	26	0.1119
chr1	879287	879288	32	0.1409
chr1	879297	879298	30	0.0923
chr1	879315	879316	31	0.6378
chr1	879365	879366	24	0.4602
chr1	879393	879394	28	0.5793
chr1	879418	879419	26	0.5283
chr1	879468	879469	29	0.6812
chr1	879494	879495	31	0.8044
chr1	879509	879510	30	0.5962
chr1	879546	879547	24	0.5389
chr1	879563	879564	29	0.4441
chr1	879589	879590	34	0.6669
chr1	879622	879623	27	0.7716
chr1	879637	879638	35	0.7035
chr1	879665	879666	25	0.753
chr1	879690	879691	37	0.7051
chr1	879734	879735	25	0.5723
chr1	879760	879761	26	0.546
chr1	879808	879809	22	0.6549
chr1	879844	879845	23	0.5328
chr1	879944	879945	28	0.5025
chr1	880044	880045	31	0.4957
chr1	880094	880095	35	0.7157
chr1	880175	880176	29	0.5636
chr1	880275	880276	28	0.7061
chr1	880325	880326	27	0.5882
chr1	880345	880346	31	0.5314
chr1	880353	880354	35	0.6401
chr1	880369	880370	33	0.5833
chr1	880413	880414	23	0.5845
chr1	880428	880429	36	0.6223
chr1	880457	880458	29	0.6852
chr1	880492	880493	28	0.8578
chr1	880524	880525	37	0.7342
chr1	880545	880546	26	0.5921
chr1	880566	880567	26	0.4774
chr1	880616	880617	32	0.8456
chr1	880641	880642	28	0.5778
chr1	880682	880683	32	0.5402
chr1	880732	880733	30	0.5617
chr1	880769	880770	28	0.6608
chr1	880800	880801	21	0.5874
chr1	880844	880845	26	0.6633
chr1	880851	880852	38	0.6135
chr1	880936	880937	26	0.6446
chr1	881013	881014	25	0.6431
chr1	881113	881114	23	0.7925
chr1	881213	881214	32	0.6622
chr1	881307	881308	23	0.6732
chr1	881333	881334	34	0.8455
chr1	881403	881404	18	0.6914
chr1	881457	881458	41	0.6185
chr1	881485	881486	32	0.6858
chr1	881521	881522	34	0.7761
chr1	881557	881558	31	0.7149
chr1	881581	881582	22	0.6949
chr1	881647	881648	30	0.5713
chr1	881677	881678	26	0.5978
chr1	881723	881724	38	0.7749
chr1	881732	881733	24	0.6381
chr1	881753	881754	36	0.7529
chr1	881802	881803	36	0.7761
chr1	881843	881844	31	0.6176
chr1	881882	881883	22	0.75
chr1	881908	881909	27	0.7431
chr1	881924	881925	35	0.4668
chr1	881960	881961	29	0.6012
chr1	881987	881988	27	0.5606
chr1	882031	882032	29	0.6275
chr1	882081	882082	25	0.6677
chr1	882102	882103	27	0.5757
chr1	882146	882147	27	0.6147
chr1	882155	882156	33	0.6944
chr1	882255	882256	30	0.5916
chr1	882355	882356	34	0.5506
chr1	882433	882434	31	0.6898
chr1	882533	882534	28	0.5358
chr1	882551	882552	33	0.9454
chr1	882639	882640	22	0.8601
chr1	882699	882700	21	0.7213
chr1	882703	882704	27	0.6592
chr1	882819	882820	31	0.7792
chr1	882911	882912	24	0.7478
chr1	882955	882956	34	0.7457
chr1	882957	882958	35	0.8816
chr1	882991	882992	30	0.6217
chr1	882998	882999	28	0.4964
chr1	883032	883033	32	0.4993
chr1	883055	883056	26	0.3185
chr1	883079	883080	30	0.4546
chr1	883117	883118	34	0.6489
chr1	883138	883139	27	0.6274
chr1	883154	883155	22	0.5827
chr1	883202	883203	19	0.5645
chr1	883226	883227	28	0.4352
chr1	883276	883277	22	0.3377
chr1	883326	883327	40	0.6315
chr1	883366	883367	20	0.6107
chr1	883392	883393	24	0.4167
chr1	883432	883433	37	0.571
chr1	883458	883459	21	0.333
chr1	883508	883509	32	0.4767
chr1	883510	883511	26	0.6212
chr1	883610	883611	38	0.5551
chr1	883683	883684	23	0.572
chr1	883783	883784	29	0.5087
chr1	883883	883884	37	0.3863
chr1	883949	883950	37	0.5916
chr1	884005	884006	29	0.5382
chr1	884091	884092	34	0.6317
chr1	884125	884126	31	0.7098
chr1	884317	884318	32	0.7688
chr1	884353	884354	19	0.9059
chr1	884367	884368	28	0.8482
chr1	884397	884398	37	0.8781
chr1	884419	884420	28	0.7927
chr1	884459	884460	34	0.6416
chr1	884477	884478	23	0.6297
chr1	884496	884497	28	0.6526
chr1	884527	884528	23	0.6273
chr1	884542	884543	28	0.6972
chr1	884571	884572	35	0.7865
chr1	884621	884622	31	0.7749
chr1	884669	884670	28	0.6137
chr1	884694	884695	25	0.6781
chr1	884726	884727	29	0.8342
chr1	884758	884759	29	0.7386
chr1	884773	884774	28	0.8215
chr1	884818	884819	28	0.8329
chr1	884841	884842	25	0.8248
chr1	884876	884877	36	0.6322
chr1	884891	884892	39	0.8258
chr1	884907	884908	34	0.8829
chr1	884957	884958	34	0.776
chr1	884974	884975	25	0.8313
chr1	884986	884987	34	0.8229
chr1	885086	885087	26	0.9341
chr1	885186	885187	30	0.8016
chr1	885283	885284	21	0.6655
chr1	885359	885360	37	0.5471
chr1	885409	885410	22	0.7817
chr1	885431	885432	24	0.7703
chr1	885447	885448	29	0.8078
chr1	885461	885462	28	0.954
chr1	885504	885505	29	0.9346
chr1	885525	885526	31	0.8501
chr1	885561	885562	30	0.7323
chr1	885596	885597	29	0.7785
chr1	885645	885646	35	0.7029
chr1	885681	885682	37	0.7378
chr1	885705	885706	30	0.8795
chr1	885732	885733	32	0.8752
chr1	885754	885755	27	0.8627
chr1	885783	885784	30	0.9161
chr1	885815	885816	26	0.9976
chr1	885840	885841	24	0.795
chr1	885855	885856	33	0.8302
chr1	885872	885873	26	0.837
chr1	885905	885906	27	0.9986
chr1	885922	885923	33	0.9612
chr1	885935	885936	21	0.7077
chr1	886035	886036	32	0.8135
chr1	886085	886086	27	0.6715
chr1	886185	886186	35	0.6345
chr1	886285	886286	25	0.7128
chr1	886385	886386	25	0.9756
chr1	886389	886390	39	0.8211
chr1	886425	886426	36	0.7991
chr1	886435	886436	32	0.6095
chr1	886485	886486	32	0.6103
chr1	886500	886501	25	0.7763
chr1	886521	886522	21	0.6692
chr1	886563	886564	31	0.6666
chr1	886590	886591	37	0.6955
chr1	886640	886641	33	0.7032
chr1	886669	886670	30	0.7616
chr1	886688	886689	33	0.7545
chr1	886738	886739	21	0.5646
chr1	886788	886789	30	0.6112
chr1	886803	886804	17	0.5033
chr1	886822	886823	36	0.5635
chr1	886851	886852	25	0.564
chr1	886885	886886	29	0.4806
chr1	886895	886896	30	0.4861
chr1	886971	886972	26	0.6793
chr1	887068	887069	19	0.5558
chr1	887118	887119	22	0.7561
chr1	887187	887188	36	0.5583
chr1	887287	887288	27	0.5471
chr1	887305	887306	29	0.6328
chr1	887363	887364	22	0.5421
chr1	887389	887390	32	0.6122
chr1	887415	887416	36	0.8419
chr1	887441	887442	32	0.8205
chr1	887476	887477	26	0.7665
chr1	887491	887492	25	0.6415
chr1	887527	887528	26	0.7271
chr1	887547	887548	33	0.6437
chr1	887562	887563	29	0.6754
chr1	887581	887582	37	0.6037
chr1	887608	887609	29	0.7246
chr1	887658	887659	29	0.7484
chr1	887688	887689	28	0.835
chr1	887738	887739	28	0.8289
chr1	887779	887780	35	0.7603
chr1	887807	887808	29	0.6855
chr1	887840	887841	30	0.958
chr1	887845	887846	27	0.7186
chr1	887907	887908	29	0.8395
chr1	887958	887959	32	0.7419
chr1	888058	888059	35	0.8629
chr1	888121	888122	31	0.6928
chr1	888221	888222	27	0.6972
chr1	888285	888286	25	0.8506
chr1	888293	888294	30	0.6918
chr1	888308	888309	31	0.7892
chr1	888358	888359	32	0.7054
chr1	888374	888375	35	0.7173
chr1	888398	888399	20	0.7287
chr1	888421	888422	27	0.6025
chr1	888451	888452	30	0.6603
chr1	888470	888471	24	0.7356
chr1	888511	888512	37	0.7414
chr1	888535	888536	33	0.7005
chr1	888554	888555	26	0.8062
chr1	888586	888587	36	0.8157
chr1	888611	888612	25	0.8552
chr1	888631	888632	37	0.755
chr1	888667	888668	31	0.9482
chr1	888717	888718	40	0.73
chr1	888748	888749	25	0.5971
chr1	888753	888754	28	0.7342
chr1	888808	888809	26	0.7701
chr1	888873	888874	34	0.5978
chr1	888973	888974	31	0.7181
chr1	889073	889074	24	0.8086
chr1	889130	889131	22	0.6298
chr1	889180	889181	28	0.7724
chr1	889346	889347	27	0.9548
chr1	889420	889421	37	0.9764
chr1	889482	889483	33	1.0
chr1	889638	889639	29	0.8979
chr1	889650	889651	28	0.9213
chr1	889658	889659	19	0.7659
chr1	889673	889674	38	0.6238
chr1	889695	889696	27	0.7573
chr1	889710	889711	34	0.6273
chr1	889731	889732	29	0.6775
chr1	889757	889758	27	0.6564
chr1	889791	889792	37	0.6233
chr1	889820	889821	29	0.7407
chr1	889859	889860	32	0.6498
chr1	889884	889885	30	0.5355
chr1	889899	889900	31	0.8032
chr1	889949	889950	28	0.5724
chr1	889992	889993	22	0.7231
chr1	890028	890029	39	0.747
chr1	890045	890046	26	0.8183
chr1	890095	890096	29	0.5934
chr1	890130	890131	35	0.6671
chr1	890153	890154	22	0.6615
chr1	890163	890164	26	0.5837
chr1	890263	890264	31	0.7422
chr1	890363	890364	30	0.6591
chr1	890463	890464	34	0.6375
chr1	890551	890552	28	0.5199
chr1	890651	890652	24	0.3983
chr1	890681	890682	30	1.0
chr1	890693	890694	23	0.7921
chr1	890735	890736	30	0.9596
chr1	890791	890792	21	0.6635
chr1	890817	890818	22	0.9249
chr1	890851	890852	31	0.7172
chr1	890965	890966	36	0.8435
chr1	891035	891036	33	0.7521
chr1	891081	891082	29	0.9682
chr1	891129	891130	31	0.7273
chr1	891169	891170	19	0.033
chr1	891191	891192	24	0.07
chr1	891214	891215	21	0.2254
chr1	891264	891265	36	0.1571
chr1	891294	891295	25	0.1912
chr1	891315	891316	30	0.0248
chr1	891346	891347	22	0.0532
chr1	891383	891384	25	0.0498
chr1	891433	891434	26	0.0707
chr1	891454	891455	29	0.2086
chr1	891469	891470	34	0.1281
chr1	891500	891501	29	0.1306
chr1	891517	891518	21	0.0261
chr1	891565	891566	37	0.1254
chr1	891584	891585	30	0.1531
chr1	891634	891635	25	0.2886
chr1	891675	891676	27	0.1616
chr1	891694	891695	31	0.069
chr1	891734	891735	27	0.0154
chr1	891758	891759	28	0.2349
chr1	891858	891859	22	0.1472
chr1	891958	891959	23	0.1593
chr1	892008	892009	26	0.1623
chr1	892082	892083	33	0.2031
chr1	892182	892183	37	0.1191
chr1	892262	892263	20	0.105
chr1	892312	892313	31	0.0416
chr1	892320	892321	20	0.0375
chr1	892341	892342	35	0.8095
chr1	892375	892376	33	0.6855
chr1	892390	892391	29	0.55
chr1	892426	892427	25	0.6334
chr1	892450	892451	21	0.6402
chr1	892466	892467	33	0.5762
chr1	892516	892517	40	0.8135
chr1	892566	892567	32	0.7757
chr1	892603	892604	27	0.6802
chr1	892640	892641	28	0.7769
chr1	892676	892677	25	0.7245
chr1	892708	892709	34	0.6275
chr1	892738	892739	26	0.7108
chr1	892764	892765	36	0.7345
chr1	892814	892815	23	0.8096
chr1	892850	892851	40	0.5643
chr1	892950	892951	30	0.6657
chr1	893050	893051	27	0.6849
chr1	893132	893133	25	0.7959
chr1	893232	893233	26	0.8099
chr1	893303	893304	30	0.8409
chr1	893357	893358	34	0.7289
chr1	893380	893381	26	0.7201
chr1	893418	893419	28	0.5031
chr1	893453	893454	30	0.6278
chr1	893503	893504	29	0.6996
chr1	893550	893551	23	0.7077
chr1	893584	893585	41	0.4548
chr1	893616	893617	24	0.8436
chr1	893640	893641	26	0.7496
chr1	893657	893658	30	0.744
chr1	893675	893676	28	0.7015
chr1	893705	893706	26	0.6834
chr1	893739	893740	33	0.5828
chr1	893766	893767	36	0.6152
chr1	893806	893807	25	0.7865
chr1	893832	893833	28	0.7579
chr1	893865	893866	26	0.7456
chr1	893912	893913	33	0.773
chr1	893917	893918	30	0.4706
chr1	894017	894018	28	0.6309
chr1	894117	894118	25	0.6461
chr1	894217	894218	32	0.7267
chr1	894317	894318	35	0.7833
chr1	894389	894390	34	0.6544
chr1	894448	894449	28	0.7242
chr1	894456	894457	26	0.8131
chr1	894498	894499	32	0.5743
chr1	894545	894546	29	0.8673
chr1	894587	894588	29	0.8726
chr1	894624	894625	24	1.0
chr1	894653	894654	31	0.9967
chr1	894683	894684	29	0.9229
chr1	894699	894700	33	0.9175
chr1	894749	894750	31	0.7967
chr1	894766	894767	28	0.7279
chr1	894803	894804	32	0.9364
chr1	894836	894837	24	0.7756
chr1	894882	894883	34	0.8351
chr1	894897	894898	36	0.9289
chr1	894947	894948	27	0.8533
chr1	894994	894995	32	0.9292
chr1	894997	894998	28	0.7851
chr1	895097	895098	26	0.7724
chr1	895197	895198	18	0.8485
chr1	895290	895291	24	0.7915
chr1	895390	895391	32	0.9715
chr1	895444	895445	31	0.8805
chr1	895478	895479	26	0.843
chr1	895524	895525	37	0.8397
chr1	895564	895565	29	0.6973
chr1	895614	895615	31	0.7171
chr1	895630	895631	32	0.7462
chr1	895645	895646	24	0.7667
chr1	895686	895687	21	0.7142
chr1	895721	895722	27	0.6926
chr1	895746	895747	34	0.5503
chr1	895796	895797	23	0.708
chr1	895814	895815	34	0.6515
chr1	895833	895834	23	0.6589
chr1	895883	895884	31	0.6612
chr1	895916	895917	24	0.7681
chr1	895941	895942	22	0.6224
chr1	895956	895957	28	0.6558
chr1	895985	895986	37	0.8356
chr1	896040	896041	35	0.6861
chr1	896140	896141	36	0.7445
chr1	896219	896220	24	0.6521
chr1	896319	896320	28	0.6934
chr1	896386	896387	32	0.6293
chr1	896490	896491	29	0.7627
chr1	896502	896503	23	0.7977
chr1	896518	896519	21	0.7917
chr1	896567	896568	29	0.8604
chr1	896605	896606	36	0.6511
chr1	896643	896644	25	0.7975
chr1	896676	896677	34	0.8043
chr1	896713	896714	22	0.7606
chr1	896731	896732	35	0.6464
chr1	896771	896772	24	0.7076
chr1	896801	896802	26	0.6545
chr1	896851	896852	34	0.8813
chr1	896879	896880	29	0.6309
chr1	896929	896930	29	0.8962
chr1	896950	896951	24	0.7743
chr1	896977	896978	32	0.8081
chr1	896992	896993	28	0.6815
chr1	897012	897013	28	0.7409
chr1	897072	897073	33	0.6898
chr1	897172	897173	32	0.9044
chr1	897272	897273	26	0.79
chr1	897372	897373	31	0.7908
chr1	897472	897473	29	0.6006
chr1	897524	897525	30	0.8714
chr1	897552	897553	35	0.7015
chr1	897566	897567	32	0.1262
chr1	897616	897617	35	0.1409
chr1	897662	897663	24	0.1273
chr1	897703	897704	29	0.2063
chr1	897744	897745	26	0.2454
chr1	897759	897760	39	0.0991
chr1	897807	897808	32	0.0492
chr1	897835	897836	24	0.0916
chr1	897885	897886	24	0.1713
chr1	897935	897936	34	0.0706
chr1	897969	897970	32	0.1581
chr1	897986	897987	27	0.2302
chr1	898007	898008	27	0.1494
chr1	898032	898033	43	0.2805
chr1	898082	898083	31	0.0148
chr1	898100	898101	31	0.0732
chr1	898166	898167	39	0.0432
chr1	898266	898267	27	0.0925
chr1	898366	898367	39	0.1744
chr1	898466	898467	37	0.214
chr1	898548	898549	35	0.2489
chr1	898578	898579	26	0.1809
chr1	898595	898596	33	0.2667
chr1	898614	898615	38	0.1717
chr1	898632	898633	33	0.0635
chr1	898663	898664	38	0.2433
chr1	898694	898695	32	0.2067
chr1	898723	898724	34	0.468
chr1	898773	898774	32	0.0481
chr1	898788	898789	40	0.1427
chr1	898826	898827	36	0.2937
chr1	898851	898852	30	0.3259
chr1	898894	898895	25	0.1863
chr1	898915	898916	30	0.1631
chr1	898947	898948	29	0.2668
chr1	898982	898983	28	0.2517
chr1	899022	899023	28	0.2564
chr1	899047	899048	39	0.1197
chr1	899063	899064	36	0.1527
chr1	899073	899074	29	0.2715
chr1	899173	899174	27	0.1763
chr1	899245	899246	22	0.0506
chr1	899316	899317	26	0.1083
chr1	899390	899391	34	0.2132
chr1	899456	899457	33	0.3502
chr1	899562	899563	33	0.0916
chr1	899566	899567	27	0.1382
chr1	899615	899616	39	0.7896
chr1	899636	899637	33	0.8092
chr1	899660	899661	30	0.9458
chr1	899677	899678	28	0.6995
chr1	899716	899717	22	0.7136
chr1	899753	899754	30	0.6805
chr1	899777	899778	29	0.7627
chr1	899825	899826	37	0.8073
chr1	899854	899855	28	0.7385
chr1	899884	899885	33	0.8077
chr1	899903	899904	30	0.8192
chr1	899924	899925	32	0.6976
chr1	899939	899940	29	0.6359
chr1	899963	899964	39	0.6319
chr1	899992	899993	44	0.8438
chr1	900013	900014	30	0.6569
chr1	900028	900029	18	0.6349
chr1	900063	900064	29	0.7203
chr1	900163	900164	32	0.7235
chr1	900236	900237	29	0.8187
chr1	900336	900337	32	0.8981
chr1	900436	900437	22	0.9761
chr1	900509	900510	34	0.6338
chr1	900575	900576	23	0.8717
chr1	900591	900592	25	0.5713
chr1	900629	900630	27	0.7445
chr1	900657	900658	29	0.8885
chr1	900696	900697	35	0.8973
chr1	900721	900722	32	0.819
chr1	900768	900769	36	1.0
chr1	900788	900789	27	0.8575
chr1	900838	900839	28	0.8585
chr1	900861	900862	36	0.8473
chr1	900892	900893	17	0.8269
chr1	900923	900924	30	0.923
chr1	900942	900943	31	0.6475
chr1	900979	900980	28	0.8398
chr1	901008	901009	23	0.8314
chr1	901044	901045	28	0.8613
chr1	901094	901095	22	0.7948
chr1	901123	901124	29	0.9174
chr1	901152	901153	23	0.8421
chr1	901202	901203	29	0.8902
chr1	901205	901206	34	0.7407
chr1	901305	901306	32	0.9312
chr1	901405	901406	25	0.7977
chr1	901462	901463	31	0.9248
chr1	901562	901563	23	0.7773
chr1	901662	901663	27	0.8625
chr1	901712	901713	21	0.7862
chr1	901762	901763	26	0.8417
chr1	901816	901817	20	0.9613
chr1	901852	901853	30	0.071
chr1	901870	901871	35	0.2464
chr1	901900	901901	24	0.0801
chr1	901924	901925	27	0.217
chr1	901946	901947	37	0.2596
chr1	901987	901988	39	0.0588
chr1	902020	902021	27	0.1529
chr1	902039	902040	32	0.0726
chr1	902064	902065	35	0.1397
chr1	902101	902102	34	0.1561
chr1	902124	902125	27	0.163
chr1	902156	902157	24	0.0956
chr1	902175	902176	42	0.0633
chr1	902225	902226	38	0.2874
chr1	902240	902241	26	0.1293
chr1	902274	902275	27	0.2477
chr1	902311	902312	25	0.1478
chr1	902349	902350	26	0.3363
chr1	902361	902362	26	0.1771
chr1	902435	902436	31	0.1223
chr1	902522	902523	29	0.019
chr1	902622	902623	26	0.0857
chr1	902713	902714	31	0.2109
chr1	902813	902814	34	0.1506
chr1	902825	902826	29	0.2338
chr1	902877	902878	23	0.1913
chr1	902884	902885	30	0.6126
chr1	902934	902935	25	0.431
chr1	902962	902963	31	0.5744
chr1	902978	902979	32	0.5715
chr1	902996	902997	31	0.6352
chr1	903026	903027	34	0.5737
chr1	903076	903077	22	0.5432
chr1	903100	903101	32	0.5464
chr1	903117	903118	26	0.6628
chr1	903167	903168	28	0.4654
chr1	903192	903193	28	0.5585
chr1	903220	903221	33	0.4264
chr1	903249	903250	31	0.4756
chr1	903264	903265	29	0.7409
chr1	903286	903287	36	0.5136
chr1	903322	903323	29	0.5596
chr1	903337	903338	28	0.3848
chr1	903387	903388	37	0.3557
chr1	903487	903488	32	0.4223
chr1	903587	903588	30	0.522
chr1	903687	903688	30	0.5063
chr1	903737	903738	25	0.5702
chr1	903761	903762	33	0.8056
chr1	903799	903800	32	0.7794
chr1	903821	903822	36	0.6058
chr1	903865	903866	32	0.6076
chr1	903877	903878	23	0.6707
chr1	903893	903894	29	0.5191
chr1	903961	903962	32	0.6212
chr1	903979	903980	33	0.8446
chr1	904201	904202	34	0.783
chr1	904207	904208	26	0.6198
chr1	904226	904227	32	0.8153
chr1	904273	904274	28	0.7233
chr1	904302	904303	28	0.6192
chr1	904350	904351	33	0.706
chr1	904379	904380	31	0.782
chr1	904405	904406	25	0.9065
chr1	904434	904435	29	0.7542
chr1	904451	904452	28	0.4702
chr1	904480	904481	21	0.7717
chr1	904503	904504	27	0.8586
chr1	904553	904554	27	0.7733
chr1	904575	904576	30	0.6128
chr1	904600	904601	16	0.8511
chr1	904627	904628	20	0.6677
chr1	904642	904643	31	0.6166
chr1	904662	904663	28	0.7341
chr1	904712	904713	37	0.7958
chr1	904748	904749	31	0.8331
chr1	904763	904764	34	0.8502
chr1	904787	904788	31	0.7828
chr1	904887	904888	22	0.8254
chr1	904937	904938	38	0.7435
chr1	905022	905023	31	0.6696
chr1	905078	905079	33	0.8466
chr1	905178	905179	25	0.6803
chr1	905278	905279	27	0.8502
chr1	905304	905305	29	0.8375
chr1	905322	905323	25	0.9005
chr1	905360	905361	30	0.7458
chr1	905410	905411	26	0.8314
chr1	905441	905442	31	0.8012
chr1	905491	905492	29	0.7136
chr1	905519	905520	27	0.6156
chr1	905545	905546	30	0.5238
chr1	905567	905568	33	0.7315
chr1	905598	905599	20	0.6449
chr1	905648	905649	23	0.5333
chr1	905693	905694	29	0.8648
chr1	905720	905721	35	0.7919
chr1	905770	905771	20	0.7095
chr1	905809	905810	31	0.9433
chr1	905817	905818	39	0.7843
chr1	905896	905897	30	0.8259
chr1	905996	905997	24	0.6474
chr1	906067	906068	27	0.6182
chr1	906167	906168	31	0.7507
chr1	906267	906268	34	0.7913
chr1	906285	906286	26	0.7446
chr1	906300	906301	29	0.4856
chr1	906331	906332	36	0.2272
chr1	906381	906382	27	0.4372
chr1	906409	906410	23	0.3665
chr1	906442	906443	28	0.3531
chr1	906462	906463	33	0.2041
chr1	906491	906492	30	0.2956
chr1	906506	906507	27	0.3444
chr1	906524	906525	22	0.389
chr1	906546	906547	31	0.3887
chr1	906575	906576	32	0.3056
chr1	906590	906591	25	0.3279
chr1	906605	906606	26	0.2448
chr1	906627	906628	31	0.3221
chr1	906651	906652	29	0.5163
chr1	906701	906702	26	0.1817
chr1	906722	906723	33	0.1661
chr1	906737	906738	31	0.205
chr1	906771	906772	30	0.3342
chr1	906795	906796	27	0.239
chr1	906796	906797	31	0.4328
chr1	906896	906897	25	0.3644
chr1	906996	906997	31	0.3449
chr1	907047	907048	28	0.2868
chr1	907147	907148	27	0.2278
chr1	907197	907198	36	0.2943
chr1	907247	907248	30	0.3094
chr1	907313	907314	26	0.1633
chr1	907324	907325	21	0.6859
chr1	907342	907343	30	0.9718
chr1	907358	907359	20	0.9115
chr1	907401	907402	35	0.8509
chr1	907451	907452	30	0.8886
chr1	907473	907474	32	0.6916
chr1	907505	907506	31	0.7611
chr1	907555	907556	33	0.9224
chr1	907574	907575	26	0.8403
chr1	907594	907595	41	0.6861
chr1	907617	907618	19	0.7286
chr1	907660	907661	26	0.7567
chr1	907720	907721	29	0.8718
chr1	907763	907764	20	0.8644
chr1	907792	907793	23	0.778
chr1	907807	907808	35	0.6137
chr1	907817	907818	34	0.8868
chr1	907913	907914	28	0.8825
chr1	907963	907964	36	0.8077
chr1	908013	908014	31	0.8375
chr1	908113	908114	31	0.7841
chr1	908213	908214	27	0.7583
chr1	908269	908270	26	0.7552
chr1	908289	908290	37	0.8184
chr1	908299	908300	31	0.7242
chr1	908314	908315	23	0.7187
chr1	908352	908353	32	0.6242
chr1	908373	908374	39	0.7513
chr1	908391	908392	33	0.8047
chr1	908406	908407	25	0.6882
chr1	908440	908441	31	0.7721
chr1	908473	908474	29	0.5934
chr1	908500	908501	31	0.7526
chr1	908526	908527	25	0.7221
chr1	908576	908577	27	0.8016
chr1	908611	908612	29	0.8112
chr1	908627	908628	29	0.6029
chr1	908677	908678	21	0.662
chr1	908700	908701	30	0.6192
chr1	908715	908716	33	0.6652
chr1	908730	908731	36	0.8094
chr1	908768	908769	30	0.6767
chr1	908783	908784	28	0.7994
chr1	908797	908798	28	0.7511
chr1	908897	908898	31	0.5654
chr1	908952	908953	29	0.8361
chr1	909033	909034	30	0.6278
chr1	909100	909101	31	0.6528
chr1	909200	909201	31	0.7932
chr1	909256	909257	27	0.705
chr1	909296	909297	36	0.9321
chr1	909332	909333	27	0.8388
chr1	909374	909375	32	0.9741
chr1	909488	909489	28	0.8842
chr1	909622	909623	36	0.9623
chr1	909630	909631	33	0.8051
chr1	909680	909681	32	0.6618
chr1	909696	909697	24	0.7913
chr1	909728	909729	25	0.5924
chr1	909743	909744	38	0.5392
chr1	909762	909763	32	0.6888
chr1	909812	909813	34	0.6895
chr1	909860	909861	32	0.8168
chr1	909889	909890	32	0.8327
chr1	909915	909916	33	0.7477
chr1	909965	909966	36	0.8682
chr1	910001	910002	30	0.7949
chr1	910043	910044	27	0.5733
chr1	910085	910086	33	0.7654
chr1	910102	910103	25	0.6729
chr1	910103	910104	27	0.778
chr1	910185	910186	37	0.5369
chr1	910235	910236	31	0.7888
chr1	910335	910336	28	0.6265
chr1	910435	910436	31	0.7066
chr1	910535	910536	37	0.792
chr1	910573	910574	26	0.8945
chr1	910579	910580	33	0.7968
chr1	910587	910588	23	0.8562
chr1	910645	910646	23	0.7964
chr1	910713	910714	35	0.981
chr1	910809	910810	34	0.995
chr1	910877	910878	25	0.9703
chr1	910957	910958	25	0.8431
chr1	910991	910992	20	1.0
chr1	911010	911011	23	0.9799
chr1	911060	911061	28	0.8979
chr1	911079	911080	30	0.9101
chr1	911123	911124	34	1.0
chr1	911164	911165	29	0.9219
chr1	911179	911180	31	0.8492
chr1	911211	911212	33	0.9062
chr1	911245	911246	34	0.8589
chr1	911269	911270	20	0.7887
chr1	911296	911297	36	0.914
chr1	911346	911347	33	0.8759
chr1	911396	911397	34	0.8359
chr1	911411	911412	29	0.8456
chr1	911430	911431	28	1.0
chr1	911462	911463	33	0.998
chr1	911562	911563	31	0.8124
chr1	911662	911663	28	0.711
chr1	911747	911748	29	0.8354
chr1	911847	911848	37	1.0
chr1	911902	911903	34	1.0
chr1	911904	911905	27	1.0
chr1	911912	911913	35	0.7553
chr1	911929	911930	19	0.673
chr1	911969	911970	30	0.8038
chr1	911998	911999	29	0.73
chr1	912048	912049	30	0.8966
chr1	912081	912082	26	0.7135
chr1	912114	912115	37	0.739
chr1	912145	912146	37	0.7906
chr1	912195	912196	18	0.8731
chr1	912218	912219	27	0.7243
chr1	912255	912256	28	0.8632
chr1	912277	912278	16	0.8014
chr1	912307	912308	31	0.786
chr1	912327	912328	33	1.0
chr1	912351	912352	33	0.9016
chr1	912366	912367	26	0.8328
chr1	912385	912386	28	0.9065
chr1	912485	912486	34	0.738
chr1	912585	912586	34	0.6581
chr1	912685	912686	36	0.6694
chr1	912785	912786	18	0.7721
chr1	912829	912830	22	0.9715
chr1	912839	912840	34	0.2437
chr1	912856	912857	31	0.1988
chr1	912871	912872	29	0.1242
chr1	912921	912922	23	0.1396
chr1	912967	912968	39	0.2011
chr1	912987	912988	31	0.1065
chr1	913026	913027	33	0.1237
chr1	913057	913058	26	0.0963
chr1	913094	913095	21	0.2696
chr1	913132	913133	33	0.1599
chr1	913182	913183	31	0.067
chr1	913214	913215	25	0.1525
chr1	913245	913246	34	0.1055
chr1	913268	913269	31	0.2278
chr1	913292	913293	30	0.1874
chr1	913324	913325	25	0.09
chr1	913424	913425	29	0.1408
chr1	913524	913525	28	0.1268
chr1	913583	913584	30	0.1616
chr1	913683	913684	23	0.2037
chr1	913783	913784	34	0.0965
chr1	913979	913980	26	0.0124
chr1	914109	914110	35	0.0815
chr1	914115	914116	33	0.2262
chr1	914143	914144	32	0.0797
chr1	914205	914206	28	0.1411
chr1	914219	914220	29	0.0959
chr1	914227	914228	29	0.7155
chr1	914264	914265	25	0.5896
chr1	914314	914315	33	0.631
chr1	914359	914360	23	0.5281
chr1	914379	914380	26	0.6222
chr1	914397	914398	24	0.7496
chr1	914447	914448	31	0.5442
chr1	914473	914474	19	0.4722
chr1	914488	914489	37	0.5241
chr1	914514	914515	31	0.6687
chr1	914543	914544	29	0.448
chr1	914593	914594	31	0.7381
chr1	914640	914641	27	0.5871
chr1	914690	914691	25	0.7925
chr1	914699	914700	34	0.649
chr1	914799	914800	26	0.6863
chr1	914899	914900	34	0.7271
chr1	914999	915000	32	0.6186
chr1	915049	915050	22	0.7351
chr1	915149	915150	36	0.629
chr1	915169	915170	31	0.8007
chr1	915185	915186	27	0.8796
chr1	915213	915214	35	0.7203
chr1	915527	915528	29	0.6748
chr1	915625	915626	29	0.8716
chr1	915649	915650	32	0.4735
chr1	915695	915696	24	0.753
chr1	915710	915711	21	0.7331
chr1	915740	915741	30	0.86
chr1	915755	915756	31	0.6755
chr1	915773	915774	30	0.713
chr1	915796	915797	40	0.6393
chr1	915845	915846	32	0.754
chr1	915879	915880	23	0.7005
chr1	915909	915910	29	0.7464
chr1	915959	915960	25	0.6664
chr1	916009	916010	42	0.8712
chr1	916038	916039	27	0.9259
chr1	916062	916063	28	0.763
chr1	916087	916088	22	0.6851
chr1	916128	916129	28	0.7055
chr1	916148	916149	22	0.757
chr1	916198	916199	22	0.7718
chr1	916214	916215	28	0.8235
chr1	916314	916315	32	0.6573
chr1	916414	916415	29	0.8241
chr1	916464	916465	26	0.942
chr1	916546	916547	36	0.7611
chr1	916603	916604	25	0.9197
chr1	916657	916658	34	0.6957
chr1	916726	916727	33	0.8659
chr1	916750	916751	21	0.9323
chr1	916816	916817	35	0.6094
chr1	916846	916847	35	0.6926
chr1	916877	916878	28	0.5207
chr1	916927	916928	21	0.6426
chr1	916966	916967	22	0.7987
chr1	916981	916982	29	0.5355
chr1	916996	916997	32	0.651
chr1	917036	917037	34	0.6381
chr1	917051	917052	30	0.6636
chr1	917098	917099	33	0.6367
chr1	917133	917134	37	0.7983
chr1	917149	917150	30	0.698
chr1	917198	917199	35	0.7573
chr1	917248	917249	31	0.6028
chr1	917298	917299	29	0.5346
chr1	917325	917326	31	0.5856
chr1	917375	917376	30	0.5752
chr1	917408	917409	29	0.5177
chr1	917433	917434	31	0.7034
chr1	917446	917447	33	0.7271
chr1	917546	917547	28	0.6839
chr1	917596	917597	40	0.7616
chr1	917665	917666	28	0.7243
chr1	917765	917766	36	0.7652
chr1	917865	917866	27	0.782
chr1	917965	917966	35	0.7231
chr1	918015	918016	29	0.7736
chr1	918021	918022	32	0.667
chr1	918109	918110	32	0.854
chr1	918130	918131	29	0.8099
chr1	918177	918178	38	0.6993
chr1	918193	918194	22	0.8911
chr1	918224	918225	23	0.8292
chr1	918254	918255	32	0.8307
chr1	918270	918271	27	0.8948
chr1	918320	918321	24	0.8293
chr1	918365	918366	35	0.796
chr1	918391	918392	27	0.9093
chr1	918410	918411	29	0.8415
chr1	918443	918444	35	0.8592
chr1	918475	918476	35	0.6817
chr1	918520	918521	34	0.8465
chr1	918535	918536	29	0.822
chr1	918563	918564	39	0.9474
chr1	918578	918579	26	0.8905
chr1	918583	918584	35	0.7599
chr1	918633	918634	34	0.5746
chr1	918733	918734	25	0.8633
chr1	918788	918789	32	0.8743
chr1	918888	918889	27	0.9371
chr1	918954	918955	26	0.6704
chr1	919038	919039	38	0.6678
chr1	919051	919052	26	0.8616
chr1	919083	919084	36	0.8628
chr1	919129	919130	27	0.8989
chr1	919149	919150	32	0.8645
chr1	919199	919200	27	0.9372
chr1	919235	919236	26	0.8138
chr1	919256	919257	23	0.8709
chr1	919271	919272	25	0.9151
chr1	919321	919322	38	0.9112
chr1	919344	919345	38	0.9429
chr1	919370	919371	32	0.9153
chr1	919417	919418	27	0.8851
chr1	919466	919467	28	0.8418
chr1	919486	919487	38	0.8279
chr1	919536	919537	28	0.9965
chr1	919560	919561	33	0.8166
chr1	919585	919586	33	0.8275
chr1	919685	919686	26	0.8071
chr1	919785	919786	31	0.8955
chr1	919866	919867	21	0.7993
chr1	919966	919967	34	0.8879
chr1	920066	920067	33	1.0
chr1	920116	920117	24	0.8776
chr1	920118	920119	34	1.0
chr1	920166	920167	18	0.6857
chr1	920186	920187	33	0.7107
chr1	920236	920237	26	0.513
chr1	920271	920272	28	0.7364
chr1	920308	920309	37	0.6685
chr1	920341	920342	24	0.5773
chr1	920377	920378	22	0.5921
chr1	920419	920420	30	0.696
chr1	920469	920470	35	0.6539
chr1	920502	920503	25	0.7255
chr1	920526	920527	29	0.7118
chr1	920559	920560	29	0.7199
chr1	920588	920589	20	0.8905
chr1	920631	920632	42	0.724
chr1	920651	920652	30	0.6612
chr1	920722	920723	27	0.8667
chr1	920776	920777	36	0.7359
chr1	920876	920877	33	0.6569
chr1	920976	920977	27	0.7908
chr1	921076	921077	28	0.6255
chr1	921156	921157	27	0.8778
chr1	921170	921171	27	0.1473
chr1	921220	921221	38	0.1054
chr1	921267	921268	38	0.1178
chr1	921305	921306	34	0.1776
chr1	921334	921335	27	0.2268
chr1	921384	921385	40	0.0995
chr1	921428	921429	23	0.2203
chr1	921463	921464	22	0.1495
chr1	921494	921495	32	0.1317
chr1	921522	921523	26	0.1038
chr1	921568	921569	31	0.2077
chr1	921584	921585	23	0.2031
chr1	921684	921685	26	0.1118
chr1	921784	921785	34	0.1931
chr1	921884	921885	32	0.164
chr1	921984	921985	30	0.2324
chr1	922070	922071	28	0.007
chr1	922080	922081	29	0.392
chr1	922095	922096	35	0.2857
chr1	922132	922133	38	0.2959
chr1	922161	922162	36	0.4083
chr1	922203	922204	24	0.3445
chr1	922228	922229	34	0.3259
chr1	922248	922249	33	0.1835
chr1	922272	922273	26	0.1836
chr1	922292	922293	27	0.4869
chr1	922318	922319	16	0.2937
chr1	922368	922369	46	0.2663
chr1	922397	922398	37	0.3445
chr1	922422	922423	29	0.289
chr1	922440	922441	38	0.4267
chr1	922455	922456	31	0.5148
chr1	922480	922481	33	0.2513
chr1	922511	922512	27	0.3555
chr1	922526	922527	23	0.3559
chr1	922545	922546	35	0.2055
chr1	922582	922583	32	0.2557
chr1	922604	922605	27	0.4113
chr1	922694	922695	30	0.456
chr1	922794	922795	24	0.2408
chr1	922894	922895	32	0.2075
chr1	922971	922972	29	0.2132
chr1	923071	923072	28	0.3026
chr1	923121	923122	27	0.3195
chr1	923159	923160	31	0.5545
chr1	923253	923254	31	0.5462
chr1	923297	923298	34	0.7297
chr1	923351	923352	36	0.6612
chr1	923357	923358	22	0.5237
chr1	923417	923418	36	0.4368
chr1	923445	923446	32	0.6235
chr1	923479	923480	29	0.5048
chr1	923557	923558	35	0.5452
chr1	923587	923588	33	0.5327
chr1	923616	923617	37	0.7852
chr1	923646	923647	28	0.7194
chr1	923662	923663	39	0.6993
chr1	923699	923700	29	0.7995
chr1	923717	923718	32	0.8616
chr1	923767	923768	34	0.8993
chr1	923817	923818	37	0.7776
chr1	923843	923844	26	0.7021
chr1	923858	923859	33	0.7953
chr1	923883	923884	33	0.7688
chr1	923932	923933	37	0.7211
chr1	923959	923960	32	0.5615
chr1	923974	923975	33	0.8487
chr1	924011	924012	30	0.8231
chr1	924046	924047	32	0.8848
chr1	924086	924087	16	0.827
chr1	924107	924108	18	0.778
chr1	924134	924135	29	0.9172
chr1	924234	924235	32	0.8061
chr1	924334	924335	26	0.7987
chr1	924394	924395	28	0.8229
chr1	924444	924445	27	0.8328
chr1	924541	924542	35	0.7748
chr1	924600	924601	34	0.8399
chr1	924660	924661	24	0.8665
chr1	924665	924666	28	0.1129
chr1	924682	924683	28	0.3207
chr1	924732	924733	35	0.0741
chr1	924754	924755	29	0.1347
chr1	924785	924786	38	0.1968
chr1	924810	924811	28	0.2405
chr1	924837	924838	26	0.1666
chr1	924852	924853	30	0.1269
chr1	924880	924881	25	0.1816
chr1	924896	924897	32	0.3874
chr1	924917	924918	30	0.3052
chr1	924955	924956	27	0.2933
chr1	924970	924971	28	0.3073
chr1	925020	925021	30	0.3115
chr1	925051	925052	31	0.2513
chr1	925070	925071	23	0.3519
chr1	925085	925086	25	0.3891
chr1	925102	925103	35	0.4249
chr1	925118	925119	32	0.4553
chr1	925154	925155	30	0.4493
chr1	925176	925177	26	0.3296
chr1	925276	925277	24	0.2749
chr1	925364	925365	27	0.1941
chr1	925464	925465	28	0.312
chr1	925529	925530	26	0.1158
chr1	925609	925610	19	0.202
chr1	925651	925652	38	0.0
chr1	925747	925748	30	0.2679
chr1	925813	925814	34	0.1501
chr1	925887	925888	27	0.206
chr1	925907	925908	20	0.3342
chr1	926011	926012	40	0.0414
chr1	926047	926048	32	0.1992
chr1	926101	926102	35	0.1911
chr1	926141	926142	29	0.8163
chr1	926164	926165	21	0.7734
chr1	926190	926191	29	0.7498
chr1	926205	926206	36	0.8032
chr1	926222	926223	33	0.6416
chr1	926246	926247	34	0.8461
chr1	926285	926286	31	0.8505
chr1	926300	926301	27	0.6347
chr1	926350	926351	26	0.8465
chr1	926386	926387	35	0.8578
chr1	926436	926437	27	0.8348
chr1	926452	926453	34	0.6706
chr1	926475	926476	30	0.8323
chr1	926496	926497	36	0.5889
chr1	926532	926533	28	0.6964
chr1	926573	926574	24	0.8535
chr1	926627	926628	36	0.7748
chr1	926677	926678	23	0.7289
chr1	926761	926762	33	0.7928
chr1	926857	926858	26	0.7355
chr1	926957	926958	23	0.8337
chr1	926975	926976	32	0.7791
chr1	927057	927058	31	0.8935
chr1	927063	927064	30	0.8368
chr1	927113	927114	22	0.8562
chr1	927132	927133	29	0.8542
chr1	927182	927183	27	0.8477
chr1	927210	927211	24	0.726
chr1	927231	927232	32	0.7513
chr1	927254	927255	37	0.7602
chr1	927272	927273	40	0.8956
chr1	927292	927293	31	0.7831
chr1	927342	927343	22	0.8649
chr1	927359	927360	35	0.6645
chr1	927401	927402	32	0.6766
chr1	927451	927452	34	0.7825
chr1	927480	927481	26	0.7717
chr1	927510	927511	42	0.8517
chr1	927560	927561	31	0.6989
chr1	927572	927573	37	0.715
chr1	927646	927647	35	0.8222
chr1	927746	927747	26	0.7128
chr1	927846	927847	24	0.9118
chr1	927920	927921	37	0.8899
chr1	927970	927971	37	0.7664
chr1	928035	928036	26	0.5918
chr1	928079	928080	35	1.0
chr1	928195	928196	37	1.0
chr1	928219	928220	26	0.9811
chr1	928227	928228	28	0.8901
chr1	928333	928334	27	0.8156
chr1	928409	928410	30	0.8945
chr1	928417	928418	31	0.9242
chr1	928493	928494	36	0.8272
chr1	928533	928534	35	1.0
chr1	928557	928558	24	0.6398
chr1	928603	928604	36	0.7705
chr1	928645	928646	33	0.6653
chr1	928661	928662	39	0.5024
chr1	928711	928712	25	0.7088
chr1	928736	928737	32	0.7865
chr1	928777	928778	31	0.7345
chr1	928816	928817	26	0.7754
chr1	928866	928867	23	0.7061
chr1	928888	928889	33	0.6481
chr1	928914	928915	22	0.6348
chr1	928954	928955	26	0.7528
chr1	929004	929005	39	0.7737
chr1	929049	929050	28	0.7956
chr1	929071	929072	37	0.7893
chr1	929086	929087	32	0.8507
chr1	929110	929111	28	0.6068
chr1	929141	929142	35	0.6939
chr1	929157	929158	30	0.7773
chr1	929225	929226	31	0.6829
chr1	929275	929276	34	0.6457
chr1	929375	929376	21	0.7877
chr1	929475	929476	29	0.6974
chr1	929548	929549	23	0.6073
chr1	929605	929606	34	0.6019
chr1	929705	929706	23	0.8801
chr1	929763	929764	22	0.6473
chr1	929797	929798	30	0.6346
chr1	929806	929807	25	0.6049
chr1	929856	929857	32	0.4906
chr1	929877	929878	30	0.4877
chr1	929892	929893	27	0.414
chr1	929914	929915	30	0.6211
chr1	929953	929954	14	0.4447
chr1	929995	929996	32	0.4774
chr1	930037	930038	26	0.364
chr1	930071	930072	31	0.3931
chr1	930103	930104	24	0.4004
chr1	930125	930126	33	0.4941
chr1	930155	930156	21	0.4585
chr1	930180	930181	33	0.4519
chr1	930203	930204	37	0.418
chr1	930218	930219	27	0.4407
chr1	930235	930236	24	0.381
chr1	930243	930244	28	0.3528
chr1	930319	930320	32	0.4536
chr1	930419	930420	36	0.3655
chr1	930469	930470	31	0.6294
chr1	930531	930532	25	0.6237
chr1	930631	930632	26	0.4473
chr1	930665	930666	31	0.7214
chr1	930669	930670	22	0.8005
chr1	930713	930714	29	0.9244
chr1	930783	930784	33	0.7398
chr1	930899	930900	34	0.6485
chr1	931011	931012	26	0.762
chr1	931103	931104	34	0.8637
chr1	931105	931106	27	0.8202
chr1	931131	931132	30	0.7608
chr1	931160	931161	32	0.8774
chr1	931175	931176	28	0.8071
chr1	931191	931192	28	0.8396
chr1	931241	931242	33	0.9308
chr1	931269	931270	31	0.8552
chr1	931300	931301	24	0.6582
chr1	931350	931351	27	0.9691
chr1	931365	931366	24	0.8708
chr1	931415	931416	14	0.7896
chr1	931440	931441	41	0.7795
chr1	931484	931485	31	0.6239
chr1	931507	931508	36	0.7974
chr1	931533	931534	28	0.7215
chr1	931548	931549	28	0.8147
chr1	931579	931580	25	0.9642
chr1	931608	931609	23	0.7685
chr1	931708	931709	22	0.5928
chr1	931778	931779	35	0.7311
chr1	931828	931829	35	0.8206
chr1	931928	931929	34	0.913
chr1	932010	932011	27	0.8684
chr1	932026	932027	32	0.7005
chr1	932068	932069	27	0.8128
chr1	932082	932083	38	0.6754
chr1	932098	932099	25	0.7099
chr1	932123	932124	36	0.7127
chr1	932158	932159	32	0.6998
chr1	932179	932180	30	0.7013
chr1	932202	932203	25	0.7294
chr1	932248	932249	30	0.6688
chr1	932265	932266	31	0.6752
chr1	932307	932308	30	0.8671
chr1	932330	932331	24	0.6849
chr1	932380	932381	29	0.729
chr1	932404	932405	34	0.7601
chr1	932422	932423	23	0.857
chr1	932443	932444	27	0.8977
chr1	932485	932486	32	0.7317
chr1	932506	932507	30	0.7971
chr1	932556	932557	25	0.7487
chr1	932598	932599	28	0.6478
chr1	932633	932634	31	0.8567
chr1	932715	932716	30	0.8766
chr1	932815	932816	25	0.8838
chr1	932915	932916	16	0.7638
chr1	932965	932966	34	0.7476
chr1	933065	933066	28	0.8747
chr1	933165	933166	23	0.6645
chr1	933179	933180	28	0.7827
chr1	933261	933262	34	0.932
chr1	933268	933269	32	0.2092
chr1	933294	933295	27	0.3479
chr1	933319	933320	33	0.2447
chr1	933342	933343	36	0.2338
chr1	933392	933393	31	0.1584
chr1	933419	933420	26	0.1292
chr1	933452	933453	27	0.341
chr1	933479	933480	31	0.1163
chr1	933505	933506	23	0.0882
chr1	933555	933556	22	0.2166
chr1	933594	933595	31	0.1149
chr1	933620	933621	25	0.178
chr1	933659	933660	34	0.0893
chr1	933687	933688	35	0.3498
chr1	933725	933726	27	0.1738
chr1	933772	933773	38	0.3055
chr1	933813	933814	36	0.1609
chr1	933814	933815	24	0.1605
chr1	933914	933915	26	0.0854
chr1	933992	933993	36	0.2314
chr1	934045	934046	35	0.3366
chr1	934145	934146	29	0.4184
chr1	934245	934246	30	0.1346
chr1	934345	934346	25	0.0715
chr1	934453	934454	28	0.0712
chr1	934477	934478	32	0.1842
chr1	934623	934624	28	0.0443
chr1	934645	934646	26	0.1718
chr1	934653	934654	25	0.1745
chr1	934693	934694	32	0.287
chr1	934739	934740	27	0.7814
chr1	934754	934755	29	0.7691
chr1	934789	934790	27	0.7139
chr1	934807	934808	30	0.8338
chr1	934839	934840	36	0.6348
chr1	934861	934862	12	0.7299
chr1	934894	934895	29	0.9559
chr1	934939	934940	23	0.6627
chr1	934959	934960	34	0.6511
chr1	934979	934980	33	0.8458
chr1	935011	935012	35	0.8203
chr1	935035	935036	36	0.839
chr1	935062	935063	28	0.6942
chr1	935097	935098	31	0.5861
chr1	935141	935142	29	0.7384
chr1	935154	935155	29	0.6966
chr1	935250	935251	28	0.8007
chr1	935300	935301	35	0.7534
chr1	935350	935351	24	0.7881
chr1	935440	935441	31	0.6845
chr1	935490	935491	34	0.6973
chr1	935498	935499	27	0.8837
chr1	935520	935521	24	0.7973
chr1	935533	935534	31	0.6826
chr1	935551	935552	39	0.7209
chr1	935579	935580	39	0.8128
chr1	935609	935610	34	0.8473
chr1	935650	935651	31	0.7577
chr1	935668	935669	20	0.6903
chr1	935683	935684	25	0.4705
chr1	935703	935704	30	0.5562
chr1	935735	935736	34	0.8862
chr1	935762	935763	37	0.6392
chr1	935789	935790	44	0.7621
chr1	935817	935818	31	0.7229
chr1	935840	935841	38	0.8191
chr1	935856	935857	30	0.7367
chr1	935899	935900	33	0.7326
chr1	935949	935950	22	0.8297
chr1	935984	935985	32	0.7497
chr1	936031	936032	19	0.9309
chr1	936109	936110	31	0.8624
chr1	936170	936171	31	0.888
chr1	936258	936259	30	0.7127
chr1	936346	936347	27	0.9118
chr1	936415	936416	29	0.8586
chr1	936515	936516	30	0.7608
chr1	936585	936586	28	0.7317
chr1	936605	936606	31	0.6438
chr1	936645	936646	32	0.38
chr1	936663	936664	35	0.4791
chr1	936695	936696	32	0.326
chr1	936721	936722	31	0.4929
chr1	936763	936764	31	0.9716
chr1	936780	936781	38	0.6704
chr1	936815	936816	30	0.4307
chr1	936845	936846	34	0.8373
chr1	936888	936889	27	0.721
chr1	936938	936939	23	0.7024
chr1	936971	936972	28	0.4713
chr1	937020	937021	31	0.5425
chr1	937035	937036	27	0.4432
chr1	937085	937086	25	0.5441
chr1	937105	937106	28	0.4108
chr1	937148	937149	26	0.8805
chr1	937248	937249	22	0.9916
chr1	937298	937299	32	0.769
chr1	937358	937359	19	0.6513
chr1	937422	937423	24	0.6258
chr1	937497	937498	26	0.4995
chr1	937579	937580	28	0.7544
chr1	937679	937680	28	0.726
chr1	937767	937768	29	0.7495
chr1	937778	937779	27	0.7307
chr1	937804	937805	33	0.8169
chr1	937835	937836	33	0.7548
chr1	937872	937873	29	0.965
chr1	937889	937890	28	0.691
chr1	937931	937932	26	0.8124
chr1	937979	937980	21	0.7145
chr1	938005	938006	20	0.7581
chr1	938055	938056	23	0.6788
chr1	938080	938081	35	0.9516
chr1	938102	938103	29	0.7262
chr1	938132	938133	26	0.8087
chr1	938155	938156	37	0.7238
chr1	938183	938184	31	0.84
chr1	938199	938200	34	0.7782
chr1	938249	938250	24	0.7676
chr1	938289	938290	30	0.8045
chr1	938300	938301	42	0.8374
chr1	938400	938401	20	0.6673
chr1	938500	938501	25	0.6933
chr1	938550	938551	31	0.86
chr1	938630	938631	29	0.854
chr1	938694	938695	28	0.7858
chr1	938781	938782	30	0.7488
chr1	938795	938796	29	0.7805
chr1	938845	938846	36	0.8857
chr1	938883	938884	19	0.7331
chr1	938931	938932	27	0.7419
chr1	938950	938951	37	0.792
chr1	938971	938972	27	0.7509
chr1	939017	939018	23	0.9286
chr1	939057	939058	29	0.9078
chr1	939085	939086	38	0.749
chr1	939101	939102	34	0.8215
chr1	939123	939124	29	0.91
chr1	939152	939153	22	0.8138
chr1	939196	939197	32	0.9128
chr1	939221	939222	34	0.8659
chr1	939243	939244	36	0.8445
chr1	939285	939286	29	0.8089
chr1	939332	939333	27	0.868
chr1	939338	939339	30	0.6041
chr1	939438	939439	31	0.8824
chr1	939500	939501	27	0.6717
chr1	939570	939571	32	0.6074
chr1	939670	939671	30	0.7775
chr1	939770	939771	27	0.7758
chr1	939856	939857	29	0.9104
chr1	939863	939864	37	0.6606
chr1	939894	939895	30	0.8197
chr1	939915	939916	28	0.7262
chr1	939934	939935	26	0.8204
chr1	939949	939950	32	0.6619
chr1	939967	939968	29	0.6523
chr1	939984	939985	29	0.7441
chr1	940028	940029	24	0.7354
chr1	940046	940047	13	0.7142
chr1	940061	940062	23	0.6559
chr1	940108	940109	33	0.832
chr1	940132	940133	28	0.799
chr1	940147	940148	33	0.5412
chr1	940167	940168	28	0.7023
chr1	940197	940198	30	0.7404
chr1	940220	940221	25	0.7106
chr1	940270	940271	29	0.7711
chr1	940311	940312	24	0.5418
chr1	940329	940330	22	0.6297
chr1	940344	940345	29	0.6732
chr1	940444	940445	30	0.8313
chr1	940544	940545	20	0.8166
chr1	940644	940645	24	0.5865
chr1	940744	940745	16	0.7859
chr1	940754	940755	37	0.9145
chr1	940922	940923	22	0.8541
chr1	941006	941007	31	1.0
chr1	941064	941065	31	0.8401
chr1	941216	941217	29	0.8261
chr1	941225	941226	29	0.395
chr1	941275	941276	22	0.4006
chr1	941301	941302	20	0.2805
chr1	941325	941326	25	0.3181
chr1	941370	941371	27	0.2286
chr1	941414	941415	34	0.3443
chr1	941432	941433	35	0.3657
chr1	941447	941448	30	0.4423
chr1	941496	941497	25	0.3656
chr1	941522	941523	25	0.3434
chr1	941537	941538	29	0.2504
chr1	941587	941588	25	0.4629
chr1	941605	941606	28	0.3826
chr1	941647	941648	36	0.3381
chr1	941697	941698	26	0.3214
chr1	941729	941730	22	0.3063
chr1	941749	941750	33	0.5129
chr1	941750	941751	35	0.3165
chr1	941850	941851	39	0.2733
chr1	941938	941939	32	0.3876
chr1	942035	942036	30	0.395
chr1	942135	942136	36	0.3349
chr1	942228	942229	34	0.4265
chr1	942232	942233	26	0.7807
chr1	942234	942235	29	0.8416
chr1	942362	942363	30	0.655
chr1	942418	942419	37	0.8182
chr1	942502	942503	28	0.6721
chr1	942508	942509	29	0.6981
chr1	942514	942515	31	0.692
chr1	942604	942605	22	0.6872
chr1	942638	942639	30	0.5677
chr1	942728	942729	33	0.6616
chr1	942736	942737	32	0.639
chr1	942762	942763	30	0.6345
chr1	942780	942781	30	0.7065
chr1	942796	942797	37	0.658
chr1	942831	942832	31	0.6571
chr1	942858	942859	44	0.6714
chr1	942894	942895	18	0.7022
chr1	942913	942914	41	0.6548
chr1	942953	942954	38	0.6667
chr1	942979	942980	29	0.8629
chr1	943006	943007	24	0.6296
chr1	943056	943057	30	0.6411
chr1	943106	943107	33	0.6341
chr1	943132	943133	28	0.6345
chr1	943181	943182	25	0.6709
chr1	943227	943228	34	0.8114
chr1	943252	943253	22	0.7191
chr1	943302	943303	31	0.6293
chr1	943352	943353	27	0.7329
chr1	943452	943453	33	0.6179
chr1	943552	943553	33	0.744
chr1	943621	943622	25	0.4744
chr1	943721	943722	29	0.7346
chr1	943791	943792	28	0.9968
chr1	943873	943874	23	0.8957
chr1	943957	943958	29	0.9561
chr1	943977	943978	32	0.9155
chr1	944029	944030	31	0.9221
chr1	944093	944094	30	1.0
chr1	944099	944100	32	0.7417
chr1	944103	944104	29	0.8549
chr1	944125	944126	34	0.3295
chr1	944147	944148	29	0.2536
chr1	944196	944197	33	0.3107
chr1	944241	944242	30	0.3335
chr1	944267	944268	33	0.1167
chr1	944292	944293	33	0.2674
chr1	944311	944312	26	0.2368
chr1	944339	944340	30	0.1985
chr1	944388	944389	23	0.2046
chr1	944438	944439	26	0.3359
chr1	944476	944477	32	0.3111
chr1	944516	944517	22	0.3998
chr1	944544	944545	32	0.3787
chr1	944559	944560	31	0.3388
chr1	944574	944575	24	0.1937
chr1	944603	944604	33	0.3038
chr1	944621	944622	27	0.3201
chr1	944623	944624	26	0.2984
chr1	944719	944720	24	0.3668
chr1	944809	944810	29	0.314
chr1	944899	944900	23	0.2805
chr1	944999	945000	33	0.2322
chr1	945099	945100	33	0.1628
chr1	945109	945110	26	0.0428
chr1	945117	945118	28	0.1644
chr1	945139	945140	32	0.4616
chr1	945160	945161	35	0.2771
chr1	945210	945211	22	0.2515
chr1	945260	945261	24	0.2979
chr1	945281	945282	36	0.2844
chr1	945328	945329	27	0.3176
chr1	945378	945379	20	0.3116
chr1	945420	945421	34	0.392
chr1	945457	945458	28	0.1981
chr1	945496	945497	30	0.3677
chr1	945596	945597	26	0.343
chr1	945696	945697	27	0.3256
chr1	945746	945747	28	0.3722
chr1	945846	945847	34	0.3991
chr1	945888	945889	31	0.0869
chr1	945958	945959	30	0.0797
chr1	946048	946049	29	0.0
chr1	946058	946059	33	0.0453
chr1	946066	946067	29	0.1497
chr1	946188	946189	32	0.3545
chr1	946338	946339	29	0.0741
chr1	946381	946382	20	0.8103
chr1	946408	946409	34	0.7962
chr1	946434	946435	32	0.7661
chr1	946475	946476	32	0.7189
chr1	946490	946491	29	0.8096
chr1	946516	946517	37	0.7666
chr1	946558	946559	28	0.7706
chr1	946600	946601	32	0.8274
chr1	946618	946619	43	0.9282
chr1	946636	946637	28	0.8976
chr1	946657	946658	34	0.7314
chr1	946707	946708	26	0.7584
chr1	946722	946723	29	0.7111
chr1	946755	946756	29	0.7012
chr1	946775	946776	28	0.8372
chr1	946811	946812	40	0.8122
chr1	946888	946889	21	0.8356
chr1	946988	946989	24	0.9349
chr1	947075	947076	33	0.8949
chr1	947175	947176	18	0.84
chr1	947239	947240	33	0.8828
chr1	947289	947290	39	0.9738
chr1	947312	947313	36	0.7196
chr1	947329	947330	28	0.7572
chr1	947379	947380	23	0.9378
chr1	947429	947430	33	0.7186
chr1	947460	947461	20	0.7452
chr1	947475	947476	33	0.896
chr1	947490	947491	32	0.6686
chr1	947507	947508	30	0.9464
chr1	947522	947523	34	0.8167
chr1	947542	947543	26	0.9153
chr1	947564	947565	23	0.7701
chr1	947595	947596	34	0.9102
chr1	947610	947611	25	0.771
chr1	947660	947661	30	0.8503
chr1	947710	947711	23	0.8738
chr1	947740	947741	24	0.7548
chr1	947782	947783	36	0.9313
chr1	947832	947833	35	0.7309
chr1	947843	947844	26	0.84
chr1	947943	947944	31	0.858
chr1	948018	948019	33	0.9252
chr1	948076	948077	29	0.6902
chr1	948176	948177	29	0.7067
chr1	948276	948277	34	0.6996
chr1	948342	948343	41	0.8126
chr1	948344	948345	27	0.826
chr1	948380	948381	28	0.7318
chr1	948417	948418	24	0.6711
chr1	948441	948442	30	0.7616
chr1	948461	948462	29	0.5168
chr1	948476	948477	39	0.5337
chr1	948504	948505	35	0.5887
chr1	948528	948529	29	0.6703
chr1	948543	948544	25	0.6408
chr1	948572	948573	26	0.7801
chr1	948619	948620	29	0.6651
chr1	948645	948646	31	0.655
chr1	948695	948696	25	0.6986
chr1	948717	948718	29	0.4884
chr1	948766	948767	31	0.6063
chr1	948802	948803	27	0.6273
chr1	948852	948853	30	0.824
chr1	948889	948890	21	0.663
chr1	948939	948940	33	0.7592
chr1	949019	949020	26	0.757
chr1	949119	949120	19	0.8241
chr1	949169	949170	24	0.8248
chr1	949269	949270	18	0.528
chr1	949343	949344	30	0.7197
chr1	949347	949348	28	0.8076
chr1	949363	949364	27	0.7482
chr1	949371	949372	35	0.6201
chr1	949386	949387	27	0.7212
chr1	949409	949410	32	0.7231
chr1	949459	949460	28	0.7427
chr1	949492	949493	29	0.3976
chr1	949531	949532	25	0.5291
chr1	949581	949582	20	0.5508
chr1	949613	949614	21	0.3127
chr1	949662	949663	22	0.5664
chr1	949677	949678	31	0.5453
chr1	949692	949693	31	0.4322
chr1	949711	949712	32	0.4795
chr1	949744	949745	29	0.6682
chr1	949788	949789	16	0.5441
chr1	949803	949804	33	0.414
chr1	949835	949836	33	0.4564
chr1	949885	949886	34	0.6022
chr1	949905	949906	33	0.5495
chr1	950005	950006	27	0.7691
chr1	950090	950091	37	0.7198
chr1	950186	950187	27	0.6014
chr1	950250	950251	23	0.5518
chr1	950350	950351	30	0.738
chr1	950384	950385	25	0.7682
chr1	950402	950403	31	0.8086
chr1	950416	950417	36	0.6636
chr1	950462	950463	28	0.5037
chr1	950720	950721	29	0.9011
chr1	950753	950754	29	0.6647
chr1	950778	950779	33	0.7768
chr1	950802	950803	35	0.6911
chr1	950817	950818	28	0.7734
chr1	950832	950833	40	0.5804
chr1	950856	950857	30	0.7866
chr1	950888	950889	24	0.7797
chr1	950928	950929	29	0.6224
chr1	950951	950952	29	0.6066
chr1	950979	950980	29	0.878
chr1	951029	951030	36	0.7358
chr1	951052	951053	33	0.7005
chr1	951100	951101	25	0.7072
chr1	951150	951151	19	0.7559
chr1	951176	951177	31	0.7873
chr1	951191	951192	33	0.6389
chr1	951230	951231	28	0.7049
chr1	951245	951246	29	0.6811
chr1	951246	951247	32	0.6492
chr1	951346	951347	29	0.7928
chr1	951446	951447	34	0.7433
chr1	951546	951547	30	0.6619
chr1	951646	951647	33	0.6321
chr1	951701	951702	34	0.8428
chr1	951791	951792	33	0.9128
chr1	951821	951822	29	0.8159
chr1	951871	951872	32	0.7799
chr1	951921	951922	37	0.7837
chr1	951937	951938	28	0.7978
chr1	951959	951960	35	0.897
chr1	951974	951975	29	0.9688
chr1	952004	952005	25	0.7871
chr1	952051	952052	40	0.7024
chr1	952081	952082	30	0.9236
chr1	952103	952104	29	0.9207
chr1	952132	952133	35	0.8312
chr1	952177	952178	32	0.8647
chr1	952219	952220	28	0.7528
chr1	952241	952242	35	0.7842
chr1	952272	952273	26	0.8008
chr1	952304	952305	29	0.8375
chr1	952327	952328	34	0.9062
chr1	952342	952343	32	0.8221
chr1	952347	952348	37	0.9167
chr1	952447	952448	32	0.7452
chr1	952547	952548	24	0.8504
chr1	952625	952626	26	0.7321
chr1	952725	952726	26	0.7784
chr1	952825	952826	23	0.6914
chr1	952869	952870	30	0.8458
chr1	952873	952874	20	0.7496
chr1	952883	952884	29	0.5522
chr1	952933	952934	30	0.5582
chr1	952975	952976	27	0.5631
chr1	952997	952998	41	0.5227
chr1	953047	953048	31	0.5453
chr1	953062	953063	28	0.6614
chr1	953092	953093	42	0.5632
chr1	953118	953119	31	0.533
chr1	953155	953156	24	0.5611
chr1	953199	953200	35	0.5821
chr1	953242	953243	40	0.548
chr1	953282	953283	37	0.5977
chr1	953316	953317	29	0.5855
chr1	953340	953341	28	0.6086
chr1	953405	953406	28	0.5157
chr1	953505	953506	20	0.7306
chr1	953568	953569	35	0.6218
chr1	953668	953669	17	0.595
chr1	953758	953759	36	0.6211
chr1	953858	953859	35	0.695
chr1	953908	953909	32	0.8815
chr1	953914	953915	23	0.8327
chr1	953962	953963	27	0.4523
chr1	953986	953987	27	0.8583
chr1	954036	954037	31	0.7484
chr1	954068	954069	28	0.7126
chr1	954172	954173	27	0.7144
chr1	954205	954206	22	0.7591
chr1	954255	954256	25	0.8049
chr1	954279	954280	27	0.8336
chr1	954302	954303	31	0.7795
chr1	954330	954331	33	0.8876
chr1	954380	954381	29	0.829
chr1	954414	954415	27	0.7236
chr1	954434	954435	16	0.7611
chr1	954484	954485	35	0.875
chr1	954505	954506	34	0.6686
chr1	954536	954537	32	0.9124
chr1	954562	954563	36	0.799
chr1	954612	954613	35	0.8041
chr1	954649	954650	18	0.8565
chr1	954664	954665	28	0.8326
chr1	954699	954700	30	0.9762
chr1	954779	954780	19	0.8183
chr1	954879	954880	29	0.7575
chr1	954979	954980	34	0.7438
chr1	955079	955080	24	0.6779
chr1	955179	955180	28	0.85
chr1	955227	955228	26	0.8245
chr1	955272	955273	35	0.7151
chr1	955309	955310	26	0.7772
chr1	955359	955360	29	0.718
chr1	955403	955404	23	0.7562
chr1	955450	955451	37	0.8748
chr1	955472	955473	33	0.5949
chr1	955498	955499	28	0.5735
chr1	955523	955524	28	0.8711
chr1	955555	955556	36	0.8563
chr1	955583	955584	31	0.771
chr1	955604	955605	21	0.7493
chr1	955634	955635	23	0.6717
chr1	955658	955659	32	0.6256
chr1	955675	955676	24	0.6321
chr1	955719	955720	32	0.7426
chr1	955745	955746	37	0.7342
chr1	955761	955762	25	0.7065
chr1	955850	955851	23	0.8472
chr1	955950	955951	26	0.7539
chr1	956017	956018	28	0.694
chr1	956117	956118	30	0.7769
chr1	956187	956188	35	0.8036
chr1	956277	956278	28	0.8809
chr1	956312	956313	27	0.8827
chr1	956362	956363	32	0.8096
chr1	956412	956413	33	1.0
chr1	956453	956454	35	0.8579
chr1	956503	956504	30	0.6729
chr1	956530	956531	20	0.7337
chr1	956559	956560	26	0.7989
chr1	956595	956596	28	0.7117
chr1	956625	956626	27	0.6724
chr1	956659	956660	29	0.8388
chr1	956701	956702	26	0.6439
chr1	956751	956752	30	0.8496
chr1	956801	956802	29	0.786
chr1	956818	956819	36	0.7196
chr1	956837	956838	36	0.7789
chr1	956881	956882	30	0.6101
chr1	956900	956901	32	0.5856
chr1	956905	956906	19	0.6271
chr1	956959	956960	33	0.632
chr1	957047	957048	34	0.9236
chr1	957143	957144	23	0.6439
chr1	957225	957226	26	0.7169
chr1	957318	957319	32	0.7516
chr1	957418	957419	44	0.7739
chr1	957485	957486	27	0.7098
chr1	957533	957534	29	0.8811
chr1	957563	957564	29	0.6812
chr1	957577	957578	41	0.7576
chr1	957601	957602	25	0.905
chr1	957634	957635	31	0.8507
chr1	957684	957685	36	0.8956
chr1	957705	957706	32	0.8618
chr1	957723	957724	33	0.7741
chr1	957748	957749	23	0.7636
chr1	957768	957769	33	0.8514
chr1	957818	957819	25	0.7649
chr1	957848	957849	34	0.6738
chr1	957896	957897	29	0.8417
chr1	957946	957947	27	0.8711
chr1	957996	957997	31	0.7746
chr1	958024	958025	37	0.662
chr1	958067	958068	34	0.8281
chr1	958079	958080	34	0.8361
chr1	958179	958180	29	0.8397
chr1	958254	958255	29	0.5931
chr1	958304	958305	24	0.7238
chr1	958404	958405	28	0.7618
chr1	958504	958505	25	0.7319
chr1	958556	958557	28	0.8126
chr1	958582	958583	36	0.7349
chr1	958627	958628	32	0.7594
chr1	958645	958646	30	0.9521
chr1	958660	958661	27	0.8274
chr1	958710	958711	37	0.9
chr1	958745	958746	27	0.8425
chr1	958764	958765	29	0.765
chr1	958780	958781	34	0.8412
chr1	958811	958812	28	0.5889
chr1	958835	958836	25	0.6904
chr1	958885	958886	29	0.6405
chr1	958917	958918	31	0.8623
chr1	958944	958945	34	0.9015
chr1	958959	958960	24	0.6876
chr1	958977	958978	23	0.7335
chr1	959020	959021	32	0.7511
chr1	959043	959044	27	0.7261
chr1	959143	959144	34	0.7943
chr1	959228	959229	28	0.8498
chr1	959328	959329	23	0.8056
chr1	959407	959408	32	0.6186
chr1	959469	959470	20	0.8255
chr1	959481	959482	30	0.7197
chr1	959530	959531	33	0.7836
chr1	959567	959568	21	0.9277
chr1	959599	959600	33	0.9527
chr1	959633	959634	31	0.924
chr1	959683	959684	32	0.8935
chr1	959717	959718	31	0.6827
chr1	959737	959738	37	0.7339
chr1	959760	959761	19	0.7424
chr1	959775	959776	39	0.8237
chr1	959802	959803	18	0.8516
chr1	959852	959853	30	0.9715
chr1	959902	959903	25	0.8021
chr1	959926	959927	26	0.9575
chr1	959945	959946	30	0.7596
chr1	959976	959977	22	0.8644
chr1	960000	960001	30	0.726
chr1	960031	960032	39	0.8006
chr1	960063	960064	30	0.7309
chr1	960073	960074	26	0.8709
chr1	960173	960174	27	0.6661
chr1	960243	960244	36	0.8058
chr1	960330	960331	28	0.7872
chr1	960430	960431	36	0.7796
chr1	960530	960531	25	0.7218
chr1	960580	960581	34	0.6844
chr1	960632	960633	34	0.9483
chr1	960641	960642	33	0.7516
chr1	960658	960659	34	0.8002
chr1	960697	960698	28	0.7301
chr1	960719	960720	34	0.673
chr1	960759	960760	31	0.7198
chr1	960787	960788	29	0.8342
chr1	960834	960835	23	0.7675
chr1	960849	960850	34	0.7147
chr1	960899	960900	38	0.6566
chr1	960940	960941	24	0.6696
chr1	960955	960956	24	0.8265
chr1	960976	960977	34	0.64
chr1	961012	961013	28	0.8389
chr1	961040	961041	28	0.5713
chr1	961090	961091	38	0.9495
chr1	961140	961141	27	0.8865
chr1	961180	961181	32	0.8288
chr1	961183	961184	33	0.5438
chr1	961266	961267	27	0.5733
chr1	961324	961325	37	0.7184
chr1	961423	961424	29	0.7726
chr1	961523	961524	32	0.657
chr1	961623	961624	33	0.7303
chr1	961696	961697	28	0.7995
chr1	961760	961761	31	0.8337
chr1	961788	961789	24	1.0
chr1	961794	961795	28	0.8283
chr1	961816	961817	31	0.9493
chr1	961890	961891	33	0.719
chr1	961926	961927	29	0.732
chr1	961936	961937	16	0.7938
chr1	961951	961952	28	0.6911
chr1	961987	961988	35	0.6969
chr1	962002	962003	31	0.594
chr1	962021	962022	27	0.6558
chr1	962040	962041	20	0.6718
chr1	962078	962079	37	0.6397
chr1	962128	962129	31	0.6056
chr1	962160	962161	26	0.5425
chr1	962191	962192	31	0.7012
chr1	962232	962233	38	0.6014
chr1	962282	962283	34	0.5695
chr1	962307	962308	28	0.7459
chr1	962334	962335	30	0.5635
chr1	962363	962364	29	0.6942
chr1	962413	962414	35	0.8083
chr1	962442	962443	29	0.7855
chr1	962471	962472	31	0.5066
chr1	962490	962491	22	0.6036
chr1	962524	962525	27	0.7895
chr1	962624	962625	32	0.7023
chr1	962722	962723	25	0.885
chr1	962822	962823	27	0.7716
chr1	962922	962923	34	0.8214
chr1	963011	963012	33	0.7136
chr1	963111	963112	20	0.6481
chr1	963163	963164	30	0.9228
chr1	963173	963174	18	0.6342
chr1	963221	963222	27	0.6796
chr1	963225	963226	27	0.8122
chr1	963255	963256	31	0.831
chr1	963283	963284	21	0.7385
chr1	963363	963364	31	0.8035
chr1	963407	963408	28	0.7638
chr1	963519	963520	25	0.7835
chr1	963539	963540	38	0.2282
chr1	963565	963566	33	0.2096
chr1	963608	963609	25	0.1103
chr1	963625	963626	24	0.373
chr1	963645	963646	40	0.1031
chr1	963660	963661	33	0.0694
chr1	963685	963686	30	0.1882
chr1	963735	963736	20	0.1681
chr1	963756	963757	29	0.2512
chr1	963798	963799	28	0.2497
chr1	963826	963827	29	0.1301
chr1	963861	963862	33	0.2173
chr1	963902	963903	24	0.1032
chr1	963936	963937	23	0.2384
chr1	963951	963952	25	0.2109
chr1	963973	963974	29	0.2327
chr1	964023	964024	31	0.2263
chr1	964039	964040	33	0.2217
chr1	964089	964090	33	0.0824
chr1	964125	964126	21	0.3299
chr1	964126	964127	21	0.0681
chr1	964200	964201	26	0.1124
chr1	964250	964251	38	0.269
chr1	964350	964351	30	0.3089
chr1	964450	964451	25	0.0514
chr1	964550	964551	37	0.1726
chr1	964600	964601	26	0.0353
chr1	964700	964701	27	0.057
chr1	964722	964723	33	0.1953
chr1	964724	964725	30	0.0029
chr1	964760	964761	26	0.8378
chr1	964799	964800	30	0.6667
chr1	964849	964850	33	0.9183
chr1	964872	964873	37	0.7612
chr1	964895	964896	26	0.6228
chr1	964919	964920	34	0.7885
chr1	964941	964942	31	0.9616
chr1	964978	964979	23	0.7181
chr1	965000	965001	31	0.6524
chr1	965036	965037	36	0.6792
chr1	965053	965054	25	0.7254
chr1	965084	965085	27	0.7989
chr1	965104	965105	31	0.8636
chr1	965146	965147	30	0.6914
chr1	965177	965178	28	0.6436
chr1	965224	965225	26	0.675
chr1	965240	965241	24	0.795
chr1	965253	965254	28	0.681
chr1	965303	965304	35	0.8103
chr1	965402	965403	29	0.7297
chr1	965452	965453	32	0.8376
chr1	965525	965526	30	0.5984
chr1	965589	965590	38	0.9783
chr1	965687	965688	29	0.9545
chr1	965709	965710	29	0.8853
chr1	965720	965721	28	0.6418
chr1	965742	965743	25	0.8101
chr1	965791	965792	28	0.8606
chr1	965828	965829	29	0.7065
chr1	965858	965859	38	0.8577
chr1	965888	965889	30	0.6587
chr1	965905	965906	33	0.6069
chr1	965924	965925	26	0.6745
chr1	965957	965958	34	0.7825
chr1	966007	966008	30	0.7367
chr1	966049	966050	28	0.7599
chr1	966064	966065	30	0.5841
chr1	966085	966086	30	0.7627
chr1	966121	966122	25	0.8727
chr1	966146	966147	22	0.7109
chr1	966196	966197	27	0.6038
chr1	966214	966215	27	0.7615
chr1	966249	966250	25	0.6507
chr1	966259	966260	38	0.8311
chr1	966359	966360	30	0.5414
chr1	966409	966410	20	0.9787
chr1	966507	966508	33	0.6704
chr1	966607	966608	34	0.7654
chr1	966707	966708	24	0.8393
chr1	966759	966760	30	0.9147
chr1	966805	966806	27	0.7179
chr1	966828	966829	38	0.6507
chr1	966846	966847	29	0.6254
chr1	966861	966862	31	0.5999
chr1	966890	966891	34	0.7553
chr1	966912	966913	32	0.7111
chr1	966927	966928	41	0.6703
chr1	966977	966978	26	0.7613
chr1	966996	966997	29	0.8345
chr1	967046	967047	26	0.9722
chr1	967094	967095	28	0.5884
chr1	967126	967127	29	0.6856
chr1	967156	967157	27	0.8003
chr1	967172	967173	26	0.6361
chr1	967195	967196	28	0.6309
chr1	967211	967212	38	0.5753
chr1	967238	967239	26	0.6356
chr1	967288	967289	30	0.7284
chr1	967295	967296	25	0.8215
chr1	967395	967396	24	0.7636
chr1	967495	967496	28	0.8704
chr1	967595	967596	26	0.8732
chr1	967695	967696	39	0.8357
chr1	967791	967792	32	0.7994
chr1	967815	967816	28	0.6184
chr1	967840	967841	24	0.8053
chr1	967866	967867	31	0.6331
chr1	967905	967906	20	0.8299
chr1	967939	967940	29	0.7181
chr1	967989	967990	29	0.756
chr1	968031	968032	36	0.6631
chr1	968046	968047	31	0.7223
chr1	968077	968078	32	0.4764
chr1	968127	968128	28	0.7765
chr1	968177	968178	24	0.7244
chr1	968227	968228	37	0.6716
chr1	968244	968245	29	0.8218
chr1	968274	968275	25	0.6204
chr1	968345	968346	32	0.6577
chr1	968445	968446	29	0.6376
chr1	968545	968546	30	0.6038
chr1	968599	968600	25	0.6919
chr1	968699	968700	28	0.811
chr1	968771	968772	30	0.786
chr1	968785	968786	30	0.5811
chr1	968814	968815	24	0.9433
chr1	968843	968844	32	0.953
chr1	968870	968871	42	0.8953
chr1	968885	968886	33	0.7931
chr1	968913	968914	19	0.7959
chr1	968963	968964	37	0.8857
chr1	968994	968995	28	0.7723
chr1	969029	969030	39	0.8912
chr1	969065	969066	27	0.9002
chr1	969115	969116	24	0.8432
chr1	969135	969136	32	0.804
chr1	969153	969154	42	0.7779
chr1	969177	969178	27	0.8167
chr1	969209	969210	33	0.8631
chr1	969237	969238	25	0.7557
chr1	969253	969254	33	0.8548
chr1	969288	969289	34	0.8074
chr1	969320	969321	26	0.867
chr1	969420	969421	31	0.8462
chr1	969498	969499	30	0.7959
chr1	969548	969549	37	0.8893
chr1	969598	969599	30	0.9082
chr1	969661	969662	27	0.907
chr1	969761	969762	31	0.8105
chr1	969789	969790	21	0.817
chr1	969826	969827	32	0.3007
chr1	969849	969850	30	0.3221
chr1	969882	969883	33	0.0371
chr1	969932	969933	31	0.4458
chr1	969982	969983	34	0.3243
chr1	969998	969999	36	0.3894
chr1	970019	970020	31	0.2185
chr1	970039	970040	37	0.5067
chr1	970059	970060	26	0.535
chr1	970109	970110	30	0.0216
chr1	970134	970135	28	0.0
chr1	970163	970164	35	0.5386
chr1	970213	970214	26	0.0
chr1	970238	970239	31	0.1953
chr1	970268	970269	31	0.3173
chr1	970272	970273	28	0.5109
chr1	970322	970323	27	0.3145
chr1	970422	970423	34	0.0
chr1	970500	970501	26	0.828
chr1	970600	970601	40	0.0194
chr1	970669	970670	30	0.5331
chr1	970699	970700	26	0.563
chr1	970769	970770	32	0.0
chr1	970800	970801	22	0.6362
chr1	970848	970849	35	0.7738
chr1	970893	970894	33	0.7557
chr1	970935	970936	31	0.7618
chr1	970985	970986	34	0.9368
chr1	971025	971026	23	0.7346
chr1	971057	971058	38	0.5504
chr1	971095	971096	29	0.6391
chr1	971110	971111	28	0.6508
chr1	971160	971161	23	0.851
chr1	971204	971205	23	0.7671
chr1	971223	971224	22	0.6692
chr1	971245	971246	34	0.7738
chr1	971283	971284	27	0.9586
chr1	971299	971300	29	0.7046
chr1	971304	971305	23	0.8467
chr1	971404	971405	34	0.7395
chr1	971478	971479	30	0.7205
chr1	971531	971532	35	0.766
chr1	971624	971625	35	0.8354
chr1	971715	971716	35	0.7139
chr1	971739	971740	23	0.8309
chr1	971748	971749	21	0.4828
chr1	971765	971766	25	0.4656
chr1	971801	971802	36	0.6329
chr1	971816	971817	32	0.4837
chr1	971866	971867	31	0.6344
chr1	971886	971887	33	0.5706
chr1	971918	971919	21	0.5764
chr1	971939	971940	30	0.4977
chr1	971970	971971	28	0.5249
chr1	971998	971999	31	0.6312
chr1	972025	972026	30	0.6274
chr1	972043	972044	35	0.6354
chr1	972065	972066	27	0.5484
chr1	972115	972116	21	0.505
chr1	972142	972143	32	0.5227
chr1	972166	972167	36	0.5815
chr1	972200	972201	39	0.6154
chr1	972226	972227	32	0.7813
chr1	972268	972269	29	0.6567
chr1	972294	972295	32	0.5621
chr1	972394	972395	33	0.5552
chr1	972494	972495	30	0.6805
chr1	972594	972595	32	0.6427
chr1	972694	972695	27	0.6082
chr1	972758	972759	31	0.6221
chr1	972888	972889	27	0.8541
chr1	973040	973041	29	0.8365
chr1	973088	973089	20	0.8728
chr1	973166	973167	20	0.9318
chr1	973186	973187	33	0.7404
chr1	973194	973195	31	0.7192
chr1	973204	973205	31	0.844
chr1	973209	973210	30	0.8181
chr1	973237	973238	28	0.7334
chr1	973284	973285	27	0.717
chr1	973334	973335	24	0.9866
chr1	973354	973355	32	0.7253
chr1	973376	973377	30	0.7885
chr1	973391	973392	32	0.837
chr1	973411	973412	27	0.7643
chr1	973451	973452	18	0.9168
chr1	973501	973502	24	0.8263
chr1	973516	973517	35	0.6632
chr1	973556	973557	29	0.7651
chr1	973581	973582	32	0.896
chr1	973615	973616	28	0.8448
chr1	973665	973666	37	0.6346
chr1	973695	973696	28	0.6478
chr1	973795	973796	30	0.654
chr1	973881	973882	32	0.6561
chr1	973954	973955	26	0.6924
chr1	974047	974048	26	0.788
chr1	974118	974119	35	0.5467
chr1	974170	974171	28	0.8117
chr1	974270	974271	27	0.487
chr1	974380	974381	34	0.6703
chr1	974408	974409	29	0.6359
chr1	974482	974483	28	0.6726
chr1	974490	974491	35	0.6458
chr1	974492	974493	31	0.6585
chr1	974498	974499	24	0.5343
chr1	974512	974513	37	0.6305
chr1	974544	974545	38	0.6647
chr1	974668	974669	29	0.695
chr1	974705	974706	35	0.887
chr1	974723	974724	28	0.8858
chr1	974748	974749	30	0.8226
chr1	974786	974787	30	0.7803
chr1	974825	974826	38	0.7011
chr1	974850	974851	37	0.8424
chr1	974893	974894	23	0.7929
chr1	974943	974944	33	0.877
chr1	974979	974980	29	0.654
chr1	975010	975011	36	0.6565
chr1	975032	975033	27	0.8139
chr1	975058	975059	28	0.7638
chr1	975075	975076	32	0.6883
chr1	975093	975094	32	0.6041
chr1	975120	975121	28	0.8281
chr1	975149	975150	19	0.8289
chr1	975193	975194	33	0.7103
chr1	975293	975294	27	0.6036
chr1	975393	975394	32	0.7824
chr1	975493	975494	29	0.8235
chr1	975588	975589	24	0.7834
chr1	975645	975646	26	0.7237
chr1	975707	975708	25	0.9704
chr1	975720	975721	27	0.0354
chr1	975738	975739	32	0.1373
chr1	975760	975761	31	0.3131
chr1	975810	975811	17	0.3564
chr1	975859	975860	33	0.3045
chr1	975889	975890	26	0.085
chr1	975930	975931	25	0.088
chr1	975980	975981	23	0.1629
chr1	976020	976021	25	0.3114
chr1	976050	976051	29	0.1006
chr1	976077	976078	36	0.2758
chr1	976104	976105	28	0.1008
chr1	976136	976137	28	0.0214
chr1	976159	976160	33	0.2617
chr1	976175	976176	27	0.1865
chr1	976194	976195	34	0.2744
chr1	976210	976211	17	0.0
chr1	976247	976248	31	0.2852
chr1	976276	976277	32	0.1041
chr1	976326	976327	35	0.199
chr1	976341	976342	35	0.1533
chr1	976342	976343	27	0.3343
chr1	976415	976416	29	0.2105
chr1	976465	976466	34	0.3256
chr1	976565	976566	33	0.0432
chr1	976664	976665	34	0.0
chr1	976764	976765	23	0.0919
chr1	976844	976845	29	0.2268
chr1	976944	976945	24	0.3489
chr1	976972	976973	31	0.0042
chr1	976984	976985	27	0.4574
chr1	977034	977035	30	0.6279
chr1	977081	977082	24	0.7832
chr1	977114	977115	32	0.6441
chr1	977162	977163	29	0.4567
chr1	977191	977192	37	0.5922
chr1	977224	977225	31	0.449
chr1	977265	977266	31	0.5052
chr1	977315	977316	27	0.678
chr1	977352	977353	32	0.6425
chr1	977392	977393	26	0.5669
chr1	977420	977421	30	0.7832
chr1	977436	977437	29	0.6469
chr1	977457	977458	28	0.7119
chr1	977495	977496	31	0.4374
chr1	977595	977596	30	0.5181
chr1	977684	977685	23	0.7365
chr1	977784	977785	33	0.6618
chr1	977848	977849	16	0.7094
chr1	977948	977949	35	0.7256
chr1	977964	977965	24	0.7328
chr1	978008	978009	28	0.3719
chr1	978025	978026	23	0.9087
chr1	978071	978072	22	0.8945
chr1	978101	978102	30	0.6287
chr1	978119	978120	30	1.0
chr1	978152	978153	25	1.0
chr1	978202	978203	28	0.6066
chr1	978228	978229	38	0.9018
chr1	978258	978259	30	0.6515
chr1	978288	978289	31	1.0
chr1	978303	978304	16	0.9039
chr1	978338	978339	38	1.0
chr1	978382	978383	28	0.353
chr1	978400	978401	39	0.5182
chr1	978420	978421	24	0.8402
chr1	978454	978455	34	1.0
chr1	978478	978479	32	0.147
chr1	978493	978494	26	0.389
chr1	978514	978515	28	0.667
chr1	978533	978534	33	0.5847
chr1	978613	978614	27	0.9471
chr1	978713	978714	28	0.6016
chr1	978788	978789	23	0.189
chr1	978844	978845	34	1.0
chr1	978914	978915	26	0.8623
chr1	978973	978974	28	0.3449
chr1	979026	979027	35	0.6502
chr1	979102	979103	27	0.5782
chr1	979112	979113	33	1.0
chr1	979159	979160	29	0.8061
chr1	979197	979198	22	0.805
chr1	979222	979223	29	0.791
chr1	979255	979256	20	0.8066
chr1	979276	979277	19	0.8339
chr1	979324	979325	36	0.8894
chr1	979374	979375	38	0.6457
chr1	979389	979390	32	0.8728
chr1	979439	979440	29	0.7317
chr1	979458	979459	31	0.7446
chr1	979476	979477	28	0.8017
chr1	979526	979527	24	0.7626
chr1	979553	979554	32	0.7531
chr1	979591	979592	27	0.7813
chr1	979628	979629	27	0.6361
chr1	979648	979649	32	0.6119
chr1	979675	979676	20	0.5997
chr1	979683	979684	26	0.8004
chr1	979783	979784	29	0.8282
chr1	979883	979884	32	0.8336
chr1	979955	979956	37	0.8722
chr1	980055	980056	28	0.693
chr1	980139	980140	29	0.844
chr1	980206	980207	31	0.6937
chr1	980214	980215	27	0.8417
chr1	980240	980241	33	0.7691
chr1	980266	980267	35	0.7104
chr1	980316	980317	30	0.731
chr1	980339	980340	28	0.7559
chr1	980373	980374	39	0.7271
chr1	980413	980414	27	0.6627
chr1	980433	980434	27	0.8589
chr1	980448	980449	26	0.706
chr1	980498	980499	34	0.8042
chr1	980525	980526	31	0.7019
chr1	980572	980573	31	0.6855
chr1	980617	980618	33	0.6897
chr1	980667	980668	28	0.7242
chr1	980682	980683	28	0.5702
chr1	980732	980733	25	0.6399
chr1	980771	980772	24	0.705
chr1	980831	980832	27	0.728
chr1	980915	980916	27	0.6958
chr1	980965	980966	30	0.6322
chr1	981065	981066	36	0.7532
chr1	981165	981166	32	0.7278
chr1	981265	981266	28	0.7028
chr1	981271	981272	38	0.7355
chr1	981279	981280	35	0.808
chr1	981290	981291	32	0.6791
chr1	981335	981336	25	0.8174
chr1	981368	981369	27	0.7299
chr1	981398	981399	31	0.7067
chr1	981427	981428	30	0.8129
chr1	981455	981456	25	0.7777
chr1	981474	981475	28	0.7957
chr1	981496	981497	33	0.734
chr1	981511	981512	30	0.8234
chr1	981561	981562	25	0.7859
chr1	981576	981577	21	0.7831
chr1	981591	981592	27	0.732
chr1	981623	981624	25	0.5378
chr1	981665	981666	29	0.5526
chr1	981681	981682	33	0.5911
chr1	981731	981732	31	0.5484
chr1	981754	981755	23	0.6253
chr1	981769	981770	32	0.6582
chr1	981819	981820	27	0.6785
chr1	981919	981920	31	0.7006
chr1	982019	982020	31	0.8642
chr1	982119	982120	28	0.6485
chr1	982196	982197	28	0.8362
chr1	982272	982273	24	0.7519
chr1	982281	982282	34	0.6877
chr1	982331	982332	28	0.6655
chr1	982374	982375	26	0.6186
chr1	982403	982404	34	0.5999
chr1	982453	982454	41	0.6395
chr1	982503	982504	38	0.6319
chr1	982523	982524	44	0.7549
chr1	982550	982551	35	0.7317
chr1	982570	982571	35	0.7018
chr1	982615	982616	24	0.7325
chr1	982641	982642	28	0.7533
chr1	982672	982673	28	0.6462
chr1	982684	982685	32	0.668
chr1	982784	982785	26	0.7236
chr1	982834	982835	26	0.836
chr1	982885	982886	31	0.6523
chr1	982985	982986	33	0.7506
chr1	983085	983086	26	0.6602
chr1	983203	983204	24	0.9219
chr1	983267	983268	34	0.8169
chr1	983315	983316	31	0.6243
chr1	983403	983404	25	0.7032
chr1	983435	983436	24	0.8881
chr1	983441	983442	22	0.3354
chr1	983481	983482	32	0.1443
chr1	983497	983498	33	0.2886
chr1	983522	983523	36	0.2517
chr1	983572	983573	34	0.1269
chr1	983622	983623	23	0.409
chr1	983640	983641	29	0.258
chr1	983688	983689	32	0.3044
chr1	983705	983706	35	0.3083
chr1	983772	983773	28	0.3814
chr1	983801	983802	28	0.2637
chr1	983851	983852	38	0.1995
chr1	983895	983896	25	0.3102
chr1	983930	983931	35	0.208
chr1	983952	983953	43	0.3359
chr1	984052	984053	31	0.3696
chr1	984128	984129	38	0.1537
chr1	984222	984223	31	0.3449
chr1	984322	984323	26	0.2833
chr1	984402	984403	34	0.1273
chr1	984554	984555	41	0.0
chr1	984588	984589	28	0.0
chr1	984618	984619	30	0.2252
chr1	984654	984655	30	0.2917
chr1	984726	984727	28	0.1377
chr1	984752	984753	27	0.2102
chr1	984806	984807	26	0.0241
chr1	984812	984813	28	0.1608
chr1	984850	984851	22	0.0792
chr1	986095	986096	31	0.5596
chr1	986126	986127	27	0.626
chr1	986168	986169	31	0.6868
chr1	986202	986203	35	0.6012
chr1	986252	986253	32	0.7892
chr1	986296	986297	34	0.7893
chr1	986319	986320	31	0.616
chr1	986337	986338	29	0.7317
chr1	986365	986366	31	0.8514
chr1	986384	986385	25	0.7812
chr1	986423	986424	36	0.4954
chr1	986473	986474	28	0.783
chr1	986510	986511	35	0.7804
chr1	986532	986533	34	0.5609
chr1	986625	986626	39	0.5699
chr1	986691	986692	31	0.4753
chr1	986743	986744	24	0.6428
chr1	986843	986844	16	0.7215
chr1	986943	986944	31	0.655
chr1	986969	986970	25	0.6824
chr1	986979	986980	28	0.8526
chr1	987013	987014	32	0.6596
chr1	987039	987040	25	0.5657
chr1	987064	987065	31	0.6979
chr1	987110	987111	29	0.737
chr1	987126	987127	38	0.8497
chr1	987176	987177	22	0.8982
chr1	987225	987226	26	0.737
chr1	987256	987257	39	0.5783
chr1	987279	987280	24	0.7251
chr1	987316	987317	26	0.7607
chr1	987333	987334	33	0.6087
chr1	987353	987354	29	0.64
chr1	987379	987380	34	0.7003
chr1	987395	987396	33	0.8077
chr1	987425	987426	30	0.7103
chr1	987475	987476	26	0.6579
chr1	987495	987496	28	0.71
chr1	987527	987528	25	0.6689
chr1	987543	987544	31	0.7328
chr1	987552	987553	27	0.6248
chr1	987652	987653	26	0.6784
chr1	987725	987726	35	0.6002
chr1	987824	987825	27	0.7398
chr1	987924	987925	35	0.6707
chr1	988024	988025	30	0.8368
chr1	988094	988095	29	0.8598
chr1	988127	988128	33	0.1781
chr1	988177	988178	30	0.0
chr1	988206	988207	34	0.1099
chr1	988256	988257	27	0.0196
chr1	988273	988274	26	0.2048
chr1	988288	988289	34	0.1503
chr1	988322	988323	32	0.1626
chr1	988353	988354	27	0.0988
chr1	988368	988369	26	0.1985
chr1	988387	988388	21	0.1078
chr1	988414	988415	37	0.1955
chr1	988455	988456	26	0.1805
chr1	988505	988506	19	0.1446
chr1	988532	988533	27	0.071
chr1	988559	988560	29	0.1166
chr1	988587	988588	22	0.2327
chr1	988613	988614	31	0.1696
chr1	988635	988636	30	0.1276
chr1	988650	988651	29	0.1951
chr1	988715	988716	35	0.1241
chr1	988781	988782	29	0.0993
chr1	988881	988882	37	0.1164
chr1	988931	988932	34	0.2566
chr1	989028	989029	34	0.0906
chr1	989128	989129	23	0.1887
chr1	989152	989153	34	0.1631
chr1	989208	989209	27	0.2505
chr1	989216	989217	23	0.8791
chr1	989237	989238	32	0.9123
chr1	989287	989288	30	0.832
chr1	989337	989338	33	0.9273
chr1	989376	989377	26	0.7005
chr1	989409	989410	29	0.7472
chr1	989440	989441	34	0.7567
chr1	989455	989456	26	0.6067
chr1	989483	989484	24	0.8005
chr1	989520	989521	33	0.7216
chr1	989544	989545	34	0.8116
chr1	989594	989595	39	0.7028
chr1	989619	989620	33	0.6926
chr1	989647	989648	34	0.6813
chr1	989662	989663	23	0.7901
chr1	989679	989680	29	0.8956
chr1	989697	989698	37	0.8397
chr1	989707	989708	38	0.7262
chr1	989760	989761	23	0.7672
chr1	989860	989861	30	0.8021
chr1	989930	989931	23	0.8246
chr1	990030	990031	38	0.7848
chr1	990130	990131	28	0.9662
chr1	990292	990293	34	0.8933
chr1	990300	990301	23	0.9122
chr1	990428	990429	26	0.8812
chr1	990486	990487	28	0.9315
chr1	990538	990539	22	1.0
chr1	990566	990567	24	0.9416
chr1	990607	990608	23	0.9706
chr1	990636	990637	20	0.9737
chr1	990660	990661	31	0.9217
chr1	990691	990692	31	0.7677
chr1	990716	990717	33	0.8899
chr1	990755	990756	38	0.8706
chr1	990797	990798	18	0.9442
chr1	990825	990826	25	0.8226
chr1	990847	990848	26	0.8964
chr1	990865	990866	23	0.78
chr1	990880	990881	34	0.8394
chr1	990901	990902	37	0.8961
chr1	990942	990943	32	0.9169
chr1	990965	990966	34	0.8645
chr1	991006	991007	16	0.8093
chr1	991022	991023	33	0.9806
chr1	991038	991039	36	0.8547
chr1	991039	991040	33	0.7702
chr1	991139	991140	28	0.8851
chr1	991239	991240	18	1.0
chr1	991339	991340	27	0.8547
chr1	991439	991440	33	0.9635
chr1	991508	991509	24	0.9421
chr1	991528	991529	29	0.9552
chr1	991562	991563	22	0.5793
chr1	991598	991599	32	0.6178
chr1	991619	991620	28	0.7259
chr1	991640	991641	26	0.6185
chr1	991689	991690	34	0.6084
chr1	991730	991731	25	0.5403
chr1	991752	991753	21	0.7128
chr1	991802	991803	26	0.5529
chr1	991839	991840	34	0.5272
chr1	991854	991855	31	0.501
chr1	991904	991905	23	0.7411
chr1	991954	991955	29	0.6354
chr1	992004	992005	32	0.6627
chr1	992038	992039	26	0.5945
chr1	992061	992062	28	0.6947
chr1	992085	992086	31	0.5146
chr1	992185	992186	27	0.6013
chr1	992285	992286	29	0.6295
chr1	992385	992386	38	0.5705
chr1	992474	992475	22	0.732
chr1	992524	992525	36	0.684
chr1	992586	992587	27	0.6767
chr1	992590	992591	29	0.8405
chr1	992595	992596	23	0.5209
chr1	992634	992635	23	0.5326
chr1	992684	992685	31	0.6261
chr1	992707	992708	36	0.5847
chr1	992722	992723	31	0.4604
chr1	992745	992746	26	0.5196
chr1	992760	992761	31	0.6557
chr1	992801	992802	35	0.4543
chr1	992842	992843	29	0.5025
chr1	992892	992893	30	0.61
chr1	992942	992943	24	0.6547
chr1	992969	992970	30	0.5084
chr1	992984	992985	32	0.5678
chr1	993023	993024	34	0.6297
chr1	993038	993039	22	0.3673
chr1	993136	993137	33	0.7083
chr1	993236	993237	35	0.6255
chr1	993336	993337	27	0.5098
chr1	993436	993437	33	0.6721
chr1	993458	993459	32	0.7607
chr1	993516	993517	31	0.759
chr1	993554	993555	30	0.7084
chr1	993576	993577	28	0.5809
chr1	993654	993655	21	0.7105
chr1	993676	993677	28	0.8248
chr1	993816	993817	33	0.6492
chr1	993832	993833	34	0.7375
chr1	993926	993927	27	0.7796
chr1	993940	993941	21	0.8844
chr1	993976	993977	32	0.6697
chr1	993991	993992	32	0.7192
chr1	994017	994018	35	0.8628
chr1	994038	994039	28	0.6791
chr1	994075	994076	29	0.5286
chr1	994105	994106	21	0.7237
chr1	994120	994121	29	0.7294
chr1	994153	994154	21	0.7487
chr1	994190	994191	27	0.6664
chr1	994205	994206	29	0.6768
chr1	994249	994250	30	0.6951
chr1	994267	994268	29	0.623
chr1	994317	994318	22	0.5543
chr1	994367	994368	35	0.7837
chr1	994374	994375	23	0.7236
chr1	994474	994475	23	0.8134
chr1	994542	994543	41	0.7213
chr1	994597	994598	28	0.5055
chr1	994647	994648	29	0.7606
chr1	994747	994748	29	0.6495
chr1	994797	994798	26	0.7172
chr1	994821	994822	30	0.5338
chr1	994895	994896	26	0.6503
chr1	994904	994905	26	0.8799
chr1	994926	994927	24	0.7937
chr1	994951	994952	41	0.6809
chr1	995001	995002	33	0.666
chr1	995017	995018	37	0.8564
chr1	995067	995068	36	0.9486
chr1	995117	995118	28	0.8834
chr1	995140	995141	30	0.7841
chr1	995156	995157	28	0.8109
chr1	995176	995177	25	0.7765
chr1	995213	995214	30	0.8563
chr1	995236	995237	26	0.9676
chr1	995286	995287	29	0.9283
chr1	995304	995305	26	0.7938
chr1	995337	995338	28	0.712
chr1	995350	995351	37	0.7469
chr1	995450	995451	27	0.7673
chr1	995510	995511	26	0.715
chr1	995610	995611	25	0.7042
chr1	995679	995680	30	0.716
chr1	995744	995745	35	1.0
chr1	996004	996005	23	0.5648
chr1	996098	996099	28	0.645
chr1	996130	996131	32	0.6328
chr1	996172	996173	27	0.5726
chr1	996206	996207	30	0.6539
chr1	996216	996217	32	0.4864
chr1	996233	996234	27	0.8298
chr1	996250	996251	36	0.6767
chr1	996268	996269	20	0.7792
chr1	996283	996284	27	0.9047
chr1	996320	996321	35	0.7968
chr1	996335	996336	29	0.7394
chr1	996366	996367	30	0.6987
chr1	996381	996382	28	0.7886
chr1	996400	996401	25	0.7634
chr1	996423	996424	27	0.8309
chr1	996444	996445	20	0.7673
chr1	996493	996494	38	0.7311
chr1	996538	996539	16	0.7221
chr1	996560	996561	31	0.7584
chr1	996597	996598	30	0.9437
chr1	996612	996613	27	0.7042
chr1	996643	996644	28	0.701
chr1	996650	996651	36	0.8131
chr1	996750	996751	33	0.5661
chr1	996806	996807	34	0.6431
chr1	996856	996857	30	0.7205
chr1	996918	996919	30	0.7254
chr1	997018	997019	9	0.6984
chr1	997092	997093	28	0.9012
chr1	997110	997111	23	0.6951
chr1	997141	997142	30	0.7949
chr1	997174	997175	32	0.6707
chr1	997224	997225	34	0.6443
chr1	997274	997275	36	0.7185
chr1	997324	997325	19	0.7911
chr1	997344	997345	23	0.8833
chr1	997389	997390	28	0.7122
chr1	997419	997420	26	0.6031
chr1	997468	997469	15	0.6526
chr1	997495	997496	28	0.5485
chr1	997531	997532	32	0.6265
chr1	997579	997580	20	0.6405
chr1	997594	997595	30	0.6549
chr1	997644	997645	32	0.744
chr1	997694	997695	31	0.4904
chr1	997699	997700	30	0.7376
chr1	997762	997763	34	0.7001
chr1	997862	997863	22	0.6421
chr1	997962	997963	32	0.6536
chr1	998014	998015	25	0.7447
chr1	998114	998115	24	0.6737
chr1	998188	998189	28	0.747
chr1	998246	998247	28	0.7865
chr1	998284	998285	35	0.6782
chr1	998301	998302	30	0.6762
chr1	998324	998325	28	0.6895
chr1	998374	998375	26	0.8558
chr1	998416	998417	32	0.557
chr1	998445	998446	37	0.6619
chr1	998472	998473	26	0.7314
chr1	998495	998496	33	0.5352
chr1	998515	998516	21	0.6535
chr1	998539	998540	32	0.8899
chr1	998564	998565	30	0.8595
chr1	998595	998596	27	0.6926
chr1	998624	998625	33	0.9713
chr1	998653	998654	34	0.7941
chr1	998694	998695	31	0.7106
chr1	998716	998717	33	0.732
chr1	998751	998752	33	0.7512
chr1	998774	998775	35	0.9593
chr1	998799	998800	32	0.7412
chr1	998899	998900	29	0.6676
chr1	998999	999000	34	0.6554
chr1	999099	999100	33	0.7938
chr1	999199	999200	28	0.9482
chr1	999269	999270	34	0.7942
chr1	999297	999298	31	0.6517
chr1	999311	999312	26	0.6584
chr1	999335	999336	25	0.6135
chr1	999373	999374	24	0.739
chr1	999423	999424	33	0.8989
chr1	999451	999452	37	0.8036
chr1	999501	999502	34	0.7903
chr1	999531	999532	29	0.6467
chr1	999581	999582	29	0.799
chr1	999612	999613	38	0.7145
chr1	999641	999642	34	0.5334
chr1	999674	999675	29	0.5922
chr1	999697	999698	37	0.7174
chr1	999734	999735	30	0.6493
chr1	999763	999764	20	0.8351
chr1	999800	999801	29	0.763
chr1	999831	999832	31	0.5922
chr1	999931	999932	30	0.6883
chr1	1000027	1000028	33	0.7407
chr1	1000127	1000128	32	0.7223
chr1	1000194	1000195	28	0.7481
chr1	1000294	1000295	28	0.6397
chr1	1000344	1000345	29	0.8152
chr1	1000404	1000405	26	0.861
chr1	1000422	1000423	32	0.5355
chr1	1000464	1000465	32	0.391
chr1	1000479	1000480	22	0.3503
chr1	1000504	1000505	33	0.2083
chr1	1000527	1000528	26	0.573
chr1	1000562	1000563	34	0.433
chr1	1000612	1000613	22	0.3681
chr1	1000649	1000650	33	0.4637
chr1	1000668	1000669	30	0.3797
chr1	1000712	1000713	32	0.5167
chr1	1000734	1000735	22	0.4987
chr1	1000783	1000784	31	0.2989
chr1	1000822	1000823	34	0.492
chr1	1000850	1000851	27	0.441
chr1	1000900	1000901	32	0.3036
chr1	1000938	1000939	32	0.622
chr1	1000988	1000989	28	0.465
chr1	1001088	1001089	32	0.4502
chr1	1001188	1001189	25	0.4764
chr1	1001288	1001289	31	0.3157
chr1	1001367	1001368	21	0.2464
chr1	1001433	1001434	35	0.3594
chr1	1001446	1001447	33	0.6922
chr1	1001462	1001463	26	0.7563
chr1	1001478	1001479	35	0.7301
chr1	1001500	1001501	28	0.7086
chr1	1001550	1001551	28	0.8264
chr1	1001575	1001576	28	0.807
chr1	1001601	1001602	27	0.7342
chr1	1001625	1001626	25	0.7813
chr1	1001650	1001651	27	0.7591
chr1	1001700	1001701	24	0.7188
chr1	1001728	1001729	34	0.8136
chr1	1001763	1001764	26	0.7323
chr1	1001785	1001786	31	0.9152
chr1	1001835	1001836	35	0.842
chr1	1001850	1001851	36	0.7032
chr1	1001874	1001875	34	0.7551
chr1	1001897	1001898	29	0.8632
chr1	1001997	1001998	27	0.7509
chr1	1002097	1002098	38	0.8291
chr1	1002185	1002186	29	0.7231
chr1	1002257	1002258	27	0.7682
chr1	1002321	1002322	26	0.6714
chr1	1002323	1002324	25	0.8662
chr1	1002345	1002346	32	0.1102
chr1	1002368	1002369	34	0.0151
chr1	1002389	1002390	41	0.0666
chr1	1002425	1002426	34	0.0654
chr1	1002440	1002441	31	0.12
chr1	1002479	1002480	35	0.0
chr1	1002514	1002515	21	0.1281
chr1	1002545	1002546	24	0.0775
chr1	1002595	1002596	29	0.0
chr1	1002631	1002632	40	0.0493
chr1	1002664	1002665	25	0.1514
chr1	1002701	1002702	23	0.1696
chr1	1002723	1002724	28	0.1262
chr1	1002743	1002744	34	0.2067
chr1	1002793	1002794	31	0.1243
chr1	1002816	1002817	29	0.0
chr1	1002848	1002849	30	0.0213
chr1	1002881	1002882	25	0.1649
chr1	1002896	1002897	29	0.143
chr1	1002946	1002947	25	0.107
chr1	1002954	1002955	24	0.0
chr1	1003054	1003055	29	0.129
chr1	1003121	1003122	23	0.1696
chr1	1003221	1003222	33	0.1224
chr1	1003321	1003322	31	0.1054
chr1	1003421	1003422	31	0.0598
chr1	1003471	1003472	27	0.0
chr1	1003551	1003552	28	0.0571
chr1	1003591	1003592	37	0.6946
chr1	1003618	1003619	18	0.5345
chr1	1003640	1003641	27	0.5722
chr1	1003665	1003666	30	0.6904
chr1	1003680	1003681	33	0.9285
chr1	1003719	1003720	43	0.8036
chr1	1003764	1003765	30	0.7837
chr1	1003779	1003780	32	0.6589
chr1	1003805	1003806	32	0.7922
chr1	1003835	1003836	37	0.8269
chr1	1003857	1003858	31	0.6356
chr1	1003898	1003899	30	0.7077
chr1	1003948	1003949	28	0.6922
chr1	1003970	1003971	19	0.7195
chr1	1004013	1004014	27	0.6426
chr1	1004046	1004047	33	0.6176
chr1	1004063	1004064	37	0.5485
chr1	1004073	1004074	31	0.7734
chr1	1004173	1004174	35	0.6685
chr1	1004223	1004224	35	0.7062
chr1	1004323	1004324	26	0.6256
chr1	1004423	1004424	28	0.6876
chr1	1004481	1004482	37	0.7425
chr1	1004527	1004528	27	0.9513
chr1	1004529	1004530	24	0.6268
chr1	1004576	1004577	33	0.8291
chr1	1004612	1004613	34	0.918
chr1	1004632	1004633	32	0.9016
chr1	1004666	1004667	36	0.7639
chr1	1004700	1004701	33	1.0
chr1	1004726	1004727	35	0.7447
chr1	1004771	1004772	27	0.7878
chr1	1004797	1004798	32	0.7626
chr1	1004812	1004813	26	0.637
chr1	1004842	1004843	35	0.8489
chr1	1004865	1004866	25	0.6844
chr1	1004893	1004894	28	0.7894
chr1	1004928	1004929	34	0.6731
chr1	1004960	1004961	32	0.799
chr1	1004989	1004990	30	0.7831
chr1	1005018	1005019	33	0.8372
chr1	1005053	1005054	38	0.7808
chr1	1005100	1005101	33	0.8775
chr1	1005137	1005138	16	0.8432
chr1	1005237	1005238	36	0.7082
chr1	1005320	1005321	31	0.8222
chr1	1005420	1005421	26	0.6867
chr1	1005489	1005490	36	0.8231
chr1	1005565	1005566	23	0.8107
chr1	1005615	1005616	26	0.611
chr1	1005711	1005712	30	0.9932
chr1	1005716	1005717	32	0.7177
chr1	1005738	1005739	32	0.8055
chr1	1005785	1005786	30	0.7334
chr1	1005805	1005806	27	0.7231
chr1	1005855	1005856	25	0.7688
chr1	1005870	1005871	33	0.6514
chr1	1005889	1005890	39	0.6574
chr1	1005912	1005913	23	0.6531
chr1	1005933	1005934	31	0.7224
chr1	1005960	1005961	27	0.5199
chr1	1005978	1005979	33	0.4677
chr1	1005999	1006000	30	0.4904
chr1	1006031	1006032	31	0.6072
chr1	1006066	1006067	23	0.6648
chr1	1006116	1006117	36	0.7527
chr1	1006141	1006142	22	0.7679
chr1	1006171	1006172	30	0.756
chr1	1006193	1006194	33	0.6839
chr1	1006208	1006209	33	0.7919
chr1	1006300	1006301	36	0.6824
chr1	1006369	1006370	26	0.6266
chr1	1006468	1006469	33	0.6679
chr1	1006568	1006569	31	0.5898
chr1	1006668	1006669	27	0.65
chr1	1006688	1006689	37	0.9583
chr1	1006730	1006731	28	0.9647
chr1	1006778	1006779	23	1.0
chr1	1006784	1006785	26	0.8085
chr1	1006896	1006897	31	0.9974
chr1	1006912	1006913	31	0.7735
chr1	1007008	1007009	33	0.8917
chr1	1007078	1007079	39	1.0
chr1	1007084	1007085	24	0.867
chr1	1007156	1007157	23	0.788
chr1	1007182	1007183	18	0.851
chr1	1007202	1007203	21	0.7531
chr1	1007231	1007232	39	0.7575
chr1	1007268	1007269	37	0.7521
chr1	1007314	1007315	37	0.7256
chr1	1007348	1007349	22	0.6428
chr1	1007363	1007364	41	0.8617
chr1	1007382	1007383	23	0.9576
chr1	1007413	1007414	25	0.9655
chr1	1007429	1007430	29	0.7868
chr1	1007455	1007456	18	0.8654
chr1	1007474	1007475	31	0.7342
chr1	1007508	1007509	35	0.7885
chr1	1007532	1007533	22	0.766
chr1	1007556	1007557	29	0.6743
chr1	1007574	1007575	29	0.8016
chr1	1007589	1007590	26	0.7291
chr1	1007604	1007605	34	0.7795
chr1	1007618	1007619	35	0.7536
chr1	1007718	1007719	30	0.7822
chr1	1007818	1007819	31	0.8201
chr1	1007918	1007919	33	0.8948
chr1	1008018	1008019	31	0.6101
chr1	1008082	1008083	31	0.8944
chr1	1008130	1008131	25	0.7899
chr1	1008150	1008151	22	0.7736
chr1	1008165	1008166	27	0.8717
chr1	1008202	1008203	27	0.6738
chr1	1008228	1008229	26	0.7281
chr1	1008276	1008277	22	0.7921
chr1	1008309	1008310	31	0.814
chr1	1008331	1008332	27	0.72
chr1	1008369	1008370	36	0.7596
chr1	1008384	1008385	33	0.6589
chr1	1008418	1008419	23	0.7695
chr1	1008433	1008434	29	0.5724
chr1	1008459	1008460	37	0.8004
chr1	1008509	1008510	36	0.6966
chr1	1008545	1008546	36	0.6621
chr1	1008559	1008560	33	0.7544
chr1	1008659	1008660	31	0.7476
chr1	1008759	1008760	36	0.681
chr1	1008859	1008860	33	0.9161
chr1	1008909	1008910	25	0.7896
chr1	1008959	1008960	27	0.8327
chr1	1008991	1008992	25	0.7072
chr1	1008999	1009000	26	0.7949
chr1	1009035	1009036	34	0.1823
chr1	1009055	1009056	35	0.0483
chr1	1009105	1009106	39	0.1449
chr1	1009155	1009156	33	0.1868
chr1	1009187	1009188	29	0.0
chr1	1009206	1009207	33	0.2342
chr1	1009242	1009243	24	0.0757
chr1	1009292	1009293	26	0.2237
chr1	1009307	1009308	30	0.1487
chr1	1009324	1009325	32	0.1259
chr1	1009339	1009340	29	0.1083
chr1	1009354	1009355	31	0.0856
chr1	1009393	1009394	32	0.104
chr1	1009415	1009416	34	0.2968
chr1	1009435	1009436	29	0.1154
chr1	1009461	1009462	32	0.0314
chr1	1009501	1009502	33	0.2352
chr1	1009519	1009520	34	0.0589
chr1	1009535	1009536	30	0.0928
chr1	1009553	1009554	38	0.0611
chr1	1009653	1009654	21	0.0
chr1	1009713	1009714	30	0.0827
chr1	1009813	1009814	36	0.0829
chr1	1009913	1009914	29	0.1753
chr1	1009968	1009969	40	0.0589
chr1	1010020	1010021	32	0.0
chr1	1010048	1010049	34	0.0718
chr1	1010068	1010069	26	0.1048
chr1	1010099	1010100	32	0.7443
chr1	1010114	1010115	25	0.6734
chr1	1010129	1010130	27	0.8637
chr1	1010179	1010180	33	0.8134
chr1	1010221	1010222	27	0.7651
chr1	1010253	1010254	32	0.8579
chr1	1010292	1010293	26	0.6864
chr1	1010340	1010341	35	0.8401
chr1	1010390	1010391	31	0.8195
chr1	1010408	1010409	24	0.8231
chr1	1010448	1010449	32	0.7032
chr1	1010463	1010464	26	0.8225
chr1	1010504	1010505	31	0.767
chr1	1010523	1010524	28	0.7967
chr1	1010581	1010582	27	0.8762
chr1	1010681	1010682	28	0.7966
chr1	1010781	1010782	22	0.8607
chr1	1010881	1010882	29	0.7722
chr1	1010917	1010918	32	0.8158
chr1	1010961	1010962	33	0.9062
chr1	1010971	1010972	30	0.4846
chr1	1010986	1010987	34	0.4473
chr1	1011001	1011002	26	0.4601
chr1	1011028	1011029	33	0.3883
chr1	1011055	1011056	26	0.4489
chr1	1011105	1011106	26	0.4438
chr1	1011126	1011127	29	0.4072
chr1	1011160	1011161	26	0.4057
chr1	1011202	1011203	25	0.3698
chr1	1011228	1011229	27	0.5004
chr1	1011271	1011272	29	0.5311
chr1	1011318	1011319	29	0.455
chr1	1011334	1011335	27	0.5398
chr1	1011349	1011350	33	0.4599
chr1	1011369	1011370	30	0.6001
chr1	1011393	1011394	29	0.5935
chr1	1011412	1011413	29	0.5232
chr1	1011435	1011436	28	0.3061
chr1	1011453	1011454	34	0.5703
chr1	1011454	1011455	37	0.449
chr1	1011554	1011555	28	0.4729
chr1	1011654	1011655	30	0.3912
chr1	1011743	1011744	18	0.5469
chr1	1011843	1011844	23	0.4458
chr1	1011897	1011898	28	0.5477
chr1	1011967	1011968	26	0.602
chr1	1012039	1012040	36	0.5768
chr1	1012049	1012050	28	0.6399
chr1	1012051	1012052	38	0.647
chr1	1012257	1012258	21	0.7233
chr1	1012283	1012284	35	0.6879
chr1	1012339	1012340	23	0.453
chr1	1012347	1012348	27	0.7503
chr1	1012366	1012367	24	0.7751
chr1	1012381	1012382	25	0.827
chr1	1012429	1012430	26	0.6764
chr1	1012462	1012463	31	0.6705
chr1	1012499	1012500	31	0.5285
chr1	1012542	1012543	29	0.6833
chr1	1012570	1012571	19	0.5413
chr1	1012610	1012611	27	0.6445
chr1	1012660	1012661	26	0.6604
chr1	1012675	1012676	31	0.7211
chr1	1012725	1012726	33	0.5867
chr1	1012763	1012764	28	0.564
chr1	1012809	1012810	30	0.6238
chr1	1012822	1012823	20	0.622
chr1	1012883	1012884	27	0.7044
chr1	1012951	1012952	28	0.6857
chr1	1013024	1013025	35	0.6752
chr1	1013124	1013125	34	0.6104
chr1	1013224	1013225	31	0.632
chr1	1013274	1013275	27	0.9963
chr1	1013284	1013285	36	0.7724
chr1	1013308	1013309	29	0.8865
chr1	1013316	1013317	31	0.9232
chr1	1013334	1013335	26	0.9092
chr1	1013414	1013415	30	0.7979
chr1	1013584	1013585	33	0.8653
chr1	1013676	1013677	34	0.832
chr1	1013690	1013691	24	0.8428
chr1	1013700	1013701	30	0.3627
chr1	1013715	1013716	26	0.5327
chr1	1013730	1013731	24	0.6599
chr1	1013759	1013760	34	0.5333
chr1	1013774	1013775	33	0.7164
chr1	1013798	1013799	34	0.6075
chr1	1013827	1013828	27	0.7285
chr1	1013847	1013848	29	0.6844
chr1	1013894	1013895	26	0.6855
chr1	1013912	1013913	37	0.6887
chr1	1013937	1013938	29	0.6922
chr1	1013952	1013953	24	0.4866
chr1	1013981	1013982	27	0.6445
chr1	1014031	1014032	30	0.6232
chr1	1014050	1014051	30	0.3762
chr1	1014084	1014085	25	0.7503
chr1	1014099	1014100	22	0.5895
chr1	1014125	1014126	30	0.609
chr1	1014158	1014159	30	0.4279
chr1	1014199	1014200	28	0.4686
chr1	1014277	1014278	24	0.7152
chr1	1014327	1014328	36	0.6788
chr1	1014427	1014428	27	0.4953
chr1	1014503	1014504	34	0.5441
chr1	1014602	1014603	31	0.5932
chr1	1014606	1014607	38	0.8036
chr1	1014632	1014633	26	0.8467
chr1	1014794	1014795	37	0.6106
chr1	1014826	1014827	32	0.8197
chr1	1014988	1014989	26	0.7645
chr1	1014998	1014999	34	0.599
chr1	1015006	1015007	36	0.7736
chr1	1015013	1015014	28	0.927
chr1	1015063	1015064	28	0.765
chr1	1015093	1015094	32	0.6457
chr1	1015113	1015114	39	0.7082
chr1	1015131	1015132	33	0.6881
chr1	1015161	1015162	34	0.8791
chr1	1015211	1015212	34	0.5993
chr1	1015237	1015238	20	0.6972
chr1	1015271	1015272	30	0.5211
chr1	1015296	1015297	36	0.7456
chr1	1015335	1015336	28	0.6172
chr1	1015356	1015357	25	0.6898
chr1	1015373	1015374	35	0.7558
chr1	1015418	1015419	17	0.6396
chr1	1015434	1015435	32	0.6355
chr1	1015477	1015478	28	0.7109
chr1	1015500	1015501	29	0.8279
chr1	1015550	1015551	25	0.7034
chr1	1015650	1015651	31	0.5206
chr1	1015700	1015701	27	0.791
chr1	1015800	1015801	29	0.7514
chr1	1015888	1015889	28	0.6799
chr1	1015938	1015939	33	0.7681
chr1	1015962	1015963	23	0.9281
chr1	1015990	1015991	25	0.894
chr1	1016118	1016119	29	0.8348
chr1	1016120	1016121	22	0.7206
chr1	1016236	1016237	30	0.7376
chr1	1016252	1016253	33	0.8487
chr1	1016308	1016309	20	0.9542
chr1	1016358	1016359	30	0.6499
chr1	1016396	1016397	27	0.6076
chr1	1016398	1016399	35	0.8222
chr1	1016441	1016442	21	0.5688
chr1	1016472	1016473	32	0.8855
chr1	1016499	1016500	18	0.8016
chr1	1016514	1016515	39	0.7174
chr1	1016539	1016540	34	0.8529
chr1	1016561	1016562	34	0.7525
chr1	1016581	1016582	23	0.86
chr1	1016604	1016605	39	0.6745
chr1	1016651	1016652	28	0.6485
chr1	1016701	1016702	38	0.7448
chr1	1016727	1016728	28	0.7547
chr1	1016748	1016749	30	0.7468
chr1	1016763	1016764	31	0.8278
chr1	1016793	1016794	36	0.7912
chr1	1016843	1016844	32	0.7703
chr1	1016886	1016887	31	0.8028
chr1	1016904	1016905	34	0.7343
chr1	1016918	1016919	30	0.7041
chr1	1016990	1016991	22	0.7364
chr1	1017087	1017088	26	0.651
chr1	1017187	1017188	34	0.8082
chr1	1017287	1017288	28	0.8334
chr1	1017337	1017338	28	0.7822
chr1	1017361	1017362	31	0.9586
chr1	1017368	1017369	31	0.2009
chr1	1017385	1017386	37	0.2792
chr1	1017423	1017424	33	0.2468
chr1	1017473	1017474	25	0.2148
chr1	1017499	1017500	39	0.1567
chr1	1017549	1017550	34	0.2442
chr1	1017582	1017583	32	0.2069
chr1	1017632	1017633	20	0.2331
chr1	1017682	1017683	22	0.1757
chr1	1017706	1017707	26	0.0768
chr1	1017742	1017743	27	0.138
chr1	1017757	1017758	26	0.1883
chr1	1017789	1017790	31	0.1767
chr1	1017865	1017866	31	0.2357
chr1	1017965	1017966	33	0.1499
chr1	1018058	1018059	39	0.1886
chr1	1018126	1018127	25	0.1745
chr1	1018192	1018193	34	0.1101
chr1	1018228	1018229	30	0.0726
chr1	1018298	1018299	25	0.1092
chr1	1018376	1018377	31	0.0986
chr1	1018514	1018515	24	0.2213
chr1	1018544	1018545	35	0.2271
chr1	1018548	1018549	30	0.2892
chr1	1018566	1018567	25	0.1256
chr1	1018596	1018597	34	0.1175
chr1	1018600	1018601	42	0.1074
chr1	1018626	1018627	31	0.6034
chr1	1018660	1018661	23	0.6303
chr1	1018679	1018680	28	0.9118
chr1	1018716	1018717	28	0.9193
chr1	1018752	1018753	22	0.7241
chr1	1018777	1018778	32	0.893
chr1	1018827	1018828	31	0.7785
chr1	1018856	1018857	29	0.608
chr1	1018872	1018873	28	0.7509
chr1	1018897	1018898	20	0.5836
chr1	1018925	1018926	32	0.7047
chr1	1018967	1018968	37	0.879
chr1	1019012	1019013	30	0.7194
chr1	1019048	1019049	26	0.7031
chr1	1019081	1019082	27	0.7961
chr1	1019105	1019106	33	0.6164
chr1	1019149	1019150	31	0.8041
chr1	1019172	1019173	33	0.6438
chr1	1019222	1019223	28	0.5206
chr1	1019232	1019233	32	0.7105
chr1	1019332	1019333	17	0.6097
chr1	1019382	1019383	30	0.8654
chr1	1019468	1019469	27	0.7797
chr1	1019564	1019565	30	0.7972
chr1	1019664	1019665	29	0.86
chr1	1019764	1019765	34	0.7472
chr1	1019844	1019845	29	0.5118
chr1	1019858	1019859	31	0.9313
chr1	1019868	1019869	23	0.9352
chr1	1019892	1019893	23	0.7629
chr1	1019942	1019943	30	0.9334
chr1	1019976	1019977	38	0.7627
chr1	1020001	1020002	29	0.6497
chr1	1020028	1020029	28	0.8432
chr1	1020074	1020075	24	0.7167
chr1	1020108	1020109	25	0.9396
chr1	1020158	1020159	24	0.8056
chr1	1020184	1020185	30	1.0
chr1	1020225	1020226	35	0.7725
chr1	1020254	1020255	22	0.9728
chr1	1020354	1020355	26	0.9889
chr1	1020422	1020423	23	0.9005
chr1	1020522	1020523	36	0.6218
chr1	1020585	1020586	37	0.7461
chr1	1020607	1020608	35	0.9797
chr1	1020633	1020634	34	0.894
chr1	1020641	1020642	29	0.446
chr1	1020656	1020657	24	0.4261
chr1	1020704	1020705	37	0.5302
chr1	1020730	1020731	32	0.5952
chr1	1020780	1020781	27	0.4183
chr1	1020812	1020813	22	0.5992
chr1	1020827	1020828	28	0.4614
chr1	1020877	1020878	31	0.5631
chr1	1020892	1020893	30	0.4392
chr1	1020915	1020916	19	0.3912
chr1	1020935	1020936	24	0.4427
chr1	1020973	1020974	32	0.4241
chr1	1020995	1020996	19	0.5006
chr1	1021019	1021020	18	0.4632
chr1	1021046	1021047	23	0.6638
chr1	1021062	1021063	36	0.5088
chr1	1021079	1021080	26	0.4322
chr1	1021097	1021098	22	0.646
chr1	1021197	1021198	26	0.5584
chr1	1021297	1021298	27	0.5871
chr1	1021352	1021353	35	0.5743
chr1	1021435	1021436	38	0.6641
chr1	1021515	1021516	40	0.5843
chr1	1021611	1021612	24	0.7547
chr1	1021625	1021626	35	0.6739
chr1	1021635	1021636	31	0.5734
chr1	1021645	1021646	30	0.8701
chr1	1021709	1021710	31	0.7758
chr1	1021769	1021770	31	0.8502
chr1	1021799	1021800	23	0.6822
chr1	1021853	1021854	32	0.6898
chr1	1021865	1021866	25	0.6897
chr1	1021895	1021896	28	0.7718
chr1	1021943	1021944	23	0.2514
chr1	1021959	1021960	27	0.1925
chr1	1021987	1021988	19	0.0348
chr1	1022017	1022018	24	0.1841
chr1	1022043	1022044	24	0.285
chr1	1022081	1022082	26	0.3101
chr1	1022116	1022117	34	0.1065
chr1	1022157	1022158	30	0.1229
chr1	1022172	1022173	44	0.0343
chr1	1022204	1022205	23	0.0731
chr1	1022247	1022248	30	0.1892
chr1	1022297	1022298	40	0.2577
chr1	1022347	1022348	32	0.1486
chr1	1022397	1022398	26	0.0873
chr1	1022427	1022428	22	0.0862
chr1	1022527	1022528	37	0.1078
chr1	1022627	1022628	26	0.0368
chr1	1022727	1022728	29	0.0647
chr1	1022827	1022828	31	0.0815
chr1	1022863	1022864	24	0.0749
chr1	1022901	1022902	34	0.1691
chr1	1022937	1022938	31	0.1538
chr1	1022986	1022987	28	0.0264
chr1	1023025	1023026	26	0.1068
chr1	1023040	1023041	22	0.0
chr1	1023055	1023056	23	0.2044
chr1	1023083	1023084	18	0.0619
chr1	1023104	1023105	23	0.1111
chr1	1023125	1023126	36	0.0488
chr1	1023152	1023153	24	0.0804
chr1	1023202	1023203	30	0.1153
chr1	1023221	1023222	29	0.0794
chr1	1023258	1023259	21	0.1334
chr1	1023297	1023298	32	0.0614
chr1	1023315	1023316	33	0.0531
chr1	1023346	1023347	35	0.0879
chr1	1023374	1023375	24	0.0554
chr1	1023412	1023413	28	0.0629
chr1	1023512	1023513	26	0.092
chr1	1023579	1023580	28	0.1946
chr1	1023679	1023680	21	0.213
chr1	1023763	1023764	26	0.1587
chr1	1023863	1023864	24	0.092
chr1	1023891	1023892	31	0.1545
chr1	1023963	1023964	32	0.0
chr1	1023970	1023971	26	0.8279
chr1	1023985	1023986	35	0.6836
chr1	1024017	1024018	22	0.6055
chr1	1024067	1024068	26	0.6984
chr1	1024117	1024118	22	0.7684
chr1	1024163	1024164	37	0.782
chr1	1024192	1024193	37	0.7506
chr1	1024218	1024219	37	0.7219
chr1	1024248	1024249	27	0.6519
chr1	1024269	1024270	30	0.7637
chr1	1024310	1024311	30	0.7357
chr1	1024335	1024336	36	0.7247
chr1	1024371	1024372	37	0.7549
chr1	1024395	1024396	26	0.8032
chr1	1024490	1024491	34	0.7675
chr1	1024590	1024591	23	0.8743
chr1	1024690	1024691	32	0.7486
chr1	1024790	1024791	29	0.7871
chr1	1024844	1024845	25	0.893
chr1	1024866	1024867	38	0.8311
chr1	1024886	1024887	38	0.9224
chr1	1024974	1024975	25	0.9754
chr1	1025008	1025009	28	0.8456
chr1	1025010	1025011	36	0.7144
chr1	1025048	1025049	31	1.0
chr1	1025064	1025065	26	0.8108
chr1	1025248	1025249	36	1.0
chr1	1025274	1025275	27	0.8181
chr1	1025289	1025290	22	0.7765
chr1	1025311	1025312	25	0.8071
chr1	1025335	1025336	26	0.7042
chr1	1025380	1025381	26	0.991
chr1	1025417	1025418	25	0.6336
chr1	1025457	1025458	33	0.7103
chr1	1025478	1025479	31	0.6437
chr1	1025495	1025496	32	0.7307
chr1	1025531	1025532	27	0.7598
chr1	1025570	1025571	31	0.8146
chr1	1025607	1025608	25	0.69
chr1	1025632	1025633	30	0.8886
chr1	1025669	1025670	29	0.5723
chr1	1025689	1025690	20	0.7044
chr1	1025704	1025705	33	0.8442
chr1	1025745	1025746	23	0.8618
chr1	1025760	1025761	30	0.8444
chr1	1025789	1025790	34	0.8715
chr1	1025875	1025876	26	0.8976
chr1	1025975	1025976	41	0.8269
chr1	1026042	1026043	31	0.6354
chr1	1026142	1026143	35	0.7339
chr1	1026195	1026196	24	0.8964
chr1	1026295	1026296	31	0.8011
chr1	1026373	1026374	28	0.882
chr1	1026381	1026382	22	0.743
chr1	1026387	1026388	35	0.5776
chr1	1026435	1026436	34	0.6886
chr1	1026453	1026454	27	0.7237
chr1	1026476	1026477	37	0.8255
chr1	1026526	1026527	31	0.7834
chr1	1026565	1026566	22	0.6933
chr1	1026588	1026589	36	0.6209
chr1	1026604	1026605	34	0.5564
chr1	1026642	1026643	39	0.6583
chr1	1026660	1026661	25	0.7468
chr1	1026698	1026699	25	0.795
chr1	1026735	1026736	33	0.6594
chr1	1026785	1026786	26	0.501
chr1	1026833	1026834	25	0.6537
chr1	1026851	1026852	21	0.7828
chr1	1026873	1026874	26	0.6637
chr1	1026921	1026922	32	0.5419
chr1	1026947	1026948	24	0.5939
chr1	1026978	1026979	19	0.7646
chr1	1027053	1027054	25	0.5978
chr1	1027103	1027104	33	0.6772
chr1	1027203	1027204	37	0.5668
chr1	1027258	1027259	30	0.7105
chr1	1027358	1027359	30	0.6997
chr1	1027411	1027412	27	0.7391
chr1	1027461	1027462	31	0.7341
chr1	1027517	1027518	32	0.7412
chr1	1027521	1027522	42	1.0
chr1	1027541	1027542	28	0.8915
chr1	1027547	1027548	22	0.8642
chr1	1027619	1027620	29	0.9751
chr1	1027637	1027638	34	0.8445
chr1	1027701	1027702	26	0.7529
chr1	1027736	1027737	36	0.8009
chr1	1027751	1027752	27	0.862
chr1	1027769	1027770	31	0.9072
chr1	1027804	1027805	31	0.933
chr1	1027821	1027822	31	0.8198
chr1	1027839	1027840	30	0.8191
chr1	1027860	1027861	38	0.6787
chr1	1027900	1027901	31	0.7422
chr1	1027919	1027920	29	0.8408
chr1	1027935	1027936	35	0.8664
chr1	1027967	1027968	34	0.967
chr1	1027994	1027995	28	0.9014
chr1	1028044	1028045	28	0.9075
chr1	1028082	1028083	38	0.8109
chr1	1028101	1028102	32	0.866
chr1	1028133	1028134	34	0.9506
chr1	1028167	1028168	31	0.8556
chr1	1028190	1028191	39	0.8892
chr1	1028214	1028215	30	0.7972
chr1	1028242	1028243	28	0.8467
chr1	1028246	1028247	28	0.9321
chr1	1028323	1028324	27	0.9107
chr1	1028423	1028424	26	0.8953
chr1	1028519	1028520	29	0.8384
chr1	1028602	1028603	29	0.8252
chr1	1028674	1028675	26	0.7503
chr1	1028688	1028689	27	0.9334
chr1	1028730	1028731	26	0.9047
chr1	1028760	1028761	30	0.9236
chr1	1028795	1028796	33	0.8076
chr1	1028810	1028811	25	0.9535
chr1	1028825	1028826	17	0.8012
chr1	1028868	1028869	23	0.7931
chr1	1028899	1028900	32	0.8791
chr1	1028938	1028939	33	0.9252
chr1	1028975	1028976	28	0.8867
chr1	1029001	1029002	37	0.9628
chr1	1029051	1029052	24	0.7717
chr1	1029090	1029091	31	0.7236
chr1	1029118	1029119	35	0.7084
chr1	1029161	1029162	29	0.8654
chr1	1029193	1029194	26	0.8374
chr1	1029219	1029220	35	0.8727
chr1	1029319	1029320	29	0.898
chr1	1029419	1029420	27	0.9006
chr1	1029485	1029486	32	1.0
chr1	1029554	1029555	30	0.8385
chr1	1029625	1029626	23	0.7958
chr1	1029669	1029670	38	0.9394
chr1	1029671	1029672	28	0.8567
chr1	1029703	1029704	37	0.0105
chr1	1029741	1029742	40	0.1448
chr1	1029785	1029786	38	0.0478
chr1	1029815	1029816	28	0.0006
chr1	1029865	1029866	26	0.203
chr1	1029884	1029885	28	0.15
chr1	1029934	1029935	22	0.0623
chr1	1029963	1029964	29	0.0
chr1	1030013	1030014	30	0.0497
chr1	1030041	1030042	35	0.2337
chr1	1030091	1030092	28	0.1128
chr1	1030139	1030140	27	0.1046
chr1	1030172	1030173	29	0.0887
chr1	1030195	1030196	22	0.1224
chr1	1030202	1030203	35	0.24
chr1	1030252	1030253	25	0.1319
chr1	1030352	1030353	24	0.0629
chr1	1030452	1030453	34	0.0
chr1	1030539	1030540	28	0.185
chr1	1030589	1030590	27	0.0357
chr1	1030646	1030647	31	0.0462
chr1	1030686	1030687	25	0.0578
chr1	1030692	1030693	38	0.3034
chr1	1030723	1030724	23	0.3111
chr1	1030744	1030745	33	0.4064
chr1	1030771	1030772	30	0.19
chr1	1030809	1030810	36	0.2413
chr1	1030848	1030849	31	0.2929
chr1	1030883	1030884	29	0.2754
chr1	1030905	1030906	26	0.2675
chr1	1030925	1030926	29	0.3501
chr1	1030960	1030961	30	0.4287
chr1	1031010	1031011	32	0.4119
chr1	1031032	1031033	22	0.1368
chr1	1031080	1031081	28	0.3606
chr1	1031118	1031119	41	0.3185
chr1	1031168	1031169	26	0.2524
chr1	1031175	1031176	28	0.4397
chr1	1031239	1031240	27	0.2979
chr1	1031335	1031336	28	0.3294
chr1	1031435	1031436	33	0.3035
chr1	1031493	1031494	28	0.3012
chr1	1031593	1031594	30	0.2447
chr1	1031619	1031620	36	0.0321
chr1	1031635	1031636	33	0.0403
chr1	1031869	1031870	25	0.1915
chr1	1031871	1031872	32	0.0285
chr1	1031891	1031892	29	0.0796
chr1	1031913	1031914	28	0.1933
chr1	1031941	1031942	26	0.1276
chr1	1031945	1031946	28	0.1125
chr1	1032045	1032046	27	0.1647
chr1	1032059	1032060	29	0.1922
chr1	1032076	1032077	23	0.7752
chr1	1032100	1032101	25	0.9853
chr1	1032135	1032136	32	0.7926
chr1	1032166	1032167	33	0.7226
chr1	1032186	1032187	29	0.9394
chr1	1032223	1032224	30	0.7055
chr1	1032242	1032243	26	0.6416
chr1	1032286	1032287	32	0.7229
chr1	1032324	1032325	30	0.7831
chr1	1032368	1032369	20	0.8404
chr1	1032393	1032394	31	0.9724
chr1	1032443	1032444	25	0.7658
chr1	1032475	1032476	32	0.925
chr1	1032525	1032526	28	0.7797
chr1	1032575	1032576	25	0.8068
chr1	1032599	1032600	31	0.9119
chr1	1032604	1032605	27	0.9137
chr1	1032704	1032705	22	0.7763
chr1	1032754	1032755	27	0.8263
chr1	1032850	1032851	31	0.7041
chr1	1032950	1032951	33	0.8358
chr1	1033025	1033026	28	0.7237
chr1	1033103	1033104	31	0.862
chr1	1033123	1033124	32	0.8748
chr1	1033183	1033184	23	0.929
chr1	1033229	1033230	32	0.6795
chr1	1033262	1033263	25	0.6139
chr1	1033304	1033305	30	0.5922
chr1	1033327	1033328	32	0.682
chr1	1033377	1033378	32	0.6752
chr1	1033400	1033401	38	0.5702
chr1	1033431	1033432	23	0.7268
chr1	1033481	1033482	29	0.3938
chr1	1033523	1033524	39	0.4043
chr1	1033553	1033554	33	0.5834
chr1	1033573	1033574	24	0.5015
chr1	1033597	1033598	34	0.5127
chr1	1033631	1033632	22	0.5947
chr1	1033670	1033671	33	0.623
chr1	1033700	1033701	31	0.654
chr1	1033724	1033725	30	0.5889
chr1	1033775	1033776	37	0.5252
chr1	1033841	1033842	27	0.6718
chr1	1033941	1033942	29	0.6828
chr1	1034041	1034042	30	0.4479
chr1	1034141	1034142	24	0.6007
chr1	1034219	1034220	25	0.615
chr1	1034228	1034229	24	0.5995
chr1	1034250	1034251	30	0.6197
chr1	1034275	1034276	29	0.5748
chr1	1034293	1034294	31	0.6335
chr1	1034317	1034318	25	0.7728
chr1	1034341	1034342	35	0.7612
chr1	1034359	1034360	25	0.8013
chr1	1034374	1034375	30	0.7192
chr1	1034424	1034425	32	0.8647
chr1	1034459	1034460	29	0.6933
chr1	1034483	1034484	25	0.518
chr1	1034515	1034516	28	0.5556
chr1	1034530	1034531	41	0.4452
chr1	1034574	1034575	20	0.5594
chr1	1034624	1034625	33	0.4119
chr1	1034646	1034647	31	0.581
chr1	1034696	1034697	30	0.5382
chr1	1034726	1034727	31	0.4891
chr1	1034765	1034766	20	0.4826
chr1	1034770	1034771	29	0.489
chr1	1034820	1034821	30	0.5891
chr1	1034920	1034921	26	0.7449
chr1	1034970	1034971	30	0.6828
chr1	1035070	1035071	33	0.7523
chr1	1035170	1035171	26	0.7672
chr1	1035270	1035271	29	0.6996
chr1	1035308	1035309	30	0.8462
chr1	1035460	1035461	31	0.8581
chr1	1035468	1035469	29	0.6844
chr1	1035496	1035497	23	0.8357
chr1	1035500	1035501	30	0.7214
chr1	1035514	1035515	30	0.8888
chr1	1035766	1035767	31	0.79
chr1	1035771	1035772	36	0.5597
chr1	1035791	1035792	32	0.5627
chr1	1035820	1035821	23	0.4782
chr1	1035844	1035845	28	0.6023
chr1	1035871	1035872	36	0.5171
chr1	1035921	1035922	18	0.3898
chr1	1035940	1035941	33	0.661
chr1	1035967	1035968	25	0.4698
chr1	1036010	1036011	30	0.5758
chr1	1036035	1036036	37	0.6297
chr1	1036085	1036086	32	0.6627
chr1	1036109	1036110	29	0.6991
chr1	1036129	1036130	27	0.4501
chr1	1036166	1036167	29	0.6329
chr1	1036199	1036200	16	0.5202
chr1	1036249	1036250	36	0.3745
chr1	1036251	1036252	26	0.5195
chr1	1036351	1036352	27	0.3732
chr1	1036431	1036432	29	0.6208
chr1	1036531	1036532	34	0.5742
chr1	1036623	1036624	24	0.5113
chr1	1036723	1036724	24	0.4867
chr1	1036797	1036798	23	0.7866
chr1	1036823	1036824	26	0.7554
chr1	1036829	1036830	36	0.4892
chr1	1036895	1036896	34	0.7567
chr1	1037107	1037108	42	0.7855
chr1	1037131	1037132	31	0.8477
chr1	1037183	1037184	33	0.6711
chr1	1037220	1037221	27	0.779
chr1	1037249	1037250	25	0.7272
chr1	1037274	1037275	32	0.8093
chr1	1037308	1037309	28	0.832
chr1	1037358	1037359	29	0.7233
chr1	1037381	1037382	33	0.6421
chr1	1037424	1037425	17	0.7818
chr1	1037445	1037446	28	0.7727
chr1	1037481	1037482	35	0.8349
chr1	1037510	1037511	23	0.8678
chr1	1037539	1037540	29	0.8696
chr1	1037574	1037575	39	0.7469
chr1	1037608	1037609	33	0.781
chr1	1037640	1037641	31	0.7395
chr1	1037664	1037665	39	0.7536
chr1	1037714	1037715	34	0.7358
chr1	1037764	1037765	26	0.7908
chr1	1037769	1037770	24	0.6198
chr1	1037869	1037870	35	0.8049
chr1	1037919	1037920	31	0.7671
chr1	1038019	1038020	34	0.8042
chr1	1038118	1038119	35	0.7563
chr1	1038218	1038219	34	0.8835
chr1	1038268	1038269	29	0.7292
chr1	1038344	1038345	18	0.6759
chr1	1038348	1038349	31	0.8651
chr1	1038396	1038397	26	0.5957
chr1	1038421	1038422	26	0.6492
chr1	1038436	1038437	19	0.5688
chr1	1038479	1038480	26	0.6521
chr1	1038529	1038530	26	0.7852
chr1	1038557	1038558	34	0.6028
chr1	1038588	1038589	29	0.715
chr1	1038608	1038609	36	0.6939
chr1	1038646	1038647	18	0.4794
chr1	1038666	1038667	22	0.4959
chr1	1038687	1038688	26	0.5462
chr1	1038707	1038708	33	0.6565
chr1	1038757	1038758	24	0.7084
chr1	1038786	1038787	37	0.5801
chr1	1038830	1038831	30	0.7088
chr1	1038866	1038867	26	0.5903
chr1	1038875	1038876	33	0.6942
chr1	1038960	1038961	32	0.6301
chr1	1039035	1039036	27	0.5692
chr1	1039128	1039129	34	0.5539
chr1	1039208	1039209	31	0.5174
chr1	1039305	1039306	24	0.6046
chr1	1039307	1039308	25	0.623
chr1	1039325	1039326	27	0.7473
chr1	1039335	1039336	33	0.857
chr1	1039361	1039362	32	0.7703
chr1	1039386	1039387	23	0.7788
chr1	1039436	1039437	29	0.7776
chr1	1039486	1039487	44	0.9761
chr1	1039502	1039503	32	0.8291
chr1	1039545	1039546	34	0.7987
chr1	1039595	1039596	31	0.7328
chr1	1039645	1039646	34	0.8593
chr1	1039695	1039696	22	0.7056
chr1	1039729	1039730	28	0.8596
chr1	1039772	1039773	34	0.6881
chr1	1039801	1039802	23	0.9004
chr1	1039824	1039825	32	0.7818
chr1	1039853	1039854	24	0.8355
chr1	1039874	1039875	27	0.7659
chr1	1039974	1039975	23	0.8451
chr1	1040074	1040075	28	0.8081
chr1	1040124	1040125	37	0.8042
chr1	1040224	1040225	24	0.8079
chr1	1040324	1040325	31	0.774
chr1	1040352	1040353	34	0.9803
chr1	1040366	1040367	23	0.9702
chr1	1040548	1040549	22	0.9027
chr1	1040724	1040725	27	0.8432
chr1	1040728	1040729	32	1.0
chr1	1040730	1040731	32	1.0
chr1	1040820	1040821	37	0.8527
chr1	1040842	1040843	21	0.6697
chr1	1040892	1040893	31	0.546
chr1	1040916	1040917	30	0.6019
chr1	1040943	1040944	25	0.5572
chr1	1040983	1040984	26	0.5885
chr1	1041004	1041005	33	0.6467
chr1	1041034	1041035	32	0.6853
chr1	1041049	1041050	29	0.604
chr1	1041064	1041065	29	0.4724
chr1	1041109	1041110	25	0.7681
chr1	1041152	1041153	27	0.5921
chr1	1041185	1041186	30	0.5544
chr1	1041216	1041217	35	0.677
chr1	1041266	1041267	30	0.721
chr1	1041298	1041299	23	0.601
chr1	1041320	1041321	23	0.5508
chr1	1041340	1041341	33	0.5786
chr1	1041399	1041400	31	0.452
chr1	1041473	1041474	30	0.6897
chr1	1041573	1041574	25	0.7245
chr1	1041673	1041674	28	0.7753
chr1	1041773	1041774	26	0.7394
chr1	1041824	1041825	26	0.6481
chr1	1041908	1041909	26	0.5778
chr1	1041954	1041955	30	0.6765
chr1	1041992	1041993	36	0.5869
chr1	1042026	1042027	27	0.5747
chr1	1042055	1042056	35	0.514
chr1	1042078	1042079	30	0.5331
chr1	1042120	1042121	28	0.6787
chr1	1042170	1042171	37	0.633
chr1	1042220	1042221	25	0.4415
chr1	1042238	1042239	24	0.5752
chr1	1042254	1042255	25	0.7124
chr1	1042269	1042270	25	0.5864
chr1	1042319	1042320	24	0.5492
chr1	1042344	1042345	23	0.6475
chr1	1042376	1042377	27	0.7211
chr1	1042391	1042392	35	0.4369
chr1	1042408	1042409	25	0.6587
chr1	1042425	1042426	30	0.666
chr1	1042456	1042457	27	0.6168
chr1	1042532	1042533	38	0.596
chr1	1042610	1042611	26	0.5839
chr1	1042697	1042698	30	0.7506
chr1	1042797	1042798	35	0.6152
chr1	1042897	1042898	25	0.5735
chr1	1042971	1042972	29	0.4072
chr1	1042976	1042977	29	0.5863
chr1	1043005	1043006	38	0.4752
chr1	1043055	1043056	30	0.5871
chr1	1043088	1043089	30	0.4361
chr1	1043103	1043104	32	0.6327
chr1	1043118	1043119	31	0.5296
chr1	1043133	1043134	30	0.5735
chr1	1043176	1043177	35	0.6108
chr1	1043203	1043204	27	0.5795
chr1	1043241	1043242	26	0.3599
chr1	1043291	1043292	28	0.7888
chr1	1043341	1043342	36	0.6737
chr1	1043370	1043371	28	0.6116
chr1	1043405	1043406	32	0.5102
chr1	1043423	1043424	33	0.648
chr1	1043445	1043446	24	0.4512
chr1	1043460	1043461	28	0.6364
chr1	1043484	1043485	34	0.6306
chr1	1043496	1043497	34	0.8049
chr1	1043596	1043597	31	0.4884
chr1	1043696	1043697	22	0.4311
chr1	1043746	1043747	32	0.5246
chr1	1043808	1043809	27	0.5797
chr1	1043867	1043868	30	0.6432
chr1	1043967	1043968	35	0.6449
chr1	1044029	1044030	21	0.8371
chr1	1044091	1044092	32	0.7403
chr1	1044097	1044098	38	0.6997
chr1	1044157	1044158	28	0.8847
chr1	1044215	1044216	24	0.8184
chr1	1044371	1044372	18	0.9008
chr1	1044375	1044376	20	0.7584
chr1	1044409	1044410	26	0.8636
chr1	1044433	1044434	29	0.6125
chr1	1044456	1044457	23	0.6303
chr1	1044477	1044478	24	0.6068
chr1	1044512	1044513	38	0.5972
chr1	1044552	1044553	40	0.675
chr1	1044595	1044596	30	0.6681
chr1	1044645	1044646	30	0.4651
chr1	1044670	1044671	27	0.6371
chr1	1044687	1044688	29	0.6476
chr1	1044730	1044731	33	0.6063
chr1	1044780	1044781	31	0.6104
chr1	1044807	1044808	38	0.6637
chr1	1044854	1044855	35	0.6276
chr1	1044869	1044870	32	0.5324
chr1	1044887	1044888	28	0.7048
chr1	1044904	1044905	28	0.6297
chr1	1044954	1044955	23	0.5665
chr1	1044966	1044967	30	0.7007
chr1	1045035	1045036	31	0.6639
chr1	1045135	1045136	22	0.569
chr1	1045212	1045213	26	0.6427
chr1	1045311	1045312	31	0.6328
chr1	1045409	1045410	35	0.5914
chr1	1045451	1045452	27	0.716
chr1	1045499	1045500	29	0.3922
chr1	1045507	1045508	30	0.1984
chr1	1045535	1045536	26	0.1973
chr1	1045550	1045551	25	0.2731
chr1	1045588	1045589	28	0.1916
chr1	1045634	1045635	30	0.1283
chr1	1045655	1045656	36	0.2131
chr1	1045688	1045689	35	0.2755
chr1	1045703	1045704	28	0.0528
chr1	1045735	1045736	31	0.147
chr1	1045757	1045758	34	0.1352
chr1	1045807	1045808	32	0.2311
chr1	1045828	1045829	32	0.1877
chr1	1045878	1045879	30	0.0593
chr1	1045908	1045909	32	0.1723
chr1	1045926	1045927	30	0.2841
chr1	1045969	1045970	31	0.1443
chr1	1046016	1046017	23	0.1613
chr1	1046058	1046059	22	0.2575
chr1	1046080	1046081	25	0.1288
chr1	1046180	1046181	28	0.1734
chr1	1046271	1046272	28	0.2819
chr1	1046366	1046367	35	0.1836
chr1	1046436	1046437	26	0.2334
chr1	1046536	1046537	34	0.2062
chr1	1046636	1046637	23	0.0151
chr1	1046716	1046717	36	0.0324
chr1	1046864	1046865	28	0.043
chr1	1046956	1046957	33	0.1287
chr1	1047006	1047007	29	0.1476
chr1	1047010	1047011	33	0.1795
chr1	1047090	1047091	27	0.1816
chr1	1047098	1047099	27	0.0599
chr1	1047148	1047149	31	0.2243
chr1	1047171	1047172	31	0.2277
chr1	1047186	1047187	31	0.155
chr1	1047206	1047207	31	0.1539
chr1	1047223	1047224	36	0.2461
chr1	1047257	1047258	31	0.1151
chr1	1047276	1047277	34	0.3507
chr1	1047309	1047310	27	0.2334
chr1	1047337	1047338	20	0.4004
chr1	1047374	1047375	38	0.3976
chr1	1047424	1047425	22	0.2805
chr1	1047453	1047454	26	0.4245
chr1	1047483	1047484	30	0.3445
chr1	1047509	1047510	34	0.3388
chr1	1047539	1047540	28	0.449
chr1	1047573	1047574	32	0.4551
chr1	1047595	1047596	40	0.3844
chr1	1047645	1047646	33	0.2794
chr1	1047675	1047676	27	0.4602
chr1	1047746	1047747	43	0.2826
chr1	1047846	1047847	29	0.3916
chr1	1047937	1047938	33	0.2405
chr1	1047987	1047988	30	0.1718
chr1	1048058	1048059	31	0.3868
chr1	1048158	1048159	17	0.1506
chr1	1048164	1048165	27	0.0
chr1	1048268	1048269	27	0.2538
chr1	1048384	1048385	30	0.0997
chr1	1048414	1048415	24	0.236
chr1	1048430	1048431	25	0.043
chr1	1048468	1048469	35	0.2664
chr1	1048482	1048483	27	0.0157
chr1	1048556	1048557	24	0.1337
chr1	1048658	1048659	24	0.3102
chr1	1048687	1048688	27	0.8185
chr1	1048719	1048720	35	0.7658
chr1	1048769	1048770	30	0.8522
chr1	1048804	1048805	34	0.7746
chr1	1048854	1048855	23	0.9371
chr1	1048899	1048900	29	0.7797
chr1	1048930	1048931	29	0.7767
chr1	1048959	1048960	39	0.8785
chr1	1049009	1049010	24	0.8083
chr1	1049052	1049053	35	0.8638
chr1	1049102	1049103	30	0.8669
chr1	1049142	1049143	24	0.723
chr1	1049175	1049176	24	0.8731
chr1	1049216	1049217	33	0.9317
chr1	1049242	1049243	25	0.6781
chr1	1049342	1049343	21	0.6204
chr1	1049413	1049414	26	0.8643
chr1	1049513	1049514	22	0.7431
chr1	1049613	1049614	30	0.8716
chr1	1049713	1049714	26	0.744
chr1	1049777	1049778	33	0.8081
chr1	1049811	1049812	34	0.9455
chr1	1049813	1049814	33	0.7126
chr1	1049847	1049848	30	0.6687
chr1	1049886	1049887	37	0.9176
chr1	1049922	1049923	30	0.8218
chr1	1049971	1049972	28	0.6377
chr1	1050018	1050019	33	0.709
chr1	1050049	1050050	28	0.7663
chr1	1050083	1050084	29	0.6058
chr1	1050133	1050134	17	0.7488
chr1	1050149	1050150	32	0.7609
chr1	1050184	1050185	26	0.7391
chr1	1050199	1050200	35	0.8521
chr1	1050214	1050215	35	0.7057
chr1	1050229	1050230	35	0.7052
chr1	1050246	1050247	31	0.9344
chr1	1050261	1050262	26	0.5963
chr1	1050286	1050287	41	0.7933
chr1	1050354	1050355	36	0.609
chr1	1050446	1050447	34	0.7137
chr1	1050503	1050504	30	0.6555
chr1	1050554	1050555	26	0.7341
chr1	1050654	1050655	33	0.8424
chr1	1050670	1050671	25	0.9259
chr1	1050704	1050705	37	0.7839
chr1	1050743	1050744	21	0.7887
chr1	1050770	1050771	26	0.8087
chr1	1050818	1050819	35	0.8465
chr1	1050836	1050837	37	0.6968
chr1	1050851	1050852	35	0.721
chr1	1050901	1050902	29	0.6202
chr1	1050919	1050920	26	0.6856
chr1	1050952	1050953	28	0.7897
chr1	1050968	1050969	32	0.6406
chr1	1051007	1051008	30	0.7367
chr1	1051057	1051058	24	0.563
chr1	1051094	1051095	22	0.7374
chr1	1051115	1051116	26	0.6913
chr1	1051138	1051139	27	0.7031
chr1	1051177	1051178	34	0.7276
chr1	1051212	1051213	26	0.7472
chr1	1051250	1051251	22	0.769
chr1	1051274	1051275	31	0.8142
chr1	1051374	1051375	36	0.6395
chr1	1051474	1051475	35	0.9052
chr1	1051574	1051575	31	0.852
chr1	1051655	1051656	35	0.7513
chr1	1051755	1051756	38	0.6016
chr1	1051805	1051806	24	0.6487
chr1	1051901	1051902	24	0.8704
chr1	1051949	1051950	31	0.0911
chr1	1051977	1051978	33	0.295
chr1	1051992	1051993	35	0.2017
chr1	1052023	1052024	24	0.1038
chr1	1052038	1052039	32	0.1387
chr1	1052081	1052082	33	0.0307
chr1	1052131	1052132	16	0.0
chr1	1052152	1052153	33	0.0715
chr1	1052171	1052172	24	0.0694
chr1	1052209	1052210	27	0.0002
chr1	1052259	1052260	25	0.1306
chr1	1052280	1052281	29	0.0799
chr1	1052314	1052315	40	0.1531
chr1	1052346	1052347	32	0.0625
chr1	1052379	1052380	37	0.1131
chr1	1052404	1052405	28	0.093
chr1	1052433	1052434	28	0.2858
chr1	1052483	1052484	24	0.2016
chr1	1052511	1052512	31	0.1014
chr1	1052532	1052533	22	0.1543
chr1	1052632	1052633	30	0.0928
chr1	1052732	1052733	32	0.2397
chr1	1052782	1052783	34	0.2331
chr1	1052882	1052883	21	0.1054
chr1	1052939	1052940	24	0.1198
chr1	1053039	1053040	20	0.0553
chr1	1053099	1053100	33	0.0
chr1	1053122	1053123	26	0.646
chr1	1053141	1053142	30	0.8409
chr1	1053170	1053171	29	0.6245
chr1	1053190	1053191	36	0.4404
chr1	1053212	1053213	32	0.8498
chr1	1053253	1053254	28	0.745
chr1	1053294	1053295	27	0.6502
chr1	1053319	1053320	32	0.5903
chr1	1053343	1053344	30	0.6175
chr1	1053368	1053369	29	0.6733
chr1	1053394	1053395	34	0.787
chr1	1053421	1053422	29	0.652
chr1	1053471	1053472	27	0.6135
chr1	1053495	1053496	34	0.7322
chr1	1053510	1053511	25	0.7209
chr1	1053525	1053526	23	0.7452
chr1	1053556	1053557	25	0.5526
chr1	1053571	1053572	24	0.5963
chr1	1053593	1053594	26	0.5395
chr1	1053643	1053644	35	0.5506
chr1	1053743	1053744	26	0.4961
chr1	1053814	1053815	23	0.7551
chr1	1053914	1053915	25	0.5506
chr1	1053972	1053973	25	0.592
chr1	1054006	1054007	27	0.761
chr1	1054056	1054057	35	0.7685
chr1	1054088	1054089	37	0.632
chr1	1054115	1054116	37	0.6784
chr1	1054145	1054146	26	0.7848
chr1	1054177	1054178	22	0.641
chr1	1054213	1054214	32	0.7508
chr1	1054252	1054253	29	0.7805
chr1	1054282	1054283	26	0.8308
chr1	1054325	1054326	28	0.9564
chr1	1054375	1054376	24	0.6496
chr1	1054404	1054405	28	0.7408
chr1	1054453	1054454	25	0.8451
chr1	1054503	1054504	31	0.7672
chr1	1054514	1054515	31	0.629
chr1	1054582	1054583	39	0.7764
chr1	1054651	1054652	32	0.7807
chr1	1054751	1054752	28	0.6238
chr1	1054851	1054852	24	0.6395
chr1	1054921	1054922	32	0.8845
chr1	1054959	1054960	34	0.7949
chr1	1055015	1055016	37	0.69
chr1	1055021	1055022	20	0.2883
chr1	1055059	1055060	30	0.2764
chr1	1055086	1055087	26	0.1719
chr1	1055136	1055137	34	0.3749
chr1	1055159	1055160	26	0.3096
chr1	1055177	1055178	23	0.2316
chr1	1055202	1055203	27	0.2496
chr1	1055244	1055245	23	0.1269
chr1	1055292	1055293	27	0.2452
chr1	1055316	1055317	30	0.2956
chr1	1055334	1055335	21	0.2715
chr1	1055365	1055366	32	0.2354
chr1	1055385	1055386	24	0.3992
chr1	1055435	1055436	27	0.233
chr1	1055450	1055451	30	0.1485
chr1	1055515	1055516	29	0.3397
chr1	1055615	1055616	26	0.1552
chr1	1055699	1055700	34	0.3308
chr1	1055772	1055773	26	0.2707
chr1	1055872	1055873	24	0.1578
chr1	1055898	1055899	31	0.0
chr1	1055920	1055921	28	0.1638
chr1	1055938	1055939	28	0.0128
chr1	1055978	1055979	33	0.2131
chr1	1056008	1056009	42	0.0362
chr1	1056202	1056203	36	0.0247
chr1	1056242	1056243	28	0.1922
chr1	1056268	1056269	23	0.0505
chr1	1056294	1056295	25	0.1633
chr1	1056320	1056321	25	0.1717
chr1	1056369	1056370	19	0.7632
chr1	1056405	1056406	26	0.5939
chr1	1056425	1056426	31	0.7259
chr1	1056453	1056454	28	0.6789
chr1	1056488	1056489	23	0.902
chr1	1056518	1056519	30	0.7305
chr1	1056562	1056563	31	0.796
chr1	1056595	1056596	34	0.8204
chr1	1056610	1056611	35	0.8984
chr1	1056652	1056653	26	0.8713
chr1	1056691	1056692	22	0.6655
chr1	1056708	1056709	36	0.8404
chr1	1056732	1056733	22	0.6728
chr1	1056782	1056783	37	0.8107
chr1	1056820	1056821	26	0.7948
chr1	1056864	1056865	27	0.8145
chr1	1056881	1056882	34	0.7805
chr1	1056907	1056908	34	0.8869
chr1	1056974	1056975	30	0.8847
chr1	1057074	1057075	29	0.8616
chr1	1057133	1057134	19	0.7849
chr1	1057186	1057187	29	0.8243
chr1	1057286	1057287	25	0.8566
chr1	1057386	1057387	34	0.8402
chr1	1057390	1057391	27	0.9323
chr1	1057486	1057487	18	0.8127
chr1	1057517	1057518	30	0.6233
chr1	1057567	1057568	39	0.6568
chr1	1057605	1057606	34	0.6751
chr1	1057655	1057656	30	0.7946
chr1	1057676	1057677	29	0.8271
chr1	1057726	1057727	24	0.6632
chr1	1057765	1057766	25	0.7548
chr1	1057810	1057811	30	0.7457
chr1	1057848	1057849	33	0.7329
chr1	1057863	1057864	30	0.8293
chr1	1057878	1057879	25	0.6708
chr1	1057924	1057925	29	0.7135
chr1	1057949	1057950	33	0.7282
chr1	1057964	1057965	33	0.6865
chr1	1057989	1057990	30	0.6478
chr1	1058007	1058008	34	0.6834
chr1	1058032	1058033	30	0.7661
chr1	1058041	1058042	29	0.7476
chr1	1058141	1058142	28	0.8192
chr1	1058191	1058192	29	0.6497
chr1	1058291	1058292	38	0.712
chr1	1058391	1058392	43	0.6478
chr1	1058491	1058492	35	0.6331
chr1	1058509	1058510	16	0.6456
chr1	1058513	1058514	26	0.6689
chr1	1058519	1058520	33	0.6104
chr1	1058534	1058535	33	0.5459
chr1	1058552	1058553	23	0.4954
chr1	1058574	1058575	23	0.5334
chr1	1058597	1058598	31	0.5813
chr1	1058647	1058648	24	0.5836
chr1	1058684	1058685	35	0.5731
chr1	1058699	1058700	28	0.5808
chr1	1058715	1058716	30	0.4824
chr1	1058735	1058736	24	0.6988
chr1	1058785	1058786	33	0.6216
chr1	1058818	1058819	28	0.4551
chr1	1058867	1058868	28	0.4948
chr1	1058917	1058918	27	0.6937
chr1	1058961	1058962	30	0.5772
chr1	1059011	1059012	36	0.5762
chr1	1059061	1059062	32	0.4181
chr1	1059083	1059084	38	0.4681
chr1	1059090	1059091	30	0.491
chr1	1059145	1059146	39	0.6123
chr1	1059245	1059246	30	0.5864
chr1	1059295	1059296	32	0.7323
chr1	1059395	1059396	28	0.7044
chr1	1059495	1059496	27	0.5621
chr1	1059584	1059585	39	0.5986
chr1	1059630	1059631	34	0.8878
chr1	1059840	1059841	27	0.8737
chr1	1059994	1059995	31	0.6641
chr1	1060006	1060007	32	0.881
chr1	1060026	1060027	35	0.8979
chr1	1060056	1060057	29	0.5241
chr1	1060063	1060064	35	0.7457
chr1	1060083	1060084	32	0.642
chr1	1060110	1060111	26	0.6116
chr1	1060137	1060138	26	0.6375
chr1	1060184	1060185	41	0.456
chr1	1060218	1060219	26	0.5828
chr1	1060254	1060255	27	0.4981
chr1	1060269	1060270	20	0.6333
chr1	1060319	1060320	29	0.5053
chr1	1060341	1060342	33	0.5826
chr1	1060356	1060357	26	0.5216
chr1	1060406	1060407	26	0.7271
chr1	1060421	1060422	42	0.6934
chr1	1060443	1060444	29	0.7256
chr1	1060465	1060466	24	0.6079
chr1	1060480	1060481	34	0.6977
chr1	1060523	1060524	29	0.5827
chr1	1060553	1060554	32	0.5865
chr1	1060562	1060563	24	0.631
chr1	1060662	1060663	30	0.6295
chr1	1060762	1060763	22	0.7059
chr1	1060862	1060863	36	0.7262
chr1	1060962	1060963	22	0.5383
chr1	1061026	1061027	34	0.6798
chr1	1061064	1061065	31	0.7314
chr1	1061124	1061125	37	0.9493
chr1	1061166	1061167	28	0.8706
chr1	1061204	1061205	34	0.9352
chr1	1061310	1061311	29	1.0
chr1	1061422	1061423	28	0.9222
chr1	1061434	1061435	28	0.8394
chr1	1061508	1061509	25	0.5768
chr1	1061531	1061532	35	0.9683
chr1	1061560	1061561	42	0.8388
chr1	1061609	1061610	23	0.9054
chr1	1061630	1061631	34	0.8138
chr1	1061667	1061668	30	0.8464
chr1	1061686	1061687	32	0.7985
chr1	1061716	1061717	33	0.7684
chr1	1061758	1061759	32	0.8525
chr1	1061808	1061809	28	0.7674
chr1	1061847	1061848	34	0.7958
chr1	1061897	1061898	31	0.7729
chr1	1061947	1061948	25	0.8279
chr1	1061997	1061998	36	0.8782
chr1	1062047	1062048	30	0.8224
chr1	1062077	1062078	23	0.7448
chr1	1062127	1062128	28	0.8923
chr1	1062135	1062136	22	0.8634
chr1	1062235	1062236	39	0.5419
chr1	1062335	1062336	34	0.9017
chr1	1062435	1062436	30	0.8041
chr1	1062535	1062536	31	0.8334
chr1	1062585	1062586	28	0.8209
chr1	1062654	1062655	22	0.5532
chr1	1062728	1062729	28	0.6889
chr1	1062752	1062753	30	0.7735
chr1	1062822	1062823	23	0.8449
chr1	1062856	1062857	21	0.2617
chr1	1062903	1062904	9	0.1093
chr1	1062928	1062929	31	0.2519
chr1	1062974	1062975	28	0.2464
chr1	1062989	1062990	32	0.2188
chr1	1063007	1063008	31	0.1491
chr1	1063047	1063048	33	0.099
chr1	1063062	1063063	32	0.2964
chr1	1063078	1063079	33	0.1485
chr1	1063096	1063097	29	0.1704
chr1	1063118	1063119	21	0.2263
chr1	1063156	1063157	34	0.1349
chr1	1063181	1063182	28	0.3171
chr1	1063208	1063209	36	0.2998
chr1	1063236	1063237	36	0.2839
chr1	1063267	1063268	22	0.4219
chr1	1063304	1063305	29	0.0934
chr1	1063335	1063336	24	0.2053
chr1	1063435	1063436	36	0.3252
chr1	1063509	1063510	25	0.1348
chr1	1063575	1063576	33	0.2651
chr1	1063675	1063676	33	0.0241
chr1	1063775	1063776	29	0.26
chr1	1063789	1063790	44	0.2949
chr1	1063843	1063844	30	0.2108
chr1	1064978	1064979	25	0.775
chr1	1065018	1065019	28	0.2222
chr1	1065046	1065047	25	0.5264
chr1	1065062	1065063	16	0.3143
chr1	1065087	1065088	26	0.3345
chr1	1065131	1065132	25	0.679
chr1	1065174	1065175	29	0.3301
chr1	1065204	1065205	26	0.7681
chr1	1065234	1065235	33	0.1028
chr1	1065249	1065250	17	0.1418
chr1	1065274	1065275	33	0.5485
chr1	1065320	1065321	32	0.2606
chr1	1065344	1065345	32	0.0
chr1	1065388	1065389	24	0.1599
chr1	1065410	1065411	26	0.763
chr1	1065510	1065511	27	0.2056
chr1	1065579	1065580	33	0.2251
chr1	1065638	1065639	20	0.3638
chr1	1065699	1065700	32	0.4728
chr1	1065799	1065800	37	0.273
chr1	1065803	1065804	31	0.662
chr1	1065897	1065898	25	0.2257
chr1	1065946	1065947	31	0.8559
chr1	1065967	1065968	28	0.755
chr1	1065993	1065994	25	0.774
chr1	1066015	1066016	26	0.8584
chr1	1066030	1066031	32	0.7876
chr1	1066045	1066046	34	0.855
chr1	1066061	1066062	26	0.7421
chr1	1066089	1066090	23	0.8259
chr1	1066131	1066132	23	0.7635
chr1	1066155	1066156	33	0.9421
chr1	1066205	1066206	26	0.8963
chr1	1066227	1066228	34	0.7192
chr1	1066260	1066261	28	0.8676
chr1	1066277	1066278	32	0.8572
chr1	1066301	1066302	27	0.8287
chr1	1066329	1066330	29	0.7145
chr1	1066344	1066345	25	0.832
chr1	1066375	1066376	30	0.7441
chr1	1066398	1066399	27	0.8409
chr1	1066498	1066499	23	0.932
chr1	1066598	1066599	24	0.72
chr1	1066664	1066665	32	0.956
chr1	1066757	1066758	31	0.83
chr1	1066789	1066790	31	0.8604
chr1	1066795	1066796	34	0.8255
chr1	1066841	1066842	32	0.6954
chr1	1066874	1066875	34	0.695
chr1	1066920	1066921	25	0.6863
chr1	1066948	1066949	35	0.5063
chr1	1066975	1066976	35	0.8448
chr1	1066995	1066996	23	0.5331
chr1	1067012	1067013	33	0.7673
chr1	1067036	1067037	36	0.5926
chr1	1067057	1067058	28	0.7412
chr1	1067080	1067081	29	0.7294
chr1	1067119	1067120	19	0.7586
chr1	1067136	1067137	44	0.5672
chr1	1067151	1067152	32	0.6703
chr1	1067168	1067169	20	0.7629
chr1	1067201	1067202	26	0.853
chr1	1067216	1067217	25	0.7072
chr1	1067233	1067234	39	0.6964
chr1	1067258	1067259	29	0.6251
chr1	1067276	1067277	28	0.6897
chr1	1067313	1067314	24	0.7472
chr1	1067328	1067329	37	0.5657
chr1	1067366	1067367	28	0.5935
chr1	1067416	1067417	31	0.5742
chr1	1067516	1067517	40	0.7405
chr1	1067616	1067617	28	0.5457
chr1	1067716	1067717	31	0.8268
chr1	1067816	1067817	25	0.6227
chr1	1067866	1067867	37	0.5953
chr1	1067952	1067953	41	0.6877
chr1	1067956	1067957	37	0.5641
chr1	1067969	1067970	28	0.7331
chr1	1067993	1067994	33	0.753
chr1	1068043	1068044	29	0.8879
chr1	1068065	1068066	18	0.7527
chr1	1068091	1068092	25	0.9211
chr1	1068108	1068109	21	0.7889
chr1	1068143	1068144	21	0.9108
chr1	1068186	1068187	25	0.7418
chr1	1068227	1068228	33	0.8835
chr1	1068245	1068246	36	0.9373
chr1	1068295	1068296	35	0.9119
chr1	1068310	1068311	36	0.8759
chr1	1068360	1068361	35	0.7541
chr1	1068379	1068380	29	0.9269
chr1	1068404	1068405	23	0.8258
chr1	1068453	1068454	32	0.8973
chr1	1068477	1068478	25	0.7979
chr1	1068577	1068578	35	0.7358
chr1	1068628	1068629	25	0.7393
chr1	1068725	1068726	24	0.8027
chr1	1068781	1068782	34	0.9345
chr1	1068866	1068867	26	0.996
chr1	1068916	1068917	25	0.7309
chr1	1068942	1068943	29	0.9463
chr1	1068950	1068951	36	0.2966
chr1	1069000	1069001	28	0.1308
chr1	1069017	1069018	33	0.2688
chr1	1069055	1069056	23	0.3478
chr1	1069104	1069105	31	0.1542
chr1	1069119	1069120	32	0.174
chr1	1069146	1069147	35	0.1922
chr1	1069163	1069164	19	0.2645
chr1	1069187	1069188	33	0.2507
chr1	1069218	1069219	28	0.1657
chr1	1069252	1069253	29	0.2105
chr1	1069302	1069303	33	0.2456
chr1	1069334	1069335	39	0.239
chr1	1069434	1069435	29	0.0702
chr1	1069529	1069530	29	0.0739
chr1	1069629	1069630	25	0.1264
chr1	1069709	1069710	23	0.0427
chr1	1069803	1069804	33	0.0484
chr1	1070013	1070014	37	0.0219
chr1	1070029	1070030	30	0.134
chr1	1070043	1070044	33	0.2157
chr1	1070071	1070072	27	0.1686
chr1	1070107	1070108	27	0.1591
chr1	1070113	1070114	29	0.769
chr1	1070134	1070135	28	0.7379
chr1	1070155	1070156	39	0.5995
chr1	1070173	1070174	30	0.6844
chr1	1070223	1070224	42	0.6414
chr1	1070243	1070244	48	0.6224
chr1	1070293	1070294	32	0.5734
chr1	1070334	1070335	29	0.6501
chr1	1070357	1070358	31	0.7043
chr1	1070393	1070394	39	0.7318
chr1	1070410	1070411	28	0.6002
chr1	1070448	1070449	31	0.5372
chr1	1070463	1070464	32	0.6107
chr1	1070512	1070513	23	0.5004
chr1	1070562	1070563	20	0.4915
chr1	1070580	1070581	30	0.5728
chr1	1070603	1070604	27	0.6899
chr1	1070682	1070683	32	0.4909
chr1	1070741	1070742	29	0.604
chr1	1070824	1070825	31	0.5614
chr1	1070924	1070925	28	0.417
chr1	1071024	1071025	25	0.7361
chr1	1071046	1071047	31	0.7321
chr1	1071142	1071143	20	0.7869
chr1	1071164	1071165	36	0.5754
chr1	1071206	1071207	24	0.6773
chr1	1071404	1071405	31	0.6626
chr1	1071464	1071465	28	0.6092
chr1	1071510	1071511	29	0.1403
chr1	1071543	1071544	27	0.1227
chr1	1071587	1071588	25	0.1058
chr1	1071604	1071605	28	0.0972
chr1	1071625	1071626	28	0.2293
chr1	1071640	1071641	35	0.0
chr1	1071690	1071691	25	0.1239
chr1	1071705	1071706	25	0.1562
chr1	1071736	1071737	21	0.1335
chr1	1071768	1071769	42	0.3362
chr1	1071786	1071787	26	0.1994
chr1	1071805	1071806	27	0.1157
chr1	1071839	1071840	30	0.1004
chr1	1071877	1071878	31	0.3941
chr1	1071903	1071904	25	0.0363
chr1	1071924	1071925	28	0.1308
chr1	1071959	1071960	27	0.1442
chr1	1071983	1071984	27	0.2001
chr1	1072012	1072013	40	0.2527
chr1	1072062	1072063	26	0.2963
chr1	1072093	1072094	17	0.1553
chr1	1072193	1072194	36	0.1775
chr1	1072293	1072294	31	0.1263
chr1	1072350	1072351	33	0.1571
chr1	1072450	1072451	32	0.1632
chr1	1072550	1072551	28	0.107
chr1	1072650	1072651	16	0.1122
chr1	1072692	1072693	31	0.0813
chr1	1072728	1072729	33	0.1213
chr1	1072773	1072774	31	0.0
chr1	1072823	1072824	24	0.0545
chr1	1072839	1072840	29	0.1011
chr1	1072873	1072874	28	0.0538
chr1	1072888	1072889	34	0.0568
chr1	1072927	1072928	35	0.0354
chr1	1072974	1072975	19	0.1383
chr1	1073021	1073022	34	0.0101
chr1	1073071	1073072	25	0.0515
chr1	1073121	1073122	23	0.0
chr1	1073168	1073169	27	0.1049
chr1	1073189	1073190	28	0.1191
chr1	1073209	1073210	20	0.0918
chr1	1073285	1073286	18	0.1043
chr1	1073385	1073386	37	0.1762
chr1	1073435	1073436	33	0.0093
chr1	1073535	1073536	29	0.1605
chr1	1073616	1073617	21	0.0906
chr1	1073640	1073641	32	0.2501
chr1	1073648	1073649	34	0.1356
chr1	1073678	1073679	29	0.1325
chr1	1073699	1073700	34	0.1649
chr1	1073722	1073723	29	0.2071
chr1	1073748	1073749	27	0.1545
chr1	1073774	1073775	30	0.2407
chr1	1073791	1073792	33	0.2634
chr1	1073830	1073831	26	0.1362
chr1	1073861	1073862	28	0.1707
chr1	1073893	1073894	28	0.2759
chr1	1073917	1073918	21	0.2165
chr1	1073961	1073962	31	0.0698
chr1	1073976	1073977	24	0.2358
chr1	1073998	1073999	35	0.1614
chr1	1074048	1074049	14	0.1218
chr1	1074098	1074099	21	0.1836
chr1	1074118	1074119	29	0.1967
chr1	1074218	1074219	29	0.1453
chr1	1074318	1074319	26	0.2493
chr1	1074368	1074369	27	0.2506
chr1	1074418	1074419	26	0.1782
chr1	1074517	1074518	38	0.031
chr1	1074519	1074520	28	0.0
chr1	1074538	1074539	25	0.6173
chr1	1074588	1074589	24	0.4834
chr1	1074620	1074621	27	0.5444
chr1	1074659	1074660	40	0.6043
chr1	1074696	1074697	35	0.4807
chr1	1074720	1074721	22	0.6393
chr1	1074765	1074766	34	0.5263
chr1	1074784	1074785	31	0.6195
chr1	1074830	1074831	35	0.637
chr1	1074863	1074864	25	0.4982
chr1	1074903	1074904	32	0.5026
chr1	1074953	1074954	33	0.5321
chr1	1074991	1074992	30	0.4981
chr1	1075025	1075026	29	0.7621
chr1	1075063	1075064	33	0.6618
chr1	1075072	1075073	30	0.5975
chr1	1075172	1075173	27	0.4624
chr1	1075272	1075273	36	0.5215
chr1	1075353	1075354	40	0.7532
chr1	1075453	1075454	36	0.453
chr1	1075552	1075553	22	0.5976
chr1	1075602	1075603	31	0.5119
chr1	1075678	1075679	26	0.8246
chr1	1075716	1075717	35	0.5729
chr1	1075738	1075739	37	0.7599
chr1	1075753	1075754	28	0.6895
chr1	1075792	1075793	24	0.8466
chr1	1075807	1075808	26	0.6924
chr1	1075836	1075837	23	0.7018
chr1	1075886	1075887	39	0.4893
chr1	1075912	1075913	30	0.6103
chr1	1075961	1075962	24	0.7892
chr1	1075984	1075985	32	0.7229
chr1	1076000	1076001	36	0.6913
chr1	1076036	1076037	32	0.5752
chr1	1076058	1076059	29	0.7739
chr1	1076080	1076081	35	0.6525
chr1	1076109	1076110	30	0.5311
chr1	1076142	1076143	30	0.5301
chr1	1076192	1076193	30	0.7832
chr1	1076218	1076219	39	0.5715
chr1	1076254	1076255	26	0.7567
chr1	1076354	1076355	32	0.8913
chr1	1076404	1076405	23	0.6582
chr1	1076504	1076505	35	0.7437
chr1	1076604	1076605	29	0.8253
chr1	1076704	1076705	23	0.6254
chr1	1076763	1076764	20	0.8005
chr1	1076791	1076792	34	0.6898
chr1	1076799	1076800	43	0.505
chr1	1076849	1076850	35	0.6308
chr1	1076891	1076892	19	0.6181
chr1	1076913	1076914	25	0.7086
chr1	1076935	1076936	35	0.5766
chr1	1076950	1076951	29	0.5936
chr1	1076991	1076992	26	0.7284
chr1	1077016	1077017	29	0.7467
chr1	1077046	1077047	33	0.6928
chr1	1077082	1077083	34	0.6215
chr1	1077104	1077105	31	0.7012
chr1	1077123	1077124	31	0.5183
chr1	1077173	1077174	33	0.5226
chr1	1077186	1077187	29	0.5463
chr1	1077236	1077237	25	0.4719
chr1	1077324	1077325	28	0.4782
chr1	1077403	1077404	22	0.5039
chr1	1077503	1077504	25	0.5304
chr1	1077739	1077740	32	0.693
chr1	1077785	1077786	23	0.7286
chr1	1077849	1077850	29	0.8494
chr1	1077887	1077888	33	0.526
chr1	1077923	1077924	36	0.5636
chr1	1077925	1077926	40	0.8413
chr1	1077933	1077934	31	0.6941
chr1	1077969	1077970	35	0.7595
chr1	1077990	1077991	25	0.5803
chr1	1078040	1078041	26	0.5853
chr1	1078066	1078067	30	0.7095
chr1	1078107	1078108	29	0.7014
chr1	1078151	1078152	27	0.7378
chr1	1078172	1078173	28	0.7153
chr1	1078217	1078218	30	0.7485
chr1	1078236	1078237	28	0.7308
chr1	1078258	1078259	36	0.6317
chr1	1078285	1078286	36	0.8963
chr1	1078335	1078336	28	0.9683
chr1	1078355	1078356	28	0.964
chr1	1078370	1078371	36	0.8138
chr1	1078397	1078398	24	0.8874
chr1	1078430	1078431	28	0.8968
chr1	1078480	1078481	34	0.9018
chr1	1078492	1078493	30	0.8841
chr1	1078592	1078593	25	0.9334
chr1	1078692	1078693	31	0.8917
chr1	1078756	1078757	32	0.9579
chr1	1078856	1078857	26	0.789
chr1	1078956	1078957	27	0.7927
chr1	1079018	1079019	37	0.8899
chr1	1079064	1079065	32	1.0
chr1	1079066	1079067	30	0.9095
chr1	1079078	1079079	27	0.9522
chr1	1079180	1079181	30	0.7468
chr1	1079446	1079447	39	0.9982
chr1	1079493	1079494	38	0.7292
chr1	1079513	1079514	31	0.7818
chr1	1079533	1079534	36	0.7717
chr1	1079556	1079557	20	0.8511
chr1	1079584	1079585	21	0.63
chr1	1079613	1079614	22	0.8818
chr1	1079663	1079664	29	0.9511
chr1	1079713	1079714	29	0.7857
chr1	1079758	1079759	24	0.9328
chr1	1079794	1079795	34	0.848
chr1	1079814	1079815	33	0.7427
chr1	1079842	1079843	30	0.7288
chr1	1079882	1079883	26	0.7078
chr1	1079932	1079933	37	0.7209
chr1	1079949	1079950	26	0.7933
chr1	1079999	1080000	28	0.8508
chr1	1080028	1080029	38	0.8568
chr1	1080054	1080055	35	0.8056
chr1	1080140	1080141	38	0.7655
chr1	1080240	1080241	30	0.7389
chr1	1080340	1080341	33	0.9332
chr1	1080440	1080441	25	0.7599
chr1	1080493	1080494	34	0.8147
chr1	1080593	1080594	31	0.8998
chr1	1080667	1080668	26	1.0
chr1	1080677	1080678	33	0.6939
chr1	1080708	1080709	32	0.6684
chr1	1080731	1080732	25	0.5874
chr1	1080761	1080762	32	0.8712
chr1	1080799	1080800	45	0.5996
chr1	1080849	1080850	35	0.6589
chr1	1080867	1080868	36	0.8764
chr1	1080917	1080918	28	0.563
chr1	1080967	1080968	41	0.691
chr1	1080988	1080989	29	0.6487
chr1	1081003	1081004	37	0.6614
chr1	1081018	1081019	31	0.8616
chr1	1081060	1081061	29	0.6327
chr1	1081104	1081105	30	0.6363
chr1	1081120	1081121	23	0.6283
chr1	1081123	1081124	35	0.5744
chr1	1081188	1081189	27	0.6129
chr1	1081248	1081249	29	0.7266
chr1	1081348	1081349	23	0.6775
chr1	1081448	1081449	25	0.6981
chr1	1081538	1081539	33	0.7247
chr1	1081552	1081553	26	0.8972
chr1	1081566	1081567	37	0.8175
chr1	1081652	1081653	30	0.8987
chr1	1081660	1081661	30	0.9669
chr1	1081746	1081747	27	0.7498
chr1	1081758	1081759	31	0.8341
chr1	1081888	1081889	36	0.7445
chr1	1081940	1081941	33	0.8712
chr1	1081992	1081993	25	0.7467
chr1	1081997	1081998	23	0.1702
chr1	1082047	1082048	18	0.1802
chr1	1082065	1082066	31	0.5005
chr1	1082115	1082116	24	0.2491
chr1	1082155	1082156	34	0.3476
chr1	1082190	1082191	28	0.2417
chr1	1082229	1082230	30	0.5464
chr1	1082248	1082249	25	0.364
chr1	1082275	1082276	35	0.2531
chr1	1082290	1082291	32	0.3561
chr1	1082314	1082315	27	0.3488
chr1	1082364	1082365	15	0.1195
chr1	1082387	1082388	32	0.1863
chr1	1082429	1082430	29	0.0551
chr1	1082479	1082480	24	0.3072
chr1	1082501	1082502	26	0.2671
chr1	1082502	1082503	27	0.1118
chr1	1082602	1082603	27	0.1562
chr1	1082702	1082703	33	0.2723
chr1	1082802	1082803	31	0.0823
chr1	1082902	1082903	29	0.1978
chr1	1082960	1082961	28	0.1205
chr1	1082980	1082981	34	0.0
chr1	1082988	1082989	38	0.0
chr1	1083000	1083001	26	0.0185
chr1	1083050	1083051	28	0.0901
chr1	1083156	1083157	25	0.1136
chr1	1083176	1083177	28	0.0905
chr1	1083298	1083299	39	0.1409
chr1	1083330	1083331	28	0.0476
chr1	1083388	1083389	25	0.2233
chr1	1083392	1083393	32	0.1443
chr1	1083402	1083403	28	0.7008
chr1	1083441	1083442	28	0.61
chr1	1083491	1083492	24	0.5395
chr1	1083512	1083513	35	0.4554
chr1	1083550	1083551	41	0.5837
chr1	1083587	1083588	30	0.4133
chr1	1083614	1083615	35	0.6413
chr1	1083664	1083665	30	0.5909
chr1	1083684	1083685	32	0.5587
chr1	1083701	1083702	27	0.6525
chr1	1083726	1083727	25	0.4891
chr1	1083765	1083766	25	0.4996
chr1	1083785	1083786	31	0.6397
chr1	1083832	1083833	25	0.5452
chr1	1083861	1083862	31	0.518
chr1	1083961	1083962	36	0.5928
chr1	1084061	1084062	38	0.6121
chr1	1084161	1084162	31	0.5302
chr1	1084261	1084262	29	0.5414
chr1	1084311	1084312	32	0.6289
chr1	1084369	1084370	28	0.8932
chr1	1084483	1084484	33	0.7021
chr1	1084495	1084496	25	0.6048
chr1	1084547	1084548	31	0.6269
chr1	1084659	1084660	31	0.7535
chr1	1084701	1084702	35	0.8589
chr1	1084733	1084734	19	0.7932
chr1	1084771	1084772	28	0.8799
chr1	1084786	1084787	26	0.8388
chr1	1084805	1084806	27	0.8177
chr1	1084830	1084831	32	0.8653
chr1	1084845	1084846	24	0.8334
chr1	1084888	1084889	20	0.9515
chr1	1084928	1084929	33	0.8722
chr1	1084943	1084944	31	0.9029
chr1	1084985	1084986	35	0.9521
chr1	1085014	1085015	21	0.7676
chr1	1085042	1085043	24	0.7943
chr1	1085092	1085093	29	0.8111
chr1	1085142	1085143	25	0.9342
chr1	1085183	1085184	32	0.7486
chr1	1085197	1085198	26	0.8272
chr1	1085247	1085248	20	0.7954
chr1	1085347	1085348	35	0.7309
chr1	1085420	1085421	30	0.8208
chr1	1085520	1085521	23	0.6466
chr1	1085620	1085621	23	0.7859
chr1	1085640	1085641	22	0.845
chr1	1085702	1085703	30	0.7721
chr1	1085726	1085727	21	0.3172
chr1	1085742	1085743	29	0.2932
chr1	1085768	1085769	36	0.1329
chr1	1085794	1085795	34	0.124
chr1	1085835	1085836	39	0.0
chr1	1085850	1085851	27	0.0734
chr1	1085876	1085877	24	0.34
chr1	1085894	1085895	40	0.1505
chr1	1085909	1085910	25	0.1543
chr1	1085937	1085938	30	0.1637
chr1	1085968	1085969	26	0.1448
chr1	1086003	1086004	28	0.1491
chr1	1086053	1086054	18	0.1303
chr1	1086068	1086069	26	0.0917
chr1	1086091	1086092	30	0.1927
chr1	1086106	1086107	29	0.2434
chr1	1086133	1086134	24	0.0184
chr1	1086163	1086164	27	0.0475
chr1	1086184	1086185	32	0.0885
chr1	1086199	1086200	24	0.1737
chr1	1086224	1086225	35	0.09
chr1	1086322	1086323	36	0.0535
chr1	1086383	1086384	29	0.0375
chr1	1086480	1086481	21	0.087
chr1	1086580	1086581	35	0.1486
chr1	1086671	1086672	27	0.0706
chr1	1086753	1086754	33	0.0498
chr1	1086760	1086761	28	0.4395
chr1	1086792	1086793	32	0.6078
chr1	1086809	1086810	31	0.5112
chr1	1086826	1086827	38	0.6411
chr1	1086875	1086876	28	0.6401
chr1	1086908	1086909	25	0.3902
chr1	1086958	1086959	31	0.6343
chr1	1086977	1086978	34	0.5465
chr1	1086999	1087000	22	0.5149
chr1	1087049	1087050	28	0.5146
chr1	1087077	1087078	40	0.5306
chr1	1087127	1087128	25	0.4781
chr1	1087156	1087157	28	0.6536
chr1	1087183	1087184	31	0.3832
chr1	1087214	1087215	31	0.4677
chr1	1087229	1087230	34	0.522
chr1	1087244	1087245	20	0.3995
chr1	1087280	1087281	25	0.6276
chr1	1087295	1087296	33	0.5075
chr1	1087333	1087334	36	0.3928
chr1	1087341	1087342	28	0.4803
chr1	1087391	1087392	29	0.5858
chr1	1087465	1087466	27	0.6215
chr1	1087565	1087566	28	0.5747
chr1	1087651	1087652	35	0.4871
chr1	1087751	1087752	24	0.5495
chr1	1087851	1087852	32	0.4606
chr1	1087883	1087884	28	0.7604
chr1	1087921	1087922	29	0.6361
chr1	1088021	1088022	33	0.5582
chr1	1088081	1088082	37	0.6476
chr1	1088105	1088106	29	0.5768
chr1	1088145	1088146	30	0.6605
chr1	1088181	1088182	32	0.728
chr1	1088231	1088232	27	0.6333
chr1	1088311	1088312	28	0.5013
chr1	1088313	1088314	25	0.7447
chr1	1088360	1088361	28	0.2268
chr1	1088391	1088392	30	0.0924
chr1	1088419	1088420	37	0.1725
chr1	1088458	1088459	31	0.2511
chr1	1088473	1088474	31	0.139
chr1	1088500	1088501	21	0.0793
chr1	1088516	1088517	26	0.0102
chr1	1088536	1088537	36	0.1801
chr1	1088551	1088552	33	0.275
chr1	1088577	1088578	29	0.0984
chr1	1088611	1088612	27	0.1687
chr1	1088661	1088662	30	0.1093
chr1	1088676	1088677	33	0.2664
chr1	1088722	1088723	28	0.1303
chr1	1088765	1088766	33	0.1087
chr1	1088803	1088804	23	0.1469
chr1	1088853	1088854	27	0.1174
chr1	1088878	1088879	25	0.1661
chr1	1088978	1088979	36	0.1567
chr1	1089078	1089079	27	0.1877
chr1	1089178	1089179	28	0.0258
chr1	1089228	1089229	34	0.0803
chr1	1089328	1089329	30	0.0726
chr1	1089392	1089393	34	0.0
chr1	1089397	1089398	34	0.8601
chr1	1089441	1089442	27	0.7927
chr1	1089456	1089457	22	0.9448
chr1	1089471	1089472	32	0.7213
chr1	1089486	1089487	37	0.869
chr1	1089536	1089537	19	0.8876
chr1	1089586	1089587	33	0.7716
chr1	1089612	1089613	33	0.7093
chr1	1089639	1089640	30	0.6735
chr1	1089659	1089660	26	0.7072
chr1	1089709	1089710	27	0.8571
chr1	1089759	1089760	20	0.7522
chr1	1089798	1089799	29	0.5676
chr1	1089826	1089827	34	0.6445
chr1	1089862	1089863	35	0.6461
chr1	1089877	1089878	26	0.826
chr1	1089892	1089893	35	0.7205
chr1	1089907	1089908	35	0.7961
chr1	1089957	1089958	24	0.7409
chr1	1089969	1089970	32	0.6227
chr1	1090021	1090022	27	0.8712
chr1	1090096	1090097	29	0.7927
chr1	1090150	1090151	26	0.8908
chr1	1090202	1090203	29	1.0
chr1	1090302	1090303	33	0.8411
chr1	1090402	1090403	38	1.0
chr1	1090469	1090470	30	0.9277
chr1	1090519	1090520	26	0.9073
chr1	1090611	1090612	32	0.9637
chr1	1090639	1090640	30	0.9525
chr1	1090641	1090642	24	0.9135
chr1	1090643	1090644	29	0.9336
chr1	1090675	1090676	35	0.9246
chr1	1090683	1090684	30	0.796
chr1	1090757	1090758	18	0.9444
chr1	1090871	1090872	23	0.9671
chr1	1090901	1090902	27	0.9011
chr1	1090939	1090940	28	0.5458
chr1	1090971	1090972	36	0.3987
chr1	1090989	1090990	28	0.666
chr1	1091025	1091026	32	0.8534
chr1	1091069	1091070	20	0.8113
chr1	1091108	1091109	32	0.5205
chr1	1091123	1091124	27	0.6616
chr1	1091166	1091167	14	0.5983
chr1	1091182	1091183	30	0.6019
chr1	1091197	1091198	30	0.5148
chr1	1091232	1091233	19	0.3468
chr1	1091276	1091277	28	0.6986
chr1	1091291	1091292	33	0.6685
chr1	1091323	1091324	24	0.8054
chr1	1091358	1091359	27	0.6613
chr1	1091390	1091391	30	0.3967
chr1	1091406	1091407	36	0.4505
chr1	1091476	1091477	24	0.64
chr1	1091563	1091564	31	0.7131
chr1	1091616	1091617	27	0.5084
chr1	1091704	1091705	30	0.5536
chr1	1091804	1091805	31	0.6358
chr1	1091903	1091904	39	0.7907
chr1	1091953	1091954	29	0.6203
chr1	1091963	1091964	27	0.7006
chr1	1091989	1091990	24	0.6513
chr1	1092026	1092027	35	0.6036
chr1	1092054	1092055	30	0.8155
chr1	1092069	1092070	32	0.6092
chr1	1092087	1092088	36	0.4551
chr1	1092108	1092109	24	0.7075
chr1	1092158	1092159	22	0.5012
chr1	1092176	1092177	31	0.7295
chr1	1092217	1092218	39	0.767
chr1	1092267	1092268	33	0.5475
chr1	1092285	1092286	38	0.6148
chr1	1092300	1092301	25	0.5802
chr1	1092315	1092316	35	0.5762
chr1	1092333	1092334	33	0.5712
chr1	1092349	1092350	29	0.578
chr1	1092367	1092368	39	0.5252
chr1	1092417	1092418	25	0.488
chr1	1092433	1092434	24	0.7433
chr1	1092452	1092453	32	0.6862
chr1	1092552	1092553	29	0.5731
chr1	1092652	1092653	18	0.655
chr1	1092704	1092705	31	0.7308
chr1	1092804	1092805	20	0.7294
chr1	1092904	1092905	30	0.6203
chr1	1093126	1093127	27	0.7182
chr1	1093180	1093181	21	0.8034
chr1	1093246	1093247	28	0.8919
chr1	1093264	1093265	27	0.7427
chr1	1093268	1093269	22	0.8542
chr1	1093322	1093323	35	0.7374
chr1	1093363	1093364	32	1.0
chr1	1093380	1093381	27	0.9569
chr1	1093412	1093413	30	0.9192
chr1	1093452	1093453	28	0.7996
chr1	1093502	1093503	23	0.8272
chr1	1093552	1093553	29	0.9039
chr1	1093572	1093573	28	0.8804
chr1	1093600	1093601	36	0.8183
chr1	1093631	1093632	33	0.8636
chr1	1093660	1093661	23	0.8955
chr1	1093693	1093694	22	0.9017
chr1	1093708	1093709	24	0.9299
chr1	1093733	1093734	30	0.8515
chr1	1093756	1093757	28	0.9136
chr1	1093792	1093793	38	0.9269
chr1	1093809	1093810	26	0.9162
chr1	1093817	1093818	31	0.9838
chr1	1093901	1093902	31	1.0
chr1	1093993	1093994	30	0.9604
chr1	1094093	1094094	35	0.7736
chr1	1094143	1094144	33	0.9894
chr1	1094236	1094237	30	0.9506
chr1	1094240	1094241	29	0.8929
chr1	1094252	1094253	25	0.8949
chr1	1094258	1094259	31	0.7118
chr1	1094288	1094289	37	0.7207
chr1	1094338	1094339	25	0.6495
chr1	1094357	1094358	35	0.6821
chr1	1094380	1094381	30	0.6497
chr1	1094412	1094413	35	0.6572
chr1	1094462	1094463	34	0.6537
chr1	1094480	1094481	16	0.732
chr1	1094522	1094523	30	0.7319
chr1	1094557	1094558	34	0.7025
chr1	1094575	1094576	30	0.7996
chr1	1094606	1094607	29	0.5935
chr1	1094645	1094646	28	0.6726
chr1	1094666	1094667	32	0.8031
chr1	1094698	1094699	31	0.6293
chr1	1094715	1094716	38	0.5074
chr1	1094723	1094724	29	0.6776
chr1	1094801	1094802	18	0.666
chr1	1094901	1094902	40	0.632
chr1	1095001	1095002	29	0.5228
chr1	1095087	1095088	39	0.4957
chr1	1095137	1095138	29	0.7172
chr1	1095195	1095196	28	0.4768
chr1	1095269	1095270	32	0.5348
chr1	1095383	1095384	29	0.3584
chr1	1095455	1095456	29	0.4264
chr1	1095501	1095502	24	0.492
chr1	1095607	1095608	28	0.455
chr1	1095617	1095618	26	0.0673
chr1	1095660	1095661	31	0.3178
chr1	1095710	1095711	24	0.347
chr1	1095732	1095733	27	0.2733
chr1	1095776	1095777	29	0.346
chr1	1095806	1095807	37	0.306
chr1	1095837	1095838	25	0.304
chr1	1095882	1095883	20	0.22
chr1	1095899	1095900	36	0.3844
chr1	1095918	1095919	36	0.4152
chr1	1095960	1095961	31	0.338
chr1	1095998	1095999	32	0.2773
chr1	1096020	1096021	31	0.2822
chr1	1096054	1096055	27	0.3748
chr1	1096084	1096085	34	0.2737
chr1	1096110	1096111	39	0.3196
chr1	1096139	1096140	29	0.3705
chr1	1096165	1096166	33	0.2415
chr1	1096176	1096177	37	0.2022
chr1	1096276	1096277	27	0.4334
chr1	1096338	1096339	36	0.2973
chr1	1096438	1096439	23	0.0825
chr1	1096538	1096539	29	0.3426
chr1	1096638	1096639	31	0.6013
chr1	1096640	1096641	31	0.1703
chr1	1096668	1096669	43	0.0258
chr1	1096910	1096911	21	0.053
chr1	1097018	1097019	34	0.3524
chr1	1097026	1097027	29	0.1529
chr1	1097058	1097059	30	0.919
chr1	1097077	1097078	34	1.0
chr1	1097109	1097110	29	0.9696
chr1	1097124	1097125	26	0.9205
chr1	1097158	1097159	26	0.8653
chr1	1097208	1097209	30	0.7332
chr1	1097232	1097233	27	0.7857
chr1	1097282	1097283	31	0.8539
chr1	1097300	1097301	29	0.7899
chr1	1097328	1097329	34	0.9048
chr1	1097358	1097359	31	0.8577
chr1	1097389	1097390	38	0.7925
chr1	1097423	1097424	32	0.8476
chr1	1097440	1097441	28	0.8082
chr1	1097472	1097473	34	0.8694
chr1	1097494	1097495	29	0.8647
chr1	1097534	1097535	32	0.7714
chr1	1097576	1097577	21	0.7665
chr1	1097585	1097586	29	0.7252
chr1	1097659	1097660	34	0.9764
chr1	1097743	1097744	31	0.7654
chr1	1097843	1097844	28	0.7241
chr1	1097943	1097944	34	0.7099
chr1	1098010	1098011	29	0.7361
chr1	1098110	1098111	24	0.8562
chr1	1098148	1098149	24	0.924
chr1	1098167	1098168	28	0.742
chr1	1098194	1098195	25	0.6872
chr1	1098214	1098215	30	0.7473
chr1	1098263	1098264	16	0.7619
chr1	1098313	1098314	27	0.7253
chr1	1098331	1098332	32	0.7991
chr1	1098381	1098382	20	0.4953
chr1	1098423	1098424	30	0.799
chr1	1098456	1098457	31	0.7026
chr1	1098506	1098507	17	0.6889
chr1	1098522	1098523	19	0.748
chr1	1098542	1098543	36	0.6605
chr1	1098568	1098569	30	0.8162
chr1	1098583	1098584	34	0.8333
chr1	1098616	1098617	27	0.7022
chr1	1098631	1098632	25	0.842
chr1	1098664	1098665	25	0.8051
chr1	1098683	1098684	23	0.8031
chr1	1098704	1098705	27	0.7282
chr1	1098719	1098720	34	0.7472
chr1	1098725	1098726	25	0.7073
chr1	1098825	1098826	35	0.7451
chr1	1098922	1098923	28	0.8432
chr1	1099022	1099023	28	0.768
chr1	1099079	1099080	27	0.8412
chr1	1099179	1099180	23	0.7791
chr1	1099279	1099280	33	0.8091
chr1	1099371	1099372	14	0.749
chr1	1099375	1099376	28	0.9051
chr1	1099394	1099395	29	0.2159
chr1	1099442	1099443	30	0.1212
chr1	1099492	1099493	20	0.3101
chr1	1099518	1099519	24	0.2415
chr1	1099553	1099554	28	0.1395
chr1	1099570	1099571	31	0.145
chr1	1099597	1099598	28	0.4313
chr1	1099647	1099648	19	0.2729
chr1	1099693	1099694	36	0.2582
chr1	1099708	1099709	29	0.3318
chr1	1099749	1099750	31	0.306
chr1	1099799	1099800	30	0.1601
chr1	1099836	1099837	32	0.1238
chr1	1099886	1099887	26	0.0929
chr1	1099916	1099917	35	0.3174
chr1	1099966	1099967	23	0.1992
chr1	1100046	1100047	36	0.0805
chr1	1100107	1100108	25	0.199
chr1	1100203	1100204	26	0.1981
chr1	1100303	1100304	33	0.1285
chr1	1100403	1100404	32	0.1972
chr1	1100419	1100420	38	0.2228
chr1	1100431	1100432	29	0.1546
chr1	1100455	1100456	31	0.9245
chr1	1100492	1100493	23	0.9252
chr1	1100520	1100521	22	0.7746
chr1	1100555	1100556	24	0.8011
chr1	1100573	1100574	22	0.8284
chr1	1100612	1100613	23	0.9279
chr1	1100656	1100657	32	0.9597
chr1	1100679	1100680	27	0.7482
chr1	1100729	1100730	35	0.9365
chr1	1100766	1100767	26	0.7894
chr1	1100798	1100799	25	0.8376
chr1	1100818	1100819	28	0.874
chr1	1100841	1100842	31	0.9037
chr1	1100891	1100892	34	0.9042
chr1	1100928	1100929	34	0.8861
chr1	1100945	1100946	25	1.0
chr1	1100995	1100996	30	0.9226
chr1	1101002	1101003	27	0.6395
chr1	1101102	1101103	31	0.7824
chr1	1101202	1101203	26	1.0
chr1	1101302	1101303	32	0.7679
chr1	1101399	1101400	33	0.8333
chr1	1101499	1101500	29	0.7655
chr1	1101517	1101518	31	0.93
chr1	1101591	1101592	33	0.8159
chr1	1101639	1101640	22	0.6756
chr1	1101668	1101669	27	0.7923
chr1	1101692	1101693	24	0.6721
chr1	1101727	1101728	35	0.7468
chr1	1101757	1101758	30	0.838
chr1	1101783	1101784	40	0.7485
chr1	1101815	1101816	21	0.673
chr1	1101861	1101862	27	0.7564
chr1	1101901	1101902	31	0.8239
chr1	1101933	1101934	32	0.8145
chr1	1101962	1101963	31	0.8719
chr1	1101998	1101999	35	0.7669
chr1	1102032	1102033	29	0.7823
chr1	1102060	1102061	38	0.7255
chr1	1102083	1102084	34	0.7759
chr1	1102098	1102099	23	0.8177
chr1	1102121	1102122	30	0.7766
chr1	1102171	1102172	27	0.7381
chr1	1102173	1102174	20	0.8129
chr1	1102248	1102249	39	0.7342
chr1	1102348	1102349	30	0.604
chr1	1102448	1102449	21	0.9461
chr1	1102532	1102533	29	0.9327
chr1	1102632	1102633	27	0.7775
chr1	1102704	1102705	26	0.8955
chr1	1102736	1102737	40	0.7899
chr1	1102759	1102760	27	0.8128
chr1	1102782	1102783	36	0.7126
chr1	1102832	1102833	38	0.707
chr1	1102857	1102858	33	0.7379
chr1	1102873	1102874	28	0.5045
chr1	1102904	1102905	26	0.7317
chr1	1102919	1102920	36	0.801
chr1	1102939	1102940	28	0.7842
chr1	1102986	1102987	34	0.6843
chr1	1103011	1103012	25	0.5987
chr1	1103038	1103039	29	0.8705
chr1	1103062	1103063	33	0.5081
chr1	1103087	1103088	30	0.8222
chr1	1103127	1103128	37	0.6535
chr1	1103152	1103153	29	0.8237
chr1	1103201	1103202	33	0.6463
chr1	1103246	1103247	29	0.6968
chr1	1103290	1103291	31	0.6084
chr1	1103390	1103391	25	0.7454
chr1	1103440	1103441	34	0.765
chr1	1103499	1103500	24	0.8163
chr1	1103599	1103600	29	0.6591
chr1	1103691	1103692	32	0.6179
chr1	1103741	1103742	29	0.8321
chr1	1103817	1103818	37	0.7278
chr1	1103833	1103834	31	0.5828
chr1	1103853	1103854	35	0.8288
chr1	1103861	1103862	29	0.3987
chr1	1103876	1103877	44	0.374
chr1	1103909	1103910	36	0.3376
chr1	1103959	1103960	24	0.295
chr1	1103976	1103977	27	0.3333
chr1	1104026	1104027	30	0.2415
chr1	1104045	1104046	29	0.3404
chr1	1104094	1104095	29	0.235
chr1	1104141	1104142	32	0.247
chr1	1104191	1104192	32	0.4342
chr1	1104212	1104213	32	0.3964
chr1	1104232	1104233	22	0.1349
chr1	1104273	1104274	36	0.2962
chr1	1104292	1104293	29	0.3718
chr1	1104314	1104315	28	0.1154
chr1	1104339	1104340	29	0.1746
chr1	1104370	1104371	25	0.2978
chr1	1104377	1104378	33	0.3351
chr1	1104427	1104428	25	0.3417
chr1	1104477	1104478	28	0.228
chr1	1104577	1104578	24	0.3512
chr1	1104677	1104678	24	0.3889
chr1	1104752	1104753	28	0.234
chr1	1104812	1104813	29	0.2188
chr1	1104888	1104889	27	0.0638
chr1	1104894	1104895	32	0.1008
chr1	1104938	1104939	39	0.1047
chr1	1105004	1105005	16	0.1418
chr1	1105080	1105081	32	0.0985
chr1	1105146	1105147	26	0.0923
chr1	1105184	1105185	27	0.1658
chr1	1105204	1105205	35	0.276
chr1	1105222	1105223	32	0.1643
chr1	1105304	1105305	28	0.0
chr1	1105314	1105315	31	0.4913
chr1	1105336	1105337	23	0.6233
chr1	1105386	1105387	36	0.7156
chr1	1105406	1105407	30	0.759
chr1	1105445	1105446	32	0.6679
chr1	1105479	1105480	36	0.5254
chr1	1105518	1105519	26	0.6025
chr1	1105563	1105564	26	0.7598
chr1	1105583	1105584	24	0.4998
chr1	1105606	1105607	30	0.6517
chr1	1105643	1105644	33	0.5602
chr1	1105660	1105661	33	0.6143
chr1	1105692	1105693	37	0.6173
chr1	1105730	1105731	34	0.7755
chr1	1105746	1105747	22	0.6564
chr1	1105796	1105797	24	0.6749
chr1	1105846	1105847	35	0.5749
chr1	1105862	1105863	28	0.5403
chr1	1105904	1105905	24	0.5851
chr1	1106004	1106005	28	0.728
chr1	1106104	1106105	27	0.503
chr1	1106154	1106155	31	0.4747
chr1	1106249	1106250	26	0.5679
chr1	1106323	1106324	41	0.7688
chr1	1106423	1106424	25	0.6674
chr1	1106486	1106487	24	0.7175
chr1	1106544	1106545	39	0.9413
chr1	1106712	1106713	29	0.9258
chr1	1106792	1106793	27	0.681
chr1	1106794	1106795	23	0.7372
chr1	1106810	1106811	32	0.6085
chr1	1106840	1106841	28	0.8844
chr1	1106860	1106861	27	0.7584
chr1	1106918	1106919	34	0.6665
chr1	1106944	1106945	24	0.2842
chr1	1106994	1106995	30	0.1553
chr1	1107043	1107044	22	0.1554
chr1	1107061	1107062	32	0.1495
chr1	1107099	1107100	33	0.1585
chr1	1107149	1107150	30	0.1261
chr1	1107179	1107180	30	0.2253
chr1	1107200	1107201	32	0.0438
chr1	1107250	1107251	26	0.0342
chr1	1107299	1107300	25	0.1022
chr1	1107338	1107339	25	0.3566
chr1	1107388	1107389	27	0.0071
chr1	1107397	1107398	26	0.1696
chr1	1107497	1107498	27	0.0333
chr1	1107597	1107598	31	0.1914
chr1	1107697	1107698	24	0.052
chr1	1107747	1107748	24	0.0586
chr1	1107803	1107804	33	0.3127
chr1	1107885	1107886	30	0.1039
chr1	1107923	1107924	34	0.6205
chr1	1107967	1107968	27	0.7416
chr1	1107989	1107990	27	0.8732
chr1	1108023	1108024	26	0.812
chr1	1108073	1108074	28	0.6525
chr1	1108100	1108101	24	0.7805
chr1	1108116	1108117	27	0.8412
chr1	1108145	1108146	24	0.7818
chr1	1108174	1108175	28	0.741
chr1	1108196	1108197	37	0.8076
chr1	1108225	1108226	28	0.9627
chr1	1108257	1108258	25	0.5423
chr1	1108277	1108278	32	0.723
chr1	1108298	1108299	28	0.8127
chr1	1108337	1108338	24	0.715
chr1	1108362	1108363	36	0.6168
chr1	1108385	1108386	26	0.9151
chr1	1108404	1108405	32	0.8728
chr1	1108426	1108427	32	0.8938
chr1	1108476	1108477	30	0.7305
chr1	1108479	1108480	26	0.618
chr1	1108570	1108571	23	0.7798
chr1	1108670	1108671	37	0.6748
chr1	1108744	1108745	19	0.8808
chr1	1108817	1108818	25	0.657
chr1	1108917	1108918	28	0.7841
chr1	1108968	1108969	32	0.812
chr1	1108978	1108979	26	0.6987
chr1	1109032	1109033	36	0.676
chr1	1109042	1109043	26	0.4989
chr1	1109072	1109073	31	0.4729
chr1	1109095	1109096	26	0.3959
chr1	1109111	1109112	28	0.4528
chr1	1109131	1109132	30	0.3071
chr1	1109180	1109181	27	0.3747
chr1	1109208	1109209	13	0.4091
chr1	1109244	1109245	25	0.5192
chr1	1109294	1109295	31	0.3955
chr1	1109314	1109315	36	0.3369
chr1	1109335	1109336	24	0.2566
chr1	1109367	1109368	26	0.4267
chr1	1109382	1109383	29	0.3243
chr1	1109404	1109405	27	0.4631
chr1	1109432	1109433	28	0.4127
chr1	1109448	1109449	35	0.3959
chr1	1109498	1109499	33	0.3337
chr1	1109506	1109507	24	0.4122
chr1	1109573	1109574	23	0.4121
chr1	1109623	1109624	35	0.3149
chr1	1109723	1109724	38	0.3571
chr1	1109823	1109824	23	0.5233
chr1	1109923	1109924	34	0.4899
chr1	1109957	1109958	38	0.2517
chr1	1109995	1109996	29	0.2436
chr1	1110021	1110022	36	0.1939
chr1	1110067	1110068	23	0.0526
chr1	1110267	1110268	33	0.2872
chr1	1110405	1110406	24	0.1292
chr1	1110434	1110435	30	0.5151
chr1	1110449	1110450	32	0.7024
chr1	1110477	1110478	22	0.7692
chr1	1110506	1110507	23	0.8126
chr1	1110537	1110538	29	0.9141
chr1	1110578	1110579	24	0.7171
chr1	1110613	1110614	34	0.7918
chr1	1110637	1110638	24	0.8278
chr1	1110687	1110688	26	0.6098
chr1	1110730	1110731	23	0.8273
chr1	1110780	1110781	30	0.709
chr1	1110801	1110802	25	0.5943
chr1	1110851	1110852	26	0.6486
chr1	1110886	1110887	24	0.6964
chr1	1110913	1110914	34	0.7653
chr1	1110917	1110918	30	0.7531
chr1	1111006	1111007	35	0.65
chr1	1111106	1111107	24	0.6621
chr1	1111206	1111207	30	0.8438
chr1	1111256	1111257	35	0.8264
chr1	1111324	1111325	23	0.6546
chr1	1111326	1111327	38	0.9296
chr1	1111380	1111381	28	0.8113
chr1	1112460	1112461	33	0.6111
chr1	1112490	1112491	26	0.6638
chr1	1112515	1112516	41	0.6438
chr1	1112531	1112532	31	0.6813
chr1	1112546	1112547	24	0.7363
chr1	1112593	1112594	31	0.5788
chr1	1112643	1112644	25	0.5838
chr1	1112674	1112675	34	0.5674
chr1	1112713	1112714	27	0.5596
chr1	1112750	1112751	23	0.6763
chr1	1112778	1112779	29	0.6822
chr1	1112814	1112815	30	0.68
chr1	1112829	1112830	34	0.7856
chr1	1112879	1112880	30	0.6106
chr1	1112902	1112903	26	0.7534
chr1	1112924	1112925	31	0.6512
chr1	1112953	1112954	30	0.733
chr1	1112968	1112969	33	0.5395
chr1	1112990	1112991	32	0.5902
chr1	1113007	1113008	27	0.6882
chr1	1113107	1113108	27	0.6989
chr1	1113207	1113208	17	0.6473
chr1	1113307	1113308	22	0.7306
chr1	1113407	1113408	30	0.7439
chr1	1113507	1113508	43	0.5831
chr1	1113553	1113554	38	0.6181
chr1	1113567	1113568	26	0.8726
chr1	1113598	1113599	32	0.8144
chr1	1113631	1113632	34	0.7746
chr1	1113659	1113660	36	0.7576
chr1	1113698	1113699	27	0.835
chr1	1113721	1113722	31	0.7267
chr1	1113736	1113737	24	0.8198
chr1	1113753	1113754	31	0.8081
chr1	1113797	1113798	28	0.8736
chr1	1113820	1113821	34	0.8449
chr1	1113835	1113836	29	0.8021
chr1	1113885	1113886	36	0.7867
chr1	1113911	1113912	29	0.6232
chr1	1113943	1113944	31	0.8798
chr1	1113993	1113994	26	0.7993
chr1	1114008	1114009	27	0.7969
chr1	1114027	1114028	24	0.7808
chr1	1114077	1114078	30	0.759
chr1	1114127	1114128	27	0.5607
chr1	1114141	1114142	30	0.7899
chr1	1114191	1114192	32	0.6778
chr1	1114291	1114292	29	0.6442
chr1	1114391	1114392	18	0.6982
chr1	1114491	1114492	46	0.8688
chr1	1114541	1114542	26	0.7634
chr1	1114641	1114642	33	0.7981
chr1	1114737	1114738	27	0.7469
chr1	1114746	1114747	31	0.6201
chr1	1114774	1114775	32	0.6161
chr1	1114821	1114822	36	0.6106
chr1	1114854	1114855	44	0.5336
chr1	1114904	1114905	35	0.5793
chr1	1114938	1114939	36	0.7148
chr1	1114985	1114986	28	0.646
chr1	1115005	1115006	22	0.6176
chr1	1115055	1115056	32	0.5431
chr1	1115083	1115084	29	0.5989
chr1	1115133	1115134	26	0.7357
chr1	1115139	1115140	31	0.4705
chr1	1115239	1115240	30	0.5769
chr1	1115339	1115340	27	0.5968
chr1	1115437	1115438	27	0.7509
chr1	1115521	1115522	26	0.5797
chr1	1115565	1115566	34	0.8988
chr1	1115631	1115632	28	0.8601
chr1	1115645	1115646	28	0.6997
chr1	1115677	1115678	33	0.6335
chr1	1115765	1115766	34	0.7654
chr1	1115791	1115792	31	0.756
chr1	1115895	1115896	27	0.7308
chr1	1115917	1115918	32	0.9186
chr1	1116001	1116002	23	0.7703
chr1	1117125	1117126	23	0.8212
chr1	1117151	1117152	26	0.6968
chr1	1117166	1117167	30	0.8838
chr1	1117191	1117192	34	0.7748
chr1	1117217	1117218	34	0.754
chr1	1117267	1117268	19	0.6978
chr1	1117317	1117318	22	0.6395
chr1	1117355	1117356	30	0.7629
chr1	1117378	1117379	28	0.8423
chr1	1117405	1117406	30	0.7621
chr1	1117455	1117456	36	0.9818
chr1	1117475	1117476	28	0.6923
chr1	1117498	1117499	28	0.7513
chr1	1117531	1117532	29	0.9336
chr1	1117546	1117547	38	0.7716
chr1	1117586	1117587	39	0.6747
chr1	1117623	1117624	37	0.783
chr1	1117654	1117655	22	0.7593
chr1	1117662	1117663	25	0.8135
chr1	1117762	1117763	27	0.9853
chr1	1117862	1117863	15	0.9465
chr1	1117962	1117963	27	0.9337
chr1	1118012	1118013	30	0.761
chr1	1118096	1118097	29	0.7027
chr1	1118177	1118178	29	0.8391
chr1	1118243	1118244	36	0.8757
chr1	1118250	1118251	22	0.7905
chr1	1118292	1118293	34	0.6094
chr1	1118321	1118322	38	0.7024
chr1	1118355	1118356	35	0.5598
chr1	1118377	1118378	25	0.7033
chr1	1118401	1118402	28	0.534
chr1	1118428	1118429	33	0.7104
chr1	1118451	1118452	42	0.7993
chr1	1118487	1118488	35	0.6549
chr1	1118514	1118515	36	0.7123
chr1	1118531	1118532	33	0.7436
chr1	1118560	1118561	31	0.7658
chr1	1118584	1118585	20	0.7167
chr1	1118606	1118607	26	0.7553
chr1	1118635	1118636	25	0.6339
chr1	1118653	1118654	33	0.8933
chr1	1118682	1118683	23	0.6912
chr1	1118732	1118733	28	0.5959
chr1	1118767	1118768	33	0.5521
chr1	1118839	1118840	22	0.8766
chr1	1118895	1118896	34	0.6514
chr1	1118995	1118996	32	0.8188
chr1	1119095	1119096	33	0.6898
chr1	1119195	1119196	31	0.6555
chr1	1119213	1119214	22	0.8398
chr1	1119277	1119278	27	0.7428
chr1	1119315	1119316	24	0.7539
chr1	1119353	1119354	35	0.5084
chr1	1119393	1119394	26	0.8197
chr1	1119485	1119486	35	0.9349
chr1	1119503	1119504	22	0.9438
chr1	1119611	1119612	18	0.7943
chr1	1119665	1119666	39	0.972
chr1	1119681	1119682	25	0.7974
chr1	1119691	1119692	36	0.3777
chr1	1119728	1119729	30	0.5414
chr1	1119760	1119761	35	0.4809
chr1	1119786	1119787	27	0.566
chr1	1119826	1119827	28	0.5792
chr1	1119848	1119849	36	0.4791
chr1	1119879	1119880	24	0.442
chr1	1119909	1119910	30	0.5445
chr1	1119948	1119949	27	0.4595
chr1	1119998	1119999	37	0.4371
chr1	1120021	1120022	25	0.5362
chr1	1120046	1120047	31	0.4484
chr1	1120073	1120074	27	0.3362
chr1	1120110	1120111	24	0.3886
chr1	1120152	1120153	31	0.3918
chr1	1120178	1120179	27	0.5038
chr1	1120199	1120200	31	0.5491
chr1	1120214	1120215	32	0.4307
chr1	1120314	1120315	22	0.4082
chr1	1120368	1120369	28	0.4455
chr1	1120468	1120469	29	0.4086
chr1	1120518	1120519	25	0.3066
chr1	1120596	1120597	25	0.3749
chr1	1120696	1120697	42	0.5976
chr1	1120732	1120733	31	0.329
chr1	1120866	1120867	32	0.3663
chr1	1120890	1120891	27	0.4073
chr1	1120916	1120917	30	0.298
chr1	1120952	1120953	36	0.0897
chr1	1120998	1120999	42	0.2641
chr1	1121070	1121071	29	0.2842
chr1	1121106	1121107	25	0.4884
chr1	1121114	1121115	28	0.2499
chr1	1121128	1121129	42	0.119
chr1	1121143	1121144	38	0.1459
chr1	1121163	1121164	22	0.1318
chr1	1121191	1121192	26	0.15
chr1	1121212	1121213	30	0.18
chr1	1121232	1121233	32	0.135
chr1	1121251	1121252	36	0.0364
chr1	1121288	1121289	25	0.2651
chr1	1121303	1121304	27	0.187
chr1	1121341	1121342	27	0.1105
chr1	1121382	1121383	30	0.1848
chr1	1121416	1121417	31	0.2287
chr1	1121466	1121467	26	0.3014
chr1	1121500	1121501	30	0.1072
chr1	1121528	1121529	23	0.2427
chr1	1121563	1121564	23	0.0685
chr1	1121607	1121608	28	0.1345
chr1	1121625	1121626	28	0.2266
chr1	1121662	1121663	23	0.0044
chr1	1121682	1121683	33	0.0614
chr1	1121782	1121783	31	0.1526
chr1	1121861	1121862	32	0.1069
chr1	1121961	1121962	35	0.2209
chr1	1122061	1122062	25	0.1465
chr1	1122142	1122143	30	0.3652
chr1	1122242	1122243	26	0.0208
chr1	1122268	1122269	25	0.2765
chr1	1122307	1122308	28	0.376
chr1	1122351	1122352	34	0.2903
chr1	1122372	1122373	28	0.4305
chr1	1122409	1122410	41	0.2508
chr1	1122440	1122441	21	0.2979
chr1	1122460	1122461	37	0.3484
chr1	1122476	1122477	25	0.5609
chr1	1122497	1122498	22	0.4485
chr1	1122531	1122532	31	0.3116
chr1	1122569	1122570	30	0.3333
chr1	1122597	1122598	42	0.3619
chr1	1122620	1122621	23	0.4468
chr1	1122664	1122665	39	0.2215
chr1	1122695	1122696	33	0.2875
chr1	1122722	1122723	30	0.3093
chr1	1122739	1122740	28	0.4683
chr1	1122839	1122840	36	0.4115
chr1	1122939	1122940	28	0.2538
chr1	1123025	1123026	43	0.3637
chr1	1123077	1123078	31	0.4673
chr1	1123177	1123178	29	0.1977
chr1	1123183	1123184	41	0.437
chr1	1123215	1123216	35	0.3448
chr1	1123220	1123221	29	0.4982
chr1	1123256	1123257	31	0.5671
chr1	1123271	1123272	26	0.5354
chr1	1123291	1123292	26	0.6891
chr1	1123312	1123313	35	0.6512
chr1	1123362	1123363	29	0.6409
chr1	1123412	1123413	23	0.5499
chr1	1123430	1123431	31	0.6549
chr1	1123460	1123461	26	0.764
chr1	1123497	1123498	27	0.6099
chr1	1123521	1123522	34	0.4721
chr1	1123567	1123568	32	0.5066
chr1	1123605	1123606	27	0.765
chr1	1123640	1123641	17	0.5731
chr1	1123655	1123656	32	0.6286
chr1	1123694	1123695	30	0.7059
chr1	1123714	1123715	36	0.3756
chr1	1123718	1123719	24	0.5492
chr1	1123818	1123819	30	0.5653
chr1	1123918	1123919	32	0.6441
chr1	1124018	1124019	24	0.7005
chr1	1124068	1124069	34	0.749
chr1	1124138	1124139	36	0.68
chr1	1124191	1124192	27	0.6404
chr1	1124199	1124200	38	0.9828
chr1	1124227	1124228	28	0.9004
chr1	1124239	1124240	35	0.8299
chr1	1124307	1124308	21	0.6596
chr1	1124535	1124536	28	0.8836
chr1	1124649	1124650	28	0.7341
chr1	1124659	1124660	36	0.3384
chr1	1124691	1124692	31	0.4241
chr1	1124721	1124722	39	0.2306
chr1	1124748	1124749	25	0.2178
chr1	1124763	1124764	25	0.3371
chr1	1124783	1124784	29	0.4258
chr1	1124815	1124816	32	0.3634
chr1	1124834	1124835	35	0.4768
chr1	1124884	1124885	33	0.4899
chr1	1124928	1124929	35	0.4007
chr1	1124944	1124945	33	0.2073
chr1	1124994	1124995	23	0.2934
chr1	1125033	1125034	27	0.3917
chr1	1125054	1125055	38	0.2934
chr1	1125069	1125070	40	0.5253
chr1	1125102	1125103	27	0.4432
chr1	1125125	1125126	29	0.2076
chr1	1125140	1125141	44	0.3756
chr1	1125158	1125159	30	0.2626
chr1	1125208	1125209	23	0.3691
chr1	1125269	1125270	34	0.2525
chr1	1125369	1125370	32	0.46
chr1	1125465	1125466	27	0.2277
chr1	1125565	1125566	36	0.3232
chr1	1125601	1125602	26	0.2482
chr1	1125649	1125650	30	0.2373
chr1	1125731	1125732	27	0.0914
chr1	1125747	1125748	35	0.1397
chr1	1125883	1125884	29	0.2772
chr1	1125895	1125896	32	0.1461
chr1	1125913	1125914	31	0.8208
chr1	1125955	1125956	35	0.6628
chr1	1125982	1125983	25	0.6489
chr1	1125999	1126000	27	0.7359
chr1	1126021	1126022	32	0.6585
chr1	1126039	1126040	28	0.7059
chr1	1126077	1126078	36	0.6874
chr1	1126105	1126106	31	0.7522
chr1	1126146	1126147	32	0.6462
chr1	1126170	1126171	28	0.5907
chr1	1126186	1126187	27	0.6024
chr1	1126219	1126220	33	0.8533
chr1	1126238	1126239	34	0.5959
chr1	1126267	1126268	27	0.6068
chr1	1126317	1126318	33	0.6077
chr1	1126336	1126337	32	0.7814
chr1	1126378	1126379	28	0.7356
chr1	1126412	1126413	26	0.6928
chr1	1126434	1126435	30	0.6452
chr1	1126442	1126443	28	0.749
chr1	1126542	1126543	19	0.749
chr1	1126634	1126635	32	0.7839
chr1	1126728	1126729	29	0.6598
chr1	1126823	1126824	26	0.6588
chr1	1126893	1126894	33	0.6264
chr1	1126950	1126951	33	0.6377
chr1	1127016	1127017	27	0.7951
chr1	1127064	1127065	27	0.8248
chr1	1127090	1127091	30	0.7735
chr1	1127121	1127122	28	0.6408
chr1	1127136	1127137	30	0.7327
chr1	1127170	1127171	29	0.8043
chr1	1127196	1127197	24	0.8501
chr1	1127246	1127247	32	0.8048
chr1	1127282	1127283	35	0.654
chr1	1127304	1127305	31	0.7123
chr1	1127354	1127355	23	0.7655
chr1	1127390	1127391	33	0.6968
chr1	1127424	1127425	26	0.719
chr1	1127474	1127475	30	0.7692
chr1	1127495	1127496	28	0.6733
chr1	1127521	1127522	29	0.737
chr1	1127551	1127552	25	0.8096
chr1	1127587	1127588	29	0.7399
chr1	1127687	1127688	31	0.7829
chr1	1127737	1127738	25	0.726
chr1	1127837	1127838	27	0.6243
chr1	1127914	1127915	36	0.7024
chr1	1128014	1128015	27	0.6414
chr1	1128082	1128083	31	0.662
chr1	1128122	1128123	27	0.7818
chr1	1128130	1128131	27	0.5138
chr1	1128164	1128165	25	0.3514
chr1	1128193	1128194	26	0.535
chr1	1128212	1128213	32	0.5728
chr1	1128227	1128228	31	0.6299
chr1	1128277	1128278	30	0.3327
chr1	1128327	1128328	26	0.4655
chr1	1128344	1128345	30	0.3748
chr1	1128359	1128360	27	0.497
chr1	1128389	1128390	26	0.5127
chr1	1128419	1128420	30	0.4308
chr1	1128445	1128446	31	0.3595
chr1	1128475	1128476	34	0.4868
chr1	1128509	1128510	38	0.3582
chr1	1128540	1128541	38	0.5454
chr1	1128557	1128558	40	0.468
chr1	1128592	1128593	26	0.4052
chr1	1128609	1128610	31	0.4555
chr1	1128633	1128634	31	0.5563
chr1	1128643	1128644	30	0.3563
chr1	1128743	1128744	26	0.3921
chr1	1128843	1128844	34	0.4694
chr1	1128943	1128944	23	0.4293
chr1	1129043	1129044	27	0.4201
chr1	1129143	1129144	26	0.4552
chr1	1129183	1129184	34	0.8127
chr1	1129215	1129216	23	0.7107
chr1	1129281	1129282	30	0.6471
chr1	1129299	1129300	28	0.8296
chr1	1129317	1129318	22	0.5769
chr1	1129395	1129396	34	0.6118
chr1	1129409	1129410	30	0.6528
chr1	1129427	1129428	35	0.7133
chr1	1129545	1129546	32	0.7474
chr1	1129577	1129578	32	0.576
chr1	1129621	1129622	35	0.8294
chr1	1129671	1129672	19	0.9048
chr1	1129721	1129722	33	0.7721
chr1	1129753	1129754	24	0.7986
chr1	1129784	1129785	36	0.7684
chr1	1129828	1129829	29	0.7349
chr1	1129853	1129854	32	0.7733
chr1	1129903	1129904	22	0.7805
chr1	1129934	1129935	31	0.8094
chr1	1129949	1129950	29	0.869
chr1	1129965	1129966	27	0.7984
chr1	1129980	1129981	33	0.7065
chr1	1130030	1130031	23	0.9206
chr1	1130046	1130047	28	0.7781
chr1	1130061	1130062	32	0.8309
chr1	1130111	1130112	24	0.6411
chr1	1130132	1130133	33	0.7339
chr1	1130160	1130161	31	0.873
chr1	1130187	1130188	31	0.8681
chr1	1130203	1130204	30	0.8219
chr1	1130219	1130220	35	0.8479
chr1	1130288	1130289	27	0.9312
chr1	1130388	1130389	22	0.8755
chr1	1130451	1130452	34	0.7899
chr1	1130505	1130506	24	0.8339
chr1	1130605	1130606	32	0.7829
chr1	1130694	1130695	35	0.8048
chr1	1130809	1130810	39	0.8786
chr1	1130827	1130828	29	0.7714
chr1	1130855	1130856	25	0.7971
chr1	1130889	1130890	31	0.8184
chr1	1130908	1130909	23	0.7288
chr1	1130955	1130956	28	0.7448
chr1	1131005	1131006	29	0.6144
chr1	1131054	1131055	30	0.8482
chr1	1131104	1131105	34	0.8774
chr1	1131132	1131133	24	0.7481
chr1	1131149	1131150	27	0.8045
chr1	1131164	1131165	32	0.7024
chr1	1131181	1131182	31	0.7484
chr1	1131208	1131209	28	0.6839
chr1	1131223	1131224	34	0.8505
chr1	1131240	1131241	39	0.7285
chr1	1131261	1131262	34	0.8286
chr1	1131311	1131312	29	0.8895
chr1	1131323	1131324	29	0.8373
chr1	1131373	1131374	20	0.9461
chr1	1131473	1131474	27	0.8575
chr1	1131573	1131574	20	0.8693
chr1	1131635	1131636	28	0.7975
chr1	1131735	1131736	24	0.7684
chr1	1131785	1131786	32	0.8579
chr1	1131815	1131816	33	0.882
chr1	1131831	1131832	29	0.889
chr1	1131861	1131862	30	0.3961
chr1	1131876	1131877	37	0.5942
chr1	1131899	1131900	31	0.5806
chr1	1131948	1131949	22	0.6722
chr1	1131977	1131978	26	0.6314
chr1	1132012	1132013	29	0.7491
chr1	1132049	1132050	29	0.6011
chr1	1132085	1132086	30	0.7252
chr1	1132123	1132124	34	0.6947
chr1	1132173	1132174	27	0.7828
chr1	1132220	1132221	26	0.7964
chr1	1132252	1132253	28	0.7717
chr1	1132302	1132303	29	0.8435
chr1	1132352	1132353	26	0.7024
chr1	1132373	1132374	31	0.7264
chr1	1132394	1132395	29	0.612
chr1	1132488	1132489	27	0.6651
chr1	1132588	1132589	26	0.5178
chr1	1132688	1132689	34	0.7917
chr1	1132788	1132789	31	0.7253
chr1	1132838	1132839	30	0.6849
chr1	1132914	1132915	24	0.7358
chr1	1132944	1132945	32	0.0493
chr1	1132976	1132977	38	0.0514
chr1	1133019	1133020	37	0.0831
chr1	1133037	1133038	27	0.0126
chr1	1133072	1133073	32	0.0351
chr1	1133113	1133114	29	0.0515
chr1	1133138	1133139	40	0.1957
chr1	1133157	1133158	32	0.0
chr1	1133183	1133184	30	0.1161
chr1	1133201	1133202	27	0.0698
chr1	1133238	1133239	32	0.1307
chr1	1133272	1133273	22	0.1052
chr1	1133287	1133288	35	0.1255
chr1	1133302	1133303	36	0.1915
chr1	1133325	1133326	20	0.1502
chr1	1133348	1133349	36	0.2299
chr1	1133363	1133364	36	0.1882
chr1	1133413	1133414	28	0.0335
chr1	1133501	1133502	36	0.2271
chr1	1133601	1133602	27	0.1624
chr1	1133655	1133656	32	0.1138
chr1	1133755	1133756	33	0.0569
chr1	1133771	1133772	22	0.011
chr1	1133798	1133799	35	0.9321
chr1	1133834	1133835	25	0.708
chr1	1133861	1133862	35	0.7524
chr1	1133881	1133882	35	0.7584
chr1	1133931	1133932	30	0.6168
chr1	1133948	1133949	36	0.681
chr1	1133970	1133971	29	0.685
chr1	1134003	1134004	28	0.9235
chr1	1134030	1134031	40	0.8198
chr1	1134052	1134053	31	0.8856
chr1	1134101	1134102	25	0.5245
chr1	1134125	1134126	23	0.7429
chr1	1134170	1134171	31	0.784
chr1	1134186	1134187	31	0.9652
chr1	1134220	1134221	30	0.6337
chr1	1134263	1134264	25	0.8441
chr1	1134267	1134268	26	0.7437
chr1	1134355	1134356	34	0.744
chr1	1134408	1134409	32	0.7833
chr1	1134508	1134509	34	0.5535
chr1	1134608	1134609	23	0.6565
chr1	1134708	1134709	25	0.8365
chr1	1134724	1134725	37	0.8206
chr1	1134726	1134727	25	0.7566
chr1	1134731	1134732	38	0.5933
chr1	1134766	1134767	28	0.5027
chr1	1134791	1134792	26	0.5851
chr1	1134835	1134836	33	0.3677
chr1	1134871	1134872	21	0.477
chr1	1134886	1134887	27	0.4828
chr1	1134936	1134937	27	0.5508
chr1	1134961	1134962	35	0.5491
chr1	1135011	1135012	26	0.5626
chr1	1135041	1135042	33	0.502
chr1	1135086	1135087	30	0.3934
chr1	1135108	1135109	34	0.5576
chr1	1135123	1135124	41	0.5618
chr1	1135151	1135152	28	0.5763
chr1	1135166	1135167	27	0.3645
chr1	1135188	1135189	43	0.5214
chr1	1135203	1135204	33	0.5365
chr1	1135239	1135240	28	0.382
chr1	1135283	1135284	30	0.5506
chr1	1135309	1135310	26	0.4365
chr1	1135333	1135334	31	0.336
chr1	1135342	1135343	27	0.3854
chr1	1135442	1135443	37	0.4868
chr1	1135492	1135493	33	0.5313
chr1	1135588	1135589	29	0.5086
chr1	1135688	1135689	28	0.6122
chr1	1135765	1135766	28	0.506
chr1	1135865	1135866	37	0.6047
chr1	1135921	1135922	24	0.6504
chr1	1135953	1135954	32	0.7792
chr1	1135965	1135966	29	0.5661
chr1	1136017	1136018	39	0.6273
chr1	1136023	1136024	31	0.8833
chr1	1136171	1136172	28	0.683
chr1	1136175	1136176	38	0.5253
chr1	1136217	1136218	19	0.6544
chr1	1136353	1136354	31	0.6444
chr1	1136361	1136362	27	0.5808
chr1	1136371	1136372	26	0.412
chr1	1136414	1136415	24	0.4931
chr1	1136429	1136430	37	0.3775
chr1	1136479	1136480	31	0.4523
chr1	1136512	1136513	39	0.5329
chr1	1136547	1136548	31	0.3851
chr1	1136584	1136585	28	0.5059
chr1	1136624	1136625	27	0.4301
chr1	1136643	1136644	32	0.3013
chr1	1136659	1136660	29	0.52
chr1	1136698	1136699	25	0.4269
chr1	1136725	1136726	32	0.5706
chr1	1136743	1136744	35	0.4577
chr1	1136793	1136794	22	0.4118
chr1	1136814	1136815	40	0.3731
chr1	1136850	1136851	34	0.5365
chr1	1136887	1136888	28	0.4762
chr1	1136888	1136889	32	0.3783
chr1	1136973	1136974	28	0.372
chr1	1137023	1137024	33	0.5703
chr1	1137123	1137124	23	0.5825
chr1	1137223	1137224	30	0.434
chr1	1137323	1137324	29	0.4881
chr1	1137373	1137374	32	0.606
chr1	1137429	1137430	32	0.1102
chr1	1137597	1137598	26	0.2419
chr1	1137603	1137604	30	0.2821
chr1	1137615	1137616	34	0.0529
chr1	1137789	1137790	20	0.2112
chr1	1137801	1137802	23	0.2904
chr1	1137811	1137812	27	0.6932
chr1	1137837	1137838	25	0.6234
chr1	1137866	1137867	26	0.7919
chr1	1137881	1137882	25	0.7242
chr1	1137912	1137913	26	0.7276
chr1	1137962	1137963	38	0.7617
chr1	1137977	1137978	28	0.7839
chr1	1138005	1138006	32	0.6763
chr1	1138020	1138021	35	0.9444
chr1	1138042	1138043	25	0.9047
chr1	1138077	1138078	27	0.8172
chr1	1138119	1138120	34	0.891
chr1	1138159	1138160	24	0.8376
chr1	1138174	1138175	21	0.7503
chr1	1138189	1138190	28	0.8095
chr1	1138289	1138290	22	0.8598
chr1	1138379	1138380	28	0.8817
chr1	1138479	1138480	27	0.9246
chr1	1138531	1138532	24	0.9087
chr1	1138539	1138540	24	0.606
chr1	1138544	1138545	24	0.5705
chr1	1138575	1138576	29	0.5506
chr1	1138603	1138604	33	0.6258
chr1	1138630	1138631	34	0.5786
chr1	1138680	1138681	31	0.6215
chr1	1138708	1138709	31	0.5357
chr1	1138758	1138759	18	0.4989
chr1	1138778	1138779	29	0.5141
chr1	1138828	1138829	36	0.4183
chr1	1138846	1138847	29	0.5679
chr1	1138868	1138869	21	0.6888
chr1	1138918	1138919	26	0.5369
chr1	1138935	1138936	16	0.5274
chr1	1138954	1138955	33	0.5511
chr1	1138969	1138970	38	0.6644
chr1	1138994	1138995	26	0.5589
chr1	1139030	1139031	29	0.4892
chr1	1139067	1139068	26	0.6309
chr1	1139079	1139080	32	0.6792
chr1	1139179	1139180	30	0.5972
chr1	1139229	1139230	28	0.5708
chr1	1139329	1139330	27	0.4332
chr1	1139424	1139425	22	0.5926
chr1	1139524	1139525	16	0.3994
chr1	1139528	1139529	30	0.8392
chr1	1139552	1139553	25	0.9394
chr1	1139706	1139707	26	0.8416
chr1	1139712	1139713	33	0.6466
chr1	1139724	1139725	15	1.0
chr1	1139786	1139787	32	0.8912
chr1	1139840	1139841	27	0.9716
chr1	1139868	1139869	29	0.6832
chr1	1139880	1139881	29	0.9617
chr1	1139900	1139901	23	0.7917
chr1	1139928	1139929	33	0.7585
chr1	1139960	1139961	35	0.726
chr1	1139978	1139979	29	0.585
chr1	1139999	1140000	20	0.749
chr1	1140016	1140017	26	0.786
chr1	1140040	1140041	36	0.6772
chr1	1140057	1140058	35	0.5876
chr1	1140084	1140085	25	0.6954
chr1	1140103	1140104	38	0.699
chr1	1140127	1140128	32	0.7324
chr1	1140147	1140148	34	0.6919
chr1	1140197	1140198	36	0.5406
chr1	1140213	1140214	35	0.547
chr1	1140247	1140248	32	0.5801
chr1	1140267	1140268	25	0.5582
chr1	1140303	1140304	23	0.784
chr1	1140353	1140354	26	0.7696
chr1	1140370	1140371	27	0.7825
chr1	1140401	1140402	32	0.8008
chr1	1140460	1140461	31	0.6905
chr1	1140556	1140557	28	0.722
chr1	1140611	1140612	30	0.8197
chr1	1140711	1140712	32	0.6984
chr1	1140801	1140802	34	0.6507
chr1	1140809	1140810	32	0.8028
chr1	1140819	1140820	31	0.6722
chr1	1140852	1140853	30	0.4829
chr1	1140902	1140903	26	0.7465
chr1	1140917	1140918	37	0.7243
chr1	1140967	1140968	30	0.8257
chr1	1140998	1140999	27	0.6905
chr1	1141048	1141049	32	0.621
chr1	1141094	1141095	26	0.6832
chr1	1141144	1141145	28	0.7269
chr1	1141163	1141164	24	0.6911
chr1	1141198	1141199	29	0.6012
chr1	1141248	1141249	31	0.4705
chr1	1141276	1141277	29	0.7384
chr1	1141309	1141310	23	0.5332
chr1	1141359	1141360	23	0.772
chr1	1141444	1141445	30	0.6967
chr1	1141514	1141515	36	0.5306
chr1	1141614	1141615	44	0.79
chr1	1141665	1141666	32	0.6429
chr1	1141765	1141766	23	0.5204
chr1	1141767	1141768	30	1.0
chr1	1141843	1141844	32	0.8406
chr1	1141873	1141874	31	1.0
chr1	1141985	1141986	28	0.8713
chr1	1142063	1142064	32	0.8826
chr1	1142129	1142130	34	0.7324
chr1	1142163	1142164	22	0.7831
chr1	1142181	1142182	33	0.9746
chr1	1142206	1142207	36	0.8353
chr1	1142231	1142232	35	0.7891
chr1	1142253	1142254	29	0.7375
chr1	1142282	1142283	30	0.7985
chr1	1142297	1142298	37	0.8317
chr1	1142321	1142322	32	0.8409
chr1	1142350	1142351	21	0.9083
chr1	1142394	1142395	33	0.7354
chr1	1142444	1142445	35	0.8804
chr1	1142459	1142460	30	0.7494
chr1	1142497	1142498	24	0.9865
chr1	1142531	1142532	28	0.9146
chr1	1142546	1142547	30	0.8608
chr1	1142596	1142597	28	0.8473
chr1	1142613	1142614	31	0.9428
chr1	1142661	1142662	33	0.8574
chr1	1142761	1142762	22	0.9861
chr1	1142818	1142819	36	0.8318
chr1	1142918	1142919	33	0.8553
chr1	1143018	1143019	29	0.713
chr1	1143040	1143041	38	0.7931
chr1	1143071	1143072	21	0.6569
chr1	1143113	1143114	20	0.8962
chr1	1143128	1143129	23	0.6069
chr1	1143156	1143157	18	0.6188
chr1	1143183	1143184	38	0.6248
chr1	1143214	1143215	32	0.5805
chr1	1143233	1143234	29	0.7152
chr1	1143273	1143274	35	0.6937
chr1	1143293	1143294	19	0.6723
chr1	1143324	1143325	29	0.7222
chr1	1143342	1143343	35	0.8523
chr1	1143364	1143365	27	0.8178
chr1	1143405	1143406	22	0.7438
chr1	1143434	1143435	35	0.6331
chr1	1143484	1143485	34	0.5238
chr1	1143503	1143504	32	0.6809
chr1	1143545	1143546	30	0.7627
chr1	1143562	1143563	33	0.651
chr1	1143577	1143578	35	0.7642
chr1	1143607	1143608	25	0.668
chr1	1143623	1143624	32	0.4695
chr1	1143638	1143639	31	0.6061
chr1	1143642	1143643	33	0.763
chr1	1143742	1143743	30	0.8094
chr1	1143792	1143793	35	0.6598
chr1	1143892	1143893	32	0.7021
chr1	1143947	1143948	40	0.6029
chr1	1144006	1144007	32	0.8309
chr1	1144106	1144107	29	0.8612
chr1	1144206	1144207	28	0.6691
chr1	1144256	1144257	38	0.8553
chr1	1144276	1144277	27	0.663
chr1	1144300	1144301	29	0.9009
chr1	1144315	1144316	25	0.8399
chr1	1144333	1144334	33	0.6178
chr1	1144357	1144358	23	0.6666
chr1	1144383	1144384	34	0.6825
chr1	1144398	1144399	24	0.5753
chr1	1144432	1144433	23	0.6391
chr1	1144457	1144458	25	0.8204
chr1	1144488	1144489	28	0.5813
chr1	1144517	1144518	32	0.6844
chr1	1144567	1144568	37	0.8708
chr1	1144586	1144587	38	0.6685
chr1	1144631	1144632	29	0.6449
chr1	1144656	1144657	36	0.6957
chr1	1144692	1144693	34	0.7741
chr1	1144742	1144743	28	0.8196
chr1	1144792	1144793	30	0.7492
chr1	1144829	1144830	30	0.805
chr1	1144917	1144918	33	0.6598
chr1	1144967	1144968	27	0.7331
chr1	1145017	1145018	37	0.71
chr1	1145117	1145118	37	0.6291
chr1	1145217	1145218	31	0.6106
chr1	1145290	1145291	21	0.6242
chr1	1145316	1145317	30	0.7616
chr1	1145384	1145385	27	0.5772
chr1	1145399	1145400	37	0.7849
chr1	1145427	1145428	21	0.881
chr1	1145457	1145458	27	0.9215
chr1	1145483	1145484	31	0.8724
chr1	1145533	1145534	28	0.8084
chr1	1145548	1145549	33	0.7598
chr1	1145568	1145569	36	0.8789
chr1	1145618	1145619	31	0.8569
chr1	1145668	1145669	28	0.7756
chr1	1145715	1145716	34	0.823
chr1	1145760	1145761	29	0.8815
chr1	1145789	1145790	25	0.7787
chr1	1145833	1145834	24	0.9898
chr1	1145849	1145850	34	0.8872
chr1	1145866	1145867	44	0.899
chr1	1145926	1145927	33	0.9102
chr1	1146019	1146020	27	0.7667
chr1	1146119	1146120	32	0.6983
chr1	1146219	1146220	37	0.7819
chr1	1146299	1146300	27	0.871
chr1	1146313	1146314	31	1.0
chr1	1146333	1146334	30	0.8265
chr1	1146362	1146363	34	0.9734
chr1	1146395	1146396	27	0.7222
chr1	1146445	1146446	29	0.7615
chr1	1146463	1146464	39	0.998
chr1	1146499	1146500	28	1.0
chr1	1146536	1146537	30	0.8129
chr1	1146568	1146569	25	0.7328
chr1	1146618	1146619	28	0.8769
chr1	1146638	1146639	26	0.9109
chr1	1146653	1146654	17	1.0
chr1	1146668	1146669	22	0.9358
chr1	1146718	1146719	20	0.9305
chr1	1146766	1146767	40	0.7191
chr1	1146801	1146802	28	0.9534
chr1	1146828	1146829	20	0.9268
chr1	1146914	1146915	26	0.8941
chr1	1146967	1146968	30	0.8252
chr1	1147064	1147065	33	0.9852
chr1	1147128	1147129	21	0.8785
chr1	1147207	1147208	30	0.9759
chr1	1147307	1147308	40	0.8825
chr1	1147352	1147353	20	0.8323
chr1	1147360	1147361	28	0.2585
chr1	1147382	1147383	28	0.4065
chr1	1147397	1147398	35	0.2971
chr1	1147418	1147419	31	0.2768
chr1	1147464	1147465	28	0.5309
chr1	1147484	1147485	30	0.4572
chr1	1147518	1147519	32	0.3242
chr1	1147545	1147546	24	0.5054
chr1	1147584	1147585	21	0.5505
chr1	1147610	1147611	29	0.4754
chr1	1147636	1147637	27	0.3146
chr1	1147686	1147687	34	0.5199
chr1	1147736	1147737	29	0.6033
chr1	1147786	1147787	27	0.4352
chr1	1147815	1147816	31	0.4623
chr1	1147847	1147848	19	0.5336
chr1	1147947	1147948	31	0.5858
chr1	1148047	1148048	18	0.435
chr1	1148147	1148148	35	0.5854
chr1	1148197	1148198	38	0.5647
chr1	1148257	1148258	33	0.4318
chr1	1148265	1148266	27	0.176
chr1	1148313	1148314	36	0.1006
chr1	1148349	1148350	27	0.1622
chr1	1148487	1148488	25	0.2637
chr1	1148567	1148568	31	0.256
chr1	1148569	1148570	27	0.3857
chr1	1148627	1148628	25	0.0128
chr1	1148661	1148662	34	0.1362
chr1	1148686	1148687	29	0.774
chr1	1148705	1148706	31	0.5974
chr1	1148755	1148756	28	0.7667
chr1	1148793	1148794	28	0.6123
chr1	1148834	1148835	30	0.6009
chr1	1148876	1148877	33	0.6622
chr1	1148904	1148905	28	0.698
chr1	1148925	1148926	31	0.7954
chr1	1148946	1148947	31	0.7263
chr1	1148966	1148967	28	0.6604
chr1	1149004	1149005	29	0.7944
chr1	1149030	1149031	30	0.7201
chr1	1149051	1149052	24	0.6935
chr1	1149066	1149067	34	0.8098
chr1	1149105	1149106	23	0.6456
chr1	1149130	1149131	32	0.7962
chr1	1149171	1149172	31	0.6181
chr1	1149209	1149210	27	0.7694
chr1	1149220	1149221	27	0.7329
chr1	1149320	1149321	29	0.8724
chr1	1149371	1149372	33	0.8129
chr1	1149471	1149472	29	0.7808
chr1	1149571	1149572	19	0.7472
chr1	1149671	1149672	22	0.6754
chr1	1149719	1149720	30	0.7704
chr1	1149737	1149738	29	0.8206
chr1	1149754	1149755	33	0.7914
chr1	1149804	1149805	16	0.7675
chr1	1149826	1149827	28	0.6843
chr1	1149869	1149870	32	0.7737
chr1	1149913	1149914	26	0.7078
chr1	1149928	1149929	32	0.7521
chr1	1149978	1149979	32	0.6644
chr1	1150015	1150016	31	0.9027
chr1	1150031	1150032	36	0.8938
chr1	1150063	1150064	29	0.7596
chr1	1150089	1150090	39	0.653
chr1	1150104	1150105	30	0.8607
chr1	1150130	1150131	32	0.8227
chr1	1150160	1150161	33	0.8525
chr1	1150201	1150202	32	0.797
chr1	1150225	1150226	30	0.851
chr1	1150269	1150270	35	0.6614
chr1	1150300	1150301	21	0.7325
chr1	1150361	1150362	27	0.7258
chr1	1150461	1150462	34	0.6794
chr1	1150561	1150562	28	0.8735
chr1	1150661	1150662	30	0.779
chr1	1150761	1150762	21	0.8782
chr1	1150832	1150833	24	0.7473
chr1	1150834	1150835	32	0.995
chr1	1150870	1150871	25	0.8146
chr1	1150906	1150907	28	0.7615
chr1	1150933	1150934	34	0.7783
chr1	1150983	1150984	30	0.7039
chr1	1151013	1151014	23	0.6347
chr1	1151044	1151045	31	0.6699
chr1	1151074	1151075	23	0.8941
chr1	1151095	1151096	25	0.7577
chr1	1151145	1151146	35	0.8155
chr1	1151191	1151192	33	0.6599
chr1	1151238	1151239	28	0.7445
chr1	1151288	1151289	21	0.7418
chr1	1151327	1151328	24	0.8029
chr1	1151343	1151344	28	0.9112
chr1	1151372	1151373	39	0.7281
chr1	1151422	1151423	35	0.653
chr1	1151487	1151488	23	0.5558
chr1	1151587	1151588	29	0.6429
chr1	1151645	1151646	23	0.7551
chr1	1151745	1151746	24	0.7249
chr1	1151753	1151754	29	0.8949
chr1	1151771	1151772	30	0.7807
chr1	1151778	1151779	33	0.4179
chr1	1151825	1151826	33	0.3905
chr1	1151875	1151876	26	0.6631
chr1	1151898	1151899	32	0.5946
chr1	1151927	1151928	26	0.5397
chr1	1151946	1151947	42	0.5504
chr1	1151984	1151985	24	0.4217
chr1	1152027	1152028	28	0.5863
chr1	1152042	1152043	39	0.556
chr1	1152092	1152093	23	0.5904
chr1	1152133	1152134	24	0.6167
chr1	1152183	1152184	32	0.5547
chr1	1152233	1152234	31	0.5474
chr1	1152259	1152260	29	0.4943
chr1	1152284	1152285	32	0.6993
chr1	1152320	1152321	35	0.6483
chr1	1152420	1152421	20	0.7141
chr1	1152520	1152521	37	0.7083
chr1	1152570	1152571	33	0.6874
chr1	1152627	1152628	27	0.4957
chr1	1152727	1152728	24	0.3759
chr1	1152827	1152828	32	0.5789
chr1	1152861	1152862	23	0.8118
chr1	1152917	1152918	26	0.642
chr1	1152993	1152994	32	0.5807
chr1	1153107	1153108	27	0.5093
chr1	1153141	1153142	28	0.61
chr1	1153255	1153256	30	0.6552
chr1	1153319	1153320	27	0.521
chr1	1153359	1153360	29	0.1121
chr1	1153378	1153379	36	0.2563
chr1	1153402	1153403	28	0.0164
chr1	1153442	1153443	35	0.2637
chr1	1153477	1153478	29	0.0621
chr1	1153527	1153528	23	0.1082
chr1	1153559	1153560	31	0.1725
chr1	1153599	1153600	36	0.2319
chr1	1153646	1153647	36	0.135
chr1	1153666	1153667	29	0.2525
chr1	1153716	1153717	32	0.2819
chr1	1153743	1153744	38	0.3023
chr1	1153784	1153785	27	0.264
chr1	1153810	1153811	23	0.0028
chr1	1153845	1153846	18	0.1705
chr1	1153945	1153946	28	0.2198
chr1	1153995	1153996	36	0.0479
chr1	1154095	1154096	32	0.1755
chr1	1154195	1154196	29	0.0884
chr1	1154262	1154263	21	0.1997
chr1	1154274	1154275	24	0.0351
chr1	1154304	1154305	26	0.1063
chr1	1154346	1154347	40	0.91
chr1	1154361	1154362	34	0.6733
chr1	1154387	1154388	27	0.6195
chr1	1154402	1154403	32	0.8126
chr1	1154424	1154425	32	0.6993
chr1	1154455	1154456	30	0.9098
chr1	1154493	1154494	26	0.6593
chr1	1154520	1154521	28	0.792
chr1	1154560	1154561	36	0.7281
chr1	1154581	1154582	41	0.6901
chr1	1154600	1154601	29	0.8644
chr1	1154619	1154620	31	0.9064
chr1	1154669	1154670	28	0.7274
chr1	1154684	1154685	32	0.9213
chr1	1154734	1154735	32	0.9757
chr1	1154762	1154763	31	0.8965
chr1	1154793	1154794	27	0.857
chr1	1154824	1154825	22	0.8689
chr1	1154851	1154852	23	0.8035
chr1	1154901	1154902	34	0.8122
chr1	1154936	1154937	26	0.8352
chr1	1155036	1155037	26	0.9194
chr1	1155129	1155130	28	0.7828
chr1	1155229	1155230	22	0.9116
chr1	1155329	1155330	33	0.7997
chr1	1155429	1155430	33	0.8342
chr1	1155483	1155484	30	0.7131
chr1	1155557	1155558	27	0.8579
chr1	1155600	1155601	35	0.9202
chr1	1155646	1155647	31	0.7021
chr1	1155683	1155684	26	0.8015
chr1	1155698	1155699	28	0.7993
chr1	1155734	1155735	29	0.9725
chr1	1155762	1155763	30	0.9254
chr1	1155799	1155800	32	0.7304
chr1	1155843	1155844	32	0.7732
chr1	1155880	1155881	41	0.8068
chr1	1155924	1155925	29	0.9349
chr1	1155946	1155947	27	0.8793
chr1	1155976	1155977	31	0.8415
chr1	1156025	1156026	26	0.9278
chr1	1156075	1156076	23	0.6139
chr1	1156098	1156099	27	0.798
chr1	1156113	1156114	32	0.7508
chr1	1156126	1156127	28	0.9803
chr1	1156185	1156186	21	0.7765
chr1	1156235	1156236	26	0.7568
chr1	1156317	1156318	35	0.9278
chr1	1156417	1156418	35	0.765
chr1	1156517	1156518	32	0.7839
chr1	1156617	1156618	27	0.8491
chr1	1156645	1156646	29	0.8909
chr1	1156683	1156684	23	0.8771
chr1	1156718	1156719	31	0.1131
chr1	1156754	1156755	32	0.0389
chr1	1156785	1156786	36	0.0566
chr1	1156806	1156807	22	0.0851
chr1	1156855	1156856	32	0.1946
chr1	1156870	1156871	30	0.1258
chr1	1156913	1156914	33	0.2978
chr1	1156933	1156934	29	0.0694
chr1	1156955	1156956	28	0.01
chr1	1156970	1156971	28	0.2691
chr1	1157005	1157006	37	0.0262
chr1	1157020	1157021	21	0.2005
chr1	1157039	1157040	28	0.2369
chr1	1157089	1157090	27	0.0907
chr1	1157110	1157111	26	0.056
chr1	1157155	1157156	24	0.1576
chr1	1157170	1157171	34	0.1348
chr1	1157185	1157186	24	0.2066
chr1	1157211	1157212	21	0.3108
chr1	1157229	1157230	33	0.1199
chr1	1157261	1157262	37	0.0244
chr1	1157326	1157327	28	0.1721
chr1	1157376	1157377	29	0.203
chr1	1157476	1157477	30	0.129
chr1	1157547	1157548	26	0.0891
chr1	1157647	1157648	20	0.0445
chr1	1157716	1157717	27	0.0727
chr1	1157726	1157727	34	0.0462
chr1	1157731	1157732	22	0.5505
chr1	1157757	1157758	24	0.733
chr1	1157800	1157801	26	0.8043
chr1	1157831	1157832	33	0.8178
chr1	1157871	1157872	25	0.6644
chr1	1157907	1157908	31	0.7363
chr1	1157941	1157942	25	0.6476
chr1	1157962	1157963	24	0.9061
chr1	1157984	1157985	32	0.6766
chr1	1158019	1158020	29	0.5611
chr1	1158043	1158044	29	0.7001
chr1	1158078	1158079	26	0.7834
chr1	1158122	1158123	33	0.704
chr1	1158137	1158138	23	0.7656
chr1	1158187	1158188	34	0.8125
chr1	1158193	1158194	29	0.6681
chr1	1158293	1158294	35	0.6798
chr1	1158352	1158353	28	0.6129
chr1	1158443	1158444	32	0.696
chr1	1158543	1158544	23	0.5411
chr1	1158643	1158644	32	0.6418
chr1	1158755	1158756	31	0.9679
chr1	1158867	1158868	22	1.0
chr1	1158907	1158908	33	0.8742
chr1	1158913	1158914	25	0.9868
chr1	1158931	1158932	39	0.9145
chr1	1158963	1158964	31	0.8808
chr1	1159001	1159002	29	0.6745
chr1	1159129	1159130	34	0.9039
chr1	1159134	1159135	28	0.6717
chr1	1159165	1159166	24	0.6319
chr1	1159186	1159187	40	0.7039
chr1	1159201	1159202	31	0.6948
chr1	1159236	1159237	30	0.7705
chr1	1159251	1159252	30	0.7093
chr1	1159301	1159302	23	0.7868
chr1	1159328	1159329	29	0.6211
chr1	1159343	1159344	27	0.6359
chr1	1159380	1159381	31	0.595
chr1	1159413	1159414	31	0.6643
chr1	1159435	1159436	28	0.7081
chr1	1159453	1159454	28	0.6669
chr1	1159471	1159472	33	0.625
chr1	1159494	1159495	36	0.7327
chr1	1159526	1159527	22	0.5128
chr1	1159570	1159571	35	0.8065
chr1	1159590	1159591	28	0.7548
chr1	1159621	1159622	24	0.643
chr1	1159637	1159638	25	0.6195
chr1	1159656	1159657	26	0.6873
chr1	1159756	1159757	35	0.666
chr1	1159806	1159807	28	0.6771
chr1	1159906	1159907	30	0.6515
chr1	1159956	1159957	28	0.74
chr1	1160056	1160057	29	0.7155
chr1	1160156	1160157	32	0.7786
chr1	1160168	1160169	30	0.7828
chr1	1160192	1160193	29	0.9695
chr1	1160200	1160201	35	0.8383
chr1	1160248	1160249	27	0.8634
chr1	1160352	1160353	30	0.6098
chr1	1160396	1160397	28	0.7215
chr1	1160425	1160426	24	0.7551
chr1	1160455	1160456	31	0.7718
chr1	1160505	1160506	30	0.9243
chr1	1160525	1160526	41	0.6479
chr1	1160575	1160576	34	0.7901
chr1	1160595	1160596	28	0.7313
chr1	1160610	1160611	27	0.8178
chr1	1160655	1160656	28	0.8667
chr1	1160688	1160689	20	0.7997
chr1	1160738	1160739	31	0.8234
chr1	1160775	1160776	24	0.9477
chr1	1160825	1160826	17	0.7851
chr1	1160860	1160861	27	0.9941
chr1	1160877	1160878	28	0.9698
chr1	1160927	1160928	32	0.8678
chr1	1160948	1160949	29	0.9092
chr1	1160987	1160988	24	0.8343
chr1	1161087	1161088	31	0.8775
chr1	1161187	1161188	33	0.6618
chr1	1161287	1161288	36	0.9009
chr1	1161350	1161351	31	0.6944
chr1	1161450	1161451	34	0.8108
chr1	1161514	1161515	21	0.8349
chr1	1161570	1161571	25	0.9094
chr1	1161610	1161611	24	0.676
chr1	1161635	1161636	29	0.7419
chr1	1161677	1161678	30	0.7897
chr1	1161726	1161727	29	0.7568
chr1	1161761	1161762	30	0.717
chr1	1161793	1161794	26	0.6712
chr1	1161839	1161840	27	0.8126
chr1	1161859	1161860	38	0.7177
chr1	1161881	1161882	29	0.5775
chr1	1161902	1161903	35	0.7528
chr1	1161952	1161953	25	0.5796
chr1	1161976	1161977	34	0.7185
chr1	1162000	1162001	34	0.8445
chr1	1162025	1162026	27	0.7409
chr1	1162048	1162049	29	0.6002
chr1	1162065	1162066	30	0.8128
chr1	1162093	1162094	36	0.5258
chr1	1162116	1162117	20	0.7913
chr1	1162156	1162157	30	0.6609
chr1	1162256	1162257	26	0.9113
chr1	1162306	1162307	34	0.7613
chr1	1162391	1162392	35	0.7254
chr1	1162475	1162476	28	0.6188
chr1	1162575	1162576	31	0.5924
chr1	1162675	1162676	28	0.7384
chr1	1162689	1162690	33	0.5697
chr1	1162691	1162692	26	0.7881
chr1	1162701	1162702	31	0.6782
chr1	1162751	1162752	27	0.549
chr1	1162776	1162777	29	0.5643
chr1	1162795	1162796	25	0.5724
chr1	1162824	1162825	29	0.6162
chr1	1162847	1162848	31	0.5873
chr1	1162864	1162865	34	0.5968
chr1	1162896	1162897	32	0.7422
chr1	1162921	1162922	25	0.6372
chr1	1162965	1162966	19	0.5666
chr1	1162989	1162990	25	0.6691
chr1	1163004	1163005	27	0.6763
chr1	1163041	1163042	38	0.4517
chr1	1163056	1163057	25	0.68
chr1	1163093	1163094	34	0.6435
chr1	1163108	1163109	33	0.5821
chr1	1163130	1163131	31	0.6521
chr1	1163152	1163153	28	0.7276
chr1	1163178	1163179	30	0.5187
chr1	1163199	1163200	26	0.698
chr1	1163299	1163300	38	0.7368
chr1	1163397	1163398	31	0.3424
chr1	1163495	1163496	38	0.7942
chr1	1163595	1163596	29	0.5628
chr1	1163695	1163696	34	0.4743
chr1	1163731	1163732	24	0.7321
chr1	1163797	1163798	39	0.6478
chr1	1163801	1163802	21	0.7158
chr1	1163911	1163912	37	0.6261
chr1	1163913	1163914	32	0.6569
chr1	1164137	1164138	24	0.8625
chr1	1164185	1164186	33	0.8658
chr1	1164200	1164201	20	0.877
chr1	1164226	1164227	34	0.7795
chr1	1164241	1164242	26	0.7659
chr1	1164283	1164284	31	0.9372
chr1	1164330	1164331	29	0.8182
chr1	1164356	1164357	34	0.7588
chr1	1164394	1164395	28	0.6557
chr1	1164444	1164445	31	0.7277
chr1	1164472	1164473	28	0.8099
chr1	1164487	1164488	20	0.6993
chr1	1164502	1164503	25	0.8416
chr1	1164529	1164530	32	0.7589
chr1	1164576	1164577	26	0.7449
chr1	1164594	1164595	41	0.7705
chr1	1164641	1164642	32	0.7991
chr1	1164673	1164674	39	0.8615
chr1	1164712	1164713	38	0.709
chr1	1164724	1164725	26	0.8408
chr1	1164824	1164825	30	0.8431
chr1	1164880	1164881	29	0.6925
chr1	1164980	1164981	31	0.7136
chr1	1165030	1165031	25	0.6687
chr1	1165130	1165131	29	0.9102
chr1	1165230	1165231	31	0.6917
chr1	1165260	1165261	18	0.7587
chr1	1165284	1165285	30	0.8418
chr1	1166431	1166432	29	0.5427
chr1	1166450	1166451	24	0.6192
chr1	1166485	1166486	34	0.3901
chr1	1166507	1166508	25	0.5711
chr1	1166522	1166523	26	0.699
chr1	1166567	1166568	39	0.5857
chr1	1166582	1166583	32	0.733
chr1	1166621	1166622	35	0.7694
chr1	1166656	1166657	34	0.5002
chr1	1166706	1166707	39	0.6056
chr1	1166722	1166723	19	0.777
chr1	1166756	1166757	30	0.5684
chr1	1166785	1166786	35	0.6401
chr1	1166835	1166836	29	0.6089
chr1	1166853	1166854	28	0.5799
chr1	1166868	1166869	28	0.4938
chr1	1166885	1166886	26	0.5736
chr1	1166935	1166936	39	0.6131
chr1	1166949	1166950	31	0.6348
chr1	1167023	1167024	26	0.594
chr1	1167114	1167115	23	0.6055
chr1	1167164	1167165	31	0.6837
chr1	1167260	1167261	36	0.7137
chr1	1167360	1167361	33	0.5424
chr1	1167460	1167461	32	0.5958
chr1	1167488	1167489	39	0.6294
chr1	1167522	1167523	32	0.8754
chr1	1167568	1167569	35	0.6062
chr1	1167708	1167709	24	0.7701
chr1	1167716	1167717	36	0.7271
chr1	1167868	1167869	31	0.8415
chr1	1167898	1167899	26	0.641
chr1	1167946	1167947	36	0.7828
chr1	1167996	1167997	34	0.9081
chr1	1168020	1168021	29	0.9136
chr1	1168070	1168071	33	0.6451
chr1	1168120	1168121	36	0.8756
chr1	1168170	1168171	31	0.8409
chr1	1168207	1168208	31	0.7549
chr1	1168252	1168253	26	0.8764
chr1	1168267	1168268	31	0.7671
chr1	1168300	1168301	31	0.7717
chr1	1168316	1168317	38	0.7107
chr1	1168366	1168367	32	0.7612
chr1	1168397	1168398	30	0.7907
chr1	1168447	1168448	26	0.8046
chr1	1168465	1168466	39	0.8188
chr1	1168565	1168566	34	0.7458
chr1	1168665	1168666	31	0.8024
chr1	1168723	1168724	32	0.701
chr1	1168823	1168824	35	0.8462
chr1	1168873	1168874	26	0.6769
chr1	1168952	1168953	26	0.8231
chr1	1168964	1168965	22	0.7868
chr1	1168971	1168972	25	0.4142
chr1	1169011	1169012	28	0.5013
chr1	1169035	1169036	23	0.5863
chr1	1169083	1169084	41	0.4447
chr1	1169122	1169123	28	0.5569
chr1	1169137	1169138	30	0.563
chr1	1169154	1169155	37	0.6206
chr1	1169180	1169181	27	0.5476
chr1	1169222	1169223	34	0.5253
chr1	1169241	1169242	31	0.5204
chr1	1169282	1169283	33	0.5612
chr1	1169329	1169330	39	0.5643
chr1	1169353	1169354	32	0.4471
chr1	1169403	1169404	31	0.511
chr1	1169447	1169448	25	0.4685
chr1	1169481	1169482	32	0.4286
chr1	1169503	1169504	32	0.5523
chr1	1169506	1169507	32	0.6008
chr1	1169594	1169595	35	0.5643
chr1	1169694	1169695	28	0.5666
chr1	1169748	1169749	29	0.6024
chr1	1169806	1169807	26	0.5046
chr1	1169906	1169907	35	0.5311
chr1	1170006	1170007	30	0.6639
chr1	1170252	1170253	28	0.7365
chr1	1170294	1170295	27	0.7074
chr1	1170300	1170301	39	0.6475
chr1	1170340	1170341	16	0.4809
chr1	1170376	1170377	34	0.6172
chr1	1170454	1170455	35	0.8312
chr1	1170461	1170462	34	0.0565
chr1	1170484	1170485	34	0.263
chr1	1170508	1170509	31	0.0882
chr1	1170543	1170544	22	0.2573
chr1	1170578	1170579	27	0.0762
chr1	1170628	1170629	33	0.0571
chr1	1170644	1170645	28	0.3022
chr1	1170671	1170672	33	0.3007
chr1	1170686	1170687	36	0.3863
chr1	1170718	1170719	36	0.4683
chr1	1170740	1170741	28	0.3079
chr1	1170782	1170783	32	0.2464
chr1	1170832	1170833	24	0.4231
chr1	1170855	1170856	30	0.4272
chr1	1170884	1170885	39	0.2397
chr1	1170889	1170890	23	0.3721
chr1	1170989	1170990	34	0.2882
chr1	1171057	1171058	22	0.2833
chr1	1171118	1171119	23	0.2964
chr1	1171182	1171183	32	0.1396
chr1	1171282	1171283	30	0.3493
chr1	1171360	1171361	28	0.2621
chr1	1171410	1171411	37	0.0869
chr1	1171426	1171427	35	0.084
chr1	1171450	1171451	28	0.0636
chr1	1171584	1171585	33	0.2861
chr1	1171590	1171591	30	0.0725
chr1	1171636	1171637	26	0.1982
chr1	1171650	1171651	26	0.1492
chr1	1171690	1171691	33	0.1893
chr1	1171722	1171723	31	0.1364
chr1	1171757	1171758	20	0.8085
chr1	1171787	1171788	34	0.8081
chr1	1171816	1171817	30	0.6668
chr1	1171861	1171862	23	0.8129
chr1	1171911	1171912	34	0.8144
chr1	1171939	1171940	35	0.8712
chr1	1171959	1171960	42	0.7585
chr1	1171980	1171981	21	0.7354
chr1	1172003	1172004	35	0.7018
chr1	1172018	1172019	28	0.8248
chr1	1172035	1172036	29	0.8276
chr1	1172076	1172077	27	0.7583
chr1	1172102	1172103	20	0.6149
chr1	1172131	1172132	24	0.8087
chr1	1172181	1172182	25	0.7732
chr1	1172231	1172232	22	0.699
chr1	1172280	1172281	38	0.6584
chr1	1172375	1172376	22	0.6628
chr1	1172475	1172476	39	0.7407
chr1	1172525	1172526	34	0.7253
chr1	1172625	1172626	24	0.7508
chr1	1172725	1172726	35	0.6673
chr1	1172761	1172762	29	0.9039
chr1	1172763	1172764	32	0.8062
chr1	1172791	1172792	30	0.9379
chr1	1172806	1172807	28	0.9109
chr1	1172852	1172853	39	0.8598
chr1	1172887	1172888	26	0.8918
chr1	1172933	1172934	27	0.729
chr1	1172953	1172954	25	0.6505
chr1	1173003	1173004	29	0.8528
chr1	1173053	1173054	25	0.7249
chr1	1173068	1173069	29	0.6425
chr1	1173107	1173108	21	0.8832
chr1	1173140	1173141	26	0.8372
chr1	1173187	1173188	31	0.9696
chr1	1173213	1173214	24	0.9604
chr1	1173313	1173314	34	1.0
chr1	1173399	1173400	35	0.7181
chr1	1173454	1173455	33	0.6488
chr1	1173554	1173555	25	0.9171
chr1	1173628	1173629	21	0.9265
chr1	1173638	1173639	42	0.7771
chr1	1173644	1173645	35	0.3911
chr1	1173682	1173683	34	0.4937
chr1	1173698	1173699	39	0.3639
chr1	1173748	1173749	20	0.4232
chr1	1173795	1173796	22	0.4655
chr1	1173837	1173838	18	0.4948
chr1	1173871	1173872	40	0.5318
chr1	1173893	1173894	30	0.5364
chr1	1173943	1173944	30	0.4003
chr1	1173958	1173959	28	0.4338
chr1	1173984	1173985	32	0.5152
chr1	1174021	1174022	29	0.5653
chr1	1174071	1174072	34	0.4989
chr1	1174095	1174096	33	0.4599
chr1	1174126	1174127	22	0.5146
chr1	1174162	1174163	20	0.4663
chr1	1174182	1174183	29	0.3238
chr1	1174212	1174213	28	0.536
chr1	1174231	1174232	22	0.2865
chr1	1174308	1174309	38	0.4709
chr1	1174397	1174398	23	0.4005
chr1	1174497	1174498	25	0.4417
chr1	1174597	1174598	20	0.4394
chr1	1174697	1174698	30	0.5645
chr1	1174747	1174748	39	0.4132
chr1	1174793	1174794	23	0.6479
chr1	1174823	1174824	31	0.6392
chr1	1174895	1174896	34	0.6572
chr1	1175025	1175026	34	0.5895
chr1	1175083	1175084	39	0.5084
chr1	1175109	1175110	25	0.5579
chr1	1175151	1175152	23	0.4917
chr1	1175207	1175208	27	0.7622
chr1	1175213	1175214	32	0.7272
chr1	1175237	1175238	36	0.7154
chr1	1175273	1175274	37	0.6535
chr1	1175308	1175309	23	0.7184
chr1	1175338	1175339	37	0.7076
chr1	1175357	1175358	35	0.6168
chr1	1175376	1175377	25	0.781
chr1	1175391	1175392	35	0.593
chr1	1175429	1175430	37	0.5872
chr1	1175466	1175467	26	0.6559
chr1	1175514	1175515	24	0.7951
chr1	1175537	1175538	25	0.861
chr1	1175553	1175554	23	0.4894
chr1	1175587	1175588	22	0.711
chr1	1175602	1175603	31	0.5628
chr1	1175630	1175631	37	0.4128
chr1	1175649	1175650	31	0.4247
chr1	1175673	1175674	30	0.3537
chr1	1175712	1175713	30	0.6292
chr1	1175751	1175752	31	0.5613
chr1	1175759	1175760	27	0.4349
chr1	1175818	1175819	32	0.6258
chr1	1175918	1175919	24	0.4307
chr1	1176018	1176019	36	0.6316
chr1	1176105	1176106	24	0.6171
chr1	1176170	1176171	34	0.6161
chr1	1176266	1176267	36	0.7625
chr1	1176276	1176277	26	0.8459
chr1	1176312	1176313	29	0.825
chr1	1176338	1176339	27	0.5755
chr1	1176508	1176509	34	0.5323
chr1	1176534	1176535	31	0.5753
chr1	1176648	1176649	23	0.8764
chr1	1176679	1176680	30	0.5934
chr1	1176707	1176708	30	0.6027
chr1	1176726	1176727	33	0.4931
chr1	1176741	1176742	43	0.6809
chr1	1176756	1176757	29	0.7119
chr1	1176806	1176807	21	0.6607
chr1	1176839	1176840	34	0.5787
chr1	1176869	1176870	33	0.5991
chr1	1176889	1176890	27	0.8075
chr1	1176905	1176906	29	0.5418
chr1	1176939	1176940	32	0.5696
chr1	1176966	1176967	28	0.4986
chr1	1176987	1176988	28	0.4429
chr1	1177037	1177038	33	0.5779
chr1	1177053	1177054	30	0.7243
chr1	1177087	1177088	37	0.7519
chr1	1177117	1177118	32	0.6043
chr1	1177150	1177151	28	0.6789
chr1	1177182	1177183	31	0.7599
chr1	1177282	1177283	26	0.6479
chr1	1177382	1177383	32	0.5375
chr1	1177445	1177446	28	0.571
chr1	1177543	1177544	33	0.5444
chr1	1177643	1177644	27	0.7748
chr1	1177693	1177694	20	0.6592
chr1	1177731	1177732	28	0.6113
chr1	1177775	1177776	31	0.7163
chr1	1177801	1177802	30	0.8528
chr1	1177835	1177836	37	0.7648
chr1	1177850	1177851	28	0.5964
chr1	1177885	1177886	27	0.6163
chr1	1177908	1177909	28	0.6323
chr1	1177931	1177932	35	0.5792
chr1	1177968	1177969	32	0.6917
chr1	1177983	1177984	31	0.5671
chr1	1178003	1178004	36	0.5722
chr1	1178038	1178039	33	0.6523
chr1	1178075	1178076	27	0.5429
chr1	1178106	1178107	26	0.6698
chr1	1178156	1178157	35	0.7633
chr1	1178206	1178207	27	0.4316
chr1	1178228	1178229	34	0.671
chr1	1178253	1178254	31	0.7986
chr1	1178353	1178354	25	0.7661
chr1	1178453	1178454	28	0.7787
chr1	1178503	1178504	30	0.5936
chr1	1178603	1178604	41	0.7199
chr1	1178677	1178678	26	0.7488
chr1	1178730	1178731	29	0.7348
chr1	1178792	1178793	35	0.6577
chr1	1178811	1178812	25	0.8255
chr1	1178851	1178852	39	0.9106
chr1	1178880	1178881	37	0.9652
chr1	1178930	1178931	26	0.8562
chr1	1178956	1178957	26	0.9406
chr1	1178973	1178974	25	0.9486
chr1	1179016	1179017	33	0.967
chr1	1179031	1179032	28	0.9704
chr1	1179079	1179080	33	0.895
chr1	1179100	1179101	23	0.9411
chr1	1179131	1179132	29	0.84
chr1	1179154	1179155	24	0.8283
chr1	1179177	1179178	32	0.9044
chr1	1179227	1179228	30	0.8758
chr1	1179245	1179246	24	0.9083
chr1	1179293	1179294	32	0.8903
chr1	1179320	1179321	40	0.8465
chr1	1179346	1179347	31	0.8827
chr1	1179396	1179397	34	0.9105
chr1	1179496	1179497	23	0.9867
chr1	1179546	1179547	36	0.9613
chr1	1179638	1179639	36	0.8141
chr1	1179724	1179725	31	0.8513
chr1	1179824	1179825	26	0.937
chr1	1179878	1179879	25	0.8918
chr1	1179905	1179906	28	0.8401
chr1	1179925	1179926	38	0.9181
chr1	1179967	1179968	35	0.9067
chr1	1180001	1180002	26	0.9322
chr1	1180032	1180033	27	0.8058
chr1	1180082	1180083	43	0.8999
chr1	1180103	1180104	34	0.8557
chr1	1180132	1180133	33	0.8968
chr1	1180158	1180159	36	0.8434
chr1	1180180	1180181	35	0.9888
chr1	1180230	1180231	28	0.9363
chr1	1180254	1180255	23	0.9199
chr1	1180273	1180274	25	0.9604
chr1	1180292	1180293	29	0.806
chr1	1180317	1180318	31	0.9098
chr1	1180362	1180363	29	0.8362
chr1	1180397	1180398	29	0.8481
chr1	1180401	1180402	35	0.9019
chr1	1180451	1180452	30	0.8971
chr1	1180551	1180552	36	0.8887
chr1	1180604	1180605	21	0.9457
chr1	1180654	1180655	30	0.9526
chr1	1180706	1180707	24	0.9487
chr1	1180806	1180807	23	0.9405
chr1	1180866	1180867	34	0.9095
chr1	1180924	1180925	37	0.9727
chr1	1180931	1180932	27	0.7182
chr1	1180946	1180947	32	0.5768
chr1	1180961	1180962	28	0.5245
chr1	1180976	1180977	37	0.623
chr1	1181008	1181009	27	0.6947
chr1	1181058	1181059	31	0.7
chr1	1181092	1181093	23	0.5739
chr1	1181114	1181115	29	0.5924
chr1	1181143	1181144	28	0.5894
chr1	1181192	1181193	32	0.7371
chr1	1181215	1181216	26	0.6297
chr1	1181258	1181259	37	0.5732
chr1	1181273	1181274	24	0.6942
chr1	1181294	1181295	33	0.6692
chr1	1181315	1181316	25	0.5873
chr1	1181365	1181366	23	0.7693
chr1	1181386	1181387	39	0.5121
chr1	1181414	1181415	27	0.6809
chr1	1181430	1181431	35	0.6396
chr1	1181530	1181531	31	0.7622
chr1	1181601	1181602	32	0.697
chr1	1181678	1181679	30	0.6264
chr1	1181778	1181779	23	0.8022
chr1	1181878	1181879	34	0.5551
chr1	1181880	1181881	37	0.5046
chr1	1181882	1181883	32	0.5216
chr1	1182024	1182025	35	0.5216
chr1	1182028	1182029	23	0.7137
chr1	1182048	1182049	27	0.6266
chr1	1182084	1182085	28	0.343
chr1	1182102	1182103	41	0.5815
chr1	1182140	1182141	27	0.549
chr1	1182302	1182303	38	0.7183
chr1	1182333	1182334	27	0.8683
chr1	1182362	1182363	41	0.793
chr1	1182394	1182395	39	1.0
chr1	1182430	1182431	21	0.9021
chr1	1182467	1182468	22	0.7986
chr1	1182507	1182508	35	0.7746
chr1	1182535	1182536	28	0.807
chr1	1182570	1182571	32	0.6693
chr1	1182606	1182607	35	0.9139
chr1	1182645	1182646	39	0.8346
chr1	1182675	1182676	21	0.7564
chr1	1182694	1182695	34	0.9641
chr1	1182711	1182712	30	0.8666
chr1	1182750	1182751	26	0.908
chr1	1182765	1182766	27	0.8286
chr1	1182792	1182793	27	0.7322
chr1	1182819	1182820	34	0.6893
chr1	1182869	1182870	34	0.9469
chr1	1182878	1182879	31	0.7822
chr1	1182978	1182979	32	0.8574
chr1	1183076	1183077	37	0.9321
chr1	1183154	1183155	29	0.698
chr1	1183254	1183255	21	0.9373
chr1	1183315	1183316	19	0.8687
chr1	1183415	1183416	29	0.8353
chr1	1183457	1183458	29	0.8074
chr1	1183501	1183502	32	1.0
chr1	1183525	1183526	26	0.939
chr1	1183575	1183576	30	0.891
chr1	1183601	1183602	29	0.9514
chr1	1183644	1183645	34	0.9034
chr1	1183660	1183661	33	0.8484
chr1	1183710	1183711	36	0.9355
chr1	1183740	1183741	32	0.8494
chr1	1183788	1183789	29	0.6597
chr1	1183810	1183811	34	0.8407
chr1	1183859	1183860	28	0.9276
chr1	1183892	1183893	25	0.9325
chr1	1183936	1183937	40	0.8612
chr1	1183966	1183967	27	0.9487
chr1	1183999	1184000	23	0.8891
chr1	1184011	1184012	35	0.8055
chr1	1184061	1184062	32	0.8654
chr1	1184151	1184152	31	0.9655
chr1	1184251	1184252	39	0.8641
chr1	1184351	1184352	27	0.836
chr1	1184401	1184402	26	0.7395
chr1	1184451	1184452	31	0.7119
chr1	1184505	1184506	24	0.9689
chr1	1184547	1184548	39	0.8037
chr1	1184562	1184563	32	0.694
chr1	1184577	1184578	24	0.4747
chr1	1184612	1184613	41	0.68
chr1	1184662	1184663	36	0.9274
chr1	1184682	1184683	34	0.362
chr1	1184698	1184699	34	0.3911
chr1	1184713	1184714	30	0.78
chr1	1184750	1184751	31	0.068
chr1	1184778	1184779	30	0.723
chr1	1184799	1184800	41	0.3286
chr1	1184820	1184821	26	0.8701
chr1	1184862	1184863	26	0.2327
chr1	1184879	1184880	39	0.6067
chr1	1184914	1184915	30	0.4798
chr1	1184964	1184965	27	0.663
chr1	1184997	1184998	27	0.787
chr1	1185018	1185019	20	0.3402
chr1	1185118	1185119	29	0.2252
chr1	1185211	1185212	16	0.0
chr1	1185263	1185264	27	0.3393
chr1	1185363	1185364	26	0.4868
chr1	1185413	1185414	39	0.2666
chr1	1185463	1185464	40	0.125
chr1	1185537	1185538	33	1.0
chr1	1185583	1185584	19	0.791
chr1	1185607	1185608	31	0.7327
chr1	1185644	1185645	25	0.8314
chr1	1185671	1185672	21	0.668
chr1	1185686	1185687	34	0.6154
chr1	1185701	1185702	31	0.7382
chr1	1185719	1185720	30	0.866
chr1	1185766	1185767	28	0.8108
chr1	1185795	1185796	29	0.7863
chr1	1185815	1185816	25	0.7395
chr1	1185852	1185853	31	0.7748
chr1	1185902	1185903	31	0.7508
chr1	1185943	1185944	35	0.867
chr1	1185989	1185990	36	0.7583
chr1	1186006	1186007	23	0.7012
chr1	1186042	1186043	27	0.719
chr1	1186073	1186074	29	0.8382
chr1	1186083	1186084	34	0.7279
chr1	1186183	1186184	30	0.6667
chr1	1186233	1186234	34	0.7199
chr1	1186283	1186284	32	0.7332
chr1	1186383	1186384	33	0.651
chr1	1186483	1186484	33	0.7867
chr1	1186547	1186548	29	0.7282
chr1	1186569	1186570	34	0.9087
chr1	1186619	1186620	32	0.8776
chr1	1186639	1186640	27	0.8305
chr1	1186689	1186690	27	0.7003
chr1	1186714	1186715	34	0.7666
chr1	1186752	1186753	28	0.6218
chr1	1186789	1186790	21	0.7378
chr1	1186814	1186815	26	0.6359
chr1	1186839	1186840	37	0.9106
chr1	1186871	1186872	37	0.8112
chr1	1186909	1186910	34	0.7933
chr1	1186924	1186925	26	0.6601
chr1	1186963	1186964	32	0.6588
chr1	1186994	1186995	28	0.8097
chr1	1187009	1187010	29	0.8976
chr1	1187029	1187030	31	0.7973
chr1	1187076	1187077	27	0.931
chr1	1187124	1187125	30	0.8911
chr1	1187154	1187155	28	0.6906
chr1	1187231	1187232	25	0.8377
chr1	1187331	1187332	29	0.7565
chr1	1187431	1187432	33	0.8505
chr1	1187501	1187502	23	0.6835
chr1	1187601	1187602	35	0.5826
chr1	1187633	1187634	29	0.8591
chr1	1187643	1187644	26	0.4843
chr1	1187691	1187692	26	0.5662
chr1	1187707	1187708	23	0.6396
chr1	1187728	1187729	33	0.4927
chr1	1187757	1187758	24	0.4347
chr1	1187800	1187801	29	0.3952
chr1	1187846	1187847	34	0.5351
chr1	1187879	1187880	35	0.4054
chr1	1187911	1187912	31	0.5394
chr1	1187942	1187943	29	0.6249
chr1	1187961	1187962	11	0.5885
chr1	1187982	1187983	28	0.6212
chr1	1188006	1188007	26	0.5765
chr1	1188027	1188028	35	0.5723
chr1	1188076	1188077	26	0.4674
chr1	1188112	1188113	33	0.4893
chr1	1188127	1188128	33	0.4693
chr1	1188154	1188155	30	0.5828
chr1	1188170	1188171	28	0.583
chr1	1188198	1188199	28	0.5458
chr1	1188238	1188239	30	0.5232
chr1	1188338	1188339	36	0.5078
chr1	1188424	1188425	35	0.4491
chr1	1188492	1188493	24	0.5081
chr1	1188542	1188543	29	0.5241
chr1	1188642	1188643	24	0.4984
chr1	1188742	1188743	32	0.4933
chr1	1188807	1188808	30	0.4664
chr1	1188829	1188830	29	0.9254
chr1	1188969	1188970	39	0.6553
chr1	1189061	1189062	28	0.74
chr1	1189175	1189176	25	0.7987
chr1	1189177	1189178	30	0.8398
chr1	1189213	1189214	30	0.7167
chr1	1189233	1189234	21	0.8794
chr1	1189297	1189298	34	0.8301
chr1	1189303	1189304	34	0.7215
chr1	1189346	1189347	24	0.9034
chr1	1189381	1189382	28	0.9114
chr1	1189414	1189415	24	0.6364
chr1	1189429	1189430	29	0.6834
chr1	1189476	1189477	27	0.6978
chr1	1189526	1189527	35	0.6203
chr1	1189568	1189569	30	0.6024
chr1	1189588	1189589	36	0.6156
chr1	1189625	1189626	27	0.706
chr1	1189640	1189641	21	0.6539
chr1	1189678	1189679	33	0.7503
chr1	1189715	1189716	34	0.7205
chr1	1189745	1189746	29	0.6628
chr1	1189759	1189760	25	0.6978
chr1	1189859	1189860	33	0.6674
chr1	1189959	1189960	32	0.8889
chr1	1190056	1190057	29	0.9019
chr1	1190120	1190121	28	0.7289
chr1	1190170	1190171	25	0.792
chr1	1190236	1190237	35	0.9439
chr1	1190374	1190375	35	0.9254
chr1	1190462	1190463	28	0.9947
chr1	1190482	1190483	32	0.8334
chr1	1190494	1190495	24	0.8147
chr1	1190526	1190527	30	0.7636
chr1	1190564	1190565	26	0.8152
chr1	1190576	1190577	28	0.7202
chr1	1190652	1190653	29	0.8545
chr1	1190670	1190671	34	0.8627
chr1	1190678	1190679	32	0.5992
chr1	1190728	1190729	25	0.5811
chr1	1190772	1190773	37	0.6451
chr1	1190795	1190796	44	0.7013
chr1	1190823	1190824	28	0.7455
chr1	1190857	1190858	30	0.5962
chr1	1190885	1190886	33	0.6761
chr1	1190911	1190912	33	0.7793
chr1	1190933	1190934	28	0.6165
chr1	1190979	1190980	35	0.7369
chr1	1190999	1191000	28	0.6244
chr1	1191014	1191015	14	0.7098
chr1	1191060	1191061	27	0.7318
chr1	1191079	1191080	33	0.749
chr1	1191129	1191130	32	0.7869
chr1	1191179	1191180	35	0.5368
chr1	1191214	1191215	26	0.6153
chr1	1191229	1191230	33	0.6869
chr1	1191233	1191234	32	0.637
chr1	1191309	1191310	28	0.6349
chr1	1191362	1191363	31	0.7577
chr1	1191462	1191463	30	0.6865
chr1	1191562	1191563	26	0.846
chr1	1191631	1191632	36	0.6614
chr1	1191730	1191731	35	0.6804
chr1	1191866	1191867	31	1.0
chr1	1191924	1191925	37	0.8244
chr1	1191946	1191947	30	0.8096
chr1	1191952	1191953	18	0.6486
chr1	1191976	1191977	25	0.7379
chr1	1192036	1192037	35	0.86
chr1	1192066	1192067	34	0.7057
chr1	1192106	1192107	35	0.7949
chr1	1192136	1192137	28	0.7666
chr1	1192198	1192199	30	0.7698
chr1	1192208	1192209	23	0.6349
chr1	1192234	1192235	32	0.8065
chr1	1192265	1192266	23	0.5577
chr1	1192285	1192286	31	0.6773
chr1	1192310	1192311	25	0.5606
chr1	1192332	1192333	25	0.613
chr1	1192382	1192383	32	0.6464
chr1	1192420	1192421	24	0.562
chr1	1192470	1192471	22	0.6937
chr1	1192520	1192521	29	0.4707
chr1	1192540	1192541	31	0.7733
chr1	1192590	1192591	28	0.7415
chr1	1192610	1192611	28	0.6402
chr1	1192641	1192642	35	0.6582
chr1	1192720	1192721	32	0.5533
chr1	1192820	1192821	32	0.5503
chr1	1192920	1192921	33	0.5319
chr1	1192984	1192985	21	0.7496
chr1	1193045	1193046	30	0.3894
chr1	1193159	1193160	30	0.7982
chr1	1193227	1193228	28	0.9712
chr1	1193243	1193244	30	0.764
chr1	1193357	1193358	28	0.7487
chr1	1193381	1193382	32	1.0
chr1	1193421	1193422	29	0.7654
chr1	1193431	1193432	29	0.0643
chr1	1193481	1193482	28	0.1305
chr1	1193512	1193513	31	0.0899
chr1	1193558	1193559	23	0.1548
chr1	1193602	1193603	29	0.1254
chr1	1193621	1193622	35	0.103
chr1	1193639	1193640	36	0.2011
chr1	1193658	1193659	25	0.2982
chr1	1193691	1193692	42	0.2512
chr1	1193725	1193726	32	0.1626
chr1	1193752	1193753	31	0.2223
chr1	1193785	1193786	33	0.1183
chr1	1193835	1193836	31	0.1115
chr1	1193841	1193842	31	0.3238
chr1	1193941	1193942	34	0.1079
chr1	1194041	1194042	27	0.101
chr1	1194141	1194142	27	0.0746
chr1	1194241	1194242	29	0.1802
chr1	1194303	1194304	34	0.1503
chr1	1194335	1194336	22	0.0797
chr1	1194344	1194345	15	0.7225
chr1	1194373	1194374	30	0.6137
chr1	1194408	1194409	37	0.8098
chr1	1194434	1194435	36	0.823
chr1	1194463	1194464	30	0.7274
chr1	1194513	1194514	33	0.488
chr1	1194556	1194557	30	0.6036
chr1	1194588	1194589	31	0.6957
chr1	1194614	1194615	29	0.6986
chr1	1194640	1194641	29	0.8355
chr1	1194690	1194691	32	0.6484
chr1	1194729	1194730	30	0.7914
chr1	1194748	1194749	31	0.6866
chr1	1194781	1194782	37	0.783
chr1	1194811	1194812	27	0.6055
chr1	1194840	1194841	42	0.7101
chr1	1194864	1194865	30	0.5921
chr1	1194952	1194953	33	0.6371
chr1	1195002	1195003	35	0.7276
chr1	1195070	1195071	32	0.7232
chr1	1195170	1195171	35	0.7532
chr1	1195270	1195271	28	0.5226
chr1	1195327	1195328	33	0.7246
chr1	1195389	1195390	29	0.8164
chr1	1195391	1195392	21	0.7955
chr1	1195591	1195592	26	0.7201
chr1	1195615	1195616	24	0.8486
chr1	1195617	1195618	30	0.9007
chr1	1195697	1195698	28	0.7989
chr1	1195813	1195814	23	0.9274
chr1	1195834	1195835	28	0.6317
chr1	1195851	1195852	31	0.6824
chr1	1195901	1195902	29	0.6224
chr1	1195939	1195940	22	0.7328
chr1	1195985	1195986	33	0.6431
chr1	1196013	1196014	34	0.5491
chr1	1196030	1196031	27	0.714
chr1	1196045	1196046	30	0.7095
chr1	1196066	1196067	26	0.7061
chr1	1196081	1196082	33	0.6974
chr1	1196109	1196110	34	0.5934
chr1	1196158	1196159	30	0.7148
chr1	1196183	1196184	33	0.7443
chr1	1196226	1196227	24	0.859
chr1	1196258	1196259	28	0.9108
chr1	1196291	1196292	36	0.6272
chr1	1196326	1196327	25	0.5841
chr1	1196341	1196342	26	0.7215
chr1	1196369	1196370	28	0.7946
chr1	1196378	1196379	31	0.8049
chr1	1196428	1196429	24	0.72
chr1	1196528	1196529	26	0.8049
chr1	1196578	1196579	32	0.5307
chr1	1196661	1196662	29	0.6921
chr1	1196711	1196712	33	0.7577
chr1	1196786	1196787	32	0.9364
chr1	1196886	1196887	25	0.7982
chr1	1196952	1196953	24	0.7546
chr1	1196986	1196987	19	0.7981
chr1	1197001	1197002	44	0.6678
chr1	1197025	1197026	29	0.8525
chr1	1197058	1197059	35	1.0
chr1	1197093	1197094	35	0.8059
chr1	1197143	1197144	27	0.8693
chr1	1197162	1197163	31	0.8226
chr1	1197187	1197188	27	0.9349
chr1	1197219	1197220	35	0.8689
chr1	1197241	1197242	26	0.8953
chr1	1197256	1197257	33	0.71
chr1	1197271	1197272	31	0.5694
chr1	1197286	1197287	37	0.9912
chr1	1197331	1197332	24	0.9684
chr1	1197381	1197382	37	0.9425
chr1	1197423	1197424	36	0.6439
chr1	1197445	1197446	34	0.8368
chr1	1197461	1197462	24	0.7125
chr1	1197476	1197477	16	0.9048
chr1	1197496	1197497	40	0.966
chr1	1197519	1197520	38	1.0
chr1	1197546	1197547	24	0.7869
chr1	1197548	1197549	28	0.8853
chr1	1197625	1197626	26	0.8883
chr1	1197719	1197720	33	0.6232
chr1	1197819	1197820	28	0.7079
chr1	1197875	1197876	17	0.9938
chr1	1197975	1197976	24	0.8022
chr1	1198075	1198076	28	0.9216
chr1	1198198	1198199	35	0.844
chr1	1198239	1198240	29	0.8704
chr1	1198327	1198328	34	0.6966
chr1	1198377	1198378	32	0.8002
chr1	1198394	1198395	26	0.8614
chr1	1198428	1198429	30	0.9245
chr1	1198466	1198467	29	0.9601
chr1	1198516	1198517	36	0.8037
chr1	1198535	1198536	33	0.922
chr1	1198585	1198586	24	0.7871
chr1	1198601	1198602	40	0.9667
chr1	1198626	1198627	31	0.8058
chr1	1198675	1198676	29	0.7816
chr1	1198691	1198692	29	0.7976
chr1	1198706	1198707	37	0.928
chr1	1198730	1198731	29	0.9039
chr1	1198747	1198748	24	0.9279
chr1	1198776	1198777	28	0.8603
chr1	1198791	1198792	33	0.8823
chr1	1198891	1198892	25	0.894
chr1	1198991	1198992	38	0.7719
chr1	1199091	1199092	28	0.9562
chr1	1199191	1199192	35	0.8526
chr1	1199291	1199292	19	0.6871
chr1	1199297	1199298	30	0.9401
chr1	1199328	1199329	34	0.5414
chr1	1199374	1199375	25	0.6006
chr1	1199395	1199396	20	0.7475
chr1	1199445	1199446	30	0.7036
chr1	1199495	1199496	29	0.5314
chr1	1199545	1199546	32	0.5497
chr1	1199562	1199563	27	0.6229
chr1	1199578	1199579	31	0.4462
chr1	1199628	1199629	23	0.5519
chr1	1199678	1199679	33	0.649
chr1	1199707	1199708	28	0.7687
chr1	1199729	1199730	43	0.6881
chr1	1199771	1199772	27	0.7667
chr1	1199780	1199781	32	0.6135
chr1	1199830	1199831	35	0.5585
chr1	1199930	1199931	39	0.6984
chr1	1200010	1200011	31	0.6931
chr1	1200110	1200111	23	0.6558
chr1	1200210	1200211	31	0.6599
chr1	1200258	1200259	26	0.6274
chr1	1200288	1200289	30	0.785
chr1	1200308	1200309	25	0.7776
chr1	1200358	1200359	29	0.7285
chr1	1200403	1200404	32	0.8463
chr1	1200426	1200427	28	0.6114
chr1	1200444	1200445	27	0.7458
chr1	1200489	1200490	34	0.8907
chr1	1200504	1200505	27	0.7462
chr1	1200546	1200547	28	0.8804
chr1	1200593	1200594	35	0.6134
chr1	1200609	1200610	26	0.8286
chr1	1200639	1200640	24	0.8361
chr1	1200661	1200662	27	0.6385
chr1	1200690	1200691	27	0.6147
chr1	1200735	1200736	32	0.8027
chr1	1200750	1200751	18	0.7555
chr1	1200776	1200777	32	0.7696
chr1	1200794	1200795	31	0.7745
chr1	1200894	1200895	20	0.6639
chr1	1200985	1200986	23	0.8152
chr1	1201085	1201086	27	0.7832
chr1	1201153	1201154	25	0.8071
chr1	1201236	1201237	27	0.6351
chr1	1201262	1201263	31	0.812
chr1	1201324	1201325	26	0.6423
chr1	1201360	1201361	29	0.7689
chr1	1201377	1201378	34	0.836
chr1	1201417	1201418	25	0.9665
chr1	1201450	1201451	37	0.9826
chr1	1201472	1201473	27	0.782
chr1	1201517	1201518	30	0.8823
chr1	1201546	1201547	30	0.8901
chr1	1201571	1201572	30	0.7815
chr1	1201618	1201619	35	0.8987
chr1	1201633	1201634	33	0.8095
chr1	1201674	1201675	30	0.6824
chr1	1201723	1201724	31	0.9345
chr1	1201758	1201759	24	0.9624
chr1	1201805	1201806	33	0.9304
chr1	1201834	1201835	25	0.7039
chr1	1201842	1201843	34	1.0
chr1	1201901	1201902	21	0.9106
chr1	1202001	1202002	25	0.7415
chr1	1202101	1202102	43	0.9457
chr1	1202151	1202152	30	0.912
chr1	1202251	1202252	23	0.8748
chr1	1202301	1202302	28	0.6836
chr1	1202315	1202316	28	0.8439
chr1	1202375	1202376	39	0.8816
chr1	1202385	1202386	27	0.7256
chr1	1202413	1202414	23	0.4956
chr1	1202448	1202449	29	0.6832
chr1	1202475	1202476	32	0.8132
chr1	1202496	1202497	31	0.612
chr1	1202535	1202536	31	0.6043
chr1	1202565	1202566	25	0.4014
chr1	1202584	1202585	30	0.7098
chr1	1202624	1202625	26	0.6259
chr1	1202646	1202647	33	0.6403
chr1	1202686	1202687	29	0.4888
chr1	1202701	1202702	35	0.797
chr1	1202731	1202732	28	0.8029
chr1	1202780	1202781	32	0.5903
chr1	1202829	1202830	39	0.4482
chr1	1202834	1202835	24	0.6887
chr1	1202899	1202900	27	0.7432
chr1	1202999	1203000	28	0.5311
chr1	1203049	1203050	37	0.5995
chr1	1203149	1203150	31	0.6961
chr1	1203214	1203215	26	0.7559
chr1	1203278	1203279	26	0.8134
chr1	1203444	1203445	33	0.8042
chr1	1203466	1203467	24	0.8906
chr1	1203488	1203489	27	0.761
chr1	1203546	1203547	27	0.8189
chr1	1203610	1203611	31	0.7347
chr1	1203616	1203617	32	0.6547
chr1	1203622	1203623	33	0.4307
chr1	1203661	1203662	30	0.6244
chr1	1203696	1203697	31	0.5904
chr1	1203718	1203719	26	0.6567
chr1	1203736	1203737	27	0.6034
chr1	1203760	1203761	37	0.4324
chr1	1203810	1203811	32	0.6487
chr1	1203840	1203841	36	0.3882
chr1	1203857	1203858	27	0.6515
chr1	1203877	1203878	30	0.5517
chr1	1203912	1203913	31	0.478
chr1	1203928	1203929	32	0.5155
chr1	1203958	1203959	39	0.565
chr1	1204001	1204002	30	0.613
chr1	1204051	1204052	23	0.4486
chr1	1204065	1204066	21	0.5884
chr1	1204165	1204166	26	0.6422
chr1	1204265	1204266	29	0.6161
chr1	1204365	1204366	31	0.7279
chr1	1204415	1204416	27	0.5996
chr1	1204465	1204466	26	0.4891
chr1	1204605	1204606	33	0.962
chr1	1204659	1204660	29	0.855
chr1	1204669	1204670	33	0.9771
chr1	1204729	1204730	30	0.62
chr1	1204851	1204852	26	1.0
chr1	1204935	1204936	30	0.6864
chr1	1204959	1204960	32	0.741
chr1	1204961	1204962	25	0.8943
chr1	1204995	1204996	32	0.2972
chr1	1205020	1205021	29	0.2979
chr1	1205048	1205049	22	0.2247
chr1	1205087	1205088	28	0.3878
chr1	1205122	1205123	37	0.3747
chr1	1205137	1205138	34	0.293
chr1	1205171	1205172	34	0.3345
chr1	1205214	1205215	30	0.3779
chr1	1205241	1205242	31	0.2967
chr1	1205269	1205270	30	0.1669
chr1	1205303	1205304	28	0.3513
chr1	1205322	1205323	32	0.2537
chr1	1205359	1205360	30	0.2925
chr1	1205395	1205396	34	0.2228
chr1	1205412	1205413	28	0.2645
chr1	1205462	1205463	38	0.3314
chr1	1205512	1205513	39	0.3501
chr1	1205527	1205528	25	0.26
chr1	1205532	1205533	34	0.4555
chr1	1205582	1205583	35	0.0971
chr1	1205632	1205633	31	0.1718
chr1	1205682	1205683	37	0.4063
chr1	1205761	1205762	27	0.2536
chr1	1205861	1205862	35	0.3832
chr1	1205932	1205933	31	0.3624
chr1	1206032	1206033	28	0.1848
chr1	1206098	1206099	25	0.0691
chr1	1206132	1206133	24	0.3975
chr1	1206163	1206164	36	0.1555
chr1	1206205	1206206	31	0.4246
chr1	1206229	1206230	36	0.2473
chr1	1206273	1206274	30	0.1325
chr1	1206300	1206301	23	0.0979
chr1	1206319	1206320	33	0.2737
chr1	1206342	1206343	34	0.2047
chr1	1206392	1206393	36	0.2253
chr1	1206413	1206414	35	0.2056
chr1	1206438	1206439	34	0.0519
chr1	1206466	1206467	29	0.149
chr1	1206481	1206482	23	0.0
chr1	1206521	1206522	31	0.2274
chr1	1206546	1206547	32	0.1425
chr1	1206580	1206581	26	0.1911
chr1	1206597	1206598	31	0.1253
chr1	1206640	1206641	33	0.0506
chr1	1206656	1206657	22	0.0693
chr1	1206706	1206707	32	0.1511
chr1	1206806	1206807	27	0.26
chr1	1206856	1206857	23	0.0772
chr1	1206906	1206907	36	0.2008
chr1	1207006	1207007	37	0.0518
chr1	1207106	1207107	41	0.0995
chr1	1207110	1207111	30	0.1603
chr1	1207198	1207199	20	0.1008
chr1	1207203	1207204	36	0.197
chr1	1207253	1207254	24	0.2153
chr1	1207273	1207274	34	0.3397
chr1	1207288	1207289	29	0.3127
chr1	1207318	1207319	26	0.1684
chr1	1207354	1207355	25	0.328
chr1	1207369	1207370	23	0.2157
chr1	1207389	1207390	39	0.2425
chr1	1207439	1207440	30	0.2472
chr1	1207466	1207467	17	0.1557
chr1	1207516	1207517	34	0.2007
chr1	1207556	1207557	23	0.241
chr1	1207582	1207583	24	0.2399
chr1	1207607	1207608	21	0.2495
chr1	1207630	1207631	30	0.2362
chr1	1207657	1207658	37	0.1718
chr1	1207689	1207690	21	0.2261
chr1	1207730	1207731	20	0.4133
chr1	1207745	1207746	24	0.2463
chr1	1207795	1207796	30	0.2176
chr1	1207860	1207861	29	0.1938
chr1	1207932	1207933	32	0.2789
chr1	1208032	1208033	29	0.2966
chr1	1208132	1208133	33	0.344
chr1	1208200	1208201	32	0.1643
chr1	1208268	1208269	28	0.0283
chr1	1208278	1208279	35	0.0739
chr1	1208284	1208285	30	0.0672
chr1	1208300	1208301	34	0.2693
chr1	1208518	1208519	34	0.0734
chr1	1208582	1208583	26	0.1696
chr1	1208589	1208590	34	0.5988
chr1	1208619	1208620	36	0.7074
chr1	1208660	1208661	25	0.5528
chr1	1208706	1208707	24	0.6388
chr1	1208748	1208749	27	0.6702
chr1	1208767	1208768	25	0.636
chr1	1208786	1208787	35	0.5644
chr1	1208801	1208802	36	0.6203
chr1	1208817	1208818	27	0.6865
chr1	1208861	1208862	26	0.6072
chr1	1208891	1208892	32	0.6442
chr1	1208906	1208907	29	0.6494
chr1	1208932	1208933	28	0.4682
chr1	1208952	1208953	29	0.5448
chr1	1208976	1208977	27	0.7195
chr1	1208991	1208992	35	0.5461
chr1	1209012	1209013	41	0.6282
chr1	1209062	1209063	31	0.7167
chr1	1209140	1209141	32	0.7513
chr1	1209240	1209241	32	0.4377
chr1	1209340	1209341	39	0.4116
chr1	1209414	1209415	38	0.8384
chr1	1209428	1209429	33	0.7702
chr1	1209458	1209459	26	0.8037
chr1	1209514	1209515	30	0.7695
chr1	1209550	1209551	33	0.8444
chr1	1209608	1209609	35	0.7047
chr1	1209634	1209635	33	0.718
chr1	1209656	1209657	26	0.761
chr1	1210762	1210763	29	0.0726
chr1	1210788	1210789	32	0.5364
chr1	1210809	1210810	31	0.279
chr1	1210845	1210846	20	0.3066
chr1	1210862	1210863	21	0.2602
chr1	1210890	1210891	28	0.3955
chr1	1210919	1210920	22	0.4204
chr1	1210949	1210950	34	0.162
chr1	1210983	1210984	37	0.2802
chr1	1211007	1211008	30	0.2435
chr1	1211057	1211058	32	0.1627
chr1	1211076	1211077	27	0.2448
chr1	1211114	1211115	35	0.226
chr1	1211129	1211130	25	0.3185
chr1	1211179	1211180	33	0.3447
chr1	1211203	1211204	29	0.2908
chr1	1211219	1211220	29	0.2389
chr1	1211239	1211240	31	0.2532
chr1	1211263	1211264	25	0.4036
chr1	1211326	1211327	28	0.3331
chr1	1211426	1211427	23	0.1803
chr1	1211495	1211496	24	0.3442
chr1	1211595	1211596	27	0.2857
chr1	1211695	1211696	32	0.2645
chr1	1211759	1211760	29	0.3109
chr1	1211843	1211844	25	0.0
chr1	1211851	1211852	23	0.1484
chr1	1211993	1211994	25	0.1967
chr1	1212033	1212034	28	0.0031
chr1	1212063	1212064	34	0.1428
chr1	1212071	1212072	36	0.1008
chr1	1212087	1212088	34	0.1209
chr1	1212119	1212120	27	0.2411
chr1	1212221	1212222	32	0.1147
chr1	1212235	1212236	32	0.8618
chr1	1212255	1212256	40	0.7859
chr1	1212287	1212288	28	0.8073
chr1	1212306	1212307	23	0.7889
chr1	1212343	1212344	23	0.8591
chr1	1212358	1212359	36	0.6855
chr1	1212381	1212382	32	0.8446
chr1	1212410	1212411	35	0.8774
chr1	1212437	1212438	36	0.7881
chr1	1212487	1212488	29	0.7081
chr1	1212519	1212520	26	0.7455
chr1	1212540	1212541	29	0.9714
chr1	1212590	1212591	27	0.9114
chr1	1212606	1212607	28	0.8456
chr1	1212656	1212657	33	0.8339
chr1	1212706	1212707	30	0.8698
chr1	1212734	1212735	26	0.779
chr1	1212834	1212835	28	0.9805
chr1	1212934	1212935	20	0.8175
chr1	1213034	1213035	25	1.0
chr1	1213134	1213135	29	0.9381
chr1	1213188	1213189	33	1.0
chr1	1213197	1213198	35	0.504
chr1	1213215	1213216	46	0.6772
chr1	1213246	1213247	35	0.5421
chr1	1213275	1213276	37	0.494
chr1	1213291	1213292	33	0.4841
chr1	1213311	1213312	23	0.5145
chr1	1213343	1213344	26	0.6667
chr1	1213371	1213372	33	0.6712
chr1	1213387	1213388	34	0.5345
chr1	1213428	1213429	25	0.595
chr1	1213456	1213457	28	0.7786
chr1	1213485	1213486	23	0.5767
chr1	1213535	1213536	31	0.4767
chr1	1213567	1213568	28	0.5779
chr1	1213606	1213607	25	0.7052
chr1	1213653	1213654	25	0.5401
chr1	1213674	1213675	27	0.5855
chr1	1213723	1213724	29	0.6694
chr1	1213727	1213728	25	0.5334
chr1	1213827	1213828	25	0.4099
chr1	1213890	1213891	34	0.6827
chr1	1213957	1213958	40	0.6015
chr1	1214057	1214058	28	0.5951
chr1	1214157	1214158	29	0.4062
chr1	1214257	1214258	31	0.5679
chr1	1214293	1214294	27	0.8187
chr1	1214485	1214486	27	0.8806
chr1	1214545	1214546	34	0.8431
chr1	1214549	1214550	28	0.744
chr1	1214653	1214654	39	0.7857
chr1	1214659	1214660	21	0.8981
chr1	1214711	1214712	37	0.7195
chr1	1214735	1214736	27	0.8703
chr1	1214763	1214764	25	0.4623
chr1	1214812	1214813	30	0.5689
chr1	1214842	1214843	30	0.5801
chr1	1214866	1214867	31	0.5212
chr1	1214895	1214896	33	0.5464
chr1	1214920	1214921	27	0.4534
chr1	1214935	1214936	33	0.6031
chr1	1214971	1214972	32	0.5139
chr1	1215000	1215001	30	0.6364
chr1	1215050	1215051	20	0.6788
chr1	1215067	1215068	20	0.7375
chr1	1215104	1215105	24	0.6021
chr1	1215154	1215155	29	0.4405
chr1	1215204	1215205	27	0.7224
chr1	1215231	1215232	31	0.6107
chr1	1215281	1215282	19	0.5901
chr1	1215283	1215284	28	0.5376
chr1	1215381	1215382	25	0.6186
chr1	1215481	1215482	30	0.5871
chr1	1215581	1215582	38	0.7111
chr1	1215681	1215682	38	0.6463
chr1	1215773	1215774	29	0.5335
chr1	1215791	1215792	24	0.593
chr1	1215845	1215846	28	0.4915
chr1	1215891	1215892	28	0.0488
chr1	1215941	1215942	35	0.1947
chr1	1215981	1215982	36	0.1124
chr1	1216004	1216005	23	0.1889
chr1	1216019	1216020	31	0.1056
chr1	1216061	1216062	29	0.0546
chr1	1216088	1216089	23	0.1777
chr1	1216103	1216104	33	0.0479
chr1	1216153	1216154	22	0.0664
chr1	1216176	1216177	33	0.209
chr1	1216207	1216208	33	0.1431
chr1	1216257	1216258	25	0.1404
chr1	1216293	1216294	30	0.0121
chr1	1216322	1216323	43	0.0068
chr1	1216345	1216346	27	0.1617
chr1	1216370	1216371	27	0.1562
chr1	1216383	1216384	25	0.048
chr1	1216461	1216462	23	0.1353
chr1	1216561	1216562	29	0.0
chr1	1216658	1216659	38	0.094
chr1	1216713	1216714	30	0.1229
chr1	1216813	1216814	26	0.1288
chr1	1216873	1216874	32	0.2884
chr1	1216953	1216954	25	0.0275
chr1	1216960	1216961	26	0.6696
chr1	1216998	1216999	31	0.7301
chr1	1217017	1217018	41	0.733
chr1	1217057	1217058	39	0.6796
chr1	1217107	1217108	15	0.7674
chr1	1217133	1217134	33	0.7972
chr1	1217150	1217151	30	0.7114
chr1	1217182	1217183	23	0.719
chr1	1217206	1217207	26	0.6638
chr1	1217239	1217240	33	0.5867
chr1	1217262	1217263	33	0.4192
chr1	1217280	1217281	26	0.7608
chr1	1217295	1217296	20	0.6511
chr1	1217310	1217311	30	0.7374
chr1	1217342	1217343	28	0.7944
chr1	1217392	1217393	15	0.7183
chr1	1217414	1217415	35	0.8259
chr1	1217443	1217444	27	0.5483
chr1	1217477	1217478	33	0.6034
chr1	1217521	1217522	31	0.675
chr1	1217523	1217524	27	0.827
chr1	1217623	1217624	32	0.7699
chr1	1217715	1217716	22	0.8908
chr1	1217815	1217816	27	0.6955
chr1	1217915	1217916	31	0.6774
chr1	1218015	1218016	29	0.6817
chr1	1218071	1218072	36	0.7975
chr1	1218075	1218076	38	0.9478
chr1	1218085	1218086	22	0.9112
chr1	1218181	1218182	35	0.8363
chr1	1218215	1218216	34	0.9132
chr1	1218231	1218232	32	0.7171
chr1	1218349	1218350	26	0.9165
chr1	1218395	1218396	30	0.7653
chr1	1218407	1218408	31	0.8333
chr1	1218479	1218480	33	0.8927
chr1	1218537	1218538	20	0.7521
chr1	1218544	1218545	38	0.6005
chr1	1218594	1218595	26	0.5754
chr1	1218618	1218619	19	0.696
chr1	1218665	1218666	34	0.7065
chr1	1218715	1218716	25	0.7666
chr1	1218748	1218749	25	0.431
chr1	1218767	1218768	20	0.579
chr1	1218817	1218818	26	0.5384
chr1	1218857	1218858	30	0.6456
chr1	1218907	1218908	29	0.5404
chr1	1218922	1218923	24	0.5421
chr1	1218946	1218947	32	0.476
chr1	1218955	1218956	29	0.4927
chr1	1219047	1219048	30	0.4399
chr1	1219147	1219148	31	0.3561
chr1	1219227	1219228	36	0.4931
chr1	1219327	1219328	17	0.5843
chr1	1219415	1219416	36	0.7375
chr1	1219437	1219438	24	0.8324
chr1	1219617	1219618	26	0.5891
chr1	1219675	1219676	21	0.5001
chr1	1219705	1219706	34	0.6353
chr1	1219813	1219814	26	0.6572
chr1	1219825	1219826	35	0.6158
chr1	1219835	1219836	25	0.6248
chr1	1219854	1219855	29	0.6902
chr1	1219878	1219879	30	0.5516
chr1	1219920	1219921	27	0.649
chr1	1219936	1219937	31	0.776
chr1	1219954	1219955	32	0.8117
chr1	1219994	1219995	34	0.6088
chr1	1220031	1220032	32	0.5671
chr1	1220078	1220079	36	0.7882
chr1	1220100	1220101	33	0.7291
chr1	1220130	1220131	38	0.6322
chr1	1220153	1220154	32	0.7766
chr1	1220175	1220176	25	0.6842
chr1	1220206	1220207	31	0.5558
chr1	1220256	1220257	30	0.6203
chr1	1220278	1220279	31	0.6929
chr1	1220297	1220298	19	0.8597
chr1	1220341	1220342	30	0.695
chr1	1220349	1220350	36	0.7504
chr1	1220425	1220426	35	0.7893
chr1	1220525	1220526	31	0.7116
chr1	1220575	1220576	26	0.6068
chr1	1220625	1220626	39	0.6939
chr1	1220675	1220676	21	0.6648
chr1	1220761	1220762	18	0.6629
chr1	1220861	1220862	23	0.7357
chr1	1220909	1220910	24	0.6641
chr1	1220931	1220932	28	0.7968
chr1	1220957	1220958	23	0.8544
chr1	1221007	1221008	27	0.8299
chr1	1221049	1221050	17	0.836
chr1	1221090	1221091	26	0.879
chr1	1221125	1221126	31	0.898
chr1	1221175	1221176	24	0.9098
chr1	1221196	1221197	18	0.8647
chr1	1221228	1221229	28	0.818
chr1	1221244	1221245	35	0.5849
chr1	1221259	1221260	42	0.626
chr1	1221285	1221286	32	0.6778
chr1	1221324	1221325	27	0.7946
chr1	1221349	1221350	27	0.8918
chr1	1221389	1221390	32	0.9615
chr1	1221421	1221422	26	0.8137
chr1	1221449	1221450	35	1.0
chr1	1221549	1221550	34	0.7686
chr1	1221649	1221650	34	0.7558
chr1	1221736	1221737	23	0.622
chr1	1221836	1221837	37	0.7727
chr1	1221936	1221937	27	0.7584
chr1	1221952	1221953	33	0.859
chr1	1222022	1222023	31	0.8958
chr1	1222027	1222028	31	0.4078
chr1	1222053	1222054	23	0.2134
chr1	1222081	1222082	31	0.3463
chr1	1222112	1222113	25	0.3996
chr1	1222157	1222158	25	0.265
chr1	1222184	1222185	27	0.2803
chr1	1222224	1222225	32	0.4733
chr1	1222262	1222263	25	0.3437
chr1	1222279	1222280	30	0.4707
chr1	1222301	1222302	24	0.3414
chr1	1222337	1222338	20	0.1576
chr1	1222387	1222388	31	0.2872
chr1	1222407	1222408	20	0.2234
chr1	1222444	1222445	29	0.45
chr1	1222472	1222473	27	0.463
chr1	1222500	1222501	31	0.2639
chr1	1222518	1222519	38	0.4057
chr1	1222599	1222600	25	0.5248
chr1	1222679	1222680	33	0.4978
chr1	1222779	1222780	37	0.4644
chr1	1222879	1222880	32	0.4197
chr1	1222929	1222930	21	0.3294
chr1	1223001	1223002	24	0.452
chr1	1223083	1223084	27	0.0782
chr1	1223143	1223144	22	0.11
chr1	1223161	1223162	31	0.0857
chr1	1223217	1223218	20	0.0264
chr1	1223327	1223328	41	0.2089
chr1	1223383	1223384	33	0.222
chr1	1223405	1223406	42	0.3518
chr1	1223413	1223414	33	0.3843
chr1	1223463	1223464	21	0.4123
chr1	1223484	1223485	29	0.5237
chr1	1223527	1223528	37	0.6429
chr1	1223544	1223545	20	0.6936
chr1	1223572	1223573	29	0.4894
chr1	1223587	1223588	24	0.6526
chr1	1223623	1223624	30	0.5229
chr1	1223645	1223646	22	0.3872
chr1	1223660	1223661	27	0.6205
chr1	1223681	1223682	27	0.6383
chr1	1223731	1223732	32	0.7117
chr1	1223771	1223772	31	0.6282
chr1	1223819	1223820	24	0.5721
chr1	1223859	1223860	37	0.4236
chr1	1223909	1223910	28	0.6302
chr1	1223936	1223937	30	0.5901
chr1	1223955	1223956	32	0.4684
chr1	1223967	1223968	36	0.372
chr1	1224017	1224018	27	0.5121
chr1	1224117	1224118	25	0.5312
chr1	1224217	1224218	25	0.5084
chr1	1224317	1224318	18	0.5325
chr1	1224394	1224395	37	0.5784
chr1	1224494	1224495	37	0.5872
chr1	1224538	1224539	32	0.721
chr1	1224594	1224595	25	0.9009
chr1	1224684	1224685	34	0.7278
chr1	1224708	1224709	14	0.7327
chr1	1224744	1224745	41	0.7725
chr1	1224840	1224841	25	0.7237
chr1	1224896	1224897	25	0.6877
chr1	1224950	1224951	29	0.6322
chr1	1224980	1224981	25	0.8595
chr1	1224988	1224989	29	0.9547
chr1	1224997	1224998	24	0.7494
chr1	1225014	1225015	32	0.7069
chr1	1225050	1225051	26	0.7854
chr1	1225072	1225073	31	0.6395
chr1	1225104	1225105	24	0.845
chr1	1225123	1225124	31	0.7877
chr1	1225145	1225146	32	0.6851
chr1	1225164	1225165	30	0.8068
chr1	1225214	1225215	28	0.7191
chr1	1225251	1225252	29	0.7624
chr1	1225275	1225276	31	0.6202
chr1	1225294	1225295	27	0.577
chr1	1225314	1225315	22	0.758
chr1	1225345	1225346	29	0.7289
chr1	1225379	1225380	26	0.7882
chr1	1225407	1225408	27	0.7337
chr1	1225422	1225423	27	0.6913
chr1	1225468	1225469	21	0.7882
chr1	1225508	1225509	32	0.7816
chr1	1225558	1225559	23	0.6905
chr1	1225658	1225659	36	0.7401
chr1	1225708	1225709	25	0.7299
chr1	1225808	1225809	33	0.7524
chr1	1225885	1225886	31	0.837
chr1	1225985	1225986	34	0.5876
chr1	1225987	1225988	32	0.9954
chr1	1226093	1226094	32	0.8754
chr1	1226109	1226110	30	1.0
chr1	1226193	1226194	25	0.86
chr1	1226209	1226210	27	1.0
chr1	1226227	1226228	30	0.7008
chr1	1226393	1226394	35	0.6043
chr1	1226425	1226426	30	0.8486
chr1	1226465	1226466	25	0.7389
chr1	1226515	1226516	27	0.6641
chr1	1226541	1226542	27	0.6759
chr1	1226579	1226580	35	0.8286
chr1	1226603	1226604	26	0.8408
chr1	1226644	1226645	27	0.7879
chr1	1226694	1226695	30	0.7499
chr1	1226735	1226736	29	0.8902
chr1	1226785	1226786	31	0.7963
chr1	1226810	1226811	18	0.7838
chr1	1226848	1226849	27	0.7364
chr1	1226891	1226892	29	0.8183
chr1	1226940	1226941	30	0.7617
chr1	1226990	1226991	22	0.7167
chr1	1227008	1227009	18	0.8898
chr1	1227045	1227046	34	0.8389
chr1	1227068	1227069	22	0.78
chr1	1227091	1227092	28	0.7748
chr1	1227172	1227173	31	0.6072
chr1	1227272	1227273	26	0.6467
chr1	1227372	1227373	25	0.7866
chr1	1227472	1227473	32	0.6528
chr1	1227568	1227569	37	0.6555
chr1	1227664	1227665	33	0.7824
chr1	1227720	1227721	29	0.8028
chr1	1227751	1227752	34	0.9304
chr1	1227767	1227768	17	0.9176
chr1	1227795	1227796	23	0.8924
chr1	1227845	1227846	24	0.9124
chr1	1227895	1227896	18	0.7278
chr1	1227945	1227946	22	0.8473
chr1	1227971	1227972	17	0.7996
chr1	1227993	1227994	32	0.84
chr1	1228015	1228016	30	0.8246
chr1	1228059	1228060	27	0.763
chr1	1228076	1228077	32	0.8015
chr1	1228100	1228101	35	0.7621
chr1	1228140	1228141	25	0.7707
chr1	1228172	1228173	23	0.9173
chr1	1228187	1228188	28	0.9642
chr1	1228209	1228210	21	0.8215
chr1	1228298	1228299	33	0.9233
chr1	1228398	1228399	24	0.7977
chr1	1228498	1228499	34	0.9833
chr1	1228569	1228570	28	0.7982
chr1	1228634	1228635	26	0.9171
chr1	1228692	1228693	23	0.8767
chr1	1228698	1228699	35	0.8556
chr1	1228728	1228729	22	0.8681
chr1	1228774	1228775	27	0.7776
chr1	1228808	1228809	33	0.7947
chr1	1228823	1228824	31	0.7941
chr1	1228842	1228843	26	0.856
chr1	1228882	1228883	28	0.8322
chr1	1228932	1228933	27	0.9159
chr1	1228974	1228975	28	0.6972
chr1	1229024	1229025	21	0.7217
chr1	1229050	1229051	21	0.7143
chr1	1229087	1229088	28	0.9625
chr1	1229120	1229121	32	0.8842
chr1	1229170	1229171	37	0.8259
chr1	1229202	1229203	37	0.6781
chr1	1229235	1229236	28	0.8679
chr1	1229237	1229238	25	0.7358
chr1	1229287	1229288	35	0.8054
chr1	1229376	1229377	29	0.7884
chr1	1229476	1229477	19	0.6659
chr1	1229576	1229577	37	0.7747
chr1	1229676	1229677	26	0.8743
chr1	1229692	1229693	29	0.9098
chr1	1229704	1229705	30	0.9442
chr1	1229710	1229711	28	0.8033
chr1	1229751	1229752	31	0.8248
chr1	1229781	1229782	40	0.7358
chr1	1229796	1229797	26	0.7763
chr1	1229822	1229823	25	0.7324
chr1	1229837	1229838	30	0.8666
chr1	1229854	1229855	30	0.7237
chr1	1229869	1229870	25	0.7828
chr1	1229908	1229909	31	0.6671
chr1	1229937	1229938	31	0.6306
chr1	1229958	1229959	37	0.7522
chr1	1229981	1229982	28	0.7843
chr1	1230011	1230012	37	0.7508
chr1	1230048	1230049	36	0.6283
chr1	1230075	1230076	21	0.7709
chr1	1230109	1230110	25	0.6895
chr1	1230159	1230160	27	0.8576
chr1	1230181	1230182	33	0.8037
chr1	1230226	1230227	31	0.7656
chr1	1230237	1230238	25	0.7922
chr1	1230293	1230294	28	0.721
chr1	1230356	1230357	20	0.7545
chr1	1230424	1230425	20	0.713
chr1	1230524	1230525	34	0.8112
chr1	1230617	1230618	28	0.7035
chr1	1230717	1230718	24	0.7463
chr1	1230871	1230872	25	0.9899
chr1	1230891	1230892	17	0.9134
chr1	1230967	1230968	32	0.8024
chr1	1230971	1230972	26	0.8387
chr1	1230977	1230978	30	0.8729
chr1	1231175	1231176	23	0.6712
chr1	1231182	1231183	22	0.7934
chr1	1231226	1231227	38	0.6016
chr1	1231276	1231277	30	0.5518
chr1	1231291	1231292	31	0.7677
chr1	1231320	1231321	27	0.5015
chr1	1231360	1231361	30	0.5317
chr1	1231402	1231403	27	0.6998
chr1	1231442	1231443	33	0.7489
chr1	1231482	1231483	35	0.5963
chr1	1231532	1231533	30	0.7087
chr1	1231582	1231583	24	0.6582
chr1	1231598	1231599	25	0.5934
chr1	1231624	1231625	26	0.797
chr1	1231648	1231649	29	0.7293
chr1	1231666	1231667	33	0.5895
chr1	1231699	1231700	28	0.6493
chr1	1231701	1231702	32	0.7086
chr1	1231801	1231802	36	0.7728
chr1	1231895	1231896	24	0.6054
chr1	1231995	1231996	29	0.5634
chr1	1232064	1232065	32	0.6387
chr1	1232132	1232133	28	0.7374
chr1	1232282	1232283	29	0.8584
chr1	1232368	1232369	29	0.7708
chr1	1232404	1232405	27	0.7002
chr1	1232408	1232409	23	0.5616
chr1	1232418	1232419	27	0.7105
chr1	1232610	1232611	22	0.7734
chr1	1232658	1232659	31	0.7246
chr1	1232702	1232703	23	0.6881
chr1	1232746	1232747	34	0.741
chr1	1232776	1232777	27	0.811
chr1	1232806	1232807	32	0.6293
chr1	1232836	1232837	35	0.6611
chr1	1232859	1232860	26	0.7127
chr1	1232896	1232897	28	0.9598
chr1	1232932	1232933	24	0.7309
chr1	1232952	1232953	20	0.6054
chr1	1232971	1232972	36	0.7944
chr1	1232986	1232987	21	0.8613
chr1	1233032	1233033	34	0.7711
chr1	1233082	1233083	27	0.8648
chr1	1233098	1233099	31	0.7952
chr1	1233124	1233125	30	0.6495
chr1	1233202	1233203	36	0.6241
chr1	1233281	1233282	24	0.8777
chr1	1233381	1233382	26	0.7517
chr1	1233442	1233443	21	0.7116
chr1	1233542	1233543	23	0.7513
chr1	1233638	1233639	29	0.7713
chr1	1233685	1233686	34	0.6661
chr1	1233700	1233701	27	0.6079
chr1	1233728	1233729	32	0.5377
chr1	1233761	1233762	36	0.7332
chr1	1233776	1233777	36	0.6419
chr1	1233809	1233810	34	0.6678
chr1	1233832	1233833	30	0.5701
chr1	1233851	1233852	31	0.7066
chr1	1233883	1233884	27	0.6543
chr1	1233907	1233908	38	0.5475
chr1	1233952	1233953	30	0.5735
chr1	1233998	1233999	32	0.4724
chr1	1234034	1234035	21	0.4865
chr1	1234058	1234059	28	0.6247
chr1	1234108	1234109	28	0.6115
chr1	1234135	1234136	33	0.5884
chr1	1234185	1234186	29	0.6507
chr1	1234285	1234286	32	0.6991
chr1	1234374	1234375	28	0.6651
chr1	1234474	1234475	27	0.4718
chr1	1234524	1234525	39	0.4364
chr1	1234536	1234537	30	0.6346
chr1	1234568	1234569	39	0.6004
chr1	1234578	1234579	35	0.2821
chr1	1234622	1234623	35	0.1511
chr1	1234666	1234667	30	0.0673
chr1	1234696	1234697	31	0.1025
chr1	1234712	1234713	29	0.2441
chr1	1234759	1234760	30	0.1917
chr1	1234809	1234810	30	0.2847
chr1	1234836	1234837	40	0.096
chr1	1234886	1234887	34	0.3551
chr1	1234934	1234935	32	0.0287
chr1	1234978	1234979	30	0.1533
chr1	1235020	1235021	26	0.3653
chr1	1235046	1235047	34	0.1807
chr1	1235124	1235125	27	0.2014
chr1	1235174	1235175	22	0.2094
chr1	1235274	1235275	28	0.1857
chr1	1235374	1235375	24	0.1306
chr1	1235446	1235447	35	0.181
chr1	1235520	1235521	28	0.0998
chr1	1235526	1235527	31	0.0875
chr1	1235594	1235595	42	0.0638
chr1	1235604	1235605	32	0.0
chr1	1235658	1235659	39	0.165
chr1	1235690	1235691	24	0.0
chr1	1235776	1235777	27	0.0448
chr1	1235868	1235869	33	0.1133
chr1	1235882	1235883	23	0.0685
chr1	1235884	1235885	32	0.1414
chr1	1235896	1235897	23	0.6629
chr1	1235927	1235928	31	0.5054
chr1	1235953	1235954	28	0.7477
chr1	1235989	1235990	29	0.8684
chr1	1236032	1236033	26	0.5919
chr1	1236047	1236048	37	0.6291
chr1	1236062	1236063	25	0.6411
chr1	1236082	1236083	36	0.6965
chr1	1236097	1236098	25	0.7508
chr1	1236123	1236124	36	0.6905
chr1	1236168	1236169	29	0.5976
chr1	1236208	1236209	25	0.629
chr1	1236223	1236224	30	0.7869
chr1	1236249	1236250	35	0.752
chr1	1236266	1236267	34	0.5855
chr1	1236312	1236313	35	0.6984
chr1	1236332	1236333	30	0.6455
chr1	1236432	1236433	30	0.6646
chr1	1236532	1236533	21	0.805
chr1	1236632	1236633	28	0.6101
chr1	1236716	1236717	27	0.7472
chr1	1236724	1236725	36	0.6962
chr1	1236772	1236773	35	0.9327
chr1	1236785	1236786	43	0.5501
chr1	1236809	1236810	33	0.3966
chr1	1236846	1236847	28	0.4573
chr1	1236896	1236897	22	0.0778
chr1	1236946	1236947	30	0.3869
chr1	1236991	1236992	22	0.195
chr1	1237041	1237042	23	0.3154
chr1	1237080	1237081	30	0.3655
chr1	1237095	1237096	31	0.3766
chr1	1237130	1237131	31	0.3408
chr1	1237178	1237179	32	0.3423
chr1	1237195	1237196	35	0.1612
chr1	1237217	1237218	25	0.2232
chr1	1237305	1237306	40	0.546
chr1	1237361	1237362	28	0.3297
chr1	1237461	1237462	19	0.243
chr1	1237511	1237512	29	0.2385
chr1	1237611	1237612	38	0.3884
chr1	1237697	1237698	29	0.3096
chr1	1237723	1237724	29	0.2465
chr1	1237746	1237747	29	0.5478
chr1	1237767	1237768	31	0.5988
chr1	1237817	1237818	28	0.338
chr1	1237838	1237839	29	0.4176
chr1	1237853	1237854	25	0.351
chr1	1237892	1237893	30	0.346
chr1	1237918	1237919	28	0.5395
chr1	1237955	1237956	25	0.5506
chr1	1238005	1238006	27	0.3725
chr1	1238028	1238029	26	0.3031
chr1	1238074	1238075	32	0.3054
chr1	1238105	1238106	27	0.4432
chr1	1238120	1238121	33	0.5536
chr1	1238143	1238144	29	0.4195
chr1	1238222	1238223	29	0.6095
chr1	1238280	1238281	33	0.4727
chr1	1238373	1238374	27	0.3764
chr1	1238438	1238439	28	0.4544
chr1	1238492	1238493	27	0.4889
chr1	1238637	1238638	30	0.2911
chr1	1238678	1238679	25	0.797
chr1	1238694	1238695	33	0.8232
chr1	1238717	1238718	28	0.8079
chr1	1238749	1238750	32	0.7343
chr1	1238776	1238777	36	0.6064
chr1	1238791	1238792	34	0.6926
chr1	1238816	1238817	24	0.8771
chr1	1238841	1238842	39	0.7583
chr1	1238862	1238863	27	0.6886
chr1	1238887	1238888	37	0.7669
chr1	1238937	1238938	30	0.8782
chr1	1238973	1238974	33	0.7978
chr1	1238991	1238992	28	0.7108
chr1	1239025	1239026	26	0.7637
chr1	1239047	1239048	23	0.7413
chr1	1239073	1239074	30	0.8048
chr1	1239090	1239091	33	0.7708
chr1	1239190	1239191	24	0.6679
chr1	1239243	1239244	34	0.5319
chr1	1239293	1239294	20	0.8299
chr1	1239393	1239394	25	0.6407
chr1	1239493	1239494	36	0.8306
chr1	1239569	1239570	31	0.7033
chr1	1239577	1239578	31	0.6687
chr1	1239603	1239604	32	0.7238
chr1	1239620	1239621	32	0.5009
chr1	1239656	1239657	24	0.7806
chr1	1239706	1239707	29	0.7347
chr1	1239731	1239732	38	0.6349
chr1	1239773	1239774	32	0.5592
chr1	1239810	1239811	29	0.4931
chr1	1239858	1239859	27	0.5744
chr1	1239882	1239883	28	0.6704
chr1	1239905	1239906	30	0.6591
chr1	1239944	1239945	34	0.6979
chr1	1239974	1239975	26	0.8231
chr1	1240024	1240025	21	0.5144
chr1	1240047	1240048	26	0.5826
chr1	1240067	1240068	25	0.5506
chr1	1240088	1240089	36	0.595
chr1	1240188	1240189	29	0.736
chr1	1240288	1240289	25	0.7183
chr1	1240357	1240358	29	0.762
chr1	1240431	1240432	30	0.521
chr1	1240494	1240495	30	0.5703
chr1	1240565	1240566	29	0.8364
chr1	1240573	1240574	36	0.9261
chr1	1240681	1240682	31	0.8416
chr1	1240715	1240716	29	0.9259
chr1	1240755	1240756	32	0.8812
chr1	1240837	1240838	27	0.6842
chr1	1240941	1240942	34	0.8068
chr1	1241019	1241020	25	0.8483
chr1	1241027	1241028	27	0.7541
chr1	1241032	1241033	23	0.2079
chr1	1241066	1241067	33	0.2184
chr1	1241107	1241108	32	0.0938
chr1	1241155	1241156	37	0.0709
chr1	1241204	1241205	36	0.2422
chr1	1241219	1241220	30	0.2847
chr1	1241250	1241251	34	0.4372
chr1	1241265	1241266	25	0.2535
chr1	1241314	1241315	36	0.294
chr1	1241356	1241357	24	0.2185
chr1	1241380	1241381	29	0.2584
chr1	1241408	1241409	26	0.3245
chr1	1241430	1241431	21	0.3049
chr1	1241458	1241459	26	0.2375
chr1	1241488	1241489	22	0.1302
chr1	1241508	1241509	27	0.2628
chr1	1241608	1241609	36	0.1746
chr1	1241708	1241709	27	0.2308
chr1	1241782	1241783	26	0.1924
chr1	1241882	1241883	35	0.2042
chr1	1241982	1241983	25	0.3141
chr1	1242008	1242009	31	0.0
chr1	1242014	1242015	29	0.0102
chr1	1242070	1242071	29	0.1435
chr1	1242098	1242099	34	0.158
chr1	1242148	1242149	32	0.0353
chr1	1242168	1242169	27	0.151
chr1	1242178	1242179	25	0.0472
chr1	1242204	1242205	28	0.2182
chr1	1242226	1242227	32	0.0
chr1	1242234	1242235	26	0.6661
chr1	1242256	1242257	32	0.4542
chr1	1242274	1242275	31	0.5359
chr1	1242324	1242325	21	0.7921
chr1	1242358	1242359	30	0.5678
chr1	1242408	1242409	38	0.523
chr1	1242458	1242459	26	0.589
chr1	1242502	1242503	33	0.6302
chr1	1242526	1242527	39	0.5641
chr1	1242554	1242555	26	0.6132
chr1	1242583	1242584	37	0.5729
chr1	1242633	1242634	31	0.5122
chr1	1242654	1242655	26	0.5392
chr1	1242672	1242673	31	0.6216
chr1	1242704	1242705	23	0.4401
chr1	1242728	1242729	39	0.5187
chr1	1242757	1242758	33	0.5005
chr1	1242762	1242763	30	0.5403
chr1	1242862	1242863	43	0.6225
chr1	1242912	1242913	32	0.6653
chr1	1243012	1243013	34	0.5555
chr1	1243085	1243086	23	0.5584
chr1	1243185	1243186	32	0.6611
chr1	1243285	1243286	33	0.5614
chr1	1243337	1243338	35	0.7307
chr1	1243355	1243356	32	0.8718
chr1	1243369	1243370	32	0.9377
chr1	1243445	1243446	34	0.6597
chr1	1243455	1243456	39	0.8149
chr1	1243465	1243466	34	0.7952
chr1	1243507	1243508	25	0.6115
chr1	1243563	1243564	40	0.9113
chr1	1243611	1243612	28	0.9208
chr1	1243709	1243710	34	0.5992
chr1	1243743	1243744	34	0.9196
chr1	1243793	1243794	27	0.9928
chr1	1243831	1243832	30	0.8866
chr1	1243855	1243856	35	0.8238
chr1	1243879	1243880	30	0.8857
chr1	1243900	1243901	25	0.8848
chr1	1243949	1243950	30	0.9134
chr1	1243977	1243978	32	1.0
chr1	1244002	1244003	33	0.8501
chr1	1244044	1244045	41	0.8394
chr1	1244067	1244068	25	0.9248
chr1	1244098	1244099	17	0.9222
chr1	1244115	1244116	29	0.9158
chr1	1244146	1244147	27	0.9419
chr1	1244164	1244165	35	0.8725
chr1	1244264	1244265	31	0.8235
chr1	1244314	1244315	24	0.981
chr1	1244399	1244400	32	0.8423
chr1	1244499	1244500	39	0.7176
chr1	1244531	1244532	32	0.797
chr1	1244579	1244580	26	0.9686
chr1	1244587	1244588	19	0.7148
chr1	1244637	1244638	32	0.7375
chr1	1244673	1244674	37	0.6519
chr1	1244710	1244711	37	0.8515
chr1	1244741	1244742	36	0.7146
chr1	1244757	1244758	35	0.3982
chr1	1244772	1244773	26	0.6182
chr1	1244809	1244810	29	0.7973
chr1	1244826	1244827	33	0.6941
chr1	1244876	1244877	33	0.6371
chr1	1244900	1244901	42	0.6966
chr1	1244922	1244923	24	0.6428
chr1	1244956	1244957	32	0.566
chr1	1244990	1244991	41	0.5331
chr1	1245009	1245010	23	0.6354
chr1	1245043	1245044	21	0.5565
chr1	1245072	1245073	29	0.693
chr1	1245115	1245116	37	0.5761
chr1	1245146	1245147	26	0.5554
chr1	1245154	1245155	30	0.5453
chr1	1245254	1245255	40	0.6069
chr1	1245354	1245355	31	0.5539
chr1	1245404	1245405	27	0.5687
chr1	1245498	1245499	27	0.588
chr1	1245598	1245599	32	0.4675
chr1	1245698	1245699	29	0.6908
chr1	1245738	1245739	21	0.912
chr1	1245818	1245819	29	0.7579
chr1	1245834	1245835	24	0.7135
chr1	1245920	1245921	30	0.6255
chr1	1246048	1246049	31	0.829
chr1	1246052	1246053	31	0.9096
chr1	1246124	1246125	33	0.7883
chr1	1246150	1246151	27	0.7249
chr1	1246192	1246193	26	0.6518
chr1	1246194	1246195	31	0.8837
chr1	1246210	1246211	23	0.7634
chr1	1246226	1246227	35	0.7399
chr1	1246276	1246277	27	0.719
chr1	1246308	1246309	33	0.7025
chr1	1246323	1246324	37	0.8204
chr1	1246373	1246374	26	0.7189
chr1	1246397	1246398	35	0.7651
chr1	1246412	1246413	38	0.8566
chr1	1246443	1246444	22	0.6536
chr1	1246481	1246482	29	0.6553
chr1	1246497	1246498	32	0.8367
chr1	1246547	1246548	32	0.8882
chr1	1246597	1246598	31	0.7721
chr1	1246612	1246613	35	0.6482
chr1	1246645	1246646	31	0.7749
chr1	1246691	1246692	30	0.819
chr1	1246791	1246792	29	0.7495
chr1	1246853	1246854	23	0.6166
chr1	1246916	1246917	24	0.8006
chr1	1246982	1246983	30	0.6991
chr1	1247079	1247080	28	0.7414
chr1	1247119	1247120	29	0.7841
chr1	1247149	1247150	26	0.8237
chr1	1247177	1247178	30	0.8882
chr1	1247219	1247220	29	0.773
chr1	1247248	1247249	27	0.8611
chr1	1247263	1247264	34	0.8199
chr1	1247278	1247279	27	0.8333
chr1	1247293	1247294	36	0.6009
chr1	1247317	1247318	25	0.9654
chr1	1247359	1247360	32	0.8314
chr1	1247374	1247375	29	0.8318
chr1	1247399	1247400	26	0.649
chr1	1247425	1247426	30	0.8738
chr1	1247475	1247476	30	0.8508
chr1	1247510	1247511	30	0.8259
chr1	1247535	1247536	30	0.6336
chr1	1247585	1247586	42	0.7981
chr1	1247630	1247631	28	0.7263
chr1	1247631	1247632	35	0.8247
chr1	1247731	1247732	37	0.7769
chr1	1247831	1247832	32	0.697
chr1	1247931	1247932	24	0.8741
chr1	1248031	1248032	34	0.7416
chr1	1248059	1248060	26	0.668
chr1	1248069	1248070	32	0.6686
chr1	1248086	1248087	26	0.7456
chr1	1248106	1248107	30	0.7963
chr1	1248156	1248157	35	0.6939
chr1	1248178	1248179	23	0.8408
chr1	1248216	1248217	27	0.8089
chr1	1248259	1248260	29	0.8596
chr1	1248295	1248296	31	0.9534
chr1	1248310	1248311	36	0.818
chr1	1248359	1248360	29	0.7504
chr1	1248392	1248393	30	0.792
chr1	1248412	1248413	33	0.6905
chr1	1248431	1248432	29	0.674
chr1	1248481	1248482	30	0.7555
chr1	1248510	1248511	32	0.5833
chr1	1248609	1248610	24	0.8072
chr1	1248709	1248710	39	0.8278
chr1	1248809	1248810	23	0.6552
chr1	1248909	1248910	35	0.7318
chr1	1248971	1248972	40	0.8308
chr1	1248981	1248982	28	0.8569
chr1	1249000	1249001	29	0.8943
chr1	1249031	1249032	36	0.8679
chr1	1249078	1249079	27	0.8887
chr1	1249128	1249129	33	0.8445
chr1	1249148	1249149	32	0.8756
chr1	1249192	1249193	31	0.7537
chr1	1249242	1249243	37	0.5867
chr1	1249270	1249271	23	0.7749
chr1	1249320	1249321	33	0.6797
chr1	1249341	1249342	30	0.6908
chr1	1249357	1249358	31	0.5455
chr1	1249402	1249403	26	0.7614
chr1	1249502	1249503	37	0.8093
chr1	1249602	1249603	32	0.5458
chr1	1249702	1249703	27	0.7341
chr1	1249768	1249769	37	0.7979
chr1	1249798	1249799	24	0.9584
chr1	1249898	1249899	31	0.9129
chr1	1249976	1249977	23	0.722
chr1	1250214	1250215	37	0.727
chr1	1250228	1250229	31	0.6564
chr1	1250242	1250243	33	0.8801
chr1	1250282	1250283	36	0.5951
chr1	1250307	1250308	27	0.6652
chr1	1250344	1250345	36	0.8063
chr1	1250394	1250395	23	0.9378
chr1	1250427	1250428	24	0.8429
chr1	1250477	1250478	29	0.9027
chr1	1250504	1250505	36	0.7988
chr1	1250554	1250555	31	0.8583
chr1	1250580	1250581	27	0.8061
chr1	1250606	1250607	36	0.9385
chr1	1250624	1250625	34	0.6286
chr1	1250666	1250667	33	0.7997
chr1	1250683	1250684	27	0.963
chr1	1250702	1250703	25	0.9473
chr1	1250718	1250719	29	0.9951
chr1	1250747	1250748	33	0.747
chr1	1250847	1250848	37	0.931
chr1	1250947	1250948	34	1.0
chr1	1251047	1251048	31	0.9751
chr1	1251129	1251130	22	0.7205
chr1	1251293	1251294	32	1.0
chr1	1251301	1251302	35	0.675
chr1	1251326	1251327	39	0.621
chr1	1251356	1251357	22	0.6171
chr1	1251383	1251384	30	0.4889
chr1	1251403	1251404	29	0.4194
chr1	1251434	1251435	32	0.7761
chr1	1251465	1251466	30	0.5288
chr1	1251487	1251488	31	0.751
chr1	1251502	1251503	18	0.7225
chr1	1251548	1251549	21	0.5705
chr1	1251563	1251564	30	0.7
chr1	1251610	1251611	33	0.4524
chr1	1251651	1251652	32	0.7164
chr1	1251699	1251700	25	0.684
chr1	1251799	1251800	26	0.4884
chr1	1251899	1251900	26	0.7006
chr1	1251999	1252000	29	0.6251
chr1	1252049	1252050	28	0.876
chr1	1252149	1252150	30	0.6988
chr1	1252221	1252222	24	0.8235
chr1	1252261	1252262	32	0.824
chr1	1252317	1252318	29	0.9706
chr1	1252331	1252332	32	0.7809
chr1	1252353	1252354	30	1.0
chr1	1252357	1252358	30	0.8958
chr1	1252371	1252372	28	0.6965
chr1	1252376	1252377	21	0.4323
chr1	1252411	1252412	34	0.587
chr1	1252432	1252433	34	0.6378
chr1	1252447	1252448	32	0.6937
chr1	1252462	1252463	33	0.7438
chr1	1252512	1252513	36	0.7167
chr1	1252527	1252528	23	0.6638
chr1	1252576	1252577	23	0.6325
chr1	1252599	1252600	31	0.6392
chr1	1252630	1252631	30	0.7639
chr1	1252651	1252652	26	0.5508
chr1	1252682	1252683	25	0.5305
chr1	1252732	1252733	34	0.8851
chr1	1252764	1252765	26	0.6417
chr1	1252784	1252785	26	0.5679
chr1	1252820	1252821	28	0.7162
chr1	1252842	1252843	33	0.5729
chr1	1252871	1252872	20	0.5385
chr1	1252899	1252900	30	0.6482
chr1	1252999	1253000	30	0.4973
chr1	1253049	1253050	37	0.7341
chr1	1253149	1253150	30	0.4863
chr1	1253244	1253245	24	0.5668
chr1	1253344	1253345	31	0.5196
chr1	1253394	1253395	33	0.6587
chr1	1253438	1253439	35	0.9297
chr1	1253492	1253493	35	0.6413
chr1	1253602	1253603	24	0.6496
chr1	1253674	1253675	23	0.7006
chr1	1253748	1253749	27	0.6447
chr1	1253754	1253755	31	0.6862
chr1	1253769	1253770	26	0.7369
chr1	1253819	1253820	22	0.8119
chr1	1253843	1253844	36	0.8217
chr1	1253869	1253870	35	0.6566
chr1	1253888	1253889	31	0.6658
chr1	1253907	1253908	33	0.7176
chr1	1253928	1253929	27	0.5371
chr1	1253947	1253948	35	0.5008
chr1	1253973	1253974	34	0.5858
chr1	1254018	1254019	27	0.7892
chr1	1254041	1254042	24	0.5606
chr1	1254058	1254059	29	0.6162
chr1	1254092	1254093	18	0.7109
chr1	1254172	1254173	25	0.5412
chr1	1254187	1254188	24	0.6569
chr1	1254220	1254221	24	0.6354
chr1	1254264	1254265	28	0.7487
chr1	1254314	1254315	21	0.7094
chr1	1254323	1254324	28	0.6642
chr1	1254413	1254414	32	0.5558
chr1	1254513	1254514	27	0.6035
chr1	1254605	1254606	18	0.5215
chr1	1254670	1254671	38	0.5849
chr1	1254744	1254745	30	0.7255
chr1	1254844	1254845	30	0.7917
chr1	1254926	1254927	29	0.7683
chr1	1254974	1254975	29	0.6585
chr1	1255034	1255035	34	0.9014
chr1	1255044	1255045	34	0.8871
chr1	1255050	1255051	31	0.8334
chr1	1255168	1255169	28	0.773
chr1	1255178	1255179	25	0.6779
chr1	1255202	1255203	26	0.7795
chr1	1255204	1255205	31	0.5504
chr1	1255254	1255255	32	0.8956
chr1	1255261	1255262	28	0.1688
chr1	1255276	1255277	31	0.2318
chr1	1255291	1255292	28	0.2048
chr1	1255324	1255325	32	0.2259
chr1	1255366	1255367	24	0.0731
chr1	1255387	1255388	31	0.316
chr1	1255417	1255418	19	0.181
chr1	1255451	1255452	24	0.1939
chr1	1255494	1255495	30	0.4201
chr1	1255538	1255539	27	0.231
chr1	1255554	1255555	40	0.3633
chr1	1255604	1255605	23	0.3804
chr1	1255629	1255630	32	0.2639
chr1	1255658	1255659	29	0.2276
chr1	1255673	1255674	25	0.2519
chr1	1255714	1255715	28	0.1494
chr1	1255750	1255751	32	0.143
chr1	1255775	1255776	26	0.0727
chr1	1255789	1255790	43	0.0205
chr1	1255853	1255854	29	0.2456
chr1	1255953	1255954	30	0.357
chr1	1256048	1256049	32	0.1223
chr1	1256148	1256149	41	0.2362
chr1	1256248	1256249	32	0.1785
chr1	1256298	1256299	27	0.1719
chr1	1256348	1256349	35	0.1188
chr1	1256354	1256355	42	0.0776
chr1	1256366	1256367	24	0.0877
chr1	1256428	1256429	37	0.2264
chr1	1256432	1256433	31	0.2289
chr1	1256464	1256465	36	0.236
chr1	1256620	1256621	21	0.1029
chr1	1256692	1256693	30	0.1791
chr1	1256699	1256700	33	0.5
chr1	1256722	1256723	29	0.5227
chr1	1256746	1256747	39	0.5964
chr1	1256770	1256771	31	0.5868
chr1	1256805	1256806	32	0.5147
chr1	1256855	1256856	18	0.5215
chr1	1256905	1256906	25	0.537
chr1	1256941	1256942	30	0.6156
chr1	1256991	1256992	24	0.6747
chr1	1257008	1257009	38	0.3608
chr1	1257023	1257024	28	0.4595
chr1	1257073	1257074	30	0.4155
chr1	1257123	1257124	13	0.5427
chr1	1257140	1257141	28	0.538
chr1	1257170	1257171	27	0.6194
chr1	1257188	1257189	24	0.457
chr1	1257222	1257223	32	0.5688
chr1	1257244	1257245	24	0.5316
chr1	1257265	1257266	32	0.6262
chr1	1257288	1257289	33	0.4431
chr1	1257305	1257306	32	0.5713
chr1	1257405	1257406	33	0.4411
chr1	1257463	1257464	22	0.5223
chr1	1257563	1257564	29	0.5608
chr1	1257613	1257614	27	0.4957
chr1	1257663	1257664	28	0.5184
chr1	1257763	1257764	30	0.669
chr1	1257839	1257840	31	0.4317
chr1	1257889	1257890	24	0.4873
chr1	1258005	1258006	37	0.8208
chr1	1258023	1258024	38	0.7766
chr1	1258039	1258040	35	0.9065
chr1	1258347	1258348	25	0.8034
chr1	1258351	1258352	35	0.572
chr1	1258373	1258374	29	0.5408
chr1	1258383	1258384	40	0.6829
chr1	1258393	1258394	24	0.6288
chr1	1258408	1258409	36	0.3476
chr1	1258424	1258425	37	0.5496
chr1	1258452	1258453	34	0.4556
chr1	1258495	1258496	31	0.6505
chr1	1258537	1258538	31	0.5261
chr1	1258552	1258553	28	0.4864
chr1	1258585	1258586	32	0.3889
chr1	1258609	1258610	24	0.3582
chr1	1258659	1258660	32	0.4591
chr1	1258680	1258681	24	0.3772
chr1	1258695	1258696	31	0.4908
chr1	1258735	1258736	28	0.3411
chr1	1258768	1258769	25	0.4211
chr1	1258816	1258817	28	0.5455
chr1	1258862	1258863	26	0.4518
chr1	1258898	1258899	22	0.4806
chr1	1258913	1258914	33	0.4655
chr1	1258923	1258924	33	0.5184
chr1	1259023	1259024	38	0.472
chr1	1259123	1259124	28	0.6416
chr1	1259223	1259224	30	0.3098
chr1	1259323	1259324	32	0.5971
chr1	1259373	1259374	30	0.5381
chr1	1259477	1259478	20	0.6512
chr1	1259531	1259532	25	0.7736
chr1	1259551	1259552	25	0.5832
chr1	1259557	1259558	30	0.6618
chr1	1259565	1259566	33	0.5452
chr1	1259733	1259734	36	0.662
chr1	1259745	1259746	29	0.7271
chr1	1259755	1259756	34	0.7729
chr1	1259797	1259798	39	0.6929
chr1	1259812	1259813	35	0.8665
chr1	1259857	1259858	22	0.7697
chr1	1259907	1259908	23	0.634
chr1	1259922	1259923	37	0.8453
chr1	1259972	1259973	24	0.741
chr1	1260012	1260013	22	0.6745
chr1	1260062	1260063	33	0.6807
chr1	1260088	1260089	30	0.6712
chr1	1260113	1260114	22	0.762
chr1	1260128	1260129	29	0.7141
chr1	1260178	1260179	29	0.6868
chr1	1260228	1260229	28	0.7464
chr1	1260254	1260255	35	0.7672
chr1	1260339	1260340	21	0.7644
chr1	1260428	1260429	33	0.6954
chr1	1260528	1260529	26	0.8023
chr1	1260628	1260629	26	0.8755
chr1	1260683	1260684	33	0.8367
chr1	1260749	1260750	33	1.0
chr1	1260793	1260794	20	0.8248
chr1	1260955	1260956	39	0.8782
chr1	1260959	1260960	29	0.7984
chr1	1261001	1261002	30	0.9488
chr1	1261137	1261138	26	0.6557
chr1	1261142	1261143	31	0.3807
chr1	1261192	1261193	26	0.3741
chr1	1261242	1261243	29	0.6172
chr1	1261270	1261271	21	0.5033
chr1	1261318	1261319	32	0.4977
chr1	1261334	1261335	30	0.5266
chr1	1261362	1261363	31	0.6594
chr1	1261392	1261393	21	0.7253
chr1	1261416	1261417	32	0.4459
chr1	1261462	1261463	40	0.4178
chr1	1261477	1261478	35	0.5249
chr1	1261496	1261497	26	0.4905
chr1	1261538	1261539	23	0.621
chr1	1261565	1261566	22	0.4955
chr1	1261615	1261616	38	0.5676
chr1	1261632	1261633	26	0.3161
chr1	1261732	1261733	32	0.5632
chr1	1261832	1261833	29	0.6338
chr1	1261932	1261933	27	0.4081
chr1	1261982	1261983	25	0.5063
chr1	1262035	1262036	28	0.5649
chr1	1262057	1262058	29	0.7067
chr1	1262105	1262106	36	0.5653
chr1	1262191	1262192	34	0.8377
chr1	1262241	1262242	26	0.6779
chr1	1262353	1262354	29	0.7136
chr1	1262411	1262412	28	0.7538
chr1	1262419	1262420	31	0.6974
chr1	1262437	1262438	28	0.5467
chr1	1262487	1262488	34	0.6829
chr1	1262505	1262506	22	0.8334
chr1	1262515	1262516	26	0.9375
chr1	1262536	1262537	28	0.8207
chr1	1262576	1262577	34	0.6636
chr1	1262625	1262626	32	0.7893
chr1	1262648	1262649	25	0.726
chr1	1262671	1262672	35	0.5441
chr1	1262716	1262717	31	0.7231
chr1	1262738	1262739	24	0.7483
chr1	1262762	1262763	21	0.8027
chr1	1262788	1262789	28	0.6172
chr1	1262838	1262839	27	0.5866
chr1	1262853	1262854	27	0.7021
chr1	1262882	1262883	39	0.7598
chr1	1262925	1262926	23	0.6774
chr1	1262940	1262941	32	0.7617
chr1	1262955	1262956	24	0.7688
chr1	1262970	1262971	27	0.5137
chr1	1263070	1263071	38	0.6578
chr1	1263120	1263121	42	0.6972
chr1	1263215	1263216	29	0.8617
chr1	1263305	1263306	28	0.7608
chr1	1263378	1263379	33	0.8596
chr1	1263458	1263459	27	0.8203
chr1	1263572	1263573	28	0.8594
chr1	1263576	1263577	29	0.7824
chr1	1263616	1263617	34	0.6704
chr1	1263670	1263671	37	0.8476
chr1	1263768	1263769	31	0.8642
chr1	1263805	1263806	28	0.0963
chr1	1263835	1263836	28	0.0934
chr1	1263885	1263886	31	0.0074
chr1	1263935	1263936	36	0.1431
chr1	1263958	1263959	35	0.0857
chr1	1264003	1264004	33	0.0702
chr1	1264053	1264054	28	0.2354
chr1	1264073	1264074	26	0.1101
chr1	1264117	1264118	30	0.2153
chr1	1264167	1264168	41	0.0254
chr1	1264184	1264185	35	0.0936
chr1	1264219	1264220	31	0.0272
chr1	1264241	1264242	45	0.0919
chr1	1264268	1264269	35	0.0
chr1	1264312	1264313	35	0.1707
chr1	1264327	1264328	27	0.1784
chr1	1264370	1264371	24	0.2002
chr1	1264470	1264471	29	0.1908
chr1	1264546	1264547	31	0.0613
chr1	1264646	1264647	34	0.1207
chr1	1264746	1264747	34	0.1302
chr1	1264811	1264812	33	0.2423
chr1	1264871	1264872	15	0.1477
chr1	1264943	1264944	30	0.0704
chr1	1264961	1264962	23	0.3003
chr1	1264994	1264995	33	0.6459
chr1	1265028	1265029	29	0.5233
chr1	1265058	1265059	30	0.917
chr1	1265101	1265102	35	0.594
chr1	1265126	1265127	25	0.6489
chr1	1265165	1265166	27	0.7151
chr1	1265180	1265181	21	0.8092
chr1	1265205	1265206	31	0.5716
chr1	1265229	1265230	29	0.747
chr1	1265244	1265245	20	0.7063
chr1	1265285	1265286	29	0.7332
chr1	1265334	1265335	26	0.6143
chr1	1265384	1265385	19	0.8768
chr1	1265434	1265435	30	0.5575
chr1	1265455	1265456	31	0.7049
chr1	1265498	1265499	24	0.8719
chr1	1265598	1265599	37	0.7105
chr1	1265698	1265699	34	0.8013
chr1	1265798	1265799	27	0.6742
chr1	1265898	1265899	29	0.7336
chr1	1265998	1265999	31	0.823
chr1	1266014	1266015	26	0.8744
chr1	1266016	1266017	27	0.9105
chr1	1266049	1266050	33	0.9572
chr1	1266079	1266080	32	0.3766
chr1	1266099	1266100	29	0.6851
chr1	1266116	1266117	26	0.9304
chr1	1266134	1266135	24	1.0
chr1	1266168	1266169	32	0.8421
chr1	1266218	1266219	34	0.8233
chr1	1266259	1266260	34	1.0
chr1	1266278	1266279	25	1.0
chr1	1266311	1266312	25	1.0
chr1	1266347	1266348	33	0.7627
chr1	1266377	1266378	30	0.4971
chr1	1266399	1266400	29	0.9876
chr1	1266414	1266415	33	0.5227
chr1	1266449	1266450	35	0.6094
chr1	1266474	1266475	33	0.9031
chr1	1266488	1266489	33	1.0
chr1	1266538	1266539	33	0.5299
chr1	1266588	1266589	36	0.793
chr1	1266666	1266667	31	0.7628
chr1	1266766	1266767	31	0.704
chr1	1266816	1266817	29	1.0
chr1	1266906	1266907	25	0.9742
chr1	1266908	1266909	28	1.0
chr1	1267004	1267005	22	0.8037
chr1	1267020	1267021	29	0.0324
chr1	1267047	1267048	26	0.2347
chr1	1267071	1267072	25	0.259
chr1	1267086	1267087	26	0.1682
chr1	1267136	1267137	31	0.1356
chr1	1267157	1267158	22	0.0
chr1	1267193	1267194	29	0.2069
chr1	1267216	1267217	27	0.0905
chr1	1267236	1267237	34	0.211
chr1	1267263	1267264	32	0.0507
chr1	1267278	1267279	35	0.2135
chr1	1267304	1267305	37	0.0141
chr1	1267333	1267334	29	0.1986
chr1	1267368	1267369	25	0.065
chr1	1267385	1267386	27	0.139
chr1	1267412	1267413	20	0.1315
chr1	1267438	1267439	36	0.0523
chr1	1267453	1267454	38	0.2238
chr1	1267495	1267496	33	0.2154
chr1	1267512	1267513	25	0.1448
chr1	1267545	1267546	30	0.3278
chr1	1267590	1267591	24	0.0772
chr1	1267613	1267614	28	0.2127
chr1	1267681	1267682	31	0.0146
chr1	1267752	1267753	26	0.0684
chr1	1267852	1267853	34	0.1961
chr1	1267952	1267953	30	0.1869
chr1	1268052	1268053	33	0.1251
chr1	1268146	1268147	36	0.0941
chr1	1268156	1268157	21	0.0795
chr1	1268173	1268174	31	0.8387
chr1	1268223	1268224	26	0.8165
chr1	1268273	1268274	24	0.8848
chr1	1268320	1268321	19	0.7375
chr1	1268359	1268360	26	0.7695
chr1	1268391	1268392	36	0.8981
chr1	1268429	1268430	31	0.7269
chr1	1268451	1268452	28	0.7707
chr1	1268501	1268502	35	0.8588
chr1	1268524	1268525	34	0.7717
chr1	1268574	1268575	35	0.7242
chr1	1268616	1268617	32	0.6959
chr1	1268716	1268717	26	0.7913
chr1	1268773	1268774	21	0.5978
chr1	1268831	1268832	38	0.7052
chr1	1268931	1268932	26	0.6868
chr1	1268999	1269000	17	0.7561
chr1	1269049	1269050	24	0.601
chr1	1269127	1269128	24	0.8282
chr1	1269129	1269130	24	0.7394
chr1	1269165	1269166	23	0.3198
chr1	1269215	1269216	28	0.2631
chr1	1269264	1269265	29	0.2215
chr1	1269306	1269307	28	0.3934
chr1	1269343	1269344	27	0.1786
chr1	1269366	1269367	27	0.2623
chr1	1269381	1269382	28	0.2639
chr1	1269431	1269432	24	0.3035
chr1	1269454	1269455	35	0.2623
chr1	1269472	1269473	31	0.3073
chr1	1269491	1269492	28	0.3497
chr1	1269541	1269542	19	0.3056
chr1	1269567	1269568	26	0.2554
chr1	1269591	1269592	26	0.1351
chr1	1269630	1269631	29	0.1687
chr1	1269730	1269731	27	0.3226
chr1	1269830	1269831	38	0.2522
chr1	1269881	1269882	31	0.3859
chr1	1269981	1269982	31	0.3062
chr1	1270081	1270082	24	0.359
chr1	1270097	1270098	33	0.2016
chr1	1270108	1270109	35	0.6187
chr1	1270135	1270136	28	0.6864
chr1	1270159	1270160	27	0.9181
chr1	1270209	1270210	24	0.8069
chr1	1270240	1270241	31	0.7404
chr1	1270257	1270258	24	0.6854
chr1	1270292	1270293	35	0.7153
chr1	1270332	1270333	32	0.6884
chr1	1270358	1270359	34	0.7501
chr1	1270379	1270380	26	0.9453
chr1	1270405	1270406	29	0.8929
chr1	1270455	1270456	33	0.9282
chr1	1270474	1270475	31	0.6894
chr1	1270501	1270502	23	1.0
chr1	1270518	1270519	24	0.7682
chr1	1270533	1270534	23	0.8571
chr1	1270583	1270584	27	0.7976
chr1	1270630	1270631	36	0.8362
chr1	1270652	1270653	30	0.8839
chr1	1270675	1270676	31	0.8644
chr1	1270775	1270776	28	0.7533
chr1	1270875	1270876	32	0.8762
chr1	1270933	1270934	24	0.7731
chr1	1271033	1271034	22	0.8711
chr1	1271133	1271134	28	0.7442
chr1	1271233	1271234	34	0.8217
chr1	1271259	1271260	34	0.8497
chr1	1271289	1271290	34	0.9257
chr1	1271325	1271326	32	0.6682
chr1	1271340	1271341	29	0.6272
chr1	1271361	1271362	28	0.7485
chr1	1271411	1271412	30	0.7371
chr1	1271436	1271437	34	0.6189
chr1	1271485	1271486	25	0.6838
chr1	1271530	1271531	27	0.5948
chr1	1271545	1271546	25	0.5305
chr1	1271570	1271571	27	0.551
chr1	1271604	1271605	35	0.4733
chr1	1271622	1271623	33	0.6101
chr1	1271637	1271638	33	0.5918
chr1	1271652	1271653	18	0.6068
chr1	1271702	1271703	28	0.6255
chr1	1271747	1271748	21	0.647
chr1	1271788	1271789	28	0.7169
chr1	1271806	1271807	28	0.664
chr1	1271820	1271821	44	0.7076
chr1	1271920	1271921	27	0.7374
chr1	1272020	1272021	30	0.6588
chr1	1272120	1272121	30	0.5397
chr1	1272220	1272221	34	0.7344
chr1	1272304	1272305	35	0.6216
chr1	1272306	1272307	27	0.8137
chr1	1272323	1272324	39	0.757
chr1	1272373	1272374	24	0.812
chr1	1272413	1272414	22	0.7656
chr1	1272463	1272464	31	0.8386
chr1	1272485	1272486	36	0.6819
chr1	1272535	1272536	36	0.8136
chr1	1272564	1272565	23	0.6246
chr1	1272604	1272605	36	0.8465
chr1	1272654	1272655	37	0.7639
chr1	1272696	1272697	26	0.7926
chr1	1272716	1272717	27	0.8886
chr1	1272736	1272737	36	0.8516
chr1	1272751	1272752	27	0.835
chr1	1272774	1272775	30	0.8177
chr1	1272874	1272875	28	0.8311
chr1	1272974	1272975	25	0.629
chr1	1273059	1273060	21	0.8181
chr1	1273159	1273160	20	0.7541
chr1	1273213	1273214	28	0.9624
chr1	1273225	1273226	22	0.2619
chr1	1273255	1273256	34	0.1694
chr1	1273289	1273290	29	0.2446
chr1	1273314	1273315	31	0.1995
chr1	1273364	1273365	24	0.0
chr1	1273414	1273415	41	0.0814
chr1	1273446	1273447	29	0.1818
chr1	1273485	1273486	37	0.1667
chr1	1273503	1273504	28	0.187
chr1	1273551	1273552	36	0.1289
chr1	1273601	1273602	37	0.1678
chr1	1273621	1273622	36	0.0
chr1	1273671	1273672	38	0.1213
chr1	1273686	1273687	28	0.215
chr1	1273701	1273702	20	0.2724
chr1	1273750	1273751	36	0.2145
chr1	1273769	1273770	34	0.0898
chr1	1273819	1273820	27	0.2264
chr1	1273919	1273920	29	0.392
chr1	1273969	1273970	27	0.2309
chr1	1274058	1274059	25	0.2439
chr1	1274158	1274159	40	0.2371
chr1	1274258	1274259	42	0.195
chr1	1274304	1274305	33	0.0403
chr1	1274353	1274354	33	0.6152
chr1	1274370	1274371	22	0.839
chr1	1274385	1274386	25	0.5323
chr1	1274406	1274407	32	0.5463
chr1	1274426	1274427	26	0.6883
chr1	1274451	1274452	20	0.6632
chr1	1274493	1274494	32	0.6321
chr1	1274528	1274529	27	0.7923
chr1	1274557	1274558	36	0.8269
chr1	1274602	1274603	33	0.6952
chr1	1274626	1274627	26	0.6478
chr1	1274641	1274642	41	0.7115
chr1	1274676	1274677	31	0.8268
chr1	1274726	1274727	33	0.7953
chr1	1274756	1274757	34	0.7902
chr1	1274797	1274798	34	0.749
chr1	1274814	1274815	26	0.5377
chr1	1274903	1274904	26	0.4661
chr1	1274988	1274989	32	0.6613
chr1	1275051	1275052	32	0.559
chr1	1275151	1275152	37	0.7108
chr1	1275201	1275202	32	0.6712
chr1	1275247	1275248	24	0.8879
chr1	1275292	1275293	35	0.5151
chr1	1275324	1275325	31	0.5391
chr1	1275341	1275342	40	0.623
chr1	1275386	1275387	32	0.623
chr1	1275412	1275413	29	0.6498
chr1	1275435	1275436	33	0.6244
chr1	1275456	1275457	38	0.6754
chr1	1275473	1275474	38	0.716
chr1	1275507	1275508	22	0.3527
chr1	1275557	1275558	40	0.4748
chr1	1275603	1275604	18	0.6449
chr1	1275628	1275629	33	0.6134
chr1	1275643	1275644	43	0.6388
chr1	1275688	1275689	35	0.5334
chr1	1275724	1275725	35	0.4965
chr1	1275755	1275756	29	0.5711
chr1	1275771	1275772	33	0.5938
chr1	1275821	1275822	26	0.7442
chr1	1275872	1275873	32	0.5756
chr1	1275939	1275940	27	0.7818
chr1	1276039	1276040	34	0.6903
chr1	1276093	1276094	21	0.7647
chr1	1276181	1276182	29	0.7332
chr1	1276211	1276212	39	0.5056
chr1	1276253	1276254	38	0.764
chr1	1276298	1276299	34	0.7346
chr1	1276316	1276317	25	0.9228
chr1	1276341	1276342	23	0.7491
chr1	1276391	1276392	34	0.7783
chr1	1276423	1276424	27	0.7124
chr1	1276470	1276471	33	0.8509
chr1	1276490	1276491	28	0.7618
chr1	1276540	1276541	30	0.6126
chr1	1276567	1276568	32	0.7728
chr1	1276617	1276618	31	0.62
chr1	1276667	1276668	27	0.8435
chr1	1276717	1276718	19	0.6818
chr1	1276739	1276740	30	0.7663
chr1	1276760	1276761	31	0.6703
chr1	1276779	1276780	35	0.7657
chr1	1276879	1276880	30	0.7806
chr1	1276954	1276955	29	0.8936
chr1	1277054	1277055	20	0.8249
chr1	1277133	1277134	29	0.8424
chr1	1277233	1277234	26	0.7693
chr1	1277289	1277290	29	0.9605
chr1	1277308	1277309	38	0.7189
chr1	1277340	1277341	31	0.7329
chr1	1277381	1277382	27	0.6885
chr1	1277408	1277409	22	0.8531
chr1	1277441	1277442	25	0.7263
chr1	1277465	1277466	28	0.6722
chr1	1277484	1277485	34	0.841
chr1	1277527	1277528	30	0.8214
chr1	1277542	1277543	36	0.7187
chr1	1277570	1277571	37	0.5814
chr1	1277595	1277596	27	0.6397
chr1	1277641	1277642	31	0.7126
chr1	1277660	1277661	26	0.7188
chr1	1277710	1277711	26	0.8048
chr1	1277760	1277761	25	0.5174
chr1	1277791	1277792	24	0.7775
chr1	1277876	1277877	26	0.6113
chr1	1277976	1277977	24	0.6088
chr1	1278043	1278044	28	0.7922
chr1	1278143	1278144	34	0.703
chr1	1278193	1278194	29	0.7621
chr1	1278269	1278270	24	0.8099
chr1	1278301	1278302	29	0.8701
chr1	1278361	1278362	26	0.6567
chr1	1278391	1278392	37	0.5358
chr1	1278441	1278442	41	0.6967
chr1	1278469	1278470	35	0.5176
chr1	1278487	1278488	31	0.5238
chr1	1278510	1278511	36	0.6247
chr1	1278543	1278544	39	0.6018
chr1	1278559	1278560	27	0.6924
chr1	1278598	1278599	36	0.5234
chr1	1278643	1278644	39	0.6117
chr1	1278673	1278674	29	0.596
chr1	1278707	1278708	30	0.5868
chr1	1278757	1278758	27	0.7661
chr1	1278779	1278780	42	0.8176
chr1	1278809	1278810	22	0.7051
chr1	1278837	1278838	31	0.6972
chr1	1278853	1278854	26	0.5802
chr1	1278862	1278863	21	0.6817
chr1	1278912	1278913	30	0.7248
chr1	1278996	1278997	31	0.798
chr1	1279072	1279073	31	0.5167
chr1	1279164	1279165	30	0.7357
chr1	1279264	1279265	31	0.5529
chr1	1279328	1279329	33	0.4026
chr1	1279363	1279364	28	0.2607
chr1	1279378	1279379	31	0.1067
chr1	1279393	1279394	38	0.2075
chr1	1279419	1279420	20	0.1935
chr1	1279469	1279470	35	0.2377
chr1	1279486	1279487	30	0.2287
chr1	1279507	1279508	32	0.0785
chr1	1279522	1279523	32	0.2665
chr1	1279555	1279556	26	0.1973
chr1	1279585	1279586	22	0.2572
chr1	1279612	1279613	44	0.1973
chr1	1279662	1279663	20	0.0988
chr1	1279700	1279701	33	0.2679
chr1	1279726	1279727	34	0.2823
chr1	1279747	1279748	25	0.2135
chr1	1279762	1279763	32	0.2603
chr1	1279799	1279800	28	0.1419
chr1	1279838	1279839	22	0.2903
chr1	1279873	1279874	29	0.3047
chr1	1279973	1279974	28	0.1834
chr1	1280053	1280054	26	0.1064
chr1	1280153	1280154	26	0.3605
chr1	1280253	1280254	30	0.1898
chr1	1280345	1280346	22	0.3885
chr1	1280445	1280446	35	0.2107
chr1	1280455	1280456	26	0.9096
chr1	1280505	1280506	32	0.8289
chr1	1280530	1280531	34	0.8488
chr1	1280548	1280549	33	0.9113
chr1	1280573	1280574	29	0.81
chr1	1280596	1280597	32	0.916
chr1	1280611	1280612	32	0.8637
chr1	1280635	1280636	41	0.7663
chr1	1280661	1280662	27	0.8473
chr1	1280690	1280691	26	0.7772
chr1	1280723	1280724	31	0.9177
chr1	1280773	1280774	38	0.8518
chr1	1280808	1280809	26	0.8645
chr1	1280825	1280826	30	0.6492
chr1	1280853	1280854	18	0.7684
chr1	1280868	1280869	26	0.9401
chr1	1280918	1280919	28	0.9485
chr1	1280937	1280938	34	0.7879
chr1	1280942	1280943	33	0.8404
chr1	1281042	1281043	34	0.738
chr1	1281142	1281143	38	0.7067
chr1	1281242	1281243	29	0.9299
chr1	1281342	1281343	35	0.862
chr1	1281374	1281375	32	0.9269
chr1	1281393	1281394	26	0.662
chr1	1281413	1281414	31	0.6926
chr1	1281459	1281460	25	0.8133
chr1	1281509	1281510	33	0.8171
chr1	1281528	1281529	33	0.8886
chr1	1281568	1281569	31	0.7952
chr1	1281588	1281589	28	0.9483
chr1	1281612	1281613	32	0.7193
chr1	1281638	1281639	26	0.8224
chr1	1281678	1281679	28	0.6147
chr1	1281717	1281718	26	0.7198
chr1	1281767	1281768	37	0.817
chr1	1281812	1281813	36	0.5954
chr1	1281832	1281833	19	0.67
chr1	1281873	1281874	28	0.9162
chr1	1281904	1281905	30	0.8385
chr1	1281935	1281936	26	0.6072
chr1	1281940	1281941	31	0.801
chr1	1282029	1282030	37	0.8625
chr1	1282129	1282130	28	0.8347
chr1	1282186	1282187	34	0.7634
chr1	1282286	1282287	26	0.9704
chr1	1282386	1282387	28	0.8258
chr1	1282464	1282465	36	0.8925
chr1	1282474	1282475	33	0.8336
chr1	1282482	1282483	36	0.8469
chr1	1282498	1282499	32	0.8847
chr1	1282524	1282525	28	0.846
chr1	1282574	1282575	32	0.9051
chr1	1282589	1282590	35	1.0
chr1	1282616	1282617	31	0.9331
chr1	1282661	1282662	27	0.849
chr1	1282677	1282678	31	0.9054
chr1	1282706	1282707	26	0.8099
chr1	1282741	1282742	30	0.6365
chr1	1282756	1282757	26	0.706
chr1	1282773	1282774	32	0.8896
chr1	1282792	1282793	19	0.9657
chr1	1282831	1282832	33	0.8978
chr1	1282860	1282861	26	0.8189
chr1	1282912	1282913	29	0.8633
chr1	1283012	1283013	36	0.787
chr1	1283064	1283065	18	0.8013
chr1	1283164	1283165	41	0.6764
chr1	1283188	1283189	33	0.9339
chr1	1283258	1283259	24	0.7451
chr1	1285303	1285304	22	0.2892
chr1	1285335	1285336	25	0.1687
chr1	1285372	1285373	22	0.1046
chr1	1285422	1285423	31	0.21
chr1	1285444	1285445	35	0.2413
chr1	1285473	1285474	27	0.3401
chr1	1285491	1285492	23	0.0759
chr1	1285519	1285520	32	0.1545
chr1	1285534	1285535	37	0.1744
chr1	1285559	1285560	15	0.1109
chr1	1285584	1285585	28	0.2006
chr1	1285634	1285635	29	0.0751
chr1	1285660	1285661	34	0.2844
chr1	1285683	1285684	30	0.1861
chr1	1285700	1285701	30	0.0442
chr1	1285726	1285727	37	0.1057
chr1	1285746	1285747	25	0.098
chr1	1285846	1285847	33	0.2228
chr1	1285931	1285932	27	0.3682
chr1	1286020	1286021	32	0.1118
chr1	1286087	1286088	36	0.0391
chr1	1286187	1286188	35	0.2105
chr1	1286209	1286210	28	0.0199
chr1	1286229	1286230	20	0.8114
chr1	1286267	1286268	24	0.7245
chr1	1286282	1286283	25	0.8671
chr1	1286349	1286350	30	0.8751
chr1	1286367	1286368	25	0.8164
chr1	1286386	1286387	22	0.8828
chr1	1286412	1286413	23	0.788
chr1	1286430	1286431	36	0.9286
chr1	1286448	1286449	31	0.7546
chr1	1286497	1286498	28	0.8692
chr1	1286532	1286533	41	0.6985
chr1	1286562	1286563	43	0.7632
chr1	1286592	1286593	23	0.667
chr1	1286608	1286609	25	0.8235
chr1	1286623	1286624	26	0.8322
chr1	1286723	1286724	29	0.8244
chr1	1286785	1286786	28	0.8027
chr1	1286885	1286886	34	0.7361
chr1	1286985	1286986	29	0.7667
chr1	1286987	1286988	35	0.8731
chr1	1287030	1287031	28	0.6904
chr1	1287080	1287081	25	0.8691
chr1	1287125	1287126	28	0.8194
chr1	1287148	1287149	34	0.6884
chr1	1287198	1287199	31	0.781
chr1	1287248	1287249	34	0.8829
chr1	1287286	1287287	32	0.8649
chr1	1287336	1287337	33	0.9254
chr1	1287356	1287357	33	0.7029
chr1	1287403	1287404	39	0.8478
chr1	1287431	1287432	27	0.722
chr1	1287469	1287470	20	0.8282
chr1	1287491	1287492	19	0.7694
chr1	1287506	1287507	21	0.8164
chr1	1287525	1287526	21	0.9321
chr1	1287540	1287541	24	0.7968
chr1	1287551	1287552	24	0.802
chr1	1287625	1287626	30	0.8286
chr1	1287676	1287677	35	0.882
chr1	1287776	1287777	29	0.7793
chr1	1287876	1287877	33	0.7816
chr1	1287966	1287967	19	0.8902
chr1	1288016	1288017	32	0.7775
chr1	1288028	1288029	29	0.7737
chr1	1288036	1288037	25	0.7988
chr1	1288067	1288068	28	0.5767
chr1	1288087	1288088	35	0.8773
chr1	1288108	1288109	28	0.813
chr1	1288123	1288124	27	0.5731
chr1	1288138	1288139	25	0.6978
chr1	1288168	1288169	27	0.7582
chr1	1288186	1288187	26	0.7622
chr1	1288220	1288221	40	0.706
chr1	1288270	1288271	36	0.4988
chr1	1288312	1288313	32	0.6638
chr1	1288350	1288351	26	0.8093
chr1	1288372	1288373	26	0.5673
chr1	1288389	1288390	31	0.6207
chr1	1288404	1288405	31	0.5555
chr1	1288438	1288439	26	0.7005
chr1	1288466	1288467	31	0.7559
chr1	1288491	1288492	34	0.5913
chr1	1288525	1288526	32	0.8753
chr1	1288555	1288556	22	0.6506
chr1	1288568	1288569	20	0.6986
chr1	1288668	1288669	34	0.7175
chr1	1288720	1288721	26	0.6518
chr1	1288820	1288821	31	0.6961
chr1	1288920	1288921	34	0.6897
chr1	1289020	1289021	28	0.5968
chr1	1289106	1289107	37	0.8247
chr1	1289131	1289132	30	0.6935
chr1	1289176	1289177	32	0.7343
chr1	1289196	1289197	25	0.7089
chr1	1289211	1289212	39	0.5171
chr1	1289251	1289252	32	0.6743
chr1	1289275	1289276	27	0.6102
chr1	1289290	1289291	25	0.7561
chr1	1289305	1289306	32	0.711
chr1	1289324	1289325	37	0.6723
chr1	1289368	1289369	29	0.5857
chr1	1289384	1289385	28	0.709
chr1	1289420	1289421	35	0.7996
chr1	1289449	1289450	28	0.7438
chr1	1289499	1289500	34	0.7909
chr1	1289524	1289525	35	0.687
chr1	1289543	1289544	29	0.5621
chr1	1289579	1289580	22	0.6572
chr1	1289580	1289581	27	0.612
chr1	1289633	1289634	32	0.7823
chr1	1289704	1289705	31	0.8137
chr1	1289758	1289759	29	0.647
chr1	1289858	1289859	31	0.578
chr1	1289958	1289959	34	0.5632
chr1	1289964	1289965	30	0.796
chr1	1290002	1290003	42	0.6438
chr1	1290038	1290039	33	0.7734
chr1	1290062	1290063	28	0.5683
chr1	1290088	1290089	32	0.605
chr1	1290134	1290135	28	0.5724
chr1	1290169	1290170	17	0.6632
chr1	1290208	1290209	24	0.7006
chr1	1290258	1290259	28	0.6734
chr1	1290303	1290304	29	0.6475
chr1	1290353	1290354	23	0.6473
chr1	1290370	1290371	22	0.762
chr1	1290405	1290406	28	0.5419
chr1	1290431	1290432	36	0.406
chr1	1290447	1290448	30	0.6117
chr1	1290489	1290490	31	0.5376
chr1	1290537	1290538	31	0.5209
chr1	1290637	1290638	31	0.4891
chr1	1290737	1290738	36	0.5485
chr1	1290837	1290838	29	0.4778
chr1	1290897	1290898	39	0.6282
chr1	1290975	1290976	34	0.7511
chr1	1291037	1291038	32	0.6735
chr1	1291123	1291124	35	0.665
chr1	1291153	1291154	38	0.6714
chr1	1291168	1291169	30	0.6933
chr1	1291207	1291208	32	0.7971
chr1	1291227	1291228	33	0.8878
chr1	1291249	1291250	37	0.6905
chr1	1291277	1291278	28	0.8266
chr1	1291312	1291313	29	0.7471
chr1	1291341	1291342	22	0.692
chr1	1291367	1291368	40	0.7744
chr1	1291392	1291393	28	0.646
chr1	1291442	1291443	27	0.7311
chr1	1291466	1291467	29	0.7799
chr1	1291516	1291517	22	0.8886
chr1	1291531	1291532	22	0.651
chr1	1291551	1291552	28	0.6851
chr1	1291597	1291598	33	0.8525
chr1	1291627	1291628	35	0.79
chr1	1291649	1291650	31	0.804
chr1	1291699	1291700	30	0.7494
chr1	1291730	1291731	23	0.5703
chr1	1291755	1291756	27	0.797
chr1	1291771	1291772	40	0.6212
chr1	1291787	1291788	26	0.7633
chr1	1291837	1291838	34	0.8455
chr1	1291937	1291938	29	0.7579
chr1	1292037	1292038	34	0.5831
chr1	1292137	1292138	33	0.7422
chr1	1292237	1292238	28	0.7813
chr1	1292326	1292327	38	0.8283
chr1	1292330	1292331	25	0.9221
chr1	1292375	1292376	26	0.1133
chr1	1292413	1292414	29	0.2529
chr1	1292463	1292464	25	0.0
chr1	1292485	1292486	31	0.0682
chr1	1292534	1292535	28	0.1496
chr1	1292562	1292563	24	0.085
chr1	1292594	1292595	33	0.2308
chr1	1292611	1292612	39	0.3122
chr1	1292632	1292633	42	0.1225
chr1	1292678	1292679	22	0.1645
chr1	1292728	1292729	27	0.0673
chr1	1292753	1292754	31	0.1964
chr1	1292800	1292801	24	0.1507
chr1	1292822	1292823	22	0.091
chr1	1292872	1292873	26	0.1471
chr1	1292922	1292923	28	0.0149
chr1	1292929	1292930	24	0.0546
chr1	1292988	1292989	22	0.194
chr1	1293038	1293039	29	0.0242
chr1	1293106	1293107	30	0.059
chr1	1293187	1293188	29	0.1813
chr1	1293250	1293251	28	0.138
chr1	1293350	1293351	33	0.1402
chr1	1293450	1293451	31	0.2106
chr1	1293470	1293471	30	0.1331
chr1	1293472	1293473	39	0.02
chr1	1293518	1293519	27	0.7639
chr1	1293568	1293569	23	0.8001
chr1	1293617	1293618	30	0.7322
chr1	1293666	1293667	25	0.9584
chr1	1293714	1293715	25	0.9112
chr1	1293730	1293731	33	0.7641
chr1	1293745	1293746	23	0.7529
chr1	1293795	1293796	27	0.792
chr1	1293834	1293835	31	0.8413
chr1	1293865	1293866	32	0.9667
chr1	1293880	1293881	30	0.8132
chr1	1293913	1293914	30	0.9997
chr1	1293928	1293929	31	0.9709
chr1	1293943	1293944	32	0.8298
chr1	1293982	1293983	34	0.852
chr1	1293994	1293995	28	0.748
chr1	1294094	1294095	39	0.8246
chr1	1294145	1294146	31	0.6576
chr1	1294208	1294209	26	0.7115
chr1	1294308	1294309	26	0.6605
chr1	1294402	1294403	34	0.8921
chr1	1294440	1294441	32	0.9517
chr1	1294452	1294453	32	0.7664
chr1	1294479	1294480	36	0.6729
chr1	1294499	1294500	43	0.8154
chr1	1294524	1294525	25	0.6753
chr1	1294543	1294544	34	0.7492
chr1	1294580	1294581	22	0.7932
chr1	1294627	1294628	32	0.7258
chr1	1294645	1294646	29	0.5431
chr1	1294678	1294679	27	0.7828
chr1	1294695	1294696	30	0.6731
chr1	1294730	1294731	26	0.6331
chr1	1294746	1294747	35	0.6517
chr1	1294796	1294797	31	0.6946
chr1	1294846	1294847	31	0.6768
chr1	1294868	1294869	32	0.6875
chr1	1294912	1294913	31	0.6398
chr1	1294933	1294934	40	0.8429
chr1	1294987	1294988	31	0.684
chr1	1295064	1295065	22	0.7411
chr1	1295164	1295165	29	0.8231
chr1	1295264	1295265	19	0.6479
chr1	1295364	1295365	37	0.7262
chr1	1295422	1295423	26	0.6427
chr1	1295442	1295443	18	0.8427
chr1	1295477	1295478	28	0.9342
chr1	1295492	1295493	23	0.8589
chr1	1295534	1295535	27	0.8278
chr1	1295553	1295554	22	0.9432
chr1	1295603	1295604	29	0.8009
chr1	1295630	1295631	33	0.9884
chr1	1295645	1295646	35	0.7377
chr1	1295691	1295692	30	0.7939
chr1	1295727	1295728	28	0.9848
chr1	1295763	1295764	30	0.8641
chr1	1295791	1295792	37	0.8156
chr1	1295816	1295817	29	0.7929
chr1	1295837	1295838	26	0.7976
chr1	1295884	1295885	22	0.8576
chr1	1295908	1295909	25	0.8984
chr1	1295912	1295913	32	0.852
chr1	1295969	1295970	31	0.6772
chr1	1296069	1296070	27	0.8162
chr1	1296169	1296170	34	0.8408
chr1	1296226	1296227	33	0.6769
chr1	1296326	1296327	29	0.6611
chr1	1296358	1296359	47	0.7968
chr1	1296366	1296367	31	0.8481
chr1	1296409	1296410	29	0.7524
chr1	1296459	1296460	27	0.7441
chr1	1296509	1296510	34	0.7353
chr1	1296534	1296535	20	0.7434
chr1	1296567	1296568	28	0.8744
chr1	1296592	1296593	24	0.5848
chr1	1296607	1296608	26	0.7625
chr1	1296624	1296625	30	0.7446
chr1	1296639	1296640	15	0.7669
chr1	1296659	1296660	33	0.662
chr1	1296689	1296690	26	0.6287
chr1	1296728	1296729	34	0.5938
chr1	1296757	1296758	26	0.6127
chr1	1296784	1296785	33	0.6907
chr1	1296818	1296819	36	0.5315
chr1	1296844	1296845	35	0.6264
chr1	1296868	1296869	28	0.6071
chr1	1296895	1296896	41	0.7296
chr1	1296915	1296916	26	0.8486
chr1	1296966	1296967	19	0.8914
chr1	1297066	1297067	30	0.7771
chr1	1297116	1297117	26	0.8484
chr1	1297188	1297189	26	0.7365
chr1	1297288	1297289	31	0.7306
chr1	1297388	1297389	35	0.8344
chr1	1297460	1297461	29	0.9297
chr1	1297488	1297489	38	0.8343
chr1	1297500	1297501	31	0.5616
chr1	1297550	1297551	27	0.5866
chr1	1297569	1297570	25	0.361
chr1	1297601	1297602	29	0.6542
chr1	1297625	1297626	32	0.344
chr1	1297643	1297644	30	0.5939
chr1	1297693	1297694	29	0.869
chr1	1297721	1297722	31	1.0
chr1	1297758	1297759	38	1.0
chr1	1297808	1297809	35	0.317
chr1	1297838	1297839	25	0.7852
chr1	1297868	1297869	25	0.5009
chr1	1297902	1297903	21	0.4078
chr1	1297931	1297932	32	0.8746
chr1	1297946	1297947	27	0.362
chr1	1297988	1297989	34	1.0
chr1	1298038	1298039	35	0.5881
chr1	1298138	1298139	29	1.0
chr1	1298238	1298239	27	0.6499
chr1	1298288	1298289	29	0.7812
chr1	1298388	1298389	32	0.344
chr1	1298456	1298457	32	0.5903
