chr	start	end	coverage	methylation_level
chr1	100047	100048	45	0.3819
chr1	100074	100075	49	0.0945
chr1	100089	100090	31	0.1453
chr1	100109	100110	46	0.0159
chr1	100159	100160	43	0.017
chr1	100209	100210	39	0.2214
chr1	100224	100225	42	0.1752
chr1	100268	100269	34	0.1319
chr1	100318	100319	45	0.2292
chr1	100333	100334	35	0.1862
chr1	100359	100360	37	0.2986
chr1	100374	100375	38	0.1558
chr1	100393	100394	43	0.222
chr1	100422	100423	31	0.3379
chr1	100443	100444	38	0.0873
chr1	100471	100472	43	0.2011
chr1	100498	100499	46	0.0546
chr1	100522	100523	40	0.2449
chr1	100540	100541	42	0.2463
chr1	100637	100638	37	0.2718
chr1	100737	100738	35	0.2592
chr1	100813	100814	42	0.0717
chr1	100913	100914	38	0.1463
chr1	101013	101014	40	0.1791
chr1	101051	101052	44	0.1735
chr1	101083	101084	43	0.172
chr1	101120	101121	47	0.398
chr1	101141	101142	44	0.7707
chr1	101160	101161	52	0.4811
chr1	101210	101211	45	0.8977
chr1	101225	101226	34	0.8677
chr1	101246	101247	44	0.4936
chr1	101284	101285	35	1.0
chr1	101334	101335	36	0.8156
chr1	101350	101351	40	0.454
chr1	101386	101387	45	0.5371
chr1	101406	101407	45	1.0
chr1	101456	101457	47	0.5925
chr1	101490	101491	32	0.5991
chr1	101522	101523	43	0.24
chr1	101572	101573	48	0.6386
chr1	101622	101623	45	1.0
chr1	101633	101634	39	0.6656
chr1	101683	101684	40	0.641
chr1	101783	101784	50	1.0
chr1	101883	101884	35	1.0
chr1	101983	101984	39	0.437
chr1	102051	102052	38	0.5765
chr1	102141	102142	43	0.5742
chr1	102215	102216	33	1.0
chr1	102249	102250	43	0.5907
chr1	102277	102278	34	0.7457
chr1	102317	102318	32	0.7546
chr1	102336	102337	40	0.7516
chr1	102386	102387	39	0.7493
chr1	102401	102402	41	0.6364
chr1	102451	102452	36	0.7242
chr1	102501	102502	39	0.7833
chr1	102551	102552	39	0.7363
chr1	102601	102602	42	0.5905
chr1	102628	102629	45	0.8689
chr1	102650	102651	43	0.7069
chr1	102677	102678	37	0.6199
chr1	102777	102778	36	0.6049
chr1	102877	102878	37	0.6073
chr1	102951	102952	34	0.7903
chr1	103051	103052	45	0.8685
chr1	103101	103102	38	0.4979
chr1	103189	103190	44	0.7609
chr1	103198	103199	40	0.6277
chr1	103230	103231	35	0.636
chr1	103280	103281	40	0.7614
chr1	103314	103315	46	0.6927
chr1	103341	103342	33	0.8196
chr1	103384	103385	29	0.6427
chr1	103406	103407	44	0.6664
chr1	103446	103447	40	0.7808
chr1	103470	103471	43	0.841
chr1	103504	103505	38	0.7826
chr1	103535	103536	36	0.6301
chr1	103562	103563	38	0.7757
chr1	103599	103600	46	0.7346
chr1	103629	103630	44	0.5771
chr1	103647	103648	37	0.6033
chr1	103668	103669	36	0.6236
chr1	103768	103769	45	0.8871
chr1	103836	103837	31	0.7219
chr1	103886	103887	44	0.5752
chr1	103986	103987	42	0.8125
chr1	104036	104037	40	0.6564
chr1	104136	104137	44	0.7636
chr1	104176	104177	51	0.7339
chr1	104192	104193	43	0.5682
chr1	104214	104215	53	0.6289
chr1	104382	104383	43	0.5245
chr1	104394	104395	36	0.8168
chr1	104562	104563	36	0.797
chr1	104570	104571	36	0.668
chr1	104594	104595	42	0.8405
chr1	104603	104604	45	0.5967
chr1	104626	104627	49	0.6754
chr1	104672	104673	37	0.6527
chr1	104722	104723	45	0.5381
chr1	104769	104770	46	0.7179
chr1	104793	104794	36	0.6043
chr1	104843	104844	31	0.659
chr1	104868	104869	38	0.6345
chr1	104918	104919	45	0.6396
chr1	104944	104945	38	0.5956
chr1	104981	104982	40	0.6299
chr1	105001	105002	45	0.6906
chr1	105023	105024	35	0.6864
chr1	105054	105055	34	0.6951
chr1	105095	105096	50	0.4236
chr1	105110	105111	40	0.7416
chr1	105127	105128	39	0.8068
chr1	105214	105215	36	0.5553
chr1	105314	105315	37	0.6637
chr1	105366	105367	42	0.4862
chr1	105416	105417	38	0.5612
chr1	105516	105517	36	0.5861
chr1	105605	105606	43	0.6184
chr1	105709	105710	41	0.5774
chr1	105719	105720	43	0.6816
chr1	105769	105770	47	0.6029
chr1	105789	105790	44	0.6962
chr1	105909	105910	40	0.62
chr1	106021	106022	26	0.5734
chr1	106067	106068	41	0.7847
chr1	106096	106097	40	0.8389
chr1	106129	106130	45	0.8391
chr1	106165	106166	37	0.915
chr1	106202	106203	43	0.7343
chr1	106252	106253	39	0.8685
chr1	106267	106268	39	0.8575
chr1	106287	106288	43	0.7458
chr1	106304	106305	38	0.7908
chr1	106340	106341	45	0.8039
chr1	106355	106356	52	0.9663
chr1	106370	106371	44	0.9344
chr1	106397	106398	44	0.7733
chr1	106433	106434	44	0.9384
chr1	106462	106463	41	0.8786
chr1	106498	106499	45	0.9615
chr1	106548	106549	41	0.8357
chr1	106571	106572	37	0.8686
chr1	106575	106576	39	0.9742
chr1	106675	106676	31	1.0
chr1	106775	106776	43	0.8782
chr1	106845	106846	41	0.8733
chr1	106940	106941	42	0.9025
chr1	106990	106991	39	0.8202
chr1	106992	106993	37	0.7899
chr1	107082	107083	34	0.9085
chr1	107091	107092	40	0.6834
chr1	107120	107121	37	0.5213
chr1	107157	107158	40	0.4988
chr1	107181	107182	40	0.61
chr1	107212	107213	35	0.5191
chr1	107262	107263	39	0.6915
chr1	107291	107292	37	0.6582
chr1	107315	107316	34	0.7667
chr1	107340	107341	46	0.6097
chr1	107379	107380	39	0.6797
chr1	107402	107403	37	0.6673
chr1	107429	107430	42	0.6293
chr1	107459	107460	45	0.7552
chr1	107474	107475	30	0.7022
chr1	107524	107525	42	0.6584
chr1	107557	107558	49	0.6679
chr1	107582	107583	37	0.5337
chr1	107598	107599	29	0.6722
chr1	107679	107680	36	0.6687
chr1	107733	107734	52	0.7231
chr1	107824	107825	44	0.7783
chr1	107879	107880	39	0.7147
chr1	107950	107951	36	0.5471
chr1	108033	108034	43	0.6055
chr1	108084	108085	32	0.7471
chr1	108090	108091	37	0.5974
chr1	108118	108119	35	0.5321
chr1	108136	108137	29	0.6686
chr1	108138	108139	37	0.7193
chr1	108172	108173	48	0.5969
chr1	108248	108249	45	0.5717
chr1	108296	108297	50	0.6307
chr1	108305	108306	41	0.8742
chr1	108323	108324	42	0.9076
chr1	108353	108354	38	0.7872
chr1	108380	108381	42	0.8512
chr1	108410	108411	39	0.8487
chr1	108458	108459	33	0.9244
chr1	108477	108478	44	0.7627
chr1	108513	108514	36	0.8624
chr1	108560	108561	44	0.933
chr1	108594	108595	36	0.8448
chr1	108621	108622	36	0.9818
chr1	108643	108644	36	0.8536
chr1	108658	108659	39	0.877
chr1	108674	108675	48	0.8589
chr1	108693	108694	46	0.7532
chr1	108708	108709	35	0.7808
chr1	108736	108737	41	0.62
chr1	108786	108787	41	0.6957
chr1	108886	108887	44	0.9108
chr1	108942	108943	40	0.8915
chr1	109042	109043	41	0.7122
chr1	109142	109143	48	0.9195
chr1	109168	109169	39	0.8756
chr1	109290	109291	37	0.8622
chr1	109380	109381	42	0.7496
chr1	109526	109527	39	0.7443
chr1	109578	109579	29	0.9368
chr1	109621	109622	42	0.7566
chr1	109643	109644	37	0.777
chr1	109658	109659	34	0.7305
chr1	109677	109678	38	0.6347
chr1	109710	109711	42	0.9207
chr1	109746	109747	40	0.768
chr1	109796	109797	35	0.8507
chr1	109811	109812	46	0.7997
chr1	109848	109849	41	0.7218
chr1	109877	109878	37	0.6453
chr1	109893	109894	30	0.6026
chr1	109917	109918	38	0.6018
chr1	109948	109949	34	0.7533
chr1	109967	109968	39	0.7637
chr1	109988	109989	38	0.8582
chr1	110038	110039	39	0.6922
chr1	110081	110082	36	0.8082
chr1	110105	110106	42	0.8454
chr1	110161	110162	37	0.7733
chr1	110230	110231	40	0.6534
chr1	110308	110309	41	0.734
chr1	110364	110365	42	0.7349
chr1	110454	110455	35	0.8489
chr1	110554	110555	47	0.6719
chr1	110604	110605	43	0.6542
chr1	110643	110644	42	0.9929
chr1	110663	110664	43	0.9179
chr1	110706	110707	41	0.8094
chr1	110743	110744	43	0.928
chr1	110793	110794	42	0.9674
chr1	110833	110834	38	0.9224
chr1	110849	110850	34	0.893
chr1	110880	110881	41	1.0
chr1	110918	110919	36	0.9483
chr1	110947	110948	43	0.781
chr1	110969	110970	41	0.9482
chr1	110999	111000	43	0.9092
chr1	111030	111031	42	0.9298
chr1	111065	111066	39	0.8643
chr1	111165	111166	46	0.8406
chr1	111215	111216	40	0.9649
chr1	111315	111316	41	0.8869
chr1	111415	111416	43	0.8576
chr1	111437	111438	46	0.9278
chr1	111469	111470	41	0.9525
chr1	111500	111501	35	0.063
chr1	111516	111517	40	0.2232
chr1	111549	111550	41	0.2279
chr1	111594	111595	41	0.0185
chr1	111637	111638	47	0.1837
chr1	111664	111665	41	0.1776
chr1	111684	111685	43	0.1892
chr1	111707	111708	40	0.1622
chr1	111723	111724	34	0.0103
chr1	111759	111760	48	0.0845
chr1	111797	111798	44	0.0799
chr1	111812	111813	31	0.0667
chr1	111841	111842	53	0.0666
chr1	111857	111858	38	0.0
chr1	111891	111892	42	0.1213
chr1	111908	111909	43	0.0633
chr1	111939	111940	36	0.2007
chr1	111964	111965	41	0.15
chr1	112014	112015	34	0.0859
chr1	112039	112040	40	0.1398
chr1	112089	112090	44	0.1577
chr1	112139	112140	36	0.043
chr1	112208	112209	40	0.0608
chr1	112258	112259	39	0.0954
chr1	112341	112342	41	0.1739
chr1	112441	112442	35	0.0631
chr1	112541	112542	44	0.2346
chr1	112601	112602	43	0.1064
chr1	112627	112628	42	0.7653
chr1	112677	112678	48	0.8486
chr1	112727	112728	38	0.8929
chr1	112777	112778	38	0.8342
chr1	112796	112797	43	0.8244
chr1	112813	112814	32	0.7373
chr1	112829	112830	45	0.9212
chr1	112862	112863	37	0.8353
chr1	112886	112887	34	0.7145
chr1	112917	112918	45	0.7125
chr1	112937	112938	39	0.8674
chr1	112957	112958	45	0.9683
chr1	113003	113004	40	0.9126
chr1	113023	113024	40	0.883
chr1	113050	113051	45	0.7812
chr1	113065	113066	35	0.7918
chr1	113076	113077	39	0.939
chr1	113163	113164	41	0.913
chr1	113263	113264	45	0.9486
chr1	113321	113322	47	0.735
chr1	113415	113416	41	0.7477
chr1	113515	113516	33	0.6953
chr1	113555	113556	34	0.9282
chr1	113591	113592	40	0.8896
chr1	113609	113610	39	0.8753
chr1	113634	113635	40	0.8175
chr1	113666	113667	37	0.8366
chr1	113716	113717	40	0.9307
chr1	113740	113741	47	0.8093
chr1	113758	113759	41	0.8933
chr1	113795	113796	32	0.7404
chr1	113845	113846	37	0.7084
chr1	113862	113863	31	0.878
chr1	113912	113913	37	0.7062
chr1	113962	113963	36	0.8575
chr1	114003	114004	38	0.7038
chr1	114018	114019	36	0.8579
chr1	114035	114036	41	0.741
chr1	114060	114061	40	0.6802
chr1	114076	114077	44	0.9214
chr1	114082	114083	41	0.8175
chr1	114182	114183	42	0.9549
chr1	114282	114283	36	0.8722
chr1	114348	114349	48	0.8824
chr1	114418	114419	39	0.6465
chr1	114481	114482	37	0.7449
chr1	114551	114552	42	0.6597
chr1	114568	114569	33	1.0
chr1	114583	114584	36	0.7834
chr1	114608	114609	42	0.8418
chr1	114630	114631	46	0.8296
chr1	114657	114658	41	0.8709
chr1	114689	114690	45	0.8758
chr1	114727	114728	36	0.8616
chr1	114756	114757	50	0.9075
chr1	114792	114793	45	0.9642
chr1	114813	114814	38	0.6799
chr1	114845	114846	33	0.7545
chr1	114889	114890	35	0.8586
chr1	114934	114935	44	0.9117
chr1	114953	114954	39	0.9261
chr1	114984	114985	36	0.9011
chr1	115010	115011	37	0.9409
chr1	115032	115033	37	0.8314
chr1	115036	115037	36	0.8243
chr1	115136	115137	48	0.917
chr1	115236	115237	38	0.8692
chr1	115336	115337	39	0.9087
chr1	115436	115437	36	0.9311
chr1	115486	115487	27	0.9471
chr1	115558	115559	42	0.8598
chr1	115579	115580	38	0.7423
chr1	115594	115595	44	0.8704
chr1	115628	115629	37	0.9948
chr1	115678	115679	50	0.8185
chr1	115696	115697	45	0.8883
chr1	115746	115747	36	0.9001
chr1	115796	115797	38	0.8223
chr1	115835	115836	46	0.925
chr1	115873	115874	49	0.9461
chr1	115900	115901	39	0.7678
chr1	115943	115944	39	0.8373
chr1	115962	115963	38	0.8711
chr1	116012	116013	37	0.9379
chr1	116044	116045	44	0.9532
chr1	116105	116106	35	0.9735
chr1	116165	116166	33	0.7426
chr1	116265	116266	38	0.8534
chr1	116333	116334	37	0.7996
chr1	116383	116384	30	0.8162
chr1	116445	116446	37	0.8273
chr1	116495	116496	36	0.7062
chr1	116561	116562	40	0.8601
chr1	116563	116564	32	0.9102
chr1	116578	116579	39	0.9858
chr1	116619	116620	40	0.9018
chr1	116659	116660	38	0.65
chr1	116689	116690	39	0.8257
chr1	116739	116740	42	0.9586
chr1	116789	116790	45	0.7625
chr1	116812	116813	44	0.4401
chr1	116832	116833	46	0.5395
chr1	116867	116868	38	0.6199
chr1	116917	116918	40	0.9136
chr1	116963	116964	44	0.8535
chr1	116995	116996	32	0.5853
chr1	117022	117023	35	0.974
chr1	117038	117039	38	0.934
chr1	117052	117053	36	0.9848
chr1	117152	117153	37	0.5655
chr1	117226	117227	35	0.7603
chr1	117276	117277	39	0.8564
chr1	117326	117327	37	0.9058
chr1	117376	117377	38	0.9248
chr1	117476	117477	33	0.6267
chr1	117563	117564	30	0.992
chr1	117581	117582	38	0.68
chr1	117613	117614	41	0.2908
chr1	117640	117641	30	0.0674
chr1	117688	117689	43	0.1785
chr1	117709	117710	39	0.0181
chr1	117736	117737	31	0.0903
chr1	117786	117787	41	0.2218
chr1	117803	117804	35	0.1913
chr1	117824	117825	38	0.0619
chr1	117849	117850	36	0.0819
chr1	117887	117888	33	0.0574
chr1	117937	117938	48	0.1132
chr1	117987	117988	41	0.0513
chr1	118026	118027	37	0.0767
chr1	118040	118041	44	0.0909
chr1	118140	118141	33	0.057
chr1	118222	118223	45	0.1103
chr1	118322	118323	38	0.0
chr1	118422	118423	42	0.1156
chr1	118472	118473	46	0.0885
chr1	118542	118543	43	0.1747
chr1	118568	118569	33	0.8579
chr1	118612	118613	38	0.9184
chr1	118627	118628	41	0.8025
chr1	118664	118665	39	0.7909
chr1	118701	118702	41	0.9126
chr1	118729	118730	36	0.8443
chr1	118779	118780	40	0.6493
chr1	118819	118820	43	0.8734
chr1	118845	118846	42	0.7552
chr1	118895	118896	39	0.7709
chr1	118929	118930	34	0.7002
chr1	118979	118980	40	0.7011
chr1	119029	119030	35	0.6335
chr1	119049	119050	35	0.7079
chr1	119064	119065	46	0.7974
chr1	119081	119082	30	0.8541
chr1	119103	119104	38	0.7731
chr1	119128	119129	45	0.7684
chr1	119163	119164	44	0.9165
chr1	119213	119214	39	0.7362
chr1	119307	119308	34	0.8024
chr1	119405	119406	35	0.6542
chr1	119505	119506	41	0.8315
chr1	119605	119606	41	0.7299
chr1	119656	119657	43	0.7643
chr1	119718	119719	37	0.7592
chr1	119726	119727	33	0.8441
chr1	119774	119775	41	0.6363
chr1	119809	119810	29	0.1356
chr1	119832	119833	34	0.1514
chr1	119880	119881	43	0.2798
chr1	119917	119918	39	0.1013
chr1	119945	119946	35	0.0
chr1	119976	119977	33	0.1172
chr1	120026	120027	39	0.1229
chr1	120045	120046	38	0.1525
chr1	120092	120093	40	0.1676
chr1	120137	120138	43	0.0761
chr1	120152	120153	37	0.1383
chr1	120191	120192	43	0.149
chr1	120212	120213	43	0.0682
chr1	120243	120244	34	0.1803
chr1	120261	120262	39	0.0444
chr1	120288	120289	43	0.1501
chr1	120307	120308	42	0.1141
chr1	120407	120408	32	0.2051
chr1	120496	120497	38	0.1236
chr1	120557	120558	37	0.0361
chr1	120657	120658	46	0.0203
chr1	120720	120721	42	0.2457
chr1	120744	120745	37	0.0901
chr1	120788	120789	34	0.1219
chr1	120794	120795	44	0.8666
chr1	120828	120829	45	0.7672
chr1	120846	120847	51	0.8373
chr1	120862	120863	53	0.8964
chr1	120907	120908	36	0.7113
chr1	120957	120958	40	1.0
chr1	120991	120992	45	0.8182
chr1	121008	121009	41	0.6784
chr1	121023	121024	33	0.7969
chr1	121058	121059	40	0.9266
chr1	121101	121102	43	0.8743
chr1	121116	121117	38	0.9034
chr1	121153	121154	35	0.9145
chr1	121155	121156	31	0.9772
chr1	121255	121256	35	0.9747
chr1	121317	121318	34	0.7782
chr1	121394	121395	42	0.7988
chr1	121494	121495	45	0.8038
chr1	121600	121601	37	0.8538
chr1	121670	121671	45	0.8693
chr1	121738	121739	49	0.8928
chr1	121744	121745	23	0.8223
chr1	121912	121913	37	0.8432
chr1	121958	121959	34	0.3123
chr1	121988	121989	34	0.2182
chr1	122018	122019	47	0.1665
chr1	122038	122039	47	0.2417
chr1	122056	122057	43	0.2903
chr1	122082	122083	39	0.2416
chr1	122107	122108	41	0.2508
chr1	122133	122134	42	0.2816
chr1	122149	122150	42	0.0664
chr1	122170	122171	46	0.1344
chr1	122214	122215	39	0.274
chr1	122234	122235	40	0.3073
chr1	122262	122263	40	0.1806
chr1	122308	122309	34	0.1267
chr1	122323	122324	44	0.3234
chr1	122373	122374	45	0.2505
chr1	122396	122397	37	0.0828
chr1	122496	122497	34	0.2858
chr1	122596	122597	45	0.2888
chr1	122646	122647	48	0.0843
chr1	122696	122697	45	0.2854
chr1	122796	122797	45	0.2233
chr1	122808	122809	39	0.2229
chr1	122866	122867	44	0.129
chr1	122893	122894	35	0.0549
chr1	122908	122909	29	0.1699
chr1	122958	122959	38	0.0658
chr1	123008	123009	40	0.093
chr1	123037	123038	30	0.18
chr1	123072	123073	41	0.1545
chr1	123119	123120	32	0.205
chr1	123140	123141	43	0.1698
chr1	123165	123166	38	0.0671
chr1	123205	123206	45	0.0836
chr1	123241	123242	39	0.0602
chr1	123259	123260	48	0.0869
chr1	123285	123286	37	0.0
chr1	123335	123336	38	0.0459
chr1	123350	123351	40	0.0862
chr1	123389	123390	41	0.0328
chr1	123419	123420	42	0.0684
chr1	123509	123510	47	0.1054
chr1	123609	123610	40	0.0787
chr1	123709	123710	38	0.2113
chr1	123809	123810	39	0.0
chr1	123909	123910	42	0.0245
chr1	124005	124006	48	0.129
chr1	124015	124016	44	0.8579
chr1	124061	124062	43	0.632
chr1	124092	124093	28	0.7238
chr1	124115	124116	34	0.6692
chr1	124163	124164	30	0.6596
chr1	124182	124183	34	0.8056
chr1	124209	124210	39	0.7628
chr1	124235	124236	35	0.9285
chr1	124258	124259	37	0.9256
chr1	124288	124289	42	0.7456
chr1	124332	124333	37	0.8934
chr1	124372	124373	43	0.8486
chr1	124410	124411	35	0.8892
chr1	124431	124432	41	0.814
chr1	124474	124475	43	0.8322
chr1	124500	124501	40	0.8413
chr1	124598	124599	37	0.7607
chr1	124698	124699	44	0.7156
chr1	124798	124799	41	0.6338
chr1	124848	124849	48	0.6541
chr1	124948	124949	40	0.6376
chr1	125002	125003	40	0.6367
chr1	125032	125033	52	0.7923
chr1	125088	125089	42	0.7769
chr1	125310	125311	43	0.8154
chr1	125392	125393	40	0.6979
chr1	125402	125403	43	0.7258
chr1	125417	125418	34	0.7763
chr1	125436	125437	42	0.6969
chr1	125460	125461	45	0.838
chr1	125491	125492	48	0.7323
chr1	125515	125516	38	0.7915
chr1	125565	125566	37	0.746
chr1	125586	125587	34	0.5789
chr1	125636	125637	49	0.6293
chr1	125652	125653	37	0.6655
chr1	125678	125679	44	0.5797
chr1	125728	125729	45	0.6076
chr1	125753	125754	39	0.7175
chr1	125782	125783	52	0.7092
chr1	125832	125833	43	0.7921
chr1	125855	125856	45	0.8261
chr1	125901	125902	36	0.6856
chr1	125924	125925	39	0.7264
chr1	125946	125947	38	0.7817
chr1	125970	125971	48	0.8812
chr1	125996	125997	37	0.5899
chr1	126096	126097	45	0.6906
chr1	126158	126159	34	0.6493
chr1	126253	126254	39	0.8054
chr1	126353	126354	40	0.7677
chr1	126407	126408	44	0.6176
chr1	126457	126458	34	0.6318
chr1	126557	126558	37	0.6639
chr1	126699	126700	41	0.6839
chr1	126763	126764	33	0.6125
chr1	126773	126774	44	0.6755
chr1	126779	126780	45	0.8223
chr1	126807	126808	43	0.6397
chr1	126825	126826	38	0.6763
chr1	126835	126836	32	0.6115
chr1	126907	126908	41	0.5687
chr1	126917	126918	45	0.6842
chr1	126940	126941	36	0.1184
chr1	126970	126971	50	0.0482
chr1	127006	127007	37	0.08
chr1	127029	127030	38	0.2054
chr1	127044	127045	46	0.0632
chr1	127084	127085	41	0.0
chr1	127105	127106	36	0.0934
chr1	127121	127122	40	0.1425
chr1	127143	127144	37	0.1066
chr1	127193	127194	35	0.0702
chr1	127212	127213	32	0.0163
chr1	127233	127234	37	0.0208
chr1	127248	127249	41	0.0
chr1	127297	127298	31	0.1463
chr1	127325	127326	38	0.0751
chr1	127364	127365	39	0.1601
chr1	127391	127392	47	0.1565
chr1	127420	127421	38	0.0212
chr1	127456	127457	43	0.1091
chr1	127473	127474	36	0.03
chr1	127573	127574	50	0.0
chr1	127673	127674	34	0.0938
chr1	127773	127774	33	0.0931
chr1	127873	127874	36	0.2214
chr1	127967	127968	39	0.1253
chr1	127973	127974	44	0.1177
chr1	128025	128026	41	0.1728
chr1	128037	128038	48	0.6152
chr1	128058	128059	38	0.6409
chr1	128080	128081	39	0.6824
chr1	128110	128111	36	0.8274
chr1	128160	128161	41	0.8284
chr1	128184	128185	40	0.6621
chr1	128229	128230	41	0.6174
chr1	128279	128280	38	0.5038
chr1	128313	128314	42	0.6297
chr1	128363	128364	28	0.5947
chr1	128380	128381	33	0.6829
chr1	128430	128431	45	0.6818
chr1	128479	128480	39	0.6495
chr1	128507	128508	43	0.4822
chr1	128557	128558	42	0.657
chr1	128586	128587	53	0.5957
chr1	128590	128591	40	0.8387
chr1	128690	128691	41	0.6958
chr1	128760	128761	43	0.5972
chr1	128842	128843	37	0.7343
chr1	128892	128893	37	0.8504
chr1	128992	128993	38	0.808
chr1	129048	129049	34	0.6749
chr1	129066	129067	40	0.6808
chr1	129094	129095	35	0.7132
chr1	129099	129100	40	0.8423
chr1	129149	129150	41	0.8548
chr1	129188	129189	39	0.8527
chr1	129210	129211	37	0.8482
chr1	129238	129239	42	0.8099
chr1	129274	129275	36	0.6699
chr1	129306	129307	34	0.8182
chr1	129356	129357	44	0.7222
chr1	129406	129407	43	0.7552
chr1	129456	129457	47	0.7119
chr1	129503	129504	44	0.7189
chr1	129535	129536	39	0.6638
chr1	129550	129551	34	0.7877
chr1	129600	129601	44	0.6296
chr1	129647	129648	49	0.8209
chr1	129658	129659	38	0.7847
chr1	129708	129709	46	0.698
chr1	129782	129783	31	0.7332
chr1	129882	129883	35	0.8463
chr1	129982	129983	39	0.7925
chr1	130056	130057	37	0.8371
chr1	130108	130109	49	0.7424
chr1	130161	130162	26	0.7634
chr1	130165	130166	43	0.6966
chr1	130309	130310	43	0.8075
chr1	130459	130460	45	0.7697
chr1	130471	130472	38	0.6854
chr1	130555	130556	43	0.6728
chr1	130595	130596	35	0.7707
chr1	130609	130610	45	0.9161
chr1	130637	130638	40	0.8974
chr1	130653	130654	34	0.7519
chr1	130659	130660	37	0.6673
chr1	130665	130666	37	0.9539
chr1	130690	130691	42	0.828
chr1	130720	130721	38	0.8461
chr1	130736	130737	37	0.8172
chr1	130786	130787	41	0.8932
chr1	130836	130837	43	0.8494
chr1	130851	130852	39	0.8249
chr1	130881	130882	47	0.6737
chr1	130931	130932	35	0.8599
chr1	130946	130947	41	0.6817
chr1	130968	130969	39	0.8031
chr1	131010	131011	37	0.6711
chr1	131037	131038	35	0.9762
chr1	131087	131088	48	0.738
chr1	131098	131099	35	0.787
chr1	131198	131199	40	0.6635
chr1	131298	131299	38	0.8368
chr1	131398	131399	33	0.8528
chr1	131471	131472	37	0.8783
chr1	131521	131522	37	0.7596
chr1	131635	131636	36	0.7604
chr1	131679	131680	48	0.734
chr1	131695	131696	38	0.943
chr1	131707	131708	38	0.8229
chr1	131797	131798	44	0.8289
chr1	131847	131848	47	0.8372
chr1	131955	131956	39	0.8883
chr1	131971	131972	40	0.8245
chr1	132020	132021	45	0.2351
chr1	132053	132054	42	0.1342
chr1	132076	132077	45	0.1273
chr1	132104	132105	40	0.1245
chr1	132135	132136	39	0.0862
chr1	132185	132186	36	0.1028
chr1	132224	132225	43	0.1462
chr1	132246	132247	46	0.1258
chr1	132296	132297	32	0.0938
chr1	132346	132347	45	0.1954
chr1	132361	132362	29	0.2723
chr1	132396	132397	38	0.0922
chr1	132416	132417	37	0.1577
chr1	132436	132437	39	0.2045
chr1	132486	132487	41	0.0617
chr1	132586	132587	37	0.1177
chr1	132686	132687	32	0.0
chr1	132782	132783	46	0.0776
chr1	132841	132842	40	0.0724
chr1	132843	132844	36	0.277
chr1	132881	132882	32	0.8021
chr1	132900	132901	31	0.6443
chr1	132920	132921	44	0.9014
chr1	132964	132965	43	0.6335
chr1	132980	132981	32	0.6382
chr1	133010	133011	48	0.7401
chr1	133026	133027	37	0.7532
chr1	133076	133077	32	0.8391
chr1	133105	133106	38	0.6904
chr1	133155	133156	36	0.6703
chr1	133175	133176	33	0.6069
chr1	133200	133201	44	0.7633
chr1	133220	133221	42	0.884
chr1	133248	133249	44	0.7444
chr1	133270	133271	38	0.6734
chr1	133320	133321	35	0.6124
chr1	133336	133337	44	0.8494
chr1	133436	133437	47	0.8299
chr1	133486	133487	34	0.789
chr1	133586	133587	43	0.6997
chr1	133686	133687	35	0.6605
chr1	133782	133783	42	0.7854
chr1	133872	133873	36	0.6236
chr1	133894	133895	46	0.8498
chr1	133944	133945	42	0.9125
chr1	133970	133971	46	0.83
chr1	134011	134012	42	0.9603
chr1	134026	134027	31	0.6642
chr1	134060	134061	42	0.8111
chr1	134110	134111	37	0.9027
chr1	134132	134133	35	0.712
chr1	134169	134170	38	0.8576
chr1	134219	134220	41	0.8098
chr1	134250	134251	35	0.7168
chr1	134290	134291	29	0.9172
chr1	134310	134311	35	0.7791
chr1	134373	134374	38	0.8702
chr1	134473	134474	41	0.7771
chr1	134535	134536	33	0.7826
chr1	134635	134636	27	0.7114
chr1	134707	134708	43	0.7916
chr1	134725	134726	46	1.0
chr1	134775	134776	37	0.7558
chr1	134790	134791	42	0.2543
chr1	134840	134841	39	0.9744
chr1	134881	134882	42	0.6334
chr1	134901	134902	45	0.317
chr1	134923	134924	45	0.637
chr1	134945	134946	38	1.0
chr1	134968	134969	41	0.7718
chr1	134995	134996	40	1.0
chr1	135038	135039	43	1.0
chr1	135061	135062	30	0.6001
chr1	135111	135112	41	0.7553
chr1	135152	135153	52	0.9944
chr1	135196	135197	35	0.8108
chr1	135218	135219	33	0.5178
chr1	135304	135305	42	1.0
chr1	135404	135405	40	0.207
chr1	135504	135505	39	0.654
chr1	135604	135605	35	0.4218
chr1	135654	135655	44	0.3008
chr1	135722	135723	46	0.143
chr1	135743	135744	38	0.9521
chr1	135774	135775	37	0.8404
chr1	135800	135801	39	0.8962
chr1	135830	135831	44	0.9622
chr1	135867	135868	36	0.7253
chr1	135907	135908	33	1.0
chr1	135922	135923	43	0.8979
chr1	135964	135965	44	0.8713
chr1	135980	135981	38	1.0
chr1	136030	136031	42	0.8468
chr1	136067	136068	39	0.9348
chr1	136101	136102	48	0.9294
chr1	136127	136128	43	0.9321
chr1	136169	136170	38	0.65
chr1	136184	136185	47	0.9242
chr1	136207	136208	36	0.9863
chr1	136247	136248	39	0.9681
chr1	136284	136285	38	0.8054
chr1	136312	136313	37	0.7486
chr1	136327	136328	45	0.8312
chr1	136427	136428	34	0.7364
chr1	136527	136528	50	1.0
chr1	136627	136628	40	0.8277
chr1	136727	136728	46	0.8295
chr1	136827	136828	32	0.8418
chr1	136837	136838	44	0.9201
chr1	136858	136859	41	0.827
chr1	136873	136874	27	0.8679
chr1	136918	136919	46	0.7537
chr1	136938	136939	40	0.7763
chr1	136953	136954	42	0.7141
chr1	137003	137004	46	0.9546
chr1	137053	137054	36	0.6943
chr1	137076	137077	44	0.6301
chr1	137106	137107	32	0.7491
chr1	137123	137124	43	0.8557
chr1	137151	137152	35	0.7647
chr1	137168	137169	44	0.8142
chr1	137186	137187	36	0.6668
chr1	137216	137217	36	0.676
chr1	137240	137241	40	0.8149
chr1	137280	137281	47	0.6367
chr1	137309	137310	49	0.8255
chr1	137342	137343	35	0.821
chr1	137366	137367	30	0.8602
chr1	137401	137402	42	0.8625
chr1	137498	137499	31	0.623
chr1	137548	137549	45	0.647
chr1	137634	137635	46	0.8388
chr1	137734	137735	40	0.7275
chr1	137834	137835	44	0.6188
chr1	137934	137935	37	0.8079
chr1	137958	137959	40	0.5404
chr1	138002	138003	43	0.8074
chr1	138022	138023	46	0.6882
chr1	138072	138073	40	0.6226
chr1	138096	138097	45	0.6361
chr1	138131	138132	45	0.5664
chr1	138170	138171	46	0.658
chr1	138220	138221	45	0.6239
chr1	138246	138247	38	0.5303
chr1	138296	138297	41	0.6004
chr1	138325	138326	37	0.5179
chr1	138375	138376	41	0.5774
chr1	138425	138426	38	0.5505
chr1	138444	138445	43	0.4579
chr1	138544	138545	41	0.6728
chr1	138644	138645	42	0.5791
chr1	138694	138695	38	0.5222
chr1	138771	138772	40	0.6035
chr1	138865	138866	36	0.7183
chr1	138911	138912	44	0.4132
chr1	138945	138946	49	0.6228
chr1	138968	138969	38	0.6197
chr1	139018	139019	41	0.5728
chr1	139065	139066	46	0.6943
chr1	139084	139085	45	0.8329
chr1	139129	139130	40	0.7479
chr1	139149	139150	32	0.5963
chr1	139174	139175	39	0.6744
chr1	139218	139219	42	0.7083
chr1	139268	139269	38	0.4876
chr1	139305	139306	43	0.613
chr1	139338	139339	42	0.5857
chr1	139361	139362	32	0.8154
chr1	139399	139400	42	0.6723
chr1	139400	139401	36	0.5533
chr1	139500	139501	39	0.6576
chr1	139552	139553	45	0.5614
chr1	139610	139611	43	0.6267
chr1	139710	139711	34	0.7116
chr1	139810	139811	39	0.6939
chr1	139842	139843	34	0.688
chr1	139906	139907	43	0.4761
chr1	139944	139945	41	0.8739
chr1	139959	139960	37	0.8173
chr1	139990	139991	43	0.9054
chr1	140006	140007	35	1.0
chr1	140056	140057	41	0.9926
chr1	140086	140087	39	0.9506
chr1	140105	140106	36	0.8725
chr1	140120	140121	29	0.916
chr1	140170	140171	43	0.9464
chr1	140196	140197	44	0.9807
chr1	140220	140221	39	0.9362
chr1	140242	140243	34	0.8638
chr1	140278	140279	38	0.8355
chr1	140312	140313	39	0.8937
chr1	140362	140363	37	1.0
chr1	140399	140400	42	0.9286
chr1	140418	140419	45	0.8278
chr1	140518	140519	34	0.9773
chr1	140593	140594	35	0.9102
chr1	140681	140682	38	0.8342
chr1	140781	140782	42	1.0
chr1	140881	140882	40	0.8038
chr1	140975	140976	34	0.8101
chr1	140979	140980	31	0.87
chr1	140986	140987	40	0.615
chr1	141011	141012	33	0.8994
chr1	141059	141060	37	1.0
chr1	141074	141075	30	0.9305
chr1	141112	141113	51	0.9183
chr1	141162	141163	44	0.8364
chr1	141211	141212	43	0.7103
chr1	141240	141241	35	0.8957
chr1	141255	141256	40	0.8697
chr1	141270	141271	34	0.899
chr1	141289	141290	34	0.799
chr1	141322	141323	36	0.9879
chr1	141339	141340	41	0.8273
chr1	141374	141375	43	0.8255
chr1	141389	141390	39	0.9364
chr1	141416	141417	41	0.7541
chr1	141441	141442	35	0.8056
chr1	141474	141475	43	0.853
chr1	141524	141525	33	0.8027
chr1	141534	141535	50	0.8811
chr1	141599	141600	51	0.8889
chr1	141699	141700	41	0.9963
chr1	141799	141800	36	0.8948
chr1	141853	141854	30	0.8871
chr1	141953	141954	37	0.844
chr1	142053	142054	43	0.8842
chr1	142129	142130	34	0.9195
chr1	142217	142218	44	0.6819
chr1	142219	142220	40	0.8308
chr1	142287	142288	46	0.6882
chr1	142297	142298	36	0.6496
chr1	142329	142330	33	0.8791
chr1	142497	142498	31	0.8141
chr1	142527	142528	38	0.8525
chr1	142545	142546	41	0.8192
chr1	142559	142560	48	0.7315
chr1	142597	142598	41	0.7734
chr1	142623	142624	52	0.6297
chr1	142673	142674	46	0.6821
chr1	142704	142705	39	0.756
chr1	142725	142726	39	0.7809
chr1	142745	142746	45	0.7721
chr1	142760	142761	45	0.8178
chr1	142775	142776	39	0.7116
chr1	142803	142804	41	0.7565
chr1	142818	142819	41	0.664
chr1	142833	142834	39	0.7292
chr1	142883	142884	41	0.6487
chr1	142898	142899	34	0.7083
chr1	142921	142922	46	0.7523
chr1	142965	142966	39	0.699
chr1	143065	143066	33	0.7738
chr1	143116	143117	40	0.8541
chr1	143207	143208	42	0.8626
chr1	143257	143258	40	0.8671
chr1	143307	143308	45	0.794
chr1	143325	143326	37	0.6764
chr1	143350	143351	40	0.981
chr1	143375	143376	41	0.5182
chr1	143390	143391	53	0.7231
chr1	143438	143439	32	0.7475
chr1	143459	143460	40	0.7111
chr1	143509	143510	48	0.5609
chr1	143535	143536	43	0.8787
chr1	143561	143562	42	0.6142
chr1	143611	143612	47	0.6798
chr1	143647	143648	44	0.7285
chr1	143662	143663	36	0.6115
chr1	143712	143713	34	0.6139
chr1	143762	143763	41	0.8725
chr1	143809	143810	43	0.6555
chr1	143845	143846	29	0.7332
chr1	143923	143924	41	0.6538
chr1	144013	144014	42	0.7411
chr1	144113	144114	41	0.8356
chr1	144213	144214	37	0.7065
chr1	144313	144314	39	0.8643
chr1	144391	144392	37	0.741
chr1	144409	144410	45	0.8149
chr1	145672	145673	38	0.9418
chr1	145709	145710	41	0.8747
chr1	145727	145728	42	0.9162
chr1	145757	145758	34	0.9121
chr1	145807	145808	41	0.8552
chr1	145856	145857	46	0.889
chr1	145880	145881	34	0.7806
chr1	145930	145931	38	0.9429
chr1	145952	145953	41	0.8601
chr1	145973	145974	38	0.8645
chr1	146011	146012	43	1.0
chr1	146026	146027	35	0.8999
chr1	146073	146074	29	0.7637
chr1	146091	146092	45	0.7708
chr1	146109	146110	29	0.8391
chr1	146159	146160	44	0.692
chr1	146180	146181	41	0.863
chr1	146197	146198	48	0.7633
chr1	146212	146213	36	0.9213
chr1	146233	146234	41	1.0
chr1	146273	146274	35	0.9453
chr1	146302	146303	42	0.9016
chr1	146365	146366	36	0.839
chr1	146421	146422	38	0.9877
chr1	146521	146522	38	0.8379
chr1	146621	146622	34	0.922
chr1	146721	146722	48	0.7059
chr1	146821	146822	39	0.9916
chr1	146904	146905	32	0.7435
chr1	146968	146969	43	0.8798
chr1	147010	147011	38	0.7054
chr1	147049	147050	46	0.6882
chr1	147064	147065	33	0.7277
chr1	147106	147107	47	0.8185
chr1	147126	147127	45	0.7976
chr1	147160	147161	37	0.8837
chr1	147179	147180	45	0.771
chr1	147203	147204	42	0.7427
chr1	147250	147251	45	0.89
chr1	147265	147266	34	0.8645
chr1	147301	147302	43	0.5839
chr1	147336	147337	30	0.6095
chr1	147386	147387	41	0.6996
chr1	147417	147418	42	0.5726
chr1	147456	147457	35	0.5312
chr1	147479	147480	37	0.6106
chr1	147579	147580	43	0.959
chr1	147641	147642	45	0.7718
chr1	147741	147742	41	0.7871
chr1	147841	147842	37	0.8425
chr1	147941	147942	26	0.6077
chr1	148025	148026	32	0.7993
chr1	148035	148036	43	0.7784
chr1	148052	148053	35	0.7764
chr1	148067	148068	33	0.6476
chr1	148098	148099	34	0.7407
chr1	148124	148125	44	0.5904
chr1	148174	148175	41	0.6735
chr1	148206	148207	39	0.585
chr1	148236	148237	41	0.6467
chr1	148256	148257	43	0.7774
chr1	148272	148273	43	0.5866
chr1	148315	148316	40	0.6358
chr1	148346	148347	41	0.7713
chr1	148383	148384	38	0.692
chr1	148398	148399	42	0.7537
chr1	148419	148420	41	0.7956
chr1	148469	148470	37	0.8658
chr1	148487	148488	41	0.7434
chr1	148504	148505	39	0.7615
chr1	148554	148555	54	0.7664
chr1	148580	148581	38	0.7357
chr1	148613	148614	39	0.5901
chr1	148639	148640	44	0.8355
chr1	148689	148690	40	0.8099
chr1	148789	148790	43	0.7892
chr1	148880	148881	46	0.8104
chr1	148980	148981	44	0.799
chr1	149030	149031	47	0.7091
chr1	149088	149089	43	0.6606
chr1	149154	149155	34	0.8218
chr1	149180	149181	39	0.7257
chr1	149250	149251	45	0.8568
chr1	149302	149303	47	0.7748
chr1	149308	149309	44	0.8756
chr1	149442	149443	47	0.6395
chr1	149622	149623	42	0.6221
chr1	149667	149668	37	0.857
chr1	149694	149695	39	0.8308
chr1	149717	149718	38	0.7958
chr1	149746	149747	31	0.8234
chr1	149763	149764	39	0.833
chr1	149778	149779	45	0.928
chr1	149808	149809	53	0.902
chr1	149848	149849	38	0.9146
chr1	149898	149899	34	1.0
chr1	149914	149915	37	0.8515
chr1	149946	149947	31	0.9242
chr1	149962	149963	50	0.8089
chr1	150012	150013	45	0.8231
chr1	150039	150040	49	0.8467
chr1	150068	150069	42	0.9588
chr1	150087	150088	36	0.9552
chr1	150125	150126	38	0.8851
chr1	150150	150151	30	0.8536
chr1	150164	150165	42	0.931
chr1	150264	150265	41	0.9088
chr1	150364	150365	51	0.8709
chr1	150462	150463	45	0.8968
chr1	150537	150538	33	0.9671
chr1	150637	150638	41	0.8574
chr1	150661	150662	44	0.8029
chr1	150667	150668	37	0.8382
chr1	150699	150700	34	0.7775
chr1	150732	150733	40	0.7234
chr1	150782	150783	48	0.8675
chr1	150830	150831	45	0.8367
chr1	150856	150857	40	0.705
chr1	150883	150884	40	0.8307
chr1	150899	150900	33	0.9658
chr1	150933	150934	40	0.8542
chr1	150956	150957	37	0.6997
chr1	151006	151007	35	0.7193
chr1	151056	151057	37	0.7232
chr1	151091	151092	36	0.8042
chr1	151116	151117	36	0.6901
chr1	151139	151140	39	0.9004
chr1	151173	151174	35	0.7443
chr1	151210	151211	42	0.7505
chr1	151232	151233	37	0.8132
chr1	151317	151318	36	0.7068
chr1	151417	151418	36	0.783
chr1	151481	151482	49	0.8338
chr1	151549	151550	33	0.8475
chr1	151643	151644	42	0.6309
chr1	151743	151744	43	0.8357
chr1	151801	151802	36	0.7321
chr1	151827	151828	30	0.8222
chr1	152053	152054	43	0.8279
chr1	152067	152068	31	0.6839
chr1	152109	152110	40	0.6075
chr1	152145	152146	36	0.7964
chr1	152229	152230	52	0.617
chr1	153298	153299	34	0.3126
chr1	153320	153321	36	0.376
chr1	153355	153356	43	0.2823
chr1	153373	153374	37	0.1647
chr1	153423	153424	46	0.3037
chr1	153470	153471	35	0.0742
chr1	153485	153486	36	0.3149
chr1	153500	153501	33	0.1508
chr1	153530	153531	43	0.2508
chr1	153580	153581	35	0.2259
chr1	153626	153627	27	0.1666
chr1	153666	153667	37	0.127
chr1	153709	153710	48	0.1062
chr1	153732	153733	36	0.2178
chr1	153747	153748	38	0.3351
chr1	153794	153795	28	0.252
chr1	153810	153811	47	0.2732
chr1	153845	153846	42	0.3572
chr1	153945	153946	43	0.0479
chr1	154045	154046	41	0.2452
chr1	154117	154118	34	0.0726
chr1	154176	154177	38	0.1934
chr1	154269	154270	39	0.2101
chr1	154367	154368	41	0.1735
chr1	154407	154408	43	0.2434
chr1	154447	154448	32	0.201
chr1	154461	154462	47	0.4289
chr1	154623	154624	41	0.3004
chr1	154769	154770	39	0.3092
chr1	154783	154784	41	0.1978
chr1	154859	154860	46	0.2308
chr1	154875	154876	36	0.4756
chr1	154911	154912	36	0.4285
chr1	154936	154937	30	0.6343
chr1	154976	154977	38	0.5063
chr1	155026	155027	43	0.3984
chr1	155055	155056	37	0.5873
chr1	155071	155072	47	0.3973
chr1	155111	155112	39	0.356
chr1	155137	155138	37	0.3843
chr1	155170	155171	30	0.4782
chr1	155215	155216	49	0.4736
chr1	155240	155241	36	0.3404
chr1	155289	155290	40	0.4049
chr1	155300	155301	45	0.4042
chr1	155375	155376	46	0.349
chr1	155475	155476	39	0.3728
chr1	155551	155552	33	0.3428
chr1	155651	155652	46	0.3176
chr1	155681	155682	39	0.4357
chr1	155731	155732	35	0.505
chr1	155769	155770	44	0.479
chr1	155793	155794	35	0.3501
chr1	155819	155820	47	0.6241
chr1	155850	155851	39	0.3586
chr1	155899	155900	35	0.5526
chr1	155925	155926	38	0.5137
chr1	155944	155945	42	0.4228
chr1	155972	155973	43	0.5815
chr1	155998	155999	43	0.5455
chr1	156013	156014	43	0.4927
chr1	156033	156034	43	0.6992
chr1	156062	156063	42	0.4467
chr1	156100	156101	46	0.4747
chr1	156117	156118	37	0.3964
chr1	156136	156137	34	0.7009
chr1	156154	156155	32	0.6973
chr1	156200	156201	43	0.504
chr1	156239	156240	50	0.5239
chr1	156277	156278	38	0.4642
chr1	156377	156378	41	0.4329
chr1	156453	156454	34	0.4271
chr1	156504	156505	46	0.7026
chr1	156570	156571	39	0.5668
chr1	156644	156645	35	0.5217
chr1	156744	156745	35	0.6137
chr1	156808	156809	36	0.4624
chr1	156844	156845	32	0.5528
chr1	156888	156889	36	0.0232
chr1	156909	156910	28	0.105
chr1	156927	156928	49	0.1346
chr1	156961	156962	45	0.1016
chr1	156977	156978	44	0.0844
chr1	157027	157028	31	0.0764
chr1	157049	157050	38	0.0119
chr1	157078	157079	41	0.1106
chr1	157102	157103	40	0.0319
chr1	157143	157144	46	0.098
chr1	157159	157160	39	0.0
chr1	157174	157175	37	0.0005
chr1	157224	157225	46	0.0836
chr1	157252	157253	43	0.1677
chr1	157272	157273	45	0.0
chr1	157312	157313	49	0.0
chr1	157344	157345	37	0.0074
chr1	157361	157362	40	0.1143
chr1	157381	157382	43	0.0164
chr1	157393	157394	39	0.0237
chr1	157493	157494	43	0.2204
chr1	157554	157555	41	0.0891
chr1	157649	157650	47	0.1535
chr1	157749	157750	48	0.0
chr1	157849	157850	35	0.1067
chr1	157921	157922	30	0.0878
chr1	157933	157934	47	0.1569
chr1	157938	157939	37	0.654
chr1	157953	157954	43	0.5774
chr1	157992	157993	40	0.4778
chr1	158038	158039	31	0.4492
chr1	158061	158062	39	0.5102
chr1	158079	158080	44	0.5332
chr1	158129	158130	41	0.6786
chr1	158148	158149	50	0.4644
chr1	158166	158167	38	0.6014
chr1	158196	158197	40	0.6343
chr1	158211	158212	32	0.6911
chr1	158248	158249	37	0.6645
chr1	158273	158274	32	0.5685
chr1	158302	158303	39	0.6802
chr1	158326	158327	39	0.7218
chr1	158376	158377	43	0.7161
chr1	158389	158390	39	0.6982
chr1	158452	158453	36	0.5661
chr1	158521	158522	41	0.6105
chr1	158609	158610	37	0.6488
chr1	158709	158710	34	0.5972
chr1	158759	158760	31	0.5639
chr1	158921	158922	42	0.5243
chr1	158943	158944	28	0.4523
chr1	159185	159186	31	0.475
chr1	159187	159188	36	0.6281
chr1	159211	159212	45	0.6986
chr1	159231	159232	42	0.5888
chr1	159240	159241	37	0.0897
chr1	159258	159259	36	0.0857
chr1	159275	159276	37	0.1693
chr1	159299	159300	40	0.1306
chr1	159349	159350	41	0.2265
chr1	159389	159390	43	0.0197
chr1	159411	159412	36	0.1317
chr1	159448	159449	35	0.2386
chr1	159479	159480	46	0.0956
chr1	159519	159520	35	0.2496
chr1	159546	159547	36	0.0634
chr1	159596	159597	36	0.055
chr1	159621	159622	37	0.2711
chr1	159667	159668	38	0.0992
chr1	159717	159718	44	0.0684
chr1	159744	159745	41	0.2028
chr1	159782	159783	46	0.1856
chr1	159882	159883	40	0.2519
chr1	159982	159983	41	0.054
chr1	160032	160033	49	0.2745
chr1	160132	160133	36	0.239
chr1	160197	160198	39	0.2202
chr1	160297	160298	35	0.2305
chr1	160429	160430	51	0.1505
chr1	160527	160528	44	0.1051
chr1	160605	160606	43	0.1224
chr1	160635	160636	47	0.0795
chr1	160653	160654	32	0.1938
chr1	160681	160682	40	0.0941
chr1	160771	160772	42	0.3073
chr1	160785	160786	40	0.1531
chr1	160812	160813	48	0.9086
chr1	160862	160863	31	1.0
chr1	160906	160907	41	0.7886
chr1	160956	160957	41	0.9791
chr1	160971	160972	39	1.0
chr1	160986	160987	37	0.8755
chr1	161009	161010	34	0.8883
chr1	161028	161029	49	0.7287
chr1	161068	161069	41	0.8923
chr1	161095	161096	42	0.9855
chr1	161125	161126	39	0.9099
chr1	161156	161157	45	0.8746
chr1	161189	161190	32	0.9283
chr1	161224	161225	45	0.8862
chr1	161248	161249	46	1.0
chr1	161264	161265	43	0.8608
chr1	161364	161365	38	0.9608
chr1	161437	161438	45	0.8005
chr1	161537	161538	44	0.9105
chr1	161637	161638	42	0.941
chr1	161639	161640	40	0.783
chr1	161701	161702	42	0.98
chr1	161708	161709	35	0.8312
chr1	161726	161727	51	0.7842
chr1	161753	161754	32	0.7861
chr1	161772	161773	53	0.5547
chr1	161797	161798	41	0.6534
chr1	161818	161819	28	0.7626
chr1	161868	161869	32	0.7348
chr1	161917	161918	36	0.7421
chr1	161955	161956	42	0.7838
chr1	161987	161988	41	0.7319
chr1	162023	162024	28	0.8175
chr1	162045	162046	42	0.8111
chr1	162067	162068	38	0.839
chr1	162101	162102	44	0.7451
chr1	162116	162117	38	0.8953
chr1	162142	162143	34	0.6831
chr1	162175	162176	33	0.6587
chr1	162234	162235	34	0.7549
chr1	162315	162316	49	0.8644
chr1	162394	162395	40	0.7501
chr1	162466	162467	42	0.7639
chr1	162566	162567	38	0.5694
chr1	162594	162595	37	0.7721
chr1	162656	162657	38	0.8689
chr1	162664	162665	41	0.8352
chr1	162688	162689	40	0.6322
chr1	162706	162707	31	0.8124
chr1	162762	162763	35	0.7777
chr1	162774	162775	43	0.6966
chr1	162781	162782	47	0.7687
chr1	162807	162808	23	0.6997
chr1	162845	162846	44	0.6658
chr1	162881	162882	44	0.7184
chr1	162896	162897	35	0.8226
chr1	162917	162918	39	0.7585
chr1	162944	162945	41	0.6237
chr1	162971	162972	40	0.752
chr1	162993	162994	39	0.6198
chr1	163023	163024	42	0.863
chr1	163067	163068	37	0.7084
chr1	163096	163097	41	0.7896
chr1	163140	163141	44	0.8186
chr1	163179	163180	37	0.6912
chr1	163199	163200	47	0.7219
chr1	163232	163233	40	0.6443
chr1	163247	163248	40	0.7338
chr1	163285	163286	37	0.6303
chr1	163321	163322	38	0.7667
chr1	163329	163330	33	0.8387
chr1	163429	163430	37	0.7194
chr1	163490	163491	37	0.655
chr1	163566	163567	35	0.8297
chr1	163626	163627	44	0.7485
chr1	163726	163727	40	0.8316
chr1	163801	163802	39	0.7815
chr1	163909	163910	45	0.7619
chr1	163915	163916	35	0.6855
chr1	163947	163948	37	0.5773
chr1	164039	164040	41	0.7003
chr1	164113	164114	35	0.8253
chr1	164263	164264	41	0.6933
chr1	164273	164274	39	0.7995
chr1	164320	164321	38	0.8404
chr1	164370	164371	47	0.7844
chr1	164420	164421	39	0.8307
chr1	164449	164450	40	0.8314
chr1	164482	164483	37	0.8693
chr1	164532	164533	42	0.8536
chr1	164560	164561	45	0.9528
chr1	164586	164587	46	0.907
chr1	164604	164605	36	0.7548
chr1	164642	164643	42	0.9136
chr1	164692	164693	29	0.9388
chr1	164742	164743	40	0.8135
chr1	164777	164778	33	0.7269
chr1	164877	164878	31	0.765
chr1	164977	164978	46	0.7454
chr1	165027	165028	28	0.8354
chr1	165091	165092	34	0.8695
chr1	165191	165192	42	0.8657
chr1	165265	165266	47	0.8515
chr1	165289	165290	31	0.8023
chr1	165322	165323	38	0.7323
chr1	165348	165349	43	0.9243
chr1	165378	165379	39	0.948
chr1	165397	165398	39	0.8401
chr1	165445	165446	38	0.8119
chr1	165477	165478	45	0.8221
chr1	165499	165500	39	0.7643
chr1	165529	165530	39	0.7301
chr1	165544	165545	46	0.9635
chr1	165562	165563	48	0.697
chr1	165610	165611	38	0.8262
chr1	165632	165633	35	0.6781
chr1	165680	165681	47	0.802
chr1	165696	165697	48	0.7594
chr1	165746	165747	38	0.7848
chr1	165759	165760	37	0.7289
chr1	165809	165810	33	0.6833
chr1	165877	165878	40	0.7897
chr1	165933	165934	48	0.811
chr1	165983	165984	42	0.8665
chr1	166083	166084	41	0.8744
chr1	166183	166184	42	0.7075
chr1	166243	166244	38	0.8309
chr1	166263	166264	31	0.885
chr1	166311	166312	42	0.9166
chr1	166329	166330	38	0.7235
chr1	166371	166372	40	0.9905
chr1	166388	166389	40	0.9155
chr1	166430	166431	41	0.7564
chr1	166459	166460	38	0.9822
chr1	166474	166475	48	0.9184
chr1	166494	166495	42	0.8517
chr1	166517	166518	38	0.6926
chr1	166544	166545	29	0.7436
chr1	166584	166585	45	0.9406
chr1	166620	166621	37	0.8773
chr1	166661	166662	43	1.0
chr1	166711	166712	47	0.6705
chr1	166761	166762	45	0.8184
chr1	166807	166808	39	0.9555
chr1	166868	166869	46	0.9601
chr1	166968	166969	44	0.9394
chr1	167068	167069	31	0.7058
chr1	167118	167119	37	0.9414
chr1	167204	167205	33	0.8052
chr1	167270	167271	34	0.8549
chr1	167300	167301	51	0.9803
chr1	167315	167316	43	0.1054
chr1	167348	167349	41	0.2474
chr1	167365	167366	41	0.0102
chr1	167406	167407	45	0.0949
chr1	167452	167453	43	0.096
chr1	167467	167468	38	0.0438
chr1	167489	167490	40	0.1483
chr1	167509	167510	29	0.3094
chr1	167535	167536	38	0.158
chr1	167565	167566	27	0.1604
chr1	167615	167616	40	0.2053
chr1	167665	167666	32	0.2222
chr1	167696	167697	36	0.3243
chr1	167711	167712	35	0.1799
chr1	167742	167743	30	0.0557
chr1	167792	167793	31	0.1473
chr1	167832	167833	39	0.1949
chr1	167870	167871	51	0.0276
chr1	167873	167874	42	0.2078
chr1	167973	167974	29	0.1053
chr1	168073	168074	38	0.1294
chr1	168150	168151	38	0.1984
chr1	168205	168206	49	0.1514
chr1	168273	168274	49	0.0444
chr1	168373	168374	46	0.188
chr1	168423	168424	41	0.1666
chr1	168519	168520	49	0.1871
chr1	168534	168535	41	0.8044
chr1	168551	168552	31	0.8688
chr1	168578	168579	46	0.7777
chr1	168600	168601	36	0.8585
chr1	168640	168641	37	0.6745
chr1	168655	168656	34	0.7853
chr1	168694	168695	20	0.6497
chr1	168709	168710	42	0.6997
chr1	168751	168752	41	0.7263
chr1	168767	168768	41	0.6601
chr1	168817	168818	36	0.9306
chr1	168836	168837	37	0.8256
chr1	168864	168865	38	0.7266
chr1	168884	168885	50	0.7248
chr1	168917	168918	29	0.652
chr1	168938	168939	41	0.6482
chr1	168974	168975	25	0.6266
chr1	168994	168995	32	0.6916
chr1	169002	169003	43	0.8006
chr1	169102	169103	43	0.731
chr1	169164	169165	32	0.8723
chr1	169214	169215	31	0.6586
chr1	169314	169315	33	0.5997
chr1	169414	169415	36	0.7767
chr1	169464	169465	36	0.7952
chr1	169502	169503	42	0.6698
chr1	169508	169509	33	0.805
chr1	169558	169559	36	0.6053
chr1	169604	169605	47	0.6958
chr1	169650	169651	43	0.8281
chr1	169691	169692	33	0.7842
chr1	169714	169715	41	0.6266
chr1	169747	169748	43	0.7597
chr1	169781	169782	45	0.8244
chr1	169796	169797	39	0.718
chr1	169818	169819	36	0.7047
chr1	169837	169838	28	0.8547
chr1	169861	169862	36	0.8707
chr1	169877	169878	44	0.7943
chr1	169906	169907	37	0.8319
chr1	169921	169922	47	0.7633
chr1	169940	169941	32	0.8635
chr1	169990	169991	42	0.841
chr1	170024	170025	33	0.7238
chr1	170034	170035	41	0.6276
chr1	170116	170117	37	0.597
chr1	170174	170175	45	0.7433
chr1	170274	170275	39	0.7399
chr1	170374	170375	48	0.6356
chr1	170425	170426	43	0.9179
chr1	170510	170511	37	0.6562
chr1	170544	170545	40	0.8869
chr1	170588	170589	45	0.7211
chr1	170650	170651	46	0.6366
chr1	170772	170773	35	0.6995
chr1	170904	170905	43	0.7342
chr1	170952	170953	39	0.684
chr1	170997	170998	40	0.6986
chr1	171047	171048	37	0.9187
chr1	171073	171074	41	0.788
chr1	171123	171124	38	0.6388
chr1	171139	171140	36	0.8025
chr1	171154	171155	48	0.8331
chr1	171179	171180	40	0.7482
chr1	171220	171221	36	0.9047
chr1	171270	171271	41	0.9167
chr1	171298	171299	42	0.9383
chr1	171325	171326	40	0.8125
chr1	171375	171376	45	0.6793
chr1	171390	171391	44	0.7714
chr1	171419	171420	42	0.9079
chr1	171438	171439	32	0.7087
chr1	171538	171539	46	0.834
chr1	171638	171639	39	0.8147
chr1	171688	171689	41	0.6595
chr1	171788	171789	46	0.8625
chr1	171850	171851	39	0.7496
chr1	171855	171856	41	0.858
chr1	171905	171906	52	0.7958
chr1	171925	171926	38	0.8075
chr1	171975	171976	40	0.852
chr1	172025	172026	44	0.8241
chr1	172050	172051	37	0.8587
chr1	172091	172092	41	0.8282
chr1	172108	172109	37	0.7854
chr1	172134	172135	43	0.9323
chr1	172150	172151	40	0.798
chr1	172200	172201	49	0.749
chr1	172250	172251	40	0.8875
chr1	172265	172266	40	0.8359
chr1	172291	172292	45	0.887
chr1	172306	172307	41	0.8068
chr1	172356	172357	39	0.8761
chr1	172374	172375	31	0.7749
chr1	172474	172475	37	0.7094
chr1	172543	172544	38	0.8166
chr1	172610	172611	40	0.8959
chr1	172710	172711	36	0.8097
chr1	172810	172811	42	0.7652
chr1	172874	172875	32	0.9027
chr1	173066	173067	29	0.8796
chr1	173090	173091	36	0.8426
chr1	173158	173159	39	0.877
chr1	173176	173177	36	0.898
chr1	173180	173181	44	0.8341
chr1	173187	173188	37	0.8269
chr1	173237	173238	37	0.9673
chr1	173282	173283	39	0.8599
chr1	173301	173302	54	0.748
chr1	173329	173330	35	0.7902
chr1	173344	173345	42	0.8682
chr1	173386	173387	38	0.9494
chr1	173424	173425	37	0.7943
chr1	173447	173448	31	0.9249
chr1	173462	173463	43	0.915
chr1	173480	173481	32	0.7184
chr1	173515	173516	52	0.8362
chr1	173558	173559	36	0.8949
chr1	173599	173600	33	0.7273
chr1	173649	173650	37	0.8255
chr1	173654	173655	34	0.8896
chr1	173751	173752	36	0.9021
chr1	173801	173802	37	0.857
chr1	173862	173863	49	0.743
chr1	173962	173963	39	0.8737
chr1	174033	174034	41	0.9513
chr1	174069	174070	37	0.8991
chr1	174097	174098	43	0.9066
chr1	174115	174116	37	0.8831
chr1	174199	174200	41	0.8661
chr1	174229	174230	40	0.7312
chr1	174445	174446	47	0.7931
chr1	174453	174454	44	0.8724
chr1	174521	174522	30	0.8395
chr1	174526	174527	43	0.148
chr1	174573	174574	42	0.1538
chr1	174605	174606	41	0.2456
chr1	174628	174629	39	0.2121
chr1	174661	174662	48	0.2643
chr1	174707	174708	42	0.1066
chr1	174722	174723	28	0.1218
chr1	174756	174757	44	0.0055
chr1	174806	174807	39	0.1142
chr1	174852	174853	44	0.2261
chr1	174902	174903	41	0.1573
chr1	174934	174935	40	0.1329
chr1	174965	174966	43	0.218
chr1	174980	174981	40	0.3081
chr1	175003	175004	36	0.2302
chr1	175046	175047	41	0.1854
chr1	175057	175058	37	0.1602
chr1	175108	175109	41	0.228
chr1	175196	175197	35	0.3771
chr1	175296	175297	39	0.1467
chr1	175396	175397	39	0.1417
chr1	175496	175497	52	0.1966
chr1	175570	175571	34	0.051
chr1	175668	175669	39	0.1486
chr1	175720	175721	37	0.2319
chr1	175754	175755	45	0.0911
chr1	175770	175771	40	0.1652
chr1	175806	175807	48	0.1009
chr1	175848	175849	44	0.2081
chr1	175958	175959	29	0.2593
chr1	175967	175968	43	0.8188
chr1	176005	176006	42	0.7374
chr1	176036	176037	41	0.9314
chr1	176084	176085	33	0.9022
chr1	176104	176105	42	0.9476
chr1	176152	176153	42	0.6899
chr1	176167	176168	42	0.8585
chr1	176215	176216	35	0.6988
chr1	176246	176247	34	0.9769
chr1	176283	176284	41	0.8856
chr1	176318	176319	48	1.0
chr1	176368	176369	40	0.8888
chr1	176397	176398	42	0.8641
chr1	176447	176448	46	0.9248
chr1	176477	176478	38	0.9298
chr1	176500	176501	46	0.9851
chr1	176600	176601	38	0.8985
chr1	176650	176651	45	0.935
chr1	176700	176701	35	0.8144
chr1	176750	176751	32	1.0
chr1	176800	176801	29	0.9113
chr1	176900	176901	38	0.8286
chr1	176954	176955	37	0.877
chr1	177019	177020	34	0.9152
chr1	177167	177168	42	0.9113
chr1	177193	177194	29	0.785
chr1	177303	177304	44	0.8225
chr1	177367	177368	41	0.8985
chr1	177513	177514	36	0.9217
chr1	177541	177542	41	0.8104
chr1	177575	177576	36	0.6192
chr1	177625	177626	46	0.5345
chr1	177651	177652	34	0.7025
chr1	177690	177691	40	0.7806
chr1	177722	177723	37	0.5296
chr1	177761	177762	37	0.4502
chr1	177802	177803	39	0.4708
chr1	177850	177851	31	0.7027
chr1	177867	177868	36	0.8271
chr1	177907	177908	44	0.5046
chr1	177957	177958	41	0.6369
chr1	177985	177986	46	0.7027
chr1	178035	178036	40	0.5211
chr1	178085	178086	50	0.419
chr1	178114	178115	41	0.5516
chr1	178115	178116	38	0.6499
chr1	178204	178205	38	0.5225
chr1	178299	178300	44	0.5509
chr1	178399	178400	42	0.5858
chr1	178499	178500	40	0.4637
chr1	178599	178600	44	0.5961
chr1	178649	178650	43	0.7059
chr1	178733	178734	38	0.7583
chr1	178785	178786	36	0.7305
chr1	178822	178823	32	0.8195
chr1	178857	178858	36	0.77
chr1	178883	178884	31	0.9086
chr1	178923	178924	36	0.7542
chr1	178973	178974	42	1.0
chr1	179001	179002	41	0.9667
chr1	179031	179032	35	0.8592
chr1	179055	179056	45	0.8582
chr1	179105	179106	37	0.8261
chr1	179131	179132	38	0.8868
chr1	179181	179182	38	0.8336
chr1	179206	179207	37	0.831
chr1	179230	179231	34	0.9049
chr1	179257	179258	42	0.782
chr1	179281	179282	36	0.8967
chr1	179314	179315	38	0.7538
chr1	179340	179341	48	0.6832
chr1	179359	179360	37	0.7053
chr1	179418	179419	38	0.7699
chr1	179512	179513	31	0.9443
chr1	179602	179603	43	0.7696
chr1	179657	179658	42	0.8247
chr1	179708	179709	37	0.8714
chr1	179808	179809	39	0.7355
chr1	179824	179825	38	0.7981
chr1	179844	179845	40	0.851
chr1	179874	179875	40	0.9472
chr1	179896	179897	33	0.8565
chr1	179931	179932	49	0.8041
chr1	179977	179978	32	0.9496
chr1	180012	180013	38	0.9858
chr1	180032	180033	36	1.0
chr1	180069	180070	45	0.84
chr1	180119	180120	40	1.0
chr1	180148	180149	42	0.9002
chr1	180174	180175	39	0.953
chr1	180212	180213	40	0.9375
chr1	180234	180235	47	0.9733
chr1	180256	180257	36	0.8563
chr1	180306	180307	31	0.9285
chr1	180321	180322	40	0.87
chr1	180330	180331	44	0.9649
chr1	180383	180384	34	0.939
chr1	180483	180484	39	0.7777
chr1	180543	180544	41	0.9542
chr1	180637	180638	38	0.7859
chr1	180737	180738	42	0.9416
chr1	180801	180802	44	0.8639
chr1	180828	180829	43	0.1808
chr1	180878	180879	39	0.1278
chr1	180908	180909	43	0.0
chr1	180932	180933	39	0.1562
chr1	180953	180954	49	0.2007
chr1	180985	180986	44	0.2584
chr1	181006	181007	40	0.1783
chr1	181030	181031	38	0.1184
chr1	181080	181081	38	0.1957
chr1	181113	181114	39	0.2082
chr1	181138	181139	41	0.3403
chr1	181188	181189	34	0.0085
chr1	181209	181210	34	0.1732
chr1	181224	181225	35	0.3624
chr1	181260	181261	33	0.0865
chr1	181285	181286	48	0.0782
chr1	181313	181314	44	0.1647
chr1	181350	181351	42	0.1226
chr1	181400	181401	42	0.2005
chr1	181500	181501	39	0.04
chr1	181552	181553	41	0.1003
chr1	181648	181649	36	0.2882
chr1	181741	181742	46	0.0915
chr1	181807	181808	33	0.1501
chr1	181857	181858	46	0.148
chr1	181903	181904	34	0.1753
chr1	181948	181949	37	0.7576
chr1	181975	181976	37	0.7769
chr1	182005	182006	32	0.7419
chr1	182036	182037	50	0.7014
chr1	182064	182065	46	0.6693
chr1	182091	182092	36	0.7405
chr1	182119	182120	44	0.7587
chr1	182140	182141	36	0.769
chr1	182160	182161	40	0.7873
chr1	182179	182180	32	0.7766
chr1	182195	182196	40	0.75
chr1	182213	182214	29	0.7804
chr1	182231	182232	37	0.8393
chr1	182257	182258	44	0.7466
chr1	182307	182308	40	0.7197
chr1	182344	182345	46	0.6931
chr1	182365	182366	41	0.6874
chr1	182386	182387	38	0.6543
chr1	182406	182407	43	0.8656
chr1	182422	182423	46	0.6577
chr1	182522	182523	46	0.7102
chr1	182622	182623	46	0.7881
chr1	182722	182723	42	0.7548
chr1	182822	182823	32	0.8602
chr1	182828	182829	37	0.7811
chr1	182833	182834	40	0.919
chr1	182863	182864	43	0.8794
chr1	182896	182897	39	0.8029
chr1	182930	182931	37	0.8293
chr1	182974	182975	42	0.6951
chr1	183023	183024	39	0.7546
chr1	183050	183051	43	0.7425
chr1	183073	183074	45	0.9106
chr1	183102	183103	37	0.9451
chr1	183119	183120	51	0.8437
chr1	183142	183143	39	0.7107
chr1	183183	183184	44	0.8293
chr1	183212	183213	35	0.7282
chr1	183234	183235	36	1.0
chr1	183284	183285	40	0.8315
chr1	183317	183318	37	0.914
chr1	183333	183334	45	0.9066
chr1	183357	183358	38	0.8728
chr1	183457	183458	45	0.7975
chr1	183507	183508	53	0.9198
chr1	183562	183563	32	0.8236
chr1	183662	183663	42	0.911
chr1	183762	183763	44	0.8169
chr1	183858	183859	42	0.9301
chr1	183910	183911	37	0.8521
chr1	184032	184033	37	0.888
chr1	184104	184105	37	0.8986
chr1	184106	184107	39	0.7808
chr1	184118	184119	38	0.8595
chr1	184132	184133	44	0.9065
chr1	184142	184143	40	0.8179
chr1	184348	184349	36	0.7647
chr1	184354	184355	39	0.8776
chr1	184373	184374	39	0.8503
chr1	184391	184392	39	0.717
chr1	184420	184421	25	0.6703
chr1	184437	184438	42	0.8656
chr1	184469	184470	44	0.7753
chr1	184498	184499	26	0.9469
chr1	184513	184514	35	0.7824
chr1	184563	184564	40	0.8397
chr1	184581	184582	36	0.7616
chr1	184613	184614	42	0.8738
chr1	184632	184633	32	0.7742
chr1	184647	184648	48	0.8169
chr1	184667	184668	45	0.8305
chr1	184697	184698	49	0.8221
chr1	184717	184718	46	0.8752
chr1	184767	184768	45	0.9005
chr1	184809	184810	35	1.0
chr1	184828	184829	31	1.0
chr1	184842	184843	46	0.964
chr1	184942	184943	50	0.8662
chr1	184992	184993	48	0.8259
chr1	185081	185082	46	0.746
chr1	185181	185182	36	0.9166
chr1	185258	185259	37	0.9076
chr1	185392	185393	40	0.8731
chr1	185394	185395	43	0.8117
chr1	185456	185457	36	0.9121
chr1	185606	185607	37	0.9237
chr1	185632	185633	40	0.8288
chr1	185652	185653	35	0.7306
chr1	185756	185757	43	0.8484
chr1	185764	185765	43	0.7833
chr1	185805	185806	40	0.7027
chr1	185830	185831	37	0.7553
chr1	185852	185853	37	0.5547
chr1	185902	185903	36	0.7282
chr1	185952	185953	31	0.7534
chr1	185984	185985	41	0.7876
chr1	186017	186018	33	0.8425
chr1	186067	186068	36	0.5599
chr1	186100	186101	36	0.7068
chr1	186120	186121	32	0.6525
chr1	186159	186160	33	0.6528
chr1	186174	186175	42	0.7262
chr1	186217	186218	43	0.8071
chr1	186239	186240	39	0.8189
chr1	186273	186274	45	0.8786
chr1	186295	186296	42	0.7511
chr1	186327	186328	36	0.6236
chr1	186336	186337	34	0.6632
chr1	186436	186437	39	0.6871
chr1	186536	186537	40	0.5182
chr1	186586	186587	47	0.7888
chr1	186686	186687	31	0.6159
chr1	186782	186783	36	0.8444
chr1	186832	186833	43	0.909
chr1	186852	186853	37	0.7226
chr1	186868	186869	37	0.8321
chr1	186978	186979	41	0.8227
chr1	187016	187017	45	0.6788
chr1	187122	187123	36	0.8071
chr1	187132	187133	44	0.7783
chr1	187182	187183	41	0.8407
chr1	187222	187223	43	0.7066
chr1	187264	187265	41	0.5721
chr1	187307	187308	40	0.7752
chr1	187357	187358	31	0.9304
chr1	187407	187408	25	0.8628
chr1	187422	187423	31	1.0
chr1	187472	187473	28	0.9748
chr1	187522	187523	49	0.9247
chr1	187565	187566	44	0.8527
chr1	187601	187602	40	0.8101
chr1	187640	187641	41	0.8759
chr1	187690	187691	40	0.7214
chr1	187716	187717	36	0.9221
chr1	187731	187732	35	0.956
chr1	187757	187758	38	0.7417
chr1	187807	187808	41	0.9196
chr1	187830	187831	41	0.7491
chr1	187930	187931	48	0.9138
chr1	188030	188031	36	0.9532
chr1	188130	188131	34	1.0
chr1	188230	188231	33	0.8317
chr1	188330	188331	39	0.7938
chr1	188340	188341	40	0.7066
chr1	188348	188349	44	0.9098
chr1	188353	188354	46	0.0
chr1	188387	188388	36	0.0813
chr1	188404	188405	29	0.0
chr1	188432	188433	39	0.0475
chr1	188455	188456	37	0.1184
chr1	188484	188485	43	0.027
chr1	188513	188514	39	0.0
chr1	188532	188533	41	0.1859
chr1	188556	188557	40	0.0574
chr1	188579	188580	36	0.0462
chr1	188610	188611	38	0.0237
chr1	188651	188652	36	0.0782
chr1	188685	188686	36	0.0278
chr1	188702	188703	39	0.0519
chr1	188722	188723	44	0.0217
chr1	188739	188740	39	0.1352
chr1	188772	188773	41	0.0748
chr1	188792	188793	34	0.1947
chr1	188836	188837	36	0.0
chr1	188936	188937	38	0.0
chr1	188986	188987	53	0.0
chr1	189086	189087	35	0.1423
chr1	189186	189187	42	0.1503
chr1	189249	189250	43	0.0
chr1	189279	189280	41	0.0
chr1	189423	189424	40	0.095
chr1	189501	189502	33	0.1146
chr1	189519	189520	44	0.0475
chr1	189685	189686	41	0.0617
chr1	189694	189695	43	0.8219
chr1	189723	189724	44	0.8023
chr1	189771	189772	41	0.8814
chr1	189821	189822	32	0.9478
chr1	189848	189849	43	0.7863
chr1	189880	189881	38	0.9704
chr1	189898	189899	35	0.7756
chr1	189922	189923	34	0.8554
chr1	189945	189946	46	0.9482
chr1	189966	189967	41	0.9036
chr1	190016	190017	41	0.9305
chr1	190040	190041	45	0.9522
chr1	190085	190086	32	0.7823
chr1	190129	190130	40	0.7967
chr1	190146	190147	43	0.7175
chr1	190161	190162	34	0.7284
chr1	190190	190191	36	0.9489
chr1	190202	190203	43	0.8195
chr1	190302	190303	32	0.9285
chr1	190402	190403	45	0.8687
chr1	190502	190503	46	0.8217
chr1	190587	190588	39	0.822
chr1	190673	190674	50	0.8831
chr1	190689	190690	34	0.8226
chr1	190727	190728	39	0.7774
chr1	190797	190798	34	0.7853
chr1	190807	190808	33	0.9381
chr1	190849	190850	36	0.7996
chr1	190863	190864	35	0.7663
chr1	190963	190964	39	0.8121
chr1	191097	191098	35	0.9096
chr1	191157	191158	41	0.96
chr1	191189	191190	38	0.8028
chr1	191231	191232	33	0.8122
chr1	191257	191258	40	0.8095
chr1	191303	191304	41	0.623
chr1	191329	191330	34	0.5617
chr1	191372	191373	38	0.5102
chr1	191393	191394	51	0.7455
chr1	191425	191426	40	0.8113
chr1	191445	191446	41	0.6787
chr1	191460	191461	47	0.8837
chr1	191478	191479	37	0.8557
chr1	191503	191504	34	0.4813
chr1	191524	191525	40	0.6236
chr1	191574	191575	40	0.8516
chr1	191600	191601	41	0.8114
chr1	191624	191625	44	0.7177
chr1	191653	191654	49	0.5119
chr1	191669	191670	36	0.7163
chr1	191672	191673	36	0.2908
chr1	191772	191773	44	0.4405
chr1	191872	191873	33	0.7502
chr1	191972	191973	40	0.517
chr1	192035	192036	42	0.6964
chr1	192135	192136	38	0.7023
chr1	192224	192225	46	0.7436
chr1	192255	192256	39	0.8592
chr1	192278	192279	35	0.7244
chr1	192294	192295	40	0.7854
chr1	192331	192332	47	0.683
chr1	192366	192367	44	0.9936
chr1	192381	192382	26	0.8947
chr1	192408	192409	36	0.8985
chr1	192457	192458	41	0.9472
chr1	192507	192508	33	0.8504
chr1	192541	192542	37	0.8239
chr1	192576	192577	33	0.7422
chr1	192626	192627	42	0.7854
chr1	192650	192651	37	0.6695
chr1	192698	192699	43	0.8192
chr1	192710	192711	33	0.7563
chr1	192810	192811	38	0.9199
chr1	192910	192911	35	0.9591
chr1	192960	192961	43	0.8705
chr1	193016	193017	37	0.8042
chr1	193066	193067	38	0.8585
chr1	193125	193126	40	0.7667
chr1	193143	193144	39	0.8128
chr1	193217	193218	46	0.8552
chr1	193246	193247	49	0.172
chr1	193263	193264	38	0.0466
chr1	193303	193304	32	0.1156
chr1	193353	193354	42	0.0
chr1	193374	193375	42	0.0
chr1	193424	193425	38	0.1796
chr1	193449	193450	43	0.1809
chr1	193480	193481	39	0.0451
chr1	193504	193505	46	0.0172
chr1	193520	193521	43	0.0056
chr1	193547	193548	46	0.0927
chr1	193597	193598	37	0.1523
chr1	193628	193629	45	0.1823
chr1	193662	193663	42	0.1002
chr1	193687	193688	42	0.1376
chr1	193710	193711	49	0.1634
chr1	193731	193732	38	0.0124
chr1	193734	193735	39	0.0808
chr1	193834	193835	23	0.2519
chr1	193894	193895	33	0.2775
chr1	193994	193995	41	0.1687
chr1	194094	194095	41	0.1876
chr1	194194	194195	31	0.1602
chr1	194208	194209	47	0.0688
chr1	194238	194239	30	0.2188
chr1	194259	194260	33	0.4955
chr1	194309	194310	32	0.5495
chr1	194343	194344	42	0.5462
chr1	194376	194377	47	0.5059
chr1	194406	194407	42	0.6172
chr1	194421	194422	34	0.5717
chr1	194450	194451	42	0.6016
chr1	194466	194467	40	0.4684
chr1	194501	194502	44	0.5872
chr1	194537	194538	38	0.4886
chr1	194587	194588	34	0.5408
chr1	194627	194628	33	0.6616
chr1	194642	194643	46	0.6356
chr1	194667	194668	37	0.7423
chr1	194716	194717	32	0.7515
chr1	194746	194747	40	0.5339
chr1	194780	194781	44	0.7221
chr1	194830	194831	40	0.613
chr1	194930	194931	37	0.5854
chr1	195018	195019	42	0.6285
chr1	195118	195119	40	0.585
chr1	195186	195187	39	0.3541
chr1	195286	195287	41	0.7465
chr1	195362	195363	36	0.4674
chr1	195367	195368	50	0.7323
chr1	195407	195408	38	0.6257
chr1	195422	195423	44	0.6836
chr1	195471	195472	31	0.7234
chr1	195500	195501	41	0.902
chr1	195532	195533	36	0.653
chr1	195554	195555	45	0.9224
chr1	195581	195582	43	0.8899
chr1	195602	195603	32	0.8622
chr1	195618	195619	41	0.9474
chr1	195649	195650	36	0.8586
chr1	195673	195674	36	0.7635
chr1	195697	195698	39	0.6999
chr1	195715	195716	46	1.0
chr1	195736	195737	48	0.8961
chr1	195786	195787	31	0.8329
chr1	195807	195808	49	0.8919
chr1	195857	195858	40	0.8843
chr1	195884	195885	36	0.775
chr1	195929	195930	38	0.7197
chr1	195966	195967	38	0.8807
chr1	196066	196067	40	0.8479
chr1	196137	196138	38	0.6613
chr1	196237	196238	39	0.8149
chr1	196337	196338	46	0.8998
chr1	196437	196438	38	0.8045
chr1	196490	196491	53	0.7474
chr1	196554	196555	37	0.7338
chr1	196578	196579	42	0.8557
chr1	196616	196617	42	0.8345
chr1	196722	196723	36	0.7783
chr1	196806	196807	32	0.8602
chr1	196888	196889	38	0.8129
chr1	196896	196897	34	0.7369
chr1	196976	196977	43	0.8557
chr1	196985	196986	43	0.755
chr1	197007	197008	48	0.7342
chr1	197033	197034	37	0.8506
chr1	197051	197052	37	0.8888
chr1	197077	197078	48	0.9262
chr1	197105	197106	39	0.773
chr1	197140	197141	41	0.7993
chr1	197177	197178	44	0.921
chr1	197194	197195	46	0.8547
chr1	197224	197225	43	0.9611
chr1	197249	197250	39	0.9149
chr1	197266	197267	31	0.8976
chr1	197316	197317	45	0.8083
chr1	197350	197351	37	0.9022
chr1	197400	197401	41	0.8501
chr1	197422	197423	37	0.8223
chr1	197445	197446	39	0.8693
chr1	197460	197461	36	0.696
chr1	197502	197503	38	0.9951
chr1	197522	197523	40	0.8182
chr1	197622	197623	36	0.8884
chr1	197714	197715	46	0.9377
chr1	197777	197778	51	0.7358
chr1	197877	197878	40	0.7636
chr1	197977	197978	45	0.7725
chr1	197983	197984	41	0.8189
chr1	198021	198022	45	0.8691
chr1	198179	198180	45	0.8696
chr1	198229	198230	36	0.8668
chr1	198293	198294	42	0.9182
chr1	198299	198300	40	0.7497
chr1	198325	198326	43	0.8902
chr1	198347	198348	40	0.8927
chr1	198385	198386	42	0.8463
chr1	198428	198429	35	0.2428
chr1	198456	198457	47	0.331
chr1	198506	198507	40	0.1774
chr1	198526	198527	33	0.1898
chr1	198551	198552	35	0.3066
chr1	198567	198568	31	0.0586
chr1	198585	198586	45	0.2312
chr1	198635	198636	45	0.0443
chr1	198663	198664	45	0.2929
chr1	198712	198713	39	0.2393
chr1	198743	198744	33	0.1532
chr1	198762	198763	36	0.162
chr1	198810	198811	44	0.1186
chr1	198826	198827	39	0.0517
chr1	198858	198859	42	0.2742
chr1	198873	198874	39	0.2025
chr1	198893	198894	38	0.0117
chr1	198897	198898	39	0.0503
chr1	198947	198948	44	0.1294
chr1	198998	198999	40	0.0927
chr1	199098	199099	35	0.2644
chr1	199198	199199	54	0.1748
chr1	199298	199299	39	0.268
chr1	199302	199303	45	0.098
chr1	199331	199332	35	0.7243
chr1	199381	199382	42	0.7033
chr1	199396	199397	39	0.5354
chr1	199416	199417	43	0.6802
chr1	199437	199438	33	0.67
chr1	199487	199488	36	0.8108
chr1	199502	199503	39	0.7505
chr1	199522	199523	40	0.7323
chr1	199572	199573	38	0.5429
chr1	199603	199604	28	0.555
chr1	199638	199639	31	0.6686
chr1	199688	199689	41	0.6273
chr1	199715	199716	46	0.7255
chr1	199754	199755	42	0.77
chr1	199776	199777	39	0.7453
chr1	199795	199796	46	0.6538
chr1	199821	199822	49	0.5618
chr1	199844	199845	42	0.5901
chr1	199863	199864	45	0.6438
chr1	199878	199879	42	0.6597
chr1	199893	199894	35	0.501
chr1	199940	199941	41	0.6217
chr1	199955	199956	32	0.6299
chr1	200053	200054	35	0.771
chr1	200153	200154	40	0.6604
chr1	200249	200250	42	0.7578
chr1	200311	200312	39	0.7206
chr1	200363	200364	44	0.6061
chr1	200463	200464	37	0.5718
chr1	200539	200540	45	0.6249
chr1	200593	200594	42	0.6228
chr1	200639	200640	34	0.0
chr1	200665	200666	43	0.1201
chr1	200680	200681	44	0.177
chr1	200711	200712	36	0.0323
chr1	200761	200762	54	0.0548
chr1	200796	200797	44	0.0
chr1	200815	200816	34	0.133
chr1	200850	200851	39	0.1333
chr1	200868	200869	37	0.0441
chr1	200891	200892	42	0.0025
chr1	200941	200942	28	0.0
chr1	200956	200957	34	0.1476
chr1	200985	200986	38	0.071
chr1	201000	201001	35	0.0595
chr1	201050	201051	43	0.2525
chr1	201100	201101	39	0.0
chr1	201115	201116	45	0.1424
chr1	201152	201153	35	0.0
chr1	201184	201185	43	0.1281
chr1	201195	201196	39	0.0958
chr1	201295	201296	47	0.2306
chr1	201381	201382	35	0.0
chr1	201481	201482	42	0.0797
chr1	201561	201562	39	0.1272
chr1	201661	201662	41	0.0116
chr1	201846	201847	35	0.0248
chr1	201853	201854	46	0.9276
chr1	201868	201869	39	0.7854
chr1	201885	201886	37	0.9368
chr1	201916	201917	43	0.7212
chr1	201939	201940	33	0.8401
chr1	201959	201960	40	0.8235
chr1	201989	201990	48	0.7092
chr1	202006	202007	41	0.8389
chr1	202021	202022	30	0.7465
chr1	202051	202052	39	0.6911
chr1	202066	202067	32	0.7544
chr1	202085	202086	38	0.7157
chr1	202115	202116	38	0.8738
chr1	202150	202151	43	0.8307
chr1	202181	202182	36	0.8186
chr1	202200	202201	34	0.7193
chr1	202250	202251	47	0.8065
chr1	202295	202296	42	0.7296
chr1	202310	202311	44	0.7786
chr1	202353	202354	37	0.7407
chr1	202387	202388	42	0.8401
chr1	202394	202395	36	0.8398
chr1	202494	202495	39	0.9226
chr1	202552	202553	42	0.6567
chr1	202652	202653	42	0.8638
chr1	202752	202753	42	0.805
chr1	202852	202853	41	0.8474
chr1	203030	203031	37	0.8887
chr1	203038	203039	45	0.7278
chr1	203134	203135	43	0.6841
chr1	203208	203209	33	0.7399
chr1	203248	203249	41	0.7656
chr1	203294	203295	39	0.9445
chr1	203333	203334	43	0.6553
chr1	203353	203354	35	0.8398
chr1	203403	203404	41	0.8721
chr1	203444	203445	37	0.7116
chr1	203463	203464	37	0.9528
chr1	203478	203479	43	0.8938
chr1	203528	203529	38	1.0
chr1	203558	203559	38	0.9697
chr1	203587	203588	34	0.9499
chr1	203609	203610	39	0.846
chr1	203624	203625	42	0.8452
chr1	203639	203640	36	1.0
chr1	203666	203667	35	0.9109
chr1	203716	203717	33	0.8566
chr1	203765	203766	36	0.7805
chr1	203790	203791	42	0.8724
chr1	203890	203891	43	1.0
chr1	203990	203991	39	0.8358
chr1	204090	204091	35	0.9337
chr1	204175	204176	44	0.9259
chr1	204275	204276	44	0.7863
chr1	204359	204360	36	0.9389
chr1	205531	205532	48	0.8888
chr1	205557	205558	45	0.8137
chr1	205591	205592	44	0.8139
chr1	205630	205631	35	0.8641
chr1	205670	205671	38	0.762
chr1	205720	205721	34	0.9661
chr1	205766	205767	41	0.9008
chr1	205791	205792	41	0.8316
chr1	205816	205817	42	0.9205
chr1	205855	205856	35	0.7589
chr1	205878	205879	37	0.9433
chr1	205912	205913	48	0.897
chr1	205929	205930	41	0.76
chr1	205958	205959	36	0.8057
chr1	205995	205996	37	0.8449
chr1	206045	206046	31	0.9022
chr1	206074	206075	46	0.9364
chr1	206086	206087	35	0.9454
chr1	206136	206137	30	0.9711
chr1	206231	206232	36	1.0
chr1	206281	206282	42	0.8417
chr1	206381	206382	38	0.9334
chr1	206481	206482	39	0.8861
chr1	206581	206582	38	0.9307
chr1	206691	206692	45	0.8264
chr1	206765	206766	40	0.7738
chr1	206775	206776	48	0.8431
chr1	206819	206820	39	0.8923
chr1	206849	206850	42	0.8823
chr1	206967	206968	35	0.7106
chr1	206973	206974	40	0.8743
chr1	207023	207024	37	0.9352
chr1	207025	207026	44	0.8587
chr1	207036	207037	44	0.7783
chr1	207060	207061	44	0.4782
chr1	207078	207079	29	0.4423
chr1	207097	207098	39	0.8053
chr1	207116	207117	36	0.3333
chr1	207131	207132	47	0.4365
chr1	207146	207147	42	0.8226
chr1	207169	207170	37	0.8384
chr1	207206	207207	46	0.3629
chr1	207245	207246	40	0.6109
chr1	207260	207261	24	0.4669
chr1	207287	207288	30	0.4135
chr1	207314	207315	36	0.311
chr1	207364	207365	40	0.5769
chr1	207388	207389	44	0.8437
chr1	207423	207424	41	0.7464
chr1	207439	207440	39	0.3711
chr1	207454	207455	43	0.5377
chr1	207484	207485	35	0.7597
chr1	207523	207524	34	0.8866
chr1	207538	207539	48	0.7261
chr1	207560	207561	31	0.3431
chr1	207591	207592	31	0.2624
chr1	207611	207612	38	0.4864
chr1	207626	207627	41	0.6545
chr1	207726	207727	48	0.3079
chr1	207826	207827	51	0.5137
chr1	207926	207927	54	0.7565
chr1	208026	208027	40	0.6962
chr1	208126	208127	43	0.2846
chr1	208188	208189	41	0.5414
chr1	208248	208249	32	0.7862
chr1	208285	208286	32	0.8226
chr1	208315	208316	43	0.5741
chr1	208345	208346	29	0.6473
chr1	208367	208368	39	0.5624
chr1	208396	208397	37	0.8423
chr1	208429	208430	35	0.8056
chr1	208464	208465	46	0.9128
chr1	208489	208490	39	0.636
chr1	208522	208523	33	0.7424
chr1	208567	208568	37	0.8376
chr1	208601	208602	44	0.7804
chr1	208626	208627	47	0.8501
chr1	208658	208659	47	0.7643
chr1	208704	208705	33	0.7508
chr1	208722	208723	35	0.7305
chr1	208751	208752	29	0.8007
chr1	208780	208781	37	0.7131
chr1	208792	208793	40	0.858
chr1	208892	208893	46	0.8156
chr1	208992	208993	33	0.8075
chr1	209066	209067	42	0.6919
chr1	209116	209117	39	0.7795
chr1	209216	209217	42	0.5533
chr1	209228	209229	37	0.6829
chr1	209242	209243	42	0.6622
chr1	209263	209264	31	0.6931
chr1	209293	209294	40	0.9426
chr1	209319	209320	34	0.6443
chr1	209350	209351	33	0.7586
chr1	209387	209388	31	0.887
chr1	209411	209412	41	0.761
chr1	209461	209462	44	0.6993
chr1	209497	209498	42	0.6767
chr1	209512	209513	37	0.8023
chr1	209530	209531	34	0.7273
chr1	209564	209565	38	0.6787
chr1	209614	209615	33	0.6272
chr1	209630	209631	45	0.7646
chr1	209645	209646	38	0.8186
chr1	209695	209696	42	0.7475
chr1	209713	209714	45	0.736
chr1	209806	209807	36	0.6861
chr1	209906	209907	47	0.8807
chr1	209981	209982	32	0.8506
chr1	210031	210032	40	0.7422
chr1	210131	210132	40	0.77
chr1	210203	210204	36	0.7666
chr1	210224	210225	38	0.9237
chr1	210246	210247	36	0.7042
chr1	210296	210297	38	0.7473
chr1	210346	210347	50	0.703
chr1	210393	210394	41	0.695
chr1	210438	210439	40	0.5702
chr1	210467	210468	52	0.7917
chr1	210517	210518	43	0.9149
chr1	210557	210558	35	0.7746
chr1	210579	210580	40	0.8092
chr1	210609	210610	31	0.8508
chr1	210637	210638	47	0.6013
chr1	210659	210660	40	0.8162
chr1	210679	210680	30	0.728
chr1	210705	210706	37	0.7917
chr1	210749	210750	39	0.7141
chr1	210799	210800	42	0.6363
chr1	210849	210850	35	0.7098
chr1	210859	210860	35	0.8864
chr1	210926	210927	39	0.7404
chr1	211000	211001	39	0.9309
chr1	211050	211051	38	0.8377
chr1	211102	211103	35	0.7678
chr1	211202	211203	33	0.7544
chr1	211268	211269	49	0.6792
chr1	211324	211325	31	0.7091
chr1	211424	211425	41	0.7067
chr1	211462	211463	43	0.6636
chr1	211504	211505	37	0.7371
chr1	211543	211544	47	0.2251
chr1	211592	211593	37	0.2898
chr1	211635	211636	30	0.2078
chr1	211654	211655	37	0.2447
chr1	211670	211671	36	0.2496
chr1	211685	211686	45	0.1142
chr1	211707	211708	40	0.2909
chr1	211747	211748	39	0.2138
chr1	211781	211782	43	0.1804
chr1	211796	211797	38	0.2554
chr1	211880	211881	43	0.3451
chr1	211899	211900	51	0.205
chr1	211926	211927	38	0.1071
chr1	211957	211958	47	0.1407
chr1	211981	211982	41	0.2717
chr1	212020	212021	37	0.1464
chr1	212025	212026	41	0.1644
chr1	212115	212116	46	0.2527
chr1	212165	212166	42	0.2606
chr1	212215	212216	32	0.2386
chr1	212315	212316	37	0.2221
chr1	212388	212389	39	0.2867
chr1	212488	212489	35	0.2324
chr1	212528	212529	34	0.094
chr1	212572	212573	37	0.6202
chr1	212588	212589	39	0.7386
chr1	212638	212639	39	0.7273
chr1	212719	212720	38	0.6127
chr1	212735	212736	37	0.5303
chr1	212761	212762	37	0.756
chr1	212776	212777	38	0.7554
chr1	212818	212819	33	0.6364
chr1	212840	212841	43	0.6448
chr1	212871	212872	38	0.6644
chr1	212905	212906	47	0.7947
chr1	212953	212954	39	0.7015
chr1	212999	213000	43	0.6098
chr1	213042	213043	36	0.7831
chr1	213072	213073	46	0.7306
chr1	213074	213075	38	0.7073
chr1	213124	213125	37	0.6541
chr1	213197	213198	41	0.5404
chr1	213277	213278	34	0.5253
chr1	213327	213328	42	0.7333
chr1	213388	213389	36	0.8002
chr1	213461	213462	35	0.8022
chr1	213561	213562	39	0.7507
chr1	213579	213580	37	0.6833
chr1	213655	213656	44	0.6929
chr1	213666	213667	50	0.9487
chr1	213691	213692	36	0.7398
chr1	213714	213715	37	0.7745
chr1	213755	213756	39	0.843
chr1	213800	213801	46	0.6634
chr1	213825	213826	35	0.6825
chr1	213860	213861	43	0.7477
chr1	213884	213885	36	0.9373
chr1	213930	213931	38	0.653
chr1	213956	213957	38	0.7971
chr1	213984	213985	36	0.7464
chr1	214019	214020	39	0.6652
chr1	214054	214055	43	0.7342
chr1	214077	214078	42	0.8544
chr1	214106	214107	44	0.7855
chr1	214153	214154	44	0.6745
chr1	214171	214172	39	0.853
chr1	214203	214204	39	0.8488
chr1	214232	214233	38	0.7224
chr1	214249	214250	38	0.8849
chr1	214264	214265	52	0.7279
chr1	214364	214365	41	0.8347
chr1	214464	214465	46	0.8421
chr1	214564	214565	45	0.8127
chr1	214614	214615	40	0.7083
chr1	214714	214715	44	0.73
chr1	214814	214815	42	0.6418
chr1	214830	214831	33	0.8941
chr1	214873	214874	37	0.8032
chr1	214923	214924	35	0.6885
chr1	214954	214955	34	0.7054
chr1	214969	214970	49	0.7959
chr1	214984	214985	34	0.8174
chr1	215011	215012	39	0.7686
chr1	215051	215052	37	0.7668
chr1	215066	215067	39	0.6686
chr1	215081	215082	40	0.7422
chr1	215102	215103	40	0.8055
chr1	215121	215122	40	0.8441
chr1	215138	215139	40	0.6381
chr1	215173	215174	47	0.8828
chr1	215223	215224	39	0.9274
chr1	215273	215274	40	0.8399
chr1	215304	215305	41	0.6987
chr1	215403	215404	31	0.806
chr1	215503	215504	47	0.8107
chr1	215603	215604	38	0.7948
chr1	215703	215704	32	0.6
chr1	215797	215798	41	0.9519
chr1	215810	215811	49	0.2517
chr1	215849	215850	47	0.2627
chr1	215874	215875	35	0.1732
chr1	215898	215899	34	0.419
chr1	215922	215923	43	0.4657
chr1	215951	215952	43	0.4488
chr1	215972	215973	42	0.2289
chr1	216011	216012	45	0.147
chr1	216026	216027	39	0.2162
chr1	216052	216053	31	0.4327
chr1	216102	216103	41	0.1829
chr1	216142	216143	28	0.3426
chr1	216169	216170	44	0.2026
chr1	216200	216201	39	0.3836
chr1	216229	216230	42	0.6457
chr1	216254	216255	41	0.4986
chr1	216274	216275	44	0.2116
chr1	216300	216301	39	0.2053
chr1	216400	216401	36	0.5005
chr1	216458	216459	41	0.3203
chr1	216511	216512	43	0.1786
chr1	216610	216611	41	0.2936
chr1	216681	216682	34	0.29
chr1	216731	216732	43	0.4756
chr1	216813	216814	37	0.1771
chr1	216832	216833	47	0.6545
chr1	216853	216854	44	0.8362
chr1	216902	216903	35	0.6025
chr1	216933	216934	42	0.9038
chr1	216967	216968	37	0.8398
chr1	217017	217018	37	0.7335
chr1	217044	217045	41	0.789
chr1	217061	217062	47	0.6495
chr1	217089	217090	45	0.6918
chr1	217108	217109	40	0.6744
chr1	217137	217138	48	0.73
chr1	217185	217186	37	0.7432
chr1	217230	217231	40	0.8198
chr1	217245	217246	41	0.7694
chr1	217271	217272	31	0.587
chr1	217297	217298	44	0.6619
chr1	217322	217323	34	0.6003
chr1	217345	217346	44	0.6697
chr1	217354	217355	39	0.8687
chr1	217428	217429	38	0.7978
chr1	217486	217487	41	0.7244
chr1	217586	217587	44	0.6662
chr1	217642	217643	41	0.8002
chr1	217742	217743	36	0.7655
chr1	217840	217841	43	0.8407
chr1	217936	217937	35	0.7767
chr1	217955	217956	44	0.8156
chr1	217977	217978	38	0.5204
chr1	218025	218026	39	0.2606
chr1	218063	218064	31	0.6458
chr1	218078	218079	40	0.5744
chr1	218102	218103	45	0.3085
chr1	218137	218138	42	0.2834
chr1	218155	218156	43	0.3622
chr1	218170	218171	43	0.4804
chr1	218220	218221	35	0.6602
chr1	218270	218271	32	0.6049
chr1	218311	218312	46	0.3777
chr1	218350	218351	41	0.3174
chr1	218392	218393	38	0.2214
chr1	218410	218411	40	0.8098
chr1	218450	218451	34	0.8047
chr1	218476	218477	47	0.4201
chr1	218564	218565	30	0.1578
chr1	218664	218665	41	0.6689
chr1	218740	218741	45	0.5837
chr1	218840	218841	34	0.6327
chr1	218939	218940	36	0.2194
chr1	218989	218990	39	0.3475
chr1	219032	219033	35	0.5138
chr1	219037	219038	44	0.6621
chr1	219087	219088	30	0.7316
chr1	219102	219103	36	0.7467
chr1	219143	219144	31	0.7665
chr1	219193	219194	43	0.5412
chr1	219208	219209	44	0.7537
chr1	219258	219259	45	0.6764
chr1	219306	219307	43	0.7834
chr1	219324	219325	40	0.6825
chr1	219350	219351	35	0.7354
chr1	219400	219401	52	0.6241
chr1	219420	219421	41	0.7571
chr1	219463	219464	41	0.8919
chr1	219513	219514	37	0.6273
chr1	219560	219561	34	0.7374
chr1	219660	219661	45	0.8292
chr1	219753	219754	41	0.5988
chr1	219803	219804	44	0.9258
chr1	219879	219880	36	0.7147
chr1	219971	219972	36	0.561
chr1	220071	220072	32	0.8092
chr1	220107	220108	44	0.8787
chr1	220113	220114	36	0.836
chr1	220175	220176	41	0.714
chr1	220205	220206	33	0.6933
chr1	220277	220278	42	0.6811
chr1	220329	220330	44	0.901
chr1	220425	220426	45	0.8503
chr1	220427	220428	42	0.6456
chr1	220435	220436	38	0.9112
chr1	220481	220482	44	0.6369
chr1	220488	220489	34	0.1744
chr1	220515	220516	34	0.1595
chr1	220534	220535	38	0.1925
chr1	220560	220561	36	0.023
chr1	220610	220611	45	0.1363
chr1	220647	220648	48	0.1519
chr1	220662	220663	35	0.0039
chr1	220683	220684	44	0.0629
chr1	220727	220728	41	0.145
chr1	220742	220743	39	0.2279
chr1	220761	220762	46	0.2108
chr1	220811	220812	43	0.2037
chr1	220835	220836	49	0.1827
chr1	220861	220862	34	0.0603
chr1	220900	220901	45	0.1114
chr1	220915	220916	40	0.0008
chr1	220946	220947	47	0.1902
chr1	220980	220981	34	0.0563
chr1	221003	221004	44	0.2053
chr1	221008	221009	46	0.1876
chr1	221108	221109	41	0.1221
chr1	221173	221174	48	0.0
chr1	221273	221274	32	0.172
chr1	221373	221374	42	0.0
chr1	221447	221448	43	0.0595
chr1	221497	221498	48	0.1456
chr1	221503	221504	38	0.2057
chr1	221565	221566	39	0.1493
chr1	221617	221618	35	0.1593
chr1	221621	221622	44	0.0574
chr1	221815	221816	37	0.1606
chr1	221835	221836	37	0.1758
chr1	221873	221874	39	0.2244
chr1	221953	221954	44	0.0576
chr1	221995	221996	39	0.079
chr1	221997	221998	32	0.2555
chr1	222012	222013	41	0.6737
chr1	222041	222042	44	0.7174
chr1	222091	222092	48	0.7224
chr1	222117	222118	36	0.6265
chr1	222137	222138	51	0.6755
chr1	222187	222188	43	0.6937
chr1	222231	222232	36	0.7016
chr1	222248	222249	49	0.5627
chr1	222263	222264	43	0.6852
chr1	222302	222303	36	0.6848
chr1	222352	222353	42	0.5233
chr1	222372	222373	41	0.5779
chr1	222411	222412	46	0.7254
chr1	222457	222458	37	0.619
chr1	222506	222507	38	0.7405
chr1	222556	222557	44	0.7501
chr1	222565	222566	34	0.6965
chr1	222623	222624	28	0.7484
chr1	222673	222674	29	0.5292
chr1	222773	222774	43	0.541
chr1	222873	222874	40	0.5991
chr1	222973	222974	45	0.6098
chr1	223073	223074	34	0.5115
chr1	223117	223118	40	0.5251
chr1	223143	223144	38	0.6533
chr1	224138	224139	51	0.5509
chr1	224162	224163	36	0.5844
chr1	224212	224213	45	0.619
chr1	224232	224233	37	0.7574
chr1	224263	224264	40	0.683
chr1	224283	224284	46	0.688
chr1	224302	224303	41	0.5495
chr1	224352	224353	42	0.7873
chr1	224369	224370	38	0.6669
chr1	224393	224394	40	0.71
chr1	224432	224433	39	0.6684
chr1	224482	224483	32	0.6244
chr1	224513	224514	35	0.6068
chr1	224531	224532	42	0.7933
chr1	224573	224574	29	0.7156
chr1	224657	224658	38	0.8983
chr1	224707	224708	43	0.5788
chr1	224731	224732	38	0.8964
chr1	224831	224832	33	0.6566
chr1	224931	224932	42	0.6255
chr1	225031	225032	35	0.7632
chr1	225081	225082	44	0.5998
chr1	225170	225171	33	0.6578
chr1	225256	225257	41	0.6648
chr1	225304	225305	42	0.794
chr1	225340	225341	29	0.7181
chr1	225350	225351	31	0.8326
chr1	225379	225380	48	0.7885
chr1	225422	225423	35	0.8358
chr1	225472	225473	34	0.6958
chr1	225514	225515	42	0.8227
chr1	225544	225545	55	0.8237
chr1	225594	225595	27	0.7964
chr1	225624	225625	33	0.6283
chr1	225639	225640	37	0.7969
chr1	225667	225668	52	0.7551
chr1	225682	225683	38	0.6208
chr1	225709	225710	40	0.7966
chr1	225743	225744	40	0.6961
chr1	225758	225759	38	0.5458
chr1	225795	225796	36	0.7203
chr1	225810	225811	39	0.7482
chr1	225868	225869	32	0.7846
chr1	225918	225919	37	0.7909
chr1	226013	226014	44	0.6476
chr1	226113	226114	39	0.8569
chr1	226204	226205	41	0.7726
chr1	226216	226217	34	0.5519
chr1	226364	226365	42	0.7254
chr1	226410	226411	39	0.9003
chr1	226464	226465	31	0.5129
chr1	226536	226537	31	0.643
chr1	226632	226633	47	0.7625
chr1	226640	226641	33	0.9605
chr1	226692	226693	40	0.7168
chr1	226708	226709	37	0.641
chr1	226746	226747	47	0.8243
chr1	226774	226775	35	0.775
chr1	226800	226801	39	0.8772
chr1	226816	226817	33	0.8493
chr1	226858	226859	46	0.8681
chr1	226908	226909	35	0.8435
chr1	226955	226956	33	0.7989
chr1	227005	227006	43	0.7811
chr1	227029	227030	34	0.7993
chr1	227079	227080	37	0.6171
chr1	227100	227101	45	0.8279
chr1	227115	227116	35	0.8438
chr1	227133	227134	34	0.8218
chr1	227177	227178	42	0.8578
chr1	227227	227228	37	0.9064
chr1	227247	227248	48	0.7339
chr1	227267	227268	39	0.8585
chr1	227367	227368	38	0.6749
chr1	227467	227468	44	0.8391
chr1	227536	227537	34	0.763
chr1	227586	227587	38	0.9438
chr1	227653	227654	39	0.6993
chr1	227753	227754	43	0.859
chr1	227803	227804	42	0.9043
chr1	227826	227827	42	0.8512
chr1	227858	227859	41	0.8983
chr1	227879	227880	37	1.0
chr1	227912	227913	46	1.0
chr1	227927	227928	42	0.9101
chr1	227950	227951	39	0.836
chr1	227976	227977	36	0.9052
chr1	228007	228008	35	0.851
chr1	228030	228031	41	0.9311
chr1	228063	228064	33	0.8129
chr1	228086	228087	39	0.8624
chr1	228124	228125	34	0.8014
chr1	228167	228168	29	0.7534
chr1	228206	228207	33	0.9144
chr1	228236	228237	40	0.6664
chr1	228273	228274	29	0.7664
chr1	228329	228330	39	0.8779
chr1	228379	228380	33	0.8678
chr1	228429	228430	40	0.8157
chr1	228505	228506	43	0.8821
chr1	228571	228572	33	0.6676
chr1	228656	228657	40	0.8654
chr1	228716	228717	30	0.9411
chr1	228758	228759	44	0.7649
chr1	228768	228769	42	0.8079
chr1	228783	228784	44	0.7971
chr1	228833	228834	43	0.81
chr1	228879	228880	37	0.8805
chr1	228905	228906	42	0.8516
chr1	228955	228956	38	0.8041
chr1	228973	228974	36	0.6034
chr1	228990	228991	46	0.7144
chr1	229027	229028	41	0.8057
chr1	229077	229078	29	0.8698
chr1	229124	229125	43	0.6767
chr1	229166	229167	36	0.8387
chr1	229192	229193	45	0.6527
chr1	229218	229219	32	0.8426
chr1	229268	229269	33	0.7862
chr1	229283	229284	35	0.7107
chr1	229383	229384	37	0.8495
chr1	229483	229484	36	0.8247
chr1	229546	229547	51	0.8218
chr1	229646	229647	26	0.8915
chr1	229746	229747	35	0.8369
chr1	229828	229829	31	0.716
chr1	229839	229840	40	0.0
chr1	229854	229855	34	0.0516
chr1	229882	229883	46	0.0152
chr1	229906	229907	45	0.1915
chr1	229922	229923	44	0.0
chr1	229965	229966	31	0.0346
chr1	229988	229989	34	0.0
chr1	230023	230024	31	0.0174
chr1	230062	230063	36	0.0
chr1	230091	230092	54	0.246
chr1	230106	230107	43	0.0785
chr1	230130	230131	43	0.0106
chr1	230161	230162	41	0.0107
chr1	230193	230194	43	0.136
chr1	230243	230244	46	0.0865
chr1	230264	230265	45	0.0464
chr1	230295	230296	33	0.0419
chr1	230330	230331	30	0.0518
chr1	230380	230381	39	0.1042
chr1	230429	230430	41	0.1114
chr1	230493	230494	31	0.0884
chr1	230593	230594	32	0.0464
chr1	230654	230655	49	0.0482
chr1	230735	230736	42	0.1208
chr1	230790	230791	42	0.0
chr1	230890	230891	42	0.0083
chr1	230940	230941	37	0.0355
chr1	230952	230953	34	0.0809
chr1	230965	230966	38	0.0912
chr1	230983	230984	38	0.0265
chr1	231013	231014	31	0.1935
chr1	231059	231060	43	0.2845
chr1	231096	231097	41	0.0145
chr1	231146	231147	35	0.1342
chr1	231161	231162	42	0.1449
chr1	231199	231200	38	0.0261
chr1	231249	231250	32	0.112
chr1	231274	231275	51	0.19
chr1	231322	231323	30	0.1411
chr1	231337	231338	39	0.206
chr1	231352	231353	37	0.1259
chr1	231394	231395	38	0.0628
chr1	231440	231441	48	0.0995
chr1	231469	231470	41	0.0739
chr1	231493	231494	40	0.0322
chr1	231519	231520	33	0.1549
chr1	231542	231543	36	0.0282
chr1	231567	231568	31	0.0619
chr1	231589	231590	44	0.1337
chr1	231613	231614	34	0.0883
chr1	231713	231714	53	0.0
chr1	231802	231803	34	0.0247
chr1	231902	231903	42	0.0155
chr1	231973	231974	47	0.0772
chr1	232049	232050	37	0.2072
chr1	232099	232100	38	0.0755
chr1	232163	232164	30	0.0535
chr1	232181	232182	38	0.1365
chr1	232211	232212	48	0.0
chr1	232218	232219	35	0.3116
chr1	232255	232256	46	0.112
chr1	232279	232280	42	0.1701
chr1	232329	232330	39	0.3459
chr1	232379	232380	40	0.2983
chr1	232394	232395	44	0.1252
chr1	232427	232428	34	0.0743
chr1	232459	232460	38	0.1845
chr1	232504	232505	36	0.0155
chr1	232519	232520	36	0.0788
chr1	232550	232551	33	0.109
chr1	232585	232586	42	0.0692
chr1	232635	232636	37	0.243
chr1	232650	232651	40	0.1015
chr1	232654	232655	39	0.1111
chr1	232754	232755	51	0.1573
chr1	232854	232855	32	0.071
chr1	232904	232905	38	0.0846
chr1	233004	233005	41	0.1884
chr1	233054	233055	40	0.0988
chr1	233100	233101	37	0.2172
chr1	233114	233115	36	0.1452
chr1	233144	233145	36	0.0572
chr1	233332	233333	32	0.1363
chr1	233352	233353	35	0.0661
chr1	233386	233387	37	0.1616
chr1	233412	233413	34	0.2414
chr1	233514	233515	41	0.2876
chr1	233544	233545	38	0.0797
chr1	233549	233550	35	0.7197
chr1	233582	233583	41	0.7683
chr1	233615	233616	37	0.7041
chr1	233665	233666	39	0.7904
chr1	233683	233684	36	0.7743
chr1	233711	233712	35	0.8618
chr1	233726	233727	33	0.7431
chr1	233744	233745	46	0.77
chr1	233777	233778	35	0.6738
chr1	233809	233810	40	0.6582
chr1	233837	233838	48	0.7602
chr1	233886	233887	35	0.6816
chr1	233924	233925	38	0.6785
chr1	233945	233946	40	0.8484
chr1	233994	233995	37	0.8021
chr1	234017	234018	31	0.8003
chr1	234070	234071	35	0.6499
chr1	234120	234121	41	0.655
chr1	234170	234171	41	0.9162
chr1	234270	234271	40	0.829
chr1	234330	234331	42	0.8719
chr1	234387	234388	41	0.8448
chr1	234475	234476	37	0.6575
chr1	234501	234502	40	0.8401
chr1	234551	234552	38	0.6581
chr1	234561	234562	38	0.6115
chr1	234739	234740	43	0.8089
chr1	234811	234812	45	0.6507
chr1	234867	234868	37	0.6349
chr1	234877	234878	43	0.6135
chr1	234881	234882	39	0.707
chr1	234963	234964	30	0.7288
chr1	235002	235003	48	0.8343
chr1	235026	235027	39	0.8252
chr1	235076	235077	38	0.7414
chr1	235120	235121	42	0.8349
chr1	235149	235150	34	0.9249
chr1	235182	235183	31	0.9469
chr1	235218	235219	45	0.7479
chr1	235256	235257	34	0.7617
chr1	235302	235303	45	0.8998
chr1	235331	235332	42	0.6784
chr1	235381	235382	40	0.6876
chr1	235397	235398	51	0.9132
chr1	235438	235439	39	0.795
chr1	235460	235461	40	0.6703
chr1	235475	235476	46	0.8499
chr1	235496	235497	44	0.9028
chr1	235515	235516	38	0.9919
chr1	235537	235538	36	0.9063
chr1	235548	235549	39	0.8017
chr1	235598	235599	38	0.9745
chr1	235648	235649	47	0.7036
chr1	235748	235749	44	0.9329
chr1	235848	235849	42	0.9173
chr1	235943	235944	43	0.828
chr1	236043	236044	42	0.7544
chr1	236113	236114	39	0.8589
chr1	236134	236135	39	0.6762
chr1	236173	236174	43	0.5034
chr1	236200	236201	43	0.7686
chr1	236215	236216	37	0.6081
chr1	236238	236239	39	0.7231
chr1	236288	236289	38	0.5561
chr1	236321	236322	37	0.7306
chr1	236364	236365	49	0.6398
chr1	236399	236400	49	0.7741
chr1	236414	236415	34	0.7972
chr1	236464	236465	36	0.6239
chr1	236508	236509	36	0.594
chr1	236554	236555	42	0.6701
chr1	236569	236570	42	0.708
chr1	236584	236585	43	0.7073
chr1	236625	236626	39	0.6722
chr1	236643	236644	37	0.6979
chr1	236652	236653	42	0.5948
chr1	236702	236703	42	0.6757
chr1	236752	236753	30	0.6848
chr1	236852	236853	52	0.5933
chr1	236932	236933	44	0.6812
chr1	236982	236983	47	0.4848
chr1	237074	237075	43	0.6251
chr1	237168	237169	42	0.6585
chr1	237182	237183	38	0.7917
chr1	237204	237205	44	0.73
chr1	237229	237230	42	0.7073
chr1	237252	237253	40	1.0
chr1	237301	237302	48	0.8358
chr1	237326	237327	43	0.6494
chr1	237351	237352	40	0.916
chr1	237401	237402	37	0.6511
chr1	237454	237455	41	0.7698
chr1	237477	237478	35	0.4516
chr1	237511	237512	38	1.0
chr1	237561	237562	46	0.688
chr1	237590	237591	40	0.6435
chr1	237634	237635	33	0.3621
chr1	237674	237675	34	0.3066
chr1	237695	237696	45	0.3858
chr1	237713	237714	44	0.4213
chr1	237733	237734	40	0.202
chr1	237766	237767	40	0.5943
chr1	237782	237783	31	0.4517
chr1	237849	237850	48	0.8094
chr1	237923	237924	46	0.7187
chr1	238023	238024	47	0.231
chr1	238094	238095	39	0.4179
chr1	238180	238181	39	0.258
chr1	238280	238281	31	0.3526
chr1	238342	238343	39	0.226
chr1	238391	238392	34	0.162
chr1	238428	238429	34	0.1138
chr1	238462	238463	44	0.2481
chr1	238499	238500	33	0.0948
chr1	238521	238522	39	0.1983
chr1	238571	238572	30	0.08
chr1	238599	238600	34	0.0566
chr1	238620	238621	36	0.1913
chr1	238635	238636	34	0.1295
chr1	238671	238672	40	0.2832
chr1	238713	238714	42	0.3115
chr1	238746	238747	35	0.0528
chr1	238761	238762	43	0.125
chr1	238793	238794	29	0.1675
chr1	238827	238828	39	0.1089
chr1	238852	238853	36	0.0141
chr1	238871	238872	39	0.2586
chr1	238897	238898	41	0.3112
chr1	238997	238998	45	0.0809
chr1	239097	239098	39	0.0445
chr1	239166	239167	41	0.0704
chr1	239266	239267	38	0.0681
chr1	239347	239348	37	0.1912
chr1	239379	239380	47	0.1837
chr1	239401	239402	47	0.0715
chr1	239406	239407	41	0.561
chr1	239422	239423	35	0.5074
chr1	239448	239449	32	0.5295
chr1	239463	239464	36	0.4999
chr1	239505	239506	34	0.6246
chr1	239548	239549	36	0.6461
chr1	239575	239576	49	0.4969
chr1	239600	239601	34	0.6497
chr1	239624	239625	42	0.5495
chr1	239662	239663	46	0.602
chr1	239712	239713	40	0.5327
chr1	239754	239755	37	0.7305
chr1	239789	239790	36	0.6018
chr1	239831	239832	33	0.6502
chr1	239874	239875	40	0.5713
chr1	239889	239890	38	0.4418
chr1	239922	239923	44	0.5607
chr1	239960	239961	47	0.5744
chr1	240059	240060	40	0.6313
chr1	240159	240160	38	0.5073
chr1	240252	240253	38	0.6293
chr1	240352	240353	40	0.6717
chr1	240431	240432	42	0.747
chr1	240482	240483	34	0.6737
chr1	240584	240585	34	0.6907
chr1	240668	240669	29	0.6083
chr1	240670	240671	47	0.5454
chr1	240728	240729	32	0.6073
chr1	240788	240789	47	0.7518
chr1	240932	240933	36	0.7228
chr1	240960	240961	36	0.6131
chr1	240966	240967	36	0.5667
chr1	241009	241010	33	0.2904
chr1	241047	241048	40	0.3548
chr1	241073	241074	45	0.2793
chr1	241088	241089	40	0.4118
chr1	241124	241125	37	0.4616
chr1	241174	241175	46	0.224
chr1	241220	241221	37	0.4519
chr1	241239	241240	36	0.354
chr1	241254	241255	49	0.406
chr1	241272	241273	41	0.2035
chr1	241299	241300	37	0.4241
chr1	241340	241341	33	0.3113
chr1	241362	241363	40	0.4199
chr1	241412	241413	34	0.3005
chr1	241430	241431	38	0.3869
chr1	241478	241479	42	0.2391
chr1	241578	241579	42	0.4861
chr1	241678	241679	38	0.3922
chr1	241778	241779	40	0.1611
chr1	241865	241866	36	0.1473
chr1	241941	241942	49	0.2336
chr1	241959	241960	43	0.2477
chr1	241969	241970	40	0.8961
chr1	242007	242008	54	0.9242
chr1	242042	242043	37	0.9388
chr1	242086	242087	38	0.7952
chr1	242105	242106	39	0.8948
chr1	242135	242136	37	0.8186
chr1	242160	242161	42	0.9247
chr1	242197	242198	43	0.6553
chr1	242247	242248	33	0.7681
chr1	242288	242289	43	0.7649
chr1	242309	242310	42	0.9293
chr1	242324	242325	37	0.8518
chr1	242356	242357	39	0.7641
chr1	242398	242399	41	0.7404
chr1	242415	242416	33	0.8857
chr1	242447	242448	38	0.8944
chr1	242463	242464	46	0.8441
chr1	242489	242490	35	0.8833
chr1	242504	242505	38	0.8467
chr1	242558	242559	49	0.9244
chr1	242658	242659	49	0.8888
chr1	242758	242759	28	0.7377
chr1	242858	242859	38	0.9321
chr1	242958	242959	44	1.0
chr1	243006	243007	34	0.8581
chr1	243008	243009	34	0.8473
chr1	243053	243054	36	0.7704
chr1	243103	243104	38	0.751
chr1	243134	243135	39	0.699
chr1	243149	243150	27	0.819
chr1	243199	243200	28	0.7768
chr1	243214	243215	47	0.5701
chr1	243229	243230	33	0.5192
chr1	243258	243259	39	0.5469
chr1	243285	243286	40	0.7116
chr1	243335	243336	46	0.527
chr1	243361	243362	42	0.6553
chr1	243381	243382	47	0.6643
chr1	243411	243412	40	0.7414
chr1	243445	243446	43	0.6259
chr1	243482	243483	34	0.6874
chr1	243516	243517	45	0.6096
chr1	243565	243566	48	0.7565
chr1	243582	243583	43	0.6346
chr1	243632	243633	36	0.5986
chr1	243682	243683	36	0.7347
chr1	243781	243782	36	0.6594
chr1	243831	243832	31	0.7177
chr1	243921	243922	47	0.6634
chr1	244000	244001	40	0.6806
chr1	244100	244101	36	0.484
chr1	244178	244179	47	0.4847
chr1	244183	244184	37	0.024
chr1	244213	244214	51	0.0604
chr1	244229	244230	41	0.2568
chr1	244247	244248	30	0.0526
chr1	244264	244265	42	0.0
chr1	244300	244301	34	0.1525
chr1	244325	244326	38	0.2332
chr1	244344	244345	37	0.191
chr1	244366	244367	32	0.1482
chr1	244391	244392	42	0.0645
chr1	244434	244435	40	0.092
chr1	244470	244471	31	0.0
chr1	244516	244517	36	0.1146
chr1	244544	244545	38	0.1217
chr1	244562	244563	38	0.1211
chr1	244581	244582	46	0.0027
chr1	244630	244631	47	0.124
chr1	244662	244663	33	0.0241
chr1	244698	244699	39	0.0828
chr1	244719	244720	39	0.0685
chr1	244726	244727	34	0.0959
chr1	244814	244815	47	0.0
chr1	244914	244915	36	0.0082
chr1	245004	245005	44	0.112
chr1	245104	245105	46	0.0367
chr1	245154	245155	50	0.0782
chr1	245217	245218	41	0.0996
chr1	245259	245260	42	0.1779
chr1	245269	245270	40	0.1239
chr1	245283	245284	38	0.1671
chr1	245289	245290	42	0.1602
chr1	245347	245348	40	0.0537
chr1	245403	245404	30	0.1215
chr1	245427	245428	45	0.1188
chr1	245489	245490	38	0.0957
chr1	245515	245516	40	0.2225
chr1	245529	245530	38	0.0
chr1	245536	245537	43	0.1057
chr1	245583	245584	45	0.0
chr1	245601	245602	39	0.1908
chr1	245618	245619	39	0.1138
chr1	245635	245636	28	0.15
chr1	245661	245662	48	0.2508
chr1	245697	245698	33	0.1729
chr1	245713	245714	44	0.2861
chr1	245740	245741	43	0.2591
chr1	245756	245757	26	0.0765
chr1	245771	245772	43	0.0
chr1	245809	245810	34	0.1721
chr1	245849	245850	37	0.1149
chr1	245869	245870	45	0.3259
chr1	245919	245920	48	0.0813
chr1	245966	245967	36	0.2871
chr1	246003	246004	41	0.1719
chr1	246018	246019	39	0.1362
chr1	246118	246119	42	0.1835
chr1	246218	246219	48	0.1336
chr1	246318	246319	36	0.2054
chr1	246406	246407	43	0.2454
chr1	246488	246489	34	0.3233
chr1	246502	246503	43	0.0273
chr1	246640	246641	39	0.1661
chr1	246704	246705	40	0.0681
chr1	246762	246763	38	0.1798
chr1	246768	246769	42	0.0544
chr1	246806	246807	35	0.067
chr1	246920	246921	33	0.1281
chr1	246946	246947	36	0.0786
chr1	246962	246963	45	0.2085
chr1	246978	246979	40	0.2274
chr1	247002	247003	35	0.6928
chr1	247041	247042	44	0.8876
chr1	247091	247092	40	0.6327
chr1	247116	247117	32	0.7108
chr1	247166	247167	43	0.7617
chr1	247199	247200	33	0.7665
chr1	247223	247224	37	0.7971
chr1	247239	247240	36	0.7782
chr1	247281	247282	41	0.8438
chr1	247303	247304	36	0.8718
chr1	247341	247342	34	0.8311
chr1	247356	247357	37	0.7316
chr1	247391	247392	34	0.7845
chr1	247420	247421	47	0.7522
chr1	247449	247450	39	0.8142
chr1	247465	247466	45	0.7938
chr1	247515	247516	45	0.8502
chr1	247530	247531	39	0.8323
chr1	247596	247597	40	0.6759
chr1	247696	247697	44	0.6599
chr1	247748	247749	34	0.7762
chr1	247847	247848	44	0.7725
chr1	247947	247948	36	0.9168
chr1	248047	248048	41	0.7725
chr1	248109	248110	35	0.6899
chr1	248127	248128	44	0.7961
chr1	248138	248139	38	0.6902
chr1	248173	248174	49	0.5639
chr1	248211	248212	33	0.6939
chr1	248261	248262	41	0.5422
chr1	248311	248312	41	0.5891
chr1	248361	248362	36	0.7893
chr1	248410	248411	36	0.6156
chr1	248460	248461	43	0.5222
chr1	248488	248489	36	0.6237
chr1	248510	248511	47	0.7776
chr1	248536	248537	34	0.5765
chr1	248586	248587	44	0.5248
chr1	248619	248620	41	0.6444
chr1	248649	248650	40	0.7399
chr1	248672	248673	42	0.7344
chr1	248684	248685	47	0.6169
chr1	248784	248785	41	0.6729
chr1	248884	248885	38	0.7329
chr1	248984	248985	42	0.6373
chr1	249084	249085	40	0.6898
chr1	249184	249185	42	0.5409
chr1	249212	249213	31	0.6681
chr1	249220	249221	41	0.1705
chr1	249235	249236	37	0.0806
chr1	249273	249274	45	0.1548
chr1	249304	249305	40	0.0863
chr1	249325	249326	40	0.3083
chr1	249346	249347	39	0.2449
chr1	249380	249381	47	0.191
chr1	249424	249425	42	0.1158
chr1	249457	249458	37	0.0335
chr1	249472	249473	39	0.1597
chr1	249509	249510	33	0.1329
chr1	249542	249543	40	0.1652
chr1	249567	249568	38	0.1901
chr1	249608	249609	39	0.2866
chr1	249627	249628	42	0.1157
chr1	249658	249659	36	0.2101
chr1	249699	249700	40	0.2907
chr1	249742	249743	35	0.2369
chr1	249753	249754	34	0.2222
chr1	249853	249854	36	0.352
chr1	249903	249904	35	0.2573
chr1	249972	249973	41	0.136
chr1	250072	250073	32	0.1945
chr1	250172	250173	33	0.1802
chr1	250272	250273	41	0.1608
chr1	250296	250297	46	0.2153
chr1	250300	250301	44	0.1755
chr1	250442	250443	42	0.1273
chr1	250500	250501	49	0.0711
chr1	250518	250519	46	0.1814
chr1	250642	250643	37	0.3301
chr1	250724	250725	46	0.149
chr1	250770	250771	34	0.254
chr1	250776	250777	47	1.0
chr1	250805	250806	37	0.9735
chr1	250855	250856	42	0.9516
chr1	250870	250871	40	0.9163
chr1	250919	250920	38	0.9489
chr1	250969	250970	37	0.8627
chr1	250994	250995	39	0.9202
chr1	251019	251020	37	0.9309
chr1	251063	251064	31	1.0
chr1	251113	251114	30	1.0
chr1	251131	251132	34	0.9238
chr1	251181	251182	37	0.8916
chr1	251231	251232	47	0.9843
chr1	251263	251264	43	0.9488
chr1	251300	251301	34	1.0
chr1	251302	251303	40	0.9257
chr1	251386	251387	44	0.9473
chr1	251486	251487	40	0.9448
chr1	251536	251537	43	0.9033
chr1	251586	251587	43	1.0
chr1	251686	251687	38	0.9547
chr1	251786	251787	36	1.0
chr1	251908	251909	37	0.9214
chr1	252126	252127	34	0.7981
chr1	252132	252133	41	0.9255
chr1	252200	252201	42	0.8932
chr1	252250	252251	37	0.9129
chr1	252260	252261	42	0.086
chr1	252310	252311	46	0.1958
chr1	252347	252348	37	0.1152
chr1	252364	252365	41	0.2705
chr1	252379	252380	36	0.2496
chr1	252394	252395	51	0.1455
chr1	252434	252435	34	0.224
chr1	252449	252450	47	0.1832
chr1	252486	252487	34	0.0415
chr1	252516	252517	32	0.3384
chr1	252536	252537	46	0.2702
chr1	252554	252555	47	0.1742
chr1	252604	252605	38	0.1339
chr1	252628	252629	38	0.3072
chr1	252661	252662	42	0.179
chr1	252697	252698	38	0.2302
chr1	252797	252798	33	0.0731
chr1	252897	252898	42	0.1479
chr1	252996	252997	39	0.201
chr1	253096	253097	31	0.1562
chr1	253118	253119	35	0.087
chr1	253126	253127	43	0.2301
chr1	253146	253147	39	0.2642
chr1	253162	253163	40	0.2377
chr1	253568	253569	32	0.3335
chr1	253589	253590	44	0.2232
chr1	253620	253621	47	0.1313
chr1	253644	253645	47	0.0826
chr1	253660	253661	29	0.0
chr1	253680	253681	41	0.0564
chr1	253711	253712	37	0.0567
chr1	253753	253754	43	0.146
chr1	253803	253804	41	0.0267
chr1	253818	253819	42	0.0312
chr1	253843	253844	46	0.2464
chr1	253866	253867	42	0.1257
chr1	253916	253917	41	0.0248
chr1	253958	253959	33	0.0474
chr1	253986	253987	49	0.0282
chr1	254005	254006	39	0.053
chr1	254041	254042	41	0.1015
chr1	254066	254067	36	0.1247
chr1	254097	254098	46	0.1096
chr1	254123	254124	40	0.0877
chr1	254173	254174	37	0.0343
chr1	254273	254274	33	0.0803
chr1	254323	254324	31	0.0707
chr1	254373	254374	33	0.1215
chr1	254473	254474	48	0.0
chr1	254544	254545	36	0.0671
chr1	254644	254645	44	0.0789
chr1	254726	254727	42	0.1211
chr1	254736	254737	33	0.0494
chr1	254769	254770	37	0.1975
chr1	254808	254809	40	0.051
chr1	254823	254824	39	0.0228
chr1	254839	254840	33	0.1664
chr1	254877	254878	34	0.0
chr1	254899	254900	39	0.0
chr1	254940	254941	40	0.0
chr1	254960	254961	36	0.1015
chr1	254976	254977	40	0.0653
chr1	255026	255027	33	0.0426
chr1	255061	255062	35	0.1092
chr1	255097	255098	47	0.0779
chr1	255124	255125	41	0.1113
chr1	255151	255152	35	0.0911
chr1	255187	255188	40	0.1041
chr1	255202	255203	37	0.0863
chr1	255235	255236	42	0.1112
chr1	255285	255286	36	0.0
chr1	255305	255306	26	0.0261
chr1	255405	255406	40	0.1045
chr1	255505	255506	40	0.0
chr1	255605	255606	35	0.065
chr1	255667	255668	39	0.108
chr1	255717	255718	37	0.0375
chr1	255767	255768	35	0.221
chr1	255858	255859	38	0.0951
chr1	255954	255955	33	0.1315
chr1	256178	256179	35	0.0344
chr1	256188	256189	37	0.0501
chr1	256234	256235	34	0.1499
chr1	256292	256293	42	0.1221
chr1	256340	256341	43	0.0855
chr1	256374	256375	42	0.8837
chr1	256406	256407	37	0.8051
chr1	256421	256422	39	0.9734
chr1	256471	256472	41	0.8997
chr1	256520	256521	42	0.7934
chr1	256541	256542	47	0.6091
chr1	256578	256579	36	0.794
chr1	256604	256605	39	0.8997
chr1	256619	256620	39	0.8428
chr1	256662	256663	44	0.7565
chr1	256684	256685	39	0.7581
chr1	256730	256731	43	0.702
chr1	256745	256746	44	0.7601
chr1	256760	256761	34	0.808
chr1	256775	256776	32	0.9541
chr1	256798	256799	39	0.904
chr1	256832	256833	37	0.815
chr1	256857	256858	32	0.8114
chr1	256865	256866	42	0.6352
chr1	256934	256935	49	0.7103
chr1	256984	256985	40	0.842
chr1	257076	257077	36	0.7306
chr1	257131	257132	40	0.8532
chr1	257181	257182	36	0.8714
chr1	257231	257232	42	0.7338
chr1	257331	257332	49	0.7774
chr1	257391	257392	41	0.7989
chr1	257415	257416	41	0.8402
chr1	257422	257423	37	0.146
chr1	257440	257441	43	0.187
chr1	257472	257473	38	0.1325
chr1	257488	257489	34	0.1894
chr1	257519	257520	31	0.1423
chr1	257569	257570	34	0.04
chr1	257607	257608	37	0.2648
chr1	257630	257631	43	0.2259
chr1	257673	257674	35	0.2764
chr1	257711	257712	33	0.0686
chr1	257756	257757	37	0.3856
chr1	257801	257802	42	0.0464
chr1	257821	257822	42	0.0386
chr1	257851	257852	44	0.0606
chr1	257901	257902	45	0.2925
chr1	257917	257918	36	0.2504
chr1	258017	258018	39	0.2209
chr1	258067	258068	42	0.1323
chr1	258167	258168	37	0.1858
chr1	258267	258268	32	0.0597
chr1	258367	258368	44	0.1995
chr1	258407	258408	37	0.2917
chr1	258445	258446	42	0.2057
chr1	258531	258532	38	0.1993
chr1	258699	258700	36	0.1256
chr1	258863	258864	39	0.0295
chr1	258883	258884	35	0.8785
chr1	258915	258916	43	0.9594
chr1	258930	258931	40	0.8148
chr1	258945	258946	33	0.8057
chr1	258969	258970	35	0.9325
chr1	259012	259013	43	0.8225
chr1	259048	259049	42	0.9927
chr1	259071	259072	48	0.9217
chr1	259093	259094	35	0.7295
chr1	259111	259112	41	0.8426
chr1	259139	259140	45	0.904
chr1	259168	259169	34	0.9719
chr1	259192	259193	37	0.8721
chr1	259207	259208	37	0.8678
chr1	259226	259227	31	0.9825
chr1	259262	259263	34	0.8269
chr1	259278	259279	38	0.8788
chr1	259298	259299	30	0.9127
chr1	259331	259332	37	1.0
chr1	259357	259358	39	0.7413
chr1	259378	259379	39	0.8214
chr1	259397	259398	38	0.9786
chr1	259497	259498	37	0.8072
chr1	259567	259568	37	0.9023
chr1	259626	259627	33	0.8117
chr1	259676	259677	45	0.8316
chr1	259776	259777	34	0.8557
chr1	259847	259848	42	0.8892
chr1	259917	259918	34	0.9618
chr1	259949	259950	44	0.7869
chr1	259982	259983	43	0.7352
chr1	260032	260033	48	0.7932
chr1	260069	260070	35	0.9618
chr1	260099	260100	37	0.9171
chr1	260136	260137	39	0.9065
chr1	260159	260160	51	0.7224
chr1	260198	260199	50	0.8243
chr1	260248	260249	45	0.8332
chr1	260276	260277	37	0.7143
chr1	260299	260300	44	0.8938
chr1	260349	260350	35	0.9445
chr1	260384	260385	44	0.8599
chr1	260431	260432	42	0.9116
chr1	260481	260482	28	0.906
chr1	260581	260582	36	0.7171
chr1	260681	260682	39	0.8579
chr1	260781	260782	44	0.9681
chr1	260880	260881	39	0.9172
chr1	260976	260977	38	0.8571
chr1	260983	260984	46	0.6007
chr1	261033	261034	43	0.6374
chr1	261052	261053	43	0.6421
chr1	261071	261072	47	0.7057
chr1	261113	261114	45	0.8432
chr1	261150	261151	28	0.7987
chr1	261180	261181	33	0.7628
chr1	261206	261207	29	0.717
chr1	261231	261232	47	0.7609
chr1	261281	261282	37	0.661
chr1	261300	261301	41	0.6378
chr1	261330	261331	39	0.77
chr1	261353	261354	35	0.7417
chr1	261370	261371	36	0.8352
chr1	261391	261392	40	0.7214
chr1	261408	261409	49	0.8676
chr1	261423	261424	39	0.667
chr1	261449	261450	49	0.7258
chr1	261474	261475	42	0.6321
chr1	261496	261497	41	0.714
chr1	261561	261562	39	0.6309
chr1	261611	261612	42	0.7192
chr1	261695	261696	40	0.7116
chr1	261782	261783	41	0.5248
chr1	261882	261883	38	0.6195
chr1	261982	261983	40	0.613
chr1	262002	262003	33	0.6833
chr1	262078	262079	34	0.6622
chr1	262144	262145	36	0.6962
chr1	262396	262397	41	0.7083
chr1	262428	262429	43	0.8232
chr1	262447	262448	40	0.6148
chr1	262462	262463	47	0.7997
chr1	262498	262499	41	0.7382
chr1	262523	262524	48	0.83
chr1	262564	262565	41	0.7738
chr1	262589	262590	48	0.7056
chr1	262635	262636	33	0.9153
chr1	262669	262670	42	0.8376
chr1	262692	262693	30	0.7607
chr1	262732	262733	42	0.7984
chr1	262757	262758	39	0.9527
chr1	262807	262808	37	0.7129
chr1	262833	262834	39	0.8303
chr1	262883	262884	41	0.7459
chr1	262924	262925	48	0.7245
chr1	262941	262942	41	0.5975
chr1	262961	262962	39	0.9161
chr1	262976	262977	38	0.8181
chr1	262988	262989	46	0.808
chr1	263088	263089	38	0.8874
chr1	263138	263139	32	0.8724
chr1	263238	263239	47	0.7582
chr1	263338	263339	33	0.7552
chr1	263438	263439	35	0.8395
chr1	263488	263489	38	0.6739
chr1	263540	263541	41	0.8428
chr1	263544	263545	50	0.669
chr1	263591	263592	40	0.7105
chr1	263620	263621	41	0.6219
chr1	263644	263645	40	0.6982
chr1	263666	263667	40	0.5325
chr1	263689	263690	41	0.6313
chr1	263739	263740	38	0.6885
chr1	263789	263790	38	0.854
chr1	263820	263821	33	0.7559
chr1	263852	263853	33	0.4896
chr1	263889	263890	32	0.7801
chr1	263923	263924	31	0.8306
chr1	263961	263962	42	0.7555
chr1	263988	263989	44	0.7644
chr1	264038	264039	41	0.6519
chr1	264069	264070	44	0.5815
chr1	264169	264170	45	0.7543
chr1	264269	264270	47	0.8013
chr1	264369	264370	41	0.8599
chr1	264433	264434	41	0.947
chr1	264509	264510	33	0.6187
chr1	264601	264602	35	0.5749
chr1	264638	264639	44	0.9256
chr1	264666	264667	28	0.9493
chr1	264701	264702	41	0.9488
chr1	264751	264752	42	0.8479
chr1	264801	264802	46	0.815
chr1	264833	264834	33	0.9305
chr1	264857	264858	42	0.934
chr1	264904	264905	41	0.9562
chr1	264954	264955	42	0.9162
chr1	264969	264970	38	1.0
chr1	265002	265003	36	0.9428
chr1	265023	265024	40	0.9328
chr1	265054	265055	37	0.8753
chr1	265069	265070	41	0.9971
chr1	265107	265108	41	0.9311
chr1	265135	265136	37	0.9276
chr1	265156	265157	45	0.8512
chr1	265166	265167	37	0.8624
chr1	265266	265267	44	0.922
chr1	265316	265317	38	0.8675
chr1	265416	265417	39	0.9364
chr1	265516	265517	41	0.9655
chr1	265616	265617	46	0.8053
chr1	265686	265687	36	0.9594
chr1	265720	265721	41	0.9529
chr1	265772	265773	39	0.9304
chr1	265781	265782	50	0.6536
chr1	265813	265814	45	0.6632
chr1	265831	265832	31	0.7222
chr1	265873	265874	46	0.6725
chr1	265915	265916	46	0.6763
chr1	265965	265966	37	0.797
chr1	265984	265985	33	0.7093
chr1	266002	266003	40	0.6592
chr1	266025	266026	37	0.7236
chr1	266056	266057	38	0.6809
chr1	266076	266077	44	0.7918
chr1	266113	266114	36	0.6388
chr1	266141	266142	40	0.7472
chr1	266166	266167	47	0.8146
chr1	266184	266185	40	0.6794
chr1	266208	266209	37	0.7676
chr1	266229	266230	39	0.6481
chr1	266246	266247	41	0.7263
chr1	266283	266284	36	0.8835
chr1	266383	266384	41	0.7278
chr1	266433	266434	45	0.6597
chr1	266499	266500	48	0.7406
chr1	266549	266550	40	0.7625
chr1	266603	266604	37	0.6058
chr1	266662	266663	44	0.764
chr1	266725	266726	38	0.766
chr1	266837	266838	39	0.8322
chr1	266959	266960	35	0.8028
chr1	266965	266966	34	0.8833
chr1	267025	267026	38	0.9061
chr1	267077	267078	43	0.7075
chr1	267219	267220	35	0.8569
chr1	267257	267258	44	0.9486
chr1	267272	267273	43	0.9484
chr1	267314	267315	49	0.8809
chr1	267356	267357	36	0.7743
chr1	267371	267372	41	0.8551
chr1	267416	267417	41	0.9054
chr1	267454	267455	32	0.9807
chr1	267469	267470	44	0.8999
chr1	267498	267499	39	0.7966
chr1	267522	267523	35	0.6813
chr1	267539	267540	41	0.7921
chr1	267563	267564	44	0.868
chr1	267579	267580	41	0.9485
chr1	267607	267608	41	0.7884
chr1	267629	267630	37	0.8532
chr1	267652	267653	35	0.8442
chr1	267680	267681	49	0.9594
chr1	267706	267707	40	0.9469
chr1	267745	267746	40	0.7969
chr1	267764	267765	43	0.9671
chr1	267864	267865	40	0.8829
chr1	267939	267940	37	0.9012
chr1	268039	268040	42	0.8772
chr1	268111	268112	42	0.7667
chr1	268161	268162	44	0.6695
chr1	268261	268262	32	0.8829
chr1	268295	268296	42	0.8526
chr1	268313	268314	41	0.74
chr1	268357	268358	40	0.2451
chr1	268407	268408	32	0.3551
chr1	268444	268445	36	0.2681
chr1	268474	268475	38	0.2409
chr1	268512	268513	42	0.3722
chr1	268532	268533	42	0.2939
chr1	268571	268572	38	0.3739
chr1	268586	268587	48	0.3453
chr1	268625	268626	42	0.3111
chr1	268640	268641	35	0.5
chr1	268682	268683	35	0.3861
chr1	268721	268722	31	0.391
chr1	268737	268738	46	0.354
chr1	268775	268776	38	0.3185
chr1	268793	268794	38	0.2612
chr1	268819	268820	46	0.2248
chr1	268836	268837	46	0.3646
chr1	268936	268937	50	0.2904
chr1	269002	269003	28	0.2732
chr1	269081	269082	38	0.3846
chr1	269181	269182	45	0.3104
chr1	269252	269253	46	0.4032
chr1	269304	269305	36	0.483
chr1	269345	269346	42	0.376
chr1	269376	269377	37	0.7278
chr1	269394	269395	40	0.9063
chr1	269438	269439	33	0.778
chr1	269475	269476	38	0.7501
chr1	269525	269526	43	1.0
chr1	269551	269552	42	0.6362
chr1	269575	269576	40	0.5079
chr1	269608	269609	42	1.0
chr1	269658	269659	36	0.456
chr1	269703	269704	41	0.3916
chr1	269733	269734	50	0.5621
chr1	269775	269776	41	0.8845
chr1	269802	269803	34	1.0
chr1	269885	269886	36	1.0
chr1	269985	269986	35	1.0
chr1	270035	270036	33	1.0
chr1	270135	270136	42	0.5233
chr1	270235	270236	33	0.508
chr1	270237	270238	42	1.0
chr1	270283	270284	41	0.9466
chr1	270294	270295	42	0.7983
chr1	270318	270319	41	0.6992
chr1	270357	270358	32	0.8087
chr1	270388	270389	43	0.7618
chr1	270403	270404	44	0.7668
chr1	270453	270454	26	0.7796
chr1	270472	270473	39	0.5515
chr1	270515	270516	37	0.7002
chr1	270530	270531	41	0.7867
chr1	270568	270569	27	0.5822
chr1	270594	270595	31	0.6123
chr1	270613	270614	41	0.8483
chr1	270650	270651	44	0.8886
chr1	270681	270682	42	0.7733
chr1	270698	270699	36	0.8178
chr1	270730	270731	50	0.8414
chr1	270763	270764	42	0.6533
chr1	270765	270766	51	0.5812
chr1	270824	270825	38	0.6367
chr1	270924	270925	30	0.7421
chr1	271024	271025	36	0.6853
chr1	271124	271125	40	0.7488
chr1	271224	271225	46	0.6982
chr1	271282	271283	42	0.6533
chr1	271290	271291	45	0.8395
chr1	271295	271296	42	0.0407
chr1	271330	271331	40	0.0333
chr1	271360	271361	39	0.0002
chr1	271383	271384	40	0.0382
chr1	271433	271434	47	0.0522
chr1	271449	271450	32	0.0
chr1	271475	271476	35	0.0338
chr1	271511	271512	32	0.0942
chr1	271558	271559	45	0.0575
chr1	271575	271576	45	0.0
chr1	271620	271621	36	0.005
chr1	271637	271638	42	0.0
chr1	271680	271681	40	0.0917
chr1	271706	271707	42	0.0
chr1	271725	271726	37	0.0
chr1	271748	271749	29	0.0447
chr1	271769	271770	38	0.0
chr1	271797	271798	36	0.0
chr1	271826	271827	41	0.0
chr1	271858	271859	33	0.1518
chr1	271871	271872	37	0.0
chr1	271921	271922	31	0.0378
chr1	272021	272022	41	0.0596
chr1	272071	272072	38	0.0921
chr1	272122	272123	38	0.0
chr1	272222	272223	41	0.068
chr1	272322	272323	42	0.0285
chr1	272378	272379	42	0.0302
chr1	272504	272505	38	0.091
chr1	272514	272515	39	0.0952
chr1	272516	272517	47	0.1132
chr1	272560	272561	45	0.0793
chr1	272604	272605	43	0.0474
chr1	272610	272611	46	0.1023
chr1	272632	272633	31	0.1105
chr1	272658	272659	36	0.1704
chr1	272802	272803	37	0.0746
chr1	272842	272843	38	0.0907
chr1	272861	272862	35	0.7971
chr1	272911	272912	31	0.7553
chr1	272950	272951	36	0.646
chr1	273000	273001	36	0.5362
chr1	273038	273039	40	0.7123
chr1	273067	273068	38	0.6722
chr1	273117	273118	37	0.7077
chr1	273136	273137	29	0.7775
chr1	273153	273154	40	0.686
chr1	273183	273184	49	0.7486
chr1	273216	273217	32	0.7178
chr1	273266	273267	38	0.6845
chr1	273281	273282	36	0.7516
chr1	273329	273330	39	0.5248
chr1	273352	273353	39	0.5511
chr1	273425	273426	33	0.7937
chr1	273500	273501	40	0.6046
chr1	273550	273551	39	0.8527
chr1	273650	273651	42	0.5088
chr1	273719	273720	41	0.6151
chr1	273794	273795	41	0.5848
chr1	273806	273807	39	0.7307
chr1	273834	273835	42	0.5557
chr1	273843	273844	34	0.9817
chr1	273863	273864	48	0.9799
chr1	273880	273881	41	0.7153
chr1	273907	273908	45	0.8609
chr1	273925	273926	35	0.9234
chr1	273941	273942	45	0.8184
chr1	273961	273962	42	0.9468
chr1	273985	273986	35	0.8647
chr1	274035	274036	44	0.9071
chr1	274078	274079	35	0.8588
chr1	274128	274129	39	0.8347
chr1	274152	274153	42	1.0
chr1	274175	274176	43	0.9706
chr1	274206	274207	40	0.9212
chr1	274233	274234	34	0.8448
chr1	274254	274255	43	1.0
chr1	274269	274270	41	0.9505
chr1	274300	274301	40	0.7933
chr1	274318	274319	48	0.8377
chr1	274346	274347	33	0.7967
chr1	274372	274373	36	0.911
chr1	274403	274404	39	0.8993
chr1	274405	274406	47	1.0
chr1	274493	274494	38	0.8763
chr1	274593	274594	46	0.9557
chr1	274656	274657	44	0.9379
chr1	274708	274709	47	0.8882
chr1	274808	274809	46	0.8636
chr1	274908	274909	34	0.8415
chr1	274978	274979	36	0.8558
chr1	274990	274991	37	0.8374
chr1	275008	275009	39	0.8747
chr1	275016	275017	41	0.905
chr1	275050	275051	43	0.6323
chr1	275074	275075	31	0.7741
chr1	275084	275085	43	0.8396
chr1	275136	275137	37	0.9018
chr1	275216	275217	39	0.8561
chr1	275330	275331	40	0.9123
chr1	275338	275339	40	0.7886
chr1	275388	275389	39	0.768
chr1	275438	275439	43	0.6766
chr1	275456	275457	42	0.7538
chr1	275480	275481	37	0.6632
chr1	275509	275510	45	0.6471
chr1	275530	275531	33	0.7453
chr1	275557	275558	39	0.6584
chr1	275580	275581	37	0.6325
chr1	275629	275630	46	0.9514
chr1	275650	275651	40	0.7241
chr1	275671	275672	36	0.8148
chr1	275696	275697	27	0.794
chr1	275716	275717	41	0.8587
chr1	275737	275738	38	0.8215
chr1	275767	275768	37	0.752
chr1	275817	275818	50	0.7909
chr1	275850	275851	38	0.7675
chr1	275900	275901	41	0.8106
chr1	276000	276001	36	0.8327
chr1	276063	276064	36	0.7703
chr1	276163	276164	40	0.7296
chr1	276263	276264	34	0.7539
chr1	276363	276364	42	0.8877
chr1	276427	276428	33	0.7807
chr1	276497	276498	46	0.7479
chr1	276675	276676	33	0.8689
chr1	276751	276752	33	0.7218
chr1	276758	276759	45	0.1517
chr1	276790	276791	31	0.1722
chr1	276840	276841	42	0.1299
chr1	276856	276857	36	0.0678
chr1	276883	276884	38	0.1932
chr1	276928	276929	39	0.1882
chr1	276943	276944	42	0.1076
chr1	276993	276994	41	0.1404
chr1	277025	277026	35	0.0801
chr1	277044	277045	40	0.2753
chr1	277092	277093	47	0.2782
chr1	277142	277143	38	0.262
chr1	277183	277184	38	0.1519
chr1	277220	277221	37	0.0825
chr1	277237	277238	37	0.1454
chr1	277337	277338	37	0.0719
chr1	277437	277438	40	0.0606
chr1	277537	277538	42	0.1318
chr1	277637	277638	32	0.0564
chr1	277649	277650	35	0.2935
chr1	277713	277714	43	0.155
chr1	277777	277778	33	0.0758
chr1	277831	277832	49	0.0
chr1	277835	277836	39	0.1823
chr1	277955	277956	36	0.0088
chr1	277965	277966	36	0.0608
chr1	278019	278020	41	0.1974
chr1	278085	278086	38	0.247
chr1	278093	278094	50	0.1795
chr1	278101	278102	47	0.485
chr1	278119	278120	41	0.5988
chr1	278154	278155	39	0.6273
chr1	278204	278205	36	0.766
chr1	278254	278255	38	0.8224
chr1	278300	278301	43	0.6815
chr1	278345	278346	40	0.7596
chr1	278374	278375	37	0.7058
chr1	278402	278403	38	0.6739
chr1	278452	278453	37	0.7607
chr1	278502	278503	35	0.8657
chr1	278552	278553	39	0.7596
chr1	278561	278562	39	0.8446
chr1	278661	278662	31	0.767
chr1	278711	278712	41	0.6738
chr1	278811	278812	35	0.7117
chr1	278877	278878	37	0.7891
chr1	278977	278978	43	0.6312
chr1	279013	279014	34	0.7304
chr1	279035	279036	48	0.4867
chr1	279159	279160	38	0.6218
chr1	279179	279180	30	0.678
chr1	279201	279202	33	0.7103
chr1	279249	279250	40	0.807
chr1	279297	279298	33	0.8399
chr1	279305	279306	38	0.8106
chr1	279330	279331	36	0.6408
chr1	279347	279348	46	0.6215
chr1	279382	279383	41	0.6352
chr1	279414	279415	40	0.6896
chr1	279446	279447	39	0.7745
chr1	279478	279479	33	0.6988
chr1	279493	279494	45	0.6572
chr1	279525	279526	33	0.6364
chr1	279575	279576	42	0.7226
chr1	279598	279599	48	0.8055
chr1	279648	279649	29	0.8122
chr1	279663	279664	39	0.6222
chr1	279702	279703	42	0.7869
chr1	279731	279732	37	0.7628
chr1	279781	279782	43	0.7722
chr1	279796	279797	40	0.6931
chr1	279821	279822	42	0.8363
chr1	279823	279824	37	0.7653
chr1	279873	279874	44	0.7812
chr1	279931	279932	44	0.6201
chr1	279981	279982	46	0.6014
chr1	280048	280049	36	0.4911
chr1	280148	280149	47	0.8174
chr1	280215	280216	33	0.8638
chr1	280315	280316	33	0.8129
chr1	280395	280396	41	0.8329
chr1	280413	280414	38	0.688
chr1	280431	280432	43	0.625
chr1	280487	280488	40	0.6449
chr1	280589	280590	40	0.5954
chr1	280655	280656	48	0.7785
chr1	280691	280692	38	0.6721
chr1	280749	280750	36	0.6201
chr1	280790	280791	41	0.6169
chr1	280824	280825	35	0.6812
chr1	280874	280875	42	0.7035
chr1	280924	280925	42	0.6026
chr1	280942	280943	41	0.6528
chr1	280977	280978	40	0.8669
chr1	281027	281028	45	0.7034
chr1	281053	281054	41	0.5713
chr1	281080	281081	35	0.6244
chr1	281115	281116	35	0.6207
chr1	281165	281166	35	0.5961
chr1	281209	281210	38	0.6671
chr1	281230	281231	32	0.7381
chr1	281250	281251	44	0.6106
chr1	281269	281270	41	0.4359
chr1	281297	281298	35	0.7156
chr1	281374	281375	39	0.6658
chr1	281424	281425	36	0.7381
chr1	281520	281521	41	0.7795
chr1	281620	281621	39	0.6637
chr1	281720	281721	39	0.6524
chr1	281810	281811	40	0.7291
chr1	281833	281834	40	0.9465
chr1	281852	281853	37	0.635
chr1	281888	281889	45	0.9024
chr1	281908	281909	49	0.7563
chr1	281940	281941	38	0.7152
chr1	281975	281976	47	0.7747
chr1	282008	282009	46	0.7649
chr1	282031	282032	36	0.8305
chr1	282056	282057	34	0.836
chr1	282080	282081	36	0.8236
chr1	282098	282099	41	0.7688
chr1	282138	282139	33	0.7894
chr1	282188	282189	39	0.7297
chr1	282213	282214	41	0.8596
chr1	282230	282231	35	0.6875
chr1	282261	282262	40	0.8653
chr1	282273	282274	39	0.8965
chr1	282324	282325	41	0.855
chr1	282407	282408	39	0.9106
chr1	282507	282508	33	0.6849
chr1	282607	282608	32	0.7329
chr1	282700	282701	36	0.8296
chr1	282720	282721	35	0.7204
chr1	282729	282730	42	0.8267
chr1	282744	282745	37	0.8254
chr1	282759	282760	39	0.7555
chr1	282801	282802	31	0.9474
chr1	282851	282852	32	0.7185
chr1	282880	282881	36	0.8453
chr1	282909	282910	45	0.7939
chr1	282959	282960	35	1.0
chr1	282987	282988	28	0.9836
chr1	283002	283003	45	0.7428
chr1	283041	283042	37	0.8511
chr1	283079	283080	36	0.7865
chr1	283115	283116	42	0.7867
chr1	283139	283140	36	0.8718
chr1	283166	283167	41	0.8788
chr1	283181	283182	48	0.8611
chr1	283210	283211	36	0.7931
chr1	283211	283212	39	0.8742
chr1	283280	283281	48	0.8276
chr1	283349	283350	29	0.7139
chr1	283428	283429	39	0.7429
chr1	283478	283479	39	0.9157
chr1	283578	283579	40	0.7947
chr1	283670	283671	30	0.7138
chr1	283790	283791	37	0.7285
chr1	283826	283827	37	0.8623
chr1	283858	283859	34	0.8389
chr1	283902	283903	39	0.7789
chr1	283912	283913	44	0.8527
chr1	284000	284001	46	0.8132
chr1	284006	284007	51	0.7766
chr1	284140	284141	42	0.9543
chr1	284146	284147	37	0.6393
chr1	284154	284155	47	0.8225
chr1	284204	284205	47	0.9658
chr1	284219	284220	40	0.9076
chr1	284246	284247	36	0.9369
chr1	284283	284284	28	0.9018
chr1	284298	284299	42	0.8171
chr1	284336	284337	29	0.8725
chr1	284368	284369	41	0.9251
chr1	284407	284408	34	0.8067
chr1	284446	284447	36	0.8285
chr1	284470	284471	33	0.9043
chr1	284504	284505	34	0.8891
chr1	284554	284555	41	0.9796
chr1	284573	284574	37	0.9273
chr1	284670	284671	41	0.9659
chr1	284756	284757	36	0.8532
chr1	284806	284807	39	0.8998
chr1	284906	284907	48	0.9571
chr1	284957	284958	37	0.8269
chr1	284975	284976	35	0.973
chr1	285053	285054	36	0.9137
chr1	285195	285196	32	0.9427
chr1	285231	285232	42	0.8143
chr1	285237	285238	34	0.7492
chr1	285289	285290	36	0.8302
chr1	285323	285324	45	0.9146
chr1	285347	285348	32	0.7765
chr1	285439	285440	45	0.9661
chr1	285466	285467	47	0.6344
chr1	285490	285491	46	0.6437
chr1	285520	285521	37	0.6359
chr1	285539	285540	35	0.8167
chr1	285570	285571	38	0.6967
chr1	285589	285590	37	0.6987
chr1	285639	285640	47	0.6701
chr1	285654	285655	45	0.7106
chr1	285689	285690	52	0.7628
chr1	285729	285730	36	0.8517
chr1	285757	285758	26	0.643
chr1	285772	285773	44	0.8269
chr1	285790	285791	39	0.8435
chr1	285811	285812	34	0.8285
chr1	285851	285852	30	0.7794
chr1	285870	285871	41	0.8422
chr1	285885	285886	41	0.8336
chr1	285934	285935	32	0.8596
chr1	285954	285955	41	0.7403
chr1	285979	285980	45	0.6375
chr1	286079	286080	35	0.6139
chr1	286161	286162	43	0.7822
chr1	286261	286262	38	0.57
chr1	286361	286362	47	0.7578
chr1	286461	286462	41	0.7368
chr1	286507	286508	40	0.795
chr1	286524	286525	44	0.3417
chr1	286562	286563	39	0.1625
chr1	286608	286609	38	0.3534
chr1	286624	286625	40	0.2071
chr1	286652	286653	36	0.1783
chr1	286700	286701	48	0.2441
chr1	286726	286727	37	0.2595
chr1	286745	286746	42	0.1746
chr1	286783	286784	45	0.1956
chr1	286820	286821	32	0.1081
chr1	286856	286857	38	0.2321
chr1	286902	286903	39	0.1737
chr1	286952	286953	42	0.2764
chr1	286973	286974	40	0.2035
chr1	287010	287011	42	0.1515
chr1	287088	287089	47	0.134
chr1	287138	287139	37	0.1869
chr1	287230	287231	41	0.2203
chr1	287280	287281	52	0.1741
chr1	287351	287352	43	0.2553
chr1	287433	287434	41	0.1667
chr1	287439	287440	33	0.2693
chr1	287481	287482	46	0.0174
chr1	287488	287489	53	0.8456
chr1	287507	287508	40	0.8035
chr1	287557	287558	40	0.9134
chr1	287601	287602	41	0.8407
chr1	287616	287617	39	0.8288
chr1	287654	287655	40	0.8267
chr1	287694	287695	39	1.0
chr1	287717	287718	39	0.6502
chr1	287749	287750	48	0.866
chr1	287771	287772	42	0.8433
chr1	287788	287789	39	0.8336
chr1	287813	287814	41	0.7914
chr1	287847	287848	42	0.8227
chr1	287897	287898	36	0.7697
chr1	287924	287925	40	0.855
chr1	287964	287965	39	0.8684
chr1	287997	287998	49	0.7617
chr1	288016	288017	28	0.9436
chr1	288041	288042	39	0.7317
chr1	288061	288062	40	0.8961
chr1	288161	288162	44	0.9508
chr1	288261	288262	39	0.9544
chr1	288361	288362	36	1.0
chr1	288461	288462	36	0.8898
chr1	288561	288562	50	0.8569
chr1	288587	288588	43	0.9038
chr1	288591	288592	38	0.8937
chr1	288615	288616	38	0.8635
chr1	288669	288670	41	0.9172
chr1	288703	288704	43	0.9434
chr1	288711	288712	37	0.7259
chr1	288717	288718	37	0.8579
chr1	288758	288759	50	0.8517
chr1	288781	288782	36	0.9114
chr1	288807	288808	32	0.8748
chr1	288825	288826	39	0.7855
chr1	288853	288854	40	0.6645
chr1	288880	288881	30	0.8537
chr1	288930	288931	42	0.6172
chr1	288972	288973	43	0.808
chr1	288995	288996	41	0.9474
chr1	289014	289015	43	0.8218
chr1	289064	289065	30	0.6624
chr1	289083	289084	40	0.787
chr1	289122	289123	38	0.7929
chr1	289146	289147	37	0.7398
chr1	289220	289221	42	0.7881
chr1	289320	289321	35	0.8048
chr1	289412	289413	44	0.9434
chr1	289462	289463	32	0.845
chr1	289562	289563	46	0.7942
chr1	289566	289567	31	0.8059
chr1	289630	289631	39	0.7202
chr1	289632	289633	43	0.6755
chr1	289806	289807	41	0.8253
chr1	289958	289959	41	0.7701
chr1	290058	290059	40	0.5779
chr1	290060	290061	42	0.8086
chr1	290098	290099	36	0.6726
chr1	290123	290124	40	0.7168
chr1	290154	290155	37	0.8565
chr1	290192	290193	35	0.7106
chr1	290234	290235	40	0.6662
chr1	290249	290250	48	0.6968
chr1	290272	290273	37	0.6355
chr1	290304	290305	41	0.661
chr1	290346	290347	35	0.627
chr1	290366	290367	39	0.5404
chr1	290416	290417	44	0.6625
chr1	290444	290445	37	0.675
chr1	290484	290485	33	0.7615
chr1	290506	290507	40	0.75
chr1	290525	290526	41	0.5867
chr1	290625	290626	41	0.6356
chr1	290725	290726	42	0.8267
chr1	290816	290817	48	0.8504
chr1	290866	290867	44	0.7157
chr1	290922	290923	39	0.7601
chr1	290928	290929	40	0.6475
chr1	290948	290949	30	0.7346
chr1	290976	290977	32	0.1652
chr1	291026	291027	38	0.0698
chr1	291063	291064	38	0.0972
chr1	291111	291112	44	0.0622
chr1	291161	291162	32	0.1417
chr1	291177	291178	37	0.0052
chr1	291200	291201	38	0.0533
chr1	291228	291229	41	0.0387
chr1	291246	291247	29	0.045
chr1	291266	291267	39	0.0273
chr1	291285	291286	41	0.2052
chr1	291324	291325	47	0.0016
chr1	291350	291351	43	0.1925
chr1	291370	291371	40	0.0667
chr1	291401	291402	45	0.0742
chr1	291501	291502	41	0.0737
chr1	291601	291602	32	0.1662
chr1	291656	291657	36	0.0353
chr1	291725	291726	46	0.0774
chr1	291825	291826	36	0.0175
chr1	291833	291834	38	0.1386
chr1	291919	291920	30	0.0795
chr1	291929	291930	36	0.7646
chr1	291979	291980	36	0.5556
chr1	292013	292014	44	0.5767
chr1	292045	292046	43	0.7684
chr1	292070	292071	46	0.7568
chr1	292086	292087	41	0.6628
chr1	292136	292137	38	0.6647
chr1	292186	292187	38	0.7298
chr1	292217	292218	39	0.7029
chr1	292267	292268	44	0.7052
chr1	292293	292294	31	0.6426
chr1	292323	292324	35	0.6558
chr1	292359	292360	44	0.5313
chr1	292385	292386	48	0.6244
chr1	292479	292480	41	0.7739
chr1	292579	292580	36	0.6906
chr1	292679	292680	41	0.6294
chr1	292762	292763	36	0.6686
chr1	292806	292807	39	0.7389
chr1	292815	292816	32	0.2818
chr1	292831	292832	34	0.1987
chr1	292870	292871	42	0.1384
chr1	292892	292893	46	0.1353
chr1	292942	292943	30	0.05
chr1	292992	292993	45	0.2656
chr1	293029	293030	36	0.2011
chr1	293065	293066	36	0.078
chr1	293100	293101	34	0.1945
chr1	293115	293116	41	0.292
chr1	293139	293140	38	0.2462
chr1	293154	293155	38	0.1308
chr1	293183	293184	37	0.184
chr1	293224	293225	44	0.0897
chr1	293239	293240	44	0.1789
chr1	293273	293274	42	0.1217
chr1	293310	293311	36	0.1245
chr1	293332	293333	40	0.1885
chr1	293432	293433	42	0.3356
chr1	293532	293533	39	0.1526
chr1	293632	293633	42	0.1192
chr1	293713	293714	36	0.3417
chr1	293808	293809	39	0.0908
chr1	293956	293957	33	0.1823
chr1	293966	293967	40	0.1055
chr1	293982	293983	44	0.1732
chr1	294034	294035	43	0.3589
chr1	294062	294063	41	0.2088
chr1	294116	294117	42	0.2734
chr1	294210	294211	44	0.2735
chr1	294286	294287	40	0.068
chr1	294294	294295	43	0.3709
chr1	294335	294336	43	0.909
chr1	294385	294386	34	1.0
chr1	294403	294404	46	0.793
chr1	294418	294419	37	0.9713
chr1	294448	294449	34	0.8526
chr1	294467	294468	43	0.9811
chr1	294484	294485	37	0.9648
chr1	294534	294535	43	0.854
chr1	294552	294553	43	0.8338
chr1	294570	294571	40	0.9675
chr1	294593	294594	39	0.9796
chr1	294608	294609	37	0.9052
chr1	294628	294629	38	0.9953
chr1	294654	294655	39	0.9674
chr1	294678	294679	47	0.9505
chr1	294697	294698	44	0.782
chr1	294747	294748	39	0.944
chr1	294770	294771	45	0.8516
chr1	294820	294821	41	0.8571
chr1	294844	294845	40	0.8116
chr1	294859	294860	50	0.8956
chr1	294889	294890	32	0.764
chr1	294955	294956	40	0.9169
chr1	295012	295013	34	0.836
chr1	295112	295113	42	0.8555
chr1	295162	295163	38	0.8793
chr1	295230	295231	40	0.83
chr1	295325	295326	32	0.8971
chr1	295420	295421	36	0.9608
chr1	295476	295477	40	0.8803
chr1	295516	295517	45	0.8111
chr1	295549	295550	30	0.7102
chr1	295599	295600	46	0.773
chr1	295614	295615	33	0.72
chr1	295652	295653	33	0.7495
chr1	295702	295703	36	0.7742
chr1	295746	295747	38	0.9183
chr1	295772	295773	41	0.6342
chr1	295802	295803	40	0.8121
chr1	295844	295845	38	0.7122
chr1	295887	295888	38	0.8038
chr1	295915	295916	41	0.6816
chr1	295935	295936	34	0.7858
chr1	295952	295953	43	0.8565
chr1	295974	295975	45	0.782
chr1	296074	296075	43	0.7556
chr1	296174	296175	49	0.9034
chr1	296224	296225	33	0.909
chr1	296324	296325	42	0.6479
chr1	296389	296390	32	0.8842
chr1	296407	296408	30	0.7825
chr1	296441	296442	39	0.7594
chr1	296470	296471	38	0.0827
chr1	296516	296517	41	0.1356
chr1	296531	296532	38	0.0893
chr1	296563	296564	37	0.0309
chr1	296587	296588	51	0.1607
chr1	296607	296608	30	0.1221
chr1	296633	296634	46	0.1659
chr1	296652	296653	37	0.1591
chr1	296697	296698	37	0.0
chr1	296727	296728	43	0.0503
chr1	296742	296743	33	0.2293
chr1	296757	296758	40	0.0353
chr1	296789	296790	40	0.0937
chr1	296819	296820	31	0.0574
chr1	296834	296835	32	0.0957
chr1	296863	296864	44	0.0828
chr1	296910	296911	38	0.0272
chr1	297010	297011	37	0.0776
chr1	297110	297111	34	0.0966
chr1	297164	297165	43	0.0138
chr1	297264	297265	33	0.2385
chr1	297322	297323	53	0.1579
chr1	297334	297335	35	0.1458
chr1	297339	297340	38	0.9622
chr1	297354	297355	37	0.8573
chr1	297372	297373	37	0.6107
chr1	297394	297395	30	0.8342
chr1	297422	297423	41	0.8282
chr1	297439	297440	41	0.8883
chr1	297454	297455	32	0.63
chr1	297496	297497	35	0.6841
chr1	297511	297512	36	0.7368
chr1	297557	297558	45	0.7852
chr1	297592	297593	47	0.6936
chr1	297607	297608	32	0.7837
chr1	297655	297656	35	0.92
chr1	297702	297703	43	0.7696
chr1	297752	297753	43	0.5951
chr1	297790	297791	37	0.9267
chr1	297834	297835	43	0.7248
chr1	297884	297885	41	0.7805
chr1	297888	297889	41	0.8056
chr1	297960	297961	46	0.6625
chr1	298060	298061	35	1.0
chr1	298135	298136	36	0.733
chr1	298235	298236	34	0.8561
chr1	298335	298336	38	0.7415
chr1	298435	298436	32	0.9518
chr1	298507	298508	40	0.7864
chr1	298529	298530	37	0.8859
chr1	298719	298720	33	0.7072
chr1	298761	298762	46	0.7711
chr1	298773	298774	38	0.5214
chr1	298781	298782	33	0.9607
chr1	298873	298874	40	0.8405
chr1	298902	298903	41	0.5744
chr1	298952	298953	35	0.6043
chr1	298976	298977	39	0.7616
chr1	299010	299011	39	0.7088
chr1	299037	299038	37	0.4965
chr1	299060	299061	32	0.5966
chr1	299110	299111	32	0.7357
chr1	299130	299131	37	0.722
chr1	299177	299178	40	0.696
chr1	299227	299228	46	0.8402
chr1	299242	299243	36	0.5843
chr1	299262	299263	42	0.7631
chr1	299308	299309	38	0.7122
chr1	299331	299332	39	0.6729
chr1	299346	299347	36	0.7726
chr1	299368	299369	32	0.8951
chr1	299395	299396	37	0.6086
chr1	299423	299424	42	0.7439
chr1	299430	299431	34	0.5497
chr1	299530	299531	35	0.7171
chr1	299630	299631	37	0.6735
chr1	299730	299731	40	0.6506
chr1	299830	299831	37	0.4333
chr1	299883	299884	40	0.6476
chr1	299913	299914	36	0.5931
chr1	299942	299943	38	0.7073
chr1	299967	299968	37	0.6765
chr1	300008	300009	41	0.7883
chr1	300058	300059	41	0.8516
chr1	300092	300093	33	0.7995
chr1	300154	300155	40	0.7078
chr1	300187	300188	38	0.7383
chr1	300221	300222	42	0.7721
chr1	300258	300259	31	0.7126
chr1	300273	300274	44	0.7076
chr1	300302	300303	29	0.7591
chr1	300342	300343	41	0.7811
chr1	300368	300369	38	0.7168
chr1	300402	300403	47	0.6957
chr1	300452	300453	43	0.7744
chr1	300502	300503	37	0.7702
chr1	300524	300525	44	0.7346
chr1	300624	300625	35	0.7631
chr1	300702	300703	50	0.68
chr1	300752	300753	42	0.8283
chr1	300840	300841	31	0.6123
chr1	300940	300941	41	0.7277
chr1	301002	301003	44	0.7986
chr1	301102	301103	45	0.8864
chr1	301158	301159	41	0.7543
chr1	301180	301181	33	0.5891
chr1	301217	301218	45	0.3141
chr1	301241	301242	39	0.5648
chr1	301271	301272	45	0.7274
chr1	301321	301322	33	0.7115
chr1	301371	301372	36	0.3954
chr1	301386	301387	34	0.4045
chr1	301408	301409	46	0.4048
chr1	301436	301437	37	0.5197
chr1	301467	301468	42	0.649
chr1	301510	301511	36	0.5058
chr1	301559	301560	48	0.4718
chr1	301574	301575	33	0.6144
chr1	301599	301600	36	0.6301
chr1	301628	301629	35	0.5682
chr1	301651	301652	39	0.5366
chr1	301751	301752	35	0.6533
chr1	301809	301810	42	0.6498
chr1	301859	301860	36	0.508
chr1	301948	301949	42	0.4433
chr1	302022	302023	37	0.4859
chr1	302072	302073	41	0.6104
chr1	302096	302097	39	0.6349
chr1	302118	302119	40	0.5681
chr1	302123	302124	42	0.2106
chr1	302164	302165	37	0.2539
chr1	302199	302200	26	0.2384
chr1	302228	302229	41	0.1869
chr1	302252	302253	30	0.1481
chr1	302270	302271	41	0.2289
chr1	302285	302286	40	0.1277
chr1	302300	302301	44	0.1118
chr1	302330	302331	43	0.301
chr1	302352	302353	40	0.2172
chr1	302373	302374	47	0.2369
chr1	302398	302399	35	0.3285
chr1	302447	302448	45	0.1097
chr1	302471	302472	34	0.2412
chr1	302488	302489	36	0.2812
chr1	302538	302539	34	0.2819
chr1	302570	302571	30	0.3118
chr1	302620	302621	37	0.3017
chr1	302627	302628	32	0.1977
chr1	302727	302728	30	0.1997
chr1	302827	302828	32	0.2438
chr1	302927	302928	40	0.2585
chr1	303027	303028	33	0.2364
chr1	303094	303095	42	0.159
chr1	303140	303141	40	0.3269
chr1	303166	303167	39	0.149
chr1	303178	303179	35	0.3946
chr1	303202	303203	44	0.2491
chr1	303248	303249	44	0.3676
chr1	303288	303289	34	0.2335
chr1	303304	303305	38	0.2045
chr1	303414	303415	39	0.1321
chr1	303424	303425	35	0.1217
chr1	303439	303440	31	0.876
chr1	303454	303455	40	0.7814
chr1	303504	303505	41	0.8076
chr1	303534	303535	40	0.7899
chr1	303560	303561	39	0.8092
chr1	303596	303597	30	0.7966
chr1	303617	303618	37	0.823
chr1	303667	303668	31	0.8123
chr1	303717	303718	40	0.9289
chr1	303732	303733	37	0.7734
chr1	303754	303755	46	0.8127
chr1	303784	303785	37	0.8408
chr1	303823	303824	41	0.9608
chr1	303873	303874	39	0.8138
chr1	303923	303924	39	0.8277
chr1	303925	303926	41	0.7803
chr1	303975	303976	36	0.8745
chr1	304067	304068	36	0.938
chr1	304167	304168	48	0.6323
chr1	304267	304268	34	0.8851
chr1	304367	304368	38	1.0
chr1	304423	304424	35	0.7175
chr1	304447	304448	50	0.3689
chr1	304484	304485	44	0.2218
chr1	304526	304527	47	0.1902
chr1	304576	304577	40	0.1632
chr1	304597	304598	43	0.1276
chr1	304647	304648	40	0.2451
chr1	304690	304691	35	0.3149
chr1	304727	304728	36	0.2941
chr1	304777	304778	40	0.1238
chr1	304827	304828	32	0.0639
chr1	304877	304878	29	0.2253
chr1	304894	304895	34	0.1715
chr1	304911	304912	45	0.3128
chr1	304958	304959	47	0.2043
chr1	304980	304981	36	0.2427
chr1	305080	305081	40	0.3555
chr1	305180	305181	33	0.2752
chr1	305280	305281	29	0.144
chr1	305330	305331	31	0.1984
chr1	305430	305431	37	0.325
chr1	305460	305461	42	0.1487
chr1	305492	305493	41	0.7547
chr1	305542	305543	38	0.8922
chr1	305592	305593	42	0.8803
chr1	305624	305625	32	0.7128
chr1	305640	305641	32	0.8544
chr1	305672	305673	27	0.8015
chr1	305694	305695	40	0.7161
chr1	305725	305726	42	0.7311
chr1	305749	305750	37	0.847
chr1	305796	305797	42	0.9092
chr1	305844	305845	34	0.842
chr1	305869	305870	33	0.8427
chr1	305889	305890	45	0.784
chr1	305905	305906	34	0.6971
chr1	305936	305937	42	0.8433
chr1	305951	305952	33	0.7898
chr1	305980	305981	42	0.6944
chr1	305995	305996	30	0.8017
chr1	306000	306001	38	0.8042
chr1	306100	306101	46	0.8282
chr1	306178	306179	32	0.8056
chr1	306248	306249	43	0.6902
chr1	306301	306302	43	0.7051
chr1	306401	306402	40	0.7827
chr1	306471	306472	44	0.7987
chr1	306507	306508	38	0.8428
chr1	306549	306550	47	0.8865
chr1	306562	306563	42	0.3587
chr1	306578	306579	41	0.4272
chr1	306628	306629	49	0.1414
chr1	306643	306644	42	0.3009
chr1	306671	306672	31	0.1096
chr1	306691	306692	42	0.2294
chr1	306706	306707	33	0.4939
chr1	306756	306757	42	0.384
chr1	306785	306786	38	0.2473
chr1	306812	306813	36	0.3931
chr1	306831	306832	37	0.3514
chr1	306846	306847	37	0.2847
chr1	306891	306892	41	0.1422
chr1	306941	306942	39	0.2089
chr1	306957	306958	38	0.3462
chr1	306978	306979	36	0.2418
chr1	307009	307010	51	0.4011
chr1	307059	307060	41	0.4768
chr1	307074	307075	35	0.2013
chr1	307093	307094	43	0.3674
chr1	307098	307099	44	0.323
chr1	307160	307161	41	0.3344
chr1	307245	307246	45	0.4308
chr1	307295	307296	32	0.2233
chr1	307355	307356	39	0.1139
chr1	307455	307456	38	0.1637
chr1	307505	307506	51	0.231
chr1	307581	307582	40	0.4338
chr1	307605	307606	40	0.4174
chr1	307653	307654	41	0.2281
chr1	307668	307669	34	0.2935
chr1	307687	307688	42	0.2177
chr1	307703	307704	43	0.1673
chr1	307718	307719	43	0.2173
chr1	307748	307749	41	0.1176
chr1	307766	307767	37	0.1329
chr1	307781	307782	40	0.2669
chr1	307831	307832	40	0.0551
chr1	307862	307863	48	0.013
chr1	307892	307893	43	0.343
chr1	307911	307912	42	0.249
chr1	307928	307929	40	0.1935
chr1	307949	307950	38	0.2062
chr1	307964	307965	40	0.1045
chr1	307990	307991	38	0.2782
chr1	308040	308041	41	0.2809
chr1	308072	308073	34	0.1737
chr1	308093	308094	40	0.3505
chr1	308119	308120	42	0.1905
chr1	308168	308169	49	0.1877
chr1	308196	308197	43	0.1632
chr1	308287	308288	43	0.2812
chr1	308346	308347	38	0.082
chr1	308446	308447	36	0.3021
chr1	308546	308547	41	0.2227
chr1	308623	308624	32	0.2221
chr1	308719	308720	33	0.2221
chr1	308731	308732	43	0.3568
chr1	308799	308800	42	0.1612
chr1	308804	308805	43	0.7936
chr1	308841	308842	37	0.9153
chr1	308871	308872	39	0.744
chr1	308912	308913	40	0.6892
chr1	308931	308932	30	0.597
chr1	308946	308947	38	0.6869
chr1	308971	308972	36	0.6625
chr1	309018	309019	46	0.8111
chr1	309045	309046	40	0.8365
chr1	309095	309096	44	0.7047
chr1	309131	309132	44	0.6992
chr1	309176	309177	43	0.8379
chr1	309192	309193	40	0.7018
chr1	309207	309208	43	0.7594
chr1	309242	309243	35	0.8175
chr1	309292	309293	37	0.7809
chr1	309332	309333	38	0.722
chr1	309350	309351	38	0.8056
chr1	309450	309451	31	0.761
chr1	309520	309521	45	0.8273
chr1	309576	309577	34	0.5553
chr1	309676	309677	44	0.6385
chr1	309726	309727	33	0.8648
chr1	309803	309804	34	0.7509
chr1	309843	309844	37	0.674
chr1	309899	309900	41	0.9048
chr1	309917	309918	34	0.733
chr1	310033	310034	27	0.7385
chr1	310209	310210	35	0.7206
chr1	310215	310216	40	0.783
chr1	310238	310239	39	0.9616
chr1	310265	310266	37	0.9124
chr1	310297	310298	36	0.8565
chr1	310347	310348	35	0.9737
chr1	310367	310368	40	0.8048
chr1	310415	310416	53	0.8789
chr1	310430	310431	42	0.9677
chr1	310480	310481	29	0.895
chr1	310512	310513	29	1.0
chr1	310527	310528	31	1.0
chr1	310544	310545	43	0.9502
chr1	310559	310560	43	0.8149
chr1	310605	310606	35	0.9911
chr1	310648	310649	43	0.9817
chr1	310694	310695	37	0.8921
chr1	310709	310710	41	1.0
chr1	310723	310724	40	0.9177
chr1	310816	310817	40	0.9688
chr1	310885	310886	32	0.8842
chr1	310935	310936	49	0.87
chr1	311035	311036	42	0.9344
chr1	311093	311094	43	0.9387
chr1	311174	311175	39	0.9074
chr1	311230	311231	34	0.8991
chr1	311256	311257	40	0.8911
chr1	311306	311307	37	0.8884
chr1	311312	311313	38	0.8515
chr1	311322	311323	45	0.8013
chr1	311376	311377	38	0.9417
chr1	311476	311477	42	0.9229
chr1	311558	311559	34	0.9695
chr1	311563	311564	36	0.1506
chr1	311579	311580	45	0.0
chr1	311606	311607	49	0.0287
chr1	311623	311624	40	0.0629
chr1	311661	311662	45	0.1548
chr1	311679	311680	45	0.2132
chr1	311707	311708	44	0.1193
chr1	311734	311735	33	0.0393
chr1	311765	311766	43	0.0364
chr1	311780	311781	46	0.1143
chr1	311817	311818	40	0.1913
chr1	311867	311868	40	0.0788
chr1	311912	311913	33	0.0787
chr1	311932	311933	30	0.1213
chr1	311982	311983	33	0.0018
chr1	311999	312000	38	0.1185
chr1	312013	312014	45	0.1845
chr1	312113	312114	38	0.1605
chr1	312175	312176	43	0.1062
chr1	312275	312276	30	0.0
chr1	312341	312342	46	0.0596
chr1	312396	312397	40	0.1612
chr1	312455	312456	41	0.1899
chr1	312569	312570	40	0.0875
chr1	312623	312624	40	0.0965
chr1	312631	312632	33	0.169
chr1	312637	312638	43	0.1369
chr1	312815	312816	42	0.167
chr1	312861	312862	29	0.0746
chr1	312893	312894	38	0.1528
chr1	312942	312943	34	0.7476
chr1	312986	312987	40	0.8424
chr1	313006	313007	50	0.6686
chr1	313042	313043	36	0.9624
chr1	313087	313088	41	0.8064
chr1	313104	313105	46	0.751
chr1	313121	313122	36	0.7759
chr1	313153	313154	40	0.7129
chr1	313178	313179	43	0.8223
chr1	313217	313218	35	0.7711
chr1	313261	313262	35	0.8973
chr1	313292	313293	33	0.6881
chr1	313323	313324	34	0.7148
chr1	313373	313374	34	0.7503
chr1	313416	313417	33	1.0
chr1	313430	313431	39	0.8361
chr1	313530	313531	36	0.7882
chr1	313630	313631	28	0.8389
chr1	313730	313731	30	0.9139
chr1	313780	313781	46	0.7211
chr1	313859	313860	45	0.9412
chr1	313951	313952	23	0.8037
chr1	313960	313961	43	0.7181
chr1	313981	313982	31	0.8708
chr1	314010	314011	35	0.7047
chr1	314025	314026	51	0.8368
chr1	314052	314053	42	0.7942
chr1	314087	314088	40	0.8648
chr1	314116	314117	36	0.9298
chr1	314131	314132	37	0.7022
chr1	314149	314150	36	0.5761
chr1	314185	314186	37	0.7819
chr1	314220	314221	41	0.6869
chr1	314270	314271	43	0.6385
chr1	314317	314318	39	0.8154
chr1	314336	314337	32	0.927
chr1	314359	314360	39	0.6967
chr1	314388	314389	42	0.8024
chr1	314438	314439	36	0.7557
chr1	314463	314464	31	0.7983
chr1	314563	314564	47	0.7556
chr1	314663	314664	35	0.7069
chr1	314763	314764	32	0.7468
chr1	314813	314814	34	0.751
chr1	314913	314914	38	0.7744
chr1	314973	314974	37	0.8076
chr1	314975	314976	33	0.7541
chr1	315063	315064	45	0.7157
chr1	315123	315124	33	0.8273
chr1	315127	315128	39	0.7829
chr1	315215	315216	43	0.5925
chr1	315307	315308	43	0.6957
chr1	315331	315332	49	0.8431
chr1	315381	315382	34	0.725
chr1	315399	315400	34	0.6546
chr1	315434	315435	33	0.4998
chr1	315449	315450	43	0.4589
chr1	315499	315500	46	0.6372
chr1	315517	315518	31	0.6292
chr1	315567	315568	41	0.5112
chr1	315585	315586	33	0.6092
chr1	315620	315621	39	0.75
chr1	315656	315657	39	0.7085
chr1	315706	315707	38	0.7723
chr1	315754	315755	38	0.5925
chr1	315778	315779	48	0.6322
chr1	315789	315790	41	0.815
chr1	315882	315883	36	0.6363
chr1	315966	315967	44	0.6567
chr1	316066	316067	37	0.6161
chr1	316137	316138	41	0.5791
chr1	316191	316192	44	0.5247
chr1	316239	316240	39	0.5486
chr1	316252	316253	37	0.85
chr1	316301	316302	45	0.4451
chr1	316318	316319	39	0.5903
chr1	316358	316359	30	0.6246
chr1	316394	316395	36	0.6276
chr1	316421	316422	39	0.7014
chr1	316450	316451	34	0.7142
chr1	316500	316501	34	0.7856
chr1	316533	316534	37	0.7758
chr1	316566	316567	40	0.5819
chr1	316602	316603	34	0.7317
chr1	316617	316618	35	0.6093
chr1	316647	316648	44	0.8431
chr1	316685	316686	48	0.6535
chr1	316714	316715	51	0.6582
chr1	316744	316745	39	0.5721
chr1	316759	316760	45	0.5967
chr1	316785	316786	43	0.8477
chr1	316786	316787	46	0.8107
chr1	316886	316887	39	0.7092
chr1	316986	316987	36	0.8358
chr1	317036	317037	45	0.6816
chr1	317136	317137	46	0.8455
chr1	317236	317237	49	0.7447
chr1	317240	317241	48	0.6927
chr1	317256	317257	36	0.7115
chr1	317281	317282	37	0.6524
chr1	317309	317310	42	0.5913
chr1	317324	317325	45	0.691
chr1	317366	317367	45	0.6502
chr1	317403	317404	37	0.7863
chr1	317438	317439	39	0.5309
chr1	317459	317460	41	0.5583
chr1	317490	317491	34	0.6482
chr1	317540	317541	31	0.5783
chr1	317576	317577	39	0.6351
chr1	317597	317598	49	0.7271
chr1	317613	317614	42	0.7214
chr1	317663	317664	33	0.5594
chr1	317682	317683	30	0.7312
chr1	317701	317702	36	0.5629
chr1	317725	317726	45	0.711
chr1	317825	317826	39	0.5462
chr1	317924	317925	43	0.6254
chr1	318024	318025	45	0.6046
chr1	318110	318111	31	0.6402
chr1	318144	318145	42	0.6889
chr1	318186	318187	48	0.0072
chr1	318236	318237	44	0.0562
chr1	318285	318286	33	0.1021
chr1	318301	318302	41	0.0
chr1	318330	318331	42	0.0966
chr1	318364	318365	32	0.1916
chr1	318379	318380	46	0.1457
chr1	318422	318423	42	0.0488
chr1	318438	318439	45	0.1103
chr1	318485	318486	42	0.0883
chr1	318531	318532	37	0.0354
chr1	318557	318558	39	0.0445
chr1	318607	318608	42	0.1043
chr1	318620	318621	48	0.0023
chr1	318720	318721	39	0.152
chr1	318770	318771	36	0.0698
chr1	318870	318871	45	0.0
chr1	318970	318971	34	0.055
chr1	319056	319057	38	0.0789
chr1	319086	319087	39	0.0764
chr1	319107	319108	46	0.2255
chr1	319129	319130	40	0.0
chr1	319151	319152	31	0.046
chr1	319201	319202	40	0.1622
chr1	319223	319224	44	0.0
chr1	319261	319262	40	0.2054
chr1	319304	319305	45	0.0778
chr1	319341	319342	42	0.0974
chr1	319391	319392	34	0.0747
chr1	319413	319414	32	0.0929
chr1	319441	319442	37	0.2885
chr1	319491	319492	42	0.1663
chr1	319524	319525	43	0.0
chr1	319550	319551	36	0.1357
chr1	319566	319567	46	0.0914
chr1	319666	319667	39	0.0838
chr1	319731	319732	42	0.015
chr1	319810	319811	43	0.0849
chr1	319910	319911	42	0.1962
chr1	320010	320011	45	0.1471
chr1	320038	320039	42	0.0
chr1	320094	320095	30	0.1156
chr1	320099	320100	33	0.692
chr1	320139	320140	38	0.7708
chr1	320181	320182	40	0.7934
chr1	320211	320212	52	0.833
chr1	320260	320261	35	0.7422
chr1	320289	320290	40	0.7127
chr1	320305	320306	48	0.8186
chr1	320327	320328	45	0.6994
chr1	320377	320378	37	0.8122
chr1	320427	320428	40	0.6911
chr1	320448	320449	36	0.7423
chr1	320479	320480	40	0.8152
chr1	320529	320530	36	0.6441
chr1	320555	320556	37	0.8908
chr1	320558	320559	41	0.5715
chr1	320658	320659	38	0.7015
chr1	320758	320759	43	0.6636
chr1	320858	320859	31	0.6166
chr1	320958	320959	42	0.9243
chr1	320964	320965	41	0.6893
chr1	321016	321017	34	0.6784
chr1	321092	321093	35	0.7963
chr1	321212	321213	43	0.7084
chr1	321392	321393	47	0.8108
chr1	321398	321399	34	0.854
chr1	321406	321407	45	0.7944
chr1	321447	321448	34	0.669
chr1	321472	321473	43	0.5599
chr1	321493	321494	40	0.6136
chr1	321537	321538	45	0.6394
chr1	321559	321560	32	0.4501
chr1	321602	321603	45	0.7056
chr1	321626	321627	47	0.5844
chr1	321669	321670	38	0.3884
chr1	321699	321700	46	0.454
chr1	321720	321721	46	0.5974
chr1	321766	321767	39	0.5926
chr1	321811	321812	38	0.7025
chr1	321861	321862	38	0.4285
chr1	321907	321908	43	0.6432
chr1	321942	321943	39	0.4807
chr1	321970	321971	28	0.7772
chr1	322070	322071	48	0.3886
chr1	322140	322141	37	0.6605
chr1	322238	322239	47	0.5025
chr1	322338	322339	34	0.7557
chr1	322438	322439	32	0.428
chr1	322550	322551	44	0.6068
chr1	322592	322593	37	0.0
chr1	322632	322633	47	0.1304
chr1	322682	322683	35	0.138
chr1	322718	322719	38	0.0181
chr1	322733	322734	37	0.1322
chr1	322783	322784	42	0.0
chr1	322798	322799	34	0.0259
chr1	322848	322849	36	0.0419
chr1	322863	322864	41	0.1134
chr1	322913	322914	38	0.101
chr1	322928	322929	44	0.1904
chr1	322956	322957	41	0.0241
chr1	322992	322993	35	0.2207
chr1	323016	323017	36	0.1016
chr1	323048	323049	32	0.1356
chr1	323078	323079	40	0.015
chr1	323139	323140	31	0.1873
chr1	323189	323190	50	0.2409
chr1	323286	323287	42	0.0649
chr1	323363	323364	46	0.2558
chr1	323463	323464	39	0.0096
chr1	323563	323564	44	0.0777
chr1	323637	323638	48	0.1449
chr1	323643	323644	46	0.0301
chr1	323649	323650	48	0.6963
chr1	323690	323691	35	0.5407
chr1	323739	323740	34	0.6509
chr1	323782	323783	49	0.6405
chr1	323809	323810	41	0.6972
chr1	323854	323855	46	0.5621
chr1	323889	323890	41	0.7033
chr1	323939	323940	40	0.6852
chr1	323958	323959	40	0.6899
chr1	323988	323989	41	0.7515
chr1	324014	324015	42	0.707
chr1	324049	324050	39	0.5954
chr1	324075	324076	30	0.8167
chr1	324118	324119	41	0.6727
chr1	324151	324152	38	0.5781
chr1	324251	324252	33	0.7964
chr1	324351	324352	37	0.593
chr1	324451	324452	27	0.7163
chr1	324508	324509	38	0.7861
chr1	324580	324581	43	0.6423
chr1	324660	324661	40	0.4936
chr1	324676	324677	41	0.5207
chr1	324696	324697	45	0.7487
chr1	324804	324805	41	0.6986
chr1	324828	324829	33	0.6392
chr1	324860	324861	40	0.6353
chr1	324900	324901	40	0.6446
chr1	324916	324917	42	0.6427
chr1	324934	324935	38	0.6968
chr1	325078	325079	38	0.8876
chr1	325120	325121	43	0.831
chr1	325160	325161	35	0.8946
chr1	325210	325211	44	0.7944
chr1	325257	325258	44	0.9191
chr1	325272	325273	42	0.7234
chr1	325303	325304	33	0.8074
chr1	325344	325345	32	0.831
chr1	325367	325368	39	0.9128
chr1	325389	325390	49	0.6699
chr1	325407	325408	42	0.8378
chr1	325423	325424	47	0.8647
chr1	325450	325451	39	0.885
chr1	325491	325492	43	0.8939
chr1	325515	325516	47	0.9603
chr1	325530	325531	49	0.7917
chr1	325553	325554	32	0.7831
chr1	325586	325587	35	0.7486
chr1	325604	325605	41	0.7711
chr1	325693	325694	48	0.9542
chr1	325751	325752	41	1.0
chr1	325851	325852	42	0.8829
chr1	325924	325925	41	0.8917
chr1	325992	325993	38	0.7334
chr1	326054	326055	33	0.8212
chr1	326062	326063	38	0.8292
chr1	326077	326078	47	0.0927
chr1	326096	326097	42	0.0161
chr1	326121	326122	27	0.0283
chr1	326152	326153	38	0.0998
chr1	326167	326168	37	0.1391
chr1	326184	326185	43	0.1473
chr1	326219	326220	45	0.0
chr1	326237	326238	40	0.0
chr1	326258	326259	38	0.0
chr1	326281	326282	46	0.0597
chr1	326324	326325	36	0.0779
chr1	326374	326375	39	0.0
chr1	326399	326400	30	0.1391
chr1	326445	326446	43	0.0821
chr1	326478	326479	39	0.0539
chr1	326497	326498	40	0.1185
chr1	326525	326526	47	0.1063
chr1	326625	326626	42	0.0968
chr1	326725	326726	35	0.0964
chr1	326821	326822	32	0.0309
chr1	326921	326922	34	0.0
chr1	326935	326936	43	0.25
chr1	326945	326946	41	0.0691
chr1	326961	326962	37	0.2286
chr1	326983	326984	42	0.1543
chr1	327016	327017	39	0.1617
chr1	327031	327032	44	0.0283
chr1	327049	327050	32	0.0878
chr1	327065	327066	40	0.1066
chr1	327089	327090	40	0.0434
chr1	327116	327117	38	0.0877
chr1	327151	327152	31	0.0211
chr1	327176	327177	37	0.1429
chr1	327200	327201	39	0.1194
chr1	327241	327242	48	0.0
chr1	327268	327269	38	0.0
chr1	327296	327297	38	0.099
chr1	327319	327320	49	0.2174
chr1	327336	327337	43	0.0
chr1	327351	327352	42	0.048
chr1	327424	327425	41	0.0963
chr1	327513	327514	45	0.1508
chr1	327591	327592	36	0.0
chr1	327670	327671	42	0.0
chr1	327724	327725	39	0.1718
chr1	327794	327795	50	0.0805
chr1	327806	327807	44	0.2377
chr1	327852	327853	40	0.0657
chr1	327860	327861	42	0.0495
chr1	327962	327963	44	0.0312
chr1	328082	328083	47	0.0757
chr1	328110	328111	47	0.0807
chr1	328150	328151	40	0.0319
chr1	328224	328225	36	0.0648
chr1	328248	328249	47	0.5921
chr1	328273	328274	44	0.8259
chr1	328294	328295	46	0.8011
chr1	328324	328325	37	0.4741
chr1	328362	328363	42	0.7725
chr1	328386	328387	37	0.8387
chr1	328409	328410	42	0.749
chr1	328426	328427	46	0.5344
chr1	328466	328467	40	0.5841
chr1	328492	328493	50	0.7723
chr1	328521	328522	48	0.3722
chr1	328536	328537	40	0.239
chr1	328586	328587	42	0.8331
chr1	328629	328630	36	0.4515
chr1	328729	328730	45	0.2221
chr1	328829	328830	37	0.7042
chr1	328920	328921	31	0.3007
chr1	328970	328971	39	0.461
chr1	329021	329022	38	0.58
chr1	329073	329074	46	0.5218
chr1	329112	329113	39	0.1935
chr1	329127	329128	43	0.1584
chr1	329142	329143	39	0.1645
chr1	329192	329193	45	0.1782
chr1	329208	329209	42	0.1593
chr1	329258	329259	41	0.0798
chr1	329281	329282	40	0.1945
chr1	329297	329298	37	0.1401
chr1	329334	329335	39	0.1316
chr1	329384	329385	38	0.3106
chr1	329413	329414	35	0.2407
chr1	329434	329435	47	0.1084
chr1	329476	329477	43	0.1265
chr1	329505	329506	48	0.1435
chr1	329532	329533	42	0.167
chr1	329557	329558	37	0.0321
chr1	329572	329573	41	0.2821
chr1	329622	329623	40	0.1472
chr1	329637	329638	38	0.1711
chr1	329737	329738	38	0.1144
chr1	329837	329838	39	0.2759
chr1	329937	329938	37	0.0986
chr1	330037	330038	37	0.2061
chr1	330090	330091	42	0.2036
chr1	330160	330161	38	0.0894
chr1	330190	330191	42	0.2824
chr1	330222	330223	39	0.2688
chr1	330264	330265	39	0.0403
chr1	330303	330304	43	0.1113
chr1	330342	330343	35	0.1337
chr1	330386	330387	36	0.1952
chr1	330422	330423	43	0.0862
chr1	330464	330465	39	0.0733
chr1	330514	330515	41	0.1284
chr1	330539	330540	34	0.1621
chr1	330566	330567	48	0.0968
chr1	330591	330592	37	0.1571
chr1	330631	330632	41	0.162
chr1	330663	330664	46	0.2581
chr1	330703	330704	41	0.1979
chr1	330753	330754	44	0.1958
chr1	330771	330772	38	0.1236
chr1	330798	330799	45	0.0568
chr1	330876	330877	36	0.1551
chr1	330973	330974	51	0.1377
chr1	331023	331024	43	0.0451
chr1	331085	331086	35	0.0782
chr1	331178	331179	34	0.108
chr1	331237	331238	40	0.0612
chr1	331253	331254	44	0.1364
chr1	331317	331318	33	0.2273
chr1	331331	331332	39	0.0911
chr1	331371	331372	43	0.0399
chr1	331386	331387	31	0.0
chr1	331436	331437	39	0.0
chr1	331480	331481	39	0.0208
chr1	331503	331504	36	0.0953
chr1	331537	331538	44	0.0427
chr1	331557	331558	41	0.0612
chr1	331581	331582	43	0.0165
chr1	331596	331597	48	0.0209
chr1	331628	331629	37	0.1418
chr1	331663	331664	37	0.0715
chr1	331713	331714	41	0.0
chr1	331729	331730	40	0.0
chr1	331751	331752	36	0.0
chr1	331785	331786	40	0.0701
chr1	331795	331796	45	0.0814
chr1	331895	331896	47	0.0494
chr1	331995	331996	37	0.0919
chr1	332066	332067	41	0.0024
chr1	332166	332167	48	0.0796
chr1	332256	332257	38	0.0669
chr1	332340	332341	31	0.1741
chr1	333365	333366	46	0.7511
chr1	333415	333416	37	0.6978
chr1	333439	333440	44	0.8549
chr1	333464	333465	41	0.7833
chr1	333514	333515	38	0.9235
chr1	333537	333538	41	0.8688
chr1	333555	333556	36	0.9399
chr1	333581	333582	35	0.8349
chr1	333615	333616	39	0.8378
chr1	333665	333666	39	0.7656
chr1	333700	333701	39	0.6981
chr1	333732	333733	29	0.845
chr1	333747	333748	41	0.8341
chr1	333775	333776	41	0.6828
chr1	333800	333801	38	0.6242
chr1	333846	333847	33	0.8445
chr1	333894	333895	50	0.8423
chr1	333978	333979	42	0.7898
chr1	334078	334079	38	0.8251
chr1	334139	334140	35	0.8667
chr1	334239	334240	41	0.8081
chr1	334322	334323	43	0.8447
chr1	334379	334380	39	0.7861
chr1	334449	334450	30	0.7077
chr1	334478	334479	40	0.1703
chr1	334528	334529	40	0.033
chr1	334578	334579	33	0.0
chr1	334602	334603	37	0.2045
chr1	334629	334630	39	0.0712
chr1	334662	334663	43	0.0696
chr1	334712	334713	32	0.0408
chr1	334762	334763	40	0.0
chr1	334807	334808	42	0.0
chr1	334830	334831	43	0.0981
chr1	334851	334852	30	0.0249
chr1	334893	334894	40	0.1703
chr1	334922	334923	47	0.1073
chr1	334960	334961	37	0.073
chr1	334979	334980	41	0.0
chr1	334980	334981	34	0.0527
chr1	335066	335067	43	0.0694
chr1	335166	335167	40	0.1644
chr1	335244	335245	32	0.0446
chr1	335317	335318	36	0.1328
chr1	335367	335368	33	0.0928
chr1	335464	335465	38	0.0847
chr1	335544	335545	40	0.0
chr1	335570	335571	47	0.7269
chr1	335607	335608	49	0.7823
chr1	335628	335629	41	0.8505
chr1	335676	335677	37	0.8243
chr1	335709	335710	34	0.9173
chr1	335759	335760	39	0.7933
chr1	335809	335810	43	0.9091
chr1	335836	335837	35	0.8181
chr1	335865	335866	40	0.9177
chr1	335896	335897	35	0.8287
chr1	335929	335930	33	0.9767
chr1	335959	335960	35	0.7044
chr1	335991	335992	36	0.8186
chr1	336009	336010	41	0.8993
chr1	336023	336024	43	0.8286
chr1	336099	336100	37	0.9621
chr1	336186	336187	40	0.7213
chr1	336236	336237	35	0.771
chr1	336316	336317	30	0.9099
chr1	336416	336417	39	0.9748
chr1	336490	336491	47	0.8872
chr1	336495	336496	42	0.6237
chr1	336517	336518	43	0.6443
chr1	336567	336568	41	0.6423
chr1	336590	336591	38	0.5391
chr1	336609	336610	47	0.6407
chr1	336624	336625	42	0.5478
chr1	336648	336649	34	0.6517
chr1	336698	336699	34	0.5797
chr1	336736	336737	38	0.6744
chr1	336786	336787	36	0.6946
chr1	336836	336837	34	0.5833
chr1	336869	336870	31	0.485
chr1	336911	336912	30	0.5046
chr1	336961	336962	36	0.5382
chr1	337011	337012	35	0.5267
chr1	337038	337039	43	0.5751
chr1	337134	337135	41	0.5971
chr1	337234	337235	42	0.5191
chr1	337334	337335	37	0.7688
chr1	337434	337435	49	0.7214
chr1	337519	337520	36	0.5452
chr1	337533	337534	33	0.5186
chr1	337663	337664	38	0.5546
chr1	337847	337848	36	0.7186
chr1	337999	338000	37	0.573
chr1	338019	338020	36	0.5974
chr1	338024	338025	38	0.6988
chr1	338066	338067	31	0.6385
chr1	338096	338097	40	0.9931
chr1	338146	338147	24	0.8533
chr1	338164	338165	48	0.902
chr1	338184	338185	37	0.953
chr1	338219	338220	31	0.7344
chr1	338269	338270	36	0.7962
chr1	338284	338285	34	0.8478
chr1	338301	338302	35	0.9263
chr1	338337	338338	42	0.8304
chr1	338352	338353	41	0.8286
chr1	338384	338385	34	0.7837
chr1	338421	338422	49	0.92
chr1	338477	338478	42	0.8203
chr1	338577	338578	52	0.8603
chr1	338675	338676	39	0.9455
chr1	338775	338776	33	0.9317
chr1	338875	338876	36	0.7588
chr1	338877	338878	42	0.9359
chr1	338989	338990	44	0.8529
chr1	339025	339026	48	0.8529
chr1	339039	339040	37	0.9309
chr1	339093	339094	44	0.8503
chr1	339163	339164	34	0.8938
chr1	339237	339238	40	0.8172
chr1	339301	339302	33	0.9463
chr1	339359	339360	41	0.8966
chr1	339364	339365	42	0.6548
chr1	339392	339393	37	0.7964
chr1	339420	339421	36	0.8069
chr1	339448	339449	38	0.835
chr1	339472	339473	40	0.6819
chr1	339522	339523	40	0.6168
chr1	339561	339562	42	0.7518
chr1	339611	339612	43	0.8109
chr1	339651	339652	35	0.7854
chr1	339690	339691	41	0.7557
chr1	339724	339725	36	0.6878
chr1	339752	339753	38	0.7286
chr1	339770	339771	45	0.828
chr1	339803	339804	51	0.5732
chr1	339861	339862	49	0.634
chr1	339951	339952	42	0.7467
chr1	340001	340002	37	0.6931
chr1	340051	340052	45	0.7569
chr1	340151	340152	40	0.663
chr1	340201	340202	43	0.579
chr1	340287	340288	35	0.7891
chr1	340289	340290	33	0.8095
chr1	340295	340296	41	0.6755
chr1	340401	340402	49	0.6281
chr1	340417	340418	40	0.5865
chr1	340519	340520	44	0.8014
chr1	340521	340522	43	0.6688
chr1	340549	340550	34	0.6957
chr1	340619	340620	41	0.6174
chr1	340643	340644	37	0.9252
chr1	340666	340667	41	0.9366
chr1	340716	340717	37	0.7939
chr1	340753	340754	37	0.7552
chr1	340772	340773	37	0.7982
chr1	340803	340804	37	0.8323
chr1	340853	340854	43	0.7813
chr1	340903	340904	42	0.9502
chr1	340939	340940	41	0.9319
chr1	340970	340971	32	0.8012
chr1	340985	340986	35	0.9019
chr1	341007	341008	35	0.8422
chr1	341028	341029	45	0.9992
chr1	341071	341072	45	0.9464
chr1	341088	341089	45	0.8042
chr1	341095	341096	36	0.892
chr1	341195	341196	41	0.7179
chr1	341295	341296	47	0.9951
chr1	341395	341396	34	0.8841
chr1	341472	341473	43	0.8822
chr1	341476	341477	34	0.9016
chr1	341516	341517	28	0.9045
chr1	341564	341565	38	1.0
chr1	341582	341583	39	0.9968
chr1	341627	341628	38	1.0
chr1	341642	341643	41	0.984
chr1	341660	341661	52	1.0
chr1	341698	341699	35	0.9655
chr1	341727	341728	40	1.0
chr1	341761	341762	46	1.0
chr1	341781	341782	33	0.9496
chr1	341816	341817	30	0.9233
chr1	341842	341843	38	1.0
chr1	341878	341879	41	1.0
chr1	341901	341902	31	0.9493
chr1	341929	341930	43	0.9309
chr1	341979	341980	44	1.0
chr1	342029	342030	43	0.8645
chr1	342044	342045	46	0.9579
chr1	342059	342060	38	1.0
chr1	342098	342099	45	1.0
chr1	342105	342106	37	1.0
chr1	342205	342206	22	0.8073
chr1	342304	342305	48	0.9541
chr1	342375	342376	33	0.9729
chr1	342475	342476	48	1.0
chr1	342575	342576	34	1.0
chr1	342625	342626	39	0.8362
chr1	342649	342650	48	0.9981
chr1	342699	342700	43	0.9036
chr1	342721	342722	40	0.8508
chr1	342736	342737	34	0.7091
chr1	342762	342763	44	0.9242
chr1	342788	342789	44	0.9698
chr1	342827	342828	43	0.9344
chr1	342864	342865	27	0.7737
chr1	342896	342897	38	0.8455
chr1	342911	342912	43	1.0
chr1	342953	342954	47	0.9421
chr1	342984	342985	41	0.9436
chr1	343034	343035	37	0.8512
chr1	343066	343067	33	0.6634
chr1	343090	343091	36	0.8524
chr1	343099	343100	47	0.8062
chr1	343191	343192	35	0.9161
chr1	343291	343292	45	0.8842
chr1	343343	343344	46	0.8815
chr1	343429	343430	36	0.8677
chr1	343529	343530	28	1.0
chr1	343597	343598	36	0.8608
chr1	343606	343607	40	0.179
chr1	343630	343631	40	0.0819
chr1	343680	343681	32	0.1625
chr1	343730	343731	43	0.2035
chr1	343763	343764	34	0.068
chr1	343782	343783	34	0.13
chr1	343814	343815	36	0.105
chr1	343840	343841	42	0.0644
chr1	343890	343891	35	0.139
chr1	343909	343910	30	0.1103
chr1	343959	343960	49	0.1095
chr1	343974	343975	38	0.1294
chr1	343998	343999	33	0.1215
chr1	344048	344049	41	0.0177
chr1	344069	344070	33	0.0659
chr1	344086	344087	29	0.0456
chr1	344116	344117	38	0.0711
chr1	344216	344217	40	0.1192
chr1	344316	344317	41	0.0882
chr1	344416	344417	28	0.3462
chr1	344516	344517	39	0.0355
chr1	344616	344617	40	0.2522
chr1	344750	344751	38	0.0263
chr1	344768	344769	45	0.0612
chr1	344880	344881	39	0.1951
chr1	344928	344929	42	0.1641
chr1	344940	344941	37	0.2654
chr1	345036	345037	46	0.102
chr1	345080	345081	42	0.2486
chr1	345109	345110	43	0.5698
chr1	345149	345150	42	0.6737
chr1	345189	345190	41	0.734
chr1	345211	345212	40	0.7837
chr1	345252	345253	43	0.7427
chr1	345294	345295	42	0.6963
chr1	345317	345318	38	0.7169
chr1	345367	345368	40	0.607
chr1	345384	345385	38	0.8427
chr1	345415	345416	36	0.6679
chr1	345450	345451	34	0.606
chr1	345478	345479	37	0.8141
chr1	345511	345512	46	0.6672
chr1	345540	345541	44	0.7625
chr1	345590	345591	44	0.561
chr1	345598	345599	40	0.657
chr1	345693	345694	35	0.7621
chr1	345793	345794	42	0.5914
chr1	345891	345892	45	0.6846
chr1	345942	345943	37	0.836
chr1	346033	346034	41	0.6927
chr1	346055	346056	39	0.707
chr1	346133	346134	31	0.5576
chr1	346141	346142	38	0.8167
chr1	346163	346164	45	0.7627
chr1	346198	346199	38	0.8284
chr1	346219	346220	38	0.7051
chr1	346259	346260	45	0.6481
chr1	346276	346277	42	0.7362
chr1	346300	346301	40	0.8109
chr1	346333	346334	32	0.7955
chr1	346366	346367	39	0.8181
chr1	346411	346412	40	0.6116
chr1	346431	346432	37	0.7458
chr1	346454	346455	43	0.8205
chr1	346494	346495	45	0.9638
chr1	346516	346517	38	0.6874
chr1	346539	346540	41	0.6525
chr1	346589	346590	43	0.6599
chr1	346616	346617	44	0.7821
chr1	346653	346654	38	0.7502
chr1	346673	346674	33	0.6578
chr1	346707	346708	36	0.6995
chr1	346716	346717	44	0.8538
chr1	346816	346817	38	0.613
chr1	346912	346913	41	0.5981
chr1	346962	346963	44	0.5711
chr1	347062	347063	43	0.6813
chr1	347162	347163	30	0.6431
chr1	347262	347263	45	0.6265
chr1	347292	347293	39	0.8195
chr1	347544	347545	50	0.7331
chr1	347560	347561	41	0.7088
chr1	347566	347567	33	0.8135
chr1	347616	347617	36	0.7353
chr1	347674	347675	48	0.6901
chr1	347738	347739	42	0.8329
chr1	347747	347748	44	0.4813
chr1	347762	347763	41	0.5909
chr1	347812	347813	42	0.5501
chr1	347838	347839	25	0.5971
chr1	347888	347889	41	0.6058
chr1	347910	347911	35	0.6464
chr1	347960	347961	37	0.6289
chr1	348004	348005	43	0.7718
chr1	348054	348055	46	0.5468
chr1	348069	348070	42	0.5128
chr1	348097	348098	37	0.5798
chr1	348147	348148	46	0.5007
chr1	348175	348176	37	0.7855
chr1	348214	348215	37	0.7252
chr1	348232	348233	41	0.529
chr1	348297	348298	39	0.5841
chr1	348397	348398	39	0.5407
chr1	348457	348458	37	0.5672
chr1	348519	348520	35	0.6937
chr1	348619	348620	42	0.4482
chr1	348669	348670	42	0.5697
chr1	348941	348942	43	0.5765
chr1	348959	348960	42	0.5879
chr1	349001	349002	48	0.5765
chr1	349061	349062	40	0.6914
chr1	349091	349092	49	0.7093
chr1	349103	349104	38	0.6115
chr1	349153	349154	33	0.7754
chr1	349190	349191	44	0.7461
chr1	349240	349241	33	0.7688
chr1	349256	349257	46	0.7667
chr1	349274	349275	44	0.8765
chr1	349289	349290	39	0.8513
chr1	349321	349322	38	0.7562
chr1	349350	349351	39	0.6153
chr1	349380	349381	38	0.6463
chr1	349406	349407	37	0.9236
chr1	349452	349453	42	0.9175
chr1	349502	349503	39	0.686
chr1	349519	349520	37	0.6263
chr1	349549	349550	48	0.702
chr1	349591	349592	38	0.7356
chr1	349609	349610	44	0.7608
chr1	349709	349710	34	0.6135
chr1	349775	349776	43	0.7811
chr1	349875	349876	38	0.8116
chr1	349969	349970	40	0.7055
chr1	350021	350022	41	0.8438
chr1	350101	350102	45	0.7151
chr1	350177	350178	35	0.8357
chr1	350199	350200	43	0.7453
chr1	350237	350238	36	0.7428
chr1	350282	350283	38	0.5215
chr1	350307	350308	32	0.8154
chr1	350334	350335	43	0.8759
chr1	350368	350369	36	0.6776
chr1	350408	350409	36	0.7332
chr1	350458	350459	38	0.8626
chr1	350508	350509	43	0.8036
chr1	350536	350537	48	0.865
chr1	350572	350573	39	0.649
chr1	350596	350597	33	0.7778
chr1	350696	350697	30	0.9056
chr1	350791	350792	38	0.8324
chr1	350891	350892	38	0.8184
chr1	350991	350992	33	0.6332
chr1	351021	351022	37	0.7989
chr1	351039	351040	37	0.6914
chr1	351066	351067	38	0.6304
chr1	351096	351097	42	0.687
chr1	351115	351116	42	0.5056
chr1	351141	351142	41	0.7515
chr1	351161	351162	42	0.7511
chr1	351197	351198	37	0.6585
chr1	351238	351239	38	0.7502
chr1	351288	351289	42	0.7539
chr1	351322	351323	35	0.5712
chr1	351372	351373	39	0.6141
chr1	351422	351423	46	0.5315
chr1	351472	351473	39	0.6616
chr1	351522	351523	49	0.5534
chr1	351545	351546	36	0.7882
chr1	351564	351565	32	0.7027
chr1	351586	351587	40	0.7209
chr1	351623	351624	32	0.6159
chr1	351624	351625	38	0.795
chr1	351724	351725	37	0.6538
chr1	351824	351825	33	0.7241
chr1	351924	351925	43	0.7182
chr1	351974	351975	44	0.7763
chr1	352028	352029	39	0.7117
chr1	352128	352129	40	0.8046
chr1	352140	352141	35	0.7024
chr1	352144	352145	42	0.7901
chr1	352156	352157	37	0.2765
chr1	352184	352185	40	0.1568
chr1	352234	352235	40	0.143
chr1	352256	352257	36	0.2865
chr1	352271	352272	34	0.2166
chr1	352321	352322	44	0.1225
chr1	352351	352352	45	0.1711
chr1	352398	352399	33	0.036
chr1	352448	352449	33	0.2525
chr1	352498	352499	42	0.1878
chr1	352533	352534	47	0.3386
chr1	352549	352550	35	0.3852
chr1	352599	352600	39	0.3566
chr1	352623	352624	39	0.2599
chr1	352637	352638	42	0.2631
chr1	352737	352738	36	0.2241
chr1	352837	352838	32	0.2375
chr1	352901	352902	43	0.2689
chr1	353001	353002	46	0.0519
chr1	353101	353102	36	0.2487
chr1	353177	353178	39	0.1954
chr1	353217	353218	46	0.9878
chr1	353241	353242	39	0.7918
chr1	353276	353277	39	0.7434
chr1	353326	353327	40	0.644
chr1	353352	353353	46	0.82
chr1	353385	353386	43	0.9413
chr1	353426	353427	38	0.9256
chr1	353451	353452	34	0.6779
chr1	353488	353489	37	0.8544
chr1	353517	353518	38	0.7218
chr1	353532	353533	47	0.876
chr1	353578	353579	41	0.7567
chr1	353593	353594	38	0.8806
chr1	353643	353644	39	0.8875
chr1	353659	353660	38	0.8576
chr1	353702	353703	42	0.6997
chr1	353717	353718	40	0.8134
chr1	353755	353756	40	0.8381
chr1	353855	353856	47	0.8515
chr1	353912	353913	42	0.8304
chr1	353962	353963	45	0.8799
chr1	354062	354063	39	0.9564
chr1	354162	354163	38	0.77
chr1	354262	354263	35	0.7301
chr1	354282	354283	35	0.6958
chr1	354332	354333	40	0.7291
chr1	354340	354341	30	0.6728
chr1	354386	354387	30	0.6585
chr1	354421	354422	42	0.6884
chr1	354465	354466	45	0.7217
chr1	354515	354516	45	0.751
chr1	354553	354554	42	0.645
chr1	354573	354574	44	0.6978
chr1	354595	354596	51	0.8429
chr1	354613	354614	32	0.7603
chr1	354628	354629	38	0.7665
chr1	354646	354647	46	0.8417
chr1	354674	354675	31	0.7989
chr1	354707	354708	40	0.8195
chr1	354729	354730	42	0.5382
chr1	354776	354777	33	0.7062
chr1	354798	354799	41	0.7374
chr1	354848	354849	39	0.765
chr1	354849	354850	44	0.7449
chr1	354949	354950	34	0.7968
chr1	355003	355004	45	0.6218
chr1	355083	355084	42	0.7062
chr1	355183	355184	38	0.7433
chr1	355283	355284	42	0.7454
chr1	355393	355394	34	0.5092
chr1	355433	355434	40	0.778
chr1	355451	355452	34	0.6177
chr1	355475	355476	37	0.6292
chr1	355507	355508	41	0.6931
chr1	355547	355548	34	0.5792
chr1	355587	355588	46	0.6555
chr1	355637	355638	36	0.8242
chr1	355671	355672	36	0.873
chr1	355713	355714	40	0.8016
chr1	355763	355764	28	0.8513
chr1	355796	355797	37	0.7948
chr1	355846	355847	42	0.7995
chr1	355879	355880	43	0.8543
chr1	355927	355928	42	0.9061
chr1	355947	355948	42	0.9286
chr1	355972	355973	42	0.9442
chr1	355994	355995	34	0.9819
chr1	356012	356013	37	0.7547
chr1	356030	356031	34	0.8817
chr1	356068	356069	37	0.7723
chr1	356093	356094	44	0.9117
chr1	356122	356123	36	0.8488
chr1	356155	356156	44	0.7211
chr1	356174	356175	36	0.9217
chr1	356254	356255	40	0.9418
chr1	356354	356355	42	0.6486
chr1	356454	356455	44	0.7516
chr1	356554	356555	39	0.9089
chr1	356619	356620	44	0.9044
chr1	356635	356636	38	0.8344
chr1	356675	356676	47	0.815
chr1	356680	356681	40	0.9434
chr1	356695	356696	38	0.9166
chr1	356745	356746	38	0.7869
chr1	356760	356761	43	0.7119
chr1	356810	356811	42	0.8331
chr1	356844	356845	40	0.8261
chr1	356894	356895	36	0.8513
chr1	356944	356945	25	0.8989
chr1	356994	356995	44	0.8332
chr1	357044	357045	41	0.9782
chr1	357071	357072	40	0.9293
chr1	357121	357122	48	0.8344
chr1	357152	357153	37	0.9183
chr1	357184	357185	40	0.9205
chr1	357209	357210	43	0.958
chr1	357212	357213	40	0.8763
chr1	357312	357313	48	0.7803
chr1	357373	357374	39	0.816
chr1	357423	357424	31	0.8844
chr1	357523	357524	35	0.9828
chr1	357623	357624	23	0.917
chr1	357673	357674	41	0.8725
chr1	357723	357724	37	0.8199
chr1	357739	357740	46	0.9152
chr1	357743	357744	37	0.9216
chr1	357747	357748	43	0.7731
chr1	357859	357860	42	0.7992
chr1	357941	357942	39	0.8909
chr1	357987	357988	38	0.8443
chr1	358019	358020	36	0.8493
chr1	358097	358098	43	0.8039
chr1	358130	358131	36	0.1945
chr1	358173	358174	39	0.0
chr1	358203	358204	42	0.053
chr1	358227	358228	43	0.0687
chr1	358277	358278	39	0.0524
chr1	358304	358305	48	0.0684
chr1	358324	358325	39	0.1226
chr1	358340	358341	41	0.273
chr1	358377	358378	47	0.0913
chr1	358422	358423	30	0.1731
chr1	358466	358467	39	0.0753
chr1	358489	358490	40	0.1778
chr1	358537	358538	45	0.1761
chr1	358554	358555	40	0.162
chr1	358559	358560	38	0.0
chr1	358659	358660	37	0.0904
chr1	358759	358760	49	0.1525
chr1	358859	358860	35	0.1675
chr1	358959	358960	45	0.0691
chr1	359037	359038	41	0.1255
chr1	359087	359088	39	0.8193
chr1	359102	359103	52	0.8097
chr1	359130	359131	37	0.7186
chr1	359164	359165	41	0.8106
chr1	359198	359199	40	0.6866
chr1	359217	359218	39	0.7539
chr1	359251	359252	38	0.8171
chr1	359289	359290	41	0.7944
chr1	359313	359314	47	0.756
chr1	359344	359345	46	0.795
chr1	359379	359380	43	0.745
chr1	359403	359404	39	0.6842
chr1	359447	359448	36	0.6793
chr1	359463	359464	36	0.8825
chr1	359513	359514	36	0.7689
chr1	359540	359541	40	0.7763
chr1	359573	359574	33	0.9237
chr1	359673	359674	40	0.8883
chr1	359773	359774	30	0.6807
chr1	359873	359874	45	0.7786
chr1	359923	359924	42	0.8003
chr1	360023	360024	46	0.6738
chr1	360113	360114	36	0.6907
chr1	360118	360119	50	0.6158
chr1	360156	360157	34	0.8091
chr1	360196	360197	34	0.8837
chr1	360215	360216	39	0.8013
chr1	360235	360236	49	0.6818
chr1	360257	360258	39	0.7482
chr1	360294	360295	38	0.7502
chr1	360329	360330	45	0.6273
chr1	360354	360355	37	0.6214
chr1	360369	360370	42	0.7675
chr1	360386	360387	44	0.8273
chr1	360415	360416	49	0.8588
chr1	360457	360458	36	0.8585
chr1	360477	360478	39	0.7656
chr1	360504	360505	37	0.7444
chr1	360554	360555	47	0.6596
chr1	360566	360567	40	0.8481
chr1	360616	360617	36	0.7899
chr1	360707	360708	51	0.7485
chr1	360807	360808	44	0.726
chr1	360907	360908	36	0.8161
chr1	360973	360974	39	0.6437
chr1	361009	361010	36	0.6773
chr1	361019	361020	34	0.8782
chr1	361079	361080	35	0.788
chr1	361135	361136	46	0.9496
chr1	361207	361208	41	0.7815
chr1	361273	361274	41	0.724
chr1	361325	361326	35	0.6251
chr1	361369	361370	39	0.842
chr1	361409	361410	38	0.7199
chr1	361423	361424	33	0.8096
chr1	361461	361462	38	0.8815
chr1	361481	361482	42	0.8525
chr1	361531	361532	40	0.838
chr1	361552	361553	38	0.5481
chr1	361592	361593	46	0.8585
chr1	361622	361623	31	0.8441
chr1	361637	361638	37	0.7897
chr1	361687	361688	36	0.8026
chr1	361724	361725	39	0.7524
chr1	361745	361746	44	0.672
chr1	361764	361765	31	0.6907
chr1	361791	361792	36	0.8704
chr1	361811	361812	34	0.6678
chr1	361833	361834	32	0.8067
chr1	361854	361855	43	0.8214
chr1	361904	361905	25	0.6216
chr1	361923	361924	33	0.6883
chr1	361960	361961	38	0.6105
chr1	361978	361979	37	0.6708
chr1	362078	362079	42	0.7875
chr1	362128	362129	41	0.7481
chr1	362178	362179	34	0.675
chr1	362278	362279	41	0.6507
chr1	362378	362379	45	0.7749
chr1	362459	362460	43	0.8167
chr1	362487	362488	44	0.7582
chr1	362537	362538	42	0.6733
chr1	362581	362582	44	0.7518
chr1	362600	362601	39	0.7009
chr1	362650	362651	49	0.7765
chr1	362699	362700	31	0.6557
chr1	362717	362718	36	0.7947
chr1	362732	362733	33	0.7819
chr1	362753	362754	39	0.9926
chr1	362784	362785	47	0.9161
chr1	362810	362811	50	0.8497
chr1	362833	362834	39	0.5454
chr1	362883	362884	32	0.7178
chr1	362906	362907	47	0.7379
chr1	362936	362937	51	0.9565
chr1	362962	362963	45	0.7385
chr1	362989	362990	33	0.7331
chr1	363039	363040	45	0.8323
chr1	363094	363095	38	0.7224
chr1	363194	363195	36	0.6883
chr1	363270	363271	32	0.8498
chr1	363352	363353	42	0.8919
chr1	363388	363389	43	0.8892
chr1	363410	363411	46	0.8336
chr1	363442	363443	41	0.6287
chr1	363469	363470	35	0.6213
chr1	363498	363499	43	0.7572
chr1	363522	363523	42	0.7363
chr1	363572	363573	46	0.5867
chr1	363595	363596	39	0.531
chr1	363621	363622	46	0.7329
chr1	363652	363653	36	0.7233
chr1	363667	363668	36	0.812
chr1	363707	363708	50	0.6927
chr1	363723	363724	39	0.5927
chr1	363743	363744	36	0.8455
chr1	363765	363766	42	0.7746
chr1	363794	363795	41	0.5359
chr1	363813	363814	42	0.7095
chr1	363844	363845	38	0.7597
chr1	363878	363879	37	0.6986
chr1	363892	363893	42	0.5874
chr1	363992	363993	32	0.6971
chr1	364092	364093	32	0.7791
chr1	364192	364193	42	0.7089
chr1	364242	364243	35	0.7292
chr1	364342	364343	34	0.6057
chr1	364350	364351	49	0.6669
chr1	364365	364366	36	0.9039
chr1	364399	364400	44	0.7281
chr1	364430	364431	30	0.6369
chr1	364464	364465	38	0.7854
chr1	364490	364491	39	0.651
chr1	364540	364541	28	0.7626
chr1	364563	364564	39	0.781
chr1	364603	364604	46	0.7377
chr1	364632	364633	53	0.7188
chr1	364654	364655	38	0.8391
chr1	364690	364691	35	0.6887
chr1	364716	364717	36	0.6418
chr1	364738	364739	33	0.672
chr1	364767	364768	43	0.5809
chr1	364798	364799	37	0.6447
chr1	364835	364836	40	0.7252
chr1	364885	364886	42	0.8228
chr1	364985	364986	39	0.7904
chr1	365085	365086	42	0.8661
chr1	365175	365176	37	0.688
chr1	365275	365276	45	0.7133
chr1	365327	365328	48	0.7151
chr1	365457	365458	44	0.6608
chr1	365467	365468	37	0.9032
chr1	365613	365614	39	0.8081
chr1	365645	365646	47	0.8674
chr1	365653	365654	36	0.8079
chr1	365703	365704	46	0.613
chr1	365740	365741	39	0.7645
chr1	365762	365763	35	0.7802
chr1	365787	365788	39	0.6324
chr1	365802	365803	44	0.7832
chr1	365852	365853	42	0.8409
chr1	365868	365869	32	0.8641
chr1	365918	365919	41	0.7881
chr1	365954	365955	34	0.7543
chr1	365984	365985	37	0.8127
chr1	366015	366016	42	0.771
chr1	366055	366056	46	0.597
chr1	366070	366071	43	0.6782
chr1	366090	366091	51	0.626
chr1	366123	366124	42	0.7175
chr1	366162	366163	41	0.7332
chr1	366246	366247	37	0.8636
chr1	366340	366341	34	0.6638
chr1	366440	366441	32	0.7319
chr1	366497	366498	47	0.7348
chr1	366590	366591	36	0.6206
chr1	366594	366595	30	0.7068
chr1	366616	366617	41	0.7192
chr1	366732	366733	50	0.7912
chr1	366912	366913	37	0.6199
chr1	367036	367037	42	0.6185
chr1	367046	367047	35	0.8495
chr1	367090	367091	36	0.9113
chr1	367140	367141	39	0.9967
chr1	367184	367185	47	1.0
chr1	367207	367208	39	0.9399
chr1	367246	367247	49	0.8892
chr1	367296	367297	51	0.8047
chr1	367344	367345	34	0.8508
chr1	367364	367365	35	0.8664
chr1	367401	367402	34	0.8204
chr1	367421	367422	42	0.9227
chr1	367471	367472	46	0.8532
chr1	367482	367483	36	0.9348
chr1	367532	367533	35	0.907
chr1	367632	367633	45	0.9923
chr1	367703	367704	47	0.8998
chr1	367768	367769	37	0.8862
chr1	367818	367819	39	0.9133
chr1	367918	367919	41	0.8851
chr1	368008	368009	38	0.8778
chr1	368046	368047	42	0.7414
chr1	368071	368072	43	0.8303
chr1	368102	368103	36	0.9974
chr1	368119	368120	47	0.7179
chr1	368135	368136	45	0.715
chr1	368170	368171	43	0.954
chr1	368185	368186	43	0.948
chr1	368218	368219	40	0.9928
chr1	368234	368235	35	0.9183
chr1	368284	368285	31	0.9513
chr1	368319	368320	39	0.8272
chr1	368341	368342	36	0.9207
chr1	368391	368392	41	0.861
chr1	368409	368410	45	0.7831
chr1	368456	368457	37	0.8582
chr1	368472	368473	52	0.8995
chr1	368496	368497	48	0.8655
chr1	368573	368574	38	0.9174
chr1	368673	368674	42	0.8944
chr1	368723	368724	37	0.9999
chr1	368773	368774	38	0.7696
chr1	368873	368874	39	0.8962
chr1	368923	368924	27	0.8802
chr1	368951	368952	35	0.8715
chr1	368994	368995	33	0.9359
chr1	369042	369043	43	0.768
chr1	369057	369058	41	0.9769
chr1	369094	369095	47	0.7747
chr1	369114	369115	38	0.9182
chr1	369140	369141	39	0.8908
chr1	369188	369189	50	0.9193
chr1	369223	369224	32	0.9191
chr1	369256	369257	44	0.7634
chr1	369286	369287	35	0.9164
chr1	369302	369303	34	0.9561
chr1	369335	369336	45	0.8532
chr1	369363	369364	40	0.8994
chr1	369378	369379	45	0.7477
chr1	369417	369418	40	0.8986
chr1	369435	369436	38	0.8806
chr1	369535	369536	45	0.8289
chr1	369635	369636	37	0.7057
chr1	369735	369736	41	0.8312
chr1	369801	369802	46	0.829
chr1	369851	369852	33	0.7942
chr1	369901	369902	41	0.7942
chr1	370001	370002	47	0.7839
chr1	370037	370038	33	0.9098
chr1	370060	370061	40	0.7855
chr1	370075	370076	35	0.9459
chr1	370108	370109	42	0.8095
chr1	370128	370129	46	0.7073
chr1	370178	370179	31	0.803
chr1	370194	370195	42	0.7548
chr1	370244	370245	37	0.6678
chr1	370293	370294	36	0.8518
chr1	370343	370344	37	0.8064
chr1	370364	370365	35	0.7497
chr1	370414	370415	39	0.871
chr1	370429	370430	44	0.8268
chr1	370479	370480	43	0.8185
chr1	370529	370530	46	0.63
chr1	370555	370556	40	0.9979
chr1	370571	370572	28	0.7624
chr1	370671	370672	42	0.8803
chr1	370752	370753	42	0.9201
chr1	370802	370803	39	0.8347
chr1	370902	370903	35	0.8387
chr1	371002	371003	42	0.8565
chr1	371102	371103	47	0.8787
chr1	371150	371151	41	0.7997
chr1	371190	371191	38	0.9076
chr1	371216	371217	43	0.6914
chr1	371237	371238	32	0.7876
chr1	371253	371254	42	0.7973
chr1	371301	371302	36	0.7546
chr1	371321	371322	45	0.7727
chr1	371353	371354	48	0.7359
chr1	371392	371393	41	0.7534
chr1	371420	371421	38	0.8686
chr1	371445	371446	41	0.8046
chr1	371476	371477	45	0.7526
chr1	371511	371512	40	0.6594
chr1	371537	371538	43	0.8362
chr1	371555	371556	39	0.7754
chr1	371574	371575	40	0.7569
chr1	371589	371590	47	0.5841
chr1	371619	371620	41	0.6592
chr1	371669	371670	50	0.918
chr1	371696	371697	53	0.812
chr1	371716	371717	46	0.7418
chr1	371737	371738	43	0.7155
chr1	371768	371769	46	0.7398
chr1	371783	371784	45	0.6646
chr1	371854	371855	34	0.6762
chr1	371954	371955	43	0.8275
chr1	372054	372055	34	0.8123
chr1	372154	372155	39	0.8448
chr1	372254	372255	43	0.8652
chr1	372274	372275	34	0.9132
chr1	372324	372325	42	0.8356
chr1	372334	372335	34	0.8734
chr1	372379	372380	40	0.8592
chr1	372409	372410	42	0.5783
chr1	372425	372426	33	0.8352
chr1	372449	372450	42	0.7497
chr1	372479	372480	33	0.7602
chr1	372529	372530	31	0.7549
chr1	372559	372560	37	0.8453
chr1	372595	372596	41	0.8819
chr1	372635	372636	35	0.59
chr1	372668	372669	47	0.8958
chr1	372718	372719	43	0.8093
chr1	372768	372769	44	0.7958
chr1	372800	372801	38	0.7443
chr1	372811	372812	38	0.7113
chr1	372870	372871	29	0.7546
chr1	372931	372932	34	0.7308
chr1	373011	373012	41	0.7546
chr1	373111	373112	41	0.866
chr1	373211	373212	31	0.9056
chr1	373271	373272	35	0.8228
chr1	373293	373294	38	0.8118
chr1	373309	373310	38	0.0
chr1	373359	373360	45	0.1316
chr1	373374	373375	41	0.0706
chr1	373424	373425	47	0.1373
chr1	373449	373450	41	0.1605
chr1	373493	373494	27	0.1502
chr1	373509	373510	45	0.1216
chr1	373526	373527	35	0.1337
chr1	373556	373557	46	0.1583
chr1	373586	373587	31	0.146
chr1	373633	373634	41	0.1194
chr1	373682	373683	31	0.1114
chr1	373713	373714	36	0.0548
chr1	373763	373764	40	0.1393
chr1	373803	373804	46	0.04
chr1	373891	373892	41	0.0197
chr1	373991	373992	45	0.117
chr1	374091	374092	47	0.2845
chr1	374191	374192	42	0.1427
chr1	374252	374253	30	0.0858
chr1	374310	374311	35	0.0262
chr1	374316	374317	38	0.6395
chr1	374366	374367	41	0.6208
chr1	374392	374393	35	0.8321
chr1	374442	374443	39	0.9716
chr1	374473	374474	44	0.8213
chr1	374523	374524	43	0.6259
chr1	374538	374539	41	0.6611
chr1	374588	374589	47	0.6074
chr1	374609	374610	35	0.6686
chr1	374634	374635	36	0.6857
chr1	374654	374655	40	0.7303
chr1	374692	374693	43	0.7934
chr1	374717	374718	42	0.6698
chr1	374742	374743	31	0.5558
chr1	374792	374793	38	0.8216
chr1	374811	374812	36	0.8095
chr1	374911	374912	40	0.8287
chr1	374968	374969	44	0.5326
chr1	375066	375067	47	0.8088
chr1	375166	375167	41	0.7661
chr1	375266	375267	38	0.8787
chr1	375292	375293	31	0.602
chr1	375308	375309	44	0.5972
chr1	375470	375471	37	0.6828
chr1	375524	375525	34	0.7508
chr1	375636	375637	42	0.7671
chr1	375754	375755	44	0.6765
chr1	375766	375767	38	0.7332
chr1	375772	375773	44	0.6734
chr1	375807	375808	44	0.8389
chr1	375835	375836	29	0.6888
chr1	375878	375879	37	0.788
chr1	375914	375915	33	0.643
chr1	375951	375952	28	0.6859
chr1	375975	375976	38	0.7413
chr1	375996	375997	38	0.7014
chr1	376046	376047	42	0.7786
chr1	376061	376062	46	0.6925
chr1	376076	376077	37	0.8602
chr1	376126	376127	33	0.6556
chr1	376142	376143	39	0.735
chr1	376170	376171	35	0.8554
chr1	376210	376211	42	0.8172
chr1	376242	376243	33	0.7294
chr1	376277	376278	39	0.8133
chr1	376295	376296	44	0.8015
chr1	376323	376324	43	0.7803
chr1	376418	376419	36	0.5819
chr1	376509	376510	45	0.7125
chr1	376590	376591	38	0.8372
chr1	376670	376671	37	0.7576
chr1	376755	376756	39	0.8318
chr1	376854	376855	38	0.6556
chr1	376860	376861	42	0.712
chr1	376994	376995	32	0.7748
chr1	377038	377039	39	0.7785
chr1	377154	377155	38	0.7751
chr1	377170	377171	52	0.7971
chr1	377194	377195	34	0.7907
chr1	377212	377213	34	0.7862
chr1	377219	377220	30	0.2024
chr1	377244	377245	36	0.16
chr1	377294	377295	38	0.0587
chr1	377319	377320	35	0.265
chr1	377369	377370	36	0.1589
chr1	377391	377392	41	0.1345
chr1	377427	377428	28	0.2641
chr1	377477	377478	43	0.2924
chr1	377517	377518	38	0.0469
chr1	377567	377568	42	0.0063
chr1	377582	377583	36	0.1436
chr1	377632	377633	44	0.159
chr1	377670	377671	37	0.0816
chr1	377708	377709	37	0.0281
chr1	377710	377711	38	0.0666
chr1	377795	377796	39	0.0371
chr1	377895	377896	36	0.2462
chr1	377988	377989	41	0.2025
chr1	378081	378082	40	0.1988
chr1	378181	378182	36	0.2106
chr1	378239	378240	37	0.2508
chr1	378285	378286	46	0.1227
chr1	378391	378392	33	0.1352
chr1	378399	378400	40	0.087
chr1	378405	378406	44	0.1115
chr1	378425	378426	39	0.1159
chr1	378475	378476	38	0.2324
chr1	378485	378486	42	0.2838
chr1	378497	378498	49	0.0696
chr1	378589	378590	45	0.1009
chr1	378596	378597	36	0.0506
chr1	378614	378615	41	0.1479
chr1	378634	378635	50	0.1183
chr1	378658	378659	39	0.0
chr1	378679	378680	41	0.1586
chr1	378713	378714	43	0.036
chr1	378742	378743	40	0.1683
chr1	378761	378762	40	0.0672
chr1	378807	378808	40	0.0
chr1	378835	378836	48	0.0508
chr1	378870	378871	40	0.0
chr1	378892	378893	36	0.0331
chr1	378942	378943	38	0.0
chr1	378968	378969	42	0.1
chr1	379001	379002	31	0.0127
chr1	379024	379025	38	0.0737
chr1	379050	379051	38	0.0
chr1	379076	379077	35	0.1435
chr1	379095	379096	42	0.1149
chr1	379118	379119	46	0.0894
chr1	379136	379137	37	0.0557
chr1	379236	379237	45	0.1497
chr1	379336	379337	37	0.1299
chr1	379431	379432	46	0.0
chr1	379508	379509	34	0.0
chr1	379558	379559	35	0.0871
chr1	379608	379609	37	0.0
chr1	379662	379663	42	0.0202
chr1	379666	379667	28	0.0707
chr1	379862	379863	29	0.1627
chr1	379904	379905	37	0.0059
chr1	379988	379989	37	0.1135
chr1	380026	380027	40	0.0808
chr1	380030	380031	40	0.1614
chr1	380126	380127	43	0.203
chr1	380132	380133	34	0.7151
chr1	380153	380154	39	0.6913
chr1	380175	380176	44	0.6819
chr1	380225	380226	35	0.8389
chr1	380251	380252	38	0.7144
chr1	380301	380302	37	0.646
chr1	380340	380341	41	0.5556
chr1	380364	380365	42	0.6326
chr1	380379	380380	37	0.5752
chr1	380420	380421	41	0.7322
chr1	380465	380466	40	0.774
chr1	380495	380496	40	0.6703
chr1	380510	380511	37	0.6221
chr1	380536	380537	41	0.6959
chr1	380568	380569	37	0.8034
chr1	380604	380605	33	0.7524
chr1	380625	380626	33	0.6793
chr1	380642	380643	48	0.6837
chr1	380742	380743	37	0.602
chr1	380842	380843	36	0.7862
chr1	380942	380943	41	0.7779
chr1	381042	381043	37	0.8684
chr1	381142	381143	49	0.6385
chr1	381214	381215	43	0.7208
chr1	381308	381309	55	0.7931
chr1	381322	381323	44	0.7557
chr1	381424	381425	42	0.9098
chr1	381432	381433	46	0.8369
chr1	381500	381501	39	0.8158
chr1	381640	381641	46	0.813
chr1	381648	381649	50	0.8129
chr1	381694	381695	43	0.7127
chr1	381712	381713	30	0.6404
chr1	381740	381741	39	0.8065
chr1	381779	381780	27	0.8587
chr1	381818	381819	38	0.6723
chr1	381868	381869	43	0.7424
chr1	381893	381894	46	0.792
chr1	381943	381944	32	0.7379
chr1	381976	381977	39	0.6488
chr1	382016	382017	28	0.9124
chr1	382037	382038	40	0.6381
chr1	382062	382063	34	0.8862
chr1	382087	382088	35	0.784
chr1	382121	382122	41	0.6817
chr1	382143	382144	37	0.7374
chr1	382162	382163	37	0.8009
chr1	382179	382180	42	0.8926
chr1	382279	382280	38	0.9962
chr1	382376	382377	33	0.6459
chr1	382426	382427	39	0.8959
chr1	382521	382522	41	0.6661
chr1	382620	382621	35	0.8373
chr1	382687	382688	47	0.9326
chr1	382731	382732	47	0.8854
chr1	382751	382752	40	0.8449
chr1	382823	382824	42	0.8143
chr1	382927	382928	42	0.8115
chr1	383049	383050	46	0.8367
chr1	383054	383055	38	0.8041
chr1	383087	383088	45	0.8353
chr1	383115	383116	44	0.7289
chr1	383165	383166	38	0.8086
chr1	383181	383182	47	0.638
chr1	383222	383223	38	0.8103
chr1	383254	383255	37	0.5808
chr1	383291	383292	36	0.7896
chr1	383306	383307	40	0.6367
chr1	383352	383353	32	0.7875
chr1	383398	383399	35	0.7905
chr1	383416	383417	35	0.7705
chr1	383438	383439	31	0.6909
chr1	383453	383454	43	0.6034
chr1	383473	383474	47	0.7803
chr1	383494	383495	25	0.9617
chr1	383544	383545	41	0.7095
chr1	383578	383579	42	0.9759
chr1	383585	383586	37	0.7353
chr1	383685	383686	45	0.7537
chr1	383784	383785	38	0.7149
chr1	383834	383835	41	0.7884
chr1	383928	383929	32	0.8876
chr1	384028	384029	38	0.7157
chr1	384078	384079	43	0.9742
chr1	384100	384101	45	0.6884
chr1	384460	384461	47	0.7724
chr1	384464	384465	44	0.8077
chr1	384490	384491	43	0.7687
chr1	384572	384573	33	0.7079
chr1	384611	384612	37	0.7071
chr1	384644	384645	37	0.6211
chr1	384694	384695	43	0.3835
chr1	384737	384738	34	0.6842
chr1	384756	384757	42	0.6876
chr1	384803	384804	45	0.3913
chr1	384828	384829	41	0.4808
chr1	384854	384855	43	0.4145
chr1	384874	384875	29	0.7411
chr1	384901	384902	37	0.5384
chr1	384951	384952	39	0.3498
chr1	384974	384975	43	0.6657
chr1	385011	385012	41	0.5522
chr1	385036	385037	33	0.6404
chr1	385055	385056	47	0.2108
chr1	385089	385090	40	0.535
chr1	385093	385094	37	0.6492
chr1	385143	385144	40	0.2382
chr1	385243	385244	42	0.3645
chr1	385332	385333	38	0.3427
chr1	385432	385433	35	0.6305
chr1	385532	385533	40	0.5038
chr1	385657	385658	37	0.7044
chr1	385667	385668	38	0.7287
chr1	385674	385675	43	0.8161
chr1	385697	385698	35	0.7617
chr1	385719	385720	42	0.684
chr1	385747	385748	37	0.6658
chr1	385769	385770	35	0.7234
chr1	385795	385796	42	0.8124
chr1	385816	385817	40	0.8649
chr1	385851	385852	38	0.6163
chr1	385873	385874	38	0.7668
chr1	385888	385889	34	0.7088
chr1	385926	385927	36	0.8199
chr1	385976	385977	46	0.7596
chr1	386026	386027	38	0.7494
chr1	386071	386072	39	0.7046
chr1	386086	386087	41	0.6823
chr1	386122	386123	34	0.7786
chr1	386157	386158	35	0.7729
chr1	386180	386181	42	0.7926
chr1	386206	386207	41	0.8576
chr1	386306	386307	40	0.6711
chr1	386406	386407	38	0.716
chr1	386468	386469	40	0.7966
chr1	386568	386569	36	0.7368
chr1	386634	386635	41	0.6366
chr1	386734	386735	42	0.7578
chr1	386740	386741	32	0.8554
chr1	386758	386759	40	0.6318
chr1	386794	386795	46	0.8897
chr1	386830	386831	44	0.9649
chr1	386972	386973	35	0.7266
chr1	387044	387045	38	0.7675
chr1	387110	387111	39	0.7066
chr1	387162	387163	48	0.6617
chr1	387220	387221	42	0.7005
chr1	387252	387253	36	0.8003
chr1	387275	387276	45	0.8913
chr1	387319	387320	37	0.7336
chr1	387347	387348	34	0.8139
chr1	387362	387363	30	0.7389
chr1	387377	387378	28	0.8153
chr1	387423	387424	37	0.6813
chr1	387462	387463	32	0.816
chr1	387493	387494	39	0.7613
chr1	387510	387511	35	0.7939
chr1	387530	387531	30	0.7239
chr1	387569	387570	42	0.7725
chr1	387617	387618	43	0.9026
chr1	387656	387657	31	0.6714
chr1	387688	387689	35	0.7763
chr1	387738	387739	41	0.69
chr1	387788	387789	43	0.5491
chr1	387793	387794	38	0.6918
chr1	387843	387844	44	0.7004
chr1	387943	387944	32	0.7604
chr1	388001	388002	43	0.7021
chr1	388201	388202	37	0.6862
chr1	388301	388302	26	0.5998
chr1	388335	388336	40	0.8077
chr1	388346	388347	35	0.6556
chr1	388361	388362	39	0.7119
chr1	388393	388394	39	0.8558
chr1	388443	388444	37	0.7621
chr1	388460	388461	36	0.5741
chr1	388496	388497	37	0.8746
chr1	388517	388518	47	0.7233
chr1	388541	388542	45	0.758
chr1	388589	388590	34	0.724
chr1	388627	388628	35	0.8452
chr1	388647	388648	48	0.8072
chr1	388674	388675	44	0.8708
chr1	388691	388692	37	0.7919
chr1	388728	388729	36	0.8441
chr1	388758	388759	44	0.8039
chr1	388808	388809	43	0.7958
chr1	388846	388847	41	0.7337
chr1	388880	388881	45	0.9114
chr1	388900	388901	33	0.8686
chr1	389000	389001	44	0.7815
chr1	389100	389101	41	0.7729
chr1	389200	389201	42	0.7769
chr1	389300	389301	51	0.7719
chr1	389400	389401	43	0.9387
chr1	389438	389439	34	0.6633
chr1	389461	389462	39	0.9134
chr1	389476	389477	33	0.8772
chr1	389523	389524	41	0.9051
chr1	389573	389574	34	0.7531
chr1	389623	389624	40	0.8754
chr1	389646	389647	39	0.6739
chr1	389694	389695	39	0.6417
chr1	389744	389745	49	0.8622
chr1	389777	389778	36	0.8015
chr1	389808	389809	41	0.8647
chr1	389851	389852	39	0.8963
chr1	389870	389871	48	0.8355
chr1	389896	389897	41	0.8059
chr1	389927	389928	36	0.7251
chr1	389947	389948	28	0.7472
chr1	389978	389979	41	0.7516
chr1	390002	390003	33	0.7777
chr1	390017	390018	39	0.6202
chr1	390029	390030	37	0.6937
chr1	390079	390080	35	0.7474
chr1	390179	390180	29	0.7535
chr1	390279	390280	46	0.8379
chr1	390354	390355	44	0.7324
chr1	390454	390455	48	0.8736
chr1	390554	390555	44	0.8136
chr1	390618	390619	46	0.7971
chr1	390623	390624	42	0.6442
chr1	390668	390669	45	0.5946
chr1	390696	390697	40	0.598
chr1	390733	390734	37	0.4499
chr1	390748	390749	36	0.7782
chr1	390770	390771	41	0.5171
chr1	390789	390790	40	0.5235
chr1	390811	390812	37	0.5602
chr1	390830	390831	49	0.6815
chr1	390849	390850	42	0.685
chr1	390873	390874	32	0.6829
chr1	390898	390899	34	0.4859
chr1	390922	390923	39	0.6075
chr1	390969	390970	36	0.675
chr1	390993	390994	41	0.6807
chr1	391021	391022	39	0.5664
chr1	391041	391042	38	0.5262
chr1	391056	391057	42	0.4971
chr1	391077	391078	39	0.6382
chr1	391122	391123	39	0.4829
chr1	391159	391160	42	0.5472
chr1	391259	391260	39	0.6766
chr1	391323	391324	42	0.6419
chr1	391374	391375	47	0.6174
chr1	391474	391475	46	0.5978
chr1	391565	391566	38	0.5339
chr1	391615	391616	38	0.5991
chr1	391623	391624	38	0.6398
chr1	391689	391690	44	0.6225
chr1	391825	391826	43	0.6144
chr1	391831	391832	38	0.5316
chr1	391835	391836	40	0.5525
chr1	391869	391870	47	0.7117
chr1	391963	391964	46	0.5702
chr1	392004	392005	42	0.9047
chr1	392045	392046	37	0.8562
chr1	392081	392082	34	0.8772
chr1	392102	392103	31	0.904
chr1	392117	392118	35	0.6676
chr1	392167	392168	39	0.7836
chr1	392213	392214	39	0.6871
chr1	392242	392243	45	0.6816
chr1	392292	392293	33	0.7713
chr1	392327	392328	47	0.7296
chr1	392342	392343	38	0.8769
chr1	392385	392386	39	0.7809
chr1	392400	392401	32	0.8229
chr1	392425	392426	43	0.8533
chr1	392440	392441	36	0.8058
chr1	392457	392458	34	0.8872
chr1	392507	392508	30	0.7846
chr1	392532	392533	42	0.8542
chr1	392586	392587	29	0.9065
chr1	392636	392637	32	0.76
chr1	392735	392736	42	0.7555
chr1	392816	392817	22	0.7958
chr1	392877	392878	36	0.8062
chr1	392977	392978	40	0.75
chr1	393039	393040	35	0.8285
chr1	393083	393084	40	0.8606
chr1	393103	393104	40	0.8505
chr1	393132	393133	46	0.8278
chr1	393169	393170	43	0.9204
chr1	393210	393211	44	0.8149
chr1	393226	393227	39	0.8416
chr1	393241	393242	33	0.8793
chr1	393277	393278	36	0.9216
chr1	393307	393308	36	0.987
chr1	393322	393323	41	0.8162
chr1	393372	393373	41	0.7782
chr1	393415	393416	40	0.8279
chr1	393440	393441	28	0.7796
chr1	393462	393463	32	0.8817
chr1	393485	393486	32	0.9815
chr1	393503	393504	45	0.942
chr1	393525	393526	32	0.725
chr1	393554	393555	44	0.9381
chr1	393596	393597	38	0.8564
chr1	393612	393613	39	0.796
chr1	393712	393713	44	0.9871
chr1	393796	393797	39	0.8691
chr1	393896	393897	42	0.9371
chr1	393987	393988	32	0.8618
chr1	394086	394087	40	0.8008
chr1	394104	394105	37	0.7974
chr1	394170	394171	50	0.8848
chr1	394212	394213	38	0.7238
chr1	394231	394232	36	0.6099
chr1	394281	394282	46	0.5226
chr1	394316	394317	41	0.6621
chr1	394366	394367	44	0.5217
chr1	394416	394417	31	0.633
chr1	394441	394442	33	0.713
chr1	394485	394486	35	0.6626
chr1	394516	394517	35	0.6716
chr1	394539	394540	36	0.7523
chr1	394562	394563	32	0.682
chr1	394612	394613	36	0.7779
chr1	394640	394641	43	0.7394
chr1	394690	394691	38	0.6376
chr1	394740	394741	37	0.5565
chr1	394768	394769	45	0.5767
chr1	394812	394813	37	0.7196
chr1	394845	394846	34	0.6276
chr1	394864	394865	36	0.5308
chr1	394960	394961	43	0.4839
chr1	395033	395034	35	0.4565
chr1	395129	395130	43	0.6663
chr1	395227	395228	48	0.7263
chr1	395327	395328	36	0.6284
chr1	395427	395428	39	0.7943
chr1	395439	395440	43	0.7411
chr1	395525	395526	43	0.6571
chr1	395554	395555	35	0.8444
chr1	395569	395570	33	0.8267
chr1	395600	395601	36	0.6455
chr1	395618	395619	44	0.8492
chr1	395637	395638	39	0.7454
chr1	395662	395663	36	0.8581
chr1	395695	395696	44	0.8324
chr1	395718	395719	31	0.6284
chr1	395768	395769	40	0.8282
chr1	395794	395795	37	0.8598
chr1	395828	395829	46	0.811
chr1	395855	395856	41	0.8481
chr1	395886	395887	46	0.7427
chr1	395905	395906	48	0.665
chr1	395921	395922	43	0.8818
chr1	395953	395954	37	0.7101
chr1	396002	396003	43	0.8653
chr1	396021	396022	45	0.7103
chr1	396043	396044	39	0.7858
chr1	396063	396064	31	0.7294
chr1	396163	396164	48	0.7832
chr1	396214	396215	40	0.8962
chr1	396273	396274	37	0.8462
chr1	396359	396360	47	0.7291
chr1	396459	396460	38	0.9013
chr1	396559	396560	37	0.8564
chr1	396563	396564	38	0.7813
chr1	396595	396596	34	0.9056
chr1	396632	396633	49	0.429
chr1	396677	396678	46	0.0
chr1	396717	396718	38	0.421
chr1	396741	396742	37	0.2155
chr1	396760	396761	27	0.4014
chr1	396775	396776	36	0.0
chr1	396796	396797	39	0.0
chr1	396870	396871	40	0.0427
chr1	396903	396904	36	0.5137
chr1	396927	396928	39	0.0531
chr1	396958	396959	46	0.3145
chr1	396975	396976	47	0.478
chr1	396990	396991	42	0.0
chr1	397020	397021	33	0.0632
chr1	397035	397036	38	0.0
chr1	397053	397054	47	0.0441
chr1	397075	397076	42	0.0
chr1	397112	397113	41	0.0
chr1	397147	397148	43	0.3164
chr1	397207	397208	34	0.1907
chr1	397290	397291	31	0.0084
chr1	397390	397391	32	0.0
chr1	397473	397474	22	0.0085
chr1	397573	397574	49	0.541
chr1	397655	397656	47	0.2638
chr1	397677	397678	40	0.7534
chr1	397700	397701	39	0.8307
chr1	397723	397724	44	0.6191
chr1	397745	397746	41	0.6082
chr1	397786	397787	43	0.9106
chr1	397818	397819	36	0.6733
chr1	397862	397863	42	0.6246
chr1	397885	397886	40	0.7668
chr1	397913	397914	38	0.7218
chr1	397946	397947	38	0.7175
chr1	397967	397968	46	0.7454
chr1	398000	398001	43	0.9248
chr1	398035	398036	41	0.5328
chr1	398082	398083	44	0.6886
chr1	398110	398111	38	0.6851
chr1	398136	398137	46	0.7612
chr1	398162	398163	41	0.7388
chr1	398177	398178	51	0.7917
chr1	398184	398185	41	0.8902
chr1	398281	398282	30	0.7431
chr1	398381	398382	37	0.7537
chr1	398481	398482	36	0.8338
chr1	398572	398573	39	0.6142
chr1	398622	398623	41	0.6781
chr1	398691	398692	47	0.6756
chr1	398705	398706	36	0.6575
chr1	398789	398790	34	0.7717
chr1	398825	398826	39	0.228
chr1	398850	398851	38	0.2831
chr1	398900	398901	40	0.187
chr1	398950	398951	33	0.2046
chr1	398980	398981	44	0.1012
chr1	398996	398997	43	0.0199
chr1	399028	399029	35	0.2513
chr1	399046	399047	32	0.1821
chr1	399087	399088	41	0.1404
chr1	399137	399138	37	0.1001
chr1	399157	399158	44	0.181
chr1	399203	399204	43	0.2036
chr1	399228	399229	32	0.2112
chr1	399273	399274	41	0.1782
chr1	399292	399293	42	0.1102
chr1	399356	399357	36	0.2312
chr1	399456	399457	31	0.2652
chr1	399524	399525	28	0.0
chr1	399624	399625	46	0.0889
chr1	399705	399706	34	0.063
chr1	399707	399708	34	0.3046
chr1	399737	399738	34	0.1888
chr1	399764	399765	41	0.1033
chr1	399814	399815	32	0.4008
chr1	399848	399849	32	0.1452
chr1	399883	399884	41	0.5267
chr1	399913	399914	52	0.411
chr1	399952	399953	35	0.1109
chr1	399967	399968	45	0.4624
chr1	399988	399989	41	0.4021
chr1	400018	400019	43	0.0584
chr1	400058	400059	43	0.262
chr1	400081	400082	42	0.128
chr1	400117	400118	39	0.4834
chr1	400167	400168	40	0.371
chr1	400185	400186	39	0.3215
chr1	400231	400232	42	0.4901
chr1	400280	400281	40	0.5243
chr1	400348	400349	36	0.4964
chr1	400448	400449	39	0.1681
chr1	400498	400499	38	0.1006
chr1	400598	400599	32	0.5356
chr1	400648	400649	37	0.4861
chr1	400748	400749	43	0.1857
chr1	400897	400898	37	0.2448
chr1	400905	400906	35	0.8638
chr1	400947	400948	42	0.8728
chr1	400988	400989	41	0.7847
chr1	401007	401008	34	0.5291
chr1	401028	401029	48	0.6307
chr1	401061	401062	35	0.7108
chr1	401111	401112	45	0.8008
chr1	401133	401134	46	0.8444
chr1	401183	401184	39	0.7787
chr1	401202	401203	33	0.6799
chr1	401219	401220	45	0.7784
chr1	401259	401260	37	0.8372
chr1	401278	401279	47	0.6541
chr1	401312	401313	45	0.6671
chr1	401335	401336	39	0.9887
chr1	401360	401361	34	0.6456
chr1	401382	401383	35	0.7133
chr1	401422	401423	42	0.9205
chr1	401467	401468	31	0.7839
chr1	401489	401490	35	0.7348
chr1	401589	401590	37	0.8269
chr1	401689	401690	34	0.8766
chr1	401778	401779	32	0.9277
chr1	401878	401879	44	0.8923
chr1	401928	401929	42	0.9312
chr1	401992	401993	46	0.8428
chr1	402050	402051	44	0.8823
chr1	402194	402195	38	0.7372
chr1	402214	402215	39	0.748
chr1	402302	402303	36	0.7927
chr1	402388	402389	42	0.8982
chr1	402484	402485	33	0.8433
chr1	402530	402531	31	0.7974
chr1	402540	402541	47	0.6215
chr1	402572	402573	42	0.7528
chr1	402587	402588	51	0.9088
chr1	402606	402607	41	0.7486
chr1	402621	402622	39	0.7687
chr1	402653	402654	39	0.7825
chr1	402703	402704	32	0.8331
chr1	402742	402743	36	0.9004
chr1	402771	402772	41	0.9014
chr1	402803	402804	39	0.8355
chr1	402838	402839	51	0.7009
chr1	402876	402877	43	0.6377
chr1	402926	402927	49	0.614
chr1	402976	402977	37	0.6873
chr1	403019	403020	36	0.7334
chr1	403119	403120	31	0.8221
chr1	403219	403220	42	0.7499
chr1	403269	403270	46	0.6953
chr1	403369	403370	36	0.7778
chr1	403469	403470	45	0.7697
chr1	403509	403510	29	0.8905
chr1	403521	403522	37	0.7081
chr1	403528	403529	35	0.9145
chr1	403544	403545	34	0.8048
chr1	403580	403581	45	0.7938
chr1	403606	403607	34	0.7593
chr1	403629	403630	31	0.8531
chr1	403665	403666	40	0.7533
chr1	403681	403682	46	0.8319
chr1	403729	403730	42	0.6593
chr1	403756	403757	38	0.6039
chr1	403774	403775	41	0.7859
chr1	403824	403825	46	0.8581
chr1	403874	403875	31	0.7679
chr1	403904	403905	42	0.717
chr1	403929	403930	42	0.5559
chr1	403963	403964	37	0.8013
chr1	403966	403967	46	0.7575
chr1	404064	404065	41	0.7673
chr1	404120	404121	42	0.7651
chr1	404220	404221	35	0.7233
chr1	404278	404279	41	0.7174
chr1	404378	404379	39	0.5678
chr1	404386	404387	34	0.7087
chr1	404388	404389	40	0.8276
chr1	404456	404457	45	0.764
chr1	404490	404491	43	0.8754
chr1	404590	404591	32	0.7346
chr1	404730	404731	42	0.9188
chr1	404740	404741	38	0.7779
chr1	404782	404783	33	0.5728
chr1	404821	404822	46	0.5789
chr1	404851	404852	38	0.4518
chr1	404872	404873	29	0.9709
chr1	404921	404922	32	0.7252
chr1	404947	404948	41	0.3585
chr1	404971	404972	28	0.4675
chr1	404994	404995	40	0.4789
chr1	405025	405026	44	0.625
chr1	405055	405056	36	0.7674
chr1	405076	405077	32	0.5533
chr1	405091	405092	36	0.5197
chr1	405124	405125	42	0.6402
chr1	405139	405140	31	0.885
chr1	405156	405157	35	0.8251
chr1	405174	405175	43	0.529
chr1	405224	405225	36	0.764
chr1	405242	405243	44	0.331
chr1	405292	405293	42	0.6193
chr1	405392	405393	35	0.5772
chr1	405492	405493	47	0.8727
chr1	405592	405593	41	0.3501
chr1	405692	405693	42	0.795
chr1	405742	405743	46	0.8097
chr1	405761	405762	35	0.6865
chr1	405774	405775	33	0.6503
chr1	405824	405825	43	0.7336
chr1	405871	405872	33	0.7818
chr1	405921	405922	43	0.8007
chr1	405953	405954	36	0.6867
chr1	405999	406000	45	0.7833
chr1	406037	406038	37	0.6048
chr1	406052	406053	39	0.6616
chr1	406089	406090	44	0.8595
chr1	406104	406105	31	0.7039
chr1	406125	406126	36	0.7034
chr1	406140	406141	40	0.6617
chr1	406180	406181	56	0.8207
chr1	406202	406203	42	0.6232
chr1	406231	406232	44	0.7683
chr1	406260	406261	36	0.7785
chr1	406292	406293	48	0.8436
chr1	406315	406316	46	0.7257
chr1	406411	406412	43	0.6577
chr1	406511	406512	35	0.8092
chr1	406611	406612	38	0.7079
chr1	406683	406684	43	0.6911
chr1	406770	406771	37	0.6772
chr1	406820	406821	35	0.6201
chr1	406866	406867	41	0.7789
chr1	406873	406874	41	0.7928
chr1	406896	406897	44	0.9188
chr1	406938	406939	43	0.9475
chr1	406988	406989	43	0.987
chr1	407008	407009	40	0.8914
chr1	407027	407028	42	0.9133
chr1	407068	407069	38	0.8369
chr1	407118	407119	42	0.8785
chr1	407162	407163	34	0.7811
chr1	407177	407178	45	0.8617
chr1	407204	407205	43	0.8621
chr1	407220	407221	44	0.7174
chr1	407259	407260	42	0.6747
chr1	407274	407275	37	0.7734
chr1	407296	407297	33	0.7535
chr1	407333	407334	42	0.8218
chr1	407363	407364	51	0.8266
chr1	407419	407420	46	0.8469
chr1	407487	407488	38	0.6815
chr1	407562	407563	43	0.8668
chr1	407612	407613	38	0.771
chr1	407680	407681	40	0.9959
chr1	407732	407733	41	0.9403
chr1	407832	407833	35	0.9704
chr1	407934	407935	36	0.8751
chr1	407948	407949	33	0.9373
chr1	407986	407987	45	0.929
chr1	407996	407997	31	0.877
chr1	408014	408015	37	0.7605
chr1	408066	408067	39	0.915
chr1	408070	408071	30	0.7841
chr1	408104	408105	29	0.8042
chr1	408113	408114	34	0.9699
chr1	408163	408164	40	0.7598
chr1	408199	408200	40	0.6816
chr1	408214	408215	40	0.6169
chr1	408238	408239	26	0.7939
chr1	408288	408289	41	0.6437
chr1	408320	408321	40	0.6693
chr1	408344	408345	43	0.5402
chr1	408387	408388	44	0.6297
chr1	408414	408415	40	0.6463
chr1	408463	408464	40	0.8387
chr1	408495	408496	43	0.8044
chr1	408526	408527	36	0.7327
chr1	408552	408553	39	0.8415
chr1	408602	408603	35	0.7944
chr1	408640	408641	34	0.6487
chr1	408665	408666	45	0.7706
chr1	408765	408766	40	0.7004
chr1	408822	408823	39	0.785
chr1	408922	408923	35	0.5168
chr1	409022	409023	36	0.7829
chr1	409072	409073	47	0.6972
chr1	409160	409161	44	0.7812
chr1	409212	409213	42	0.7648
chr1	409266	409267	44	0.7522
chr1	409436	409437	36	0.847
chr1	409446	409447	44	0.8454
chr1	409462	409463	35	0.6284
chr1	409469	409470	41	0.8704
chr1	409519	409520	41	1.0
chr1	409548	409549	48	0.8887
chr1	409578	409579	35	0.9067
chr1	409627	409628	35	0.8418
chr1	409663	409664	44	0.9048
chr1	409686	409687	42	0.8974
chr1	409735	409736	41	0.8125
chr1	409765	409766	43	0.995
chr1	409797	409798	51	0.8841
chr1	409812	409813	37	0.8357
chr1	409849	409850	37	0.9517
chr1	409870	409871	45	0.9028
chr1	409920	409921	45	0.7799
chr1	409951	409952	33	0.9452
chr1	409975	409976	42	0.7764
chr1	409992	409993	44	0.7219
chr1	410092	410093	51	0.8124
chr1	410192	410193	34	0.8369
chr1	410292	410293	35	0.964
chr1	410392	410393	32	0.8294
chr1	410480	410481	42	0.8179
chr1	410504	410505	37	0.8266
chr1	410514	410515	39	0.9555
chr1	410566	410567	39	0.8651
chr1	410594	410595	35	0.8739
chr1	410626	410627	37	0.8505
chr1	410792	410793	37	0.8481
chr1	410810	410811	40	0.9089
chr1	410898	410899	43	0.8175
chr1	410944	410945	32	0.8723
chr1	410948	410949	35	0.8866
chr1	410954	410955	39	0.7765
chr1	411004	411005	33	0.648
chr1	411027	411028	43	0.8957
chr1	411077	411078	36	0.8321
chr1	411116	411117	45	0.5345
chr1	411148	411149	41	0.9476
chr1	411163	411164	39	0.8664
chr1	411199	411200	28	0.8382
chr1	411219	411220	39	0.6998
chr1	411247	411248	43	0.7069
chr1	411262	411263	39	0.6482
chr1	411280	411281	35	0.711
chr1	411295	411296	37	0.691
chr1	411330	411331	49	0.7963
chr1	411357	411358	50	0.8112
chr1	411382	411383	39	0.7631
chr1	411432	411433	33	0.7676
chr1	411455	411456	49	0.9082
chr1	411486	411487	40	0.6625
chr1	411507	411508	37	0.6805
chr1	411607	411608	29	0.7503
chr1	411707	411708	36	0.7832
chr1	411762	411763	37	0.6829
chr1	411862	411863	45	0.6799
chr1	411942	411943	38	0.6957
chr1	412042	412043	45	0.8914
chr1	412100	412101	43	0.6702
chr1	412102	412103	41	0.7488
chr1	412116	412117	39	0.6477
chr1	412162	412163	34	0.7317
chr1	412314	412315	43	0.6956
chr1	412334	412335	34	0.697
chr1	412410	412411	43	0.5508
chr1	412420	412421	37	0.7677
chr1	412466	412467	44	0.5366
chr1	412526	412527	37	0.6266
chr1	412534	412535	39	0.7018
chr1	412565	412566	31	0.9004
chr1	412615	412616	38	0.8425
chr1	412644	412645	33	0.9538
chr1	412694	412695	44	0.8989
chr1	412721	412722	36	0.9118
chr1	412771	412772	38	0.7296
chr1	412798	412799	43	0.8939
chr1	412835	412836	40	0.9406
chr1	412850	412851	29	0.9159
chr1	412898	412899	46	0.8524
chr1	412933	412934	26	0.807
chr1	412969	412970	38	0.8064
chr1	413006	413007	37	0.9608
chr1	413031	413032	41	0.7074
chr1	413049	413050	37	0.9308
chr1	413080	413081	35	0.9418
chr1	413124	413125	36	0.9831
chr1	413149	413150	36	0.8476
chr1	413162	413163	31	0.8859
chr1	413262	413263	44	0.816
chr1	413362	413363	39	0.8773
chr1	413462	413463	34	0.9701
chr1	413562	413563	41	0.9261
chr1	413662	413663	45	0.7758
chr1	413762	413763	35	0.9468
chr1	413808	413809	43	0.9026
chr1	413908	413909	40	0.8422
chr1	414016	414017	43	0.8414
chr1	414168	414169	37	0.6941
chr1	414192	414193	40	0.7125
chr1	414213	414214	34	0.6922
chr1	414228	414229	38	0.7627
chr1	414247	414248	31	0.8847
chr1	414276	414277	42	0.8901
chr1	414291	414292	41	0.9679
chr1	414319	414320	38	0.7182
chr1	414344	414345	37	0.9131
chr1	414366	414367	54	0.8162
chr1	414399	414400	31	0.6821
chr1	414414	414415	48	0.683
chr1	414451	414452	49	0.6914
chr1	414490	414491	40	0.9611
chr1	414517	414518	37	0.8186
chr1	414532	414533	45	0.8691
chr1	414562	414563	38	0.6011
chr1	414612	414613	48	0.9516
chr1	414639	414640	47	0.8641
chr1	414667	414668	35	0.9546
chr1	414689	414690	36	0.8776
chr1	414730	414731	37	0.7999
chr1	414780	414781	38	0.7537
chr1	414800	414801	34	0.6258
chr1	414821	414822	40	0.9815
chr1	414884	414885	37	0.7694
chr1	414934	414935	42	0.7669
chr1	414984	414985	38	0.8989
chr1	415034	415035	41	0.8092
chr1	415086	415087	44	0.5896
chr1	415136	415137	42	0.7192
chr1	415236	415237	36	0.7419
chr1	415318	415319	34	0.7096
chr1	415418	415419	41	0.7965
chr1	415474	415475	34	0.7583
chr1	415479	415480	35	0.1809
chr1	415524	415525	36	0.0393
chr1	415551	415552	50	0.0
chr1	415601	415602	44	0.1234
chr1	415616	415617	34	0.1908
chr1	415666	415667	40	0.0853
chr1	415706	415707	43	0.0
chr1	415756	415757	32	0.1482
chr1	415806	415807	40	0.0
chr1	415835	415836	39	0.0687
chr1	415869	415870	49	0.0321
chr1	415913	415914	34	0.173
chr1	415935	415936	43	0.079
chr1	415976	415977	44	0.0571
chr1	416076	416077	37	0.0
chr1	416132	416133	47	0.0
chr1	416190	416191	42	0.0247
chr1	416275	416276	40	0.1076
chr1	416343	416344	41	0.0
chr1	416428	416429	43	0.0943
chr1	416526	416527	39	0.0681
chr1	416548	416549	48	0.1544
chr1	416656	416657	41	0.0
chr1	416670	416671	30	0.1248
chr1	416732	416733	35	0.0468
chr1	416794	416795	39	0.1924
chr1	416800	416801	38	0.0877
chr1	416840	416841	36	0.1035
chr1	416885	416886	40	0.732
chr1	416907	416908	37	0.7343
chr1	416957	416958	35	0.7996
chr1	416972	416973	38	0.6808
chr1	417002	417003	40	0.658
chr1	417037	417038	41	0.6494
chr1	417066	417067	40	0.6946
chr1	417102	417103	46	0.7294
chr1	417117	417118	37	0.4814
chr1	417167	417168	35	0.8733
chr1	417217	417218	33	0.777
chr1	417232	417233	35	0.7993
chr1	417255	417256	29	0.7364
chr1	417298	417299	46	0.6284
chr1	417345	417346	40	0.7215
chr1	417364	417365	35	0.5996
chr1	417464	417465	43	0.7113
chr1	417564	417565	37	0.749
chr1	417641	417642	45	0.6863
chr1	417741	417742	42	0.7731
chr1	417791	417792	39	0.6833
chr1	417855	417856	42	0.6252
chr1	417877	417878	36	0.6763
chr1	417918	417919	33	0.8184
chr1	417944	417945	48	0.922
chr1	417994	417995	31	0.949
chr1	418029	418030	37	0.8448
chr1	418051	418052	43	0.8558
chr1	418101	418102	35	0.9355
chr1	418135	418136	35	0.8707
chr1	418167	418168	46	0.9268
chr1	418197	418198	36	0.8159
chr1	418244	418245	36	0.8978
chr1	418261	418262	47	0.8991
chr1	418282	418283	32	1.0
chr1	418322	418323	41	0.919
chr1	418366	418367	34	0.7488
chr1	418388	418389	34	0.9956
chr1	418410	418411	40	0.9322
chr1	418435	418436	36	0.9501
chr1	418453	418454	41	0.8084
chr1	418483	418484	36	0.8893
chr1	418515	418516	44	0.903
chr1	418615	418616	36	0.8313
chr1	418715	418716	39	0.8918
chr1	418784	418785	31	1.0
chr1	418884	418885	48	0.9387
chr1	418945	418946	43	1.0
chr1	419000	419001	33	0.9507
chr1	419100	419101	30	0.927
chr1	419198	419199	37	0.8576
chr1	419228	419229	34	0.9613
chr1	419243	419244	39	0.6157
chr1	419293	419294	40	1.0
chr1	419314	419315	34	0.8545
chr1	419354	419355	45	0.7575
chr1	419379	419380	40	0.7119
chr1	419400	419401	38	1.0
chr1	419450	419451	42	0.9354
chr1	419470	419471	44	0.7484
chr1	419509	419510	37	0.6913
chr1	419536	419537	43	0.7612
chr1	419576	419577	40	1.0
chr1	419607	419608	36	0.7941
chr1	419628	419629	44	0.7562
chr1	419678	419679	47	0.6404
chr1	419696	419697	34	0.9533
chr1	419729	419730	37	0.9003
chr1	419775	419776	53	0.7433
chr1	419799	419800	38	0.6607
chr1	419805	419806	38	0.9011
chr1	419901	419902	36	0.8725
chr1	420001	420002	40	0.6605
chr1	420101	420102	47	0.9786
chr1	420171	420172	42	0.5257
chr1	420271	420272	37	0.7956
chr1	420371	420372	38	0.854
chr1	420450	420451	33	0.9425
chr1	420454	420455	40	0.9883
chr1	420488	420489	42	0.9209
chr1	420521	420522	34	0.8625
chr1	420557	420558	28	0.9008
chr1	420573	420574	37	0.7907
chr1	420607	420608	34	0.7987
chr1	420657	420658	30	0.8337
chr1	420705	420706	37	0.9304
chr1	420725	420726	42	0.8847
chr1	420768	420769	45	0.9177
chr1	420814	420815	28	0.8333
chr1	420848	420849	40	0.831
chr1	420889	420890	45	0.9378
chr1	420939	420940	40	0.7732
chr1	420954	420955	36	0.8248
chr1	420989	420990	39	0.8966
chr1	421089	421090	34	0.7192
chr1	421155	421156	38	0.9483
chr1	421255	421256	43	0.8612
chr1	421355	421356	46	0.8749
chr1	421434	421435	38	0.9492
chr1	421498	421499	30	0.9701
chr1	421532	421533	44	0.5991
chr1	421582	421583	42	0.8337
chr1	421631	421632	45	0.6845
chr1	421668	421669	34	0.5907
chr1	421687	421688	40	0.708
chr1	421717	421718	39	0.8819
chr1	421767	421768	40	0.6861
chr1	421791	421792	37	0.6102
chr1	421812	421813	48	0.7449
chr1	421832	421833	52	0.5515
chr1	421852	421853	29	0.7153
chr1	421890	421891	35	0.5675
chr1	421905	421906	36	0.6089
chr1	421955	421956	43	0.8226
chr1	422005	422006	42	0.8851
chr1	422038	422039	27	0.6781
chr1	422088	422089	45	0.7907
chr1	422109	422110	40	0.7324
chr1	422160	422161	44	0.8967
chr1	422238	422239	43	0.7056
chr1	422314	422315	36	0.7791
chr1	422364	422365	44	0.5922
chr1	422428	422429	39	0.6831
chr1	422499	422500	47	0.7152
chr1	422556	422557	40	0.7356
chr1	422656	422657	24	0.8349
chr1	422738	422739	39	0.6179
chr1	422745	422746	34	0.0
chr1	422779	422780	39	0.086
chr1	422809	422810	34	0.2674
chr1	422833	422834	44	0.0875
chr1	422855	422856	40	0.2066
chr1	422877	422878	40	0.0764
chr1	422927	422928	49	0.2734
chr1	422945	422946	37	0.1911
chr1	422966	422967	31	0.1565
chr1	423000	423001	41	0.0312
chr1	423028	423029	40	0.0644
chr1	423049	423050	49	0.2831
chr1	423095	423096	44	0.2173
chr1	423115	423116	38	0.0973
chr1	423161	423162	43	0.0689
chr1	423208	423209	32	0.2376
chr1	423224	423225	41	0.0
chr1	423324	423325	38	0.0279
chr1	423424	423425	39	0.0083
chr1	423524	423525	36	0.038
chr1	423588	423589	37	0.0177
chr1	423657	423658	31	0.154
chr1	423685	423686	37	0.1631
chr1	423725	423726	43	0.0778
chr1	423829	423830	38	0.1411
chr1	423857	423858	47	0.17
chr1	423903	423904	36	0.1501
chr1	424013	424014	41	0.2291
chr1	424044	424045	41	0.2662
chr1	424065	424066	32	0.3016
chr1	424115	424116	31	0.2659
chr1	424152	424153	39	0.4738
chr1	424198	424199	34	0.4281
chr1	424229	424230	41	0.4075
chr1	424256	424257	39	0.3131
chr1	424279	424280	39	0.3504
chr1	424294	424295	44	0.3532
chr1	424331	424332	39	0.1321
chr1	424346	424347	43	0.3137
chr1	424379	424380	50	0.2396
chr1	424429	424430	41	0.0497
chr1	424444	424445	39	0.2636
chr1	424467	424468	44	0.361
chr1	424517	424518	41	0.2236
chr1	424532	424533	36	0.4143
chr1	424549	424550	37	0.325
chr1	424624	424625	39	0.253
chr1	424724	424725	38	0.3196
chr1	424824	424825	43	0.3189
chr1	424895	424896	44	0.2646
chr1	424992	424993	36	0.2387
chr1	425044	425045	42	0.4855
chr1	425050	425051	37	0.2296
chr1	425069	425070	37	0.3973
chr1	425086	425087	39	0.2957
chr1	425128	425129	34	0.0
chr1	425152	425153	36	0.0
chr1	425200	425201	49	0.0
chr1	425215	425216	48	0.512
chr1	425251	425252	46	0.0
chr1	425292	425293	47	0.0
chr1	425335	425336	44	0.488
chr1	425368	425369	41	0.2885
chr1	425383	425384	39	0.0
chr1	425433	425434	37	0.429
chr1	425448	425449	35	0.2859
chr1	425498	425499	35	0.0
chr1	425533	425534	29	0.261
chr1	425592	425593	33	0.3367
chr1	425692	425693	35	0.0
chr1	425792	425793	41	0.2086
chr1	425892	425893	40	0.0
chr1	425992	425993	31	0.0
chr1	426050	426051	43	0.4359
chr1	426090	426091	39	0.0
chr1	426100	426101	39	0.0038
chr1	426115	426116	48	0.2463
chr1	426149	426150	42	0.0541
chr1	426178	426179	37	0.111
chr1	426210	426211	49	0.3062
chr1	426260	426261	44	0.1621
chr1	426289	426290	39	0.1166
chr1	426312	426313	44	0.0735
chr1	426329	426330	46	0.0
chr1	426349	426350	40	0.0
chr1	426399	426400	27	0.0321
chr1	426441	426442	43	0.1946
chr1	426456	426457	47	0.2196
chr1	426478	426479	34	0.1376
chr1	426497	426498	31	0.052
chr1	426535	426536	52	0.2913
chr1	426635	426636	33	0.1254
chr1	426711	426712	34	0.2115
chr1	426761	426762	38	0.1215
chr1	426811	426812	44	0.189
chr1	426911	426912	47	0.14
chr1	427001	427002	36	0.2136
chr1	427028	427029	36	0.8367
chr1	427055	427056	46	0.8477
chr1	427084	427085	34	0.806
chr1	427106	427107	39	0.7369
chr1	427131	427132	38	0.8125
chr1	427176	427177	37	0.852
chr1	427196	427197	29	0.7568
chr1	427220	427221	43	0.6834
chr1	427270	427271	39	0.7734
chr1	427320	427321	38	0.7928
chr1	427335	427336	27	0.6245
chr1	427363	427364	41	0.641
chr1	427381	427382	43	0.746
chr1	427422	427423	46	0.7088
chr1	427509	427510	53	0.8819
chr1	427559	427560	36	0.7521
chr1	427659	427660	36	0.9126
chr1	427759	427760	38	0.7102
chr1	427783	427784	34	0.853
chr1	427831	427832	44	0.6743
chr1	427873	427874	45	0.3419
chr1	427891	427892	42	0.2913
chr1	427915	427916	42	0.4135
chr1	427950	427951	38	0.284
chr1	427988	427989	36	0.4114
chr1	428037	428038	35	0.3217
chr1	428063	428064	41	0.2172
chr1	428087	428088	32	0.3382
chr1	428102	428103	39	0.2865
chr1	428132	428133	42	0.3755
chr1	428147	428148	46	0.3651
chr1	428175	428176	38	0.1951
chr1	428225	428226	38	0.315
chr1	428242	428243	41	0.2438
chr1	428262	428263	41	0.4595
chr1	428305	428306	38	0.325
chr1	428329	428330	47	0.332
chr1	428340	428341	43	0.2146
chr1	428440	428441	41	0.3368
chr1	428504	428505	37	0.3542
chr1	428604	428605	36	0.1228
chr1	428704	428705	32	0.1647
chr1	428792	428793	41	0.1972
chr1	428796	428797	36	0.2912
chr1	428842	428843	44	0.6699
chr1	428892	428893	38	0.71
chr1	428930	428931	40	0.6553
chr1	428963	428964	36	0.8435
chr1	428995	428996	39	0.7408
chr1	429039	429040	45	0.7183
chr1	429054	429055	39	0.8335
chr1	429073	429074	34	0.7532
chr1	429101	429102	43	0.7541
chr1	429190	429191	42	0.7619
chr1	429238	429239	44	0.7787
chr1	429262	429263	50	0.8053
chr1	429277	429278	43	0.6853
chr1	429322	429323	42	0.6146
chr1	429356	429357	39	0.7392
chr1	429374	429375	45	0.7318
chr1	429376	429377	38	0.7957
chr1	429476	429477	45	0.8269
chr1	429576	429577	31	0.7327
chr1	429633	429634	43	0.587
chr1	429733	429734	45	0.861
chr1	429833	429834	33	0.5519
chr1	429898	429899	43	0.6445
chr1	429992	429993	36	0.7339
chr1	429999	430000	36	0.0
chr1	430024	430025	33	0.0408
chr1	430057	430058	35	0.0556
chr1	430084	430085	39	0.1181
chr1	430134	430135	43	0.0
chr1	430184	430185	40	0.0
chr1	430217	430218	40	0.0457
chr1	430232	430233	36	0.126
chr1	430261	430262	32	0.0323
chr1	430304	430305	48	0.0789
chr1	430348	430349	37	0.0
chr1	430365	430366	45	0.0662
chr1	430409	430410	45	0.0
chr1	430424	430425	39	0.0983
chr1	430454	430455	42	0.0
chr1	430464	430465	43	0.0097
chr1	430514	430515	27	0.0196
chr1	430587	430588	44	0.0
chr1	430687	430688	43	0.0
chr1	430772	430773	41	0.0
chr1	430822	430823	35	0.0034
chr1	430922	430923	34	0.0
chr1	431012	431013	44	0.1287
chr1	431078	431079	40	0.0996
chr1	431188	431189	35	0.1201
chr1	431204	431205	43	0.2263
chr1	431256	431257	41	0.1023
chr1	431388	431389	34	0.1184
chr1	431390	431391	41	0.1618
chr1	431437	431438	42	0.7481
chr1	431472	431473	29	0.7107
chr1	431496	431497	48	0.5436
chr1	431539	431540	43	0.6621
chr1	431589	431590	38	0.5259
chr1	431628	431629	41	0.5863
chr1	431678	431679	45	0.5869
chr1	431693	431694	30	0.585
chr1	431734	431735	37	0.7034
chr1	431757	431758	36	0.6762
chr1	431803	431804	45	0.6041
chr1	431834	431835	39	0.65
chr1	431867	431868	39	0.7257
chr1	431902	431903	36	0.7431
chr1	431952	431953	41	0.7581
chr1	432052	432053	37	0.7205
chr1	432102	432103	36	0.556
chr1	432172	432173	47	0.5928
chr1	432233	432234	35	0.5787
chr1	432333	432334	37	0.7249
chr1	432393	432394	38	0.734
chr1	433427	433428	40	0.952
chr1	433456	433457	37	1.0
chr1	433487	433488	41	0.8448
chr1	433514	433515	40	0.8726
chr1	433564	433565	37	0.8938
chr1	433602	433603	37	0.7918
chr1	433652	433653	38	0.8632
chr1	433681	433682	42	0.9592
chr1	433715	433716	38	0.825
chr1	433739	433740	36	0.6606
chr1	433757	433758	46	0.9744
chr1	433793	433794	37	0.8902
chr1	433825	433826	46	0.8847
chr1	433845	433846	39	0.9589
chr1	433881	433882	41	0.769
chr1	433902	433903	44	0.9298
chr1	433928	433929	28	0.8328
chr1	434027	434028	25	0.8864
chr1	434127	434128	41	0.8159
chr1	434200	434201	42	0.917
chr1	434299	434300	44	0.9547
chr1	434373	434374	35	0.8516
chr1	434423	434424	35	0.997
chr1	434443	434444	34	0.6979
chr1	434470	434471	39	0.8074
chr1	434487	434488	44	0.5991
chr1	434530	434531	38	0.7633
chr1	434572	434573	40	0.9981
chr1	434622	434623	39	0.7503
chr1	434672	434673	42	0.8755
chr1	434712	434713	41	0.8528
chr1	434755	434756	45	0.7535
chr1	434789	434790	37	0.7908
chr1	434813	434814	42	0.742
chr1	434830	434831	41	0.6243
chr1	434880	434881	46	0.8459
chr1	434916	434917	42	0.7405
chr1	434951	434952	37	0.7993
chr1	434978	434979	37	0.8979
chr1	435009	435010	47	0.8337
chr1	435031	435032	31	0.7244
chr1	435076	435077	33	0.7232
chr1	435176	435177	40	0.6511
chr1	435276	435277	44	0.7799
chr1	435365	435366	39	0.8691
chr1	435465	435466	36	0.8068
chr1	435549	435550	28	0.7291
chr1	435649	435650	42	0.7157
chr1	435679	435680	44	0.7724
chr1	435733	435734	36	0.7308
chr1	435743	435744	37	0.7065
chr1	435758	435759	28	0.6693
chr1	435803	435804	43	0.7178
chr1	435850	435851	46	0.7243
chr1	435866	435867	31	0.6748
chr1	435916	435917	39	0.644
chr1	435958	435959	37	0.7905
chr1	435976	435977	38	0.6703
chr1	436026	436027	40	0.5927
chr1	436073	436074	39	0.7042
chr1	436105	436106	37	0.6546
chr1	436152	436153	44	0.654
chr1	436186	436187	37	0.8442
chr1	436201	436202	45	0.7831
chr1	436250	436251	44	0.7746
chr1	436350	436351	46	0.5781
chr1	436422	436423	40	0.7286
chr1	436472	436473	43	0.6071
chr1	436523	436524	36	0.6744
chr1	436604	436605	39	0.7259
chr1	436704	436705	37	0.7238
chr1	436758	436759	39	0.6454
chr1	436994	436995	37	0.6433
chr1	436996	436997	34	0.7671
chr1	437026	437027	36	0.7554
chr1	437028	437029	42	0.5975
chr1	437038	437039	47	0.7191
chr1	437094	437095	31	0.7004
chr1	437141	437142	43	0.9328
chr1	437157	437158	38	0.8439
chr1	437175	437176	35	0.7569
chr1	437200	437201	38	0.9179
chr1	437219	437220	38	0.7514
chr1	437261	437262	35	0.9248
chr1	437291	437292	35	0.8897
chr1	437308	437309	39	0.8622
chr1	437332	437333	40	0.8383
chr1	437367	437368	38	0.7672
chr1	437404	437405	39	0.9683
chr1	437454	437455	31	0.6637
chr1	437489	437490	33	0.9213
chr1	437513	437514	42	0.976
chr1	437563	437564	42	0.7441
chr1	437582	437583	43	0.7731
chr1	437632	437633	45	0.8633
chr1	437654	437655	28	0.6883
chr1	437669	437670	41	0.6994
chr1	437695	437696	42	0.8259
chr1	437719	437720	27	0.7749
chr1	437779	437780	45	0.932
chr1	437829	437830	38	0.8739
chr1	437916	437917	41	0.7839
chr1	438016	438017	39	0.7567
chr1	438116	438117	38	0.8337
chr1	438215	438216	40	0.9674
chr1	438265	438266	44	0.8738
chr1	438313	438314	38	0.7786
chr1	438340	438341	36	0.8583
chr1	438376	438377	45	0.9275
chr1	438426	438427	36	0.8246
chr1	438447	438448	37	0.9046
chr1	438462	438463	51	0.9418
chr1	438477	438478	35	0.9071
chr1	438527	438528	52	0.9219
chr1	438577	438578	38	0.9286
chr1	438617	438618	28	0.9287
chr1	438646	438647	29	0.8137
chr1	438666	438667	39	0.919
chr1	438710	438711	35	1.0
chr1	438725	438726	36	0.9154
chr1	438775	438776	30	0.7425
chr1	438797	438798	38	0.9573
chr1	438807	438808	43	0.8304
chr1	438907	438908	41	0.8745
chr1	438964	438965	42	0.8784
chr1	439064	439065	43	0.8261
chr1	439114	439115	40	0.9742
chr1	439214	439215	36	0.8659
chr1	439294	439295	42	0.9312
chr1	439339	439340	40	0.8382
chr1	439372	439373	41	0.9768
chr1	439389	439390	42	0.7323
chr1	439439	439440	35	0.8053
chr1	439454	439455	39	0.8023
chr1	439497	439498	38	0.7848
chr1	439530	439531	44	0.8965
chr1	439565	439566	31	0.9254
chr1	439615	439616	43	0.7779
chr1	439653	439654	40	0.8971
chr1	439668	439669	37	0.8969
chr1	439717	439718	43	0.8424
chr1	439765	439766	30	0.9282
chr1	439781	439782	34	0.9014
chr1	439831	439832	43	0.8774
chr1	439852	439853	41	0.7732
chr1	439856	439857	49	0.7826
chr1	439955	439956	35	0.9454
chr1	440055	440056	50	0.7259
chr1	440137	440138	34	0.8317
chr1	440237	440238	36	0.845
chr1	440337	440338	37	0.7519
chr1	440421	440422	39	0.8595
chr1	440457	440458	41	0.5256
chr1	440489	440490	44	0.7035
chr1	440533	440534	44	0.7877
chr1	440583	440584	43	0.7408
chr1	440614	440615	42	0.7122
chr1	440629	440630	45	0.7392
chr1	440649	440650	33	0.6882
chr1	440699	440700	36	0.626
chr1	440749	440750	44	0.5942
chr1	440771	440772	41	0.8159
chr1	440803	440804	29	0.6204
chr1	440819	440820	40	0.6351
chr1	440858	440859	39	0.7547
chr1	440880	440881	44	0.7583
chr1	440930	440931	43	0.7184
chr1	440963	440964	41	0.6603
chr1	441004	441005	42	0.5906
chr1	441023	441024	43	0.6491
chr1	441037	441038	44	0.7543
chr1	441137	441138	34	0.7345
chr1	441237	441238	31	0.8125
chr1	441337	441338	35	0.8147
chr1	441437	441438	28	0.5701
chr1	441537	441538	31	0.7643
chr1	441592	441593	42	0.75
chr1	441608	441609	40	0.7682
chr1	441646	441647	50	0.7589
chr1	441686	441687	45	0.8006
chr1	441701	441702	50	0.8882
chr1	441734	441735	31	0.8787
chr1	441754	441755	40	0.7908
chr1	441779	441780	35	0.7644
chr1	441806	441807	45	0.872
chr1	441843	441844	34	0.8147
chr1	441893	441894	38	0.8147
chr1	441930	441931	49	0.6859
chr1	441980	441981	41	0.6618
chr1	442001	442002	45	0.8656
chr1	442016	442017	39	0.9671
chr1	442031	442032	37	0.6171
chr1	442055	442056	46	0.8291
chr1	442076	442077	42	0.8287
chr1	442120	442121	39	0.9582
chr1	442170	442171	45	0.8353
chr1	442220	442221	39	0.6952
chr1	442238	442239	37	0.7464
chr1	442280	442281	34	0.8118
chr1	442374	442375	49	0.7467
chr1	442474	442475	43	0.8349
chr1	442574	442575	41	0.8208
chr1	442674	442675	43	0.8718
chr1	442774	442775	33	0.7463
chr1	442874	442875	38	0.9419
chr1	442912	442913	41	0.9363
chr1	442933	442934	34	0.8077
chr1	442962	442963	40	0.7213
chr1	442988	442989	38	0.5876
chr1	443004	443005	31	0.7706
chr1	443022	443023	43	0.7412
chr1	443041	443042	40	0.7391
chr1	443091	443092	35	0.6806
chr1	443108	443109	43	0.628
chr1	443139	443140	35	0.8722
chr1	443169	443170	40	0.74
chr1	443217	443218	40	0.6524
chr1	443239	443240	37	0.7242
chr1	443254	443255	41	0.8478
chr1	443298	443299	39	0.642
chr1	443334	443335	42	0.6051
chr1	443360	443361	46	0.8162
chr1	443392	443393	44	0.7133
chr1	443436	443437	40	0.6803
chr1	443481	443482	39	0.7289
chr1	443498	443499	32	0.9417
chr1	443505	443506	31	0.8344
chr1	443605	443606	31	0.9283
chr1	443705	443706	40	0.7191
chr1	443805	443806	27	0.8172
chr1	443855	443856	40	0.8697
chr1	443911	443912	35	0.9561
chr1	444011	444012	41	0.8316
chr1	444077	444078	34	0.6704
chr1	444107	444108	43	0.7696
chr1	444142	444143	46	0.7635
chr1	444168	444169	44	0.7813
chr1	444189	444190	45	0.8607
chr1	444204	444205	40	0.9529
chr1	444242	444243	32	1.0
chr1	444292	444293	43	0.9486
chr1	444331	444332	36	1.0
chr1	444374	444375	38	0.7482
chr1	444389	444390	43	0.6716
chr1	444415	444416	41	0.7332
chr1	444434	444435	34	0.8567
chr1	444461	444462	38	0.8893
chr1	444495	444496	38	0.742
chr1	444519	444520	40	0.8002
chr1	444569	444570	43	0.8861
chr1	444591	444592	38	0.9467
chr1	444612	444613	44	0.9004
chr1	444613	444614	40	0.7866
chr1	444713	444714	37	0.833
chr1	444801	444802	48	0.8236
chr1	444855	444856	36	0.8526
chr1	444955	444956	44	0.741
chr1	445055	445056	44	0.7607
chr1	445063	445064	43	0.9144
chr1	445075	445076	38	0.967
chr1	445119	445120	48	0.8155
chr1	445151	445152	44	0.7107
chr1	445185	445186	43	0.7141
chr1	445230	445231	49	0.7653
chr1	445245	445246	33	0.8149
chr1	445295	445296	38	0.8585
chr1	445310	445311	37	0.7033
chr1	445328	445329	26	0.8275
chr1	445353	445354	32	0.6981
chr1	445394	445395	41	0.6099
chr1	445440	445441	44	0.6981
chr1	445483	445484	45	0.8136
chr1	445509	445510	43	0.7984
chr1	445541	445542	33	0.9183
chr1	445591	445592	34	0.7212
chr1	445623	445624	49	0.8654
chr1	445630	445631	36	0.8576
chr1	445730	445731	39	0.7482
chr1	445794	445795	43	0.7841
chr1	445873	445874	48	0.808
chr1	445923	445924	35	0.8815
chr1	446023	446024	37	0.9067
chr1	446123	446124	36	0.8245
chr1	446153	446154	40	0.7519
chr1	446217	446218	38	0.6263
chr1	446226	446227	40	0.0561
chr1	446244	446245	47	0.0644
chr1	446263	446264	42	0.1171
chr1	446311	446312	45	0.0967
chr1	446328	446329	32	0.0604
chr1	446367	446368	28	0.0961
chr1	446382	446383	35	0.0163
chr1	446397	446398	34	0.3415
chr1	446428	446429	41	0.1664
chr1	446459	446460	34	0.1104
chr1	446493	446494	37	0.1238
chr1	446529	446530	39	0.2387
chr1	446562	446563	36	0.3088
chr1	446599	446600	36	0.2481
chr1	446649	446650	50	0.1194
chr1	446661	446662	30	0.225
chr1	446757	446758	41	0.0834
chr1	446857	446858	42	0.078
chr1	446957	446958	39	0.1098
chr1	447057	447058	39	0.2511
chr1	447089	447090	37	0.0178
chr1	447097	447098	40	0.2047
chr1	447165	447166	35	0.1126
chr1	447169	447170	30	0.1111
chr1	447273	447274	37	0.0713
chr1	447365	447366	38	0.0696
chr1	447529	447530	32	0.1551
chr1	447541	447542	44	0.1491
chr1	447567	447568	43	0.787
chr1	447582	447583	37	0.9525
chr1	447617	447618	33	0.8832
chr1	447646	447647	42	1.0
chr1	447686	447687	32	0.8568
chr1	447701	447702	36	0.8946
chr1	447751	447752	41	0.9727
chr1	447785	447786	46	0.9225
chr1	447814	447815	36	0.7995
chr1	447845	447846	42	0.8249
chr1	447877	447878	42	1.0
chr1	447909	447910	45	0.7951
chr1	447959	447960	40	0.8865
chr1	447981	447982	37	0.845
chr1	448001	448002	42	0.94
chr1	448017	448018	38	0.9198
chr1	448036	448037	48	0.8698
chr1	448045	448046	44	0.6891
chr1	448145	448146	35	0.7235
chr1	448245	448246	43	0.8865
chr1	448331	448332	43	1.0
chr1	448418	448419	45	0.8374
chr1	448515	448516	39	0.7791
chr1	448543	448544	39	0.8242
chr1	448553	448554	39	0.231
chr1	448589	448590	31	0.1143
chr1	448609	448610	34	0.2483
chr1	448656	448657	31	0.3059
chr1	448671	448672	42	0.396
chr1	448691	448692	33	0.3488
chr1	448706	448707	45	0.204
chr1	448751	448752	39	0.1794
chr1	448793	448794	29	0.3146
chr1	448817	448818	46	0.3407
chr1	448833	448834	35	0.3093
chr1	448856	448857	47	0.3232
chr1	448880	448881	44	0.4172
chr1	448895	448896	33	0.48
chr1	448925	448926	38	0.3388
chr1	448950	448951	37	0.3724
chr1	448965	448966	38	0.3598
chr1	448998	448999	39	0.035
chr1	449048	449049	42	0.2506
chr1	449074	449075	46	0.2359
chr1	449124	449125	41	0.3444
chr1	449224	449225	42	0.4357
chr1	449324	449325	35	0.3544
chr1	449409	449410	48	0.3807
chr1	449493	449494	50	0.2111
chr1	449549	449550	44	0.3945
chr1	449623	449624	39	0.1719
chr1	449632	449633	45	0.7568
chr1	449660	449661	45	0.717
chr1	449685	449686	38	0.8164
chr1	449719	449720	45	0.7863
chr1	449750	449751	30	0.7295
chr1	449779	449780	31	0.7356
chr1	449809	449810	35	0.8032
chr1	449831	449832	38	0.7763
chr1	449877	449878	31	0.6481
chr1	449895	449896	44	0.7527
chr1	449918	449919	36	0.7301
chr1	449933	449934	42	0.7703
chr1	449948	449949	33	0.7771
chr1	449978	449979	46	0.7107
chr1	450022	450023	45	0.6195
chr1	450056	450057	42	0.7758
chr1	450064	450065	41	0.784
chr1	450164	450165	31	0.6519
chr1	450219	450220	40	0.6112
chr1	450317	450318	30	0.5548
chr1	450417	450418	39	0.645
chr1	450492	450493	35	0.7793
chr1	450500	450501	31	0.5838
chr1	450540	450541	41	0.7086
chr1	450644	450645	40	0.5958
chr1	450720	450721	42	0.6978
chr1	450732	450733	39	0.7853
chr1	450840	450841	36	0.6611
chr1	450850	450851	40	0.847
chr1	450930	450931	33	0.5759
chr1	450936	450937	39	0.8667
chr1	450954	450955	38	0.8079
chr1	450965	450966	37	0.5036
chr1	450988	450989	39	0.4311
chr1	451038	451039	30	0.408
chr1	451088	451089	40	0.4105
chr1	451117	451118	33	0.3804
chr1	451147	451148	41	0.4846
chr1	451162	451163	38	0.5148
chr1	451187	451188	43	0.3326
chr1	451236	451237	42	0.4362
chr1	451252	451253	49	0.3084
chr1	451280	451281	38	0.3386
chr1	451299	451300	36	0.3567
chr1	451334	451335	43	0.4808
chr1	451365	451366	33	0.374
chr1	451387	451388	39	0.4418
chr1	451437	451438	36	0.3993
chr1	451463	451464	39	0.48
chr1	451464	451465	35	0.2978
chr1	451521	451522	44	0.3003
chr1	451621	451622	38	0.4167
chr1	451684	451685	46	0.3919
chr1	451746	451747	38	0.4156
chr1	451796	451797	36	0.4614
chr1	451896	451897	38	0.2539
chr1	451906	451907	31	0.3743
chr1	451962	451963	39	0.4447
chr1	451970	451971	41	0.8297
chr1	451996	451997	39	0.8804
chr1	452017	452018	39	0.6106
chr1	452056	452057	39	0.7507
chr1	452106	452107	38	0.854
chr1	452131	452132	38	0.7646
chr1	452149	452150	28	0.8788
chr1	452164	452165	38	0.8905
chr1	452202	452203	50	0.8758
chr1	452240	452241	33	0.7409
chr1	452278	452279	45	0.8336
chr1	452305	452306	44	0.7616
chr1	452332	452333	36	0.887
chr1	452367	452368	53	0.7354
chr1	452417	452418	43	0.7054
chr1	452454	452455	40	0.6828
chr1	452554	452555	38	0.7044
chr1	452643	452644	50	0.7787
chr1	452718	452719	33	0.7654
chr1	452818	452819	43	0.674
chr1	452918	452919	46	0.6437
chr1	452962	452963	46	0.711
chr1	452998	452999	50	0.8059
chr1	453050	453051	42	0.7867
chr1	453098	453099	49	0.8201
chr1	453220	453221	41	0.5266
chr1	453226	453227	37	0.7277
chr1	453328	453329	41	0.6735
chr1	453338	453339	46	0.8444
chr1	453365	453366	35	0.8476
chr1	453380	453381	38	0.7523
chr1	453395	453396	35	0.8979
chr1	453432	453433	46	0.8714
chr1	453452	453453	38	0.8493
chr1	453502	453503	34	0.7151
chr1	453550	453551	42	0.6549
chr1	453587	453588	34	0.7859
chr1	453602	453603	42	0.8175
chr1	453652	453653	36	0.699
chr1	453677	453678	41	0.6984
chr1	453692	453693	43	0.82
chr1	453711	453712	35	0.7755
chr1	453731	453732	41	0.709
chr1	453751	453752	41	0.6959
chr1	453783	453784	51	0.5347
chr1	453798	453799	45	0.6549
chr1	453799	453800	36	0.6701
chr1	453899	453900	44	0.8965
chr1	453999	454000	33	0.6296
chr1	454099	454100	40	0.6906
chr1	454149	454150	46	0.8554
chr1	454199	454200	44	0.7726
chr1	454229	454230	49	0.5885
chr1	454299	454300	40	0.7647
chr1	454309	454310	41	0.6683
chr1	454325	454326	37	0.8706
chr1	454355	454356	34	0.7089
chr1	454407	454408	32	0.913
chr1	454411	454412	45	0.7136
chr1	454445	454446	39	0.7517
chr1	454454	454455	36	0.7969
chr1	454469	454470	41	0.7971
chr1	454519	454520	34	0.9928
chr1	454560	454561	36	0.8653
chr1	454601	454602	44	0.914
chr1	454642	454643	38	0.8963
chr1	454670	454671	36	0.8902
chr1	454696	454697	38	0.7837
chr1	454736	454737	30	0.9539
chr1	454786	454787	40	0.8444
chr1	454825	454826	39	0.9529
chr1	454866	454867	42	0.87
chr1	454885	454886	42	0.8969
chr1	454935	454936	35	0.8937
chr1	454955	454956	40	0.93
chr1	455055	455056	41	0.9318
chr1	455155	455156	44	0.9178
chr1	455255	455256	37	0.9692
chr1	455355	455356	38	0.8477
chr1	455623	455624	45	0.9287
chr1	455665	455666	42	0.9018
chr1	455697	455698	36	0.9412
chr1	455721	455722	42	0.8299
chr1	455733	455734	39	0.8456
chr1	455849	455850	40	0.8872
chr1	455855	455856	31	0.7604
chr1	455887	455888	38	0.8093
chr1	455907	455908	39	0.7983
chr1	455955	455956	41	0.9108
chr1	456002	456003	46	0.8595
chr1	456047	456048	30	0.8168
chr1	456064	456065	44	0.8011
chr1	456102	456103	39	0.7796
chr1	456117	456118	38	0.6856
chr1	456163	456164	46	0.8855
chr1	456192	456193	43	0.6667
chr1	456226	456227	36	0.8473
chr1	456276	456277	41	0.7192
chr1	456376	456377	37	0.9047
chr1	456446	456447	43	0.8248
chr1	456546	456547	44	0.893
chr1	456646	456647	23	0.701
chr1	456736	456737	38	0.8663
chr1	456774	456775	43	0.7875
chr1	456812	456813	37	0.5273
chr1	456884	456885	45	0.6882
chr1	457060	457061	42	0.8557
chr1	457090	457091	48	0.8025
chr1	457139	457140	46	0.6363
chr1	457160	457161	36	0.4745
chr1	457210	457211	34	0.6819
chr1	457240	457241	40	0.6501
chr1	457269	457270	39	0.5987
chr1	457288	457289	39	0.5503
chr1	457338	457339	36	0.7272
chr1	457362	457363	29	0.7026
chr1	457378	457379	39	0.5547
chr1	457406	457407	41	0.5601
chr1	457429	457430	44	0.6364
chr1	457445	457446	40	0.4076
chr1	457495	457496	30	0.5244
chr1	457512	457513	41	0.6859
chr1	457548	457549	41	0.673
chr1	457568	457569	41	0.6136
chr1	457589	457590	37	0.6636
chr1	457611	457612	41	0.463
chr1	457711	457712	43	0.4348
chr1	457765	457766	48	0.5559
chr1	457828	457829	37	0.5396
chr1	457928	457929	43	0.6515
chr1	458028	458029	38	0.5312
chr1	458092	458093	41	0.6556
chr1	458104	458105	40	0.457
chr1	458143	458144	45	1.0
chr1	458193	458194	42	0.8973
chr1	458213	458214	44	0.8809
chr1	458246	458247	39	0.8508
chr1	458292	458293	33	0.835
chr1	458334	458335	44	0.7701
chr1	458362	458363	40	0.9277
chr1	458377	458378	44	0.7759
chr1	458427	458428	38	0.99
chr1	458455	458456	41	0.9141
chr1	458475	458476	41	0.7538
chr1	458504	458505	37	1.0
chr1	458551	458552	41	0.8809
chr1	458580	458581	39	0.9416
chr1	458585	458586	37	0.9384
chr1	458635	458636	39	0.8786
chr1	458735	458736	41	0.8504
chr1	458835	458836	43	1.0
chr1	458908	458909	35	0.9453
chr1	459008	459009	38	0.9764
chr1	459024	459025	45	0.8784
chr1	459063	459064	30	0.727
chr1	459091	459092	39	0.7548
chr1	459112	459113	41	0.8276
chr1	459135	459136	35	0.755
chr1	459180	459181	33	0.722
chr1	459205	459206	41	0.717
chr1	459221	459222	37	0.6464
chr1	459253	459254	38	0.892
chr1	459268	459269	46	0.8057
chr1	459305	459306	44	0.8067
chr1	459325	459326	41	0.762
chr1	459361	459362	51	0.6818
chr1	459381	459382	41	0.7656
chr1	459413	459414	35	0.8474
chr1	459452	459453	46	0.8075
chr1	459481	459482	40	0.7384
chr1	459499	459500	39	0.726
chr1	459523	459524	31	0.6446
chr1	459552	459553	37	0.6433
chr1	459602	459603	33	0.7004
chr1	459611	459612	35	0.7741
chr1	459683	459684	42	0.672
chr1	459776	459777	51	0.7228
chr1	459876	459877	33	0.6606
chr1	459976	459977	37	0.8336
chr1	460038	460039	51	0.7429
chr1	460138	460139	49	0.6886
chr1	460150	460151	31	0.5877
chr1	460194	460195	40	0.7204
chr1	460234	460235	32	0.203
chr1	460249	460250	53	0.1667
chr1	460269	460270	32	0.1281
chr1	460307	460308	34	0.1721
chr1	460357	460358	42	0.0993
chr1	460401	460402	45	0.1968
chr1	460429	460430	34	0.2893
chr1	460466	460467	43	0.1868
chr1	460507	460508	32	0.1875
chr1	460522	460523	35	0.1876
chr1	460550	460551	38	0.2754
chr1	460590	460591	45	0.2577
chr1	460640	460641	46	0.3064
chr1	460670	460671	39	0.2585
chr1	460700	460701	37	0.3314
chr1	460722	460723	37	0.1516
chr1	460749	460750	37	0.2453
chr1	460764	460765	41	0.1078
chr1	460807	460808	42	0.1555
chr1	460820	460821	43	0.1116
chr1	460879	460880	38	0.1077
chr1	460943	460944	44	0.2437
chr1	460993	460994	37	0.2141
chr1	461043	461044	34	0.1034
chr1	461143	461144	37	0.153
chr1	461202	461203	44	0.292
chr1	461302	461303	43	0.1556
chr1	461401	461402	41	0.174
chr1	461429	461430	39	0.3618
chr1	461485	461486	35	0.2426
chr1	461524	461525	40	0.8938
chr1	461574	461575	32	0.7029
chr1	461599	461600	40	0.8979
chr1	461626	461627	40	0.88
chr1	461662	461663	34	0.9093
chr1	461688	461689	37	0.6874
chr1	461738	461739	42	0.8823
chr1	461779	461780	43	1.0
chr1	461824	461825	40	0.8852
chr1	461853	461854	34	0.9814
chr1	461873	461874	40	1.0
chr1	461910	461911	38	0.8933
chr1	461926	461927	42	0.6499
chr1	461975	461976	46	0.7643
chr1	462025	462026	34	0.7427
chr1	462026	462027	33	0.7616
chr1	462118	462119	35	0.8629
chr1	462168	462169	36	0.8748
chr1	462268	462269	38	0.796
chr1	462368	462369	45	0.8408
chr1	462418	462419	48	0.839
chr1	462503	462504	40	0.7651
chr1	462549	462550	44	0.8441
chr1	462555	462556	32	0.8337
chr1	462598	462599	40	0.9644
chr1	462648	462649	36	0.8251
chr1	462673	462674	35	0.8288
chr1	462688	462689	39	0.861
chr1	462711	462712	43	0.9798
chr1	462761	462762	32	1.0
chr1	462792	462793	44	1.0
chr1	462827	462828	47	0.9004
chr1	462855	462856	29	0.8289
chr1	462886	462887	39	0.874
chr1	462916	462917	41	0.9217
chr1	462945	462946	40	1.0
chr1	462964	462965	43	0.9439
chr1	463014	463015	37	0.852
chr1	463064	463065	39	0.8931
chr1	463105	463106	49	0.8683
chr1	463124	463125	45	0.9753
chr1	463224	463225	39	1.0
chr1	463294	463295	41	0.8255
chr1	463394	463395	45	0.9149
chr1	463484	463485	45	0.9154
chr1	463584	463585	35	0.8475
chr1	463594	463595	44	0.9375
chr1	463648	463649	37	0.9425
chr1	463696	463697	57	0.8849
chr1	463711	463712	43	0.6248
chr1	463726	463727	43	0.563
chr1	463753	463754	42	1.0
chr1	463799	463800	39	0.801
chr1	463849	463850	43	1.0
chr1	463884	463885	36	0.9894
chr1	463911	463912	41	1.0
chr1	463929	463930	50	1.0
chr1	463944	463945	35	0.7825
chr1	463994	463995	43	1.0
chr1	464010	464011	35	0.904
chr1	464047	464048	48	0.713
chr1	464068	464069	47	1.0
chr1	464118	464119	36	1.0
chr1	464146	464147	50	1.0
chr1	464189	464190	44	0.6004
chr1	464241	464242	39	0.5206
chr1	464341	464342	37	0.636
chr1	464403	464404	33	1.0
chr1	464499	464500	47	1.0
chr1	464596	464597	43	1.0
chr1	464676	464677	43	1.0
chr1	464703	464704	46	0.1665
chr1	464732	464733	32	0.2836
chr1	464760	464761	44	0.289
chr1	464775	464776	43	0.38
chr1	464810	464811	42	0.2536
chr1	464860	464861	34	0.2309
chr1	464892	464893	38	0.2087
chr1	464911	464912	36	0.0485
chr1	464938	464939	47	0.2767
chr1	464976	464977	34	0.1803
chr1	465008	465009	34	0.2611
chr1	465058	465059	34	0.2855
chr1	465086	465087	42	0.09
chr1	465128	465129	44	0.303
chr1	465151	465152	39	0.3242
chr1	465251	465252	25	0.2328
chr1	465351	465352	38	0.1887
chr1	465448	465449	46	0.3115
chr1	465548	465549	31	0.2374
chr1	465550	465551	51	0.0648
chr1	465612	465613	36	0.2663
chr1	465660	465661	40	0.5994
chr1	465687	465688	36	0.5012
chr1	465713	465714	47	0.7897
chr1	465748	465749	40	0.6964
chr1	465763	465764	36	0.562
chr1	465782	465783	40	0.6476
chr1	465819	465820	41	0.7262
chr1	465835	465836	42	0.7237
chr1	465856	465857	38	0.5393
chr1	465898	465899	36	0.5865
chr1	465944	465945	48	0.5718
chr1	465965	465966	30	0.6227
chr1	466008	466009	39	0.6186
chr1	466055	466056	40	0.6267
chr1	466105	466106	37	0.7636
chr1	466132	466133	32	0.5665
chr1	466182	466183	27	0.6205
chr1	466232	466233	52	0.6478
chr1	466294	466295	38	0.7318
chr1	466344	466345	37	0.5772
chr1	466440	466441	40	0.7297
chr1	466490	466491	33	0.8016
chr1	466590	466591	46	0.6456
chr1	466658	466659	42	0.8083
chr1	466682	466683	44	0.7349
chr1	466730	466731	31	0.0848
chr1	466745	466746	48	0.1252
chr1	466770	466771	36	0.0785
chr1	466820	466821	42	0.2306
chr1	466855	466856	45	0.3296
chr1	466895	466896	41	0.1232
chr1	466927	466928	47	0.1824
chr1	466952	466953	47	0.4728
chr1	466982	466983	40	0.156
chr1	467000	467001	40	0.0129
chr1	467022	467023	33	0.2897
chr1	467046	467047	43	0.2901
chr1	467096	467097	38	0.3138
chr1	467126	467127	40	0.1543
chr1	467176	467177	39	0.1463
chr1	467204	467205	39	0.2696
chr1	467228	467229	35	0.1819
chr1	467265	467266	40	0.2354
chr1	467270	467271	53	0.179
chr1	467320	467321	37	0.0832
chr1	467420	467421	41	0.0369
chr1	467490	467491	39	0.1486
chr1	467540	467541	50	0.2174
chr1	467590	467591	36	0.2038
chr1	467688	467689	45	0.313
chr1	467788	467789	41	0.2295
chr1	467816	467817	41	0.3852
chr1	467882	467883	45	0.1699
chr1	467892	467893	38	0.9214
chr1	467924	467925	32	0.8278
chr1	467974	467975	40	0.8655
chr1	468004	468005	40	1.0
chr1	468054	468055	39	0.9054
chr1	468104	468105	36	0.8823
chr1	468127	468128	46	0.916
chr1	468158	468159	39	0.8509
chr1	468176	468177	35	0.8898
chr1	468194	468195	39	0.8673
chr1	468244	468245	44	0.8709
chr1	468294	468295	40	0.8801
chr1	468335	468336	40	0.9309
chr1	468366	468367	39	0.9271
chr1	468416	468417	49	0.8312
chr1	468474	468475	48	0.7979
chr1	468574	468575	39	0.9415
chr1	468624	468625	43	1.0
chr1	468713	468714	32	0.7671
chr1	468813	468814	44	0.9858
chr1	468831	468832	36	0.8714
chr1	468867	468868	43	0.9093
chr1	468919	468920	40	0.8567
chr1	468973	468974	48	0.8599
chr1	469033	469034	46	0.9631
chr1	469049	469050	40	0.8109
chr1	469279	469280	33	0.9336
chr1	469296	469297	40	0.5459
chr1	469316	469317	42	0.6508
chr1	469345	469346	43	0.6071
chr1	469360	469361	35	0.6846
chr1	469375	469376	37	0.5819
chr1	469413	469414	35	0.6678
chr1	469445	469446	43	0.6679
chr1	469485	469486	46	0.6169
chr1	469532	469533	46	0.4127
chr1	469554	469555	36	0.5385
chr1	469587	469588	37	0.5914
chr1	469609	469610	40	0.6013
chr1	469631	469632	40	0.7409
chr1	469660	469661	35	0.5477
chr1	469702	469703	35	0.6368
chr1	469727	469728	46	0.5809
chr1	469760	469761	33	0.6379
chr1	469780	469781	43	0.4516
chr1	469798	469799	42	0.5649
chr1	469852	469853	51	0.5021
chr1	469952	469953	35	0.6059
chr1	470052	470053	38	0.724
chr1	470145	470146	37	0.5479
chr1	470245	470246	33	0.6172
chr1	470273	470274	44	0.5425
chr1	470307	470308	35	0.0204
chr1	470357	470358	43	0.1349
chr1	470372	470373	44	0.3765
chr1	470415	470416	35	0.0591
chr1	470431	470432	37	0.0
chr1	470461	470462	41	0.2641
chr1	470511	470512	36	0.279
chr1	470534	470535	50	0.23
chr1	470564	470565	42	0.0152
chr1	470597	470598	37	0.0
chr1	470629	470630	34	0.2756
chr1	470657	470658	35	0.2734
chr1	470672	470673	30	0.0
chr1	470700	470701	39	0.0
chr1	470718	470719	43	0.0268
chr1	470749	470750	38	0.2496
chr1	470776	470777	42	0.0
chr1	470849	470850	41	0.4405
chr1	470899	470900	34	0.0
chr1	470999	471000	36	0.0318
chr1	471099	471100	41	0.2938
chr1	471188	471189	40	0.419
chr1	471238	471239	37	0.3463
chr1	471252	471253	40	0.0
chr1	471300	471301	36	0.8117
chr1	471334	471335	36	0.6992
chr1	471359	471360	42	0.8507
chr1	471386	471387	29	0.9443
chr1	471419	471420	35	0.9057
chr1	471458	471459	53	0.8132
chr1	471483	471484	37	0.8307
chr1	471506	471507	44	1.0
chr1	471548	471549	37	0.8917
chr1	471580	471581	39	0.8689
chr1	471628	471629	44	0.832
chr1	471659	471660	41	0.669
chr1	471675	471676	48	0.8679
chr1	471725	471726	36	0.8195
chr1	471825	471826	38	0.6949
chr1	471887	471888	41	0.7782
chr1	471958	471959	35	0.9588
chr1	472021	472022	28	0.7187
chr1	472045	472046	38	0.6449
chr1	472084	472085	42	0.8063
chr1	472129	472130	38	0.6649
chr1	472167	472168	42	0.8104
chr1	472189	472190	34	0.6755
chr1	472239	472240	42	0.641
chr1	472278	472279	37	0.5301
chr1	472293	472294	46	0.6513
chr1	472367	472368	41	0.7497
chr1	472382	472383	34	0.6302
chr1	472404	472405	31	0.7582
chr1	472421	472422	37	0.7968
chr1	472450	472451	38	0.7424
chr1	472477	472478	42	0.7087
chr1	472498	472499	35	0.8561
chr1	472547	472548	38	0.5824
chr1	472627	472628	32	0.7007
chr1	472727	472728	41	0.7595
chr1	472827	472828	29	0.7053
chr1	472927	472928	44	0.7831
chr1	472933	472934	42	0.568
chr1	472941	472942	25	0.7511
chr1	472946	472947	31	0.6493
chr1	472977	472978	34	0.458
chr1	472999	473000	38	0.5759
chr1	473040	473041	33	0.5458
chr1	473060	473061	46	0.4739
chr1	473081	473082	51	0.5362
chr1	473131	473132	42	0.6335
chr1	473150	473151	40	0.5723
chr1	473189	473190	57	0.4877
chr1	473235	473236	46	0.6095
chr1	473282	473283	45	0.6008
chr1	473297	473298	45	0.6033
chr1	473314	473315	50	0.7178
chr1	473344	473345	31	0.6163
chr1	473389	473390	32	0.6668
chr1	473407	473408	43	0.4492
chr1	473414	473415	40	0.6591
chr1	473470	473471	42	0.547
chr1	473570	473571	40	0.6977
chr1	473670	473671	33	0.4828
chr1	473770	473771	42	0.4294
chr1	473820	473821	49	0.4249
chr1	473852	473853	33	0.5028
chr1	474156	474157	39	0.5619
chr1	474234	474235	36	0.7461
chr1	474252	474253	41	0.5206
chr1	474256	474257	37	0.5536
chr1	474275	474276	38	0.8517
chr1	474304	474305	34	1.0
chr1	474323	474324	33	0.6776
chr1	474369	474370	34	0.8568
chr1	474388	474389	38	0.8068
chr1	474403	474404	34	0.7249
chr1	474429	474430	41	0.638
chr1	474456	474457	38	0.7243
chr1	474487	474488	44	0.8312
chr1	474524	474525	48	0.9017
chr1	474547	474548	40	0.7717
chr1	474597	474598	30	0.938
chr1	474622	474623	36	1.0
chr1	474653	474654	41	0.9532
chr1	474672	474673	32	0.7643
chr1	474704	474705	42	0.9331
chr1	474713	474714	38	0.8259
chr1	474813	474814	33	1.0
chr1	474863	474864	35	0.9349
chr1	474958	474959	34	0.7646
chr1	475008	475009	44	0.7001
chr1	475058	475059	52	0.8599
chr1	475108	475109	43	0.802
chr1	475118	475119	35	0.8007
chr1	475138	475139	48	0.9118
chr1	476317	476318	37	0.5554
chr1	476342	476343	31	0.7338
chr1	476375	476376	48	0.6978
chr1	476411	476412	32	0.5667
chr1	476447	476448	30	0.6862
chr1	476487	476488	35	0.5899
chr1	476502	476503	38	0.5893
chr1	476523	476524	38	0.6322
chr1	476570	476571	46	0.752
chr1	476592	476593	45	0.7961
chr1	476636	476637	34	0.7864
chr1	476674	476675	41	0.7072
chr1	476710	476711	40	0.5246
chr1	476760	476761	41	0.5516
chr1	476775	476776	35	0.6079
chr1	476825	476826	43	0.6311
chr1	476850	476851	41	0.6039
chr1	476913	476914	34	0.7254
chr1	477013	477014	43	0.8168
chr1	477073	477074	45	0.5291
chr1	477173	477174	35	0.5311
chr1	477273	477274	32	0.786
chr1	477340	477341	41	0.5977
chr1	477378	477379	44	0.5541
chr1	477600	477601	37	0.6576
chr1	477632	477633	38	0.6051
chr1	477640	477641	37	0.6104
chr1	477700	477701	42	0.6233
chr1	477748	477749	42	0.6537
chr1	477758	477759	53	0.5881
chr1	477798	477799	39	0.5852
chr1	477828	477829	34	0.7399
chr1	477838	477839	38	0.6123
chr1	477870	477871	37	0.637
chr1	477900	477901	41	0.7286
chr1	477930	477931	42	0.7688
chr1	477945	477946	33	0.6219
chr1	477963	477964	42	0.8055
chr1	478004	478005	42	0.7752
chr1	478042	478043	36	0.6095
chr1	478071	478072	35	0.6932
chr1	478121	478122	37	0.7564
chr1	478156	478157	53	0.8205
chr1	478175	478176	37	0.8539
chr1	478214	478215	30	0.8059
chr1	478260	478261	43	0.6802
chr1	478304	478305	34	0.6369
chr1	478331	478332	44	0.6986
chr1	478381	478382	37	0.7882
chr1	478453	478454	46	0.7086
chr1	478553	478554	29	0.7944
chr1	478653	478654	46	0.779
chr1	478753	478754	38	0.8236
chr1	478823	478824	39	0.5085
chr1	478855	478856	34	0.7137
chr1	478883	478884	51	0.8777
chr1	479093	479094	40	0.6529
chr1	479113	479114	36	0.7709
chr1	479149	479150	41	0.7508
chr1	479207	479208	38	0.7843
chr1	479245	479246	32	0.6083
chr1	479255	479256	34	0.8221
chr1	479303	479304	38	0.8936
chr1	479353	479354	41	0.762
chr1	479375	479376	36	0.9026
chr1	479425	479426	38	0.7367
chr1	479447	479448	37	0.8576
chr1	479497	479498	37	0.8531
chr1	479522	479523	41	0.8768
chr1	479572	479573	44	0.8492
chr1	479618	479619	43	0.8117
chr1	479668	479669	43	0.9407
chr1	479713	479714	49	0.9296
chr1	479742	479743	42	0.7993
chr1	479759	479760	40	0.7121
chr1	479804	479805	41	0.7581
chr1	479872	479873	35	0.8796
chr1	479972	479973	34	0.6522
chr1	480065	480066	44	0.888
chr1	480165	480166	45	0.8206
chr1	480265	480266	35	0.7977
chr1	480273	480274	45	0.7599
chr1	480307	480308	29	0.8488
chr1	480347	480348	44	0.7541
chr1	480595	480596	33	0.8476
chr1	480695	480696	43	0.8072
chr1	480707	480708	37	0.841
chr1	480713	480714	41	0.6889
chr1	480731	480732	35	0.7875
chr1	480781	480782	42	0.6247
chr1	480796	480797	38	0.6707
chr1	480838	480839	33	0.7815
chr1	480853	480854	34	0.6105
chr1	480868	480869	32	0.79
chr1	480894	480895	38	0.8288
chr1	480930	480931	41	0.6755
chr1	480963	480964	39	0.7764
chr1	480980	480981	35	0.6975
chr1	481030	481031	41	0.7246
chr1	481055	481056	39	0.7738
chr1	481086	481087	29	0.6261
chr1	481103	481104	41	0.7661
chr1	481141	481142	31	0.7157
chr1	481156	481157	37	0.894
chr1	481172	481173	36	0.8316
chr1	481191	481192	37	0.5355
chr1	481202	481203	47	0.8169
chr1	481275	481276	40	0.5966
chr1	481325	481326	45	0.6952
chr1	481425	481426	31	0.6276
chr1	481525	481526	32	0.6991
chr1	481575	481576	40	0.6462
chr1	481629	481630	36	0.7074
chr1	481677	481678	45	0.5512
chr1	481827	481828	33	0.7475
chr1	481831	481832	32	0.7762
chr1	481867	481868	40	0.6014
chr1	481943	481944	39	0.7512
chr1	481969	481970	42	0.6855
chr1	482097	482098	40	0.6423
chr1	482128	482129	40	0.7315
chr1	482177	482178	32	0.6006
chr1	482227	482228	45	0.7453
chr1	482242	482243	35	0.5643
chr1	482280	482281	39	0.5038
chr1	482301	482302	48	0.7713
chr1	482318	482319	38	0.4408
chr1	482348	482349	42	0.6299
chr1	482387	482388	49	0.7859
chr1	482425	482426	39	0.6723
chr1	482450	482451	41	0.6655
chr1	482470	482471	46	0.6238
chr1	482503	482504	45	0.5437
chr1	482526	482527	47	0.5519
chr1	482560	482561	36	0.657
chr1	482610	482611	38	0.6554
chr1	482636	482637	39	0.7131
chr1	482652	482653	44	0.6088
chr1	482752	482753	38	0.6692
chr1	482852	482853	38	0.4344
chr1	482902	482903	32	0.5845
chr1	483002	483003	34	0.5336
chr1	483102	483103	38	0.4848
chr1	483150	483151	41	0.6653
chr1	483156	483157	29	0.8195
chr1	483166	483167	35	0.88
chr1	483182	483183	44	0.7363
chr1	483197	483198	44	0.7268
chr1	483224	483225	31	0.8824
chr1	483248	483249	47	0.8802
chr1	483263	483264	52	0.9187
chr1	483304	483305	37	0.9109
chr1	483354	483355	39	0.991
chr1	483386	483387	43	0.8286
chr1	483410	483411	36	0.7832
chr1	483430	483431	30	0.7525
chr1	483445	483446	37	0.7557
chr1	483460	483461	46	0.7611
chr1	483495	483496	43	0.8813
chr1	483510	483511	35	0.8188
chr1	483548	483549	35	0.8082
chr1	483563	483564	38	0.8195
chr1	483586	483587	38	0.856
chr1	483610	483611	34	0.7313
chr1	483642	483643	33	0.7096
chr1	483655	483656	42	0.7006
chr1	483755	483756	44	0.8434
chr1	483813	483814	47	0.7898
chr1	483913	483914	45	0.8891
chr1	483988	483989	43	0.8469
chr1	484086	484087	42	0.7543
chr1	484092	484093	46	0.9512
chr1	484166	484167	32	0.7325
chr1	484242	484243	41	0.8793
chr1	484254	484255	49	0.7165
chr1	484366	484367	34	0.7723
chr1	484372	484373	43	0.7907
chr1	484450	484451	46	0.8137
chr1	484536	484537	46	0.7387
chr1	484580	484581	47	0.6576
chr1	484584	484585	38	0.9408
chr1	484592	484593	43	0.623
chr1	484611	484612	35	0.7293
chr1	484630	484631	30	0.6859
chr1	484680	484681	37	0.677
chr1	484702	484703	41	0.6766
chr1	484752	484753	39	0.5962
chr1	484802	484803	38	0.5196
chr1	484827	484828	35	0.7845
chr1	484842	484843	38	0.6722
chr1	484886	484887	38	0.4571
chr1	484921	484922	49	0.6838
chr1	484949	484950	34	0.5316
chr1	484964	484965	43	0.6563
chr1	485000	485001	38	0.5633
chr1	485027	485028	38	0.6609
chr1	485077	485078	44	0.7246
chr1	485098	485099	34	0.6979
chr1	485145	485146	43	0.5286
chr1	485148	485149	35	0.722
chr1	485222	485223	45	0.523
chr1	485307	485308	44	0.5489
chr1	485407	485408	37	0.7651
chr1	485507	485508	42	0.631
chr1	485607	485608	39	0.5574
chr1	485691	485692	37	0.7843
chr1	485707	485708	41	0.5907
chr1	485733	485734	42	0.6995
chr1	485745	485746	43	0.7475
chr1	485841	485842	48	0.6996
chr1	485923	485924	36	0.649
chr1	485971	485972	40	0.6462
chr1	485999	486000	41	0.5769
chr1	486013	486014	40	0.5199
chr1	486049	486050	37	0.7291
chr1	486083	486084	47	0.8642
chr1	486121	486122	34	0.832
chr1	486152	486153	41	0.9836
chr1	486174	486175	35	0.9282
chr1	486201	486202	40	0.8485
chr1	486251	486252	29	0.7445
chr1	486295	486296	42	0.849
chr1	486318	486319	44	0.8643
chr1	486368	486369	46	0.7532
chr1	486418	486419	39	0.7666
chr1	486468	486469	41	0.7963
chr1	486499	486500	37	0.8755
chr1	486548	486549	43	0.6433
chr1	486569	486570	38	0.7297
chr1	486576	486577	37	0.7094
chr1	486676	486677	47	0.9248
chr1	486726	486727	42	0.8821
chr1	486783	486784	38	0.774
chr1	486838	486839	39	0.7093
chr1	486888	486889	29	1.0
chr1	486988	486989	37	0.7066
chr1	487006	487007	41	0.8866
chr1	487072	487073	29	0.8793
chr1	487118	487119	41	0.4733
chr1	487149	487150	47	0.6135
chr1	487190	487191	37	0.5569
chr1	487216	487217	44	0.435
chr1	487254	487255	36	0.6199
chr1	487272	487273	37	0.753
chr1	487318	487319	41	0.6362
chr1	487344	487345	41	0.6577
chr1	487394	487395	47	0.7506
chr1	487424	487425	48	0.7321
chr1	487448	487449	32	0.4484
chr1	487484	487485	43	0.6161
chr1	487512	487513	40	0.6772
chr1	487531	487532	40	0.4989
chr1	487581	487582	42	0.3902
chr1	487628	487629	40	0.6309
chr1	487645	487646	43	0.8785
chr1	487687	487688	35	0.4468
chr1	487709	487710	34	0.56
chr1	487809	487810	36	0.5741
chr1	487877	487878	40	0.6097
chr1	487977	487978	36	0.7689
chr1	488077	488078	41	0.6939
chr1	488143	488144	43	0.6777
chr1	488243	488244	34	0.5394
chr1	488289	488290	43	0.5628
chr1	488305	488306	29	0.8024
chr1	488331	488332	36	0.6824
chr1	488381	488382	42	0.6219
chr1	488400	488401	41	0.698
chr1	488450	488451	45	0.7791
chr1	488479	488480	39	0.7281
chr1	488499	488500	45	0.9013
chr1	488523	488524	35	0.6759
chr1	488571	488572	37	0.7971
chr1	488610	488611	43	0.8432
chr1	488650	488651	37	0.5801
chr1	488678	488679	36	0.761
chr1	488701	488702	43	0.6385
chr1	488742	488743	46	0.8209
chr1	488759	488760	38	0.728
chr1	488809	488810	29	0.8951
chr1	488824	488825	44	0.6088
chr1	488871	488872	42	0.6639
chr1	488898	488899	37	0.6749
chr1	488901	488902	45	0.8034
chr1	489001	489002	40	0.8702
chr1	489101	489102	36	0.7979
chr1	489201	489202	45	0.6429
chr1	489282	489283	37	0.8472
chr1	489375	489376	30	0.8255
chr1	489451	489452	38	0.9086
chr1	489483	489484	41	0.7979
chr1	489524	489525	41	0.8267
chr1	489559	489560	37	0.931
chr1	489596	489597	36	1.0
chr1	489612	489613	40	0.8781
chr1	489635	489636	42	0.8709
chr1	489678	489679	50	0.7686
chr1	489728	489729	33	0.8762
chr1	489750	489751	38	0.8204
chr1	489796	489797	40	0.854
chr1	489817	489818	37	0.7655
chr1	489867	489868	43	0.9465
chr1	489883	489884	48	0.7459
chr1	489898	489899	40	0.8247
chr1	489948	489949	33	0.8667
chr1	489963	489964	42	1.0
chr1	489997	489998	36	0.9687
chr1	490020	490021	46	0.8496
chr1	490034	490035	34	1.0
chr1	490134	490135	37	0.7833
chr1	490234	490235	35	0.982
chr1	490284	490285	45	0.8145
chr1	490384	490385	35	0.8464
chr1	490468	490469	39	0.8275
chr1	490486	490487	30	0.8705
chr1	490503	490504	47	0.7814
chr1	490553	490554	31	0.8855
chr1	490585	490586	41	0.9461
chr1	490601	490602	44	0.8098
chr1	490651	490652	42	0.926
chr1	490666	490667	39	0.8308
chr1	490698	490699	48	0.7684
chr1	490723	490724	44	0.9586
chr1	490742	490743	33	0.83
chr1	490769	490770	42	0.9502
chr1	490802	490803	41	0.7815
chr1	490817	490818	42	0.8854
chr1	490859	490860	36	0.96
chr1	490897	490898	43	0.8938
chr1	490923	490924	32	0.9203
chr1	490956	490957	44	0.8108
chr1	491056	491057	35	0.7861
chr1	491106	491107	39	0.8495
chr1	491160	491161	41	0.9321
chr1	491260	491261	27	0.9665
chr1	491350	491351	32	0.7699
chr1	491408	491409	36	0.8565
chr1	491482	491483	32	0.9012
chr1	491492	491493	41	0.8887
chr1	491500	491501	41	0.9008
chr1	491534	491535	32	0.7609
chr1	491584	491585	39	0.7785
chr1	491605	491606	49	0.9328
chr1	491622	491623	43	0.7193
chr1	491664	491665	41	0.9038
chr1	491712	491713	47	0.8556
chr1	491761	491762	46	0.9273
chr1	491784	491785	36	0.8237
chr1	491812	491813	39	0.836
chr1	491836	491837	46	0.7593
chr1	491886	491887	35	0.9073
chr1	491909	491910	47	0.7002
chr1	491924	491925	40	0.9523
chr1	491951	491952	43	0.9532
chr1	492051	492052	39	0.883
chr1	492151	492152	38	0.8491
chr1	492224	492225	51	0.8348
chr1	492324	492325	33	0.7849
chr1	492400	492401	36	0.8062
chr1	492402	492403	44	0.8861
chr1	492418	492419	49	0.8068
chr1	492492	492493	44	0.9683
chr1	492542	492543	48	0.8776
chr1	492604	492605	36	0.7712
chr1	492642	492643	36	0.8009
chr1	492670	492671	30	0.8019
chr1	492740	492741	37	0.8765
chr1	492826	492827	51	0.8998
chr1	492836	492837	41	0.867
chr1	492855	492856	43	0.8947
chr1	492872	492873	48	0.6655
chr1	492897	492898	32	0.7054
chr1	492938	492939	33	0.7565
chr1	492953	492954	30	0.7806
chr1	492973	492974	45	0.5911
chr1	493010	493011	34	0.5865
chr1	493027	493028	35	0.6259
chr1	493046	493047	41	0.7451
chr1	493096	493097	39	0.6789
chr1	493132	493133	45	0.8363
chr1	493147	493148	38	0.8953
chr1	493167	493168	35	0.5574
chr1	493191	493192	41	0.5891
chr1	493207	493208	46	0.6821
chr1	493222	493223	46	0.7638
chr1	493272	493273	40	0.6452
chr1	493316	493317	38	0.7845
chr1	493345	493346	39	0.763
chr1	493384	493385	39	0.6897
chr1	493389	493390	38	0.6927
chr1	493489	493490	30	0.7215
chr1	493589	493590	33	0.6709
chr1	493689	493690	42	0.7887
chr1	493739	493740	40	0.7803
chr1	493839	493840	35	0.9046
chr1	493929	493930	46	0.7271
chr1	493933	493934	37	0.8273
chr1	493965	493966	34	0.3124
chr1	493994	493995	42	0.3442
chr1	494012	494013	48	0.2959
chr1	494057	494058	36	0.4745
chr1	494083	494084	40	0.3639
chr1	494122	494123	43	0.2454
chr1	494144	494145	39	0.448
chr1	494165	494166	38	0.2114
chr1	494202	494203	33	0.3776
chr1	494224	494225	36	0.3111
chr1	494264	494265	38	0.2986
chr1	494279	494280	36	0.3354
chr1	494329	494330	42	0.2227
chr1	494379	494380	41	0.239
chr1	494423	494424	33	0.1109
chr1	494450	494451	44	0.3315
chr1	494470	494471	41	0.3977
chr1	494502	494503	44	0.4403
chr1	494585	494586	32	0.2268
chr1	494635	494636	41	0.1464
chr1	494685	494686	38	0.2544
chr1	494735	494736	34	0.4366
chr1	494835	494836	41	0.2357
chr1	494935	494936	40	0.2668
chr1	495035	495036	39	0.2247
chr1	495063	495064	36	0.3288
chr1	495121	495122	32	0.1774
chr1	495126	495127	38	0.738
chr1	495146	495147	44	0.7443
chr1	495180	495181	39	0.8519
chr1	495211	495212	35	0.8011
chr1	495226	495227	37	0.6794
chr1	495254	495255	35	0.8497
chr1	495283	495284	33	0.7634
chr1	495306	495307	40	0.8581
chr1	495321	495322	40	0.7579
chr1	495369	495370	44	0.6336
chr1	495393	495394	37	0.6442
chr1	495415	495416	39	0.8345
chr1	495442	495443	35	0.6715
chr1	495468	495469	40	0.8192
chr1	495518	495519	47	0.8678
chr1	495537	495538	33	0.7988
chr1	495586	495587	46	0.7845
chr1	495611	495612	28	0.6791
chr1	495638	495639	40	0.6486
chr1	495738	495739	37	0.7811
chr1	495838	495839	38	0.7185
chr1	495938	495939	37	0.6877
chr1	496038	496039	43	0.7352
chr1	496088	496089	39	0.8268
chr1	496156	496157	38	0.8627
chr1	496274	496275	36	0.8381
chr1	496298	496299	39	0.5423
chr1	496300	496301	34	0.8109
chr1	496312	496313	45	0.8283
chr1	496320	496321	35	0.8276
chr1	496460	496461	40	0.7457
chr1	496469	496470	41	0.6653
chr1	496504	496505	43	0.6385
chr1	496554	496555	43	0.5733
chr1	496592	496593	50	0.5701
chr1	496607	496608	40	0.602
chr1	496640	496641	47	0.6266
chr1	496669	496670	53	0.5744
chr1	496685	496686	32	0.7808
chr1	496715	496716	28	0.726
chr1	496734	496735	40	0.771
chr1	496760	496761	41	0.7539
chr1	496792	496793	34	0.6171
chr1	496841	496842	42	0.7469
chr1	496864	496865	32	0.7761
chr1	496881	496882	38	0.6572
chr1	496917	496918	40	0.4998
chr1	496936	496937	38	0.6981
chr1	496986	496987	33	0.7056
chr1	497075	497076	52	0.7414
chr1	497175	497176	41	0.7205
chr1	497225	497226	27	0.7693
chr1	497275	497276	52	0.685
chr1	497325	497326	29	0.7839
chr1	497375	497376	44	0.6218
chr1	497417	497418	34	0.5684
chr1	497517	497518	51	0.8667
chr1	497537	497538	36	0.6074
chr1	497583	497584	42	0.643
chr1	497609	497610	31	0.7483
chr1	497777	497778	41	0.8075
chr1	497791	497792	39	0.6873
chr1	497821	497822	43	0.4762
chr1	497839	497840	38	0.8268
chr1	497865	497866	40	0.7258
chr1	497873	497874	43	0.3564
chr1	497893	497894	39	0.1912
chr1	497943	497944	50	0.2609
chr1	497958	497959	31	0.2647
chr1	497988	497989	38	0.2311
chr1	498030	498031	39	0.3518
chr1	498080	498081	37	0.296
chr1	498102	498103	43	0.3325
chr1	498152	498153	38	0.3374
chr1	498170	498171	46	0.2586
chr1	498201	498202	39	0.2958
chr1	498251	498252	42	0.311
chr1	498281	498282	37	0.3217
chr1	498331	498332	29	0.3548
chr1	498352	498353	41	0.3519
chr1	498400	498401	36	0.2187
chr1	498420	498421	38	0.3824
chr1	498459	498460	41	0.1895
chr1	498532	498533	30	0.226
chr1	498594	498595	40	0.1866
chr1	498694	498695	38	0.1456
chr1	498786	498787	38	0.3121
chr1	498858	498859	40	0.184
chr1	498914	498915	44	0.3303
chr1	498996	498997	39	0.4067
chr1	499022	499023	43	0.1791
chr1	499030	499031	42	0.2841
chr1	499106	499107	39	0.1613
chr1	499120	499121	44	0.3459
chr1	499134	499135	29	0.4077
chr1	499270	499271	38	0.2473
chr1	499350	499351	47	0.2748
chr1	499362	499363	41	0.4435
chr1	499406	499407	34	0.2734
chr1	499416	499417	32	0.3175
chr1	499439	499440	39	0.6676
chr1	499465	499466	36	0.5896
chr1	499483	499484	37	0.7502
chr1	499505	499506	39	0.8567
chr1	499555	499556	43	0.7175
chr1	499591	499592	34	0.7424
chr1	499640	499641	39	0.7315
chr1	499684	499685	34	0.8422
chr1	499699	499700	38	0.5768
chr1	499721	499722	40	0.8989
chr1	499771	499772	39	0.8266
chr1	499813	499814	36	0.6384
chr1	499861	499862	39	0.6374
chr1	499900	499901	39	0.5822
chr1	499919	499920	40	0.7759
chr1	499969	499970	43	0.6566
chr1	500024	500025	34	0.7522
chr1	500124	500125	32	0.8686
chr1	500177	500178	40	0.8267
chr1	500277	500278	36	0.7407
chr1	500377	500378	47	0.664
chr1	500431	500432	46	0.815
chr1	500475	500476	36	0.7431
chr1	501679	501680	39	0.7081
chr1	501729	501730	46	0.7343
chr1	501756	501757	39	0.8122
chr1	501784	501785	38	0.753
chr1	501822	501823	36	0.7258
chr1	501872	501873	42	0.9316
chr1	501904	501905	33	0.8973
chr1	501954	501955	36	0.9097
chr1	501990	501991	41	0.8003
chr1	502033	502034	32	0.859
chr1	502078	502079	42	0.7806
chr1	502124	502125	35	0.8041
chr1	502146	502147	37	0.8311
chr1	502151	502152	41	0.7325
chr1	502251	502252	44	0.8848
chr1	502301	502302	35	0.8485
chr1	502401	502402	28	0.7846
chr1	502472	502473	41	0.9263
chr1	502566	502567	43	0.9172
chr1	502572	502573	38	0.9107
chr1	502616	502617	42	0.8873
chr1	502651	502652	51	0.8356
chr1	502677	502678	31	0.7255
chr1	502727	502728	37	0.7706
chr1	502748	502749	46	0.8128
chr1	502780	502781	45	0.804
chr1	502825	502826	47	0.7065
chr1	502875	502876	39	0.6325
chr1	502914	502915	33	0.7662
chr1	502954	502955	37	0.7207
chr1	502988	502989	35	0.7232
chr1	503004	503005	40	0.63
chr1	503024	503025	41	0.8688
chr1	503046	503047	40	0.829
chr1	503061	503062	39	0.782
chr1	503076	503077	37	0.8296
chr1	503101	503102	40	0.7951
chr1	503117	503118	37	0.875
chr1	503217	503218	39	0.6966
chr1	503317	503318	39	0.8447
chr1	503409	503410	36	0.8206
chr1	503509	503510	45	0.8196
chr1	503547	503548	42	0.8506
chr1	503567	503568	36	0.7246
chr1	503603	503604	39	1.0
chr1	503623	503624	44	1.0
chr1	503657	503658	35	0.8386
chr1	503681	503682	42	0.8562
chr1	503698	503699	41	0.7625
chr1	503748	503749	41	0.403
chr1	503781	503782	41	1.0
chr1	503807	503808	34	0.8894
chr1	503841	503842	35	1.0
chr1	503875	503876	35	0.9788
chr1	503925	503926	33	0.435
chr1	503961	503962	38	0.7453
chr1	503993	503994	36	0.498
chr1	504043	504044	42	0.5997
chr1	504093	504094	31	1.0
chr1	504124	504125	40	1.0
chr1	504166	504167	40	0.6425
chr1	504169	504170	51	1.0
chr1	504233	504234	36	0.9637
chr1	504333	504334	37	0.5714
chr1	504419	504420	45	1.0
chr1	504491	504492	35	1.0
chr1	504591	504592	33	0.5599
chr1	504641	504642	37	0.6719
chr1	504723	504724	34	1.0
chr1	504752	504753	42	0.9297
chr1	504786	504787	38	0.8324
chr1	504809	504810	52	0.9456
chr1	504839	504840	34	0.8659
chr1	504872	504873	35	0.8728
chr1	504891	504892	37	0.7594
chr1	504921	504922	38	0.9366
chr1	504950	504951	36	0.7699
chr1	504988	504989	36	0.7519
chr1	505034	505035	38	0.7034
chr1	505071	505072	39	0.8277
chr1	505096	505097	44	0.8796
chr1	505111	505112	36	0.8776
chr1	505137	505138	32	0.8587
chr1	505168	505169	37	0.7808
chr1	505208	505209	36	0.8555
chr1	505236	505237	51	0.9173
chr1	505286	505287	34	0.8983
chr1	505300	505301	39	0.7487
chr1	505400	505401	41	0.9026
chr1	505500	505501	38	0.9826
chr1	505550	505551	38	0.7706
chr1	505650	505651	47	0.8703
chr1	505750	505751	40	0.9447
chr1	505811	505812	38	1.0
chr1	505895	505896	42	0.8204
chr1	505911	505912	41	0.8482
chr1	505930	505931	41	0.0782
chr1	505958	505959	42	0.3771
chr1	505982	505983	45	0.2272
chr1	506015	506016	38	0.1303
chr1	506063	506064	32	0.1695
chr1	506113	506114	49	0.2518
chr1	506128	506129	47	0.1009
chr1	506143	506144	47	0.1664
chr1	506174	506175	43	0.1462
chr1	506224	506225	44	0.0702
chr1	506274	506275	36	0.0609
chr1	506299	506300	39	0.176
chr1	506318	506319	40	0.145
chr1	506353	506354	37	0.0558
chr1	506370	506371	42	0.0975
chr1	506395	506396	32	0.2709
chr1	506445	506446	43	0.1064
chr1	506450	506451	37	0.1362
chr1	506549	506550	41	0.1207
chr1	506649	506650	41	0.0789
chr1	506723	506724	38	0.1821
chr1	506773	506774	38	0.0512
chr1	506873	506874	40	0.0846
chr1	506927	506928	40	0.2373
chr1	506969	506970	36	0.1837
chr1	507006	507007	32	0.7839
chr1	507021	507022	41	0.7943
chr1	507041	507042	45	0.7881
chr1	507091	507092	39	0.8919
chr1	507121	507122	32	0.8185
chr1	507164	507165	37	0.772
chr1	507188	507189	42	0.6627
chr1	507238	507239	47	0.6041
chr1	507277	507278	38	0.7122
chr1	507324	507325	47	0.7353
chr1	507339	507340	44	0.8927
chr1	507389	507390	44	0.8867
chr1	507410	507411	39	0.7212
chr1	507427	507428	44	0.8569
chr1	507455	507456	40	0.8248
chr1	507505	507506	47	0.7702
chr1	507605	507606	29	0.7761
chr1	507698	507699	34	0.9484
chr1	507798	507799	35	0.9177
chr1	507898	507899	37	0.7516
chr1	507972	507973	38	0.7046
chr1	507976	507977	42	0.8872
chr1	507981	507982	35	0.0525
chr1	508009	508010	42	0.1993
chr1	508034	508035	38	0.0232
chr1	508052	508053	36	0.0188
chr1	508090	508091	40	0.0758
chr1	508105	508106	32	0.0496
chr1	508128	508129	38	0.0905
chr1	508146	508147	37	0.151
chr1	508165	508166	45	0.0
chr1	508186	508187	44	0.1649
chr1	508236	508237	40	0.0943
chr1	508261	508262	45	0.1369
chr1	508276	508277	42	0.0973
chr1	508314	508315	48	0.1235
chr1	508346	508347	41	0.1333
chr1	508361	508362	39	0.1147
chr1	508387	508388	37	0.1114
chr1	508405	508406	32	0.1053
chr1	508455	508456	42	0.0922
chr1	508505	508506	45	0.237
chr1	508518	508519	50	0.0
chr1	508617	508618	36	0.0
chr1	508691	508692	39	0.1593
chr1	508791	508792	42	0.2297
chr1	508891	508892	43	0.1423
chr1	508991	508992	43	0.122
chr1	509011	509012	44	0.2579
chr1	509051	509052	35	0.0453
chr1	509107	509108	37	0.1764
chr1	509119	509120	38	0.0727
chr1	509139	509140	39	0.0535
chr1	509339	509340	37	0.1225
chr1	509421	509422	43	0.1514
chr1	509463	509464	29	0.1183
chr1	509479	509480	41	0.0491
chr1	509486	509487	41	0.8705
chr1	509501	509502	38	0.9212
chr1	509526	509527	37	0.8964
chr1	509565	509566	39	0.8894
chr1	509615	509616	40	1.0
chr1	509630	509631	36	0.9921
chr1	509655	509656	41	0.9533
chr1	509671	509672	38	1.0
chr1	509689	509690	33	0.9808
chr1	509704	509705	42	0.9818
chr1	509739	509740	54	0.907
chr1	509789	509790	38	1.0
chr1	509810	509811	41	1.0
chr1	509825	509826	37	1.0
chr1	509875	509876	30	0.9983
chr1	509892	509893	50	0.9739
chr1	509910	509911	39	0.8915
chr1	509960	509961	46	0.9692
chr1	509983	509984	35	0.8656
chr1	510022	510023	37	0.8989
chr1	510042	510043	46	0.9843
chr1	510092	510093	42	0.9706
chr1	510097	510098	36	0.9891
chr1	510197	510198	42	0.968
chr1	510280	510281	37	0.9097
chr1	510341	510342	42	0.9359
chr1	510403	510404	44	0.977
chr1	510503	510504	40	0.9353
chr1	510553	510554	31	0.8812
chr1	510643	510644	33	0.8636
chr1	510645	510646	35	0.9473
chr1	510647	510648	32	0.8986
chr1	510789	510790	34	0.8652
chr1	510813	510814	41	0.8377
chr1	510979	510980	35	0.904
chr1	511017	511018	43	0.8038
chr1	511036	511037	35	0.0587
chr1	511051	511052	36	0.0664
chr1	511089	511090	37	0.0547
chr1	511121	511122	42	0.0905
chr1	511150	511151	36	0.0714
chr1	511189	511190	35	0.0506
chr1	511236	511237	40	0.0855
chr1	511251	511252	35	0.0
chr1	511301	511302	41	0.0796
chr1	511338	511339	44	0.0426
chr1	511381	511382	47	0.0966
chr1	511431	511432	40	0.0428
chr1	511458	511459	30	0.1119
chr1	511508	511509	37	0.2111
chr1	511554	511555	40	0.0554
chr1	511575	511576	19	0.04
chr1	511611	511612	44	0.1497
chr1	511711	511712	40	0.0343
chr1	511811	511812	43	0.0117
chr1	511881	511882	38	0.0
chr1	511931	511932	37	0.0577
chr1	511997	511998	35	0.0041
chr1	512076	512077	39	0.0
chr1	512176	512177	40	0.16
chr1	512218	512219	43	0.1373
chr1	512232	512233	38	0.052
chr1	512238	512239	37	0.1895
chr1	512263	512264	37	0.0701
chr1	512297	512298	44	0.1405
chr1	512312	512313	45	0.2768
chr1	512362	512363	39	0.0175
chr1	512412	512413	44	0.279
chr1	512427	512428	39	0.2521
chr1	512477	512478	46	0.0379
chr1	512501	512502	32	0.1827
chr1	512517	512518	33	0.1993
chr1	512543	512544	35	0.0701
chr1	512562	512563	37	0.0907
chr1	512577	512578	43	0.1254
chr1	512594	512595	48	0.3395
chr1	512631	512632	43	0.1079
chr1	512681	512682	45	0.155
chr1	512698	512699	38	0.099
chr1	512747	512748	35	0.1067
chr1	512847	512848	39	0.0158
chr1	512897	512898	40	0.0486
chr1	512997	512998	46	0.2355
chr1	513097	513098	44	0.1735
chr1	513197	513198	39	0.0703
chr1	513235	513236	37	0.1138
chr1	513291	513292	40	0.2222
chr1	513315	513316	43	0.1133
chr1	513357	513358	46	0.1449
chr1	513367	513368	42	0.1451
chr1	513457	513458	40	0.1063
chr1	513493	513494	50	0.2146
chr1	513551	513552	35	0.1652
chr1	513563	513564	44	0.1925
chr1	513635	513636	40	0.128
chr1	513651	513652	45	0.8839
chr1	513670	513671	34	0.9446
chr1	513685	513686	41	0.944
chr1	513715	513716	42	0.9197
chr1	513732	513733	46	0.9849
chr1	513764	513765	36	0.9275
chr1	513812	513813	41	0.9003
chr1	513848	513849	37	0.8999
chr1	513869	513870	39	0.8802
chr1	513904	513905	47	0.8907
chr1	513919	513920	35	0.7654
chr1	513944	513945	47	1.0
chr1	513982	513983	42	0.9628
chr1	514011	514012	36	0.9938
chr1	514061	514062	36	0.9552
chr1	514091	514092	38	1.0
chr1	514128	514129	41	0.9781
chr1	514138	514139	44	0.8912
chr1	514188	514189	50	0.7821
chr1	514238	514239	40	0.907
chr1	514338	514339	42	0.9497
chr1	514438	514439	44	0.9855
chr1	514538	514539	48	0.7989
chr1	514574	514575	37	0.923
chr1	514600	514601	30	0.87
chr1	514627	514628	41	0.9721
chr1	514656	514657	38	0.769
chr1	514680	514681	34	0.7294
chr1	514695	514696	49	0.7267
chr1	514728	514729	36	0.9193
chr1	514743	514744	43	0.7684
chr1	514774	514775	44	0.7162
chr1	514798	514799	39	0.7268
chr1	514824	514825	36	0.7979
chr1	514863	514864	41	0.7549
chr1	514913	514914	31	0.7786
chr1	514943	514944	38	0.889
chr1	514987	514988	48	0.894
chr1	515006	515007	41	0.6655
chr1	515032	515033	47	0.8656
chr1	515067	515068	35	0.8131
chr1	515092	515093	47	0.8837
chr1	515106	515107	38	0.6969
chr1	515206	515207	44	0.7584
chr1	515256	515257	32	0.8519
chr1	515356	515357	42	0.8082
chr1	515456	515457	42	0.7621
chr1	515506	515507	42	0.7516
chr1	515594	515595	37	0.7068
chr1	515603	515604	38	0.7183
chr1	515650	515651	33	0.7871
chr1	515671	515672	41	0.8785
chr1	515687	515688	40	0.8372
chr1	515737	515738	39	0.926
chr1	515772	515773	43	0.8447
chr1	515788	515789	33	0.749
chr1	515814	515815	42	0.7546
chr1	515833	515834	39	0.9121
chr1	515865	515866	36	0.7329
chr1	515893	515894	38	0.8606
chr1	515915	515916	49	0.7678
chr1	515930	515931	30	0.7208
chr1	515960	515961	44	0.7547
chr1	515988	515989	40	0.769
chr1	516018	516019	36	0.8746
chr1	516043	516044	35	0.7307
chr1	516067	516068	41	0.5958
chr1	516103	516104	43	0.7094
chr1	516168	516169	34	0.9027
chr1	516218	516219	41	0.8674
chr1	516318	516319	48	0.9848
chr1	516418	516419	35	0.8992
chr1	516518	516519	45	0.9188
chr1	516578	516579	38	0.718
chr1	516616	516617	31	0.7929
chr1	516676	516677	37	0.8189
chr1	516724	516725	38	0.8954
chr1	516794	516795	48	0.7378
chr1	516800	516801	49	0.7537
chr1	516922	516923	45	0.6261
chr1	517050	517051	44	0.9051
chr1	517058	517059	37	0.7417
chr1	518218	518219	39	0.9455
chr1	518249	518250	32	0.9412
chr1	518264	518265	35	0.8942
chr1	518301	518302	32	0.912
chr1	518335	518336	33	0.9226
chr1	518365	518366	42	0.7926
chr1	518393	518394	41	0.8719
chr1	518442	518443	49	0.9987
chr1	518465	518466	46	0.7496
chr1	518488	518489	47	0.8519
chr1	518503	518504	47	0.9655
chr1	518546	518547	40	0.8788
chr1	518590	518591	43	1.0
chr1	518640	518641	44	0.9538
chr1	518669	518670	44	0.8803
chr1	518719	518720	39	0.9489
chr1	518724	518725	40	1.0
chr1	518824	518825	41	0.8278
chr1	518913	518914	48	0.9013
chr1	519013	519014	38	0.8998
chr1	519113	519114	44	0.7927
chr1	519213	519214	41	0.9079
chr1	519279	519280	41	0.8499
chr1	519300	519301	45	0.8265
chr1	519349	519350	43	0.7329
chr1	519367	519368	37	0.924
chr1	519401	519402	39	0.8763
chr1	519416	519417	39	0.9324
chr1	519454	519455	43	0.7502
chr1	519504	519505	44	0.8516
chr1	519533	519534	47	0.7766
chr1	519583	519584	33	0.778
chr1	519602	519603	52	0.7346
chr1	519643	519644	41	0.9201
chr1	519693	519694	44	0.8294
chr1	519716	519717	32	0.8266
chr1	519737	519738	41	0.8351
chr1	519766	519767	37	0.8475
chr1	519792	519793	41	0.7544
chr1	519809	519810	39	0.9011
chr1	519843	519844	40	0.8798
chr1	519871	519872	43	0.8427
chr1	519970	519971	39	0.9627
chr1	520020	520021	44	0.9147
chr1	520070	520071	35	0.9291
chr1	520170	520171	41	0.7062
chr1	520270	520271	41	0.7923
chr1	520370	520371	44	0.9051
chr1	520380	520381	40	0.8523
chr1	520396	520397	40	0.7709
chr1	520411	520412	44	0.8733
chr1	520437	520438	37	0.7275
chr1	520485	520486	37	0.918
chr1	520531	520532	37	0.6439
chr1	520581	520582	33	0.8109
chr1	520600	520601	38	0.7927
chr1	520615	520616	47	0.8974
chr1	520665	520666	34	0.8084
chr1	520694	520695	47	0.6669
chr1	520724	520725	41	0.8851
chr1	520746	520747	39	0.9432
chr1	520777	520778	40	0.8949
chr1	520877	520878	41	0.8674
chr1	520977	520978	29	0.8206
chr1	521040	521041	33	0.7783
chr1	521140	521141	37	0.7999
chr1	521234	521235	30	0.8917
chr1	521244	521245	39	0.6948
chr1	521292	521293	33	0.8344
chr1	521322	521323	36	0.8843
chr1	521337	521338	40	0.9611
chr1	521353	521354	38	0.631
chr1	521397	521398	41	1.0
chr1	521419	521420	51	0.7486
chr1	521459	521460	41	0.7136
chr1	521489	521490	46	0.8662
chr1	521535	521536	38	0.8027
chr1	521577	521578	33	0.793
chr1	521600	521601	42	0.9192
chr1	521637	521638	34	0.9484
chr1	521673	521674	37	0.7874
chr1	521721	521722	42	0.8047
chr1	521811	521812	42	0.8012
chr1	521896	521897	49	0.8444
chr1	521986	521987	42	0.7864
chr1	522036	522037	38	0.8416
chr1	522136	522137	39	0.928
chr1	522174	522175	36	0.6417
chr1	522196	522197	45	0.8165
chr1	522330	522331	52	0.9318
chr1	522440	522441	30	0.908
chr1	522446	522447	31	0.9937
chr1	522522	522523	39	0.8751
chr1	522594	522595	44	0.7805
chr1	522634	522635	41	0.8519
chr1	522642	522643	34	0.6957
chr1	522668	522669	42	0.6947
chr1	522690	522691	41	0.8372
chr1	522713	522714	42	0.748
chr1	522746	522747	36	0.6289
chr1	522767	522768	44	0.7548
chr1	522815	522816	35	0.6585
chr1	522848	522849	41	0.6355
chr1	522896	522897	53	0.5521
chr1	522946	522947	46	0.7189
chr1	522975	522976	41	0.6471
chr1	523002	523003	40	0.5796
chr1	523038	523039	35	0.6596
chr1	523053	523054	44	0.5702
chr1	523078	523079	39	0.7554
chr1	523093	523094	37	0.7274
chr1	523143	523144	31	0.7484
chr1	523169	523170	44	0.575
chr1	523201	523202	40	0.7253
chr1	523211	523212	32	0.7166
chr1	523311	523312	53	0.5307
chr1	523376	523377	39	0.5563
chr1	523476	523477	33	0.577
chr1	523550	523551	40	0.5946
chr1	523650	523651	36	0.6209
chr1	523750	523751	39	0.526
chr1	523818	523819	40	0.6355
chr1	523908	523909	40	0.6581
chr1	523928	523929	39	0.7735
chr1	523984	523985	42	0.6779
chr1	524020	524021	41	0.7449
chr1	524024	524025	35	0.6846
chr1	524078	524079	33	0.718
chr1	524112	524113	41	0.6569
chr1	524156	524157	45	0.6607
chr1	524204	524205	36	0.7164
chr1	524211	524212	43	0.8764
chr1	524244	524245	31	0.7838
chr1	524265	524266	48	0.746
chr1	524298	524299	46	0.7366
chr1	524315	524316	36	0.9001
chr1	524334	524335	54	0.8611
chr1	524362	524363	32	0.9739
chr1	524389	524390	45	0.8441
chr1	524438	524439	42	1.0
chr1	524456	524457	47	0.9088
chr1	524506	524507	35	0.9119
chr1	524556	524557	36	0.9036
chr1	524591	524592	38	0.7793
chr1	524615	524616	35	0.8268
chr1	524665	524666	45	0.7911
chr1	524687	524688	33	0.8309
chr1	524700	524701	39	0.7982
chr1	524767	524768	27	0.9626
chr1	524867	524868	41	0.9875
chr1	524967	524968	37	0.7631
chr1	525067	525068	42	0.7601
chr1	525167	525168	39	0.7507
chr1	525175	525176	39	0.6981
chr1	525371	525372	44	0.6859
chr1	525401	525402	48	0.8183
chr1	525547	525548	39	0.6905
chr1	525555	525556	34	0.8852
chr1	525586	525587	49	0.6603
chr1	525626	525627	38	0.8306
chr1	525671	525672	34	0.7508
chr1	525703	525704	40	0.7147
chr1	525735	525736	42	0.7512
chr1	525770	525771	37	0.6537
chr1	525809	525810	38	0.7026
chr1	525827	525828	44	0.7727
chr1	525851	525852	28	0.7285
chr1	525876	525877	29	0.6745
chr1	525894	525895	43	0.7259
chr1	525944	525945	36	0.6383
chr1	525973	525974	42	0.5762
chr1	525995	525996	37	0.6926
chr1	526030	526031	34	0.5279
chr1	526050	526051	47	0.6776
chr1	526082	526083	34	0.6773
chr1	526106	526107	40	0.7984
chr1	526112	526113	38	0.7612
chr1	526212	526213	33	0.8131
chr1	526312	526313	31	0.8013
chr1	526412	526413	37	0.7469
chr1	526512	526513	43	0.6506
chr1	526612	526613	48	0.703
chr1	526640	526641	41	0.8088
chr1	526649	526650	44	0.7799
chr1	526673	526674	48	0.4739
chr1	526689	526690	38	0.7774
chr1	526705	526706	38	0.7486
chr1	526755	526756	44	0.6433
chr1	526782	526783	48	0.6571
chr1	526828	526829	39	0.6359
chr1	526851	526852	42	0.5475
chr1	526880	526881	39	0.7861
chr1	526924	526925	34	0.716
chr1	526945	526946	41	0.7066
chr1	526970	526971	41	0.5516
chr1	527009	527010	33	0.5813
chr1	527059	527060	48	0.6557
chr1	527082	527083	39	0.7723
chr1	527132	527133	27	0.6786
chr1	527152	527153	40	0.7943
chr1	527155	527156	43	0.7048
chr1	527255	527256	42	0.6723
chr1	527307	527308	27	0.6622
chr1	527407	527408	44	0.6349
chr1	527507	527508	45	0.6809
chr1	527607	527608	28	0.6082
chr1	527631	527632	35	0.6939
chr1	527637	527638	35	0.6934
chr1	527653	527654	49	0.8524
chr1	527747	527748	40	0.7509
chr1	527823	527824	37	0.6592
chr1	527831	527832	44	0.7192
chr1	527877	527878	39	0.7681
chr1	527925	527926	41	0.5701
chr1	529056	529057	39	0.7832
chr1	529096	529097	36	0.6304
chr1	529120	529121	36	0.7269
chr1	529143	529144	31	0.6815
chr1	529181	529182	47	0.5094
chr1	529224	529225	39	0.661
chr1	529241	529242	45	0.8133
chr1	529291	529292	37	0.6226
chr1	529320	529321	38	0.6195
chr1	529336	529337	53	0.7076
chr1	529370	529371	42	0.7744
chr1	529390	529391	31	0.7421
chr1	529413	529414	36	0.7294
chr1	529459	529460	43	0.7562
chr1	529492	529493	35	0.8064
chr1	529518	529519	35	0.7035
chr1	529534	529535	34	0.6004
chr1	529555	529556	43	0.7238
chr1	529655	529656	37	0.6687
chr1	529714	529715	35	0.6025
chr1	529781	529782	40	0.766
chr1	529848	529849	37	0.6021
chr1	529910	529911	45	0.7495
chr1	530010	530011	41	0.6364
chr1	530086	530087	40	0.795
chr1	530108	530109	50	0.0735
chr1	530155	530156	42	0.0585
chr1	530176	530177	43	0.179
chr1	530199	530200	37	0.1375
chr1	530222	530223	42	0.0
chr1	530247	530248	44	0.26
chr1	530287	530288	37	0.2675
chr1	530317	530318	38	0.1448
chr1	530332	530333	42	0.0823
chr1	530382	530383	46	0.0566
chr1	530407	530408	45	0.1252
chr1	530443	530444	38	0.1463
chr1	530461	530462	38	0.3442
chr1	530476	530477	33	0.3017
chr1	530526	530527	40	0.1594
chr1	530561	530562	44	0.1468
chr1	530595	530596	38	0.1361
chr1	530628	530629	49	0.1152
chr1	530636	530637	41	0.1823
chr1	530736	530737	38	0.1596
chr1	530786	530787	32	0.2214
chr1	530836	530837	39	0.1343
chr1	530936	530937	41	0.1658
chr1	531036	531037	31	0.1986
chr1	531136	531137	43	0.1539
chr1	531180	531181	44	0.1373
chr1	531184	531185	42	0.2634
chr1	531196	531197	43	0.8944
chr1	531215	531216	45	0.8465
chr1	531272	531273	36	0.837
chr1	531299	531300	36	0.9207
chr1	531314	531315	29	0.863
chr1	531336	531337	44	0.8885
chr1	531366	531367	37	0.9096
chr1	531401	531402	43	0.9814
chr1	531419	531420	36	0.8848
chr1	531438	531439	31	0.7766
chr1	531455	531456	45	0.9106
chr1	531478	531479	42	0.8871
chr1	531516	531517	41	0.9009
chr1	531560	531561	45	0.7822
chr1	531581	531582	44	0.9641
chr1	531601	531602	46	0.9313
chr1	531654	531655	35	0.7697
chr1	531704	531705	44	0.8831
chr1	531804	531805	33	0.7546
chr1	531904	531905	42	0.8882
chr1	532004	532005	31	0.7281
chr1	532036	532037	46	0.8491
chr1	532092	532093	35	0.882
chr1	532123	532124	40	0.147
chr1	532156	532157	40	0.1652
chr1	532187	532188	40	0.2074
chr1	532233	532234	46	0.1748
chr1	532270	532271	41	0.1908
chr1	532285	532286	39	0.183
chr1	532304	532305	38	0.1934
chr1	532333	532334	36	0.0497
chr1	532356	532357	26	0.1516
chr1	532382	532383	39	0.3926
chr1	532411	532412	36	0.1205
chr1	532455	532456	43	0.1508
chr1	532490	532491	35	0.236
chr1	532540	532541	41	0.2522
chr1	532559	532560	33	0.2
chr1	532606	532607	40	0.2205
chr1	532627	532628	43	0.0618
chr1	532727	532728	34	0.1729
chr1	532827	532828	51	0.2653
chr1	532927	532928	36	0.0432
chr1	533027	533028	37	0.2913
chr1	533127	533128	41	0.1299
chr1	533169	533170	35	0.1964
chr1	533195	533196	43	0.226
chr1	533266	533267	34	0.1496
chr1	533286	533287	33	0.0272
chr1	533304	533305	37	0.0
chr1	533324	533325	36	0.0811
chr1	533363	533364	41	0.0146
chr1	533410	533411	39	0.0
chr1	533448	533449	45	0.0564
chr1	533470	533471	32	0.1405
chr1	533494	533495	33	0.1363
chr1	533509	533510	39	0.0723
chr1	533524	533525	40	0.0064
chr1	533545	533546	35	0.0282
chr1	533569	533570	42	0.1894
chr1	533608	533609	48	0.0568
chr1	533635	533636	37	0.0
chr1	533650	533651	42	0.0377
chr1	533703	533704	41	0.0938
chr1	533803	533804	40	0.032
chr1	533903	533904	45	0.0614
chr1	534003	534004	45	0.0858
chr1	534103	534104	47	0.0702
chr1	534175	534176	44	0.1018
chr1	534182	534183	47	0.6934
chr1	534225	534226	45	0.6969
chr1	534275	534276	43	0.6607
chr1	534314	534315	38	0.7297
chr1	534329	534330	35	0.7518
chr1	534355	534356	39	0.6979
chr1	534370	534371	31	0.7155
chr1	534401	534402	45	0.5575
chr1	534417	534418	37	0.6511
chr1	534451	534452	36	0.8617
chr1	534501	534502	40	0.7261
chr1	534525	534526	41	0.7877
chr1	534562	534563	35	0.7598
chr1	534603	534604	47	0.6434
chr1	534643	534644	34	0.5846
chr1	534662	534663	46	0.6407
chr1	534762	534763	39	0.7533
chr1	534862	534863	41	0.8726
chr1	534962	534963	34	0.6985
chr1	535062	535063	36	0.7364
chr1	535088	535089	41	0.688
chr1	535116	535117	38	0.8551
chr1	535242	535243	37	0.7462
chr1	535266	535267	36	0.6651
chr1	535326	535327	50	0.9015
chr1	535426	535427	38	0.7094
chr1	535490	535491	33	0.6073
chr1	535530	535531	42	0.6726
chr1	535554	535555	37	0.7315
chr1	535579	535580	37	0.8219
chr1	535609	535610	34	0.7102
chr1	535637	535638	41	0.6466
chr1	535655	535656	37	0.6993
chr1	535695	535696	49	0.68
chr1	535745	535746	41	0.8423
chr1	535769	535770	40	0.7474
chr1	535784	535785	34	0.8509
chr1	535799	535800	48	0.753
chr1	535847	535848	39	0.6026
chr1	535868	535869	37	0.9056
chr1	535895	535896	42	0.515
chr1	535936	535937	38	0.7858
chr1	535966	535967	32	0.6288
chr1	536004	536005	38	0.789
chr1	536024	536025	46	0.7544
chr1	536124	536125	36	0.6647
chr1	536224	536225	36	0.6083
chr1	536324	536325	44	0.7157
chr1	536376	536377	30	0.7294
chr1	536426	536427	48	0.6485
chr1	536492	536493	38	0.8753
chr1	536502	536503	36	0.7374
chr1	536509	536510	41	0.7577
chr1	536546	536547	37	0.8814
chr1	536561	536562	41	0.5652
chr1	536579	536580	48	0.6712
chr1	536594	536595	36	0.6891
chr1	536624	536625	44	0.6655
chr1	536674	536675	43	0.8148
chr1	536700	536701	44	0.7507
chr1	536727	536728	43	0.5997
chr1	536749	536750	27	0.6724
chr1	536779	536780	47	0.6389
chr1	536803	536804	34	0.7207
chr1	536841	536842	39	0.7768
chr1	536874	536875	42	0.7118
chr1	536913	536914	40	0.847
chr1	536942	536943	41	0.8199
chr1	536965	536966	32	0.9525
chr1	536985	536986	47	0.7206
chr1	537028	537029	45	0.7808
chr1	537059	537060	50	0.6446
chr1	537159	537160	43	0.733
chr1	537209	537210	41	0.7601
chr1	537277	537278	34	0.7496
chr1	537377	537378	43	0.5865
chr1	537466	537467	34	0.7373
chr1	537516	537517	39	0.8479
chr1	537578	537579	43	0.8219
chr1	537606	537607	39	0.8024
chr1	537768	537769	42	0.7945
chr1	537796	537797	38	0.7733
chr1	537810	537811	46	0.6432
chr1	538058	538059	41	0.7222
chr1	538064	538065	43	0.7482
chr1	538089	538090	38	0.6663
chr1	538120	538121	39	0.6938
chr1	538135	538136	31	0.5352
chr1	538156	538157	37	0.6012
chr1	538179	538180	37	0.6877
chr1	538202	538203	33	0.6001
chr1	538247	538248	41	0.6452
chr1	538262	538263	34	0.6765
chr1	538305	538306	32	0.5844
chr1	538320	538321	38	0.7178
chr1	538361	538362	40	0.768
chr1	538382	538383	50	0.756
chr1	538404	538405	43	0.6446
chr1	538435	538436	36	0.5862
chr1	538472	538473	38	0.5251
chr1	538522	538523	38	0.6467
chr1	538544	538545	39	0.6029
chr1	538562	538563	37	0.5551
chr1	538580	538581	40	0.595
chr1	538585	538586	38	0.7065
chr1	538685	538686	33	0.732
chr1	538785	538786	38	0.5998
chr1	538835	538836	40	0.726
chr1	538926	538927	42	0.5766
chr1	539026	539027	40	0.704
chr1	539040	539041	33	0.6066
chr1	539090	539091	38	0.7103
chr1	539148	539149	35	0.5571
chr1	539174	539175	42	0.7133
chr1	539192	539193	33	0.6739
chr1	539260	539261	38	0.7374
chr1	539362	539363	35	0.5329
chr1	539416	539417	49	0.7839
chr1	539468	539469	39	0.5834
chr1	539470	539471	40	0.8027
chr1	539501	539502	41	0.9363
chr1	539545	539546	33	0.8479
chr1	539567	539568	34	0.9138
chr1	539587	539588	37	0.8675
chr1	539614	539615	50	0.9227
chr1	539644	539645	44	0.8364
chr1	539666	539667	41	0.7924
chr1	539699	539700	47	0.8756
chr1	539714	539715	39	0.8945
chr1	539729	539730	40	0.7492
chr1	539779	539780	34	0.8836
chr1	539828	539829	34	0.8517
chr1	539846	539847	37	0.8223
chr1	539885	539886	40	0.7816
chr1	539904	539905	48	0.694
chr1	539977	539978	35	0.8571
chr1	540041	540042	42	0.8281
chr1	540136	540137	31	0.8055
chr1	540191	540192	42	0.8458
chr1	540291	540292	31	0.8363
chr1	540307	540308	41	0.8452
chr1	540357	540358	28	0.8025
chr1	540366	540367	30	0.8487
chr1	540401	540402	43	0.8051
chr1	540427	540428	35	0.88
chr1	540444	540445	35	0.8328
chr1	540465	540466	43	0.6794
chr1	540482	540483	39	0.9426
chr1	540532	540533	47	0.7758
chr1	540561	540562	43	0.8568
chr1	540578	540579	32	0.9185
chr1	540610	540611	40	0.8017
chr1	540628	540629	31	0.9489
chr1	540667	540668	44	0.794
chr1	540708	540709	39	0.9143
chr1	540734	540735	46	0.7337
chr1	540765	540766	37	0.7919
chr1	540797	540798	48	0.9806
chr1	540806	540807	47	0.7167
chr1	540906	540907	36	0.789
chr1	541006	541007	43	0.897
chr1	541068	541069	46	0.7261
chr1	541168	541169	45	0.857
chr1	541224	541225	36	0.7553
chr1	541314	541315	41	0.8481
chr1	541380	541381	35	0.8253
chr1	541528	541529	44	0.8757
chr1	541618	541619	36	0.8883
chr1	541626	541627	39	0.8182
chr1	541640	541641	41	0.79
chr1	541676	541677	33	0.7438
chr1	541685	541686	47	0.9952
chr1	541724	541725	36	0.7254
chr1	541741	541742	40	0.8791
chr1	541769	541770	46	0.7351
chr1	541807	541808	42	0.8103
chr1	541835	541836	41	0.8295
chr1	541860	541861	34	0.8645
chr1	541888	541889	45	0.9953
chr1	541910	541911	44	0.8541
chr1	541935	541936	44	0.6896
chr1	541965	541966	35	0.9175
chr1	541986	541987	47	0.8653
chr1	542013	542014	35	0.8941
chr1	542063	542064	31	0.7911
chr1	542082	542083	31	0.7445
chr1	542115	542116	34	0.9148
chr1	542159	542160	45	0.6919
chr1	542209	542210	32	0.8474
chr1	542216	542217	44	0.7308
chr1	542316	542317	37	0.766
chr1	542416	542417	34	0.9568
chr1	542509	542510	40	0.8451
chr1	542609	542610	44	0.9275
chr1	542694	542695	37	0.7883
chr1	542728	542729	41	0.7926
chr1	542846	542847	40	0.851
chr1	542876	542877	41	0.8454
chr1	542882	542883	42	0.7685
chr1	542904	542905	38	0.864
chr1	542912	542913	44	0.8391
chr1	543030	543031	41	0.8132
chr1	543162	543163	47	0.8656
chr1	543190	543191	39	0.8744
chr1	543205	543206	30	0.0519
chr1	543253	543254	41	0.0
chr1	543268	543269	43	0.0477
chr1	543283	543284	40	0.2834
chr1	543314	543315	47	0.0739
chr1	543333	543334	52	0.1223
chr1	543383	543384	48	0.2431
chr1	543400	543401	40	0.2316
chr1	543416	543417	40	0.2334
chr1	543463	543464	37	0.0
chr1	543478	543479	41	0.0679
chr1	543516	543517	35	0.0
chr1	543535	543536	34	0.0889
chr1	543559	543560	44	0.044
chr1	543609	543610	40	0.0
chr1	543624	543625	33	0.0071
chr1	543674	543675	47	0.2266
chr1	543702	543703	41	0.0
chr1	543732	543733	39	0.1563
chr1	543760	543761	44	0.0472
chr1	543782	543783	43	0.2461
chr1	543788	543789	33	0.0554
chr1	543848	543849	40	0.1242
chr1	543948	543949	29	0.0
chr1	544048	544049	37	0.0401
chr1	544148	544149	42	0.0593
chr1	544248	544249	23	0.0229
chr1	544348	544349	37	0.1485
chr1	544410	544411	32	0.1338
chr1	544436	544437	30	0.8174
chr1	544486	544487	44	0.712
chr1	544501	544502	43	0.7975
chr1	544536	544537	39	0.9723
chr1	544579	544580	45	0.7491
chr1	544629	544630	40	0.6575
chr1	544666	544667	31	0.8127
chr1	544703	544704	41	0.6907
chr1	544735	544736	32	0.8228
chr1	544777	544778	42	0.8744
chr1	544811	544812	34	0.6085
chr1	544910	544911	40	0.7978
chr1	545006	545007	33	0.8538
chr1	545084	545085	44	0.6904
chr1	545171	545172	40	0.741
chr1	545185	545186	34	0.8935
chr1	545245	545246	37	0.7727
chr1	545250	545251	38	0.0505
chr1	545300	545301	41	0.1517
chr1	545315	545316	42	0.0409
chr1	545330	545331	33	0.1319
chr1	545380	545381	35	0.1917
chr1	545419	545420	40	0.2582
chr1	545465	545466	39	0.1869
chr1	545494	545495	39	0.105
chr1	545530	545531	30	0.261
chr1	545554	545555	38	0.1837
chr1	545604	545605	44	0.2338
chr1	545648	545649	44	0.125
chr1	545680	545681	41	0.0505
chr1	545715	545716	33	0.0747
chr1	545732	545733	47	0.2005
chr1	545768	545769	42	0.2218
chr1	545868	545869	41	0.3092
chr1	545968	545969	52	0.0999
chr1	546018	546019	38	0.1924
chr1	546118	546119	41	0.0487
chr1	546211	546212	36	0.1758
chr1	546259	546260	36	0.0582
chr1	546317	546318	49	0.1684
chr1	546321	546322	36	0.15
chr1	546365	546366	42	0.1393
chr1	546435	546436	40	0.1003
chr1	546437	546438	40	0.3217
chr1	546471	546472	29	0.0877
chr1	546513	546514	40	0.1187
chr1	546569	546570	51	0.2168
chr1	546621	546622	47	0.1305
chr1	546661	546662	37	0.834
chr1	546680	546681	41	0.9446
chr1	546700	546701	40	0.865
chr1	546729	546730	43	0.8814
chr1	546764	546765	39	0.9626
chr1	546799	546800	48	0.8998
chr1	546816	546817	26	0.9351
chr1	546857	546858	38	0.9207
chr1	546874	546875	34	0.8422
chr1	546906	546907	31	0.7956
chr1	546956	546957	41	0.7145
chr1	546976	546977	44	0.7361
chr1	546995	546996	44	0.974
chr1	547020	547021	43	0.8227
chr1	547064	547065	35	0.8429
chr1	547110	547111	43	0.7945
chr1	547160	547161	44	0.9231
chr1	547210	547211	34	0.8662
chr1	547241	547242	45	0.8585
chr1	547282	547283	36	0.9912
chr1	547382	547383	33	0.9466
chr1	547482	547483	37	0.7076
chr1	547582	547583	35	0.7834
chr1	547662	547663	38	0.9479
chr1	547726	547727	38	1.0
chr1	547778	547779	40	0.945
chr1	547878	547879	35	0.8377
chr1	547926	547927	38	0.8129
chr1	547972	547973	43	0.9224
chr1	548020	548021	38	0.6192
chr1	548070	548071	45	0.7728
chr1	548107	548108	44	0.8414
chr1	548137	548138	43	0.7593
chr1	548187	548188	35	0.7057
chr1	548222	548223	45	0.6975
chr1	548272	548273	38	0.6945
chr1	548292	548293	37	0.7291
chr1	548336	548337	45	0.7822
chr1	548352	548353	51	0.747
chr1	548402	548403	45	0.7106
chr1	548438	548439	35	0.7959
chr1	548459	548460	40	0.8804
chr1	548492	548493	32	0.727
chr1	548512	548513	43	0.7522
chr1	548538	548539	40	0.7509
chr1	548556	548557	43	0.7834
chr1	548606	548607	40	0.7841
chr1	548706	548707	35	0.8398
chr1	548756	548757	44	0.7093
chr1	548806	548807	42	0.7355
chr1	548906	548907	42	0.7586
chr1	549006	549007	42	0.7036
chr1	549058	549059	35	0.7451
chr1	549070	549071	32	0.7778
chr1	549148	549149	42	0.6925
chr1	549159	549160	38	0.7801
chr1	549186	549187	34	0.8722
chr1	549236	549237	40	0.9332
chr1	549286	549287	36	0.9248
chr1	549336	549337	35	0.7493
chr1	549364	549365	39	0.7451
chr1	549390	549391	43	0.7314
chr1	549412	549413	33	0.8998
chr1	549435	549436	39	0.8053
chr1	549476	549477	38	0.9766
chr1	549497	549498	39	0.7983
chr1	549512	549513	37	0.78
chr1	549535	549536	35	0.9236
chr1	549551	549552	38	0.8791
chr1	549592	549593	41	0.9023
chr1	549612	549613	36	0.9072
chr1	549626	549627	46	0.8607
chr1	549695	549696	41	0.8984
chr1	549755	549756	31	0.8213
chr1	549818	549819	43	1.0
chr1	549918	549919	27	1.0
chr1	550018	550019	34	0.8816
chr1	550083	550084	37	0.8337
chr1	550161	550162	38	0.9007
chr1	550177	550178	33	0.7193
chr1	550195	550196	47	0.9297
chr1	550235	550236	40	0.9341
chr1	550251	550252	41	0.9035
chr1	550276	550277	36	1.0
chr1	550326	550327	38	0.9333
chr1	550359	550360	43	0.809
chr1	550374	550375	37	0.8067
chr1	550398	550399	35	0.8253
chr1	550424	550425	34	0.8296
chr1	550439	550440	34	0.8556
chr1	550464	550465	24	0.9511
chr1	550484	550485	36	0.8137
chr1	550505	550506	37	0.8041
chr1	550553	550554	41	0.9165
chr1	550592	550593	43	0.9663
chr1	550607	550608	39	0.9736
chr1	550627	550628	46	0.8158
chr1	550658	550659	47	0.7938
chr1	550680	550681	41	0.8465
chr1	550692	550693	52	0.9137
chr1	550792	550793	37	0.9176
chr1	550870	550871	39	0.8197
chr1	550920	550921	52	0.9309
chr1	551020	551021	43	0.8441
chr1	551108	551109	33	0.865
chr1	551134	551135	31	0.8259
chr1	551140	551141	34	0.8309
chr1	551181	551182	37	0.7069
chr1	551196	551197	43	0.8441
chr1	551225	551226	34	0.7368
chr1	551240	551241	36	0.8466
chr1	551257	551258	34	0.8381
chr1	551294	551295	42	0.649
chr1	551317	551318	49	0.6035
chr1	551351	551352	47	0.6987
chr1	551396	551397	47	0.6986
chr1	551422	551423	41	0.7203
chr1	551457	551458	43	0.8179
chr1	551496	551497	39	0.9687
chr1	551533	551534	30	0.6577
chr1	551583	551584	36	0.8663
chr1	551614	551615	34	0.5359
chr1	551645	551646	38	0.6364
chr1	551745	551746	37	0.8114
chr1	551831	551832	42	0.7934
chr1	551931	551932	36	0.662
chr1	552020	552021	39	0.8575
chr1	552076	552077	31	0.7634
chr1	552108	552109	43	0.7773
chr1	552138	552139	43	0.0791
chr1	552177	552178	30	0.0684
chr1	552192	552193	41	0.4037
chr1	552233	552234	46	0.4168
chr1	552248	552249	42	0.3868
chr1	552279	552280	36	0.1122
chr1	552307	552308	41	0.0
chr1	552334	552335	44	0.2822
chr1	552364	552365	38	0.1529
chr1	552412	552413	41	0.0623
chr1	552462	552463	46	0.3481
chr1	552491	552492	27	0.2556
chr1	552529	552530	42	0.2678
chr1	552544	552545	29	0.0
chr1	552569	552570	38	0.0459
chr1	552584	552585	42	0.0
chr1	552609	552610	39	0.1979
chr1	552669	552670	39	0.3185
chr1	552769	552770	49	0.3371
chr1	552819	552820	44	0.0698
chr1	552889	552890	46	0.0171
chr1	552989	552990	36	0.3643
chr1	553104	553105	37	0.039
chr1	553150	553151	40	0.8817
chr1	553185	553186	41	0.791
chr1	553206	553207	38	0.6887
chr1	553241	553242	47	0.8312
chr1	553273	553274	41	0.8212
chr1	553303	553304	31	0.7458
chr1	553353	553354	36	0.9945
chr1	553368	553369	47	0.6916
chr1	553397	553398	35	0.6991
chr1	553431	553432	46	0.9092
chr1	553468	553469	39	0.6877
chr1	553495	553496	36	0.7981
chr1	553510	553511	38	0.7841
chr1	553545	553546	37	0.8248
chr1	553595	553596	46	0.7761
chr1	553660	553661	41	0.9209
chr1	553760	553761	39	0.7706
chr1	553822	553823	45	0.8596
chr1	553922	553923	38	0.7367
chr1	554008	554009	48	0.784
chr1	554015	554016	51	0.8786
chr1	554053	554054	42	0.8175
chr1	554094	554095	38	0.7141
chr1	554134	554135	41	0.7676
chr1	554153	554154	35	0.6871
chr1	554179	554180	40	0.7527
chr1	554229	554230	48	0.8702
chr1	554259	554260	32	0.8373
chr1	554298	554299	39	0.765
chr1	554348	554349	46	0.7108
chr1	554398	554399	43	0.7943
chr1	554427	554428	38	0.6993
chr1	554442	554443	41	0.7917
chr1	554462	554463	32	0.8638
chr1	554533	554534	40	0.8455
chr1	554633	554634	42	0.843
chr1	554683	554684	38	0.6685
chr1	554733	554734	35	0.719
chr1	554833	554834	34	0.8644
chr1	554883	554884	32	0.7625
chr1	554913	554914	35	0.829
chr1	554937	554938	31	0.6847
chr1	554955	554956	42	0.8317
chr1	555041	555042	38	0.7216
chr1	555049	555050	38	0.8263
chr1	555125	555126	37	0.8894
chr1	555153	555154	34	0.9608
chr1	555303	555304	40	0.7116
chr1	555353	555354	40	0.9279
chr1	555402	555403	34	0.6365
chr1	555426	555427	46	0.7949
chr1	555451	555452	32	0.9082
chr1	555475	555476	40	0.3984
chr1	555525	555526	40	0.7156
chr1	555620	555621	38	0.5533
chr1	555670	555671	42	0.7025
chr1	555696	555697	37	0.6259
chr1	555712	555713	42	0.5355
chr1	555756	555757	41	0.7112
chr1	555771	555772	38	0.6209
chr1	555808	555809	45	0.5642
chr1	555823	555824	41	0.614
chr1	555873	555874	44	0.5824
chr1	555923	555924	45	0.7077
chr1	555973	555974	33	0.6086
chr1	555980	555981	39	0.6538
chr1	556080	556081	46	0.7788
chr1	556180	556181	41	0.8026
chr1	556279	556280	46	0.6777
chr1	556379	556380	46	0.4715
chr1	556479	556480	44	0.6523
chr1	556515	556516	44	0.6657
chr1	556552	556553	34	0.8675
chr1	556577	556578	36	0.8065
chr1	556614	556615	34	0.8068
chr1	556664	556665	44	0.8145
chr1	556694	556695	40	0.6995
chr1	556724	556725	45	0.7485
chr1	556755	556756	39	0.6933
chr1	556792	556793	39	0.6077
chr1	556807	556808	39	0.7268
chr1	556837	556838	35	0.6844
chr1	556861	556862	36	0.7285
chr1	556899	556900	40	0.6834
chr1	556941	556942	42	0.7202
chr1	556979	556980	41	0.6647
chr1	557013	557014	31	0.621
chr1	557113	557114	36	0.7787
chr1	557213	557214	38	0.7413
chr1	557313	557314	39	0.9334
chr1	557413	557414	37	0.8845
chr1	557415	557416	40	0.7442
chr1	557451	557452	40	0.7519
chr1	557467	557468	34	0.8507
chr1	557488	557489	38	0.858
chr1	557538	557539	33	0.9295
chr1	557570	557571	31	1.0
chr1	557606	557607	36	0.7943
chr1	557641	557642	36	0.8847
chr1	557664	557665	35	0.9661
chr1	557694	557695	28	0.8161
chr1	557709	557710	35	0.9363
chr1	557739	557740	34	0.9135
chr1	557760	557761	34	0.8796
chr1	557782	557783	45	1.0
chr1	557799	557800	35	0.8208
chr1	557817	557818	41	0.835
chr1	557834	557835	39	0.9253
chr1	557865	557866	35	0.8904
chr1	557887	557888	41	0.8334
chr1	557912	557913	39	0.9452
chr1	557937	557938	44	0.9121
chr1	558037	558038	32	0.8374
chr1	558104	558105	40	0.9005
chr1	558154	558155	37	0.9017
chr1	558236	558237	39	0.7651
chr1	558336	558337	44	0.9056
chr1	558354	558355	35	0.8835
chr1	558385	558386	36	0.7912
chr1	558431	558432	42	0.6836
chr1	558481	558482	36	0.6544
chr1	558530	558531	42	0.6218
chr1	558560	558561	36	0.7402
chr1	558597	558598	33	0.6386
chr1	558614	558615	42	0.694
chr1	558635	558636	39	0.656
chr1	558659	558660	28	0.809
chr1	558674	558675	33	0.7224
chr1	558705	558706	36	0.7601
chr1	558727	558728	41	0.7011
chr1	558770	558771	39	0.6866
chr1	558820	558821	39	0.5114
chr1	558856	558857	37	0.8
chr1	558956	558957	46	0.7676
chr1	559014	559015	45	0.6546
chr1	559064	559065	37	0.6925
chr1	559135	559136	43	0.8542
chr1	559185	559186	44	0.7892
chr1	559251	559252	42	0.7545
chr1	559279	559280	44	0.6325
chr1	559335	559336	51	0.699
chr1	559367	559368	44	0.966
chr1	559382	559383	44	0.7527
chr1	559432	559433	36	0.9555
chr1	559463	559464	44	0.9809
chr1	559486	559487	38	0.8774
chr1	559521	559522	34	1.0
chr1	559536	559537	36	0.8094
chr1	559586	559587	42	1.0
chr1	559613	559614	40	0.9089
chr1	559633	559634	41	0.8773
chr1	559679	559680	44	0.9877
chr1	559717	559718	48	1.0
chr1	559734	559735	42	0.8549
chr1	559772	559773	41	0.9513
chr1	559809	559810	35	0.9746
chr1	559824	559825	35	0.9972
chr1	559829	559830	39	0.953
chr1	559929	559930	45	0.8523
chr1	560029	560030	41	1.0
chr1	560129	560130	43	0.9644
chr1	560229	560230	34	0.7701
chr1	560253	560254	37	0.7472
chr1	560269	560270	43	0.8431
chr1	560294	560295	45	0.5093
chr1	560344	560345	34	1.0
chr1	560381	560382	27	1.0
chr1	560410	560411	40	0.946
chr1	560448	560449	46	0.9888
chr1	560466	560467	43	1.0
chr1	560494	560495	39	0.47
chr1	560509	560510	44	0.3206
chr1	560539	560540	38	1.0
chr1	560589	560590	30	0.6934
chr1	560604	560605	31	1.0
chr1	560635	560636	35	1.0
chr1	560659	560660	37	0.428
chr1	560702	560703	43	1.0
chr1	560719	560720	40	0.9792
chr1	560745	560746	39	0.66
chr1	560795	560796	40	0.9225
chr1	560814	560815	38	0.9104
chr1	560839	560840	39	0.3747
chr1	560871	560872	39	0.8332
chr1	560971	560972	47	1.0
chr1	561048	561049	32	0.7945
chr1	561148	561149	41	1.0
chr1	561198	561199	38	0.8301
chr1	561280	561281	34	0.5496
chr1	561363	561364	34	0.9122
chr1	561414	561415	44	0.9934
chr1	561432	561433	57	0.855
chr1	561455	561456	42	0.2201
chr1	561482	561483	45	0.074
chr1	561501	561502	35	0.0009
chr1	561543	561544	42	0.1298
chr1	561590	561591	38	0.1763
chr1	561623	561624	39	0.0
chr1	561646	561647	45	0.0782
chr1	561696	561697	32	0.1386
chr1	561746	561747	38	0.0365
chr1	561764	561765	47	0.1619
chr1	561781	561782	35	0.0318
chr1	561831	561832	43	0.0751
chr1	561872	561873	45	0.0864
chr1	561922	561923	32	0.179
chr1	561926	561927	32	0.1129
chr1	562026	562027	34	0.2323
chr1	562098	562099	39	0.0
chr1	562180	562181	41	0.0
chr1	562280	562281	40	0.0124
chr1	562380	562381	43	0.0291
chr1	562456	562457	38	0.0347
chr1	562480	562481	31	0.1235
chr1	562487	562488	47	0.9317
chr1	562529	562530	46	0.8659
chr1	562544	562545	42	0.9674
chr1	562582	562583	39	1.0
chr1	562614	562615	40	0.844
chr1	562664	562665	43	0.9843
chr1	562680	562681	35	1.0
chr1	562730	562731	35	0.8344
chr1	562771	562772	42	1.0
chr1	562821	562822	35	0.884
chr1	562849	562850	37	1.0
chr1	562885	562886	37	0.9792
chr1	562916	562917	43	0.9258
chr1	562931	562932	40	0.9439
chr1	562954	562955	36	0.9239
chr1	562978	562979	52	0.8517
chr1	563005	563006	41	0.9427
chr1	563051	563052	33	0.9217
chr1	563062	563063	44	0.945
chr1	563162	563163	37	0.9124
chr1	563224	563225	38	0.8715
chr1	563324	563325	49	1.0
chr1	563424	563425	36	0.9256
chr1	563515	563516	49	1.0
chr1	563615	563616	46	0.9516
chr1	563667	563668	47	0.8107
chr1	563731	563732	33	0.8735
chr1	563889	563890	39	0.9304
chr1	563907	563908	38	0.7666
chr1	564029	564030	34	0.9308
chr1	564041	564042	38	0.9326
chr1	564055	564056	35	0.9413
chr1	564065	564066	41	0.8492
chr1	564071	564072	34	0.7721
chr1	564117	564118	44	0.8362
chr1	564167	564168	41	0.7019
chr1	564217	564218	38	0.7859
chr1	564243	564244	34	0.6565
chr1	564261	564262	37	0.8399
chr1	564288	564289	34	0.968
chr1	564321	564322	39	0.8923
chr1	564368	564369	39	0.8039
chr1	564388	564389	38	0.781
chr1	564438	564439	46	0.8645
chr1	564478	564479	40	0.7733
chr1	564524	564525	49	0.9128
chr1	564540	564541	37	0.78
chr1	564542	564543	40	0.7883
chr1	564605	564606	44	0.6862
chr1	564655	564656	38	0.8156
chr1	564755	564756	46	0.8478
chr1	564845	564846	37	0.7983
chr1	564945	564946	35	0.7468
chr1	565008	565009	39	0.8644
chr1	565036	565037	40	0.8614
chr1	565052	565053	44	0.8794
chr1	565122	565123	43	0.6847
chr1	565156	565157	39	0.9266
chr1	565196	565197	36	0.9785
chr1	565270	565271	42	0.9213
chr1	565334	565335	32	0.6355
chr1	565420	565421	37	0.6998
chr1	565445	565446	42	0.3467
chr1	565460	565461	33	0.3635
chr1	565510	565511	34	0.4569
chr1	565560	565561	35	0.2338
chr1	565610	565611	40	0.4556
chr1	565639	565640	33	0.2736
chr1	565673	565674	44	0.4002
chr1	565723	565724	41	0.3031
chr1	565746	565747	39	0.3294
chr1	565778	565779	40	0.2288
chr1	565805	565806	39	0.3401
chr1	565842	565843	32	0.3112
chr1	565871	565872	31	0.4462
chr1	565917	565918	36	0.2828
chr1	565955	565956	44	0.2866
chr1	566052	566053	47	0.3479
chr1	566149	566150	35	0.5011
chr1	566249	566250	34	0.5396
chr1	566299	566300	35	0.4769
chr1	566399	566400	44	0.078
chr1	566435	566436	37	0.277
chr1	566445	566446	40	0.8064
chr1	566495	566496	37	0.7961
chr1	566545	566546	42	0.5981
chr1	566590	566591	37	0.6802
chr1	566624	566625	31	0.6676
chr1	566654	566655	38	0.8999
chr1	566695	566696	36	0.7253
chr1	566729	566730	36	0.5926
chr1	566766	566767	38	0.8176
chr1	566790	566791	51	0.6886
chr1	566829	566830	43	0.6763
chr1	566873	566874	41	0.8928
chr1	566922	566923	44	0.6442
chr1	566943	566944	37	0.816
chr1	566949	566950	35	0.6518
chr1	567049	567050	32	0.8772
chr1	567149	567150	40	0.8312
chr1	567206	567207	39	0.813
chr1	567306	567307	38	0.7075
chr1	567406	567407	43	0.7385
chr1	567430	567431	30	0.9196
chr1	567470	567471	42	0.7924
chr1	567490	567491	31	0.5851
chr1	567578	567579	47	0.8574
chr1	567584	567585	32	0.7396
chr1	567726	567727	41	0.7582
chr1	567750	567751	37	0.8217
chr1	567800	567801	41	0.8389
chr1	567860	567861	39	0.9629
chr1	567908	567909	35	0.0973
chr1	567934	567935	44	0.3333
chr1	567984	567985	31	0.0509
chr1	568012	568013	38	0.0723
chr1	568037	568038	37	0.0393
chr1	568052	568053	42	0.0
chr1	568071	568072	44	0.297
chr1	568088	568089	45	0.1475
chr1	568138	568139	39	0.0983
chr1	568154	568155	41	0.134
chr1	568192	568193	42	0.1924
chr1	568207	568208	33	0.1543
chr1	568222	568223	42	0.1352
chr1	568257	568258	32	0.3157
chr1	568281	568282	46	0.1726
chr1	568304	568305	49	0.2782
chr1	568337	568338	40	0.131
chr1	568381	568382	37	0.2943
chr1	568400	568401	48	0.1917
chr1	568420	568421	39	0.1691
chr1	568447	568448	36	0.0492
chr1	568465	568466	37	0.2581
chr1	568519	568520	44	0.1292
chr1	568619	568620	40	0.3244
chr1	568696	568697	36	0.0852
chr1	568773	568774	35	0.043
chr1	568873	568874	44	0.1556
chr1	568923	568924	44	0.0855
chr1	568943	568944	33	0.1561
chr1	568948	568949	40	0.9209
chr1	568979	568980	43	1.0
chr1	569014	569015	46	0.9902
chr1	569037	569038	34	0.7811
chr1	569062	569063	45	0.8396
chr1	569082	569083	47	0.7946
chr1	569124	569125	41	0.9396
chr1	569147	569148	36	0.8446
chr1	569174	569175	33	0.7316
chr1	569199	569200	45	0.8299
chr1	569226	569227	41	0.8037
chr1	569246	569247	40	0.8041
chr1	569264	569265	44	0.8044
chr1	569293	569294	47	0.9173
chr1	569331	569332	38	0.6928
chr1	569344	569345	40	0.739
chr1	569394	569395	48	0.8271
chr1	569475	569476	42	0.7049
chr1	569531	569532	41	0.8881
chr1	569631	569632	43	0.6671
chr1	569681	569682	37	0.8642
chr1	569693	569694	46	0.7503
chr1	569817	569818	40	0.9088
chr1	569889	569890	46	0.8349
chr1	569917	569918	35	0.7521
chr1	569921	569922	40	0.8766
chr1	569941	569942	45	0.8386
chr1	569975	569976	36	0.7271
chr1	570155	570156	36	0.7787
chr1	570192	570193	43	0.634
chr1	570213	570214	39	0.6904
chr1	570258	570259	40	0.7825
chr1	570308	570309	42	0.5585
chr1	570342	570343	40	0.6125
chr1	570392	570393	47	0.587
chr1	570432	570433	37	0.6245
chr1	570453	570454	40	0.6526
chr1	570492	570493	37	0.6704
chr1	570527	570528	32	0.696
chr1	570559	570560	32	0.7647
chr1	570609	570610	43	0.6466
chr1	570624	570625	33	0.8617
chr1	570639	570640	40	0.7281
chr1	570671	570672	31	0.7482
chr1	570702	570703	42	0.4705
chr1	570802	570803	40	0.7502
chr1	570869	570870	39	0.7129
chr1	570923	570924	35	0.671
chr1	570975	570976	37	0.6268
chr1	571075	571076	29	0.6743
chr1	571175	571176	45	0.57
chr1	571215	571216	38	0.6941
chr1	571247	571248	45	1.0
chr1	571267	571268	44	0.8249
chr1	571309	571310	43	0.8804
chr1	571328	571329	42	0.6799
chr1	571373	571374	47	0.9397
chr1	571405	571406	43	0.9472
chr1	571439	571440	42	0.9361
chr1	571476	571477	39	0.8928
chr1	571505	571506	39	0.8759
chr1	571529	571530	36	0.9045
chr1	571562	571563	40	0.9478
chr1	571585	571586	48	0.8526
chr1	571600	571601	42	0.8889
chr1	571640	571641	50	0.962
chr1	571663	571664	41	0.8286
chr1	571692	571693	40	0.9341
chr1	571792	571793	39	0.9696
chr1	571892	571893	40	0.8825
chr1	571954	571955	44	0.8221
chr1	572054	572055	38	0.8657
chr1	572125	572126	37	0.7911
chr1	572203	572204	43	0.8546
chr1	572241	572242	35	0.0
chr1	572284	572285	47	0.0
chr1	572324	572325	42	0.1153
chr1	572342	572343	44	0.2185
chr1	572372	572373	41	0.1223
chr1	572417	572418	38	0.0226
chr1	572432	572433	32	0.0
chr1	572482	572483	41	0.0
chr1	572503	572504	40	0.0366
chr1	572518	572519	47	0.186
chr1	572537	572538	41	0.0917
chr1	572568	572569	51	0.1041
chr1	572592	572593	48	0.0999
chr1	572607	572608	46	0.0
chr1	572623	572624	38	0.0
chr1	572663	572664	48	0.1132
chr1	572713	572714	42	0.0539
chr1	572755	572756	41	0.1749
chr1	572795	572796	33	0.1149
chr1	572845	572846	38	0.133
chr1	572914	572915	39	0.19
chr1	572964	572965	38	0.1132
chr1	573016	573017	42	0.2017
chr1	573097	573098	33	0.0999
chr1	573197	573198	37	0.0043
chr1	573247	573248	41	0.289
chr1	573347	573348	49	0.0903
chr1	573361	573362	48	0.0366
chr1	573377	573378	45	0.0374
chr1	573402	573403	27	0.7546
chr1	573439	573440	35	0.479
chr1	573454	573455	34	1.0
chr1	573504	573505	39	0.5931
chr1	573553	573554	38	0.445
chr1	573577	573578	44	1.0
chr1	573613	573614	43	0.5423
chr1	573663	573664	42	1.0
chr1	573678	573679	43	0.9981
chr1	573724	573725	43	0.8347
chr1	573761	573762	33	0.4998
chr1	573811	573812	38	1.0
chr1	573824	573825	41	1.0
chr1	573924	573925	43	0.9725
chr1	573974	573975	35	0.9099
chr1	574028	574029	43	0.9593
chr1	574128	574129	42	0.42
chr1	574228	574229	45	1.0
chr1	574234	574235	40	1.0
chr1	574252	574253	40	0.7414
chr1	574264	574265	43	0.8491
chr1	574293	574294	39	0.8027
chr1	574341	574342	41	0.8983
chr1	574358	574359	29	0.7563
chr1	574381	574382	36	0.8729
chr1	574431	574432	35	0.9212
chr1	574451	574452	33	0.8443
chr1	574471	574472	35	0.9404
chr1	574516	574517	31	0.6493
chr1	574553	574554	47	0.9855
chr1	574568	574569	44	0.8981
chr1	574602	574603	34	0.8653
chr1	574633	574634	41	0.7137
chr1	574675	574676	40	0.7395
chr1	574710	574711	50	0.8694
chr1	574758	574759	29	0.8546
chr1	574778	574779	39	0.7724
chr1	574878	574879	38	0.885
chr1	574978	574979	40	0.7919
chr1	575078	575079	48	0.9531
chr1	575139	575140	34	0.9356
chr1	575239	575240	40	0.7852
chr1	575291	575292	39	0.9252
chr1	575313	575314	45	0.0506
chr1	575329	575330	42	0.134
chr1	575379	575380	40	0.0113
chr1	575394	575395	45	0.1948
chr1	575444	575445	38	0.0954
chr1	575464	575465	48	0.052
chr1	575484	575485	49	0.1613
chr1	575534	575535	33	0.1282
chr1	575565	575566	49	0.0399
chr1	575585	575586	32	0.1574
chr1	575635	575636	38	0.1646
chr1	575669	575670	43	0.0927
chr1	575684	575685	43	0.2341
chr1	575734	575735	44	0.1409
chr1	575761	575762	32	0.0
chr1	575817	575818	42	0.2103
chr1	575867	575868	40	0.0542
chr1	575967	575968	38	0.1966
chr1	576067	576068	37	0.2028
chr1	576167	576168	47	0.1635
chr1	576243	576244	43	0.1712
chr1	576281	576282	40	0.7289
chr1	576308	576309	44	0.7681
chr1	576358	576359	29	0.5853
chr1	576386	576387	24	0.521
chr1	576436	576437	41	0.7548
chr1	576486	576487	46	0.7743
chr1	576516	576517	43	0.6892
chr1	576546	576547	38	0.6668
chr1	576570	576571	35	0.5381
chr1	576613	576614	40	0.6748
chr1	576634	576635	42	0.7033
chr1	576659	576660	43	0.7551
chr1	576684	576685	42	0.5437
chr1	576713	576714	35	0.7245
chr1	576728	576729	36	0.5987
chr1	576778	576779	40	0.7219
chr1	576802	576803	35	0.8275
chr1	576820	576821	39	0.7163
chr1	576914	576915	38	0.8584
chr1	576964	576965	43	0.6025
chr1	577019	577020	40	0.674
chr1	577119	577120	38	0.7465
chr1	577205	577206	37	0.6883
chr1	577305	577306	47	0.6103
chr1	577323	577324	30	0.6538
chr1	577405	577406	33	0.7059
chr1	577443	577444	47	0.7846
chr1	577470	577471	41	0.6916
chr1	577500	577501	35	0.742
chr1	577515	577516	43	0.7701
chr1	577565	577566	44	0.7644
chr1	577585	577586	38	0.7162
chr1	577619	577620	38	0.703
chr1	577636	577637	46	0.6904
chr1	577661	577662	47	0.698
chr1	577690	577691	29	0.7414
chr1	577740	577741	49	0.6558
chr1	577768	577769	32	0.7109
chr1	577800	577801	34	0.626
chr1	577850	577851	41	0.7216
chr1	577891	577892	32	0.6833
chr1	577920	577921	37	0.7509
chr1	577938	577939	32	0.7402
chr1	577988	577989	34	0.6896
chr1	578057	578058	38	0.5929
chr1	578117	578118	41	0.6741
chr1	578167	578168	37	0.7315
chr1	578267	578268	39	0.5278
chr1	578321	578322	44	0.7223
chr1	578421	578422	35	0.7125
chr1	578471	578472	33	0.7722
chr1	578511	578512	35	0.7759
chr1	578517	578518	35	0.6984
chr1	578556	578557	33	0.6853
chr1	578575	578576	42	0.8406
chr1	578595	578596	44	0.7211
chr1	578644	578645	41	0.6921
chr1	578660	578661	50	0.7722
chr1	578695	578696	36	0.7781
chr1	578721	578722	38	0.8234
chr1	578747	578748	42	0.7734
chr1	578775	578776	49	0.7072
chr1	578825	578826	41	0.7694
chr1	578856	578857	44	0.8807
chr1	578883	578884	34	0.7391
chr1	578910	578911	54	0.7608
chr1	578944	578945	42	0.6472
chr1	579044	579045	40	0.6618
chr1	579142	579143	33	0.6563
chr1	579242	579243	44	0.9044
chr1	579342	579343	38	0.8478
chr1	579362	579363	48	0.6718
chr1	579500	579501	39	0.7911
chr1	579634	579635	41	0.802
chr1	579752	579753	41	0.7378
chr1	579820	579821	36	0.7699
chr1	579836	579837	46	0.8409
chr1	579841	579842	42	0.8057
chr1	579891	579892	40	1.0
chr1	579921	579922	33	1.0
chr1	579945	579946	40	0.7789
chr1	579976	579977	46	0.9276
chr1	580011	580012	44	0.8679
chr1	580054	580055	42	0.9141
chr1	580080	580081	34	0.9337
chr1	580102	580103	44	0.9585
chr1	580132	580133	34	0.9094
chr1	580166	580167	46	0.8394
chr1	580181	580182	38	0.9976
chr1	580211	580212	40	0.8861
chr1	580226	580227	42	0.9524
chr1	580256	580257	32	0.8799
chr1	580298	580299	37	0.9037
chr1	580333	580334	38	0.9516
chr1	580348	580349	42	1.0
chr1	580373	580374	49	0.8881
chr1	580401	580402	46	0.9893
chr1	580405	580406	43	0.9284
chr1	580483	580484	32	0.9519
chr1	580533	580534	46	0.9257
chr1	580618	580619	41	0.8106
chr1	580718	580719	28	0.8256
chr1	580779	580780	37	0.831
chr1	580859	580860	46	0.9588
chr1	580909	580910	46	0.8344
chr1	580968	580969	42	0.8463
chr1	581052	581053	39	0.919
chr1	581066	581067	45	0.9125
chr1	581118	581119	49	0.9449
chr1	581238	581239	41	0.9528
chr1	581258	581259	39	0.8316
chr1	581366	581367	40	0.895
chr1	581432	581433	38	0.8576
chr1	581450	581451	44	0.8054
chr1	581466	581467	42	0.9555
chr1	581475	581476	38	0.7323
chr1	581500	581501	47	0.7462
chr1	581534	581535	30	0.8284
chr1	581557	581558	31	0.6842
chr1	581589	581590	49	0.7816
chr1	581607	581608	39	0.647
chr1	581637	581638	43	0.6029
chr1	581652	581653	41	0.6857
chr1	581668	581669	34	0.7051
chr1	581685	581686	40	0.6273
chr1	581732	581733	42	0.6554
chr1	581782	581783	35	0.6307
chr1	581832	581833	39	0.7239
chr1	581847	581848	41	0.6014
chr1	581885	581886	33	0.7219
chr1	581922	581923	47	0.6739
chr1	581972	581973	37	0.7316
chr1	581998	581999	44	0.7125
chr1	582048	582049	32	0.8792
chr1	582053	582054	47	0.7038
chr1	582118	582119	41	0.679
chr1	582191	582192	41	0.5858
chr1	582241	582242	44	0.6968
chr1	582291	582292	37	0.8632
chr1	582381	582382	27	0.7678
chr1	582431	582432	50	0.7536
chr1	582521	582522	50	0.8043
chr1	582585	582586	40	0.6752
chr1	582611	582612	39	0.6413
chr1	582615	582616	45	0.7019
chr1	582671	582672	39	0.5828
chr1	582825	582826	37	0.7195
chr1	582911	582912	41	0.7991
chr1	583085	583086	41	0.7733
chr1	583092	583093	31	0.922
chr1	583108	583109	35	0.9562
chr1	583140	583141	40	0.8324
chr1	583155	583156	35	0.8457
chr1	583188	583189	43	0.8257
chr1	583208	583209	36	0.8649
chr1	583234	583235	44	0.8204
chr1	583262	583263	40	0.8676
chr1	583288	583289	35	0.8985
chr1	583316	583317	39	0.8936
chr1	583366	583367	48	0.9836
chr1	583390	583391	37	0.9129
chr1	583417	583418	33	0.8291
chr1	583438	583439	35	1.0
chr1	583476	583477	50	0.9156
chr1	583506	583507	50	1.0
chr1	583523	583524	41	1.0
chr1	583533	583534	47	0.975
chr1	583599	583600	36	0.9788
chr1	583682	583683	38	0.9502
chr1	583732	583733	40	0.7847
chr1	583811	583812	41	0.8394
chr1	583911	583912	41	0.9305
chr1	583929	583930	36	0.8611
chr1	583981	583982	43	0.8712
chr1	584033	584034	39	0.8932
chr1	584081	584082	43	0.9126
chr1	584121	584122	43	0.9372
chr1	584223	584224	37	0.9285
chr1	584239	584240	49	0.831
chr1	584263	584264	39	0.9698
chr1	584405	584406	43	0.8863
chr1	584412	584413	51	0.7984
chr1	584445	584446	43	0.6959
chr1	584462	584463	39	0.9025
chr1	584494	584495	38	0.6798
chr1	584529	584530	33	0.7479
chr1	584562	584563	35	0.7603
chr1	584606	584607	35	0.8103
chr1	584648	584649	48	0.7233
chr1	584685	584686	36	0.862
chr1	584725	584726	40	0.7828
chr1	584740	584741	38	0.9001
chr1	584760	584761	35	0.8607
chr1	584810	584811	42	0.7608
chr1	584856	584857	35	0.8502
chr1	584871	584872	43	0.8976
chr1	584896	584897	34	0.7679
chr1	584981	584982	40	0.6976
chr1	585081	585082	48	0.8196
chr1	585162	585163	42	0.8924
chr1	585228	585229	38	0.6726
chr1	585328	585329	33	0.7812
chr1	585396	585397	36	0.9728
chr1	585564	585565	47	0.83
chr1	585574	585575	42	0.7451
chr1	585632	585633	40	0.9344
chr1	585636	585637	40	0.854
chr1	585680	585681	34	0.8527
chr1	585752	585753	52	0.723
chr1	585796	585797	42	0.237
chr1	585843	585844	53	0.0823
chr1	585861	585862	30	0.0337
chr1	585894	585895	48	0.1324
chr1	585944	585945	43	0.0758
chr1	585959	585960	39	0.2447
chr1	586005	586006	44	0.213
chr1	586040	586041	42	0.3069
chr1	586090	586091	37	0.1663
chr1	586110	586111	31	0.1618
chr1	586130	586131	45	0.0188
chr1	586145	586146	35	0.0503
chr1	586175	586176	42	0.2157
chr1	586190	586191	40	0.0867
chr1	586232	586233	41	0.1262
chr1	586260	586261	35	0.0805
chr1	586282	586283	45	0.1207
chr1	586305	586306	37	0.2186
chr1	586320	586321	39	0.2025
chr1	586341	586342	40	0.0481
chr1	586350	586351	37	0.1294
chr1	586442	586443	40	0.2336
chr1	586542	586543	41	0.0752
chr1	586594	586595	43	0.1415
chr1	586694	586695	48	0.26
chr1	586794	586795	34	0.1255
chr1	586894	586895	46	0.0554
chr1	586976	586977	46	0.042
chr1	587017	587018	39	0.9382
chr1	587032	587033	41	0.9713
chr1	587051	587052	36	0.8396
chr1	587101	587102	49	0.9109
chr1	587125	587126	48	0.9677
chr1	587166	587167	38	1.0
chr1	587195	587196	42	0.9587
chr1	587245	587246	38	0.925
chr1	587276	587277	42	0.9543
chr1	587291	587292	43	0.8849
chr1	587316	587317	34	0.9095
chr1	587344	587345	38	0.9218
chr1	587375	587376	45	0.9593
chr1	587390	587391	34	0.8303
chr1	587421	587422	34	0.9332
chr1	587442	587443	35	0.8992
chr1	587478	587479	39	0.9291
chr1	587520	587521	35	0.737
chr1	587570	587571	34	0.9735
chr1	587579	587580	37	0.9072
chr1	587649	587650	40	0.9142
chr1	587749	587750	49	0.7087
chr1	587799	587800	37	1.0
chr1	587899	587900	37	1.0
chr1	587999	588000	45	0.8901
chr1	588059	588060	37	0.8781
chr1	588127	588128	38	0.8156
chr1	588203	588204	45	0.834
chr1	588213	588214	39	0.8424
chr1	588219	588220	38	0.8534
chr1	588269	588270	39	0.73
chr1	588319	588320	38	0.7408
chr1	588368	588369	30	0.8497
chr1	588407	588408	41	0.8226
chr1	588457	588458	34	0.8976
chr1	588482	588483	40	0.823
chr1	588520	588521	38	0.7876
chr1	588559	588560	38	0.8221
chr1	588579	588580	41	0.802
chr1	588599	588600	40	0.7631
chr1	588633	588634	43	0.6311
chr1	588659	588660	45	0.8546
chr1	588679	588680	38	0.7708
chr1	588708	588709	45	0.8387
chr1	588808	588809	32	0.6628
chr1	588908	588909	39	0.9036
chr1	588970	588971	32	0.6679
chr1	589020	589021	35	0.6132
chr1	589120	589121	44	0.756
chr1	589158	589159	36	0.9277
chr1	589166	589167	40	0.7351
chr1	589184	589185	44	0.8021
chr1	589266	589267	35	0.7954
chr1	589496	589497	37	0.7329
chr1	589584	589585	44	0.8125
chr1	589630	589631	33	0.8902
chr1	589652	589653	33	0.8852
chr1	589687	589688	33	0.9197
chr1	589725	589726	46	0.8261
chr1	589748	589749	31	0.9604
chr1	589763	589764	47	0.7459
chr1	589813	589814	37	0.72
chr1	589839	589840	46	0.8526
chr1	589872	589873	41	0.78
chr1	589894	589895	46	0.8335
chr1	589928	589929	43	0.8688
chr1	589952	589953	40	0.7351
chr1	589974	589975	50	1.0
chr1	590015	590016	37	0.9481
chr1	590044	590045	22	0.9257
chr1	590116	590117	43	0.7556
chr1	590183	590184	37	0.9398
chr1	590269	590270	41	0.7858
chr1	590319	590320	32	0.8032
chr1	590419	590420	44	0.6931
chr1	590461	590462	48	0.7123
chr1	590501	590502	34	0.6946
chr1	590509	590510	40	0.7499
chr1	590543	590544	46	0.6714
chr1	590562	590563	48	0.7298
chr1	590592	590593	32	0.5787
chr1	590620	590621	33	0.6437
chr1	590640	590641	43	0.4784
chr1	590676	590677	47	0.6799
chr1	590722	590723	41	0.4378
chr1	590740	590741	41	0.7287
chr1	590756	590757	53	0.6468
chr1	590779	590780	32	0.4658
chr1	590797	590798	30	0.6579
chr1	590827	590828	46	0.5531
chr1	590843	590844	40	0.5347
chr1	590872	590873	38	0.5957
chr1	590901	590902	37	0.5561
chr1	590941	590942	54	0.4115
chr1	590959	590960	33	0.6903
chr1	591009	591010	45	0.6801
chr1	591050	591051	44	0.6306
chr1	591065	591066	51	0.7327
chr1	591097	591098	41	0.6486
chr1	591197	591198	30	0.7241
chr1	591247	591248	35	0.6913
chr1	591347	591348	35	0.5252
chr1	591407	591408	33	0.6933
chr1	591507	591508	47	0.7179
chr1	591607	591608	39	0.6228
chr1	591679	591680	39	0.6055
chr1	591699	591700	42	0.6142
chr1	591733	591734	44	0.7435
chr1	591765	591766	41	0.6485
chr1	591799	591800	35	0.6749
chr1	591833	591834	43	0.5459
chr1	591907	591908	34	0.6532
chr1	591951	591952	44	0.7526
chr1	591983	591984	35	0.5062
chr1	591989	591990	39	0.7085
chr1	592113	592114	36	0.7548
chr1	592141	592142	40	0.9775
chr1	592191	592192	34	0.7618
chr1	592241	592242	30	0.7207
chr1	592258	592259	28	0.8096
chr1	592298	592299	42	0.9079
chr1	592320	592321	34	0.8212
chr1	592352	592353	37	0.7821
chr1	592376	592377	37	0.9529
chr1	592418	592419	39	0.8595
chr1	592449	592450	33	0.8758
chr1	592471	592472	41	0.8373
chr1	592490	592491	44	0.6355
chr1	592520	592521	41	0.7372
chr1	592547	592548	29	0.6981
chr1	592584	592585	37	0.7609
chr1	592599	592600	43	0.8011
chr1	592680	592681	37	0.7467
chr1	592780	592781	33	0.7999
chr1	592880	592881	37	0.8888
chr1	592930	592931	41	0.8361
chr1	593030	593031	32	0.9361
chr1	593106	593107	40	0.7893
chr1	593130	593131	37	0.7769
chr1	593154	593155	46	0.8875
chr1	593173	593174	32	1.0
chr1	593188	593189	42	0.7084
chr1	593237	593238	42	0.9183
chr1	593257	593258	35	0.6732
chr1	593286	593287	36	0.9529
chr1	593303	593304	42	0.9289
chr1	593336	593337	41	0.803
chr1	593372	593373	40	0.8805
chr1	593390	593391	35	0.8817
chr1	593405	593406	39	0.673
chr1	593422	593423	39	0.9175
chr1	593445	593446	37	0.7984
chr1	593478	593479	37	0.9294
chr1	593508	593509	47	0.9373
chr1	593528	593529	38	0.8086
chr1	593561	593562	36	0.8151
chr1	593600	593601	50	0.8138
chr1	593613	593614	33	0.8639
chr1	593710	593711	46	0.6873
chr1	593768	593769	39	0.8909
chr1	593833	593834	39	0.8387
chr1	593900	593901	42	0.7667
chr1	594000	594001	46	0.8827
chr1	594026	594027	30	0.7294
chr1	594082	594083	41	0.8048
chr1	594091	594092	37	0.0879
chr1	594141	594142	37	0.182
chr1	594189	594190	41	0.0571
chr1	594209	594210	34	0.0731
chr1	594238	594239	42	0.1885
chr1	594256	594257	39	0.0674
chr1	594271	594272	38	0.086
chr1	594294	594295	41	0.1101
chr1	594311	594312	41	0.0
chr1	594338	594339	44	0.0
chr1	594378	594379	48	0.2319
chr1	594399	594400	36	0.2026
chr1	594428	594429	41	0.1456
chr1	594458	594459	38	0.1893
chr1	594478	594479	31	0.0215
chr1	594502	594503	39	0.1972
chr1	594511	594512	41	0.2312
chr1	594561	594562	31	0.1045
chr1	594661	594662	41	0.072
chr1	594756	594757	36	0.0293
chr1	594854	594855	37	0.0408
chr1	594932	594933	40	0.3323
chr1	594984	594985	35	0.0842
chr1	595048	595049	36	0.203
chr1	595106	595107	42	0.1536
chr1	595252	595253	45	0.0885
chr1	595258	595259	38	0.1821
chr1	595264	595265	40	0.1603
chr1	595354	595355	35	0.2291
chr1	595366	595367	50	0.9324
chr1	595396	595397	43	0.955
chr1	595413	595414	47	0.7917
chr1	595463	595464	38	1.0
chr1	595513	595514	35	0.951
chr1	595548	595549	32	0.9434
chr1	595567	595568	40	0.7985
chr1	595588	595589	42	1.0
chr1	595618	595619	39	1.0
chr1	595652	595653	34	0.9846
chr1	595688	595689	45	0.9315
chr1	595703	595704	35	0.8539
chr1	595725	595726	37	0.8238
chr1	595754	595755	42	0.9867
chr1	595783	595784	42	0.858
chr1	595833	595834	47	0.9639
chr1	595848	595849	41	0.9464
chr1	595869	595870	39	0.9797
chr1	595907	595908	44	0.9065
chr1	595957	595958	40	0.9346
chr1	596048	596049	43	0.9995
chr1	596148	596149	39	0.9748
chr1	596248	596249	37	0.9028
chr1	596298	596299	39	1.0
chr1	596398	596399	37	0.9465
chr1	596456	596457	35	0.8307
chr1	596470	596471	41	0.8346
chr1	596475	596476	54	0.848
chr1	596490	596491	38	0.8193
chr1	596505	596506	53	0.7774
chr1	596554	596555	39	0.9734
chr1	596597	596598	32	0.7929
chr1	596624	596625	34	0.8169
chr1	596643	596644	41	0.8591
chr1	596663	596664	33	0.8641
chr1	596713	596714	32	0.871
chr1	596728	596729	37	0.7623
chr1	596755	596756	35	0.8839
chr1	596770	596771	44	0.9508
chr1	596785	596786	42	0.7394
chr1	596835	596836	45	1.0
chr1	596858	596859	38	0.8435
chr1	596873	596874	38	0.7684
chr1	596893	596894	37	0.8888
chr1	596909	596910	39	0.7987
chr1	596936	596937	41	0.9148
chr1	596977	596978	38	0.858
chr1	597077	597078	35	0.9117
chr1	597138	597139	38	0.7757
chr1	597188	597189	42	0.6737
chr1	597243	597244	35	0.766
chr1	597343	597344	36	0.7993
chr1	597443	597444	42	0.6334
chr1	597471	597472	37	0.8549
chr1	597487	597488	42	0.6447
chr1	597649	597650	45	0.9315
chr1	597735	597736	39	0.869
chr1	597739	597740	42	0.8533
chr1	597773	597774	48	0.814
chr1	597779	597780	32	0.6517
chr1	597805	597806	47	0.9281
chr1	597830	597831	44	0.7333
chr1	597850	597851	46	0.6399
chr1	597870	597871	33	0.7357
chr1	597910	597911	46	0.6248
chr1	597933	597934	30	0.8793
chr1	597961	597962	43	0.8603
chr1	597980	597981	44	0.6469
chr1	598007	598008	53	0.6194
chr1	598055	598056	37	0.778
chr1	598105	598106	41	0.7502
chr1	598136	598137	47	0.8136
chr1	598186	598187	39	0.883
chr1	598219	598220	36	0.7631
chr1	598257	598258	41	0.7872
chr1	598290	598291	37	0.8724
chr1	598311	598312	37	0.829
chr1	598331	598332	44	0.8598
chr1	598376	598377	38	0.813
chr1	598476	598477	36	0.7158
chr1	598576	598577	42	0.8373
chr1	598643	598644	47	0.6487
chr1	598693	598694	33	0.917
chr1	598780	598781	55	0.6597
chr1	598880	598881	25	0.6491
chr1	598930	598931	42	0.7501
chr1	598958	598959	40	0.7206
chr1	599064	599065	46	0.819
chr1	599088	599089	42	0.8798
chr1	599142	599143	46	0.9174
chr1	599236	599237	42	0.8692
chr1	599276	599277	34	0.6823
chr1	599344	599345	42	0.6966
chr1	599356	599357	35	0.5651
chr1	599364	599365	41	0.7496
chr1	599370	599371	31	0.911
chr1	599398	599399	44	0.9144
chr1	599448	599449	44	0.8449
chr1	599477	599478	37	0.9953
chr1	599497	599498	39	0.7996
chr1	599547	599548	42	0.9137
chr1	599597	599598	43	1.0
chr1	599628	599629	48	0.954
chr1	599678	599679	46	0.7865
chr1	599702	599703	35	0.8948
chr1	599717	599718	36	0.9945
chr1	599747	599748	40	0.9171
chr1	599785	599786	40	0.7378
chr1	599798	599799	43	0.7396
chr1	599898	599899	43	0.9725
chr1	599998	599999	32	0.865
chr1	600048	600049	38	0.9595
chr1	600148	600149	31	0.9446
chr1	600212	600213	39	0.6938
chr1	600240	600241	38	0.6792
chr1	600294	600295	46	0.7907
chr1	600444	600445	34	0.9818
chr1	600480	600481	37	0.9521
chr1	600504	600505	29	0.8422
chr1	600522	600523	42	0.9933
chr1	600571	600572	42	0.824
chr1	600594	600595	33	0.9442
chr1	600610	600611	28	1.0
chr1	600628	600629	35	0.9039
chr1	600644	600645	45	0.8002
chr1	600694	600695	35	0.9248
chr1	600716	600717	45	0.805
chr1	600744	600745	41	0.9354
chr1	600794	600795	34	1.0
chr1	600844	600845	34	0.9287
chr1	600872	600873	34	0.9724
chr1	600922	600923	38	0.8641
chr1	600945	600946	40	0.9785
chr1	600960	600961	46	0.9918
chr1	601010	601011	37	0.8469
chr1	601040	601041	43	0.9907
chr1	601140	601141	42	0.8235
chr1	601190	601191	37	1.0
chr1	601290	601291	35	0.8549
chr1	601390	601391	44	0.8981
chr1	601440	601441	42	0.7899
chr1	601540	601541	51	0.8693
chr1	601566	601567	44	0.8769
chr1	601596	601597	47	0.9053
chr1	601628	601629	39	0.8357
chr1	601670	601671	39	0.6642
chr1	601720	601721	45	0.8279
chr1	601758	601759	37	0.6566
chr1	601789	601790	37	0.7899
chr1	601820	601821	40	0.7284
chr1	601850	601851	48	0.8146
chr1	601898	601899	38	0.7912
chr1	601918	601919	35	0.6197
chr1	601946	601947	46	0.6345
chr1	601965	601966	41	0.8318
chr1	602010	602011	42	0.8401
chr1	602029	602030	42	0.6681
chr1	602066	602067	47	0.7246
chr1	602087	602088	45	0.8013
chr1	602137	602138	36	0.6597
chr1	602175	602176	35	0.7532
chr1	602275	602276	44	0.7706
chr1	602375	602376	27	0.671
chr1	602429	602430	35	0.627
chr1	602529	602530	36	0.7363
chr1	602585	602586	43	0.8374
chr1	602676	602677	33	0.6909
chr1	602748	602749	39	0.7744
chr1	602783	602784	34	0.8214
chr1	602809	602810	39	0.7973
chr1	602858	602859	41	0.699
chr1	602908	602909	37	0.8898
chr1	602956	602957	52	0.9672
chr1	602971	602972	40	0.8957
chr1	602986	602987	31	0.8446
chr1	603022	603023	38	0.8269
chr1	603072	603073	46	0.9731
chr1	603089	603090	41	0.9307
chr1	603113	603114	32	1.0
chr1	603138	603139	38	0.8657
chr1	603177	603178	36	0.9106
chr1	603200	603201	35	0.9725
chr1	603212	603213	40	0.8308
chr1	603302	603303	44	0.9129
chr1	603402	603403	34	0.8653
chr1	603502	603503	26	0.9542
chr1	603602	603603	44	0.9061
chr1	603648	603649	41	0.9174
chr1	603670	603671	38	0.9498
chr1	603690	603691	40	0.8632
chr1	603707	603708	39	0.7325
chr1	603726	603727	37	0.7704
chr1	603746	603747	36	0.8518
chr1	603778	603779	37	0.7975
chr1	603811	603812	41	0.708
chr1	603841	603842	33	0.6272
chr1	603867	603868	42	0.7874
chr1	603898	603899	45	0.8491
chr1	603926	603927	28	0.8312
chr1	603959	603960	39	0.8044
chr1	603989	603990	46	0.7147
chr1	604039	604040	38	0.7715
chr1	604065	604066	36	0.739
chr1	604086	604087	39	0.906
chr1	604116	604117	35	0.8188
chr1	604166	604167	38	1.0
chr1	604189	604190	44	0.9672
chr1	604211	604212	33	0.8656
chr1	604230	604231	36	0.8599
chr1	604244	604245	41	0.6911
chr1	604344	604345	40	0.7458
chr1	604444	604445	35	0.8397
chr1	604494	604495	39	0.8267
chr1	604554	604555	38	0.9851
chr1	604636	604637	50	0.6894
chr1	604736	604737	40	0.8177
chr1	604744	604745	41	0.6105
chr1	604814	604815	39	0.6909
chr1	604850	604851	33	0.8012
chr1	604882	604883	42	0.8154
chr1	604915	604916	41	0.7539
chr1	604965	604966	38	0.7605
chr1	605010	605011	40	0.8818
chr1	605027	605028	31	0.7986
chr1	605043	605044	43	0.841
chr1	605093	605094	31	0.7808
chr1	605126	605127	38	0.8515
chr1	605153	605154	39	0.8499
chr1	605190	605191	33	0.7224
chr1	605228	605229	42	0.8406
chr1	605259	605260	45	0.7103
chr1	605293	605294	39	0.916
chr1	605335	605336	31	0.7891
chr1	605345	605346	34	0.8759
chr1	605426	605427	35	0.7355
chr1	605476	605477	44	0.6731
chr1	605576	605577	45	0.9147
chr1	605676	605677	34	0.7438
chr1	605731	605732	37	0.7815
chr1	605781	605782	37	0.7007
chr1	605795	605796	42	0.8922
chr1	605851	605852	27	0.7167
chr1	605860	605861	48	0.9295
chr1	605886	605887	39	0.9004
chr1	605913	605914	42	0.8402
chr1	605945	605946	40	0.6948
chr1	605986	605987	36	0.6999
chr1	606001	606002	40	0.903
chr1	606016	606017	34	0.7696
chr1	606037	606038	39	0.8824
chr1	606073	606074	41	0.7785
chr1	606103	606104	47	0.8395
chr1	606136	606137	38	0.9381
chr1	606186	606187	41	0.9077
chr1	606202	606203	36	0.8447
chr1	606223	606224	44	0.8306
chr1	606238	606239	37	0.9383
chr1	606288	606289	44	0.8012
chr1	606328	606329	38	0.9228
chr1	606378	606379	32	0.7267
chr1	606397	606398	39	0.8199
chr1	606497	606498	42	0.7773
chr1	606568	606569	44	0.7789
chr1	606668	606669	32	0.7424
chr1	606762	606763	39	0.737
chr1	606862	606863	38	0.8492
chr1	606950	606951	33	0.7455
chr1	607090	607091	35	0.8459
chr1	607164	607165	43	0.8833
chr1	607188	607189	36	0.8085
chr1	607200	607201	41	0.8939
chr1	607268	607269	41	0.9389
chr1	607344	607345	46	0.9126
chr1	607350	607351	40	0.7759
chr1	607358	607359	45	0.5872
chr1	607375	607376	44	0.7166
chr1	607404	607405	41	0.7285
chr1	607437	607438	44	0.623
chr1	607461	607462	47	0.6564
chr1	607508	607509	36	0.7527
chr1	607525	607526	46	0.8295
chr1	607549	607550	41	0.7595
chr1	607566	607567	44	0.7288
chr1	607602	607603	39	0.7252
chr1	607617	607618	46	0.79
chr1	607634	607635	43	0.7556
chr1	607677	607678	39	0.7391
chr1	607718	607719	30	0.6389
chr1	607746	607747	33	0.7454
chr1	607769	607770	41	0.4978
chr1	607803	607804	46	0.7114
chr1	607818	607819	41	0.8221
chr1	607844	607845	36	0.6028
chr1	607864	607865	40	0.5745
chr1	607899	607900	34	0.7191
chr1	607915	607916	38	0.7923
chr1	608011	608012	39	0.7149
chr1	608111	608112	30	0.5645
chr1	608200	608201	47	0.7997
chr1	608300	608301	39	0.5794
chr1	608382	608383	49	0.7293
chr1	608518	608519	47	0.6921
chr1	608700	608701	40	0.7353
chr1	608736	608737	36	0.6162
chr1	608822	608823	31	0.6545
chr1	608880	608881	43	0.7226
chr1	608919	608920	41	0.4313
chr1	608950	608951	46	0.4349
chr1	608986	608987	42	0.4056
chr1	609020	609021	43	0.4466
chr1	609039	609040	36	0.3093
chr1	609087	609088	36	0.3238
chr1	609133	609134	39	0.1876
chr1	609151	609152	50	0.248
chr1	609176	609177	41	0.3894
chr1	609226	609227	43	0.3512
chr1	609260	609261	46	0.3692
chr1	609278	609279	33	0.5242
chr1	609313	609314	41	0.291
chr1	609329	609330	31	0.2824
chr1	609378	609379	53	0.3678
chr1	609424	609425	39	0.3943
chr1	609451	609452	30	0.2497
chr1	609483	609484	35	0.3381
chr1	609495	609496	38	0.4034
chr1	609545	609546	40	0.4052
chr1	609645	609646	38	0.4898
chr1	609745	609746	39	0.5042
chr1	609845	609846	41	0.5188
chr1	609926	609927	36	0.5012
chr1	609986	609987	38	0.4475
chr1	610080	610081	35	0.4022
chr1	610130	610131	36	0.9855
chr1	610180	610181	36	1.0
chr1	610212	610213	39	0.8158
chr1	610241	610242	39	0.9883
chr1	610276	610277	31	0.9326
chr1	610313	610314	35	0.9976
chr1	610328	610329	40	0.9568
chr1	610377	610378	41	0.8261
chr1	610399	610400	55	0.85
chr1	610416	610417	41	1.0
chr1	610439	610440	40	0.8908
chr1	610460	610461	36	0.9543
chr1	610489	610490	40	0.9486
chr1	610515	610516	43	1.0
chr1	610558	610559	38	0.8857
chr1	610608	610609	36	0.9504
chr1	610623	610624	33	1.0
chr1	610647	610648	42	0.7803
chr1	610685	610686	29	0.7875
chr1	610715	610716	38	0.7905
chr1	610746	610747	30	0.9394
chr1	610792	610793	44	0.8769
chr1	610892	610893	34	0.7802
chr1	610944	610945	43	0.7861
chr1	611044	611045	37	0.8962
chr1	611122	611123	33	0.857
chr1	611222	611223	45	0.8787
chr1	611272	611273	30	0.9275
chr1	611372	611373	34	0.7926
chr1	611378	611379	39	0.9217
chr1	611414	611415	40	0.7828
chr1	611429	611430	45	0.9404
chr1	611479	611480	50	0.7786
chr1	611518	611519	42	0.8445
chr1	611555	611556	40	0.8998
chr1	611600	611601	42	0.8402
chr1	611627	611628	49	0.9471
chr1	611642	611643	43	0.9041
chr1	611663	611664	42	1.0
chr1	611688	611689	42	0.6827
chr1	611716	611717	33	0.7371
chr1	611748	611749	32	0.972
chr1	611779	611780	35	0.8943
chr1	611816	611817	35	0.7982
chr1	611862	611863	44	0.8052
chr1	611900	611901	33	0.976
chr1	611911	611912	41	1.0
chr1	612011	612012	42	1.0
chr1	612111	612112	48	0.9552
chr1	612211	612212	37	0.8735
chr1	612295	612296	35	0.7633
chr1	612395	612396	44	0.8728
chr1	612447	612448	41	0.8991
chr1	612481	612482	38	0.8023
chr1	612531	612532	42	0.5509
chr1	612564	612565	37	0.5054
chr1	612606	612607	36	0.6496
chr1	612622	612623	37	0.595
chr1	612672	612673	42	0.814
chr1	612709	612710	36	0.799
chr1	612726	612727	37	0.8025
chr1	612765	612766	31	0.7722
chr1	612807	612808	47	0.6893
chr1	612835	612836	32	0.6139
chr1	612873	612874	39	0.6371
chr1	612923	612924	39	0.7555
chr1	612958	612959	48	0.7218
chr1	613008	613009	38	0.831
chr1	613031	613032	40	0.7298
chr1	613033	613034	38	0.6689
chr1	613133	613134	42	0.6826
chr1	613211	613212	45	0.7547
chr1	613311	613312	39	0.6285
chr1	613411	613412	41	0.8026
chr1	613511	613512	38	0.6689
chr1	613591	613592	39	0.6676
chr1	613599	613600	34	0.3161
chr1	613622	613623	48	0.286
chr1	613658	613659	37	0.1646
chr1	613695	613696	45	0.2485
chr1	613726	613727	38	0.2583
chr1	613744	613745	30	0.3364
chr1	613770	613771	35	0.1303
chr1	613806	613807	41	0.278
chr1	613856	613857	39	0.1461
chr1	613893	613894	34	0.2861
chr1	613924	613925	42	0.0865
chr1	613949	613950	32	0.3242
chr1	613968	613969	35	0.1887
chr1	614009	614010	32	0.2523
chr1	614030	614031	48	0.2957
chr1	614053	614054	37	0.3348
chr1	614103	614104	40	0.1675
chr1	614113	614114	26	0.1579
chr1	614205	614206	48	0.2783
chr1	614305	614306	42	0.2147
chr1	614405	614406	49	0.2383
chr1	614469	614470	30	0.3216
chr1	614564	614565	40	0.0449
chr1	614654	614655	28	0.1448
chr1	614668	614669	48	0.32
chr1	614724	614725	46	0.4075
chr1	614836	614837	34	0.1433
chr1	614844	614845	44	0.2923
chr1	615000	615001	38	0.1425
chr1	615027	615028	34	0.8156
chr1	615043	615044	32	0.9288
chr1	615063	615064	41	0.9224
chr1	615113	615114	36	0.958
chr1	615128	615129	33	0.8153
chr1	615151	615152	34	0.7816
chr1	615166	615167	38	0.8548
chr1	615185	615186	47	0.6981
chr1	615209	615210	36	0.8454
chr1	615235	615236	38	0.8539
chr1	615251	615252	30	0.754
chr1	615277	615278	32	0.8234
chr1	615327	615328	37	0.8589
chr1	615360	615361	36	0.9819
chr1	615400	615401	34	0.6709
chr1	615449	615450	36	0.7248
chr1	615473	615474	50	0.7205
chr1	615514	615515	35	0.7642
chr1	615529	615530	41	0.7934
chr1	615572	615573	38	0.8049
chr1	615585	615586	30	0.7917
chr1	615685	615686	36	0.8079
chr1	615766	615767	38	0.8847
chr1	615826	615827	45	0.7978
chr1	615913	615914	37	0.9253
chr1	616013	616014	41	0.764
chr1	616113	616114	40	0.863
chr1	616151	616152	45	0.8193
chr1	616176	616177	39	0.89
chr1	616220	616221	34	0.8626
chr1	616241	616242	41	0.8387
chr1	616256	616257	31	0.7856
chr1	616306	616307	45	0.8488
chr1	616337	616338	42	0.8027
chr1	616387	616388	36	0.844
chr1	616437	616438	44	0.8547
chr1	616483	616484	34	0.7534
chr1	616509	616510	39	0.6735
chr1	616524	616525	41	0.7867
chr1	616574	616575	40	0.802
chr1	616602	616603	29	0.8528
chr1	616627	616628	41	0.7642
chr1	616727	616728	45	0.5123
chr1	616813	616814	43	0.8398
chr1	616913	616914	43	0.8595
chr1	617013	617014	44	0.8027
chr1	617033	617034	37	0.8388
chr1	617043	617044	39	0.6584
chr1	617054	617055	37	0.469
chr1	617069	617070	40	1.0
chr1	617096	617097	36	0.463
chr1	617111	617112	45	0.373
chr1	617142	617143	47	0.6236
chr1	617171	617172	52	0.5589
chr1	617201	617202	42	0.509
chr1	617219	617220	36	0.7617
chr1	617269	617270	39	0.6231
chr1	617308	617309	35	0.9661
chr1	617323	617324	49	1.0
chr1	617352	617353	44	1.0
chr1	617390	617391	38	0.8309
chr1	617424	617425	33	0.7931
chr1	617442	617443	39	0.8268
chr1	617459	617460	47	1.0
chr1	617474	617475	35	0.7283
chr1	617493	617494	40	1.0
chr1	617543	617544	49	1.0
chr1	617573	617574	39	0.383
chr1	617673	617674	39	0.5419
chr1	617727	617728	44	0.8904
chr1	617827	617828	32	1.0
chr1	617877	617878	36	0.72
chr1	617977	617978	34	0.797
chr1	618077	618078	40	0.531
chr1	618159	618160	41	0.4487
chr1	618173	618174	41	0.9457
chr1	618214	618215	31	0.4638
chr1	618252	618253	43	0.777
chr1	618276	618277	48	0.5656
chr1	618310	618311	29	0.5946
chr1	618346	618347	41	0.3987
chr1	618371	618372	38	0.6327
chr1	618386	618387	47	0.6046
chr1	618419	618420	44	0.4665
chr1	618443	618444	32	0.4195
chr1	618472	618473	46	0.6603
chr1	618503	618504	42	0.5482
chr1	618529	618530	45	0.693
chr1	618575	618576	34	0.6204
chr1	618590	618591	37	0.6437
chr1	618610	618611	38	0.6309
chr1	618614	618615	34	0.5009
chr1	618714	618715	46	0.3659
chr1	618814	618815	45	0.6061
chr1	618910	618911	39	0.6545
chr1	619010	619011	36	0.6473
chr1	619044	619045	45	0.6547
chr1	619096	619097	42	0.6119
chr1	619141	619142	41	0.7373
chr1	619181	619182	38	0.9217
chr1	619202	619203	49	0.7961
chr1	619217	619218	37	0.5888
chr1	619254	619255	43	0.7784
chr1	619304	619305	46	0.725
chr1	619354	619355	45	0.754
chr1	619386	619387	40	0.9252
chr1	619404	619405	38	0.7264
chr1	619435	619436	37	0.7711
chr1	619456	619457	40	0.8213
chr1	619478	619479	42	0.7314
chr1	619498	619499	39	0.8842
chr1	619518	619519	41	0.8639
chr1	619543	619544	46	0.7135
chr1	619571	619572	33	0.7722
chr1	619599	619600	42	0.872
chr1	619643	619644	43	0.876
chr1	619654	619655	41	0.8243
chr1	619754	619755	39	0.8798
chr1	619854	619855	42	0.766
chr1	619954	619955	34	0.825
chr1	620050	620051	42	0.9661
chr1	620100	620101	34	0.8377
chr1	620122	620123	39	0.8444
chr1	620170	620171	30	0.7382
chr1	620185	620186	41	0.8579
chr1	620235	620236	32	0.7518
chr1	620273	620274	46	0.7811
chr1	620323	620324	43	0.8248
chr1	620358	620359	38	0.8827
chr1	620387	620388	38	0.8056
chr1	620434	620435	43	0.705
chr1	620458	620459	37	0.7836
chr1	620500	620501	40	0.8797
chr1	620518	620519	42	0.8781
chr1	620538	620539	40	0.8066
chr1	620574	620575	43	0.8034
chr1	620604	620605	39	0.6211
chr1	620612	620613	31	0.7564
chr1	620712	620713	41	0.9716
chr1	620812	620813	40	0.7249
chr1	620874	620875	43	0.6975
chr1	620924	620925	43	0.9106
chr1	621024	621025	34	0.6637
chr1	621026	621027	33	0.6447
chr1	621086	621087	46	0.879
chr1	621130	621131	41	0.7568
chr1	621180	621181	33	0.724
chr1	621197	621198	33	0.76
chr1	621219	621220	40	0.7273
chr1	621249	621250	33	0.8303
chr1	621266	621267	33	0.7214
chr1	621289	621290	34	0.8343
chr1	621339	621340	33	0.6711
chr1	621362	621363	36	0.8343
chr1	621385	621386	50	0.5669
chr1	621435	621436	41	0.75
chr1	621455	621456	41	0.8519
chr1	621499	621500	37	0.6668
chr1	621542	621543	43	0.804
chr1	621561	621562	38	0.7715
chr1	621576	621577	34	0.5534
chr1	621593	621594	41	0.8106
chr1	621597	621598	43	0.6952
chr1	621697	621698	45	0.76
chr1	621758	621759	42	0.6233
chr1	621813	621814	35	0.6663
chr1	621913	621914	35	0.6564
chr1	622013	622014	48	0.8565
chr1	622049	622050	38	0.6579
chr1	622113	622114	48	0.6872
chr1	622158	622159	30	0.8269
chr1	622208	622209	38	0.8713
chr1	622228	622229	42	0.8547
chr1	622244	622245	37	0.7958
chr1	622259	622260	35	0.8166
chr1	622289	622290	43	0.8867
chr1	622333	622334	54	0.7651
chr1	622372	622373	46	0.8693
chr1	622391	622392	36	0.755
chr1	622406	622407	35	0.7202
chr1	622434	622435	36	0.7805
chr1	622481	622482	32	0.6609
chr1	622531	622532	41	0.7625
chr1	622555	622556	32	0.9327
chr1	622574	622575	43	0.8355
chr1	622609	622610	32	0.7359
chr1	622633	622634	44	0.7068
chr1	622733	622734	41	0.7168
chr1	622798	622799	38	0.8895
chr1	622857	622858	29	0.9107
chr1	622947	622948	39	0.82
chr1	623047	623048	39	0.681
chr1	623097	623098	37	0.8823
chr1	623113	623114	40	0.7757
chr1	623127	623128	33	0.6921
chr1	623137	623138	45	0.8525
chr1	623164	623165	37	0.8158
chr1	623192	623193	42	0.6987
chr1	623234	623235	40	0.7993
chr1	623249	623250	39	0.8318
chr1	623299	623300	42	0.7237
chr1	623324	623325	44	0.8738
chr1	623356	623357	44	0.778
chr1	623381	623382	41	0.7864
chr1	623431	623432	32	0.8295
chr1	623449	623450	40	0.794
chr1	623491	623492	44	0.7315
chr1	623539	623540	50	0.8341
chr1	623562	623563	39	0.8381
chr1	623588	623589	38	0.9747
chr1	623619	623620	42	0.6774
chr1	623691	623692	48	0.8085
chr1	623791	623792	40	0.799
chr1	623841	623842	31	0.8289
chr1	623932	623933	41	0.7899
chr1	624027	624028	39	0.7894
chr1	624077	624078	38	0.8068
chr1	624281	624282	37	0.8449
chr1	624283	624284	33	0.8356
chr1	624287	624288	44	0.6854
chr1	624291	624292	38	0.8277
chr1	624325	624326	42	0.7244
chr1	624433	624434	35	0.9318
chr1	624441	624442	35	0.8754
chr1	624487	624488	41	0.9406
chr1	624543	624544	39	0.9343
chr1	624593	624594	34	0.8769
chr1	624609	624610	41	0.6673
chr1	624659	624660	43	0.7247
chr1	624701	624702	40	0.8863
chr1	624724	624725	34	0.7213
chr1	624774	624775	41	0.9303
chr1	624807	624808	43	0.8881
chr1	624836	624837	28	0.7379
chr1	624852	624853	30	0.8438
chr1	624885	624886	46	0.8078
chr1	624929	624930	35	0.7764
chr1	624966	624967	38	1.0
chr1	624988	624989	37	0.8091
chr1	625024	625025	43	0.8657
chr1	625063	625064	45	0.926
chr1	625113	625114	42	0.7708
chr1	625189	625190	36	1.0
chr1	625289	625290	39	0.8095
chr1	625389	625390	38	0.9231
chr1	625485	625486	46	0.8322
chr1	625517	625518	47	0.8664
chr1	625564	625565	38	0.4826
chr1	625579	625580	42	0.0
chr1	625594	625595	42	0.0
chr1	625642	625643	38	0.121
chr1	625692	625693	41	0.0741
chr1	625742	625743	30	0.0
chr1	625776	625777	34	0.6441
chr1	625826	625827	30	0.0
chr1	625847	625848	45	0.6255
chr1	625867	625868	46	0.049
chr1	625894	625895	36	0.598
chr1	625940	625941	38	0.0519
chr1	625955	625956	36	0.619
chr1	625982	625983	43	0.0772
chr1	626032	626033	44	0.0
chr1	626082	626083	44	0.3051
chr1	626182	626183	38	0.0
chr1	626282	626283	44	0.0
chr1	626382	626383	50	0.1623
chr1	626480	626481	37	0.668
chr1	626482	626483	45	0.604
chr1	626529	626530	44	0.8247
chr1	626545	626546	43	0.7314
chr1	626579	626580	25	0.8529
chr1	626598	626599	33	0.887
chr1	626615	626616	37	0.5873
chr1	626650	626651	41	0.698
chr1	626685	626686	45	0.8108
chr1	626720	626721	38	0.8513
chr1	626752	626753	32	0.7104
chr1	626774	626775	37	0.633
chr1	626791	626792	37	0.7957
chr1	626825	626826	51	0.7889
chr1	626849	626850	34	0.7549
chr1	626875	626876	39	0.9462
chr1	626896	626897	45	0.6816
chr1	626914	626915	40	0.7716
chr1	626944	626945	38	0.735
chr1	626965	626966	46	0.7709
chr1	626994	626995	36	0.6962
chr1	626998	626999	33	0.6278
chr1	627098	627099	39	0.7052
chr1	627198	627199	37	1.0
chr1	627298	627299	37	0.7854
chr1	627398	627399	40	0.8471
chr1	627400	627401	39	0.9326
chr1	627450	627451	40	0.874
chr1	627479	627480	43	0.6534
chr1	627500	627501	44	0.7999
chr1	627544	627545	42	0.828
chr1	627569	627570	41	0.7969
chr1	627584	627585	42	0.7173
chr1	627614	627615	43	0.7258
chr1	627653	627654	43	0.8476
chr1	627676	627677	43	0.83
chr1	627691	627692	39	0.8169
chr1	627706	627707	34	0.6502
chr1	627737	627738	40	0.8604
chr1	627759	627760	38	0.6693
chr1	627789	627790	36	0.9497
chr1	627805	627806	46	0.7598
chr1	627831	627832	41	0.6763
chr1	627865	627866	45	0.7277
chr1	627886	627887	40	0.9449
chr1	627897	627898	37	0.7643
chr1	627956	627957	46	0.7893
chr1	628027	628028	45	0.8607
chr1	628127	628128	42	0.9533
chr1	628177	628178	34	0.8912
chr1	628277	628278	39	0.9425
chr1	628303	628304	42	0.7787
chr1	628313	628314	36	0.7312
chr1	628328	628329	36	0.9347
chr1	628353	628354	48	0.7162
chr1	628368	628369	29	0.8285
chr1	628385	628386	43	0.6695
chr1	628410	628411	37	0.718
chr1	628434	628435	40	0.7126
chr1	628464	628465	30	0.8054
chr1	628480	628481	34	0.824
chr1	628497	628498	46	0.8333
chr1	628547	628548	37	0.9532
chr1	628562	628563	37	0.7951
chr1	628594	628595	46	0.9189
chr1	628610	628611	40	0.8177
chr1	628627	628628	50	0.9167
chr1	628642	628643	42	0.9247
chr1	628667	628668	35	0.8912
chr1	628717	628718	29	0.682
chr1	628758	628759	37	0.7384
chr1	628789	628790	35	0.8576
chr1	628815	628816	36	0.9509
chr1	628843	628844	32	0.8152
chr1	628893	628894	41	0.7654
chr1	628993	628994	42	0.9094
chr1	629092	629093	42	0.9516
chr1	629192	629193	44	0.7951
chr1	629292	629293	36	0.7609
chr1	629362	629363	28	0.9029
chr1	629386	629387	36	0.7782
chr1	629412	629413	43	0.7204
chr1	629478	629479	47	0.6774
chr1	629564	629565	40	0.6843
chr1	629672	629673	34	0.8535
chr1	629690	629691	39	0.8023
chr1	629716	629717	35	0.774
chr1	629786	629787	41	0.8811
chr1	629840	629841	37	0.8687
chr1	629867	629868	34	0.9025
chr1	629882	629883	43	0.7216
chr1	629925	629926	38	0.8933
chr1	629952	629953	35	0.8862
chr1	629967	629968	38	0.9418
chr1	630062	630063	41	0.8061
chr1	630092	630093	43	0.6824
chr1	630112	630113	45	0.7549
chr1	630138	630139	39	0.8879
chr1	630160	630161	39	0.9523
chr1	630183	630184	38	0.8752
chr1	630198	630199	37	0.8074
chr1	630248	630249	39	0.8074
chr1	630270	630271	37	0.6704
chr1	630286	630287	41	0.894
chr1	630327	630328	44	0.8541
chr1	630377	630378	44	0.9454
chr1	630451	630452	37	0.8726
chr1	630532	630533	44	0.9453
chr1	630632	630633	41	0.9158
chr1	630682	630683	36	0.8171
chr1	630757	630758	50	0.9374
chr1	630777	630778	44	0.8811
chr1	630799	630800	41	0.7972
chr1	630814	630815	40	0.6505
chr1	630844	630845	44	0.578
chr1	630877	630878	40	0.6428
chr1	630915	630916	32	0.603
chr1	630930	630931	42	0.5683
chr1	630970	630971	39	0.4705
chr1	630990	630991	37	0.5201
chr1	631034	631035	33	0.6191
chr1	631049	631050	37	0.6583
chr1	631073	631074	39	0.4681
chr1	631108	631109	40	0.6286
chr1	631123	631124	44	0.6906
chr1	631138	631139	32	0.4434
chr1	631188	631189	44	0.591
chr1	631209	631210	39	0.6004
chr1	631224	631225	43	0.5796
chr1	631263	631264	40	0.6279
chr1	631293	631294	40	0.4924
chr1	631315	631316	30	0.566
chr1	631327	631328	46	0.5446
chr1	631427	631428	40	0.3761
chr1	631527	631528	53	0.4942
chr1	631719	631720	42	0.5118
chr1	631817	631818	35	0.6784
chr1	631819	631820	42	0.5961
chr1	631827	631828	39	0.7682
chr1	631862	631863	39	0.7373
chr1	631903	631904	39	0.6685
chr1	631946	631947	38	0.7622
chr1	631978	631979	41	0.7499
chr1	632004	632005	34	0.7231
chr1	632038	632039	45	0.4896
chr1	632057	632058	42	0.6437
chr1	632091	632092	48	0.5479
chr1	632119	632120	42	0.601
chr1	632160	632161	43	0.5518
chr1	632182	632183	41	0.669
chr1	632198	632199	46	0.7752
chr1	632223	632224	40	0.6519
chr1	632252	632253	47	0.6279
chr1	632290	632291	40	0.661
chr1	632326	632327	44	0.7088
chr1	632330	632331	42	0.5754
chr1	632396	632397	35	0.6606
chr1	632458	632459	49	0.814
chr1	632558	632559	46	0.5483
chr1	632658	632659	38	0.6747
chr1	632708	632709	49	0.6737
chr1	632805	632806	33	0.5559
chr1	632839	632840	35	0.695
chr1	632853	632854	40	0.5457
chr1	632921	632922	36	0.7025
chr1	632969	632970	32	0.724
chr1	632997	632998	43	0.5998
chr1	633045	633046	42	0.5378
chr1	633171	633172	44	0.6536
chr1	633221	633222	43	0.6877
chr1	633236	633237	30	0.7524
chr1	633253	633254	35	0.7102
chr1	633289	633290	41	0.7729
chr1	633339	633340	40	0.6705
chr1	633379	633380	39	0.7491
chr1	633416	633417	34	0.7643
chr1	633457	633458	39	0.8683
chr1	633472	633473	32	0.8273
chr1	633518	633519	47	0.8031
chr1	633534	633535	42	0.8032
chr1	633584	633585	35	0.8337
chr1	633619	633620	36	0.7392
chr1	633633	633634	34	0.9343
chr1	633733	633734	39	0.779
chr1	633794	633795	39	0.7265
chr1	633894	633895	46	0.9072
chr1	633994	633995	27	0.7874
chr1	634044	634045	39	0.7913
chr1	634093	634094	37	0.6753
chr1	634140	634141	43	0.8189
chr1	634155	634156	45	0.693
chr1	634205	634206	38	0.7555
chr1	634231	634232	51	0.5824
chr1	634269	634270	37	0.5946
chr1	634293	634294	42	0.732
chr1	634332	634333	35	0.7458
chr1	634361	634362	28	0.7969
chr1	634407	634408	42	0.5708
chr1	634436	634437	35	0.6763
chr1	634453	634454	40	0.6213
chr1	634489	634490	41	0.765
chr1	634507	634508	39	0.8419
chr1	634557	634558	36	0.683
chr1	634582	634583	39	0.6769
chr1	634599	634600	37	0.5691
chr1	634600	634601	30	0.8189
chr1	634700	634701	44	0.6328
chr1	634763	634764	32	0.6571
chr1	634863	634864	43	0.668
chr1	634963	634964	43	0.6881
chr1	635063	635064	42	0.8098
chr1	635071	635072	45	0.8464
chr1	635085	635086	36	0.7021
chr1	635092	635093	36	0.6733
chr1	635123	635124	32	0.8787
chr1	635155	635156	38	0.7698
chr1	635204	635205	37	0.8791
chr1	635243	635244	38	0.8568
chr1	635260	635261	35	0.8507
chr1	635285	635286	34	0.9015
chr1	635300	635301	35	0.7871
chr1	635325	635326	43	0.6869
chr1	635349	635350	39	0.8611
chr1	635376	635377	39	0.8814
chr1	635391	635392	40	0.7246
chr1	635415	635416	46	0.8233
chr1	635433	635434	40	0.8048
chr1	635466	635467	45	0.7842
chr1	635481	635482	35	0.7563
chr1	635516	635517	28	0.8894
chr1	635524	635525	30	0.7434
chr1	635608	635609	45	0.8815
chr1	635708	635709	44	0.7568
chr1	635758	635759	37	0.7679
chr1	635852	635853	36	0.8008
chr1	635933	635934	41	0.8267
chr1	635935	635936	42	0.9215
chr1	636043	636044	34	0.8453
chr1	636075	636076	47	0.9176
chr1	636111	636112	42	0.8604
chr1	636147	636148	47	0.8087
chr1	636165	636166	30	0.8824
chr1	636186	636187	41	0.0834
chr1	636206	636207	41	0.098
chr1	636228	636229	40	0.1321
chr1	636278	636279	36	0.0689
chr1	636319	636320	38	0.1137
chr1	636340	636341	42	0.0122
chr1	636390	636391	47	0.1238
chr1	636405	636406	42	0.0393
chr1	636433	636434	41	0.022
chr1	636483	636484	43	0.1277
chr1	636498	636499	31	0.1288
chr1	636526	636527	38	0.0
chr1	636548	636549	28	0.0799
chr1	636573	636574	41	0.0857
chr1	636589	636590	44	0.056
chr1	636604	636605	47	0.1463
chr1	636635	636636	46	0.0
chr1	636636	636637	45	0.1319
chr1	636736	636737	47	0.0548
chr1	636819	636820	36	0.0829
chr1	636919	636920	41	0.101
chr1	636981	636982	42	0.0322
chr1	637075	637076	37	0.0835
chr1	637081	637082	43	0.0805
chr1	637109	637110	43	0.1492
chr1	637143	637144	37	0.7192
chr1	637159	637160	35	0.7776
chr1	637183	637184	39	0.8832
chr1	637208	637209	40	0.8097
chr1	637246	637247	36	0.5768
chr1	637269	637270	38	0.7571
chr1	637319	637320	43	0.729
chr1	637355	637356	45	0.4855
chr1	637381	637382	46	0.9197
chr1	637396	637397	37	0.7712
chr1	637446	637447	36	0.7318
chr1	637496	637497	37	0.6119
chr1	637546	637547	43	0.7125
chr1	637565	637566	32	0.6715
chr1	637587	637588	44	0.8189
chr1	637630	637631	36	0.5764
chr1	637654	637655	36	0.479
chr1	637666	637667	35	0.686
chr1	637731	637732	38	0.6786
chr1	637831	637832	35	0.9091
chr1	637931	637932	33	0.7115
chr1	637981	637982	46	0.5959
chr1	638081	638082	45	0.8828
chr1	638181	638182	40	0.8459
chr1	638249	638250	44	0.8049
chr1	638261	638262	39	0.6055
chr1	639262	639263	29	0.6552
chr1	639312	639313	36	0.7139
chr1	639329	639330	43	0.6793
chr1	639349	639350	37	0.7803
chr1	639365	639366	34	0.7326
chr1	639415	639416	31	0.8188
chr1	639454	639455	34	0.8438
chr1	639469	639470	46	0.7121
chr1	639484	639485	42	0.8813
chr1	639503	639504	41	0.7747
chr1	639518	639519	44	0.8171
chr1	639543	639544	42	0.9254
chr1	639567	639568	36	0.7813
chr1	639593	639594	38	0.8074
chr1	639624	639625	40	0.8076
chr1	639654	639655	49	0.7385
chr1	639670	639671	39	0.7383
chr1	639720	639721	53	0.6194
chr1	639820	639821	36	0.693
chr1	639920	639921	42	0.5944
chr1	639993	639994	45	0.7934
chr1	640195	640196	38	0.777
chr1	640295	640296	42	0.8088
chr1	640411	640412	31	0.6124
chr1	640455	640456	32	0.7082
chr1	640473	640474	35	0.7765
chr1	640512	640513	43	0.8868
chr1	640554	640555	36	0.8997
chr1	640598	640599	45	0.8548
chr1	640624	640625	43	0.778
chr1	640661	640662	39	0.7615
chr1	640685	640686	29	0.8668
chr1	640700	640701	36	0.7207
chr1	640715	640716	39	0.8564
chr1	640733	640734	43	0.8736
chr1	640783	640784	38	0.7517
chr1	640833	640834	45	0.8006
chr1	640867	640868	45	0.7633
chr1	640917	640918	49	0.7182
chr1	640947	640948	39	0.7786
chr1	640995	640996	37	0.7512
chr1	641010	641011	48	0.8298
chr1	641110	641111	28	0.6684
chr1	641160	641161	28	0.9762
chr1	641256	641257	42	0.9083
chr1	641356	641357	31	0.7752
chr1	641432	641433	34	0.8757
chr1	641446	641447	37	0.8677
chr1	641466	641467	43	0.7395
chr1	641512	641513	39	0.2401
chr1	641527	641528	44	0.1839
chr1	641577	641578	34	0.2316
chr1	641620	641621	34	0.1899
chr1	641670	641671	27	0.1728
chr1	641703	641704	38	0.3209
chr1	641753	641754	38	0.276
chr1	641780	641781	40	0.2247
chr1	641795	641796	44	0.2186
chr1	641839	641840	39	0.1633
chr1	641880	641881	38	0.1943
chr1	641918	641919	46	0.2378
chr1	641954	641955	37	0.1367
chr1	641981	641982	40	0.2553
chr1	642015	642016	42	0.3399
chr1	642060	642061	37	0.1364
chr1	642160	642161	42	0.3706
chr1	642260	642261	41	0.2113
chr1	642360	642361	45	0.2178
chr1	642416	642417	39	0.1747
chr1	642516	642517	31	0.4392
chr1	642584	642585	39	0.3068
chr1	642594	642595	44	0.8056
chr1	642617	642618	37	0.9633
chr1	642641	642642	40	1.0
chr1	642667	642668	33	1.0
chr1	642692	642693	30	0.3916
chr1	642734	642735	41	0.4281
chr1	642784	642785	43	0.6582
chr1	642808	642809	35	1.0
chr1	642835	642836	40	0.246
chr1	642862	642863	38	0.8676
chr1	642879	642880	39	0.7648
chr1	642908	642909	46	0.4256
chr1	642945	642946	39	0.9863
chr1	642966	642967	39	1.0
chr1	642989	642990	30	1.0
chr1	643009	643010	45	0.8658
chr1	643025	643026	38	0.5852
chr1	643049	643050	40	0.7449
chr1	643078	643079	42	0.9817
chr1	643094	643095	33	0.8652
chr1	643109	643110	45	0.273
chr1	643159	643160	31	0.6609
chr1	643179	643180	30	0.7146
chr1	643230	643231	39	1.0
chr1	643330	643331	33	0.9918
chr1	643430	643431	36	0.9223
chr1	643486	643487	40	0.8806
chr1	643536	643537	41	0.7289
chr1	643636	643637	43	1.0
chr1	643736	643737	44	0.5861
chr1	643758	643759	36	1.0
chr1	643836	643837	35	0.6006
chr1	643865	643866	35	0.7371
chr1	643880	643881	48	0.7871
chr1	643929	643930	33	0.6978
chr1	643964	643965	36	0.7288
chr1	644012	644013	43	0.6944
chr1	644034	644035	48	0.6316
chr1	644084	644085	39	0.6809
chr1	644134	644135	27	0.6016
chr1	644168	644169	31	0.7353
chr1	644208	644209	33	0.7688
chr1	644241	644242	41	0.5322
chr1	644284	644285	36	0.6063
chr1	644334	644335	36	0.6433
chr1	644343	644344	40	0.6639
chr1	644443	644444	43	0.6029
chr1	644497	644498	33	0.5626
chr1	644597	644598	39	0.7207
chr1	644649	644650	39	0.6614
chr1	644749	644750	43	0.7025
chr1	644799	644800	37	0.6369
chr1	644805	644806	37	0.7529
chr1	644825	644826	42	0.8383
chr1	644865	644866	41	0.7585
chr1	644880	644881	38	0.6812
chr1	644912	644913	35	0.9541
chr1	644962	644963	33	0.7211
chr1	645012	645013	37	0.6806
chr1	645041	645042	45	0.9283
chr1	645080	645081	35	0.7555
chr1	645109	645110	39	0.78
chr1	645131	645132	45	0.7698
chr1	645160	645161	36	0.7767
chr1	645192	645193	36	0.8137
chr1	645221	645222	31	0.7024
chr1	645251	645252	43	0.9231
chr1	645287	645288	44	0.677
chr1	645337	645338	30	0.9354
chr1	645362	645363	35	0.7683
chr1	645397	645398	33	0.9164
chr1	645497	645498	38	0.5307
chr1	645597	645598	46	0.7451
chr1	645669	645670	38	0.6398
chr1	645769	645770	40	0.6153
chr1	645835	645836	45	0.8444
chr1	645885	645886	40	0.8074
chr1	645969	645970	42	0.7423
chr1	645980	645981	35	0.8193
chr1	646002	646003	36	0.9153
chr1	646046	646047	40	0.8571
chr1	646069	646070	46	0.7718
chr1	646093	646094	39	0.9775
chr1	646143	646144	40	0.7685
chr1	646177	646178	48	0.9739
chr1	646202	646203	35	0.8483
chr1	646229	646230	42	0.9
chr1	646255	646256	40	0.9849
chr1	646270	646271	47	0.8606
chr1	646301	646302	34	0.89
chr1	646324	646325	41	0.8614
chr1	646339	646340	43	0.759
chr1	646389	646390	39	0.9909
chr1	646404	646405	44	0.8742
chr1	646454	646455	41	0.857
chr1	646486	646487	40	0.9435
chr1	646489	646490	35	0.7959
chr1	646546	646547	39	0.8219
chr1	646646	646647	45	0.9183
chr1	646746	646747	32	0.9634
chr1	646846	646847	50	0.8884
chr1	646896	646897	45	0.95
chr1	646979	646980	46	0.7602
chr1	647019	647020	35	0.8713
chr1	647051	647052	41	0.8251
chr1	647058	647059	39	0.224
chr1	647073	647074	42	0.233
chr1	647094	647095	38	0.2276
chr1	647140	647141	32	0.2427
chr1	647190	647191	39	0.0725
chr1	647205	647206	42	0.3324
chr1	647220	647221	36	0.1357
chr1	647270	647271	41	0.1089
chr1	647320	647321	37	0.1418
chr1	647341	647342	44	0.2002
chr1	647390	647391	40	0.2713
chr1	647424	647425	53	0.3892
chr1	647439	647440	36	0.1742
chr1	647489	647490	32	0.3121
chr1	647508	647509	41	0.0645
chr1	647512	647513	46	0.2828
chr1	647612	647613	40	0.2719
chr1	647662	647663	40	0.2789
chr1	647762	647763	38	0.3003
chr1	647862	647863	35	0.2751
chr1	647935	647936	34	0.1335
chr1	648063	648064	39	0.1672
chr1	648153	648154	35	0.2471
chr1	648163	648164	44	0.2379
chr1	648225	648226	29	0.2764
chr1	648335	648336	47	0.2932
chr1	648393	648394	38	0.3232
chr1	648424	648425	42	0.6827
chr1	648465	648466	39	0.7541
chr1	648504	648505	47	0.7697
chr1	648554	648555	40	0.8262
chr1	648588	648589	36	0.8433
chr1	648607	648608	44	0.6598
chr1	648638	648639	35	0.7728
chr1	648688	648689	44	0.5904
chr1	648711	648712	37	0.8102
chr1	648757	648758	39	0.7709
chr1	648776	648777	43	0.7868
chr1	648801	648802	35	0.7851
chr1	648851	648852	38	0.8232
chr1	648901	648902	39	0.617
chr1	648938	648939	42	0.8017
chr1	649038	649039	41	0.7219
chr1	649138	649139	39	0.5525
chr1	649235	649236	43	0.8173
chr1	649290	649291	43	0.7898
chr1	649346	649347	45	0.7852
chr1	649410	649411	48	0.8205
chr1	649492	649493	39	0.7774
chr1	649499	649500	35	0.5892
chr1	649524	649525	35	0.5935
chr1	649539	649540	35	0.6276
chr1	649575	649576	36	0.709
chr1	649625	649626	45	0.5846
chr1	649664	649665	38	0.6995
chr1	649685	649686	41	0.8576
chr1	649707	649708	44	0.6893
chr1	649729	649730	35	0.5678
chr1	649766	649767	43	0.749
chr1	649794	649795	29	0.6282
chr1	649839	649840	35	0.6735
chr1	649859	649860	43	0.6947
chr1	649884	649885	39	0.619
chr1	649908	649909	35	0.8908
chr1	649936	649937	42	0.894
chr1	649959	649960	37	0.4876
chr1	649993	649994	47	0.6556
chr1	650010	650011	35	0.7198
chr1	650110	650111	42	0.6402
chr1	650210	650211	39	0.7146
chr1	650277	650278	42	0.6024
chr1	650377	650378	36	0.7671
chr1	650443	650444	42	0.7525
chr1	650493	650494	40	0.672
chr1	650587	650588	48	0.5884
chr1	650681	650682	28	0.582
chr1	650725	650726	41	0.7421
chr1	650729	650730	46	0.7217
chr1	650931	650932	45	0.7584
chr1	650985	650986	44	0.7102
chr1	651010	651011	39	0.0907
chr1	651030	651031	38	0.0834
chr1	651080	651081	31	0.0179
chr1	651098	651099	38	0.0
chr1	651118	651119	35	0.121
chr1	651149	651150	31	0.0444
chr1	651166	651167	43	0.0659
chr1	651199	651200	38	0.1159
chr1	651231	651232	37	0.1453
chr1	651248	651249	46	0.0771
chr1	651277	651278	38	0.1155
chr1	651301	651302	42	0.181
chr1	651320	651321	45	0.0789
chr1	651352	651353	35	0.0
chr1	651388	651389	46	0.0676
chr1	651424	651425	40	0.2855
chr1	651455	651456	36	0.0459
chr1	651469	651470	39	0.0896
chr1	651569	651570	39	0.3005
chr1	651669	651670	37	0.1396
chr1	651753	651754	30	0.1255
chr1	651808	651809	28	0.1334
chr1	651887	651888	41	0.0345
chr1	651907	651908	39	0.2218
chr1	651950	651951	34	0.0442
chr1	651975	651976	40	0.0447
chr1	652025	652026	37	0.1846
chr1	652049	652050	37	0.02
chr1	652079	652080	36	0.0
chr1	652110	652111	50	0.0
chr1	652129	652130	37	0.0512
chr1	652148	652149	39	0.1364
chr1	652198	652199	43	0.0618
chr1	652234	652235	40	0.0094
chr1	652250	652251	42	0.0
chr1	652265	652266	41	0.0
chr1	652288	652289	44	0.1071
chr1	652330	652331	24	0.1812
chr1	652380	652381	35	0.0008
chr1	652395	652396	48	0.052
chr1	652429	652430	39	0.0704
chr1	652479	652480	35	0.075
chr1	652503	652504	41	0.1624
chr1	652520	652521	45	0.0
chr1	652535	652536	46	0.1159
chr1	652539	652540	40	0.0634
chr1	652639	652640	32	0.1672
chr1	652691	652692	38	0.0233
chr1	652779	652780	50	0.0009
chr1	652829	652830	37	0.0
chr1	652890	652891	41	0.0111
chr1	652946	652947	37	0.0
chr1	652996	652997	41	0.0743
chr1	653096	653097	37	0.0111
chr1	653118	653119	31	0.1469
chr1	653128	653129	38	0.0574
chr1	653161	653162	44	0.0677
chr1	653211	653212	47	0.1046
chr1	653229	653230	47	0.1508
chr1	653246	653247	32	0.1465
chr1	653272	653273	41	0.0
chr1	653295	653296	44	0.1318
chr1	653338	653339	37	0.0657
chr1	653357	653358	41	0.0
chr1	653398	653399	46	0.003
chr1	653427	653428	36	0.1394
chr1	653442	653443	40	0.066
chr1	653484	653485	34	0.0752
chr1	653510	653511	38	0.0
chr1	653541	653542	45	0.0384
chr1	653580	653581	29	0.0836
chr1	653619	653620	45	0.0419
chr1	653622	653623	36	0.0675
chr1	653678	653679	39	0.0603
chr1	653728	653729	35	0.0251
chr1	653794	653795	40	0.0872
chr1	653894	653895	39	0.077
chr1	653994	653995	44	0.0119
chr1	654074	654075	43	0.0857
chr1	654076	654077	36	0.2387
chr1	654117	654118	29	0.0
chr1	654136	654137	43	0.1418
chr1	654159	654160	48	0.0373
chr1	654176	654177	36	0.1042
chr1	654208	654209	39	0.0472
chr1	654223	654224	37	0.034
chr1	654266	654267	32	0.0
chr1	654281	654282	38	0.0
chr1	654298	654299	30	0.002
chr1	654313	654314	39	0.1253
chr1	654349	654350	41	0.1239
chr1	654397	654398	45	0.0
chr1	654427	654428	45	0.0072
chr1	654475	654476	36	0.0342
chr1	654498	654499	51	0.1282
chr1	654548	654549	35	0.113
chr1	654563	654564	34	0.0771
chr1	654586	654587	41	0.1489
chr1	654608	654609	44	0.0467
chr1	654616	654617	35	0.0721
chr1	654702	654703	46	0.0162
chr1	654793	654794	48	0.1461
chr1	654843	654844	36	0.1603
chr1	654893	654894	43	0.0474
chr1	654993	654994	31	0.1025
chr1	655044	655045	47	0.0854
chr1	655108	655109	38	0.1115
chr1	655206	655207	42	0.184
chr1	655212	655213	35	0.8982
chr1	655243	655244	49	0.8351
chr1	655262	655263	44	0.8626
chr1	655284	655285	42	0.9105
chr1	655334	655335	37	0.7194
chr1	655358	655359	42	0.7264
chr1	655408	655409	31	0.7413
chr1	655445	655446	43	0.6958
chr1	655460	655461	44	0.7011
chr1	655510	655511	52	0.7815
chr1	655544	655545	35	0.8344
chr1	655594	655595	40	0.574
chr1	655630	655631	43	0.8205
chr1	655659	655660	52	0.9603
chr1	655676	655677	37	0.7674
chr1	655716	655717	43	0.7226
chr1	655724	655725	49	0.7978
chr1	655824	655825	35	0.8567
chr1	655924	655925	35	0.927
chr1	656024	656025	40	0.7134
chr1	656074	656075	41	0.7559
chr1	656174	656175	40	0.8749
chr1	656212	656213	35	0.9599
chr1	656368	656369	38	0.7118
chr1	656460	656461	42	0.8384
chr1	656550	656551	30	0.8277
chr1	656588	656589	41	0.7614
chr1	656634	656635	37	0.7674
chr1	656666	656667	43	0.8686
chr1	656714	656715	37	0.9834
chr1	656760	656761	40	0.927
chr1	656796	656797	40	0.9961
chr1	656831	656832	44	0.896
chr1	656856	656857	38	0.8473
chr1	656906	656907	39	0.9615
chr1	656932	656933	39	0.8995
chr1	656977	656978	38	0.7809
chr1	657001	657002	37	0.9011
chr1	657020	657021	41	0.7189
chr1	657059	657060	45	0.9224
chr1	657109	657110	32	0.9103
chr1	657124	657125	47	0.786
chr1	657174	657175	48	0.8791
chr1	657189	657190	42	0.8723
chr1	657204	657205	45	0.9731
chr1	657215	657216	43	0.8729
chr1	657265	657266	43	0.9483
chr1	657316	657317	40	0.7951
chr1	657414	657415	31	0.9428
chr1	657514	657515	32	1.0
chr1	657614	657615	51	0.9967
chr1	657714	657715	30	0.9576
chr1	657724	657725	45	0.8653
chr1	657772	657773	41	0.8177
chr1	657777	657778	37	0.8538
chr1	657820	657821	40	0.8686
chr1	657851	657852	55	0.7452
chr1	657877	657878	33	0.8816
chr1	657893	657894	39	0.7644
chr1	657910	657911	40	0.896
chr1	657933	657934	38	0.8367
chr1	657983	657984	42	0.8294
chr1	658001	658002	38	0.8125
chr1	658031	658032	35	0.843
chr1	658049	658050	42	0.868
chr1	658073	658074	43	0.9282
chr1	658123	658124	42	0.8925
chr1	658170	658171	33	0.8705
chr1	658195	658196	42	0.837
chr1	658245	658246	36	0.7793
chr1	658282	658283	29	0.8075
chr1	658305	658306	38	0.8692
chr1	658335	658336	41	0.9708
chr1	658435	658436	40	0.7472
chr1	658513	658514	35	0.881
chr1	658563	658564	42	0.8263
chr1	658663	658664	41	0.8945
chr1	658763	658764	31	1.0
chr1	658863	658864	33	0.8402
chr1	658963	658964	43	0.8466
chr1	659105	659106	41	0.8654
chr1	659113	659114	37	0.8479
chr1	659135	659136	45	0.8995
chr1	659143	659144	36	0.8521
chr1	659179	659180	32	0.8141
chr1	659249	659250	41	0.9469
chr1	659253	659254	38	0.9105
chr1	659295	659296	46	0.8802
chr1	659305	659306	43	0.025
chr1	659355	659356	47	0.1862
chr1	659397	659398	48	0.0354
chr1	659447	659448	33	0.2444
chr1	659475	659476	47	0.0983
chr1	659509	659510	52	0.0209
chr1	659546	659547	39	0.0431
chr1	659569	659570	35	0.1503
chr1	659584	659585	35	0.0
chr1	659634	659635	43	0.1684
chr1	659677	659678	27	0.2211
chr1	659726	659727	35	0.2896
chr1	659741	659742	39	0.1808
chr1	659785	659786	43	0.1872
chr1	659885	659886	42	0.1866
chr1	659985	659986	41	0.2177
chr1	660035	660036	44	0.1372
chr1	660135	660136	44	0.0832
chr1	660185	660186	31	0.1481
chr1	660263	660264	40	0.0903
chr1	660279	660280	37	0.0788
chr1	660283	660284	39	0.2396
chr1	660397	660398	40	0.1235
chr1	660407	660408	42	0.1778
chr1	660409	660410	41	0.2183
chr1	660435	660436	39	0.2083
chr1	660473	660474	49	0.1824
chr1	660547	660548	34	0.1516
chr1	660565	660566	37	0.0842
chr1	660637	660638	42	0.0
chr1	661609	661610	42	0.6112
chr1	661624	661625	49	0.7039
chr1	661674	661675	42	0.7072
chr1	661707	661708	42	0.7723
chr1	661724	661725	36	0.686
chr1	661747	661748	38	0.7134
chr1	661764	661765	37	0.7779
chr1	661797	661798	44	0.7498
chr1	661847	661848	38	0.5988
chr1	661874	661875	31	0.6752
chr1	661893	661894	35	0.7463
chr1	661915	661916	43	0.6658
chr1	661952	661953	43	0.6383
chr1	661995	661996	46	0.7961
chr1	662018	662019	43	0.6237
chr1	662034	662035	42	0.4807
chr1	662065	662066	32	0.6674
chr1	662080	662081	42	0.804
chr1	662098	662099	34	0.7806
chr1	662116	662117	45	0.6396
chr1	662153	662154	35	0.7316
chr1	662170	662171	32	0.6166
chr1	662206	662207	43	0.6548
chr1	662306	662307	49	0.6824
chr1	662406	662407	41	0.6056
chr1	662494	662495	50	0.6651
chr1	662594	662595	33	0.7037
chr1	662683	662684	33	0.7583
chr1	662779	662780	39	0.7831
chr1	662795	662796	48	0.6838
chr1	662853	662854	41	0.7547
chr1	662860	662861	44	0.7148
chr1	662896	662897	39	0.7607
chr1	662946	662947	46	0.7962
chr1	662966	662967	36	0.6774
chr1	663015	663016	46	0.7836
chr1	663065	663066	60	0.7568
chr1	663091	663092	44	0.7096
chr1	663127	663128	52	0.8523
chr1	663153	663154	46	0.8339
chr1	663203	663204	33	0.6885
chr1	663241	663242	32	0.6711
chr1	663282	663283	45	0.627
chr1	663382	663383	39	0.6307
chr1	663482	663483	42	0.514
chr1	663582	663583	39	0.8645
chr1	663637	663638	38	0.7942
chr1	663665	663666	33	0.8144
chr1	663711	663712	37	0.7092
chr1	663725	663726	47	0.6294
chr1	663773	663774	41	0.8874
chr1	663857	663858	40	0.7691
chr1	663871	663872	35	0.811
chr1	663883	663884	43	0.6991
chr1	663945	663946	37	0.773
chr1	663979	663980	35	0.8291
chr1	664014	664015	36	0.8775
chr1	664029	664030	42	0.8355
chr1	664075	664076	35	0.7822
chr1	664090	664091	41	0.7781
chr1	664122	664123	33	0.9596
chr1	664140	664141	34	0.9143
chr1	664165	664166	38	0.9482
chr1	664195	664196	42	0.8978
chr1	664232	664233	38	0.8826
chr1	664276	664277	42	0.8152
chr1	664326	664327	37	0.6817
chr1	664347	664348	31	0.8304
chr1	664397	664398	34	0.7541
chr1	664447	664448	35	0.9271
chr1	664485	664486	40	0.8189
chr1	664522	664523	45	0.8712
chr1	664593	664594	36	0.7279
chr1	664689	664690	49	0.8125
chr1	664763	664764	38	0.9133
chr1	664863	664864	44	0.7335
chr1	664945	664946	45	0.9283
chr1	665005	665006	40	0.6441
chr1	665049	665050	34	0.6313
chr1	665105	665106	39	0.9084
chr1	665139	665140	42	0.8254
chr1	665157	665158	47	0.9418
chr1	665172	665173	42	0.8839
chr1	665215	665216	34	0.9629
chr1	665243	665244	44	0.8703
chr1	665275	665276	45	0.8769
chr1	665290	665291	35	0.7847
chr1	665308	665309	38	0.8073
chr1	665342	665343	38	0.8808
chr1	665365	665366	39	0.6642
chr1	665412	665413	41	0.7747
chr1	665450	665451	38	0.9156
chr1	665480	665481	42	0.7099
chr1	665510	665511	49	0.791
chr1	665525	665526	33	0.7935
chr1	665575	665576	39	0.7907
chr1	665605	665606	38	0.8695
chr1	665637	665638	35	0.8414
chr1	665687	665688	34	0.9517
chr1	665706	665707	40	0.989
chr1	665803	665804	38	0.852
chr1	665903	665904	35	0.8555
chr1	665988	665989	40	0.9076
chr1	666088	666089	32	0.8802
chr1	666169	666170	40	0.8372
chr1	666269	666270	41	0.875
chr1	666339	666340	33	0.8795
chr1	666347	666348	36	0.9515
chr1	666379	666380	39	0.9821
chr1	666415	666416	41	0.7623
chr1	666430	666431	40	0.9067
chr1	666451	666452	40	0.7457
chr1	666501	666502	43	0.848
chr1	666516	666517	34	1.0
chr1	666536	666537	41	0.9584
chr1	666552	666553	40	0.8248
chr1	666598	666599	38	0.9165
chr1	666643	666644	43	0.9235
chr1	666668	666669	39	0.9568
chr1	666693	666694	50	0.8693
chr1	666722	666723	37	0.914
chr1	666744	666745	36	0.942
chr1	666781	666782	43	0.883
chr1	666789	666790	42	0.8524
chr1	666861	666862	39	0.7837
chr1	666961	666962	38	0.9211
chr1	667056	667057	36	0.8422
chr1	667135	667136	36	0.9868
chr1	667215	667216	45	0.8832
chr1	667243	667244	43	0.8472
chr1	667251	667252	40	0.9839
chr1	667267	667268	46	0.8437
chr1	667279	667280	34	0.8177
chr1	667327	667328	40	0.894
chr1	667337	667338	39	0.7885
chr1	667449	667450	38	0.8026
chr1	667593	667594	49	0.8283
chr1	667604	667605	33	0.9331
chr1	667633	667634	40	0.7258
chr1	667683	667684	47	0.855
chr1	667728	667729	45	0.8798
chr1	667758	667759	38	0.7375
chr1	667781	667782	44	0.7821
chr1	667796	667797	38	0.8289
chr1	667846	667847	42	0.9658
chr1	667883	667884	40	0.977
chr1	667932	667933	47	0.5984
chr1	667965	667966	35	0.8577
chr1	668008	668009	39	0.9126
chr1	668058	668059	34	0.7801
chr1	668064	668065	26	0.9004
chr1	668142	668143	41	0.9523
chr1	668204	668205	40	0.808
chr1	668254	668255	34	0.8675
chr1	668354	668355	41	0.6353
chr1	668433	668434	36	0.8793
chr1	668486	668487	39	0.8292
chr1	668490	668491	44	0.8854
chr1	668507	668508	42	0.2523
chr1	668526	668527	33	0.3102
chr1	668562	668563	48	0.1397
chr1	668596	668597	33	0.212
chr1	668611	668612	36	0.2353
chr1	668658	668659	36	0.2133
chr1	668685	668686	41	0.3799
chr1	668727	668728	49	0.1605
chr1	668777	668778	43	0.2178
chr1	668811	668812	36	0.0498
chr1	668841	668842	41	0.1944
chr1	668863	668864	38	0.093
chr1	668907	668908	45	0.0639
chr1	668948	668949	38	0.2051
chr1	668998	668999	37	0.1451
chr1	669002	669003	44	0.1361
chr1	669102	669103	33	0.2025
chr1	669187	669188	32	0.1958
chr1	669283	669284	38	0.2032
chr1	669371	669372	46	0.2775
chr1	669471	669472	40	0.2265
chr1	669491	669492	45	0.1825
chr1	669496	669497	39	0.1865
chr1	669530	669531	41	0.2169
chr1	669551	669552	40	0.0954
chr1	669566	669567	37	0.1741
chr1	669593	669594	42	0.1531
chr1	669618	669619	34	0.0254
chr1	669668	669669	40	0.2266
chr1	669705	669706	42	0.3149
chr1	669732	669733	41	0.1899
chr1	669761	669762	41	0.1003
chr1	669786	669787	40	0.0285
chr1	669820	669821	42	0.0945
chr1	669863	669864	46	0.1293
chr1	669913	669914	40	0.1175
chr1	669945	669946	45	0.271
chr1	669999	670000	39	0.2336
chr1	670099	670100	42	0.216
chr1	670196	670197	37	0.1451
chr1	670296	670297	34	0.2407
chr1	670344	670345	41	0.0981
chr1	670650	670651	42	0.1627
chr1	670680	670681	29	0.2121
chr1	670688	670689	34	0.1957
chr1	670716	670717	41	0.2738
chr1	670758	670759	34	0.2006
chr1	670766	670767	46	0.0994
chr1	670789	670790	35	0.6855
chr1	670825	670826	37	0.7687
chr1	670875	670876	34	0.7732
chr1	670918	670919	45	0.7937
chr1	670957	670958	42	0.8529
chr1	671007	671008	32	0.6313
chr1	671027	671028	35	0.7009
chr1	671042	671043	33	0.8169
chr1	671078	671079	32	0.6837
chr1	671109	671110	32	0.6678
chr1	671154	671155	32	0.7348
chr1	671204	671205	36	0.7565
chr1	671219	671220	35	0.7638
chr1	671253	671254	45	0.6003
chr1	671287	671288	42	0.6808
chr1	671325	671326	39	0.6556
chr1	671345	671346	37	0.5531
chr1	671359	671360	43	0.8536
chr1	671411	671412	44	0.6878
chr1	671461	671462	49	0.6882
chr1	671511	671512	43	0.6466
chr1	671602	671603	33	0.7713
chr1	671702	671703	45	0.6538
chr1	671802	671803	41	0.6486
chr1	671877	671878	49	0.57
chr1	671911	671912	42	0.8537
chr1	671922	671923	32	0.9024
chr1	671967	671968	35	0.7982
chr1	672000	672001	34	0.9869
chr1	672042	672043	35	1.0
chr1	672060	672061	32	0.9468
chr1	672110	672111	35	0.9285
chr1	672147	672148	39	0.83
chr1	672182	672183	40	0.9923
chr1	672232	672233	40	0.7506
chr1	672247	672248	37	0.8074
chr1	672269	672270	43	0.9389
chr1	672301	672302	35	0.8372
chr1	672316	672317	45	0.9724
chr1	672331	672332	40	0.802
chr1	672355	672356	43	0.8795
chr1	672401	672402	33	0.8274
chr1	672478	672479	33	0.9409
chr1	672578	672579	36	0.879
chr1	672665	672666	32	0.802
chr1	672715	672716	42	0.847
chr1	672765	672766	42	1.0
chr1	672865	672866	33	0.8376
chr1	672883	672884	36	0.8537
chr1	672920	672921	38	0.7038
chr1	672954	672955	37	0.7965
chr1	672992	672993	46	0.9221
chr1	673015	673016	38	0.747
chr1	673037	673038	31	0.7192
chr1	673073	673074	46	0.9721
chr1	673110	673111	43	0.8201
chr1	673125	673126	42	0.9631
chr1	673157	673158	37	0.8634
chr1	673172	673173	40	0.7723
chr1	673205	673206	44	0.657
chr1	673250	673251	46	0.7224
chr1	673265	673266	46	0.8572
chr1	673315	673316	41	0.6615
chr1	673350	673351	34	0.88
chr1	673400	673401	45	0.7975
chr1	673423	673424	45	0.8575
chr1	673440	673441	43	0.8253
chr1	673453	673454	46	0.5188
chr1	673518	673519	37	0.8907
chr1	673618	673619	41	0.7598
chr1	673668	673669	36	0.944
chr1	673768	673769	39	0.6817
chr1	673858	673859	39	0.7017
chr1	673926	673927	35	0.6058
chr1	673946	673947	39	0.8217
chr1	673984	673985	38	0.3408
chr1	674004	674005	36	0.1892
chr1	674019	674020	34	0.3086
chr1	674034	674035	39	0.1555
chr1	674054	674055	42	0.1441
chr1	674071	674072	36	0.0858
chr1	674090	674091	45	0.3046
chr1	674140	674141	37	0.2847
chr1	674173	674174	35	0.2916
chr1	674188	674189	33	0.2145
chr1	674224	674225	41	0.2207
chr1	674241	674242	41	0.2054
chr1	674262	674263	48	0.2543
chr1	674296	674297	39	0.3116
chr1	674324	674325	46	0.1636
chr1	674354	674355	48	0.1764
chr1	674386	674387	37	0.1618
chr1	674436	674437	34	0.2755
chr1	674486	674487	42	0.2369
chr1	674505	674506	33	0.1777
chr1	674589	674590	35	0.1184
chr1	674689	674690	36	0.2971
chr1	674789	674790	34	0.3538
chr1	674842	674843	38	0.2654
chr1	674906	674907	45	0.2285
chr1	675006	675007	37	0.28
chr1	675054	675055	40	0.2479
chr1	675085	675086	41	0.6652
chr1	675110	675111	33	0.7404
chr1	675145	675146	32	0.5868
chr1	675168	675169	41	0.7189
chr1	675193	675194	42	0.7348
chr1	675242	675243	43	0.5691
chr1	675292	675293	46	0.7183
chr1	675313	675314	35	0.7578
chr1	675363	675364	37	0.7399
chr1	675396	675397	21	0.7201
chr1	675411	675412	43	0.7011
chr1	675446	675447	35	0.7607
chr1	675492	675493	39	0.6562
chr1	675507	675508	39	0.8051
chr1	675526	675527	35	0.7212
chr1	675561	675562	36	0.8334
chr1	675587	675588	43	0.6808
chr1	675597	675598	45	0.7169
chr1	675686	675687	41	0.5566
chr1	675786	675787	42	0.7021
chr1	675874	675875	46	0.6482
chr1	675953	675954	39	0.8068
chr1	676053	676054	34	0.7044
chr1	676083	676084	42	0.5802
chr1	676119	676120	41	0.8654
chr1	676138	676139	41	0.7737
chr1	676188	676189	41	0.8058
chr1	676238	676239	41	0.8963
chr1	676263	676264	39	1.0
chr1	676283	676284	37	0.9207
chr1	676312	676313	47	0.7955
chr1	676330	676331	35	0.9068
chr1	676380	676381	32	0.8571
chr1	676398	676399	41	0.9648
chr1	676430	676431	36	0.9412
chr1	676475	676476	41	0.9721
chr1	676518	676519	32	0.7665
chr1	676544	676545	41	0.8352
chr1	676559	676560	39	0.7536
chr1	676574	676575	36	0.7914
chr1	676591	676592	42	0.8934
chr1	676621	676622	50	0.8372
chr1	676627	676628	34	0.7558
chr1	676727	676728	34	0.601
chr1	676827	676828	39	0.7516
chr1	676927	676928	37	0.9759
chr1	676977	676978	35	0.7585
chr1	677069	677070	42	0.7608
chr1	677083	677084	42	0.7232
chr1	677088	677089	38	0.1896
chr1	677111	677112	39	0.3905
chr1	677134	677135	34	0.1707
chr1	677183	677184	40	0.3257
chr1	677203	677204	39	0.0632
chr1	677245	677246	38	0.2529
chr1	677278	677279	41	0.1211
chr1	677296	677297	40	0.1198
chr1	677320	677321	42	0.1985
chr1	677342	677343	34	0.1159
chr1	677377	677378	35	0.1896
chr1	677418	677419	36	0.2576
chr1	677437	677438	33	0.1364
chr1	677456	677457	40	0.0746
chr1	677489	677490	41	0.2052
chr1	677539	677540	45	0.1958
chr1	677554	677555	40	0.265
chr1	677597	677598	35	0.1495
chr1	677623	677624	38	0.1908
chr1	677723	677724	35	0.2013
chr1	677823	677824	36	0.1443
chr1	677881	677882	38	0.1097
chr1	677931	677932	34	0.2542
chr1	678031	678032	46	0.3168
chr1	678092	678093	35	0.1434
chr1	678122	678123	50	0.1357
chr1	678136	678137	43	0.2538
chr1	678144	678145	41	0.079
chr1	678308	678309	39	0.3176
chr1	678492	678493	42	0.009
chr1	678544	678545	53	0.2029
chr1	678562	678563	56	0.2261
chr1	678578	678579	32	0.2077
chr1	678605	678606	41	0.1308
chr1	678655	678656	42	0.1258
chr1	678689	678690	39	0.1425
chr1	678704	678705	42	0.0425
chr1	678754	678755	47	0.1016
chr1	678804	678805	39	0.0
chr1	678852	678853	41	0.0
chr1	678875	678876	27	0.062
chr1	678902	678903	43	0.0864
chr1	678952	678953	34	0.0651
chr1	678996	678997	35	0.2194
chr1	679046	679047	36	0.0817
chr1	679069	679070	38	0.1643
chr1	679169	679170	39	0.0927
chr1	679219	679220	40	0.0778
chr1	679279	679280	41	0.0466
chr1	679379	679380	43	0.1706
chr1	679479	679480	45	0.0115
chr1	679537	679538	32	0.1498
chr1	679573	679574	35	0.0527
chr1	679578	679579	45	0.798
chr1	679628	679629	37	0.6407
chr1	679652	679653	50	0.646
chr1	679672	679673	40	0.6288
chr1	679691	679692	46	0.6509
chr1	679724	679725	34	0.5513
chr1	679774	679775	47	0.6374
chr1	679789	679790	39	0.7302
chr1	679816	679817	37	0.6152
chr1	679838	679839	38	0.7183
chr1	679861	679862	36	0.7322
chr1	679888	679889	37	0.7585
chr1	679910	679911	47	0.7853
chr1	679940	679941	45	0.7003
chr1	679958	679959	30	0.7798
chr1	679985	679986	37	0.7913
chr1	680009	680010	41	0.7939
chr1	680038	680039	47	0.5872
chr1	680067	680068	41	0.586
chr1	680082	680083	42	0.481
chr1	680098	680099	31	0.6826
chr1	680121	680122	34	0.6873
chr1	680210	680211	33	0.5245
chr1	680286	680287	35	0.6371
chr1	680385	680386	42	0.6555
chr1	680485	680486	30	0.6964
chr1	680584	680585	35	0.6146
chr1	680658	680659	48	0.5672
chr1	680670	680671	45	0.5725
chr1	680676	680677	47	0.7636
chr1	680736	680737	38	0.8122
chr1	680782	680783	35	0.6057
chr1	680842	680843	37	0.6654
chr1	680940	680941	41	0.6783
chr1	681038	681039	36	0.7781
chr1	681066	681067	33	0.7073
chr1	681107	681108	43	0.9836
chr1	681122	681123	43	0.6971
chr1	681147	681148	43	0.8224
chr1	681197	681198	31	0.774
chr1	681217	681218	36	0.6572
chr1	681264	681265	41	0.9282
chr1	681285	681286	42	0.7433
chr1	681310	681311	40	0.8915
chr1	681325	681326	38	0.8564
chr1	681364	681365	43	0.8627
chr1	681392	681393	42	0.762
chr1	681442	681443	35	0.772
chr1	681470	681471	44	0.9677
chr1	681507	681508	39	0.7889
chr1	681537	681538	43	0.7492
chr1	681580	681581	38	0.7988
chr1	681630	681631	39	0.8416
chr1	681660	681661	45	0.9211
chr1	681744	681745	27	0.8221
chr1	681844	681845	38	0.8107
chr1	681944	681945	42	0.7282
chr1	682044	682045	40	0.7473
chr1	682123	682124	46	0.87
chr1	682184	682185	34	0.7194
chr1	682224	682225	36	0.7891
chr1	682254	682255	44	0.8411
chr1	682262	682263	37	0.8692
chr1	682303	682304	43	1.0
chr1	682353	682354	32	0.9249
chr1	682369	682370	44	0.9895
chr1	682384	682385	38	0.917
chr1	682409	682410	44	0.96
chr1	682433	682434	39	0.9193
chr1	682456	682457	38	0.9242
chr1	682496	682497	39	0.9177
chr1	682511	682512	35	0.8918
chr1	682552	682553	40	0.9903
chr1	682574	682575	36	0.9248
chr1	682600	682601	31	0.9683
chr1	682619	682620	40	0.9893
chr1	682667	682668	39	0.8617
chr1	682715	682716	40	1.0
chr1	682738	682739	45	1.0
chr1	682755	682756	31	1.0
chr1	682855	682856	35	0.9663
chr1	682955	682956	39	0.8907
chr1	683021	683022	36	1.0
chr1	683121	683122	40	0.9973
chr1	683171	683172	36	0.9182
chr1	683179	683180	45	0.8844
chr1	683205	683206	42	0.9418
chr1	683265	683266	35	0.9692
chr1	683343	683344	37	0.896
chr1	683405	683406	45	0.8718
chr1	683483	683484	44	0.8254
chr1	683525	683526	48	0.8638
chr1	683555	683556	28	0.8734
chr1	683619	683620	29	0.8703
chr1	683641	683642	40	0.8335
chr1	683650	683651	39	0.0444
chr1	683676	683677	37	0.0557
chr1	683709	683710	37	0.0
chr1	683743	683744	44	0.0
chr1	683787	683788	43	0.0492
chr1	683823	683824	48	0.0015
chr1	683857	683858	35	0.0619
chr1	683876	683877	37	0.1143
chr1	683897	683898	33	0.0
chr1	683912	683913	45	0.136
chr1	683931	683932	41	0.0989
chr1	683960	683961	36	0.0752
chr1	683988	683989	44	0.0719
chr1	684019	684020	45	0.1285
chr1	684069	684070	35	0.0893
chr1	684113	684114	43	0.1212
chr1	684128	684129	40	0.0146
chr1	684145	684146	45	0.0694
chr1	684146	684147	32	0.1512
chr1	684246	684247	37	0.2272
chr1	684346	684347	39	0.0705
chr1	684446	684447	42	0.1233
chr1	684503	684504	42	0.0108
chr1	684603	684604	40	0.0092
chr1	684611	684612	34	0.0167
chr1	684619	684620	45	0.0778
chr1	684675	684676	44	0.1859
chr1	684679	684680	42	0.1583
chr1	684683	684684	42	0.1151
chr1	684709	684710	33	0.0465
chr1	684713	684714	44	0.0126
chr1	684963	684964	40	0.15
chr1	684983	684984	35	0.9446
chr1	685023	685024	45	0.7934
chr1	685072	685073	38	0.8921
chr1	685097	685098	50	0.8848
chr1	685118	685119	40	0.8296
chr1	685133	685134	38	0.7274
chr1	685165	685166	42	0.8477
chr1	685207	685208	32	0.8536
chr1	685227	685228	34	0.778
chr1	685274	685275	46	0.8246
chr1	685311	685312	46	0.6461
chr1	685335	685336	46	0.9231
chr1	685353	685354	34	0.8204
chr1	685391	685392	39	0.8491
chr1	685413	685414	36	0.797
chr1	685492	685493	39	0.9127
chr1	685588	685589	38	0.8683
chr1	685659	685660	35	0.8517
chr1	685759	685760	44	0.7262
chr1	685845	685846	38	0.7927
chr1	685855	685856	49	0.2668
chr1	685885	685886	37	0.2934
chr1	685932	685933	39	0.3137
chr1	685957	685958	41	0.2511
chr1	686000	686001	40	0.2049
chr1	686039	686040	36	0.2105
chr1	686072	686073	43	0.3023
chr1	686099	686100	44	0.2482
chr1	686149	686150	31	0.3984
chr1	686170	686171	35	0.3351
chr1	686220	686221	40	0.2446
chr1	686235	686236	40	0.3531
chr1	686250	686251	51	0.2735
chr1	686271	686272	42	0.3079
chr1	686286	686287	38	0.2856
chr1	686301	686302	41	0.2444
chr1	686327	686328	51	0.3338
chr1	686365	686366	42	0.1411
chr1	686465	686466	40	0.0967
chr1	686548	686549	45	0.3604
chr1	686648	686649	40	0.1973
chr1	686726	686727	40	0.3089
chr1	686826	686827	46	0.3076
chr1	686860	686861	41	0.2841
chr1	686912	686913	39	0.2487
chr1	686972	686973	40	0.2825
chr1	687022	687023	41	0.2707
chr1	687036	687037	38	0.3412
chr1	687040	687041	38	0.2537
chr1	687230	687231	33	0.1492
chr1	687314	687315	39	0.1881
chr1	687351	687352	32	0.6629
chr1	687379	687380	43	0.5665
chr1	687399	687400	38	0.6226
chr1	687427	687428	47	0.6465
chr1	687472	687473	46	0.6458
chr1	687492	687493	31	0.7769
chr1	687510	687511	38	0.5814
chr1	687542	687543	33	0.6333
chr1	687557	687558	32	0.5855
chr1	687606	687607	43	0.6713
chr1	687621	687622	34	0.599
chr1	687671	687672	39	0.5737
chr1	687686	687687	54	0.6306
chr1	687705	687706	40	0.4881
chr1	687729	687730	37	0.7658
chr1	687779	687780	35	0.6103
chr1	687812	687813	36	0.5154
chr1	687842	687843	39	0.7289
chr1	687892	687893	47	0.693
chr1	687914	687915	36	0.5837
chr1	688014	688015	37	0.7149
chr1	688086	688087	35	0.597
chr1	688186	688187	49	0.708
chr1	688251	688252	43	0.5925
chr1	688328	688329	37	0.5933
chr1	688378	688379	42	0.4425
chr1	688430	688431	41	0.7485
chr1	688456	688457	36	0.6915
chr1	688479	688480	36	0.9659
chr1	688512	688513	39	0.8665
chr1	688557	688558	47	0.9229
chr1	688589	688590	41	0.8695
chr1	688620	688621	42	0.8808
chr1	688647	688648	37	0.7611
chr1	688666	688667	44	0.8811
chr1	688684	688685	51	0.7139
chr1	688727	688728	39	0.8635
chr1	688774	688775	41	0.9385
chr1	688791	688792	48	0.7691
chr1	688821	688822	36	0.7497
chr1	688867	688868	28	0.6931
chr1	688917	688918	40	0.6798
chr1	688992	688993	38	0.8186
chr1	689092	689093	46	0.8416
chr1	689189	689190	35	0.7653
chr1	689289	689290	42	0.9385
chr1	689367	689368	37	0.8762
chr1	689413	689414	25	0.9264
chr1	689445	689446	47	0.7909
chr1	689469	689470	39	0.8741
chr1	689486	689487	39	0.9359
chr1	689501	689502	42	0.8715
chr1	689517	689518	36	0.9778
chr1	689565	689566	36	0.772
chr1	689603	689604	33	0.9684
chr1	689644	689645	40	0.7547
chr1	689662	689663	40	0.9412
chr1	689712	689713	42	0.8727
chr1	689740	689741	42	0.9479
chr1	689762	689763	39	0.9902
chr1	689786	689787	37	0.7885
chr1	689825	689826	36	0.9024
chr1	689852	689853	37	0.8492
chr1	689884	689885	43	0.9632
chr1	689934	689935	36	0.7981
chr1	689984	689985	31	0.9726
chr1	690068	690069	31	0.851
chr1	690118	690119	37	0.7839
chr1	690206	690207	42	0.9159
chr1	690302	690303	38	0.9438
chr1	690376	690377	35	0.882
chr1	690418	690419	38	0.7648
chr1	690437	690438	29	0.879
chr1	690462	690463	45	0.8554
chr1	690487	690488	34	0.8198
chr1	690537	690538	51	0.9587
chr1	690553	690554	35	0.978
chr1	690592	690593	44	0.7166
chr1	690614	690615	44	0.7338
chr1	690631	690632	47	0.9236
chr1	690657	690658	45	0.6836
chr1	690705	690706	39	0.8396
chr1	690755	690756	40	0.9255
chr1	690787	690788	52	0.7889
chr1	690808	690809	38	0.8888
chr1	690834	690835	43	0.7278
chr1	690868	690869	39	0.7836
chr1	690890	690891	38	0.8268
chr1	690898	690899	43	0.7923
chr1	690948	690949	47	0.821
chr1	690998	690999	51	0.8776
chr1	691048	691049	44	0.8083
chr1	691098	691099	37	0.9364
chr1	691198	691199	44	0.738
chr1	691298	691299	42	0.7472
chr1	691304	691305	41	0.9198
chr1	691312	691313	47	0.8517
chr1	691342	691343	38	0.0534
chr1	691372	691373	30	0.083
chr1	691387	691388	41	0.06
chr1	691426	691427	48	0.108
chr1	691445	691446	35	0.0829
chr1	691468	691469	45	0.0506
chr1	691496	691497	33	0.0143
chr1	691530	691531	33	0.1305
chr1	691556	691557	40	0.0889
chr1	691580	691581	34	0.0442
chr1	691612	691613	42	0.1619
chr1	691638	691639	43	0.032
chr1	691686	691687	41	0.0309
chr1	691709	691710	36	0.0
chr1	691734	691735	31	0.0775
chr1	691784	691785	41	0.1699
chr1	691834	691835	42	0.2133
chr1	691884	691885	43	0.0744
chr1	691929	691930	38	0.0029
chr1	692029	692030	36	0.0224
chr1	692119	692120	44	0.0865
chr1	692219	692220	40	0.0
chr1	692269	692270	44	0.0829
chr1	692369	692370	38	0.0171
chr1	692458	692459	40	0.0
chr1	692474	692475	41	0.1176
chr1	692482	692483	41	0.7582
chr1	692506	692507	46	0.9114
chr1	692556	692557	45	0.8678
chr1	692600	692601	42	0.8584
chr1	692622	692623	40	0.9133
chr1	692654	692655	32	0.7228
chr1	692696	692697	32	0.746
chr1	692736	692737	40	0.8552
chr1	692761	692762	34	0.8975
chr1	692805	692806	42	0.6894
chr1	692839	692840	30	0.8878
chr1	692889	692890	45	0.7254
chr1	692904	692905	41	0.707
chr1	692936	692937	38	0.7494
chr1	692938	692939	35	0.8183
chr1	693026	693027	43	0.7316
chr1	693126	693127	38	0.9704
chr1	693176	693177	39	0.8462
chr1	693276	693277	41	0.9286
chr1	693352	693353	43	0.8741
chr1	693410	693411	36	0.7421
chr1	693478	693479	37	0.7333
chr1	693490	693491	34	0.7855
chr1	693572	693573	44	0.9251
chr1	693660	693661	38	0.9291
chr1	693664	693665	40	0.7891
chr1	693788	693789	43	0.8255
chr1	693797	693798	40	0.0596
chr1	693828	693829	41	0.1667
chr1	693867	693868	37	0.1014
chr1	693888	693889	40	0.0614
chr1	693903	693904	44	0.0164
chr1	693943	693944	38	0.1795
chr1	693991	693992	40	0.0373
chr1	694015	694016	40	0.2059
chr1	694036	694037	45	0.0781
chr1	694086	694087	45	0.0136
chr1	694109	694110	39	0.1076
chr1	694127	694128	36	0.2566
chr1	694177	694178	39	0.1458
chr1	694224	694225	42	0.1393
chr1	694268	694269	33	0.3023
chr1	694274	694275	36	0.1881
chr1	694374	694375	37	0.0313
chr1	694470	694471	28	0.0275
chr1	694533	694534	42	0.2297
chr1	694633	694634	38	0.0557
chr1	694733	694734	40	0.0938
chr1	694905	694906	33	0.117
chr1	695035	695036	37	0.1466
chr1	695055	695056	42	0.1439
chr1	695109	695110	40	0.1049
chr1	695173	695174	40	0.2177
chr1	695209	695210	42	0.0105
chr1	695237	695238	29	0.6868
chr1	695265	695266	46	0.6597
chr1	695287	695288	38	0.6007
chr1	695303	695304	45	0.6621
chr1	695332	695333	44	0.6967
chr1	695372	695373	39	0.4872
chr1	695387	695388	36	0.3734
chr1	695437	695438	48	0.7449
chr1	695487	695488	37	0.7227
chr1	695513	695514	43	0.8481
chr1	695557	695558	47	0.5959
chr1	695590	695591	34	0.554
chr1	695640	695641	43	0.4819
chr1	695655	695656	41	0.8476
chr1	695665	695666	43	0.7365
chr1	695765	695766	36	0.6853
chr1	695865	695866	40	0.6127
chr1	695915	695916	41	0.619
chr1	696008	696009	40	0.5579
chr1	696058	696059	43	0.5284
chr1	696139	696140	37	0.8046
chr1	696163	696164	31	0.6669
chr1	696179	696180	37	0.7527
chr1	696229	696230	45	0.6832
chr1	696244	696245	32	0.7122
chr1	696259	696260	32	0.9196
chr1	696283	696284	36	0.7108
chr1	696333	696334	46	0.8996
chr1	696355	696356	40	0.7727
chr1	696395	696396	37	0.8633
chr1	696414	696415	45	0.8711
chr1	696430	696431	47	0.917
chr1	696477	696478	34	0.7028
chr1	696508	696509	39	0.7984
chr1	696537	696538	35	0.7785
chr1	696560	696561	40	0.848
chr1	696579	696580	45	0.7086
chr1	696611	696612	38	0.7537
chr1	696639	696640	44	0.7746
chr1	696666	696667	39	0.9386
chr1	696680	696681	35	0.6561
chr1	696780	696781	50	0.6959
chr1	696840	696841	52	0.85
chr1	696890	696891	42	0.8078
chr1	696990	696991	40	0.8746
chr1	697090	697091	34	0.772
chr1	697148	697149	36	0.7871
chr1	697164	697165	44	0.807
chr1	697183	697184	36	0.8303
chr1	697229	697230	34	0.5837
chr1	697261	697262	46	0.5729
chr1	697294	697295	29	0.5187
chr1	697318	697319	38	0.5763
chr1	697333	697334	40	0.6366
chr1	697365	697366	34	0.7279
chr1	697411	697412	38	0.75
chr1	697454	697455	48	0.701
chr1	697483	697484	47	0.7295
chr1	697506	697507	42	0.632
chr1	697521	697522	41	0.6527
chr1	697571	697572	42	0.7085
chr1	697608	697609	43	0.685
chr1	697625	697626	35	0.7277
chr1	697639	697640	41	0.5505
chr1	697739	697740	49	0.689
chr1	697812	697813	37	0.7161
chr1	697872	697873	47	0.8225
chr1	697961	697962	36	0.833
chr1	698014	698015	38	0.8371
chr1	698090	698091	36	0.7328
chr1	698138	698139	42	0.5671
chr1	698176	698177	39	0.8174
chr1	698226	698227	36	0.828
chr1	698270	698271	32	0.7901
chr1	698304	698305	48	0.9634
chr1	698354	698355	38	0.9164
chr1	698404	698405	39	0.7467
chr1	698430	698431	44	0.8963
chr1	698448	698449	37	0.7838
chr1	698486	698487	44	0.7968
chr1	698501	698502	39	0.6033
chr1	698539	698540	38	0.7323
chr1	698557	698558	47	0.8365
chr1	698602	698603	32	0.9926
chr1	698652	698653	38	0.8337
chr1	698686	698687	41	0.7736
chr1	698716	698717	31	1.0
chr1	698727	698728	39	0.851
chr1	698827	698828	37	0.8641
chr1	698927	698928	38	0.6821
chr1	699027	699028	38	0.8977
chr1	699077	699078	46	0.8413
chr1	699141	699142	39	0.7953
chr1	699191	699192	34	0.6913
chr1	699196	699197	37	0.0116
chr1	699216	699217	38	0.0955
chr1	699239	699240	43	0.0864
chr1	699262	699263	41	0.0953
chr1	699312	699313	40	0.1895
chr1	699327	699328	39	0.1845
chr1	699354	699355	43	0.1806
chr1	699401	699402	49	0.1118
chr1	699451	699452	29	0.1708
chr1	699475	699476	37	0.067
chr1	699501	699502	43	0.1854
chr1	699548	699549	35	0.0766
chr1	699598	699599	36	0.1113
chr1	699613	699614	42	0.3283
chr1	699660	699661	40	0.0315
chr1	699711	699712	48	0.0606
chr1	699784	699785	33	0.2105
chr1	699884	699885	38	0.1527
chr1	699980	699981	42	0.1292
chr1	700080	700081	36	0.0134
chr1	700304	700305	40	0.1071
chr1	700312	700313	37	0.1123
chr1	700328	700329	41	0.1424
chr1	700336	700337	47	0.0982
chr1	700402	700403	47	0.088
chr1	700428	700429	26	0.279
chr1	700566	700567	33	0.0873
chr1	700615	700616	39	0.5311
chr1	700665	700666	40	0.7388
chr1	700692	700693	46	0.7602
chr1	700718	700719	39	0.772
chr1	700760	700761	42	0.771
chr1	700781	700782	42	0.6163
chr1	700805	700806	58	0.5317
chr1	700820	700821	40	0.6994
chr1	700835	700836	39	0.7011
chr1	700859	700860	41	0.589
chr1	700874	700875	33	0.6885
chr1	700920	700921	40	0.7076
chr1	700935	700936	45	0.6646
chr1	700979	700980	40	0.6147
chr1	701028	701029	39	0.6861
chr1	701056	701057	34	0.8655
chr1	701086	701087	34	0.653
chr1	701104	701105	38	0.6113
chr1	701140	701141	45	0.6173
chr1	701178	701179	39	0.7686
chr1	701230	701231	45	0.5042
chr1	701330	701331	32	0.6452
chr1	701430	701431	38	0.6788
chr1	701480	701481	30	0.6505
chr1	701580	701581	46	0.566
chr1	701680	701681	37	0.528
chr1	701730	701731	43	0.5262
chr1	701784	701785	43	0.6615
chr1	701814	701815	43	0.5628
chr1	701819	701820	36	0.8991
chr1	701847	701848	43	0.9302
chr1	701874	701875	38	0.6403
chr1	701906	701907	34	0.9153
chr1	701932	701933	37	0.824
chr1	701967	701968	33	0.8989
chr1	701988	701989	37	0.7339
chr1	702038	702039	44	0.6658
chr1	702067	702068	38	0.6675
chr1	702105	702106	44	0.8031
chr1	702125	702126	43	0.7315
chr1	702173	702174	34	0.712
chr1	702206	702207	40	0.7409
chr1	702252	702253	37	0.7138
chr1	702284	702285	37	0.8619
chr1	702310	702311	39	0.8613
chr1	702348	702349	36	0.5864
chr1	702365	702366	47	0.6256
chr1	702436	702437	39	0.7337
chr1	702509	702510	43	0.7653
chr1	702593	702594	46	0.7514
chr1	702685	702686	39	0.7983
chr1	702774	702775	43	0.7658
chr1	702874	702875	36	0.9097
chr1	702978	702979	37	1.0
chr1	703162	703163	44	0.8354
chr1	703210	703211	51	0.7267
chr1	703232	703233	47	0.6932
chr1	703330	703331	41	0.6356
chr1	703377	703378	46	0.9219
chr1	703427	703428	43	0.824
chr1	703477	703478	37	0.9349
chr1	703506	703507	43	0.6279
chr1	703533	703534	37	0.8573
chr1	703549	703550	48	0.9489
chr1	703570	703571	43	0.7266
chr1	703601	703602	34	0.8833
chr1	703651	703652	39	0.9023
chr1	703666	703667	43	0.9712
chr1	703707	703708	37	0.9088
chr1	703723	703724	51	0.7402
chr1	703750	703751	40	0.7296
chr1	703775	703776	40	0.8309
chr1	703816	703817	40	0.7726
chr1	703851	703852	48	0.8423
chr1	703856	703857	30	0.7842
chr1	703956	703957	39	0.7849
chr1	704056	704057	35	0.9291
chr1	704140	704141	34	0.8172
chr1	704240	704241	37	0.7948
chr1	704301	704302	40	0.6801
chr1	704309	704310	46	0.8506
chr1	704385	704386	55	0.8516
chr1	704391	704392	46	0.8442
chr1	704419	704420	35	0.7299
chr1	704449	704450	37	0.744
chr1	704477	704478	40	0.766
chr1	704513	704514	36	0.7921
chr1	704535	704536	45	0.8157
chr1	704559	704560	41	0.8154
chr1	704607	704608	47	0.7941
chr1	704626	704627	44	0.712
chr1	704645	704646	35	0.7239
chr1	704663	704664	27	0.7766
chr1	704699	704700	44	0.8135
chr1	704724	704725	41	0.8882
chr1	704745	704746	43	0.8885
chr1	704795	704796	39	0.6785
chr1	704836	704837	43	0.765
chr1	704838	704839	37	0.8859
chr1	704888	704889	46	0.7126
chr1	704958	704959	33	0.8285
chr1	705054	705055	39	0.767
chr1	705106	705107	41	0.7832
chr1	705173	705174	37	0.9292
chr1	705273	705274	25	0.817
chr1	705281	705282	37	0.8055
chr1	705331	705332	31	0.8096
chr1	705373	705374	35	0.7985
chr1	705411	705412	48	0.8762
chr1	705419	705420	44	0.6173
chr1	705435	705436	34	0.6707
chr1	705523	705524	30	0.7086
chr1	705529	705530	43	0.6754
chr1	705543	705544	36	0.7363
chr1	705597	705598	39	0.8669
chr1	705607	705608	52	0.7541
chr1	705638	705639	49	0.8245
chr1	705663	705664	48	0.7873
chr1	705698	705699	37	0.7997
chr1	705732	705733	34	0.4955
chr1	705779	705780	38	0.9301
chr1	705816	705817	44	0.7865
chr1	705866	705867	40	0.6844
chr1	705881	705882	36	0.6374
chr1	705910	705911	35	0.6929
chr1	705942	705943	31	0.5982
chr1	705974	705975	43	0.6522
chr1	705994	705995	37	0.5261
chr1	706044	706045	41	0.7762
chr1	706066	706067	39	0.9611
chr1	706080	706081	39	0.8661
chr1	706180	706181	40	0.78
chr1	706280	706281	39	0.8033
chr1	706330	706331	46	0.7349
chr1	706430	706431	37	0.6985
chr1	706530	706531	45	0.7348
chr1	706538	706539	39	0.7497
chr1	706708	706709	37	0.4939
chr1	706752	706753	47	0.7972
chr1	706788	706789	35	0.7239
chr1	707010	707011	37	0.7328
chr1	707022	707023	30	0.7096
chr1	707028	707029	39	0.5943
chr1	707045	707046	46	0.5836
chr1	707079	707080	38	0.7425
chr1	707097	707098	43	0.682
chr1	707120	707121	43	0.7256
chr1	707155	707156	37	0.5971
chr1	707173	707174	36	0.6606
chr1	707197	707198	40	0.7631
chr1	707212	707213	44	0.7927
chr1	707248	707249	30	0.7885
chr1	707266	707267	40	0.5913
chr1	707288	707289	47	0.7293
chr1	707306	707307	30	0.6957
chr1	707328	707329	42	0.655
chr1	707353	707354	35	0.5796
chr1	707379	707380	43	0.737
chr1	707424	707425	40	0.7048
chr1	707466	707467	33	0.8286
chr1	707481	707482	40	0.541
chr1	707528	707529	45	0.7103
chr1	707578	707579	41	0.599
chr1	707608	707609	41	0.7499
chr1	707628	707629	35	0.7481
chr1	707653	707654	44	0.6651
chr1	707741	707742	28	0.7402
chr1	707841	707842	33	0.7429
chr1	707895	707896	38	0.7238
chr1	707958	707959	34	0.7823
chr1	708058	708059	41	0.6203
chr1	708158	708159	44	0.6111
chr1	708220	708221	41	0.6255
chr1	708262	708263	42	0.6554
chr1	708291	708292	46	0.6565
chr1	708341	708342	45	0.6186
chr1	708359	708360	37	0.6241
chr1	708376	708377	33	0.7078
chr1	708406	708407	46	0.7019
chr1	708428	708429	34	0.6406
chr1	708443	708444	46	0.6695
chr1	708467	708468	30	0.6864
chr1	708483	708484	38	0.6816
chr1	708521	708522	33	0.7489
chr1	708547	708548	34	0.6775
chr1	708580	708581	44	0.7716
chr1	708607	708608	48	0.7314
chr1	708654	708655	41	0.5611
chr1	708681	708682	42	0.7338
chr1	708727	708728	37	0.8153
chr1	708777	708778	50	0.5834
chr1	708800	708801	37	0.7603
chr1	708814	708815	34	0.5024
chr1	708914	708915	50	0.5962
chr1	709014	709015	39	0.8322
chr1	709100	709101	30	0.8294
chr1	709200	709201	42	0.7095
chr1	709262	709263	40	0.7548
chr1	709284	709285	33	0.6791
chr1	709294	709295	35	0.6218
chr1	709312	709313	32	0.746
chr1	709358	709359	42	0.7731
chr1	709379	709380	43	0.6971
chr1	709402	709403	41	0.8133
chr1	709418	709419	35	0.6796
chr1	709463	709464	41	0.8244
chr1	709510	709511	32	0.6839
chr1	709536	709537	40	0.8182
chr1	709570	709571	46	0.7311
chr1	709603	709604	34	0.5867
chr1	709653	709654	34	0.7607
chr1	709703	709704	45	0.5658
chr1	709732	709733	32	0.9348
chr1	709771	709772	33	0.6402
chr1	709813	709814	37	0.8002
chr1	709847	709848	45	0.6637
chr1	709897	709898	37	0.7566
chr1	709997	709998	39	0.7518
chr1	710097	710098	38	0.6736
chr1	710197	710198	40	0.6953
chr1	710297	710298	41	0.6645
chr1	710372	710373	38	0.7481
chr1	710414	710415	32	0.7316
chr1	710450	710451	39	0.8715
chr1	710499	710500	41	0.9908
chr1	710524	710525	45	1.0
chr1	710544	710545	32	0.9152
chr1	710582	710583	41	0.8695
chr1	710629	710630	40	0.9716
chr1	710644	710645	36	0.9742
chr1	710694	710695	42	0.979
chr1	710729	710730	37	0.9254
chr1	710766	710767	43	0.943
chr1	710803	710804	31	0.8981
chr1	710820	710821	38	0.9826
chr1	710843	710844	37	1.0
chr1	710858	710859	46	1.0
chr1	710877	710878	45	0.9452
chr1	710899	710900	42	0.9069
chr1	710925	710926	38	0.9265
chr1	710975	710976	24	1.0
chr1	711000	711001	39	0.8826
chr1	711001	711002	41	0.9525
chr1	711101	711102	41	0.9886
chr1	711151	711152	44	0.9184
chr1	711251	711252	39	0.8666
chr1	711351	711352	39	0.8677
chr1	711451	711452	37	0.9975
chr1	711505	711506	39	0.9015
chr1	711519	711520	35	0.8108
chr1	711551	711552	35	0.7792
chr1	711589	711590	38	0.9306
chr1	711607	711608	39	0.8228
chr1	711637	711638	46	0.8199
chr1	711687	711688	34	0.8598
chr1	711716	711717	44	0.8338
chr1	711735	711736	37	0.9466
chr1	711774	711775	28	0.8131
chr1	711797	711798	43	0.8747
chr1	711825	711826	39	1.0
chr1	711847	711848	42	0.8765
chr1	711878	711879	28	0.8185
chr1	711898	711899	49	0.8766
chr1	711948	711949	41	0.8217
chr1	711964	711965	38	0.9184
chr1	712014	712015	49	0.7905
chr1	712064	712065	37	0.7769
chr1	712068	712069	38	0.9453
chr1	712168	712169	42	1.0
chr1	712238	712239	41	0.9522
chr1	712338	712339	47	1.0
chr1	712438	712439	33	0.8964
chr1	712538	712539	38	0.886
chr1	712596	712597	39	0.886
chr1	712601	712602	41	0.8864
chr1	712649	712650	30	0.9246
chr1	712699	712700	39	0.9917
chr1	712749	712750	36	0.9191
chr1	712780	712781	44	0.8799
chr1	712799	712800	42	0.7987
chr1	712814	712815	40	0.8285
chr1	712849	712850	38	0.9609
chr1	712885	712886	43	0.8227
chr1	712900	712901	39	0.8926
chr1	712921	712922	42	0.9499
chr1	712949	712950	37	0.7519
chr1	712971	712972	40	0.895
chr1	713000	713001	38	0.973
chr1	713050	713051	36	0.7001
chr1	713087	713088	36	0.9607
chr1	713102	713103	37	0.8572
chr1	713135	713136	47	0.9655
chr1	713207	713208	41	0.9276
chr1	713307	713308	40	0.76
chr1	713390	713391	37	0.8232
chr1	713490	713491	31	0.942
chr1	713590	713591	31	1.0
chr1	713666	713667	41	0.8254
chr1	713718	713719	44	0.9291
chr1	713760	713761	43	0.8856
chr1	713810	713811	44	0.8456
chr1	713882	713883	41	0.8191
chr1	713888	713889	46	0.8621
chr1	713914	713915	34	0.8361
chr1	713984	713985	40	0.7941
chr1	713996	713997	36	0.9092
chr1	714070	714071	44	0.7344
chr1	714158	714159	35	0.729
chr1	714167	714168	51	0.617
chr1	714217	714218	46	0.9273
chr1	714240	714241	28	0.7408
chr1	714265	714266	39	0.9469
chr1	714283	714284	33	0.8958
chr1	714327	714328	35	0.8874
chr1	714351	714352	38	0.7429
chr1	714392	714393	43	0.7991
chr1	714449	714450	48	0.8702
chr1	714499	714500	41	0.8639
chr1	714514	714515	34	0.7826
chr1	714559	714560	39	0.7267
chr1	714589	714590	37	0.8855
chr1	714625	714626	41	0.868
chr1	714664	714665	43	0.8158
chr1	714665	714666	42	0.756
chr1	714765	714766	43	0.7937
chr1	714855	714856	42	0.7516
chr1	714943	714944	36	0.7099
chr1	715043	715044	39	0.8524
chr1	715143	715144	39	0.8248
chr1	715317	715318	34	0.6495
chr1	715319	715320	44	0.8313
chr1	715361	715362	39	0.5607
chr1	715615	715616	33	0.6829
chr1	715617	715618	42	0.7132
chr1	715623	715624	36	0.6678
chr1	715629	715630	40	0.9157
chr1	715679	715680	42	0.7627
chr1	715701	715702	38	0.8257
chr1	715717	715718	28	0.8063
chr1	715767	715768	30	0.7304
chr1	715784	715785	40	0.858
chr1	715806	715807	34	0.8892
chr1	715822	715823	47	0.9422
chr1	715860	715861	35	0.7336
chr1	715892	715893	43	0.709
chr1	715910	715911	43	0.7431
chr1	715934	715935	35	0.9203
chr1	715981	715982	37	0.8519
chr1	716031	716032	39	0.7573
chr1	716081	716082	42	0.6455
chr1	716100	716101	40	0.853
chr1	716142	716143	39	0.7828
chr1	716152	716153	47	0.8541
chr1	716252	716253	46	0.8023
chr1	716352	716353	40	0.7198
chr1	716413	716414	38	0.8183
chr1	716513	716514	33	0.8346
chr1	716602	716603	36	0.7258
chr1	716655	716656	38	0.7529
chr1	716715	716716	34	0.8687
chr1	716743	716744	42	0.8711
chr1	716761	716762	32	0.8273
chr1	716789	716790	40	0.7163
chr1	716807	716808	37	0.9659
chr1	716869	716870	46	0.8853
chr1	716913	716914	38	0.6855
chr1	716927	716928	49	0.9025
chr1	716979	716980	45	0.6634
chr1	716989	716990	39	0.5622
chr1	717012	717013	31	0.8254
chr1	717037	717038	36	0.7501
chr1	717053	717054	46	0.8583
chr1	717103	717104	45	0.717
chr1	717135	717136	41	0.7887
chr1	717162	717163	46	0.789
chr1	717178	717179	33	0.7259
chr1	717206	717207	32	0.82
chr1	717240	717241	45	0.8109
chr1	717290	717291	36	0.6355
chr1	717319	717320	35	0.6743
chr1	717334	717335	34	0.8464
chr1	717413	717414	30	0.8665
chr1	717513	717514	33	0.7814
chr1	717613	717614	43	0.8697
chr1	717685	717686	41	0.8048
chr1	717713	717714	38	0.8555
chr1	717720	717721	43	0.2152
chr1	717745	717746	35	0.1631
chr1	717790	717791	40	0.2275
chr1	717816	717817	35	0.0919
chr1	717866	717867	50	0.1719
chr1	717888	717889	42	0.3649
chr1	717903	717904	46	0.0758
chr1	717925	717926	38	0.2298
chr1	717950	717951	33	0.2303
chr1	717993	717994	39	0.0524
chr1	718023	718024	30	0.2882
chr1	718068	718069	35	0.3357
chr1	718095	718096	33	0.1475
chr1	718121	718122	37	0.361
chr1	718171	718172	41	0.2894
chr1	718219	718220	38	0.1287
chr1	718244	718245	37	0.0
chr1	718256	718257	35	0.1025
chr1	718306	718307	43	0.1076
chr1	718356	718357	44	0.3036
chr1	718456	718457	34	0.1783
chr1	718556	718557	39	0.1039
chr1	718646	718647	44	0.0986
chr1	718736	718737	38	0.2679
chr1	718780	718781	43	0.0924
chr1	718924	718925	32	0.2835
chr1	719018	719019	43	0.2263
chr1	719086	719087	32	0.3743
chr1	719142	719143	41	0.0485
chr1	719162	719163	46	0.2163
chr1	719178	719179	42	0.2716
chr1	719185	719186	43	0.7085
chr1	719222	719223	35	0.8722
chr1	719250	719251	36	0.7969
chr1	719281	719282	39	0.8533
chr1	719300	719301	35	0.8098
chr1	719315	719316	37	0.8327
chr1	719357	719358	43	0.7818
chr1	719393	719394	26	0.7745
chr1	719443	719444	34	0.7201
chr1	719493	719494	32	0.9731
chr1	719522	719523	39	0.6401
chr1	719572	719573	28	0.8067
chr1	719603	719604	42	0.8916
chr1	719653	719654	38	0.9784
chr1	719667	719668	38	0.7614
chr1	719757	719758	42	0.9484
chr1	719857	719858	40	0.6939
chr1	719957	719958	40	0.771
chr1	720057	720058	38	0.8856
chr1	720139	720140	43	0.8004
chr1	720177	720178	37	0.7256
chr1	720233	720234	43	0.8394
chr1	720245	720246	36	0.9317
chr1	720353	720354	33	0.8696
chr1	720443	720444	36	0.7594
chr1	720467	720468	45	0.8275
chr1	720491	720492	34	0.6209
chr1	720629	720630	43	0.8149
chr1	720640	720641	47	0.7031
chr1	720684	720685	39	0.5189
chr1	720699	720700	39	0.7987
chr1	720714	720715	43	0.5768
chr1	720764	720765	44	0.8184
chr1	720804	720805	36	0.6825
chr1	720819	720820	49	0.6012
chr1	720848	720849	41	0.7166
chr1	720868	720869	36	0.6899
chr1	720883	720884	41	0.7884
chr1	720911	720912	44	0.8512
chr1	720930	720931	35	0.7671
chr1	720970	720971	47	0.7727
chr1	720992	720993	45	0.8827
chr1	721011	721012	40	0.7374
chr1	721060	721061	42	0.5614
chr1	721085	721086	34	0.7817
chr1	721113	721114	45	0.7063
chr1	721135	721136	43	0.6648
chr1	721158	721159	44	0.8652
chr1	721170	721171	42	0.7095
chr1	721270	721271	43	0.6055
chr1	721364	721365	37	0.674
chr1	721464	721465	31	0.6175
chr1	721564	721565	41	0.5879
chr1	721642	721643	34	0.6599
chr1	721648	721649	42	0.7372
chr1	721664	721665	44	0.7106
chr1	721705	721706	36	0.6672
chr1	721742	721743	43	0.8856
chr1	721765	721766	36	0.7277
chr1	721815	721816	38	0.698
chr1	721830	721831	40	0.8027
chr1	721856	721857	46	0.6494
chr1	721884	721885	40	0.6979
chr1	721914	721915	47	0.6664
chr1	721933	721934	40	0.7799
chr1	721956	721957	42	0.5958
chr1	721972	721973	34	0.7978
chr1	722022	722023	37	0.7408
chr1	722045	722046	44	0.6938
chr1	722068	722069	36	0.859
chr1	722118	722119	31	0.7125
chr1	722140	722141	34	0.7576
chr1	722164	722165	40	0.5909
chr1	722188	722189	42	0.6423
chr1	722288	722289	43	0.5892
chr1	722388	722389	35	0.5927
chr1	722488	722489	37	0.6699
chr1	722588	722589	38	0.7917
chr1	722608	722609	37	0.8145
chr1	722622	722623	38	0.104
chr1	722664	722665	39	0.0951
chr1	722679	722680	31	0.0951
chr1	722716	722717	43	0.0
chr1	722765	722766	39	0.0551
chr1	722797	722798	43	0.0854
chr1	722827	722828	45	0.1175
chr1	722877	722878	38	0.1199
chr1	722927	722928	42	0.1072
chr1	722942	722943	45	0.0838
chr1	722957	722958	32	0.0427
chr1	722992	722993	36	0.0911
chr1	723026	723027	34	0.0
chr1	723058	723059	43	0.1134
chr1	723075	723076	36	0.1642
chr1	723105	723106	34	0.0809
chr1	723132	723133	38	0.192
chr1	723180	723181	43	0.3181
chr1	723183	723184	39	0.1252
chr1	723283	723284	41	0.1559
chr1	723383	723384	44	0.0989
chr1	723483	723484	40	0.1929
chr1	723576	723577	37	0.1186
chr1	723671	723672	38	0.1093
chr1	723717	723718	44	0.1309
chr1	723724	723725	38	0.2398
chr1	723756	723757	44	0.2112
chr1	723806	723807	40	0.3672
chr1	723821	723822	38	0.2889
chr1	723849	723850	43	0.2652
chr1	723880	723881	43	0.2809
chr1	723905	723906	35	0.4995
chr1	723920	723921	51	0.2715
chr1	723941	723942	32	0.2136
chr1	723956	723957	46	0.2288
chr1	723999	724000	41	0.2869
chr1	724049	724050	41	0.3342
chr1	724078	724079	39	0.4073
chr1	724128	724129	38	0.3969
chr1	724178	724179	40	0.1056
chr1	724228	724229	48	0.1747
chr1	724266	724267	41	0.291
chr1	724284	724285	38	0.1597
chr1	724484	724485	46	0.302
chr1	724548	724549	38	0.2586
chr1	724648	724649	39	0.1977
chr1	724748	724749	39	0.3015
chr1	724750	724751	41	0.306
chr1	724778	724779	45	0.3923
chr1	724878	724879	31	0.3188
chr1	724920	724921	41	0.3211
chr1	725112	725113	38	0.3881
chr1	725161	725162	32	0.7524
chr1	725193	725194	37	0.8723
chr1	725237	725238	36	0.7491
chr1	725267	725268	39	0.6872
chr1	725297	725298	39	0.8057
chr1	725326	725327	46	0.8365
chr1	725363	725364	45	0.7624
chr1	725378	725379	39	0.8958
chr1	725426	725427	35	0.8254
chr1	725470	725471	34	0.9023
chr1	725485	725486	44	0.8901
chr1	725519	725520	37	0.8123
chr1	725569	725570	45	0.8864
chr1	725592	725593	37	0.8987
chr1	725642	725643	38	0.8543
chr1	725670	725671	40	0.8357
chr1	725695	725696	42	0.8269
chr1	725708	725709	42	0.785
chr1	725794	725795	32	0.8655
chr1	725874	725875	47	0.7484
chr1	725974	725975	39	0.8635
chr1	726049	726050	36	0.862
chr1	726149	726150	40	0.8428
chr1	726199	726200	45	0.8141
chr1	726249	726250	40	0.6226
chr1	726251	726252	37	0.8072
chr1	726261	726262	37	0.9057
chr1	726296	726297	39	0.8387
chr1	726323	726324	45	0.7174
chr1	726343	726344	43	0.8209
chr1	726367	726368	30	0.7684
chr1	726385	726386	33	0.8574
chr1	726400	726401	35	0.9481
chr1	726416	726417	45	0.7587
chr1	726444	726445	42	0.6933
chr1	726494	726495	46	0.6143
chr1	726520	726521	43	0.7294
chr1	726541	726542	39	0.8135
chr1	726591	726592	48	0.936
chr1	726641	726642	46	0.709
chr1	726691	726692	48	0.732
chr1	726711	726712	38	0.6623
chr1	726729	726730	31	0.8766
chr1	726796	726797	32	0.8536
chr1	726896	726897	39	0.7118
chr1	726996	726997	38	0.7246
chr1	727055	727056	36	0.7621
chr1	727155	727156	38	0.7544
chr1	727171	727172	42	0.7133
chr1	727197	727198	52	0.7969
chr1	727247	727248	40	0.7464
chr1	727521	727522	36	0.8027
chr1	727557	727558	33	0.7115
chr1	727613	727614	38	0.8121
chr1	727635	727636	48	0.6962
chr1	727657	727658	44	0.5654
chr1	727707	727708	36	0.8243
chr1	727729	727730	36	0.8421
chr1	727751	727752	27	0.8185
chr1	727784	727785	44	0.8799
chr1	727805	727806	43	0.7056
chr1	727837	727838	42	0.8201
chr1	727887	727888	44	0.8874
chr1	727917	727918	34	0.8087
chr1	727934	727935	36	0.6412
chr1	727982	727983	39	0.5563
chr1	728022	728023	41	0.7214
chr1	728053	728054	38	0.6634
chr1	728083	728084	37	0.6544
chr1	728108	728109	31	0.7974
chr1	728139	728140	45	0.6884
chr1	728339	728340	35	0.8105
chr1	728439	728440	42	0.7918
chr1	728539	728540	40	0.754
chr1	728639	728640	42	0.7742
chr1	728687	728688	31	0.7255
chr1	728711	728712	43	0.8215
chr1	728726	728727	43	0.8426
chr1	728746	728747	40	0.9436
chr1	728761	728762	32	0.8957
chr1	728804	728805	48	0.7105
chr1	728854	728855	36	0.7645
chr1	728877	728878	41	0.8002
chr1	728898	728899	43	0.9392
chr1	728921	728922	41	0.7741
chr1	728970	728971	41	0.9047
chr1	729007	729008	39	0.9357
chr1	729027	729028	37	0.8496
chr1	729067	729068	51	0.9928
chr1	729084	729085	40	0.841
chr1	729117	729118	37	0.8566
chr1	729141	729142	35	0.8247
chr1	729156	729157	40	0.7113
chr1	729173	729174	35	0.6763
chr1	729202	729203	45	0.7848
chr1	729302	729303	33	0.8865
chr1	729400	729401	46	0.8578
chr1	729500	729501	32	0.882
chr1	729600	729601	36	0.6688
chr1	729672	729673	47	0.7033
chr1	729766	729767	39	0.871
chr1	729768	729769	38	0.7654
chr1	729777	729778	53	0.2117
chr1	729806	729807	41	0.2449
chr1	729821	729822	38	0.1897
chr1	729871	729872	38	0.1059
chr1	729907	729908	32	0.1559
chr1	729922	729923	43	0.1909
chr1	729972	729973	39	0.1441
chr1	730007	730008	36	0.2106
chr1	730027	730028	44	0.3139
chr1	730077	730078	46	0.1947
chr1	730127	730128	34	0.3317
chr1	730172	730173	41	0.2835
chr1	730196	730197	41	0.3245
chr1	730296	730297	37	0.1947
chr1	730346	730347	39	0.1248
chr1	730419	730420	32	0.1019
chr1	730514	730515	40	0.2157
chr1	730582	730583	34	0.2724
chr1	730608	730609	38	0.2162
chr1	730658	730659	45	0.3503
chr1	730700	730701	40	0.1971
chr1	730744	730745	37	0.2068
chr1	730848	730849	41	0.2837
chr1	731014	731015	42	0.2703
chr1	731018	731019	36	0.3117
chr1	731020	731021	51	0.2249
chr1	731037	731038	40	0.8786
chr1	731068	731069	30	0.9047
chr1	731118	731119	39	0.9364
chr1	731133	731134	45	0.9321
chr1	731174	731175	44	0.845
chr1	731198	731199	33	0.9494
chr1	731215	731216	43	0.9444
chr1	731230	731231	31	0.9001
chr1	731246	731247	35	0.8254
chr1	731296	731297	37	0.8322
chr1	731327	731328	39	0.8998
chr1	731343	731344	43	0.9358
chr1	731358	731359	54	1.0
chr1	731373	731374	37	0.898
chr1	731395	731396	29	0.8374
chr1	731410	731411	41	0.8584
chr1	731431	731432	37	0.9067
chr1	731454	731455	52	0.913
chr1	731493	731494	54	0.8952
chr1	731538	731539	33	0.8018
chr1	731588	731589	37	0.7616
chr1	731589	731590	40	0.7446
chr1	731689	731690	43	1.0
chr1	731764	731765	40	0.9034
chr1	731864	731865	45	0.7996
chr1	731964	731965	37	0.8556
chr1	732064	732065	39	0.987
chr1	732072	732073	24	0.9096
chr1	732116	732117	41	0.0458
chr1	732149	732150	31	0.0957
chr1	732189	732190	37	0.0
chr1	732217	732218	38	0.0
chr1	732235	732236	37	0.0098
chr1	732262	732263	39	0.0258
chr1	732286	732287	34	0.0285
chr1	732314	732315	37	0.0807
chr1	732351	732352	43	0.0
chr1	732393	732394	35	0.0543
chr1	732447	732448	41	0.0749
chr1	732475	732476	40	0.0
chr1	732490	732491	33	0.0229
chr1	732537	732538	37	0.0189
chr1	732570	732571	40	0.0974
chr1	732585	732586	39	0.0
chr1	732610	732611	45	0.0916
chr1	732612	732613	39	0.0986
chr1	732712	732713	41	0.0308
chr1	732793	732794	42	0.0
chr1	732893	732894	37	0.0
chr1	732963	732964	46	0.0
chr1	733047	733048	42	0.0463
chr1	733057	733058	33	0.0
chr1	733091	733092	39	0.7256
chr1	733130	733131	36	0.7952
chr1	733180	733181	40	0.862
chr1	733216	733217	57	0.9802
chr1	733258	733259	39	0.8762
chr1	733284	733285	43	0.7768
chr1	733299	733300	41	0.924
chr1	733330	733331	29	0.8837
chr1	733345	733346	39	0.8372
chr1	733369	733370	40	0.7773
chr1	733397	733398	38	0.8358
chr1	733412	733413	26	0.7958
chr1	733427	733428	44	0.8713
chr1	733467	733468	40	0.8688
chr1	733497	733498	37	0.9079
chr1	733546	733547	38	0.7712
chr1	733567	733568	39	0.9245
chr1	733612	733613	35	0.9219
chr1	733617	733618	49	0.7899
chr1	733717	733718	40	0.7102
chr1	733767	733768	40	0.7785
chr1	733867	733868	36	0.7813
chr1	733949	733950	43	0.7555
chr1	734049	734050	40	0.8306
chr1	734102	734103	29	0.7046
chr1	734118	734119	47	0.7796
chr1	734122	734123	44	0.7906
chr1	734136	734137	40	0.9265
chr1	734186	734187	38	0.8129
chr1	734228	734229	43	0.872
chr1	734254	734255	33	0.8843
chr1	734272	734273	34	0.8544
chr1	734322	734323	35	0.7961
chr1	734343	734344	34	0.863
chr1	734364	734365	46	0.9918
chr1	734413	734414	42	1.0
chr1	734445	734446	50	0.8585
chr1	734477	734478	54	0.9332
chr1	734492	734493	27	0.8442
chr1	734507	734508	39	0.8329
chr1	734531	734532	43	0.8474
chr1	734546	734547	37	0.7246
chr1	734572	734573	46	0.9561
chr1	734595	734596	39	1.0
chr1	734627	734628	39	0.8042
chr1	734643	734644	34	0.899
chr1	734664	734665	44	0.9835
chr1	734764	734765	38	0.938
chr1	734815	734816	41	0.6853
chr1	734865	734866	46	0.7903
chr1	734915	734916	46	0.7252
chr1	734984	734985	38	0.9832
chr1	735034	735035	37	0.834
chr1	735134	735135	33	0.9247
chr1	735156	735157	42	0.6746
chr1	735174	735175	44	0.9373
chr1	735182	735183	37	0.8607
chr1	735228	735229	31	0.9449
chr1	735269	735270	40	0.729
chr1	735312	735313	39	0.8938
chr1	735354	735355	49	0.6291
chr1	735375	735376	31	0.8859
chr1	735406	735407	45	0.938
chr1	735456	735457	39	0.902
chr1	735506	735507	37	1.0
chr1	735556	735557	33	0.8768
chr1	735606	735607	36	0.8427
chr1	735621	735622	35	0.9278
chr1	735648	735649	38	0.8625
chr1	735684	735685	41	0.9767
chr1	735699	735700	39	0.807
chr1	735732	735733	36	0.856
chr1	735832	735833	37	0.7596
chr1	735919	735920	41	0.9544
chr1	736019	736020	35	0.7757
chr1	736119	736120	35	0.8976
chr1	736219	736220	37	0.9266
chr1	736281	736282	30	0.946
chr1	736313	736314	48	0.9307
chr1	736327	736328	43	0.9104
chr1	736397	736398	40	0.8547
chr1	736409	736410	47	0.8388
chr1	736419	736420	42	0.9054
chr1	736421	736422	39	0.8795
chr1	736591	736592	37	0.9311
chr1	736599	736600	46	0.6858
chr1	736659	736660	36	0.8799
chr1	736707	736708	45	0.7681
chr1	736727	736728	36	0.7794
chr1	736777	736778	33	0.7964
chr1	736806	736807	40	0.768
chr1	736856	736857	36	0.8243
chr1	736903	736904	40	0.8498
chr1	736922	736923	40	0.7864
chr1	736937	736938	38	0.8724
chr1	736962	736963	42	0.8359
chr1	736995	736996	43	0.8765
chr1	737034	737035	36	0.6558
chr1	737065	737066	29	0.8832
chr1	737094	737095	40	0.8285
chr1	737117	737118	37	0.7099
chr1	737167	737168	42	0.7519
chr1	737217	737218	45	0.7913
chr1	737229	737230	40	0.8259
chr1	737329	737330	44	0.9465
chr1	737417	737418	36	0.9222
chr1	737517	737518	29	0.8125
chr1	737581	737582	42	0.7801
chr1	737644	737645	43	0.8196
chr1	737744	737745	45	0.8395
chr1	737798	737799	43	0.8517
chr1	737834	737835	39	0.8275
chr1	737844	737845	39	0.7465
chr1	737874	737875	41	0.8873
chr1	737903	737904	41	0.9054
chr1	737953	737954	48	0.8435
chr1	737968	737969	44	0.8013
chr1	737991	737992	40	0.8091
chr1	738006	738007	40	0.7471
chr1	738056	738057	35	0.7692
chr1	738082	738083	39	0.8758
chr1	738097	738098	47	0.9139
chr1	738147	738148	48	0.7757
chr1	738162	738163	32	0.7604
chr1	738191	738192	36	0.773
chr1	738209	738210	41	0.7283
chr1	738236	738237	32	0.8747
chr1	738284	738285	39	0.9383
chr1	738318	738319	42	0.9517
chr1	738344	738345	36	0.9082
chr1	738444	738445	41	0.644
chr1	738494	738495	34	0.8797
chr1	738557	738558	39	0.8484
chr1	738636	738637	40	0.8585
chr1	738701	738702	37	0.7803
chr1	738801	738802	48	0.752
chr1	738857	738858	44	0.8596
chr1	738929	738930	36	0.8065
chr1	739051	739052	48	0.9521
chr1	739109	739110	32	0.7595
chr1	739237	739238	42	0.7268
chr1	739279	739280	48	0.7239
chr1	739295	739296	40	0.7338
chr1	739331	739332	48	0.7054
chr1	739365	739366	43	0.6585
chr1	739395	739396	42	0.5504
chr1	739418	739419	41	0.6784
chr1	739456	739457	41	0.8274
chr1	739474	739475	41	0.6124
chr1	739489	739490	39	0.748
chr1	739518	739519	38	0.6421
chr1	739544	739545	42	0.6313
chr1	739568	739569	32	0.8126
chr1	739593	739594	27	0.5871
chr1	739618	739619	36	0.7696
chr1	739654	739655	48	0.6836
chr1	739697	739698	43	0.6697
chr1	739730	739731	40	0.7838
chr1	739758	739759	37	0.9271
chr1	739788	739789	40	0.5766
chr1	739802	739803	39	0.6055
chr1	739870	739871	39	0.7147
chr1	739970	739971	40	0.5552
chr1	740070	740071	43	0.6467
chr1	740170	740171	35	0.8879
chr1	740233	740234	52	0.8029
chr1	740302	740303	33	0.6701
chr1	740402	740403	38	0.6883
chr1	740435	740436	40	0.1125
chr1	740482	740483	36	0.1589
chr1	740497	740498	42	0.1092
chr1	740547	740548	38	0.1184
chr1	740562	740563	40	0.1517
chr1	740583	740584	37	0.1033
chr1	740610	740611	34	0.159
chr1	740628	740629	37	0.0325
chr1	740643	740644	33	0.0203
chr1	740659	740660	46	0.1561
chr1	740685	740686	42	0.1953
chr1	740704	740705	42	0.0135
chr1	740733	740734	31	0.1318
chr1	740783	740784	48	0.0
chr1	740812	740813	36	0.375
chr1	740856	740857	38	0.0638
chr1	740872	740873	41	0.1298
chr1	740922	740923	40	0.1716
chr1	740972	740973	47	0.1278
chr1	740997	740998	35	0.0979
chr1	741009	741010	43	0.0686
chr1	741059	741060	36	0.1178
chr1	741120	741121	42	0.2577
chr1	741170	741171	43	0.1107
chr1	741253	741254	44	0.0304
chr1	741353	741354	38	0.0653
chr1	741453	741454	34	0.1594
chr1	741553	741554	27	0.0001
chr1	741619	741620	40	0.1622
chr1	741655	741656	45	0.5929
chr1	741670	741671	35	0.6784
chr1	741687	741688	35	0.6122
chr1	741705	741706	39	0.5627
chr1	741755	741756	38	0.772
chr1	741794	741795	38	0.673
chr1	741823	741824	41	0.7723
chr1	741863	741864	33	0.7483
chr1	741905	741906	39	0.7181
chr1	741922	741923	52	0.6937
chr1	741972	741973	39	0.6972
chr1	741992	741993	38	0.698
chr1	742012	742013	47	0.7394
chr1	742060	742061	39	0.7163
chr1	742096	742097	40	0.7335
chr1	742139	742140	32	0.6551
chr1	742154	742155	33	0.6572
chr1	742189	742190	33	0.6193
chr1	742218	742219	45	0.5932
chr1	742233	742234	42	0.6528
chr1	742248	742249	36	0.8445
chr1	742264	742265	39	0.6087
chr1	742320	742321	42	0.6928
chr1	742410	742411	44	0.8193
chr1	742460	742461	36	0.8151
chr1	742560	742561	42	0.6659
chr1	742660	742661	28	0.6256
chr1	742760	742761	40	0.442
chr1	742810	742811	42	0.7405
chr1	742814	742815	47	0.6922
chr1	742840	742841	47	0.2788
chr1	742890	742891	39	0.1376
chr1	742938	742939	43	0.0015
chr1	742979	742980	40	0.1067
chr1	742994	742995	29	0.2382
chr1	743044	743045	32	0.1069
chr1	743072	743073	43	0.186
chr1	743096	743097	42	0.0431
chr1	743120	743121	38	0.0534
chr1	743158	743159	36	0.1849
chr1	743208	743209	41	0.2133
chr1	743232	743233	39	0.0293
chr1	743268	743269	40	0.1713
chr1	743286	743287	39	0.1257
chr1	743327	743328	42	0.1167
chr1	743377	743378	44	0.2442
chr1	743401	743402	44	0.2262
chr1	743501	743502	46	0.17
chr1	743551	743552	29	0.0807
chr1	743651	743652	46	0.0987
chr1	743748	743749	32	0.1686
chr1	743848	743849	36	0.2007
chr1	743902	743903	37	0.1975
chr1	743946	743947	41	0.1781
chr1	744000	744001	40	0.0354
chr1	744025	744026	39	0.7703
chr1	744067	744068	46	0.5324
chr1	744111	744112	38	0.5147
chr1	744135	744136	38	0.6039
chr1	744185	744186	35	0.6307
chr1	744203	744204	38	0.5964
chr1	744240	744241	42	0.7766
chr1	744264	744265	34	0.7124
chr1	744298	744299	39	0.7163
chr1	744328	744329	46	0.6396
chr1	744378	744379	45	0.6331
chr1	744428	744429	46	0.6558
chr1	744471	744472	49	0.5844
chr1	744498	744499	44	0.6661
chr1	744510	744511	29	0.7358
chr1	744565	744566	43	0.7383
chr1	744665	744666	34	0.5898
chr1	744758	744759	39	0.695
chr1	744826	744827	45	0.5482
chr1	744926	744927	43	0.5905
chr1	745004	745005	40	0.6796
chr1	745023	745024	32	0.6341
chr1	745073	745074	55	0.7381
chr1	745097	745098	40	0.5817
chr1	745130	745131	35	0.6126
chr1	745145	745146	33	0.6548
chr1	745181	745182	37	0.6837
chr1	745197	745198	36	0.7306
chr1	745231	745232	40	0.6215
chr1	745254	745255	30	0.4489
chr1	745298	745299	39	0.6329
chr1	745320	745321	44	0.5214
chr1	745341	745342	40	0.7019
chr1	745367	745368	33	0.576
chr1	745417	745418	46	0.5227
chr1	745461	745462	41	0.482
chr1	745499	745500	41	0.5931
chr1	745520	745521	39	0.7287
chr1	745557	745558	44	0.6186
chr1	745576	745577	41	0.5166
chr1	745593	745594	39	0.7146
chr1	745607	745608	39	0.5244
chr1	745707	745708	44	0.65
chr1	745807	745808	46	0.5391
chr1	745907	745908	46	0.71
chr1	745983	745984	42	0.6688
chr1	746083	746084	29	0.5034
chr1	746183	746184	40	0.4612
chr1	746235	746236	39	0.5694
chr1	746243	746244	42	0.4993
chr1	746249	746250	34	0.7441
chr1	746269	746270	42	0.847
chr1	746284	746285	40	0.8466
chr1	746321	746322	38	0.7568
chr1	746350	746351	39	0.7595
chr1	746400	746401	39	0.7559
chr1	746439	746440	44	0.6051
chr1	746478	746479	38	0.7252
chr1	746528	746529	34	0.7406
chr1	746564	746565	43	0.6862
chr1	746599	746600	47	0.7007
chr1	746635	746636	36	0.7192
chr1	746657	746658	45	0.8417
chr1	746757	746758	38	0.6997
chr1	746857	746858	44	0.737
chr1	746907	746908	41	0.9357
chr1	747007	747008	39	0.9683
chr1	747057	747058	38	0.6675
chr1	747117	747118	49	0.8417
chr1	747125	747126	45	0.7554
chr1	747185	747186	40	0.7574
chr1	747217	747218	39	0.7524
chr1	747225	747226	44	0.6475
chr1	747269	747270	33	0.7706
chr1	747313	747314	33	0.8074
chr1	747377	747378	37	0.7258
chr1	747379	747380	42	0.7137
chr1	747557	747558	40	0.8429
chr1	747596	747597	36	0.2961
chr1	747622	747623	35	0.2601
chr1	747658	747659	44	0.3951
chr1	747675	747676	29	0.2537
chr1	747697	747698	28	0.2655
chr1	747747	747748	29	0.373
chr1	747762	747763	35	0.4811
chr1	747777	747778	42	0.3831
chr1	747824	747825	37	0.3707
chr1	747874	747875	39	0.3345
chr1	747893	747894	34	0.5136
chr1	747908	747909	37	0.5114
chr1	747935	747936	37	0.3277
chr1	747971	747972	29	0.2842
chr1	748017	748018	44	0.3181
chr1	748049	748050	37	0.232
chr1	748071	748072	35	0.2086
chr1	748105	748106	48	0.2868
chr1	748132	748133	40	0.3773
chr1	748152	748153	35	0.3198
chr1	748202	748203	42	0.2251
chr1	748208	748209	32	0.4948
chr1	748281	748282	52	0.3113
chr1	748377	748378	40	0.218
chr1	748427	748428	33	0.3626
chr1	748487	748488	46	0.2996
chr1	748587	748588	44	0.3268
chr1	748687	748688	42	0.2969
chr1	748787	748788	40	0.2962
chr1	748869	748870	42	0.2386
chr1	748877	748878	42	0.6517
chr1	748915	748916	32	0.5568
chr1	748951	748952	32	0.5696
chr1	749001	749002	45	0.7324
chr1	749051	749052	36	0.5927
chr1	749066	749067	39	0.6687
chr1	749081	749082	31	0.7749
chr1	749122	749123	39	0.5907
chr1	749145	749146	42	0.5462
chr1	749195	749196	43	0.5868
chr1	749228	749229	44	0.5558
chr1	749249	749250	46	0.4619
chr1	749266	749267	50	0.7
chr1	749308	749309	41	0.6264
chr1	749345	749346	43	0.7556
chr1	749360	749361	42	0.5595
chr1	749371	749372	38	0.7066
chr1	749421	749422	32	0.6171
chr1	749521	749522	44	0.6989
chr1	749621	749622	38	0.6989
chr1	749721	749722	35	0.659
chr1	749821	749822	39	0.7811
chr1	749913	749914	44	0.7287
chr1	749919	749920	39	0.5172
chr1	749921	749922	41	0.4847
chr1	750021	750022	31	0.6811
chr1	750025	750026	42	0.6497
chr1	750039	750040	47	0.5621
chr1	750099	750100	51	0.5095
chr1	750213	750214	42	0.517
chr1	750279	750280	29	0.4936
chr1	750326	750327	43	0.228
chr1	750369	750370	43	0.0
chr1	750393	750394	41	0.0381
chr1	750423	750424	45	0.0294
chr1	750470	750471	39	0.0753
chr1	750497	750498	39	0.1648
chr1	750519	750520	39	0.0183
chr1	750550	750551	40	0.2123
chr1	750574	750575	34	0.2425
chr1	750624	750625	34	0.0724
chr1	750646	750647	40	0.0689
chr1	750661	750662	32	0.1936
chr1	750676	750677	33	0.0
chr1	750696	750697	34	0.0512
chr1	750727	750728	28	0.0924
chr1	750769	750770	38	0.0439
chr1	750788	750789	42	0.0318
chr1	750811	750812	39	0.0772
chr1	750861	750862	43	0.2379
chr1	750961	750962	44	0.1902
chr1	751061	751062	49	0.0862
chr1	751161	751162	37	0.0635
chr1	751261	751262	33	0.1644
chr1	751323	751324	33	0.1061
chr1	751355	751356	40	0.0909
chr1	751401	751402	42	0.6548
chr1	751427	751428	39	0.688
chr1	751473	751474	37	0.7139
chr1	751497	751498	48	0.6945
chr1	751515	751516	37	0.6103
chr1	751564	751565	44	0.7611
chr1	751589	751590	40	0.7088
chr1	751627	751628	28	0.5967
chr1	751666	751667	40	0.7581
chr1	751681	751682	40	0.8166
chr1	751711	751712	30	0.696
chr1	751735	751736	41	0.6537
chr1	751769	751770	31	0.7328
chr1	751787	751788	39	0.7175
chr1	751837	751838	44	0.7942
chr1	751884	751885	39	0.7643
chr1	751899	751900	31	0.6105
chr1	751931	751932	33	0.5653
chr1	751978	751979	45	0.633
chr1	751989	751990	45	0.7945
chr1	752084	752085	50	0.7409
chr1	752184	752185	33	0.7588
chr1	752260	752261	35	0.6823
chr1	752360	752361	44	0.858
chr1	752460	752461	43	0.7672
chr1	752560	752561	39	0.5773
chr1	752634	752635	40	0.6038
chr1	752675	752676	40	0.2728
chr1	752708	752709	42	0.0603
chr1	752731	752732	36	0.0557
chr1	752746	752747	34	0.11
chr1	752766	752767	41	0.211
chr1	752790	752791	34	0.0739
chr1	752820	752821	29	0.1119
chr1	752863	752864	44	0.1262
chr1	752900	752901	39	0.221
chr1	752950	752951	41	0.0861
chr1	753000	753001	39	0.1317
chr1	753031	753032	44	0.0381
chr1	753050	753051	43	0.1524
chr1	753086	753087	45	0.0567
chr1	753136	753137	39	0.1496
chr1	753148	753149	36	0.0794
chr1	753248	753249	37	0.0
chr1	753348	753349	41	0.0879
chr1	753448	753449	37	0.1039
chr1	753548	753549	33	0.1062
chr1	753556	753557	39	0.2378
chr1	753560	753561	35	0.1685
chr1	753566	753567	38	0.9337
chr1	753588	753589	36	0.7077
chr1	753610	753611	33	0.7849
chr1	753640	753641	39	0.7728
chr1	753690	753691	43	0.7906
chr1	753726	753727	39	0.8899
chr1	753753	753754	31	0.7085
chr1	753789	753790	41	0.8315
chr1	753806	753807	35	0.7268
chr1	753828	753829	34	0.8835
chr1	753862	753863	36	0.837
chr1	753912	753913	47	0.8693
chr1	753949	753950	49	0.7366
chr1	753975	753976	36	0.8071
chr1	753990	753991	46	0.8461
chr1	754024	754025	40	0.9243
chr1	754033	754034	48	0.9034
chr1	754133	754134	38	0.9038
chr1	754233	754234	35	0.7155
chr1	754320	754321	32	0.8796
chr1	754383	754384	34	0.8589
chr1	754433	754434	38	0.9346
chr1	754483	754484	35	0.7979
chr1	754593	754594	31	0.7572
chr1	754717	754718	37	0.8849
chr1	754725	754726	38	0.7213
chr1	754771	754772	36	0.8228
chr1	754799	754800	35	0.939
chr1	754829	754830	37	0.8611
chr1	754943	754944	38	0.7737
chr1	754950	754951	38	0.7703
chr1	754980	754981	36	0.7446
chr1	755030	755031	43	0.8495
chr1	755054	755055	44	0.8105
chr1	755104	755105	45	0.7744
chr1	755129	755130	45	0.8882
chr1	755149	755150	37	0.9972
chr1	755179	755180	43	0.8606
chr1	755217	755218	37	0.9784
chr1	755250	755251	35	0.7043
chr1	755300	755301	44	0.9489
chr1	755340	755341	33	0.8656
chr1	755357	755358	41	0.8559
chr1	755407	755408	30	0.876
chr1	755439	755440	33	0.7962
chr1	755489	755490	35	0.8213
chr1	755510	755511	41	0.9172
chr1	755610	755611	34	0.8738
chr1	755710	755711	36	0.85
chr1	755810	755811	46	0.8565
chr1	755897	755898	31	0.8342
chr1	755976	755977	43	0.9461
chr1	756068	756069	45	0.7938
chr1	756090	756091	38	0.7754
chr1	756222	756223	41	0.8855
chr1	756260	756261	42	0.9094
chr1	756424	756425	36	0.7056
chr1	756458	756459	41	0.6295
chr1	756508	756509	41	0.7512
chr1	756534	756535	33	0.5919
chr1	756564	756565	36	0.8083
chr1	756600	756601	34	0.7902
chr1	756622	756623	29	0.5641
chr1	756637	756638	39	0.5695
chr1	756673	756674	46	0.8368
chr1	756723	756724	40	0.6012
chr1	756770	756771	46	0.6476
chr1	756796	756797	37	0.6322
chr1	756827	756828	48	0.7209
chr1	756862	756863	40	0.6973
chr1	756912	756913	40	0.8586
chr1	756935	756936	40	0.6144
chr1	756954	756955	46	0.8686
chr1	756957	756958	41	0.7142
chr1	757022	757023	33	0.7494
chr1	757072	757073	32	0.8025
chr1	757122	757123	53	0.7196
chr1	757214	757215	46	0.9112
chr1	757264	757265	38	0.5626
chr1	757335	757336	47	0.7258
chr1	757435	757436	42	0.7766
chr1	757473	757474	41	0.76
chr1	757489	757490	30	0.6412
chr1	757502	757503	42	0.709
chr1	757552	757553	40	0.7347
chr1	757579	757580	33	0.7879
chr1	757629	757630	47	0.7436
chr1	757655	757656	38	0.9224
chr1	757685	757686	34	0.9262
chr1	757715	757716	42	0.8254
chr1	757762	757763	47	0.6804
chr1	757793	757794	39	0.7453
chr1	757814	757815	38	0.7619
chr1	757830	757831	41	0.6265
chr1	757869	757870	34	0.8538
chr1	757919	757920	30	0.8672
chr1	757942	757943	46	0.7731
chr1	757959	757960	39	0.5902
chr1	757974	757975	42	0.6952
chr1	757981	757982	38	0.6521
chr1	758042	758043	38	0.9278
chr1	758142	758143	39	0.811
chr1	758242	758243	40	0.7212
chr1	758292	758293	47	0.8661
chr1	758392	758393	42	0.7669
chr1	758404	758405	39	0.8332
chr1	758414	758415	35	1.0
chr1	758436	758437	32	0.9394
chr1	758463	758464	46	0.392
chr1	758479	758480	34	0.6033
chr1	758507	758508	33	0.919
chr1	758523	758524	39	0.502
chr1	758553	758554	36	1.0
chr1	758585	758586	41	0.6196
chr1	758635	758636	31	0.464
chr1	758662	758663	39	1.0
chr1	758704	758705	38	0.7929
chr1	758754	758755	38	0.5049
chr1	758776	758777	39	0.369
chr1	758800	758801	32	1.0
chr1	758823	758824	32	0.5108
chr1	758861	758862	37	0.705
chr1	758882	758883	44	0.7598
chr1	758982	758983	41	0.3869
chr1	759082	759083	39	0.4463
chr1	759182	759183	40	0.4408
chr1	759282	759283	40	1.0
chr1	759364	759365	33	0.381
chr1	759414	759415	42	0.7034
chr1	759429	759430	45	0.7851
chr1	759451	759452	39	0.6603
chr1	759489	759490	39	0.7601
chr1	759522	759523	38	0.6753
chr1	759572	759573	35	0.7686
chr1	759618	759619	48	0.6629
chr1	759650	759651	47	0.8183
chr1	759680	759681	43	0.8227
chr1	759699	759700	38	0.8485
chr1	759729	759730	34	0.7281
chr1	759762	759763	46	0.8544
chr1	759785	759786	35	0.7468
chr1	759830	759831	44	0.7504
chr1	759870	759871	46	0.8327
chr1	759899	759900	40	0.7818
chr1	759914	759915	30	0.741
chr1	759953	759954	38	0.7415
chr1	759974	759975	32	0.8071
chr1	759979	759980	44	0.634
chr1	760046	760047	45	0.6244
chr1	760146	760147	43	0.8103
chr1	760215	760216	48	0.6283
chr1	760308	760309	37	0.7774
chr1	760394	760395	37	0.8344
chr1	760494	760495	30	0.6259
chr1	760498	760499	44	0.8208
chr1	760582	760583	37	0.7336
chr1	760600	760601	44	0.7325
chr1	760644	760645	41	0.6168
chr1	760681	760682	43	0.5795
chr1	760731	760732	36	0.6847
chr1	760754	760755	33	0.5083
chr1	760769	760770	37	0.5156
chr1	760819	760820	39	0.4816
chr1	760834	760835	40	0.5492
chr1	760849	760850	41	0.6095
chr1	760891	760892	33	0.5278
chr1	760921	760922	36	0.5683
chr1	760968	760969	44	0.6677
chr1	760990	760991	41	0.5747
chr1	761040	761041	36	0.4908
chr1	761090	761091	43	0.3997
chr1	761112	761113	40	0.6038
chr1	761121	761122	41	0.5762
chr1	761171	761172	37	0.5866
chr1	761271	761272	33	0.5165
chr1	761335	761336	46	0.8333
chr1	761435	761436	37	0.6321
chr1	761521	761522	35	0.6854
chr1	761621	761622	40	0.5835
chr1	761683	761684	41	0.575
chr1	761692	761693	48	0.9012
chr1	761725	761726	36	0.7546
chr1	761764	761765	31	0.9921
chr1	761789	761790	35	0.6408
chr1	761811	761812	37	0.7618
chr1	761828	761829	34	0.7466
chr1	761877	761878	32	0.8689
chr1	761927	761928	31	0.8253
chr1	761964	761965	48	0.8237
chr1	762007	762008	43	0.7103
chr1	762041	762042	44	0.7683
chr1	762065	762066	41	0.8696
chr1	762096	762097	31	0.813
chr1	762121	762122	44	0.9047
chr1	762221	762222	39	0.7871
chr1	762296	762297	42	0.8207
chr1	762346	762347	42	0.701
chr1	762446	762447	31	0.7813
chr1	762546	762547	46	0.7046
chr1	762636	762637	53	0.6929
chr1	762654	762655	40	0.6565
chr1	762810	762811	43	0.8227
chr1	762830	762831	38	0.7955
chr1	762842	762843	45	0.9242
chr1	762882	762883	41	0.6928
chr1	762976	762977	38	0.6863
chr1	763020	763021	36	0.1173
chr1	763048	763049	45	0.1078
chr1	763073	763074	42	0.0348
chr1	763096	763097	33	0.2039
chr1	763111	763112	40	0.0499
chr1	763135	763136	41	0.0764
chr1	763157	763158	41	0.0593
chr1	763185	763186	36	0.0458
chr1	763214	763215	34	0.1853
chr1	763264	763265	44	0.1601
chr1	763310	763311	45	0.134
chr1	763360	763361	38	0.0129
chr1	763385	763386	40	0.0227
chr1	763425	763426	35	0.1029
chr1	763447	763448	34	0.1693
chr1	763464	763465	41	0.1266
chr1	763487	763488	43	0.1269
chr1	763506	763507	42	0.1328
chr1	763528	763529	24	0.0827
chr1	763543	763544	32	0.1067
chr1	763584	763585	45	0.0779
chr1	763601	763602	32	0.1293
chr1	763701	763702	42	0.2613
chr1	763764	763765	46	0.1886
chr1	763814	763815	36	0.141
chr1	763909	763910	37	0.171
chr1	764009	764010	35	0.0853
chr1	764093	764094	42	0.0412
chr1	764163	764164	33	0.213
chr1	764173	764174	41	0.9581
chr1	764215	764216	45	0.8204
chr1	764265	764266	35	0.8789
chr1	764303	764304	41	0.8273
chr1	764320	764321	31	0.7515
chr1	764349	764350	55	0.8724
chr1	764382	764383	35	0.9464
chr1	764404	764405	39	0.9028
chr1	764431	764432	45	1.0
chr1	764453	764454	35	0.8474
chr1	764498	764499	31	0.8781
chr1	764525	764526	40	0.8612
chr1	764540	764541	34	0.853
chr1	764640	764641	37	0.8943
chr1	764740	764741	39	0.824
chr1	764840	764841	41	0.9231
chr1	764846	764847	37	0.975
chr1	764872	764873	37	0.8273
chr1	764906	764907	58	0.8934
chr1	765174	765175	34	0.9038
chr1	765180	765181	40	0.7123
chr1	765304	765305	48	0.8272
chr1	765331	765332	39	0.5828
chr1	765356	765357	41	0.6488
chr1	765401	765402	35	0.6459
chr1	765422	765423	42	0.6301
chr1	765466	765467	35	0.5899
chr1	765516	765517	36	0.7808
chr1	765534	765535	42	0.5416
chr1	765560	765561	48	0.6543
chr1	765607	765608	40	0.6674
chr1	765657	765658	38	0.7557
chr1	765675	765676	48	0.6152
chr1	765711	765712	36	0.5717
chr1	765730	765731	41	0.6284
chr1	765830	765831	40	0.59
chr1	765930	765931	31	0.7478
chr1	765990	765991	44	0.6844
chr1	766075	766076	41	0.6154
chr1	766093	766094	35	0.7441
chr1	766109	766110	35	0.7789
chr1	766124	766125	42	0.0639
chr1	766165	766166	42	0.3169
chr1	766191	766192	41	0.4331
chr1	766212	766213	45	0.1222
chr1	766236	766237	48	0.2495
chr1	766275	766276	46	0.2143
chr1	766312	766313	38	0.3768
chr1	766348	766349	40	0.2303
chr1	766388	766389	36	0.3082
chr1	766412	766413	34	0.1586
chr1	766437	766438	40	0.156
chr1	766470	766471	34	0.2284
chr1	766485	766486	44	0.1762
chr1	766535	766536	42	0.2095
chr1	766550	766551	46	0.3546
chr1	766597	766598	32	0.1702
chr1	766631	766632	44	0.2549
chr1	766632	766633	45	0.2513
chr1	766732	766733	41	0.1091
chr1	766782	766783	50	0.1713
chr1	766882	766883	42	0.285
chr1	766952	766953	47	0.352
chr1	767052	767053	40	0.1126
chr1	767102	767103	41	0.1345
chr1	767194	767195	39	0.2488
chr1	767216	767217	38	0.6068
chr1	767266	767267	40	0.8605
chr1	767289	767290	32	0.9396
chr1	767304	767305	34	0.6533
chr1	767353	767354	34	0.7244
chr1	767403	767404	38	0.8987
chr1	767453	767454	31	0.6887
chr1	767468	767469	38	0.9161
chr1	767514	767515	38	0.8647
chr1	767542	767543	36	0.9147
chr1	767577	767578	43	0.7494
chr1	767627	767628	32	0.7642
chr1	767724	767725	36	0.8098
chr1	767824	767825	44	0.5563
chr1	767924	767925	38	0.7262
chr1	767989	767990	41	0.7504
chr1	768051	768052	39	0.6404
chr1	768059	768060	34	0.9661
chr1	768074	768075	39	0.8406
chr1	768113	768114	49	0.9253
chr1	768138	768139	38	0.839
chr1	768161	768162	44	0.8726
chr1	768189	768190	45	0.829
chr1	768225	768226	45	0.8454
chr1	768259	768260	37	0.9414
chr1	768289	768290	37	1.0
chr1	768333	768334	45	0.9171
chr1	768378	768379	36	0.8867
chr1	768403	768404	42	0.9324
chr1	768440	768441	45	0.8808
chr1	768478	768479	38	0.8956
chr1	768516	768517	44	0.8536
chr1	768532	768533	48	0.9507
chr1	768581	768582	34	0.945
chr1	768605	768606	39	0.8961
chr1	768617	768618	35	1.0
chr1	768717	768718	48	0.9411
chr1	768817	768818	35	0.9668
chr1	768889	768890	41	0.9201
chr1	768967	768968	35	0.9349
chr1	769028	769029	42	0.9946
chr1	769128	769129	37	1.0
chr1	769194	769195	40	0.9101
chr1	769240	769241	41	0.8929
chr1	769398	769399	41	0.9468
chr1	769406	769407	32	0.8334
chr1	769444	769445	36	0.8703
chr1	769524	769525	36	0.9003
chr1	769528	769529	36	0.8788
chr1	769564	769565	34	0.8574
chr1	769580	769581	37	0.9742
chr1	769590	769591	40	0.7731
chr1	769597	769598	43	0.8097
chr1	769647	769648	31	0.7183
chr1	769683	769684	31	0.9475
chr1	769710	769711	46	0.8918
chr1	769730	769731	43	0.6398
chr1	769764	769765	42	0.791
chr1	769791	769792	45	0.8132
chr1	769838	769839	41	0.8008
chr1	769853	769854	43	0.9818
chr1	769886	769887	41	0.8505
chr1	769901	769902	41	0.7386
chr1	769951	769952	37	0.802
chr1	770001	770002	32	0.7753
chr1	770016	770017	41	0.8438
chr1	770033	770034	37	0.803
chr1	770088	770089	49	0.8099
chr1	770188	770189	30	0.9289
chr1	770288	770289	39	0.9551
chr1	770376	770377	45	0.7984
chr1	770484	770485	43	0.7811
chr1	770504	770505	35	0.7914
chr1	770608	770609	41	0.763
chr1	770630	770631	38	0.8473
chr1	770632	770633	43	0.8311
chr1	770830	770831	47	0.9029
chr1	770858	770859	31	0.5742
chr1	770896	770897	34	0.494
chr1	770930	770931	39	0.3368
chr1	770945	770946	38	0.3894
chr1	770972	770973	45	0.1748
chr1	771022	771023	39	0.7393
chr1	771072	771073	42	0.4685
chr1	771090	771091	42	0.3852
chr1	771117	771118	38	0.3157
chr1	771146	771147	45	0.1659
chr1	771176	771177	51	0.4381
chr1	771197	771198	33	0.4343
chr1	771221	771222	33	0.4709
chr1	771239	771240	36	0.3824
chr1	771281	771282	42	0.7564
chr1	771311	771312	39	0.6773
chr1	771334	771335	35	0.3556
chr1	771429	771430	33	0.0745
chr1	771529	771530	34	0.5767
chr1	771609	771610	33	0.7155
chr1	771709	771710	48	0.7205
chr1	771792	771793	32	0.3415
chr1	771867	771868	39	0.5493
chr1	771889	771890	40	0.5216
chr1	771899	771900	44	0.0814
chr1	771936	771937	33	0.1201
chr1	771951	771952	49	0.1282
chr1	771978	771979	34	0.0
chr1	772007	772008	38	0.0438
chr1	772040	772041	36	0.0777
chr1	772060	772061	45	0.2465
chr1	772092	772093	46	0.0402
chr1	772111	772112	36	0.1249
chr1	772143	772144	39	0.1928
chr1	772158	772159	50	0.1721
chr1	772175	772176	38	0.1375
chr1	772204	772205	35	0.1754
chr1	772252	772253	41	0.1355
chr1	772276	772277	43	0.1226
chr1	772292	772293	49	0.087
chr1	772342	772343	41	0.0796
chr1	772392	772393	34	0.067
chr1	772407	772408	40	0.1169
chr1	772417	772418	44	0.0537
chr1	772471	772472	39	0.0603
chr1	772557	772558	42	0.1799
chr1	772633	772634	43	0.0992
chr1	772683	772684	42	0.132
chr1	772783	772784	42	0.1901
chr1	772883	772884	32	0.0747
chr1	772923	772924	36	0.2123
chr1	773247	773248	40	0.1324
chr1	773251	773252	44	0.156
chr1	773259	773260	46	0.0763
chr1	773383	773384	40	0.0935
chr1	773411	773412	42	0.2616
chr1	773458	773459	50	0.3975
chr1	773474	773475	34	0.3624
chr1	773519	773520	39	0.3141
chr1	773540	773541	36	0.4018
chr1	773579	773580	43	0.2463
chr1	773615	773616	46	0.1848
chr1	773648	773649	39	0.3034
chr1	773690	773691	35	0.1907
chr1	773714	773715	40	0.1777
chr1	773740	773741	35	0.1628
chr1	773778	773779	50	0.4547
chr1	773809	773810	39	0.3322
chr1	773859	773860	38	0.375
chr1	773880	773881	41	0.27
chr1	773881	773882	34	0.2143
chr1	773931	773932	36	0.2841
chr1	773996	773997	40	0.5005
chr1	774096	774097	31	0.4123
chr1	774196	774197	39	0.2458
chr1	774296	774297	39	0.429
chr1	774340	774341	31	0.1989
chr1	774384	774385	38	0.4039
chr1	774427	774428	36	0.7586
chr1	774477	774478	38	0.7705
chr1	774504	774505	38	0.6416
chr1	774545	774546	37	0.8473
chr1	774569	774570	41	0.5191
chr1	774595	774596	48	0.7317
chr1	774613	774614	51	0.6308
chr1	774648	774649	44	0.6725
chr1	774668	774669	44	0.8224
chr1	774692	774693	38	0.6232
chr1	774742	774743	43	0.7942
chr1	774764	774765	38	0.7277
chr1	774787	774788	34	0.8441
chr1	774817	774818	36	0.7402
chr1	774836	774837	40	0.7286
chr1	774867	774868	36	0.6469
chr1	774900	774901	38	0.6154
chr1	774985	774986	33	0.6343
chr1	775050	775051	39	0.6382
chr1	775150	775151	41	0.6175
chr1	775200	775201	42	0.6061
chr1	775300	775301	46	0.6689
chr1	775334	775335	48	0.5313
chr1	775377	775378	32	0.5483
chr1	775392	775393	37	0.6465
chr1	775430	775431	35	0.7182
chr1	775461	775462	27	0.5918
chr1	775511	775512	37	0.6598
chr1	775559	775560	36	0.5934
chr1	775574	775575	40	0.5578
chr1	775593	775594	32	0.6308
chr1	775614	775615	36	0.6477
chr1	775635	775636	38	0.7076
chr1	775685	775686	36	0.6223
chr1	775717	775718	44	0.5228
chr1	775767	775768	42	0.7274
chr1	775800	775801	34	0.6801
chr1	775823	775824	37	0.529
chr1	775857	775858	42	0.6812
chr1	775894	775895	46	0.7892
chr1	775910	775911	38	0.6734
chr1	775932	775933	32	0.716
chr1	775997	775998	41	0.4313
chr1	776064	776065	35	0.7388
chr1	776164	776165	39	0.4446
chr1	776264	776265	34	0.5993
chr1	776364	776365	38	0.5638
chr1	776430	776431	34	0.5704
chr1	776484	776485	36	0.5466
chr1	776500	776501	41	0.6063
chr1	776517	776518	40	0.7678
chr1	776559	776560	38	0.6678
chr1	776584	776585	40	0.6299
chr1	776634	776635	27	0.7578
chr1	776657	776658	37	0.7186
chr1	776679	776680	36	0.7246
chr1	776694	776695	37	0.5525
chr1	776742	776743	42	0.6547
chr1	776792	776793	44	0.5904
chr1	776821	776822	43	0.7711
chr1	776862	776863	41	0.643
chr1	776877	776878	37	0.8592
chr1	776892	776893	45	0.5419
chr1	776918	776919	35	0.7127
chr1	776941	776942	42	0.6507
chr1	776975	776976	47	0.7839
chr1	776994	776995	49	0.5978
chr1	777014	777015	39	0.7922
chr1	777114	777115	36	0.658
chr1	777214	777215	30	0.5976
chr1	777305	777306	34	0.7168
chr1	777381	777382	38	0.5788
chr1	777481	777482	47	0.7387
chr1	777493	777494	42	0.7537
chr1	777565	777566	45	0.6847
chr1	777572	777573	38	0.6957
chr1	777587	777588	34	0.7858
chr1	777607	777608	40	0.8464
chr1	777622	777623	41	0.6021
chr1	777641	777642	38	0.8411
chr1	777662	777663	35	0.6014
chr1	777678	777679	35	0.498
chr1	777696	777697	36	0.7241
chr1	777717	777718	35	0.6787
chr1	777767	777768	40	0.7896
chr1	777782	777783	35	0.9459
chr1	777832	777833	43	0.8043
chr1	777874	777875	44	0.8311
chr1	777913	777914	30	0.7156
chr1	777936	777937	43	0.733
chr1	777951	777952	47	0.8355
chr1	777966	777967	40	0.7879
chr1	777986	777987	46	0.8474
chr1	778004	778005	50	0.6523
chr1	778032	778033	37	0.6097
chr1	778052	778053	34	0.8482
chr1	778059	778060	33	0.6724
chr1	778109	778110	42	0.7879
chr1	778209	778210	44	0.8591
chr1	778292	778293	37	0.6318
chr1	778343	778344	31	0.7104
chr1	778443	778444	36	0.7445
chr1	778507	778508	35	0.7543
chr1	778661	778662	43	0.9587
chr1	778667	778668	46	0.8971
chr1	778697	778698	42	0.6003
chr1	778801	778802	39	0.9075
chr1	778835	778836	39	0.7544
chr1	778963	778964	39	0.7401
chr1	778985	778986	40	0.8738
chr1	779034	779035	42	0.8415
chr1	779084	779085	43	0.7024
chr1	779134	779135	37	0.7655
chr1	779167	779168	41	0.8358
chr1	779194	779195	35	0.747
chr1	779217	779218	41	0.754
chr1	779267	779268	39	0.6426
chr1	779307	779308	47	0.5594
chr1	779331	779332	37	0.6557
chr1	779354	779355	42	0.7758
chr1	779404	779405	36	0.6106
chr1	779427	779428	44	0.801
chr1	779461	779462	47	0.6051
chr1	779490	779491	36	0.5787
chr1	779507	779508	38	0.7164
chr1	779607	779608	40	0.7634
chr1	779672	779673	41	0.7032
chr1	779772	779773	35	0.8712
chr1	779872	779873	38	0.5956
chr1	779970	779971	37	0.5863
chr1	780012	780013	37	0.7455
chr1	780056	780057	42	0.4957
chr1	780085	780086	40	0.7493
chr1	780124	780125	44	0.7016
chr1	780156	780157	34	0.5316
chr1	780184	780185	36	0.5715
chr1	780208	780209	45	0.6882
chr1	780248	780249	53	0.7237
chr1	780270	780271	41	0.4851
chr1	780285	780286	39	0.525
chr1	780307	780308	47	0.6964
chr1	780350	780351	40	0.6879
chr1	780372	780373	41	0.6137
chr1	780422	780423	48	0.6069
chr1	780465	780466	35	0.5323
chr1	780497	780498	34	0.5474
chr1	780514	780515	36	0.5407
chr1	780547	780548	41	0.7033
chr1	780630	780631	36	0.7023
chr1	780730	780731	44	0.8067
chr1	780830	780831	42	0.6446
chr1	780886	780887	40	0.5431
chr1	780986	780987	34	0.5401
chr1	781036	781037	39	0.5109
chr1	781044	781045	48	0.5227
chr1	781069	781070	45	0.8457
chr1	781119	781120	39	0.8802
chr1	781165	781166	46	0.8451
chr1	781184	781185	35	1.0
chr1	781220	781221	43	1.0
chr1	781249	781250	51	0.933
chr1	781273	781274	34	0.9644
chr1	781288	781289	42	0.8279
chr1	781307	781308	42	0.9315
chr1	781340	781341	36	1.0
chr1	781374	781375	40	0.9976
chr1	781401	781402	31	0.9785
chr1	781423	781424	41	0.9019
chr1	781444	781445	38	1.0
chr1	781467	781468	27	0.9519
chr1	781508	781509	39	0.9612
chr1	781569	781570	34	0.926
chr1	781669	781670	30	0.9483
chr1	781769	781770	30	0.8899
chr1	781869	781870	40	0.8803
chr1	781899	781900	45	0.9355
chr1	781921	781922	37	0.7717
chr1	781966	781967	35	0.7693
chr1	782015	782016	43	0.8717
chr1	782036	782037	44	0.7116
chr1	782069	782070	42	0.7928
chr1	782110	782111	44	0.7522
chr1	782160	782161	36	0.6853
chr1	782189	782190	39	0.723
chr1	782222	782223	33	0.7479
chr1	782246	782247	43	0.8647
chr1	782261	782262	43	0.7364
chr1	782276	782277	38	0.8207
chr1	782298	782299	33	0.8318
chr1	782317	782318	45	0.8653
chr1	782345	782346	41	0.788
chr1	782371	782372	36	0.7962
chr1	782393	782394	32	0.8718
chr1	782427	782428	46	0.7155
chr1	782455	782456	39	0.8883
chr1	782479	782480	33	0.7822
chr1	782535	782536	38	0.7927
chr1	782635	782636	46	0.8113
chr1	782702	782703	39	0.6897
chr1	782802	782803	29	0.8139
chr1	782902	782903	38	0.8843
chr1	782928	782929	46	0.8068
chr1	782962	782963	46	0.8258
chr1	782976	782977	35	0.7118
chr1	782993	782994	44	0.7056
chr1	783008	783009	42	0.5441
chr1	783026	783027	33	0.6336
chr1	783055	783056	42	0.6962
chr1	783085	783086	45	0.7942
chr1	783100	783101	46	0.5083
chr1	783150	783151	41	0.73
chr1	783189	783190	35	0.7515
chr1	783207	783208	36	0.792
chr1	783222	783223	41	0.5834
chr1	783255	783256	36	0.6303
chr1	783284	783285	48	0.5852
chr1	783332	783333	40	0.432
chr1	783382	783383	40	0.7053
chr1	783418	783419	36	0.5367
chr1	783433	783434	33	0.6714
chr1	783468	783469	32	0.7312
chr1	783486	783487	31	0.7257
chr1	783586	783587	37	0.729
chr1	783662	783663	37	0.6116
chr1	783712	783713	35	0.671
chr1	783768	783769	41	0.6137
chr1	783868	783869	32	0.6567
chr1	783968	783969	31	0.7116
chr1	783982	783983	48	0.4796
chr1	784062	784063	36	0.4999
chr1	784067	784068	39	0.8469
chr1	784105	784106	47	0.8223
chr1	784148	784149	38	0.693
chr1	784194	784195	40	0.8358
chr1	784224	784225	42	0.7226
chr1	784252	784253	47	0.6224
chr1	784294	784295	39	0.8403
chr1	784321	784322	42	0.8015
chr1	784348	784349	27	0.7703
chr1	784366	784367	38	0.8398
chr1	784392	784393	36	0.7804
chr1	784426	784427	41	0.8287
chr1	784474	784475	44	0.9028
chr1	784503	784504	41	0.9266
chr1	784507	784508	36	0.9865
chr1	784595	784596	39	0.7435
chr1	784677	784678	38	0.8408
chr1	784777	784778	28	0.8232
chr1	784873	784874	43	0.7337
chr1	784911	784912	36	0.8081
chr1	785087	785088	40	0.7478
chr1	785121	785122	36	0.8383
chr1	785217	785218	34	0.7651
chr1	785225	785226	47	0.8565
chr1	785231	785232	49	0.8807
chr1	785235	785236	39	0.7876
chr1	785327	785328	43	0.7491
chr1	785338	785339	30	0.8469
chr1	785353	785354	33	0.8121
chr1	785399	785400	45	0.7839
chr1	785419	785420	42	0.7944
chr1	785442	785443	43	0.8788
chr1	785492	785493	42	0.9224
chr1	785509	785510	38	0.7794
chr1	785550	785551	44	0.7604
chr1	785580	785581	35	0.7473
chr1	785630	785631	41	0.9319
chr1	785652	785653	37	0.8484
chr1	785675	785676	37	0.8802
chr1	785705	785706	41	0.8156
chr1	785735	785736	36	0.9038
chr1	785751	785752	36	0.8526
chr1	785797	785798	47	0.8253
chr1	785837	785838	36	0.7426
chr1	785846	785847	37	0.8048
chr1	785931	785932	34	0.8268
chr1	786031	786032	34	0.8303
chr1	786131	786132	34	0.7835
chr1	786231	786232	38	0.7668
chr1	786331	786332	41	0.7414
chr1	786371	786372	41	0.8322
chr1	786383	786384	41	0.862
chr1	786397	786398	37	0.0698
chr1	786432	786433	39	0.0047
chr1	786467	786468	49	0.0392
chr1	786496	786497	40	0.0
chr1	786533	786534	42	0.1159
chr1	786583	786584	43	0.0735
chr1	786607	786608	32	0.0259
chr1	786657	786658	42	0.2235
chr1	786683	786684	40	0.0392
chr1	786723	786724	41	0.0183
chr1	786743	786744	49	0.0552
chr1	786793	786794	34	0.1941
chr1	786830	786831	35	0.0124
chr1	786880	786881	42	0.1151
chr1	786957	786958	43	0.0469
chr1	787057	787058	40	0.059
chr1	787107	787108	37	0.1414
chr1	787190	787191	33	0.0226
chr1	787246	787247	40	0.1368
chr1	787254	787255	44	0.1256
chr1	787284	787285	40	0.9775
chr1	787304	787305	32	0.9438
chr1	787319	787320	44	0.8225
chr1	787351	787352	35	0.7546
chr1	787391	787392	40	0.7787
chr1	787441	787442	47	0.7425
chr1	787471	787472	40	0.7209
chr1	787521	787522	33	0.8957
chr1	787571	787572	49	0.8888
chr1	787603	787604	39	0.7732
chr1	787625	787626	44	0.7725
chr1	787653	787654	47	0.8738
chr1	787681	787682	30	0.8062
chr1	787716	787717	35	0.9248
chr1	787739	787740	41	0.7618
chr1	787789	787790	39	0.777
chr1	787810	787811	45	0.8869
chr1	787842	787843	38	0.8483
chr1	787892	787893	36	0.7833
chr1	787992	787993	43	0.7702
chr1	788092	788093	47	0.7643
chr1	788192	788193	45	0.7565
chr1	788292	788293	31	0.8195
chr1	788342	788343	41	0.8541
chr1	788398	788399	43	0.9147
chr1	788403	788404	40	0.5661
chr1	788453	788454	41	0.677
chr1	788469	788470	42	0.7447
chr1	788500	788501	43	0.6718
chr1	788538	788539	46	0.5343
chr1	788576	788577	39	0.4323
chr1	788626	788627	44	0.6013
chr1	788641	788642	47	0.6309
chr1	788678	788679	43	0.6172
chr1	788707	788708	50	0.6001
chr1	788722	788723	44	0.6418
chr1	788747	788748	34	0.5688
chr1	788762	788763	37	0.5303
chr1	788805	788806	45	0.7328
chr1	788837	788838	39	0.5676
chr1	788879	788880	36	0.6328
chr1	788911	788912	40	0.6628
chr1	788949	788950	44	0.6549
chr1	788974	788975	36	0.6824
chr1	789074	789075	42	0.5848
chr1	789174	789175	43	0.5061
chr1	789274	789275	41	0.5097
chr1	789374	789375	33	0.549
chr1	789469	789470	42	0.7293
chr1	789525	789526	33	0.6543
chr1	789545	789546	36	0.6235
chr1	789559	789560	38	0.6245
chr1	789693	789694	36	0.5267
chr1	789701	789702	40	0.6018
chr1	789735	789736	39	0.5409
chr1	789787	789788	38	0.6649
chr1	789857	789858	42	0.5763
chr1	789893	789894	33	0.6131
chr1	789905	789906	36	0.5717
chr1	789942	789943	46	0.5965
chr1	789973	789974	33	0.7306
chr1	790002	790003	47	0.7967
chr1	790052	790053	44	0.5441
chr1	790071	790072	34	0.5486
chr1	790086	790087	42	0.6598
chr1	790136	790137	39	0.7081
chr1	790186	790187	41	0.7023
chr1	790218	790219	37	0.6884
chr1	790239	790240	42	0.5169
chr1	790268	790269	44	0.6015
chr1	790289	790290	35	0.7298
chr1	790339	790340	49	0.659
chr1	790373	790374	35	0.5875
chr1	790393	790394	46	0.4173
chr1	790445	790446	36	0.5409
chr1	790545	790546	43	0.7347
chr1	790595	790596	34	0.5333
chr1	790695	790696	44	0.568
chr1	790795	790796	36	0.4487
chr1	790855	790856	49	0.5731
chr1	790917	790918	40	0.6313
chr1	790953	790954	37	0.476
chr1	790967	790968	45	0.8438
chr1	791009	791010	52	0.9494
chr1	791024	791025	42	0.9833
chr1	791074	791075	39	0.9817
chr1	791100	791101	35	0.8239
chr1	791131	791132	47	0.9247
chr1	791151	791152	38	0.8478
chr1	791166	791167	40	0.7657
chr1	791185	791186	37	0.8717
chr1	791212	791213	43	0.9185
chr1	791235	791236	39	0.9539
chr1	791276	791277	41	0.8828
chr1	791296	791297	37	1.0
chr1	791313	791314	35	0.8786
chr1	791342	791343	44	0.8921
chr1	791357	791358	42	0.9292
chr1	791376	791377	50	0.8912
chr1	791393	791394	38	0.9673
chr1	791433	791434	43	0.8936
chr1	791510	791511	45	0.8625
chr1	791568	791569	39	0.8769
chr1	791668	791669	36	0.9189
chr1	791718	791719	43	0.8251
chr1	791772	791773	32	0.9632
chr1	791822	791823	35	0.8852
chr1	791879	791880	32	0.9354
chr1	791947	791948	39	0.8927
chr1	791957	791958	33	0.9104
chr1	792007	792008	29	0.0947
chr1	792036	792037	43	0.0167
chr1	792076	792077	38	0.0
chr1	792100	792101	44	0.0
chr1	792144	792145	34	0.0
chr1	792161	792162	37	0.0871
chr1	792184	792185	32	0.0
chr1	792201	792202	44	0.0843
chr1	792249	792250	42	0.1259
chr1	792278	792279	39	0.1187
chr1	792328	792329	40	0.0
chr1	792361	792362	40	0.0
chr1	792411	792412	35	0.0
chr1	792427	792428	38	0.0033
chr1	792444	792445	36	0.0
chr1	792544	792545	37	0.0456
chr1	792644	792645	45	0.0454
chr1	792744	792745	30	0.0
chr1	792824	792825	43	0.023
chr1	792846	792847	36	0.0697
chr1	792914	792915	44	0.1214
chr1	792954	792955	36	0.8771
chr1	792994	792995	42	0.712
chr1	793020	793021	52	0.8481
chr1	793062	793063	33	0.8707
chr1	793096	793097	36	0.7686
chr1	793136	793137	32	0.8717
chr1	793156	793157	37	0.7909
chr1	793179	793180	35	0.7956
chr1	793208	793209	42	0.6703
chr1	793252	793253	33	0.696
chr1	793302	793303	38	0.8394
chr1	793352	793353	44	0.6372
chr1	793402	793403	38	0.8732
chr1	793417	793418	41	0.7523
chr1	793445	793446	41	0.7764
chr1	793514	793515	37	1.0
chr1	793614	793615	38	0.8511
chr1	793714	793715	40	0.7389
chr1	793764	793765	34	0.6247
chr1	793814	793815	31	0.8103
chr1	793914	793915	36	0.7734
chr1	793942	793943	37	0.7865
chr1	793947	793948	46	0.4783
chr1	793984	793985	37	0.7029
chr1	793999	794000	45	0.4638
chr1	794024	794025	34	0.6791
chr1	794039	794040	40	0.414
chr1	794066	794067	35	0.501
chr1	794116	794117	33	0.4867
chr1	794138	794139	39	0.4684
chr1	794168	794169	39	0.7913
chr1	794188	794189	30	0.5908
chr1	794238	794239	41	0.4954
chr1	794268	794269	37	0.5061
chr1	794290	794291	41	0.6241
chr1	794323	794324	44	0.522
chr1	794349	794350	41	0.4748
chr1	794382	794383	40	0.5364
chr1	794412	794413	50	0.5381
chr1	794461	794462	40	0.7094
chr1	794493	794494	39	0.6458
chr1	794593	794594	43	0.6801
chr1	794643	794644	37	0.6691
chr1	794715	794716	38	0.6258
chr1	794765	794766	37	0.6617
chr1	794837	794838	42	0.5448
chr1	794888	794889	43	0.5374
chr1	794979	794980	46	0.4358
chr1	795029	795030	44	0.5156
chr1	795039	795040	34	0.6043
chr1	795047	795048	40	0.6384
chr1	795135	795136	34	0.5387
chr1	795143	795144	35	0.6965
chr1	795217	795218	40	0.549
chr1	795271	795272	45	0.6229
chr1	795283	795284	31	0.5823
chr1	795317	795318	37	0.671
chr1	795463	795464	42	0.6967
chr1	795481	795482	48	1.0
chr1	795531	795532	51	1.0
chr1	795565	795566	45	1.0
chr1	795615	795616	48	1.0
chr1	795644	795645	43	0.9125
chr1	795661	795662	39	1.0
chr1	795692	795693	41	0.9991
chr1	795717	795718	39	0.9053
chr1	795767	795768	39	0.8856
chr1	795782	795783	40	0.9206
chr1	795800	795801	49	0.9626
chr1	795824	795825	39	0.9119
chr1	795854	795855	42	1.0
chr1	795904	795905	41	0.956
chr1	795942	795943	38	1.0
chr1	795964	795965	37	0.8153
chr1	795986	795987	44	0.7775
chr1	796008	796009	42	0.8483
chr1	796080	796081	38	0.9152
chr1	796180	796181	41	0.9356
chr1	796280	796281	30	0.938
chr1	796380	796381	41	0.8775
chr1	796480	796481	47	0.9172
chr1	796570	796571	31	0.8897
chr1	797688	797689	45	0.6465
chr1	797710	797711	43	0.7539
chr1	797741	797742	46	0.7721
chr1	797775	797776	36	0.3977
chr1	797790	797791	46	0.787
chr1	797816	797817	36	0.4553
chr1	797844	797845	44	0.3945
chr1	797889	797890	40	0.4438
chr1	797918	797919	35	0.5644
chr1	797935	797936	33	0.3435
chr1	797985	797986	42	0.5768
chr1	798023	798024	44	0.7582
chr1	798067	798068	49	0.8451
chr1	798086	798087	36	0.4006
chr1	798110	798111	36	0.4502
chr1	798139	798140	38	0.5663
chr1	798189	798190	40	0.5062
chr1	798245	798246	47	0.4315
chr1	798345	798346	44	0.6778
chr1	798445	798446	38	0.5462
chr1	798545	798546	45	0.6185
chr1	798612	798613	29	0.7509
chr1	798688	798689	32	0.6289
chr1	798728	798729	36	0.9407
chr1	798773	798774	48	0.9222
chr1	798823	798824	37	0.8678
chr1	798850	798851	41	0.8168
chr1	798900	798901	42	0.8922
chr1	798946	798947	37	0.8761
chr1	798961	798962	44	1.0
chr1	798981	798982	48	0.8879
chr1	799031	799032	33	1.0
chr1	799077	799078	36	0.8927
chr1	799104	799105	41	0.9521
chr1	799132	799133	49	0.8604
chr1	799164	799165	40	0.9698
chr1	799264	799265	36	0.8342
chr1	799364	799365	37	0.9693
chr1	799464	799465	37	0.941
chr1	799564	799565	36	0.9819
chr1	799638	799639	35	0.8444
chr1	799643	799644	44	0.3631
chr1	799679	799680	45	0.3448
chr1	799702	799703	44	0.1625
chr1	799747	799748	39	0.3969
chr1	799797	799798	45	0.3669
chr1	799837	799838	36	0.3704
chr1	799862	799863	37	0.1691
chr1	799894	799895	33	0.1966
chr1	799922	799923	41	0.1933
chr1	799966	799967	46	0.3602
chr1	800000	800001	41	0.3222
chr1	800022	800023	32	0.2778
chr1	800050	800051	41	0.2172
chr1	800074	800075	39	0.3439
chr1	800108	800109	41	0.3798
chr1	800154	800155	49	0.3178
chr1	800254	800255	41	0.3554
chr1	800320	800321	36	0.3024
chr1	800420	800421	32	0.4336
chr1	800520	800521	44	0.458
chr1	800576	800577	45	0.2156
chr1	800636	800637	33	0.3554
chr1	800644	800645	35	0.3344
chr1	800680	800681	42	0.2308
chr1	800922	800923	31	0.2344
chr1	800926	800927	45	0.329
chr1	801016	801017	35	0.2379
chr1	801036	801037	38	0.2532
chr1	801120	801121	27	0.3601
chr1	801134	801135	43	0.2794
chr1	801140	801141	34	0.0235
chr1	801180	801181	45	0.1385
chr1	801195	801196	38	0.0
chr1	801224	801225	29	0.0
chr1	801258	801259	36	0.1731
chr1	801279	801280	30	0.0032
chr1	801294	801295	39	0.0125
chr1	801324	801325	40	0.0812
chr1	801341	801342	36	0.2113
chr1	801391	801392	44	0.003
chr1	801441	801442	39	0.0
chr1	801491	801492	40	0.0
chr1	801521	801522	31	0.0271
chr1	801539	801540	47	0.0
chr1	801558	801559	44	0.0932
chr1	801605	801606	36	0.1243
chr1	801638	801639	35	0.1636
chr1	801668	801669	37	0.0
chr1	801718	801719	42	0.0727
chr1	801733	801734	44	0.0479
chr1	801764	801765	36	0.1223
chr1	801765	801766	40	0.0565
chr1	801865	801866	40	0.0808
chr1	801915	801916	33	0.0457
chr1	802015	802016	30	0.1752
chr1	802115	802116	28	0.0
chr1	802215	802216	38	0.0109
chr1	802289	802290	43	0.0097
chr1	802389	802390	45	0.0496
chr1	802421	802422	43	0.1061
chr1	802485	802486	44	0.1545
chr1	802617	802618	38	0.0453
chr1	802707	802708	48	0.2025
chr1	802725	802726	36	0.0564
chr1	802799	802800	41	0.0177
chr1	802851	802852	40	0.1148
chr1	802855	802856	45	0.1288
chr1	802864	802865	42	0.8116
chr1	802887	802888	39	0.7656
chr1	802937	802938	34	0.9417
chr1	802976	802977	31	0.8844
chr1	803025	803026	46	0.9277
chr1	803071	803072	41	0.7969
chr1	803110	803111	42	0.7624
chr1	803125	803126	45	0.7406
chr1	803150	803151	49	0.8079
chr1	803173	803174	38	0.8966
chr1	803192	803193	45	0.9016
chr1	803207	803208	43	0.8285
chr1	803254	803255	47	0.7473
chr1	803280	803281	41	0.7019
chr1	803298	803299	44	0.7412
chr1	803316	803317	44	0.8677
chr1	803338	803339	35	0.9267
chr1	803360	803361	35	0.9196
chr1	803460	803461	25	0.8482
chr1	803510	803511	41	0.6684
chr1	803560	803561	41	0.7258
chr1	803660	803661	44	0.7283
chr1	803717	803718	44	0.9281
chr1	803803	803804	38	0.8684
chr1	803843	803844	44	0.9686
chr1	803965	803966	39	0.6551
chr1	803999	804000	30	0.8196
chr1	804025	804026	37	0.7347
chr1	804237	804238	42	0.789
chr1	804246	804247	33	0.0
chr1	804295	804296	42	0.2036
chr1	804317	804318	46	0.1178
chr1	804355	804356	31	0.0936
chr1	804371	804372	42	0.0409
chr1	804410	804411	36	0.0677
chr1	804449	804450	33	0.1077
chr1	804499	804500	35	0.199
chr1	804514	804515	40	0.0
chr1	804537	804538	41	0.1901
chr1	804580	804581	42	0.1042
chr1	804630	804631	28	0.2045
chr1	804650	804651	43	0.1559
chr1	804688	804689	30	0.1018
chr1	804723	804724	38	0.1184
chr1	804773	804774	34	0.0916
chr1	804805	804806	48	0.1999
chr1	804905	804906	40	0.0
chr1	805005	805006	35	0.2253
chr1	805105	805106	42	0.1233
chr1	805205	805206	38	0.1897
chr1	805305	805306	42	0.1047
chr1	805425	805426	44	0.1174
chr1	805465	805466	38	0.0005
chr1	805501	805502	43	0.165
chr1	805553	805554	35	0.1779
chr1	805659	805660	42	0.0601
chr1	805673	805674	44	0.075
chr1	805743	805744	34	0.0887
chr1	805792	805793	33	0.0361
chr1	805834	805835	39	0.182
chr1	805849	805850	47	0.1275
chr1	805896	805897	46	0.1702
chr1	805930	805931	46	0.2588
chr1	805966	805967	42	0.2983
chr1	805985	805986	42	0.2309
chr1	806015	806016	36	0.1662
chr1	806062	806063	47	0.1529
chr1	806112	806113	38	0.1784
chr1	806139	806140	35	0.2887
chr1	806176	806177	41	0.0994
chr1	806199	806200	33	0.0774
chr1	806283	806284	41	0.2347
chr1	806333	806334	32	0.3618
chr1	806433	806434	32	0.2729
chr1	806483	806484	39	0.2609
chr1	806548	806549	43	0.1691
chr1	806560	806561	40	0.2244
chr1	806568	806569	41	0.6576
chr1	806600	806601	46	0.9455
chr1	806648	806649	32	0.8095
chr1	806685	806686	36	0.7879
chr1	806724	806725	38	0.9847
chr1	806747	806748	44	0.9042
chr1	806785	806786	31	0.7532
chr1	806806	806807	43	0.7743
chr1	806833	806834	44	0.9487
chr1	806868	806869	44	0.7964
chr1	806901	806902	41	0.8394
chr1	806930	806931	31	0.7034
chr1	806966	806967	38	0.9907
chr1	807010	807011	40	0.9207
chr1	807029	807030	42	0.9857
chr1	807079	807080	47	0.935
chr1	807130	807131	33	0.9196
chr1	807230	807231	32	0.7068
chr1	807330	807331	46	0.7947
chr1	807430	807431	42	0.9057
chr1	807530	807531	29	0.8862
chr1	807666	807667	41	0.7833
chr1	807686	807687	40	0.8353
chr1	807696	807697	45	0.728
chr1	807774	807775	33	0.9213
chr1	807804	807805	36	0.7899
chr1	807842	807843	32	0.8459
chr1	807874	807875	42	0.921
chr1	807922	807923	46	0.8552
chr1	807930	807931	41	0.6067
chr1	807980	807981	46	0.6203
chr1	808030	808031	38	0.5904
chr1	808050	808051	39	0.4975
chr1	808067	808068	34	0.6109
chr1	808104	808105	32	0.559
chr1	808139	808140	50	0.6341
chr1	808157	808158	35	0.605
chr1	808193	808194	44	0.5154
chr1	808226	808227	38	0.514
chr1	808249	808250	39	0.6417
chr1	808286	808287	43	0.6131
chr1	808336	808337	42	0.4651
chr1	808356	808357	35	0.5505
chr1	808371	808372	39	0.5153
chr1	808394	808395	37	0.7257
chr1	808410	808411	37	0.5246
chr1	808442	808443	40	0.6307
chr1	808459	808460	44	0.5666
chr1	808525	808526	28	0.6823
chr1	808625	808626	44	0.5936
chr1	808709	808710	34	0.4805
chr1	808768	808769	49	0.467
chr1	808868	808869	36	0.6101
chr1	808923	808924	40	0.591
chr1	809023	809024	49	0.7526
chr1	809261	809262	47	0.5828
chr1	809275	809276	30	0.5654
chr1	809311	809312	46	0.5555
chr1	809365	809366	36	0.6421
chr1	809389	809390	41	0.8029
chr1	809403	809404	50	0.6005
chr1	809414	809415	45	0.5404
chr1	809430	809431	44	0.579
chr1	809469	809470	32	0.5958
chr1	809519	809520	42	0.4851
chr1	809541	809542	44	0.5299
chr1	809574	809575	45	0.3898
chr1	809622	809623	41	0.5995
chr1	809651	809652	44	0.5538
chr1	809682	809683	41	0.5092
chr1	809732	809733	33	0.4097
chr1	809782	809783	33	0.5586
chr1	809802	809803	43	0.4584
chr1	809852	809853	34	0.3763
chr1	809899	809900	38	0.4687
chr1	809913	809914	39	0.5274
chr1	810013	810014	38	0.5205
chr1	810067	810068	39	0.5068
chr1	810167	810168	40	0.4947
chr1	810251	810252	39	0.5185
chr1	810308	810309	41	0.5168
chr1	810408	810409	31	0.4707
chr1	810426	810427	38	0.6336
chr1	810454	810455	43	0.5804
chr1	810492	810493	42	0.8122
chr1	810542	810543	44	0.6212
chr1	810559	810560	37	0.7719
chr1	810605	810606	35	0.608
chr1	810639	810640	43	0.8895
chr1	810654	810655	39	0.7853
chr1	810681	810682	41	0.8107
chr1	810707	810708	33	0.7002
chr1	810750	810751	31	0.7835
chr1	810782	810783	36	0.862
chr1	810807	810808	29	0.8238
chr1	810857	810858	39	0.7284
chr1	810872	810873	43	0.7376
chr1	810893	810894	34	0.8581
chr1	810937	810938	42	0.8479
chr1	810964	810965	33	0.7942
chr1	810983	810984	30	0.7
chr1	810999	811000	38	0.6645
chr1	811089	811090	39	0.6592
chr1	811147	811148	33	0.6333
chr1	811201	811202	45	0.6652
chr1	811301	811302	36	0.7068
chr1	811373	811374	46	0.6911
chr1	811473	811474	38	0.6251
chr1	811495	811496	42	0.8207
chr1	811551	811552	40	0.6827
chr1	811598	811599	46	0.8517
chr1	811617	811618	32	0.8935
chr1	811633	811634	50	1.0
chr1	811662	811663	38	0.8805
chr1	811679	811680	33	0.8969
chr1	811703	811704	46	0.854
chr1	811730	811731	36	0.9523
chr1	811753	811754	41	0.9338
chr1	811784	811785	29	0.9062
chr1	811825	811826	31	0.9303
chr1	811842	811843	34	0.9068
chr1	811857	811858	45	0.7997
chr1	811906	811907	40	0.7993
chr1	811936	811937	37	0.9223
chr1	811969	811970	40	0.9153
chr1	812019	812020	47	0.983
chr1	812037	812038	44	0.9079
chr1	812077	812078	35	0.7972
chr1	812103	812104	26	0.771
chr1	812106	812107	43	0.9526
chr1	812206	812207	31	0.7997
chr1	812266	812267	46	0.9146
chr1	812316	812317	38	0.9202
chr1	812406	812407	42	0.8394
chr1	812465	812466	45	0.771
chr1	812565	812566	38	0.8166
chr1	812579	812580	40	0.7577
chr1	812647	812648	35	0.9396
chr1	812688	812689	36	0.7615
chr1	812715	812716	36	0.7359
chr1	812730	812731	43	0.5693
chr1	812745	812746	45	0.6355
chr1	812795	812796	39	0.6172
chr1	812837	812838	40	0.7768
chr1	812887	812888	50	0.698
chr1	812903	812904	44	0.5998
chr1	812943	812944	39	0.6207
chr1	812962	812963	50	0.6928
chr1	812984	812985	45	0.5838
chr1	813004	813005	37	0.6645
chr1	813054	813055	33	0.6153
chr1	813082	813083	46	0.6099
chr1	813122	813123	44	0.5645
chr1	813172	813173	38	0.6485
chr1	813215	813216	27	0.5825
chr1	813315	813316	43	0.6258
chr1	813365	813366	38	0.7046
chr1	813438	813439	43	0.7194
chr1	813538	813539	38	0.6992
chr1	813594	813595	38	0.6543
chr1	813694	813695	37	0.5914
chr1	813744	813745	39	0.6581
chr1	813763	813764	39	0.8329
chr1	813778	813779	37	0.8052
chr1	813810	813811	33	0.6561
chr1	813850	813851	41	0.7211
chr1	813875	813876	31	0.8911
chr1	813892	813893	41	0.7197
chr1	813914	813915	43	0.7272
chr1	813961	813962	43	0.6638
chr1	813999	814000	42	0.6688
chr1	814029	814030	42	0.7657
chr1	814064	814065	43	0.8769
chr1	814081	814082	39	0.6559
chr1	814096	814097	35	0.6274
chr1	814114	814115	42	0.9276
chr1	814158	814159	43	0.5969
chr1	814174	814175	33	0.8089
chr1	814197	814198	41	0.6929
chr1	814229	814230	40	0.7325
chr1	814248	814249	45	0.8891
chr1	814269	814270	40	0.5736
chr1	814369	814370	40	0.8038
chr1	814419	814420	47	0.7337
chr1	814519	814520	38	0.6388
chr1	814619	814620	42	0.5738
chr1	814672	814673	45	0.6101
chr1	814772	814773	30	0.8951
chr1	814846	814847	40	0.6652
chr1	814866	814867	38	0.7033
chr1	814898	814899	46	0.2997
chr1	814928	814929	37	0.0456
chr1	814957	814958	42	0.1663
chr1	815007	815008	51	0.083
chr1	815022	815023	43	0.1792
chr1	815068	815069	37	0.2225
chr1	815118	815119	46	0.2008
chr1	815133	815134	32	0.1469
chr1	815154	815155	43	0.2014
chr1	815198	815199	47	0.1786
chr1	815239	815240	43	0.0742
chr1	815289	815290	42	0.0957
chr1	815339	815340	38	0.1294
chr1	815379	815380	43	0.1274
chr1	815384	815385	43	0.0549
chr1	815475	815476	44	0.1464
chr1	815575	815576	42	0.1356
chr1	815647	815648	36	0.0361
chr1	815747	815748	43	0.1053
chr1	815806	815807	39	0.1646
chr1	815864	815865	40	0.0395
chr1	815888	815889	37	0.9185
chr1	815938	815939	40	0.7762
chr1	815966	815967	39	1.0
chr1	815997	815998	36	0.9523
chr1	816026	816027	40	0.835
chr1	816053	816054	33	0.7927
chr1	816086	816087	36	0.8894
chr1	816116	816117	45	0.7615
chr1	816146	816147	39	0.9585
chr1	816180	816181	38	0.9192
chr1	816195	816196	36	0.7979
chr1	816216	816217	51	0.8767
chr1	816249	816250	42	0.9414
chr1	816278	816279	39	0.9018
chr1	816323	816324	44	0.7579
chr1	816338	816339	38	0.8568
chr1	816367	816368	37	0.6954
chr1	816398	816399	35	0.8263
chr1	816413	816414	43	0.7398
chr1	816433	816434	38	0.9415
chr1	816440	816441	43	0.9084
chr1	816507	816508	49	0.7146
chr1	816588	816589	41	0.9488
chr1	816650	816651	31	0.74
chr1	816704	816705	43	0.9326
chr1	816782	816783	34	0.8356
chr1	816882	816883	47	0.7525
chr1	816982	816983	41	0.8159
chr1	817012	817013	32	0.9054
chr1	817024	817025	36	0.8705
chr1	817050	817051	46	0.8153
chr1	817100	817101	34	0.8556
chr1	817133	817134	35	0.9773
chr1	817176	817177	47	0.9343
chr1	817203	817204	43	0.9356
chr1	817223	817224	43	1.0
chr1	817255	817256	48	0.9179
chr1	817279	817280	36	0.9124
chr1	817297	817298	35	0.8823
chr1	817328	817329	43	0.9685
chr1	817343	817344	43	0.9407
chr1	817393	817394	47	0.988
chr1	817408	817409	39	0.8981
chr1	817423	817424	32	0.9968
chr1	817448	817449	49	0.9727
chr1	817473	817474	46	0.7745
chr1	817477	817478	38	0.9772
chr1	817577	817578	40	0.9373
chr1	817640	817641	43	0.9164
chr1	817702	817703	39	0.8776
chr1	817802	817803	37	0.9779
chr1	817902	817903	43	0.8521
chr1	817958	817959	39	0.9046
chr1	818000	818001	32	0.9127
chr1	818023	818024	32	0.6641
chr1	818038	818039	39	0.6543
chr1	818075	818076	38	0.6741
chr1	818105	818106	42	0.7474
chr1	818135	818136	29	0.5696
chr1	818160	818161	35	0.692
chr1	818184	818185	36	0.7872
chr1	818234	818235	26	0.6531
chr1	818271	818272	33	0.7219
chr1	818286	818287	43	0.7822
chr1	818304	818305	38	0.7672
chr1	818323	818324	36	0.6448
chr1	818373	818374	37	0.67
chr1	818393	818394	41	0.7262
chr1	818443	818444	36	0.7813
chr1	818469	818470	41	0.7433
chr1	818497	818498	38	0.6433
chr1	818528	818529	37	0.7444
chr1	818556	818557	44	0.7176
chr1	818574	818575	41	0.7007
chr1	818624	818625	38	0.806
chr1	818724	818725	45	0.7304
chr1	818800	818801	32	0.7314
chr1	818869	818870	34	0.8104
chr1	818969	818970	39	0.6706
chr1	819036	819037	45	0.5605
chr1	819124	819125	41	0.6524
chr1	819202	819203	44	0.7209
chr1	819210	819211	38	0.8507
chr1	819218	819219	32	0.5957
chr1	819249	819250	29	0.5742
chr1	819273	819274	39	0.6772
chr1	819323	819324	39	0.8229
chr1	819373	819374	39	0.7976
chr1	819405	819406	43	0.7431
chr1	819420	819421	37	0.6313
chr1	819435	819436	37	0.6815
chr1	819462	819463	26	0.5637
chr1	819489	819490	36	0.6121
chr1	819513	819514	39	0.6514
chr1	819528	819529	41	0.8287
chr1	819566	819567	47	0.7272
chr1	819599	819600	44	0.777
chr1	819615	819616	46	0.6974
chr1	819634	819635	47	0.7789
chr1	819649	819650	41	0.6429
chr1	819699	819700	28	0.7074
chr1	819731	819732	44	0.6516
chr1	819738	819739	36	0.6214
chr1	819832	819833	43	0.8043
chr1	819932	819933	37	0.697
chr1	820032	820033	39	0.5826
chr1	820132	820133	40	0.5618
chr1	820232	820233	37	0.803
chr1	820242	820243	40	0.5807
chr1	820266	820267	45	0.7075
chr1	820290	820291	43	0.6424
chr1	820306	820307	33	0.6493
chr1	820310	820311	40	0.6965
chr1	820346	820347	37	0.7261
chr1	820412	820413	38	0.7914
chr1	820528	820529	39	0.6813
chr1	820534	820535	43	0.7848
chr1	820588	820589	28	0.6819
chr1	820607	820608	42	0.9974
chr1	820649	820650	31	0.9592
chr1	820699	820700	41	0.9007
chr1	820722	820723	35	0.8645
chr1	820752	820753	39	0.9486
chr1	820773	820774	34	0.8767
chr1	820815	820816	38	0.8974
chr1	820835	820836	44	0.9682
chr1	820852	820853	34	0.877
chr1	820879	820880	31	0.975
chr1	820929	820930	41	0.9266
chr1	820947	820948	36	0.771
chr1	820962	820963	50	0.8544
chr1	820977	820978	43	0.8964
chr1	821005	821006	46	0.9451
chr1	821028	821029	39	1.0
chr1	821062	821063	51	0.9122
chr1	821112	821113	48	1.0
chr1	821116	821117	41	1.0
chr1	821216	821217	40	0.9221
chr1	821269	821270	43	0.7692
chr1	821337	821338	38	0.8695
chr1	821406	821407	33	0.9877
chr1	821506	821507	37	0.8496
chr1	821606	821607	48	0.872
chr1	821616	821617	37	0.875
chr1	821662	821663	43	0.8964
chr1	821711	821712	39	0.8445
chr1	821745	821746	41	0.6526
chr1	821765	821766	48	0.6095
chr1	821815	821816	36	0.7978
chr1	821830	821831	44	0.9228
chr1	821861	821862	45	0.9129
chr1	821880	821881	37	0.7142
chr1	821895	821896	45	0.9832
chr1	821914	821915	35	0.7578
chr1	821931	821932	41	0.9746
chr1	821961	821962	42	0.6853
chr1	821995	821996	39	0.8058
chr1	822043	822044	45	0.7999
chr1	822059	822060	36	0.7871
chr1	822074	822075	30	0.8423
chr1	822093	822094	37	0.9152
chr1	822119	822120	39	0.4798
chr1	822125	822126	41	0.8873
chr1	822175	822176	38	0.7771
chr1	822275	822276	33	0.9287
chr1	822375	822376	41	0.6454
chr1	822475	822476	29	0.9203
chr1	822558	822559	43	0.8789
chr1	822604	822605	31	0.9912
chr1	822640	822641	42	0.9861
chr1	822668	822669	28	0.8876
chr1	822685	822686	39	0.8269
chr1	822719	822720	42	0.8469
chr1	822734	822735	36	0.9702
chr1	822749	822750	41	0.8213
chr1	822799	822800	36	0.8704
chr1	822814	822815	31	0.8686
chr1	822845	822846	44	0.8929
chr1	822895	822896	40	0.8639
chr1	822920	822921	44	0.8578
chr1	822944	822945	38	0.8866
chr1	822959	822960	41	0.975
chr1	822977	822978	40	0.8909
chr1	823025	823026	37	0.8665
chr1	823070	823071	42	0.8362
chr1	823092	823093	43	0.9399
chr1	823113	823114	43	0.8844
chr1	823128	823129	36	0.734
chr1	823145	823146	37	0.8463
chr1	823161	823162	33	0.8166
chr1	823244	823245	41	0.8475
chr1	823344	823345	45	0.7968
chr1	823444	823445	35	0.8863
chr1	823544	823545	28	0.7869
chr1	823618	823619	45	0.7286
chr1	823710	823711	37	0.7781
chr1	823716	823717	31	0.8804
chr1	823751	823752	48	0.8287
chr1	823783	823784	39	0.6928
chr1	823813	823814	36	0.8159
chr1	823838	823839	40	0.71
chr1	823874	823875	37	0.7699
chr1	823904	823905	33	0.7797
chr1	823938	823939	49	0.6744
chr1	823955	823956	34	0.864
chr1	824004	824005	40	0.619
chr1	824054	824055	43	0.6475
chr1	824085	824086	46	0.937
chr1	824131	824132	46	0.7793
chr1	824146	824147	40	0.744
chr1	824172	824173	37	0.8132
chr1	824186	824187	44	0.8378
chr1	824254	824255	37	0.8549
chr1	824354	824355	46	0.8291
chr1	824454	824455	38	0.903
chr1	824506	824507	44	0.7163
chr1	824605	824606	35	0.8686
chr1	824651	824652	41	0.8363
chr1	824673	824674	43	0.758
chr1	824727	824728	38	0.8284
chr1	824763	824764	46	0.871
chr1	824875	824876	33	0.8101
chr1	824991	824992	53	0.8622
chr1	824995	824996	36	0.732
chr1	825001	825002	34	0.2504
chr1	825016	825017	32	0.1198
chr1	825052	825053	44	0.0658
chr1	825086	825087	29	0.0614
chr1	825116	825117	40	0.0751
chr1	825138	825139	43	0.1935
chr1	825168	825169	40	0.1222
chr1	825189	825190	35	0.2079
chr1	825221	825222	37	0.0017
chr1	825271	825272	49	0.2057
chr1	825294	825295	39	0.1698
chr1	825343	825344	39	0.1604
chr1	825393	825394	35	0.0
chr1	825416	825417	33	0.2102
chr1	825461	825462	36	0.1347
chr1	825511	825512	38	0.1936
chr1	825515	825516	43	0.2371
chr1	825615	825616	44	0.005
chr1	825715	825716	39	0.1207
chr1	825795	825796	44	0.2041
chr1	825886	825887	34	0.0738
chr1	825986	825987	31	0.0657
chr1	826170	826171	33	0.1256
chr1	826184	826185	38	0.0843
chr1	826186	826187	37	0.1102
chr1	826218	826219	42	0.0804
chr1	826254	826255	42	0.1413
chr1	826388	826389	45	0.1237
chr1	826397	826398	39	0.7849
chr1	826434	826435	41	0.8386
chr1	826464	826465	38	0.7221
chr1	826505	826506	44	0.6657
chr1	826527	826528	40	0.9178
chr1	826545	826546	44	0.7984
chr1	826595	826596	36	0.8014
chr1	826619	826620	34	0.7002
chr1	826634	826635	37	0.7188
chr1	826683	826684	48	0.592
chr1	826718	826719	36	0.6369
chr1	826763	826764	40	0.6688
chr1	826793	826794	46	0.7009
chr1	826819	826820	45	0.8325
chr1	826834	826835	46	0.793
chr1	826849	826850	39	0.7149
chr1	826877	826878	39	0.8048
chr1	826974	826975	34	0.7352
chr1	827074	827075	37	0.6522
chr1	827166	827167	44	0.6654
chr1	827216	827217	36	0.6957
chr1	827266	827267	39	0.6832
chr1	827330	827331	36	0.8701
chr1	827412	827413	35	0.7854
chr1	827422	827423	34	0.7039
chr1	827526	827527	36	0.4966
chr1	827536	827537	38	0.8065
chr1	827540	827541	43	0.8254
chr1	827560	827561	44	0.6835
chr1	827570	827571	32	0.6478
chr1	827584	827585	36	0.6572
chr1	827716	827717	42	0.7215
chr1	827730	827731	40	0.7579
chr1	827758	827759	39	0.9147
chr1	827802	827803	41	0.9203
chr1	827837	827838	38	0.8054
chr1	827887	827888	27	0.7471
chr1	827926	827927	39	0.8278
chr1	827964	827965	34	0.7176
chr1	827983	827984	39	0.8223
chr1	828022	828023	43	0.801
chr1	828038	828039	38	0.9484
chr1	828062	828063	30	0.9188
chr1	828086	828087	39	0.6612
chr1	828113	828114	38	0.7942
chr1	828131	828132	37	0.711
chr1	828161	828162	37	0.7248
chr1	828182	828183	26	0.9633
chr1	828203	828204	40	0.9638
chr1	828231	828232	40	0.9413
chr1	828265	828266	36	0.9203
chr1	828266	828267	37	0.75
chr1	828322	828323	48	0.9705
chr1	828422	828423	42	0.8221
chr1	828514	828515	45	0.8963
chr1	828614	828615	42	0.9699
chr1	828672	828673	42	0.6704
chr1	828772	828773	32	0.8779
chr1	828858	828859	40	0.9276
chr1	828863	828864	34	0.0
chr1	828901	828902	31	0.0136
chr1	828927	828928	41	0.0834
chr1	828947	828948	44	0.0214
chr1	828971	828972	47	0.0678
chr1	828999	829000	38	0.0548
chr1	829027	829028	37	0.0
chr1	829049	829050	44	0.032
chr1	829083	829084	34	0.0406
chr1	829123	829124	42	0.0159
chr1	829138	829139	37	0.0
chr1	829188	829189	43	0.0233
chr1	829210	829211	50	0.0708
chr1	829236	829237	45	0.0321
chr1	829265	829266	32	0.0703
chr1	829308	829309	42	0.043
chr1	829348	829349	41	0.0
chr1	829448	829449	41	0.0
chr1	829537	829538	34	0.114
chr1	829637	829638	37	0.1699
chr1	829728	829729	44	0.0797
chr1	829800	829801	31	0.0976
chr1	829814	829815	41	0.0313
chr1	830108	830109	40	0.1974
chr1	830150	830151	44	0.0802
chr1	830160	830161	41	0.1301
chr1	830242	830243	41	0.1472
chr1	830292	830293	48	0.1037
chr1	830312	830313	48	0.6475
chr1	830347	830348	38	0.9594
chr1	830365	830366	31	0.6154
chr1	830415	830416	39	0.7574
chr1	830451	830452	42	0.7628
chr1	830477	830478	39	0.6995
chr1	830495	830496	35	0.8998
chr1	830518	830519	46	0.8226
chr1	830568	830569	35	0.6259
chr1	830597	830598	47	0.8321
chr1	830620	830621	28	0.6064
chr1	830640	830641	44	0.791
chr1	830668	830669	42	0.8924
chr1	830698	830699	43	0.7988
chr1	830747	830748	39	0.9662
chr1	830769	830770	41	0.5394
chr1	830798	830799	36	0.8123
chr1	830813	830814	45	0.7692
chr1	830832	830833	42	0.8076
chr1	830870	830871	37	0.7471
chr1	830894	830895	43	0.7713
chr1	830914	830915	48	0.8046
chr1	831014	831015	33	0.837
chr1	831114	831115	35	0.6224
chr1	831214	831215	38	0.8742
chr1	831313	831314	34	0.5691
chr1	831405	831406	42	0.7191
chr1	831502	831503	40	0.7688
chr1	831510	831511	44	0.7744
chr1	831578	831579	36	0.7381
chr1	831586	831587	41	0.6126
chr1	831615	831616	36	0.5605
chr1	831630	831631	44	0.5836
chr1	831679	831680	44	0.7989
chr1	831729	831730	34	0.6814
chr1	831752	831753	28	0.7431
chr1	831767	831768	38	0.7002
chr1	831814	831815	39	0.4445
chr1	831829	831830	36	0.4811
chr1	831847	831848	50	0.6821
chr1	831869	831870	43	0.6697
chr1	831899	831900	42	0.5536
chr1	831945	831946	42	0.6312
chr1	831969	831970	49	0.4522
chr1	831988	831989	42	0.5325
chr1	832022	832023	40	0.6666
chr1	832070	832071	44	0.5537
chr1	832089	832090	52	0.7115
chr1	832189	832190	31	0.5902
chr1	832289	832290	43	0.6129
chr1	832339	832340	43	0.6166
chr1	832438	832439	41	0.742
chr1	832535	832536	48	0.5624
chr1	832777	832778	35	0.5227
chr1	832781	832782	38	0.6773
chr1	832971	832972	34	0.5327
chr1	832973	832974	41	0.4746
chr1	832977	832978	50	0.5122
chr1	833033	833034	40	0.615
chr1	833048	833049	39	0.5698
chr1	833076	833077	34	0.4699
chr1	833103	833104	39	0.576
chr1	833120	833121	39	0.3991
chr1	833161	833162	40	0.6866
chr1	833176	833177	33	0.6266
chr1	833205	833206	40	0.4532
chr1	833255	833256	47	0.6165
chr1	833291	833292	36	0.5826
chr1	833306	833307	46	0.3656
chr1	833347	833348	40	0.6698
chr1	833395	833396	44	0.5802
chr1	833412	833413	40	0.6792
chr1	833440	833441	45	0.6368
chr1	833467	833468	46	0.5151
chr1	833482	833483	53	0.5294
chr1	833532	833533	39	0.6297
chr1	833539	833540	41	0.4825
chr1	833589	833590	43	0.5628
chr1	833689	833690	49	0.5415
chr1	833789	833790	45	0.5695
chr1	833889	833890	44	0.5067
chr1	833962	833963	39	0.5161
chr1	834036	834037	36	0.5819
chr1	834044	834045	43	0.9477
chr1	834094	834095	39	0.8872
chr1	834113	834114	31	0.8009
chr1	834143	834144	39	0.904
chr1	834183	834184	37	0.8489
chr1	834205	834206	36	0.8072
chr1	834248	834249	43	0.7631
chr1	834282	834283	41	0.7031
chr1	834314	834315	44	0.7951
chr1	834364	834365	39	0.8975
chr1	834405	834406	47	0.9423
chr1	834455	834456	42	0.8799
chr1	834497	834498	38	0.9802
chr1	834597	834598	35	0.7918
chr1	834663	834664	34	0.8583
chr1	834763	834764	44	0.8776
chr1	834813	834814	49	0.7764
chr1	834863	834864	44	0.9479
chr1	834905	834906	40	0.8618
chr1	834971	834972	42	0.8749
chr1	835049	835050	32	0.8664
chr1	835061	835062	36	0.9459
chr1	835233	835234	35	0.945
chr1	835265	835266	46	0.2569
chr1	835307	835308	39	0.2881
chr1	835357	835358	29	0.0429
chr1	835399	835400	37	0.297
chr1	835447	835448	34	0.0267
chr1	835469	835470	41	0.1439
chr1	835485	835486	36	0.0943
chr1	835504	835505	42	0.181
chr1	835519	835520	40	0.2732
chr1	835546	835547	30	0.2276
chr1	835565	835566	47	0.1194
chr1	835599	835600	46	0.2775
chr1	835645	835646	39	0.1533
chr1	835687	835688	41	0.2727
chr1	835735	835736	45	0.3702
chr1	835763	835764	43	0.1928
chr1	835799	835800	38	0.0802
chr1	835823	835824	37	0.1386
chr1	835873	835874	39	0.1616
chr1	835973	835974	43	0.1999
chr1	836045	836046	42	0.1521
chr1	836145	836146	34	0.3216
chr1	836222	836223	33	0.416
chr1	836322	836323	43	0.196
chr1	836330	836331	47	0.1756
chr1	836336	836337	37	0.2851
chr1	837363	837364	41	0.8646
chr1	837378	837379	40	0.7832
chr1	837404	837405	40	0.7436
chr1	837450	837451	41	0.734
chr1	837466	837467	38	0.9626
chr1	837483	837484	37	0.7661
chr1	837533	837534	40	0.9322
chr1	837583	837584	27	0.9466
chr1	837633	837634	34	0.7978
chr1	837650	837651	36	0.8536
chr1	837691	837692	44	0.829
chr1	837729	837730	38	0.7346
chr1	837755	837756	34	0.9395
chr1	837792	837793	31	0.9461
chr1	837829	837830	39	0.8184
chr1	837912	837913	30	0.7506
chr1	838012	838013	38	0.9931
chr1	838112	838113	35	0.6935
chr1	838194	838195	44	0.9605
chr1	838294	838295	31	0.9707
chr1	838344	838345	50	0.8491
chr1	838426	838427	37	0.7608
chr1	838436	838437	38	0.7929
chr1	838462	838463	41	0.8784
chr1	838490	838491	41	0.8263
chr1	838516	838517	44	0.7562
chr1	838740	838741	42	0.9066
chr1	838782	838783	41	0.9402
chr1	838807	838808	43	0.8956
chr1	838829	838830	43	0.9574
chr1	838875	838876	31	0.9501
chr1	838925	838926	37	0.6822
chr1	838975	838976	36	0.7666
chr1	839008	839009	41	0.8645
chr1	839041	839042	44	0.8326
chr1	839056	839057	43	0.8632
chr1	839087	839088	47	0.9895
chr1	839120	839121	36	0.9124
chr1	839147	839148	42	0.9145
chr1	839180	839181	35	0.8556
chr1	839197	839198	40	0.8317
chr1	839235	839236	36	1.0
chr1	839269	839270	45	0.8351
chr1	839319	839320	35	0.9284
chr1	839419	839420	43	0.9826
chr1	839469	839470	32	0.9509
chr1	839561	839562	43	0.9322
chr1	839661	839662	39	0.863
chr1	839683	839684	38	0.875
chr1	839697	839698	37	0.8913
chr1	839715	839716	38	0.7988
chr1	839765	839766	46	0.7066
chr1	839815	839816	40	0.8934
chr1	839865	839866	37	0.7921
chr1	839880	839881	42	0.7787
chr1	839902	839903	40	0.6578
chr1	839952	839953	40	0.7059
chr1	839969	839970	46	0.7427
chr1	840001	840002	33	0.6722
chr1	840051	840052	42	0.7107
chr1	840101	840102	37	0.7944
chr1	840111	840112	44	0.7888
chr1	840174	840175	44	0.912
chr1	840274	840275	42	0.5904
chr1	840374	840375	43	0.7469
chr1	840474	840475	42	0.7118
chr1	840534	840535	43	0.6588
chr1	840572	840573	46	0.8217
chr1	840621	840622	43	0.0
chr1	840643	840644	34	0.038
chr1	840658	840659	38	0.0
chr1	840708	840709	35	0.0
chr1	840736	840737	41	0.0762
chr1	840751	840752	33	0.0481
chr1	840766	840767	43	0.2002
chr1	840787	840788	40	0.147
chr1	840811	840812	42	0.1044
chr1	840844	840845	43	0.0589
chr1	840883	840884	39	0.0158
chr1	840915	840916	40	0.0962
chr1	840932	840933	34	0.0374
chr1	840954	840955	39	0.0007
chr1	840986	840987	35	0.0318
chr1	841022	841023	40	0.0044
chr1	841037	841038	48	0.1227
chr1	841062	841063	38	0.2233
chr1	841063	841064	39	0.0
chr1	841163	841164	42	0.0835
chr1	841263	841264	41	0.0757
chr1	841363	841364	40	0.1414
chr1	841463	841464	42	0.0
chr1	841475	841476	40	0.1642
chr1	841500	841501	35	1.0
chr1	841533	841534	40	0.8056
chr1	841574	841575	46	0.6803
chr1	841605	841606	46	0.8686
chr1	841655	841656	37	0.9029
chr1	841674	841675	37	0.8214
chr1	841724	841725	44	1.0
chr1	841774	841775	38	0.8989
chr1	841823	841824	38	1.0
chr1	841870	841871	36	0.8176
chr1	841901	841902	45	1.0
chr1	841938	841939	35	1.0
chr1	841988	841989	33	1.0
chr1	842004	842005	44	0.4948
chr1	842026	842027	35	1.0
chr1	842076	842077	38	0.8532
chr1	842176	842177	41	0.7224
chr1	842252	842253	37	0.9146
chr1	842318	842319	34	0.305
chr1	842418	842419	46	1.0
chr1	842499	842500	39	0.5793
chr1	842575	842576	45	0.283
chr1	842623	842624	39	0.854
chr1	842638	842639	41	0.729
chr1	842683	842684	38	0.8388
chr1	842720	842721	42	0.9055
chr1	842749	842750	44	0.7476
chr1	842790	842791	36	0.6721
chr1	842828	842829	44	0.835
chr1	842859	842860	34	0.676
chr1	842909	842910	31	0.6709
chr1	842943	842944	38	0.7611
chr1	842993	842994	42	0.6188
chr1	843025	843026	42	0.7696
chr1	843075	843076	42	0.7709
chr1	843084	843085	44	0.6512
chr1	843134	843135	44	0.9128
chr1	843234	843235	33	0.9096
chr1	843328	843329	41	0.6744
chr1	843378	843379	40	0.8423
chr1	843430	843431	36	0.7526
chr1	843512	843513	39	0.8192
chr1	843536	843537	37	0.6802
chr1	843542	843543	45	0.7859
chr1	843565	843566	42	0.758
chr1	843582	843583	49	0.7952
chr1	843615	843616	39	0.717
chr1	843641	843642	45	0.7663
chr1	843669	843670	40	0.7
chr1	843684	843685	44	0.7718
chr1	843726	843727	42	0.6303
chr1	843751	843752	43	0.7168
chr1	843774	843775	36	0.5541
chr1	843816	843817	33	0.5853
chr1	843845	843846	34	0.6608
chr1	843895	843896	50	0.6296
chr1	843927	843928	37	0.7752
chr1	843951	843952	41	0.577
chr1	843966	843967	29	0.7154
chr1	844012	844013	33	0.611
chr1	844112	844113	30	0.6184
chr1	844191	844192	49	0.8302
chr1	844291	844292	38	0.7134
chr1	844391	844392	38	0.7254
chr1	844457	844458	41	0.8409
chr1	844481	844482	47	0.7565
chr1	844517	844518	47	0.7505
chr1	844546	844547	38	0.8054
chr1	844592	844593	38	0.8981
chr1	844642	844643	36	0.8662
chr1	844677	844678	34	0.6563
chr1	844702	844703	38	0.8948
chr1	844723	844724	30	0.7458
chr1	844766	844767	42	0.7752
chr1	844783	844784	38	0.9641
chr1	844833	844834	43	0.8427
chr1	844852	844853	41	0.8881
chr1	844899	844900	38	0.8883
chr1	844914	844915	46	0.7423
chr1	844938	844939	46	0.6723
chr1	844988	844989	43	0.7777
chr1	845003	845004	41	0.6452
chr1	845029	845030	43	0.7692
chr1	845063	845064	34	0.7121
chr1	845090	845091	44	0.6889
chr1	845094	845095	34	0.7538
chr1	845144	845145	32	0.8705
chr1	845244	845245	42	0.743
chr1	845310	845311	39	0.8163
chr1	845410	845411	42	0.8405
chr1	845510	845511	36	0.7615
chr1	845560	845561	37	0.8493
chr1	845576	845577	45	0.9816
chr1	845617	845618	28	0.7438
chr1	845634	845635	45	0.537
chr1	845655	845656	39	0.71
chr1	845679	845680	41	0.4675
chr1	845707	845708	51	0.7574
chr1	845726	845727	35	0.7823
chr1	845749	845750	41	0.9279
chr1	845766	845767	34	0.6101
chr1	845816	845817	37	0.678
chr1	845850	845851	35	0.7077
chr1	845889	845890	47	0.6185
chr1	845924	845925	41	0.5709
chr1	845952	845953	41	0.5219
chr1	845973	845974	42	0.4631
chr1	845998	845999	43	0.5715
chr1	846048	846049	31	0.7132
chr1	846086	846087	34	0.6602
chr1	846110	846111	47	0.6506
chr1	846160	846161	40	0.709
chr1	846223	846224	41	0.666
chr1	846323	846324	42	0.5969
chr1	846423	846424	43	0.6647
chr1	846473	846474	47	0.546
chr1	846560	846561	46	0.5173
chr1	846646	846647	40	0.5654
chr1	846687	846688	38	0.7474
chr1	846733	846734	36	0.734
chr1	846783	846784	41	0.8519
chr1	846805	846806	41	0.5925
chr1	846833	846834	37	0.7061
chr1	846853	846854	34	0.8259
chr1	846879	846880	28	0.8502
chr1	846919	846920	44	0.7068
chr1	846960	846961	37	0.8799
chr1	846990	846991	42	0.8737
chr1	847024	847025	44	0.7694
chr1	847057	847058	33	0.9478
chr1	847072	847073	35	0.8366
chr1	847112	847113	41	0.6408
chr1	847132	847133	39	0.5751
chr1	847163	847164	39	0.724
chr1	847176	847177	32	0.7223
chr1	847226	847227	43	0.6878
chr1	847326	847327	33	0.8007
chr1	847376	847377	41	0.7798
chr1	847476	847477	39	0.786
chr1	847576	847577	35	0.831
chr1	847641	847642	36	0.8979
chr1	847655	847656	41	0.5975
chr1	847723	847724	44	0.7587
chr1	847754	847755	40	0.1954
chr1	847785	847786	34	0.0954
chr1	847819	847820	30	0.2517
chr1	847834	847835	44	0.0677
chr1	847882	847883	39	0.1186
chr1	847916	847917	39	0.3051
chr1	847963	847964	43	0.1035
chr1	847997	847998	40	0.0523
chr1	848020	848021	40	0.2476
chr1	848070	848071	33	0.0534
chr1	848111	848112	49	0.1111
chr1	848145	848146	32	0.3448
chr1	848195	848196	36	0.1436
chr1	848245	848246	33	0.082
chr1	848295	848296	41	0.1425
chr1	848333	848334	42	0.1898
chr1	848337	848338	37	0.195
chr1	848437	848438	37	0.3391
chr1	848488	848489	34	0.1023
chr1	848588	848589	36	0.0028
chr1	848688	848689	41	0.2193
chr1	848783	848784	40	0.0326
chr1	848883	848884	47	0.2729
chr1	848953	848954	41	0.1911
chr1	848958	848959	38	0.8031
chr1	849008	849009	42	0.6397
chr1	849023	849024	38	0.6849
chr1	849073	849074	30	0.6445
chr1	849111	849112	45	0.5933
chr1	849161	849162	44	0.6628
chr1	849198	849199	40	0.6377
chr1	849227	849228	36	0.5388
chr1	849245	849246	42	0.6285
chr1	849289	849290	39	0.6302
chr1	849332	849333	41	0.6945
chr1	849362	849363	41	0.6585
chr1	849412	849413	43	0.7299
chr1	849462	849463	41	0.6897
chr1	849512	849513	41	0.6317
chr1	849612	849613	27	0.6185
chr1	849712	849713	36	0.5909
chr1	849762	849763	38	0.7627
chr1	849896	849897	33	0.6627
chr1	849898	849899	33	0.6839
chr1	849908	849909	43	0.6113
chr1	849928	849929	40	0.7108
chr1	850018	850019	37	0.6923
chr1	850094	850095	41	0.749
chr1	850218	850219	35	0.7212
chr1	850248	850249	34	0.8084
chr1	850288	850289	39	0.8507
chr1	850324	850325	37	0.86
chr1	850339	850340	37	0.835
chr1	850379	850380	32	0.8706
chr1	850400	850401	31	0.8695
chr1	850438	850439	35	0.6674
chr1	850455	850456	34	0.8684
chr1	850505	850506	40	0.8614
chr1	850523	850524	44	0.6324
chr1	850551	850552	42	0.8946
chr1	850601	850602	36	0.9509
chr1	850630	850631	37	0.9112
chr1	850663	850664	47	0.8828
chr1	850703	850704	34	0.7872
chr1	850722	850723	42	0.8599
chr1	850768	850769	40	0.8481
chr1	850788	850789	42	0.8464
chr1	850809	850810	44	0.7659
chr1	850909	850910	38	0.7862
chr1	850991	850992	37	0.945
chr1	851091	851092	43	0.8226
chr1	851190	851191	38	0.9433
chr1	851290	851291	45	0.919
chr1	851366	851367	37	0.9534
chr1	851375	851376	46	0.9148
chr1	851390	851391	35	0.8928
chr1	851440	851441	37	0.9335
chr1	851455	851456	35	0.9071
chr1	851488	851489	32	0.8029
chr1	851529	851530	30	0.8692
chr1	851566	851567	40	0.9634
chr1	851587	851588	47	0.8984
chr1	851637	851638	48	0.976
chr1	851658	851659	49	0.9073
chr1	851700	851701	45	0.8055
chr1	851737	851738	40	1.0
chr1	851766	851767	45	0.931
chr1	851785	851786	41	0.9371
chr1	851835	851836	35	1.0
chr1	851857	851858	42	0.9618
chr1	851882	851883	36	0.8058
chr1	851902	851903	38	0.8732
chr1	852002	852003	36	0.9415
chr1	852052	852053	37	0.9935
chr1	852102	852103	41	0.8965
chr1	852202	852203	45	0.98
chr1	852302	852303	41	0.9385
chr1	852402	852403	44	0.9542
chr1	852426	852427	43	0.8195
chr1	852488	852489	29	0.9062
chr1	852636	852637	40	0.8901
chr1	852736	852737	39	0.782
chr1	852840	852841	36	0.9202
chr1	852869	852870	39	0.7269
chr1	852898	852899	41	0.7951
chr1	852932	852933	43	0.7596
chr1	852954	852955	46	0.7392
chr1	852969	852970	43	0.7517
chr1	853019	853020	36	0.873
chr1	853038	853039	41	0.8379
chr1	853053	853054	40	0.7417
chr1	853089	853090	43	0.6469
chr1	853112	853113	35	0.7467
chr1	853138	853139	45	0.8051
chr1	853155	853156	42	0.9117
chr1	853186	853187	45	0.7087
chr1	853208	853209	39	0.8333
chr1	853226	853227	37	0.8732
chr1	853276	853277	36	0.9424
chr1	853313	853314	31	0.8701
chr1	853315	853316	48	0.9045
chr1	853414	853415	45	0.8959
chr1	853514	853515	38	0.8286
chr1	853602	853603	36	0.7893
chr1	853652	853653	42	0.7361
chr1	853752	853753	48	0.7509
chr1	853760	853761	37	0.9332
chr1	853768	853769	34	0.5474
chr1	853790	853791	35	0.4469
chr1	853805	853806	35	0.6283
chr1	853855	853856	37	0.6844
chr1	853875	853876	47	0.5782
chr1	853901	853902	37	0.6033
chr1	853916	853917	39	0.4268
chr1	853943	853944	49	0.4411
chr1	853958	853959	42	0.5861
chr1	853996	853997	40	0.5679
chr1	854046	854047	31	0.5838
chr1	854063	854064	44	0.4613
chr1	854088	854089	38	0.6194
chr1	854138	854139	32	0.5792
chr1	854188	854189	46	0.5292
chr1	854237	854238	45	0.5849
chr1	854278	854279	42	0.4586
chr1	854314	854315	43	0.4841
chr1	854383	854384	46	0.3939
chr1	854482	854483	48	0.5055
chr1	854565	854566	42	0.5618
chr1	854665	854666	45	0.5486
chr1	854715	854716	31	0.5876
chr1	854815	854816	49	0.658
chr1	855081	855082	43	0.3968
chr1	855125	855126	36	0.5253
chr1	855145	855146	41	0.3751
chr1	855211	855212	35	0.3982
chr1	855253	855254	42	0.4687
chr1	855257	855258	37	0.4812
chr1	855271	855272	46	0.5728
chr1	855299	855300	40	0.5177
chr1	855304	855305	44	0.1525
chr1	855329	855330	37	0.1621
chr1	855368	855369	39	0.0452
chr1	855402	855403	44	0.1978
chr1	855417	855418	38	0.0
chr1	855450	855451	39	0.2031
chr1	855500	855501	33	0.0953
chr1	855534	855535	29	0.1349
chr1	855577	855578	41	0.1291
chr1	855601	855602	35	0.2046
chr1	855650	855651	40	0.1783
chr1	855665	855666	38	0.071
chr1	855693	855694	30	0.1668
chr1	855735	855736	39	0.2193
chr1	855750	855751	39	0.1088
chr1	855773	855774	39	0.0582
chr1	855783	855784	39	0.2713
chr1	855883	855884	37	0.2031
chr1	855983	855984	29	0.1302
chr1	856083	856084	34	0.0423
chr1	856183	856184	39	0.0034
chr1	856254	856255	40	0.0745
chr1	856314	856315	41	0.186
chr1	856396	856397	49	0.0
chr1	856428	856429	45	0.0905
chr1	856598	856599	30	0.1736
chr1	856606	856607	38	0.1224
chr1	856740	856741	37	0.0816
chr1	856789	856790	44	0.1359
chr1	856813	856814	42	0.1501
chr1	856834	856835	43	0.1982
chr1	856878	856879	42	0.2278
chr1	856928	856929	43	0.3025
chr1	856954	856955	42	0.2979
chr1	856974	856975	46	0.0944
chr1	857003	857004	44	0.294
chr1	857053	857054	39	0.2411
chr1	857099	857100	41	0.2609
chr1	857130	857131	32	0.3538
chr1	857170	857171	38	0.2957
chr1	857216	857217	42	0.2032
chr1	857240	857241	41	0.2402
chr1	857265	857266	38	0.1287
chr1	857365	857366	39	0.356
chr1	857415	857416	32	0.1519
chr1	857508	857509	51	0.2102
chr1	857608	857609	39	0.3016
chr1	857698	857699	39	0.2631
chr1	857790	857791	38	0.1839
chr1	857796	857797	40	0.2026
chr1	857812	857813	38	0.9335
chr1	857850	857851	46	0.8959
chr1	857874	857875	37	0.9483
chr1	857900	857901	40	0.885
chr1	857934	857935	36	0.8909
chr1	857978	857979	33	0.954
chr1	858007	858008	29	0.974
chr1	858025	858026	37	0.9717
chr1	858056	858057	41	1.0
chr1	858091	858092	42	0.9065
chr1	858128	858129	43	1.0
chr1	858165	858166	39	0.8333
chr1	858210	858211	34	0.9125
chr1	858260	858261	42	0.9262
chr1	858302	858303	44	0.9419
chr1	858323	858324	43	0.7911
chr1	858423	858424	40	0.9826
chr1	858523	858524	38	0.795
chr1	858583	858584	37	1.0
chr1	858673	858674	33	1.0
chr1	858773	858774	37	0.8751
chr1	858847	858848	45	0.9464
chr1	858857	858858	50	0.0
chr1	858883	858884	43	0.0663
chr1	858907	858908	40	0.0
chr1	858935	858936	46	0.0212
chr1	858984	858985	30	0.088
chr1	859026	859027	41	0.0
chr1	859046	859047	39	0.0
chr1	859096	859097	33	0.0632
chr1	859127	859128	41	0.0
chr1	859143	859144	39	0.1323
chr1	859176	859177	36	0.0243
chr1	859215	859216	44	0.0
chr1	859233	859234	37	0.0483
chr1	859269	859270	49	0.0
chr1	859286	859287	37	0.0
chr1	859319	859320	31	0.0
chr1	859331	859332	32	0.0
chr1	859431	859432	42	0.0
chr1	859531	859532	43	0.0467
chr1	859586	859587	34	0.0
chr1	859686	859687	43	0.0
chr1	859754	859755	44	0.0859
chr1	859804	859805	38	0.0
chr1	859826	859827	37	0.12
chr1	859898	859899	37	0.0357
chr1	859900	859901	37	0.0899
chr1	859902	859903	44	0.1272
chr1	859912	859913	43	0.04
chr1	859974	859975	34	0.1305
chr1	860158	860159	38	0.0363
chr1	861218	861219	46	0.7491
chr1	861233	861234	32	0.8039
chr1	861278	861279	44	0.8162
chr1	861295	861296	39	0.8403
chr1	861315	861316	38	0.6763
chr1	861365	861366	36	0.6484
chr1	861397	861398	32	0.6204
chr1	861439	861440	42	0.7149
chr1	861478	861479	50	0.7565
chr1	861510	861511	36	0.6785
chr1	861539	861540	43	0.7346
chr1	861558	861559	41	0.6032
chr1	861577	861578	41	0.636
chr1	861627	861628	44	0.6483
chr1	861654	861655	42	0.5982
chr1	861685	861686	32	0.6547
chr1	861785	861786	45	0.7411
chr1	861885	861886	41	0.7648
chr1	861946	861947	35	0.7646
chr1	861996	861997	33	0.769
chr1	862096	862097	47	0.7096
chr1	862246	862247	39	0.6843
chr1	862256	862257	37	0.8048
chr1	862316	862317	33	0.8404
chr1	862362	862363	37	0.7709
chr1	862382	862383	40	0.8425
chr1	862422	862423	39	0.6894
chr1	862433	862434	32	0.8469
chr1	862453	862454	44	0.6268
chr1	862472	862473	40	0.8232
chr1	862508	862509	44	0.7248
chr1	862525	862526	38	0.8843
chr1	862559	862560	28	0.709
chr1	862586	862587	35	0.7922
chr1	862609	862610	39	0.8808
chr1	862638	862639	44	0.8199
chr1	862672	862673	43	0.8173
chr1	862722	862723	31	0.8723
chr1	862751	862752	40	0.8094
chr1	862784	862785	43	0.9331
chr1	862816	862817	49	0.8694
chr1	862855	862856	40	0.7391
chr1	862893	862894	38	0.7778
chr1	862922	862923	41	0.7776
chr1	862940	862941	33	0.6696
chr1	862960	862961	44	0.7916
chr1	862991	862992	43	0.7174
chr1	863006	863007	31	0.8482
chr1	863106	863107	33	0.876
chr1	863206	863207	35	0.7502
chr1	863306	863307	41	0.6606
chr1	863406	863407	43	0.6622
chr1	863506	863507	33	0.7413
chr1	863565	863566	42	0.9121
chr1	863593	863594	38	0.7339
chr1	863633	863634	43	0.6858
chr1	863641	863642	39	0.7197
chr1	863670	863671	34	0.884
chr1	863685	863686	42	0.8435
chr1	863726	863727	40	0.9135
chr1	863746	863747	39	0.8841
chr1	863785	863786	40	0.6481
chr1	863822	863823	44	0.611
chr1	863837	863838	39	0.6949
chr1	863866	863867	35	0.5469
chr1	863893	863894	36	0.8345
chr1	863927	863928	44	0.5917
chr1	863977	863978	41	0.716
chr1	864022	864023	39	0.7499
chr1	864045	864046	40	0.6469
chr1	864066	864067	46	0.8565
chr1	864112	864113	39	0.7092
chr1	864114	864115	43	0.6409
chr1	864203	864204	34	0.8066
chr1	864264	864265	42	0.5769
chr1	864364	864365	40	0.8679
chr1	864414	864415	30	0.81
chr1	864488	864489	39	0.7432
chr1	864570	864571	47	0.6545
chr1	864582	864583	46	0.748
chr1	864804	864805	31	0.7935
chr1	864836	864837	42	0.7431
chr1	864932	864933	30	0.6757
chr1	864934	864935	39	0.7898
chr1	864984	864985	44	0.8163
chr1	864998	864999	37	0.8365
chr1	865030	865031	32	0.7831
chr1	865064	865065	47	0.6894
chr1	865114	865115	42	0.7671
chr1	865150	865151	39	0.8304
chr1	865177	865178	37	0.8629
chr1	865209	865210	45	0.8466
chr1	865234	865235	44	0.8866
chr1	865249	865250	41	0.8375
chr1	865285	865286	33	0.9356
chr1	865300	865301	40	0.9311
chr1	865332	865333	35	0.9085
chr1	865356	865357	40	0.9765
chr1	865400	865401	45	0.9228
chr1	865434	865435	32	0.8722
chr1	865457	865458	35	0.8411
chr1	865507	865508	46	0.8536
chr1	865557	865558	35	0.8675
chr1	865599	865600	47	0.8975
chr1	865687	865688	39	0.8462
chr1	865750	865751	35	0.7188
chr1	865806	865807	43	1.0
chr1	865867	865868	37	0.8805
chr1	865920	865921	45	0.803
chr1	866020	866021	45	0.9514
chr1	866120	866121	43	0.8804
chr1	866160	866161	42	0.8331
chr1	866182	866183	40	0.9289
chr1	866200	866201	32	0.7054
chr1	866223	866224	42	0.5527
chr1	866262	866263	40	0.2798
chr1	866312	866313	41	0.4661
chr1	866362	866363	42	0.4159
chr1	866404	866405	44	0.8082
chr1	866454	866455	41	0.6491
chr1	866469	866470	37	0.494
chr1	866484	866485	44	0.3682
chr1	866504	866505	43	0.477
chr1	866533	866534	36	0.3531
chr1	866556	866557	44	0.6289
chr1	866580	866581	29	0.7947
chr1	866608	866609	43	0.5633
chr1	866633	866634	41	0.5271
chr1	866646	866647	40	0.4875
chr1	866696	866697	40	0.5777
chr1	866796	866797	33	0.5291
chr1	866896	866897	36	0.4975
chr1	866996	866997	46	0.7682
chr1	867166	867167	37	0.7243
chr1	867170	867171	40	0.6079
chr1	867176	867177	39	0.6865
chr1	867221	867222	36	0.5115
chr1	867253	867254	38	0.6132
chr1	867274	867275	44	0.6306
chr1	867309	867310	31	0.5506
chr1	867326	867327	35	0.472
chr1	867352	867353	48	0.6273
chr1	867372	867373	47	0.4784
chr1	867394	867395	43	0.4329
chr1	867431	867432	40	0.3301
chr1	867481	867482	44	0.5517
chr1	867510	867511	39	0.5823
chr1	867540	867541	42	0.3936
chr1	867583	867584	42	0.5915
chr1	867683	867684	45	0.6328
chr1	867783	867784	36	0.5404
chr1	867883	867884	35	0.4695
chr1	867983	867984	38	0.6125
chr1	868093	868094	45	0.4338
chr1	868179	868180	42	0.4776
chr1	868225	868226	34	0.4758
chr1	868233	868234	35	0.4254
chr1	868329	868330	41	0.4135
chr1	868379	868380	30	0.6561
chr1	868393	868394	30	0.5713
chr1	868425	868426	39	0.7136
chr1	868449	868450	37	0.6501
chr1	868464	868465	35	0.741
chr1	868504	868505	47	0.8159
chr1	868541	868542	45	0.7406
chr1	868575	868576	41	0.7135
chr1	868594	868595	44	0.5507
chr1	868609	868610	31	0.5978
chr1	868659	868660	40	0.781
chr1	868685	868686	29	0.7205
chr1	868717	868718	47	0.7451
chr1	868754	868755	36	0.704
chr1	868793	868794	41	0.5876
chr1	868843	868844	47	0.6283
chr1	868870	868871	43	0.7741
chr1	868898	868899	30	0.8329
chr1	868934	868935	42	0.776
chr1	868941	868942	41	0.713
chr1	869038	869039	39	0.7206
chr1	869138	869139	31	0.5793
chr1	869237	869238	34	0.735
chr1	869287	869288	46	0.8929
chr1	869337	869338	39	0.5701
chr1	869417	869418	45	0.5784
chr1	869461	869462	41	0.7967
chr1	869467	869468	41	0.8386
chr1	869517	869518	44	0.8447
chr1	869533	869534	30	0.894
chr1	869560	869561	41	0.8566
chr1	869600	869601	40	0.7228
chr1	869628	869629	43	0.802
chr1	869661	869662	42	0.7701
chr1	869686	869687	46	0.6533
chr1	869720	869721	37	0.8249
chr1	869741	869742	42	0.8111
chr1	869765	869766	39	0.8213
chr1	869783	869784	37	0.903
chr1	869833	869834	36	0.7645
chr1	869860	869861	34	0.7854
chr1	869892	869893	32	0.8919
chr1	869900	869901	36	0.8031
chr1	870000	870001	24	0.7877
chr1	870054	870055	38	0.6469
chr1	870114	870115	38	0.6782
chr1	870179	870180	34	0.7722
chr1	870279	870280	38	0.718
chr1	870305	870306	43	0.8511
chr1	870335	870336	35	0.6339
chr1	870337	870338	34	0.8624
chr1	870467	870468	44	0.8331
chr1	870627	870628	54	0.881
chr1	870649	870650	44	0.7446
chr1	870661	870662	30	0.8281
chr1	870677	870678	38	0.86
chr1	870767	870768	33	0.7372
chr1	870775	870776	38	0.7367
chr1	870792	870793	46	0.8883
chr1	870842	870843	36	0.9391
chr1	870892	870893	36	0.7874
chr1	870914	870915	41	0.7031
chr1	870931	870932	42	0.8568
chr1	870962	870963	41	0.8014
chr1	870981	870982	37	0.6677
chr1	871020	871021	34	0.8527
chr1	871059	871060	39	0.7583
chr1	871097	871098	44	0.9091
chr1	871147	871148	46	0.7178
chr1	871180	871181	44	0.74
chr1	871195	871196	34	0.6847
chr1	871235	871236	50	0.7562
chr1	871334	871335	39	0.8177
chr1	871404	871405	36	0.6973
chr1	871504	871505	43	0.7771
chr1	871577	871578	36	0.7959
chr1	871640	871641	40	0.6716
chr1	871764	871765	32	0.7447
chr1	871808	871809	44	0.8666
chr1	871850	871851	33	0.8278
chr1	871872	871873	37	0.8803
chr1	871904	871905	33	0.8857
chr1	871958	871959	40	0.7535
chr1	872096	872097	44	0.7414
chr1	872128	872129	46	0.6471
chr1	872174	872175	35	0.777
chr1	872220	872221	42	0.7511
chr1	872270	872271	38	0.6952
chr1	872305	872306	31	0.6599
chr1	872340	872341	36	0.6237
chr1	872379	872380	38	0.6806
chr1	872395	872396	45	0.868
chr1	872423	872424	49	0.788
chr1	872438	872439	38	0.741
chr1	872488	872489	46	0.804
chr1	872504	872505	34	0.7874
chr1	872548	872549	39	0.7597
chr1	872598	872599	38	0.8705
chr1	872629	872630	42	0.7014
chr1	872722	872723	39	0.7121
chr1	872822	872823	36	0.659
chr1	872878	872879	38	0.8276
chr1	872928	872929	30	0.7566
chr1	873000	873001	38	0.7496
chr1	873100	873101	41	0.7396
chr1	873132	873133	34	0.7141
chr1	873180	873181	43	0.7905
chr1	873208	873209	44	0.1053
chr1	873227	873228	35	0.1352
chr1	873257	873258	37	0.4389
chr1	873300	873301	38	0.2826
chr1	873346	873347	39	0.377
chr1	873371	873372	41	0.3264
chr1	873406	873407	27	0.2479
chr1	873454	873455	32	0.1898
chr1	873486	873487	45	0.3967
chr1	873504	873505	37	0.2702
chr1	873520	873521	43	0.287
chr1	873536	873537	38	0.3478
chr1	873567	873568	43	0.1973
chr1	873593	873594	42	0.3532
chr1	873629	873630	37	0.3711
chr1	873642	873643	48	0.3426
chr1	873742	873743	43	0.2129
chr1	873795	873796	39	0.1261
chr1	873895	873896	43	0.2079
chr1	873958	873959	37	0.1878
chr1	874058	874059	25	0.1743
chr1	874060	874061	41	0.2807
chr1	874099	874100	39	0.2776
chr1	874124	874125	47	0.195
chr1	874174	874175	33	0.326
chr1	874205	874206	32	0.3527
chr1	874255	874256	39	0.2504
chr1	874284	874285	44	0.1495
chr1	874307	874308	38	0.2696
chr1	874326	874327	40	0.4435
chr1	874354	874355	41	0.1689
chr1	874401	874402	43	0.3859
chr1	874424	874425	34	0.2224
chr1	874447	874448	33	0.1972
chr1	874484	874485	37	0.371
chr1	874499	874500	42	0.3566
chr1	874534	874535	43	0.4316
chr1	874551	874552	44	0.3735
chr1	874568	874569	41	0.1693
chr1	874625	874626	37	0.2164
chr1	874725	874726	42	0.2605
chr1	874825	874826	44	0.3793
chr1	874894	874895	40	0.3584
chr1	874994	874995	36	0.2846
chr1	875002	875003	39	0.2701
chr1	875008	875009	35	0.3579
chr1	875029	875030	41	0.2779
chr1	875067	875068	45	0.0842
chr1	875117	875118	37	0.2535
chr1	875132	875133	39	0.1046
chr1	875154	875155	38	0.2215
chr1	875181	875182	31	0.1682
chr1	875218	875219	34	0.1093
chr1	875236	875237	38	0.1309
chr1	875258	875259	34	0.1388
chr1	875284	875285	37	0.1357
chr1	875305	875306	51	0.0
chr1	875349	875350	38	0.2088
chr1	875364	875365	36	0.1312
chr1	875379	875380	35	0.1766
chr1	875413	875414	51	0.1114
chr1	875513	875514	26	0.0206
chr1	875613	875614	37	0.0142
chr1	875664	875665	37	0.1987
chr1	875764	875765	42	0.293
chr1	875820	875821	38	0.327
chr1	875866	875867	36	0.6738
chr1	875881	875882	42	0.8092
chr1	875906	875907	35	0.6672
chr1	875921	875922	37	0.6564
chr1	875936	875937	40	0.7756
chr1	875979	875980	34	0.9752
chr1	876004	876005	43	0.9133
chr1	876019	876020	34	0.7036
chr1	876058	876059	44	0.8981
chr1	876077	876078	37	0.6603
chr1	876106	876107	35	0.8698
chr1	876156	876157	32	0.8037
chr1	876200	876201	39	0.6922
chr1	876218	876219	35	0.7884
chr1	876251	876252	36	0.8825
chr1	876266	876267	43	0.6883
chr1	876287	876288	45	0.8691
chr1	876302	876303	44	0.7256
chr1	876317	876318	49	0.8377
chr1	876354	876355	40	0.7454
chr1	876454	876455	38	0.8481
chr1	876504	876505	45	0.7545
chr1	876554	876555	36	0.7147
chr1	876636	876637	34	0.6231
chr1	876732	876733	40	0.7918
chr1	876783	876784	34	0.7538
chr1	876833	876834	37	0.6259
chr1	876881	876882	41	0.5892
chr1	876888	876889	31	0.8635
chr1	876906	876907	38	0.7724
chr1	876956	876957	36	0.7369
chr1	876991	876992	38	0.6715
chr1	877006	877007	33	0.8127
chr1	877022	877023	35	0.8141
chr1	877065	877066	42	0.7379
chr1	877085	877086	37	0.7567
chr1	877112	877113	35	0.7786
chr1	877142	877143	35	0.7703
chr1	877157	877158	36	0.818
chr1	877198	877199	39	0.72
chr1	877234	877235	37	0.8354
chr1	877269	877270	40	0.891
chr1	877299	877300	42	0.8651
chr1	877342	877343	42	0.7275
chr1	877380	877381	35	0.7283
chr1	877465	877466	41	0.6104
chr1	877561	877562	37	0.5369
chr1	877661	877662	40	0.5474
chr1	877711	877712	38	0.8256
chr1	877806	877807	51	0.8235
chr1	877856	877857	32	0.72
chr1	877862	877863	42	0.7685
chr1	877904	877905	40	0.8676
chr1	877974	877975	42	0.7985
chr1	877990	877991	37	0.6755
chr1	878060	878061	33	0.5851
chr1	878080	878081	46	0.6687
chr1	878198	878199	35	0.5854
chr1	878204	878205	40	0.8233
chr1	878322	878323	43	0.7658
chr1	878370	878371	35	0.0879
chr1	878396	878397	38	0.2417
chr1	878433	878434	39	0.0863
chr1	878475	878476	40	0.0233
chr1	878508	878509	30	0.043
chr1	878531	878532	36	0.157
chr1	878553	878554	41	0.1499
chr1	878597	878598	47	0.0793
chr1	878642	878643	45	0.0734
chr1	878692	878693	28	0.0
chr1	878715	878716	42	0.049
chr1	878738	878739	37	0.1035
chr1	878774	878775	41	0.1453
chr1	878814	878815	42	0.0
chr1	878858	878859	42	0.0573
chr1	878918	878919	35	0.075
chr1	878997	878998	35	0.0414
chr1	879047	879048	40	0.0521
chr1	879097	879098	35	0.0002
chr1	879197	879198	43	0.1964
chr1	879297	879298	29	0.0848
chr1	879371	879372	57	0.0014
chr1	879386	879387	39	0.0329
chr1	879408	879409	42	0.1084
chr1	879432	879433	42	0.1125
chr1	879482	879483	43	0.0803
chr1	879511	879512	27	0.0987
chr1	879555	879556	44	0.0678
chr1	879593	879594	45	0.0451
chr1	879609	879610	40	0.2531
chr1	879652	879653	45	0.0
chr1	879677	879678	43	0.1704
chr1	879718	879719	32	0.0691
chr1	879733	879734	44	0.1296
chr1	879783	879784	45	0.1255
chr1	879807	879808	41	0.0402
chr1	879824	879825	45	0.0931
chr1	879849	879850	33	0.2547
chr1	879898	879899	37	0.0592
chr1	879948	879949	38	0.1476
chr1	880048	880049	42	0.1393
chr1	880148	880149	38	0.1676
chr1	880248	880249	36	0.1867
chr1	880348	880349	45	0.1931
chr1	880390	880391	37	0.1437
chr1	880440	880441	36	0.2397
chr1	880488	880489	44	0.968
chr1	880538	880539	37	1.0
chr1	880557	880558	33	0.9824
chr1	880577	880578	36	0.8973
chr1	880627	880628	38	0.8192
chr1	880677	880678	47	0.9844
chr1	880713	880714	46	0.8319
chr1	880732	880733	38	1.0
chr1	880754	880755	38	1.0
chr1	880782	880783	39	0.8694
chr1	880821	880822	33	0.9713
chr1	880857	880858	45	0.8676
chr1	880907	880908	39	1.0
chr1	880939	880940	34	0.9223
chr1	880945	880946	43	0.9227
chr1	881045	881046	39	0.8747
chr1	881121	881122	34	1.0
chr1	881221	881222	41	1.0
chr1	881298	881299	38	0.8847
chr1	881384	881385	41	1.0
chr1	881426	881427	34	0.8425
chr1	881437	881438	42	0.0829
chr1	881487	881488	46	0.1373
chr1	881510	881511	35	0.1076
chr1	881528	881529	38	0.1702
chr1	881568	881569	40	0.215
chr1	881585	881586	40	0.1688
chr1	881600	881601	41	0.0837
chr1	881650	881651	37	0.163
chr1	881677	881678	36	0.3023
chr1	881726	881727	41	0.1263
chr1	881741	881742	39	0.1032
chr1	881791	881792	41	0.2093
chr1	881809	881810	35	0.2042
chr1	881824	881825	43	0.3242
chr1	881874	881875	41	0.0756
chr1	881916	881917	41	0.2025
chr1	881940	881941	44	0.0946
chr1	881957	881958	37	0.1191
chr1	882010	882011	36	0.2546
chr1	882088	882089	37	0.2546
chr1	882188	882189	45	0.1541
chr1	882288	882289	33	0.0608
chr1	882388	882389	40	0.1263
chr1	882418	882419	34	0.0995
chr1	882474	882475	31	0.2178
chr1	882519	882520	34	0.7073
chr1	882566	882567	37	0.737
chr1	882581	882582	42	0.7232
chr1	882608	882609	29	0.8858
chr1	882635	882636	41	0.6499
chr1	882650	882651	38	0.7213
chr1	882671	882672	40	0.6139
chr1	882701	882702	43	0.8072
chr1	882743	882744	36	0.8974
chr1	882783	882784	43	0.7135
chr1	882802	882803	42	0.8369
chr1	882827	882828	45	0.9508
chr1	882842	882843	35	0.7747
chr1	882870	882871	39	0.7659
chr1	882895	882896	33	0.7515
chr1	882923	882924	28	0.6384
chr1	882942	882943	31	0.7244
chr1	882990	882991	31	0.7742
chr1	883015	883016	34	0.6779
chr1	883054	883055	28	0.7832
chr1	883091	883092	40	0.9447
chr1	883191	883192	43	0.7237
chr1	883241	883242	37	0.817
chr1	883341	883342	43	0.7908
chr1	883431	883432	44	0.8211
chr1	883531	883532	33	0.7853
chr1	883619	883620	32	0.6837
chr1	883647	883648	39	0.7158
chr1	883656	883657	41	0.7931
chr1	883682	883683	37	0.9074
chr1	883715	883716	48	0.9114
chr1	883750	883751	39	0.8102
chr1	883790	883791	47	0.8079
chr1	883824	883825	35	0.9999
chr1	883861	883862	38	0.8393
chr1	883878	883879	34	0.8124
chr1	883906	883907	41	0.9392
chr1	883951	883952	38	1.0
chr1	883978	883979	38	0.8664
chr1	884015	884016	43	0.828
chr1	884033	884034	42	0.7693
chr1	884048	884049	42	0.9508
chr1	884098	884099	43	0.871
chr1	884125	884126	45	0.8405
chr1	884142	884143	38	0.9911
chr1	884160	884161	38	0.9541
chr1	884187	884188	37	0.967
chr1	884287	884288	37	0.9714
chr1	884375	884376	48	1.0
chr1	884475	884476	36	0.7987
chr1	884575	884576	45	0.904
chr1	884627	884628	40	0.9334
chr1	884677	884678	45	0.9305
chr1	884703	884704	43	0.7975
chr1	884737	884738	41	0.8507
chr1	885005	885006	46	0.8123
chr1	885031	885032	42	0.8833
chr1	885051	885052	33	0.858
chr1	885069	885070	41	0.9054
chr1	885133	885134	35	0.7414
chr1	885171	885172	49	0.112
chr1	885210	885211	39	0.0613
chr1	885234	885235	45	0.1405
chr1	885259	885260	44	0.0791
chr1	885292	885293	45	0.1227
chr1	885328	885329	36	0.1578
chr1	885365	885366	36	0.0632
chr1	885415	885416	31	0.2406
chr1	885436	885437	34	0.0754
chr1	885478	885479	46	0.0967
chr1	885507	885508	41	0.1835
chr1	885535	885536	30	0.0741
chr1	885585	885586	41	0.1136
chr1	885618	885619	54	0.1716
chr1	885637	885638	35	0.1432
chr1	885652	885653	47	0.1477
chr1	885667	885668	39	0.19
chr1	885691	885692	42	0.1782
chr1	885791	885792	37	0.0903
chr1	885890	885891	39	0.2497
chr1	885945	885946	44	0.2195
chr1	885995	885996	42	0.033
chr1	886078	886079	45	0.3153
chr1	886178	886179	40	0.2684
chr1	886254	886255	42	0.2535
chr1	886256	886257	33	0.137
chr1	886305	886306	41	0.9483
chr1	886320	886321	39	0.8438
chr1	886368	886369	44	0.8612
chr1	886402	886403	31	0.5866
chr1	886452	886453	38	0.7069
chr1	886485	886486	41	0.6796
chr1	886504	886505	49	0.8452
chr1	886537	886538	33	0.6519
chr1	886569	886570	35	0.8717
chr1	886605	886606	52	0.8866
chr1	886627	886628	33	0.5495
chr1	886646	886647	44	0.6509
chr1	886680	886681	36	0.7002
chr1	886701	886702	57	0.729
chr1	886728	886729	47	0.5297
chr1	886778	886779	36	0.8344
chr1	886795	886796	26	0.8481
chr1	886895	886896	50	0.8698
chr1	886980	886981	40	0.6453
chr1	887076	887077	35	0.4944
chr1	887162	887163	37	0.5792
chr1	887233	887234	37	0.9597
chr1	887283	887284	46	0.5379
chr1	887332	887333	31	0.7157
chr1	887344	887345	44	0.7665
chr1	887366	887367	39	0.6921
chr1	887381	887382	41	0.5945
chr1	887411	887412	51	0.7058
chr1	887446	887447	36	0.6753
chr1	887462	887463	44	0.6232
chr1	887508	887509	39	0.633
chr1	887558	887559	49	0.7254
chr1	887575	887576	45	0.7505
chr1	887609	887610	35	0.643
chr1	887639	887640	31	0.5873
chr1	887688	887689	44	0.6544
chr1	887709	887710	38	0.5631
chr1	887739	887740	51	0.7098
chr1	887789	887790	39	0.6885
chr1	887839	887840	47	0.4972
chr1	887864	887865	39	0.8517
chr1	887887	887888	37	0.7793
chr1	887915	887916	39	0.6398
chr1	888015	888016	46	0.7223
chr1	888115	888116	35	0.8182
chr1	888215	888216	45	0.6784
chr1	888289	888290	38	0.6603
chr1	888389	888390	40	0.6096
chr1	888463	888464	36	0.4549
chr1	888481	888482	33	0.8423
chr1	888520	888521	34	0.8572
chr1	888570	888571	37	0.7153
chr1	888620	888621	41	0.7493
chr1	888635	888636	35	0.6601
chr1	888678	888679	48	0.7488
chr1	888696	888697	47	0.8555
chr1	888728	888729	44	0.6872
chr1	888762	888763	38	0.6912
chr1	888785	888786	39	0.8532
chr1	888816	888817	33	0.8647
chr1	888835	888836	39	0.7847
chr1	888861	888862	44	0.7347
chr1	888901	888902	40	0.7065
chr1	888940	888941	41	0.7683
chr1	888955	888956	39	0.6967
chr1	888970	888971	41	0.747
chr1	888994	888995	34	0.8422
chr1	889009	889010	35	0.8651
chr1	889103	889104	46	0.8579
chr1	889203	889204	34	0.901
chr1	889303	889304	37	0.7251
chr1	889395	889396	42	0.8563
chr1	889490	889491	41	0.8325
chr1	889586	889587	49	0.9335
chr1	889596	889597	33	0.6721
chr1	889646	889647	41	0.7446
chr1	889681	889682	40	0.7635
chr1	889731	889732	35	0.6929
chr1	889754	889755	46	0.8218
chr1	889770	889771	47	0.6004
chr1	889820	889821	43	0.7884
chr1	889867	889868	41	0.7148
chr1	889917	889918	30	0.7184
chr1	889967	889968	34	0.7434
chr1	890009	890010	43	0.73
chr1	890034	890035	38	0.8381
chr1	890049	890050	55	0.8492
chr1	890081	890082	39	0.7031
chr1	890108	890109	40	0.7599
chr1	890116	890117	29	0.7548
chr1	890198	890199	27	0.6674
chr1	890261	890262	37	0.6542
chr1	890361	890362	36	0.7636
chr1	890461	890462	37	0.8017
chr1	890561	890562	43	0.759
chr1	890623	890624	31	0.5907
chr1	890689	890690	33	0.5977
chr1	890715	890716	46	0.6941
chr1	890761	890762	43	0.6727
chr1	890797	890798	26	0.5721
chr1	890831	890832	41	0.8035
chr1	890833	890834	42	0.6109
chr1	890839	890840	47	0.5866
chr1	891033	891034	41	0.6922
chr1	891071	891072	48	0.7006
chr1	891088	891089	34	0.7163
chr1	891138	891139	37	0.8998
chr1	891159	891160	35	0.8733
chr1	891190	891191	47	0.8877
chr1	891240	891241	44	0.8427
chr1	891255	891256	38	0.7361
chr1	891291	891292	43	0.7768
chr1	891323	891324	32	0.7345
chr1	891373	891374	46	0.8548
chr1	891423	891424	46	0.8938
chr1	891458	891459	37	0.8446
chr1	891501	891502	41	0.905
chr1	891519	891520	33	0.865
chr1	891538	891539	42	0.7597
chr1	891562	891563	42	0.6832
chr1	891612	891613	28	0.8343
chr1	891642	891643	32	0.9319
chr1	891656	891657	32	0.96
chr1	891745	891746	43	0.9289
chr1	891845	891846	41	0.914
chr1	891945	891946	38	0.8076
chr1	892045	892046	46	0.8559
chr1	892110	892111	32	0.9837
chr1	892200	892201	41	0.846
chr1	892206	892207	46	0.7557
chr1	892214	892215	42	0.8841
chr1	894116	894117	54	0.8335
chr1	894166	894167	43	0.7907
chr1	894216	894217	32	0.8607
chr1	894253	894254	49	0.9403
chr1	894268	894269	48	0.6424
chr1	894288	894289	34	0.6684
chr1	894336	894337	37	0.8227
chr1	894351	894352	37	0.845
chr1	894391	894392	45	0.7735
chr1	894427	894428	44	0.8006
chr1	894467	894468	42	0.6474
chr1	894482	894483	32	0.7924
chr1	894502	894503	36	0.7997
chr1	894517	894518	41	0.7372
chr1	894534	894535	37	0.8405
chr1	894549	894550	37	0.9496
chr1	894588	894589	42	0.8294
chr1	894621	894622	43	0.7169
chr1	894646	894647	30	0.8708
chr1	894652	894653	34	0.7948
chr1	894752	894753	28	0.884
chr1	894815	894816	37	0.7207
chr1	894915	894916	46	0.8047
chr1	894975	894976	41	0.7119
chr1	895025	895026	37	0.748
chr1	895125	895126	36	0.7181
chr1	895177	895178	36	0.8874
chr1	895221	895222	39	0.8458
chr1	895271	895272	34	0.8352
chr1	895301	895302	35	0.8672
chr1	895320	895321	39	0.8124
chr1	895361	895362	35	0.8529
chr1	895389	895390	43	0.7117
chr1	895404	895405	39	0.8139
chr1	895435	895436	38	0.8668
chr1	895457	895458	40	0.8076
chr1	895472	895473	41	0.7621
chr1	895496	895497	38	0.6092
chr1	895546	895547	44	0.8701
chr1	895582	895583	37	0.6655
chr1	895615	895616	34	0.8519
chr1	895644	895645	32	0.6974
chr1	895676	895677	48	0.8226
chr1	895698	895699	44	0.6841
chr1	895748	895749	37	0.8173
chr1	895763	895764	44	0.9007
chr1	895792	895793	46	0.7635
chr1	895825	895826	41	0.6392
chr1	895925	895926	35	0.939
chr1	896025	896026	36	0.7539
chr1	896087	896088	45	0.8643
chr1	896187	896188	45	0.7871
chr1	896287	896288	48	0.6961
chr1	896381	896382	38	0.6015
chr1	896435	896436	33	0.8556
chr1	896457	896458	32	0.6097
chr1	896477	896478	35	0.6086
chr1	896527	896528	42	0.6122
chr1	896551	896552	43	0.6212
chr1	896580	896581	38	0.5526
chr1	896595	896596	41	0.5686
chr1	896627	896628	40	0.6172
chr1	896642	896643	46	0.6232
chr1	896673	896674	44	0.8063
chr1	896689	896690	40	0.6884
chr1	896713	896714	46	0.6936
chr1	896730	896731	39	0.7379
chr1	896777	896778	35	0.5938
chr1	896792	896793	41	0.628
chr1	896816	896817	38	0.7214
chr1	896831	896832	33	0.7549
chr1	896881	896882	46	0.7559
chr1	896917	896918	41	0.6281
chr1	896957	896958	41	0.5284
chr1	896994	896995	35	0.7547
chr1	896998	896999	42	0.7414
chr1	897081	897082	43	0.6838
chr1	897150	897151	38	0.7525
chr1	897250	897251	35	0.708
chr1	897350	897351	39	0.6384
chr1	897450	897451	35	0.6162
chr1	897517	897518	40	0.653
chr1	897587	897588	40	0.7471
chr1	897637	897638	37	0.9198
chr1	897654	897655	42	1.0
chr1	897704	897705	36	0.9169
chr1	897747	897748	43	0.9944
chr1	897782	897783	31	0.9029
chr1	897832	897833	33	0.8925
chr1	897872	897873	31	0.8226
chr1	897922	897923	41	1.0
chr1	897972	897973	42	0.9717
chr1	898022	898023	49	0.963
chr1	898046	898047	36	0.9729
chr1	898084	898085	38	0.8805
chr1	898184	898185	39	0.9387
chr1	898284	898285	37	0.9665
chr1	898384	898385	40	0.9686
chr1	898484	898485	46	0.9594
chr1	898542	898543	45	0.8332
chr1	898571	898572	47	0.1043
chr1	898586	898587	36	0.1781
chr1	898603	898604	36	0.0942
chr1	898633	898634	40	0.2342
chr1	898683	898684	35	0.0601
chr1	898698	898699	31	0.0
chr1	898738	898739	39	0.1058
chr1	898769	898770	33	0.0698
chr1	898816	898817	44	0.1209
chr1	898866	898867	36	0.0158
chr1	898886	898887	39	0.0406
chr1	898922	898923	41	0.0
chr1	898972	898973	32	0.0162
chr1	899009	899010	36	0.0559
chr1	899104	899105	39	0.157
chr1	899189	899190	41	0.1483
chr1	899261	899262	34	0.082
chr1	899361	899362	41	0.1028
chr1	899413	899414	36	0.1286
chr1	899451	899452	45	0.1865
chr1	899497	899498	40	0.878
chr1	899516	899517	51	0.8177
chr1	899531	899532	43	0.7628
chr1	899581	899582	36	0.7675
chr1	899596	899597	34	0.8907
chr1	899626	899627	39	0.8205
chr1	899660	899661	37	0.7929
chr1	899675	899676	27	0.6117
chr1	899705	899706	37	0.724
chr1	899747	899748	40	0.6935
chr1	899766	899767	39	0.7428
chr1	899781	899782	45	0.8203
chr1	899796	899797	33	0.8055
chr1	899834	899835	35	0.7618
chr1	899872	899873	35	0.7248
chr1	899906	899907	41	0.76
chr1	899925	899926	43	0.7492
chr1	899950	899951	41	0.952
chr1	899981	899982	30	0.8967
chr1	899996	899997	42	0.7673
chr1	900024	900025	40	0.8378
chr1	900044	900045	34	0.9051
chr1	900144	900145	35	0.7961
chr1	900201	900202	34	0.8705
chr1	900301	900302	38	0.7559
chr1	900401	900402	39	0.717
chr1	900451	900452	44	0.7208
chr1	900551	900552	40	0.9775
chr1	900587	900588	47	0.6687
chr1	900621	900622	47	0.8392
chr1	900665	900666	40	0.0214
chr1	900715	900716	28	0.1407
chr1	900765	900766	45	0.0148
chr1	900815	900816	31	0.014
chr1	900865	900866	43	0.1885
chr1	900915	900916	40	0.0
chr1	900936	900937	40	0.0849
chr1	900986	900987	43	0.0897
chr1	901001	901002	42	0.0486
chr1	901051	901052	44	0.0
chr1	901098	901099	51	0.1035
chr1	901127	901128	41	0.0785
chr1	901177	901178	45	0.0699
chr1	901208	901209	48	0.2856
chr1	901231	901232	41	0.0679
chr1	901319	901320	33	0.0227
chr1	901419	901420	41	0.0
chr1	901519	901520	37	0.0476
chr1	901619	901620	53	0.0
chr1	901669	901670	44	0.0488
chr1	901762	901763	41	0.0921
chr1	901782	901783	35	0.1091
chr1	901790	901791	43	0.2571
chr1	901825	901826	34	0.9043
chr1	901853	901854	30	0.882
chr1	901868	901869	36	0.9231
chr1	901904	901905	37	0.9402
chr1	901933	901934	37	0.8927
chr1	901983	901984	43	0.9704
chr1	902000	902001	43	0.912
chr1	902029	902030	40	0.7748
chr1	902069	902070	36	0.9041
chr1	902107	902108	31	0.8823
chr1	902122	902123	49	0.9451
chr1	902161	902162	37	0.7889
chr1	902182	902183	41	0.7784
chr1	902206	902207	42	0.8053
chr1	902256	902257	46	0.9093
chr1	902292	902293	39	0.9416
chr1	902307	902308	35	0.9117
chr1	902340	902341	39	0.8176
chr1	902361	902362	35	0.8498
chr1	902386	902387	35	0.9408
chr1	902486	902487	47	0.8686
chr1	902586	902587	42	0.7832
chr1	902686	902687	44	0.7887
chr1	902784	902785	38	0.9384
chr1	902884	902885	39	0.8633
chr1	902914	902915	30	0.8318
chr1	902982	902983	54	0.8444
chr1	902991	902992	39	0.469
chr1	903018	903019	40	0.4422
chr1	903068	903069	34	0.508
chr1	903102	903103	45	0.6184
chr1	903148	903149	39	0.3067
chr1	903181	903182	39	0.5824
chr1	903222	903223	38	0.5502
chr1	903246	903247	43	0.7362
chr1	903283	903284	39	0.5143
chr1	903333	903334	46	0.3048
chr1	903348	903349	34	0.5047
chr1	903363	903364	30	0.4943
chr1	903411	903412	47	0.4645
chr1	903426	903427	38	0.3876
chr1	903439	903440	28	0.4928
chr1	903495	903496	44	0.6586
chr1	903595	903596	42	0.406
chr1	903695	903696	39	0.637
chr1	903795	903796	35	0.5262
chr1	903881	903882	33	0.4078
chr1	903995	903996	37	0.3822
chr1	903997	903998	46	0.4956
chr1	904131	904132	37	0.5474
chr1	904283	904284	37	0.5489
chr1	904327	904328	41	0.7164
chr1	904350	904351	31	0.4809
chr1	904366	904367	36	0.737
chr1	904416	904417	44	0.6335
chr1	904438	904439	44	0.8386
chr1	904454	904455	25	0.5024
chr1	904497	904498	41	0.8153
chr1	904524	904525	36	0.7852
chr1	904552	904553	40	0.6545
chr1	904580	904581	43	0.7574
chr1	904622	904623	33	0.6933
chr1	904672	904673	34	0.6428
chr1	904716	904717	36	0.4781
chr1	904731	904732	42	0.5863
chr1	904746	904747	37	0.7529
chr1	904774	904775	38	0.7283
chr1	904824	904825	31	0.638
chr1	904833	904834	40	0.6099
chr1	904883	904884	39	0.6675
chr1	904983	904984	44	0.5314
chr1	905083	905084	35	0.5881
chr1	905183	905184	39	0.7379
chr1	905283	905284	41	0.8253
chr1	905287	905288	43	0.7153
chr1	905353	905354	38	0.7307
chr1	905363	905364	48	0.7899
chr1	905411	905412	39	0.8565
chr1	905451	905452	36	0.8519
chr1	905493	905494	36	0.7652
chr1	905523	905524	36	0.9597
chr1	905556	905557	45	0.7716
chr1	905590	905591	34	0.751
chr1	905605	905606	49	0.8829
chr1	905624	905625	36	0.831
chr1	905670	905671	37	0.8717
chr1	905705	905706	33	0.9355
chr1	905736	905737	34	0.8868
chr1	905756	905757	40	0.7594
chr1	905778	905779	41	0.9347
chr1	905812	905813	36	0.8602
chr1	905850	905851	38	0.8403
chr1	905907	905908	34	0.7961
chr1	905979	905980	36	0.9583
chr1	906029	906030	42	0.9404
chr1	906099	906100	49	0.8843
chr1	906182	906183	46	0.8966
chr1	906254	906255	37	0.9002
chr1	906304	906305	36	0.7743
chr1	906546	906547	34	0.8555
chr1	906550	906551	40	0.8259
chr1	906638	906639	38	0.7419
chr1	906664	906665	43	0.6102
chr1	906678	906679	42	0.7864
chr1	906727	906728	43	0.5831
chr1	906765	906766	36	0.7947
chr1	906815	906816	32	0.7641
chr1	906865	906866	43	0.7907
chr1	906886	906887	41	0.7762
chr1	906936	906937	33	0.7324
chr1	906963	906964	38	0.759
chr1	906996	906997	32	0.5872
chr1	907024	907025	38	0.6337
chr1	907050	907051	45	0.6462
chr1	907100	907101	31	0.6368
chr1	907123	907124	38	0.8273
chr1	907158	907159	40	0.6478
chr1	907185	907186	41	0.7549
chr1	907223	907224	40	0.7557
chr1	907235	907236	39	0.6961
chr1	907335	907336	49	0.4978
chr1	907387	907388	45	0.6234
chr1	907437	907438	40	0.7854
chr1	907537	907538	46	0.7022
chr1	907587	907588	41	0.9615
chr1	907687	907688	37	0.6933
chr1	907741	907742	33	0.6628
chr1	907781	907782	34	0.5059
chr1	907790	907791	33	0.709
chr1	907838	907839	35	0.7428
chr1	907888	907889	35	0.794
chr1	907903	907904	39	0.6575
chr1	907942	907943	42	0.7369
chr1	907990	907991	40	0.6578
chr1	908040	908041	51	0.7551
chr1	908073	908074	39	0.7508
chr1	908092	908093	45	0.8598
chr1	908126	908127	44	0.842
chr1	908176	908177	45	0.8932
chr1	908212	908213	44	0.7195
chr1	908214	908215	40	0.7688
chr1	908274	908275	39	0.9365
chr1	908374	908375	46	0.8495
chr1	908474	908475	30	0.7598
chr1	908574	908575	35	0.7057
chr1	908664	908665	38	0.9362
chr1	908670	908671	40	0.9343
chr1	908698	908699	42	0.76
chr1	908736	908737	33	0.8115
chr1	908770	908771	46	0.8044
chr1	908798	908799	36	0.7657
chr1	908942	908943	45	0.863
chr1	909050	909051	38	0.7142
chr1	909073	909074	46	0.7152
chr1	909120	909121	37	0.8994
chr1	909148	909149	39	0.8667
chr1	909168	909169	39	0.8427
chr1	909196	909197	36	0.7771
chr1	909234	909235	30	0.8559
chr1	909277	909278	40	0.8746
chr1	909303	909304	35	0.7086
chr1	909325	909326	30	0.8297
chr1	909375	909376	47	0.7952
chr1	909418	909419	42	0.8838
chr1	909453	909454	29	0.8724
chr1	909502	909503	35	0.6801
chr1	909526	909527	42	0.9674
chr1	909626	909627	36	0.9621
chr1	909676	909677	36	0.9501
chr1	909776	909777	35	0.8556
chr1	909836	909837	47	0.9201
chr1	909936	909937	44	0.9084
chr1	909986	909987	41	0.817
chr1	910026	910027	32	0.7984
chr1	910060	910061	48	0.6405
chr1	910091	910092	46	0.7303
chr1	910141	910142	38	0.7096
chr1	910166	910167	39	0.5325
chr1	910216	910217	41	0.8222
chr1	910251	910252	47	0.8028
chr1	910266	910267	44	0.7931
chr1	910315	910316	37	0.5883
chr1	910339	910340	41	0.8092
chr1	910354	910355	38	0.7481
chr1	910393	910394	49	0.7921
chr1	910443	910444	37	0.8167
chr1	910458	910459	34	0.7572
chr1	910483	910484	37	0.7953
chr1	910498	910499	40	0.8468
chr1	910527	910528	37	0.7148
chr1	910553	910554	42	0.6972
chr1	910572	910573	36	0.8028
chr1	910672	910673	40	0.6894
chr1	910772	910773	41	0.7535
chr1	910872	910873	42	0.8516
chr1	910949	910950	36	0.7541
chr1	910999	911000	47	0.851
chr1	911009	911010	41	0.666
chr1	911048	911049	38	0.0886
chr1	911081	911082	48	0.0978
chr1	911121	911122	41	0.5351
chr1	911164	911165	41	0.1283
chr1	911190	911191	51	0.5622
chr1	911240	911241	32	0.6581
chr1	911271	911272	41	0.4164
chr1	911290	911291	37	0.2892
chr1	911319	911320	28	0.5111
chr1	911350	911351	32	0.1046
chr1	911400	911401	40	0.3534
chr1	911436	911437	36	0.2554
chr1	911470	911471	34	0.7231
chr1	911494	911495	39	0.057
chr1	911554	911555	42	0.0484
chr1	911626	911627	39	0.3669
chr1	911726	911727	41	0.0526
chr1	911826	911827	30	0.6455
chr1	911909	911910	40	0.5207
chr1	911953	911954	38	0.2724
chr1	911981	911982	38	0.1772
chr1	912027	912028	35	0.7677
chr1	912042	912043	45	0.4433
chr1	912082	912083	36	0.656
chr1	912132	912133	49	0.8145
chr1	912153	912154	29	0.4788
chr1	912194	912195	33	0.5981
chr1	912221	912222	39	0.6799
chr1	912249	912250	36	0.6123
chr1	912281	912282	34	0.7028
chr1	912307	912308	39	0.692
chr1	912357	912358	41	0.8204
chr1	912382	912383	35	0.5274
chr1	912432	912433	36	0.5004
chr1	912468	912469	42	0.6481
chr1	912496	912497	38	0.6897
chr1	912518	912519	36	0.811
chr1	912521	912522	36	0.7271
chr1	912621	912622	43	0.54
chr1	912703	912704	43	0.5416
chr1	912764	912765	34	0.6687
chr1	912814	912815	33	0.5915
chr1	912914	912915	33	0.6958
chr1	912964	912965	39	0.5513
chr1	912992	912993	41	0.5506
chr1	913003	913004	34	0.7424
chr1	913032	913033	33	0.8529
chr1	913059	913060	48	0.6992
chr1	913087	913088	38	0.6565
chr1	913105	913106	51	0.778
chr1	913126	913127	43	0.5441
chr1	913154	913155	44	0.7582
chr1	913170	913171	49	0.6417
chr1	913210	913211	31	0.6451
chr1	913241	913242	48	0.8452
chr1	913258	913259	32	0.6288
chr1	913283	913284	43	0.7969
chr1	913301	913302	41	0.7548
chr1	913316	913317	32	0.7289
chr1	913334	913335	42	0.8441
chr1	913384	913385	39	0.6715
chr1	913415	913416	38	0.6069
chr1	913449	913450	38	0.9552
chr1	913530	913531	47	0.7021
chr1	913630	913631	40	0.8517
chr1	913730	913731	33	0.7341
chr1	913830	913831	40	0.8126
chr1	913881	913882	41	0.656
chr1	913965	913966	40	0.8048
chr1	913997	913998	31	0.8133
chr1	914036	914037	36	0.8354
chr1	914075	914076	33	0.9606
chr1	914106	914107	35	0.979
chr1	914148	914149	35	0.8776
chr1	914198	914199	41	0.6537
chr1	914245	914246	54	0.8457
chr1	914260	914261	37	1.0
chr1	914310	914311	41	0.8052
chr1	914352	914353	43	0.883
chr1	914384	914385	45	0.7348
chr1	914413	914414	33	0.9593
chr1	914439	914440	37	0.914
chr1	914471	914472	38	0.8668
chr1	914571	914572	33	0.9473
chr1	914671	914672	49	0.8057
chr1	914721	914722	41	0.7159
chr1	914791	914792	32	0.9474
chr1	914841	914842	43	0.9502
chr1	914941	914942	34	1.0
chr1	914949	914950	49	0.8282
chr1	914995	914996	36	0.7744
chr1	915013	915014	39	0.6729
chr1	915035	915036	39	0.5878
chr1	915052	915053	36	0.4394
chr1	915069	915070	33	0.6528
chr1	915108	915109	42	0.8055
chr1	915139	915140	39	0.7404
chr1	915159	915160	46	0.6995
chr1	915192	915193	39	0.687
chr1	915217	915218	32	0.7422
chr1	915234	915235	43	0.6124
chr1	915280	915281	35	0.8419
chr1	915330	915331	46	0.6794
chr1	915364	915365	35	0.6244
chr1	915400	915401	39	0.5798
chr1	915448	915449	50	0.595
chr1	915475	915476	43	0.651
chr1	915491	915492	38	0.6216
chr1	915530	915531	38	0.7393
chr1	915547	915548	37	0.8054
chr1	915585	915586	40	0.8233
chr1	915614	915615	38	0.5149
chr1	915699	915700	40	0.7402
chr1	915749	915750	43	0.647
chr1	915849	915850	36	0.7586
chr1	915949	915950	41	0.6651
chr1	916049	916050	39	0.5895
chr1	916149	916150	37	0.656
chr1	916153	916154	38	0.7262
chr1	916223	916224	39	0.8513
chr1	916236	916237	42	0.7258
chr1	916264	916265	45	0.5655
chr1	916283	916284	36	0.6775
chr1	916311	916312	41	0.6835
chr1	916337	916338	33	0.6343
chr1	916369	916370	38	0.7587
chr1	916400	916401	42	0.7701
chr1	916428	916429	39	0.6613
chr1	916453	916454	40	0.8527
chr1	916468	916469	38	0.6845
chr1	916515	916516	39	0.8691
chr1	916530	916531	35	0.652
chr1	916545	916546	44	0.6885
chr1	916595	916596	41	0.7988
chr1	916645	916646	36	0.8267
chr1	916660	916661	44	0.6761
chr1	916703	916704	40	0.7498
chr1	916753	916754	41	0.7308
chr1	916773	916774	32	0.6364
chr1	916834	916835	34	0.7215
chr1	916884	916885	31	0.6189
chr1	916984	916985	44	0.6811
chr1	917084	917085	38	0.6429
chr1	917134	917135	44	0.7229
chr1	917184	917185	40	0.7169
chr1	917284	917285	31	0.7332
chr1	917314	917315	43	0.6409
chr1	917356	917357	34	0.6458
chr1	917363	917364	43	0.8457
chr1	917385	917386	40	0.7667
chr1	917435	917436	33	1.0
chr1	917474	917475	50	0.8516
chr1	917521	917522	41	0.8674
chr1	917561	917562	36	0.7214
chr1	917576	917577	41	0.8435
chr1	917599	917600	38	0.7831
chr1	917614	917615	38	0.7602
chr1	917661	917662	36	0.9309
chr1	917677	917678	38	0.7801
chr1	917727	917728	37	0.7712
chr1	917758	917759	36	0.6793
chr1	917775	917776	43	0.8807
chr1	917809	917810	38	0.8329
chr1	917829	917830	34	0.8365
chr1	917852	917853	40	0.7348
chr1	917883	917884	33	0.8098
chr1	917971	917972	41	0.8675
chr1	918063	918064	43	0.8678
chr1	918152	918153	50	0.9289
chr1	918252	918253	35	0.8755
chr1	918352	918353	36	0.8525
chr1	918402	918403	34	0.9649
chr1	918460	918461	41	0.7678
chr1	918472	918473	31	0.8929
chr1	918506	918507	38	0.8174
chr1	918520	918521	40	0.839
chr1	918588	918589	42	0.7748
chr1	918650	918651	47	0.8759
chr1	918680	918681	40	0.9109
chr1	918704	918705	35	0.8547
chr1	918844	918845	32	0.8551
chr1	918878	918879	42	0.878
chr1	918903	918904	32	0.8214
chr1	918924	918925	43	0.769
chr1	918942	918943	35	0.9042
chr1	918992	918993	43	0.8448
chr1	919022	919023	42	0.8602
chr1	919042	919043	47	0.8571
chr1	919057	919058	32	1.0
chr1	919072	919073	46	0.7716
chr1	919094	919095	32	0.7994
chr1	919109	919110	40	0.8305
chr1	919159	919160	42	0.874
chr1	919190	919191	48	0.8916
chr1	919240	919241	48	0.8261
chr1	919255	919256	47	0.835
chr1	919352	919353	45	0.7997
chr1	919416	919417	35	0.7937
chr1	919516	919517	34	0.8564
chr1	919610	919611	44	0.8488
chr1	919612	919613	40	0.8493
chr1	919631	919632	38	0.9017
chr1	919681	919682	35	0.801
chr1	919703	919704	40	0.8841
chr1	919749	919750	32	0.7878
chr1	919777	919778	44	0.7534
chr1	919827	919828	29	0.6813
chr1	919848	919849	41	0.6973
chr1	919898	919899	41	0.7606
chr1	919913	919914	36	0.8797
chr1	919941	919942	41	0.7444
chr1	919961	919962	37	0.8875
chr1	920011	920012	33	0.8085
chr1	920028	920029	39	0.7344
chr1	920061	920062	43	0.7637
chr1	920105	920106	42	0.6681
chr1	920120	920121	44	0.7034
chr1	920170	920171	43	0.7397
chr1	920190	920191	45	0.7782
chr1	920202	920203	51	0.8784
chr1	920302	920303	40	0.7785
chr1	920402	920403	40	0.7885
chr1	920502	920503	36	0.8426
chr1	920602	920603	43	0.7651
chr1	920685	920686	39	0.7684
chr1	920715	920716	38	0.6116
chr1	920726	920727	42	0.6456
chr1	920751	920752	33	0.6524
chr1	920772	920773	36	0.7307
chr1	920793	920794	38	0.6999
chr1	920828	920829	43	0.5592
chr1	920869	920870	37	0.6403
chr1	920905	920906	45	0.6525
chr1	920924	920925	45	0.4387
chr1	920946	920947	43	0.646
chr1	920979	920980	38	0.6101
chr1	921009	921010	46	0.6402
chr1	921041	921042	41	0.7837
chr1	921058	921059	30	0.7627
chr1	921077	921078	34	0.7168
chr1	921118	921119	43	0.5674
chr1	921161	921162	41	0.7556
chr1	921185	921186	26	0.5933
chr1	921187	921188	37	0.6003
chr1	921237	921238	50	0.7867
chr1	921337	921338	38	0.5309
chr1	921437	921438	43	0.8251
chr1	921516	921517	37	0.6226
chr1	921616	921617	36	0.5693
chr1	921670	921671	36	0.6764
chr1	921684	921685	40	0.8063
chr1	921732	921733	40	0.9284
chr1	921780	921781	38	0.8152
chr1	921798	921799	50	0.646
chr1	921825	921826	36	0.5361
chr1	921846	921847	31	0.7161
chr1	921863	921864	38	0.8154
chr1	921899	921900	41	0.9913
chr1	921925	921926	46	0.7056
chr1	921959	921960	40	0.7152
chr1	921997	921998	35	0.8008
chr1	922047	922048	38	0.9371
chr1	922084	922085	28	0.9611
chr1	922099	922100	44	0.461
chr1	922121	922122	49	0.6228
chr1	922221	922222	40	0.5404
chr1	922292	922293	41	0.8861
chr1	922373	922374	39	0.6768
chr1	922443	922444	42	0.5451
chr1	922533	922534	35	0.751
chr1	922567	922568	43	0.9728
chr1	922600	922601	41	0.6256
chr1	922638	922639	47	0.6674
chr1	922655	922656	38	0.6867
chr1	922705	922706	43	0.5923
chr1	922735	922736	41	0.7521
chr1	922752	922753	43	0.5824
chr1	922773	922774	38	0.7368
chr1	922805	922806	42	0.5864
chr1	922838	922839	46	0.5243
chr1	922853	922854	36	0.6411
chr1	922878	922879	33	0.7016
chr1	922924	922925	41	0.5981
chr1	922945	922946	35	0.5652
chr1	922995	922996	40	0.7013
chr1	923016	923017	39	0.6612
chr1	923031	923032	40	0.6099
chr1	923049	923050	29	0.675
chr1	923099	923100	37	0.5973
chr1	923132	923133	44	0.5526
chr1	923161	923162	32	0.6186
chr1	923167	923168	38	0.6702
chr1	923249	923250	45	0.6081
chr1	923349	923350	43	0.5391
chr1	923411	923412	41	0.5188
chr1	923473	923474	47	0.7106
chr1	923573	923574	45	0.7847
chr1	923673	923674	36	0.4479
chr1	923727	923728	34	0.7079
chr1	923731	923732	41	0.6529
chr1	923773	923774	35	0.701
chr1	923807	923808	37	0.8748
chr1	923822	923823	40	0.6788
chr1	923861	923862	31	0.7473
chr1	923897	923898	40	0.805
chr1	923917	923918	40	0.8324
chr1	923940	923941	37	0.7529
chr1	923966	923967	41	0.7409
chr1	923988	923989	44	0.7517
chr1	924024	924025	27	0.889
chr1	924039	924040	40	0.8387
chr1	924074	924075	29	0.8723
chr1	924100	924101	46	0.764
chr1	924123	924124	42	0.8624
chr1	924171	924172	38	0.8825
chr1	924195	924196	50	0.8081
chr1	924221	924222	38	0.9494
chr1	924245	924246	34	0.77
chr1	924295	924296	41	0.7898
chr1	924313	924314	36	0.874
chr1	924328	924329	48	0.8461
chr1	924330	924331	37	0.9119
chr1	924389	924390	41	0.8592
chr1	924489	924490	40	0.7956
chr1	924539	924540	31	0.8541
chr1	924636	924637	47	0.7227
chr1	924686	924687	30	0.7598
chr1	924745	924746	39	0.9366
chr1	924812	924813	36	0.7989
chr1	924814	924815	41	0.9247
chr1	924833	924834	45	0.5625
chr1	924862	924863	34	0.5529
chr1	924881	924882	37	0.6058
chr1	924909	924910	32	0.7598
chr1	924946	924947	42	0.6274
chr1	924966	924967	31	0.5879
chr1	924982	924983	39	0.6666
chr1	925020	925021	31	0.7219
chr1	925037	925038	43	0.573
chr1	925066	925067	35	0.5329
chr1	925094	925095	41	0.6387
chr1	925109	925110	46	0.5316
chr1	925143	925144	38	0.5309
chr1	925158	925159	38	0.6461
chr1	925175	925176	39	0.6098
chr1	925221	925222	45	0.4959
chr1	925242	925243	40	0.5473
chr1	925272	925273	38	0.6213
chr1	925290	925291	39	0.4797
chr1	925306	925307	37	0.5357
chr1	925369	925370	52	0.6839
chr1	925469	925470	49	0.7886
chr1	925569	925570	36	0.5664
chr1	925669	925670	39	0.7864
chr1	925735	925736	40	0.7671
chr1	925809	925810	38	0.7957
chr1	925821	925822	48	0.7773
chr1	925827	925828	40	1.0
chr1	925877	925878	41	0.9008
chr1	925892	925893	40	1.0
chr1	925921	925922	41	0.9902
chr1	925955	925956	37	0.8536
chr1	925970	925971	44	0.8061
chr1	926016	926017	41	0.8081
chr1	926047	926048	53	0.8102
chr1	926097	926098	43	0.9744
chr1	926127	926128	43	0.9583
chr1	926144	926145	40	1.0
chr1	926170	926171	40	0.9766
chr1	926206	926207	39	0.7408
chr1	926235	926236	38	0.9459
chr1	926250	926251	30	0.7902
chr1	926283	926284	35	0.9345
chr1	926304	926305	40	0.8591
chr1	926403	926404	37	0.9007
chr1	926503	926504	42	0.9596
chr1	926603	926604	34	1.0
chr1	926703	926704	38	0.7757
chr1	926753	926754	42	0.9247
chr1	926765	926766	38	0.7808
chr1	926767	926768	43	0.8482
chr1	926821	926822	28	0.8751
chr1	926857	926858	35	0.9186
chr1	926909	926910	43	0.8625
chr1	927171	927172	43	0.8218
chr1	927249	927250	43	0.8452
chr1	928425	928426	33	0.8062
chr1	928447	928448	41	0.8894
chr1	928464	928465	44	0.8176
chr1	928506	928507	43	0.9254
chr1	928552	928553	37	0.9261
chr1	928598	928599	41	0.7983
chr1	928624	928625	40	0.8861
chr1	928660	928661	48	0.8287
chr1	928692	928693	39	0.725
chr1	928707	928708	47	0.7962
chr1	928722	928723	44	0.8563
chr1	928772	928773	39	0.8854
chr1	928794	928795	46	0.9463
chr1	928820	928821	48	0.7991
chr1	928839	928840	40	0.8743
chr1	928854	928855	39	0.9354
chr1	928869	928870	38	0.7956
chr1	928969	928970	29	0.7485
chr1	929069	929070	35	0.842
chr1	929148	929149	26	0.7045
chr1	929232	929233	37	0.7005
chr1	929238	929239	34	0.8485
chr1	929396	929397	40	0.8314
chr1	929460	929461	34	0.968
chr1	929474	929475	32	0.8019
chr1	929602	929603	45	0.8791
chr1	929610	929611	45	0.9632
chr1	929654	929655	27	0.8855
chr1	929668	929669	39	0.8265
chr1	929683	929684	39	0.8169
chr1	929703	929704	36	0.7412
chr1	929747	929748	36	0.7701
chr1	929797	929798	32	0.7766
chr1	929817	929818	44	0.7059
chr1	929867	929868	51	0.8225
chr1	929901	929902	42	0.6831
chr1	929951	929952	44	0.7384
chr1	929985	929986	34	0.8192
chr1	930015	930016	43	0.857
chr1	930042	930043	41	0.8833
chr1	930066	930067	34	0.8353
chr1	930116	930117	40	0.8434
chr1	930147	930148	46	0.9256
chr1	930174	930175	48	0.6493
chr1	930200	930201	45	0.6849
chr1	930210	930211	33	0.803
chr1	930261	930262	41	0.6835
chr1	930361	930362	41	0.7054
chr1	930461	930462	39	0.6361
chr1	930561	930562	33	0.707
chr1	930611	930612	43	0.8069
chr1	930701	930702	36	0.6133
chr1	930725	930726	36	0.8238
chr1	930799	930800	40	0.8055
chr1	930808	930809	35	0.9013
chr1	930829	930830	47	0.8122
chr1	930864	930865	45	0.7933
chr1	930888	930889	41	0.7449
chr1	930920	930921	37	0.7915
chr1	930956	930957	36	0.9318
chr1	930982	930983	33	0.8623
chr1	931002	931003	32	0.712
chr1	931052	931053	33	0.8272
chr1	931090	931091	38	0.7719
chr1	931108	931109	42	0.9178
chr1	931128	931129	40	0.7334
chr1	931163	931164	40	0.8601
chr1	931213	931214	40	0.7745
chr1	931228	931229	37	0.836
chr1	931262	931263	37	0.798
chr1	931291	931292	42	0.9692
chr1	931308	931309	43	0.875
chr1	931404	931405	50	0.8985
chr1	931482	931483	37	0.8324
chr1	931582	931583	40	0.9106
chr1	931682	931683	44	0.7952
chr1	931782	931783	48	0.705
chr1	931792	931793	41	0.933
chr1	931818	931819	30	0.8624
chr1	931896	931897	42	0.9251
chr1	931908	931909	44	0.8909
chr1	931910	931911	38	0.8399
chr1	932070	932071	29	0.8623
chr1	932082	932083	44	0.9453
chr1	932098	932099	40	0.8541
chr1	932186	932187	43	0.9985
chr1	932195	932196	42	0.271
chr1	932233	932234	42	0.3522
chr1	932248	932249	34	0.0125
chr1	932291	932292	39	0.2021
chr1	932314	932315	41	0.3478
chr1	932345	932346	49	0.2251
chr1	932369	932370	40	0.2383
chr1	932392	932393	42	0.134
chr1	932441	932442	44	0.2705
chr1	932462	932463	38	0.2648
chr1	932481	932482	35	0.1744
chr1	932496	932497	46	0.1921
chr1	932519	932520	40	0.2489
chr1	932545	932546	47	0.2168
chr1	932595	932596	40	0.0923
chr1	932610	932611	38	0.2955
chr1	932637	932638	42	0.3522
chr1	932651	932652	46	0.347
chr1	932751	932752	44	0.2845
chr1	932851	932852	44	0.2182
chr1	932901	932902	25	0.1638
chr1	933001	933002	40	0.2049
chr1	933096	933097	44	0.4872
chr1	933118	933119	43	0.0975
chr1	933146	933147	41	0.1839
chr1	933294	933295	31	0.2953
chr1	933442	933443	29	0.2397
chr1	933452	933453	38	0.3133
chr1	933592	933593	41	0.2603
chr1	933599	933600	35	0.8282
chr1	933620	933621	41	0.8984
chr1	933660	933661	30	0.9535
chr1	933677	933678	39	0.8981
chr1	933714	933715	39	0.7698
chr1	933746	933747	29	0.9025
chr1	933796	933797	28	0.8859
chr1	933846	933847	50	0.9773
chr1	933882	933883	36	1.0
chr1	933907	933908	42	0.7964
chr1	933927	933928	39	0.7245
chr1	933961	933962	32	0.8923
chr1	933990	933991	34	0.6687
chr1	934017	934018	36	0.7732
chr1	934044	934045	38	0.6242
chr1	934094	934095	37	0.8621
chr1	934118	934119	37	0.8181
chr1	934182	934183	38	0.8128
chr1	934259	934260	34	0.8957
chr1	934309	934310	42	0.8967
chr1	934409	934410	35	1.0
chr1	934475	934476	52	0.7457
chr1	934562	934563	41	0.7211
chr1	934564	934565	35	0.8254
chr1	934672	934673	37	0.9115
chr1	934738	934739	44	0.913
chr1	934848	934849	40	0.8134
chr1	934852	934853	33	0.8104
chr1	934938	934939	34	0.7688
chr1	935018	935019	47	0.7789
chr1	935031	935032	33	0.5999
chr1	935053	935054	38	0.6237
chr1	935080	935081	36	0.6047
chr1	935103	935104	38	0.6263
chr1	935129	935130	33	0.765
chr1	935148	935149	38	0.803
chr1	935173	935174	43	0.8296
chr1	935198	935199	32	0.7031
chr1	935237	935238	43	0.7794
chr1	935270	935271	36	0.7909
chr1	935290	935291	42	0.8678
chr1	935308	935309	37	0.5994
chr1	935330	935331	42	0.6147
chr1	935380	935381	41	0.6108
chr1	935395	935396	37	0.6861
chr1	935421	935422	42	0.7047
chr1	935445	935446	33	0.7226
chr1	935476	935477	40	0.7487
chr1	935514	935515	34	0.6844
chr1	935537	935538	38	0.5563
chr1	935581	935582	45	0.6788
chr1	935597	935598	45	0.7565
chr1	935693	935694	41	0.8664
chr1	935743	935744	35	0.7319
chr1	935799	935800	33	0.6955
chr1	935849	935850	43	0.8535
chr1	935949	935950	44	0.7964
chr1	936049	936050	38	0.7921
chr1	936105	936106	43	0.7465
chr1	936158	936159	38	0.6425
chr1	936238	936239	41	0.7369
chr1	937356	937357	44	0.0284
chr1	937374	937375	40	0.2429
chr1	937399	937400	30	0.3872
chr1	937437	937438	41	0.211
chr1	937481	937482	43	0.2432
chr1	937496	937497	40	0.1095
chr1	937513	937514	45	0.2358
chr1	937528	937529	45	0.293
chr1	937552	937553	42	0.0408
chr1	937597	937598	34	0.171
chr1	937647	937648	45	0.1596
chr1	937668	937669	26	0.0911
chr1	937687	937688	41	0.1312
chr1	937702	937703	33	0.1393
chr1	937720	937721	40	0.2221
chr1	937740	937741	40	0.1963
chr1	937764	937765	45	0.265
chr1	937785	937786	38	0.0106
chr1	937806	937807	37	0.1962
chr1	937811	937812	23	0.1218
chr1	937911	937912	39	0.1671
chr1	937999	938000	40	0.0495
chr1	938068	938069	39	0.0234
chr1	938118	938119	38	0.1539
chr1	938218	938219	43	0.1623
chr1	938308	938309	37	0.1856
chr1	938342	938343	39	0.1323
chr1	938392	938393	40	0.156
chr1	938415	938416	39	0.2365
chr1	938465	938466	45	0.1874
chr1	938491	938492	35	0.1012
chr1	938532	938533	42	0.0819
chr1	938547	938548	42	0.0892
chr1	938597	938598	35	0.2701
chr1	938635	938636	44	0.1022
chr1	938654	938655	42	0.1027
chr1	938675	938676	49	0.0807
chr1	938697	938698	44	0.2126
chr1	938733	938734	26	0.1625
chr1	938772	938773	44	0.0897
chr1	938811	938812	40	0.1694
chr1	938888	938889	48	0.1489
chr1	938988	938989	32	0.057
chr1	939088	939089	40	0.3262
chr1	939171	939172	38	0.0387
chr1	939271	939272	39	0.0942
chr1	939273	939274	33	0.0974
chr1	939305	939306	48	0.1037
chr1	939322	939323	39	0.8539
chr1	939364	939365	39	0.7958
chr1	939407	939408	46	0.8648
chr1	939425	939426	47	0.7194
chr1	939440	939441	36	0.6816
chr1	939460	939461	43	0.8388
chr1	939475	939476	37	0.7629
chr1	939505	939506	41	0.5971
chr1	939555	939556	38	0.6517
chr1	939579	939580	29	0.74
chr1	939614	939615	34	0.524
chr1	939629	939630	41	0.5997
chr1	939644	939645	33	0.7657
chr1	939667	939668	47	0.7323
chr1	939692	939693	45	0.6202
chr1	939712	939713	40	0.7348
chr1	939729	939730	44	0.6431
chr1	939765	939766	43	0.7131
chr1	939788	939789	47	0.6912
chr1	939819	939820	40	0.7685
chr1	939846	939847	36	0.777
chr1	939918	939919	30	0.7073
chr1	940018	940019	37	0.6527
chr1	940075	940076	44	0.7641
chr1	940165	940166	40	0.6542
chr1	940265	940266	42	0.6363
chr1	940365	940366	42	0.7463
chr1	940367	940368	35	0.6611
chr1	940425	940426	39	0.726
chr1	940432	940433	39	0.8079
chr1	940482	940483	34	0.6503
chr1	940512	940513	39	0.7572
chr1	940542	940543	41	0.8289
chr1	940571	940572	32	0.9074
chr1	940604	940605	47	0.7836
chr1	940639	940640	44	0.815
chr1	940683	940684	41	0.6636
chr1	940698	940699	43	0.683
chr1	940716	940717	48	0.6321
chr1	940745	940746	41	0.6282
chr1	940763	940764	46	0.6367
chr1	940788	940789	42	0.7372
chr1	940803	940804	36	0.741
chr1	940841	940842	41	0.7129
chr1	940872	940873	34	0.8946
chr1	940887	940888	45	0.5827
chr1	940897	940898	37	0.754
chr1	940956	940957	41	0.6253
chr1	941056	941057	38	0.7709
chr1	941144	941145	38	0.652
chr1	941219	941220	41	0.7545
chr1	941319	941320	28	0.7235
chr1	941323	941324	29	0.8489
chr1	941349	941350	45	0.6514
chr1	941403	941404	49	0.7587
chr1	941473	941474	33	0.7866
chr1	941553	941554	43	0.6384
chr1	941563	941564	44	0.7953
chr1	941657	941658	41	0.7831
chr1	941669	941670	39	0.7154
chr1	941721	941722	33	0.6226
chr1	941723	941724	38	0.7479
chr1	941749	941750	39	0.6022
chr1	941786	941787	38	0.7058
chr1	941833	941834	41	0.6857
chr1	941856	941857	36	0.8146
chr1	941906	941907	42	0.7486
chr1	941926	941927	41	0.6906
chr1	941958	941959	48	0.774
chr1	941996	941997	35	0.8364
chr1	942021	942022	35	0.6667
chr1	942071	942072	38	0.6759
chr1	942097	942098	41	0.7924
chr1	942126	942127	31	0.8938
chr1	942160	942161	36	0.8035
chr1	942210	942211	45	0.6124
chr1	942260	942261	42	0.7188
chr1	942292	942293	36	0.8371
chr1	942300	942301	35	0.8533
chr1	942400	942401	47	0.7299
chr1	942486	942487	39	0.6732
chr1	942586	942587	33	0.533
chr1	942686	942687	39	0.642
chr1	942770	942771	36	0.8739
chr1	942784	942785	48	0.7054
chr1	942790	942791	39	0.6274
chr1	942829	942830	27	1.0
chr1	942862	942863	42	0.9147
chr1	942897	942898	33	0.9731
chr1	942929	942930	32	0.8951
chr1	942953	942954	42	0.9088
chr1	942974	942975	33	0.7874
chr1	943011	943012	48	0.8374
chr1	943061	943062	49	0.861
chr1	943083	943084	38	0.9637
chr1	943099	943100	45	0.8525
chr1	943118	943119	36	0.7385
chr1	943136	943137	37	0.7869
chr1	943156	943157	44	0.8636
chr1	943180	943181	39	0.8713
chr1	943230	943231	33	0.8884
chr1	943280	943281	32	1.0
chr1	943295	943296	29	0.8675
chr1	943312	943313	45	0.9675
chr1	943350	943351	48	0.9217
chr1	943375	943376	39	0.7468
chr1	943389	943390	43	0.8414
chr1	943464	943465	40	0.7379
chr1	943564	943565	38	0.9859
chr1	943664	943665	38	0.9325
chr1	943714	943715	42	0.9467
chr1	943814	943815	42	0.8948
chr1	943914	943915	43	0.9066
chr1	943934	943935	42	0.9434
chr1	943954	943955	42	0.9131
chr1	943960	943961	38	0.7212
chr1	944006	944007	34	0.8053
chr1	944043	944044	28	0.7395
chr1	944085	944086	41	0.6697
chr1	944108	944109	37	0.5953
chr1	944149	944150	45	0.6396
chr1	944199	944200	27	0.6642
chr1	944249	944250	32	0.5404
chr1	944294	944295	38	0.6829
chr1	944338	944339	45	0.6127
chr1	944355	944356	42	0.5207
chr1	944373	944374	46	0.4965
chr1	944423	944424	41	0.4933
chr1	944439	944440	42	0.6066
chr1	944445	944446	40	0.5732
chr1	944545	944546	34	0.5932
chr1	944627	944628	41	0.6926
chr1	944727	944728	40	0.8779
chr1	944819	944820	37	0.5703
chr1	944876	944877	47	0.5944
chr1	944926	944927	44	0.475
chr1	944942	944943	49	0.6975
chr1	945370	945371	40	0.6517
chr1	945378	945379	36	0.7654
chr1	945384	945385	47	0.5921
chr1	945422	945423	34	0.7249
chr1	945441	945442	41	0.7166
chr1	945458	945459	40	0.6428
chr1	945473	945474	42	0.8299
chr1	945504	945505	37	0.8252
chr1	945550	945551	38	0.8229
chr1	945575	945576	37	0.8669
chr1	945608	945609	36	0.7718
chr1	945658	945659	47	0.7111
chr1	945694	945695	42	0.8821
chr1	945744	945745	40	0.887
chr1	945767	945768	31	0.6679
chr1	945788	945789	44	0.8412
chr1	945812	945813	42	0.7926
chr1	945859	945860	33	0.7987
chr1	945930	945931	38	0.7192
chr1	946026	946027	47	0.7895
chr1	946126	946127	39	0.7495
chr1	946226	946227	42	0.7871
chr1	946276	946277	30	0.8383
chr1	946340	946341	50	0.8377
chr1	946342	946343	39	0.7462
chr1	946361	946362	44	0.7252
chr1	946395	946396	37	0.6882
chr1	946425	946426	47	0.6473
chr1	946459	946460	45	0.6685
chr1	946501	946502	40	0.5552
chr1	946533	946534	39	0.527
chr1	946548	946549	43	0.5587
chr1	946575	946576	33	0.524
chr1	946625	946626	50	0.7171
chr1	946649	946650	39	0.6555
chr1	946680	946681	36	0.5896
chr1	946710	946711	42	0.5934
chr1	946744	946745	37	0.6396
chr1	946759	946760	42	0.6766
chr1	946802	946803	45	0.7375
chr1	946845	946846	37	0.5616
chr1	946872	946873	43	0.6075
chr1	946911	946912	52	0.7355
chr1	946929	946930	39	0.5833
chr1	946944	946945	42	0.676
chr1	947036	947037	45	0.7654
chr1	947136	947137	39	0.5638
chr1	947210	947211	42	0.7461
chr1	947310	947311	40	0.6189
chr1	947409	947410	42	0.5909
chr1	947509	947510	40	0.6292
chr1	947531	947532	35	0.6154
chr1	947545	947546	38	0.6246
chr1	947564	947565	41	0.7559
chr1	947614	947615	37	0.4895
chr1	947664	947665	42	0.7704
chr1	947679	947680	44	0.6185
chr1	947707	947708	47	0.4991
chr1	947729	947730	39	0.6406
chr1	947773	947774	42	0.6887
chr1	947805	947806	46	0.5614
chr1	947825	947826	42	0.7098
chr1	947863	947864	34	0.7152
chr1	947896	947897	30	0.6399
chr1	947937	947938	36	0.5213
chr1	947965	947966	38	0.6113
chr1	947980	947981	43	0.6486
chr1	947995	947996	38	0.6883
chr1	948045	948046	47	0.7161
chr1	948101	948102	41	0.6235
chr1	948201	948202	42	0.7519
chr1	948251	948252	36	0.724
chr1	948351	948352	37	0.5898
chr1	948451	948452	50	0.54
chr1	948520	948521	44	0.5626
chr1	948582	948583	36	0.7352
chr1	948588	948589	36	0.4954
chr1	948616	948617	46	0.7868
chr1	948634	948635	45	0.9414
chr1	948651	948652	35	0.7001
chr1	948693	948694	34	0.9488
chr1	948743	948744	39	0.8842
chr1	948765	948766	35	0.9007
chr1	948791	948792	39	0.9229
chr1	948823	948824	40	0.8401
chr1	948838	948839	52	0.8324
chr1	948859	948860	47	0.8003
chr1	948878	948879	35	0.7553
chr1	948904	948905	47	0.8884
chr1	948940	948941	40	0.9074
chr1	948988	948989	36	0.8853
chr1	949003	949004	47	0.9831
chr1	949018	949019	35	0.9725
chr1	949041	949042	49	0.9779
chr1	949060	949061	38	0.8812
chr1	949072	949073	36	0.9971
chr1	949172	949173	45	0.8517
chr1	949272	949273	38	0.9174
chr1	949372	949373	39	0.8774
chr1	949472	949473	41	0.9844
chr1	949488	949489	39	1.0
chr1	949502	949503	43	0.1943
chr1	949524	949525	44	0.0731
chr1	949548	949549	37	0.0779
chr1	949568	949569	46	0.1498
chr1	949585	949586	50	0.1443
chr1	949632	949633	45	0.0928
chr1	949666	949667	44	0.0366
chr1	949687	949688	42	0.1332
chr1	949712	949713	43	0.1134
chr1	949746	949747	34	0.1541
chr1	949781	949782	35	0.2005
chr1	949805	949806	34	0.1959
chr1	949855	949856	37	0.173
chr1	949873	949874	39	0.0345
chr1	949906	949907	40	0.0418
chr1	949933	949934	32	0.1857
chr1	949955	949956	45	0.1387
chr1	949972	949973	34	0.061
chr1	950006	950007	36	0.0447
chr1	950025	950026	36	0.3362
chr1	950040	950041	37	0.0931
chr1	950042	950043	39	0.1649
chr1	950142	950143	45	0.1358
chr1	950242	950243	44	0.0214
chr1	950293	950294	35	0.1925
chr1	950393	950394	45	0.1976
chr1	950493	950494	39	0.1037
chr1	950543	950544	40	0.0683
chr1	950571	950572	47	0.0274
chr1	950618	950619	42	0.3356
chr1	950650	950651	41	0.2022
chr1	950700	950701	40	0.3043
chr1	950749	950750	40	0.185
chr1	950772	950773	44	0.2013
chr1	950814	950815	45	0.1901
chr1	950835	950836	35	0.1773
chr1	950862	950863	44	0.1767
chr1	950889	950890	45	0.2535
chr1	950939	950940	38	0.1754
chr1	950960	950961	36	0.094
chr1	950988	950989	46	0.1882
chr1	951017	951018	44	0.114
chr1	951059	951060	32	0.2514
chr1	951109	951110	32	0.0355
chr1	951133	951134	41	0.2827
chr1	951166	951167	42	0.2814
chr1	951184	951185	44	0.099
chr1	951284	951285	37	0.1712
chr1	951356	951357	37	0.2734
chr1	951456	951457	40	0.1692
chr1	951556	951557	33	0.1557
chr1	951624	951625	36	0.2508
chr1	951724	951725	45	0.1832
chr1	951732	951733	41	0.2256
chr1	951742	951743	43	0.2885
chr1	951750	951751	38	0.9108
chr1	951789	951790	33	0.7291
chr1	951804	951805	44	0.7982
chr1	951826	951827	39	0.7406
chr1	951857	951858	37	0.8138
chr1	951907	951908	34	0.695
chr1	951957	951958	40	0.8523
chr1	951972	951973	42	0.5884
chr1	951989	951990	53	0.8753
chr1	952020	952021	44	0.8716
chr1	952058	952059	42	0.8743
chr1	952089	952090	38	0.552
chr1	952114	952115	41	0.8053
chr1	952164	952165	39	0.7311
chr1	952184	952185	37	0.6695
chr1	952219	952220	38	0.5863
chr1	952283	952284	42	0.7546
chr1	952383	952384	46	0.92
chr1	952433	952434	41	0.5901
chr1	952524	952525	39	0.673
chr1	952624	952625	43	0.6271
chr1	952682	952683	38	0.8119
chr1	952718	952719	38	0.7259
chr1	952740	952741	42	0.6404
chr1	952786	952787	35	0.7505
chr1	952792	952793	39	0.657
chr1	952824	952825	45	0.6657
chr1	952856	952857	38	0.8574
chr1	952990	952991	46	0.7042
chr1	953016	953017	46	0.5489
chr1	953031	953032	42	0.5767
chr1	953081	953082	36	0.6379
chr1	953131	953132	33	0.8023
chr1	953160	953161	46	0.8129
chr1	953178	953179	40	0.8323
chr1	953199	953200	44	0.7743
chr1	953233	953234	41	0.6821
chr1	953275	953276	39	0.697
chr1	953325	953326	42	0.7299
chr1	953340	953341	47	0.7551
chr1	953390	953391	38	0.7061
chr1	953438	953439	43	0.6744
chr1	953454	953455	26	0.7432
chr1	953473	953474	42	0.851
chr1	953573	953574	30	0.6145
chr1	953673	953674	42	0.579
chr1	953773	953774	42	0.7946
chr1	953873	953874	40	0.6834
chr1	953917	953918	29	0.6289
chr1	953963	953964	32	0.769
chr1	953979	953980	43	0.714
chr1	954029	954030	36	0.7381
chr1	954079	954080	41	0.6934
chr1	954129	954130	45	0.7483
chr1	954171	954172	35	0.6878
chr1	954221	954222	47	0.7982
chr1	954261	954262	43	0.5089
chr1	954308	954309	35	0.8039
chr1	954326	954327	35	0.7523
chr1	954355	954356	45	0.733
chr1	954390	954391	37	0.6954
chr1	954461	954462	37	0.6972
chr1	954538	954539	46	0.7724
chr1	954606	954607	33	0.7007
chr1	954656	954657	43	0.7201
chr1	954756	954757	37	0.8376
chr1	954788	954789	41	0.8072
chr1	954826	954827	39	0.6074
chr1	954867	954868	44	0.4862
chr1	954910	954911	43	0.6358
chr1	954936	954937	45	0.7301
chr1	954959	954960	44	0.5649
chr1	954992	954993	48	0.5994
chr1	955016	955017	41	0.4909
chr1	955045	955046	37	0.4982
chr1	955078	955079	48	0.4524
chr1	955110	955111	44	0.7539
chr1	955126	955127	50	0.5979
chr1	955141	955142	37	0.5306
chr1	955177	955178	28	0.6523
chr1	955208	955209	33	0.4521
chr1	955258	955259	39	0.716
chr1	955274	955275	38	0.6444
chr1	955313	955314	36	0.5512
chr1	955352	955353	43	0.5873
chr1	955364	955365	41	0.5407
chr1	955464	955465	41	0.7115
chr1	955564	955565	42	0.3761
chr1	955628	955629	48	0.6651
chr1	955728	955729	36	0.6475
chr1	955794	955795	32	0.7183
chr1	955800	955801	43	0.6437
chr1	955842	955843	37	0.6287
chr1	955884	955885	34	0.8691
chr1	955912	955913	39	0.954
chr1	955962	955963	36	0.8663
chr1	955978	955979	49	0.9547
chr1	956001	956002	37	0.7773
chr1	956051	956052	33	0.8412
chr1	956079	956080	41	0.901
chr1	956109	956110	38	0.9744
chr1	956144	956145	37	0.8906
chr1	956162	956163	45	1.0
chr1	956184	956185	48	0.8756
chr1	956225	956226	34	0.878
chr1	956244	956245	35	0.8612
chr1	956294	956295	33	0.9036
chr1	956326	956327	42	0.9694
chr1	956368	956369	36	0.9732
chr1	956398	956399	34	0.9533
chr1	956448	956449	28	0.8918
chr1	956547	956548	38	0.9224
chr1	956609	956610	30	0.8914
chr1	956709	956710	41	1.0
chr1	956760	956761	46	0.8966
chr1	956815	956816	33	0.8597
chr1	956911	956912	48	0.9033
chr1	956953	956954	36	0.7837
chr1	956988	956989	45	0.7838
chr1	957028	957029	29	0.781
chr1	957044	957045	46	0.7673
chr1	957059	957060	46	0.8142
chr1	957086	957087	40	0.7721
chr1	957103	957104	42	0.984
chr1	957118	957119	39	0.9196
chr1	957155	957156	39	0.9487
chr1	957195	957196	36	0.8268
chr1	957222	957223	43	0.8446
chr1	957267	957268	40	0.838
chr1	957301	957302	36	0.8344
chr1	957343	957344	41	0.8954
chr1	957366	957367	41	0.863
chr1	957399	957400	41	0.8418
chr1	957414	957415	45	0.8668
chr1	957468	957469	50	0.8736
chr1	957510	957511	36	0.7287
chr1	957531	957532	32	0.7895
chr1	957537	957538	34	0.8213
chr1	957637	957638	44	0.8994
chr1	957737	957738	37	0.7983
chr1	957837	957838	41	0.8129
chr1	957937	957938	33	0.7158
chr1	957987	957988	43	0.8039
chr1	958081	958082	35	0.7044
chr1	958085	958086	47	0.9282
chr1	958121	958122	32	0.4402
chr1	958136	958137	43	0.6
chr1	958153	958154	38	0.662
chr1	958168	958169	35	0.5086
chr1	958218	958219	47	0.5963
chr1	958255	958256	42	0.6547
chr1	958283	958284	41	0.6769
chr1	958333	958334	38	0.5298
chr1	958379	958380	39	0.7749
chr1	958394	958395	40	0.4282
chr1	958444	958445	50	0.7518
chr1	958494	958495	46	0.6659
chr1	958529	958530	39	0.6071
chr1	958553	958554	38	0.6269
chr1	958579	958580	38	0.6733
chr1	958611	958612	40	0.6023
chr1	958626	958627	41	0.5989
chr1	958672	958673	54	0.5611
chr1	958682	958683	39	0.641
chr1	958782	958783	44	0.6494
chr1	958874	958875	38	0.7065
chr1	958924	958925	37	0.7211
chr1	959024	959025	37	0.6408
chr1	959074	959075	37	0.7708
chr1	959165	959166	31	0.7169
chr1	959261	959262	43	0.5097
chr1	959306	959307	32	0.1864
chr1	959321	959322	40	0.1995
chr1	959371	959372	48	0.196
chr1	959400	959401	37	0.2845
chr1	959441	959442	47	0.2629
chr1	959485	959486	44	0.1659
chr1	959527	959528	30	0.2775
chr1	959545	959546	45	0.2695
chr1	959560	959561	40	0.1659
chr1	959580	959581	38	0.0984
chr1	959618	959619	32	0.3644
chr1	959668	959669	41	0.1605
chr1	959718	959719	38	0.3006
chr1	959733	959734	49	0.2079
chr1	959750	959751	42	0.0871
chr1	959765	959766	33	0.1313
chr1	959815	959816	41	0.2635
chr1	959823	959824	42	0.1563
chr1	959919	959920	36	0.087
chr1	960019	960020	40	0.2077
chr1	960119	960120	42	0.2028
chr1	960219	960220	46	0.2969
chr1	960269	960270	39	0.1324
chr1	960303	960304	44	0.0969
chr1	960343	960344	41	0.1215
chr1	960353	960354	29	0.0694
chr1	960377	960378	41	0.0772
chr1	960405	960406	54	0.1483
chr1	960455	960456	39	0.2653
chr1	960477	960478	43	0.2795
chr1	960497	960498	34	0.0221
chr1	960547	960548	50	0.2051
chr1	960579	960580	45	0.1273
chr1	960597	960598	44	0.2819
chr1	960643	960644	35	0.0635
chr1	960674	960675	39	0.2531
chr1	960699	960700	47	0.1236
chr1	960718	960719	35	0.0174
chr1	960768	960769	40	0.1025
chr1	960818	960819	28	0.1742
chr1	960833	960834	35	0.1864
chr1	960854	960855	39	0.2415
chr1	960874	960875	45	0.2467
chr1	960898	960899	44	0.1004
chr1	960914	960915	39	0.0659
chr1	960996	960997	31	0.1538
chr1	961046	961047	32	0.1217
chr1	961146	961147	35	0.1535
chr1	961227	961228	35	0.2247
chr1	961311	961312	33	0.1173
chr1	961411	961412	39	0.2657
chr1	961474	961475	44	0.0587
chr1	961572	961573	33	0.1129
chr1	961585	961586	40	0.7278
chr1	961629	961630	39	0.7355
chr1	961655	961656	35	0.8221
chr1	961689	961690	27	0.6838
chr1	961711	961712	38	0.6602
chr1	961726	961727	37	0.6476
chr1	961748	961749	35	0.715
chr1	961771	961772	37	0.6314
chr1	961806	961807	31	0.6342
chr1	961856	961857	33	0.8089
chr1	961878	961879	34	0.6625
chr1	961923	961924	43	0.7202
chr1	961973	961974	37	0.5595
chr1	961990	961991	37	0.6839
chr1	962008	962009	39	0.5441
chr1	962038	962039	37	0.6414
chr1	962074	962075	38	0.7028
chr1	962093	962094	44	0.6324
chr1	962188	962189	39	0.6745
chr1	962288	962289	43	0.5756
chr1	962388	962389	46	0.7642
chr1	962442	962443	47	0.6739
chr1	962542	962543	38	0.6549
chr1	962592	962593	37	0.7867
chr1	962600	962601	38	0.72
chr1	962607	962608	46	0.0027
chr1	962642	962643	39	0.1319
chr1	962657	962658	31	0.0
chr1	962675	962676	45	0.0609
chr1	962725	962726	44	0.0
chr1	962744	962745	39	0.0
chr1	962778	962779	38	0.0514
chr1	962804	962805	39	0.0505
chr1	962833	962834	36	0.0947
chr1	962856	962857	49	0.0013
chr1	962900	962901	40	0.0992
chr1	962918	962919	39	0.1234
chr1	962935	962936	44	0.124
chr1	962984	962985	42	0.0426
chr1	963030	963031	34	0.0538
chr1	963062	963063	41	0.0514
chr1	963077	963078	42	0.0
chr1	963091	963092	39	0.0681
chr1	963191	963192	35	0.0682
chr1	963291	963292	40	0.0143
chr1	963391	963392	32	0.0637
chr1	963491	963492	45	0.0
chr1	963525	963526	43	0.0834
chr1	963577	963578	32	0.1312
chr1	963599	963600	40	0.1641
chr1	963683	963684	40	0.1176
chr1	963759	963760	40	0.1121
chr1	963805	963806	38	0.1516
chr1	963837	963838	46	0.1257
chr1	963857	963858	32	0.1162
chr1	963892	963893	42	0.703
chr1	963931	963932	37	0.7764
chr1	963973	963974	40	0.6931
chr1	964023	964024	39	0.8481
chr1	964050	964051	40	0.7489
chr1	964076	964077	46	0.6749
chr1	964108	964109	38	0.7696
chr1	964149	964150	38	0.5908
chr1	964178	964179	35	0.6091
chr1	964202	964203	36	0.7666
chr1	964220	964221	44	0.6308
chr1	964236	964237	46	0.8505
chr1	964256	964257	35	0.6737
chr1	964306	964307	39	0.6723
chr1	964325	964326	40	0.6289
chr1	964352	964353	39	0.8174
chr1	964420	964421	31	0.6132
chr1	964520	964521	39	0.7079
chr1	964602	964603	35	0.6882
chr1	964679	964680	33	0.6897
chr1	964779	964780	32	0.5961
chr1	964829	964830	33	0.6539
chr1	964877	964878	32	0.7569
chr1	964887	964888	47	0.5788
chr1	964914	964915	37	0.6588
chr1	964936	964937	43	0.7223
chr1	964986	964987	42	0.8086
chr1	965001	965002	42	0.5995
chr1	965045	965046	40	0.6241
chr1	965060	965061	36	0.7312
chr1	965086	965087	48	0.6298
chr1	965101	965102	38	0.6474
chr1	965116	965117	46	0.5553
chr1	965141	965142	26	0.6999
chr1	965158	965159	48	0.7067
chr1	965183	965184	42	0.6308
chr1	965211	965212	40	0.607
chr1	965234	965235	46	0.6927
chr1	965261	965262	39	0.8079
chr1	965276	965277	32	0.6212
chr1	965302	965303	35	0.7696
chr1	965348	965349	52	0.8369
chr1	965448	965449	35	0.6435
chr1	965548	965549	31	0.6489
chr1	965598	965599	43	0.6228
chr1	965698	965699	27	0.649
chr1	965798	965799	39	0.7144
chr1	965822	965823	46	0.563
chr1	965884	965885	49	0.718
chr1	966072	966073	39	0.7341
chr1	966178	966179	40	0.5122
chr1	966202	966203	42	0.697
chr1	966232	966233	44	0.7366
chr1	966266	966267	34	0.5489
chr1	966296	966297	32	0.6785
chr1	966325	966326	44	0.703
chr1	966375	966376	34	0.913
chr1	966412	966413	38	0.6719
chr1	966427	966428	38	0.8344
chr1	966477	966478	37	0.7451
chr1	966511	966512	39	0.7983
chr1	966526	966527	38	0.6853
chr1	966545	966546	43	0.7708
chr1	966571	966572	36	0.674
chr1	966603	966604	44	0.8385
chr1	966648	966649	40	0.8121
chr1	966671	966672	38	0.842
chr1	966721	966722	36	0.7251
chr1	966736	966737	30	0.6763
chr1	966751	966752	44	0.9603
chr1	966771	966772	45	0.9509
chr1	966795	966796	49	0.7978
chr1	966818	966819	49	0.7828
chr1	966901	966902	36	0.817
chr1	967001	967002	38	0.8182
chr1	967061	967062	28	0.8069
chr1	967161	967162	41	0.7798
chr1	967261	967262	27	0.8872
chr1	967309	967310	39	0.8119
chr1	967315	967316	42	0.0158
chr1	967347	967348	37	0.0
chr1	967391	967392	45	0.1703
chr1	967414	967415	33	0.0149
chr1	967436	967437	39	0.0494
chr1	967460	967461	36	0.1104
chr1	967494	967495	42	0.0968
chr1	967509	967510	34	0.0
chr1	967532	967533	40	0.0117
chr1	967556	967557	39	0.0
chr1	967581	967582	41	0.0195
chr1	967598	967599	41	0.0342
chr1	967626	967627	35	0.1678
chr1	967664	967665	40	0.0
chr1	967706	967707	34	0.0578
chr1	967747	967748	34	0.0864
chr1	967779	967780	41	0.0
chr1	967799	967800	43	0.0458
chr1	967849	967850	40	0.0
chr1	967875	967876	44	0.0305
chr1	967975	967976	41	0.0362
chr1	968075	968076	47	0.0289
chr1	968275	968276	27	0.142
chr1	968368	968369	43	0.1013
chr1	968419	968420	39	0.0
chr1	968465	968466	40	0.1224
chr1	968475	968476	42	0.078
chr1	968531	968532	39	0.112
chr1	968609	968610	43	0.1724
chr1	968633	968634	40	0.1214
chr1	968647	968648	32	0.0782
chr1	968775	968776	33	0.0741
chr1	968789	968790	36	0.1634
chr1	968823	968824	33	0.0828
chr1	968844	968845	45	0.9659
chr1	968887	968888	41	0.8627
chr1	968912	968913	41	0.8486
chr1	968962	968963	40	0.9186
chr1	969005	969006	37	0.9438
chr1	969020	969021	41	1.0
chr1	969066	969067	37	0.9393
chr1	969109	969110	32	0.8808
chr1	969159	969160	45	0.942
chr1	969192	969193	38	0.8386
chr1	969242	969243	46	0.7495
chr1	969284	969285	49	0.978
chr1	969334	969335	39	0.9418
chr1	969358	969359	43	0.9375
chr1	969408	969409	39	0.8642
chr1	969458	969459	34	0.8909
chr1	969508	969509	36	0.8176
chr1	969568	969569	36	0.8368
chr1	969668	969669	51	0.9357
chr1	969740	969741	43	0.7134
chr1	969820	969821	40	0.857
chr1	969870	969871	37	0.8883
chr1	969908	969909	40	0.8648
chr1	969939	969940	42	0.9481
chr1	969954	969955	41	0.9167
chr1	969993	969994	34	0.6477
chr1	970043	970044	33	0.7721
chr1	970090	970091	40	0.6801
chr1	970140	970141	41	0.9172
chr1	970158	970159	36	0.8669
chr1	970186	970187	40	0.9735
chr1	970212	970213	37	0.8631
chr1	970249	970250	42	0.9287
chr1	970288	970289	39	0.8598
chr1	970316	970317	38	0.7142
chr1	970344	970345	39	0.8498
chr1	970360	970361	39	0.9041
chr1	970375	970376	26	0.856
chr1	970404	970405	34	0.6088
chr1	970426	970427	42	0.7275
chr1	970526	970527	46	0.8256
chr1	970616	970617	39	0.8556
chr1	970676	970677	36	0.741
chr1	970735	970736	42	0.8987
chr1	970815	970816	36	0.8811
chr1	970865	970866	46	0.9548
chr1	970905	970906	46	0.7459
chr1	970937	970938	34	0.7513
chr1	970953	970954	46	0.7382
chr1	970995	970996	44	0.7428
chr1	971013	971014	45	0.5609
chr1	971063	971064	44	0.6539
chr1	971085	971086	45	0.8036
chr1	971122	971123	50	0.8731
chr1	971172	971173	46	0.9248
chr1	971222	971223	41	0.8152
chr1	971244	971245	43	0.7002
chr1	971265	971266	37	0.7766
chr1	971288	971289	37	0.8627
chr1	971319	971320	33	0.8294
chr1	971356	971357	26	0.8366
chr1	971395	971396	37	0.6683
chr1	971410	971411	27	0.7853
chr1	971434	971435	36	0.9379
chr1	971465	971466	29	0.7412
chr1	971515	971516	47	0.6538
chr1	971530	971531	41	0.7347
chr1	971542	971543	45	0.8507
chr1	971603	971604	44	0.7523
chr1	971691	971692	43	0.7707
chr1	971791	971792	33	0.8355
chr1	971854	971855	34	0.6751
chr1	971951	971952	36	0.7508
chr1	972051	972052	41	0.6424
chr1	972083	972084	38	0.7136
chr1	972099	972100	33	0.7481
chr1	972148	972149	40	0.9229
chr1	972186	972187	35	0.7489
chr1	972215	972216	45	0.8417
chr1	972265	972266	46	0.736
chr1	972283	972284	37	0.7879
chr1	972311	972312	35	0.7627
chr1	972335	972336	37	0.6325
chr1	972361	972362	35	0.9582
chr1	972384	972385	44	0.8651
chr1	972424	972425	33	0.9489
chr1	972446	972447	34	0.8562
chr1	972489	972490	44	0.9812
chr1	972518	972519	33	0.987
chr1	972540	972541	51	0.8039
chr1	972577	972578	39	0.8837
chr1	972616	972617	43	0.851
chr1	972657	972658	40	0.9912
chr1	972682	972683	39	0.9942
chr1	972708	972709	41	0.7878
chr1	972720	972721	39	0.9304
chr1	972792	972793	39	0.8693
chr1	972892	972893	51	0.7927
chr1	972992	972993	35	0.9262
chr1	973044	973045	41	0.992
chr1	973144	973145	44	0.864
chr1	973220	973221	40	0.6217
chr1	973288	973289	38	0.8842
chr1	973324	973325	38	0.6035
chr1	973374	973375	43	0.768
chr1	973399	973400	36	0.524
chr1	973439	973440	43	0.6253
chr1	973468	973469	51	0.7649
chr1	973503	973504	43	0.6692
chr1	973531	973532	42	0.7038
chr1	973558	973559	43	0.6634
chr1	973582	973583	39	0.693
chr1	973597	973598	36	0.7567
chr1	973647	973648	38	0.5944
chr1	973680	973681	46	0.661
chr1	973722	973723	34	0.6744
chr1	973737	973738	34	0.7765
chr1	973755	973756	40	0.8527
chr1	973805	973806	33	0.6436
chr1	973822	973823	37	0.799
chr1	973837	973838	42	0.9079
chr1	973846	973847	44	0.6475
chr1	973908	973909	41	0.7367
chr1	974008	974009	38	0.7546
chr1	974108	974109	32	0.629
chr1	974188	974189	32	0.6925
chr1	974254	974255	36	0.7206
chr1	974354	974355	42	0.825
chr1	974412	974413	42	0.7906
chr1	974430	974431	48	0.799
chr1	974437	974438	32	0.0111
chr1	974477	974478	37	0.1078
chr1	974527	974528	41	0.1656
chr1	974557	974558	39	0.0088
chr1	974574	974575	51	0.0
chr1	974589	974590	40	0.1536
chr1	974612	974613	34	0.1352
chr1	974631	974632	41	0.0
chr1	974680	974681	27	0.1506
chr1	974727	974728	43	0.0442
chr1	974762	974763	40	0.0
chr1	974803	974804	45	0.0434
chr1	974842	974843	40	0.0857
chr1	974860	974861	33	0.0015
chr1	974899	974900	45	0.1048
chr1	974911	974912	38	0.093
chr1	975011	975012	33	0.082
chr1	975111	975112	41	0.0872
chr1	975184	975185	44	0.0878
chr1	975284	975285	33	0.1581
chr1	975384	975385	45	0.1271
chr1	975438	975439	37	0.1918
chr1	975510	975511	37	0.1506
chr1	975514	975515	41	0.1879
chr1	975610	975611	44	0.0634
chr1	975780	975781	36	0.045
chr1	975798	975799	29	0.0601
chr1	975831	975832	54	0.7094
chr1	975846	975847	37	0.7212
chr1	975870	975871	36	0.755
chr1	975888	975889	40	0.538
chr1	975921	975922	39	0.7473
chr1	975944	975945	34	0.8091
chr1	975964	975965	36	0.5778
chr1	975979	975980	40	0.7042
chr1	976024	976025	36	0.7185
chr1	976051	976052	50	0.8223
chr1	976069	976070	29	0.7352
chr1	976100	976101	45	0.689
chr1	976127	976128	45	0.8592
chr1	976146	976147	34	0.7408
chr1	976194	976195	39	0.867
chr1	976209	976210	42	0.5832
chr1	976225	976226	39	0.7787
chr1	976262	976263	45	0.6954
chr1	976297	976298	39	0.8745
chr1	976321	976322	32	0.7618
chr1	976351	976352	33	0.6169
chr1	976384	976385	33	0.6431
chr1	976405	976406	41	0.7355
chr1	976505	976506	57	0.7979
chr1	976605	976606	52	0.7703
chr1	976688	976689	44	0.7306
chr1	976788	976789	43	0.7628
chr1	976858	976859	40	0.7568
chr1	976911	976912	49	0.8767
chr1	976927	976928	43	0.8174
chr1	976993	976994	44	0.7757
chr1	977032	977033	40	0.6538
chr1	977051	977052	43	0.4477
chr1	977066	977067	42	0.2733
chr1	977103	977104	39	0.6937
chr1	977133	977134	40	0.5802
chr1	977153	977154	46	0.3633
chr1	977173	977174	36	0.616
chr1	977201	977202	42	0.4483
chr1	977251	977252	39	0.5459
chr1	977293	977294	35	0.7521
chr1	977321	977322	47	0.7278
chr1	977356	977357	44	0.5956
chr1	977386	977387	43	0.3688
chr1	977410	977411	39	0.4759
chr1	977445	977446	40	0.7197
chr1	977465	977466	39	0.6071
chr1	977480	977481	45	0.6074
chr1	977529	977530	41	0.4341
chr1	977629	977630	44	0.6598
chr1	977710	977711	34	0.4305
chr1	977810	977811	29	0.4836
chr1	977910	977911	44	0.6459
chr1	978010	978011	41	0.7749
chr1	978063	978064	41	0.6407
chr1	978104	978105	42	0.8173
chr1	978146	978147	43	0.7189
chr1	978183	978184	36	0.7059
chr1	978200	978201	38	0.7463
chr1	978250	978251	31	0.7762
chr1	978281	978282	38	0.7746
chr1	978331	978332	45	0.777
chr1	978381	978382	32	0.6343
chr1	978410	978411	36	0.8536
chr1	978425	978426	35	0.6656
chr1	978470	978471	45	0.8172
chr1	978512	978513	40	0.6862
chr1	978538	978539	41	0.7254
chr1	978565	978566	47	0.8861
chr1	978655	978656	45	0.9249
chr1	978752	978753	37	0.8069
chr1	978852	978853	41	0.8822
chr1	978952	978953	35	0.8961
chr1	979002	979003	40	0.7728
chr1	979094	979095	43	0.7207
chr1	979110	979111	28	0.7841
chr1	979130	979131	41	0.765
chr1	979151	979152	38	0.8083
chr1	979185	979186	35	0.6233
chr1	979204	979205	34	0.7163
chr1	979231	979232	42	0.641
chr1	979262	979263	36	0.5834
chr1	979295	979296	41	0.7343
chr1	979328	979329	41	0.7186
chr1	979369	979370	48	0.6794
chr1	979387	979388	42	0.751
chr1	979427	979428	42	0.5141
chr1	979463	979464	44	0.4984
chr1	979486	979487	36	0.6025
chr1	979586	979587	40	0.6478
chr1	979686	979687	41	0.8326
chr1	979786	979787	39	0.6618
chr1	979856	979857	44	0.6259
chr1	979872	979873	38	0.8168
chr1	979891	979892	46	0.9334
chr1	979925	979926	36	1.0
chr1	979961	979962	45	0.7586
chr1	979986	979987	42	0.8681
chr1	980017	980018	53	0.9113
chr1	980063	980064	38	0.8318
chr1	980097	980098	35	0.8939
chr1	980123	980124	33	0.8046
chr1	980138	980139	40	0.779
chr1	980160	980161	44	0.9662
chr1	980181	980182	56	1.0
chr1	980200	980201	39	0.8611
chr1	980222	980223	39	0.7876
chr1	980238	980239	42	0.9885
chr1	980272	980273	41	0.8273
chr1	980296	980297	39	0.8629
chr1	980340	980341	32	0.7556
chr1	980440	980441	42	0.8229
chr1	980540	980541	38	0.8609
chr1	980640	980641	43	0.9137
chr1	980717	980718	40	0.883
chr1	980811	980812	37	0.862
chr1	980855	980856	41	0.7066
chr1	980871	980872	36	0.5326
chr1	980898	980899	31	0.5717
chr1	980917	980918	43	0.4523
chr1	980944	980945	37	0.5825
chr1	980964	980965	40	0.6774
chr1	981014	981015	41	0.545
chr1	981030	981031	40	0.7543
chr1	981060	981061	40	0.7749
chr1	981075	981076	39	0.7307
chr1	981091	981092	44	0.6409
chr1	981106	981107	37	0.6962
chr1	981124	981125	42	0.6702
chr1	981153	981154	36	0.4859
chr1	981203	981204	41	0.5879
chr1	981224	981225	40	0.6492
chr1	981241	981242	42	0.7648
chr1	981256	981257	39	0.5615
chr1	981276	981277	44	0.5515
chr1	981326	981327	34	0.6966
chr1	981341	981342	41	0.6471
chr1	981441	981442	39	0.4292
chr1	981541	981542	39	0.5785
chr1	981641	981642	43	0.6603
chr1	981741	981742	47	0.5333
chr1	981783	981784	43	0.5827
chr1	981812	981813	39	0.6243
chr1	981827	981828	42	1.0
chr1	981844	981845	51	1.0
chr1	981882	981883	47	0.6142
chr1	981915	981916	42	0.7157
chr1	981960	981961	38	0.228
chr1	981987	981988	41	1.0
chr1	982006	982007	41	0.7004
chr1	982042	982043	37	1.0
chr1	982081	982082	40	0.8782
chr1	982108	982109	41	0.6371
chr1	982127	982128	30	0.5469
chr1	982152	982153	40	0.6756
chr1	982179	982180	44	0.4952
chr1	982202	982203	44	0.6866
chr1	982217	982218	39	0.4928
chr1	982246	982247	46	0.8833
chr1	982274	982275	41	0.8583
chr1	982324	982325	46	0.8329
chr1	982340	982341	40	1.0
chr1	982403	982404	39	0.8838
chr1	982453	982454	44	0.7555
chr1	982536	982537	41	1.0
chr1	982636	982637	41	0.4299
chr1	982736	982737	36	0.4701
chr1	982788	982789	52	1.0
chr1	982838	982839	43	0.6156
chr1	982924	982925	39	0.7156
chr1	982974	982975	53	0.7442
chr1	982990	982991	37	0.8426
chr1	983020	983021	36	0.8351
chr1	983044	983045	45	0.9016
chr1	983073	983074	34	0.8868
chr1	983105	983106	44	0.9156
chr1	983130	983131	38	0.9135
chr1	983149	983150	34	0.8008
chr1	983183	983184	39	0.7938
chr1	983208	983209	34	0.8259
chr1	983250	983251	32	0.7966
chr1	983283	983284	44	0.9216
chr1	983325	983326	34	0.8619
chr1	983340	983341	38	0.8695
chr1	983362	983363	30	0.8735
chr1	983401	983402	42	0.9426
chr1	983451	983452	37	0.9001
chr1	983486	983487	34	0.7658
chr1	983507	983508	33	0.9621
chr1	983541	983542	43	0.8181
chr1	983570	983571	39	0.8987
chr1	983657	983658	39	0.8102
chr1	983757	983758	49	0.7951
chr1	983838	983839	39	0.895
chr1	983938	983939	31	0.8579
chr1	984038	984039	47	0.8798
chr1	984088	984089	52	0.9713
chr1	984155	984156	44	0.8329
chr1	984217	984218	32	0.8236
chr1	984253	984254	44	0.8336
chr1	984295	984296	40	0.2251
chr1	984317	984318	39	0.302
chr1	984344	984345	50	0.2665
chr1	984371	984372	48	0.3724
chr1	984392	984393	40	0.0556
chr1	984436	984437	40	0.1312
chr1	984451	984452	44	0.1912
chr1	984483	984484	42	0.1025
chr1	984509	984510	36	0.2079
chr1	984559	984560	40	0.2794
chr1	984586	984587	34	0.2936
chr1	984615	984616	32	0.1839
chr1	984665	984666	53	0.0995
chr1	984715	984716	34	0.1378
chr1	984732	984733	35	0.2512
chr1	984782	984783	39	0.3892
chr1	984800	984801	43	0.1623
chr1	984830	984831	52	0.3485
chr1	984855	984856	42	0.3773
chr1	984856	984857	40	0.2385
chr1	984947	984948	41	0.1405
chr1	985016	985017	41	0.2433
chr1	985099	985100	47	0.1235
chr1	985199	985200	40	0.3504
chr1	985271	985272	34	0.2119
chr1	985371	985372	36	0.0845
chr1	985391	985392	41	0.2896
chr1	985401	985402	37	0.0275
chr1	985424	985425	29	0.1485
chr1	985455	985456	34	0.0921
chr1	985493	985494	38	0.1315
chr1	985527	985528	41	0.0864
chr1	985548	985549	31	0.1549
chr1	985598	985599	33	0.1043
chr1	985648	985649	33	0.0936
chr1	985676	985677	38	0.1719
chr1	985695	985696	40	0.0371
chr1	985721	985722	31	0.0205
chr1	985737	985738	41	0.0
chr1	985761	985762	41	0.0686
chr1	985787	985788	45	0.0937
chr1	985885	985886	41	0.112
chr1	985966	985967	41	0.1836
chr1	986066	986067	42	0.1616
chr1	986166	986167	39	0.0876
chr1	986180	986181	29	0.0611
chr1	986264	986265	45	0.1583
chr1	986277	986278	34	0.7752
chr1	986327	986328	28	0.6615
chr1	986377	986378	31	0.8769
chr1	986398	986399	36	0.8244
chr1	986435	986436	34	0.7742
chr1	986457	986458	37	0.6933
chr1	986478	986479	44	0.8064
chr1	986493	986494	39	0.8635
chr1	986528	986529	40	0.7777
chr1	986555	986556	36	0.7204
chr1	986570	986571	31	0.8957
chr1	986592	986593	30	0.5978
chr1	986607	986608	34	0.6241
chr1	986633	986634	37	0.7682
chr1	986672	986673	41	0.8806
chr1	986706	986707	29	0.9439
chr1	986740	986741	38	0.7086
chr1	986776	986777	34	0.6809
chr1	986826	986827	32	0.5753
chr1	986855	986856	43	0.7135
chr1	986924	986925	40	0.8798
chr1	986996	986997	42	0.7161
chr1	987096	987097	40	0.8401
chr1	987183	987184	36	0.7786
chr1	987283	987284	39	0.7019
chr1	987353	987354	44	0.8473
chr1	987403	987404	42	0.8678
chr1	987481	987482	29	0.7959
chr1	987485	987486	46	0.8727
chr1	987527	987528	35	0.8482
chr1	987554	987555	45	0.811
chr1	987586	987587	32	0.8551
chr1	987636	987637	35	0.6198
chr1	987669	987670	40	0.6553
chr1	987684	987685	38	0.7872
chr1	987699	987700	38	1.0
chr1	987714	987715	45	0.6917
chr1	987729	987730	44	0.7074
chr1	987779	987780	39	0.7302
chr1	987829	987830	40	0.8743
chr1	987861	987862	42	0.7249
chr1	987897	987898	30	0.8009
chr1	987920	987921	32	0.8364
chr1	987935	987936	45	0.5608
chr1	987956	987957	39	0.7778
chr1	987972	987973	34	0.7539
chr1	988010	988011	31	0.8003
chr1	988060	988061	42	0.8844
chr1	988078	988079	35	0.749
chr1	988128	988129	35	0.8397
chr1	988228	988229	41	0.8571
chr1	988318	988319	42	0.7068
chr1	988418	988419	35	0.824
chr1	988518	988519	40	0.804
chr1	988588	988589	38	0.6793
chr1	988620	988621	38	0.8363
chr1	988649	988650	35	0.8578
chr1	988679	988680	49	0.4439
chr1	988706	988707	39	0.5672
chr1	988732	988733	32	0.6148
chr1	988782	988783	39	0.5631
chr1	988832	988833	40	0.5961
chr1	988873	988874	33	0.6877
chr1	988896	988897	34	0.4657
chr1	988946	988947	45	0.6824
chr1	988973	988974	41	0.7076
chr1	988990	988991	34	0.617
chr1	989023	989024	33	0.54
chr1	989042	989043	39	0.5905
chr1	989077	989078	43	0.6146
chr1	989127	989128	36	0.5012
chr1	989134	989135	34	0.8178
chr1	989194	989195	41	0.6444
chr1	989279	989280	32	0.7352
chr1	989379	989380	46	0.7726
chr1	989479	989480	39	0.5206
chr1	989543	989544	41	0.5273
chr1	989593	989594	36	0.678
chr1	989651	989652	39	0.6738
chr1	989689	989690	40	0.8259
chr1	989739	989740	51	0.5691
chr1	989754	989755	41	0.7775
chr1	989769	989770	35	0.6454
chr1	989795	989796	37	0.775
chr1	989829	989830	44	0.8515
chr1	989879	989880	43	0.5945
chr1	989920	989921	41	0.7668
chr1	989970	989971	43	0.6995
chr1	990005	990006	46	0.8551
chr1	990041	990042	39	0.765
chr1	990075	990076	48	0.7152
chr1	990103	990104	32	0.6857
chr1	990117	990118	37	0.5621
chr1	990212	990213	40	0.6054
chr1	990312	990313	36	0.4979
chr1	990412	990413	43	0.8683
chr1	990512	990513	43	0.6533
chr1	990516	990517	45	0.7646
chr1	990606	990607	41	0.8096
chr1	990611	990612	35	0.8443
chr1	990636	990637	45	0.7661
chr1	990686	990687	25	0.9815
chr1	990736	990737	39	0.8472
chr1	990752	990753	31	0.8989
chr1	990769	990770	35	0.8945
chr1	990819	990820	36	0.8904
chr1	990841	990842	38	0.8836
chr1	990856	990857	39	0.7581
chr1	990895	990896	34	0.8668
chr1	990926	990927	39	0.8145
chr1	990959	990960	46	0.7758
chr1	990992	990993	42	0.9193
chr1	991036	991037	37	0.8414
chr1	991056	991057	40	0.9073
chr1	991077	991078	41	0.8183
chr1	991135	991136	44	0.7511
chr1	991235	991236	42	0.9092
chr1	991335	991336	41	0.8915
chr1	991403	991404	39	0.8793
chr1	991503	991504	37	0.8649
chr1	991563	991564	39	0.8986
chr1	991679	991680	36	0.9434
chr1	991891	991892	36	0.8058
chr1	991953	991954	46	0.9976
chr1	991983	991984	38	0.9403
chr1	992029	992030	47	0.7152
chr1	992056	992057	43	0.7919
chr1	992076	992077	41	0.8506
chr1	992091	992092	37	0.8686
chr1	992118	992119	29	0.7988
chr1	992167	992168	35	0.7965
chr1	992207	992208	36	0.708
chr1	992232	992233	39	0.8824
chr1	992272	992273	38	0.9632
chr1	992287	992288	36	0.6132
chr1	992302	992303	44	0.7052
chr1	992327	992328	26	0.8986
chr1	992342	992343	37	0.8703
chr1	992357	992358	34	0.8356
chr1	992372	992373	36	0.9268
chr1	992403	992404	39	0.93
chr1	992423	992424	37	0.8685
chr1	992462	992463	45	0.8497
chr1	992562	992563	40	0.7996
chr1	992662	992663	43	0.8666
chr1	992732	992733	39	0.8105
chr1	992810	992811	50	0.8609
chr1	992858	992859	40	0.6833
chr1	992888	992889	40	0.8425
chr1	992920	992921	41	0.0499
chr1	992955	992956	40	0.1512
chr1	992970	992971	43	0.1601
chr1	993012	993013	33	0.1746
chr1	993031	993032	38	0.2055
chr1	993067	993068	40	0.3006
chr1	993103	993104	40	0.2509
chr1	993123	993124	36	0.0366
chr1	993162	993163	39	0.2603
chr1	993212	993213	42	0.1463
chr1	993259	993260	33	0.214
chr1	993289	993290	35	0.365
chr1	993318	993319	36	0.2184
chr1	993324	993325	36	0.1904
chr1	993424	993425	35	0.0911
chr1	993524	993525	36	0.2884
chr1	993602	993603	41	0.0187
chr1	993702	993703	32	0.116
chr1	993748	993749	47	0.182
chr1	993796	993797	39	0.803
chr1	993811	993812	42	0.7938
chr1	993826	993827	37	0.8965
chr1	993866	993867	41	0.8059
chr1	993899	993900	43	1.0
chr1	993949	993950	39	0.9639
chr1	993980	993981	40	0.9263
chr1	994003	994004	38	0.8914
chr1	994023	994024	40	0.9287
chr1	994067	994068	44	1.0
chr1	994090	994091	44	0.996
chr1	994111	994112	42	0.7901
chr1	994136	994137	46	0.8886
chr1	994186	994187	30	0.9271
chr1	994236	994237	33	0.9596
chr1	994270	994271	42	0.7572
chr1	994294	994295	43	0.9453
chr1	994315	994316	34	0.9008
chr1	994338	994339	42	0.8158
chr1	994428	994429	33	0.9524
chr1	994511	994512	45	0.9761
chr1	994561	994562	38	0.9286
chr1	994661	994662	54	0.9379
chr1	994757	994758	37	1.0
chr1	994807	994808	39	0.9631
chr1	994849	994850	38	0.8258
chr1	994907	994908	46	0.9093
chr1	994917	994918	43	0.6001
chr1	994939	994940	43	0.5526
chr1	994989	994990	46	0.5786
chr1	995004	995005	50	0.6895
chr1	995054	995055	37	0.6438
chr1	995075	995076	41	0.7248
chr1	995104	995105	41	0.6771
chr1	995119	995120	46	0.6436
chr1	995137	995138	36	0.524
chr1	995181	995182	37	0.5334
chr1	995213	995214	44	0.7521
chr1	995258	995259	34	0.6011
chr1	995308	995309	42	0.5222
chr1	995333	995334	41	0.5569
chr1	995367	995368	43	0.5311
chr1	995388	995389	31	0.6397
chr1	995403	995404	31	0.6414
chr1	995495	995496	42	0.7355
chr1	995595	995596	43	0.6694
chr1	995645	995646	44	0.64
chr1	995698	995699	48	0.7262
chr1	995798	995799	35	0.5819
chr1	995848	995849	34	0.5169
chr1	995860	995861	34	0.7332
chr1	996098	996099	42	0.7323
chr1	996106	996107	44	0.5982
chr1	996158	996159	40	0.5055
chr1	996330	996331	33	0.6401
chr1	996348	996349	36	0.8762
chr1	996394	996395	40	0.9214
chr1	996429	996430	40	0.9496
chr1	996444	996445	37	0.9088
chr1	996472	996473	42	0.8077
chr1	996487	996488	37	0.7542
chr1	996508	996509	44	0.901
chr1	996537	996538	42	0.8718
chr1	996587	996588	48	0.809
chr1	996637	996638	31	0.8633
chr1	996661	996662	40	0.816
chr1	996691	996692	32	0.8647
chr1	996706	996707	38	0.8188
chr1	996740	996741	41	0.9744
chr1	996771	996772	29	0.8588
chr1	996793	996794	47	0.8131
chr1	996828	996829	41	0.8209
chr1	996903	996904	47	0.8625
chr1	996953	996954	43	0.9717
chr1	997013	997014	39	0.8066
chr1	997113	997114	37	0.9147
chr1	997180	997181	38	0.987
chr1	997280	997281	35	0.7506
chr1	997284	997285	42	0.7635
chr1	997320	997321	40	0.8969
chr1	997341	997342	38	0.1529
chr1	997356	997357	36	0.1271
chr1	997384	997385	39	0.0575
chr1	997405	997406	43	0.026
chr1	997427	997428	42	0.0558
chr1	997460	997461	37	0.1355
chr1	997491	997492	44	0.1712
chr1	997541	997542	40	0.0724
chr1	997556	997557	41	0.1255
chr1	997572	997573	36	0.2245
chr1	997602	997603	40	0.156
chr1	997618	997619	33	0.1581
chr1	997651	997652	33	0.0271
chr1	997681	997682	42	0.0429
chr1	997696	997697	41	0.1733
chr1	997723	997724	43	0.1043
chr1	997746	997747	43	0.0375
chr1	997789	997790	43	0.0881
chr1	997815	997816	32	0.0674
chr1	997840	997841	37	0.0636
chr1	997890	997891	40	0.1169
chr1	997906	997907	36	0.1404
chr1	997922	997923	45	0.0789
chr1	998022	998023	32	0.0485
chr1	998122	998123	51	0.1322
chr1	998222	998223	50	0.1995
chr1	998322	998323	40	0.0409
chr1	998417	998418	44	0.1735
chr1	998501	998502	35	0.1043
chr1	998522	998523	39	0.6475
chr1	998553	998554	32	0.7039
chr1	998603	998604	41	0.6601
chr1	998632	998633	29	0.629
chr1	998669	998670	40	0.5792
chr1	998685	998686	32	0.7711
chr1	998735	998736	36	0.7113
chr1	998764	998765	41	0.5622
chr1	998808	998809	51	0.6299
chr1	998834	998835	32	0.6214
chr1	998859	998860	37	0.4486
chr1	998878	998879	38	0.7382
chr1	998899	998900	34	0.8577
chr1	998935	998936	34	0.6846
chr1	998974	998975	48	0.736
chr1	999012	999013	42	0.6951
chr1	999112	999113	43	0.6727
chr1	999198	999199	35	0.6387
chr1	999248	999249	35	0.7343
chr1	999348	999349	39	0.7105
chr1	999448	999449	40	0.6489
chr1	999530	999531	43	0.5654
chr1	999576	999577	38	0.1251
chr1	999616	999617	43	0.1294
chr1	999642	999643	40	0.3049
chr1	999678	999679	41	0.1662
chr1	999715	999716	42	0.064
chr1	999733	999734	34	0.1903
chr1	999774	999775	47	0.0726
chr1	999821	999822	36	0.124
chr1	999871	999872	35	0.0853
chr1	999886	999887	37	0.1999
chr1	999912	999913	34	0.1098
chr1	999962	999963	44	0.1276
chr1	999998	999999	36	0.1412
chr1	1000042	1000043	44	0.2295
chr1	1000070	1000071	36	0.028
chr1	1000097	1000098	40	0.2103
chr1	1000111	1000112	34	0.1657
chr1	1000167	1000168	49	0.1239
chr1	1000267	1000268	43	0.1165
chr1	1000367	1000368	39	0.0885
chr1	1000461	1000462	32	0.1497
chr1	1000561	1000562	27	0.0
chr1	1000613	1000614	35	0.1362
chr1	1000653	1000654	36	0.1536
chr1	1000670	1000671	47	0.1484
chr1	1000720	1000721	42	0.1246
chr1	1000770	1000771	40	0.0932
chr1	1000793	1000794	42	0.0695
chr1	1000840	1000841	37	0.3242
chr1	1000859	1000860	47	0.26
chr1	1000896	1000897	52	0.164
chr1	1000936	1000937	48	0.1823
chr1	1000963	1000964	41	0.1608
chr1	1001006	1001007	34	0.0471
chr1	1001032	1001033	44	0.1243
chr1	1001066	1001067	41	0.2621
chr1	1001099	1001100	44	0.1778
chr1	1001106	1001107	48	0.2992
chr1	1001206	1001207	34	0.2014
chr1	1001306	1001307	40	0.0706
chr1	1001406	1001407	37	0.1946
chr1	1001506	1001507	42	0.2709
chr1	1001522	1001523	44	0.1686
chr1	1001530	1001531	35	0.1977
chr1	1001554	1001555	47	0.0626
chr1	1001572	1001573	36	0.1074
chr1	1001604	1001605	41	0.1727
chr1	1001645	1001646	40	0.0994
chr1	1001660	1001661	37	0.0032
chr1	1001686	1001687	40	0.0032
chr1	1001712	1001713	36	0.0821
chr1	1001748	1001749	37	0.1016
chr1	1001798	1001799	39	0.0464
chr1	1001825	1001826	42	0.0822
chr1	1001870	1001871	38	0.0692
chr1	1001893	1001894	46	0.2382
chr1	1001914	1001915	36	0.0233
chr1	1001955	1001956	44	0.1248
chr1	1001978	1001979	35	0.1395
chr1	1001993	1001994	39	0.1478
chr1	1002093	1002094	43	0.0418
chr1	1002193	1002194	36	0.0485
chr1	1002283	1002284	40	0.1838
chr1	1002366	1002367	30	0.0621
chr1	1002416	1002417	40	0.1632
chr1	1002492	1002493	37	0.1931
chr1	1002650	1002651	49	0.246
chr1	1002664	1002665	38	0.1837
chr1	1002670	1002671	39	0.0665
chr1	1002744	1002745	44	0.1061
chr1	1002748	1002749	39	0.234
chr1	1002754	1002755	36	0.862
chr1	1002798	1002799	43	0.9081
chr1	1002848	1002849	37	0.9116
chr1	1002898	1002899	45	0.8565
chr1	1002916	1002917	35	0.8597
chr1	1002950	1002951	38	0.7629
chr1	1002970	1002971	35	0.8919
chr1	1003016	1003017	43	0.946
chr1	1003066	1003067	43	0.9474
chr1	1003084	1003085	36	0.8149
chr1	1003119	1003120	35	0.6839
chr1	1003148	1003149	38	0.7651
chr1	1003192	1003193	36	0.8447
chr1	1003242	1003243	42	0.9298
chr1	1003262	1003263	48	0.8213
chr1	1003320	1003321	43	0.9638
chr1	1003420	1003421	35	0.7406
chr1	1003487	1003488	37	0.7534
chr1	1003587	1003588	38	0.8065
chr1	1003660	1003661	34	0.6604
chr1	1003726	1003727	32	0.8207
chr1	1003756	1003757	43	0.8272
chr1	1003778	1003779	48	0.9228
chr1	1003816	1003817	45	0.7178
chr1	1003864	1003865	31	0.8313
chr1	1003926	1003927	39	0.6158
chr1	1004090	1004091	35	0.9726
chr1	1004128	1004129	34	0.7064
chr1	1004138	1004139	36	0.8446
chr1	1004196	1004197	38	0.8809
chr1	1004225	1004226	34	0.7409
chr1	1004240	1004241	36	0.8643
chr1	1004290	1004291	38	0.9395
chr1	1004340	1004341	38	0.8151
chr1	1004364	1004365	42	0.8347
chr1	1004383	1004384	47	0.7347
chr1	1004410	1004411	42	0.7772
chr1	1004448	1004449	35	0.6575
chr1	1004490	1004491	38	0.7245
chr1	1004519	1004520	34	0.8206
chr1	1004534	1004535	25	0.7154
chr1	1004584	1004585	43	0.7634
chr1	1004634	1004635	39	0.8992
chr1	1004684	1004685	45	0.7353
chr1	1004726	1004727	46	0.8019
chr1	1004801	1004802	36	0.8066
chr1	1004901	1004902	38	0.8219
chr1	1005001	1005002	30	0.7995
chr1	1005101	1005102	30	0.7662
chr1	1005201	1005202	32	0.9293
chr1	1005237	1005238	39	0.8596
chr1	1005271	1005272	33	0.5772
chr1	1005295	1005296	39	0.1184
chr1	1005345	1005346	35	0.0
chr1	1005385	1005386	33	0.1608
chr1	1005409	1005410	37	0.0221
chr1	1005426	1005427	36	0.2231
chr1	1005448	1005449	48	0.3121
chr1	1005480	1005481	40	0.0
chr1	1005501	1005502	35	0.252
chr1	1005530	1005531	38	0.1305
chr1	1005560	1005561	33	0.1233
chr1	1005602	1005603	37	0.065
chr1	1005628	1005629	41	0.108
chr1	1005651	1005652	41	0.0103
chr1	1005681	1005682	29	0.1699
chr1	1005726	1005727	42	0.1639
chr1	1005756	1005757	37	0.1118
chr1	1005791	1005792	36	0.1458
chr1	1005891	1005892	39	0.0
chr1	1005991	1005992	50	0.221
chr1	1006067	1006068	36	0.2636
chr1	1006167	1006168	39	0.1536
chr1	1006242	1006243	35	0.0871
chr1	1006298	1006299	44	0.1148
chr1	1006318	1006319	38	0.1096
chr1	1006327	1006328	38	1.0
chr1	1006348	1006349	46	1.0
chr1	1006392	1006393	43	0.9838
chr1	1006407	1006408	41	0.7961
chr1	1006422	1006423	39	0.9654
chr1	1006460	1006461	42	1.0
chr1	1006497	1006498	38	0.8823
chr1	1006547	1006548	33	0.9574
chr1	1006583	1006584	37	1.0
chr1	1006632	1006633	41	0.9264
chr1	1006656	1006657	39	0.925
chr1	1006692	1006693	35	0.8319
chr1	1006712	1006713	53	0.8361
chr1	1006762	1006763	32	0.9371
chr1	1006771	1006772	37	0.9512
chr1	1006871	1006872	41	0.8906
chr1	1006971	1006972	38	0.9598
chr1	1007021	1007022	40	1.0
chr1	1007071	1007072	46	0.893
chr1	1007147	1007148	36	0.9671
chr1	1007165	1007166	37	0.9969
chr1	1007391	1007392	42	0.876
chr1	1007455	1007456	46	0.8892
chr1	1007537	1007538	45	0.9615
chr1	1007573	1007574	32	0.8394
chr1	1007615	1007616	43	0.8045
chr1	1007656	1007657	40	0.6322
chr1	1007683	1007684	35	0.6575
chr1	1007733	1007734	42	0.6518
chr1	1007752	1007753	37	0.5579
chr1	1007770	1007771	40	0.747
chr1	1007787	1007788	45	0.5954
chr1	1007831	1007832	36	0.6698
chr1	1007846	1007847	41	0.6136
chr1	1007888	1007889	36	0.7625
chr1	1007903	1007904	47	0.7361
chr1	1007934	1007935	42	0.679
chr1	1007952	1007953	30	0.6144
chr1	1007976	1007977	45	0.6161
chr1	1007997	1007998	45	0.83
chr1	1008026	1008027	23	0.5455
chr1	1008071	1008072	45	0.7057
chr1	1008103	1008104	45	0.7316
chr1	1008137	1008138	29	0.5699
chr1	1008167	1008168	38	0.7944
chr1	1008168	1008169	39	0.8048
chr1	1008268	1008269	42	0.5818
chr1	1008340	1008341	48	0.7448
chr1	1008440	1008441	33	0.7271
chr1	1008519	1008520	41	0.7769
chr1	1008619	1008620	47	0.8246
chr1	1008719	1008720	35	0.5956
chr1	1008737	1008738	36	0.7
chr1	1008763	1008764	48	0.7386
chr1	1008770	1008771	35	0.9316
chr1	1008791	1008792	36	0.8664
chr1	1008807	1008808	30	0.7916
chr1	1008830	1008831	44	0.7805
chr1	1008880	1008881	44	0.9308
chr1	1008905	1008906	42	0.7646
chr1	1008947	1008948	36	0.8748
chr1	1008966	1008967	43	0.9091
chr1	1009008	1009009	47	0.8737
chr1	1009058	1009059	34	0.8681
chr1	1009077	1009078	32	0.7446
chr1	1009094	1009095	36	0.8102
chr1	1009116	1009117	41	0.7806
chr1	1009145	1009146	27	0.7522
chr1	1009189	1009190	41	0.7963
chr1	1009239	1009240	45	0.6967
chr1	1009273	1009274	44	0.9967
chr1	1009373	1009374	44	0.8082
chr1	1009439	1009440	48	0.6516
chr1	1009539	1009540	44	0.9196
chr1	1009639	1009640	37	0.7668
chr1	1009727	1009728	39	0.809
chr1	1009765	1009766	43	0.8094
chr1	1009999	1010000	34	0.7125
chr1	1010145	1010146	32	0.8575
chr1	1010165	1010166	32	0.7573
chr1	1010183	1010184	37	0.7635
chr1	1010231	1010232	35	0.2024
chr1	1010255	1010256	42	0.1254
chr1	1010270	1010271	39	0.0895
chr1	1010320	1010321	44	0.1744
chr1	1010336	1010337	38	0.1521
chr1	1010358	1010359	37	0.0765
chr1	1010385	1010386	35	0.1971
chr1	1010435	1010436	43	0.177
chr1	1010472	1010473	38	0.1547
chr1	1010522	1010523	42	0.1484
chr1	1010537	1010538	39	0.1997
chr1	1010553	1010554	31	0.3439
chr1	1010599	1010600	42	0.232
chr1	1010623	1010624	37	0.1299
chr1	1010655	1010656	35	0.099
chr1	1010688	1010689	30	0.1837
chr1	1010726	1010727	45	0.0749
chr1	1010735	1010736	45	0.2631
chr1	1010785	1010786	35	0.0965
chr1	1010835	1010836	38	0.2839
chr1	1010891	1010892	42	0.1908
chr1	1010946	1010947	38	0.3136
chr1	1011046	1011047	49	0.2611
chr1	1011118	1011119	34	0.2877
chr1	1011218	1011219	39	0.2171
chr1	1011292	1011293	37	0.0065
chr1	1011297	1011298	34	0.7422
chr1	1011347	1011348	47	0.8908
chr1	1011366	1011367	35	0.6625
chr1	1011389	1011390	37	0.7693
chr1	1011422	1011423	38	0.7342
chr1	1011445	1011446	34	0.7107
chr1	1011460	1011461	31	0.8059
chr1	1011484	1011485	33	0.7138
chr1	1011505	1011506	48	0.777
chr1	1011532	1011533	45	0.9053
chr1	1011551	1011552	38	0.7936
chr1	1011579	1011580	40	0.8272
chr1	1011629	1011630	38	0.692
chr1	1011644	1011645	49	0.6893
chr1	1011682	1011683	30	0.7129
chr1	1011709	1011710	41	0.6538
chr1	1011722	1011723	46	0.6701
chr1	1011822	1011823	40	0.8454
chr1	1011919	1011920	33	0.9377
chr1	1011969	1011970	38	0.887
chr1	1012031	1012032	35	0.7578
chr1	1012126	1012127	34	0.6909
chr1	1012146	1012147	44	0.5988
chr1	1012278	1012279	38	0.7574
chr1	1012410	1012411	44	0.6208
chr1	1012480	1012481	44	0.8366
chr1	1012550	1012551	35	0.8348
chr1	1012574	1012575	38	0.7641
chr1	1012579	1012580	37	0.8943
chr1	1012624	1012625	43	0.8444
chr1	1012645	1012646	46	0.9907
chr1	1012664	1012665	34	0.8904
chr1	1012694	1012695	37	0.8254
chr1	1012714	1012715	46	0.8708
chr1	1012752	1012753	41	0.9079
chr1	1012802	1012803	38	0.9629
chr1	1012852	1012853	43	0.8885
chr1	1012867	1012868	39	0.9513
chr1	1012907	1012908	46	0.8691
chr1	1012924	1012925	38	0.8984
chr1	1012943	1012944	40	0.9788
chr1	1012970	1012971	43	0.902
chr1	1013008	1013009	33	0.9561
chr1	1013054	1013055	39	0.8789
chr1	1013139	1013140	42	0.9382
chr1	1013189	1013190	34	0.9364
chr1	1013244	1013245	36	0.9609
chr1	1013344	1013345	46	0.9161
chr1	1013415	1013416	37	0.9818
chr1	1013469	1013470	44	1.0
chr1	1013497	1013498	36	0.9264
chr1	1013547	1013548	44	0.8284
chr1	1013631	1013632	33	0.9437
chr1	1013693	1013694	42	0.919
chr1	1013859	1013860	43	0.8779
chr1	1013905	1013906	33	0.9551
chr1	1013915	1013916	34	0.817
chr1	1013943	1013944	44	0.9793
chr1	1013969	1013970	34	0.9495
chr1	1014014	1014015	40	0.0996
chr1	1014034	1014035	32	0.1162
chr1	1014077	1014078	35	0.156
chr1	1014112	1014113	40	0.0913
chr1	1014160	1014161	37	0.1844
chr1	1014201	1014202	31	0.2373
chr1	1014216	1014217	31	0.1033
chr1	1014253	1014254	36	0.0744
chr1	1014302	1014303	47	0.1967
chr1	1014328	1014329	39	0.0609
chr1	1014355	1014356	34	0.1392
chr1	1014386	1014387	46	0.2304
chr1	1014418	1014419	42	0.1117
chr1	1014446	1014447	38	0.0
chr1	1014461	1014462	47	0.2862
chr1	1014476	1014477	33	0.1792
chr1	1014496	1014497	48	0.1909
chr1	1014596	1014597	35	0.1965
chr1	1014696	1014697	48	0.1175
chr1	1014796	1014797	44	0.098
chr1	1014875	1014876	40	0.0051
chr1	1014975	1014976	45	0.1554
chr1	1015033	1015034	39	0.1082
chr1	1015069	1015070	34	0.1474
chr1	1015075	1015076	46	0.8338
chr1	1015122	1015123	39	0.8009
chr1	1015151	1015152	35	0.8435
chr1	1015170	1015171	38	0.8317
chr1	1015220	1015221	34	0.727
chr1	1015248	1015249	29	0.7849
chr1	1015298	1015299	37	0.7809
chr1	1015320	1015321	30	0.7641
chr1	1015349	1015350	46	0.7336
chr1	1015364	1015365	42	0.918
chr1	1015396	1015397	34	0.6013
chr1	1015418	1015419	38	0.6858
chr1	1015439	1015440	35	0.7198
chr1	1015473	1015474	41	0.8401
chr1	1015494	1015495	37	0.5919
chr1	1015532	1015533	33	0.6193
chr1	1015547	1015548	44	0.7513
chr1	1015564	1015565	35	0.83
chr1	1015664	1015665	42	0.7028
chr1	1015764	1015765	51	0.8618
chr1	1015864	1015865	34	0.7593
chr1	1015957	1015958	38	0.7445
chr1	1016049	1016050	43	0.6831
chr1	1016099	1016100	37	0.7716
chr1	1016121	1016122	42	0.7015
chr1	1016135	1016136	46	0.821
chr1	1016171	1016172	37	0.7717
chr1	1016249	1016250	29	0.7385
chr1	1016253	1016254	51	0.6924
chr1	1016373	1016374	40	0.9231
chr1	1016381	1016382	43	0.6677
chr1	1016408	1016409	52	0.6581
chr1	1016431	1016432	35	0.7408
chr1	1016480	1016481	42	0.6557
chr1	1016511	1016512	43	0.6987
chr1	1016539	1016540	41	0.7877
chr1	1016562	1016563	49	0.6273
chr1	1016580	1016581	34	0.6906
chr1	1016625	1016626	37	0.6672
chr1	1016646	1016647	49	0.653
chr1	1016666	1016667	41	0.5117
chr1	1016697	1016698	39	0.784
chr1	1016738	1016739	42	0.7623
chr1	1016753	1016754	37	0.766
chr1	1016783	1016784	36	0.8258
chr1	1016804	1016805	41	0.8537
chr1	1016818	1016819	48	0.844
chr1	1016918	1016919	32	0.7125
chr1	1017002	1017003	40	0.5288
chr1	1017096	1017097	39	0.5358
chr1	1017196	1017197	43	0.7977
chr1	1017348	1017349	39	0.6859
chr1	1017394	1017395	45	0.5719
chr1	1017438	1017439	43	0.3983
chr1	1017618	1017619	29	0.86
chr1	1017662	1017663	32	0.5355
chr1	1017712	1017713	37	0.1002
chr1	1017730	1017731	40	0.0004
chr1	1017755	1017756	42	0.0561
chr1	1017781	1017782	38	0.0439
chr1	1017831	1017832	46	0.2739
chr1	1017846	1017847	31	0.0467
chr1	1017896	1017897	34	0.0615
chr1	1017946	1017947	37	0.0256
chr1	1017967	1017968	41	0.0515
chr1	1018000	1018001	36	0.0384
chr1	1018048	1018049	35	0.1453
chr1	1018084	1018085	45	0.1188
chr1	1018123	1018124	30	0.0
chr1	1018156	1018157	40	0.0667
chr1	1018194	1018195	38	0.1188
chr1	1018294	1018295	41	0.1519
chr1	1018344	1018345	34	0.072
chr1	1018426	1018427	37	0.1185
chr1	1018526	1018527	39	0.1379
chr1	1018615	1018616	37	0.0869
chr1	1018711	1018712	46	0.1535
chr1	1018727	1018728	35	0.0468
chr1	1018777	1018778	40	0.0
chr1	1018827	1018828	30	0.1809
chr1	1018843	1018844	29	0.0324
chr1	1018873	1018874	34	0.05
chr1	1018895	1018896	33	0.1484
chr1	1018940	1018941	48	0.0957
chr1	1018955	1018956	39	0.1769
chr1	1018989	1018990	46	0.1638
chr1	1019006	1019007	50	0.0049
chr1	1019056	1019057	44	0.0884
chr1	1019071	1019072	48	0.1717
chr1	1019090	1019091	37	0.056
chr1	1019116	1019117	37	0.1052
chr1	1019142	1019143	43	0.0744
chr1	1019189	1019190	28	0.0271
chr1	1019197	1019198	48	0.0631
chr1	1019247	1019248	44	0.1507
chr1	1019297	1019298	40	0.1875
chr1	1019394	1019395	46	0.0
chr1	1019472	1019473	39	0.072
chr1	1019572	1019573	40	0.0132
chr1	1019634	1019635	36	0.099
chr1	1019660	1019661	42	0.808
chr1	1019695	1019696	31	0.8954
chr1	1019725	1019726	43	0.9226
chr1	1019752	1019753	37	0.7933
chr1	1019778	1019779	36	0.9468
chr1	1019800	1019801	32	0.9044
chr1	1019827	1019828	32	0.8805
chr1	1019865	1019866	34	0.9331
chr1	1019886	1019887	41	0.9375
chr1	1019905	1019906	36	0.9101
chr1	1019922	1019923	39	0.9417
chr1	1019958	1019959	26	0.7961
chr1	1019981	1019982	44	0.9781
chr1	1020006	1020007	36	0.9606
chr1	1020056	1020057	49	0.7682
chr1	1020083	1020084	45	0.8276
chr1	1020133	1020134	36	0.8938
chr1	1020162	1020163	40	0.8328
chr1	1020234	1020235	37	0.9189
chr1	1020303	1020304	33	0.9854
chr1	1020403	1020404	39	0.8155
chr1	1020503	1020504	41	0.8328
chr1	1020556	1020557	37	0.9104
chr1	1020656	1020657	41	0.9347
chr1	1020700	1020701	39	0.9717
chr1	1020708	1020709	35	0.0549
chr1	1020739	1020740	47	0.0427
chr1	1020755	1020756	33	0.1643
chr1	1020805	1020806	35	0.0417
chr1	1020820	1020821	41	0.1965
chr1	1020845	1020846	39	0.156
chr1	1020881	1020882	47	0.1121
chr1	1020931	1020932	33	0.0
chr1	1020981	1020982	33	0.0312
chr1	1021029	1021030	36	0.0895
chr1	1021052	1021053	43	0.0222
chr1	1021102	1021103	42	0.0
chr1	1021152	1021153	38	0.0
chr1	1021199	1021200	38	0.0681
chr1	1021299	1021300	45	0.0849
chr1	1021399	1021400	41	0.0898
chr1	1021499	1021500	42	0.0741
chr1	1021599	1021600	34	0.1266
chr1	1021676	1021677	43	0.1362
chr1	1021710	1021711	40	0.0716
chr1	1021774	1021775	38	0.0749
chr1	1021810	1021811	46	0.0771
chr1	1021862	1021863	37	0.1343
chr1	1022038	1022039	35	0.0477
chr1	1022082	1022083	35	0.0888
chr1	1022104	1022105	39	0.0803
chr1	1022140	1022141	35	0.1384
chr1	1022178	1022179	41	0.7873
chr1	1022201	1022202	29	0.4944
chr1	1022240	1022241	33	0.3714
chr1	1022265	1022266	44	0.6725
chr1	1022304	1022305	42	0.8237
chr1	1022354	1022355	36	0.705
chr1	1022397	1022398	41	0.4376
chr1	1022417	1022418	42	0.6324
chr1	1022449	1022450	43	0.7815
chr1	1022475	1022476	43	0.6004
chr1	1022520	1022521	44	0.653
chr1	1022542	1022543	41	0.8497
chr1	1022568	1022569	47	0.8086
chr1	1022618	1022619	37	0.878
chr1	1022644	1022645	48	0.6677
chr1	1022667	1022668	47	0.6652
chr1	1022692	1022693	32	0.7415
chr1	1022716	1022717	38	0.8161
chr1	1022766	1022767	35	0.8216
chr1	1022783	1022784	38	0.6289
chr1	1022794	1022795	41	0.7983
chr1	1022855	1022856	47	0.7453
chr1	1022955	1022956	40	0.5714
chr1	1023055	1023056	32	0.5587
chr1	1023155	1023156	39	0.7906
chr1	1023245	1023246	42	0.8017
chr1	1023345	1023346	46	0.8524
chr1	1023395	1023396	35	0.4773
chr1	1023463	1023464	40	0.9075
chr1	1023473	1023474	40	0.1101
chr1	1023512	1023513	39	0.2754
chr1	1023562	1023563	41	0.0906
chr1	1023584	1023585	36	0.1344
chr1	1023610	1023611	39	0.3948
chr1	1023637	1023638	45	0.2684
chr1	1023676	1023677	41	0.1925
chr1	1023718	1023719	26	0.1258
chr1	1023749	1023750	48	0.2425
chr1	1023779	1023780	34	0.3499
chr1	1023852	1023853	40	0.1928
chr1	1023880	1023881	36	0.1179
chr1	1023930	1023931	41	0.2537
chr1	1023956	1023957	42	0.2235
chr1	1023982	1023983	41	0.365
chr1	1024016	1024017	41	0.2956
chr1	1024066	1024067	41	0.3315
chr1	1024099	1024100	41	0.3078
chr1	1024128	1024129	39	0.3431
chr1	1024196	1024197	49	0.1909
chr1	1024246	1024247	29	0.1711
chr1	1024346	1024347	41	0.322
chr1	1024446	1024447	46	0.1956
chr1	1024546	1024547	38	0.1963
chr1	1024607	1024608	39	0.1323
chr1	1024657	1024658	27	0.4214
chr1	1024720	1024721	36	0.3298
chr1	1024774	1024775	41	0.2647
chr1	1024796	1024797	40	0.1791
chr1	1024839	1024840	38	0.8785
chr1	1024869	1024870	36	0.7507
chr1	1024894	1024895	35	0.7503
chr1	1024919	1024920	35	1.0
chr1	1024955	1024956	49	0.8575
chr1	1024987	1024988	39	0.9186
chr1	1025011	1025012	36	0.6575
chr1	1025043	1025044	43	0.9057
chr1	1025071	1025072	34	1.0
chr1	1025121	1025122	40	0.9458
chr1	1025171	1025172	43	0.6632
chr1	1025210	1025211	38	0.7775
chr1	1025258	1025259	41	0.9222
chr1	1025273	1025274	41	0.76
chr1	1025313	1025314	34	0.7211
chr1	1025333	1025334	46	0.6976
chr1	1025364	1025365	43	0.8339
chr1	1025379	1025380	34	0.847
chr1	1025479	1025480	43	0.9238
chr1	1025579	1025580	49	0.5567
chr1	1025660	1025661	43	0.7306
chr1	1025733	1025734	37	0.9438
chr1	1025833	1025834	37	0.6622
chr1	1025984	1025985	33	0.8154
chr1	1026010	1026011	39	0.8709
chr1	1026054	1026055	34	0.8289
chr1	1026081	1026082	39	0.8439
chr1	1026099	1026100	43	0.9939
chr1	1026127	1026128	45	0.7354
chr1	1026167	1026168	37	0.6746
chr1	1026187	1026188	39	0.7679
chr1	1026215	1026216	55	0.9029
chr1	1026253	1026254	41	0.7635
chr1	1026278	1026279	41	0.6918
chr1	1026298	1026299	45	0.6938
chr1	1026323	1026324	49	0.7041
chr1	1026356	1026357	39	0.8316
chr1	1026377	1026378	44	0.7748
chr1	1026401	1026402	41	0.783
chr1	1026438	1026439	43	0.7081
chr1	1026462	1026463	41	0.949
chr1	1026477	1026478	30	0.7845
chr1	1026518	1026519	47	0.695
chr1	1026542	1026543	44	0.7201
chr1	1026642	1026643	41	0.9474
chr1	1026692	1026693	46	1.0
chr1	1026792	1026793	37	0.9046
chr1	1026892	1026893	47	0.8336
chr1	1026963	1026964	34	0.8415
chr1	1027054	1027055	31	0.829
chr1	1027094	1027095	44	0.8747
chr1	1027140	1027141	29	0.7388
chr1	1027150	1027151	41	0.2698
chr1	1027178	1027179	31	0.2825
chr1	1027206	1027207	42	0.2472
chr1	1027228	1027229	41	0.2441
chr1	1027243	1027244	40	0.1574
chr1	1027287	1027288	36	0.2366
chr1	1027309	1027310	45	0.1265
chr1	1027338	1027339	41	0.213
chr1	1027356	1027357	38	0.2201
chr1	1027406	1027407	47	0.1341
chr1	1027435	1027436	37	0.1759
chr1	1027456	1027457	37	0.2413
chr1	1027506	1027507	39	0.1973
chr1	1027527	1027528	37	0.1911
chr1	1027548	1027549	36	0.1776
chr1	1027598	1027599	28	0.4236
chr1	1027622	1027623	50	0.2309
chr1	1027641	1027642	47	0.0748
chr1	1027658	1027659	39	0.1266
chr1	1027689	1027690	44	0.1888
chr1	1027709	1027710	37	0.0791
chr1	1027717	1027718	40	0.2209
chr1	1027767	1027768	41	0.1607
chr1	1027867	1027868	46	0.272
chr1	1027963	1027964	24	0.2534
chr1	1028013	1028014	41	0.3119
chr1	1028113	1028114	43	0.3149
chr1	1028195	1028196	32	0.2229
chr1	1028245	1028246	26	0.2669
chr1	1028287	1028288	39	0.3283
chr1	1028329	1028330	43	0.1535
chr1	1028358	1028359	41	0.8395
chr1	1028406	1028407	43	0.9134
chr1	1028431	1028432	42	0.9218
chr1	1028451	1028452	36	0.8432
chr1	1028501	1028502	46	0.8405
chr1	1028547	1028548	35	0.8919
chr1	1028564	1028565	39	0.9761
chr1	1028590	1028591	34	0.8267
chr1	1028626	1028627	45	0.919
chr1	1028646	1028647	42	0.8604
chr1	1028677	1028678	38	1.0
chr1	1028721	1028722	48	0.8291
chr1	1028750	1028751	42	0.7857
chr1	1028769	1028770	38	0.9656
chr1	1028807	1028808	27	0.7365
chr1	1028843	1028844	41	0.8168
chr1	1028859	1028860	45	0.6334
chr1	1028959	1028960	43	0.8313
chr1	1029059	1029060	34	0.7064
chr1	1029109	1029110	44	0.8119
chr1	1029209	1029210	43	0.7525
chr1	1029259	1029260	32	0.8186
chr1	1029321	1029322	42	0.8312
chr1	1029373	1029374	43	0.7596
chr1	1029394	1029395	40	0.7869
chr1	1029423	1029424	41	0.7576
chr1	1029446	1029447	48	0.6944
chr1	1029496	1029497	47	0.8821
chr1	1029546	1029547	41	0.793
chr1	1029581	1029582	43	0.6819
chr1	1029630	1029631	40	0.7367
chr1	1029663	1029664	35	0.7452
chr1	1029689	1029690	34	0.7874
chr1	1029711	1029712	40	0.9598
chr1	1029735	1029736	41	0.9678
chr1	1029770	1029771	31	0.7308
chr1	1029785	1029786	45	0.9242
chr1	1029835	1029836	41	0.6594
chr1	1029885	1029886	43	0.7005
chr1	1029909	1029910	39	0.8888
chr1	1029924	1029925	43	0.704
chr1	1030023	1030024	33	0.5907
chr1	1030117	1030118	41	0.8288
chr1	1030217	1030218	41	0.8118
chr1	1030280	1030281	43	0.8471
chr1	1030380	1030381	38	0.7116
chr1	1030392	1030393	45	0.8679
chr1	1030452	1030453	47	0.9719
chr1	1030462	1030463	39	0.7846
chr1	1030477	1030478	33	0.8142
chr1	1030503	1030504	45	0.7591
chr1	1030529	1030530	38	0.7254
chr1	1030558	1030559	38	0.6602
chr1	1030608	1030609	45	0.6067
chr1	1030626	1030627	33	0.8102
chr1	1030645	1030646	38	0.7615
chr1	1030661	1030662	45	0.7475
chr1	1030685	1030686	35	0.7087
chr1	1030719	1030720	39	0.7508
chr1	1030741	1030742	37	0.7496
chr1	1030758	1030759	47	0.7986
chr1	1030795	1030796	36	0.7537
chr1	1030810	1030811	40	0.7664
chr1	1030852	1030853	30	0.7302
chr1	1030899	1030900	39	0.6763
chr1	1030928	1030929	35	0.5854
chr1	1030942	1030943	45	0.682
chr1	1030992	1030993	33	0.6893
chr1	1031077	1031078	37	0.7259
chr1	1031161	1031162	38	0.6316
chr1	1031261	1031262	43	0.6875
chr1	1031331	1031332	40	0.737
chr1	1031403	1031404	37	0.6891
chr1	1031451	1031452	44	0.7689
chr1	1031597	1031598	38	0.8883
chr1	1031645	1031646	32	0.7628
chr1	1031687	1031688	42	0.741
chr1	1031829	1031830	38	0.7152
chr1	1031842	1031843	37	0.049
chr1	1031861	1031862	32	0.2019
chr1	1031878	1031879	35	0.0454
chr1	1031913	1031914	41	0.0674
chr1	1031946	1031947	43	0.0769
chr1	1031977	1031978	39	0.0885
chr1	1031992	1031993	38	0.0106
chr1	1032015	1032016	37	0.2721
chr1	1032050	1032051	41	0.0
chr1	1032074	1032075	40	0.1094
chr1	1032098	1032099	40	0.2045
chr1	1032148	1032149	32	0.0524
chr1	1032190	1032191	41	0.0438
chr1	1032240	1032241	52	0.0659
chr1	1032272	1032273	39	0.0127
chr1	1032279	1032280	43	0.0
chr1	1032379	1032380	39	0.0619
chr1	1032450	1032451	44	0.0436
chr1	1032550	1032551	44	0.1052
chr1	1032600	1032601	39	0.1131
chr1	1032700	1032701	39	0.0362
chr1	1032760	1032761	34	0.137
chr1	1032792	1032793	44	0.1746
chr1	1032798	1032799	42	0.0054
chr1	1032813	1032814	36	0.2421
chr1	1032856	1032857	33	0.0
chr1	1032878	1032879	29	0.0
chr1	1032911	1032912	31	0.0
chr1	1032949	1032950	41	0.0
chr1	1032997	1032998	49	0.0086
chr1	1033030	1033031	44	0.0321
chr1	1033052	1033053	37	0.1445
chr1	1033071	1033072	40	0.0246
chr1	1033118	1033119	40	0.0
chr1	1033159	1033160	33	0.0911
chr1	1033197	1033198	37	0.109
chr1	1033247	1033248	32	0.1008
chr1	1033275	1033276	37	0.0
chr1	1033304	1033305	32	0.0
chr1	1033321	1033322	45	0.0592
chr1	1033360	1033361	35	0.0594
chr1	1033371	1033372	32	0.041
chr1	1033443	1033444	39	0.0488
chr1	1033543	1033544	36	0.0
chr1	1033643	1033644	22	0.0228
chr1	1033743	1033744	42	0.0387
chr1	1033793	1033794	36	0.0181
chr1	1033876	1033877	41	0.059
chr1	1034012	1034013	45	0.0758
chr1	1034014	1034015	36	0.0569
chr1	1034054	1034055	35	0.091
chr1	1034062	1034063	40	0.0746
chr1	1034094	1034095	35	0.1206
chr1	1034120	1034121	38	0.1823
chr1	1034153	1034154	39	0.041
chr1	1034168	1034169	46	0.0544
chr1	1034190	1034191	40	0.0175
chr1	1034205	1034206	33	0.0717
chr1	1034251	1034252	35	0.012
chr1	1034282	1034283	41	0.0
chr1	1034308	1034309	40	0.1124
chr1	1034327	1034328	36	0.048
chr1	1034353	1034354	31	0.0494
chr1	1034374	1034375	43	0.0
chr1	1034414	1034415	27	0.0
chr1	1034434	1034435	42	0.0728
chr1	1034473	1034474	36	0.0411
chr1	1034497	1034498	46	0.0827
chr1	1034544	1034545	38	0.0856
chr1	1034581	1034582	43	0.0963
chr1	1034618	1034619	36	0.0834
chr1	1034648	1034649	45	0.0489
chr1	1034680	1034681	39	0.0084
chr1	1034739	1034740	48	0.1405
chr1	1034839	1034840	43	0.2639
chr1	1034939	1034940	52	0.1773
chr1	1035039	1035040	47	0.0362
chr1	1035139	1035140	33	0.0036
chr1	1035223	1035224	40	0.0136
chr1	1035235	1035236	36	0.2083
chr1	1035244	1035245	42	1.0
chr1	1035294	1035295	42	1.0
chr1	1035322	1035323	35	0.8758
chr1	1035353	1035354	37	1.0
chr1	1035396	1035397	37	1.0
chr1	1035423	1035424	39	0.8578
chr1	1035473	1035474	35	0.8958
chr1	1035488	1035489	47	1.0
chr1	1035508	1035509	41	0.9359
chr1	1035542	1035543	34	0.9797
chr1	1035562	1035563	37	0.949
chr1	1035589	1035590	37	0.8608
chr1	1035611	1035612	40	1.0
chr1	1035626	1035627	41	0.9114
chr1	1035641	1035642	47	0.8964
chr1	1035656	1035657	45	0.9659
chr1	1035678	1035679	38	0.9578
chr1	1035706	1035707	39	1.0
chr1	1035724	1035725	28	0.8635
chr1	1035824	1035825	39	0.9763
chr1	1035900	1035901	41	0.8753
chr1	1036000	1036001	42	0.9444
chr1	1036079	1036080	32	0.888
chr1	1036179	1036180	41	0.9756
chr1	1036187	1036188	42	0.9131
chr1	1036221	1036222	33	0.9687
chr1	1036307	1036308	45	0.827
chr1	1036411	1036412	35	0.8168
chr1	1036433	1036434	37	0.7994
chr1	1036641	1036642	42	0.9664
chr1	1036659	1036660	39	0.8776
chr1	1036676	1036677	43	1.0
chr1	1036726	1036727	39	0.7964
chr1	1036773	1036774	43	0.7872
chr1	1036821	1036822	46	0.8031
chr1	1036839	1036840	39	0.8285
chr1	1036857	1036858	43	0.9327
chr1	1036882	1036883	49	0.8335
chr1	1036909	1036910	37	0.7747
chr1	1036940	1036941	35	0.9231
chr1	1036970	1036971	43	0.8047
chr1	1037003	1037004	46	0.699
chr1	1037046	1037047	35	0.8614
chr1	1037073	1037074	41	0.9773
chr1	1037112	1037113	27	0.7598
chr1	1037153	1037154	40	0.7171
chr1	1037181	1037182	45	0.9375
chr1	1037234	1037235	45	0.6091
chr1	1037284	1037285	45	0.9023
chr1	1037384	1037385	27	0.7119
chr1	1037464	1037465	29	0.7882
chr1	1037564	1037565	38	0.8482
chr1	1037664	1037665	46	0.7525
chr1	1037726	1037727	37	0.796
chr1	1037756	1037757	33	0.725
chr1	1037806	1037807	31	0.7313
chr1	1037826	1037827	43	0.6989
chr1	1037876	1037877	42	0.7776
chr1	1037914	1037915	40	0.991
chr1	1037964	1037965	38	0.7171
chr1	1037991	1037992	43	0.9156
chr1	1038009	1038010	30	0.8628
chr1	1038042	1038043	39	0.6169
chr1	1038070	1038071	41	0.792
chr1	1038085	1038086	40	0.7121
chr1	1038135	1038136	40	0.7145
chr1	1038185	1038186	40	0.7023
chr1	1038219	1038220	36	0.5694
chr1	1038248	1038249	36	0.7542
chr1	1038278	1038279	42	0.7592
chr1	1038295	1038296	42	0.8246
chr1	1038297	1038298	38	0.8358
chr1	1038350	1038351	43	0.7559
chr1	1038450	1038451	40	0.86
chr1	1038500	1038501	49	0.7715
chr1	1038563	1038564	43	0.834
chr1	1038663	1038664	43	0.9006
chr1	1038763	1038764	33	0.593
chr1	1038817	1038818	44	0.776
chr1	1038839	1038840	36	0.7924
chr1	1038909	1038910	35	0.7995
chr1	1038958	1038959	42	0.1659
chr1	1038973	1038974	39	0.3392
chr1	1038989	1038990	40	0.2518
chr1	1039019	1039020	36	0.1591
chr1	1039065	1039066	45	0.1261
chr1	1039085	1039086	38	0.0
chr1	1039113	1039114	39	0.2278
chr1	1039148	1039149	37	0.166
chr1	1039173	1039174	31	0.0
chr1	1039210	1039211	38	0.0921
chr1	1039244	1039245	35	0.2402
chr1	1039294	1039295	41	0.1533
chr1	1039340	1039341	32	0.2161
chr1	1039385	1039386	39	0.1853
chr1	1039413	1039414	36	0.2778
chr1	1039463	1039464	45	0.1324
chr1	1039498	1039499	40	0.0503
chr1	1039522	1039523	42	0.2612
chr1	1039538	1039539	39	0.1748
chr1	1039638	1039639	41	0.1983
chr1	1039723	1039724	44	0.1815
chr1	1039773	1039774	37	0.1324
chr1	1039873	1039874	34	0.0727
chr1	1039973	1039974	43	0.0385
chr1	1040028	1040029	49	0.1158
chr1	1040044	1040045	30	0.1442
chr1	1040075	1040076	42	0.6664
chr1	1040096	1040097	35	0.7197
chr1	1040140	1040141	34	0.6502
chr1	1040164	1040165	44	0.6281
chr1	1040186	1040187	48	0.5793
chr1	1040204	1040205	39	0.6981
chr1	1040254	1040255	46	0.7912
chr1	1040298	1040299	43	0.7723
chr1	1040343	1040344	45	0.6875
chr1	1040375	1040376	40	0.6665
chr1	1040425	1040426	41	0.8086
chr1	1040443	1040444	36	0.7538
chr1	1040468	1040469	48	0.7442
chr1	1040493	1040494	38	0.666
chr1	1040532	1040533	41	0.5955
chr1	1040547	1040548	48	0.5443
chr1	1040597	1040598	42	0.7879
chr1	1040631	1040632	39	0.7453
chr1	1040652	1040653	38	0.7666
chr1	1040702	1040703	35	0.8445
chr1	1040802	1040803	37	0.7646
chr1	1040880	1040881	37	0.6738
chr1	1040980	1040981	42	0.6438
chr1	1041059	1041060	33	0.6796
chr1	1041151	1041152	44	0.7594
chr1	1041220	1041221	35	0.8058
chr1	1041266	1041267	45	0.8057
chr1	1041300	1041301	38	0.1679
chr1	1041350	1041351	35	0.3071
chr1	1041395	1041396	41	0.0685
chr1	1041445	1041446	41	0.1001
chr1	1041465	1041466	45	0.0827
chr1	1041495	1041496	44	0.1883
chr1	1041545	1041546	35	0.218
chr1	1041567	1041568	35	0.2196
chr1	1041592	1041593	46	0.1622
chr1	1041620	1041621	40	0.1569
chr1	1041641	1041642	41	0.2069
chr1	1041656	1041657	36	0.2565
chr1	1041706	1041707	42	0.1955
chr1	1041721	1041722	50	0.095
chr1	1041749	1041750	34	0.1018
chr1	1041781	1041782	36	0.1971
chr1	1041801	1041802	44	0.1948
chr1	1041874	1041875	40	0.0658
chr1	1041974	1041975	47	0.0734
chr1	1042024	1042025	44	0.0241
chr1	1042102	1042103	39	0.1159
chr1	1042189	1042190	39	0.4027
chr1	1042289	1042290	40	0.2884
chr1	1042357	1042358	41	0.2557
chr1	1042391	1042392	36	0.8788
chr1	1042425	1042426	44	0.7805
chr1	1042443	1042444	47	0.7139
chr1	1042493	1042494	42	0.5156
chr1	1042509	1042510	35	0.6527
chr1	1042554	1042555	44	0.8331
chr1	1042584	1042585	28	0.7125
chr1	1042599	1042600	36	0.5806
chr1	1042625	1042626	45	0.7996
chr1	1042649	1042650	43	0.5378
chr1	1042671	1042672	39	0.6566
chr1	1042691	1042692	45	0.7586
chr1	1042706	1042707	36	0.591
chr1	1042746	1042747	36	0.6494
chr1	1042765	1042766	40	0.5479
chr1	1042785	1042786	37	0.8106
chr1	1042814	1042815	47	0.7195
chr1	1042829	1042830	46	0.8119
chr1	1042859	1042860	47	0.7056
chr1	1042909	1042910	38	0.7737
chr1	1042937	1042938	39	0.678
chr1	1043000	1043001	39	0.6784
chr1	1043094	1043095	44	0.7405
chr1	1043194	1043195	38	0.7225
chr1	1043263	1043264	35	0.7976
chr1	1043363	1043364	33	0.6742
chr1	1043413	1043414	31	0.6852
chr1	1043447	1043448	46	0.6599
chr1	1043455	1043456	39	0.6252
chr1	1043505	1043506	43	0.5736
chr1	1043520	1043521	44	0.7138
chr1	1043537	1043538	45	0.4819
chr1	1043556	1043557	37	0.7101
chr1	1043606	1043607	43	0.7046
chr1	1043623	1043624	43	0.5339
chr1	1043639	1043640	44	0.5804
chr1	1043678	1043679	42	0.5666
chr1	1043728	1043729	47	0.6703
chr1	1043747	1043748	41	0.6763
chr1	1043777	1043778	49	0.4345
chr1	1043815	1043816	34	0.6264
chr1	1043850	1043851	33	0.6073
chr1	1043865	1043866	39	0.7043
chr1	1043891	1043892	45	0.7114
chr1	1043906	1043907	41	0.6254
chr1	1043923	1043924	44	0.7055
chr1	1043939	1043940	46	0.7672
chr1	1043948	1043949	41	0.7711
chr1	1043998	1043999	36	0.6071
chr1	1044098	1044099	40	0.7706
chr1	1044194	1044195	45	0.7805
chr1	1044292	1044293	38	0.5016
chr1	1044392	1044393	41	0.5939
chr1	1044428	1044429	32	0.6809
chr1	1044434	1044435	42	0.5747
chr1	1044440	1044441	36	0.5573
chr1	1044444	1044445	44	0.6349
chr1	1044536	1044537	44	0.5275
chr1	1044624	1044625	39	0.6075
chr1	1044668	1044669	34	0.5999
chr1	1044670	1044671	45	0.5894
chr1	1044808	1044809	39	0.6614
chr1	1044884	1044885	50	0.6476
chr1	1044893	1044894	39	0.8196
chr1	1044919	1044920	37	0.9186
chr1	1044969	1044970	32	0.8218
chr1	1044989	1044990	36	0.6189
chr1	1045006	1045007	26	0.8166
chr1	1045056	1045057	39	0.8083
chr1	1045080	1045081	34	0.6654
chr1	1045103	1045104	37	0.9742
chr1	1045128	1045129	40	0.8521
chr1	1045178	1045179	40	0.7285
chr1	1045216	1045217	45	0.799
chr1	1045266	1045267	44	0.8615
chr1	1045281	1045282	39	0.7898
chr1	1045308	1045309	37	0.764
chr1	1045331	1045332	42	0.7845
chr1	1045381	1045382	36	0.8461
chr1	1045405	1045406	41	0.7686
chr1	1045505	1045506	45	0.8186
chr1	1045605	1045606	42	0.7433
chr1	1045655	1045656	50	0.8849
chr1	1045723	1045724	44	0.8155
chr1	1045823	1045824	44	0.636
chr1	1045861	1045862	37	0.7152
chr1	1045931	1045932	42	0.9114
chr1	1045935	1045936	42	0.9004
chr1	1046005	1046006	47	0.7142
chr1	1046021	1046022	34	0.8649
chr1	1046107	1046108	37	0.8046
chr1	1046121	1046122	36	0.7634
chr1	1046129	1046130	37	0.762
chr1	1046175	1046176	41	0.9232
chr1	1046215	1046216	37	0.8771
chr1	1046260	1046261	37	0.7588
chr1	1046302	1046303	37	0.4982
chr1	1046332	1046333	37	0.8444
chr1	1046366	1046367	38	0.6089
chr1	1046413	1046414	38	0.5564
chr1	1046444	1046445	30	0.5623
chr1	1046460	1046461	38	0.6324
chr1	1046480	1046481	36	0.7317
chr1	1046530	1046531	39	0.505
chr1	1046566	1046567	33	0.618
chr1	1046585	1046586	34	0.6974
chr1	1046630	1046631	41	0.6972
chr1	1046667	1046668	38	0.7495
chr1	1046717	1046718	35	0.6037
chr1	1046731	1046732	45	0.6598
chr1	1046831	1046832	38	0.7356
chr1	1046912	1046913	47	0.724
chr1	1047008	1047009	38	0.7088
chr1	1047085	1047086	46	0.616
chr1	1047185	1047186	40	0.4582
chr1	1047239	1047240	42	0.6499
chr1	1047263	1047264	42	0.9001
chr1	1047296	1047297	37	0.7795
chr1	1047313	1047314	44	0.9168
chr1	1047341	1047342	33	0.6571
chr1	1047391	1047392	46	0.9818
chr1	1047423	1047424	26	0.7371
chr1	1047444	1047445	41	0.7981
chr1	1047494	1047495	31	0.7937
chr1	1047511	1047512	48	0.666
chr1	1047551	1047552	42	0.6854
chr1	1047576	1047577	38	0.6859
chr1	1047624	1047625	30	0.8036
chr1	1047670	1047671	41	0.8145
chr1	1047693	1047694	41	0.8347
chr1	1047743	1047744	30	0.8133
chr1	1047843	1047844	41	0.6163
chr1	1047903	1047904	49	0.7616
chr1	1047976	1047977	33	0.9012
chr1	1048033	1048034	37	0.6974
chr1	1048079	1048080	43	0.9094
chr1	1048123	1048124	36	0.7158
chr1	1048162	1048163	40	0.0
chr1	1048177	1048178	37	0.0412
chr1	1048202	1048203	37	0.3155
chr1	1048218	1048219	39	0.5046
chr1	1048262	1048263	41	0.0
chr1	1048277	1048278	41	0.0
chr1	1048306	1048307	40	0.2851
chr1	1048345	1048346	30	0.3204
chr1	1048364	1048365	40	0.4499
chr1	1048383	1048384	41	0.514
chr1	1048398	1048399	38	0.0
chr1	1048448	1048449	34	0.1419
chr1	1048465	1048466	36	0.616
chr1	1048515	1048516	38	0.1301
chr1	1048533	1048534	36	0.0
chr1	1048548	1048549	33	0.5084
chr1	1048598	1048599	42	0.0
chr1	1048610	1048611	37	0.0
chr1	1048710	1048711	31	0.1239
chr1	1048810	1048811	29	0.0684
chr1	1048860	1048861	45	0.0
chr1	1048960	1048961	45	0.0
chr1	1049030	1049031	36	0.3981
chr1	1049052	1049053	38	0.0
chr1	1049072	1049073	41	1.0
chr1	1049095	1049096	39	0.999
chr1	1049140	1049141	39	0.9392
chr1	1049177	1049178	36	0.8362
chr1	1049195	1049196	40	0.9487
chr1	1049227	1049228	37	0.9458
chr1	1049257	1049258	44	0.8841
chr1	1049307	1049308	37	0.8403
chr1	1049345	1049346	44	1.0
chr1	1049395	1049396	44	0.7907
chr1	1049416	1049417	37	0.9073
chr1	1049456	1049457	55	0.8833
chr1	1049497	1049498	38	0.9034
chr1	1049533	1049534	38	0.9088
chr1	1049565	1049566	38	0.8929
chr1	1049604	1049605	40	0.7737
chr1	1049704	1049705	37	0.9845
chr1	1049804	1049805	41	1.0
chr1	1049893	1049894	33	1.0
chr1	1049993	1049994	32	0.8854
chr1	1050093	1050094	37	0.8495
chr1	1050187	1050188	39	0.8504
chr1	1050191	1050192	46	0.8872
chr1	1050196	1050197	31	0.7614
chr1	1050234	1050235	42	0.6371
chr1	1050272	1050273	44	0.7943
chr1	1050322	1050323	39	0.6739
chr1	1050372	1050373	42	0.8047
chr1	1050389	1050390	32	0.6951
chr1	1050404	1050405	35	0.6384
chr1	1050434	1050435	39	0.6975
chr1	1050460	1050461	27	0.7516
chr1	1050491	1050492	29	0.71
chr1	1050509	1050510	31	0.6337
chr1	1050559	1050560	36	0.8592
chr1	1050598	1050599	41	0.832
chr1	1050626	1050627	41	0.7988
chr1	1050652	1050653	43	0.7072
chr1	1050653	1050654	39	0.7059
chr1	1050753	1050754	39	0.7735
chr1	1050852	1050853	33	0.7986
chr1	1050930	1050931	43	0.7329
chr1	1051030	1051031	40	0.6666
chr1	1051084	1051085	35	0.5896
chr1	1051272	1051273	36	0.9003
chr1	1051334	1051335	45	0.6457
chr1	1051408	1051409	40	0.5078
chr1	1051450	1051451	41	0.6871
chr1	1051484	1051485	40	0.9205
chr1	1051534	1051535	38	0.8796
chr1	1051577	1051578	44	0.8003
chr1	1051621	1051622	32	0.915
chr1	1051650	1051651	43	0.8677
chr1	1051682	1051683	38	0.8846
chr1	1051697	1051698	37	0.8067
chr1	1051717	1051718	52	0.8616
chr1	1051732	1051733	38	0.886
chr1	1051754	1051755	35	0.8898
chr1	1051800	1051801	40	0.8169
chr1	1051826	1051827	43	0.8523
chr1	1051874	1051875	46	0.7421
chr1	1051895	1051896	43	0.8264
chr1	1051931	1051932	31	0.8027
chr1	1052031	1052032	38	0.8423
chr1	1052081	1052082	44	0.9162
chr1	1052181	1052182	41	0.8859
chr1	1052281	1052282	42	0.8313
chr1	1052367	1052368	40	0.8582
chr1	1052377	1052378	36	0.9441
chr1	1052421	1052422	32	0.2315
chr1	1052457	1052458	34	0.0785
chr1	1052507	1052508	29	0.0657
chr1	1052557	1052558	36	0.0
chr1	1052599	1052600	41	0.0431
chr1	1052621	1052622	25	0.0215
chr1	1052638	1052639	39	0.0073
chr1	1052677	1052678	38	0.144
chr1	1052700	1052701	34	0.074
chr1	1052745	1052746	41	0.0991
chr1	1052763	1052764	38	0.0214
chr1	1052784	1052785	33	0.0
chr1	1052809	1052810	41	0.1575
chr1	1052828	1052829	41	0.0
chr1	1052856	1052857	35	0.0207
chr1	1052889	1052890	39	0.0176
chr1	1052895	1052896	36	0.1411
chr1	1052969	1052970	38	0.0
chr1	1053019	1053020	37	0.1551
chr1	1053119	1053120	34	0.1394
chr1	1053219	1053220	33	0.1528
chr1	1053277	1053278	43	0.0584
chr1	1053295	1053296	38	0.1364
chr1	1053309	1053310	34	0.7899
chr1	1053324	1053325	44	0.6623
chr1	1053363	1053364	40	0.8915
chr1	1053378	1053379	44	0.6791
chr1	1053428	1053429	43	0.8965
chr1	1053461	1053462	49	0.775
chr1	1053501	1053502	39	0.7217
chr1	1053539	1053540	46	0.6993
chr1	1053580	1053581	37	0.7221
chr1	1053610	1053611	43	0.8823
chr1	1053633	1053634	43	0.8244
chr1	1053683	1053684	42	0.9335
chr1	1053699	1053700	49	0.7555
chr1	1053726	1053727	35	0.7152
chr1	1053758	1053759	27	0.7822
chr1	1053769	1053770	38	0.8734
chr1	1053819	1053820	36	0.9335
chr1	1053919	1053920	42	0.8541
chr1	1054019	1054020	38	0.7915
chr1	1054102	1054103	39	0.7915
chr1	1054202	1054203	34	0.8496
chr1	1054270	1054271	45	0.8676
chr1	1054280	1054281	46	0.8584
chr1	1054287	1054288	40	1.0
chr1	1054337	1054338	46	0.9877
chr1	1054364	1054365	39	1.0
chr1	1054384	1054385	41	0.9921
chr1	1054434	1054435	45	0.9342
chr1	1054476	1054477	43	1.0
chr1	1054513	1054514	40	0.9813
chr1	1054540	1054541	36	0.8481
chr1	1054575	1054576	46	0.8699
chr1	1054611	1054612	31	0.9371
chr1	1054661	1054662	40	0.9186
chr1	1054686	1054687	42	0.9122
chr1	1054715	1054716	39	1.0
chr1	1054757	1054758	38	0.9914
chr1	1054781	1054782	39	0.9308
chr1	1054802	1054803	37	1.0
chr1	1054825	1054826	32	0.9323
chr1	1054840	1054841	43	0.9622
chr1	1054862	1054863	37	0.9904
chr1	1054874	1054875	31	1.0
chr1	1054974	1054975	41	0.8613
chr1	1055074	1055075	41	1.0
chr1	1055138	1055139	46	0.9458
chr1	1055238	1055239	43	0.9687
chr1	1055292	1055293	34	0.9401
chr1	1055392	1055393	39	0.9907
chr1	1055430	1055431	37	0.9629
chr1	1055468	1055469	48	0.8519
chr1	1055542	1055543	53	0.9108
chr1	1055644	1055645	38	0.9321
chr1	1055764	1055765	38	0.9922
chr1	1055784	1055785	26	0.8715
chr1	1055798	1055799	43	0.7956
chr1	1055888	1055889	36	0.9831
chr1	1055918	1055919	40	0.0
chr1	1055946	1055947	44	0.1989
chr1	1055996	1055997	39	0.0144
chr1	1056011	1056012	39	0.1541
chr1	1056060	1056061	35	0.1462
chr1	1056108	1056109	38	0.2425
chr1	1056143	1056144	42	0.0816
chr1	1056170	1056171	34	0.0922
chr1	1056201	1056202	43	0.2345
chr1	1056221	1056222	41	0.14
chr1	1056236	1056237	39	0.2449
chr1	1056286	1056287	48	0.0
chr1	1056317	1056318	38	0.1311
chr1	1056367	1056368	48	0.1437
chr1	1056400	1056401	36	0.1393
chr1	1056442	1056443	39	0.1325
chr1	1056455	1056456	50	0.2259
chr1	1056536	1056537	41	0.1326
chr1	1056636	1056637	40	0.1416
chr1	1056736	1056737	38	0.1232
chr1	1056786	1056787	33	0.1048
chr1	1056861	1056862	44	0.1076
chr1	1056946	1056947	38	0.2746
chr1	1056964	1056965	36	0.1829
chr1	1056996	1056997	38	0.1816
chr1	1057043	1057044	28	0.2427
chr1	1057067	1057068	42	0.1376
chr1	1057107	1057108	41	0.353
chr1	1057135	1057136	46	0.1874
chr1	1057155	1057156	44	0.03
chr1	1057170	1057171	49	0.3796
chr1	1057220	1057221	41	0.3817
chr1	1057268	1057269	34	0.2331
chr1	1057287	1057288	37	0.1429
chr1	1057320	1057321	37	0.2473
chr1	1057335	1057336	40	0.2857
chr1	1057366	1057367	35	0.1753
chr1	1057395	1057396	53	0.1676
chr1	1057436	1057437	47	0.1145
chr1	1057456	1057457	34	0.1676
chr1	1057475	1057476	46	0.3269
chr1	1057525	1057526	39	0.1571
chr1	1057529	1057530	36	0.1778
chr1	1057599	1057600	36	0.2551
chr1	1057652	1057653	31	0.287
chr1	1057752	1057753	48	0.3206
chr1	1057823	1057824	32	0.2403
chr1	1057923	1057924	38	0.244
chr1	1057947	1057948	43	0.1296
chr1	1058017	1058018	33	0.2826
chr1	1058029	1058030	38	0.6956
chr1	1058046	1058047	46	0.893
chr1	1058062	1058063	34	0.8421
chr1	1058106	1058107	34	0.6453
chr1	1058126	1058127	41	0.83
chr1	1058149	1058150	38	0.9093
chr1	1058170	1058171	31	0.7998
chr1	1058220	1058221	39	0.7866
chr1	1058235	1058236	32	0.7912
chr1	1058285	1058286	39	0.9205
chr1	1058308	1058309	37	0.8325
chr1	1058337	1058338	43	0.7518
chr1	1058369	1058370	42	0.7675
chr1	1058413	1058414	41	0.7079
chr1	1058446	1058447	37	0.8019
chr1	1058450	1058451	46	0.8296
chr1	1058550	1058551	43	0.8287
chr1	1058603	1058604	42	0.6236
chr1	1058703	1058704	43	0.7822
chr1	1058803	1058804	37	0.9927
chr1	1058877	1058878	38	0.8115
chr1	1058899	1058900	38	0.8474
chr1	1058917	1058918	42	0.7589
chr1	1058950	1058951	38	0.7934
chr1	1058983	1058984	43	0.7175
chr1	1059031	1059032	42	0.7093
chr1	1059057	1059058	39	0.7103
chr1	1059085	1059086	44	0.71
chr1	1059121	1059122	36	0.8381
chr1	1059171	1059172	47	0.8461
chr1	1059191	1059192	35	0.7833
chr1	1059214	1059215	37	0.5106
chr1	1059259	1059260	30	0.7588
chr1	1059306	1059307	45	0.8116
chr1	1059334	1059335	38	0.5767
chr1	1059359	1059360	44	0.7196
chr1	1059361	1059362	31	0.5748
chr1	1059461	1059462	42	0.5367
chr1	1059561	1059562	44	0.7535
chr1	1059661	1059662	45	0.7773
chr1	1059761	1059762	37	0.687
chr1	1059769	1059770	35	0.6844
chr1	1059841	1059842	28	0.6599
chr1	1059860	1059861	38	0.053
chr1	1059884	1059885	46	0.0275
chr1	1059924	1059925	32	0.1628
chr1	1059939	1059940	37	0.1715
chr1	1059964	1059965	29	0.1373
chr1	1059979	1059980	37	0.1685
chr1	1059995	1059996	37	0.2116
chr1	1060026	1060027	43	0.1084
chr1	1060064	1060065	45	0.1196
chr1	1060088	1060089	34	0.2479
chr1	1060115	1060116	37	0.2859
chr1	1060130	1060131	40	0.2521
chr1	1060146	1060147	36	0.2085
chr1	1060178	1060179	38	0.3316
chr1	1060208	1060209	30	0.315
chr1	1060223	1060224	39	0.2554
chr1	1060248	1060249	32	0.3612
chr1	1060348	1060349	35	0.0
chr1	1060398	1060399	38	0.2779
chr1	1060498	1060499	39	0.1016
chr1	1060598	1060599	43	0.2398
chr1	1060616	1060617	41	0.0405
chr1	1060663	1060664	42	0.7268
chr1	1060678	1060679	47	0.761
chr1	1060695	1060696	41	0.6912
chr1	1060723	1060724	36	0.682
chr1	1060757	1060758	40	0.6593
chr1	1060775	1060776	45	0.7394
chr1	1060805	1060806	40	0.7733
chr1	1060832	1060833	40	0.6647
chr1	1060851	1060852	42	0.6744
chr1	1060880	1060881	39	0.8398
chr1	1060905	1060906	37	0.7711
chr1	1060955	1060956	42	0.641
chr1	1061005	1061006	40	0.6966
chr1	1061022	1061023	46	0.6099
chr1	1061064	1061065	44	0.6464
chr1	1061092	1061093	36	0.7967
chr1	1061118	1061119	26	0.7809
chr1	1061156	1061157	41	0.6848
chr1	1061196	1061197	36	0.5709
chr1	1061211	1061212	47	0.7789
chr1	1061218	1061219	30	0.6502
chr1	1061310	1061311	43	0.5699
chr1	1061410	1061411	47	0.6691
chr1	1061510	1061511	36	0.6892
chr1	1061610	1061611	39	0.6199
chr1	1061710	1061711	38	0.5923
chr1	1061760	1061761	40	0.6602
chr1	1061808	1061809	45	0.8075
chr1	1061840	1061841	36	0.6364
chr1	1061877	1061878	38	0.2019
chr1	1061918	1061919	31	0.1527
chr1	1061938	1061939	37	0.1052
chr1	1061978	1061979	32	0.0969
chr1	1062002	1062003	37	0.07
chr1	1062035	1062036	36	0.3079
chr1	1062059	1062060	38	0.0795
chr1	1062086	1062087	46	0.2789
chr1	1062101	1062102	41	0.1552
chr1	1062122	1062123	37	0.1427
chr1	1062163	1062164	33	0.1723
chr1	1062180	1062181	43	0.0782
chr1	1062222	1062223	39	0.0
chr1	1062249	1062250	40	0.108
chr1	1062278	1062279	42	0.1342
chr1	1062308	1062309	44	0.0237
chr1	1062323	1062324	43	0.0
chr1	1062327	1062328	50	0.1055
chr1	1062427	1062428	43	0.0
chr1	1062505	1062506	37	0.1196
chr1	1062605	1062606	41	0.0
chr1	1062655	1062656	34	0.0802
chr1	1062755	1062756	28	0.2252
chr1	1062771	1062772	41	0.1239
chr1	1062835	1062836	43	0.1212
chr1	1062881	1062882	40	0.858
chr1	1062917	1062918	50	0.849
chr1	1062967	1062968	46	1.0
chr1	1063017	1063018	35	1.0
chr1	1063045	1063046	41	0.9303
chr1	1063089	1063090	41	0.8168
chr1	1063104	1063105	40	0.838
chr1	1063135	1063136	46	0.9547
chr1	1063163	1063164	45	0.8837
chr1	1063187	1063188	50	0.961
chr1	1063212	1063213	47	0.918
chr1	1063227	1063228	36	0.7259
chr1	1063269	1063270	36	0.8578
chr1	1063286	1063287	43	0.8465
chr1	1063333	1063334	41	0.8651
chr1	1063355	1063356	55	0.8348
chr1	1063455	1063456	33	0.8885
chr1	1063555	1063556	37	0.9241
chr1	1063655	1063656	39	0.9198
chr1	1063749	1063750	44	0.9475
chr1	1063801	1063802	29	0.8837
chr1	1063844	1063845	36	0.0865
chr1	1063874	1063875	40	0.1242
chr1	1063894	1063895	39	0.1574
chr1	1063943	1063944	49	0.0847
chr1	1063958	1063959	40	0.0336
chr1	1064008	1064009	39	0.0377
chr1	1064031	1064032	41	0.2834
chr1	1064067	1064068	33	0.113
chr1	1064091	1064092	36	0.0
chr1	1064106	1064107	29	0.0878
chr1	1064143	1064144	30	0.0071
chr1	1064158	1064159	46	0.0656
chr1	1064207	1064208	43	0.0617
chr1	1064229	1064230	35	0.0136
chr1	1064270	1064271	49	0.0842
chr1	1064320	1064321	41	0.0307
chr1	1064349	1064350	38	0.0907
chr1	1064371	1064372	51	0.0593
chr1	1064471	1064472	38	0.0
chr1	1064541	1064542	37	0.126
chr1	1064621	1064622	34	0.0624
chr1	1064721	1064722	43	0.1972
chr1	1064805	1064806	46	0.1033
chr1	1064882	1064883	45	0.0731
chr1	1064894	1064895	30	0.1815
chr1	1064928	1064929	41	0.3177
chr1	1064950	1064951	48	0.1414
chr1	1064967	1064968	36	0.1961
chr1	1065017	1065018	34	0.0658
chr1	1065067	1065068	35	0.0511
chr1	1065100	1065101	43	0.0965
chr1	1065150	1065151	47	0.1505
chr1	1065175	1065176	36	0.1749
chr1	1065214	1065215	45	0.0198
chr1	1065229	1065230	45	0.0543
chr1	1065262	1065263	48	0.2507
chr1	1065286	1065287	38	0.22
chr1	1065302	1065303	46	0.0995
chr1	1065319	1065320	35	0.1611
chr1	1065369	1065370	36	0.3118
chr1	1065408	1065409	37	0.2798
chr1	1065508	1065509	29	0.0891
chr1	1065583	1065584	43	0.2058
chr1	1065683	1065684	56	0.0472
chr1	1065774	1065775	43	0.0619
chr1	1065874	1065875	42	0.0423
chr1	1065950	1065951	40	0.0846
chr1	1065980	1065981	36	0.8855
chr1	1066003	1066004	32	0.6908
chr1	1066049	1066050	38	0.6998
chr1	1066068	1066069	34	0.7947
chr1	1066098	1066099	42	0.7704
chr1	1066127	1066128	36	0.7293
chr1	1066159	1066160	45	0.8635
chr1	1066188	1066189	38	0.8273
chr1	1066226	1066227	37	0.8161
chr1	1066252	1066253	35	0.7349
chr1	1066280	1066281	38	0.8498
chr1	1066330	1066331	39	0.6523
chr1	1066354	1066355	42	0.6823
chr1	1066382	1066383	48	0.8697
chr1	1066412	1066413	41	0.8378
chr1	1066454	1066455	48	0.7902
chr1	1066501	1066502	42	0.882
chr1	1066512	1066513	44	0.8401
chr1	1066598	1066599	49	0.8316
chr1	1066698	1066699	45	0.9415
chr1	1066757	1066758	42	0.7127
chr1	1066857	1066858	32	0.8195
chr1	1066917	1066918	40	0.9164
chr1	1067010	1067011	44	0.7492
chr1	1067068	1067069	40	0.8066
chr1	1067104	1067105	37	1.0
chr1	1067125	1067126	44	0.932
chr1	1067175	1067176	35	0.956
chr1	1067216	1067217	52	0.8628
chr1	1067255	1067256	42	0.9843
chr1	1067270	1067271	44	1.0
chr1	1067300	1067301	45	0.98
chr1	1067342	1067343	38	1.0
chr1	1067366	1067367	44	0.9021
chr1	1067388	1067389	36	0.8622
chr1	1067407	1067408	30	0.9435
chr1	1067436	1067437	35	0.9017
chr1	1067469	1067470	44	0.9864
chr1	1067491	1067492	38	0.9607
chr1	1067513	1067514	41	0.9207
chr1	1067560	1067561	40	1.0
chr1	1067660	1067661	36	1.0
chr1	1067760	1067761	38	0.9045
chr1	1067838	1067839	32	0.979
chr1	1067938	1067939	36	0.9993
chr1	1067976	1067977	35	0.8955
chr1	1067999	1068000	47	0.6382
chr1	1068021	1068022	38	0.5559
chr1	1068043	1068044	30	0.5352
chr1	1068075	1068076	49	0.6843
chr1	1068096	1068097	45	0.6677
chr1	1068126	1068127	40	0.7401
chr1	1068176	1068177	37	0.7838
chr1	1068226	1068227	47	0.7683
chr1	1068247	1068248	38	0.6179
chr1	1068297	1068298	27	0.7458
chr1	1068319	1068320	38	0.6356
chr1	1068369	1068370	37	0.7149
chr1	1068392	1068393	40	0.7493
chr1	1068427	1068428	44	0.8228
chr1	1068476	1068477	39	0.8026
chr1	1068517	1068518	37	0.6764
chr1	1068564	1068565	48	0.7356
chr1	1068572	1068573	42	0.5224
chr1	1068672	1068673	43	0.7982
chr1	1068731	1068732	44	0.7033
chr1	1068784	1068785	39	0.769
chr1	1068884	1068885	35	0.705
chr1	1068984	1068985	37	0.7931
chr1	1069084	1069085	41	0.688
chr1	1069118	1069119	43	0.8084
chr1	1069168	1069169	37	0.6483
chr1	1069203	1069204	39	0.8804
chr1	1069253	1069254	41	0.828
chr1	1069278	1069279	37	0.9826
chr1	1069293	1069294	43	0.9653
chr1	1069308	1069309	39	0.8946
chr1	1069323	1069324	42	0.8381
chr1	1069338	1069339	44	0.8583
chr1	1069388	1069389	41	0.9818
chr1	1069407	1069408	33	0.8201
chr1	1069451	1069452	40	0.793
chr1	1069468	1069469	44	0.9202
chr1	1069510	1069511	38	0.8967
chr1	1069553	1069554	40	0.8455
chr1	1069573	1069574	47	0.8473
chr1	1069621	1069622	40	0.8633
chr1	1069671	1069672	34	0.8842
chr1	1069718	1069719	36	0.7815
chr1	1069724	1069725	42	0.9263
chr1	1069824	1069825	34	0.8183
chr1	1069911	1069912	37	0.858
chr1	1070011	1070012	33	0.8505
chr1	1070111	1070112	31	0.8145
chr1	1070211	1070212	39	1.0
chr1	1070257	1070258	29	0.7371
chr1	1070293	1070294	36	0.7038
chr1	1070312	1070313	38	0.1427
chr1	1070344	1070345	38	0.1277
chr1	1070385	1070386	32	0.2048
chr1	1070410	1070411	37	0.0949
chr1	1070431	1070432	41	0.1697
chr1	1070453	1070454	47	0.3141
chr1	1070477	1070478	32	0.3524
chr1	1070513	1070514	30	0.2433
chr1	1070543	1070544	33	0.182
chr1	1070570	1070571	36	0.2402
chr1	1070611	1070612	38	0.2738
chr1	1070639	1070640	41	0.3187
chr1	1070654	1070655	50	0.0284
chr1	1070674	1070675	44	0.35
chr1	1070688	1070689	39	0.2006
chr1	1070788	1070789	43	0.3035
chr1	1070888	1070889	37	0.2734
chr1	1070978	1070979	34	0.2507
chr1	1071052	1071053	43	0.1673
chr1	1071062	1071063	43	0.7163
chr1	1071086	1071087	49	0.9343
chr1	1071102	1071103	35	0.8797
chr1	1071129	1071130	39	0.8803
chr1	1071170	1071171	37	1.0
chr1	1071219	1071220	38	0.8
chr1	1071269	1071270	45	0.9082
chr1	1071288	1071289	37	0.8646
chr1	1071318	1071319	32	0.8911
chr1	1071353	1071354	39	0.892
chr1	1071380	1071381	37	0.9867
chr1	1071430	1071431	38	0.8791
chr1	1071474	1071475	40	0.8629
chr1	1071486	1071487	34	0.9538
chr1	1071539	1071540	36	0.867
chr1	1071598	1071599	45	0.8675
chr1	1071674	1071675	36	1.0
chr1	1071752	1071753	39	0.8728
chr1	1071839	1071840	49	0.7878
chr1	1071903	1071904	39	0.8806
chr1	1072031	1072032	37	0.8734
chr1	1072043	1072044	44	0.8624
chr1	1072115	1072116	37	0.8668
chr1	1072359	1072360	33	0.9628
chr1	1072397	1072398	50	0.8021
chr1	1072438	1072439	41	0.7723
chr1	1072471	1072472	34	0.7581
chr1	1072517	1072518	42	0.7542
chr1	1072536	1072537	38	0.839
chr1	1072586	1072587	36	0.7667
chr1	1072636	1072637	41	0.9102
chr1	1072673	1072674	41	0.8282
chr1	1072710	1072711	37	0.7194
chr1	1072725	1072726	40	0.8878
chr1	1072772	1072773	41	0.7076
chr1	1072820	1072821	38	0.6695
chr1	1072859	1072860	39	0.6612
chr1	1072909	1072910	28	0.8313
chr1	1072928	1072929	46	0.7312
chr1	1072970	1072971	45	0.8371
chr1	1072997	1072998	37	0.9164
chr1	1073012	1073013	47	0.8585
chr1	1073069	1073070	38	0.8234
chr1	1073169	1073170	39	0.9252
chr1	1073221	1073222	49	0.741
chr1	1073296	1073297	40	0.6382
chr1	1073396	1073397	36	0.8006
chr1	1073496	1073497	41	0.956
chr1	1073578	1073579	39	0.7129
chr1	1073619	1073620	29	0.0585
chr1	1073652	1073653	42	0.1401
chr1	1073699	1073700	36	0.0264
chr1	1073734	1073735	37	0.0831
chr1	1073749	1073750	41	0.0855
chr1	1073799	1073800	47	0.1316
chr1	1073849	1073850	45	0.2599
chr1	1073883	1073884	32	0.2035
chr1	1073933	1073934	44	0.1111
chr1	1073962	1073963	37	0.0
chr1	1073980	1073981	45	0.1845
chr1	1074004	1074005	42	0.0074
chr1	1074026	1074027	47	0.259
chr1	1074126	1074127	39	0.0604
chr1	1074226	1074227	38	0.1201
chr1	1074326	1074327	43	0.1456
chr1	1074376	1074377	40	0.1797
chr1	1074428	1074429	38	0.1724
chr1	1074430	1074431	36	0.0918
chr1	1074463	1074464	32	0.5506
chr1	1074480	1074481	36	0.5911
chr1	1074530	1074531	40	0.8343
chr1	1074559	1074560	38	0.3818
chr1	1074609	1074610	40	0.542
chr1	1074635	1074636	38	0.4671
chr1	1074671	1074672	45	0.6359
chr1	1074705	1074706	44	0.5328
chr1	1074720	1074721	43	0.5978
chr1	1074735	1074736	41	0.6069
chr1	1074771	1074772	38	0.7137
chr1	1074786	1074787	37	0.5229
chr1	1074830	1074831	41	0.7254
chr1	1074869	1074870	49	0.7619
chr1	1074897	1074898	44	0.8542
chr1	1074961	1074962	39	0.6769
chr1	1075061	1075062	45	0.6856
chr1	1075111	1075112	37	0.5039
chr1	1075199	1075200	46	0.6746
chr1	1075284	1075285	41	0.7335
chr1	1075298	1075299	43	0.4805
chr1	1075318	1075319	34	0.6845
chr1	1075327	1075328	35	0.8294
chr1	1075352	1075353	39	0.9021
chr1	1075402	1075403	40	0.8553
chr1	1075452	1075453	46	0.8847
chr1	1075475	1075476	42	0.8913
chr1	1075508	1075509	42	0.8994
chr1	1075529	1075530	35	0.7942
chr1	1075579	1075580	33	0.9763
chr1	1075629	1075630	36	0.8751
chr1	1075679	1075680	39	0.7679
chr1	1075696	1075697	36	0.8272
chr1	1075736	1075737	33	0.8246
chr1	1075759	1075760	42	0.7762
chr1	1075785	1075786	31	0.971
chr1	1075800	1075801	42	0.8991
chr1	1075833	1075834	36	0.8613
chr1	1075933	1075934	36	0.9191
chr1	1076033	1076034	32	0.7543
chr1	1076133	1076134	31	0.8211
chr1	1076183	1076184	49	0.9282
chr1	1076254	1076255	37	0.8754
chr1	1076350	1076351	32	0.8522
chr1	1076366	1076367	36	0.8951
chr1	1076440	1076441	38	0.8995
chr1	1076502	1076503	33	0.7996
chr1	1076564	1076565	45	0.7515
chr1	1076582	1076583	41	0.8637
chr1	1076668	1076669	42	0.726
chr1	1076744	1076745	47	0.9539
chr1	1076757	1076758	41	0.317
chr1	1076790	1076791	36	0.2239
chr1	1076856	1076857	42	0.3029
chr1	1076879	1076880	33	0.2496
chr1	1076899	1076900	44	0.1609
chr1	1076926	1076927	32	0.2412
chr1	1076941	1076942	38	0.3074
chr1	1076991	1076992	41	0.1381
chr1	1077009	1077010	35	0.2387
chr1	1077036	1077037	38	0.1667
chr1	1077053	1077054	35	0.3121
chr1	1077096	1077097	50	0.2585
chr1	1077128	1077129	36	0.2244
chr1	1077149	1077150	50	0.325
chr1	1077199	1077200	37	0.1883
chr1	1077235	1077236	33	0.1814
chr1	1077251	1077252	34	0.2687
chr1	1077266	1077267	42	0.1502
chr1	1077270	1077271	37	0.2139
chr1	1077370	1077371	37	0.2671
chr1	1077442	1077443	27	0.1467
chr1	1077515	1077516	42	0.2959
chr1	1077565	1077566	45	0.1883
chr1	1077623	1077624	40	0.1681
chr1	1077723	1077724	39	0.4156
chr1	1077797	1077798	36	0.2721
chr1	1077836	1077837	40	0.8562
chr1	1077868	1077869	34	0.7747
chr1	1077907	1077908	38	0.7492
chr1	1077926	1077927	38	0.727
chr1	1077941	1077942	41	0.8807
chr1	1077963	1077964	34	0.8364
chr1	1077997	1077998	50	0.8657
chr1	1078013	1078014	46	0.6602
chr1	1078029	1078030	42	0.731
chr1	1078063	1078064	38	0.68
chr1	1078082	1078083	46	0.7025
chr1	1078103	1078104	39	0.7873
chr1	1078153	1078154	46	0.7819
chr1	1078168	1078169	37	0.8231
chr1	1078183	1078184	39	0.8748
chr1	1078200	1078201	31	0.6123
chr1	1078229	1078230	41	0.8855
chr1	1078260	1078261	38	0.7836
chr1	1078275	1078276	38	0.9237
chr1	1078323	1078324	48	0.9051
chr1	1078338	1078339	37	0.7171
chr1	1078422	1078423	46	0.8774
chr1	1078522	1078523	43	0.8997
chr1	1078622	1078623	46	0.8327
chr1	1078722	1078723	37	0.7267
chr1	1078800	1078801	43	0.8583
chr1	1078894	1078895	38	0.6975
chr1	1078900	1078901	32	0.7761
chr1	1078912	1078913	38	0.5769
chr1	1078929	1078930	37	0.5813
chr1	1078960	1078961	38	0.622
chr1	1078989	1078990	36	0.6148
chr1	1079030	1079031	37	0.4921
chr1	1079063	1079064	42	0.7082
chr1	1079078	1079079	35	0.4426
chr1	1079093	1079094	40	0.7292
chr1	1079139	1079140	43	0.6384
chr1	1079157	1079158	34	0.6508
chr1	1079176	1079177	34	0.646
chr1	1079199	1079200	40	0.6843
chr1	1079218	1079219	37	0.8155
chr1	1079238	1079239	46	0.6854
chr1	1079257	1079258	37	0.5647
chr1	1079272	1079273	38	0.6216
chr1	1079312	1079313	42	0.5998
chr1	1079327	1079328	35	0.6586
chr1	1079355	1079356	45	0.601
chr1	1079378	1079379	37	0.6991
chr1	1079398	1079399	31	0.5924
chr1	1079426	1079427	41	0.6046
chr1	1079435	1079436	36	0.661
chr1	1079535	1079536	32	0.6225
chr1	1079635	1079636	53	0.5698
chr1	1079735	1079736	38	0.5161
chr1	1079835	1079836	40	0.4037
chr1	1079888	1079889	49	0.7407
chr1	1079934	1079935	44	0.7978
chr1	1079962	1079963	33	0.5855
chr1	1080008	1080009	47	0.792
chr1	1080036	1080037	32	0.7324
chr1	1080065	1080066	40	0.6864
chr1	1080115	1080116	35	0.5995
chr1	1080146	1080147	43	0.558
chr1	1080171	1080172	43	0.755
chr1	1080221	1080222	35	0.7899
chr1	1080239	1080240	37	0.7824
chr1	1080281	1080282	43	0.8031
chr1	1080301	1080302	38	0.8047
chr1	1080351	1080352	43	0.6506
chr1	1080373	1080374	42	0.5415
chr1	1080394	1080395	53	0.5532
chr1	1080438	1080439	36	0.6369
chr1	1080488	1080489	36	0.8346
chr1	1080489	1080490	31	0.7644
chr1	1080589	1080590	42	0.7117
chr1	1080639	1080640	30	0.5754
chr1	1080739	1080740	39	0.7437
chr1	1080839	1080840	39	0.9027
chr1	1080939	1080940	46	0.7401
chr1	1080969	1080970	36	0.7569
chr1	1080979	1080980	36	0.7418
chr1	1080987	1080988	42	0.639
chr1	1081019	1081020	31	0.7771
chr1	1081065	1081066	30	0.611
chr1	1081108	1081109	45	0.7977
chr1	1081141	1081142	47	0.7061
chr1	1081191	1081192	34	0.648
chr1	1081225	1081226	35	0.641
chr1	1081256	1081257	45	0.5662
chr1	1081277	1081278	41	0.6195
chr1	1081304	1081305	37	0.5814
chr1	1081319	1081320	43	0.5842
chr1	1081343	1081344	45	0.6952
chr1	1081393	1081394	44	0.7109
chr1	1081435	1081436	33	0.6494
chr1	1081450	1081451	33	0.6086
chr1	1081465	1081466	39	0.6835
chr1	1081489	1081490	40	0.6596
chr1	1081496	1081497	42	0.7314
chr1	1081596	1081597	36	0.7087
chr1	1081696	1081697	35	0.6689
chr1	1081796	1081797	40	0.6396
chr1	1081859	1081860	39	0.6945
chr1	1081952	1081953	38	0.6699
chr1	1081986	1081987	37	0.739
chr1	1081994	1081995	43	0.7684
chr1	1081998	1081999	38	0.8155
chr1	1082002	1082003	38	0.8549
chr1	1082010	1082011	38	0.5839
chr1	1082046	1082047	42	0.881
chr1	1082190	1082191	36	0.5999
chr1	1082288	1082289	37	0.7984
chr1	1082314	1082315	35	0.625
chr1	1082414	1082415	42	0.7414
chr1	1082457	1082458	34	0.8195
chr1	1082476	1082477	41	0.8042
chr1	1082518	1082519	33	0.6232
chr1	1082549	1082550	38	0.8568
chr1	1082599	1082600	36	0.7727
chr1	1082633	1082634	36	0.7051
chr1	1082672	1082673	46	0.7376
chr1	1082700	1082701	42	0.8335
chr1	1082724	1082725	39	0.7374
chr1	1082740	1082741	41	0.7545
chr1	1082787	1082788	38	0.8225
chr1	1082817	1082818	35	0.58
chr1	1082864	1082865	40	0.7469
chr1	1082894	1082895	42	0.6534
chr1	1082924	1082925	38	0.6671
chr1	1082939	1082940	43	0.7427
chr1	1082968	1082969	41	0.7526
chr1	1083003	1083004	34	0.6359
chr1	1083005	1083006	38	0.6429
chr1	1083105	1083106	30	0.6987
chr1	1083169	1083170	47	0.7207
chr1	1083230	1083231	43	0.7205
chr1	1083330	1083331	41	0.7929
chr1	1083418	1083419	34	0.8388
chr1	1083518	1083519	27	0.7768
chr1	1083528	1083529	49	0.8213
chr1	1083566	1083567	50	0.6853
chr1	1083574	1083575	30	0.5518
chr1	1083600	1083601	37	0.7977
chr1	1083628	1083629	40	0.6947
chr1	1083651	1083652	37	0.6015
chr1	1083677	1083678	46	0.5522
chr1	1083698	1083699	37	0.4845
chr1	1083736	1083737	39	0.6273
chr1	1083765	1083766	43	0.6521
chr1	1083795	1083796	42	0.7985
chr1	1083840	1083841	39	0.624
chr1	1083857	1083858	34	0.6635
chr1	1083893	1083894	44	0.634
chr1	1083927	1083928	39	0.7493
chr1	1083953	1083954	46	0.6989
chr1	1083979	1083980	39	0.723
chr1	1084029	1084030	33	0.6847
chr1	1084046	1084047	38	0.7616
chr1	1084063	1084064	33	0.8452
chr1	1084148	1084149	36	0.7748
chr1	1084248	1084249	36	0.5403
chr1	1084298	1084299	36	0.8445
chr1	1084398	1084399	31	0.6952
chr1	1084498	1084499	38	0.6083
chr1	1084514	1084515	41	0.6904
chr1	1084618	1084619	36	0.7951
chr1	1084644	1084645	51	0.8016
chr1	1084672	1084673	37	0.7508
chr1	1084810	1084811	47	0.7454
chr1	1084842	1084843	46	0.5632
chr1	1084980	1084981	40	0.5695
chr1	1084994	1084995	34	0.7113
chr1	1085026	1085027	44	0.6826
chr1	1085072	1085073	48	0.719
chr1	1085090	1085091	42	0.883
chr1	1085113	1085114	42	0.6861
chr1	1085130	1085131	39	0.793
chr1	1085166	1085167	48	0.6923
chr1	1085191	1085192	36	0.7545
chr1	1085220	1085221	44	0.8323
chr1	1085235	1085236	34	0.7502
chr1	1085274	1085275	43	0.7655
chr1	1085301	1085302	37	0.6258
chr1	1085333	1085334	41	0.8233
chr1	1085375	1085376	44	0.6375
chr1	1085402	1085403	31	0.648
chr1	1085427	1085428	34	0.7892
chr1	1085442	1085443	37	0.8713
chr1	1085477	1085478	38	0.6382
chr1	1085492	1085493	32	0.5368
chr1	1085535	1085536	36	0.5826
chr1	1085563	1085564	42	0.6872
chr1	1085602	1085603	44	0.8295
chr1	1085682	1085683	33	0.8505
chr1	1085767	1085768	41	0.7749
chr1	1085867	1085868	47	0.6892
chr1	1085967	1085968	41	0.5907
chr1	1086067	1086068	30	0.6553
chr1	1086117	1086118	38	0.6616
chr1	1086187	1086188	50	0.6683
chr1	1086225	1086226	42	0.2203
chr1	1086249	1086250	38	0.1256
chr1	1086265	1086266	41	0.0432
chr1	1086288	1086289	34	0.1202
chr1	1086338	1086339	36	0.2802
chr1	1086371	1086372	45	0.0568
chr1	1086407	1086408	40	0.0277
chr1	1086439	1086440	38	0.0333
chr1	1086481	1086482	37	0.0566
chr1	1086517	1086518	41	0.0551
chr1	1086567	1086568	34	0.1431
chr1	1086598	1086599	38	0.026
chr1	1086630	1086631	30	0.113
chr1	1086666	1086667	34	0.2171
chr1	1086681	1086682	41	0.0
chr1	1086721	1086722	32	0.0613
chr1	1086745	1086746	32	0.1464
chr1	1086766	1086767	40	0.0084
chr1	1086807	1086808	42	0.1657
chr1	1086841	1086842	45	0.0716
chr1	1086941	1086942	31	0.0012
chr1	1087041	1087042	32	0.1352
chr1	1087100	1087101	41	0.2304
chr1	1087200	1087201	47	0.0107
chr1	1087257	1087258	38	0.141
chr1	1087357	1087358	35	0.0933
chr1	1087428	1087429	47	0.1141
chr1	1087524	1087525	47	0.0706
chr1	1087570	1087571	37	0.7615
chr1	1087590	1087591	40	0.6591
chr1	1087640	1087641	35	0.8283
chr1	1087656	1087657	34	0.7813
chr1	1087688	1087689	43	0.8148
chr1	1087707	1087708	46	0.7132
chr1	1087744	1087745	37	0.8356
chr1	1087771	1087772	36	0.7081
chr1	1087786	1087787	51	0.8207
chr1	1087802	1087803	32	0.7795
chr1	1087821	1087822	45	0.7486
chr1	1087845	1087846	43	0.7511
chr1	1087875	1087876	47	0.889
chr1	1087890	1087891	44	0.7406
chr1	1087929	1087930	38	0.7776
chr1	1087979	1087980	47	0.7552
chr1	1088008	1088009	38	0.7689
chr1	1088025	1088026	36	0.792
chr1	1088040	1088041	39	0.6898
chr1	1088123	1088124	44	0.9206
chr1	1088223	1088224	46	0.7261
chr1	1088295	1088296	34	0.7807
chr1	1088395	1088396	39	0.8001
chr1	1088495	1088496	41	0.7968
chr1	1088507	1088508	40	0.8112
chr1	1088525	1088526	37	0.8338
chr1	1088543	1088544	42	0.7152
chr1	1088593	1088594	39	0.5514
chr1	1088643	1088644	36	0.3921
chr1	1088670	1088671	33	0.5853
chr1	1088705	1088706	44	0.3819
chr1	1088755	1088756	37	0.3242
chr1	1088774	1088775	34	0.4353
chr1	1088792	1088793	44	0.6398
chr1	1088816	1088817	43	0.7053
chr1	1088841	1088842	38	0.2808
chr1	1088887	1088888	34	0.1999
chr1	1088921	1088922	38	0.8329
chr1	1088936	1088937	35	0.5711
chr1	1088972	1088973	38	0.728
chr1	1089013	1089014	38	0.2879
chr1	1089028	1089029	34	0.323
chr1	1089078	1089079	46	0.3
chr1	1089084	1089085	37	0.6671
chr1	1089178	1089179	47	0.4837
chr1	1089228	1089229	33	0.2399
chr1	1089328	1089329	35	0.4681
chr1	1089428	1089429	40	0.822
chr1	1089528	1089529	43	0.6971
chr1	1089589	1089590	35	0.3058
chr1	1089720	1089721	42	0.8133
chr1	1089735	1089736	47	0.7374
chr1	1089767	1089768	36	0.8213
chr1	1089785	1089786	32	0.9154
chr1	1089800	1089801	29	0.6732
chr1	1089828	1089829	42	0.9292
chr1	1089843	1089844	31	0.8619
chr1	1089873	1089874	44	0.7414
chr1	1089896	1089897	41	0.9303
chr1	1089939	1089940	44	0.8515
chr1	1089962	1089963	37	0.744
chr1	1089991	1089992	42	0.5737
chr1	1090020	1090021	45	0.8027
chr1	1090070	1090071	40	0.8805
chr1	1090097	1090098	42	0.8607
chr1	1090112	1090113	37	0.8199
chr1	1090134	1090135	38	0.9049
chr1	1090169	1090170	41	0.8474
chr1	1090219	1090220	36	0.7408
chr1	1090227	1090228	38	0.8746
chr1	1090327	1090328	38	0.7969
chr1	1090427	1090428	31	0.6725
chr1	1090527	1090528	42	0.6982
chr1	1090627	1090628	38	0.762
chr1	1090685	1090686	47	0.7409
chr1	1090730	1090731	48	0.7693
chr1	1090751	1090752	33	0.8111
chr1	1090801	1090802	47	0.7607
chr1	1090828	1090829	41	0.8514
chr1	1090843	1090844	32	0.912
chr1	1090871	1090872	47	0.9294
chr1	1090893	1090894	44	0.8039
chr1	1090914	1090915	38	0.9012
chr1	1090941	1090942	42	0.9534
chr1	1090961	1090962	34	0.8609
chr1	1091011	1091012	38	0.6995
chr1	1091049	1091050	42	0.9092
chr1	1091093	1091094	30	0.893
chr1	1091121	1091122	41	0.6115
chr1	1091127	1091128	41	0.8137
chr1	1091227	1091228	43	0.9185
chr1	1091279	1091280	35	0.8531
chr1	1091379	1091380	38	0.8172
chr1	1091429	1091430	40	0.9037
chr1	1091507	1091508	46	0.8419
chr1	1091519	1091520	42	0.9217
chr1	1091567	1091568	31	0.6633
chr1	1091617	1091618	38	0.7336
chr1	1091632	1091633	37	0.6467
chr1	1091667	1091668	38	0.8217
chr1	1091712	1091713	45	0.7188
chr1	1091734	1091735	30	0.6865
chr1	1091761	1091762	43	0.6209
chr1	1091791	1091792	42	0.6454
chr1	1091819	1091820	34	0.649
chr1	1091847	1091848	35	0.6161
chr1	1091870	1091871	36	0.7397
chr1	1091920	1091921	47	0.765
chr1	1091949	1091950	32	0.7241
chr1	1091970	1091971	54	0.5956
chr1	1092020	1092021	42	0.6336
chr1	1092040	1092041	47	0.4845
chr1	1092074	1092075	33	0.5627
chr1	1092100	1092101	39	0.4973
chr1	1092132	1092133	43	0.5298
chr1	1092147	1092148	38	0.6046
chr1	1092247	1092248	45	0.5579
chr1	1092347	1092348	28	0.5533
chr1	1092414	1092415	36	0.6682
chr1	1092514	1092515	43	0.6739
chr1	1092614	1092615	38	0.6263
chr1	1092714	1092715	49	0.6458
chr1	1092734	1092735	44	0.6727
chr1	1092771	1092772	36	0.119
chr1	1092786	1092787	23	0.1818
chr1	1092801	1092802	39	0.0356
chr1	1092834	1092835	38	0.0707
chr1	1092877	1092878	39	0.1638
chr1	1092919	1092920	26	0.1973
chr1	1092934	1092935	32	0.1007
chr1	1092955	1092956	38	0.1839
chr1	1092998	1092999	44	0.1173
chr1	1093029	1093030	48	0.2131
chr1	1093056	1093057	45	0.0789
chr1	1093085	1093086	33	0.0862
chr1	1093106	1093107	35	0.2086
chr1	1093121	1093122	34	0.2578
chr1	1093136	1093137	37	0.1971
chr1	1093174	1093175	39	0.1256
chr1	1093197	1093198	31	0.2677
chr1	1093247	1093248	42	0.0177
chr1	1093277	1093278	38	0.2404
chr1	1093287	1093288	33	0.0991
chr1	1093387	1093388	48	0.2047
chr1	1093487	1093488	42	0.0825
chr1	1093567	1093568	46	0.1229
chr1	1093624	1093625	37	0.196
chr1	1093681	1093682	37	0.1341
chr1	1093768	1093769	37	0.2553
chr1	1093798	1093799	36	0.2445
chr1	1093817	1093818	35	0.0
chr1	1093832	1093833	40	0.0
chr1	1093864	1093865	35	0.0
chr1	1093879	1093880	44	0.0
chr1	1093911	1093912	47	0.1856
chr1	1093961	1093962	35	0.1156
chr1	1093997	1093998	32	0.0762
chr1	1094047	1094048	51	0.1418
chr1	1094076	1094077	47	0.0152
chr1	1094126	1094127	41	0.1269
chr1	1094145	1094146	43	0.1927
chr1	1094184	1094185	28	0.2465
chr1	1094229	1094230	38	0.2382
chr1	1094245	1094246	33	0.0743
chr1	1094273	1094274	39	0.2618
chr1	1094333	1094334	34	0.0
chr1	1094353	1094354	42	0.1484
chr1	1094372	1094373	43	0.1276
chr1	1094472	1094473	35	0.0666
chr1	1094572	1094573	45	0.2584
chr1	1094653	1094654	39	0.1444
chr1	1094753	1094754	41	0.1672
chr1	1094852	1094853	40	0.0
chr1	1094920	1094921	39	0.0908
chr1	1094932	1094933	38	0.0402
chr1	1094937	1094938	42	0.6689
chr1	1094987	1094988	42	0.7275
chr1	1095037	1095038	34	0.8279
chr1	1095087	1095088	45	0.6946
chr1	1095113	1095114	38	0.622
chr1	1095130	1095131	43	0.8142
chr1	1095148	1095149	42	0.6275
chr1	1095187	1095188	48	0.5138
chr1	1095222	1095223	43	0.875
chr1	1095241	1095242	37	0.6948
chr1	1095264	1095265	38	0.7685
chr1	1095296	1095297	37	0.6403
chr1	1095319	1095320	38	0.6754
chr1	1095348	1095349	39	0.6997
chr1	1095375	1095376	38	0.7116
chr1	1095403	1095404	39	0.6724
chr1	1095425	1095426	25	0.6362
chr1	1095448	1095449	38	0.5983
chr1	1095489	1095490	30	0.7402
chr1	1095589	1095590	41	0.6179
chr1	1095680	1095681	38	0.7309
chr1	1095780	1095781	46	0.5204
chr1	1095841	1095842	41	0.6201
chr1	1095934	1095935	45	0.5881
chr1	1096026	1096027	39	0.6611
chr1	1096030	1096031	43	0.5385
chr1	1096074	1096075	41	0.6226
chr1	1096190	1096191	42	0.672
chr1	1096228	1096229	46	0.8045
chr1	1096304	1096305	43	0.6309
chr1	1096324	1096325	46	0.654
chr1	1096484	1096485	28	0.6332
chr1	1096490	1096491	39	0.687
chr1	1096495	1096496	42	0.9306
chr1	1096543	1096544	38	0.7213
chr1	1096558	1096559	40	0.5456
chr1	1096595	1096596	33	0.6249
chr1	1096630	1096631	32	0.5929
chr1	1096665	1096666	39	0.6295
chr1	1096680	1096681	27	0.6412
chr1	1096730	1096731	39	0.6185
chr1	1096773	1096774	40	0.5991
chr1	1096798	1096799	40	0.6263
chr1	1096820	1096821	48	0.5955
chr1	1096835	1096836	39	0.9246
chr1	1096885	1096886	46	0.4515
chr1	1096931	1096932	37	0.7975
chr1	1096981	1096982	44	0.6783
chr1	1096999	1097000	45	0.7599
chr1	1097025	1097026	34	0.763
chr1	1097125	1097126	38	0.6454
chr1	1097225	1097226	38	0.7106
chr1	1097325	1097326	41	0.7458
chr1	1097390	1097391	38	0.7787
chr1	1097465	1097466	38	0.6748
chr1	1097527	1097528	41	0.7727
chr1	1097589	1097590	44	0.6324
chr1	1097631	1097632	40	0.8022
chr1	1097717	1097718	42	0.6533
chr1	1097723	1097724	43	0.7103
chr1	1097865	1097866	39	0.8912
chr1	1097898	1097899	40	0.894
chr1	1097932	1097933	44	0.7565
chr1	1097982	1097983	37	0.7898
chr1	1098032	1098033	35	0.7914
chr1	1098052	1098053	35	0.8118
chr1	1098081	1098082	39	0.8238
chr1	1098096	1098097	43	0.8858
chr1	1098117	1098118	43	0.7819
chr1	1098138	1098139	37	0.877
chr1	1098153	1098154	42	0.7896
chr1	1098189	1098190	42	0.762
chr1	1098215	1098216	43	0.802
chr1	1098234	1098235	34	0.7763
chr1	1098264	1098265	42	0.7383
chr1	1098288	1098289	40	0.8359
chr1	1098303	1098304	43	0.7474
chr1	1098331	1098332	40	0.8774
chr1	1098360	1098361	39	0.7758
chr1	1098379	1098380	33	0.8924
chr1	1098407	1098408	41	0.9238
chr1	1098422	1098423	30	0.7287
chr1	1098427	1098428	41	0.6439
chr1	1098527	1098528	40	0.8592
chr1	1098590	1098591	36	0.7387
chr1	1098687	1098688	41	0.872
chr1	1098764	1098765	35	0.7225
chr1	1098864	1098865	41	0.7949
chr1	1098946	1098947	38	0.7041
chr1	1098990	1098991	43	0.3388
chr1	1099010	1099011	40	0.3778
chr1	1099035	1099036	33	0.3263
chr1	1099062	1099063	45	0.4978
chr1	1099112	1099113	35	0.33
chr1	1099157	1099158	33	0.3583
chr1	1099207	1099208	48	0.1768
chr1	1099230	1099231	32	0.1976
chr1	1099254	1099255	32	0.2598
chr1	1099269	1099270	44	0.3826
chr1	1099319	1099320	44	0.318
chr1	1099346	1099347	46	0.3013
chr1	1099386	1099387	37	0.3246
chr1	1099432	1099433	43	0.3215
chr1	1099447	1099448	42	0.2221
chr1	1099470	1099471	43	0.1854
chr1	1099497	1099498	36	0.424
chr1	1099597	1099598	42	0.2545
chr1	1099697	1099698	39	0.3713
chr1	1099764	1099765	40	0.3462
chr1	1099864	1099865	50	0.3904
chr1	1099960	1099961	29	0.3883
chr1	1100030	1100031	39	0.283
chr1	1100032	1100033	39	0.2292
chr1	1100041	1100042	31	0.2441
chr1	1100091	1100092	37	0.243
chr1	1100108	1100109	30	0.3313
chr1	1100132	1100133	43	0.1326
chr1	1100182	1100183	35	0.1187
chr1	1100214	1100215	40	0.2178
chr1	1100237	1100238	37	0.1954
chr1	1100273	1100274	41	0.1944
chr1	1100302	1100303	44	0.2949
chr1	1100332	1100333	43	0.2113
chr1	1100347	1100348	44	0.263
chr1	1100394	1100395	45	0.2799
chr1	1100422	1100423	34	0.1616
chr1	1100472	1100473	48	0.2357
chr1	1100476	1100477	38	0.3482
chr1	1100576	1100577	37	0.2749
chr1	1100676	1100677	47	0.2639
chr1	1100726	1100727	39	0.0307
chr1	1100776	1100777	33	0.2175
chr1	1100874	1100875	33	0.1161
chr1	1101048	1101049	43	0.2639
chr1	1101056	1101057	38	0.2493
chr1	1101058	1101059	37	0.0651
chr1	1101072	1101073	46	0.1495
chr1	1101340	1101341	40	0.2479
chr1	1101362	1101363	37	0.2586
chr1	1101397	1101398	33	0.6494
chr1	1101412	1101413	46	0.669
chr1	1101460	1101461	33	0.6235
chr1	1101481	1101482	42	0.7661
chr1	1101531	1101532	39	0.8424
chr1	1101581	1101582	42	0.9153
chr1	1101631	1101632	35	0.7965
chr1	1101655	1101656	38	0.6081
chr1	1101690	1101691	45	0.8934
chr1	1101709	1101710	56	0.7952
chr1	1101724	1101725	35	0.7905
chr1	1101763	1101764	42	0.7165
chr1	1101793	1101794	38	0.7561
chr1	1101815	1101816	45	0.7994
chr1	1101830	1101831	28	0.6894
chr1	1101845	1101846	42	0.774
chr1	1101863	1101864	37	0.7175
chr1	1101899	1101900	35	0.7791
chr1	1101945	1101946	36	0.8908
chr1	1101970	1101971	39	0.7148
chr1	1101971	1101972	38	0.9764
chr1	1102071	1102072	40	0.7985
chr1	1102171	1102172	34	0.7468
chr1	1102271	1102272	38	0.6447
chr1	1102331	1102332	35	0.7845
chr1	1102431	1102432	41	0.7572
chr1	1102531	1102532	45	0.8271
chr1	1102585	1102586	34	0.8623
chr1	1102603	1102604	40	0.7739
chr1	1102617	1102618	34	0.7873
chr1	1102667	1102668	42	0.8202
chr1	1102717	1102718	44	0.7802
chr1	1102767	1102768	42	0.7756
chr1	1102786	1102787	41	0.7091
chr1	1102801	1102802	39	0.8053
chr1	1102850	1102851	43	0.8162
chr1	1102900	1102901	40	0.7771
chr1	1102915	1102916	42	0.8289
chr1	1102934	1102935	48	0.736
chr1	1102965	1102966	34	0.6442
chr1	1102980	1102981	36	0.7869
chr1	1103009	1103010	36	0.8081
chr1	1103049	1103050	39	0.9396
chr1	1103088	1103089	35	0.7521
chr1	1103116	1103117	44	0.848
chr1	1103166	1103167	44	0.7112
chr1	1103176	1103177	39	0.6859
chr1	1103226	1103227	40	0.7673
chr1	1103325	1103326	39	0.849
chr1	1103375	1103376	48	0.6956
chr1	1103447	1103448	47	0.847
chr1	1103524	1103525	44	0.5696
chr1	1103624	1103625	47	0.6262
chr1	1103724	1103725	23	0.6081
chr1	1103770	1103771	38	0.6785
chr1	1103780	1103781	40	0.7597
chr1	1103793	1103794	39	0.591
chr1	1103813	1103814	41	0.4858
chr1	1103845	1103846	40	0.559
chr1	1103895	1103896	48	0.7008
chr1	1103925	1103926	46	0.5743
chr1	1103951	1103952	40	0.5767
chr1	1103973	1103974	38	0.5571
chr1	1103990	1103991	30	0.5022
chr1	1104012	1104013	34	0.5532
chr1	1104045	1104046	34	0.5557
chr1	1104062	1104063	41	0.504
chr1	1104099	1104100	37	0.6606
chr1	1104122	1104123	32	0.604
chr1	1104148	1104149	45	0.6367
chr1	1104177	1104178	39	0.6537
chr1	1104194	1104195	38	0.7022
chr1	1104244	1104245	36	0.6938
chr1	1104268	1104269	37	0.5617
chr1	1104283	1104284	38	0.7595
chr1	1104300	1104301	32	0.4451
chr1	1104338	1104339	49	0.5361
chr1	1104358	1104359	33	0.5583
chr1	1104458	1104459	42	0.5291
chr1	1104524	1104525	34	0.5877
chr1	1104624	1104625	41	0.4683
chr1	1104724	1104725	36	0.6173
chr1	1104819	1104820	47	0.6546
chr1	1104919	1104920	35	0.5814
chr1	1104957	1104958	35	0.5861
chr1	1106095	1106096	42	0.8864
chr1	1106110	1106111	30	0.7774
chr1	1106142	1106143	40	0.8463
chr1	1106172	1106173	40	0.7651
chr1	1106192	1106193	41	0.72
chr1	1106216	1106217	37	0.6257
chr1	1106266	1106267	33	0.6629
chr1	1106301	1106302	35	0.8165
chr1	1106327	1106328	24	0.7686
chr1	1106352	1106353	42	0.5777
chr1	1106400	1106401	38	0.6609
chr1	1106443	1106444	42	0.779
chr1	1106463	1106464	39	0.7605
chr1	1106482	1106483	45	0.6306
chr1	1106532	1106533	40	0.737
chr1	1106557	1106558	45	0.7974
chr1	1106589	1106590	42	0.7204
chr1	1106614	1106615	48	0.8172
chr1	1106619	1106620	36	0.6019
chr1	1106716	1106717	37	0.6432
chr1	1106816	1106817	39	0.6598
chr1	1106916	1106917	44	0.646
chr1	1106981	1106982	28	0.7061
chr1	1107048	1107049	46	0.785
chr1	1107110	1107111	41	0.8515
chr1	1107118	1107119	33	0.8057
chr1	1107125	1107126	42	0.5449
chr1	1107149	1107150	41	0.4224
chr1	1107186	1107187	45	0.4804
chr1	1107203	1107204	34	0.2694
chr1	1107232	1107233	39	0.4649
chr1	1107256	1107257	39	0.5061
chr1	1107279	1107280	36	0.4837
chr1	1107329	1107330	37	0.4338
chr1	1107372	1107373	40	0.3697
chr1	1107387	1107388	32	0.492
chr1	1107423	1107424	44	0.3823
chr1	1107438	1107439	41	0.4194
chr1	1107453	1107454	48	0.3189
chr1	1107468	1107469	51	0.4965
chr1	1107494	1107495	40	0.5182
chr1	1107512	1107513	35	0.5046
chr1	1107533	1107534	38	0.3418
chr1	1107564	1107565	31	0.4694
chr1	1107597	1107598	38	0.3988
chr1	1107697	1107698	32	0.5335
chr1	1107757	1107758	45	0.4199
chr1	1107819	1107820	32	0.4619
chr1	1107919	1107920	41	0.4035
chr1	1107969	1107970	39	0.4091
chr1	1107991	1107992	44	0.6058
chr1	1108069	1108070	44	0.4151
chr1	1108073	1108074	46	0.4483
chr1	1108089	1108090	39	0.3278
chr1	1108173	1108174	39	0.491
chr1	1108341	1108342	44	0.3085
chr1	1108409	1108410	45	0.4665
chr1	1108443	1108444	40	0.3043
chr1	1108447	1108448	33	0.3782
chr1	1108452	1108453	32	0.2082
chr1	1108496	1108497	39	0.0892
chr1	1108546	1108547	39	0.0412
chr1	1108570	1108571	48	0.0
chr1	1108596	1108597	29	0.0984
chr1	1108620	1108621	46	0.0
chr1	1108635	1108636	39	0.0415
chr1	1108664	1108665	39	0.2221
chr1	1108698	1108699	37	0.0705
chr1	1108713	1108714	36	0.0702
chr1	1108728	1108729	32	0.0886
chr1	1108745	1108746	46	0.0721
chr1	1108795	1108796	41	0.1935
chr1	1108812	1108813	44	0.1035
chr1	1108856	1108857	36	0.0237
chr1	1108877	1108878	37	0.007
chr1	1108950	1108951	40	0.0
chr1	1109050	1109051	42	0.0752
chr1	1109144	1109145	37	0.0987
chr1	1109194	1109195	35	0.0
chr1	1109294	1109295	33	0.0915
chr1	1109344	1109345	33	0.1727
chr1	1109392	1109393	38	0.1249
chr1	1109542	1109543	51	0.1044
chr1	1109562	1109563	30	0.1737
chr1	1109572	1109573	34	0.0723
chr1	1109674	1109675	36	0.2011
chr1	1109700	1109701	40	0.0006
chr1	1109730	1109731	44	0.1165
chr1	1109744	1109745	38	0.1448
chr1	1109766	1109767	29	0.1543
chr1	1109810	1109811	35	0.0714
chr1	1109836	1109837	41	0.1205
chr1	1109866	1109867	40	0.1031
chr1	1109916	1109917	41	0.1368
chr1	1109955	1109956	46	0.0537
chr1	1109996	1109997	30	0.0957
chr1	1110021	1110022	40	0.0953
chr1	1110071	1110072	29	0.2412
chr1	1110088	1110089	52	0.0311
chr1	1110110	1110111	50	0.081
chr1	1110154	1110155	33	0.0925
chr1	1110186	1110187	42	0.1872
chr1	1110194	1110195	23	0.2825
chr1	1110294	1110295	42	0.0
chr1	1110376	1110377	30	0.2064
chr1	1110476	1110477	43	0.0946
chr1	1110542	1110543	47	0.0784
chr1	1110630	1110631	49	0.2669
chr1	1110654	1110655	41	0.7207
chr1	1110679	1110680	33	0.7496
chr1	1110711	1110712	38	0.9273
chr1	1110751	1110752	41	0.7735
chr1	1110797	1110798	29	0.7752
chr1	1110847	1110848	33	0.6646
chr1	1110897	1110898	39	0.6387
chr1	1110947	1110948	41	0.7142
chr1	1110997	1110998	39	0.7518
chr1	1111026	1111027	31	0.6923
chr1	1111075	1111076	43	0.6637
chr1	1111114	1111115	47	0.7496
chr1	1111143	1111144	39	0.7439
chr1	1111153	1111154	45	0.7064
chr1	1111253	1111254	34	0.7359
chr1	1111353	1111354	37	0.8257
chr1	1111425	1111426	44	0.8743
chr1	1111484	1111485	38	0.724
chr1	1111534	1111535	45	0.8551
chr1	1111634	1111635	39	0.7919
chr1	1111728	1111729	26	0.6784
chr1	1111763	1111764	38	0.6671
chr1	1111795	1111796	45	0.6918
chr1	1111812	1111813	43	0.6765
chr1	1111827	1111828	38	0.6402
chr1	1111877	1111878	48	0.7917
chr1	1111916	1111917	42	0.7334
chr1	1111942	1111943	38	0.8831
chr1	1111969	1111970	36	0.762
chr1	1111988	1111989	42	0.777
chr1	1112011	1112012	31	0.748
chr1	1112044	1112045	37	0.858
chr1	1112085	1112086	39	0.7934
chr1	1112113	1112114	37	0.8278
chr1	1112135	1112136	38	0.6542
chr1	1112185	1112186	43	0.6183
chr1	1112220	1112221	47	0.8137
chr1	1112235	1112236	36	0.7643
chr1	1112335	1112336	45	0.808
chr1	1112389	1112390	39	0.6347
chr1	1112489	1112490	31	0.7339
chr1	1112555	1112556	51	0.7302
chr1	1112655	1112656	36	0.6134
chr1	1112711	1112712	36	0.7299
chr1	1112758	1112759	38	0.3493
chr1	1112784	1112785	30	0.2113
chr1	1112834	1112835	46	0.2375
chr1	1112884	1112885	39	0.2677
chr1	1112910	1112911	37	0.1955
chr1	1112954	1112955	35	0.2069
chr1	1112990	1112991	37	0.2703
chr1	1113016	1113017	40	0.383
chr1	1113041	1113042	32	0.3465
chr1	1113063	1113064	39	0.2305
chr1	1113113	1113114	32	0.3358
chr1	1113126	1113127	38	0.3358
chr1	1113201	1113202	35	0.147
chr1	1113280	1113281	33	0.3288
chr1	1113350	1113351	35	0.2575
chr1	1113450	1113451	40	0.1538
chr1	1113454	1113455	41	0.276
chr1	1113526	1113527	33	0.4189
chr1	1113531	1113532	45	0.8909
chr1	1113548	1113549	34	0.8642
chr1	1113579	1113580	44	0.8709
chr1	1113595	1113596	37	0.9543
chr1	1113610	1113611	30	0.8975
chr1	1113631	1113632	41	0.9355
chr1	1113668	1113669	40	1.0
chr1	1113695	1113696	39	0.8725
chr1	1113711	1113712	40	0.9991
chr1	1113727	1113728	45	0.942
chr1	1113777	1113778	39	0.8852
chr1	1113822	1113823	47	0.8697
chr1	1113864	1113865	33	0.9084
chr1	1113910	1113911	43	0.8468
chr1	1113959	1113960	42	0.9052
chr1	1113980	1113981	37	0.9186
chr1	1114001	1114002	42	1.0
chr1	1114100	1114101	44	0.8365
chr1	1114200	1114201	36	0.8542
chr1	1114288	1114289	31	0.8738
chr1	1114346	1114347	38	0.9645
chr1	1114411	1114412	39	0.9879
chr1	1114447	1114448	35	0.9831
chr1	1114459	1114460	39	0.884
chr1	1114469	1114470	45	0.9532
chr1	1114561	1114562	45	0.9117
chr1	1114587	1114588	45	0.6328
chr1	1114597	1114598	44	0.9774
chr1	1114679	1114680	40	0.8589
chr1	1114717	1114718	25	0.8285
chr1	1114875	1114876	34	0.7295
chr1	1114909	1114910	38	0.7
chr1	1114929	1114930	37	0.2357
chr1	1114955	1114956	48	0.2179
chr1	1114973	1114974	40	0.2749
chr1	1115023	1115024	56	0.3935
chr1	1115059	1115060	39	0.1415
chr1	1115076	1115077	38	0.4084
chr1	1115102	1115103	42	0.4297
chr1	1115136	1115137	37	0.3796
chr1	1115161	1115162	31	0.3888
chr1	1115176	1115177	45	0.3223
chr1	1115215	1115216	43	0.2223
chr1	1115237	1115238	35	0.2793
chr1	1115252	1115253	41	0.1763
chr1	1115297	1115298	39	0.2578
chr1	1115338	1115339	44	0.424
chr1	1115363	1115364	38	0.2754
chr1	1115392	1115393	29	0.3099
chr1	1115419	1115420	43	0.336
chr1	1115434	1115435	42	0.2064
chr1	1115452	1115453	36	0.4179
chr1	1115457	1115458	39	0.3609
chr1	1115557	1115558	40	0.3545
chr1	1115657	1115658	38	0.3606
chr1	1115757	1115758	43	0.4007
chr1	1115807	1115808	34	0.2532
chr1	1115907	1115908	40	0.2899
chr1	1116005	1116006	37	0.3275
chr1	1116025	1116026	35	0.8379
chr1	1116044	1116045	46	0.7483
chr1	1116060	1116061	39	0.8031
chr1	1116099	1116100	45	0.843
chr1	1116149	1116150	37	0.785
chr1	1116184	1116185	36	0.7907
chr1	1116234	1116235	37	0.7926
chr1	1116284	1116285	36	0.7866
chr1	1116328	1116329	39	0.9197
chr1	1116364	1116365	40	0.9975
chr1	1116411	1116412	44	0.7928
chr1	1116433	1116434	33	0.8564
chr1	1116451	1116452	43	0.8823
chr1	1116477	1116478	43	0.7247
chr1	1116527	1116528	33	0.6603
chr1	1116559	1116560	33	0.7509
chr1	1116565	1116566	39	0.7767
chr1	1116644	1116645	47	0.7777
chr1	1116721	1116722	33	0.6273
chr1	1116821	1116822	37	0.8697
chr1	1116871	1116872	44	0.9486
chr1	1116961	1116962	42	0.6157
chr1	1117061	1117062	38	0.6584
chr1	1117063	1117064	30	0.8666
chr1	1117121	1117122	33	0.8249
chr1	1117156	1117157	35	0.027
chr1	1117178	1117179	40	0.0669
chr1	1117193	1117194	30	0.098
chr1	1117243	1117244	42	0.0882
chr1	1117258	1117259	47	0.1847
chr1	1117308	1117309	39	0.168
chr1	1117358	1117359	40	0.1151
chr1	1117379	1117380	39	0.0691
chr1	1117416	1117417	39	0.0895
chr1	1117435	1117436	38	0.097
chr1	1117466	1117467	40	0.0147
chr1	1117505	1117506	51	0.0322
chr1	1117520	1117521	37	0.1007
chr1	1117562	1117563	36	0.0
chr1	1117577	1117578	41	0.1781
chr1	1117627	1117628	34	0.0
chr1	1117645	1117646	32	0.0
chr1	1117704	1117705	38	0.0522
chr1	1117754	1117755	33	0.2589
chr1	1117827	1117828	36	0.1503
chr1	1117927	1117928	38	0.0
chr1	1118027	1118028	43	0.1546
chr1	1118077	1118078	41	0.1581
chr1	1118083	1118084	52	0.1446
chr1	1118113	1118114	29	0.7849
chr1	1118132	1118133	28	0.7932
chr1	1118152	1118153	47	0.6544
chr1	1118202	1118203	33	0.8027
chr1	1118252	1118253	40	0.8651
chr1	1118285	1118286	37	0.7096
chr1	1118324	1118325	36	0.6986
chr1	1118361	1118362	40	0.7084
chr1	1118392	1118393	44	0.7533
chr1	1118425	1118426	41	0.9458
chr1	1118446	1118447	41	0.7289
chr1	1118479	1118480	40	0.7966
chr1	1118504	1118505	38	0.9601
chr1	1118533	1118534	49	0.6899
chr1	1118633	1118634	36	0.7042
chr1	1118693	1118694	30	0.7794
chr1	1118793	1118794	34	0.9136
chr1	1118860	1118861	28	0.7376
chr1	1118874	1118875	37	0.6668
chr1	1118928	1118929	31	0.7087
chr1	1118936	1118937	36	0.7898
chr1	1118955	1118956	40	0.6607
chr1	1119000	1119001	44	0.6879
chr1	1119050	1119051	42	0.569
chr1	1119074	1119075	37	0.833
chr1	1119124	1119125	36	0.6588
chr1	1119171	1119172	36	0.6921
chr1	1119221	1119222	48	0.8795
chr1	1119252	1119253	42	0.7787
chr1	1119282	1119283	37	0.8024
chr1	1119298	1119299	38	0.7682
chr1	1119316	1119317	40	0.7831
chr1	1119342	1119343	33	0.5669
chr1	1119376	1119377	48	0.6721
chr1	1119476	1119477	38	0.6447
chr1	1119526	1119527	35	0.7794
chr1	1119626	1119627	36	0.7591
chr1	1119676	1119677	32	0.7524
chr1	1119776	1119777	29	0.5996
chr1	1119850	1119851	33	0.6602
chr1	1119908	1119909	37	0.8361
chr1	1120010	1120011	41	0.8828
chr1	1120026	1120027	42	0.6387
chr1	1120068	1120069	44	0.802
chr1	1120072	1120073	46	0.7055
chr1	1120080	1120081	41	0.8113
chr1	1120136	1120137	45	0.6661
chr1	1120206	1120207	45	0.7713
chr1	1120248	1120249	44	0.859
chr1	1120263	1120264	48	0.827
chr1	1120278	1120279	39	0.7826
chr1	1120295	1120296	43	0.6811
chr1	1120335	1120336	44	0.6679
chr1	1120383	1120384	31	0.8528
chr1	1120399	1120400	36	0.6262
chr1	1120417	1120418	39	0.8246
chr1	1120434	1120435	44	0.5759
chr1	1120473	1120474	36	0.6411
chr1	1120496	1120497	47	0.7447
chr1	1120525	1120526	37	0.8554
chr1	1120540	1120541	44	0.8466
chr1	1120563	1120564	40	0.7379
chr1	1120588	1120589	36	0.8535
chr1	1120638	1120639	30	0.8549
chr1	1120657	1120658	47	0.9324
chr1	1120687	1120688	34	0.7821
chr1	1120787	1120788	42	0.7374
chr1	1120887	1120888	42	0.8153
chr1	1120980	1120981	44	0.8637
chr1	1121174	1121175	40	0.7507
chr1	1121197	1121198	45	0.8538
chr1	1121224	1121225	44	0.7956
chr1	1121271	1121272	34	0.7531
chr1	1121299	1121300	42	0.7788
chr1	1121331	1121332	43	0.8425
chr1	1121350	1121351	40	0.7434
chr1	1121378	1121379	40	0.8376
chr1	1121403	1121404	38	0.6378
chr1	1121423	1121424	29	0.6715
chr1	1121456	1121457	33	0.7297
chr1	1121471	1121472	39	0.6501
chr1	1121512	1121513	39	0.7055
chr1	1121562	1121563	36	0.8393
chr1	1121592	1121593	49	0.7681
chr1	1121642	1121643	43	0.7711
chr1	1121652	1121653	43	0.8058
chr1	1121752	1121753	44	0.7327
chr1	1121802	1121803	37	0.8765
chr1	1121902	1121903	37	0.7297
chr1	1121967	1121968	29	0.8372
chr1	1122067	1122068	41	0.875
chr1	1122161	1122162	44	0.7777
chr1	1122194	1122195	38	0.7559
chr1	1122244	1122245	40	0.7642
chr1	1122294	1122295	35	0.9564
chr1	1122339	1122340	40	0.6807
chr1	1122383	1122384	34	0.784
chr1	1122417	1122418	35	0.5905
chr1	1122440	1122441	34	0.6448
chr1	1122490	1122491	38	0.7407
chr1	1122505	1122506	35	0.7969
chr1	1122523	1122524	35	0.7933
chr1	1122571	1122572	48	0.6857
chr1	1122621	1122622	33	0.6709
chr1	1122671	1122672	48	0.7042
chr1	1122692	1122693	38	0.8316
chr1	1122727	1122728	41	0.7251
chr1	1122742	1122743	32	0.8471
chr1	1122748	1122749	42	0.8281
chr1	1122848	1122849	40	0.7555
chr1	1122909	1122910	41	0.713
chr1	1123009	1123010	36	0.7498
chr1	1123109	1123110	41	0.7383
chr1	1123209	1123210	36	0.718
chr1	1123223	1123224	48	0.7836
chr1	1123275	1123276	44	0.8654
chr1	1123310	1123311	49	0.0729
chr1	1123340	1123341	45	0.1071
chr1	1123390	1123391	43	0.0231
chr1	1123432	1123433	36	0.0431
chr1	1123482	1123483	36	0.1704
chr1	1123511	1123512	34	0.2677
chr1	1123535	1123536	36	0.0
chr1	1123555	1123556	48	0.0939
chr1	1123575	1123576	29	0.0288
chr1	1123625	1123626	47	0.0702
chr1	1123675	1123676	41	0.2304
chr1	1123717	1123718	41	0.1862
chr1	1123740	1123741	43	0.1292
chr1	1123759	1123760	41	0.1387
chr1	1123839	1123840	38	0.1553
chr1	1123939	1123940	32	0.1357
chr1	1124039	1124040	49	0.1902
chr1	1124139	1124140	39	0.0
chr1	1124187	1124188	41	0.1387
chr1	1124208	1124209	44	0.1682
chr1	1124249	1124250	37	0.2268
chr1	1124274	1124275	39	0.1353
chr1	1124324	1124325	54	0.0601
chr1	1124356	1124357	37	0.0
chr1	1124406	1124407	45	0.1568
chr1	1124421	1124422	38	0.0948
chr1	1124454	1124455	45	0.2379
chr1	1124504	1124505	40	0.0614
chr1	1124554	1124555	34	0.1984
chr1	1124569	1124570	36	0.2638
chr1	1124607	1124608	34	0.0928
chr1	1124634	1124635	41	0.0
chr1	1124656	1124657	49	0.2352
chr1	1124756	1124757	30	0.082
chr1	1124832	1124833	37	0.0762
chr1	1124902	1124903	41	0.0284
chr1	1125002	1125003	37	0.0305
chr1	1125092	1125093	31	0.1418
chr1	1125178	1125179	35	0.2562
chr1	1125201	1125202	35	0.77
chr1	1125242	1125243	42	0.8041
chr1	1125269	1125270	42	0.819
chr1	1125319	1125320	45	0.9054
chr1	1125361	1125362	45	0.7866
chr1	1125411	1125412	35	0.6825
chr1	1125430	1125431	41	0.7178
chr1	1125459	1125460	36	0.8176
chr1	1125489	1125490	40	0.9594
chr1	1125515	1125516	44	0.8211
chr1	1125565	1125566	45	0.6927
chr1	1125596	1125597	48	0.8656
chr1	1125640	1125641	40	0.8943
chr1	1125662	1125663	41	0.7569
chr1	1125685	1125686	43	0.893
chr1	1125735	1125736	36	0.848
chr1	1125835	1125836	34	0.9269
chr1	1125911	1125912	42	1.0
chr1	1125984	1125985	38	0.7666
chr1	1126060	1126061	44	0.8794
chr1	1126138	1126139	37	0.8278
chr1	1126192	1126193	36	0.7027
chr1	1126218	1126219	44	0.8607
chr1	1126260	1126261	45	0.9668
chr1	1126291	1126292	48	0.8861
chr1	1126341	1126342	35	0.993
chr1	1126356	1126357	46	0.8892
chr1	1126372	1126373	40	0.9816
chr1	1126422	1126423	32	0.9431
chr1	1126448	1126449	35	0.8969
chr1	1126492	1126493	38	0.9312
chr1	1126512	1126513	38	1.0
chr1	1126544	1126545	41	0.9444
chr1	1126563	1126564	48	0.9481
chr1	1126595	1126596	42	0.9933
chr1	1126627	1126628	38	0.8477
chr1	1126651	1126652	46	0.9857
chr1	1126747	1126748	40	0.9853
chr1	1126823	1126824	42	1.0
chr1	1126898	1126899	43	1.0
chr1	1126998	1126999	35	0.9951
chr1	1127066	1127067	32	0.9291
chr1	1127086	1127087	47	0.9119
chr1	1127098	1127099	39	0.8532
chr1	1127112	1127113	44	0.7183
chr1	1127150	1127151	49	0.7822
chr1	1127166	1127167	35	0.9268
chr1	1127214	1127215	43	0.8401
chr1	1127243	1127244	38	0.8867
chr1	1127271	1127272	34	0.8271
chr1	1127304	1127305	33	0.7541
chr1	1127324	1127325	41	0.8607
chr1	1127340	1127341	33	0.8435
chr1	1127386	1127387	35	0.8012
chr1	1127436	1127437	50	0.5858
chr1	1127451	1127452	33	0.9425
chr1	1127467	1127468	45	0.8741
chr1	1127499	1127500	47	0.8584
chr1	1127526	1127527	31	0.8026
chr1	1127541	1127542	29	0.7887
chr1	1127562	1127563	43	0.7355
chr1	1127645	1127646	39	0.7628
chr1	1127730	1127731	41	0.7266
chr1	1127830	1127831	43	0.7276
chr1	1127880	1127881	31	0.8228
chr1	1127980	1127981	45	0.8036
chr1	1128010	1128011	45	0.871
chr1	1128064	1128065	36	0.702
chr1	1128071	1128072	36	0.9261
chr1	1128102	1128103	31	0.8114
chr1	1128121	1128122	53	0.8467
chr1	1128148	1128149	37	0.9939
chr1	1128171	1128172	36	0.9618
chr1	1128216	1128217	39	0.8373
chr1	1128241	1128242	44	0.5836
chr1	1128264	1128265	34	0.8136
chr1	1128287	1128288	41	0.9536
chr1	1128337	1128338	39	0.6261
chr1	1128372	1128373	31	0.8506
chr1	1128410	1128411	44	0.8462
chr1	1128433	1128434	37	0.8062
chr1	1128468	1128469	47	0.7664
chr1	1128514	1128515	35	0.8654
chr1	1128523	1128524	43	0.7211
chr1	1128615	1128616	44	0.8857
chr1	1128715	1128716	40	0.6318
chr1	1128815	1128816	36	0.9406
chr1	1128915	1128916	31	0.9055
chr1	1128935	1128936	41	0.7838
chr1	1128995	1128996	35	0.8509
chr1	1129049	1129050	44	0.7573
chr1	1129057	1129058	41	0.911
chr1	1129273	1129274	49	0.7035
chr1	1129341	1129342	39	0.7544
chr1	1129413	1129414	35	0.829
chr1	1129434	1129435	47	0.7981
chr1	1129471	1129472	39	0.6361
chr1	1129519	1129520	35	0.6231
chr1	1129554	1129555	30	0.6072
chr1	1129571	1129572	33	0.5929
chr1	1129618	1129619	43	0.6676
chr1	1129643	1129644	34	0.7764
chr1	1129658	1129659	39	0.8096
chr1	1129677	1129678	38	0.7892
chr1	1129701	1129702	27	0.6867
chr1	1129726	1129727	51	0.6118
chr1	1129746	1129747	41	0.7247
chr1	1129761	1129762	40	0.7699
chr1	1129810	1129811	37	0.7026
chr1	1129829	1129830	47	0.8987
chr1	1129844	1129845	41	0.7888
chr1	1129894	1129895	42	0.6421
chr1	1129911	1129912	41	0.6177
chr1	1129937	1129938	48	0.5863
chr1	1129961	1129962	41	0.8343
chr1	1130012	1130013	45	0.7667
chr1	1130112	1130113	39	0.6197
chr1	1130194	1130195	34	0.6545
chr1	1130294	1130295	40	0.7647
chr1	1130365	1130366	46	0.8326
chr1	1130428	1130429	50	0.7794
chr1	1130510	1130511	45	0.7952
chr1	1130538	1130539	36	0.6713
chr1	1130588	1130589	33	0.5912
chr1	1130622	1130623	40	0.6749
chr1	1130660	1130661	42	0.5476
chr1	1130675	1130676	42	0.4721
chr1	1130705	1130706	30	0.4979
chr1	1130755	1130756	41	0.5203
chr1	1130775	1130776	29	0.8052
chr1	1130825	1130826	41	0.6785
chr1	1130842	1130843	31	0.4924
chr1	1130892	1130893	33	0.5089
chr1	1130942	1130943	46	0.682
chr1	1130969	1130970	34	0.5219
chr1	1130984	1130985	48	0.4893
chr1	1130985	1130986	41	0.5956
chr1	1131046	1131047	32	0.5796
chr1	1131146	1131147	45	0.7023
chr1	1131246	1131247	49	0.6398
chr1	1131296	1131297	40	0.6571
chr1	1131396	1131397	41	0.572
chr1	1131418	1131419	43	0.6742
chr1	1131480	1131481	38	0.5438
chr1	1131504	1131505	38	0.5886
chr1	1131520	1131521	38	0.5606
chr1	1131559	1131560	41	0.6858
chr1	1131591	1131592	36	0.8447
chr1	1131614	1131615	37	0.7112
chr1	1131661	1131662	35	0.7613
chr1	1131679	1131680	35	0.8414
chr1	1131729	1131730	39	0.7347
chr1	1131771	1131772	44	0.8921
chr1	1131789	1131790	35	0.6463
chr1	1131831	1131832	44	0.8944
chr1	1131858	1131859	42	0.7573
chr1	1131893	1131894	40	0.5715
chr1	1131913	1131914	40	0.7287
chr1	1131936	1131937	36	0.6679
chr1	1131970	1131971	43	0.6534
chr1	1132020	1132021	36	0.7774
chr1	1132070	1132071	37	0.692
chr1	1132162	1132163	44	0.6984
chr1	1132262	1132263	37	0.7931
chr1	1132316	1132317	40	0.729
chr1	1132397	1132398	44	0.7268
chr1	1132461	1132462	34	0.69
chr1	1132485	1132486	39	0.7242
chr1	1132524	1132525	31	0.8939
chr1	1132574	1132575	33	0.5232
chr1	1132602	1132603	45	0.5764
chr1	1132652	1132653	33	0.6469
chr1	1132702	1132703	42	0.9209
chr1	1132752	1132753	41	0.4781
chr1	1132787	1132788	40	0.9275
chr1	1132814	1132815	33	0.9606
chr1	1132839	1132840	32	0.851
chr1	1132869	1132870	44	0.4679
chr1	1132940	1132941	33	0.9095
chr1	1132975	1132976	32	0.4074
chr1	1133001	1133002	40	0.9381
chr1	1133046	1133047	38	0.8511
chr1	1133065	1133066	39	0.3942
chr1	1133165	1133166	41	0.9176
chr1	1133265	1133266	35	0.753
chr1	1133365	1133366	39	0.4886
chr1	1133422	1133423	42	0.953
chr1	1133498	1133499	41	0.7978
chr1	1133598	1133599	34	0.7335
chr1	1133658	1133659	42	0.8703
chr1	1133674	1133675	38	0.8638
chr1	1133703	1133704	39	0.8647
chr1	1133725	1133726	30	0.8807
chr1	1133740	1133741	42	0.8323
chr1	1133768	1133769	54	0.7602
chr1	1133818	1133819	33	0.8472
chr1	1133867	1133868	35	1.0
chr1	1133917	1133918	46	0.9381
chr1	1133946	1133947	40	0.9648
chr1	1133976	1133977	40	0.8937
chr1	1133997	1133998	45	0.9232
chr1	1134012	1134013	48	0.8484
chr1	1134048	1134049	35	0.989
chr1	1134098	1134099	35	0.7774
chr1	1134117	1134118	36	0.7395
chr1	1134144	1134145	32	0.9757
chr1	1134162	1134163	43	0.8958
chr1	1134181	1134182	39	0.7563
chr1	1134231	1134232	38	0.9345
chr1	1134269	1134270	42	0.9222
chr1	1134319	1134320	34	0.7697
chr1	1134419	1134420	33	0.9999
chr1	1134498	1134499	37	0.9284
chr1	1134588	1134589	41	0.8037
chr1	1134657	1134658	36	0.9607
chr1	1134757	1134758	43	0.9167
chr1	1134857	1134858	46	0.9183
chr1	1134881	1134882	48	0.8641
chr1	1134903	1134904	40	0.8806
chr1	1134911	1134912	28	0.8562
chr1	1134941	1134942	27	0.9448
chr1	1134963	1134964	42	0.7779
chr1	1134980	1134981	35	0.9174
chr1	1135017	1135018	31	0.8423
chr1	1135033	1135034	42	0.9063
chr1	1135057	1135058	42	0.8933
chr1	1135094	1135095	39	0.8276
chr1	1135109	1135110	35	0.9927
chr1	1135157	1135158	36	0.9732
chr1	1135207	1135208	39	0.7974
chr1	1135231	1135232	40	0.8744
chr1	1135246	1135247	36	0.9079
chr1	1135277	1135278	31	0.9431
chr1	1135309	1135310	41	0.9353
chr1	1135339	1135340	43	0.9859
chr1	1135367	1135368	41	0.9909
chr1	1135410	1135411	43	0.9162
chr1	1135478	1135479	40	0.8796
chr1	1135529	1135530	34	0.9624
chr1	1135620	1135621	44	0.8
chr1	1135720	1135721	43	0.982
chr1	1135793	1135794	47	0.7388
chr1	1135893	1135894	40	0.9584
chr1	1135899	1135900	51	0.9146
chr1	1135951	1135952	38	0.8846
chr1	1135957	1135958	39	0.9283
chr1	1136273	1136274	44	0.8588
chr1	1136297	1136298	42	0.8867
chr1	1136309	1136310	40	0.9378
chr1	1136319	1136320	32	0.7292
chr1	1136389	1136390	43	0.9388
chr1	1136435	1136436	35	0.7839
chr1	1136482	1136483	39	0.7461
chr1	1136532	1136533	37	0.7294
chr1	1136575	1136576	35	0.7848
chr1	1136595	1136596	40	0.7561
chr1	1136620	1136621	41	0.8067
chr1	1136646	1136647	44	0.8464
chr1	1136696	1136697	35	0.8122
chr1	1136716	1136717	25	1.0
chr1	1136758	1136759	46	0.8845
chr1	1136781	1136782	38	0.8721
chr1	1136821	1136822	45	0.8407
chr1	1136842	1136843	34	0.647
chr1	1136860	1136861	36	0.8919
chr1	1136879	1136880	35	0.8371
chr1	1136920	1136921	34	0.8979
chr1	1136960	1136961	38	0.7888
chr1	1136984	1136985	38	0.7182
chr1	1137084	1137085	39	0.8327
chr1	1137184	1137185	32	0.8984
chr1	1137258	1137259	51	0.8713
chr1	1137358	1137359	43	0.7723
chr1	1137458	1137459	33	0.8834
chr1	1137524	1137525	41	0.8023
chr1	1137530	1137531	42	0.8094
chr1	1137580	1137581	48	0.0649
chr1	1137609	1137610	48	0.0559
chr1	1137659	1137660	37	0.1278
chr1	1137690	1137691	45	0.0
chr1	1137706	1137707	39	0.0282
chr1	1137732	1137733	35	0.023
chr1	1137760	1137761	31	0.1468
chr1	1137781	1137782	50	0.0617
chr1	1137823	1137824	48	0.0575
chr1	1137873	1137874	42	0.1256
chr1	1137894	1137895	44	0.069
chr1	1137926	1137927	45	0.0646
chr1	1137953	1137954	37	0.0971
chr1	1137982	1137983	36	0.1052
chr1	1138009	1138010	38	0.0
chr1	1138059	1138060	41	0.0619
chr1	1138083	1138084	37	0.1839
chr1	1138096	1138097	41	0.1202
chr1	1138196	1138197	48	0.0773
chr1	1138296	1138297	44	0.1983
chr1	1138346	1138347	37	0.0792
chr1	1138446	1138447	33	0.0719
chr1	1138515	1138516	35	0.1427
chr1	1138561	1138562	46	0.0576
chr1	1138569	1138570	41	0.6347
chr1	1138585	1138586	37	0.7449
chr1	1138635	1138636	41	0.827
chr1	1138685	1138686	27	0.7948
chr1	1138735	1138736	40	0.8271
chr1	1138772	1138773	42	0.825
chr1	1138793	1138794	43	0.6535
chr1	1138843	1138844	38	0.7108
chr1	1138859	1138860	44	0.535
chr1	1138898	1138899	39	0.6702
chr1	1138913	1138914	39	0.8224
chr1	1138937	1138938	43	0.6888
chr1	1138962	1138963	36	0.7106
chr1	1138984	1138985	46	0.8166
chr1	1139028	1139029	54	0.6521
chr1	1139068	1139069	38	0.7087
chr1	1139074	1139075	41	0.8421
chr1	1139173	1139174	33	0.7805
chr1	1139273	1139274	38	0.6585
chr1	1139373	1139374	43	0.7553
chr1	1139473	1139474	34	0.8264
chr1	1139573	1139574	42	0.8394
chr1	1139613	1139614	35	0.7235
chr1	1139629	1139630	43	0.6313
chr1	1139675	1139676	34	0.7067
chr1	1139775	1139776	39	0.7348
chr1	1139877	1139878	34	0.7963
chr1	1139937	1139938	44	0.6782
chr1	1139987	1139988	34	0.7352
chr1	1140013	1140014	23	0.7138
chr1	1140035	1140036	38	0.7084
chr1	1140057	1140058	48	0.6684
chr1	1140104	1140105	33	0.7632
chr1	1140123	1140124	38	0.9405
chr1	1140173	1140174	40	0.7713
chr1	1140198	1140199	42	0.9034
chr1	1140213	1140214	41	0.7688
chr1	1140278	1140279	35	0.8927
chr1	1140316	1140317	50	0.7509
chr1	1140366	1140367	46	1.0
chr1	1140416	1140417	42	1.0
chr1	1140449	1140450	40	0.751
chr1	1140487	1140488	36	0.9822
chr1	1140516	1140517	43	0.9377
chr1	1140531	1140532	39	0.8076
chr1	1140558	1140559	47	0.8422
chr1	1140585	1140586	44	0.9625
chr1	1140620	1140621	41	0.9743
chr1	1140635	1140636	37	0.8671
chr1	1140641	1140642	46	0.8591
chr1	1140691	1140692	44	0.8352
chr1	1140755	1140756	45	1.0
chr1	1140855	1140856	44	0.8359
chr1	1140955	1140956	37	0.9216
chr1	1141005	1141006	44	0.8948
chr1	1141059	1141060	39	0.8937
chr1	1141159	1141160	45	0.8221
chr1	1141205	1141206	29	0.846
chr1	1141245	1141246	41	0.9009
chr1	1141270	1141271	32	0.8584
chr1	1141298	1141299	38	0.8501
chr1	1141345	1141346	30	0.7436
chr1	1141363	1141364	39	0.7375
chr1	1141388	1141389	32	0.948
chr1	1141429	1141430	33	0.5548
chr1	1141444	1141445	42	0.5863
chr1	1141470	1141471	29	0.9716
chr1	1141503	1141504	47	0.5953
chr1	1141520	1141521	24	0.5374
chr1	1141570	1141571	39	0.6468
chr1	1141607	1141608	46	0.8369
chr1	1141632	1141633	40	0.4775
chr1	1141669	1141670	45	0.9307
chr1	1141691	1141692	43	0.6383
chr1	1141741	1141742	38	0.5063
chr1	1141758	1141759	45	0.6073
chr1	1141773	1141774	36	0.8367
chr1	1141814	1141815	46	0.7833
chr1	1141825	1141826	38	0.9208
chr1	1141925	1141926	41	0.7191
chr1	1141975	1141976	40	0.3533
chr1	1142040	1142041	41	0.5575
chr1	1142140	1142141	37	0.8239
chr1	1142240	1142241	48	0.534
chr1	1142290	1142291	42	0.9149
chr1	1142463	1142464	42	0.9161
chr1	1143588	1143589	45	0.7311
chr1	1143603	1143604	45	0.7989
chr1	1143645	1143646	35	0.8935
chr1	1143661	1143662	42	0.8452
chr1	1143711	1143712	46	0.7162
chr1	1143735	1143736	46	0.8176
chr1	1143753	1143754	38	0.7004
chr1	1143790	1143791	42	0.8871
chr1	1143815	1143816	40	0.9001
chr1	1143865	1143866	33	0.7155
chr1	1143888	1143889	43	0.7166
chr1	1143916	1143917	45	0.7923
chr1	1143934	1143935	43	0.8593
chr1	1143984	1143985	45	0.8466
chr1	1144034	1144035	34	0.8034
chr1	1144056	1144057	41	0.8783
chr1	1144095	1144096	37	0.7298
chr1	1144116	1144117	40	0.6655
chr1	1144166	1144167	37	0.918
chr1	1144186	1144187	36	0.726
chr1	1144190	1144191	32	0.8943
chr1	1144290	1144291	36	0.9096
chr1	1144390	1144391	39	0.6709
chr1	1144490	1144491	44	0.857
chr1	1144556	1144557	27	0.5594
chr1	1144648	1144649	38	0.7862
chr1	1144748	1144749	33	0.891
chr1	1144854	1144855	47	0.8926
chr1	1144914	1144915	32	0.7563
chr1	1144986	1144987	40	0.7115
chr1	1145134	1145135	43	0.7461
chr1	1145180	1145181	42	0.8783
chr1	1145196	1145197	46	0.7593
chr1	1145206	1145207	35	0.7242
chr1	1145240	1145241	31	0.9171
chr1	1145265	1145266	47	0.9197
chr1	1145286	1145287	32	0.8757
chr1	1145302	1145303	38	0.8948
chr1	1145334	1145335	44	0.985
chr1	1145356	1145357	36	0.8549
chr1	1145377	1145378	39	0.9299
chr1	1145403	1145404	37	0.7927
chr1	1145426	1145427	36	0.8542
chr1	1145450	1145451	38	0.9808
chr1	1145475	1145476	36	0.9499
chr1	1145525	1145526	39	0.9108
chr1	1145540	1145541	38	0.8976
chr1	1145572	1145573	43	0.8736
chr1	1145622	1145623	44	0.8167
chr1	1145659	1145660	50	0.8163
chr1	1145709	1145710	34	1.0
chr1	1145738	1145739	47	0.966
chr1	1145753	1145754	45	0.9831
chr1	1145780	1145781	40	0.9797
chr1	1145856	1145857	47	0.937
chr1	1145956	1145957	39	0.9436
chr1	1146056	1146057	41	0.9472
chr1	1146142	1146143	41	0.8958
chr1	1146218	1146219	45	0.9011
chr1	1146300	1146301	50	0.8083
chr1	1146376	1146377	32	0.9491
chr1	1146386	1146387	46	0.9238
chr1	1146428	1146429	35	0.2934
chr1	1146443	1146444	36	0.2153
chr1	1146489	1146490	35	0.1686
chr1	1146506	1146507	36	0.3859
chr1	1146535	1146536	40	0.3325
chr1	1146568	1146569	45	0.2691
chr1	1146599	1146600	34	0.1264
chr1	1146641	1146642	39	0.3098
chr1	1146658	1146659	46	0.2762
chr1	1146708	1146709	39	0.3545
chr1	1146731	1146732	34	0.3149
chr1	1146746	1146747	32	0.1507
chr1	1146779	1146780	42	0.1991
chr1	1146813	1146814	37	0.1789
chr1	1146841	1146842	38	0.3466
chr1	1146882	1146883	33	0.1989
chr1	1146905	1146906	43	0.1578
chr1	1146921	1146922	39	0.3879
chr1	1147015	1147016	56	0.2227
chr1	1147115	1147116	38	0.0397
chr1	1147193	1147194	45	0.188
chr1	1147293	1147294	39	0.1324
chr1	1147393	1147394	40	0.3104
chr1	1147423	1147424	39	0.2142
chr1	1147491	1147492	47	0.0406
chr1	1147497	1147498	40	0.1976
chr1	1147525	1147526	40	0.2688
chr1	1147563	1147564	43	0.1628
chr1	1147607	1147608	44	0.1132
chr1	1147637	1147638	43	0.2029
chr1	1147685	1147686	40	0.0105
chr1	1147731	1147732	47	0.124
chr1	1147761	1147762	38	0.0661
chr1	1147793	1147794	46	0.1848
chr1	1147808	1147809	40	0.1766
chr1	1147837	1147838	41	0.1814
chr1	1147869	1147870	50	0.0465
chr1	1147891	1147892	50	0.0482
chr1	1147907	1147908	45	0.0902
chr1	1147927	1147928	33	0.2076
chr1	1147942	1147943	38	0.0799
chr1	1147992	1147993	36	0.0228
chr1	1148027	1148028	39	0.0575
chr1	1148127	1148128	41	0.2519
chr1	1148184	1148185	39	0.0718
chr1	1148277	1148278	34	0.1459
chr1	1148369	1148370	41	0.1001
chr1	1148419	1148420	37	0.1063
chr1	1148519	1148520	36	0.0
chr1	1148525	1148526	40	0.1118
chr1	1148897	1148898	42	0.281
chr1	1148949	1148950	39	0.1426
chr1	1148969	1148970	31	0.181
chr1	1148995	1148996	39	0.029
chr1	1149024	1149025	32	0.3223
chr1	1149074	1149075	45	0.0718
chr1	1149124	1149125	39	0.197
chr1	1149149	1149150	35	0.2025
chr1	1149164	1149165	36	0.0373
chr1	1149186	1149187	33	0.0387
chr1	1149206	1149207	44	0.1443
chr1	1149221	1149222	29	0.2439
chr1	1149243	1149244	40	0.1493
chr1	1149293	1149294	40	0.1317
chr1	1149315	1149316	38	0.09
chr1	1149354	1149355	42	0.1385
chr1	1149386	1149387	40	0.1162
chr1	1149436	1149437	40	0.3392
chr1	1149451	1149452	30	0.142
chr1	1149480	1149481	35	0.1516
chr1	1149523	1149524	36	0.3127
chr1	1149555	1149556	44	0.0654
chr1	1149567	1149568	33	0.1346
chr1	1149667	1149668	31	0.1648
chr1	1149735	1149736	42	0.1632
chr1	1149795	1149796	39	0.184
chr1	1149895	1149896	27	0.1394
chr1	1149986	1149987	35	0.0779
chr1	1150036	1150037	37	0.1261
chr1	1150086	1150087	37	0.1195
chr1	1150098	1150099	44	0.2241
chr1	1150128	1150129	34	0.2212
chr1	1150139	1150140	42	0.8929
chr1	1150155	1150156	38	0.7787
chr1	1150171	1150172	40	0.824
chr1	1150214	1150215	47	0.9961
chr1	1150229	1150230	36	0.9582
chr1	1150248	1150249	39	1.0
chr1	1150289	1150290	37	1.0
chr1	1150325	1150326	43	0.8559
chr1	1150368	1150369	42	0.823
chr1	1150397	1150398	42	0.9346
chr1	1150415	1150416	40	0.8558
chr1	1150444	1150445	37	0.907
chr1	1150459	1150460	47	1.0
chr1	1150477	1150478	47	1.0
chr1	1150503	1150504	42	0.8874
chr1	1150518	1150519	38	1.0
chr1	1150536	1150537	29	0.7714
chr1	1150552	1150553	45	0.9193
chr1	1150585	1150586	39	0.9132
chr1	1150604	1150605	45	0.8648
chr1	1150619	1150620	45	0.7854
chr1	1150640	1150641	46	0.8816
chr1	1150735	1150736	32	0.7682
chr1	1150835	1150836	42	0.9075
chr1	1150935	1150936	34	0.9404
chr1	1150985	1150986	41	0.9343
chr1	1151061	1151062	41	0.9707
chr1	1151127	1151128	32	0.7788
chr1	1151133	1151134	48	0.8007
chr1	1151170	1151171	33	0.8771
chr1	1151195	1151196	46	0.6717
chr1	1151219	1151220	46	0.7995
chr1	1151245	1151246	38	0.6821
chr1	1151262	1151263	36	0.7403
chr1	1151312	1151313	39	0.6784
chr1	1151335	1151336	30	0.7911
chr1	1151384	1151385	41	0.7597
chr1	1151399	1151400	33	0.8424
chr1	1151417	1151418	43	0.7389
chr1	1151467	1151468	43	0.5829
chr1	1151517	1151518	34	0.735
chr1	1151539	1151540	41	0.7302
chr1	1151584	1151585	36	0.8574
chr1	1151615	1151616	36	0.8102
chr1	1151644	1151645	48	0.7453
chr1	1151694	1151695	36	0.6835
chr1	1151774	1151775	40	0.8018
chr1	1151874	1151875	30	0.825
chr1	1151958	1151959	40	0.8665
chr1	1152058	1152059	47	0.5433
chr1	1152088	1152089	31	0.6957
chr1	1152154	1152155	43	0.7982
chr1	1152186	1152187	41	0.0263
chr1	1152236	1152237	37	0.101
chr1	1152286	1152287	39	0.0248
chr1	1152326	1152327	34	0.05
chr1	1152354	1152355	33	0.0198
chr1	1152369	1152370	33	0.0469
chr1	1152391	1152392	45	0.0399
chr1	1152441	1152442	31	0.0521
chr1	1152480	1152481	34	0.1711
chr1	1152520	1152521	34	0.0036
chr1	1152553	1152554	44	0.0
chr1	1152582	1152583	39	0.086
chr1	1152612	1152613	49	0.0
chr1	1152636	1152637	41	0.1214
chr1	1152661	1152662	53	0.1217
chr1	1152683	1152684	39	0.0
chr1	1152773	1152774	32	0.1942
chr1	1152873	1152874	44	0.1415
chr1	1152973	1152974	40	0.1434
chr1	1153023	1153024	33	0.0629
chr1	1153088	1153089	37	0.0469
chr1	1153114	1153115	30	0.0946
chr1	1153130	1153131	39	0.7854
chr1	1153166	1153167	44	0.8202
chr1	1153201	1153202	44	0.7971
chr1	1153243	1153244	38	1.0
chr1	1153278	1153279	31	0.7974
chr1	1153296	1153297	42	0.6906
chr1	1153318	1153319	42	0.7833
chr1	1153361	1153362	44	0.65
chr1	1153383	1153384	37	0.8424
chr1	1153431	1153432	38	0.7094
chr1	1153461	1153462	38	0.8943
chr1	1153489	1153490	42	0.786
chr1	1153528	1153529	37	0.9411
chr1	1153567	1153568	44	0.801
chr1	1153575	1153576	46	0.7492
chr1	1153675	1153676	43	0.6682
chr1	1153775	1153776	37	0.6738
chr1	1153875	1153876	47	0.7694
chr1	1153975	1153976	38	0.9657
chr1	1154043	1154044	38	0.889
chr1	1154069	1154070	39	0.687
chr1	1154087	1154088	43	0.713
chr1	1154102	1154103	36	0.6708
chr1	1154152	1154153	41	0.7353
chr1	1154202	1154203	45	0.6717
chr1	1154230	1154231	41	0.6308
chr1	1154280	1154281	42	0.6841
chr1	1154311	1154312	40	0.8145
chr1	1154340	1154341	37	0.5498
chr1	1154375	1154376	45	0.7237
chr1	1154390	1154391	37	0.8193
chr1	1154416	1154417	45	0.6596
chr1	1154441	1154442	37	0.7231
chr1	1154475	1154476	39	0.681
chr1	1154510	1154511	47	0.7056
chr1	1154525	1154526	46	0.7415
chr1	1154562	1154563	35	0.8045
chr1	1154575	1154576	45	0.5903
chr1	1154675	1154676	43	0.858
chr1	1154737	1154738	41	0.7497
chr1	1154837	1154838	37	0.8007
chr1	1154937	1154938	39	0.7349
chr1	1155037	1155038	37	0.8042
chr1	1155049	1155050	27	0.5513
chr1	1155084	1155085	29	0.7526
chr1	1155107	1155108	40	0.814
chr1	1155144	1155145	36	0.744
chr1	1155168	1155169	43	0.8129
chr1	1155183	1155184	44	0.8684
chr1	1155233	1155234	28	0.8222
chr1	1155254	1155255	29	0.7213
chr1	1155294	1155295	39	0.7456
chr1	1155317	1155318	47	0.6485
chr1	1155358	1155359	37	0.7111
chr1	1155393	1155394	40	0.7881
chr1	1155443	1155444	49	0.6788
chr1	1155471	1155472	31	0.7511
chr1	1155489	1155490	44	0.7106
chr1	1155500	1155501	42	0.7296
chr1	1155600	1155601	59	0.8267
chr1	1155670	1155671	40	0.8078
chr1	1155735	1155736	48	0.7717
chr1	1155835	1155836	44	0.9654
chr1	1155899	1155900	50	0.7243
chr1	1155911	1155912	40	0.8579
chr1	1155917	1155918	40	0.0418
chr1	1155957	1155958	31	0.0674
chr1	1155976	1155977	42	0.001
chr1	1155991	1155992	43	0.0586
chr1	1156006	1156007	42	0.0864
chr1	1156041	1156042	40	0.0502
chr1	1156072	1156073	39	0.1926
chr1	1156100	1156101	42	0.1644
chr1	1156140	1156141	33	0.0
chr1	1156190	1156191	36	0.0143
chr1	1156215	1156216	30	0.124
chr1	1156253	1156254	47	0.0553
chr1	1156268	1156269	36	0.1636
chr1	1156313	1156314	42	0.139
chr1	1156363	1156364	36	0.189
chr1	1156398	1156399	44	0.0751
chr1	1156413	1156414	41	0.0
chr1	1156437	1156438	29	0.1307
chr1	1156524	1156525	42	0.1337
chr1	1156624	1156625	38	0.0
chr1	1156724	1156725	34	0.1605
chr1	1156824	1156825	42	0.117
chr1	1156893	1156894	40	0.0584
chr1	1156943	1156944	28	0.0
chr1	1157059	1157060	43	0.0702
chr1	1157121	1157122	35	0.0588
chr1	1157215	1157216	38	0.1668
chr1	1157305	1157306	42	0.2353
chr1	1157325	1157326	34	0.1196
chr1	1157329	1157330	42	0.0887
chr1	1157354	1157355	47	0.7648
chr1	1157370	1157371	38	0.5156
chr1	1157397	1157398	38	0.6898
chr1	1157447	1157448	40	0.7494
chr1	1157477	1157478	46	0.6036
chr1	1157502	1157503	38	0.739
chr1	1157546	1157547	43	0.7668
chr1	1157593	1157594	42	0.6366
chr1	1157630	1157631	42	0.8604
chr1	1157658	1157659	46	0.7484
chr1	1157686	1157687	42	0.6562
chr1	1157701	1157702	39	0.7162
chr1	1157731	1157732	41	0.6372
chr1	1157758	1157759	44	0.9276
chr1	1157784	1157785	44	0.8138
chr1	1157823	1157824	38	0.8123
chr1	1157836	1157837	45	0.7558
chr1	1157936	1157937	38	0.74
chr1	1158012	1158013	41	0.8505
chr1	1158102	1158103	40	0.8218
chr1	1158202	1158203	38	0.6361
chr1	1158270	1158271	33	0.6232
chr1	1158294	1158295	51	0.6524
chr1	1158304	1158305	29	0.7956
chr1	1158354	1158355	43	0.8175
chr1	1158386	1158387	33	0.8325
chr1	1158408	1158409	40	0.7249
chr1	1158423	1158424	39	0.7637
chr1	1158473	1158474	44	0.7857
chr1	1158511	1158512	40	0.959
chr1	1158561	1158562	34	0.8237
chr1	1158611	1158612	45	0.7373
chr1	1158644	1158645	33	0.8571
chr1	1158680	1158681	40	0.8215
chr1	1158720	1158721	30	0.8359
chr1	1158742	1158743	35	0.813
chr1	1158757	1158758	39	0.8962
chr1	1158795	1158796	33	0.8565
chr1	1158895	1158896	44	0.8449
chr1	1158995	1158996	28	0.827
chr1	1159093	1159094	39	0.9359
chr1	1159193	1159194	39	0.8367
chr1	1159269	1159270	47	0.8998
chr1	1159283	1159284	35	0.713
chr1	1159373	1159374	42	0.8094
chr1	1159401	1159402	44	0.9031
chr1	1159441	1159442	36	0.8975
chr1	1159587	1159588	39	0.8492
chr1	1159651	1159652	40	0.8739
chr1	1159691	1159692	45	0.9335
chr1	1159747	1159748	36	0.8531
chr1	1159786	1159787	40	0.2971
chr1	1159836	1159837	41	0.3046
chr1	1159886	1159887	40	0.0947
chr1	1159905	1159906	40	0.0962
chr1	1159936	1159937	43	0.1889
chr1	1159976	1159977	48	0.1739
chr1	1160021	1160022	40	0.0663
chr1	1160044	1160045	40	0.1652
chr1	1160094	1160095	37	0.1222
chr1	1160144	1160145	45	0.2464
chr1	1160170	1160171	34	0.1144
chr1	1160198	1160199	45	0.3573
chr1	1160267	1160268	43	0.1737
chr1	1160367	1160368	47	0.1769
chr1	1160460	1160461	37	0.2565
chr1	1160560	1160561	46	0.2092
chr1	1160614	1160615	42	0.1035
chr1	1160619	1160620	32	0.7252
chr1	1160635	1160636	39	0.7799
chr1	1160685	1160686	34	0.9593
chr1	1160722	1160723	34	0.9313
chr1	1160752	1160753	44	0.7016
chr1	1160791	1160792	50	0.8534
chr1	1160815	1160816	39	0.6925
chr1	1160865	1160866	35	0.8051
chr1	1160915	1160916	42	1.0
chr1	1160945	1160946	35	0.7325
chr1	1160995	1160996	37	0.6946
chr1	1161014	1161015	36	0.7822
chr1	1161051	1161052	37	0.7969
chr1	1161074	1161075	39	0.8147
chr1	1161076	1161077	45	1.0
chr1	1161160	1161161	35	0.9768
chr1	1161260	1161261	45	0.8484
chr1	1161360	1161361	35	0.8759
chr1	1161410	1161411	28	0.8798
chr1	1161510	1161511	38	0.8576
chr1	1161524	1161525	42	0.747
chr1	1161608	1161609	36	0.8676
chr1	1161690	1161691	42	0.7402
chr1	1161842	1161843	36	0.8815
chr1	1161968	1161969	48	0.7911
chr1	1162004	1162005	37	0.8531
chr1	1162042	1162043	38	0.675
chr1	1162057	1162058	41	0.6555
chr1	1162088	1162089	34	0.7796
chr1	1162138	1162139	36	0.798
chr1	1162184	1162185	41	0.8961
chr1	1162234	1162235	45	0.8583
chr1	1162254	1162255	36	0.7681
chr1	1162273	1162274	40	0.781
chr1	1162295	1162296	41	0.6395
chr1	1162315	1162316	41	0.6366
chr1	1162363	1162364	42	0.7929
chr1	1162378	1162379	37	0.6629
chr1	1162428	1162429	33	0.7196
chr1	1162443	1162444	40	0.6198
chr1	1162475	1162476	43	0.6468
chr1	1162498	1162499	41	0.7536
chr1	1162518	1162519	35	0.5599
chr1	1162550	1162551	52	0.6791
chr1	1162577	1162578	42	0.7049
chr1	1162645	1162646	38	0.6704
chr1	1162731	1162732	36	0.7666
chr1	1162811	1162812	39	0.6317
chr1	1162911	1162912	28	0.7652
chr1	1163011	1163012	26	0.6881
chr1	1163104	1163105	36	0.6601
chr1	1163152	1163153	37	0.7126
chr1	1163172	1163173	36	0.0974
chr1	1163194	1163195	33	0.0
chr1	1163244	1163245	29	0.1946
chr1	1163259	1163260	35	0.1349
chr1	1163309	1163310	36	0.1823
chr1	1163350	1163351	37	0.1425
chr1	1163400	1163401	32	0.0442
chr1	1163422	1163423	38	0.0386
chr1	1163449	1163450	53	0.0606
chr1	1163485	1163486	38	0.0552
chr1	1163513	1163514	39	0.0736
chr1	1163540	1163541	39	0.179
chr1	1163569	1163570	39	0.1099
chr1	1163585	1163586	39	0.0753
chr1	1163607	1163608	42	0.0638
chr1	1163633	1163634	45	0.1856
chr1	1163664	1163665	34	0.1036
chr1	1163688	1163689	36	0.0145
chr1	1163736	1163737	31	0.0522
chr1	1163739	1163740	44	0.1233
chr1	1163839	1163840	35	0.1598
chr1	1163939	1163940	36	0.1766
chr1	1164039	1164040	32	0.1617
chr1	1164139	1164140	37	0.1315
chr1	1164239	1164240	45	0.0913
chr1	1164241	1164242	44	0.1271
chr1	1164299	1164300	33	0.1081
chr1	1164344	1164345	41	0.951
chr1	1164390	1164391	28	0.9423
chr1	1164426	1164427	52	0.9632
chr1	1164441	1164442	44	0.9316
chr1	1164456	1164457	52	0.8384
chr1	1164506	1164507	48	0.9566
chr1	1164556	1164557	35	0.8498
chr1	1164583	1164584	40	0.9488
chr1	1164618	1164619	38	0.9734
chr1	1164657	1164658	41	0.7907
chr1	1164672	1164673	35	0.9251
chr1	1164722	1164723	44	1.0
chr1	1164772	1164773	36	0.8407
chr1	1164822	1164823	50	0.8932
chr1	1164867	1164868	51	0.8201
chr1	1164894	1164895	43	0.9634
chr1	1164897	1164898	35	0.7451
chr1	1164997	1164998	33	0.9248
chr1	1165060	1165061	33	0.8113
chr1	1165110	1165111	40	0.9181
chr1	1165180	1165181	44	0.9842
chr1	1165230	1165231	45	0.9434
chr1	1165300	1165301	47	0.8552
chr1	1165396	1165397	33	0.8686
chr1	1165406	1165407	41	0.9057
chr1	1165428	1165429	41	0.7517
chr1	1165444	1165445	45	0.7405
chr1	1165480	1165481	38	0.7739
chr1	1165503	1165504	37	0.7651
chr1	1165518	1165519	38	0.8164
chr1	1165539	1165540	39	0.7305
chr1	1165589	1165590	42	0.829
chr1	1165637	1165638	42	0.7477
chr1	1165675	1165676	43	0.898
chr1	1165724	1165725	39	0.7621
chr1	1165748	1165749	33	0.7823
chr1	1165767	1165768	35	0.7822
chr1	1165811	1165812	37	0.9438
chr1	1165827	1165828	39	0.7107
chr1	1165877	1165878	38	0.7151
chr1	1165901	1165902	37	0.7915
chr1	1166001	1166002	39	1.0
chr1	1166101	1166102	41	0.892
chr1	1166151	1166152	31	0.8224
chr1	1166251	1166252	33	0.7224
chr1	1166351	1166352	53	0.7158
chr1	1166363	1166364	43	0.9349
chr1	1166377	1166378	35	0.7111
chr1	1166386	1166387	44	0.3599
chr1	1166421	1166422	41	0.3069
chr1	1166467	1166468	32	0.3118
chr1	1166517	1166518	35	0.2917
chr1	1166553	1166554	55	0.3455
chr1	1166580	1166581	38	0.4436
chr1	1166601	1166602	48	0.3594
chr1	1166627	1166628	42	0.4568
chr1	1166647	1166648	39	0.4656
chr1	1166675	1166676	42	0.4839
chr1	1166691	1166692	44	0.556
chr1	1166723	1166724	37	0.4819
chr1	1166745	1166746	34	0.3968
chr1	1166789	1166790	38	0.3076
chr1	1166808	1166809	40	0.3864
chr1	1166826	1166827	43	0.3457
chr1	1166836	1166837	49	0.2314
chr1	1166936	1166937	30	0.3278
chr1	1166993	1166994	36	0.4054
chr1	1167064	1167065	35	0.3725
chr1	1167114	1167115	38	0.3319
chr1	1167214	1167215	36	0.3304
chr1	1167244	1167245	41	0.3079
chr1	1167312	1167313	39	0.3101
chr1	1167332	1167333	54	0.3574
chr1	1167394	1167395	39	0.2939
chr1	1167410	1167411	42	0.4782
chr1	1167596	1167597	40	0.4577
chr1	1167604	1167605	35	0.3637
chr1	1167664	1167665	45	0.3221
chr1	1167678	1167679	36	0.3053
chr1	1167699	1167700	50	0.9429
chr1	1167714	1167715	42	0.8426
chr1	1167758	1167759	40	0.8851
chr1	1167784	1167785	34	0.8623
chr1	1167817	1167818	41	0.8167
chr1	1167835	1167836	31	0.7671
chr1	1167855	1167856	48	0.8029
chr1	1167889	1167890	40	0.8195
chr1	1167932	1167933	50	0.7107
chr1	1167947	1167948	43	0.7275
chr1	1167997	1167998	39	0.8625
chr1	1168029	1168030	36	0.8514
chr1	1168050	1168051	43	0.6294
chr1	1168086	1168087	39	0.7728
chr1	1168104	1168105	37	0.8682
chr1	1168146	1168147	35	0.8168
chr1	1168170	1168171	35	0.9473
chr1	1168187	1168188	44	0.7215
chr1	1168206	1168207	44	0.9896
chr1	1168289	1168290	36	0.7
chr1	1168367	1168368	44	0.7823
chr1	1168467	1168468	39	0.804
chr1	1168567	1168568	35	0.7759
chr1	1168667	1168668	37	0.7619
chr1	1168737	1168738	37	0.7967
chr1	1168749	1168750	42	0.7528
chr1	1168781	1168782	47	0.0027
chr1	1168831	1168832	38	0.0542
chr1	1168854	1168855	31	0.0339
chr1	1168904	1168905	38	0.0451
chr1	1168920	1168921	41	0.1156
chr1	1168935	1168936	51	0.1244
chr1	1168960	1168961	42	0.0427
chr1	1169010	1169011	42	0.0
chr1	1169053	1169054	44	0.2143
chr1	1169082	1169083	30	0.0849
chr1	1169132	1169133	42	0.2546
chr1	1169167	1169168	38	0.0754
chr1	1169184	1169185	35	0.0997
chr1	1169218	1169219	44	0.1077
chr1	1169233	1169234	33	0.0
chr1	1169274	1169275	40	0.0
chr1	1169291	1169292	44	0.0283
chr1	1169292	1169293	41	0.0
chr1	1169392	1169393	39	0.1539
chr1	1169454	1169455	42	0.2468
chr1	1169554	1169555	31	0.129
chr1	1169625	1169626	29	0.1466
chr1	1169686	1169687	32	0.1987
chr1	1169736	1169737	40	0.1278
chr1	1169786	1169787	37	0.0173
chr1	1169810	1169811	31	0.1327
chr1	1169836	1169837	42	0.0919
chr1	1169858	1169859	46	0.1506
chr1	1169905	1169906	42	0.0706
chr1	1169921	1169922	30	0.0757
chr1	1169971	1169972	35	0.1781
chr1	1169986	1169987	39	0.2248
chr1	1170025	1170026	33	0.1962
chr1	1170045	1170046	34	0.2181
chr1	1170060	1170061	42	0.1075
chr1	1170086	1170087	46	0.1624
chr1	1170110	1170111	35	0.0826
chr1	1170152	1170153	36	0.1451
chr1	1170196	1170197	39	0.0
chr1	1170246	1170247	28	0.1029
chr1	1170262	1170263	38	0.0131
chr1	1170281	1170282	38	0.2207
chr1	1170307	1170308	39	0.2527
chr1	1170341	1170342	36	0.2819
chr1	1170357	1170358	32	0.148
chr1	1170363	1170364	33	0.1137
chr1	1170463	1170464	26	0.1208
chr1	1170563	1170564	39	0.3067
chr1	1170613	1170614	41	0.1201
chr1	1170674	1170675	38	0.1901
chr1	1170774	1170775	41	0.2343
chr1	1170808	1170809	38	0.0
chr1	1170810	1170811	33	0.188
chr1	1170820	1170821	46	0.8795
chr1	1170841	1170842	41	0.7407
chr1	1170862	1170863	47	0.5734
chr1	1170877	1170878	41	0.6088
chr1	1170921	1170922	42	0.6057
chr1	1170936	1170937	44	0.5563
chr1	1170954	1170955	42	0.7005
chr1	1170976	1170977	40	0.7356
chr1	1170991	1170992	37	0.743
chr1	1171014	1171015	44	0.6671
chr1	1171029	1171030	42	0.7036
chr1	1171074	1171075	37	0.6298
chr1	1171103	1171104	38	0.5294
chr1	1171153	1171154	37	0.7343
chr1	1171179	1171180	32	0.6962
chr1	1171196	1171197	43	0.6219
chr1	1171217	1171218	40	0.7158
chr1	1171238	1171239	44	0.6905
chr1	1171269	1171270	31	0.6099
chr1	1171319	1171320	47	0.5939
chr1	1171337	1171338	39	0.795
chr1	1171387	1171388	52	0.7935
chr1	1171455	1171456	45	0.7164
chr1	1171514	1171515	33	0.5144
chr1	1171597	1171598	46	0.5492
chr1	1171697	1171698	36	0.6815
chr1	1171797	1171798	32	0.738
chr1	1171891	1171892	47	0.7474
chr1	1171981	1171982	36	0.7092
chr1	1172023	1172024	35	0.6619
chr1	1172091	1172092	31	0.6881
chr1	1172093	1172094	44	0.7687
chr1	1172123	1172124	44	0.7201
chr1	1172173	1172174	40	0.6514
chr1	1172219	1172220	47	0.4663
chr1	1172267	1172268	39	0.6808
chr1	1172286	1172287	35	0.6517
chr1	1172313	1172314	37	0.6356
chr1	1172339	1172340	49	0.7302
chr1	1172383	1172384	43	0.669
chr1	1172433	1172434	39	0.5988
chr1	1172459	1172460	39	0.6267
chr1	1172483	1172484	37	0.6269
chr1	1172533	1172534	42	0.4972
chr1	1172572	1172573	41	0.5734
chr1	1172610	1172611	35	0.6435
chr1	1172653	1172654	35	0.6846
chr1	1172677	1172678	40	0.7743
chr1	1172711	1172712	44	0.7582
chr1	1172754	1172755	42	0.6503
chr1	1172799	1172800	32	0.6994
chr1	1172823	1172824	45	0.6345
chr1	1172831	1172832	41	0.6035
chr1	1172901	1172902	34	0.6829
chr1	1173001	1173002	34	0.6287
chr1	1173082	1173083	32	0.5867
chr1	1173181	1173182	40	0.5929
chr1	1173247	1173248	37	0.6618
chr1	1173302	1173303	36	0.468
chr1	1173375	1173376	40	0.593
chr1	1173417	1173418	43	0.6566
chr1	1173475	1173476	44	0.7108
chr1	1173480	1173481	34	0.4397
chr1	1173506	1173507	40	0.5125
chr1	1173527	1173528	44	0.6456
chr1	1173563	1173564	43	0.6076
chr1	1173583	1173584	45	0.6646
chr1	1173633	1173634	40	0.5117
chr1	1173672	1173673	33	0.6288
chr1	1173703	1173704	38	0.576
chr1	1173744	1173745	46	0.5497
chr1	1173774	1173775	39	0.719
chr1	1173813	1173814	37	0.6138
chr1	1173845	1173846	29	0.6603
chr1	1173863	1173864	47	0.6746
chr1	1173897	1173898	36	0.6899
chr1	1173912	1173913	36	0.5449
chr1	1173962	1173963	46	0.7187
chr1	1173996	1173997	36	0.6844
chr1	1174023	1174024	35	0.6747
chr1	1174036	1174037	39	0.4866
chr1	1174111	1174112	39	0.4747
chr1	1174199	1174200	37	0.7652
chr1	1174299	1174300	44	0.6174
chr1	1174399	1174400	29	0.6873
chr1	1174499	1174500	36	0.7406
chr1	1174549	1174550	43	0.6221
chr1	1174587	1174588	40	0.5475
chr1	1174749	1174750	49	0.5729
chr1	1174759	1174760	49	0.6549
chr1	1174847	1174848	40	0.524
chr1	1174867	1174868	51	0.6396
chr1	1174921	1174922	49	0.6152
chr1	1174973	1174974	37	0.6069
chr1	1175000	1175001	49	0.9623
chr1	1175028	1175029	40	0.8528
chr1	1175043	1175044	39	0.8613
chr1	1175075	1175076	43	0.8969
chr1	1175094	1175095	32	0.8201
chr1	1175112	1175113	39	0.9135
chr1	1175152	1175153	53	0.8922
chr1	1175169	1175170	45	0.8113
chr1	1175213	1175214	46	0.8295
chr1	1175228	1175229	33	0.8811
chr1	1175256	1175257	33	0.9074
chr1	1175271	1175272	43	0.9603
chr1	1175291	1175292	34	1.0
chr1	1175306	1175307	30	0.796
chr1	1175349	1175350	46	0.9502
chr1	1175399	1175400	44	0.9167
chr1	1175402	1175403	43	0.9947
chr1	1175502	1175503	38	0.9981
chr1	1175552	1175553	43	1.0
chr1	1175637	1175638	40	0.9399
chr1	1175737	1175738	38	0.8567
chr1	1175787	1175788	38	1.0
chr1	1175845	1175846	44	0.6831
chr1	1175888	1175889	47	0.7181
chr1	1175920	1175921	53	0.7738
chr1	1175935	1175936	34	0.8055
chr1	1175962	1175963	35	0.8745
chr1	1176004	1176005	37	0.8413
chr1	1176027	1176028	36	0.84
chr1	1176077	1176078	34	0.8627
chr1	1176092	1176093	40	0.7167
chr1	1176123	1176124	49	0.7942
chr1	1176173	1176174	38	0.7011
chr1	1176193	1176194	47	0.6203
chr1	1176241	1176242	38	0.6981
chr1	1176280	1176281	46	0.704
chr1	1176321	1176322	32	0.7734
chr1	1176348	1176349	36	0.7893
chr1	1176349	1176350	37	0.8727
chr1	1176416	1176417	33	0.7921
chr1	1176477	1176478	41	0.7536
chr1	1176577	1176578	35	0.904
chr1	1176670	1176671	34	0.6955
chr1	1176770	1176771	42	0.8019
chr1	1176786	1176787	34	0.7786
chr1	1176814	1176815	36	0.8424
chr1	1176834	1176835	34	0.8108
chr1	1176870	1176871	44	0.6
chr1	1176920	1176921	35	0.7404
chr1	1176960	1176961	35	0.6303
chr1	1177010	1177011	28	0.7369
chr1	1177060	1177061	40	0.6996
chr1	1177084	1177085	42	0.7596
chr1	1177134	1177135	37	0.5152
chr1	1177165	1177166	39	0.7522
chr1	1177195	1177196	37	0.6906
chr1	1177231	1177232	40	0.6152
chr1	1177246	1177247	41	0.5792
chr1	1177291	1177292	43	0.5916
chr1	1177329	1177330	42	0.7307
chr1	1177360	1177361	38	0.6881
chr1	1177374	1177375	41	0.5983
chr1	1177474	1177475	33	0.6525
chr1	1177574	1177575	39	0.5254
chr1	1177632	1177633	37	0.5743
chr1	1177732	1177733	42	0.7227
chr1	1177832	1177833	38	0.7247
chr1	1177868	1177869	40	0.6684
chr1	1177878	1177879	33	0.6079
chr1	1177925	1177926	40	0.2464
chr1	1177975	1177976	32	0.2424
chr1	1177993	1177994	45	0.2303
chr1	1178008	1178009	36	0.1951
chr1	1178024	1178025	36	0.2643
chr1	1178042	1178043	33	0.2194
chr1	1178068	1178069	39	0.2325
chr1	1178094	1178095	45	0.2825
chr1	1178109	1178110	46	0.3116
chr1	1178138	1178139	38	0.1297
chr1	1178170	1178171	38	0.2817
chr1	1178215	1178216	34	0.1365
chr1	1178236	1178237	43	0.4485
chr1	1178261	1178262	27	0.2357
chr1	1178276	1178277	46	0.3579
chr1	1178323	1178324	34	0.2345
chr1	1178352	1178353	42	0.2814
chr1	1178400	1178401	38	0.201
chr1	1178443	1178444	31	0.2066
chr1	1178476	1178477	36	0.1461
chr1	1178489	1178490	43	0.1422
chr1	1178589	1178590	31	0.1513
chr1	1178689	1178690	47	0.3773
chr1	1178789	1178790	40	0.3321
chr1	1178849	1178850	40	0.3765
chr1	1178949	1178950	34	0.1122
chr1	1179020	1179021	47	0.1699
chr1	1179078	1179079	41	0.3816
chr1	1179104	1179105	39	0.1495
chr1	1179151	1179152	33	0.8541
chr1	1179173	1179174	32	0.8633
chr1	1179190	1179191	41	0.8221
chr1	1179213	1179214	45	0.7617
chr1	1179251	1179252	44	0.8274
chr1	1179301	1179302	37	0.8266
chr1	1179328	1179329	39	0.7933
chr1	1179356	1179357	45	0.7129
chr1	1179386	1179387	45	0.6689
chr1	1179433	1179434	39	0.7124
chr1	1179483	1179484	37	0.8881
chr1	1179501	1179502	31	0.9143
chr1	1179522	1179523	40	0.8494
chr1	1179544	1179545	32	0.818
chr1	1179565	1179566	41	0.7959
chr1	1179592	1179593	41	0.7886
chr1	1179630	1179631	36	0.8342
chr1	1179680	1179681	33	0.892
chr1	1179729	1179730	35	0.8382
chr1	1179810	1179811	35	0.6563
chr1	1179874	1179875	47	0.8549
chr1	1179974	1179975	37	0.862
chr1	1180074	1180075	41	0.7047
chr1	1180174	1180175	41	0.7515
chr1	1180274	1180275	29	0.8508
chr1	1180348	1180349	42	0.89
chr1	1180364	1180365	50	0.6208
chr1	1180400	1180401	47	0.7342
chr1	1180428	1180429	46	0.7072
chr1	1180465	1180466	41	0.5467
chr1	1180487	1180488	32	0.6261
chr1	1180508	1180509	34	0.8757
chr1	1180542	1180543	33	0.9501
chr1	1180592	1180593	38	0.8951
chr1	1180625	1180626	42	0.6948
chr1	1180646	1180647	43	0.8825
chr1	1180668	1180669	43	0.898
chr1	1180704	1180705	39	0.6601
chr1	1180726	1180727	28	0.6474
chr1	1180762	1180763	41	0.8539
chr1	1180792	1180793	40	0.7277
chr1	1180842	1180843	31	0.7792
chr1	1180857	1180858	34	0.7256
chr1	1180906	1180907	38	0.8459
chr1	1180932	1180933	38	0.746
chr1	1180937	1180938	42	0.6043
chr1	1180988	1180989	37	0.7229
chr1	1181088	1181089	38	0.7962
chr1	1181154	1181155	44	0.5842
chr1	1181254	1181255	39	0.6878
chr1	1181354	1181355	42	0.7317
chr1	1181404	1181405	36	0.7965
chr1	1181500	1181501	45	0.6855
chr1	1181526	1181527	43	0.7432
chr1	1181563	1181564	35	0.8585
chr1	1181589	1181590	43	0.978
chr1	1181639	1181640	41	0.8113
chr1	1181654	1181655	39	0.8519
chr1	1181676	1181677	43	0.9527
chr1	1181713	1181714	46	0.7194
chr1	1181756	1181757	46	0.8728
chr1	1181784	1181785	50	0.7784
chr1	1181807	1181808	35	0.9031
chr1	1181822	1181823	35	0.8914
chr1	1181861	1181862	36	0.9012
chr1	1181886	1181887	43	0.8573
chr1	1181936	1181937	30	0.7242
chr1	1181955	1181956	37	0.7016
chr1	1181972	1181973	46	0.8379
chr1	1182067	1182068	36	0.7616
chr1	1182142	1182143	38	0.9404
chr1	1182242	1182243	28	0.963
chr1	1182342	1182343	44	0.7522
chr1	1182392	1182393	37	0.7746
chr1	1182424	1182425	34	0.7917
chr1	1182440	1182441	34	0.0952
chr1	1182469	1182470	44	0.1327
chr1	1182487	1182488	41	0.0935
chr1	1182507	1182508	43	0.0695
chr1	1182537	1182538	22	0.2114
chr1	1182587	1182588	32	0.0443
chr1	1182613	1182614	33	0.1811
chr1	1182653	1182654	42	0.096
chr1	1182668	1182669	46	0.2246
chr1	1182718	1182719	46	0.078
chr1	1182733	1182734	40	0.1373
chr1	1182750	1182751	34	0.0767
chr1	1182788	1182789	32	0.1389
chr1	1182803	1182804	40	0.1848
chr1	1182853	1182854	44	0.005
chr1	1182868	1182869	36	0.0
chr1	1182884	1182885	36	0.0
chr1	1182885	1182886	34	0.0
chr1	1182985	1182986	39	0.1029
chr1	1183085	1183086	36	0.0222
chr1	1183185	1183186	32	0.0557
chr1	1183270	1183271	41	0.0475
chr1	1183354	1183355	37	0.0992
chr1	1183368	1183369	34	0.7842
chr1	1183418	1183419	47	0.7671
chr1	1183433	1183434	41	0.7061
chr1	1183453	1183454	41	0.7861
chr1	1183485	1183486	31	0.649
chr1	1183534	1183535	46	0.658
chr1	1183551	1183552	49	0.8247
chr1	1183576	1183577	43	0.8668
chr1	1183591	1183592	35	0.708
chr1	1183609	1183610	40	0.6484
chr1	1183647	1183648	40	0.8894
chr1	1183664	1183665	29	0.7824
chr1	1183714	1183715	34	0.6089
chr1	1183753	1183754	35	0.7622
chr1	1183792	1183793	41	0.7271
chr1	1183807	1183808	45	0.9612
chr1	1183857	1183858	29	0.7654
chr1	1183889	1183890	43	0.7376
chr1	1183989	1183990	44	0.7134
chr1	1184089	1184090	40	0.7911
chr1	1184139	1184140	34	0.778
chr1	1184239	1184240	39	0.7036
chr1	1184289	1184290	31	0.7444
chr1	1184357	1184358	41	0.7594
chr1	1184425	1184426	40	0.7609
chr1	1184448	1184449	37	0.7598
chr1	1184487	1184488	35	0.6968
chr1	1184537	1184538	43	0.6448
chr1	1184587	1184588	45	0.7716
chr1	1184632	1184633	38	0.6489
chr1	1184665	1184666	45	0.7175
chr1	1184715	1184716	36	0.3528
chr1	1184759	1184760	41	0.537
chr1	1184802	1184803	38	0.6361
chr1	1184837	1184838	41	0.7547
chr1	1184867	1184868	43	0.5672
chr1	1184890	1184891	35	0.5147
chr1	1184913	1184914	44	0.5178
chr1	1184921	1184922	42	0.5581
chr1	1185004	1185005	32	0.6548
chr1	1185054	1185055	38	0.5862
chr1	1185154	1185155	39	0.5802
chr1	1185205	1185206	41	0.6238
chr1	1185305	1185306	41	0.6069
chr1	1185319	1185320	34	0.6971
chr1	1185381	1185382	38	0.5597
chr1	1185386	1185387	37	0.5583
chr1	1185432	1185433	41	0.5551
chr1	1185460	1185461	38	0.7248
chr1	1185490	1185491	34	0.4981
chr1	1185540	1185541	44	0.4332
chr1	1185570	1185571	38	0.5379
chr1	1185620	1185621	41	0.4771
chr1	1185658	1185659	33	0.5054
chr1	1185679	1185680	41	0.5278
chr1	1185720	1185721	41	0.661
chr1	1185770	1185771	38	0.5847
chr1	1185785	1185786	41	0.5596
chr1	1185813	1185814	42	0.557
chr1	1185863	1185864	42	0.4749
chr1	1185886	1185887	41	0.5441
chr1	1185936	1185937	37	0.6058
chr1	1186010	1186011	37	0.7347
chr1	1186087	1186088	40	0.5132
chr1	1186187	1186188	39	0.6419
chr1	1186282	1186283	40	0.5847
chr1	1186348	1186349	45	0.6424
chr1	1186458	1186459	36	0.6822
chr1	1186468	1186469	25	0.5512
chr1	1186522	1186523	43	0.5402
chr1	1186532	1186533	42	0.8062
chr1	1186566	1186567	51	0.5913
chr1	1186590	1186591	40	0.5802
chr1	1186642	1186643	32	0.5786
chr1	1186672	1186673	44	0.659
chr1	1186830	1186831	43	0.6406
chr1	1186839	1186840	49	0.9101
chr1	1186875	1186876	31	0.9745
chr1	1186904	1186905	51	0.9178
chr1	1186919	1186920	40	0.9226
chr1	1186938	1186939	39	0.7678
chr1	1186959	1186960	53	0.7059
chr1	1186992	1186993	46	0.8222
chr1	1187019	1187020	45	0.9364
chr1	1187053	1187054	42	0.9195
chr1	1187071	1187072	41	0.9029
chr1	1187096	1187097	37	0.865
chr1	1187118	1187119	36	0.9865
chr1	1187155	1187156	35	0.8884
chr1	1187193	1187194	35	0.9191
chr1	1187224	1187225	44	0.9383
chr1	1187247	1187248	42	0.7346
chr1	1187269	1187270	42	0.8406
chr1	1187314	1187315	46	0.9084
chr1	1187331	1187332	36	0.847
chr1	1187405	1187406	47	0.8263
chr1	1187505	1187506	38	0.8216
chr1	1187605	1187606	40	0.9407
chr1	1187705	1187706	41	0.8544
chr1	1187805	1187806	40	0.7038
chr1	1187951	1187952	38	0.8604
chr1	1187981	1187982	44	0.8917
chr1	1187999	1188000	36	0.8493
chr1	1188059	1188060	49	0.8979
chr1	1188127	1188128	42	0.8601
chr1	1188193	1188194	43	0.918
chr1	1188299	1188300	49	0.9016
chr1	1188329	1188330	46	0.0047
chr1	1188351	1188352	42	0.1768
chr1	1188367	1188368	37	0.0817
chr1	1188403	1188404	42	0.0543
chr1	1188447	1188448	35	0.1258
chr1	1188487	1188488	34	0.1135
chr1	1188523	1188524	40	0.0748
chr1	1188560	1188561	34	0.1872
chr1	1188587	1188588	34	0.1332
chr1	1188614	1188615	41	0.1201
chr1	1188659	1188660	35	0.1262
chr1	1188674	1188675	46	0.1746
chr1	1188724	1188725	52	0.0
chr1	1188774	1188775	36	0.1216
chr1	1188789	1188790	34	0.1424
chr1	1188832	1188833	43	0.0837
chr1	1188844	1188845	36	0.0305
chr1	1188894	1188895	42	0.191
chr1	1188994	1188995	37	0.0557
chr1	1189094	1189095	37	0.0449
chr1	1189194	1189195	42	0.0
chr1	1189244	1189245	35	0.0234
chr1	1189344	1189345	39	0.0
chr1	1189366	1189367	53	0.1367
chr1	1189389	1189390	29	1.0
chr1	1189408	1189409	40	0.9437
chr1	1189441	1189442	36	0.978
chr1	1189471	1189472	37	0.8801
chr1	1189487	1189488	42	0.7575
chr1	1189508	1189509	40	0.9294
chr1	1189528	1189529	36	0.8952
chr1	1189546	1189547	37	0.9609
chr1	1189588	1189589	47	0.8123
chr1	1189618	1189619	34	0.9597
chr1	1189639	1189640	49	0.8865
chr1	1189658	1189659	37	0.8295
chr1	1189673	1189674	44	0.9862
chr1	1189709	1189710	45	0.9857
chr1	1189744	1189745	31	0.943
chr1	1189769	1189770	42	0.8243
chr1	1189797	1189798	37	0.881
chr1	1189833	1189834	38	0.9211
chr1	1189877	1189878	39	0.8991
chr1	1189911	1189912	35	0.8847
chr1	1189932	1189933	34	1.0
chr1	1190032	1190033	41	0.9151
chr1	1190111	1190112	46	0.7782
chr1	1190161	1190162	30	1.0
chr1	1190211	1190212	39	0.9189
chr1	1190311	1190312	43	1.0
chr1	1190411	1190412	49	0.9163
chr1	1190447	1190448	44	0.9086
chr1	1190499	1190500	43	0.83
chr1	1190538	1190539	31	0.4623
chr1	1190562	1190563	34	0.5935
chr1	1190612	1190613	38	0.6018
chr1	1190630	1190631	30	0.6043
chr1	1190680	1190681	39	0.5958
chr1	1190696	1190697	42	0.5529
chr1	1190746	1190747	36	0.5798
chr1	1190793	1190794	35	0.7947
chr1	1190841	1190842	32	0.6131
chr1	1190891	1190892	45	0.5719
chr1	1190917	1190918	32	0.5174
chr1	1190960	1190961	32	0.6187
chr1	1191060	1191061	40	0.6408
chr1	1191160	1191161	32	0.6054
chr1	1191238	1191239	30	0.636
chr1	1191298	1191299	26	0.636
chr1	1191370	1191371	43	0.6718
chr1	1191396	1191397	40	0.6609
chr1	1191413	1191414	41	0.8166
chr1	1191451	1191452	46	0.7017
chr1	1191487	1191488	36	0.8224
chr1	1191517	1191518	41	0.8453
chr1	1191532	1191533	35	0.834
chr1	1191557	1191558	42	0.8645
chr1	1191607	1191608	42	0.8889
chr1	1191634	1191635	47	0.8412
chr1	1191663	1191664	43	0.8488
chr1	1191694	1191695	45	0.7352
chr1	1191733	1191734	36	0.6519
chr1	1191781	1191782	37	0.7807
chr1	1191799	1191800	40	0.9555
chr1	1191821	1191822	37	0.8033
chr1	1191871	1191872	41	0.7924
chr1	1191921	1191922	38	0.7242
chr1	1191952	1191953	33	0.8015
chr1	1191963	1191964	35	0.8894
chr1	1192013	1192014	45	0.7238
chr1	1192113	1192114	39	0.7555
chr1	1192213	1192214	48	0.7323
chr1	1192263	1192264	35	0.6511
chr1	1192363	1192364	50	0.848
chr1	1192463	1192464	44	0.7741
chr1	1192535	1192536	40	0.8467
chr1	1192549	1192550	43	0.8263
chr1	1192567	1192568	41	0.812
chr1	1192589	1192590	44	0.7923
chr1	1192604	1192605	34	0.9061
chr1	1192639	1192640	33	0.9494
chr1	1192662	1192663	31	0.6447
chr1	1192682	1192683	44	0.7547
chr1	1192699	1192700	39	0.8448
chr1	1192731	1192732	49	0.6943
chr1	1192756	1192757	33	0.9376
chr1	1192771	1192772	47	0.716
chr1	1192792	1192793	42	0.7286
chr1	1192808	1192809	37	0.7917
chr1	1192851	1192852	42	0.8948
chr1	1192873	1192874	40	0.8026
chr1	1192914	1192915	40	0.8014
chr1	1192929	1192930	34	0.8707
chr1	1192979	1192980	45	0.8507
chr1	1193029	1193030	35	0.8391
chr1	1193071	1193072	43	0.8366
chr1	1193092	1193093	39	0.9654
chr1	1193142	1193143	36	0.8394
chr1	1193157	1193158	32	0.8119
chr1	1193256	1193257	37	0.6594
chr1	1193327	1193328	40	0.744
chr1	1193427	1193428	47	0.8178
chr1	1193527	1193528	35	0.9223
chr1	1193627	1193628	48	0.6588
chr1	1193708	1193709	33	0.8075
chr1	1193774	1193775	43	0.8178
chr1	1193821	1193822	45	0.6758
chr1	1193871	1193872	36	0.8089
chr1	1193902	1193903	42	0.8419
chr1	1193935	1193936	33	0.9621
chr1	1193955	1193956	38	0.8162
chr1	1193971	1193972	42	0.9219
chr1	1194006	1194007	45	0.9948
chr1	1194045	1194046	40	0.9294
chr1	1194070	1194071	32	0.8252
chr1	1194094	1194095	38	0.7877
chr1	1194124	1194125	50	0.9838
chr1	1194151	1194152	40	0.9214
chr1	1194178	1194179	45	1.0
chr1	1194227	1194228	36	0.8335
chr1	1194264	1194265	39	0.8588
chr1	1194314	1194315	40	0.9231
chr1	1194329	1194330	34	0.7481
chr1	1194429	1194430	41	0.8234
chr1	1194479	1194480	39	0.7347
chr1	1194529	1194530	36	0.9163
chr1	1194611	1194612	38	0.8097
chr1	1194687	1194688	44	0.8133
chr1	1194787	1194788	30	0.9083
chr1	1194827	1194828	31	0.769
chr1	1194847	1194848	29	0.9361
chr1	1194852	1194853	35	0.8478
chr1	1194902	1194903	44	0.9395
chr1	1194952	1194953	36	0.6831
chr1	1194974	1194975	46	0.8376
chr1	1195024	1195025	44	0.964
chr1	1195047	1195048	40	0.8171
chr1	1195083	1195084	33	0.8101
chr1	1195133	1195134	36	0.7295
chr1	1195151	1195152	39	0.8788
chr1	1195200	1195201	45	0.7728
chr1	1195215	1195216	33	0.7853
chr1	1195265	1195266	40	0.7868
chr1	1195289	1195290	29	0.808
chr1	1195335	1195336	38	0.8601
chr1	1195339	1195340	44	0.816
chr1	1195439	1195440	43	0.8848
chr1	1195490	1195491	41	0.7836
chr1	1195590	1195591	43	0.7929
chr1	1195640	1195641	41	0.9526
chr1	1195706	1195707	43	0.8063
chr1	1195789	1195790	41	0.8713
chr1	1195991	1195992	38	0.6698
chr1	1196025	1196026	40	0.8106
chr1	1196033	1196034	41	0.8818
chr1	1196099	1196100	34	0.7967
chr1	1196131	1196132	50	0.7678
chr1	1196152	1196153	34	0.8343
chr1	1196167	1196168	30	0.7022
chr1	1196182	1196183	40	0.7958
chr1	1196211	1196212	51	0.7605
chr1	1196239	1196240	37	0.712
chr1	1196289	1196290	40	0.8258
chr1	1196314	1196315	40	0.6144
chr1	1196340	1196341	38	0.6218
chr1	1196375	1196376	33	0.8752
chr1	1196391	1196392	43	0.8046
chr1	1196421	1196422	52	0.6796
chr1	1196446	1196447	41	0.8752
chr1	1196496	1196497	35	0.6666
chr1	1196515	1196516	35	0.5363
chr1	1196530	1196531	47	0.6319
chr1	1196546	1196547	41	0.8143
chr1	1196593	1196594	39	0.5352
chr1	1196627	1196628	38	0.5638
chr1	1196676	1196677	52	0.6248
chr1	1196752	1196753	42	0.722
chr1	1196852	1196853	43	0.7917
chr1	1196932	1196933	43	0.8282
chr1	1197032	1197033	46	0.8274
chr1	1197132	1197133	42	0.7142
chr1	1197166	1197167	43	0.7305
chr1	1197210	1197211	39	0.7394
chr1	1197253	1197254	36	0.9072
chr1	1197287	1197288	44	0.7302
chr1	1197335	1197336	41	0.7912
chr1	1197350	1197351	38	0.8911
chr1	1197378	1197379	42	0.9577
chr1	1197393	1197394	38	0.8149
chr1	1197415	1197416	36	0.8396
chr1	1197430	1197431	39	0.8619
chr1	1197456	1197457	39	0.8401
chr1	1197506	1197507	36	0.8613
chr1	1197540	1197541	44	0.9194
chr1	1197575	1197576	40	0.9195
chr1	1197606	1197607	46	0.9845
chr1	1197656	1197657	30	0.8044
chr1	1197689	1197690	44	0.9075
chr1	1197724	1197725	32	0.8969
chr1	1197824	1197825	43	0.7539
chr1	1197924	1197925	35	0.9086
chr1	1198014	1198015	25	0.8465
chr1	1198114	1198115	41	0.8319
chr1	1198168	1198169	30	0.8023
chr1	1198218	1198219	42	0.9503
chr1	1198228	1198229	45	0.9942
chr1	1198236	1198237	34	0.7679
chr1	1198286	1198287	43	0.8349
chr1	1198301	1198302	39	0.8321
chr1	1198328	1198329	40	0.7764
chr1	1198371	1198372	40	0.8026
chr1	1198394	1198395	39	0.7322
chr1	1198428	1198429	33	0.6406
chr1	1198447	1198448	45	0.6929
chr1	1198474	1198475	34	0.7631
chr1	1198499	1198500	33	0.9114
chr1	1198549	1198550	44	0.8282
chr1	1198593	1198594	47	0.8141
chr1	1198613	1198614	35	0.9356
chr1	1198653	1198654	43	0.7608
chr1	1198668	1198669	35	0.7896
chr1	1198696	1198697	36	0.985
chr1	1198720	1198721	43	0.8643
chr1	1198743	1198744	39	0.8497
chr1	1198796	1198797	47	0.7149
chr1	1198896	1198897	42	0.7861
chr1	1198996	1198997	35	0.7972
chr1	1199046	1199047	43	0.6467
chr1	1199146	1199147	46	0.8032
chr1	1199225	1199226	33	0.7504
chr1	1199293	1199294	38	0.7202
chr1	1199371	1199372	33	0.7724
chr1	1199427	1199428	52	0.9112
chr1	1199573	1199574	39	0.8293
chr1	1199709	1199710	47	0.7727
chr1	1199755	1199756	46	0.7054
chr1	1199776	1199777	40	0.7957
chr1	1199810	1199811	31	0.8387
chr1	1199860	1199861	40	0.7768
chr1	1199910	1199911	41	0.7927
chr1	1199935	1199936	47	0.6807
chr1	1199963	1199964	38	0.6849
chr1	1200013	1200014	41	0.778
chr1	1200039	1200040	33	0.9126
chr1	1200082	1200083	42	0.8061
chr1	1200132	1200133	47	0.8849
chr1	1200165	1200166	44	0.7608
chr1	1200203	1200204	39	0.7973
chr1	1200245	1200246	46	0.868
chr1	1200266	1200267	38	0.824
chr1	1200292	1200293	45	0.8181
chr1	1200375	1200376	39	0.8632
chr1	1200463	1200464	39	0.7357
chr1	1200563	1200564	46	0.8323
chr1	1200663	1200664	43	0.873
chr1	1200725	1200726	36	0.8411
chr1	1200788	1200789	35	0.7076
chr1	1200864	1200865	39	0.883
chr1	1200876	1200877	41	0.8827
chr1	1200926	1200927	42	0.5783
chr1	1200944	1200945	40	0.7644
chr1	1200972	1200973	41	0.6744
chr1	1200997	1200998	33	0.677
chr1	1201025	1201026	43	0.7341
chr1	1201063	1201064	41	0.6485
chr1	1201080	1201081	37	0.7845
chr1	1201096	1201097	39	0.5456
chr1	1201116	1201117	46	0.5904
chr1	1201157	1201158	34	0.6988
chr1	1201182	1201183	45	0.7044
chr1	1201201	1201202	40	0.5822
chr1	1201239	1201240	29	0.6615
chr1	1201264	1201265	36	0.6614
chr1	1201284	1201285	37	0.6376
chr1	1201309	1201310	36	0.6012
chr1	1201342	1201343	43	0.8459
chr1	1201362	1201363	43	0.518
chr1	1201378	1201379	38	0.6672
chr1	1201428	1201429	48	0.6514
chr1	1201441	1201442	44	0.6673
chr1	1201541	1201542	45	0.6031
chr1	1201641	1201642	45	0.7807
chr1	1201741	1201742	45	0.6412
chr1	1201808	1201809	49	0.8707
chr1	1201858	1201859	35	0.651
chr1	1201924	1201925	38	0.6398
chr1	1201942	1201943	28	0.7399
chr1	1201984	1201985	28	0.6412
chr1	1202009	1202010	35	0.7612
chr1	1202042	1202043	36	0.7284
chr1	1202062	1202063	38	0.6627
chr1	1202082	1202083	44	0.7617
chr1	1202102	1202103	36	0.7389
chr1	1202122	1202123	40	0.7288
chr1	1202151	1202152	47	0.804
chr1	1202187	1202188	44	0.8705
chr1	1202216	1202217	39	0.9391
chr1	1202266	1202267	41	0.7497
chr1	1202311	1202312	39	0.7177
chr1	1202338	1202339	38	0.8245
chr1	1202370	1202371	34	0.8432
chr1	1202420	1202421	36	0.7888
chr1	1202470	1202471	42	0.7917
chr1	1202489	1202490	36	0.6035
chr1	1202573	1202574	42	0.5812
chr1	1202673	1202674	44	0.7826
chr1	1202764	1202765	46	0.8171
chr1	1202864	1202865	32	0.7032
chr1	1202964	1202965	45	0.6334
chr1	1203004	1203005	33	0.7916
chr1	1203051	1203052	38	0.6859
chr1	1203072	1203073	43	0.7621
chr1	1203122	1203123	38	0.7472
chr1	1203161	1203162	39	0.8054
chr1	1203192	1203193	43	0.8935
chr1	1203207	1203208	43	0.8845
chr1	1203239	1203240	45	0.6519
chr1	1203280	1203281	38	0.7269
chr1	1203312	1203313	35	0.673
chr1	1203345	1203346	45	0.7978
chr1	1203377	1203378	34	0.8383
chr1	1203403	1203404	43	0.7603
chr1	1203443	1203444	42	0.6837
chr1	1203458	1203459	40	0.6865
chr1	1203490	1203491	39	0.832
chr1	1203510	1203511	34	0.8247
chr1	1203512	1203513	43	0.7704
chr1	1203562	1203563	41	0.689
chr1	1203631	1203632	39	0.895
chr1	1203681	1203682	35	0.9653
chr1	1203781	1203782	44	0.7681
chr1	1203864	1203865	38	0.6925
chr1	1203957	1203958	33	0.653
chr1	1204031	1204032	37	0.8332
chr1	1204052	1204053	41	0.7575
chr1	1204073	1204074	34	0.7289
chr1	1204093	1204094	37	0.7145
chr1	1204112	1204113	41	0.8153
chr1	1204160	1204161	39	0.7931
chr1	1204210	1204211	38	0.8572
chr1	1204249	1204250	48	0.6338
chr1	1204267	1204268	41	0.6791
chr1	1204295	1204296	49	0.7292
chr1	1204312	1204313	47	0.8034
chr1	1204345	1204346	35	0.7358
chr1	1204395	1204396	44	0.757
chr1	1204436	1204437	41	0.7432
chr1	1204466	1204467	40	0.9382
chr1	1204488	1204489	40	0.6546
chr1	1204503	1204504	36	0.8028
chr1	1204537	1204538	44	0.826
chr1	1204551	1204552	35	0.7954
chr1	1204649	1204650	39	0.9048
chr1	1204733	1204734	32	0.826
chr1	1204833	1204834	39	0.7749
chr1	1204884	1204885	29	0.8184
chr1	1204984	1204985	37	0.8546
chr1	1205026	1205027	45	0.762
chr1	1205054	1205055	39	0.8621
chr1	1205104	1205105	37	0.2427
chr1	1205142	1205143	47	0.2284
chr1	1205159	1205160	33	0.2972
chr1	1205209	1205210	46	0.3735
chr1	1205231	1205232	39	0.1684
chr1	1205264	1205265	35	0.1788
chr1	1205279	1205280	46	0.3566
chr1	1205303	1205304	43	0.2272
chr1	1205353	1205354	35	0.199
chr1	1205385	1205386	42	0.2685
chr1	1205411	1205412	40	0.1658
chr1	1205437	1205438	33	0.1227
chr1	1205460	1205461	44	0.239
chr1	1205509	1205510	35	0.4265
chr1	1205555	1205556	39	0.197
chr1	1205598	1205599	34	0.155
chr1	1205604	1205605	39	0.1362
chr1	1205661	1205662	38	0.3306
chr1	1205746	1205747	43	0.3133
chr1	1205834	1205835	38	0.298
chr1	1205906	1205907	39	0.3854
chr1	1206006	1206007	40	0.177
chr1	1206060	1206061	36	0.2973
chr1	1206084	1206085	35	0.264
chr1	1206097	1206098	48	0.6061
chr1	1206126	1206127	47	0.5701
chr1	1206146	1206147	33	0.5775
chr1	1206196	1206197	41	0.7015
chr1	1206227	1206228	44	0.6295
chr1	1206246	1206247	32	0.8804
chr1	1206281	1206282	40	0.7427
chr1	1206304	1206305	42	0.7478
chr1	1206324	1206325	44	0.5732
chr1	1206358	1206359	35	0.543
chr1	1206401	1206402	44	0.527
chr1	1206430	1206431	40	0.7656
chr1	1206465	1206466	30	0.5626
chr1	1206483	1206484	33	0.5483
chr1	1206526	1206527	44	0.684
chr1	1206572	1206573	40	0.5803
chr1	1206573	1206574	44	0.7992
chr1	1206673	1206674	33	0.5351
chr1	1206773	1206774	41	0.5691
chr1	1206851	1206852	38	0.6227
chr1	1206951	1206952	36	0.7453
chr1	1207033	1207034	27	0.6532
chr1	1207040	1207041	41	0.7314
chr1	1207064	1207065	47	0.9398
chr1	1207100	1207101	44	0.8757
chr1	1207120	1207121	47	0.8383
chr1	1207170	1207171	34	0.9176
chr1	1207201	1207202	48	0.8574
chr1	1207222	1207223	38	0.8528
chr1	1207253	1207254	31	0.8095
chr1	1207301	1207302	33	0.807
chr1	1207318	1207319	41	0.6027
chr1	1207378	1207379	28	0.7776
chr1	1207428	1207429	35	0.8193
chr1	1207475	1207476	44	0.8504
chr1	1207489	1207490	40	0.9111
chr1	1207589	1207590	44	0.6919
chr1	1207670	1207671	42	0.753
chr1	1207770	1207771	39	0.805
chr1	1207822	1207823	46	0.8885
chr1	1207922	1207923	32	0.6257
chr1	1207976	1207977	38	0.7244
chr1	1207996	1207997	42	0.8135
chr1	1208034	1208035	35	0.865
chr1	1208044	1208045	45	0.7813
chr1	1208100	1208101	39	0.8532
chr1	1208106	1208107	46	0.6176
chr1	1208172	1208173	40	0.7915
chr1	1208190	1208191	34	0.766
chr1	1208246	1208247	32	0.6795
chr1	1208328	1208329	43	0.723
chr1	1208336	1208337	43	0.7342
chr1	1208386	1208387	41	0.5449
chr1	1208405	1208406	38	0.5898
chr1	1208455	1208456	37	0.6801
chr1	1208493	1208494	32	0.7198
chr1	1208514	1208515	28	0.6062
chr1	1208564	1208565	29	0.7631
chr1	1208595	1208596	47	0.7117
chr1	1208634	1208635	43	0.8426
chr1	1208675	1208676	40	0.6
chr1	1208706	1208707	43	0.5748
chr1	1208721	1208722	30	0.6331
chr1	1208760	1208761	43	0.6813
chr1	1208791	1208792	49	0.6259
chr1	1208828	1208829	38	0.7751
chr1	1208846	1208847	44	0.9166
chr1	1208864	1208865	32	0.6671
chr1	1208922	1208923	43	0.5895
chr1	1209022	1209023	35	0.711
chr1	1209122	1209123	31	0.6481
chr1	1209222	1209223	36	0.6984
chr1	1209322	1209323	34	0.6403
chr1	1209350	1209351	40	0.6722
chr1	1209372	1209373	43	0.6534
chr1	1209550	1209551	46	0.6812
chr1	1209560	1209561	37	0.6405
chr1	1209746	1209747	49	0.6505
chr1	1209754	1209755	40	0.7655
chr1	1209792	1209793	44	0.7923
chr1	1209797	1209798	38	0.6724
chr1	1209817	1209818	50	0.8768
chr1	1209867	1209868	30	0.8099
chr1	1209896	1209897	36	0.8201
chr1	1209943	1209944	33	0.8172
chr1	1209978	1209979	47	0.6888
chr1	1210016	1210017	42	0.691
chr1	1210031	1210032	44	0.6831
chr1	1210054	1210055	39	0.8561
chr1	1210089	1210090	36	0.7642
chr1	1210110	1210111	39	0.6575
chr1	1210125	1210126	53	0.7194
chr1	1210157	1210158	42	0.7796
chr1	1210174	1210175	39	0.6348
chr1	1210189	1210190	37	0.8494
chr1	1210232	1210233	43	0.6019
chr1	1210282	1210283	38	0.8511
chr1	1210293	1210294	42	0.7748
chr1	1210351	1210352	47	0.8409
chr1	1210451	1210452	41	0.7149
chr1	1210551	1210552	36	0.6584
chr1	1210644	1210645	32	0.7844
chr1	1210744	1210745	40	0.8591
chr1	1210810	1210811	39	0.7311
chr1	1210858	1210859	40	0.7696
chr1	1210888	1210889	43	0.804
chr1	1210972	1210973	35	0.8386
chr1	1211086	1211087	39	0.8043
chr1	1211160	1211161	36	0.7695
chr1	1211194	1211195	38	0.5996
chr1	1211206	1211207	37	0.7088
chr1	1211215	1211216	36	0.6729
chr1	1211246	1211247	38	0.8344
chr1	1211285	1211286	34	0.6945
chr1	1211331	1211332	30	0.6706
chr1	1211362	1211363	42	0.6664
chr1	1211420	1211421	34	0.8008
chr1	1211470	1211471	37	0.7012
chr1	1211517	1211518	46	0.7693
chr1	1211549	1211550	44	0.8349
chr1	1211573	1211574	47	0.673
chr1	1211604	1211605	38	0.6054
chr1	1211629	1211630	38	0.6667
chr1	1211660	1211661	46	0.7318
chr1	1211710	1211711	41	0.9417
chr1	1211739	1211740	33	0.7361
chr1	1211746	1211747	43	0.7687
chr1	1211846	1211847	30	0.8567
chr1	1211932	1211933	32	0.6956
chr1	1211982	1211983	42	0.8066
chr1	1212047	1212048	44	0.653
chr1	1212097	1212098	48	0.9024
chr1	1212147	1212148	46	0.7269
chr1	1212247	1212248	29	0.7132
chr1	1212427	1212428	37	0.8383
chr1	1212453	1212454	31	0.6248
chr1	1212467	1212468	35	0.7215
chr1	1212517	1212518	36	0.9057
chr1	1212555	1212556	40	0.844
chr1	1212562	1212563	47	0.7268
chr1	1212582	1212583	33	0.8492
chr1	1212612	1212613	38	0.9286
chr1	1212648	1212649	42	0.8898
chr1	1212668	1212669	39	0.8642
chr1	1212694	1212695	40	0.7917
chr1	1212715	1212716	32	0.8705
chr1	1212734	1212735	48	0.6043
chr1	1212756	1212757	42	0.6397
chr1	1212778	1212779	42	0.7773
chr1	1212828	1212829	49	0.633
chr1	1212863	1212864	45	0.6559
chr1	1212913	1212914	44	0.8525
chr1	1212934	1212935	44	0.9115
chr1	1212949	1212950	50	0.7388
chr1	1212982	1212983	43	0.8232
chr1	1213024	1213025	37	0.8189
chr1	1213040	1213041	44	0.8917
chr1	1213056	1213057	49	0.7262
chr1	1213074	1213075	38	0.7597
chr1	1213088	1213089	48	0.8989
chr1	1213178	1213179	46	0.7603
chr1	1213231	1213232	44	0.9348
chr1	1213281	1213282	42	0.7661
chr1	1213381	1213382	37	0.9445
chr1	1213481	1213482	44	0.7353
chr1	1213581	1213582	31	0.9272
chr1	1213595	1213596	41	0.7041
chr1	1213623	1213624	38	0.7921
chr1	1213633	1213634	35	0.8881
chr1	1213643	1213644	46	0.837
chr1	1213975	1213976	38	0.7179
chr1	1214039	1214040	40	0.7472
chr1	1214062	1214063	37	0.7602
chr1	1214087	1214088	41	0.604
chr1	1214112	1214113	44	0.7704
chr1	1214132	1214133	46	0.7487
chr1	1214182	1214183	44	0.7743
chr1	1214225	1214226	37	0.8393
chr1	1214257	1214258	37	0.6493
chr1	1214307	1214308	37	0.6792
chr1	1214357	1214358	43	0.7112
chr1	1214372	1214373	35	0.6714
chr1	1214392	1214393	33	0.7216
chr1	1214436	1214437	49	0.7332
chr1	1214457	1214458	52	0.7039
chr1	1214502	1214503	33	0.6252
chr1	1214520	1214521	39	0.7106
chr1	1214559	1214560	37	0.9396
chr1	1214571	1214572	45	0.8593
chr1	1214621	1214622	32	0.8778
chr1	1214721	1214722	35	0.6576
chr1	1214821	1214822	45	0.5841
chr1	1214921	1214922	32	0.6164
chr1	1215021	1215022	36	0.7259
chr1	1215071	1215072	35	0.6258
chr1	1215117	1215118	45	0.6978
chr1	1215160	1215161	43	0.7647
chr1	1215208	1215209	41	0.2228
chr1	1215232	1215233	27	0.2791
chr1	1215282	1215283	41	0.4292
chr1	1215318	1215319	38	0.6616
chr1	1215333	1215334	54	0.3742
chr1	1215367	1215368	43	0.2857
chr1	1215385	1215386	34	0.7406
chr1	1215417	1215418	40	0.7489
chr1	1215432	1215433	39	0.5677
chr1	1215464	1215465	39	0.3387
chr1	1215484	1215485	38	0.402
chr1	1215499	1215500	32	0.573
chr1	1215549	1215550	43	0.6202
chr1	1215599	1215600	40	0.5813
chr1	1215649	1215650	42	0.3951
chr1	1215664	1215665	44	0.6013
chr1	1215679	1215680	45	0.4129
chr1	1215694	1215695	37	0.2847
chr1	1215720	1215721	39	0.6099
chr1	1215735	1215736	28	0.616
chr1	1215785	1215786	38	0.5823
chr1	1215885	1215886	40	0.3265
chr1	1215985	1215986	42	0.5688
chr1	1216044	1216045	34	0.6378
chr1	1216144	1216145	41	0.3525
chr1	1216240	1216241	39	0.6446
chr1	1216347	1216348	45	0.4269
chr1	1216403	1216404	40	0.5774
chr1	1216434	1216435	37	0.9151
chr1	1216449	1216450	48	0.8561
chr1	1216488	1216489	46	0.8405
chr1	1216512	1216513	41	0.8116
chr1	1216562	1216563	39	0.8378
chr1	1216582	1216583	37	0.88
chr1	1216603	1216604	47	0.9271
chr1	1216653	1216654	36	0.8401
chr1	1216692	1216693	42	0.8943
chr1	1216742	1216743	44	0.8211
chr1	1216757	1216758	41	0.7501
chr1	1216773	1216774	42	0.8507
chr1	1216800	1216801	40	0.8431
chr1	1216850	1216851	36	0.809
chr1	1216894	1216895	43	0.7984
chr1	1216944	1216945	38	0.8464
chr1	1216975	1216976	38	0.7098
chr1	1217025	1217026	36	0.8194
chr1	1217125	1217126	39	0.7878
chr1	1217225	1217226	36	0.9095
chr1	1217298	1217299	46	0.632
chr1	1217382	1217383	38	0.8529
chr1	1217482	1217483	50	0.8145
chr1	1217488	1217489	39	0.8517
chr1	1217574	1217575	37	0.8152
chr1	1217590	1217591	41	0.7619
chr1	1217627	1217628	34	0.6765
chr1	1217653	1217654	45	0.8091
chr1	1217671	1217672	38	0.639
chr1	1217696	1217697	45	0.7444
chr1	1217719	1217720	38	0.7536
chr1	1217747	1217748	39	0.6967
chr1	1217793	1217794	34	0.6519
chr1	1217816	1217817	32	0.7702
chr1	1217851	1217852	30	0.4953
chr1	1217877	1217878	37	0.7044
chr1	1217927	1217928	39	0.6592
chr1	1217977	1217978	32	0.5939
chr1	1217993	1217994	33	0.6688
chr1	1218012	1218013	45	0.7478
chr1	1218054	1218055	33	0.7886
chr1	1218070	1218071	43	0.6771
chr1	1218118	1218119	39	0.7495
chr1	1218162	1218163	50	0.8014
chr1	1218197	1218198	43	0.7934
chr1	1218219	1218220	43	0.749
chr1	1218302	1218303	37	0.8438
chr1	1218352	1218353	45	0.624
chr1	1218452	1218453	35	0.6885
chr1	1218552	1218553	32	0.5733
chr1	1218652	1218653	35	0.7046
chr1	1218729	1218730	41	0.6079
chr1	1218795	1218796	41	0.6015
chr1	1218849	1218850	33	0.6564
chr1	1218855	1218856	42	0.2149
chr1	1218891	1218892	45	0.2983
chr1	1218907	1218908	42	0.1079
chr1	1218957	1218958	35	0.3633
chr1	1218982	1218983	40	0.2315
chr1	1219016	1219017	44	0.1061
chr1	1219041	1219042	48	0.209
chr1	1219091	1219092	33	0.1727
chr1	1219124	1219125	48	0.233
chr1	1219158	1219159	40	0.3789
chr1	1219186	1219187	36	0.0602
chr1	1219223	1219224	39	0.2211
chr1	1219273	1219274	36	0.2632
chr1	1219303	1219304	44	0.2701
chr1	1219318	1219319	46	0.0
chr1	1219368	1219369	38	0.2514
chr1	1219394	1219395	32	0.1283
chr1	1219406	1219407	38	0.1139
chr1	1219490	1219491	42	0.3104
chr1	1219540	1219541	35	0.1264
chr1	1219590	1219591	31	0.1792
chr1	1219688	1219689	42	0.0647
chr1	1219788	1219789	32	0.1233
chr1	1219888	1219889	45	0.2623
chr1	1220062	1220063	28	0.0995
chr1	1220102	1220103	42	0.0914
chr1	1220128	1220129	35	0.2624
chr1	1220328	1220329	40	0.1577
chr1	1220356	1220357	44	0.1513
chr1	1220389	1220390	38	0.8498
chr1	1220416	1220417	42	0.936
chr1	1220431	1220432	47	0.7719
chr1	1220464	1220465	35	0.7191
chr1	1220479	1220480	42	0.9327
chr1	1220505	1220506	48	0.8508
chr1	1220538	1220539	36	0.855
chr1	1220557	1220558	39	1.0
chr1	1220598	1220599	40	0.8438
chr1	1220621	1220622	42	0.8465
chr1	1220642	1220643	39	0.8884
chr1	1220663	1220664	43	0.933
chr1	1220687	1220688	44	0.8744
chr1	1220715	1220716	52	0.8301
chr1	1220735	1220736	37	0.8538
chr1	1220783	1220784	38	0.7585
chr1	1220818	1220819	43	0.7105
chr1	1220865	1220866	39	0.8324
chr1	1220963	1220964	43	0.8162
chr1	1221063	1221064	47	0.6693
chr1	1221163	1221164	42	0.8228
chr1	1221217	1221218	46	0.8659
chr1	1221317	1221318	37	0.9541
chr1	1221321	1221322	40	0.8654
chr1	1221385	1221386	39	0.8476
chr1	1221429	1221430	45	0.9533
chr1	1221476	1221477	45	0.6208
chr1	1221495	1221496	37	0.9309
chr1	1221545	1221546	43	0.677
chr1	1221595	1221596	42	0.6786
chr1	1221620	1221621	44	0.7461
chr1	1221666	1221667	41	0.7055
chr1	1221709	1221710	37	0.8421
chr1	1221731	1221732	39	0.8021
chr1	1221753	1221754	33	0.8867
chr1	1221803	1221804	29	0.83
chr1	1221853	1221854	36	0.7889
chr1	1221903	1221904	37	0.7181
chr1	1221928	1221929	38	0.7945
chr1	1221932	1221933	33	0.8345
chr1	1221996	1221997	39	0.7328
chr1	1222080	1222081	44	0.776
chr1	1222149	1222150	38	0.7504
chr1	1222249	1222250	43	0.8628
chr1	1222349	1222350	45	0.7982
chr1	1222416	1222417	37	0.8968
chr1	1222500	1222501	36	0.7391
chr1	1222539	1222540	43	0.7853
chr1	1222558	1222559	44	0.6885
chr1	1222580	1222581	35	0.6984
chr1	1222597	1222598	42	0.9776
chr1	1222623	1222624	40	0.7593
chr1	1222673	1222674	44	1.0
chr1	1222723	1222724	35	0.9025
chr1	1222742	1222743	40	0.8279
chr1	1222757	1222758	45	0.678
chr1	1222781	1222782	36	0.9314
chr1	1222814	1222815	31	0.8595
chr1	1222864	1222865	39	0.8988
chr1	1222914	1222915	33	0.7596
chr1	1222937	1222938	36	0.6578
chr1	1222976	1222977	30	0.8894
chr1	1223009	1223010	37	0.8066
chr1	1223109	1223110	47	0.8838
chr1	1223209	1223210	41	0.898
chr1	1223284	1223285	41	0.7365
chr1	1223368	1223369	38	0.909
chr1	1223468	1223469	45	0.8817
chr1	1223480	1223481	37	0.8605
chr1	1223566	1223567	36	0.9582
chr1	1223604	1223605	43	0.1837
chr1	1223639	1223640	37	0.1329
chr1	1223662	1223663	40	0.1143
chr1	1223683	1223684	34	0.5707
chr1	1223729	1223730	35	0.5854
chr1	1223779	1223780	27	0.283
chr1	1223829	1223830	48	0.2705
chr1	1223879	1223880	36	0.5234
chr1	1223917	1223918	41	0.4736
chr1	1223932	1223933	37	0.0869
chr1	1223949	1223950	37	0.2172
chr1	1223995	1223996	42	0.5018
chr1	1224015	1224016	44	0.6312
chr1	1224046	1224047	44	0.0241
chr1	1224085	1224086	33	0.2588
chr1	1224127	1224128	26	0.4689
chr1	1224177	1224178	44	0.2226
chr1	1224180	1224181	44	0.1214
chr1	1224251	1224252	24	0.1922
chr1	1224351	1224352	41	0.3748
chr1	1224445	1224446	51	0.4546
chr1	1224545	1224546	44	0.2929
chr1	1224595	1224596	35	0.2302
chr1	1224646	1224647	46	0.6778
chr1	1224707	1224708	42	0.1295
chr1	1224804	1224805	42	0.2578
chr1	1224829	1224830	43	0.9434
chr1	1224858	1224859	44	0.7916
chr1	1224896	1224897	39	0.7661
chr1	1224944	1224945	49	0.9699
chr1	1224964	1224965	42	0.8497
chr1	1224990	1224991	33	0.8753
chr1	1225040	1225041	36	0.9745
chr1	1225090	1225091	34	0.8809
chr1	1225140	1225141	36	0.8429
chr1	1225168	1225169	36	0.8585
chr1	1225191	1225192	43	0.8947
chr1	1225223	1225224	39	0.7119
chr1	1225273	1225274	44	0.9519
chr1	1225323	1225324	37	0.7649
chr1	1225352	1225353	42	0.8441
chr1	1225373	1225374	38	0.9605
chr1	1225473	1225474	42	0.8913
chr1	1225573	1225574	34	0.8655
chr1	1225662	1225663	42	0.8563
chr1	1225719	1225720	38	0.9186
chr1	1225792	1225793	35	0.8111
chr1	1225843	1225844	43	0.7129
chr1	1225845	1225846	34	0.8647
chr1	1225887	1225888	43	0.012
chr1	1225919	1225920	38	0.011
chr1	1225954	1225955	42	0.0003
chr1	1226004	1226005	45	0.0
chr1	1226042	1226043	38	0.0137
chr1	1226092	1226093	40	0.0177
chr1	1226125	1226126	41	0.097
chr1	1226174	1226175	38	0.2081
chr1	1226191	1226192	44	0.0
chr1	1226206	1226207	39	0.1498
chr1	1226238	1226239	37	0.1782
chr1	1226273	1226274	55	0.0011
chr1	1226323	1226324	37	0.056
chr1	1226344	1226345	48	0.0671
chr1	1226444	1226445	30	0.0412
chr1	1226509	1226510	45	0.0
chr1	1226609	1226610	39	0.0463
chr1	1226659	1226660	41	0.1537
chr1	1226758	1226759	36	0.0234
chr1	1226826	1226827	41	0.0454
chr1	1226844	1226845	35	0.0801
chr1	1226888	1226889	48	0.2454
chr1	1226906	1226907	30	0.0694
chr1	1226921	1226922	38	0.02
chr1	1226971	1226972	30	0.0706
chr1	1227021	1227022	34	0.2383
chr1	1227059	1227060	46	0.0727
chr1	1227076	1227077	36	0.1525
chr1	1227120	1227121	35	0.0
chr1	1227154	1227155	45	0.1096
chr1	1227193	1227194	39	0.0825
chr1	1227220	1227221	41	0.0161
chr1	1227242	1227243	36	0.1681
chr1	1227292	1227293	40	0.1072
chr1	1227313	1227314	38	0.0965
chr1	1227323	1227324	34	0.2623
chr1	1227404	1227405	48	0.2342
chr1	1227475	1227476	49	0.1338
chr1	1227568	1227569	29	0.2471
chr1	1227668	1227669	37	0.0949
chr1	1227720	1227721	33	0.0937
chr1	1227734	1227735	34	0.0202
chr1	1227756	1227757	46	0.1713
chr1	1227799	1227800	41	0.0
chr1	1227814	1227815	37	0.1597
chr1	1227843	1227844	32	0.0454
chr1	1227869	1227870	42	0.0
chr1	1227888	1227889	42	0.0104
chr1	1227907	1227908	39	0.0
chr1	1227957	1227958	35	0.05
chr1	1227986	1227987	45	0.0
chr1	1228005	1228006	42	0.0335
chr1	1228044	1228045	40	0.088
chr1	1228094	1228095	51	0.0146
chr1	1228110	1228111	46	0.0783
chr1	1228160	1228161	40	0.0156
chr1	1228185	1228186	41	0.0343
chr1	1228203	1228204	37	0.1878
chr1	1228218	1228219	36	0.0
chr1	1228257	1228258	39	0.0
chr1	1228301	1228302	28	0.0242
chr1	1228380	1228381	39	0.0257
chr1	1228430	1228431	43	0.0071
chr1	1228530	1228531	35	0.0
chr1	1228597	1228598	30	0.0
chr1	1228647	1228648	37	0.0078
chr1	1228747	1228748	38	0.0
chr1	1228765	1228766	41	0.046
chr1	1228799	1228800	47	0.0732
chr1	1228809	1228810	39	0.0798
chr1	1228848	1228849	32	0.076
chr1	1228886	1228887	35	0.0
chr1	1228931	1228932	46	0.0602
chr1	1228959	1228960	43	0.0
chr1	1228986	1228987	33	0.0
chr1	1229003	1229004	43	0.0
chr1	1229044	1229045	38	0.0033
chr1	1229064	1229065	37	0.0
chr1	1229082	1229083	41	0.0551
chr1	1229110	1229111	40	0.0809
chr1	1229142	1229143	38	0.0299
chr1	1229188	1229189	38	0.0
chr1	1229204	1229205	46	0.0
chr1	1229240	1229241	38	0.0
chr1	1229275	1229276	38	0.0365
chr1	1229276	1229277	33	0.0488
chr1	1229376	1229377	39	0.0
chr1	1229476	1229477	45	0.0206
chr1	1229576	1229577	40	0.0259
chr1	1229676	1229677	42	0.0058
chr1	1229754	1229755	41	0.0576
chr1	1229762	1229763	43	0.0
chr1	1229796	1229797	42	0.0864
chr1	1229798	1229799	45	0.1353
chr1	1229814	1229815	38	0.1219
chr1	1229876	1229877	40	0.0482
chr1	1229880	1229881	33	0.0436
chr1	1229984	1229985	46	0.0262
chr1	1229992	1229993	46	0.0497
chr1	1230164	1230165	44	0.0566
chr1	1230208	1230209	37	0.5785
chr1	1230234	1230235	36	0.8757
chr1	1230252	1230253	35	0.7485
chr1	1230302	1230303	45	0.836
chr1	1230335	1230336	40	0.5475
chr1	1230385	1230386	40	0.7617
chr1	1230417	1230418	38	0.8872
chr1	1230459	1230460	40	0.8076
chr1	1230474	1230475	45	0.8131
chr1	1230497	1230498	47	0.8545
chr1	1230547	1230548	50	0.7459
chr1	1230569	1230570	45	0.895
chr1	1230619	1230620	42	0.7407
chr1	1230634	1230635	37	0.7168
chr1	1230664	1230665	34	0.7233
chr1	1230674	1230675	36	0.8429
chr1	1230727	1230728	38	0.7806
chr1	1230781	1230782	43	0.6259
chr1	1230831	1230832	39	0.6733
chr1	1230931	1230932	46	0.5287
chr1	1230992	1230993	46	0.8158
chr1	1231092	1231093	34	0.8169
chr1	1231132	1231133	40	0.7306
chr1	1231156	1231157	40	0.6437
chr1	1231206	1231207	46	1.0
chr1	1231256	1231257	37	1.0
chr1	1231274	1231275	33	1.0
chr1	1231310	1231311	39	1.0
chr1	1231360	1231361	44	0.8119
chr1	1231375	1231376	33	0.5718
chr1	1231401	1231402	46	1.0
chr1	1231437	1231438	42	0.9398
chr1	1231456	1231457	41	0.9099
chr1	1231471	1231472	33	0.6474
chr1	1231517	1231518	38	1.0
chr1	1231550	1231551	45	1.0
chr1	1231568	1231569	46	0.5839
chr1	1231607	1231608	35	0.438
chr1	1231622	1231623	32	0.4859
chr1	1231644	1231645	39	0.5747
chr1	1231662	1231663	42	0.8167
chr1	1231678	1231679	34	0.5869
chr1	1231699	1231700	30	0.5891
chr1	1231741	1231742	38	1.0
chr1	1231763	1231764	36	0.4326
chr1	1231851	1231852	39	1.0
chr1	1231916	1231917	37	1.0
chr1	1232016	1232017	28	0.9729
chr1	1232067	1232068	39	1.0
chr1	1232167	1232168	33	0.7594
chr1	1232267	1232268	35	0.5786
chr1	1232317	1232318	40	1.0
chr1	1232403	1232404	32	0.458
chr1	1232442	1232443	48	0.8593
chr1	1232492	1232493	35	0.8001
chr1	1232518	1232519	48	0.8719
chr1	1232537	1232538	46	0.8839
chr1	1232569	1232570	44	0.9069
chr1	1232588	1232589	38	0.9357
chr1	1232626	1232627	34	0.6424
chr1	1232652	1232653	42	0.7338
chr1	1232667	1232668	42	0.7161
chr1	1232682	1232683	38	0.6768
chr1	1232723	1232724	51	0.6885
chr1	1232744	1232745	33	0.7797
chr1	1232759	1232760	34	0.82
chr1	1232809	1232810	41	0.8361
chr1	1232859	1232860	40	0.8221
chr1	1232874	1232875	38	0.7269
chr1	1232919	1232920	44	0.7422
chr1	1232935	1232936	34	0.7776
chr1	1233035	1233036	26	0.8716
chr1	1233135	1233136	35	0.7508
chr1	1233235	1233236	33	0.854
chr1	1233291	1233292	36	0.6372
chr1	1233365	1233366	47	0.8368
chr1	1233403	1233404	34	0.7535
chr1	1233427	1233428	46	0.5412
chr1	1233477	1233478	44	0.5084
chr1	1233506	1233507	39	0.7771
chr1	1233521	1233522	33	0.6083
chr1	1233571	1233572	36	0.6326
chr1	1233599	1233600	35	0.8971
chr1	1233645	1233646	39	0.592
chr1	1233687	1233688	45	0.541
chr1	1233725	1233726	36	0.651
chr1	1233766	1233767	43	0.5703
chr1	1233797	1233798	46	0.6155
chr1	1233818	1233819	37	0.7153
chr1	1233850	1233851	34	0.511
chr1	1233900	1233901	47	0.583
chr1	1233973	1233974	38	0.5118
chr1	1234073	1234074	31	0.7584
chr1	1234129	1234130	40	0.5633
chr1	1234229	1234230	43	0.7031
chr1	1234245	1234246	48	0.5365
chr1	1234252	1234253	41	0.9051
chr1	1234302	1234303	37	0.9291
chr1	1234325	1234326	38	0.9184
chr1	1234357	1234358	38	0.9734
chr1	1234380	1234381	37	0.7432
chr1	1234407	1234408	35	0.7829
chr1	1234422	1234423	37	0.7844
chr1	1234452	1234453	30	0.6858
chr1	1234467	1234468	40	0.97
chr1	1234495	1234496	52	1.0
chr1	1234520	1234521	36	0.7434
chr1	1234561	1234562	43	0.8428
chr1	1234586	1234587	38	0.8049
chr1	1234636	1234637	41	0.8563
chr1	1234681	1234682	46	0.8599
chr1	1234716	1234717	41	0.8467
chr1	1234759	1234760	42	0.7961
chr1	1234783	1234784	33	0.8428
chr1	1234812	1234813	37	0.8663
chr1	1234912	1234913	50	0.8094
chr1	1235012	1235013	33	0.6846
chr1	1235062	1235063	42	0.8429
chr1	1235162	1235163	44	0.7325
chr1	1235212	1235213	38	0.7273
chr1	1235312	1235313	40	0.7912
chr1	1235338	1235339	40	0.7826
chr1	1235474	1235475	43	0.6876
chr1	1235566	1235567	40	0.9286
chr1	1235692	1235693	38	0.9253
chr1	1235702	1235703	37	0.9349
chr1	1235800	1235801	38	0.8892
chr1	1235823	1235824	47	0.7817
chr1	1235851	1235852	43	0.7543
chr1	1235869	1235870	43	0.7032
chr1	1235919	1235920	38	0.8793
chr1	1235966	1235967	37	0.6618
chr1	1235986	1235987	43	0.7256
chr1	1236036	1236037	40	0.724
chr1	1236056	1236057	37	0.7461
chr1	1236103	1236104	36	0.6179
chr1	1236136	1236137	35	0.6952
chr1	1236186	1236187	49	0.7997
chr1	1236233	1236234	42	0.855
chr1	1236251	1236252	35	0.7696
chr1	1236301	1236302	47	0.7316
chr1	1236303	1236304	35	0.7837
chr1	1236392	1236393	40	0.6282
chr1	1236492	1236493	46	0.6839
chr1	1236542	1236543	30	0.8638
chr1	1236640	1236641	40	0.7853
chr1	1236699	1236700	40	0.8318
chr1	1236749	1236750	37	0.7728
chr1	1236795	1236796	40	0.8443
chr1	1236829	1236830	46	0.7257
chr1	1236856	1236857	42	0.649
chr1	1236871	1236872	41	0.6896
chr1	1236904	1236905	34	0.6946
chr1	1236935	1236936	34	0.7088
chr1	1236970	1236971	41	0.7378
chr1	1237005	1237006	45	0.6823
chr1	1237045	1237046	45	0.8082
chr1	1237070	1237071	35	0.7438
chr1	1237085	1237086	39	0.693
chr1	1237116	1237117	35	0.7665
chr1	1237136	1237137	41	0.7814
chr1	1237165	1237166	39	0.6863
chr1	1237215	1237216	41	0.6451
chr1	1237247	1237248	34	0.876
chr1	1237262	1237263	34	0.7938
chr1	1237277	1237278	46	0.5997
chr1	1237315	1237316	39	0.5569
chr1	1237348	1237349	38	0.8686
chr1	1237361	1237362	42	0.7551
chr1	1237461	1237462	33	0.7036
chr1	1237560	1237561	43	0.6129
chr1	1237660	1237661	36	0.7028
chr1	1237730	1237731	37	0.7364
chr1	1237805	1237806	35	0.6567
chr1	1237837	1237838	44	0.7086
chr1	1237885	1237886	33	0.7653
chr1	1237921	1237922	38	0.9002
chr1	1237952	1237953	40	0.7982
chr1	1237995	1237996	40	0.8946
chr1	1238018	1238019	36	0.9071
chr1	1238068	1238069	43	0.8663
chr1	1238095	1238096	39	0.8559
chr1	1238121	1238122	37	0.7984
chr1	1238171	1238172	46	0.9053
chr1	1238186	1238187	29	0.9566
chr1	1238230	1238231	38	0.825
chr1	1238252	1238253	49	0.8262
chr1	1238281	1238282	42	0.9147
chr1	1238316	1238317	37	0.8417
chr1	1238339	1238340	33	0.8177
chr1	1238359	1238360	39	0.9384
chr1	1238409	1238410	35	0.9725
chr1	1238459	1238460	35	0.945
chr1	1238462	1238463	46	0.9158
chr1	1238562	1238563	42	0.8821
chr1	1238612	1238613	45	0.8523
chr1	1238712	1238713	38	0.9913
chr1	1238812	1238813	45	0.7344
chr1	1238862	1238863	44	0.9071
chr1	1238962	1238963	36	0.8897
chr1	1239062	1239063	39	0.8125
chr1	1239068	1239069	41	0.5213
chr1	1239105	1239106	40	0.6279
chr1	1239123	1239124	41	0.5275
chr1	1239141	1239142	41	0.5571
chr1	1239160	1239161	52	0.5568
chr1	1239175	1239176	40	0.6771
chr1	1239225	1239226	40	0.6237
chr1	1239248	1239249	39	0.5545
chr1	1239264	1239265	44	0.6404
chr1	1239288	1239289	35	0.7008
chr1	1239319	1239320	30	0.6728
chr1	1239350	1239351	36	0.4918
chr1	1239365	1239366	39	0.6709
chr1	1239387	1239388	41	0.6458
chr1	1239415	1239416	36	0.5921
chr1	1239455	1239456	42	0.6519
chr1	1239498	1239499	36	0.6109
chr1	1239515	1239516	48	0.6229
chr1	1239534	1239535	45	0.6255
chr1	1239600	1239601	43	0.5822
chr1	1239650	1239651	41	0.425
chr1	1239750	1239751	41	0.6991
chr1	1239850	1239851	29	0.492
chr1	1239900	1239901	38	0.6304
chr1	1239962	1239963	37	0.6915
chr1	1239976	1239977	40	0.5565
chr1	1239996	1239997	43	0.6113
chr1	1240034	1240035	42	0.611
chr1	1240042	1240043	37	0.5493
chr1	1240062	1240063	45	0.7174
chr1	1240208	1240209	45	0.5092
chr1	1240338	1240339	35	0.6025
chr1	1240377	1240378	37	0.9349
chr1	1240420	1240421	36	0.9022
chr1	1240442	1240443	42	0.7616
chr1	1240492	1240493	43	0.6252
chr1	1240507	1240508	39	0.7485
chr1	1240557	1240558	45	0.7457
chr1	1240572	1240573	46	0.8885
chr1	1240620	1240621	34	0.7694
chr1	1240635	1240636	46	0.7512
chr1	1240684	1240685	47	0.7689
chr1	1240734	1240735	42	0.6953
chr1	1240784	1240785	43	0.7957
chr1	1240817	1240818	43	0.8249
chr1	1240856	1240857	35	0.5861
chr1	1240906	1240907	30	0.7891
chr1	1240935	1240936	39	0.9205
chr1	1240985	1240986	35	0.8017
chr1	1241004	1241005	46	0.7005
chr1	1241014	1241015	37	0.7696
chr1	1241075	1241076	34	0.7019
chr1	1241144	1241145	41	0.644
chr1	1241244	1241245	37	0.8814
chr1	1241344	1241345	38	0.8475
chr1	1241420	1241421	42	0.6746
chr1	1241620	1241621	37	0.9404
chr1	1241636	1241637	42	0.6633
chr1	1241675	1241676	39	0.649
chr1	1241714	1241715	41	0.7672
chr1	1241754	1241755	38	0.824
chr1	1241769	1241770	39	0.6921
chr1	1241787	1241788	45	0.8906
chr1	1241837	1241838	39	0.7647
chr1	1241884	1241885	33	0.7434
chr1	1241934	1241935	41	0.8758
chr1	1241981	1241982	34	0.7443
chr1	1242004	1242005	39	0.8201
chr1	1242051	1242052	40	0.7023
chr1	1242097	1242098	39	0.7545
chr1	1242147	1242148	33	0.8281
chr1	1242174	1242175	41	0.7027
chr1	1242201	1242202	38	0.8073
chr1	1242301	1242302	38	0.7931
chr1	1242401	1242402	49	0.6788
chr1	1242498	1242499	37	0.6936
chr1	1242548	1242549	31	0.8612
chr1	1242648	1242649	38	0.9181
chr1	1242698	1242699	40	0.7471
chr1	1242718	1242719	29	0.8628
chr1	1242796	1242797	32	0.8901
chr1	1242842	1242843	38	0.0423
chr1	1242869	1242870	37	0.1609
chr1	1242916	1242917	46	0.2718
chr1	1242959	1242960	29	0.1078
chr1	1243009	1243010	33	0.0778
chr1	1243042	1243043	43	0.1338
chr1	1243079	1243080	42	0.0434
chr1	1243105	1243106	44	0.1649
chr1	1243129	1243130	43	0.0602
chr1	1243160	1243161	41	0.0814
chr1	1243192	1243193	43	0.0707
chr1	1243242	1243243	31	0.0631
chr1	1243271	1243272	39	0.1698
chr1	1243323	1243324	34	0.0
chr1	1243423	1243424	38	0.1121
chr1	1243520	1243521	28	0.1372
chr1	1243583	1243584	42	0.024
chr1	1243674	1243675	43	0.0489
chr1	1243744	1243745	38	0.1183
chr1	1243751	1243752	52	0.9398
chr1	1243766	1243767	34	0.8172
chr1	1243806	1243807	36	0.8516
chr1	1243837	1243838	33	0.9611
chr1	1243861	1243862	45	0.9469
chr1	1243876	1243877	44	0.847
chr1	1243895	1243896	44	0.7431
chr1	1243918	1243919	43	0.9289
chr1	1243933	1243934	28	0.7223
chr1	1243961	1243962	42	0.6654
chr1	1243993	1243994	31	0.9426
chr1	1244020	1244021	32	0.8127
chr1	1244040	1244041	38	0.9768
chr1	1244090	1244091	42	0.7363
chr1	1244115	1244116	33	0.7388
chr1	1244142	1244143	51	0.8972
chr1	1244174	1244175	30	0.9387
chr1	1244205	1244206	40	0.8758
chr1	1244241	1244242	41	0.8438
chr1	1244264	1244265	43	0.9335
chr1	1244326	1244327	38	0.8535
chr1	1244410	1244411	37	0.9886
chr1	1244510	1244511	32	0.9602
chr1	1244610	1244611	34	0.8912
chr1	1244710	1244711	37	0.9015
chr1	1244760	1244761	40	0.7887
chr1	1244766	1244767	41	0.7529
chr1	1244774	1244775	38	0.8714
chr1	1244842	1244843	42	0.8329
chr1	1244846	1244847	42	0.7342
chr1	1244918	1244919	43	0.8663
chr1	1244938	1244939	41	0.8017
chr1	1245092	1245093	41	0.8462
chr1	1245128	1245129	35	0.6583
chr1	1245134	1245135	51	0.9495
chr1	1245226	1245227	44	0.7723
chr1	1245271	1245272	24	0.7434
chr1	1245319	1245320	37	0.7428
chr1	1245336	1245337	42	0.7125
chr1	1245353	1245354	33	0.8445
chr1	1245368	1245369	34	0.8908
chr1	1245389	1245390	37	0.7569
chr1	1245409	1245410	38	0.6463
chr1	1245447	1245448	49	0.9006
chr1	1245472	1245473	34	0.8127
chr1	1245487	1245488	35	0.8876
chr1	1245508	1245509	43	0.7871
chr1	1245534	1245535	35	0.6225
chr1	1245560	1245561	34	0.6568
chr1	1245610	1245611	37	0.6305
chr1	1245634	1245635	38	0.6925
chr1	1245662	1245663	33	0.7251
chr1	1245762	1245763	43	0.6647
chr1	1245862	1245863	43	0.8419
chr1	1245946	1245947	44	0.8204
chr1	1246046	1246047	35	0.7341
chr1	1246098	1246099	44	0.7441
chr1	1246106	1246107	32	0.8366
chr1	1246127	1246128	35	0.8126
chr1	1246173	1246174	46	0.8679
chr1	1246204	1246205	45	0.7642
chr1	1246231	1246232	32	0.9961
chr1	1246267	1246268	38	0.815
chr1	1246291	1246292	33	0.7786
chr1	1246312	1246313	35	0.7903
chr1	1246349	1246350	38	0.9544
chr1	1246380	1246381	43	0.7905
chr1	1246408	1246409	33	0.9475
chr1	1246423	1246424	38	0.8181
chr1	1246444	1246445	32	0.7225
chr1	1246466	1246467	32	0.9227
chr1	1246491	1246492	44	0.9045
chr1	1246520	1246521	41	0.9067
chr1	1246557	1246558	26	0.8375
chr1	1246580	1246581	41	0.7731
chr1	1246615	1246616	40	0.7754
chr1	1246652	1246653	43	0.6009
chr1	1246668	1246669	46	0.8728
chr1	1246712	1246713	48	0.7534
chr1	1246744	1246745	47	0.5783
chr1	1246844	1246845	41	0.6877
chr1	1246944	1246945	50	0.9363
chr1	1247044	1247045	44	0.6358
chr1	1247119	1247120	37	0.8259
chr1	1247207	1247208	41	0.7458
chr1	1247305	1247306	44	0.91
chr1	1247341	1247342	38	0.8627
chr1	1247405	1247406	29	0.9161
chr1	1247418	1247419	45	0.1469
chr1	1247452	1247453	41	0.3083
chr1	1247502	1247503	34	0.2518
chr1	1247552	1247553	37	0.1592
chr1	1247594	1247595	39	0.1687
chr1	1247613	1247614	39	0.2328
chr1	1247663	1247664	42	0.1929
chr1	1247687	1247688	37	0.1579
chr1	1247725	1247726	39	0.2011
chr1	1247755	1247756	38	0.2257
chr1	1247799	1247800	41	0.3361
chr1	1247842	1247843	31	0.1613
chr1	1247876	1247877	33	0.2193
chr1	1247885	1247886	42	0.4482
chr1	1247935	1247936	45	0.29
chr1	1248017	1248018	53	0.1876
chr1	1248078	1248079	37	0.281
chr1	1248150	1248151	40	0.2632
chr1	1248200	1248201	37	0.1928
chr1	1248250	1248251	46	0.0804
chr1	1248350	1248351	47	0.2865
chr1	1248432	1248433	49	0.2553
chr1	1248464	1248465	35	0.0511
chr1	1248483	1248484	36	0.1379
chr1	1248528	1248529	47	0.1103
chr1	1248554	1248555	34	0.0646
chr1	1248569	1248570	42	0.1095
chr1	1248619	1248620	35	0.0483
chr1	1248667	1248668	36	0.2796
chr1	1248698	1248699	40	0.1088
chr1	1248714	1248715	38	0.2318
chr1	1248754	1248755	44	0.084
chr1	1248774	1248775	46	0.0851
chr1	1248824	1248825	46	0.0
chr1	1248852	1248853	40	0.1195
chr1	1248902	1248903	38	0.0
chr1	1248919	1248920	48	0.1948
chr1	1249019	1249020	41	0.0332
chr1	1249119	1249120	39	0.0531
chr1	1249193	1249194	40	0.0816
chr1	1249293	1249294	32	0.1354
chr1	1249331	1249332	38	0.137
chr1	1249333	1249334	29	0.0845
chr1	1249351	1249352	50	0.8272
chr1	1249366	1249367	33	0.8438
chr1	1249411	1249412	28	0.7478
chr1	1249431	1249432	42	0.8035
chr1	1249458	1249459	43	0.6472
chr1	1249508	1249509	39	0.7291
chr1	1249548	1249549	44	0.7122
chr1	1249575	1249576	45	0.7126
chr1	1249625	1249626	37	0.7669
chr1	1249651	1249652	44	0.5815
chr1	1249693	1249694	44	0.7567
chr1	1249713	1249714	37	0.7553
chr1	1249732	1249733	42	0.7603
chr1	1249782	1249783	38	0.7807
chr1	1249800	1249801	40	0.8819
chr1	1249823	1249824	40	0.7195
chr1	1249835	1249836	33	0.6332
chr1	1249935	1249936	40	0.7038
chr1	1250035	1250036	39	0.6858
chr1	1250135	1250136	36	0.6701
chr1	1250185	1250186	39	0.6403
chr1	1250244	1250245	42	0.754
chr1	1250294	1250295	52	0.6529
chr1	1250338	1250339	37	0.8382
chr1	1250358	1250359	32	0.8505
chr1	1250397	1250398	41	0.764
chr1	1250419	1250420	39	0.7072
chr1	1250451	1250452	45	0.7627
chr1	1250495	1250496	42	0.8809
chr1	1250532	1250533	43	0.9297
chr1	1250580	1250581	46	0.757
chr1	1250630	1250631	42	0.8661
chr1	1250672	1250673	39	0.7847
chr1	1250695	1250696	34	0.8769
chr1	1250745	1250746	33	0.7651
chr1	1250783	1250784	40	0.8864
chr1	1250798	1250799	48	0.7948
chr1	1250822	1250823	44	0.7844
chr1	1250849	1250850	41	0.8088
chr1	1250921	1250922	44	0.8286
chr1	1251021	1251022	34	0.7689
chr1	1251121	1251122	38	0.7415
chr1	1251171	1251172	31	0.9289
chr1	1251221	1251222	39	0.7944
chr1	1251289	1251290	38	0.8105
chr1	1251355	1251356	33	0.8234
chr1	1251381	1251382	36	0.6689
chr1	1251429	1251430	33	0.8086
chr1	1251452	1251453	37	0.6935
chr1	1251486	1251487	38	0.7827
chr1	1251502	1251503	44	0.8928
chr1	1251521	1251522	38	0.7355
chr1	1251542	1251543	37	0.9474
chr1	1251567	1251568	36	0.8373
chr1	1251613	1251614	44	0.8852
chr1	1251644	1251645	39	0.8619
chr1	1251683	1251684	45	0.788
chr1	1251715	1251716	47	0.9547
chr1	1251739	1251740	51	0.9497
chr1	1251783	1251784	40	0.7783
chr1	1251824	1251825	43	0.8327
chr1	1251839	1251840	42	0.8496
chr1	1251889	1251890	35	0.8537
chr1	1251907	1251908	34	0.7811
chr1	1252007	1252008	42	0.8191
chr1	1252107	1252108	39	0.9371
chr1	1252191	1252192	40	0.876
chr1	1252275	1252276	47	0.8191
chr1	1252375	1252376	38	0.9096
chr1	1252443	1252444	48	0.8953
chr1	1252493	1252494	38	0.4839
chr1	1252516	1252517	43	1.0
chr1	1252542	1252543	36	1.0
chr1	1252583	1252584	32	1.0
chr1	1252607	1252608	37	0.303
chr1	1252640	1252641	38	0.6456
chr1	1252661	1252662	42	1.0
chr1	1252708	1252709	41	0.418
chr1	1252738	1252739	36	0.45
chr1	1252771	1252772	40	0.4287
chr1	1252821	1252822	43	1.0
chr1	1252869	1252870	33	1.0
chr1	1252894	1252895	34	1.0
chr1	1252909	1252910	40	0.8661
chr1	1252935	1252936	41	0.7928
chr1	1252978	1252979	41	0.518
chr1	1253009	1253010	43	0.9014
chr1	1253024	1253025	44	0.7122
chr1	1253065	1253066	38	0.8109
chr1	1253070	1253071	55	0.6783
chr1	1253120	1253121	45	0.9746
chr1	1253220	1253221	43	0.9348
chr1	1253320	1253321	40	1.0
chr1	1253420	1253421	45	1.0
chr1	1253520	1253521	35	1.0
chr1	1253617	1253618	50	0.5525
chr1	1253625	1253626	45	0.9762
chr1	1253699	1253700	29	0.421
chr1	1253732	1253733	35	0.1961
chr1	1253754	1253755	47	0.1291
chr1	1253782	1253783	36	0.005
chr1	1253797	1253798	48	0.001
chr1	1253830	1253831	32	0.0
chr1	1253879	1253880	43	0.1809
chr1	1253915	1253916	37	0.084
chr1	1253950	1253951	45	0.0
chr1	1253987	1253988	39	0.1143
chr1	1254010	1254011	43	0.0713
chr1	1254031	1254032	27	0.0745
chr1	1254070	1254071	33	0.0
chr1	1254115	1254116	45	0.0491
chr1	1254150	1254151	43	0.2147
chr1	1254189	1254190	35	0.0
chr1	1254239	1254240	41	0.0
chr1	1254289	1254290	35	0.0683
chr1	1254306	1254307	39	0.0
chr1	1254317	1254318	38	0.0107
chr1	1254368	1254369	39	0.0756
chr1	1254468	1254469	39	0.0648
chr1	1254519	1254520	38	0.0
chr1	1254569	1254570	34	0.1167
chr1	1254646	1254647	49	0.0177
chr1	1254696	1254697	40	0.1445
chr1	1254768	1254769	43	0.065
chr1	1254835	1254836	42	0.1846
chr1	1254853	1254854	43	0.0331
chr1	1254895	1254896	42	0.1552
chr1	1254905	1254906	35	0.8924
chr1	1254955	1254956	39	0.7567
chr1	1254987	1254988	38	0.9624
chr1	1255007	1255008	41	0.8384
chr1	1255052	1255053	39	0.9632
chr1	1255075	1255076	45	0.6386
chr1	1255104	1255105	40	0.7833
chr1	1255150	1255151	48	0.9259
chr1	1255167	1255168	46	0.9355
chr1	1255188	1255189	34	0.8046
chr1	1255229	1255230	46	0.7968
chr1	1255254	1255255	46	0.8227
chr1	1255298	1255299	47	0.9908
chr1	1255325	1255326	38	0.9685
chr1	1255340	1255341	43	0.9626
chr1	1255382	1255383	40	0.7837
chr1	1255395	1255396	40	0.8258
chr1	1255463	1255464	40	0.949
chr1	1255563	1255564	34	0.823
chr1	1255635	1255636	36	0.8722
chr1	1255685	1255686	44	0.9738
chr1	1255785	1255786	42	0.9045
chr1	1255817	1255818	39	0.867
chr1	1255931	1255932	35	0.8983
chr1	1256043	1256044	26	0.7307
chr1	1256083	1256084	44	0.8419
chr1	1256161	1256162	35	0.7621
chr1	1256183	1256184	36	0.8924
chr1	1256255	1256256	39	0.796
chr1	1256262	1256263	36	0.9285
chr1	1256294	1256295	37	0.9943
chr1	1256329	1256330	36	0.9092
chr1	1256361	1256362	37	0.8321
chr1	1256411	1256412	46	0.9213
chr1	1256454	1256455	35	0.878
chr1	1256476	1256477	41	0.8419
chr1	1256496	1256497	41	1.0
chr1	1256511	1256512	47	0.901
chr1	1256544	1256545	33	0.9077
chr1	1256580	1256581	30	0.7736
chr1	1256610	1256611	37	0.9739
chr1	1256625	1256626	42	0.9829
chr1	1256656	1256657	42	0.8153
chr1	1256673	1256674	39	0.8414
chr1	1256693	1256694	43	0.95
chr1	1256710	1256711	35	0.9132
chr1	1256743	1256744	39	0.8292
chr1	1256764	1256765	37	0.9429
chr1	1256782	1256783	39	0.9624
chr1	1256882	1256883	41	0.9108
chr1	1256943	1256944	39	0.8785
chr1	1257043	1257044	41	0.9393
chr1	1257143	1257144	35	0.9053
chr1	1257219	1257220	49	1.0
chr1	1257278	1257279	42	0.8488
chr1	1257408	1257409	40	0.9015
chr1	1257436	1257437	36	0.8905
chr1	1257556	1257557	35	0.6845
chr1	1257564	1257565	39	0.9337
chr1	1257604	1257605	41	0.8793
chr1	1257650	1257651	39	0.9077
chr1	1257698	1257699	44	0.5485
chr1	1257727	1257728	36	0.8487
chr1	1257762	1257763	35	0.8082
chr1	1257812	1257813	39	0.7528
chr1	1257836	1257837	40	0.7444
chr1	1257853	1257854	41	0.6774
chr1	1257885	1257886	46	0.6044
chr1	1257927	1257928	41	0.6931
chr1	1257961	1257962	41	0.8091
chr1	1258004	1258005	34	0.6701
chr1	1258027	1258028	47	0.8173
chr1	1258062	1258063	43	0.7935
chr1	1258096	1258097	38	0.6602
chr1	1258117	1258118	41	0.7726
chr1	1258132	1258133	34	0.8744
chr1	1258182	1258183	37	0.7561
chr1	1258232	1258233	40	0.695
chr1	1258258	1258259	40	0.681
chr1	1258259	1258260	35	0.7724
chr1	1258354	1258355	34	0.8024
chr1	1258421	1258422	29	0.7559
chr1	1258511	1258512	39	0.7024
chr1	1258586	1258587	45	0.644
chr1	1258653	1258654	41	0.7283
chr1	1258703	1258704	31	0.8599
chr1	1258803	1258804	42	0.7927
chr1	1258809	1258810	39	0.8224
chr1	1258853	1258854	37	0.7776
chr1	1258884	1258885	41	0.8449
chr1	1258912	1258913	33	0.6758
chr1	1258943	1258944	39	0.6837
chr1	1258970	1258971	39	0.8075
chr1	1259003	1259004	39	0.8707
chr1	1259022	1259023	39	0.8121
chr1	1259047	1259048	36	0.8794
chr1	1259067	1259068	43	0.8584
chr1	1259082	1259083	33	0.8407
chr1	1259112	1259113	38	0.887
chr1	1259143	1259144	35	0.9007
chr1	1259170	1259171	40	0.7919
chr1	1259185	1259186	47	0.7847
chr1	1259200	1259201	39	0.8264
chr1	1259250	1259251	38	0.8052
chr1	1259300	1259301	38	0.8867
chr1	1259333	1259334	40	0.7283
chr1	1259348	1259349	42	0.8488
chr1	1259376	1259377	37	0.8004
chr1	1259469	1259470	44	1.0
chr1	1259546	1259547	51	0.7492
chr1	1259631	1259632	27	0.7523
chr1	1259685	1259686	39	0.9121
chr1	1259785	1259786	38	0.9985
chr1	1259885	1259886	37	0.8806
chr1	1259911	1259912	36	0.859
chr1	1259923	1259924	42	0.8277
chr1	1259930	1259931	39	0.7793
chr1	1259957	1259958	31	0.7317
chr1	1259972	1259973	37	0.6105
chr1	1259987	1259988	40	0.7882
chr1	1260033	1260034	41	0.7622
chr1	1260050	1260051	38	0.7184
chr1	1260074	1260075	33	0.8237
chr1	1260091	1260092	39	0.7783
chr1	1260134	1260135	44	0.7102
chr1	1260174	1260175	45	0.6921
chr1	1260201	1260202	43	0.7343
chr1	1260230	1260231	43	0.5499
chr1	1260245	1260246	43	0.8179
chr1	1260279	1260280	41	0.7359
chr1	1260329	1260330	42	0.6442
chr1	1260344	1260345	49	0.7403
chr1	1260363	1260364	42	0.5953
chr1	1260413	1260414	28	0.6406
chr1	1260420	1260421	42	0.7407
chr1	1260520	1260521	38	0.766
chr1	1260620	1260621	25	0.6422
chr1	1260670	1260671	42	0.7451
chr1	1260720	1260721	37	0.8428
chr1	1260820	1260821	38	0.7445
chr1	1260968	1260969	39	0.8558
chr1	1261002	1261003	36	0.6717
chr1	1261062	1261063	51	0.5321
chr1	1261100	1261101	37	0.7395
chr1	1261176	1261177	41	0.6866
chr1	1261218	1261219	47	0.7116
chr1	1261258	1261259	36	1.0
chr1	1261286	1261287	33	0.8657
chr1	1261324	1261325	49	0.8922
chr1	1261348	1261349	32	0.9369
chr1	1261377	1261378	31	0.9622
chr1	1261400	1261401	41	0.9488
chr1	1261421	1261422	38	0.8965
chr1	1261462	1261463	28	0.9299
chr1	1261506	1261507	37	0.9321
chr1	1261548	1261549	37	0.9484
chr1	1261569	1261570	42	1.0
chr1	1261594	1261595	48	0.9736
chr1	1261609	1261610	35	0.9633
chr1	1261638	1261639	50	0.9942
chr1	1261653	1261654	45	1.0
chr1	1261679	1261680	42	1.0
chr1	1261709	1261710	38	1.0
chr1	1261741	1261742	55	0.921
chr1	1261758	1261759	42	0.9891
chr1	1261790	1261791	46	0.9212
chr1	1261824	1261825	39	0.884
chr1	1261830	1261831	39	0.986
chr1	1261882	1261883	44	1.0
chr1	1261962	1261963	35	0.8777
chr1	1262062	1262063	40	0.9852
chr1	1262120	1262121	36	0.9584
chr1	1262220	1262221	33	1.0
chr1	1262320	1262321	40	0.9664
chr1	1262324	1262325	40	0.8465
chr1	1262406	1262407	42	0.8698
chr1	1262434	1262435	45	0.1619
chr1	1262460	1262461	44	0.2226
chr1	1262510	1262511	36	0.0079
chr1	1262560	1262561	40	0.0121
chr1	1262588	1262589	39	0.0842
chr1	1262615	1262616	40	0.0871
chr1	1262665	1262666	32	0.2481
chr1	1262709	1262710	37	0.0
chr1	1262743	1262744	38	0.1306
chr1	1262792	1262793	44	0.0166
chr1	1262812	1262813	39	0.0595
chr1	1262832	1262833	40	0.0
chr1	1262847	1262848	43	0.1634
chr1	1262864	1262865	38	0.2212
chr1	1262901	1262902	38	0.0026
chr1	1262916	1262917	30	0.0065
chr1	1262966	1262967	29	0.0141
chr1	1263066	1263067	43	0.0838
chr1	1263145	1263146	43	0.0
chr1	1263245	1263246	47	0.0701
chr1	1263302	1263303	45	0.1777
chr1	1263322	1263323	39	0.1499
chr1	1263386	1263387	45	0.035
chr1	1263396	1263397	40	0.9379
chr1	1263411	1263412	34	0.804
chr1	1263461	1263462	35	0.717
chr1	1263511	1263512	46	1.0
chr1	1263526	1263527	33	0.8995
chr1	1263557	1263558	40	0.7998
chr1	1263578	1263579	32	0.9261
chr1	1263598	1263599	42	0.8148
chr1	1263615	1263616	40	0.9757
chr1	1263635	1263636	45	1.0
chr1	1263652	1263653	42	0.8802
chr1	1263667	1263668	23	0.8575
chr1	1263684	1263685	37	0.8848
chr1	1263734	1263735	43	0.8682
chr1	1263766	1263767	42	0.8771
chr1	1263794	1263795	41	0.7679
chr1	1263809	1263810	41	0.8189
chr1	1263839	1263840	36	0.7774
chr1	1263854	1263855	44	0.9
chr1	1263954	1263955	33	0.6549
chr1	1264054	1264055	39	0.865
chr1	1264154	1264155	37	0.8093
chr1	1264254	1264255	37	0.8396
chr1	1264396	1264397	40	0.7497
chr1	1264402	1264403	44	0.8078
chr1	1264486	1264487	44	0.7276
chr1	1264488	1264489	37	0.7419
chr1	1264500	1264501	44	0.8607
chr1	1264594	1264595	43	0.8402
chr1	1264616	1264617	34	0.965
chr1	1264618	1264619	40	0.8628
chr1	1264674	1264675	47	0.816
chr1	1264690	1264691	32	0.8774
chr1	1264734	1264735	41	0.8531
chr1	1264764	1264765	26	0.5163
chr1	1264814	1264815	36	0.862
chr1	1264837	1264838	35	0.7699
chr1	1264859	1264860	42	0.8147
chr1	1264909	1264910	35	0.8271
chr1	1264949	1264950	33	0.5896
chr1	1264995	1264996	34	0.7723
chr1	1265029	1265030	43	0.7613
chr1	1265051	1265052	37	0.7805
chr1	1265101	1265102	34	0.7627
chr1	1265137	1265138	47	0.7575
chr1	1265158	1265159	38	0.7687
chr1	1265258	1265259	35	0.7742
chr1	1265358	1265359	29	0.7755
chr1	1265458	1265459	43	0.6992
chr1	1265550	1265551	42	0.6875
chr1	1265590	1265591	43	0.7092
chr1	1265630	1265631	34	0.6663
chr1	1265649	1265650	40	0.6048
chr1	1265664	1265665	31	0.7947
chr1	1265714	1265715	32	0.6921
chr1	1265729	1265730	38	0.6056
chr1	1265750	1265751	43	0.6584
chr1	1265771	1265772	42	0.7027
chr1	1265802	1265803	44	0.7135
chr1	1265833	1265834	36	0.7393
chr1	1265864	1265865	41	0.6806
chr1	1265905	1265906	37	0.7273
chr1	1265923	1265924	38	0.5181
chr1	1265966	1265967	42	0.8547
chr1	1266016	1266017	40	0.6024
chr1	1266043	1266044	41	0.8523
chr1	1266065	1266066	38	0.4814
chr1	1266090	1266091	37	0.5649
chr1	1266106	1266107	33	0.69
chr1	1266141	1266142	49	0.7673
chr1	1266166	1266167	37	0.7844
chr1	1266266	1266267	30	0.6112
chr1	1266366	1266367	40	0.6438
chr1	1266450	1266451	45	0.499
chr1	1266550	1266551	41	0.6085
chr1	1266650	1266651	41	0.6432
chr1	1266666	1266667	47	0.7174
chr1	1266676	1266677	38	0.6718
chr1	1266691	1266692	44	0.875
chr1	1266736	1266737	39	0.8742
chr1	1266786	1266787	44	0.8685
chr1	1266836	1266837	44	0.8367
chr1	1266886	1266887	46	0.7769
chr1	1266933	1266934	41	0.8281
chr1	1266983	1266984	32	0.7375
chr1	1267007	1267008	49	0.8382
chr1	1267057	1267058	37	0.7117
chr1	1267072	1267073	39	0.6669
chr1	1267095	1267096	39	0.7058
chr1	1267114	1267115	34	0.7359
chr1	1267144	1267145	37	0.7767
chr1	1267161	1267162	40	0.7058
chr1	1267173	1267174	36	0.8562
chr1	1267241	1267242	43	0.8333
chr1	1267341	1267342	38	0.7742
chr1	1267405	1267406	37	0.7744
chr1	1267499	1267500	54	0.7116
chr1	1267591	1267592	37	0.746
chr1	1267607	1267608	49	0.7308
chr1	1267637	1267638	30	0.6393
chr1	1267643	1267644	27	0.8404
chr1	1267682	1267683	43	0.8894
chr1	1267722	1267723	38	0.7947
chr1	1267750	1267751	34	0.7864
chr1	1267785	1267786	40	0.8243
chr1	1267823	1267824	37	0.7362
chr1	1267873	1267874	36	0.8235
chr1	1267893	1267894	32	0.8351
chr1	1267916	1267917	35	0.6359
chr1	1267942	1267943	36	0.7273
chr1	1267966	1267967	38	0.8427
chr1	1267995	1267996	37	0.7182
chr1	1268011	1268012	42	0.6576
chr1	1268043	1268044	36	0.7119
chr1	1268058	1268059	43	0.707
chr1	1268107	1268108	39	0.7953
chr1	1268150	1268151	38	0.7288
chr1	1268250	1268251	37	0.8749
chr1	1268350	1268351	38	0.7541
chr1	1268450	1268451	40	0.7234
chr1	1268550	1268551	27	0.7544
chr1	1268608	1268609	48	0.7371
chr1	1268618	1268619	36	0.7357
chr1	1268650	1268651	43	0.7015
chr1	1268682	1268683	40	0.6683
chr1	1268712	1268713	46	0.6786
chr1	1268714	1268715	39	0.7234
chr1	1268778	1268779	39	0.6922
chr1	1268876	1268877	44	0.7496
chr1	1268878	1268879	30	0.6071
chr1	1268972	1268973	52	0.759
chr1	1269048	1269049	52	0.7601
chr1	1269119	1269120	32	0.9241
chr1	1269156	1269157	44	0.6961
chr1	1269189	1269190	38	0.7371
chr1	1269239	1269240	37	0.6944
chr1	1269254	1269255	32	0.7117
chr1	1269290	1269291	37	0.7438
chr1	1269324	1269325	34	0.9194
chr1	1269343	1269344	34	0.6675
chr1	1269387	1269388	36	0.6968
chr1	1269423	1269424	39	0.8326
chr1	1269438	1269439	35	0.7699
chr1	1269459	1269460	34	0.8033
chr1	1269478	1269479	37	0.828
chr1	1269502	1269503	48	0.8212
chr1	1269549	1269550	40	0.9145
chr1	1269564	1269565	46	0.848
chr1	1269605	1269606	35	0.766
chr1	1269607	1269608	36	0.8617
chr1	1269683	1269684	43	0.7051
chr1	1269750	1269751	50	0.9625
chr1	1269800	1269801	39	0.7927
chr1	1269893	1269894	45	0.9026
chr1	1269943	1269944	34	0.8732
chr1	1270043	1270044	51	0.7621
chr1	1270093	1270094	36	0.8063
chr1	1270117	1270118	40	0.7243
chr1	1270156	1270157	38	0.8594
chr1	1270185	1270186	35	0.8258
chr1	1270214	1270215	43	0.7973
chr1	1270229	1270230	51	0.8645
chr1	1270270	1270271	36	0.814
chr1	1270290	1270291	34	0.9781
chr1	1270320	1270321	35	1.0
chr1	1270356	1270357	37	0.94
chr1	1270380	1270381	39	0.9483
chr1	1270404	1270405	39	0.9177
chr1	1270450	1270451	39	0.8446
chr1	1270484	1270485	47	0.9579
chr1	1270534	1270535	42	0.8779
chr1	1270580	1270581	35	0.7343
chr1	1270630	1270631	47	0.8617
chr1	1270653	1270654	40	0.8097
chr1	1270684	1270685	39	0.9719
chr1	1270698	1270699	41	0.9149
chr1	1270798	1270799	43	0.7937
chr1	1270896	1270897	46	0.9161
chr1	1270946	1270947	45	0.9462
chr1	1271046	1271047	47	0.8321
chr1	1271096	1271097	39	0.8867
chr1	1271196	1271197	41	0.9173
chr1	1271218	1271219	29	0.8676
chr1	1271282	1271283	38	0.7763
chr1	1271312	1271313	37	0.0768
chr1	1271335	1271336	39	0.1375
chr1	1271385	1271386	32	0.0555
chr1	1271426	1271427	39	0.0
chr1	1271441	1271442	38	0.0231
chr1	1271479	1271480	41	0.1479
chr1	1271517	1271518	38	0.0309
chr1	1271534	1271535	40	0.1331
chr1	1271563	1271564	45	0.1809
chr1	1271590	1271591	39	0.0757
chr1	1271606	1271607	35	0.0014
chr1	1271627	1271628	45	0.0974
chr1	1271659	1271660	35	0.1631
chr1	1271709	1271710	31	0.1136
chr1	1271759	1271760	34	0.0564
chr1	1271783	1271784	40	0.1171
chr1	1271794	1271795	41	0.0431
chr1	1271894	1271895	47	0.098
chr1	1271957	1271958	37	0.056
chr1	1272007	1272008	38	0.2109
chr1	1272107	1272108	38	0.1413
chr1	1272157	1272158	42	0.0728
chr1	1272257	1272258	44	0.1712
chr1	1272323	1272324	48	0.2023
chr1	1272333	1272334	40	0.9049
chr1	1272371	1272372	41	1.0
chr1	1272392	1272393	41	0.7439
chr1	1272438	1272439	40	1.0
chr1	1272462	1272463	42	0.8915
chr1	1272482	1272483	43	0.9672
chr1	1272511	1272512	48	0.7488
chr1	1272550	1272551	34	0.9129
chr1	1272583	1272584	43	0.9566
chr1	1272633	1272634	32	0.8253
chr1	1272683	1272684	31	0.7567
chr1	1272715	1272716	32	0.7766
chr1	1272748	1272749	41	0.7122
chr1	1272785	1272786	33	0.8386
chr1	1272820	1272821	41	0.8073
chr1	1272826	1272827	38	0.887
chr1	1272926	1272927	33	0.9038
chr1	1273026	1273027	37	1.0
chr1	1273076	1273077	42	0.837
chr1	1273176	1273177	35	0.8183
chr1	1273235	1273236	43	0.7405
chr1	1273286	1273287	50	0.7455
chr1	1273330	1273331	36	0.7917
chr1	1273342	1273343	32	0.9226
chr1	1273450	1273451	31	0.8251
chr1	1273522	1273523	37	0.8041
chr1	1273786	1273787	37	0.8855
chr1	1273808	1273809	42	0.5387
chr1	1273850	1273851	39	0.867
chr1	1273871	1273872	35	0.5866
chr1	1273898	1273899	40	0.5956
chr1	1273919	1273920	36	0.6709
chr1	1273941	1273942	41	0.7118
chr1	1273956	1273957	36	0.8287
chr1	1273983	1273984	34	0.8242
chr1	1274008	1274009	39	0.6576
chr1	1274044	1274045	37	0.8311
chr1	1274069	1274070	43	0.7345
chr1	1274094	1274095	50	0.578
chr1	1274115	1274116	46	0.645
chr1	1274148	1274149	40	0.8081
chr1	1274198	1274199	36	0.7577
chr1	1274219	1274220	36	0.7867
chr1	1274255	1274256	43	0.77
chr1	1274290	1274291	46	0.6937
chr1	1274340	1274341	38	0.6701
chr1	1274351	1274352	42	0.9063
chr1	1274451	1274452	37	0.6744
chr1	1274551	1274552	44	0.6836
chr1	1274651	1274652	32	0.7337
chr1	1274711	1274712	33	0.8093
chr1	1274811	1274812	46	0.6575
chr1	1274857	1274858	44	0.6186
chr1	1274911	1274912	34	0.5838
chr1	1274945	1274946	40	0.8827
chr1	1274995	1274996	48	0.978
chr1	1275017	1275018	34	0.8239
chr1	1275067	1275068	42	0.9703
chr1	1275105	1275106	40	0.8185
chr1	1275155	1275156	48	0.7241
chr1	1275205	1275206	37	0.7583
chr1	1275255	1275256	45	0.8423
chr1	1275288	1275289	43	0.9538
chr1	1275309	1275310	48	0.847
chr1	1275338	1275339	40	0.9345
chr1	1275360	1275361	32	0.6633
chr1	1275404	1275405	37	0.998
chr1	1275454	1275455	45	0.8216
chr1	1275485	1275486	41	0.8874
chr1	1275523	1275524	35	0.8539
chr1	1275538	1275539	42	0.9672
chr1	1275559	1275560	36	0.9844
chr1	1275659	1275660	34	0.8267
chr1	1275740	1275741	33	0.8041
chr1	1275809	1275810	40	0.7735
chr1	1275906	1275907	41	1.0
chr1	1275992	1275993	44	0.9205
chr1	1276042	1276043	29	0.7288
chr1	1276092	1276093	44	0.7234
chr1	1276142	1276143	47	0.8897
chr1	1276150	1276151	39	0.9343
chr1	1276242	1276243	39	0.8949
chr1	1276251	1276252	44	0.708
chr1	1276270	1276271	35	0.8788
chr1	1276320	1276321	41	0.8511
chr1	1276356	1276357	36	0.7477
chr1	1276388	1276389	36	0.7226
chr1	1276409	1276410	41	0.8064
chr1	1276424	1276425	39	0.7936
chr1	1276452	1276453	32	0.7132
chr1	1276483	1276484	42	0.6736
chr1	1276503	1276504	43	0.8517
chr1	1276527	1276528	37	0.8756
chr1	1276545	1276546	32	0.7474
chr1	1276583	1276584	44	0.7024
chr1	1276618	1276619	44	0.8634
chr1	1276641	1276642	43	0.6829
chr1	1276666	1276667	43	0.7692
chr1	1276693	1276694	35	0.8189
chr1	1276710	1276711	43	0.6716
chr1	1276750	1276751	30	0.7768
chr1	1276850	1276851	34	0.6341
chr1	1276907	1276908	43	0.7523
chr1	1277007	1277008	40	0.7501
chr1	1277107	1277108	34	0.8579
chr1	1277207	1277208	36	0.8634
chr1	1277303	1277304	34	0.7531
chr1	1277317	1277318	42	0.599
chr1	1277335	1277336	39	0.5525
chr1	1277345	1277346	32	0.8258
chr1	1277347	1277348	36	0.8653
chr1	1277349	1277350	46	0.8615
chr1	1277661	1277662	37	0.8859
chr1	1277663	1277664	38	0.7601
chr1	1277669	1277670	35	0.8031
chr1	1277695	1277696	33	0.7039
chr1	1277710	1277711	39	0.8117
chr1	1277743	1277744	37	0.9251
chr1	1277760	1277761	34	0.7997
chr1	1277800	1277801	44	0.8012
chr1	1277850	1277851	44	0.711
chr1	1277899	1277900	31	0.8142
chr1	1277926	1277927	42	0.8464
chr1	1277961	1277962	28	0.7833
chr1	1277981	1277982	38	0.7261
chr1	1278018	1278019	40	0.6554
chr1	1278051	1278052	44	0.8832
chr1	1278087	1278088	40	0.523
chr1	1278098	1278099	38	0.5801
chr1	1278198	1278199	30	0.7825
chr1	1278298	1278299	39	0.8648
chr1	1278351	1278352	37	0.7409
chr1	1278426	1278427	33	0.6788
chr1	1278454	1278455	31	0.7854
chr1	1278498	1278499	35	0.7183
chr1	1278548	1278549	40	0.7534
chr1	1278580	1278581	41	0.6634
chr1	1278630	1278631	40	0.614
chr1	1278680	1278681	44	0.5455
chr1	1278711	1278712	40	0.4509
chr1	1278755	1278756	43	0.5271
chr1	1278789	1278790	42	0.83
chr1	1278827	1278828	46	0.739
chr1	1278846	1278847	44	0.7137
chr1	1278891	1278892	40	0.5475
chr1	1278917	1278918	42	0.5491
chr1	1278937	1278938	39	0.6662
chr1	1278975	1278976	33	0.6746
chr1	1279003	1279004	45	0.6194
chr1	1279040	1279041	43	0.6037
chr1	1279042	1279043	36	0.5155
chr1	1279142	1279143	42	0.4492
chr1	1279200	1279201	37	0.4963
chr1	1279250	1279251	42	0.4498
chr1	1279300	1279301	37	0.7421
chr1	1279389	1279390	45	0.6695
chr1	1279468	1279469	39	0.419
chr1	1279568	1279569	38	0.6835
chr1	1279612	1279613	45	0.7347
chr1	1279618	1279619	40	0.6929
chr1	1279628	1279629	44	0.217
chr1	1279652	1279653	35	0.1198
chr1	1279687	1279688	36	0.3744
chr1	1279716	1279717	41	0.1774
chr1	1279766	1279767	48	0.3166
chr1	1279816	1279817	38	0.2698
chr1	1279838	1279839	44	0.2739
chr1	1279888	1279889	46	0.1889
chr1	1279903	1279904	43	0.1573
chr1	1279936	1279937	41	0.2554
chr1	1279968	1279969	44	0.2351
chr1	1279983	1279984	32	0.301
chr1	1280033	1280034	42	0.2659
chr1	1280078	1280079	35	0.2682
chr1	1280099	1280100	48	0.4362
chr1	1280125	1280126	43	0.3006
chr1	1280225	1280226	44	0.2698
chr1	1280316	1280317	40	0.2707
chr1	1280404	1280405	40	0.2359
chr1	1280457	1280458	40	0.2348
chr1	1280557	1280558	46	0.1112
chr1	1280612	1280613	38	0.3011
chr1	1280640	1280641	38	0.296
chr1	1280650	1280651	44	0.8313
chr1	1280686	1280687	35	0.7878
chr1	1280736	1280737	42	0.9413
chr1	1280771	1280772	40	0.8869
chr1	1280790	1280791	37	0.927
chr1	1280815	1280816	39	1.0
chr1	1280830	1280831	54	1.0
chr1	1280868	1280869	40	1.0
chr1	1280897	1280898	44	0.7968
chr1	1280938	1280939	49	0.9318
chr1	1280981	1280982	46	0.9815
chr1	1281024	1281025	38	0.9175
chr1	1281039	1281040	38	0.8899
chr1	1281061	1281062	36	1.0
chr1	1281111	1281112	46	0.984
chr1	1281161	1281162	40	0.8517
chr1	1281164	1281165	37	0.9204
chr1	1281264	1281265	34	0.8951
chr1	1281314	1281315	38	0.9241
chr1	1281414	1281415	41	0.7972
chr1	1281514	1281515	42	0.9491
chr1	1281614	1281615	46	0.9281
chr1	1281632	1281633	37	0.8959
chr1	1281742	1281743	40	0.8509
chr1	1281746	1281747	37	0.8283
chr1	1281928	1281929	36	0.7835
chr1	1281968	1281969	43	0.8796
