chr	start	end	coverage	methylation_level
chr1	100011	100012	30	0.8094
chr1	100019	100020	28	0.9269
chr1	100030	100031	27	0.8294
chr1	100045	100046	29	0.7258
chr1	100052	100053	28	0.8058
chr1	100059	100060	16	0.7974
chr1	100063	100064	36	0.8401
chr1	100107	100108	19	0.7609
chr1	100173	100174	29	0.6915
chr1	100185	100186	36	0.7732
chr1	100201	100202	27	0.6271
chr1	100210	100211	25	0.6586
chr1	100220	100221	30	0.7332
chr1	100226	100227	35	0.6492
chr1	100231	100232	28	0.6611
chr1	100237	100238	30	0.5784
chr1	100247	100248	29	0.6434
chr1	100251	100252	30	0.7089
chr1	100296	100297	28	0.7068
chr1	100310	100311	22	0.8538
chr1	100322	100323	26	0.8212
chr1	100332	100333	35	0.9377
chr1	100341	100342	37	0.7198
chr1	100347	100348	25	0.6883
chr1	100351	100352	24	0.7625
chr1	100357	100358	32	0.856
chr1	100365	100366	27	0.8711
chr1	100372	100373	21	0.7521
chr1	100402	100403	27	0.8929
chr1	100424	100425	30	0.781
chr1	100447	100448	30	0.1661
chr1	100451	100452	24	0.0899
chr1	100461	100462	30	0.2568
chr1	100470	100471	30	0.0194
chr1	100479	100480	33	0.1628
chr1	100492	100493	14	0.1634
chr1	100499	100500	27	0.1691
chr1	100502	100503	39	0.1934
chr1	100517	100518	29	0.1407
chr1	100541	100542	32	0.2045
chr1	100557	100558	31	0.163
chr1	100583	100584	31	0.2314
chr1	100627	100628	33	0.0769
chr1	100634	100635	34	0.1124
chr1	100643	100644	40	0.0812
chr1	100650	100651	27	0.0663
chr1	100663	100664	35	0.1035
chr1	100677	100678	30	0.184
chr1	100692	100693	31	0.0
chr1	100730	100731	35	0.1131
chr1	100777	100778	30	0.0878
chr1	100782	100783	24	0.1285
chr1	100793	100794	15	0.3113
chr1	100796	100797	24	0.1021
chr1	100802	100803	33	0.304
chr1	100813	100814	27	0.0422
chr1	100818	100819	36	0.1612
chr1	100827	100828	40	0.0612
chr1	100847	100848	22	0.1547
chr1	100871	100872	29	0.1594
chr1	100925	100926	38	0.1194
chr1	100957	100958	30	0.1115
chr1	100984	100985	35	0.8073
chr1	100989	100990	21	0.8048
chr1	101004	101005	32	0.8233
chr1	101012	101013	33	0.9133
chr1	101017	101018	29	0.7048
chr1	101026	101027	29	0.714
chr1	101032	101033	28	0.7473
chr1	101034	101035	35	0.7151
chr1	101069	101070	26	0.9252
chr1	101085	101086	22	0.8156
chr1	101116	101117	29	0.7132
chr1	101131	101132	32	0.8156
chr1	101138	101139	26	0.6686
chr1	101142	101143	24	0.5436
chr1	101148	101149	31	0.8221
chr1	101154	101155	28	0.7248
chr1	101168	101169	39	0.7688
chr1	101211	101212	26	0.6941
chr1	101221	101222	29	0.6586
chr1	101227	101228	34	0.6397
chr1	101259	101260	29	0.1609
chr1	101264	101265	40	0.1617
chr1	101268	101269	34	0.1603
chr1	101276	101277	26	0.2421
chr1	101281	101282	29	0.2443
chr1	101293	101294	31	0.4391
chr1	101297	101298	40	0.1472
chr1	101301	101302	44	0.1148
chr1	101308	101309	33	0.1478
chr1	101310	101311	21	0.1492
chr1	101360	101361	27	0.1467
chr1	101406	101407	28	0.2554
chr1	101418	101419	32	0.6613
chr1	101423	101424	25	0.9702
chr1	101429	101430	32	0.8296
chr1	101444	101445	23	0.8714
chr1	101453	101454	32	0.6294
chr1	101459	101460	37	0.7687
chr1	101468	101469	32	0.7285
chr1	101498	101499	24	0.7527
chr1	101514	101515	31	0.7809
chr1	101558	101559	28	0.8136
chr1	101592	101593	18	0.4091
chr1	101599	101600	28	0.3445
chr1	101607	101608	37	0.3784
chr1	101614	101615	35	0.1904
chr1	101622	101623	28	0.1752
chr1	101628	101629	26	0.1794
chr1	101633	101634	31	0.1705
chr1	101641	101642	27	0.3176
chr1	101642	101643	30	0.332
chr1	101668	101669	37	0.1502
chr1	101762	101763	30	0.2407
chr1	101795	101796	34	0.1594
chr1	101802	101803	27	0.0
chr1	101805	101806	26	0.094
chr1	101815	101816	29	0.0568
chr1	101824	101825	21	0.092
chr1	101831	101832	33	0.0762
chr1	101845	101846	39	0.1494
chr1	101860	101861	35	0.1288
chr1	101882	101883	32	0.0638
chr1	101938	101939	39	0.0514
chr1	101946	101947	28	0.2236
chr1	101951	101952	29	0.7294
chr1	101955	101956	33	0.9382
chr1	101966	101967	36	0.9416
chr1	101978	101979	27	0.7662
chr1	101984	101985	28	0.7016
chr1	101990	101991	31	0.7909
chr1	101994	101995	33	0.8137
chr1	102005	102006	22	0.9109
chr1	102029	102030	29	0.6697
chr1	102044	102045	33	0.9564
chr1	102052	102053	24	0.7024
chr1	102262	102263	30	0.7995
chr1	102304	102305	33	0.6969
chr1	102368	102369	22	0.7669
chr1	102452	102453	32	0.8811
chr1	102506	102507	19	0.8045
chr1	102516	102517	33	0.8587
chr1	102544	102545	33	0.1613
chr1	102558	102559	32	0.2743
chr1	102565	102566	27	0.1875
chr1	102576	102577	33	0.106
chr1	102587	102588	18	0.2687
chr1	102594	102595	35	0.1362
chr1	102602	102603	33	0.3081
chr1	102641	102642	29	0.1685
chr1	102671	102672	28	0.191
chr1	102681	102682	35	0.0404
chr1	102686	102687	31	0.8609
chr1	102693	102694	34	0.7528
chr1	102696	102697	36	0.7992
chr1	102705	102706	28	0.7069
chr1	102709	102710	35	0.7658
chr1	102717	102718	39	0.7813
chr1	102721	102722	32	0.5887
chr1	102735	102736	29	0.8876
chr1	102736	102737	33	0.7989
chr1	102762	102763	30	0.727
chr1	102808	102809	33	0.6681
chr1	102884	102885	38	0.6196
chr1	102922	102923	37	0.7047
chr1	102936	102937	35	0.6042
chr1	103112	103113	31	0.7097
chr1	103150	103151	34	0.7326
chr1	103176	103177	35	0.6738
chr1	103215	103216	32	0.797
chr1	103221	103222	24	0.7421
chr1	103227	103228	28	0.7758
chr1	103234	103235	28	0.874
chr1	103240	103241	30	0.5621
chr1	103252	103253	35	0.7896
chr1	103261	103262	34	0.6854
chr1	103267	103268	30	0.7771
chr1	103271	103272	30	0.7652
chr1	103297	103298	26	0.9018
chr1	103322	103323	24	0.6554
chr1	103328	103329	32	0.8415
chr1	103392	103393	31	0.8526
chr1	103415	103416	30	0.8335
chr1	103424	103425	27	0.9513
chr1	103427	103428	30	0.839
chr1	103436	103437	33	0.8335
chr1	103451	103452	39	0.8654
chr1	103466	103467	25	0.8829
chr1	103467	103468	32	0.7645
chr1	103510	103511	25	0.9046
chr1	103558	103559	25	0.8725
chr1	103562	103563	27	0.855
chr1	103572	103573	35	0.8377
chr1	103584	103585	32	0.8035
chr1	103591	103592	20	0.7912
chr1	103600	103601	36	0.8536
chr1	103615	103616	30	0.8318
chr1	103624	103625	37	0.9804
chr1	103644	103645	36	0.7369
chr1	103659	103660	28	0.7927
chr1	103701	103702	38	0.704
chr1	103829	103830	37	0.7296
chr1	103871	103872	25	0.6811
chr1	104089	104090	32	0.8694
chr1	104117	104118	24	0.9508
chr1	104165	104166	32	0.6663
chr1	104180	104181	32	0.5805
chr1	104193	104194	34	0.6119
chr1	104201	104202	34	0.5776
chr1	104205	104206	31	0.6144
chr1	104213	104214	17	0.6903
chr1	104215	104216	28	0.5478
chr1	104260	104261	36	0.6716
chr1	104286	104287	27	0.6536
chr1	104311	104312	33	0.5738
chr1	104318	104319	25	0.7474
chr1	104326	104327	25	0.6778
chr1	104334	104335	28	0.5768
chr1	104340	104341	28	0.565
chr1	104344	104345	24	0.7056
chr1	104353	104354	25	0.6871
chr1	104360	104361	33	0.7652
chr1	104362	104363	27	0.6791
chr1	104405	104406	29	0.5964
chr1	104481	104482	28	0.6039
chr1	104485	104486	28	0.6299
chr1	104512	104513	31	0.0495
chr1	104527	104528	31	0.0881
chr1	104535	104536	35	0.0326
chr1	104549	104550	31	0.1748
chr1	104561	104562	24	0.0851
chr1	104562	104563	29	0.0
chr1	104581	104582	30	0.0443
chr1	104597	104598	27	0.029
chr1	104601	104602	29	0.1682
chr1	104661	104662	30	0.1082
chr1	104666	104667	28	0.9261
chr1	104672	104673	20	0.9457
chr1	104676	104677	33	0.9296
chr1	104687	104688	28	0.8831
chr1	104694	104695	27	0.8982
chr1	104698	104699	19	0.7949
chr1	104701	104702	34	0.9868
chr1	104710	104711	30	0.8256
chr1	104716	104717	33	0.7906
chr1	104717	104718	23	1.0
chr1	104767	104768	33	0.9977
chr1	104925	104926	35	0.8688
chr1	105011	105012	28	0.9506
chr1	105073	105074	24	0.8728
chr1	105077	105078	31	0.8714
chr1	105143	105144	31	0.8717
chr1	105227	105228	28	0.7877
chr1	105245	105246	16	0.9101
chr1	105257	105258	32	0.5892
chr1	105263	105264	27	0.4938
chr1	105270	105271	34	0.649
chr1	105277	105278	25	0.7404
chr1	105282	105283	26	0.6674
chr1	105286	105287	32	0.5927
chr1	105291	105292	21	0.5628
chr1	105295	105296	37	0.6793
chr1	105302	105303	42	0.686
chr1	105309	105310	24	0.599
chr1	105310	105311	28	0.4869
chr1	105325	105326	31	0.6468
chr1	105327	105328	29	0.6009
chr1	105403	105404	22	0.6014
chr1	105631	105632	32	0.8084
chr1	105636	105637	30	0.8199
chr1	105643	105644	24	0.8718
chr1	105658	105659	40	0.8065
chr1	105668	105669	23	0.8118
chr1	105674	105675	37	0.9505
chr1	105681	105682	28	0.8966
chr1	105716	105717	28	0.8724
chr1	105726	105727	31	0.8406
chr1	105776	105777	27	0.9187
chr1	105786	105787	38	0.5264
chr1	105798	105799	21	0.9174
chr1	105809	105810	28	0.5632
chr1	105815	105816	40	1.0
chr1	105821	105822	20	0.7299
chr1	105831	105832	23	0.6687
chr1	105836	105837	35	0.8635
chr1	105857	105858	34	1.0
chr1	105882	105883	31	0.6119
chr1	105884	105885	32	0.8717
chr1	105972	105973	29	0.6789
chr1	105989	105990	34	0.6515
chr1	105992	105993	25	0.7677
chr1	106002	106003	35	0.7392
chr1	106014	106015	24	0.6205
chr1	106022	106023	24	0.6571
chr1	106026	106027	35	0.7074
chr1	106032	106033	14	0.7202
chr1	106038	106039	28	0.6682
chr1	106039	106040	17	0.7379
chr1	106078	106079	36	0.7937
chr1	106122	106123	26	0.6694
chr1	106144	106145	30	0.7208
chr1	106154	106155	29	0.1893
chr1	106159	106160	16	0.2347
chr1	106171	106172	35	0.2573
chr1	106176	106177	18	0.0101
chr1	106182	106183	32	0.2753
chr1	106194	106195	29	0.1436
chr1	106200	106201	24	0.3244
chr1	106204	106205	28	0.1734
chr1	106237	106238	27	0.2479
chr1	106331	106332	28	0.1615
chr1	106333	106334	24	0.3029
chr1	106455	106456	31	0.2035
chr1	106467	106468	25	0.1445
chr1	106505	106506	13	0.1165
chr1	106533	106534	31	0.707
chr1	106539	106540	31	0.8944
chr1	106546	106547	32	0.7277
chr1	106555	106556	19	0.8709
chr1	106560	106561	26	0.8379
chr1	106567	106568	23	0.8186
chr1	106575	106576	34	0.8681
chr1	106579	106580	27	0.8249
chr1	106583	106584	29	0.9061
chr1	106605	106606	27	0.7207
chr1	106685	106686	39	0.6729
chr1	106695	106696	33	0.6246
chr1	106721	106722	32	0.6809
chr1	106725	106726	31	0.6101
chr1	106729	106730	36	0.8485
chr1	106734	106735	19	0.6206
chr1	106740	106741	32	0.8357
chr1	106749	106750	23	0.6421
chr1	106756	106757	21	0.6684
chr1	106764	106765	40	0.7364
chr1	106772	106773	22	0.7202
chr1	106822	106823	26	0.7606
chr1	106870	106871	28	0.6346
chr1	106886	106887	31	0.0717
chr1	106890	106891	31	0.136
chr1	106905	106906	27	0.1381
chr1	106912	106913	38	0.1742
chr1	106920	106921	28	0.2053
chr1	106926	106927	24	0.0
chr1	106934	106935	34	0.1024
chr1	106936	106937	35	0.1794
chr1	106951	106952	24	0.1899
chr1	106976	106977	27	0.0208
chr1	107042	107043	31	0.127
chr1	107052	107053	33	0.0587
chr1	107072	107073	29	0.7378
chr1	107077	107078	31	0.8081
chr1	107088	107089	30	0.9805
chr1	107092	107093	32	0.8591
chr1	107098	107099	37	0.7215
chr1	107101	107102	27	0.8772
chr1	107110	107111	29	0.9448
chr1	107116	107117	27	0.884
chr1	107119	107120	25	0.7835
chr1	107128	107129	27	0.735
chr1	107178	107179	36	0.6871
chr1	107230	107231	25	0.8587
chr1	107247	107248	32	0.1754
chr1	107262	107263	23	0.2201
chr1	107270	107271	30	0.1717
chr1	107279	107280	22	0.2468
chr1	107291	107292	25	0.1512
chr1	107297	107298	24	0.2461
chr1	107309	107310	17	0.1565
chr1	107345	107346	30	0.2498
chr1	107370	107371	34	0.8368
chr1	107376	107377	30	0.5428
chr1	107389	107390	31	0.7528
chr1	107398	107399	34	0.8239
chr1	107404	107405	25	0.8802
chr1	107412	107413	22	0.5628
chr1	107417	107418	24	0.7059
chr1	107423	107424	30	0.6062
chr1	107425	107426	28	0.6478
chr1	107473	107474	27	0.6787
chr1	107551	107552	33	0.7761
chr1	107556	107557	34	0.8093
chr1	107570	107571	27	0.7013
chr1	107583	107584	31	0.8904
chr1	107591	107592	32	0.8742
chr1	107595	107596	36	0.8807
chr1	107602	107603	23	1.0
chr1	107606	107607	23	0.9423
chr1	107639	107640	28	0.8425
chr1	107705	107706	35	0.8151
chr1	107719	107720	23	0.8599
chr1	107753	107754	32	0.7766
chr1	107755	107756	34	0.8895
chr1	107879	107880	28	1.0
chr1	107925	107926	34	0.8683
chr1	108061	108062	30	0.8474
chr1	108101	108102	28	0.7449
chr1	108145	108146	27	0.7498
chr1	108158	108159	30	0.6416
chr1	108167	108168	33	0.8289
chr1	108171	108172	29	0.7711
chr1	108180	108181	23	0.6635
chr1	108190	108191	20	0.6561
chr1	108194	108195	23	0.6165
chr1	108195	108196	37	0.6986
chr1	108215	108216	34	0.8839
chr1	108239	108240	31	0.7374
chr1	108281	108282	23	0.9236
chr1	108319	108320	34	0.9178
chr1	108362	108363	31	0.8933
chr1	108367	108368	30	0.959
chr1	108373	108374	32	1.0
chr1	108379	108380	40	0.9208
chr1	108391	108392	28	0.9804
chr1	108399	108400	28	0.8872
chr1	108404	108405	20	0.9186
chr1	108407	108408	31	0.9856
chr1	108416	108417	30	0.9513
chr1	108446	108447	27	0.9702
chr1	108472	108473	21	0.8225
chr1	108482	108483	25	0.6688
chr1	108496	108497	25	0.8295
chr1	108505	108506	26	0.91
chr1	108514	108515	20	0.7849
chr1	108524	108525	29	0.8394
chr1	108527	108528	28	0.8103
chr1	108532	108533	29	0.7488
chr1	108549	108550	33	0.8569
chr1	108571	108572	34	1.0
chr1	108589	108590	23	0.7356
chr1	108593	108594	33	0.7731
chr1	108603	108604	25	0.8529
chr1	108731	108732	26	0.9432
chr1	108793	108794	41	0.7972
chr1	108822	108823	19	0.6872
chr1	108829	108830	29	0.7478
chr1	108838	108839	25	0.8013
chr1	108845	108846	23	0.5492
chr1	108854	108855	29	0.5694
chr1	108858	108859	23	0.641
chr1	108868	108869	29	0.6655
chr1	108873	108874	31	0.6089
chr1	108912	108913	24	0.5426
chr1	109004	109005	28	0.56
chr1	109037	109038	36	0.2401
chr1	109041	109042	41	0.3168
chr1	109047	109048	29	0.4621
chr1	109054	109055	42	0.2076
chr1	109058	109059	28	0.41
chr1	109072	109073	26	0.3079
chr1	109080	109081	28	0.0132
chr1	109094	109095	32	0.5382
chr1	109095	109096	24	0.0
chr1	109123	109124	30	0.0
chr1	109141	109142	26	0.3049
chr1	109229	109230	34	0.0124
chr1	109272	109273	28	0.961
chr1	109277	109278	30	0.9742
chr1	109282	109283	31	0.8364
chr1	109289	109290	25	0.808
chr1	109298	109299	28	0.9225
chr1	109304	109305	19	0.7916
chr1	109319	109320	28	0.7057
chr1	109322	109323	31	0.8538
chr1	109338	109339	30	0.7824
chr1	109353	109354	21	0.8205
chr1	109405	109406	27	0.9699
chr1	109441	109442	33	0.8888
chr1	109452	109453	26	0.6657
chr1	109457	109458	31	0.6629
chr1	109463	109464	33	0.5261
chr1	109471	109472	21	0.5931
chr1	109476	109477	26	0.6426
chr1	109484	109485	24	0.6928
chr1	109499	109500	31	0.6572
chr1	109502	109503	25	0.5987
chr1	109526	109527	34	0.4096
chr1	109532	109533	26	0.5276
chr1	109594	109595	31	0.5769
chr1	109599	109600	26	0.8366
chr1	109609	109610	25	0.723
chr1	109612	109613	31	0.9004
chr1	109624	109625	36	0.6795
chr1	109632	109633	36	0.8489
chr1	109644	109645	29	0.8736
chr1	109649	109650	29	0.8868
chr1	109665	109666	30	0.6934
chr1	109723	109724	31	0.7165
chr1	109837	109838	31	0.8176
chr1	109853	109854	32	0.7349
chr1	109865	109866	31	0.8871
chr1	109919	109920	44	0.7452
chr1	109949	109950	22	0.7495
chr1	109971	109972	28	0.7341
chr1	110003	110004	34	0.8503
chr1	110005	110006	17	0.6806
chr1	110113	110114	36	0.728
chr1	110125	110126	32	0.8016
chr1	110131	110132	27	0.6816
chr1	110143	110144	32	0.9842
chr1	110155	110156	26	0.7758
chr1	110164	110165	31	0.653
chr1	110174	110175	29	0.7392
chr1	110177	110178	23	0.9722
chr1	110211	110212	29	0.9514
chr1	110229	110230	32	0.6263
chr1	110287	110288	23	0.7102
chr1	110328	110329	36	0.0932
chr1	110342	110343	29	0.1776
chr1	110349	110350	30	0.1609
chr1	110364	110365	26	0.1758
chr1	110374	110375	31	0.1186
chr1	110378	110379	29	0.0592
chr1	110414	110415	26	0.0055
chr1	110432	110433	29	0.0182
chr1	110468	110469	28	0.1229
chr1	110709	110710	27	0.9434
chr1	110722	110723	31	0.9001
chr1	110731	110732	31	0.8976
chr1	110738	110739	28	0.9731
chr1	110747	110748	25	1.0
chr1	110754	110755	22	0.9047
chr1	110759	110760	25	0.9204
chr1	110793	110794	35	0.8253
chr1	110807	110808	29	0.908
chr1	110835	110836	20	0.8682
chr1	110857	110858	32	0.1334
chr1	110864	110865	27	0.1205
chr1	110868	110869	26	0.1127
chr1	110873	110874	37	0.1437
chr1	110882	110883	33	0.1661
chr1	110887	110888	26	0.0
chr1	110893	110894	31	0.2677
chr1	110902	110903	25	0.1037
chr1	110907	110908	34	0.1732
chr1	110932	110933	27	0.3082
chr1	110947	110948	29	0.1263
chr1	111043	111044	38	0.1255
chr1	111080	111081	29	0.8278
chr1	111095	111096	32	0.8398
chr1	111101	111102	31	0.7428
chr1	111108	111109	33	0.72
chr1	111111	111112	20	0.8916
chr1	111118	111119	30	0.8217
chr1	111128	111129	29	0.7242
chr1	111130	111131	33	0.9625
chr1	111145	111146	29	0.8434
chr1	111179	111180	25	0.7014
chr1	111253	111254	31	0.7453
chr1	111267	111268	32	0.3189
chr1	111274	111275	25	0.1313
chr1	111284	111285	29	0.5059
chr1	111290	111291	35	0.2778
chr1	111296	111297	26	0.2072
chr1	111301	111302	36	0.1932
chr1	111307	111308	28	0.3142
chr1	111322	111323	29	0.303
chr1	111327	111328	30	0.2917
chr1	111347	111348	25	0.1364
chr1	111385	111386	36	0.4032
chr1	111413	111414	26	0.2013
chr1	111417	111418	36	0.1008
chr1	111461	111462	25	0.6761
chr1	111465	111466	32	0.6505
chr1	111471	111472	31	0.6161
chr1	111480	111481	22	0.5713
chr1	111495	111496	28	0.5528
chr1	111502	111503	21	0.4304
chr1	111506	111507	37	0.6739
chr1	111516	111517	25	0.5253
chr1	111566	111567	27	0.7265
chr1	111652	111653	27	0.4716
chr1	111658	111659	25	0.9298
chr1	111662	111663	32	0.9134
chr1	111673	111674	29	0.9407
chr1	111682	111683	33	0.8415
chr1	111688	111689	31	0.7408
chr1	111700	111701	22	0.8112
chr1	111708	111709	43	1.0
chr1	111710	111711	35	0.7808
chr1	111745	111746	24	0.8627
chr1	111765	111766	40	0.6971
chr1	111797	111798	22	0.9391
chr1	111875	111876	26	0.8027
chr1	111931	111932	31	0.9442
chr1	112087	112088	30	0.944
chr1	112237	112238	36	0.7863
chr1	112277	112278	30	1.0
chr1	112282	112283	28	0.8016
chr1	112292	112293	29	0.7593
chr1	112301	112302	37	0.9258
chr1	112315	112316	35	0.9371
chr1	112321	112322	30	1.0
chr1	112328	112329	29	0.9927
chr1	112333	112334	29	0.9669
chr1	112368	112369	33	0.7279
chr1	112412	112413	25	0.9425
chr1	112457	112458	29	0.0714
chr1	112466	112467	29	0.0526
chr1	112478	112479	26	0.1422
chr1	112482	112483	25	0.2622
chr1	112489	112490	28	0.2975
chr1	112497	112498	34	0.0849
chr1	112507	112508	23	0.0125
chr1	112526	112527	22	0.1295
chr1	112560	112561	26	0.1348
chr1	112566	112567	33	0.0789
chr1	112579	112580	34	0.9105
chr1	112588	112589	22	0.847
chr1	112603	112604	26	1.0
chr1	112613	112614	26	0.6083
chr1	112625	112626	28	0.8759
chr1	112629	112630	37	0.9577
chr1	112664	112665	23	1.0
chr1	112680	112681	33	0.8209
chr1	112710	112711	21	0.3056
chr1	112716	112717	25	0.3265
chr1	112721	112722	21	0.3718
chr1	112726	112727	35	0.536
chr1	112737	112738	23	0.2761
chr1	112752	112753	29	0.3345
chr1	112760	112761	25	0.2147
chr1	112798	112799	28	0.2112
chr1	112840	112841	40	0.9384
chr1	112855	112856	24	0.8542
chr1	112862	112863	32	0.8994
chr1	112869	112870	23	0.8629
chr1	112874	112875	25	0.8796
chr1	112889	112890	25	0.9173
chr1	112899	112900	30	0.8231
chr1	112914	112915	29	0.8518
chr1	112938	112939	31	1.0
chr1	112953	112954	32	0.7817
chr1	112981	112982	30	0.9278
chr1	113039	113040	27	0.7534
chr1	113081	113082	35	0.0
chr1	113088	113089	27	0.0417
chr1	113093	113094	36	0.0529
chr1	113101	113102	29	0.2307
chr1	113107	113108	25	0.0229
chr1	113122	113123	34	0.0956
chr1	113129	113130	29	0.1793
chr1	113132	113133	27	0.1409
chr1	113152	113153	32	0.0
chr1	113180	113181	19	0.1815
chr1	113274	113275	33	0.1202
chr1	113279	113280	22	0.8488
chr1	113294	113295	31	0.7269
chr1	113308	113309	30	0.6877
chr1	113319	113320	30	0.8681
chr1	113327	113328	35	0.7438
chr1	113332	113333	25	0.5857
chr1	113333	113334	35	0.8087
chr1	113383	113384	29	0.6995
chr1	113493	113494	18	0.5945
chr1	113517	113518	31	0.5343
chr1	113543	113544	22	0.6705
chr1	113559	113560	39	0.5643
chr1	113571	113572	25	0.7986
chr1	113701	113702	33	0.6241
chr1	113726	113727	26	0.664
chr1	113741	113742	32	0.7877
chr1	113749	113750	19	0.8423
chr1	113756	113757	32	0.6799
chr1	113762	113763	28	0.6892
chr1	113771	113772	33	0.6524
chr1	113776	113777	21	0.7337
chr1	113791	113792	25	0.8204
chr1	113821	113822	30	0.7382
chr1	113885	113886	24	0.7065
chr1	113921	113922	26	0.6006
chr1	113967	113968	30	0.6512
chr1	113977	113978	34	0.4622
chr1	113988	113989	37	0.551
chr1	114000	114001	31	0.4556
chr1	114004	114005	35	0.664
chr1	114012	114013	38	0.6945
chr1	114017	114018	33	0.7534
chr1	114037	114038	17	0.4063
chr1	114143	114144	36	0.844
chr1	114153	114154	33	0.5619
chr1	114200	114201	28	0.0908
chr1	114208	114209	23	0.2045
chr1	114214	114215	26	0.1626
chr1	114221	114222	24	0.0647
chr1	114227	114228	29	0.1045
chr1	114242	114243	29	0.3683
chr1	114250	114251	39	0.0748
chr1	114278	114279	29	0.1069
chr1	114360	114361	35	0.108
chr1	114383	114384	24	0.7204
chr1	114389	114390	31	0.8206
chr1	114394	114395	31	0.6668
chr1	114402	114403	32	0.4684
chr1	114408	114409	26	0.4173
chr1	114413	114414	28	0.6379
chr1	114424	114425	32	0.769
chr1	114430	114431	33	0.6976
chr1	114433	114434	29	0.5988
chr1	114464	114465	31	0.7662
chr1	114575	114576	23	0.7518
chr1	114604	114605	33	0.2333
chr1	114608	114609	24	0.1818
chr1	114616	114617	28	0.1431
chr1	114620	114621	35	0.1742
chr1	114629	114630	18	0.146
chr1	114644	114645	37	0.0525
chr1	114652	114653	35	0.0682
chr1	114659	114660	36	0.0299
chr1	114660	114661	31	0.1108
chr1	114688	114689	23	0.1635
chr1	114742	114743	28	0.3219
chr1	114776	114777	26	0.157
chr1	114825	114826	22	0.7937
chr1	114836	114837	37	0.6103
chr1	114847	114848	25	0.6668
chr1	114852	114853	32	0.6573
chr1	114863	114864	30	0.5283
chr1	114875	114876	30	0.6578
chr1	114923	114924	33	0.6246
chr1	114975	114976	25	0.5401
chr1	114997	114998	24	0.7931
chr1	115011	115012	33	0.022
chr1	115017	115018	23	0.416
chr1	115024	115025	35	0.0377
chr1	115033	115034	33	0.465
chr1	115048	115049	32	0.555
chr1	115053	115054	34	0.0575
chr1	115057	115058	33	0.3327
chr1	115061	115062	34	0.0
chr1	115105	115106	19	0.393
chr1	115147	115148	28	0.6623
chr1	115162	115163	25	0.9538
chr1	115169	115170	32	0.7592
chr1	115176	115177	30	0.8347
chr1	115191	115192	45	0.9451
chr1	115197	115198	32	0.7633
chr1	115215	115216	29	0.787
chr1	115231	115232	35	0.8806
chr1	115277	115278	24	0.8125
chr1	115309	115310	35	0.747
chr1	115322	115323	26	0.825
chr1	115337	115338	29	0.7608
chr1	115345	115346	27	0.7517
chr1	115350	115351	38	0.7014
chr1	115359	115360	30	0.6577
chr1	115405	115406	22	0.6556
chr1	115469	115470	30	0.7381
chr1	115483	115484	33	0.8316
chr1	115490	115491	41	0.6722
chr1	115498	115499	18	0.6563
chr1	115508	115509	39	0.8553
chr1	115518	115519	40	0.7976
chr1	115526	115527	29	0.7759
chr1	115532	115533	31	0.8185
chr1	115537	115538	33	0.7911
chr1	115542	115543	35	0.8456
chr1	115549	115550	28	0.8901
chr1	115592	115593	29	0.8714
chr1	115594	115595	28	0.7609
chr1	115658	115659	31	0.8646
chr1	115686	115687	30	0.9231
chr1	115858	115859	19	0.7954
chr1	115870	115871	32	0.9186
chr1	115916	115917	30	0.9171
chr1	115926	115927	26	0.8999
chr1	115962	115963	31	0.8926
chr1	115994	115995	27	0.8333
chr1	116052	116053	34	0.8154
chr1	116090	116091	22	0.0208
chr1	116100	116101	30	0.0151
chr1	116115	116116	31	0.2124
chr1	116129	116130	28	0.0
chr1	116137	116138	35	0.1165
chr1	116144	116145	35	0.0395
chr1	116145	116146	27	0.0608
chr1	116171	116172	27	0.1302
chr1	116249	116250	35	0.0639
chr1	116259	116260	28	1.0
chr1	116269	116270	29	0.8601
chr1	116277	116278	29	0.837
chr1	116281	116282	25	1.0
chr1	116289	116290	25	0.7652
chr1	116294	116295	39	0.9151
chr1	116301	116302	39	1.0
chr1	116309	116310	34	0.8357
chr1	116319	116320	27	0.7151
chr1	116347	116348	27	0.7256
chr1	116365	116366	26	0.9785
chr1	116409	116410	34	0.825
chr1	116437	116438	32	0.6574
chr1	116523	116524	31	0.8419
chr1	116553	116554	28	0.8419
chr1	116659	116660	33	0.8678
chr1	116673	116674	28	0.7255
chr1	116707	116708	27	0.7989
chr1	116741	116742	27	0.8051
chr1	116757	116758	33	0.8748
chr1	116800	116801	34	0.0727
chr1	116807	116808	23	0.0
chr1	116822	116823	29	0.1154
chr1	116834	116835	30	0.0
chr1	116841	116842	24	0.113
chr1	116847	116848	25	0.0
chr1	116850	116851	18	0.0
chr1	116870	116871	38	0.1132
chr1	116922	116923	26	0.1304
chr1	116950	116951	20	0.0078
chr1	116995	116996	29	0.8434
chr1	117002	117003	27	0.8326
chr1	117017	117018	35	0.7859
chr1	117022	117023	34	0.6948
chr1	117030	117031	22	0.9682
chr1	117041	117042	28	0.9565
chr1	117045	117046	39	0.8903
chr1	117063	117064	26	0.7817
chr1	117094	117095	31	0.7788
chr1	117150	117151	20	1.0
chr1	117178	117179	31	0.8432
chr1	117183	117184	23	0.6399
chr1	117198	117199	23	0.6903
chr1	117207	117208	29	0.7087
chr1	117216	117217	27	0.7388
chr1	117224	117225	25	0.6696
chr1	117234	117235	35	0.7127
chr1	117260	117261	31	0.696
chr1	117275	117276	29	0.7672
chr1	117341	117342	35	0.615
chr1	117353	117354	27	0.7896
chr1	117419	117420	35	0.7692
chr1	117509	117510	30	0.8417
chr1	117519	117520	32	0.8106
chr1	117533	117534	27	0.7489
chr1	117563	117564	33	0.8162
chr1	117635	117636	31	0.7984
chr1	117687	117688	28	0.6525
chr1	117745	117746	26	0.7845
chr1	117751	117752	34	0.8285
chr1	117759	117760	31	0.9353
chr1	117768	117769	36	0.7196
chr1	117775	117776	15	0.8663
chr1	117781	117782	27	0.6416
chr1	117787	117788	28	0.7136
chr1	117793	117794	32	0.8276
chr1	117800	117801	29	0.7919
chr1	117805	117806	31	0.7643
chr1	117823	117824	33	0.8388
chr1	117838	117839	39	0.8993
chr1	117842	117843	30	0.7818
chr1	117858	117859	30	0.8768
chr1	117960	117961	26	0.8441
chr1	117992	117993	31	0.7681
chr1	118062	118063	27	0.8461
chr1	118118	118119	29	0.8405
chr1	118186	118187	31	0.9435
chr1	118192	118193	24	0.9042
chr1	118230	118231	20	0.9182
chr1	118246	118247	28	0.9469
chr1	118251	118252	33	0.9613
chr1	118256	118257	30	0.8192
chr1	118268	118269	31	0.867
chr1	118281	118282	31	0.8413
chr1	118289	118290	42	1.0
chr1	118295	118296	30	0.8873
chr1	118296	118297	33	0.9539
chr1	118342	118343	33	0.9426
chr1	118358	118359	28	0.8338
chr1	118370	118371	28	0.9162
chr1	118418	118419	22	0.7099
chr1	118422	118423	35	0.7864
chr1	118427	118428	33	0.4186
chr1	118442	118443	35	0.7451
chr1	118451	118452	31	0.765
chr1	118458	118459	25	0.86
chr1	118464	118465	27	0.6203
chr1	118469	118470	26	0.7224
chr1	118499	118500	27	0.5182
chr1	118595	118596	30	0.763
chr1	118601	118602	29	0.7561
chr1	118614	118615	25	0.7006
chr1	118625	118626	28	0.6166
chr1	118638	118639	30	0.5314
chr1	118651	118652	30	0.4842
chr1	118674	118675	24	0.6385
chr1	118689	118690	33	0.5689
chr1	118777	118778	35	0.6217
chr1	118819	118820	29	0.7048
chr1	118845	118846	27	0.7182
chr1	118865	118866	24	0.7155
chr1	118901	118902	37	0.5321
chr1	118949	118950	32	0.5548
chr1	118989	118990	29	0.6376
chr1	119167	119168	32	0.4034
chr1	119185	119186	31	0.6774
chr1	119211	119212	30	0.1023
chr1	119217	119218	40	0.0
chr1	119222	119223	29	0.1417
chr1	119228	119229	23	0.0874
chr1	119232	119233	24	0.0577
chr1	119238	119239	30	0.0642
chr1	119245	119246	24	0.151
chr1	119253	119254	33	0.0664
chr1	119262	119263	35	0.0418
chr1	119271	119272	34	0.0
chr1	119291	119292	27	0.0222
chr1	119321	119322	36	0.1011
chr1	119352	119353	27	0.723
chr1	119363	119364	34	0.58
chr1	119372	119373	25	0.7002
chr1	119379	119380	21	0.748
chr1	119385	119386	22	0.6556
chr1	119395	119396	35	0.6072
chr1	119402	119403	20	0.6077
chr1	119410	119411	36	0.574
chr1	119413	119414	28	0.7999
chr1	119433	119434	21	0.7919
chr1	119462	119463	34	0.66
chr1	119468	119469	25	0.5153
chr1	119506	119507	21	1.0
chr1	119519	119520	26	1.0
chr1	119529	119530	34	0.8931
chr1	119538	119539	32	1.0
chr1	119547	119548	28	0.9424
chr1	119551	119552	31	0.9469
chr1	119558	119559	29	0.9566
chr1	119588	119589	29	0.9214
chr1	119656	119657	31	0.8685
chr1	119673	119674	37	1.0
chr1	119685	119686	36	0.9824
chr1	119699	119700	30	0.9038
chr1	119707	119708	32	0.808
chr1	119710	119711	28	0.9464
chr1	119723	119724	37	0.9376
chr1	119772	119773	35	0.8284
chr1	119808	119809	28	0.9105
chr1	119817	119818	33	0.8882
chr1	119832	119833	17	0.8075
chr1	119845	119846	26	0.8436
chr1	119855	119856	39	0.758
chr1	119866	119867	26	0.7558
chr1	119867	119868	29	0.8392
chr1	119899	119900	28	0.8289
chr1	119967	119968	25	0.6015
chr1	119991	119992	27	0.7091
chr1	120063	120064	25	0.7999
chr1	120077	120078	33	0.7162
chr1	120135	120136	37	0.8145
chr1	120219	120220	28	0.8296
chr1	120285	120286	27	0.7007
chr1	120299	120300	34	0.6947
chr1	120317	120318	20	0.8348
chr1	120395	120396	24	0.8843
chr1	120428	120429	31	0.0071
chr1	120434	120435	32	0.1577
chr1	120444	120445	39	0.0292
chr1	120449	120450	30	0.0523
chr1	120459	120460	35	0.0303
chr1	120470	120471	27	0.0
chr1	120478	120479	28	0.0
chr1	120505	120506	28	0.0021
chr1	120520	120521	24	0.0504
chr1	120530	120531	27	0.0431
chr1	120570	120571	28	0.2112
chr1	120599	120600	30	0.2951
chr1	120602	120603	20	0.1444
chr1	120608	120609	25	0.2812
chr1	120613	120614	28	0.0971
chr1	120622	120623	34	0.1217
chr1	120629	120630	14	0.2312
chr1	120643	120644	37	0.033
chr1	120649	120650	25	0.2916
chr1	120652	120653	33	0.2735
chr1	120675	120676	24	0.061
chr1	120701	120702	25	0.0976
chr1	120743	120744	34	0.1234
chr1	120759	120760	30	0.6141
chr1	120764	120765	30	0.6151
chr1	120768	120769	22	0.8686
chr1	120775	120776	26	0.7379
chr1	120782	120783	36	0.62
chr1	120790	120791	40	0.7151
chr1	120798	120799	29	0.6218
chr1	120805	120806	22	0.7041
chr1	120812	120813	33	0.782
chr1	120834	120835	36	0.6806
chr1	120866	120867	28	0.74
chr1	120898	120899	25	0.6469
chr1	120917	120918	30	0.9589
chr1	120926	120927	21	0.5656
chr1	120930	120931	25	0.284
chr1	120943	120944	32	0.6365
chr1	120948	120949	27	0.828
chr1	120956	120957	33	0.9711
chr1	120971	120972	27	0.8604
chr1	120976	120977	34	0.366
chr1	120996	120997	25	0.5671
chr1	121011	121012	22	0.3794
chr1	121028	121029	36	0.8583
chr1	121066	121067	29	0.3624
chr1	121091	121092	21	0.823
chr1	121095	121096	27	0.8154
chr1	121100	121101	25	0.8567
chr1	121115	121116	35	0.8994
chr1	121120	121121	32	0.7912
chr1	121125	121126	36	0.8238
chr1	121131	121132	35	0.8756
chr1	121137	121138	31	0.8456
chr1	121142	121143	26	0.8386
chr1	121180	121181	35	0.8872
chr1	121194	121195	30	0.8319
chr1	121225	121226	28	0.7375
chr1	121230	121231	19	0.6626
chr1	121236	121237	31	0.83
chr1	121248	121249	36	0.7219
chr1	121261	121262	24	0.5901
chr1	121265	121266	34	0.7813
chr1	121272	121273	33	0.7819
chr1	121275	121276	38	0.5656
chr1	121310	121311	23	0.6226
chr1	121390	121391	30	0.6858
chr1	121398	121399	31	0.749
chr1	121403	121404	30	0.9
chr1	121408	121409	33	0.8505
chr1	121415	121416	37	0.7477
chr1	121423	121424	29	0.8871
chr1	121430	121431	29	0.8211
chr1	121438	121439	35	0.7266
chr1	121448	121449	26	0.8853
chr1	121455	121456	32	0.7295
chr1	121460	121461	35	0.8685
chr1	121488	121489	30	0.7886
chr1	121542	121543	35	0.7431
chr1	121578	121579	31	0.7439
chr1	121604	121605	42	0.7938
chr1	121640	121641	23	0.8112
chr1	121672	121673	36	0.7414
chr1	121696	121697	28	0.8581
chr1	121742	121743	32	0.8095
chr1	121766	121767	26	0.8415
chr1	121874	121875	33	0.8672
chr1	121900	121901	31	0.9618
chr1	121912	121913	29	0.6941
chr1	121918	121919	23	0.7885
chr1	121929	121930	31	0.7607
chr1	121937	121938	28	0.8831
chr1	121942	121943	20	0.7399
chr1	121949	121950	34	0.701
chr1	121961	121962	38	0.6895
chr1	121962	121963	38	0.849
chr1	121981	121982	28	0.625
chr1	122071	122072	32	0.679
chr1	122110	122111	35	0.7586
chr1	122119	122120	31	0.7963
chr1	122126	122127	38	0.8106
chr1	122133	122134	32	0.6831
chr1	122143	122144	38	0.7197
chr1	122152	122153	29	0.8324
chr1	122161	122162	36	0.7806
chr1	122187	122188	34	0.7269
chr1	122205	122206	31	0.6308
chr1	122211	122212	27	0.6385
chr1	122217	122218	21	0.8091
chr1	122222	122223	29	0.881
chr1	122235	122236	32	0.7827
chr1	122242	122243	29	0.8092
chr1	122249	122250	25	0.8795
chr1	122256	122257	34	0.7894
chr1	122262	122263	30	0.7279
chr1	122267	122268	36	0.8823
chr1	122292	122293	27	0.7336
chr1	122312	122313	36	0.8489
chr1	122386	122387	24	0.8077
chr1	122408	122409	27	0.8123
chr1	122472	122473	19	0.7788
chr1	122488	122489	32	0.7778
chr1	122602	122603	32	0.8586
chr1	122624	122625	31	0.763
chr1	122740	122741	32	0.839
chr1	122762	122763	36	0.7817
chr1	122784	122785	24	0.1144
chr1	122795	122796	28	0.2575
chr1	122801	122802	26	0.0
chr1	122816	122817	28	0.0089
chr1	122822	122823	29	0.0503
chr1	122826	122827	21	0.0152
chr1	122834	122835	41	0.0988
chr1	122883	122884	29	0.0
chr1	122893	122894	33	0.0328
chr1	122947	122948	30	0.1112
chr1	122954	122955	31	0.385
chr1	122961	122962	34	0.2623
chr1	122972	122973	30	0.2972
chr1	122978	122979	30	0.2828
chr1	122982	122983	29	0.1914
chr1	122992	122993	31	0.3134
chr1	123001	123002	29	0.4687
chr1	123004	123005	29	0.1613
chr1	123034	123035	25	0.1655
chr1	123218	123219	38	0.2058
chr1	123234	123235	29	0.1645
chr1	123414	123415	35	0.2661
chr1	123424	123425	37	0.3032
chr1	123466	123467	33	0.2297
chr1	123484	123485	32	0.2592
chr1	123520	123521	27	0.4352
chr1	123562	123563	26	0.9531
chr1	123569	123570	28	0.9782
chr1	123583	123584	34	0.8277
chr1	123588	123589	25	0.839
chr1	123602	123603	21	0.9832
chr1	123608	123609	24	1.0
chr1	123612	123613	29	0.9761
chr1	123654	123655	33	0.9664
chr1	123672	123673	30	0.8814
chr1	123686	123687	28	0.8197
chr1	123730	123731	32	0.763
chr1	123745	123746	33	0.897
chr1	123752	123753	39	0.9458
chr1	123758	123759	33	0.8635
chr1	123773	123774	39	0.8652
chr1	123780	123781	31	0.8427
chr1	123800	123801	33	0.8671
chr1	123823	123824	30	0.7904
chr1	123883	123884	27	0.9075
chr1	123900	123901	33	0.7493
chr1	123904	123905	26	0.7677
chr1	123914	123915	33	0.4685
chr1	123920	123921	34	0.8648
chr1	123925	123926	35	0.722
chr1	123929	123930	32	0.8335
chr1	123936	123937	25	0.5415
chr1	123950	123951	23	0.4623
chr1	123959	123960	25	0.7891
chr1	123962	123963	27	0.594
chr1	123988	123989	28	0.8539
chr1	124046	124047	30	0.6955
chr1	124104	124105	31	0.768
chr1	124134	124135	26	0.8465
chr1	124148	124149	28	0.7094
chr1	124157	124158	32	0.6718
chr1	124165	124166	26	0.7008
chr1	124173	124174	34	0.7514
chr1	124182	124183	28	0.7541
chr1	124184	124185	30	0.8098
chr1	124228	124229	31	0.6749
chr1	124272	124273	31	0.7436
chr1	124314	124315	20	0.8805
chr1	124322	124323	25	0.8366
chr1	124329	124330	26	0.9168
chr1	124337	124338	30	0.9026
chr1	124342	124343	32	0.8836
chr1	124351	124352	27	0.9654
chr1	124363	124364	33	1.0
chr1	124364	124365	33	0.8143
chr1	124379	124380	34	0.933
chr1	124475	124476	37	0.9631
chr1	124512	124513	24	0.6654
chr1	124519	124520	34	0.5867
chr1	124524	124525	35	0.4677
chr1	124529	124530	28	0.5612
chr1	124538	124539	28	0.6869
chr1	124545	124546	33	0.67
chr1	124552	124553	36	0.736
chr1	124562	124563	34	0.6268
chr1	124579	124580	32	0.5388
chr1	124601	124602	28	0.58
chr1	124637	124638	22	0.5737
chr1	124663	124664	30	0.5855
chr1	124694	124695	38	0.8102
chr1	124700	124701	36	0.6922
chr1	124707	124708	30	0.7121
chr1	124714	124715	23	0.6267
chr1	124722	124723	29	0.8073
chr1	124733	124734	31	0.6983
chr1	124739	124740	30	0.8932
chr1	124742	124743	31	0.7305
chr1	124746	124747	31	0.8252
chr1	124750	124751	23	0.6673
chr1	124770	124771	36	0.7636
chr1	124799	124800	33	0.8358
chr1	124847	124848	22	0.7651
chr1	124877	124878	28	0.761
chr1	124885	124886	27	0.6236
chr1	124895	124896	34	0.6149
chr1	124905	124906	29	0.8007
chr1	124912	124913	40	0.9305
chr1	124917	124918	25	0.7675
chr1	124922	124923	25	0.7395
chr1	124927	124928	26	0.791
chr1	124955	124956	26	1.0
chr1	124975	124976	32	0.8505
chr1	125039	125040	36	0.8456
chr1	125075	125076	23	0.8974
chr1	125089	125090	31	1.0
chr1	125093	125094	36	1.0
chr1	125102	125103	26	0.9175
chr1	125110	125111	24	0.935
chr1	125115	125116	23	0.9203
chr1	125125	125126	25	0.9488
chr1	125129	125130	20	0.8865
chr1	125145	125146	23	0.898
chr1	125168	125169	29	0.8985
chr1	125226	125227	23	0.8621
chr1	125234	125235	33	0.8663
chr1	125255	125256	28	0.8312
chr1	125264	125265	32	0.7601
chr1	125270	125271	34	0.7806
chr1	125275	125276	36	0.644
chr1	125279	125280	32	0.7361
chr1	125291	125292	27	0.8206
chr1	125295	125296	27	0.8964
chr1	125305	125306	33	0.9323
chr1	125352	125353	32	0.8878
chr1	125420	125421	29	0.9255
chr1	125444	125445	30	0.7785
chr1	125454	125455	25	0.1422
chr1	125461	125462	18	0.0208
chr1	125473	125474	30	0.0569
chr1	125485	125486	33	0.0675
chr1	125496	125497	24	0.0918
chr1	125504	125505	18	0.1973
chr1	125519	125520	29	0.0281
chr1	125544	125545	40	0.2686
chr1	125556	125557	34	0.0223
chr1	125603	125604	31	0.1087
chr1	125611	125612	27	0.0
chr1	125623	125624	38	0.0
chr1	125627	125628	37	0.0746
chr1	125639	125640	24	0.0241
chr1	125653	125654	25	0.1505
chr1	125690	125691	26	0.0475
chr1	125696	125697	30	0.1115
chr1	125754	125755	32	0.1042
chr1	125792	125793	26	0.6124
chr1	125800	125801	30	0.4638
chr1	125807	125808	29	0.5482
chr1	125822	125823	20	0.494
chr1	125828	125829	20	0.6273
chr1	125840	125841	29	0.707
chr1	125845	125846	37	0.6574
chr1	125848	125849	24	0.6579
chr1	125898	125899	28	0.7646
chr1	125920	125921	32	0.6112
chr1	125926	125927	27	0.6575
chr1	125968	125969	28	0.6272
chr1	125980	125981	29	0.6899
chr1	125987	125988	23	0.6971
chr1	125999	126000	33	0.7871
chr1	126009	126010	35	0.7877
chr1	126017	126018	28	0.8806
chr1	126018	126019	31	0.704
chr1	126045	126046	27	0.7449
chr1	126107	126108	37	0.6772
chr1	126117	126118	30	0.0832
chr1	126131	126132	25	0.2255
chr1	126139	126140	27	0.1464
chr1	126147	126148	34	0.0989
chr1	126151	126152	33	0.0552
chr1	126160	126161	21	0.3082
chr1	126167	126168	27	0.1698
chr1	126207	126208	24	0.2068
chr1	126231	126232	39	0.1648
chr1	126361	126362	40	0.2068
chr1	126375	126376	27	0.2711
chr1	126435	126436	32	0.3091
chr1	126447	126448	28	0.3967
chr1	126499	126500	31	0.307
chr1	126515	126516	24	0.2422
chr1	126575	126576	30	0.0962
chr1	126667	126668	26	0.2946
chr1	126682	126683	32	0.8205
chr1	126689	126690	30	0.7256
chr1	126696	126697	34	0.7137
chr1	126703	126704	29	0.6528
chr1	126709	126710	25	0.6684
chr1	126717	126718	29	0.7606
chr1	126726	126727	35	0.674
chr1	126734	126735	31	0.6265
chr1	126739	126740	23	0.5759
chr1	126768	126769	38	0.5015
chr1	126793	126794	26	0.5679
chr1	126847	126848	28	0.6845
chr1	126872	126873	28	0.8938
chr1	126883	126884	32	0.9351
chr1	126894	126895	23	0.9628
chr1	126909	126910	32	0.8156
chr1	126920	126921	33	0.8525
chr1	126932	126933	34	0.9197
chr1	126969	126970	23	1.0
chr1	126977	126978	27	0.8695
chr1	126999	127000	30	0.7796
chr1	127005	127006	33	0.7409
chr1	127018	127019	34	0.9284
chr1	127025	127026	18	0.7975
chr1	127033	127034	29	0.8361
chr1	127037	127038	32	0.8166
chr1	127043	127044	33	0.7354
chr1	127049	127050	26	0.7858
chr1	127086	127087	23	0.724
chr1	127160	127161	31	0.8191
chr1	127182	127183	33	0.6586
chr1	127207	127208	34	0.7404
chr1	127219	127220	32	0.811
chr1	127228	127229	23	0.7512
chr1	127233	127234	28	0.7226
chr1	127239	127240	32	0.6253
chr1	127247	127248	35	0.5374
chr1	127258	127259	32	0.7263
chr1	127290	127291	34	0.7117
chr1	127305	127306	28	0.8018
chr1	127363	127364	32	0.7596
chr1	127393	127394	31	0.7082
chr1	127443	127444	25	0.8104
chr1	127450	127451	34	0.8982
chr1	127460	127461	27	0.9076
chr1	127464	127465	30	0.8368
chr1	127475	127476	30	0.9474
chr1	127481	127482	25	0.9165
chr1	127493	127494	23	0.9014
chr1	127531	127532	31	0.6973
chr1	127541	127542	31	0.7863
chr1	127599	127600	28	0.8198
chr1	127607	127608	23	0.4278
chr1	127612	127613	35	0.5615
chr1	127626	127627	33	0.4963
chr1	127635	127636	31	0.5515
chr1	127649	127650	31	0.5159
chr1	127657	127658	35	0.5746
chr1	127682	127683	29	0.6105
chr1	127703	127704	24	0.5054
chr1	127785	127786	35	0.4431
chr1	127935	127936	30	0.386
chr1	127943	127944	34	0.4784
chr1	127953	127954	29	0.482
chr1	127955	127956	25	0.6712
chr1	128047	128048	35	0.4568
chr1	128081	128082	26	0.558
chr1	128083	128084	24	0.6699
chr1	128091	128092	26	0.6531
chr1	128107	128108	30	0.6665
chr1	128126	128127	22	0.8417
chr1	128130	128131	38	0.905
chr1	128138	128139	23	1.0
chr1	128153	128154	28	0.8609
chr1	128162	128163	19	0.8327
chr1	128173	128174	37	0.7618
chr1	128176	128177	35	0.9623
chr1	128199	128200	24	0.9539
chr1	128211	128212	34	0.9056
chr1	128217	128218	21	0.9854
chr1	128229	128230	29	0.9323
chr1	128239	128240	27	1.0
chr1	128253	128254	36	1.0
chr1	128260	128261	38	0.9243
chr1	128268	128269	31	0.8927
chr1	128271	128272	30	0.9086
chr1	128293	128294	36	0.8343
chr1	128309	128310	37	0.9106
chr1	128339	128340	40	0.8645
chr1	128427	128428	38	0.8379
chr1	128469	128470	32	0.8929
chr1	128589	128590	31	0.919
chr1	128613	128614	28	0.7477
chr1	128643	128644	33	0.9558
chr1	128667	128668	27	0.7963
chr1	128773	128774	34	0.7623
chr1	128816	128817	27	0.8577
chr1	128825	128826	29	0.738
chr1	128833	128834	35	0.7062
chr1	128841	128842	31	0.8228
chr1	128847	128848	32	0.7898
chr1	128852	128853	31	0.8583
chr1	128862	128863	31	0.762
chr1	128866	128867	29	0.9098
chr1	128888	128889	31	0.6817
chr1	128910	128911	22	0.7939
chr1	128926	128927	33	0.8634
chr1	128992	128993	34	0.68
chr1	128997	128998	30	0.7905
chr1	129003	129004	28	0.7775
chr1	129015	129016	26	0.7644
chr1	129020	129021	25	0.8954
chr1	129033	129034	24	0.9269
chr1	129042	129043	26	0.9353
chr1	129047	129048	32	0.7875
chr1	129066	129067	27	0.75
chr1	129168	129169	29	0.8015
chr1	129174	129175	32	0.72
chr1	129434	129435	27	0.8085
chr1	129526	129527	39	0.9093
chr1	129532	129533	26	0.9138
chr1	129571	129572	34	0.9859
chr1	129580	129581	31	0.9509
chr1	129588	129589	21	0.9717
chr1	129600	129601	24	0.8654
chr1	129609	129610	35	0.9464
chr1	129617	129618	36	0.8048
chr1	129621	129622	27	0.8426
chr1	129648	129649	31	0.8201
chr1	129714	129715	31	0.8686
chr1	129759	129760	32	0.7903
chr1	129772	129773	41	0.8938
chr1	129780	129781	29	0.7247
chr1	129795	129796	35	0.7281
chr1	129801	129802	27	0.7035
chr1	129809	129810	33	0.7771
chr1	129843	129844	35	0.9439
chr1	129858	129859	32	0.8302
chr1	129954	129955	26	0.8201
chr1	129963	129964	18	0.1705
chr1	129968	129969	28	0.135
chr1	129976	129977	21	0.0694
chr1	129985	129986	28	0.1177
chr1	129992	129993	30	0.1297
chr1	130005	130006	20	0.0214
chr1	130011	130012	28	0.0482
chr1	130013	130014	31	0.0025
chr1	130041	130042	24	0.0925
chr1	130213	130214	35	0.0807
chr1	130223	130224	34	0.1419
chr1	130235	130236	30	0.2184
chr1	130299	130300	33	0.088
chr1	130465	130466	29	0.0998
chr1	130474	130475	28	0.9574
chr1	130478	130479	28	0.9878
chr1	130488	130489	24	0.9276
chr1	130503	130504	32	1.0
chr1	130514	130515	31	1.0
chr1	130519	130520	23	0.9865
chr1	130526	130527	30	0.9097
chr1	130549	130550	32	0.8519
chr1	130619	130620	30	0.9021
chr1	130745	130746	30	0.8659
chr1	130777	130778	29	1.0
chr1	130891	130892	27	0.9207
chr1	130961	130962	33	0.7986
chr1	131006	131007	30	0.7997
chr1	131015	131016	32	0.8084
chr1	131022	131023	35	0.8078
chr1	131030	131031	26	0.8043
chr1	131038	131039	30	0.7056
chr1	131043	131044	27	0.8683
chr1	131049	131050	18	0.8419
chr1	131056	131057	33	0.6908
chr1	131094	131095	29	0.8852
chr1	131136	131137	32	0.6798
chr1	131144	131145	36	0.2268
chr1	131154	131155	34	0.09
chr1	131160	131161	26	0.0431
chr1	131166	131167	28	0.1132
chr1	131170	131171	24	0.0829
chr1	131175	131176	25	0.0589
chr1	131187	131188	24	0.021
chr1	131194	131195	31	0.0659
chr1	131218	131219	29	0.0374
chr1	131246	131247	33	0.0299
chr1	131308	131309	29	0.1004
chr1	131416	131417	32	0.1093
chr1	131460	131461	22	0.1281
chr1	131486	131487	27	0.0951
chr1	131632	131633	29	0.1233
chr1	131657	131658	36	0.7418
chr1	131668	131669	26	0.7108
chr1	131677	131678	26	0.7204
chr1	131686	131687	27	0.859
chr1	131694	131695	36	0.8956
chr1	131700	131701	29	0.8114
chr1	131706	131707	29	0.7356
chr1	131707	131708	36	0.8597
chr1	131728	131729	34	0.7375
chr1	131749	131750	35	0.7625
chr1	131791	131792	24	0.8615
chr1	131829	131830	25	0.7459
chr1	131835	131836	31	0.6243
chr1	131848	131849	33	0.6747
chr1	131863	131864	40	0.7272
chr1	131870	131871	29	0.7866
chr1	131879	131880	31	0.6523
chr1	131921	131922	26	0.8394
chr1	131973	131974	39	0.7138
chr1	131977	131978	25	0.7619
chr1	131983	131984	29	0.7736
chr1	131993	131994	32	0.682
chr1	132001	132002	26	0.812
chr1	132007	132008	30	0.7603
chr1	132014	132015	34	0.8992
chr1	132018	132019	29	0.7953
chr1	132028	132029	26	0.7081
chr1	132037	132038	43	0.9517
chr1	132040	132041	22	0.8077
chr1	132090	132091	35	0.7355
chr1	132100	132101	33	0.678
chr1	132116	132117	27	0.8554
chr1	132188	132189	25	0.7617
chr1	132282	132283	34	0.9457
chr1	132304	132305	45	0.78
chr1	132488	132489	29	0.8278
chr1	132490	132491	25	0.7618
chr1	132520	132521	27	0.9961
chr1	132528	132529	33	0.8394
chr1	132535	132536	38	0.9377
chr1	132541	132542	32	0.8757
chr1	132553	132554	29	0.8293
chr1	132566	132567	29	0.8775
chr1	132571	132572	28	0.8464
chr1	132575	132576	28	0.9355
chr1	132599	132600	23	0.8169
chr1	132623	132624	36	0.8495
chr1	132635	132636	34	0.847
chr1	132669	132670	27	0.8563
chr1	132672	132673	32	0.9066
chr1	132680	132681	29	0.7989
chr1	132688	132689	34	0.9629
chr1	132697	132698	29	0.855
chr1	132707	132708	31	0.9023
chr1	132718	132719	31	0.9737
chr1	132720	132721	28	0.8956
chr1	132756	132757	31	0.8049
chr1	132804	132805	23	0.956
chr1	132832	132833	26	0.9189
chr1	132837	132838	28	0.6318
chr1	132844	132845	31	0.5341
chr1	132850	132851	32	0.5013
chr1	132858	132859	31	0.5721
chr1	132865	132866	26	0.5541
chr1	132870	132871	31	0.5423
chr1	132884	132885	32	0.6998
chr1	132887	132888	27	0.6705
chr1	132903	132904	39	0.8003
chr1	132920	132921	44	0.6444
chr1	132980	132981	40	0.6
chr1	133034	133035	29	0.502
chr1	133154	133155	33	0.5343
chr1	133246	133247	34	0.739
chr1	133314	133315	34	0.537
chr1	133345	133346	29	0.5388
chr1	133349	133350	29	0.6888
chr1	133352	133353	29	0.6207
chr1	133364	133365	26	0.6466
chr1	133376	133377	29	0.806
chr1	133383	133384	34	0.7421
chr1	133391	133392	32	0.6359
chr1	133395	133396	27	0.5875
chr1	133445	133446	38	0.7279
chr1	133501	133502	24	0.5171
chr1	133517	133518	32	0.5602
chr1	133553	133554	27	0.1488
chr1	133565	133566	35	0.2853
chr1	133569	133570	34	0.2127
chr1	133582	133583	27	0.4331
chr1	133589	133590	35	0.228
chr1	133596	133597	33	0.1694
chr1	133603	133604	28	0.1789
chr1	133618	133619	31	0.0039
chr1	133649	133650	33	0.3316
chr1	133651	133652	26	0.073
chr1	133665	133666	32	0.2856
chr1	133674	133675	17	0.1962
chr1	133689	133690	31	0.1998
chr1	133694	133695	26	0.3252
chr1	133701	133702	27	0.3343
chr1	133715	133716	27	0.3241
chr1	133722	133723	33	0.2336
chr1	133724	133725	31	0.3094
chr1	133771	133772	25	0.3342
chr1	133785	133786	29	0.1011
chr1	133831	133832	24	0.4191
chr1	133837	133838	31	0.2044
chr1	133879	133880	26	0.3713
chr1	133889	133890	35	0.3068
chr1	133907	133908	29	0.3236
chr1	133941	133942	31	0.3418
chr1	133949	133950	32	0.2704
chr1	134051	134052	36	0.2294
chr1	134097	134098	24	0.1776
chr1	134102	134103	33	0.8914
chr1	134106	134107	27	1.0
chr1	134112	134113	30	0.7743
chr1	134127	134128	31	0.9221
chr1	134135	134136	32	0.9101
chr1	134145	134146	35	0.7964
chr1	134150	134151	34	0.9018
chr1	134153	134154	26	0.8624
chr1	134186	134187	29	0.8741
chr1	134194	134195	28	0.8895
chr1	134304	134305	33	0.9545
chr1	134326	134327	39	0.7994
chr1	134438	134439	28	0.7516
chr1	134446	134447	30	0.8208
chr1	134484	134485	32	0.9213
chr1	134556	134557	22	0.8203
chr1	134570	134571	35	0.9558
chr1	134579	134580	31	0.8957
chr1	134585	134586	23	0.6743
chr1	134594	134595	25	0.9321
chr1	134607	134608	28	0.8979
chr1	134617	134618	31	1.0
chr1	134622	134623	26	0.7907
chr1	134626	134627	29	0.7511
chr1	134633	134634	26	0.7615
chr1	134655	134656	34	0.8286
chr1	134681	134682	32	0.7927
chr1	134685	134686	39	0.8449
chr1	134739	134740	28	0.6845
chr1	134851	134852	30	0.7359
chr1	134873	134874	28	0.7868
chr1	135019	135020	31	0.7548
chr1	135029	135030	45	0.8579
chr1	135037	135038	29	0.9146
chr1	135043	135044	33	0.9522
chr1	135051	135052	34	0.7686
chr1	135058	135059	37	0.6881
chr1	135067	135068	34	1.0
chr1	135070	135071	23	0.9396
chr1	135076	135077	34	0.9091
chr1	135084	135085	29	0.8143
chr1	135086	135087	27	0.7724
chr1	135105	135106	26	0.9898
chr1	135151	135152	22	0.9341
chr1	135161	135162	28	0.786
chr1	135169	135170	27	0.933
chr1	135180	135181	27	0.8082
chr1	135186	135187	32	0.9436
chr1	135193	135194	38	0.8564
chr1	135203	135204	23	0.8631
chr1	135211	135212	30	0.9078
chr1	135215	135216	31	0.8622
chr1	135219	135220	38	0.7817
chr1	135238	135239	21	1.0
chr1	135244	135245	30	0.8775
chr1	135256	135257	40	0.7574
chr1	135424	135425	31	0.7874
chr1	135428	135429	23	0.9011
chr1	135440	135441	25	0.9333
chr1	135464	135465	21	0.925
chr1	135482	135483	30	0.9631
chr1	135618	135619	28	0.8468
chr1	135660	135661	40	0.7626
chr1	135710	135711	24	0.8302
chr1	135754	135755	35	0.6648
chr1	135759	135760	28	0.604
chr1	135774	135775	31	0.769
chr1	135782	135783	27	0.7823
chr1	135791	135792	31	0.8273
chr1	135800	135801	30	0.7848
chr1	135810	135811	31	0.6617
chr1	135813	135814	16	0.9105
chr1	135839	135840	29	0.8824
chr1	135883	135884	34	0.7424
chr1	135899	135900	25	0.8242
chr1	135926	135927	35	0.8934
chr1	135932	135933	25	0.8842
chr1	135941	135942	32	0.9379
chr1	135956	135957	34	0.8996
chr1	135962	135963	28	0.9403
chr1	135972	135973	33	1.0
chr1	135978	135979	28	0.9072
chr1	135994	135995	25	0.9421
chr1	136022	136023	25	0.8642
chr1	136053	136054	26	0.885
chr1	136062	136063	33	0.8289
chr1	136068	136069	24	0.6838
chr1	136083	136084	35	0.867
chr1	136089	136090	22	0.7907
chr1	136095	136096	31	0.7673
chr1	136099	136100	37	0.9622
chr1	136109	136110	26	0.9819
chr1	136124	136125	33	0.7882
chr1	136145	136146	22	0.7658
chr1	136153	136154	22	0.8835
chr1	136197	136198	32	0.9098
chr1	136208	136209	30	0.627
chr1	136221	136222	23	0.7402
chr1	136232	136233	30	0.7421
chr1	136247	136248	31	0.9659
chr1	136266	136267	26	0.5877
chr1	136300	136301	29	0.7608
chr1	136335	136336	34	0.8908
chr1	136342	136343	26	0.9104
chr1	136355	136356	26	0.698
chr1	136359	136360	22	0.8293
chr1	136369	136370	28	0.7763
chr1	136380	136381	29	0.8552
chr1	136385	136386	29	0.7465
chr1	136386	136387	24	0.8558
chr1	136436	136437	31	0.7789
chr1	136500	136501	35	0.9764
chr1	136539	136540	21	0.7401
chr1	136553	136554	30	0.6479
chr1	136563	136564	28	0.7817
chr1	136578	136579	40	0.738
chr1	136593	136594	39	0.6175
chr1	136595	136596	37	0.7002
chr1	136624	136625	26	0.7819
chr1	136720	136721	26	0.8148
chr1	136750	136751	34	0.0
chr1	136765	136766	25	0.0095
chr1	136777	136778	25	0.2086
chr1	136785	136786	31	0.0438
chr1	136791	136792	22	0.0133
chr1	136800	136801	34	0.0454
chr1	136820	136821	42	0.0
chr1	136835	136836	32	0.0
chr1	136843	136844	24	0.1113
chr1	136877	136878	24	0.2545
chr1	136889	136890	39	0.1354
chr1	136904	136905	33	0.1208
chr1	136914	136915	24	0.0791
chr1	136927	136928	22	0.0213
chr1	136943	136944	29	0.0489
chr1	136957	136958	33	0.1878
chr1	136991	136992	24	0.0599
chr1	136999	137000	14	0.5895
chr1	137004	137005	30	0.6433
chr1	137016	137017	30	0.7521
chr1	137024	137025	30	0.7947
chr1	137028	137029	25	0.715
chr1	137038	137039	27	0.6959
chr1	137045	137046	27	0.5875
chr1	137049	137050	28	0.7226
chr1	137074	137075	32	0.6394
chr1	137089	137090	30	0.7484
chr1	137149	137150	30	0.6842
chr1	137299	137300	33	0.6549
chr1	137371	137372	32	0.7569
chr1	137377	137378	36	0.773
chr1	137577	137578	39	0.5731
chr1	137592	137593	36	0.6215
chr1	137598	137599	32	0.7669
chr1	137607	137608	31	0.8107
chr1	137619	137620	33	0.7095
chr1	137630	137631	23	0.9061
chr1	137643	137644	30	0.7665
chr1	137679	137680	33	0.7931
chr1	137725	137726	37	0.7528
chr1	137761	137762	28	0.8447
chr1	137766	137767	24	0.7633
chr1	137774	137775	32	0.7422
chr1	137782	137783	28	0.7127
chr1	137797	137798	27	0.6711
chr1	137802	137803	32	0.7083
chr1	137814	137815	28	0.7697
chr1	137816	137817	33	0.6491
chr1	137841	137842	31	0.7025
chr1	137856	137857	34	0.6882
chr1	137904	137905	25	0.6718
chr1	137974	137975	19	0.6443
chr1	138004	138005	30	0.6295
chr1	138116	138117	21	0.7292
chr1	138184	138185	21	0.7047
chr1	138228	138229	29	0.6301
chr1	138232	138233	29	0.7193
chr1	138248	138249	29	0.7805
chr1	138280	138281	24	0.0465
chr1	138286	138287	32	0.4765
chr1	138301	138302	25	0.3182
chr1	138305	138306	32	0.3621
chr1	138317	138318	33	0.1103
chr1	138322	138323	20	0.3129
chr1	138334	138335	24	0.3472
chr1	138359	138360	22	0.5291
chr1	138375	138376	30	0.0977
chr1	138480	138481	34	0.0311
chr1	138486	138487	23	0.0246
chr1	138492	138493	31	0.7477
chr1	138503	138504	23	0.773
chr1	138513	138514	34	0.7537
chr1	138519	138520	31	0.7593
chr1	138523	138524	34	0.6815
chr1	138530	138531	37	0.5671
chr1	138540	138541	30	0.719
chr1	138547	138548	34	0.7189
chr1	138597	138598	30	0.6741
chr1	138619	138620	28	0.6224
chr1	138691	138692	33	0.628
chr1	138705	138706	34	0.8066
chr1	138725	138726	37	0.5157
chr1	138787	138788	29	0.5898
chr1	138949	138950	32	0.7171
chr1	139039	139040	36	0.6031
chr1	139077	139078	33	0.7243
chr1	139087	139088	19	0.7292
chr1	139098	139099	25	0.7441
chr1	139109	139110	28	0.6727
chr1	139123	139124	32	0.8484
chr1	139128	139129	22	0.6594
chr1	139138	139139	35	0.8457
chr1	139145	139146	22	0.8794
chr1	139148	139149	23	0.7637
chr1	139170	139171	28	0.8629
chr1	139218	139219	34	0.8349
chr1	139260	139261	34	0.6907
chr1	139277	139278	28	0.0269
chr1	139288	139289	31	0.0
chr1	139302	139303	29	0.0365
chr1	139311	139312	38	0.1371
chr1	139323	139324	31	0.1555
chr1	139327	139328	27	0.3149
chr1	139357	139358	29	0.3092
chr1	139381	139382	32	0.0833
chr1	139407	139408	27	0.8316
chr1	139417	139418	33	0.7936
chr1	139423	139424	35	0.9952
chr1	139428	139429	31	0.8367
chr1	139434	139435	31	0.7343
chr1	139438	139439	24	0.6262
chr1	139445	139446	26	0.732
chr1	139452	139453	30	0.9211
chr1	139457	139458	33	0.7632
chr1	139488	139489	26	0.9826
chr1	139494	139495	25	0.8209
chr1	139512	139513	22	0.8562
chr1	139518	139519	34	0.5578
chr1	139526	139527	27	0.8362
chr1	139541	139542	20	0.6566
chr1	139548	139549	36	0.6135
chr1	139553	139554	26	0.6676
chr1	139564	139565	31	0.6649
chr1	139568	139569	31	0.6754
chr1	139583	139584	29	0.6596
chr1	139610	139611	28	0.5419
chr1	139626	139627	31	0.6444
chr1	139628	139629	28	0.7146
chr1	139792	139793	30	0.487
chr1	139842	139843	41	0.6294
chr1	139914	139915	18	0.4694
chr1	139932	139933	25	0.463
chr1	139958	139959	35	0.7897
chr1	139986	139987	36	0.8123
chr1	140016	140017	32	0.7608
chr1	140020	140021	26	0.7126
chr1	140025	140026	33	0.8251
chr1	140036	140037	24	0.8895
chr1	140042	140043	34	1.0
chr1	140057	140058	33	0.8974
chr1	140063	140064	35	0.7383
chr1	140068	140069	33	0.7048
chr1	140074	140075	23	0.8891
chr1	140075	140076	34	0.8431
chr1	140114	140115	27	1.0
chr1	140158	140159	19	0.8715
chr1	140174	140175	37	0.7554
chr1	140340	140341	26	0.9029
chr1	140380	140381	34	0.9636
chr1	140410	140411	29	0.8047
chr1	140484	140485	19	0.8024
chr1	140504	140505	23	0.9187
chr1	140524	140525	35	0.8342
chr1	140526	140527	30	0.8334
chr1	140606	140607	23	0.9097
chr1	140635	140636	32	0.8471
chr1	140650	140651	34	0.6854
chr1	140658	140659	39	0.7241
chr1	140669	140670	32	0.8705
chr1	140677	140678	30	0.913
chr1	140687	140688	28	0.6428
chr1	140714	140715	27	0.7602
chr1	140733	140734	26	0.857
chr1	140803	140804	25	0.934
chr1	140825	140826	28	0.803
chr1	140837	140838	28	0.3724
chr1	140843	140844	25	0.2778
chr1	140847	140848	37	0.4199
chr1	140850	140851	27	0.51
chr1	140857	140858	18	0.7515
chr1	140870	140871	39	0.6964
chr1	140876	140877	30	0.3911
chr1	140911	140912	38	0.3943
chr1	140960	140961	28	0.7176
chr1	140989	140990	24	0.1221
chr1	140996	140997	32	0.0348
chr1	141007	141008	28	0.0962
chr1	141015	141016	30	0.0056
chr1	141022	141023	29	0.1492
chr1	141037	141038	26	0.0313
chr1	141039	141040	22	0.1135
chr1	141063	141064	26	0.0999
chr1	141141	141142	33	0.1294
chr1	141153	141154	20	0.0
chr1	141162	141163	32	0.282
chr1	141168	141169	31	0.0
chr1	141177	141178	24	0.586
chr1	141187	141188	18	0.437
chr1	141192	141193	31	0.571
chr1	141201	141202	41	0.548
chr1	141203	141204	26	0.0189
chr1	141228	141229	30	0.4479
chr1	141304	141305	31	0.1884
chr1	141341	141342	22	0.6965
chr1	141356	141357	34	0.6695
chr1	141363	141364	25	0.6569
chr1	141372	141373	31	0.6859
chr1	141387	141388	30	0.7099
chr1	141394	141395	25	0.7416
chr1	141439	141440	25	0.7914
chr1	141453	141454	25	0.7104
chr1	141503	141504	35	0.6666
chr1	141534	141535	29	0.5792
chr1	141541	141542	28	0.539
chr1	141544	141545	34	0.7829
chr1	141550	141551	31	0.7844
chr1	141557	141558	27	0.787
chr1	141563	141564	33	0.7901
chr1	141569	141570	27	0.5775
chr1	141576	141577	27	0.5639
chr1	141583	141584	26	0.6527
chr1	141587	141588	25	0.6565
chr1	141602	141603	39	0.7452
chr1	141629	141630	31	0.5423
chr1	141673	141674	27	0.7576
chr1	141706	141707	23	0.7051
chr1	141713	141714	19	0.8164
chr1	141720	141721	29	0.703
chr1	141727	141728	22	0.687
chr1	141734	141735	27	0.8289
chr1	141740	141741	32	0.7719
chr1	141752	141753	27	0.7873
chr1	141758	141759	22	0.6319
chr1	141775	141776	31	0.8062
chr1	141790	141791	33	0.9165
chr1	141810	141811	34	0.8166
chr1	141836	141837	26	0.5727
chr1	141879	141880	37	0.7906
chr1	141887	141888	21	0.7454
chr1	141892	141893	32	0.6701
chr1	141897	141898	32	0.7238
chr1	141901	141902	31	0.7371
chr1	141909	141910	22	0.7552
chr1	141920	141921	30	0.8149
chr1	141929	141930	29	0.6751
chr1	141931	141932	26	0.6771
chr1	141946	141947	29	0.6631
chr1	141970	141971	36	0.6475
chr1	142030	142031	36	0.8435
chr1	142074	142075	27	0.5615
chr1	142088	142089	36	0.6476
chr1	142095	142096	24	0.6161
chr1	142102	142103	27	0.6718
chr1	142109	142110	36	0.7885
chr1	142120	142121	31	0.7429
chr1	142124	142125	32	0.5504
chr1	142128	142129	22	0.6547
chr1	142150	142151	33	0.6071
chr1	142152	142153	23	0.7699
chr1	142156	142157	23	0.6225
chr1	142165	142166	25	0.5753
chr1	142173	142174	25	0.7703
chr1	142178	142179	34	0.562
chr1	142185	142186	35	0.8177
chr1	142198	142199	30	0.7751
chr1	142211	142212	27	0.8239
chr1	142216	142217	35	0.5799
chr1	142255	142256	25	0.6964
chr1	142257	142258	31	0.7958
chr1	142349	142350	30	0.8867
chr1	142379	142380	33	0.8748
chr1	142407	142408	25	0.8465
chr1	142441	142442	21	0.6043
chr1	142479	142480	26	0.774
chr1	142667	142668	27	0.6981
chr1	142689	142690	29	0.752
chr1	142723	142724	25	0.8834
chr1	142748	142749	28	0.7614
chr1	142759	142760	26	0.9898
chr1	142768	142769	32	0.8504
chr1	142778	142779	32	0.7842
chr1	142792	142793	21	0.8056
chr1	142805	142806	30	0.8848
chr1	142823	142824	31	0.8082
chr1	142838	142839	25	0.9449
chr1	142861	142862	35	0.7587
chr1	142917	142918	28	0.9067
chr1	142955	142956	20	0.9712
chr1	142994	142995	34	0.1412
chr1	143001	143002	37	0.0268
chr1	143009	143010	33	0.0314
chr1	143024	143025	32	0.0495
chr1	143029	143030	28	0.2587
chr1	143034	143035	28	0.058
chr1	143045	143046	31	0.0797
chr1	143050	143051	34	0.0002
chr1	143073	143074	31	0.0757
chr1	143105	143106	29	0.1098
chr1	143145	143146	44	0.1918
chr1	143175	143176	31	0.8358
chr1	143182	143183	27	0.8773
chr1	143189	143190	26	0.8867
chr1	143195	143196	30	0.8551
chr1	143206	143207	28	0.8599
chr1	143217	143218	31	0.7426
chr1	143225	143226	24	0.7409
chr1	143245	143246	30	0.922
chr1	143262	143263	31	0.9084
chr1	143278	143279	38	0.8567
chr1	143316	143317	37	0.8452
chr1	143323	143324	30	0.2474
chr1	143336	143337	19	0.0813
chr1	143341	143342	28	0.2115
chr1	143356	143357	26	0.2782
chr1	143371	143372	29	0.2967
chr1	143373	143374	34	0.2049
chr1	143413	143414	29	0.0845
chr1	143571	143572	21	0.1348
chr1	143625	143626	25	0.3187
chr1	143649	143650	36	0.0392
chr1	143671	143672	31	0.1488
chr1	143679	143680	32	0.1943
chr1	143689	143690	33	0.0941
chr1	143691	143692	27	0.314
chr1	143767	143768	30	0.0747
chr1	143815	143816	27	0.7311
chr1	143823	143824	29	0.8293
chr1	143835	143836	33	0.759
chr1	143840	143841	17	0.8097
chr1	143849	143850	23	0.9896
chr1	143864	143865	23	0.832
chr1	143867	143868	37	0.8807
chr1	143917	143918	30	0.9581
chr1	143955	143956	30	0.8816
chr1	144013	144014	32	0.7603
chr1	144056	144057	24	0.8989
chr1	144063	144064	19	0.8791
chr1	144078	144079	30	0.8425
chr1	144083	144084	36	0.9568
chr1	144098	144099	33	0.9338
chr1	144104	144105	33	0.9094
chr1	144106	144107	39	0.8682
chr1	144134	144135	23	0.8299
chr1	144166	144167	33	0.793
chr1	144174	144175	30	0.6469
chr1	144183	144184	32	0.6744
chr1	144191	144192	32	0.6166
chr1	144201	144202	36	0.7358
chr1	144214	144215	39	0.8394
chr1	144224	144225	22	0.7078
chr1	144253	144254	29	0.7558
chr1	144277	144278	27	0.8723
chr1	144413	144414	36	0.8484
chr1	144435	144436	29	0.8239
chr1	144483	144484	34	0.8265
chr1	144553	144554	33	0.8585
chr1	144578	144579	27	0.3588
chr1	144585	144586	28	0.3435
chr1	144599	144600	25	0.3515
chr1	144611	144612	30	0.1705
chr1	144620	144621	33	0.2453
chr1	144628	144629	33	0.2181
chr1	144653	144654	28	0.3487
chr1	144749	144750	25	0.3152
chr1	144790	144791	30	0.3407
chr1	144797	144798	20	0.3399
chr1	144812	144813	33	0.2122
chr1	144826	144827	24	0.1929
chr1	144835	144836	22	0.2409
chr1	144842	144843	30	0.1657
chr1	144846	144847	31	0.2492
chr1	144891	144892	23	0.3783
chr1	144961	144962	28	0.2193
chr1	145145	145146	29	0.7018
chr1	145152	145153	34	0.957
chr1	145158	145159	31	0.8314
chr1	145163	145164	28	0.7849
chr1	145166	145167	36	0.9074
chr1	145170	145171	31	0.8005
chr1	145183	145184	26	0.5365
chr1	145187	145188	27	0.7288
chr1	145194	145195	23	0.6528
chr1	145195	145196	31	0.8938
chr1	145199	145200	33	0.7618
chr1	145209	145210	21	0.7946
chr1	145216	145217	27	0.6854
chr1	145227	145228	30	0.6568
chr1	145236	145237	36	0.7858
chr1	145245	145246	31	0.8036
chr1	145251	145252	42	0.7337
chr1	145256	145257	26	0.6926
chr1	145263	145264	26	0.577
chr1	145271	145272	27	0.8247
chr1	145295	145296	34	0.8111
chr1	145312	145313	32	0.6724
chr1	145336	145337	24	0.7727
chr1	145398	145399	22	0.6547
chr1	145570	145571	36	0.7858
chr1	145586	145587	28	0.8504
chr1	145786	145787	36	0.7217
chr1	145807	145808	36	0.061
chr1	145813	145814	25	0.0633
chr1	145820	145821	31	0.1236
chr1	145827	145828	26	0.1332
chr1	145840	145841	34	0.186
chr1	145847	145848	26	0.0
chr1	145854	145855	30	0.0577
chr1	145860	145861	29	0.036
chr1	145861	145862	31	0.0875
chr1	145876	145877	32	0.0696
chr1	145897	145898	30	0.0662
chr1	145935	145936	30	0.0527
chr1	145979	145980	27	0.7437
chr1	145984	145985	30	1.0
chr1	145999	146000	26	1.0
chr1	146004	146005	30	0.7752
chr1	146013	146014	31	0.9632
chr1	146019	146020	30	0.7767
chr1	146024	146025	34	0.8939
chr1	146029	146030	23	0.8316
chr1	146051	146052	29	0.7348
chr1	146101	146102	32	0.9688
chr1	146114	146115	30	0.8378
chr1	146123	146124	35	0.8198
chr1	146127	146128	31	0.723
chr1	146132	146133	24	0.5771
chr1	146146	146147	32	0.5147
chr1	146161	146162	30	0.5821
chr1	146164	146165	29	0.6347
chr1	146195	146196	30	0.7318
chr1	146249	146250	35	0.5338
chr1	146255	146256	38	0.7338
chr1	146261	146262	23	0.5479
chr1	146274	146275	40	0.7559
chr1	146286	146287	23	0.6393
chr1	146290	146291	33	0.6778
chr1	146305	146306	32	0.7189
chr1	146311	146312	26	0.5739
chr1	146339	146340	19	0.6385
chr1	146341	146342	30	0.5581
chr1	146367	146368	27	0.6541
chr1	146431	146432	41	0.7515
chr1	146537	146538	15	0.5781
chr1	146653	146654	31	0.5059
chr1	146755	146756	34	0.7796
chr1	146763	146764	31	0.5881
chr1	146809	146810	37	0.5588
chr1	146850	146851	26	0.9109
chr1	146865	146866	27	0.8262
chr1	146869	146870	33	0.9048
chr1	146879	146880	30	0.8482
chr1	146889	146890	30	0.9351
chr1	146897	146898	28	0.9137
chr1	146902	146903	29	0.8896
chr1	146917	146918	33	0.9799
chr1	146959	146960	33	0.8369
chr1	146999	147000	26	0.1798
chr1	147011	147012	26	0.0485
chr1	147017	147018	31	0.1488
chr1	147022	147023	31	0.1439
chr1	147030	147031	35	0.1611
chr1	147038	147039	28	0.2587
chr1	147044	147045	36	0.3687
chr1	147048	147049	26	0.2386
chr1	147050	147051	31	0.1983
chr1	147073	147074	27	0.0701
chr1	147098	147099	28	0.1877
chr1	147116	147117	39	0.4306
chr1	147196	147197	24	0.145
chr1	147217	147218	35	0.6645
chr1	147228	147229	37	0.7631
chr1	147236	147237	25	0.6379
chr1	147242	147243	35	0.6943
chr1	147252	147253	36	0.7004
chr1	147259	147260	35	0.8064
chr1	147267	147268	24	0.6887
chr1	147272	147273	27	0.5266
chr1	147277	147278	36	0.6228
chr1	147307	147308	25	0.7713
chr1	147323	147324	30	0.7262
chr1	147373	147374	32	0.608
chr1	147387	147388	28	0.7907
chr1	147394	147395	26	0.8015
chr1	147402	147403	25	0.7531
chr1	147408	147409	26	0.9239
chr1	147417	147418	30	0.7419
chr1	147422	147423	32	0.8677
chr1	147434	147435	20	0.8384
chr1	147439	147440	35	0.672
chr1	147442	147443	29	0.9321
chr1	147472	147473	27	0.7788
chr1	147489	147490	27	1.0
chr1	147505	147506	34	0.8296
chr1	147551	147552	28	0.7732
chr1	147561	147562	28	0.7159
chr1	147567	147568	30	0.8099
chr1	147576	147577	20	0.8574
chr1	147586	147587	30	0.6981
chr1	147593	147594	28	0.6511
chr1	147601	147602	32	0.6438
chr1	147625	147626	30	0.7766
chr1	147640	147641	28	0.5993
chr1	147650	147651	37	0.8371
chr1	147657	147658	33	0.8887
chr1	147671	147672	38	0.7331
chr1	147678	147679	34	0.713
chr1	147681	147682	24	0.5696
chr1	147696	147697	32	0.8177
chr1	147703	147704	31	0.7992
chr1	147708	147709	38	0.7084
chr1	147745	147746	24	0.7892
chr1	147751	147752	29	0.9186
chr1	147789	147790	38	0.7246
chr1	147951	147952	29	0.8631
chr1	148033	148034	32	0.7287
chr1	148067	148068	23	0.7472
chr1	148089	148090	41	0.7862
chr1	148169	148170	31	0.9452
chr1	148179	148180	36	0.7442
chr1	148204	148205	34	0.7908
chr1	148211	148212	38	0.5854
chr1	148220	148221	27	0.7652
chr1	148230	148231	12	0.8012
chr1	148237	148238	30	0.7561
chr1	148249	148250	39	0.6526
chr1	148257	148258	39	0.6268
chr1	148259	148260	30	0.7489
chr1	148285	148286	26	0.8217
chr1	148357	148358	29	0.7101
chr1	148379	148380	32	0.8177
chr1	148385	148386	24	0.9909
chr1	148392	148393	28	0.8253
chr1	148406	148407	30	1.0
chr1	148411	148412	30	0.8745
chr1	148415	148416	25	0.9927
chr1	148418	148419	19	0.8481
chr1	148425	148426	39	0.8821
chr1	148433	148434	23	0.9739
chr1	148440	148441	39	0.96
chr1	148442	148443	26	1.0
chr1	148492	148493	25	0.8194
chr1	148526	148527	38	0.9065
chr1	148558	148559	28	0.818
chr1	148596	148597	22	0.9114
chr1	148666	148667	32	0.7717
chr1	148712	148713	26	0.9215
chr1	148720	148721	32	0.7639
chr1	148725	148726	38	0.7826
chr1	148737	148738	24	0.843
chr1	148741	148742	30	0.944
chr1	148751	148752	38	0.9425
chr1	148757	148758	33	0.8736
chr1	148763	148764	30	0.7036
chr1	148770	148771	28	0.794
chr1	148792	148793	20	0.5079
chr1	148818	148819	34	0.7961
chr1	148902	148903	25	0.8249
chr1	148996	148997	25	0.6474
chr1	149076	149077	31	0.9736
chr1	149102	149103	28	0.8442
chr1	149130	149131	30	0.7529
chr1	149132	149133	26	0.8489
chr1	149196	149197	19	0.7669
chr1	149218	149219	23	0.7728
chr1	149256	149257	26	0.9292
chr1	149267	149268	29	0.8799
chr1	149276	149277	34	0.8569
chr1	149291	149292	38	0.8369
chr1	149296	149297	31	0.7036
chr1	149307	149308	24	0.8261
chr1	149345	149346	26	0.8429
chr1	149421	149422	36	0.6489
chr1	149429	149430	28	0.7237
chr1	149441	149442	33	0.8984
chr1	149444	149445	34	0.8891
chr1	149453	149454	38	0.8673
chr1	149463	149464	30	0.9332
chr1	149474	149475	30	0.9816
chr1	149480	149481	29	0.7542
chr1	149528	149529	34	0.8344
chr1	149562	149563	23	0.8288
chr1	149582	149583	26	0.9129
chr1	149744	149745	31	0.904
chr1	149808	149809	36	0.8373
chr1	149986	149987	39	0.8589
chr1	150010	150011	32	0.8996
chr1	150059	150060	31	0.7457
chr1	150074	150075	29	0.7913
chr1	150081	150082	20	0.7758
chr1	150092	150093	27	0.7245
chr1	150098	150099	26	0.814
chr1	150107	150108	40	0.8272
chr1	150109	150110	22	0.6429
chr1	150143	150144	24	0.9615
chr1	150157	150158	20	0.7064
chr1	150173	150174	29	0.0707
chr1	150180	150181	30	0.3778
chr1	150192	150193	27	0.1939
chr1	150199	150200	27	0.2169
chr1	150209	150210	27	0.1882
chr1	150219	150220	26	0.2703
chr1	150225	150226	34	0.3549
chr1	150248	150249	31	0.0157
chr1	150289	150290	24	0.0403
chr1	150314	150315	21	0.855
chr1	150326	150327	33	0.7982
chr1	150332	150333	24	0.7893
chr1	150340	150341	32	0.7346
chr1	150355	150356	34	1.0
chr1	150363	150364	29	0.6761
chr1	150364	150365	35	0.7896
chr1	150399	150400	35	0.8946
chr1	150401	150402	36	0.8438
chr1	150479	150480	29	0.8709
chr1	150499	150500	33	0.606
chr1	150508	150509	26	0.5227
chr1	150519	150520	37	0.6395
chr1	150534	150535	31	0.7789
chr1	150548	150549	26	0.6422
chr1	150549	150550	28	0.8916
chr1	150611	150612	30	0.6912
chr1	150659	150660	33	0.6837
chr1	150668	150669	30	0.7792
chr1	150675	150676	35	0.8268
chr1	150686	150687	25	0.7842
chr1	150697	150698	22	0.642
chr1	150706	150707	22	0.8015
chr1	150713	150714	22	0.8557
chr1	150719	150720	25	0.8862
chr1	150734	150735	31	0.7633
chr1	150757	150758	29	0.756
chr1	150772	150773	26	0.7201
chr1	150830	150831	32	0.8119
chr1	150842	150843	38	0.6502
chr1	150870	150871	34	0.7894
chr1	150875	150876	21	0.6752
chr1	150890	150891	32	0.8224
chr1	150900	150901	26	0.5838
chr1	150905	150906	33	0.6101
chr1	150919	150920	28	0.7973
chr1	150920	150921	26	0.7283
chr1	150940	150941	27	0.6453
chr1	150966	150967	26	0.6909
chr1	151030	151031	44	0.8624
chr1	151056	151057	38	0.7632
chr1	151065	151066	21	0.8146
chr1	151076	151077	31	0.8173
chr1	151085	151086	29	0.7637
chr1	151093	151094	28	0.8971
chr1	151107	151108	33	0.825
chr1	151132	151133	26	0.7689
chr1	151148	151149	27	0.785
chr1	151174	151175	39	0.8782
chr1	151222	151223	41	0.9247
chr1	151241	151242	35	0.3279
chr1	151248	151249	25	0.0699
chr1	151256	151257	31	0.0579
chr1	151261	151262	25	0.055
chr1	151267	151268	35	0.1157
chr1	151275	151276	27	0.1446
chr1	151282	151283	29	0.1626
chr1	151288	151289	30	0.0574
chr1	151298	151299	33	0.1639
chr1	151348	151349	26	0.2197
chr1	151394	151395	26	0.1476
chr1	151423	151424	40	0.8359
chr1	151430	151431	25	0.9441
chr1	151440	151441	34	0.7861
chr1	151453	151454	24	0.8444
chr1	151459	151460	30	0.8806
chr1	151470	151471	25	0.8795
chr1	151473	151474	31	0.8281
chr1	151517	151518	31	0.8205
chr1	151575	151576	30	0.9312
chr1	151613	151614	27	0.9003
chr1	151652	151653	17	0.8523
chr1	151662	151663	31	0.6869
chr1	151670	151671	21	0.6726
chr1	151676	151677	45	0.5836
chr1	151684	151685	23	0.7747
chr1	151688	151689	35	0.7368
chr1	151694	151695	26	0.8418
chr1	151702	151703	40	0.7031
chr1	151724	151725	39	0.5795
chr1	151739	151740	31	0.7241
chr1	151771	151772	25	0.7828
chr1	151831	151832	33	0.8262
chr1	151869	151870	33	0.6309
chr1	151878	151879	28	0.7679
chr1	151887	151888	29	0.8628
chr1	151892	151893	33	0.8533
chr1	151897	151898	25	0.9096
chr1	151905	151906	33	0.862
chr1	151911	151912	38	0.9005
chr1	151919	151920	39	0.834
chr1	151961	151962	23	0.6176
chr1	151985	151986	23	0.7965
chr1	152009	152010	33	0.8789
chr1	152018	152019	29	0.9189
chr1	152028	152029	26	0.8949
chr1	152033	152034	33	0.8043
chr1	152044	152045	30	0.9375
chr1	152049	152050	29	0.895
chr1	152056	152057	34	0.8048
chr1	152068	152069	39	0.8753
chr1	152105	152106	38	0.7974
chr1	152121	152122	28	0.9022
chr1	152333	152334	29	0.8014
chr1	152347	152348	25	0.8845
chr1	152463	152464	33	1.0
chr1	152545	152546	33	0.7952
chr1	152557	152558	29	0.7452
chr1	152559	152560	24	0.7945
chr1	152573	152574	27	0.8616
chr1	152589	152590	29	0.826
chr1	152604	152605	23	0.6841
chr1	152619	152620	39	0.7679
chr1	152622	152623	43	0.6659
chr1	152631	152632	34	0.7017
chr1	152643	152644	27	0.4975
chr1	152650	152651	29	0.595
chr1	152656	152657	21	0.7293
chr1	152658	152659	26	0.6863
chr1	152688	152689	33	0.7085
chr1	152768	152769	36	0.5766
chr1	152795	152796	32	0.2722
chr1	152805	152806	29	0.1014
chr1	152814	152815	34	0.0
chr1	152828	152829	24	0.2663
chr1	152835	152836	32	0.0
chr1	152841	152842	28	0.0028
chr1	152845	152846	41	0.3367
chr1	152886	152887	31	0.2204
chr1	152956	152957	31	0.4893
chr1	152977	152978	29	0.0624
chr1	152985	152986	34	0.0896
chr1	152990	152991	28	0.1192
chr1	152995	152996	26	0.0316
chr1	153010	153011	33	0.0
chr1	153025	153026	32	0.0747
chr1	153032	153033	29	0.0
chr1	153062	153063	23	0.0472
chr1	153070	153071	27	0.0575
chr1	153108	153109	29	0.8908
chr1	153117	153118	29	0.8221
chr1	153131	153132	39	0.9036
chr1	153146	153147	27	0.8352
chr1	153153	153154	31	0.8964
chr1	153157	153158	25	0.7937
chr1	153158	153159	22	0.702
chr1	153186	153187	24	0.8561
chr1	153258	153259	28	0.6601
chr1	153295	153296	21	0.4855
chr1	153300	153301	42	0.8918
chr1	153306	153307	28	1.0
chr1	153321	153322	28	1.0
chr1	153329	153330	19	1.0
chr1	153337	153338	29	0.9799
chr1	153345	153346	26	1.0
chr1	153366	153367	37	0.5409
chr1	153452	153453	23	0.5421
chr1	153493	153494	28	0.7988
chr1	153499	153500	25	0.8376
chr1	153511	153512	23	0.8956
chr1	153520	153521	27	0.8863
chr1	153533	153534	34	0.9792
chr1	153543	153544	28	0.7498
chr1	153568	153569	25	0.7648
chr1	153662	153663	35	0.8848
chr1	153698	153699	37	0.5707
chr1	153702	153703	29	0.6982
chr1	153709	153710	26	0.6103
chr1	153717	153718	27	0.5287
chr1	153725	153726	29	0.5112
chr1	153731	153732	34	0.5535
chr1	153738	153739	24	0.6114
chr1	153746	153747	32	0.7566
chr1	153748	153749	37	0.846
chr1	153787	153788	32	0.644
chr1	153837	153838	24	0.608
chr1	153844	153845	25	0.0686
chr1	153857	153858	31	0.1797
chr1	153864	153865	28	0.2039
chr1	153875	153876	30	0.1175
chr1	153882	153883	23	0.0754
chr1	153894	153895	32	0.2542
chr1	153910	153911	33	0.2445
chr1	153937	153938	38	0.0422
chr1	154107	154108	33	0.1546
chr1	154133	154134	35	0.0519
chr1	154201	154202	27	0.0334
chr1	154213	154214	34	0.1494
chr1	154225	154226	25	0.1697
chr1	154231	154232	26	0.0337
chr1	154361	154362	33	0.1752
chr1	154402	154403	34	0.9385
chr1	154411	154412	24	0.9402
chr1	154418	154419	30	0.9296
chr1	154423	154424	24	0.7104
chr1	154428	154429	30	0.8499
chr1	154432	154433	24	0.8968
chr1	154438	154439	23	0.9108
chr1	154444	154445	28	0.7964
chr1	154452	154453	28	0.7726
chr1	154469	154470	25	0.7195
chr1	154490	154491	27	0.8657
chr1	154510	154511	26	0.8404
chr1	154548	154549	28	0.8879
chr1	154583	154584	30	0.0
chr1	154590	154591	39	0.0001
chr1	154597	154598	22	0.022
chr1	154612	154613	29	0.0
chr1	154619	154620	20	0.0
chr1	154628	154629	35	0.028
chr1	154635	154636	28	0.0079
chr1	154637	154638	19	0.0274
chr1	154687	154688	34	0.031
chr1	154711	154712	35	0.0927
chr1	154753	154754	39	0.1227
chr1	154768	154769	30	0.8416
chr1	154777	154778	25	0.6182
chr1	154780	154781	26	0.7703
chr1	154795	154796	29	0.7752
chr1	154804	154805	25	0.9795
chr1	154816	154817	36	0.7236
chr1	154821	154822	31	0.7795
chr1	154838	154839	26	0.7864
chr1	154869	154870	25	0.6996
chr1	154955	154956	29	0.816
chr1	154990	154991	30	0.0
chr1	155000	155001	32	0.1443
chr1	155006	155007	29	0.0998
chr1	155021	155022	29	0.1919
chr1	155028	155029	33	0.1768
chr1	155040	155041	29	0.0
chr1	155048	155049	28	0.239
chr1	155063	155064	31	0.0718
chr1	155098	155099	26	0.076
chr1	155116	155117	25	0.1981
chr1	155121	155122	29	0.6309
chr1	155131	155132	23	0.8231
chr1	155141	155142	31	0.754
chr1	155145	155146	27	0.7689
chr1	155157	155158	32	0.7472
chr1	155165	155166	33	0.7571
chr1	155168	155169	30	0.6056
chr1	155171	155172	38	0.7879
chr1	155183	155184	34	0.7027
chr1	155281	155282	33	0.7836
chr1	155463	155464	25	0.5344
chr1	155561	155562	28	0.7781
chr1	155629	155630	31	0.8341
chr1	155673	155674	25	0.6779
chr1	155679	155680	23	0.7318
chr1	155689	155690	20	0.8581
chr1	155696	155697	29	0.7601
chr1	155705	155706	27	0.8243
chr1	155718	155719	32	0.8002
chr1	155723	155724	31	0.5946
chr1	155747	155748	24	0.7255
chr1	155799	155800	33	0.608
chr1	155811	155812	25	0.6728
chr1	155844	155845	19	0.8313
chr1	155853	155854	31	0.7856
chr1	155858	155859	26	0.8848
chr1	155868	155869	34	0.8773
chr1	155875	155876	24	0.4138
chr1	155881	155882	20	0.6093
chr1	155884	155885	35	0.6661
chr1	155893	155894	15	0.7284
chr1	155894	155895	36	0.7891
chr1	155933	155934	31	0.6554
chr1	156021	156022	22	0.6922
chr1	156031	156032	34	0.6426
chr1	156043	156044	26	0.5468
chr1	156048	156049	30	0.694
chr1	156058	156059	26	0.8788
chr1	156066	156067	28	0.7899
chr1	156069	156070	22	0.8451
chr1	156076	156077	31	0.6563
chr1	156081	156082	29	0.5444
chr1	156118	156119	24	0.8208
chr1	156168	156169	31	0.8577
chr1	156204	156205	28	0.7576
chr1	156226	156227	29	0.8313
chr1	156280	156281	26	0.8563
chr1	156284	156285	36	0.843
chr1	156354	156355	28	0.7562
chr1	156382	156383	28	0.6839
chr1	156474	156475	18	0.8642
chr1	156534	156535	35	0.9189
chr1	156596	156597	30	0.6191
chr1	156609	156610	38	0.2328
chr1	156616	156617	43	0.052
chr1	156627	156628	25	0.1114
chr1	156633	156634	24	0.0705
chr1	156644	156645	27	0.1848
chr1	156650	156651	34	0.1897
chr1	156659	156660	27	0.2242
chr1	156695	156696	14	0.1738
chr1	156775	156776	30	0.1218
chr1	156803	156804	28	0.8411
chr1	156811	156812	21	0.7502
chr1	156822	156823	30	0.5313
chr1	156830	156831	24	0.5869
chr1	156834	156835	31	0.5954
chr1	156839	156840	38	0.5972
chr1	156849	156850	30	0.5837
chr1	156855	156856	21	0.6671
chr1	156902	156903	29	0.6234
chr1	156986	156987	29	0.684
chr1	157036	157037	29	0.8506
chr1	157041	157042	29	0.8343
chr1	157051	157052	16	0.969
chr1	157060	157061	26	0.8836
chr1	157064	157065	33	1.0
chr1	157068	157069	36	0.9823
chr1	157083	157084	24	0.7712
chr1	157086	157087	26	0.944
chr1	157142	157143	34	0.7288
chr1	157187	157188	20	0.7427
chr1	157190	157191	29	0.8355
chr1	157193	157194	32	0.8398
chr1	157207	157208	31	0.7007
chr1	157213	157214	27	0.5675
chr1	157222	157223	24	0.7634
chr1	157229	157230	35	0.7337
chr1	157237	157238	40	0.6843
chr1	157280	157281	25	0.6269
chr1	157296	157297	27	0.6626
chr1	157313	157314	29	0.9242
chr1	157319	157320	38	0.9198
chr1	157325	157326	25	0.8891
chr1	157334	157335	40	0.8976
chr1	157339	157340	31	0.8603
chr1	157345	157346	33	0.6928
chr1	157355	157356	35	0.8284
chr1	157364	157365	30	0.8631
chr1	157368	157369	30	0.7996
chr1	157396	157397	27	0.7938
chr1	157422	157423	31	0.9523
chr1	157426	157427	28	0.9285
chr1	157454	157455	32	0.5295
chr1	157463	157464	21	0.8557
chr1	157468	157469	29	0.7953
chr1	157482	157483	24	0.7065
chr1	157487	157488	28	0.7232
chr1	157497	157498	30	0.8469
chr1	157504	157505	27	0.7638
chr1	157537	157538	32	0.9419
chr1	157563	157564	28	0.6864
chr1	157588	157589	35	0.0
chr1	157597	157598	30	0.293
chr1	157609	157610	31	0.3395
chr1	157615	157616	34	0.0038
chr1	157619	157620	29	0.1799
chr1	157624	157625	35	0.0064
chr1	157629	157630	26	0.0512
chr1	157638	157639	35	0.144
chr1	157653	157654	28	0.588
chr1	157668	157669	31	0.0
chr1	157734	157735	28	0.3056
chr1	157753	157754	29	0.8088
chr1	157767	157768	29	0.8789
chr1	157779	157780	30	0.7422
chr1	157785	157786	35	0.9062
chr1	157792	157793	22	0.8288
chr1	157800	157801	39	0.7239
chr1	157805	157806	24	0.9394
chr1	157825	157826	23	0.9099
chr1	157852	157853	30	0.8506
chr1	157910	157911	32	0.8005
chr1	157919	157920	29	0.1594
chr1	157924	157925	28	0.2088
chr1	157932	157933	26	0.0
chr1	157938	157939	20	0.1782
chr1	157945	157946	26	0.2976
chr1	157959	157960	28	0.0888
chr1	157965	157966	25	0.0232
chr1	157969	157970	25	0.1649
chr1	157991	157992	27	0.1096
chr1	158045	158046	25	0.1029
chr1	158121	158122	31	0.0619
chr1	158243	158244	31	0.2254
chr1	158289	158290	33	0.1489
chr1	158313	158314	32	0.1771
chr1	158315	158316	23	0.2607
chr1	158321	158322	34	0.2117
chr1	158327	158328	32	0.2185
chr1	158335	158336	30	0.0611
chr1	158346	158347	19	0.0764
chr1	158361	158362	32	0.0947
chr1	158367	158368	20	0.2773
chr1	158371	158372	28	0.1676
chr1	158397	158398	25	0.1235
chr1	158437	158438	23	0.151
chr1	158573	158574	31	0.1277
chr1	158577	158578	28	0.1963
chr1	158611	158612	37	0.1713
chr1	158671	158672	26	0.0127
chr1	158679	158680	29	0.1769
chr1	158849	158850	27	0.1435
chr1	158863	158864	24	0.1465
chr1	158871	158872	22	0.111
chr1	158881	158882	31	0.2497
chr1	158888	158889	24	0.7346
chr1	158892	158893	28	0.7862
chr1	158903	158904	25	0.6575
chr1	158918	158919	26	0.7647
chr1	158923	158924	39	0.6615
chr1	158930	158931	30	0.5794
chr1	158933	158934	25	0.7572
chr1	158938	158939	19	0.6843
chr1	158957	158958	33	0.8381
chr1	159123	159124	30	0.7885
chr1	159143	159144	30	0.5053
chr1	159231	159232	38	0.8106
chr1	159279	159280	32	0.7539
chr1	159283	159284	28	0.5923
chr1	159299	159300	29	0.7177
chr1	159301	159302	31	0.6407
chr1	159355	159356	32	0.779
chr1	159371	159372	28	0.7603
chr1	159379	159380	34	0.8026
chr1	159388	159389	19	0.7283
chr1	159396	159397	25	0.74
chr1	159400	159401	32	0.6305
chr1	159403	159404	37	0.7183
chr1	159418	159419	37	0.6095
chr1	159426	159427	35	0.8026
chr1	159431	159432	29	0.8551
chr1	159464	159465	21	0.8414
chr1	159498	159499	34	0.6391
chr1	159556	159557	27	0.6831
chr1	159572	159573	30	0.6804
chr1	159576	159577	26	0.6007
chr1	159590	159591	45	0.6266
chr1	159832	159833	35	0.7455
chr1	159880	159881	22	0.7971
chr1	159922	159923	27	0.7015
chr1	159928	159929	32	0.5775
chr1	159931	159932	35	0.5735
chr1	159943	159944	35	0.6991
chr1	159950	159951	31	0.8842
chr1	159958	159959	28	0.7374
chr1	159968	159969	30	0.666
chr1	159972	159973	37	0.718
chr1	160021	160022	32	0.8859
chr1	160103	160104	24	0.7572
chr1	160110	160111	28	0.918
chr1	160121	160122	28	0.8435
chr1	160132	160133	26	0.9058
chr1	160146	160147	30	0.9661
chr1	160153	160154	27	0.9596
chr1	160162	160163	24	0.7207
chr1	160202	160203	31	0.8025
chr1	160272	160273	29	0.8137
chr1	160344	160345	32	0.8332
chr1	160412	160413	35	0.9032
chr1	160462	160463	28	0.8378
chr1	160594	160595	33	0.7144
chr1	160666	160667	36	0.8012
chr1	160676	160677	30	0.782
chr1	160690	160691	26	0.8014
chr1	160694	160695	25	0.8224
chr1	160703	160704	27	0.8078
chr1	160708	160709	16	0.8818
chr1	160723	160724	32	0.8305
chr1	160738	160739	29	0.7917
chr1	160747	160748	35	0.846
chr1	160753	160754	29	0.868
chr1	160775	160776	21	0.7513
chr1	160779	160780	32	0.7153
chr1	161069	161070	32	0.892
chr1	161165	161166	28	0.871
chr1	161201	161202	34	0.785
chr1	161271	161272	33	0.9134
chr1	161312	161313	32	0.9694
chr1	161323	161324	34	0.892
chr1	161328	161329	27	0.9679
chr1	161334	161335	39	0.9269
chr1	161346	161347	28	0.9679
chr1	161360	161361	24	0.8946
chr1	161362	161363	32	0.9603
chr1	161397	161398	31	0.9058
chr1	161457	161458	28	0.8708
chr1	161491	161492	33	0.8601
chr1	161522	161523	27	0.6307
chr1	161531	161532	29	0.652
chr1	161539	161540	38	0.6933
chr1	161545	161546	29	0.8679
chr1	161555	161556	29	0.6899
chr1	161560	161561	24	0.6182
chr1	161569	161570	32	0.8673
chr1	161572	161573	32	0.7045
chr1	161595	161596	30	0.8622
chr1	161665	161666	25	0.7703
chr1	161673	161674	38	0.8933
chr1	161677	161678	32	0.9191
chr1	161692	161693	24	0.9202
chr1	161698	161699	35	0.9078
chr1	161713	161714	29	0.76
chr1	161720	161721	34	0.7719
chr1	161724	161725	33	0.8854
chr1	161774	161775	19	1.0
chr1	161792	161793	24	0.735
chr1	161814	161815	36	0.9059
chr1	161982	161983	36	0.9212
chr1	161984	161985	20	0.8474
chr1	162146	162147	26	0.8332
chr1	162152	162153	23	0.9038
chr1	162156	162157	37	0.7988
chr1	162182	162183	32	0.8085
chr1	162224	162225	34	0.856
chr1	162238	162239	32	0.8175
chr1	162268	162269	28	0.6372
chr1	162277	162278	23	0.7657
chr1	162291	162292	31	0.874
chr1	162296	162297	37	0.7027
chr1	162303	162304	32	0.7117
chr1	162313	162314	22	0.7255
chr1	162319	162320	21	0.8453
chr1	162336	162337	32	0.658
chr1	162366	162367	32	0.774
chr1	162378	162379	22	0.7065
chr1	162454	162455	29	0.7753
chr1	162478	162479	38	0.5909
chr1	162484	162485	26	0.6639
chr1	162494	162495	29	0.5135
chr1	162502	162503	30	0.5468
chr1	162509	162510	28	0.4451
chr1	162517	162518	30	0.5612
chr1	162523	162524	32	0.6179
chr1	162530	162531	31	0.6397
chr1	162537	162538	30	0.4726
chr1	162552	162553	39	0.4641
chr1	162573	162574	33	0.4237
chr1	162591	162592	25	0.4522
chr1	162605	162606	24	0.425
chr1	162615	162616	30	0.8605
chr1	162619	162620	30	0.6416
chr1	162623	162624	32	0.5552
chr1	162635	162636	38	0.809
chr1	162640	162641	37	0.6849
chr1	162646	162647	26	0.8307
chr1	162653	162654	31	0.5842
chr1	162657	162658	28	0.7774
chr1	162668	162669	41	0.694
chr1	162671	162672	32	0.6059
chr1	162701	162702	41	0.5953
chr1	162711	162712	23	0.8085
chr1	162767	162768	28	0.9005
chr1	162809	162810	26	0.8821
chr1	162935	162936	30	0.7587
chr1	162941	162942	26	0.8415
chr1	162969	162970	31	0.6862
chr1	162977	162978	36	0.7033
chr1	163013	163014	25	0.7489
chr1	163189	163190	30	0.8782
chr1	163208	163209	30	0.0
chr1	163217	163218	24	0.1266
chr1	163222	163223	31	0.1142
chr1	163227	163228	31	0.1575
chr1	163232	163233	32	0.145
chr1	163235	163236	31	0.1285
chr1	163239	163240	35	0.14
chr1	163250	163251	23	0.1141
chr1	163258	163259	36	0.1485
chr1	163260	163261	38	0.1757
chr1	163296	163297	32	0.2237
chr1	163300	163301	33	0.1187
chr1	163347	163348	32	0.7979
chr1	163352	163353	37	0.8032
chr1	163365	163366	29	0.8012
chr1	163380	163381	21	0.7363
chr1	163395	163396	21	0.8363
chr1	163401	163402	36	0.8527
chr1	163402	163403	36	0.6455
chr1	163452	163453	38	0.8272
chr1	163482	163483	23	0.7128
chr1	163552	163553	33	0.911
chr1	163560	163561	36	0.6004
chr1	163575	163576	30	0.5792
chr1	163586	163587	35	0.5398
chr1	163601	163602	29	0.6477
chr1	163611	163612	35	0.6122
chr1	163614	163615	30	0.7484
chr1	163633	163634	31	0.4906
chr1	163651	163652	23	0.5183
chr1	163729	163730	30	0.5395
chr1	163731	163732	37	0.6831
chr1	163771	163772	26	0.6484
chr1	163773	163774	16	0.751
chr1	163861	163862	29	0.5901
chr1	163911	163912	33	0.586
chr1	164027	164028	31	0.6253
chr1	164067	164068	26	0.5352
chr1	164133	164134	29	0.6545
chr1	164172	164173	23	0.7115
chr1	164182	164183	29	0.8381
chr1	164191	164192	26	0.8857
chr1	164197	164198	27	0.7917
chr1	164205	164206	36	0.771
chr1	164215	164216	21	0.8561
chr1	164222	164223	24	0.9341
chr1	164237	164238	28	0.7983
chr1	164271	164272	22	0.7575
chr1	164311	164312	31	0.7069
chr1	164365	164366	35	0.9504
chr1	164384	164385	30	0.1655
chr1	164391	164392	30	0.2833
chr1	164402	164403	30	0.307
chr1	164417	164418	30	0.0922
chr1	164427	164428	29	0.1734
chr1	164432	164433	30	0.0355
chr1	164434	164435	35	0.1354
chr1	164466	164467	28	0.2016
chr1	164481	164482	22	0.269
chr1	164525	164526	21	0.0959
chr1	164531	164532	25	0.049
chr1	164566	164567	30	0.8922
chr1	164572	164573	36	0.8183
chr1	164577	164578	35	0.8356
chr1	164585	164586	36	0.8599
chr1	164592	164593	36	0.821
chr1	164604	164605	35	0.939
chr1	164619	164620	24	0.7919
chr1	164625	164626	27	0.6754
chr1	164649	164650	22	0.8296
chr1	164664	164665	36	0.6825
chr1	164746	164747	30	0.7778
chr1	164796	164797	27	0.8543
chr1	164811	164812	29	0.7898
chr1	164821	164822	33	0.6476
chr1	164830	164831	22	0.3431
chr1	164837	164838	30	0.5289
chr1	164846	164847	31	0.8675
chr1	164880	164881	28	0.6615
chr1	164934	164935	25	0.7005
chr1	164956	164957	25	0.9374
chr1	164970	164971	31	0.6099
chr1	164978	164979	25	0.5614
chr1	164991	164992	37	0.642
chr1	165001	165002	23	0.4828
chr1	165008	165009	37	0.8402
chr1	165012	165013	35	0.5906
chr1	165019	165020	30	0.7361
chr1	165021	165022	36	0.6773
chr1	165068	165069	23	0.6382
chr1	165078	165079	36	0.6214
chr1	165162	165163	37	0.5239
chr1	165170	165171	31	0.6027
chr1	165177	165178	32	0.4252
chr1	165186	165187	29	0.4899
chr1	165194	165195	29	0.5519
chr1	165206	165207	28	0.642
chr1	165214	165215	37	0.5423
chr1	165218	165219	32	0.5047
chr1	165220	165221	32	0.692
chr1	165255	165256	32	0.6353
chr1	165331	165332	28	0.5904
chr1	165347	165348	23	0.4814
chr1	165503	165504	35	0.5522
chr1	165653	165654	39	0.3757
chr1	165693	165694	19	0.5094
chr1	165703	165704	28	0.8011
chr1	165718	165719	33	0.7833
chr1	165728	165729	37	0.8134
chr1	165740	165741	29	0.9074
chr1	165750	165751	27	0.6944
chr1	165753	165754	22	0.6102
chr1	165773	165774	32	0.8687
chr1	165863	165864	22	0.8398
chr1	165967	165968	31	0.756
chr1	165977	165978	27	0.7077
chr1	166005	166006	20	0.6914
chr1	166107	166108	34	0.8024
chr1	166223	166224	31	0.8703
chr1	166231	166232	34	0.8403
chr1	166237	166238	18	0.6813
chr1	166245	166246	27	0.6218
chr1	166256	166257	39	0.7794
chr1	166266	166267	28	0.7365
chr1	166281	166282	20	0.6213
chr1	166311	166312	25	0.7026
chr1	166371	166372	37	0.5916
chr1	166453	166454	35	0.8398
chr1	166517	166518	27	0.7906
chr1	166559	166560	31	0.5788
chr1	166679	166680	34	0.6843
chr1	166789	166790	25	0.9392
chr1	166818	166819	28	0.9112
chr1	166832	166833	32	0.7712
chr1	166837	166838	34	0.6723
chr1	166846	166847	24	0.6873
chr1	166852	166853	26	0.8128
chr1	166860	166861	33	0.8729
chr1	166870	166871	30	0.7692
chr1	166873	166874	30	0.7831
chr1	166875	166876	40	0.8012
chr1	166911	166912	25	0.7194
chr1	166969	166970	22	0.8131
chr1	167001	167002	36	0.6089
chr1	167014	167015	28	0.8264
chr1	167025	167026	28	0.9286
chr1	167033	167034	28	0.8812
chr1	167041	167042	34	0.7696
chr1	167046	167047	28	0.8353
chr1	167061	167062	31	0.833
chr1	167067	167068	29	0.8155
chr1	167070	167071	37	0.762
chr1	167105	167106	24	0.8447
chr1	167155	167156	27	0.6433
chr1	167183	167184	24	0.7898
chr1	167220	167221	23	0.7401
chr1	167228	167229	36	0.8454
chr1	167233	167234	35	0.8024
chr1	167242	167243	31	0.8485
chr1	167247	167248	30	0.9062
chr1	167250	167251	26	0.9182
chr1	167255	167256	31	0.9934
chr1	167263	167264	25	0.9218
chr1	167271	167272	23	0.8089
chr1	167306	167307	30	0.809
chr1	167368	167369	29	0.8298
chr1	167414	167415	28	0.6107
chr1	167424	167425	25	0.6712
chr1	167439	167440	28	0.7213
chr1	167445	167446	34	0.7047
chr1	167453	167454	32	0.8181
chr1	167463	167464	23	0.7862
chr1	167464	167465	31	0.6234
chr1	167502	167503	28	0.616
chr1	167506	167507	25	0.8023
chr1	167548	167549	31	0.511
chr1	167582	167583	33	0.71
chr1	167589	167590	26	0.6543
chr1	167604	167605	29	0.4755
chr1	167612	167613	26	0.5568
chr1	167615	167616	30	0.6876
chr1	167624	167625	36	0.5308
chr1	167632	167633	26	0.5599
chr1	167667	167668	32	0.5531
chr1	167729	167730	31	0.5473
chr1	167768	167769	22	0.0861
chr1	167783	167784	30	0.1169
chr1	167791	167792	30	0.0114
chr1	167799	167800	30	0.0782
chr1	167809	167810	36	0.0824
chr1	167814	167815	30	0.0
chr1	167818	167819	34	0.1262
chr1	167860	167861	28	0.0984
chr1	167886	167887	26	0.0712
chr1	167896	167897	31	0.5854
chr1	167905	167906	27	0.6784
chr1	167912	167913	37	0.7243
chr1	167918	167919	31	0.5934
chr1	167926	167927	32	0.745
chr1	167935	167936	34	0.6181
chr1	167938	167939	26	0.745
chr1	167943	167944	28	0.6014
chr1	167949	167950	36	0.6516
chr1	167991	167992	33	0.658
chr1	168017	168018	26	0.5934
chr1	168035	168036	23	0.6409
chr1	168045	168046	36	0.62
chr1	168060	168061	28	0.7094
chr1	168066	168067	31	0.8395
chr1	168070	168071	26	0.7445
chr1	168079	168080	29	0.8052
chr1	168094	168095	30	0.8717
chr1	168095	168096	22	0.8282
chr1	168134	168135	27	0.6714
chr1	168146	168147	38	0.6521
chr1	168194	168195	21	0.7155
chr1	168196	168197	17	0.8151
chr1	168358	168359	18	0.7322
chr1	168372	168373	33	0.7685
chr1	168434	168435	26	0.739
chr1	168436	168437	28	0.7931
chr1	168512	168513	25	0.6156
chr1	168630	168631	37	0.8062
chr1	168644	168645	21	0.6569
chr1	168650	168651	30	0.6376
chr1	168654	168655	39	0.6982
chr1	168659	168660	17	0.7448
chr1	168671	168672	32	0.73
chr1	168679	168680	40	0.6019
chr1	168689	168690	31	0.8491
chr1	168694	168695	30	0.8117
chr1	168738	168739	34	0.7627
chr1	168808	168809	29	0.7736
chr1	168820	168821	24	0.5783
chr1	168857	168858	31	0.9873
chr1	168866	168867	24	0.7761
chr1	168878	168879	32	0.8491
chr1	168882	168883	24	0.9244
chr1	168896	168897	29	0.8088
chr1	168903	168904	26	0.8296
chr1	168907	168908	29	0.867
chr1	168933	168934	36	0.9326
chr1	169011	169012	31	0.8799
chr1	169025	169026	26	0.8032
chr1	169054	169055	26	0.0854
chr1	169059	169060	41	0.1864
chr1	169066	169067	27	0.3169
chr1	169072	169073	29	0.0758
chr1	169078	169079	33	0.0
chr1	169088	169089	31	0.1027
chr1	169103	169104	33	0.0102
chr1	169104	169105	29	0.0
chr1	169127	169128	31	0.0189
chr1	169165	169166	26	0.1489
chr1	169217	169218	36	0.1369
chr1	169251	169252	39	0.8652
chr1	169254	169255	35	0.6475
chr1	169260	169261	35	0.7265
chr1	169269	169270	34	0.7058
chr1	169273	169274	33	0.7703
chr1	169285	169286	33	0.7486
chr1	169300	169301	27	0.8313
chr1	169301	169302	26	0.729
chr1	169319	169320	30	0.7127
chr1	169334	169335	32	0.8055
chr1	169348	169349	32	0.8104
chr1	169382	169383	20	0.5453
chr1	169410	169411	38	0.622
chr1	169417	169418	28	0.887
chr1	169423	169424	35	1.0
chr1	169426	169427	32	0.5836
chr1	169434	169435	25	0.4886
chr1	169441	169442	35	1.0
chr1	169455	169456	25	1.0
chr1	169460	169461	34	0.6221
chr1	169499	169500	25	0.8021
chr1	169585	169586	29	1.0
chr1	169620	169621	34	0.7581
chr1	169630	169631	24	0.8506
chr1	169641	169642	18	0.8725
chr1	169649	169650	33	0.8036
chr1	169653	169654	40	0.7468
chr1	169663	169664	31	0.7306
chr1	169670	169671	29	0.6558
chr1	169696	169697	38	0.6279
chr1	169720	169721	32	0.7848
chr1	169790	169791	17	0.7275
chr1	169836	169837	30	0.0
chr1	169844	169845	33	0.0145
chr1	169857	169858	33	0.0
chr1	169867	169868	27	0.0004
chr1	169874	169875	25	0.0764
chr1	169882	169883	31	0.0759
chr1	169887	169888	33	0.0479
chr1	169919	169920	24	0.0269
chr1	169923	169924	30	0.1286
chr1	170003	170004	24	0.1977
chr1	170010	170011	33	0.9075
chr1	170024	170025	30	0.7257
chr1	170038	170039	27	0.7252
chr1	170043	170044	35	0.9654
chr1	170051	170052	29	0.8705
chr1	170062	170063	33	0.829
chr1	170063	170064	24	0.9039
chr1	170111	170112	25	0.8388
chr1	170131	170132	34	0.9701
chr1	170147	170148	30	0.9622
chr1	170161	170162	31	0.9175
chr1	170171	170172	24	0.8772
chr1	170331	170332	32	0.8253
chr1	170381	170382	42	0.8093
chr1	170393	170394	26	0.9568
chr1	170433	170434	23	0.9202
chr1	170475	170476	26	0.8886
chr1	170591	170592	30	0.9125
chr1	170597	170598	27	0.7596
chr1	170607	170608	30	0.7827
chr1	170614	170615	21	0.8096
chr1	170622	170623	30	0.7198
chr1	170632	170633	31	0.6965
chr1	170640	170641	30	0.7824
chr1	170646	170647	28	0.5932
chr1	170649	170650	36	0.8299
chr1	170699	170700	33	0.7353
chr1	170857	170858	26	0.6664
chr1	170861	170862	30	0.6957
chr1	170869	170870	25	0.6676
chr1	170927	170928	29	0.704
chr1	170933	170934	28	0.7994
chr1	171039	171040	27	0.6828
chr1	171135	171136	26	0.7704
chr1	171137	171138	27	0.727
chr1	171169	171170	31	0.6013
chr1	171183	171184	34	0.4079
chr1	171194	171195	23	0.5534
chr1	171199	171200	33	0.6243
chr1	171205	171206	32	0.4754
chr1	171219	171220	34	0.5013
chr1	171248	171249	30	0.4839
chr1	171258	171259	23	0.5145
chr1	171306	171307	24	0.5392
chr1	171332	171333	36	0.5436
chr1	171338	171339	34	0.5349
chr1	171345	171346	35	0.8316
chr1	171352	171353	30	0.6016
chr1	171358	171359	34	0.5812
chr1	171366	171367	30	0.6361
chr1	171375	171376	31	0.8253
chr1	171382	171383	23	0.6785
chr1	171383	171384	27	0.6335
chr1	171405	171406	27	0.6943
chr1	171420	171421	33	0.6672
chr1	171480	171481	23	0.5711
chr1	171490	171491	28	0.6166
chr1	171501	171502	35	0.6349
chr1	171516	171517	39	0.7768
chr1	171525	171526	31	0.7497
chr1	171532	171533	31	0.6023
chr1	171540	171541	32	0.493
chr1	171560	171561	30	0.5909
chr1	171604	171605	27	0.7535
chr1	171706	171707	39	0.6697
chr1	171714	171715	24	0.7248
chr1	171966	171967	32	0.5705
chr1	171988	171989	33	0.7079
chr1	171996	171997	43	0.6944
chr1	172014	172015	25	0.1509
chr1	172028	172029	24	0.0829
chr1	172039	172040	25	0.1372
chr1	172050	172051	31	0.0
chr1	172065	172066	24	0.0712
chr1	172068	172069	30	0.0
chr1	172100	172101	26	0.0165
chr1	172122	172123	30	0.0348
chr1	172178	172179	30	0.105
chr1	172188	172189	31	0.116
chr1	172224	172225	24	0.6173
chr1	172234	172235	23	0.7817
chr1	172244	172245	30	0.6009
chr1	172253	172254	25	0.6991
chr1	172265	172266	28	0.9439
chr1	172273	172274	43	0.7809
chr1	172274	172275	37	0.621
chr1	172309	172310	36	0.6914
chr1	172339	172340	26	0.6418
chr1	172391	172392	35	0.7263
chr1	172398	172399	36	0.0009
chr1	172406	172407	27	0.0847
chr1	172414	172415	29	0.0049
chr1	172420	172421	33	0.0261
chr1	172427	172428	31	0.0
chr1	172431	172432	30	0.0
chr1	172441	172442	23	0.0236
chr1	172446	172447	32	0.0512
chr1	172450	172451	32	0.1745
chr1	172453	172454	28	0.0517
chr1	172482	172483	33	0.0293
chr1	172496	172497	25	0.0784
chr1	172548	172549	32	0.1994
chr1	172566	172567	38	0.1902
chr1	172648	172649	35	0.1778
chr1	172666	172667	37	0.1173
chr1	172798	172799	26	0.0876
chr1	172902	172903	26	0.1297
chr1	172974	172975	28	0.1961
chr1	173001	173002	21	0.6577
chr1	173011	173012	39	0.7511
chr1	173016	173017	27	0.705
chr1	173021	173022	32	0.8508
chr1	173029	173030	25	0.6667
chr1	173037	173038	32	0.8198
chr1	173048	173049	33	0.835
chr1	173051	173052	27	0.9457
chr1	173074	173075	29	0.9055
chr1	173150	173151	33	0.7372
chr1	173152	173153	29	0.8578
chr1	173192	173193	34	0.8171
chr1	173202	173203	24	0.8428
chr1	173217	173218	35	0.6957
chr1	173226	173227	27	0.7781
chr1	173234	173235	32	0.7541
chr1	173239	173240	31	0.9251
chr1	173242	173243	36	0.7433
chr1	173282	173283	35	0.7856
chr1	173308	173309	28	0.8335
chr1	173316	173317	33	0.6786
chr1	173322	173323	28	0.7581
chr1	173329	173330	21	0.8365
chr1	173333	173334	30	0.9301
chr1	173341	173342	35	0.8827
chr1	173348	173349	27	0.7346
chr1	173358	173359	25	0.6901
chr1	173366	173367	26	0.6967
chr1	173374	173375	25	0.6514
chr1	173392	173393	36	0.8606
chr1	173472	173473	28	0.801
chr1	173518	173519	29	0.7873
chr1	173670	173671	24	0.7868
chr1	173730	173731	29	0.8294
chr1	173768	173769	35	0.8969
chr1	173774	173775	27	0.8569
chr1	173781	173782	25	0.6294
chr1	173792	173793	24	0.7428
chr1	173799	173800	32	0.8439
chr1	173805	173806	33	0.7457
chr1	173812	173813	41	0.7755
chr1	173822	173823	27	0.9562
chr1	173828	173829	23	0.8109
chr1	173831	173832	16	0.8105
chr1	173861	173862	28	0.95
chr1	173949	173950	29	0.772
chr1	174035	174036	31	0.8979
chr1	174059	174060	25	0.7853
chr1	174147	174148	25	0.7991
chr1	174155	174156	29	0.9437
chr1	174183	174184	33	0.8173
chr1	174203	174204	25	0.9375
chr1	174217	174218	32	0.8658
chr1	174335	174336	38	0.8387
chr1	174341	174342	22	0.0452
chr1	174346	174347	29	0.0707
chr1	174361	174362	32	0.2203
chr1	174375	174376	29	0.0418
chr1	174390	174391	34	0.1279
chr1	174391	174392	26	0.1224
chr1	174425	174426	36	0.1167
chr1	174440	174441	25	0.1231
chr1	174516	174517	33	0.116
chr1	174584	174585	31	0.1549
chr1	174624	174625	37	0.2072
chr1	174690	174691	35	0.0258
chr1	174706	174707	30	0.1931
chr1	174728	174729	33	0.1343
chr1	174760	174761	24	0.1092
chr1	174782	174783	31	0.0757
chr1	174792	174793	27	0.7552
chr1	174802	174803	29	0.7646
chr1	174807	174808	28	0.9094
chr1	174822	174823	30	0.8509
chr1	174837	174838	31	0.8035
chr1	174843	174844	19	0.8554
chr1	174845	174846	34	0.828
chr1	174862	174863	29	0.8123
chr1	174891	174892	32	0.6782
chr1	174977	174978	25	0.8151
chr1	174993	174994	24	0.8193
chr1	175053	175054	29	0.7557
chr1	175103	175104	26	0.746
chr1	175147	175148	28	1.0
chr1	175165	175166	26	0.8888
chr1	175251	175252	26	0.7372
chr1	175286	175287	30	0.6135
chr1	175295	175296	25	0.6399
chr1	175306	175307	28	0.6406
chr1	175313	175314	27	0.567
chr1	175321	175322	16	0.7229
chr1	175325	175326	24	0.6793
chr1	175333	175334	26	0.702
chr1	175339	175340	29	0.6799
chr1	175374	175375	26	0.6452
chr1	175396	175397	32	0.7781
chr1	175431	175432	25	0.8186
chr1	175441	175442	29	0.8079
chr1	175456	175457	29	0.9396
chr1	175465	175466	23	0.9309
chr1	175476	175477	23	0.8777
chr1	175481	175482	28	1.0
chr1	175503	175504	26	0.7892
chr1	175507	175508	36	0.8245
chr1	175539	175540	28	0.9039
chr1	175578	175579	34	0.8096
chr1	175588	175589	22	0.8832
chr1	175600	175601	23	0.8261
chr1	175612	175613	27	0.7977
chr1	175623	175624	33	0.6823
chr1	175627	175628	30	0.8874
chr1	175628	175629	36	0.9647
chr1	175644	175645	35	0.7129
chr1	175664	175665	32	0.8493
chr1	175690	175691	35	0.6251
chr1	175693	175694	42	0.9208
chr1	175699	175700	30	1.0
chr1	175710	175711	38	0.8543
chr1	175720	175721	30	0.6777
chr1	175725	175726	30	0.7705
chr1	175738	175739	32	0.8797
chr1	175740	175741	32	0.7856
chr1	175778	175779	20	0.819
chr1	175874	175875	26	0.7344
chr1	175898	175899	27	0.7294
chr1	175907	175908	33	0.6689
chr1	175920	175921	25	0.7496
chr1	175926	175927	31	0.9011
chr1	175933	175934	34	0.9834
chr1	175940	175941	34	0.8185
chr1	175948	175949	30	0.9619
chr1	175970	175971	34	0.8989
chr1	176015	176016	37	0.8239
chr1	176021	176022	36	0.9122
chr1	176025	176026	34	0.8327
chr1	176036	176037	26	0.9455
chr1	176040	176041	39	0.8292
chr1	176052	176053	36	0.7043
chr1	176061	176062	14	0.9582
chr1	176070	176071	29	0.8466
chr1	176107	176108	30	0.7274
chr1	176139	176140	24	0.8613
chr1	176141	176142	35	0.7168
chr1	176180	176181	35	0.0672
chr1	176185	176186	37	0.0936
chr1	176197	176198	35	0.29
chr1	176203	176204	40	0.1154
chr1	176209	176210	27	0.0
chr1	176216	176217	35	0.1529
chr1	176222	176223	30	0.1713
chr1	176230	176231	40	0.2928
chr1	176271	176272	33	0.252
chr1	176287	176288	28	0.1336
chr1	176299	176300	30	0.7248
chr1	176304	176305	20	0.832
chr1	176309	176310	22	0.8178
chr1	176323	176324	17	0.9369
chr1	176330	176331	37	0.9037
chr1	176337	176338	31	0.8335
chr1	176346	176347	27	0.824
chr1	176351	176352	33	0.9007
chr1	176366	176367	25	0.9258
chr1	176386	176387	40	0.7281
chr1	176414	176415	28	0.7771
chr1	176439	176440	38	0.8611
chr1	176445	176446	36	0.8352
chr1	176460	176461	34	0.8816
chr1	176470	176471	35	0.7304
chr1	176480	176481	31	0.8971
chr1	176490	176491	34	0.7894
chr1	176540	176541	21	0.6281
chr1	176572	176573	28	0.825
chr1	176614	176615	30	0.8794
chr1	176647	176648	27	0.9131
chr1	176658	176659	32	0.8213
chr1	176668	176669	21	0.8097
chr1	176679	176680	30	0.7746
chr1	176686	176687	37	1.0
chr1	176691	176692	37	0.8076
chr1	176697	176698	17	0.8215
chr1	176726	176727	31	0.8694
chr1	176814	176815	33	0.8524
chr1	176833	176834	38	0.1135
chr1	176837	176838	27	0.0386
chr1	176843	176844	25	0.0596
chr1	176849	176850	27	0.0965
chr1	176857	176858	28	0.0063
chr1	176864	176865	33	0.152
chr1	176868	176869	39	0.0676
chr1	176874	176875	23	0.1849
chr1	176881	176882	24	0.0802
chr1	176884	176885	23	0.036
chr1	176908	176909	28	0.0602
chr1	176992	176993	23	0.0777
chr1	177025	177026	21	0.6539
chr1	177034	177035	34	0.5724
chr1	177049	177050	24	0.5505
chr1	177063	177064	32	0.5873
chr1	177070	177071	33	0.6514
chr1	177075	177076	21	0.7283
chr1	177092	177093	37	0.7374
chr1	177156	177157	25	0.5913
chr1	177181	177182	23	0.9324
chr1	177195	177196	16	1.0
chr1	177207	177208	26	0.92
chr1	177212	177213	29	0.832
chr1	177227	177228	23	0.9909
chr1	177231	177232	30	0.8547
chr1	177269	177270	30	0.7202
chr1	177321	177322	28	0.8434
chr1	177354	177355	24	0.3493
chr1	177363	177364	33	0.2244
chr1	177378	177379	33	0.4412
chr1	177382	177383	35	0.5057
chr1	177386	177387	30	0.2611
chr1	177395	177396	36	0.4338
chr1	177403	177404	31	0.232
chr1	177404	177405	34	0.3459
chr1	177437	177438	29	0.3568
chr1	177501	177502	23	0.5402
chr1	177527	177528	28	0.4058
chr1	177554	177555	37	0.4864
chr1	177563	177564	32	0.6945
chr1	177574	177575	26	0.483
chr1	177589	177590	28	0.6567
chr1	177599	177600	27	0.5611
chr1	177608	177609	16	0.5665
chr1	177637	177638	28	0.6943
chr1	177701	177702	29	0.4788
chr1	177740	177741	24	0.7022
chr1	177750	177751	33	0.365
chr1	177765	177766	37	0.4263
chr1	177772	177773	29	0.216
chr1	177779	177780	25	0.6579
chr1	177784	177785	37	0.3688
chr1	177789	177790	27	0.2682
chr1	177793	177794	22	0.3403
chr1	177818	177819	32	0.7853
chr1	177858	177859	21	0.8504
chr1	177896	177897	25	0.6588
chr1	177907	177908	41	0.678
chr1	177915	177916	25	0.564
chr1	177920	177921	27	0.6441
chr1	177929	177930	25	0.6274
chr1	177942	177943	27	0.6602
chr1	177949	177950	26	0.6028
chr1	177958	177959	38	0.6276
chr1	177991	177992	25	0.5428
chr1	178065	178066	22	0.6225
chr1	178091	178092	25	0.488
chr1	178097	178098	32	0.0
chr1	178105	178106	29	0.0
chr1	178113	178114	23	0.0239
chr1	178119	178120	27	0.0365
chr1	178129	178130	27	0.0592
chr1	178134	178135	23	0.0
chr1	178141	178142	35	0.0854
chr1	178154	178155	17	0.0296
chr1	178155	178156	36	0.1417
chr1	178205	178206	29	0.0597
chr1	178283	178284	34	0.1343
chr1	178313	178314	32	0.1726
chr1	178489	178490	26	0.0583
chr1	178551	178552	25	0.1672
chr1	178587	178588	28	0.1217
chr1	178637	178638	32	0.0
chr1	178641	178642	32	0.1273
chr1	178647	178648	22	0.1034
chr1	178692	178693	27	0.6183
chr1	178707	178708	29	0.698
chr1	178715	178716	29	0.6498
chr1	178722	178723	33	0.7112
chr1	178730	178731	23	0.5998
chr1	178743	178744	31	0.7611
chr1	178759	178760	28	0.6405
chr1	178813	178814	31	0.7643
chr1	178847	178848	26	0.7766
chr1	178871	178872	31	0.7894
chr1	178876	178877	30	0.9964
chr1	178888	178889	40	1.0
chr1	178896	178897	26	0.8532
chr1	178910	178911	32	0.8384
chr1	178917	178918	28	0.9565
chr1	178921	178922	30	0.7979
chr1	178945	178946	24	0.7803
chr1	178966	178967	25	0.7576
chr1	178994	178995	32	0.7801
chr1	179066	179067	38	0.9317
chr1	179075	179076	42	0.7549
chr1	179079	179080	32	0.7574
chr1	179090	179091	26	1.0
chr1	179100	179101	35	0.7597
chr1	179110	179111	26	0.8257
chr1	179125	179126	25	0.8624
chr1	179143	179144	33	0.9023
chr1	179167	179168	35	0.8593
chr1	179253	179254	22	0.8418
chr1	179287	179288	27	0.6957
chr1	179327	179328	25	0.8687
chr1	179359	179360	26	0.6783
chr1	179373	179374	34	0.7772
chr1	179389	179390	28	0.7692
chr1	179551	179552	37	0.8791
chr1	179570	179571	25	0.7105
chr1	179579	179580	22	0.605
chr1	179585	179586	28	0.6502
chr1	179597	179598	38	0.5533
chr1	179600	179601	26	0.5791
chr1	179603	179604	33	0.562
chr1	179606	179607	27	0.5736
chr1	179611	179612	32	0.4186
chr1	179617	179618	37	0.4822
chr1	179620	179621	26	0.5738
chr1	179667	179668	31	0.448
chr1	179693	179694	32	0.6779
chr1	179735	179736	33	0.6084
chr1	179746	179747	38	0.6661
chr1	179754	179755	32	0.7915
chr1	179767	179768	24	0.8511
chr1	179782	179783	25	0.7938
chr1	179789	179790	32	0.763
chr1	179796	179797	31	0.7983
chr1	179832	179833	28	0.7185
chr1	179878	179879	29	0.7966
chr1	179928	179929	33	0.6743
chr1	179960	179961	33	0.7445
chr1	179966	179967	27	0.8064
chr1	179980	179981	22	0.5688
chr1	179986	179987	29	0.6236
chr1	179994	179995	38	0.6365
chr1	180005	180006	26	0.7039
chr1	180010	180011	36	0.6773
chr1	180076	180077	36	0.7439
chr1	180085	180086	31	0.7527
chr1	180094	180095	35	0.7906
chr1	180100	180101	29	0.7813
chr1	180107	180108	28	0.845
chr1	180115	180116	28	0.8074
chr1	180119	180120	23	0.8299
chr1	180128	180129	25	0.9532
chr1	180136	180137	31	0.6816
chr1	180177	180178	30	0.7057
chr1	180213	180214	31	0.8244
chr1	180285	180286	27	0.7855
chr1	180313	180314	32	0.7596
chr1	180325	180326	33	0.9109
chr1	180457	180458	41	0.9489
chr1	180585	180586	33	0.8704
chr1	180653	180654	22	0.872
chr1	180663	180664	28	0.7722
chr1	180684	180685	32	0.762
chr1	180693	180694	24	0.582
chr1	180701	180702	29	0.6602
chr1	180710	180711	39	0.8069
chr1	180717	180718	32	0.7419
chr1	180728	180729	30	0.6276
chr1	180732	180733	37	0.5829
chr1	180745	180746	30	0.6097
chr1	180778	180779	29	0.5826
chr1	180793	180794	38	0.5862
chr1	180849	180850	24	0.65
chr1	180873	180874	36	0.8541
chr1	180909	180910	29	0.6174
chr1	180918	180919	36	0.565
chr1	180933	180934	29	0.5256
chr1	180937	180938	28	0.6318
chr1	180944	180945	34	0.4036
chr1	180956	180957	26	0.542
chr1	180963	180964	29	0.5589
chr1	180978	180979	27	0.588
chr1	181026	181027	28	0.6058
chr1	181059	181060	35	0.6673
chr1	181074	181075	33	0.5325
chr1	181083	181084	32	0.5796
chr1	181098	181099	33	0.7603
chr1	181102	181103	31	0.7233
chr1	181110	181111	24	0.5983
chr1	181135	181136	19	0.516
chr1	181155	181156	24	0.6306
chr1	181195	181196	34	0.704
chr1	181244	181245	36	0.7379
chr1	181256	181257	35	0.7017
chr1	181260	181261	25	0.8275
chr1	181265	181266	25	0.7868
chr1	181270	181271	27	0.6251
chr1	181277	181278	35	0.8541
chr1	181286	181287	35	0.688
chr1	181294	181295	28	0.8944
chr1	181344	181345	25	0.7519
chr1	181386	181387	38	0.7397
chr1	181396	181397	33	0.9201
chr1	181399	181400	29	0.9624
chr1	181414	181415	30	0.985
chr1	181424	181425	35	0.8015
chr1	181429	181430	34	0.9546
chr1	181438	181439	34	0.8569
chr1	181442	181443	31	0.8388
chr1	181446	181447	38	0.8742
chr1	181484	181485	19	1.0
chr1	181494	181495	32	0.9011
chr1	181606	181607	30	0.9197
chr1	181682	181683	26	0.9465
chr1	181698	181699	28	1.0
chr1	181760	181761	35	0.9996
chr1	181780	181781	31	0.8751
chr1	181854	181855	31	0.9153
chr1	181900	181901	24	0.8618
chr1	181939	181940	31	0.0519
chr1	181949	181950	26	0.0165
chr1	181955	181956	28	0.0366
chr1	181959	181960	34	0.0976
chr1	181967	181968	29	0.1406
chr1	181971	181972	32	0.1738
chr1	181982	181983	25	0.0889
chr1	181989	181990	29	0.0567
chr1	182022	182023	24	0.0809
chr1	182070	182071	31	0.0511
chr1	182110	182111	34	0.1098
chr1	182121	182122	30	0.0
chr1	182125	182126	24	0.0098
chr1	182140	182141	36	0.0789
chr1	182146	182147	31	0.1035
chr1	182151	182152	24	0.0787
chr1	182158	182159	33	0.1949
chr1	182164	182165	27	0.0542
chr1	182185	182186	31	0.1238
chr1	182211	182212	25	0.0275
chr1	182283	182284	36	0.2206
chr1	182297	182298	36	0.0864
chr1	182335	182336	30	0.8618
chr1	182349	182350	33	0.5478
chr1	182362	182363	26	0.7971
chr1	182366	182367	24	0.6831
chr1	182371	182372	22	0.8141
chr1	182380	182381	25	0.7383
chr1	182387	182388	21	0.7237
chr1	182391	182392	25	0.7639
chr1	182419	182420	25	0.7405
chr1	182451	182452	37	0.7659
chr1	182465	182466	24	0.5673
chr1	182472	182473	27	0.7167
chr1	182477	182478	30	0.7015
chr1	182490	182491	26	0.7733
chr1	182497	182498	31	0.7163
chr1	182501	182502	34	0.6348
chr1	182510	182511	24	0.767
chr1	182516	182517	19	0.6189
chr1	182542	182543	34	0.5553
chr1	182560	182561	36	0.6588
chr1	182630	182631	36	0.9064
chr1	182678	182679	28	0.821
chr1	182690	182691	23	0.7036
chr1	182703	182704	37	0.6996
chr1	182716	182717	33	0.6382
chr1	182728	182729	23	0.5968
chr1	182733	182734	29	0.6781
chr1	182764	182765	27	0.7086
chr1	182780	182781	33	0.884
chr1	182818	182819	27	0.7984
chr1	182866	182867	30	0.7469
chr1	182870	182871	29	0.6166
chr1	182885	182886	26	0.6895
chr1	182897	182898	33	0.7055
chr1	182910	182911	24	0.4737
chr1	182916	182917	37	0.5372
chr1	182922	182923	29	0.7817
chr1	182925	182926	28	0.5803
chr1	182946	182947	29	0.7791
chr1	182965	182966	27	0.5536
chr1	183005	183006	31	0.6296
chr1	183015	183016	31	0.1465
chr1	183023	183024	37	0.0531
chr1	183036	183037	40	0.1455
chr1	183043	183044	29	0.1982
chr1	183056	183057	25	0.2695
chr1	183062	183063	20	0.2304
chr1	183065	183066	28	0.1926
chr1	183153	183154	33	0.1033
chr1	183179	183180	36	0.2383
chr1	183213	183214	33	0.1231
chr1	183271	183272	41	0.2263
chr1	183367	183368	18	0.2517
chr1	183369	183370	30	0.1977
chr1	183447	183448	27	0.3216
chr1	183456	183457	35	0.5991
chr1	183466	183467	25	0.5887
chr1	183479	183480	21	0.606
chr1	183490	183491	34	0.7188
chr1	183495	183496	22	0.6184
chr1	183503	183504	30	0.7347
chr1	183506	183507	33	0.713
chr1	183521	183522	28	0.7171
chr1	183595	183596	22	0.6063
chr1	183659	183660	27	0.7327
chr1	183677	183678	26	0.6331
chr1	183701	183702	25	0.5369
chr1	183705	183706	32	0.7525
chr1	183721	183722	30	0.6993
chr1	183819	183820	33	0.6882
chr1	183861	183862	30	0.7685
chr1	183891	183892	31	0.6316
chr1	183897	183898	21	0.6547
chr1	183912	183913	30	0.5907
chr1	183919	183920	32	0.7291
chr1	183925	183926	34	0.7352
chr1	183934	183935	26	0.6311
chr1	183946	183947	31	0.7205
chr1	183947	183948	37	0.6485
chr1	184009	184010	27	0.7078
chr1	184091	184092	27	0.7015
chr1	184109	184110	24	0.8318
chr1	184133	184134	31	0.8073
chr1	184269	184270	32	0.912
chr1	184371	184372	32	0.6699
chr1	184441	184442	29	0.6897
chr1	184465	184466	28	0.8236
chr1	184471	184472	36	0.7319
chr1	184483	184484	18	0.6853
chr1	184488	184489	32	0.7675
chr1	184494	184495	35	0.741
chr1	184504	184505	35	0.6575
chr1	184509	184510	29	0.7035
chr1	184515	184516	24	0.7325
chr1	184553	184554	25	0.6609
chr1	184575	184576	34	0.6401
chr1	184593	184594	29	0.8588
chr1	184609	184610	31	0.8452
chr1	184617	184618	29	0.9404
chr1	184632	184633	31	0.816
chr1	184644	184645	28	0.9693
chr1	184656	184657	36	0.8285
chr1	184659	184660	30	0.9585
chr1	184689	184690	30	0.7658
chr1	184691	184692	26	0.8528
chr1	184749	184750	29	0.9387
chr1	184775	184776	29	0.6733
chr1	184790	184791	29	0.7735
chr1	184799	184800	35	0.5207
chr1	184804	184805	47	0.7002
chr1	184811	184812	26	0.6603
chr1	184816	184817	27	0.6681
chr1	184825	184826	34	0.7264
chr1	184891	184892	18	0.7192
chr1	184895	184896	36	0.7788
chr1	184935	184936	32	0.6905
chr1	184946	184947	28	0.6028
chr1	184954	184955	27	0.7523
chr1	184969	184970	19	0.4742
chr1	184981	184982	31	0.7261
chr1	184986	184987	31	0.704
chr1	185001	185002	37	0.4205
chr1	185103	185104	30	0.635
chr1	185115	185116	24	0.7954
chr1	185121	185122	34	0.8226
chr1	185136	185137	23	0.9398
chr1	185148	185149	31	0.8359
chr1	185161	185162	25	0.798
chr1	185170	185171	22	0.95
chr1	185171	185172	37	0.8916
chr1	185219	185220	32	0.9457
chr1	185223	185224	25	0.8884
chr1	185295	185296	26	0.7687
chr1	185367	185368	38	0.8892
chr1	185377	185378	29	0.8893
chr1	185415	185416	27	0.8872
chr1	185427	185428	29	1.0
chr1	185457	185458	32	0.8236
chr1	185719	185720	28	0.9624
chr1	185766	185767	17	0.5327
chr1	185781	185782	24	0.6642
chr1	185792	185793	36	0.62
chr1	185806	185807	36	0.7318
chr1	185816	185817	34	0.6341
chr1	185831	185832	37	0.6189
chr1	185931	185932	36	0.7873
chr1	185948	185949	28	0.8803
chr1	185961	185962	22	0.884
chr1	185975	185976	32	0.8823
chr1	185987	185988	24	0.9305
chr1	185995	185996	36	1.0
chr1	185998	185999	38	0.888
chr1	186024	186025	26	0.8976
chr1	186078	186079	33	0.9172
chr1	186115	186116	35	0.7384
chr1	186120	186121	36	0.8962
chr1	186130	186131	31	0.9663
chr1	186139	186140	19	1.0
chr1	186146	186147	25	1.0
chr1	186154	186155	34	0.8307
chr1	186161	186162	32	1.0
chr1	186164	186165	22	1.0
chr1	186168	186169	30	0.9769
chr1	186183	186184	34	1.0
chr1	186253	186254	37	0.8448
chr1	186261	186262	30	0.8694
chr1	186293	186294	36	0.8167
chr1	186300	186301	39	0.8227
chr1	186311	186312	22	0.7056
chr1	186317	186318	25	0.6394
chr1	186327	186328	33	0.8506
chr1	186333	186334	20	0.6929
chr1	186344	186345	21	0.8099
chr1	186394	186395	36	0.671
chr1	186420	186421	27	0.7988
chr1	186482	186483	33	0.8023
chr1	186522	186523	28	0.4803
chr1	186529	186530	41	0.8598
chr1	186537	186538	31	0.7567
chr1	186545	186546	18	0.8354
chr1	186560	186561	42	0.4846
chr1	186569	186570	30	0.791
chr1	186574	186575	26	0.7858
chr1	186622	186623	26	0.5493
chr1	186628	186629	34	0.7128
chr1	186636	186637	27	0.5664
chr1	186643	186644	38	0.7689
chr1	186651	186652	22	0.6431
chr1	186663	186664	29	0.8327
chr1	186675	186676	27	0.7351
chr1	186684	186685	35	0.8632
chr1	186689	186690	36	0.8264
chr1	186693	186694	29	0.8276
chr1	186728	186729	24	0.8594
chr1	186812	186813	28	0.8314
chr1	186828	186829	32	0.8277
chr1	186882	186883	25	0.8266
chr1	186884	186885	32	0.6802
chr1	186970	186971	36	0.6264
chr1	186994	186995	32	0.8264
chr1	187108	187109	31	0.8699
chr1	187110	187111	25	0.8246
chr1	187150	187151	30	0.7519
chr1	187184	187185	30	0.841
chr1	187191	187192	24	0.6615
chr1	187206	187207	32	0.702
chr1	187220	187221	34	0.8332
chr1	187225	187226	21	0.7104
chr1	187232	187233	24	0.6059
chr1	187239	187240	35	0.7845
chr1	187242	187243	28	0.7895
chr1	187263	187264	25	0.8171
chr1	187279	187280	17	0.7765
chr1	187331	187332	30	0.5757
chr1	187637	187638	27	0.605
chr1	187647	187648	32	0.722
chr1	187713	187714	28	0.6845
chr1	187715	187716	17	0.8471
chr1	187742	187743	22	0.4977
chr1	187748	187749	28	0.9051
chr1	187757	187758	32	0.7381
chr1	187764	187765	43	0.7094
chr1	187769	187770	31	0.8763
chr1	187777	187778	27	0.8791
chr1	187783	187784	24	0.918
chr1	187794	187795	29	0.7266
chr1	187795	187796	33	0.6922
chr1	187825	187826	27	0.8801
chr1	187837	187838	32	0.8955
chr1	187907	187908	26	0.8204
chr1	187944	187945	33	0.8587
chr1	187950	187951	30	0.7863
chr1	187965	187966	31	0.9245
chr1	187980	187981	28	0.905
chr1	187988	187989	33	0.7235
chr1	187994	187995	34	0.8917
chr1	188022	188023	25	0.9627
chr1	188096	188097	30	0.8885
chr1	188104	188105	31	0.9209
chr1	188153	188154	25	0.8707
chr1	188157	188158	31	0.8238
chr1	188162	188163	26	0.8548
chr1	188177	188178	28	0.9374
chr1	188180	188181	35	0.6553
chr1	188187	188188	34	0.9136
chr1	188194	188195	20	0.8694
chr1	188202	188203	30	0.7911
chr1	188203	188204	34	0.7715
chr1	188231	188232	26	0.888
chr1	188247	188248	30	0.7748
chr1	188253	188254	23	0.9173
chr1	188280	188281	30	0.8527
chr1	188292	188293	28	0.8118
chr1	188298	188299	30	0.8826
chr1	188301	188302	19	0.891
chr1	188308	188309	34	0.8418
chr1	188314	188315	31	0.83
chr1	188317	188318	38	0.866
chr1	188326	188327	30	0.8768
chr1	188330	188331	33	0.8288
chr1	188374	188375	25	0.8373
chr1	188381	188382	29	1.0
chr1	188391	188392	30	0.869
chr1	188406	188407	39	0.9804
chr1	188412	188413	22	1.0
chr1	188422	188423	25	0.9715
chr1	188430	188431	25	0.8822
chr1	188433	188434	25	0.8902
chr1	188449	188450	28	0.9899
chr1	188470	188471	36	0.9999
chr1	188588	188589	39	0.8882
chr1	188718	188719	23	0.9251
chr1	188760	188761	29	0.9061
chr1	188836	188837	33	0.9076
chr1	188850	188851	25	0.8676
chr1	188902	188903	28	0.8261
chr1	188923	188924	32	0.6956
chr1	188928	188929	23	0.6674
chr1	188938	188939	27	0.6233
chr1	188946	188947	37	0.6551
chr1	188953	188954	33	0.5683
chr1	188963	188964	29	0.7968
chr1	188972	188973	27	0.5315
chr1	188973	188974	28	0.7483
chr1	189000	189001	22	0.8288
chr1	189048	189049	26	0.597
chr1	189050	189051	39	0.6303
chr1	189100	189101	34	0.8462
chr1	189107	189108	25	0.8216
chr1	189115	189116	31	0.9888
chr1	189123	189124	25	1.0
chr1	189131	189132	25	0.9769
chr1	189140	189141	23	0.8598
chr1	189146	189147	29	0.9514
chr1	189150	189151	31	0.8625
chr1	189248	189249	38	0.8389
chr1	189291	189292	31	0.0636
chr1	189296	189297	40	0.0993
chr1	189301	189302	25	0.126
chr1	189311	189312	26	0.0555
chr1	189319	189320	26	0.0102
chr1	189333	189334	32	0.1281
chr1	189341	189342	24	0.0051
chr1	189369	189370	21	0.0399
chr1	189401	189402	24	0.2235
chr1	189469	189470	26	0.1276
chr1	189500	189501	36	0.5816
chr1	189506	189507	22	0.7021
chr1	189512	189513	31	0.6556
chr1	189519	189520	26	0.6455
chr1	189531	189532	27	0.7051
chr1	189545	189546	31	0.7481
chr1	189556	189557	34	0.6389
chr1	189575	189576	27	0.5058
chr1	189609	189610	32	0.6741
chr1	189617	189618	27	0.4481
chr1	189647	189648	23	0.7424
chr1	189652	189653	39	0.7988
chr1	189662	189663	29	0.7674
chr1	189667	189668	22	0.8492
chr1	189671	189672	26	0.9072
chr1	189677	189678	37	0.7749
chr1	189683	189684	27	0.9274
chr1	189686	189687	29	0.7402
chr1	189694	189695	29	0.6933
chr1	189699	189700	28	0.6915
chr1	189736	189737	37	0.8127
chr1	189742	189743	32	0.8003
chr1	189755	189756	26	0.7736
chr1	189764	189765	14	0.8229
chr1	189770	189771	32	0.7415
chr1	189779	189780	29	0.7115
chr1	189786	189787	36	0.6494
chr1	189790	189791	33	0.6587
chr1	189800	189801	33	0.6578
chr1	189810	189811	33	0.7079
chr1	189860	189861	36	0.6202
chr1	189886	189887	27	0.7599
chr1	189920	189921	31	0.6759
chr1	189935	189936	36	0.7781
chr1	189943	189944	20	0.7789
chr1	189953	189954	30	0.827
chr1	189957	189958	21	0.6121
chr1	189965	189966	34	0.7338
chr1	189970	189971	27	0.811
chr1	189985	189986	31	0.7776
chr1	189988	189989	25	0.8622
chr1	190014	190015	15	0.7203
chr1	190092	190093	29	0.6431
chr1	190106	190107	26	0.6256
chr1	190144	190145	26	0.0817
chr1	190152	190153	19	0.0703
chr1	190166	190167	25	0.0
chr1	190179	190180	36	0.1154
chr1	190188	190189	33	0.1133
chr1	190191	190192	35	0.0126
chr1	190194	190195	35	0.0996
chr1	190222	190223	31	0.0436
chr1	190272	190273	23	0.106
chr1	190277	190278	29	0.247
chr1	190290	190291	25	0.2118
chr1	190298	190299	35	0.3123
chr1	190306	190307	33	0.1667
chr1	190317	190318	18	0.2289
chr1	190323	190324	15	0.3045
chr1	190327	190328	34	0.2742
chr1	190358	190359	28	0.092
chr1	190416	190417	31	0.1059
chr1	190422	190423	31	0.1188
chr1	190428	190429	36	0.1322
chr1	190474	190475	25	0.1474
chr1	190578	190579	26	0.1684
chr1	190682	190683	28	0.2957
chr1	190688	190689	37	0.2684
chr1	190742	190743	26	0.1968
chr1	190759	190760	28	0.7489
chr1	190767	190768	34	0.75
chr1	190776	190777	41	0.7087
chr1	190780	190781	31	0.8956
chr1	190791	190792	38	0.7644
chr1	190796	190797	17	0.6848
chr1	190806	190807	24	0.6854
chr1	190813	190814	34	0.7954
chr1	190830	190831	26	0.7721
chr1	190872	190873	30	0.6352
chr1	190901	190902	24	0.5525
chr1	190909	190910	33	0.6194
chr1	190920	190921	31	0.6308
chr1	190930	190931	30	0.4498
chr1	190935	190936	31	0.662
chr1	190950	190951	31	0.5559
chr1	190951	190952	39	0.4994
chr1	190979	190980	30	0.7142
chr1	191001	191002	31	0.6291
chr1	191024	191025	26	0.1226
chr1	191038	191039	39	0.2368
chr1	191044	191045	37	0.226
chr1	191048	191049	30	0.2256
chr1	191063	191064	30	0.0692
chr1	191074	191075	24	0.2809
chr1	191118	191119	27	0.4006
chr1	191210	191211	22	0.2297
chr1	191212	191213	33	0.1343
chr1	191230	191231	24	0.7445
chr1	191238	191239	38	0.8959
chr1	191251	191252	27	0.4609
chr1	191261	191262	29	0.5222
chr1	191267	191268	22	0.6925
chr1	191274	191275	23	0.8575
chr1	191279	191280	34	0.5111
chr1	191280	191281	29	0.6848
chr1	191308	191309	23	0.6273
chr1	191422	191423	42	0.7628
chr1	191440	191441	29	0.8298
chr1	191445	191446	29	0.8803
chr1	191452	191453	32	0.9685
chr1	191456	191457	37	0.8866
chr1	191463	191464	25	0.8559
chr1	191467	191468	31	0.9601
chr1	191473	191474	39	0.9055
chr1	191483	191484	36	0.789
chr1	191490	191491	25	0.8514
chr1	191530	191531	37	0.9542
chr1	191540	191541	30	0.8273
chr1	191572	191573	31	0.7877
chr1	191578	191579	27	0.8585
chr1	191588	191589	28	0.6932
chr1	191601	191602	30	0.7378
chr1	191606	191607	26	0.7189
chr1	191615	191616	25	0.8734
chr1	191621	191622	24	0.9711
chr1	191624	191625	29	0.8046
chr1	191653	191654	25	0.8682
chr1	191665	191666	24	0.6499
chr1	191743	191744	26	0.7891
chr1	191748	191749	36	0.0978
chr1	191757	191758	27	0.0
chr1	191765	191766	24	0.177
chr1	191780	191781	34	0.0
chr1	191784	191785	27	0.1388
chr1	191793	191794	33	0.05
chr1	191796	191797	24	0.1184
chr1	191798	191799	30	0.0048
chr1	191833	191834	29	0.2224
chr1	191993	191994	33	0.084
chr1	191995	191996	26	0.0861
chr1	192125	192126	26	0.1611
chr1	192167	192168	28	0.1154
chr1	192215	192216	30	0.05
chr1	192217	192218	27	0.1358
chr1	192245	192246	23	0.1335
chr1	192284	192285	37	0.6874
chr1	192299	192300	27	0.8365
chr1	192304	192305	38	0.8388
chr1	192311	192312	35	0.8349
chr1	192319	192320	23	0.7331
chr1	192325	192326	34	0.8961
chr1	192334	192335	26	0.8532
chr1	192366	192367	24	0.8536
chr1	192446	192447	27	0.5623
chr1	192458	192459	30	0.6426
chr1	192495	192496	31	0.8971
chr1	192500	192501	30	0.9334
chr1	192506	192507	24	0.9609
chr1	192512	192513	27	0.8328
chr1	192523	192524	36	0.9863
chr1	192529	192530	27	0.881
chr1	192537	192538	30	0.9278
chr1	192540	192541	32	0.9799
chr1	192546	192547	32	1.0
chr1	192553	192554	32	0.9063
chr1	192573	192574	24	0.8616
chr1	192590	192591	29	0.9762
chr1	192634	192635	37	0.8989
chr1	192658	192659	32	0.868
chr1	192693	192694	34	0.8477
chr1	192708	192709	34	0.7684
chr1	192715	192716	33	0.9108
chr1	192722	192723	25	0.7411
chr1	192727	192728	31	0.7221
chr1	192735	192736	30	0.7895
chr1	192740	192741	25	0.7572
chr1	192743	192744	31	0.8108
chr1	192788	192789	30	0.9333
chr1	192830	192831	23	0.9408
chr1	192839	192840	35	0.6603
chr1	192848	192849	25	0.7928
chr1	192852	192853	24	0.771
chr1	192856	192857	21	0.8527
chr1	192861	192862	31	0.8933
chr1	192866	192867	27	0.7902
chr1	192871	192872	30	0.8745
chr1	192876	192877	28	0.6156
chr1	192881	192882	26	0.6725
chr1	192889	192890	24	0.6418
chr1	192916	192917	23	0.6571
chr1	193042	193043	23	0.7269
chr1	193060	193061	27	0.8436
chr1	193148	193149	34	0.8453
chr1	193174	193175	27	0.6512
chr1	193332	193333	40	0.7329
chr1	193334	193335	35	0.7865
chr1	193376	193377	32	0.6835
chr1	193409	193410	28	0.8508
chr1	193413	193414	31	1.0
chr1	193427	193428	25	0.9824
chr1	193436	193437	35	0.8981
chr1	193445	193446	27	0.7444
chr1	193456	193457	16	0.8218
chr1	193459	193460	28	0.8856
chr1	193490	193491	29	0.7523
chr1	193505	193506	28	0.9621
chr1	193591	193592	32	0.7998
chr1	193638	193639	28	0.4922
chr1	193641	193642	27	0.6107
chr1	193656	193657	33	0.7277
chr1	193671	193672	28	0.7916
chr1	193677	193678	32	0.7251
chr1	193687	193688	29	0.5794
chr1	193688	193689	33	0.6392
chr1	193715	193716	26	0.7495
chr1	193737	193738	25	0.534
chr1	193745	193746	32	0.661
chr1	193837	193838	39	0.8367
chr1	193872	193873	30	0.2063
chr1	193880	193881	30	0.1247
chr1	193887	193888	35	0.0484
chr1	193900	193901	25	0.2753
chr1	193915	193916	34	0.0897
chr1	193922	193923	23	0.1058
chr1	194014	194015	28	0.1354
chr1	194034	194035	32	0.83
chr1	194039	194040	16	0.9089
chr1	194050	194051	25	0.7605
chr1	194057	194058	36	0.8042
chr1	194068	194069	31	0.6992
chr1	194076	194077	37	0.8029
chr1	194082	194083	26	0.9639
chr1	194084	194085	32	0.8942
chr1	194125	194126	21	0.8528
chr1	194175	194176	38	0.8865
chr1	194197	194198	23	0.0865
chr1	194206	194207	32	0.1455
chr1	194215	194216	33	0.0207
chr1	194228	194229	30	0.0343
chr1	194238	194239	32	0.1453
chr1	194241	194242	34	0.05
chr1	194251	194252	38	0.0
chr1	194279	194280	23	0.245
chr1	194285	194286	30	0.1733
chr1	194329	194330	33	0.1227
chr1	194348	194349	30	0.796
chr1	194353	194354	31	0.9162
chr1	194361	194362	21	0.9993
chr1	194371	194372	28	0.7921
chr1	194385	194386	47	0.8334
chr1	194397	194398	27	0.9451
chr1	194398	194399	34	0.9
chr1	194424	194425	28	0.7701
chr1	194466	194467	33	0.7701
chr1	194516	194517	35	0.6412
chr1	194538	194539	37	0.7121
chr1	194542	194543	27	0.7313
chr1	194551	194552	22	0.7075
chr1	194557	194558	35	0.7824
chr1	194561	194562	39	0.7327
chr1	194573	194574	33	0.6215
chr1	194581	194582	21	0.62
chr1	194588	194589	39	0.6485
chr1	194646	194647	24	0.6763
chr1	194660	194661	29	0.603
chr1	194668	194669	39	0.5964
chr1	194676	194677	36	0.6577
chr1	194683	194684	29	0.6574
chr1	194692	194693	38	0.452
chr1	194700	194701	15	0.5849
chr1	194707	194708	22	0.6307
chr1	194713	194714	33	0.6218
chr1	194763	194764	31	0.5183
chr1	194833	194834	28	0.6362
chr1	194842	194843	29	0.4716
chr1	194853	194854	34	0.6955
chr1	194857	194858	23	0.7266
chr1	194863	194864	34	0.592
chr1	194870	194871	27	0.7423
chr1	194876	194877	31	0.8748
chr1	194884	194885	25	0.6449
chr1	194888	194889	34	0.7554
chr1	194894	194895	24	0.6013
chr1	194896	194897	32	0.5652
chr1	194919	194920	17	0.7698
chr1	194929	194930	34	0.6808
chr1	194935	194936	27	0.746
chr1	195013	195014	38	0.8495
chr1	195087	195088	25	0.7961
chr1	195097	195098	33	0.641
chr1	195107	195108	24	0.7821
chr1	195199	195200	30	0.6769
chr1	195263	195264	34	0.5872
chr1	195317	195318	26	0.6378
chr1	195397	195398	28	0.6512
chr1	195443	195444	24	0.3838
chr1	195447	195448	30	0.2755
chr1	195453	195454	30	0.0263
chr1	195462	195463	34	0.3592
chr1	195471	195472	26	0.2841
chr1	195474	195475	27	0.24
chr1	195489	195490	21	0.124
chr1	195497	195498	29	0.307
chr1	195500	195501	26	0.1911
chr1	195515	195516	33	0.1842
chr1	195555	195556	30	0.2841
chr1	195601	195602	22	0.2007
chr1	195615	195616	26	0.4998
chr1	195621	195622	34	0.6335
chr1	195627	195628	28	0.5084
chr1	195634	195635	30	0.5914
chr1	195645	195646	33	0.6243
chr1	195656	195657	27	0.5806
chr1	195665	195666	23	0.7769
chr1	195683	195684	26	0.6162
chr1	195721	195722	31	0.7465
chr1	195748	195749	21	0.8512
chr1	195755	195756	32	0.9123
chr1	195760	195761	29	0.7765
chr1	195771	195772	32	0.7919
chr1	195779	195780	35	0.7744
chr1	195794	195795	36	0.7538
chr1	195800	195801	29	0.8684
chr1	195817	195818	22	0.7759
chr1	195845	195846	28	0.7914
chr1	195907	195908	20	0.7887
chr1	195936	195937	26	0.7039
chr1	195949	195950	27	0.5779
chr1	195955	195956	33	0.7319
chr1	195960	195961	31	0.7322
chr1	195966	195967	29	0.7395
chr1	195972	195973	33	0.7455
chr1	195980	195981	25	0.9559
chr1	195986	195987	31	0.7864
chr1	196012	196013	35	0.8539
chr1	196016	196017	29	0.7864
chr1	196044	196045	33	0.7384
chr1	196050	196051	24	0.5434
chr1	196058	196059	27	0.6507
chr1	196062	196063	32	0.5394
chr1	196071	196072	28	0.7238
chr1	196080	196081	32	0.641
chr1	196091	196092	31	0.8051
chr1	196100	196101	32	0.7645
chr1	196119	196120	29	0.4409
chr1	196145	196146	32	0.689
chr1	196215	196216	21	0.7077
chr1	196237	196238	20	0.7819
chr1	196279	196280	26	0.7238
chr1	196286	196287	31	0.7499
chr1	196296	196297	32	0.7288
chr1	196300	196301	25	0.6334
chr1	196307	196308	26	0.7757
chr1	196318	196319	27	0.7837
chr1	196325	196326	26	0.6231
chr1	196331	196332	32	0.7779
chr1	196333	196334	34	0.5821
chr1	196375	196376	23	0.539
chr1	196457	196458	35	0.6406
chr1	196502	196503	32	0.6275
chr1	196510	196511	31	0.9161
chr1	196518	196519	17	0.6862
chr1	196525	196526	32	0.6645
chr1	196532	196533	25	0.6997
chr1	196538	196539	34	0.6753
chr1	196546	196547	26	0.6828
chr1	196550	196551	31	0.755
chr1	196553	196554	35	0.8383
chr1	196590	196591	32	0.6573
chr1	196682	196683	38	0.6278
chr1	196722	196723	28	0.8735
chr1	196728	196729	37	0.8642
chr1	196740	196741	32	0.8482
chr1	196748	196749	31	0.8369
chr1	196756	196757	40	0.8192
chr1	196766	196767	27	0.88
chr1	196772	196773	37	0.9611
chr1	196792	196793	27	0.941
chr1	196814	196815	23	0.8811
chr1	196844	196845	33	0.8618
chr1	196870	196871	33	0.8759
chr1	196901	196902	42	0.6278
chr1	196916	196917	37	0.5913
chr1	196930	196931	26	0.5655
chr1	196936	196937	32	0.8188
chr1	196939	196940	28	0.666
chr1	196947	196948	23	0.607
chr1	196952	196953	28	0.6398
chr1	196981	196982	36	0.7969
chr1	197000	197001	31	0.7387
chr1	197088	197089	32	0.6389
chr1	197126	197127	30	0.7369
chr1	197136	197137	32	0.8616
chr1	197143	197144	26	0.8284
chr1	197152	197153	33	0.8381
chr1	197157	197158	35	0.8694
chr1	197163	197164	31	0.6447
chr1	197176	197177	31	0.7591
chr1	197204	197205	23	0.792
chr1	197223	197224	28	0.7024
chr1	197237	197238	28	0.7396
chr1	197259	197260	42	0.7419
chr1	197308	197309	30	0.815
chr1	197312	197313	29	0.8065
chr1	197320	197321	25	0.6158
chr1	197328	197329	32	0.746
chr1	197337	197338	30	0.7416
chr1	197344	197345	32	0.6273
chr1	197350	197351	39	0.8366
chr1	197358	197359	31	0.7114
chr1	197385	197386	43	0.7233
chr1	197431	197432	26	0.878
chr1	197660	197661	27	0.9811
chr1	197671	197672	28	0.894
chr1	197678	197679	34	0.9493
chr1	197688	197689	28	0.9757
chr1	197696	197697	24	0.8597
chr1	197699	197700	38	0.9974
chr1	197706	197707	25	0.8794
chr1	197710	197711	30	0.8467
chr1	197774	197775	27	0.7988
chr1	197800	197801	29	0.9841
chr1	197821	197822	31	0.7014
chr1	197825	197826	33	0.9306
chr1	197834	197835	36	0.7577
chr1	197839	197840	32	0.8368
chr1	197843	197844	27	0.7947
chr1	197847	197848	34	0.8495
chr1	197858	197859	22	0.8949
chr1	197868	197869	26	0.7613
chr1	197873	197874	31	0.8888
chr1	197874	197875	29	0.8519
chr1	197889	197890	24	0.7722
chr1	197957	197958	23	0.9002
chr1	197998	197999	19	0.5399
chr1	198006	198007	36	0.6007
chr1	198014	198015	26	0.8588
chr1	198018	198019	34	0.2937
chr1	198023	198024	27	0.678
chr1	198032	198033	34	0.3631
chr1	198040	198041	25	0.6438
chr1	198049	198050	26	0.7515
chr1	198089	198090	36	0.4834
chr1	198126	198127	28	0.5847
chr1	198135	198136	25	0.2023
chr1	198140	198141	39	0.2716
chr1	198149	198150	38	0.1219
chr1	198156	198157	29	0.0742
chr1	198160	198161	36	0.1829
chr1	198169	198170	34	0.1787
chr1	198179	198180	32	0.2538
chr1	198185	198186	26	0.1905
chr1	198208	198209	23	0.2611
chr1	198229	198230	27	0.1848
chr1	198367	198368	25	0.1354
chr1	198399	198400	26	0.1875
chr1	198425	198426	28	0.2707
chr1	198617	198618	33	0.1663
chr1	198635	198636	27	0.0251
chr1	198666	198667	37	0.7492
chr1	198681	198682	30	0.8186
chr1	198686	198687	34	0.5994
chr1	198692	198693	37	0.6804
chr1	198701	198702	28	0.7504
chr1	198708	198709	22	0.7875
chr1	198713	198714	33	0.6956
chr1	198716	198717	27	0.7307
chr1	198741	198742	20	0.6698
chr1	198765	198766	29	0.789
chr1	198807	198808	21	0.6781
chr1	198856	198857	32	0.6642
chr1	198863	198864	28	0.542
chr1	198869	198870	30	0.6399
chr1	198880	198881	30	0.6824
chr1	198885	198886	23	0.6802
chr1	198893	198894	35	0.7564
chr1	198904	198905	30	0.7502
chr1	198911	198912	31	0.6726
chr1	198961	198962	33	0.7604
chr1	198983	198984	32	0.6335
chr1	199016	199017	35	0.7953
chr1	199030	199031	27	0.7224
chr1	199045	199046	25	0.7968
chr1	199053	199054	31	0.7645
chr1	199068	199069	37	0.9637
chr1	199072	199073	27	0.9331
chr1	199106	199107	24	0.7859
chr1	199124	199125	31	0.8578
chr1	199172	199173	31	0.7581
chr1	199197	199198	31	0.8646
chr1	199211	199212	25	0.8731
chr1	199217	199218	25	0.9689
chr1	199225	199226	30	0.9718
chr1	199240	199241	29	0.9097
chr1	199247	199248	37	1.0
chr1	199271	199272	36	1.0
chr1	199305	199306	30	0.8437
chr1	199353	199354	33	0.8616
chr1	199402	199403	36	0.352
chr1	199412	199413	36	0.5648
chr1	199423	199424	31	1.0
chr1	199430	199431	25	0.4444
chr1	199442	199443	29	0.922
chr1	199447	199448	27	0.8275
chr1	199452	199453	29	1.0
chr1	199467	199468	30	0.6759
chr1	199471	199472	26	0.9293
chr1	199525	199526	26	0.8009
chr1	199563	199564	37	0.534
chr1	199569	199570	27	0.5234
chr1	199576	199577	32	0.6258
chr1	199584	199585	33	0.6546
chr1	199588	199589	33	0.6641
chr1	199602	199603	32	0.7632
chr1	199610	199611	26	0.7637
chr1	199613	199614	40	0.6118
chr1	199636	199637	26	0.5429
chr1	199706	199707	36	0.6998
chr1	199712	199713	31	0.6418
chr1	199741	199742	31	0.6187
chr1	199744	199745	17	0.7438
chr1	199749	199750	35	0.6071
chr1	199764	199765	38	0.7075
chr1	199772	199773	26	0.5363
chr1	199787	199788	31	0.6167
chr1	199793	199794	18	0.6472
chr1	199831	199832	29	0.4824
chr1	199889	199890	29	0.5994
chr1	199935	199936	25	0.6426
chr1	199939	199940	24	0.8768
chr1	199948	199949	29	0.8605
chr1	199963	199964	27	0.8391
chr1	199975	199976	27	0.7716
chr1	199985	199986	32	0.8238
chr1	200030	200031	23	0.8229
chr1	200076	200077	24	0.6788
chr1	200078	200079	26	0.702
chr1	200087	200088	34	0.8101
chr1	200094	200095	24	0.8961
chr1	200101	200102	29	0.8682
chr1	200108	200109	28	1.0
chr1	200117	200118	31	0.7865
chr1	200128	200129	30	0.9087
chr1	200131	200132	42	1.0
chr1	200137	200138	34	0.8898
chr1	200156	200157	31	0.8168
chr1	200186	200187	32	0.9118
chr1	200244	200245	31	0.9034
chr1	200248	200249	33	0.9542
chr1	200312	200313	36	0.8669
chr1	200362	200363	27	0.9126
chr1	200414	200415	29	0.9514
chr1	200478	200479	31	0.8759
chr1	200526	200527	28	0.896
chr1	200576	200577	36	0.8684
chr1	200676	200677	31	0.9895
chr1	200696	200697	32	0.7834
chr1	200703	200704	31	0.7027
chr1	200708	200709	21	0.6831
chr1	200714	200715	36	0.7284
chr1	200720	200721	32	0.5442
chr1	200725	200726	35	0.7325
chr1	200737	200738	24	0.6714
chr1	200745	200746	24	0.6578
chr1	200747	200748	34	0.6735
chr1	200797	200798	33	0.708
chr1	200833	200834	27	0.6631
chr1	200873	200874	30	0.8796
chr1	200883	200884	24	0.7937
chr1	200891	200892	33	0.7815
chr1	200906	200907	30	0.6547
chr1	200911	200912	30	0.789
chr1	200917	200918	35	0.7627
chr1	200922	200923	31	0.7061
chr1	200923	200924	31	0.7997
chr1	200971	200972	39	0.7064
chr1	201023	201024	24	0.8437
chr1	201039	201040	25	0.7374
chr1	201048	201049	25	0.6394
chr1	201053	201054	29	0.6026
chr1	201056	201057	35	0.6504
chr1	201066	201067	35	0.5712
chr1	201070	201071	32	0.5648
chr1	201078	201079	25	0.5805
chr1	201081	201082	26	0.7896
chr1	201089	201090	27	0.5741
chr1	201173	201174	22	0.7407
chr1	201193	201194	27	0.6879
chr1	201201	201202	23	0.599
chr1	201207	201208	25	0.4961
chr1	201214	201215	19	0.6888
chr1	201222	201223	34	0.6726
chr1	201234	201235	32	0.6784
chr1	201244	201245	31	0.6685
chr1	201294	201295	38	0.6248
chr1	201344	201345	30	0.7827
chr1	201350	201351	24	0.07
chr1	201359	201360	38	0.2346
chr1	201367	201368	29	0.193
chr1	201376	201377	25	0.0909
chr1	201387	201388	24	0.2694
chr1	201400	201401	31	0.2038
chr1	201415	201416	28	0.1424
chr1	201431	201432	31	0.1066
chr1	201701	201702	27	0.156
chr1	201775	201776	38	0.1052
chr1	201803	201804	31	0.3404
chr1	201813	201814	26	0.2343
chr1	201845	201846	28	0.2952
chr1	201859	201860	36	0.2347
chr1	201873	201874	31	0.2352
chr1	201887	201888	27	0.3007
chr1	201892	201893	26	0.5818
chr1	201898	201899	22	0.557
chr1	201906	201907	29	0.5643
chr1	201917	201918	34	0.4439
chr1	201922	201923	27	0.494
chr1	201930	201931	23	0.5541
chr1	201943	201944	42	0.5577
chr1	201979	201980	25	0.7245
chr1	202171	202172	27	0.6755
chr1	202181	202182	33	0.5479
chr1	202271	202272	27	0.558
chr1	202339	202340	27	0.5152
chr1	202377	202378	32	0.6074
chr1	202385	202386	25	0.6639
chr1	202411	202412	24	0.7128
chr1	202433	202434	26	0.6482
chr1	202440	202441	26	0.2587
chr1	202449	202450	33	0.0303
chr1	202454	202455	25	0.1133
chr1	202466	202467	27	0.1789
chr1	202476	202477	32	0.0
chr1	202481	202482	25	0.1117
chr1	202485	202486	30	0.1006
chr1	202490	202491	38	0.1846
chr1	202521	202522	33	0.2223
chr1	202555	202556	30	0.1042
chr1	202565	202566	25	0.0126
chr1	202621	202622	24	0.2024
chr1	202691	202692	35	0.1036
chr1	202777	202778	27	0.2308
chr1	202839	202840	31	0.1414
chr1	202851	202852	28	0.1241
chr1	202995	202996	34	0.1418
chr1	202999	203000	20	0.1744
chr1	203005	203006	30	0.0473
chr1	203013	203014	29	0.843
chr1	203020	203021	28	0.8985
chr1	203029	203030	33	0.8341
chr1	203033	203034	24	0.901
chr1	203048	203049	26	0.8223
chr1	203052	203053	26	0.7905
chr1	203063	203064	36	0.8097
chr1	203064	203065	30	0.7973
chr1	203114	203115	26	0.9288
chr1	203132	203133	28	0.8771
chr1	203300	203301	33	0.8382
chr1	203316	203317	27	0.7543
chr1	203330	203331	34	0.6114
chr1	203348	203349	29	0.9116
chr1	203610	203611	25	0.6202
chr1	203652	203653	33	0.7603
chr1	203661	203662	24	0.5491
chr1	203664	203665	33	0.7471
chr1	203675	203676	33	0.604
chr1	203688	203689	31	0.7501
chr1	203695	203696	23	0.7125
chr1	203702	203703	33	0.7454
chr1	203718	203719	21	0.6681
chr1	203742	203743	33	0.7349
chr1	203842	203843	32	0.8558
chr1	203857	203858	23	0.0
chr1	203866	203867	35	0.0
chr1	203870	203871	29	0.1516
chr1	203880	203881	30	0.071
chr1	203890	203891	35	0.0243
chr1	203895	203896	30	0.0304
chr1	203900	203901	33	0.0135
chr1	203907	203908	31	0.1636
chr1	203935	203936	25	0.0
chr1	203977	203978	30	0.0674
chr1	203993	203994	29	0.0
chr1	203999	204000	29	0.0
chr1	204006	204007	28	0.0818
chr1	204014	204015	22	0.0004
chr1	204029	204030	30	0.1158
chr1	204044	204045	27	0.0333
chr1	204046	204047	27	0.0124
chr1	204061	204062	25	0.1684
chr1	204077	204078	31	0.0751
chr1	204097	204098	24	0.1096
chr1	204101	204102	27	0.0885
chr1	204111	204112	24	0.8807
chr1	204114	204115	32	0.8536
chr1	204123	204124	29	0.7104
chr1	204129	204130	31	0.9089
chr1	204141	204142	26	0.8367
chr1	204150	204151	33	0.6703
chr1	204158	204159	32	0.8717
chr1	204162	204163	24	0.8111
chr1	204167	204168	24	0.6283
chr1	204191	204192	37	0.8362
chr1	204209	204210	31	0.7221
chr1	204247	204248	27	0.8602
chr1	204256	204257	40	0.2389
chr1	204271	204272	30	0.2212
chr1	204281	204282	38	0.2459
chr1	204296	204297	33	0.0371
chr1	204303	204304	31	0.3287
chr1	204306	204307	28	0.153
chr1	204327	204328	38	0.3086
chr1	204343	204344	27	0.3105
chr1	204557	204558	23	0.4187
chr1	204625	204626	19	0.3265
chr1	204667	204668	20	0.2587
chr1	204701	204702	43	0.2396
chr1	204717	204718	34	0.2336
chr1	204726	204727	29	0.4515
chr1	204737	204738	38	0.4541
chr1	204742	204743	31	0.5985
chr1	204747	204748	26	0.6383
chr1	204756	204757	23	0.7621
chr1	204760	204761	37	0.7269
chr1	204764	204765	37	0.6938
chr1	204776	204777	32	0.6979
chr1	204808	204809	20	0.607
chr1	204902	204903	40	0.6997
chr1	204922	204923	27	0.5235
chr1	204956	204957	27	0.543
chr1	205004	205005	27	0.573
chr1	205228	205229	30	0.5391
chr1	205234	205235	24	0.6005
chr1	205290	205291	28	0.8437
chr1	205307	205308	29	0.1095
chr1	205311	205312	28	0.2259
chr1	205319	205320	29	0.1431
chr1	205332	205333	27	0.3329
chr1	205344	205345	27	0.3279
chr1	205353	205354	34	0.2637
chr1	205359	205360	30	0.0336
chr1	205374	205375	25	0.3409
chr1	205414	205415	32	0.2882
chr1	205430	205431	36	0.0897
chr1	205443	205444	22	0.9198
chr1	205450	205451	28	0.929
chr1	205455	205456	33	0.9148
chr1	205466	205467	16	0.8787
chr1	205480	205481	36	0.8823
chr1	205485	205486	37	0.9661
chr1	205498	205499	27	0.7935
chr1	205500	205501	30	0.9231
chr1	205542	205543	30	0.8569
chr1	205550	205551	24	0.9376
chr1	205558	205559	34	1.0
chr1	205566	205567	29	0.9505
chr1	205572	205573	17	0.7715
chr1	205581	205582	36	0.7824
chr1	205592	205593	19	0.6711
chr1	205603	205604	33	0.7518
chr1	205608	205609	32	0.9797
chr1	205631	205632	22	0.9538
chr1	205633	205634	29	0.8437
chr1	205869	205870	33	0.8228
chr1	205899	205900	38	0.7099
chr1	205945	205946	26	0.7636
chr1	205979	205980	32	0.9516
chr1	206015	206016	36	0.9314
chr1	206035	206036	25	0.8627
chr1	206037	206038	42	0.7013
chr1	206041	206042	27	0.9229
chr1	206045	206046	37	0.8338
chr1	206086	206087	30	0.6577
chr1	206095	206096	34	0.7368
chr1	206105	206106	22	0.6951
chr1	206111	206112	27	0.8302
chr1	206116	206117	32	0.6583
chr1	206123	206124	30	0.7477
chr1	206131	206132	33	0.656
chr1	206136	206137	30	0.7642
chr1	206151	206152	31	0.7734
chr1	206215	206216	27	0.8368
chr1	206261	206262	29	0.6635
chr1	206267	206268	32	0.6969
chr1	206274	206275	25	0.7511
chr1	206278	206279	25	0.6896
chr1	206293	206294	29	0.942
chr1	206303	206304	36	0.8908
chr1	206318	206319	28	0.5478
chr1	206361	206362	30	0.7635
chr1	206445	206446	38	0.841
chr1	206455	206456	33	0.8102
chr1	206465	206466	28	0.8895
chr1	206473	206474	28	0.8386
chr1	206483	206484	36	0.8059
chr1	206491	206492	34	0.818
chr1	206505	206506	28	0.7857
chr1	206511	206512	28	0.7932
chr1	206516	206517	34	0.7572
chr1	206518	206519	26	0.6803
chr1	206544	206545	28	0.7795
chr1	206584	206585	35	0.9404
chr1	206622	206623	32	0.8595
chr1	206637	206638	32	0.8326
chr1	206646	206647	29	0.6013
chr1	206652	206653	35	0.5395
chr1	206663	206664	29	0.6212
chr1	206677	206678	33	0.6052
chr1	206681	206682	30	0.6254
chr1	206686	206687	27	0.6404
chr1	206687	206688	22	0.6397
chr1	206712	206713	35	0.7537
chr1	206728	206729	25	0.8158
chr1	206790	206791	36	0.7573
chr1	206832	206833	26	0.9659
chr1	206845	206846	27	1.0
chr1	206859	206860	25	0.8827
chr1	206867	206868	32	0.9125
chr1	206870	206871	39	0.8855
chr1	206876	206877	31	1.0
chr1	206881	206882	32	0.853
chr1	206882	206883	24	1.0
chr1	206942	206943	24	0.9535
chr1	206962	206963	27	0.8477
chr1	206967	206968	28	0.8946
chr1	206982	206983	38	0.9477
chr1	206993	206994	30	0.6686
chr1	207000	207001	27	0.8636
chr1	207015	207016	31	0.8397
chr1	207017	207018	31	0.852
chr1	207060	207061	23	0.7984
chr1	207084	207085	34	0.8139
chr1	207122	207123	27	0.8255
chr1	207152	207153	24	0.9055
chr1	207200	207201	27	0.8704
chr1	207370	207371	28	0.8765
chr1	207440	207441	27	0.7494
chr1	207490	207491	24	0.7552
chr1	207523	207524	25	0.7125
chr1	207538	207539	28	1.0
chr1	207545	207546	31	0.8286
chr1	207557	207558	36	0.8248
chr1	207572	207573	34	0.9236
chr1	207576	207577	21	0.793
chr1	207595	207596	27	0.8961
chr1	207597	207598	29	0.823
chr1	207661	207662	24	0.8844
chr1	207675	207676	30	0.8539
chr1	207680	207681	31	0.7277
chr1	207689	207690	33	0.808
chr1	207699	207700	26	0.7344
chr1	207706	207707	34	0.8627
chr1	207714	207715	30	0.7056
chr1	207725	207726	30	0.7751
chr1	207748	207749	35	0.7947
chr1	207808	207809	36	0.8111
chr1	207832	207833	31	0.8125
chr1	207882	207883	31	0.6061
chr1	207887	207888	32	0.8905
chr1	207895	207896	31	0.8282
chr1	207906	207907	33	0.8494
chr1	207919	207920	28	0.7959
chr1	207929	207930	27	0.5959
chr1	207932	207933	19	0.8908
chr1	207956	207957	32	0.7762
chr1	208020	208021	20	0.8333
chr1	208027	208028	22	0.7567
chr1	208031	208032	30	0.7399
chr1	208035	208036	36	0.8609
chr1	208043	208044	24	0.7956
chr1	208049	208050	29	0.7947
chr1	208058	208059	26	0.697
chr1	208067	208068	36	0.9081
chr1	208078	208079	30	0.8167
chr1	208079	208080	31	0.9414
chr1	208099	208100	28	0.8102
chr1	208127	208128	20	0.7304
chr1	208281	208282	29	0.6783
chr1	208353	208354	44	0.9081
chr1	208409	208410	32	0.7923
chr1	208433	208434	36	0.8491
chr1	208511	208512	26	0.9153
chr1	208563	208564	33	0.6727
chr1	208565	208566	24	0.7099
chr1	208597	208598	29	0.0943
chr1	208602	208603	27	0.1105
chr1	208614	208615	29	0.1005
chr1	208617	208618	28	0.1532
chr1	208629	208630	27	0.0881
chr1	208636	208637	29	0.0391
chr1	208642	208643	26	0.0516
chr1	208650	208651	33	0.1116
chr1	208666	208667	27	0.1029
chr1	208700	208701	31	0.1665
chr1	208776	208777	23	0.1979
chr1	208800	208801	26	0.1626
chr1	208810	208811	34	0.9689
chr1	208823	208824	37	0.7673
chr1	208830	208831	34	0.8288
chr1	208835	208836	33	0.8619
chr1	208839	208840	25	0.8304
chr1	208845	208846	39	0.7221
chr1	208857	208858	28	0.8736
chr1	208860	208861	24	0.9252
chr1	208875	208876	27	0.8072
chr1	208908	208909	41	0.7942
chr1	208992	208993	31	0.8423
chr1	209066	209067	33	0.8726
chr1	209070	209071	24	0.6282
chr1	209140	209141	21	0.8094
chr1	209180	209181	30	0.7725
chr1	209222	209223	36	0.7741
chr1	209270	209271	28	0.7566
chr1	209304	209305	31	0.8743
chr1	209344	209345	34	0.6339
chr1	209349	209350	33	0.7171
chr1	209361	209362	20	0.787
chr1	209372	209373	30	0.8375
chr1	209379	209380	31	0.6053
chr1	209383	209384	23	0.7691
chr1	209396	209397	25	0.7137
chr1	209402	209403	26	0.8167
chr1	209425	209426	28	0.7728
chr1	209453	209454	36	0.8737
chr1	209495	209496	36	0.761
chr1	209525	209526	21	0.6676
chr1	209530	209531	28	0.823
chr1	209540	209541	36	0.5934
chr1	209554	209555	29	0.6317
chr1	209563	209564	40	0.6762
chr1	209571	209572	37	0.8555
chr1	209580	209581	31	0.7633
chr1	209617	209618	29	0.6296
chr1	209757	209758	29	0.7273
chr1	209829	209830	22	0.7324
chr1	209835	209836	34	0.7645
chr1	209883	209884	24	0.9003
chr1	209933	209934	30	0.8618
chr1	209935	209936	27	0.7668
chr1	209957	209958	30	0.7671
chr1	209991	209992	24	0.6727
chr1	209995	209996	25	0.5932
chr1	210093	210094	23	0.7053
chr1	210101	210102	29	0.839
chr1	210110	210111	28	0.8168
chr1	210115	210116	38	0.809
chr1	210122	210123	23	0.6767
chr1	210134	210135	33	0.7611
chr1	210143	210144	31	0.7986
chr1	210146	210147	32	0.8216
chr1	210149	210150	27	0.898
chr1	210151	210152	31	0.7324
chr1	210174	210175	27	0.7259
chr1	210268	210269	33	0.8519
chr1	210280	210281	29	0.8448
chr1	210308	210309	27	0.8229
chr1	210356	210357	38	0.7322
chr1	210404	210405	25	0.5781
chr1	210424	210425	31	0.6113
chr1	210468	210469	32	0.8156
chr1	210472	210473	32	0.7826
chr1	210494	210495	25	0.8058
chr1	210499	210500	33	0.6366
chr1	210506	210507	31	0.6979
chr1	210517	210518	26	0.9034
chr1	210522	210523	30	0.6756
chr1	210532	210533	27	0.7999
chr1	210542	210543	26	0.8107
chr1	210544	210545	30	0.7515
chr1	210575	210576	34	0.6557
chr1	210657	210658	28	0.7965
chr1	210662	210663	30	0.7034
chr1	210671	210672	26	0.7278
chr1	210676	210677	36	0.7027
chr1	210679	210680	32	0.7257
chr1	210687	210688	26	0.8852
chr1	210694	210695	31	0.8446
chr1	210699	210700	33	0.7476
chr1	210706	210707	31	0.9128
chr1	210714	210715	31	0.8653
chr1	210715	210716	35	0.8881
chr1	210736	210737	25	0.8601
chr1	210818	210819	39	0.8581
chr1	210836	210837	29	0.8551
chr1	210852	210853	32	0.9687
chr1	210882	210883	29	0.8524
chr1	210886	210887	27	0.7102
chr1	210976	210977	21	0.9916
chr1	211016	211017	30	0.918
chr1	211048	211049	25	0.7387
chr1	211124	211125	36	0.7573
chr1	211132	211133	29	0.6847
chr1	211161	211162	28	0.8492
chr1	211168	211169	30	0.9172
chr1	211177	211178	23	0.9521
chr1	211184	211185	25	0.8589
chr1	211191	211192	36	0.8692
chr1	211201	211202	31	0.9067
chr1	211207	211208	19	0.817
chr1	211215	211216	32	0.9562
chr1	211216	211217	28	0.9135
chr1	211231	211232	28	0.8726
chr1	211273	211274	21	0.8932
chr1	211295	211296	34	0.8894
chr1	211301	211302	33	0.7997
chr1	211310	211311	28	0.6271
chr1	211325	211326	29	0.714
chr1	211336	211337	26	0.8238
chr1	211342	211343	29	0.7679
chr1	211345	211346	28	0.6608
chr1	211360	211361	35	0.7634
chr1	211383	211384	40	0.7879
chr1	211435	211436	32	0.7316
chr1	211448	211449	28	0.813
chr1	211455	211456	33	0.8049
chr1	211468	211469	38	0.6054
chr1	211476	211477	29	0.7404
chr1	211487	211488	27	0.656
chr1	211495	211496	26	0.7694
chr1	211498	211499	26	0.648
chr1	211528	211529	34	0.7185
chr1	211543	211544	23	0.8555
chr1	211559	211560	26	0.6291
chr1	211597	211598	28	0.754
chr1	211605	211606	29	0.8806
chr1	211616	211617	24	0.6099
chr1	211621	211622	38	0.6987
chr1	211636	211637	24	0.811
chr1	211640	211641	22	0.6968
chr1	211645	211646	39	0.6843
chr1	211660	211661	29	0.7294
chr1	211710	211711	27	0.7132
chr1	211768	211769	23	0.7012
chr1	211818	211819	29	0.7085
chr1	211906	211907	40	0.8435
chr1	211980	211981	32	0.8153
chr1	212134	212135	33	0.7581
chr1	212144	212145	41	0.0667
chr1	212155	212156	36	0.1429
chr1	212170	212171	32	0.0796
chr1	212174	212175	27	0.0
chr1	212185	212186	32	0.0661
chr1	212192	212193	28	0.0564
chr1	212197	212198	24	0.0654
chr1	212203	212204	34	0.1183
chr1	212253	212254	28	0.1039
chr1	212255	212256	22	0.181
chr1	212257	212258	21	0.0442
chr1	212307	212308	34	0.0918
chr1	212335	212336	22	0.0712
chr1	212341	212342	32	0.0172
chr1	212479	212480	32	0.0834
chr1	212595	212596	27	0.2703
chr1	212629	212630	21	0.905
chr1	212643	212644	31	0.95
chr1	212646	212647	34	0.8839
chr1	212649	212650	33	0.8796
chr1	212653	212654	33	0.8566
chr1	212661	212662	39	0.955
chr1	212665	212666	34	1.0
chr1	212672	212673	34	1.0
chr1	212679	212680	31	0.8929
chr1	212697	212698	30	0.9585
chr1	212795	212796	27	0.9243
chr1	212838	212839	38	0.2124
chr1	212846	212847	41	0.066
chr1	212850	212851	28	0.234
chr1	212859	212860	29	0.072
chr1	212866	212867	20	0.0955
chr1	212876	212877	21	0.0379
chr1	212887	212888	30	0.1273
chr1	212888	212889	33	0.1968
chr1	212918	212919	28	0.1137
chr1	212950	212951	24	0.1364
chr1	212980	212981	25	0.0973
chr1	212990	212991	34	0.8432
chr1	212998	212999	34	0.7949
chr1	213009	213010	25	0.9129
chr1	213013	213014	25	0.8333
chr1	213023	213024	23	0.752
chr1	213027	213028	32	0.7824
chr1	213039	213040	30	0.7564
chr1	213040	213041	30	0.85
chr1	213074	213075	20	0.9323
chr1	213220	213221	22	0.7204
chr1	213328	213329	38	0.777
chr1	213352	213353	32	0.8484
chr1	213372	213373	25	0.6733
chr1	213448	213449	31	0.804
chr1	213516	213517	25	0.7511
chr1	213520	213521	31	0.8628
chr1	213557	213558	32	0.7057
chr1	213565	213566	24	0.7389
chr1	213574	213575	33	0.7784
chr1	213582	213583	31	0.8092
chr1	213593	213594	36	0.8083
chr1	213608	213609	32	0.7061
chr1	213616	213617	33	0.7584
chr1	213642	213643	29	0.9254
chr1	213674	213675	18	0.8708
chr1	213742	213743	28	0.7828
chr1	213772	213773	25	0.6937
chr1	213776	213777	37	0.839
chr1	213789	213790	35	0.701
chr1	213793	213794	41	0.7345
chr1	213806	213807	22	0.7238
chr1	213809	213810	31	0.9605
chr1	213822	213823	24	0.7128
chr1	213853	213854	26	0.7763
chr1	213869	213870	32	0.5991
chr1	213898	213899	29	0.9207
chr1	213903	213904	20	0.696
chr1	213909	213910	26	0.6972
chr1	213919	213920	31	0.7986
chr1	213930	213931	27	0.7399
chr1	213935	213936	26	0.864
chr1	213948	213949	33	0.7382
chr1	214028	214029	29	0.6986
chr1	214032	214033	33	0.8602
chr1	214069	214070	28	1.0
chr1	214081	214082	26	0.9183
chr1	214089	214090	34	0.9144
chr1	214095	214096	33	0.8639
chr1	214104	214105	23	0.8565
chr1	214117	214118	23	1.0
chr1	214119	214120	19	1.0
chr1	214140	214141	33	0.9231
chr1	214230	214231	34	0.886
chr1	214237	214238	36	0.8777
chr1	214250	214251	35	0.7857
chr1	214265	214266	31	0.8235
chr1	214268	214269	31	0.721
chr1	214272	214273	29	0.5613
chr1	214279	214280	39	0.8312
chr1	214285	214286	31	0.7032
chr1	214287	214288	31	0.8167
chr1	214322	214323	32	0.8673
chr1	214350	214351	36	0.8365
chr1	214392	214393	31	0.8124
chr1	214482	214483	23	0.6693
chr1	214522	214523	27	0.6667
chr1	214532	214533	39	0.8257
chr1	214536	214537	29	0.708
chr1	214620	214621	18	0.7353
chr1	214660	214661	35	0.6776
chr1	214706	214707	28	0.8423
chr1	214792	214793	39	0.6682
chr1	214824	214825	24	0.8157
chr1	214829	214830	23	0.8886
chr1	214840	214841	43	0.7939
chr1	214846	214847	29	0.7868
chr1	214857	214858	35	0.746
chr1	214872	214873	36	0.8631
chr1	214874	214875	31	0.7767
chr1	214901	214902	33	0.7958
chr1	214917	214918	28	0.9388
chr1	215001	215002	25	0.959
chr1	215014	215015	36	0.3973
chr1	215020	215021	23	0.7149
chr1	215025	215026	25	1.0
chr1	215033	215034	34	0.8997
chr1	215040	215041	24	0.323
chr1	215055	215056	32	0.5189
chr1	215058	215059	31	0.6121
chr1	215064	215065	28	1.0
chr1	215079	215080	27	0.655
chr1	215109	215110	27	0.9623
chr1	215127	215128	27	0.8672
chr1	215177	215178	19	0.1201
chr1	215181	215182	26	0.1335
chr1	215192	215193	30	0.0
chr1	215201	215202	23	0.161
chr1	215207	215208	22	0.1587
chr1	215216	215217	33	0.1771
chr1	215221	215222	35	0.1499
chr1	215227	215228	28	0.2138
chr1	215257	215258	33	0.1243
chr1	215261	215262	30	0.1542
chr1	215271	215272	27	0.9022
chr1	215284	215285	24	0.8658
chr1	215299	215300	19	0.8036
chr1	215308	215309	32	0.7982
chr1	215322	215323	36	0.9556
chr1	215323	215324	29	0.8198
chr1	215373	215374	27	0.9342
chr1	215397	215398	29	0.9012
chr1	215429	215430	20	0.8665
chr1	215433	215434	32	0.9146
chr1	215525	215526	37	0.7459
chr1	215533	215534	26	0.8839
chr1	215653	215654	33	0.8609
chr1	215683	215684	24	0.645
chr1	215775	215776	24	0.8793
chr1	215819	215820	37	0.8303
chr1	215845	215846	34	0.7995
chr1	215856	215857	33	0.6661
chr1	215862	215863	32	0.8254
chr1	215877	215878	28	0.7941
chr1	215885	215886	22	0.7393
chr1	215889	215890	39	0.7195
chr1	215896	215897	32	0.75
chr1	215901	215902	23	0.6796
chr1	215904	215905	30	0.6534
chr1	215911	215912	27	0.6587
chr1	215927	215928	33	0.8167
chr1	216001	216002	28	0.6221
chr1	216011	216012	26	0.2773
chr1	216016	216017	32	0.1395
chr1	216031	216032	35	0.1844
chr1	216041	216042	32	0.0185
chr1	216045	216046	35	0.1936
chr1	216050	216051	24	0.0857
chr1	216065	216066	34	0.0749
chr1	216070	216071	34	0.1593
chr1	216099	216100	31	0.3018
chr1	216143	216144	28	0.1094
chr1	216151	216152	26	0.1927
chr1	216215	216216	31	0.193
chr1	216289	216290	31	0.1473
chr1	216389	216390	25	0.1198
chr1	216397	216398	30	0.1469
chr1	216415	216416	25	0.0
chr1	216457	216458	32	0.2114
chr1	216565	216566	32	0.0567
chr1	216570	216571	36	0.1375
chr1	216582	216583	31	0.1683
chr1	216594	216595	27	0.1834
chr1	216602	216603	30	0.2109
chr1	216614	216615	27	0.325
chr1	216619	216620	21	0.2704
chr1	216622	216623	32	0.1077
chr1	216654	216655	23	0.1132
chr1	216680	216681	38	0.3445
chr1	216706	216707	26	0.1276
chr1	216718	216719	28	0.2605
chr1	216926	216927	30	0.1713
chr1	216972	216973	35	0.1823
chr1	217002	217003	32	0.3953
chr1	217054	217055	27	0.2468
chr1	217080	217081	19	0.1349
chr1	217105	217106	29	0.9245
chr1	217117	217118	37	0.9577
chr1	217126	217127	19	0.8381
chr1	217141	217142	27	0.8971
chr1	217144	217145	27	0.7535
chr1	217155	217156	28	0.9446
chr1	217217	217218	26	0.8305
chr1	217251	217252	27	0.8374
chr1	217297	217298	33	0.9817
chr1	217312	217313	28	1.0
chr1	217318	217319	27	0.9779
chr1	217327	217328	27	0.8979
chr1	217333	217334	26	0.9918
chr1	217346	217347	28	0.9923
chr1	217347	217348	29	0.9886
chr1	217369	217370	36	0.9786
chr1	217385	217386	29	0.9304
chr1	217423	217424	36	0.7118
chr1	217429	217430	29	0.6352
chr1	217437	217438	29	0.5134
chr1	217448	217449	28	0.6659
chr1	217454	217455	36	0.8108
chr1	217461	217462	26	0.5389
chr1	217468	217469	23	0.7455
chr1	217478	217479	33	0.571
chr1	217513	217514	38	0.578
chr1	217553	217554	34	0.6975
chr1	217613	217614	24	0.839
chr1	217627	217628	34	0.9796
chr1	217631	217632	29	0.9808
chr1	217640	217641	31	0.8741
chr1	217647	217648	29	0.9661
chr1	217660	217661	22	0.8053
chr1	217672	217673	30	0.8359
chr1	217677	217678	34	0.8635
chr1	217694	217695	24	0.7347
chr1	217714	217715	32	0.8609
chr1	217744	217745	28	0.7293
chr1	217748	217749	27	0.7276
chr1	217756	217757	34	0.868
chr1	217761	217762	26	0.7476
chr1	217767	217768	28	0.7231
chr1	217777	217778	40	0.74
chr1	217784	217785	33	0.8058
chr1	217793	217794	32	0.7977
chr1	217794	217795	28	0.9102
chr1	217844	217845	27	0.8527
chr1	217854	217855	29	0.7329
chr1	217864	217865	31	0.6731
chr1	217885	217886	27	0.048
chr1	217900	217901	30	0.0631
chr1	217911	217912	31	0.0288
chr1	217920	217921	32	0.0337
chr1	217924	217925	27	0.0
chr1	217931	217932	36	0.0257
chr1	217937	217938	35	0.1962
chr1	217941	217942	39	0.0989
chr1	217964	217965	32	0.0
chr1	217989	217990	19	0.007
chr1	218015	218016	27	0.1966
chr1	218060	218061	30	0.8754
chr1	218064	218065	31	0.9086
chr1	218073	218074	29	1.0
chr1	218078	218079	31	1.0
chr1	218088	218089	35	0.8837
chr1	218096	218097	36	0.9346
chr1	218101	218102	29	0.8649
chr1	218105	218106	33	0.9084
chr1	218120	218121	32	0.6909
chr1	218122	218123	33	0.8924
chr1	218152	218153	35	0.8484
chr1	218162	218163	32	0.9387
chr1	218186	218187	29	0.8238
chr1	218196	218197	34	0.9504
chr1	218203	218204	31	0.8294
chr1	218218	218219	30	0.7755
chr1	218227	218228	40	1.0
chr1	218242	218243	38	0.8389
chr1	218248	218249	28	0.8231
chr1	218251	218252	28	0.8342
chr1	218276	218277	32	0.7806
chr1	218380	218381	25	0.8995
chr1	218500	218501	28	0.8448
chr1	218614	218615	27	0.756
chr1	218640	218641	36	0.83
chr1	218762	218763	25	0.8293
chr1	218766	218767	21	0.8943
chr1	218815	218816	34	0.841
chr1	218823	218824	21	0.6491
chr1	218827	218828	27	0.9137
chr1	218833	218834	22	0.792
chr1	218840	218841	37	0.7244
chr1	218853	218854	21	0.7526
chr1	218862	218863	25	0.7805
chr1	218866	218867	21	0.8382
chr1	218894	218895	21	0.694
chr1	218990	218991	27	0.7772
chr1	219004	219005	31	0.209
chr1	219008	219009	26	0.0584
chr1	219017	219018	28	0.0731
chr1	219022	219023	29	0.1223
chr1	219027	219028	29	0.2302
chr1	219038	219039	27	0.2544
chr1	219046	219047	31	0.1224
chr1	219054	219055	28	0.0086
chr1	219100	219101	32	0.1994
chr1	219110	219111	29	0.2251
chr1	219184	219185	31	0.1522
chr1	219192	219193	28	0.1513
chr1	219206	219207	25	0.0336
chr1	219221	219222	35	0.058
chr1	219229	219230	26	0.1775
chr1	219242	219243	30	0.106
chr1	219244	219245	32	0.0
chr1	219294	219295	23	0.1276
chr1	219384	219385	26	0.2624
chr1	219392	219393	27	0.1049
chr1	219400	219401	27	0.0656
chr1	219406	219407	26	0.0277
chr1	219412	219413	29	0.165
chr1	219584	219585	24	0.2579
chr1	219656	219657	20	0.0972
chr1	219706	219707	37	0.2142
chr1	219736	219737	36	0.5673
chr1	219744	219745	28	0.6607
chr1	219755	219756	30	0.5509
chr1	219760	219761	17	0.3861
chr1	219767	219768	36	0.5358
chr1	219776	219777	17	0.7971
chr1	219786	219787	33	0.737
chr1	219922	219923	27	0.7662
chr1	219966	219967	24	0.8132
chr1	219974	219975	33	0.7752
chr1	219989	219990	29	0.7341
chr1	220002	220003	25	0.7971
chr1	220010	220011	26	0.8795
chr1	220015	220016	28	0.8542
chr1	220016	220017	24	0.8239
chr1	220044	220045	28	1.0
chr1	220094	220095	31	0.765
chr1	220132	220133	30	0.9662
chr1	220138	220139	33	0.0433
chr1	220143	220144	32	0.0681
chr1	220150	220151	30	0.3043
chr1	220164	220165	32	0.0339
chr1	220170	220171	16	0.2417
chr1	220174	220175	29	0.2734
chr1	220182	220183	20	0.124
chr1	220188	220189	35	0.1609
chr1	220224	220225	24	0.1791
chr1	220340	220341	27	0.1784
chr1	220404	220405	23	0.2148
chr1	220450	220451	32	0.2353
chr1	220496	220497	32	0.0586
chr1	220584	220585	31	0.1008
chr1	220628	220629	29	0.0605
chr1	220710	220711	29	0.0286
chr1	220720	220721	27	0.8144
chr1	220730	220731	26	0.8155
chr1	220737	220738	37	0.8915
chr1	220747	220748	31	0.844
chr1	220757	220758	28	0.6166
chr1	220770	220771	21	0.7808
chr1	220793	220794	34	0.6792
chr1	220805	220806	29	0.7527
chr1	220813	220814	33	0.8377
chr1	220883	220884	40	0.9091
chr1	220959	220960	27	0.9804
chr1	220991	220992	28	0.6531
chr1	221005	221006	28	0.6851
chr1	221105	221106	30	0.6747
chr1	221269	221270	29	0.686
chr1	221302	221303	28	0.8643
chr1	221307	221308	32	0.7239
chr1	221313	221314	26	0.6151
chr1	221318	221319	31	0.8251
chr1	221325	221326	37	0.7477
chr1	221330	221331	27	0.7964
chr1	221336	221337	31	0.7447
chr1	221342	221343	34	0.7484
chr1	221350	221351	28	0.7024
chr1	221352	221353	23	0.7121
chr1	221379	221380	24	0.8524
chr1	221417	221418	29	0.7699
chr1	221423	221424	30	0.9746
chr1	221429	221430	27	0.9338
chr1	221444	221445	39	0.8838
chr1	221456	221457	30	0.9394
chr1	221469	221470	34	0.8764
chr1	221473	221474	37	0.8551
chr1	221508	221509	38	0.9204
chr1	221536	221537	41	0.8408
chr1	221610	221611	31	0.9496
chr1	221620	221621	35	0.7808
chr1	221692	221693	31	0.8118
chr1	221696	221697	25	0.9186
chr1	221710	221711	22	0.8788
chr1	221766	221767	37	0.7511
chr1	221771	221772	29	0.9076
chr1	221779	221780	35	0.8699
chr1	221786	221787	34	0.8023
chr1	221795	221796	39	0.8302
chr1	221799	221800	29	0.8819
chr1	221808	221809	24	0.9247
chr1	221823	221824	32	0.8396
chr1	221828	221829	24	0.777
chr1	221843	221844	34	0.9425
chr1	221858	221859	34	0.7209
chr1	221988	221989	32	0.9325
chr1	222002	222003	31	0.7839
chr1	222058	222059	29	0.7304
chr1	222102	222103	36	0.7687
chr1	222136	222137	31	0.7081
chr1	222272	222273	32	0.763
chr1	222318	222319	28	0.2746
chr1	222333	222334	32	0.0811
chr1	222338	222339	38	0.1015
chr1	222353	222354	28	0.4398
chr1	222359	222360	23	0.3876
chr1	222368	222369	28	0.2966
chr1	222411	222412	18	0.1383
chr1	222433	222434	33	0.1682
chr1	222478	222479	31	0.9561
chr1	222481	222482	30	0.9741
chr1	222489	222490	27	0.9131
chr1	222496	222497	28	0.9201
chr1	222502	222503	28	1.0
chr1	222511	222512	24	0.9625
chr1	222521	222522	25	0.9141
chr1	222528	222529	26	0.8751
chr1	222537	222538	31	0.9661
chr1	222539	222540	29	0.7818
chr1	222554	222555	16	1.0
chr1	222581	222582	34	0.7218
chr1	222596	222597	33	0.9163
chr1	222642	222643	37	0.8991
chr1	222682	222683	31	0.0428
chr1	222697	222698	26	0.0628
chr1	222705	222706	32	0.1274
chr1	222714	222715	36	0.1208
chr1	222720	222721	25	0.0377
chr1	222731	222732	29	0.0222
chr1	222732	222733	40	0.08
chr1	222762	222763	36	0.1126
chr1	222810	222811	35	0.106
chr1	222826	222827	36	0.1049
chr1	222872	222873	28	0.9601
chr1	222880	222881	25	0.7809
chr1	222888	222889	27	0.7813
chr1	222891	222892	30	0.9165
chr1	222902	222903	32	0.7649
chr1	222909	222910	32	0.933
chr1	222917	222918	29	0.7747
chr1	222923	222924	28	0.7564
chr1	222940	222941	27	0.8228
chr1	222978	222979	31	0.7875
chr1	223024	223025	26	0.7713
chr1	223063	223064	26	0.7543
chr1	223067	223068	37	0.8429
chr1	223081	223082	35	0.8148
chr1	223095	223096	31	0.8373
chr1	223106	223107	24	0.8462
chr1	223113	223114	36	0.9053
chr1	223150	223151	23	0.8899
chr1	223162	223163	27	0.6685
chr1	223207	223208	37	0.6335
chr1	223215	223216	32	0.7386
chr1	223225	223226	28	0.4917
chr1	223235	223236	28	0.6742
chr1	223244	223245	22	0.5815
chr1	223250	223251	33	0.4408
chr1	223260	223261	30	0.5484
chr1	223263	223264	40	0.5539
chr1	223313	223314	25	0.6778
chr1	223321	223322	29	0.4884
chr1	223334	223335	32	0.9115
chr1	223347	223348	37	0.9153
chr1	223356	223357	38	0.7278
chr1	223360	223361	26	0.7523
chr1	223365	223366	34	0.8125
chr1	223371	223372	27	1.0
chr1	223378	223379	25	1.0
chr1	223384	223385	34	0.811
chr1	223410	223411	27	0.7037
chr1	223458	223459	45	0.6897
chr1	223487	223488	36	0.8535
chr1	223499	223500	35	0.6853
chr1	223502	223503	31	0.6093
chr1	223509	223510	27	0.9137
chr1	223516	223517	23	0.6657
chr1	223526	223527	26	0.6565
chr1	223535	223536	31	0.5991
chr1	223537	223538	26	0.6479
chr1	223552	223553	35	0.7369
chr1	223554	223555	35	0.6738
chr1	223620	223621	31	0.7181
chr1	223644	223645	27	0.6477
chr1	223652	223653	31	0.8479
chr1	223659	223660	28	0.8564
chr1	223664	223665	35	0.7641
chr1	223679	223680	22	0.6192
chr1	223687	223688	35	0.7393
chr1	223692	223693	21	0.7184
chr1	223694	223695	22	0.8054
chr1	223737	223738	21	0.705
chr1	223833	223834	27	0.742
chr1	223883	223884	20	0.7963
chr1	223888	223889	29	0.707
chr1	223894	223895	33	0.6369
chr1	223903	223904	21	0.7077
chr1	223915	223916	26	0.7088
chr1	223921	223922	41	0.6939
chr1	223930	223931	23	0.891
chr1	223934	223935	30	0.9529
chr1	223936	223937	37	0.6441
chr1	223969	223970	21	0.7821
chr1	223979	223980	35	0.6965
chr1	224023	224024	32	0.821
chr1	224030	224031	27	0.8562
chr1	224041	224042	21	0.9368
chr1	224048	224049	22	0.841
chr1	224052	224053	36	0.8071
chr1	224060	224061	36	0.875
chr1	224068	224069	40	0.7893
chr1	224079	224080	24	0.9116
chr1	224081	224082	31	0.9578
chr1	224099	224100	32	0.8386
chr1	224123	224124	33	0.893
chr1	224173	224174	26	0.8896
chr1	224220	224221	37	0.402
chr1	224225	224226	36	0.0546
chr1	224235	224236	30	0.0635
chr1	224243	224244	37	0.0801
chr1	224248	224249	30	0.2526
chr1	224251	224252	34	0.1977
chr1	224256	224257	29	0.0
chr1	224268	224269	22	0.1179
chr1	224270	224271	35	0.1333
chr1	224302	224303	31	0.1641
chr1	224314	224315	28	0.303
chr1	224336	224337	15	0.1981
chr1	224341	224342	28	0.8916
chr1	224348	224349	32	0.8227
chr1	224356	224357	29	0.8028
chr1	224364	224365	33	0.739
chr1	224369	224370	27	0.8557
chr1	224378	224379	36	0.7232
chr1	224382	224383	28	0.7148
chr1	224391	224392	25	1.0
chr1	224393	224394	22	0.891
chr1	224428	224429	31	0.786
chr1	224512	224513	30	0.7366
chr1	224598	224599	25	0.8287
chr1	224726	224727	34	0.7723
chr1	224758	224759	30	0.833
chr1	224806	224807	29	0.7941
chr1	224832	224833	36	0.7771
chr1	224870	224871	24	0.762
chr1	224894	224895	30	0.7926
chr1	224899	224900	29	0.7588
chr1	224908	224909	30	0.7604
chr1	224917	224918	31	0.7184
chr1	224927	224928	32	0.9582
chr1	224933	224934	25	0.9574
chr1	224938	224939	29	0.831
chr1	224949	224950	31	0.8535
chr1	224976	224977	37	0.7308
chr1	224996	224997	28	0.7127
chr1	225076	225077	25	0.7085
chr1	225194	225195	30	0.787
chr1	225206	225207	28	0.8383
chr1	225216	225217	34	0.8032
chr1	225224	225225	27	0.9361
chr1	225236	225237	25	0.9
chr1	225266	225267	29	0.9004
chr1	225278	225279	26	0.8671
chr1	225324	225325	38	1.0
chr1	225339	225340	31	0.8465
chr1	225344	225345	30	0.9173
chr1	225349	225350	34	1.0
chr1	225360	225361	41	0.8019
chr1	225373	225374	32	0.8298
chr1	225374	225375	28	0.7912
chr1	225423	225424	29	0.8587
chr1	225495	225496	28	0.8187
chr1	225509	225510	26	0.8646
chr1	225555	225556	33	0.8906
chr1	225562	225563	27	0.7659
chr1	225572	225573	25	0.708
chr1	225575	225576	30	0.8404
chr1	225590	225591	27	0.615
chr1	225598	225599	28	0.7558
chr1	225604	225605	28	0.7183
chr1	225612	225613	38	0.8641
chr1	225662	225663	31	0.6416
chr1	225672	225673	30	0.7606
chr1	225694	225695	25	0.7383
chr1	225744	225745	31	0.7336
chr1	225751	225752	33	0.6881
chr1	225758	225759	35	0.6184
chr1	225763	225764	35	0.671
chr1	225773	225774	36	0.8277
chr1	225787	225788	28	0.7575
chr1	225794	225795	26	0.8333
chr1	225817	225818	28	0.6232
chr1	225915	225916	27	0.6072
chr1	225955	225956	25	0.8335
chr1	225961	225962	19	0.5751
chr1	225971	225972	31	0.4471
chr1	225982	225983	24	0.6928
chr1	225991	225992	28	0.9134
chr1	225995	225996	28	0.8982
chr1	226004	226005	26	0.633
chr1	226009	226010	27	0.6513
chr1	226050	226051	27	0.7817
chr1	226104	226105	36	0.826
chr1	226117	226118	34	0.1167
chr1	226125	226126	31	0.0891
chr1	226130	226131	32	0.096
chr1	226144	226145	36	0.0
chr1	226151	226152	31	0.0
chr1	226159	226160	24	0.0912
chr1	226165	226166	30	0.0
chr1	226167	226168	24	0.0384
chr1	226182	226183	30	0.0133
chr1	226200	226201	24	0.0311
chr1	226230	226231	37	0.0
chr1	226294	226295	31	0.0706
chr1	226325	226326	25	0.8397
chr1	226340	226341	32	0.7403
chr1	226348	226349	25	0.6504
chr1	226357	226358	30	0.8074
chr1	226372	226373	31	0.5736
chr1	226378	226379	32	0.7411
chr1	226379	226380	30	0.6966
chr1	226429	226430	23	0.7545
chr1	226445	226446	22	0.7668
chr1	226471	226472	29	0.5764
chr1	226501	226502	28	0.7125
chr1	226512	226513	33	0.7845
chr1	226527	226528	38	0.6657
chr1	226537	226538	25	0.8011
chr1	226552	226553	26	0.6459
chr1	226555	226556	33	0.5783
chr1	226571	226572	33	0.7454
chr1	226587	226588	31	0.5771
chr1	226635	226636	31	0.5983
chr1	226653	226654	38	0.9179
chr1	226659	226660	36	1.0
chr1	226663	226664	29	0.5652
chr1	226670	226671	31	1.0
chr1	226677	226678	32	0.521
chr1	226685	226686	26	0.8921
chr1	226698	226699	37	1.0
chr1	226703	226704	38	1.0
chr1	226748	226749	23	1.0
chr1	226822	226823	31	0.7779
chr1	226824	226825	26	0.8356
chr1	226866	226867	20	0.7437
chr1	226872	226873	38	0.667
chr1	226878	226879	22	0.7692
chr1	226884	226885	36	0.888
chr1	226888	226889	27	0.784
chr1	226895	226896	32	0.8785
chr1	226904	226905	30	0.6839
chr1	226913	226914	27	0.6636
chr1	226916	226917	30	0.7175
chr1	226959	226960	33	0.8418
chr1	227043	227044	29	0.666
chr1	227223	227224	20	0.889
chr1	227226	227227	36	0.841
chr1	227232	227233	23	0.6646
chr1	227241	227242	29	0.9604
chr1	227248	227249	23	0.8908
chr1	227263	227264	22	0.8317
chr1	227269	227270	33	0.9368
chr1	227272	227273	30	0.8584
chr1	227279	227280	35	0.924
chr1	227324	227325	32	0.9058
chr1	227410	227411	22	0.7521
chr1	227423	227424	30	0.7849
chr1	227431	227432	25	0.7256
chr1	227436	227437	35	0.6476
chr1	227441	227442	37	0.8087
chr1	227446	227447	30	0.7134
chr1	227455	227456	30	0.5562
chr1	227468	227469	34	0.6158
chr1	227473	227474	31	0.6951
chr1	227512	227513	24	0.6121
chr1	227536	227537	30	0.7256
chr1	227580	227581	22	0.6723
chr1	227621	227622	36	0.4885
chr1	227627	227628	38	0.5937
chr1	227635	227636	32	0.4001
chr1	227639	227640	35	0.4611
chr1	227644	227645	31	0.4404
chr1	227649	227650	23	0.4903
chr1	227656	227657	36	0.4568
chr1	227666	227667	34	0.6785
chr1	227672	227673	32	0.6514
chr1	227721	227722	39	0.5254
chr1	227789	227790	27	0.549
chr1	227805	227806	22	0.3291
chr1	227818	227819	28	0.1815
chr1	227821	227822	35	0.2957
chr1	227830	227831	19	0.356
chr1	227840	227841	31	0.3609
chr1	227852	227853	31	0.3643
chr1	227855	227856	30	0.2344
chr1	227892	227893	24	0.2715
chr1	227904	227905	19	0.2562
chr1	227988	227989	27	0.2995
chr1	228014	228015	26	0.6755
chr1	228022	228023	38	0.6798
chr1	228033	228034	33	0.9457
chr1	228044	228045	27	0.5478
chr1	228050	228051	34	0.6039
chr1	228056	228057	24	0.6835
chr1	228061	228062	27	0.6269
chr1	228064	228065	29	0.7891
chr1	228081	228082	27	0.6971
chr1	228106	228107	32	0.6314
chr1	228120	228121	28	0.8226
chr1	228166	228167	33	0.0169
chr1	228175	228176	28	0.0762
chr1	228190	228191	27	0.1183
chr1	228198	228199	22	0.0063
chr1	228207	228208	32	0.0653
chr1	228216	228217	32	0.1658
chr1	228266	228267	21	0.1442
chr1	228330	228331	36	0.2215
chr1	228344	228345	26	0.2359
chr1	228389	228390	35	0.7857
chr1	228392	228393	26	0.9513
chr1	228401	228402	37	0.9159
chr1	228406	228407	31	0.8665
chr1	228414	228415	30	0.9474
chr1	228429	228430	19	1.0
chr1	228438	228439	30	0.9776
chr1	228439	228440	37	0.9422
chr1	228507	228508	33	0.917
chr1	228513	228514	39	0.9618
chr1	228555	228556	29	0.7168
chr1	228563	228564	32	0.8425
chr1	228569	228570	32	0.8626
chr1	228583	228584	28	0.537
chr1	228590	228591	27	0.8175
chr1	228595	228596	33	0.762
chr1	228606	228607	32	0.8753
chr1	228608	228609	39	0.8669
chr1	228630	228631	35	0.7243
chr1	228661	228662	26	0.6214
chr1	228743	228744	23	0.7919
chr1	228750	228751	30	0.9004
chr1	228758	228759	26	0.8915
chr1	228765	228766	31	0.9271
chr1	228770	228771	33	0.8028
chr1	228775	228776	23	0.8941
chr1	228785	228786	30	0.849
chr1	228792	228793	26	0.7776
chr1	228802	228803	29	0.7562
chr1	228810	228811	28	0.6522
chr1	228825	228826	26	0.9145
chr1	228840	228841	25	0.8118
chr1	228842	228843	28	0.8073
chr1	228888	228889	19	0.8332
chr1	228958	228959	20	0.6938
chr1	229046	229047	27	0.663
chr1	229224	229225	34	0.8616
chr1	229282	229283	27	0.7787
chr1	229284	229285	29	0.8212
chr1	229294	229295	33	0.7896
chr1	229322	229323	32	0.7794
chr1	229328	229329	27	0.8867
chr1	229337	229338	32	0.5513
chr1	229341	229342	28	0.7322
chr1	229350	229351	36	0.8526
chr1	229354	229355	36	0.7858
chr1	229362	229363	41	0.6687
chr1	229370	229371	34	0.8155
chr1	229384	229385	26	0.5666
chr1	229392	229393	28	0.6348
chr1	229424	229425	34	0.8045
chr1	229440	229441	32	0.8133
chr1	229498	229499	32	0.691
chr1	229528	229529	27	0.7207
chr1	229626	229627	31	0.6558
chr1	229870	229871	29	0.6975
chr1	229887	229888	26	0.9365
chr1	229893	229894	27	0.8271
chr1	229900	229901	33	0.9254
chr1	229909	229910	17	1.0
chr1	229915	229916	21	0.8593
chr1	229923	229924	42	0.9556
chr1	229931	229932	30	0.8418
chr1	229937	229938	32	0.8406
chr1	229986	229987	24	0.8615
chr1	230024	230025	36	0.9093
chr1	230055	230056	34	0.8243
chr1	230066	230067	27	0.8256
chr1	230080	230081	28	0.8436
chr1	230085	230086	22	0.6428
chr1	230090	230091	31	0.8622
chr1	230098	230099	30	0.7531
chr1	230108	230109	30	0.8832
chr1	230113	230114	38	0.5886
chr1	230153	230154	42	0.7099
chr1	230199	230200	32	0.6366
chr1	230205	230206	28	0.5491
chr1	230208	230209	28	0.6192
chr1	230215	230216	26	0.6398
chr1	230222	230223	34	0.6955
chr1	230231	230232	32	0.802
chr1	230239	230240	32	0.7549
chr1	230245	230246	38	0.8278
chr1	230253	230254	34	0.7807
chr1	230255	230256	30	0.7732
chr1	230281	230282	28	0.6709
chr1	230303	230304	41	0.5753
chr1	230335	230336	19	0.6962
chr1	230353	230354	30	0.7456
chr1	230361	230362	32	0.6897
chr1	230373	230374	36	0.6885
chr1	230393	230394	29	0.5312
chr1	230575	230576	26	0.9104
chr1	230689	230690	37	0.7594
chr1	230737	230738	38	0.7232
chr1	230765	230766	34	0.6888
chr1	230800	230801	36	0.5488
chr1	230814	230815	19	0.8066
chr1	230822	230823	32	0.8192
chr1	230829	230830	26	0.7939
chr1	230832	230833	36	0.7593
chr1	230845	230846	23	0.7693
chr1	230852	230853	22	0.6405
chr1	230902	230903	31	0.756
chr1	230980	230981	32	0.8532
chr1	230994	230995	26	0.8613
chr1	231025	231026	24	0.6988
chr1	231033	231034	39	0.5952
chr1	231047	231048	25	0.7354
chr1	231054	231055	42	0.9147
chr1	231061	231062	25	0.6057
chr1	231067	231068	26	0.6247
chr1	231078	231079	32	0.8201
chr1	231093	231094	27	0.7509
chr1	231124	231125	25	0.6254
chr1	231198	231199	19	0.7831
chr1	231217	231218	27	0.9322
chr1	231224	231225	29	0.6898
chr1	231232	231233	26	0.647
chr1	231236	231237	31	0.8942
chr1	231242	231243	20	0.9328
chr1	231256	231257	34	1.0
chr1	231266	231267	35	0.5731
chr1	231267	231268	25	1.0
chr1	231302	231303	24	0.8637
chr1	231304	231305	26	0.827
chr1	231356	231357	28	0.8613
chr1	231363	231364	19	0.6355
chr1	231373	231374	19	0.7848
chr1	231379	231380	28	0.7408
chr1	231384	231385	20	0.5813
chr1	231398	231399	34	0.5709
chr1	231404	231405	26	0.6157
chr1	231410	231411	25	0.5432
chr1	231413	231414	44	0.5803
chr1	231460	231461	26	0.711
chr1	231510	231511	24	0.605
chr1	231586	231587	35	0.5143
chr1	231626	231627	28	0.7097
chr1	231666	231667	30	0.8053
chr1	231674	231675	31	0.73
chr1	231914	231915	25	0.7155
chr1	231952	231953	40	0.6209
chr1	232001	232002	32	0.984
chr1	232009	232010	13	0.8889
chr1	232017	232018	23	0.8301
chr1	232030	232031	35	0.8858
chr1	232040	232041	28	0.8984
chr1	232048	232049	31	0.9805
chr1	232052	232053	30	0.9455
chr1	232102	232103	20	1.0
chr1	232142	232143	27	0.9444
chr1	232198	232199	35	0.9138
chr1	232240	232241	25	0.9518
chr1	232254	232255	29	0.7923
chr1	232262	232263	24	0.7066
chr1	232267	232268	23	0.819
chr1	232273	232274	25	0.8567
chr1	232285	232286	32	0.7785
chr1	232293	232294	30	0.819
chr1	232294	232295	24	0.8481
chr1	232320	232321	37	0.8216
chr1	232343	232344	19	0.8582
chr1	232401	232402	26	0.7828
chr1	232412	232413	36	0.6876
chr1	232427	232428	31	0.6174
chr1	232434	232435	27	0.5154
chr1	232442	232443	33	0.5307
chr1	232452	232453	29	0.5565
chr1	232462	232463	22	0.5239
chr1	232484	232485	26	0.5087
chr1	232510	232511	28	0.6568
chr1	232514	232515	32	0.4563
chr1	232531	232532	28	0.3057
chr1	232541	232542	25	0.1339
chr1	232550	232551	20	0.3431
chr1	232557	232558	26	0.2649
chr1	232570	232571	33	0.0516
chr1	232578	232579	32	0.2248
chr1	232581	232582	39	0.1551
chr1	232604	232605	23	0.1416
chr1	232619	232620	23	0.2461
chr1	232713	232714	20	0.1307
chr1	232723	232724	31	0.6517
chr1	232734	232735	24	0.8016
chr1	232739	232740	30	0.6677
chr1	232745	232746	21	0.6858
chr1	232751	232752	35	0.7216
chr1	232761	232762	23	0.8125
chr1	232769	232770	32	0.7561
chr1	232773	232774	23	0.8339
chr1	232792	232793	34	0.7082
chr1	232848	232849	28	0.6538
chr1	232904	232905	34	0.7741
chr1	233024	233025	26	0.6161
chr1	233140	233141	32	0.6353
chr1	233218	233219	26	0.8104
chr1	233272	233273	31	0.702
chr1	233288	233289	35	0.6535
chr1	233336	233337	34	0.4195
chr1	233344	233345	29	0.3315
chr1	233349	233350	44	0.311
chr1	233357	233358	41	0.1948
chr1	233362	233363	39	0.2871
chr1	233365	233366	31	0.2875
chr1	233368	233369	25	0.3782
chr1	233375	233376	27	0.3244
chr1	233383	233384	19	0.2021
chr1	233387	233388	24	0.4264
chr1	233408	233409	36	0.4938
chr1	233436	233437	39	0.4279
chr1	233490	233491	31	0.1909
chr1	233537	233538	22	0.5848
chr1	233541	233542	31	0.6467
chr1	233551	233552	22	0.6408
chr1	233555	233556	38	0.5976
chr1	233560	233561	29	0.8605
chr1	233575	233576	29	0.6201
chr1	233589	233590	39	0.6983
chr1	233604	233605	28	0.3725
chr1	233619	233620	32	0.805
chr1	233634	233635	37	0.82
chr1	233701	233702	26	0.7272
chr1	233744	233745	21	0.7888
chr1	233752	233753	24	0.6676
chr1	233760	233761	23	0.622
chr1	233764	233765	27	0.7441
chr1	233768	233769	30	0.8738
chr1	233773	233774	38	0.6448
chr1	233785	233786	28	0.9134
chr1	233791	233792	24	0.76
chr1	233798	233799	30	0.896
chr1	233813	233814	22	0.8175
chr1	233815	233816	30	0.7744
chr1	233859	233860	26	0.7533
chr1	233865	233866	28	0.3605
chr1	233870	233871	25	0.4658
chr1	233882	233883	25	0.5497
chr1	233890	233891	33	0.6101
chr1	233894	233895	40	0.5553
chr1	233897	233898	32	0.5671
chr1	233911	233912	26	0.4108
chr1	233915	233916	27	0.3453
chr1	233942	233943	27	0.5638
chr1	233966	233967	36	0.5305
chr1	234000	234001	37	0.5789
chr1	234004	234005	31	0.508
chr1	234216	234217	27	0.566
chr1	234258	234259	31	0.5748
chr1	234298	234299	28	0.6575
chr1	234330	234331	26	0.6288
chr1	234338	234339	30	0.5096
chr1	234410	234411	19	0.453
chr1	234414	234415	29	0.4618
chr1	234431	234432	32	0.7016
chr1	234437	234438	36	0.9095
chr1	234443	234444	31	0.9373
chr1	234452	234453	36	0.7898
chr1	234461	234462	33	0.7325
chr1	234466	234467	30	0.8225
chr1	234476	234477	29	0.7218
chr1	234481	234482	32	0.8838
chr1	234499	234500	27	0.6514
chr1	234515	234516	36	0.6097
chr1	234523	234524	33	0.8552
chr1	234595	234596	34	0.5913
chr1	234625	234626	21	0.8752
chr1	234638	234639	21	1.0
chr1	234646	234647	29	0.8936
chr1	234650	234651	32	0.8859
chr1	234660	234661	30	0.8799
chr1	234667	234668	23	0.7384
chr1	234675	234676	25	0.8979
chr1	234699	234700	29	0.8939
chr1	234733	234734	24	0.8421
chr1	234756	234757	19	0.9956
chr1	234765	234766	28	0.7955
chr1	234774	234775	21	0.9844
chr1	234783	234784	34	0.9615
chr1	234795	234796	32	0.8178
chr1	234804	234805	24	0.9071
chr1	234807	234808	31	0.989
chr1	234822	234823	36	0.9553
chr1	234852	234853	25	0.9345
chr1	234854	234855	22	0.8743
chr1	234926	234927	35	0.9184
chr1	234936	234937	33	0.8084
chr1	234943	234944	24	1.0
chr1	234947	234948	27	0.7082
chr1	234955	234956	20	0.9036
chr1	234965	234966	19	0.8299
chr1	234980	234981	41	0.8619
chr1	234984	234985	27	0.8105
chr1	234989	234990	27	0.914
chr1	235039	235040	29	0.8819
chr1	235125	235126	34	0.7033
chr1	235153	235154	22	0.7111
chr1	235231	235232	34	0.7192
chr1	235263	235264	32	0.7911
chr1	235273	235274	32	0.9282
chr1	235311	235312	32	0.6799
chr1	235477	235478	20	0.8746
chr1	235487	235488	33	0.7585
chr1	235496	235497	25	0.6939
chr1	235505	235506	29	0.7698
chr1	235520	235521	31	0.8203
chr1	235529	235530	22	0.7702
chr1	235538	235539	32	0.9016
chr1	235544	235545	30	0.7833
chr1	235569	235570	37	0.8285
chr1	235594	235595	31	0.782
chr1	235666	235667	35	0.7758
chr1	235668	235669	29	0.885
chr1	235690	235691	38	0.9386
chr1	235818	235819	32	0.7311
chr1	235924	235925	28	0.732
chr1	235938	235939	33	0.7634
chr1	235952	235953	37	0.8049
chr1	235976	235977	33	0.8819
chr1	236006	236007	30	0.7596
chr1	236010	236011	17	0.8976
chr1	236033	236034	27	0.3643
chr1	236045	236046	29	0.3207
chr1	236050	236051	24	0.1464
chr1	236058	236059	25	0.0875
chr1	236068	236069	32	0.2241
chr1	236077	236078	34	0.0918
chr1	236086	236087	35	0.2122
chr1	236122	236123	24	0.182
chr1	236166	236167	25	0.1395
chr1	236200	236201	36	0.7159
chr1	236208	236209	36	0.8177
chr1	236221	236222	32	0.7667
chr1	236227	236228	24	0.7232
chr1	236232	236233	33	0.817
chr1	236244	236245	28	0.8414
chr1	236250	236251	31	0.6245
chr1	236256	236257	20	0.8232
chr1	236306	236307	24	0.9377
chr1	236313	236314	35	0.5907
chr1	236326	236327	26	0.8115
chr1	236330	236331	32	0.7485
chr1	236336	236337	34	0.7398
chr1	236347	236348	25	0.8532
chr1	236357	236358	34	0.7677
chr1	236366	236367	34	0.848
chr1	236388	236389	30	0.6971
chr1	236418	236419	27	0.8195
chr1	236420	236421	23	0.7631
chr1	236574	236575	30	0.8815
chr1	236580	236581	30	0.8258
chr1	236626	236627	31	0.7966
chr1	236830	236831	29	0.6922
chr1	236894	236895	31	0.7861
chr1	236920	236921	26	0.7714
chr1	236926	236927	22	0.7396
chr1	236935	236936	29	0.5907
chr1	236946	236947	30	0.7833
chr1	236952	236953	25	0.746
chr1	236959	236960	24	0.7193
chr1	236969	236970	35	0.7477
chr1	236971	236972	23	0.5883
chr1	237007	237008	28	0.6368
chr1	237065	237066	37	0.5692
chr1	237077	237078	29	0.5964
chr1	237106	237107	31	1.0
chr1	237118	237119	36	0.8753
chr1	237128	237129	27	0.652
chr1	237143	237144	32	0.8836
chr1	237147	237148	22	0.8417
chr1	237154	237155	34	0.8515
chr1	237156	237157	25	0.8315
chr1	237173	237174	30	0.9293
chr1	237199	237200	28	0.7831
chr1	237239	237240	23	0.7346
chr1	237287	237288	23	0.7878
chr1	237310	237311	22	0.1968
chr1	237314	237315	29	0.0535
chr1	237325	237326	26	0.1873
chr1	237336	237337	33	0.1383
chr1	237342	237343	30	0.038
chr1	237347	237348	34	0.0937
chr1	237360	237361	26	0.1087
chr1	237383	237384	39	0.2055
chr1	237421	237422	25	0.1066
chr1	237466	237467	33	0.6448
chr1	237472	237473	40	0.7662
chr1	237479	237480	22	0.9359
chr1	237485	237486	31	0.8647
chr1	237500	237501	29	0.8338
chr1	237511	237512	29	0.705
chr1	237518	237519	25	0.8165
chr1	237551	237552	29	0.7592
chr1	237623	237624	29	0.7744
chr1	237851	237852	29	0.1787
chr1	237858	237859	29	0.0516
chr1	237864	237865	30	0.0439
chr1	237875	237876	31	0.1706
chr1	237884	237885	29	0.039
chr1	237895	237896	33	0.1064
chr1	237901	237902	30	0.1579
chr1	237921	237922	40	0.1846
chr1	237937	237938	23	0.1735
chr1	237989	237990	27	0.2056
chr1	238025	238026	31	0.6818
chr1	238034	238035	28	0.9212
chr1	238037	238038	32	0.6385
chr1	238050	238051	30	0.8986
chr1	238058	238059	19	0.8002
chr1	238064	238065	22	0.7425
chr1	238072	238073	24	0.8599
chr1	238075	238076	27	0.7281
chr1	238099	238100	29	0.8005
chr1	238114	238115	34	0.8124
chr1	238128	238129	33	0.9007
chr1	238180	238181	26	0.7679
chr1	238186	238187	29	0.8262
chr1	238194	238195	33	0.8213
chr1	238204	238205	24	0.9927
chr1	238209	238210	32	0.7955
chr1	238224	238225	29	0.8889
chr1	238228	238229	26	0.8291
chr1	238236	238237	25	0.8159
chr1	238254	238255	31	0.8101
chr1	238270	238271	25	0.8495
chr1	238348	238349	30	0.8641
chr1	238354	238355	28	0.9271
chr1	238380	238381	27	0.7939
chr1	238490	238491	26	0.8503
chr1	238492	238493	35	0.6769
chr1	238542	238543	33	0.9335
chr1	238654	238655	28	0.852
chr1	238726	238727	28	0.7991
chr1	238771	238772	28	0.171
chr1	238779	238780	28	0.1415
chr1	238787	238788	29	0.1227
chr1	238802	238803	32	0.2007
chr1	238817	238818	31	0.1053
chr1	238823	238824	30	0.0689
chr1	238856	238857	23	0.0928
chr1	238918	238919	27	0.0962
chr1	238958	238959	32	0.8853
chr1	238966	238967	27	0.7825
chr1	238971	238972	37	0.718
chr1	238980	238981	27	0.8997
chr1	238987	238988	34	0.9476
chr1	238992	238993	22	0.8171
chr1	238995	238996	26	0.9505
chr1	239005	239006	40	0.8378
chr1	239008	239009	38	0.7226
chr1	239032	239033	27	0.7262
chr1	239076	239077	33	0.8873
chr1	239089	239090	28	0.9047
chr1	239095	239096	39	0.6901
chr1	239103	239104	28	0.9159
chr1	239112	239113	31	0.8118
chr1	239115	239116	34	0.7084
chr1	239129	239130	25	0.7647
chr1	239134	239135	42	0.7042
chr1	239139	239140	32	0.632
chr1	239213	239214	33	0.733
chr1	239219	239220	31	0.821
chr1	239231	239232	29	0.849
chr1	239237	239238	31	0.8536
chr1	239249	239250	33	0.9054
chr1	239253	239254	38	0.806
chr1	239258	239259	35	0.8317
chr1	239261	239262	25	0.6321
chr1	239266	239267	29	0.709
chr1	239276	239277	27	1.0
chr1	239282	239283	36	0.7534
chr1	239321	239322	34	0.9196
chr1	239337	239338	26	0.8748
chr1	239409	239410	26	0.8308
chr1	239430	239431	29	0.8788
chr1	239435	239436	28	0.8034
chr1	239440	239441	30	0.8877
chr1	239446	239447	32	0.8171
chr1	239451	239452	25	0.6421
chr1	239460	239461	24	0.8184
chr1	239467	239468	32	0.7963
chr1	239474	239475	35	0.9866
chr1	239478	239479	28	0.7953
chr1	239482	239483	34	0.8338
chr1	239497	239498	30	0.8111
chr1	239527	239528	34	0.8592
chr1	239607	239608	20	0.8338
chr1	239635	239636	27	0.8001
chr1	239642	239643	24	0.6929
chr1	239648	239649	28	0.7265
chr1	239663	239664	36	0.8311
chr1	239670	239671	30	0.6813
chr1	239679	239680	28	0.5719
chr1	239685	239686	24	0.866
chr1	239722	239723	20	0.7385
chr1	239724	239725	25	0.8104
chr1	239772	239773	34	0.7709
chr1	239780	239781	30	0.8923
chr1	239783	239784	30	0.7227
chr1	239792	239793	29	0.8227
chr1	239799	239800	30	0.8013
chr1	239814	239815	27	0.7632
chr1	239818	239819	41	0.7605
chr1	239827	239828	18	0.7042
chr1	239832	239833	36	0.7708
chr1	239833	239834	28	0.6926
chr1	239858	239859	28	0.8823
chr1	239864	239865	29	0.8976
chr1	239908	239909	32	0.7745
chr1	239918	239919	23	0.7049
chr1	239932	239933	34	0.6764
chr1	239940	239941	35	0.5036
chr1	239950	239951	22	0.7759
chr1	239956	239957	28	0.6543
chr1	239958	239959	28	0.718
chr1	239970	239971	26	0.7412
chr1	239988	239989	33	0.9934
chr1	239999	240000	25	0.9477
chr1	240006	240007	32	0.8949
chr1	240013	240014	29	1.0
chr1	240022	240023	28	0.8799
chr1	240037	240038	33	0.9552
chr1	240039	240040	33	0.8737
chr1	240079	240080	31	0.9734
chr1	240113	240114	27	0.9057
chr1	240119	240120	25	0.6308
chr1	240127	240128	33	0.6704
chr1	240133	240134	30	0.5677
chr1	240144	240145	21	0.7192
chr1	240154	240155	29	0.5427
chr1	240159	240160	27	0.5706
chr1	240165	240166	21	0.5866
chr1	240173	240174	33	0.6887
chr1	240177	240178	23	0.5011
chr1	240199	240200	34	0.5824
chr1	240221	240222	33	0.7278
chr1	240471	240472	33	0.5303
chr1	240489	240490	23	0.6792
chr1	240613	240614	28	0.6306
chr1	240631	240632	32	0.4593
chr1	240635	240636	30	0.6616
chr1	240707	240708	28	0.5982
chr1	240724	240725	39	0.6749
chr1	240733	240734	27	0.4829
chr1	240744	240745	35	0.6111
chr1	240757	240758	30	0.6963
chr1	240765	240766	26	0.6682
chr1	240774	240775	29	0.7416
chr1	240809	240810	23	0.6961
chr1	240819	240820	23	0.6461
chr1	240858	240859	28	0.7575
chr1	240866	240867	23	0.8146
chr1	240875	240876	27	0.9042
chr1	240882	240883	31	0.9529
chr1	240889	240890	39	0.6759
chr1	240894	240895	34	0.6589
chr1	240902	240903	36	0.7143
chr1	240908	240909	25	0.7525
chr1	240910	240911	27	0.9349
chr1	240960	240961	36	0.8045
chr1	241046	241047	26	0.6956
chr1	241058	241059	33	0.8342
chr1	241063	241064	33	0.921
chr1	241066	241067	38	0.9074
chr1	241074	241075	28	0.6168
chr1	241081	241082	45	0.8044
chr1	241092	241093	25	0.6579
chr1	241102	241103	29	0.863
chr1	241110	241111	18	0.9267
chr1	241113	241114	27	0.9857
chr1	241136	241137	26	0.7799
chr1	241218	241219	25	0.69
chr1	241230	241231	33	0.6963
chr1	241286	241287	32	0.7255
chr1	241316	241317	27	0.7825
chr1	241438	241439	25	0.8508
chr1	241454	241455	20	0.7534
chr1	241456	241457	26	0.8356
chr1	241550	241551	32	0.8669
chr1	241564	241565	29	1.0
chr1	241608	241609	28	0.8933
chr1	241615	241616	22	0.658
chr1	241620	241621	32	0.864
chr1	241627	241628	26	0.8175
chr1	241635	241636	36	0.86
chr1	241650	241651	35	0.7074
chr1	241656	241657	39	0.5473
chr1	241665	241666	25	0.7099
chr1	241680	241681	30	0.8582
chr1	241711	241712	30	0.7421
chr1	241817	241818	26	0.7006
chr1	241929	241930	34	0.7366
chr1	241965	241966	32	0.7578
chr1	242099	242100	30	0.5646
chr1	242147	242148	31	0.6451
chr1	242187	242188	28	0.7132
chr1	242209	242210	27	0.906
chr1	242216	242217	28	0.8195
chr1	242228	242229	25	0.9063
chr1	242232	242233	38	1.0
chr1	242244	242245	32	0.9023
chr1	242250	242251	24	0.9754
chr1	242258	242259	32	0.9228
chr1	242261	242262	22	1.0
chr1	242283	242284	28	0.9615
chr1	242383	242384	35	0.8177
chr1	242413	242414	32	0.8567
chr1	242420	242421	31	0.6999
chr1	242434	242435	26	0.7375
chr1	242447	242448	28	0.8588
chr1	242458	242459	32	0.7903
chr1	242466	242467	25	0.8602
chr1	242487	242488	27	0.7587
chr1	242533	242534	34	0.627
chr1	242549	242550	27	0.5642
chr1	242564	242565	31	0.8842
chr1	242579	242580	20	0.6452
chr1	242585	242586	33	0.735
chr1	242599	242600	24	0.6331
chr1	242621	242622	34	0.647
chr1	242646	242647	37	0.8798
chr1	242653	242654	43	0.8871
chr1	242662	242663	31	0.8813
chr1	242670	242671	27	0.7782
chr1	242685	242686	37	0.7605
chr1	242690	242691	36	0.8918
chr1	242696	242697	24	0.9755
chr1	242742	242743	40	0.7808
chr1	242756	242757	32	0.9239
chr1	242781	242782	28	0.9066
chr1	242786	242787	33	0.788
chr1	242793	242794	34	0.9342
chr1	242805	242806	38	0.6912
chr1	242810	242811	33	0.6496
chr1	242823	242824	21	0.8162
chr1	242831	242832	31	0.7786
chr1	242876	242877	30	0.7111
chr1	242910	242911	32	0.7676
chr1	242928	242929	33	0.7892
chr1	242957	242958	30	0.886
chr1	242971	242972	34	0.6647
chr1	242979	242980	32	0.8154
chr1	242987	242988	21	0.4455
chr1	242997	242998	30	0.5692
chr1	243007	243008	32	0.4383
chr1	243028	243029	33	0.8925
chr1	243054	243055	33	0.9021
chr1	243075	243076	29	0.8265
chr1	243115	243116	32	0.7963
chr1	243148	243149	32	0.9333
chr1	243161	243162	21	0.9851
chr1	243168	243169	25	0.8808
chr1	243178	243179	34	0.8798
chr1	243187	243188	27	0.9739
chr1	243194	243195	33	0.9489
chr1	243198	243199	24	1.0
chr1	243222	243223	31	0.8658
chr1	243246	243247	22	0.8117
chr1	243294	243295	28	0.8794
chr1	243311	243312	29	0.1189
chr1	243316	243317	26	0.2751
chr1	243326	243327	34	0.1892
chr1	243331	243332	32	0.0829
chr1	243336	243337	27	0.1154
chr1	243343	243344	25	0.2847
chr1	243353	243354	33	0.3581
chr1	243362	243363	33	0.2723
chr1	243363	243364	25	0.0816
chr1	243408	243409	39	0.2257
chr1	243456	243457	19	0.1264
chr1	243498	243499	32	0.461
chr1	243507	243508	34	0.6722
chr1	243513	243514	37	0.4835
chr1	243521	243522	33	0.5925
chr1	243527	243528	36	0.5411
chr1	243535	243536	28	0.4507
chr1	243543	243544	27	0.6871
chr1	243548	243549	18	0.7515
chr1	243569	243570	26	0.4939
chr1	243585	243586	32	0.6096
chr1	243671	243672	32	0.4551
chr1	243695	243696	24	0.9833
chr1	243700	243701	31	0.8424
chr1	243712	243713	19	0.8682
chr1	243726	243727	30	0.7436
chr1	243736	243737	22	0.7945
chr1	243745	243746	20	0.9115
chr1	243754	243755	35	1.0
chr1	243804	243805	30	0.8054
chr1	243862	243863	36	0.7576
chr1	243910	243911	33	0.9532
chr1	243925	243926	37	1.0
chr1	243932	243933	20	0.7777
chr1	243945	243946	34	0.7209
chr1	243960	243961	27	0.7917
chr1	243962	243963	26	1.0
chr1	243991	243992	27	0.9107
chr1	244006	244007	29	0.9612
chr1	244058	244059	31	0.8845
chr1	244074	244075	21	0.8715
chr1	244119	244120	25	0.7218
chr1	244133	244134	32	0.7746
chr1	244138	244139	28	0.9122
chr1	244145	244146	34	0.676
chr1	244150	244151	24	0.9107
chr1	244156	244157	30	0.8226
chr1	244165	244166	27	0.7099
chr1	244176	244177	23	0.7483
chr1	244199	244200	21	0.7375
chr1	244226	244227	26	0.7744
chr1	244306	244307	31	0.74
chr1	244322	244323	34	0.8669
chr1	244332	244333	40	0.5756
chr1	244342	244343	20	0.5796
chr1	244350	244351	37	0.6946
chr1	244363	244364	28	0.7007
chr1	244368	244369	20	0.6582
chr1	244371	244372	32	0.6618
chr1	244382	244383	27	0.4993
chr1	244431	244432	27	0.8793
chr1	244503	244504	31	0.5667
chr1	244573	244574	37	0.5491
chr1	244743	244744	36	0.6021
chr1	244763	244764	35	0.6637
chr1	244827	244828	32	0.597
chr1	244909	244910	27	0.5383
chr1	244914	244915	33	0.2077
chr1	244926	244927	24	0.2931
chr1	244933	244934	34	0.1559
chr1	244944	244945	25	0.389
chr1	244949	244950	34	0.2166
chr1	244956	244957	26	0.3485
chr1	244965	244966	29	0.1752
chr1	244966	244967	31	0.2218
chr1	245004	245005	33	0.3862
chr1	245340	245341	27	0.1412
chr1	245426	245427	32	0.1109
chr1	245452	245453	25	0.2982
chr1	245488	245489	26	0.1131
chr1	245500	245501	24	0.1661
chr1	245543	245544	28	0.8994
chr1	245554	245555	30	0.9479
chr1	245566	245567	29	1.0
chr1	245571	245572	22	0.8498
chr1	245585	245586	25	0.8462
chr1	245594	245595	30	0.7824
chr1	245597	245598	23	0.888
chr1	245637	245638	26	0.8957
chr1	245723	245724	30	0.912
chr1	245769	245770	32	0.9151
chr1	245776	245777	32	0.9458
chr1	245783	245784	35	1.0
chr1	245786	245787	28	0.6641
chr1	245800	245801	24	0.8527
chr1	245806	245807	23	0.7818
chr1	245812	245813	32	0.6005
chr1	245824	245825	29	0.682
chr1	245851	245852	31	0.7453
chr1	245921	245922	33	0.8003
chr1	245947	245948	26	0.8295
chr1	245956	245957	26	0.0531
chr1	245968	245969	32	0.1437
chr1	245980	245981	21	0.1285
chr1	245985	245986	29	0.2746
chr1	245990	245991	32	0.2466
chr1	246001	246002	24	0.338
chr1	246006	246007	19	0.1307
chr1	246021	246022	33	0.266
chr1	246063	246064	37	0.2678
chr1	246221	246222	34	0.3613
chr1	246237	246238	24	0.2327
chr1	246241	246242	31	0.0868
chr1	246255	246256	28	0.2814
chr1	246265	246266	31	0.3061
chr1	246311	246312	30	0.2382
chr1	246453	246454	27	0.1846
chr1	246475	246476	23	0.3357
chr1	246487	246488	36	0.1838
chr1	246531	246532	34	0.8987
chr1	246546	246547	27	1.0
chr1	246549	246550	26	0.9151
chr1	246560	246561	37	0.8886
chr1	246571	246572	30	0.7295
chr1	246576	246577	20	0.9104
chr1	246581	246582	32	0.7152
chr1	246600	246601	33	0.7561
chr1	246627	246628	29	1.0
chr1	246681	246682	30	1.0
chr1	246727	246728	38	0.8899
chr1	246750	246751	30	0.0919
chr1	246758	246759	39	0.23
chr1	246764	246765	21	0.1836
chr1	246776	246777	24	0.244
chr1	246784	246785	33	0.2265
chr1	246798	246799	31	0.2139
chr1	246800	246801	27	0.1363
chr1	246846	246847	32	0.199
chr1	246874	246875	30	0.1444
chr1	246882	246883	31	0.8768
chr1	246895	246896	32	0.8972
chr1	246902	246903	32	0.9204
chr1	246917	246918	34	0.8634
chr1	246921	246922	29	0.8738
chr1	246932	246933	24	0.8874
chr1	246952	246953	33	0.8857
chr1	246967	246968	26	1.0
chr1	247037	247038	40	0.8249
chr1	247093	247094	28	0.8708
chr1	247107	247108	24	0.8878
chr1	247159	247160	28	0.8983
chr1	247213	247214	31	0.8019
chr1	247219	247220	30	0.8832
chr1	247221	247222	39	0.9235
chr1	247305	247306	32	0.7941
chr1	247323	247324	25	0.8267
chr1	247333	247334	33	0.7071
chr1	247375	247376	25	0.909
chr1	247382	247383	30	0.9875
chr1	247394	247395	25	0.7122
chr1	247402	247403	23	0.9796
chr1	247406	247407	29	0.9013
chr1	247411	247412	26	0.8691
chr1	247417	247418	26	0.8981
chr1	247425	247426	38	0.7573
chr1	247428	247429	28	0.9605
chr1	247478	247479	33	0.9652
chr1	247498	247499	24	0.8642
chr1	247544	247545	27	0.8578
chr1	247580	247581	24	0.779
chr1	247593	247594	31	0.7286
chr1	247599	247600	29	0.8537
chr1	247610	247611	30	0.7325
chr1	247616	247617	26	0.8539
chr1	247625	247626	35	0.8973
chr1	247632	247633	28	0.8002
chr1	247678	247679	36	0.8786
chr1	247694	247695	24	0.7818
chr1	247739	247740	26	0.2584
chr1	247743	247744	28	0.112
chr1	247753	247754	24	0.2669
chr1	247762	247763	21	0.0715
chr1	247770	247771	39	0.1478
chr1	247776	247777	24	0.4045
chr1	247783	247784	29	0.17
chr1	247789	247790	34	0.1156
chr1	247813	247814	28	0.1612
chr1	247830	247831	31	0.1755
chr1	247926	247927	33	0.1881
chr1	247936	247937	30	0.0601
chr1	247946	247947	31	0.0774
chr1	247961	247962	30	0.0
chr1	247970	247971	24	0.1393
chr1	247985	247986	35	0.1124
chr1	247993	247994	23	0.0552
chr1	248008	248009	29	0.0
chr1	248023	248024	31	0.0623
chr1	248071	248072	34	0.1419
chr1	248108	248109	38	0.2533
chr1	248119	248120	33	0.1939
chr1	248131	248132	20	0.1392
chr1	248138	248139	24	0.0243
chr1	248153	248154	21	0.0
chr1	248158	248159	36	0.1329
chr1	248188	248189	31	0.2187
chr1	248276	248277	31	0.1257
chr1	248285	248286	27	0.9971
chr1	248291	248292	23	0.6952
chr1	248297	248298	33	0.7468
chr1	248304	248305	23	0.8133
chr1	248314	248315	32	0.6753
chr1	248325	248326	33	0.5852
chr1	248332	248333	23	0.856
chr1	248335	248336	24	0.7568
chr1	248374	248375	33	0.6541
chr1	248462	248463	24	0.6429
chr1	248466	248467	25	0.9269
chr1	248522	248523	29	0.9545
chr1	248564	248565	32	0.7662
chr1	248586	248587	28	0.6279
chr1	248618	248619	39	0.6506
chr1	248638	248639	22	0.8586
chr1	248778	248779	38	0.6403
chr1	248838	248839	30	0.8834
chr1	248872	248873	29	0.6939
chr1	248886	248887	25	0.8277
chr1	248890	248891	29	0.7103
chr1	248902	248903	32	0.3814
chr1	248909	248910	25	0.6738
chr1	248916	248917	36	0.6192
chr1	248924	248925	32	0.4991
chr1	248933	248934	27	0.6114
chr1	248939	248940	21	0.7458
chr1	248943	248944	26	0.5499
chr1	248966	248967	28	0.8539
chr1	248990	248991	30	0.7765
chr1	249014	249015	37	0.8212
chr1	249094	249095	27	0.6745
chr1	249130	249131	32	0.9382
chr1	249135	249136	29	0.933
chr1	249147	249148	30	0.7178
chr1	249153	249154	27	0.6256
chr1	249168	249169	24	0.8866
chr1	249179	249180	36	0.9885
chr1	249180	249181	38	0.6593
chr1	249195	249196	23	0.6418
chr1	249210	249211	26	0.8494
chr1	249320	249321	22	1.0
chr1	249330	249331	25	1.0
chr1	249374	249375	28	0.798
chr1	249381	249382	32	0.9497
chr1	249388	249389	39	0.9105
chr1	249401	249402	34	0.9288
chr1	249409	249410	29	0.7883
chr1	249412	249413	27	0.8122
chr1	249423	249424	36	0.8647
chr1	249429	249430	31	0.8768
chr1	249469	249470	22	0.8585
chr1	249484	249485	33	0.8251
chr1	249490	249491	29	0.8817
chr1	249525	249526	30	1.0
chr1	249529	249530	33	0.996
chr1	249536	249537	19	0.3183
chr1	249542	249543	41	0.5271
chr1	249553	249554	24	0.3403
chr1	249561	249562	36	0.322
chr1	249568	249569	26	0.5074
chr1	249577	249578	28	0.182
chr1	249579	249580	24	0.3664
chr1	249602	249603	25	0.3213
chr1	249622	249623	29	0.939
chr1	249694	249695	26	0.943
chr1	249700	249701	26	0.7424
chr1	249724	249725	31	0.9136
chr1	249732	249733	35	0.8788
chr1	249742	249743	34	0.7648
chr1	249750	249751	23	0.8349
chr1	249760	249761	37	0.8785
chr1	249774	249775	29	0.8632
chr1	249799	249800	24	0.7888
chr1	249827	249828	38	1.0
chr1	249869	249870	40	0.9172
chr1	249874	249875	25	0.198
chr1	249889	249890	29	0.1322
chr1	249895	249896	31	0.0568
chr1	249902	249903	33	0.0265
chr1	249915	249916	26	0.0877
chr1	249923	249924	24	0.0568
chr1	249924	249925	35	0.0
chr1	249966	249967	36	0.0558
chr1	250026	250027	27	0.0
chr1	250046	250047	30	0.1715
chr1	250048	250049	31	0.0433
chr1	250116	250117	25	0.1687
chr1	250144	250145	31	0.1387
chr1	250284	250285	28	0.1111
chr1	250323	250324	29	0.8027
chr1	250330	250331	32	0.6905
chr1	250335	250336	36	0.7295
chr1	250344	250345	36	0.7012
chr1	250351	250352	29	0.4407
chr1	250363	250364	33	0.4711
chr1	250371	250372	18	0.83
chr1	250373	250374	20	0.7645
chr1	250420	250421	25	0.8297
chr1	250455	250456	24	0.9156
chr1	250459	250460	31	0.8923
chr1	250493	250494	30	0.071
chr1	250502	250503	27	0.1727
chr1	250508	250509	37	0.0114
chr1	250514	250515	22	0.0323
chr1	250522	250523	26	0.0
chr1	250536	250537	33	0.0914
chr1	250543	250544	34	0.0
chr1	250547	250548	27	0.0651
chr1	250589	250590	23	0.0408
chr1	250671	250672	29	0.1381
chr1	250681	250682	28	0.9003
chr1	250696	250697	27	0.8121
chr1	250705	250706	26	0.742
chr1	250720	250721	31	0.8627
chr1	250725	250726	30	0.7517
chr1	250730	250731	25	0.9138
chr1	250731	250732	33	0.7217
chr1	250756	250757	24	0.6429
chr1	250773	250774	38	0.6468
chr1	250787	250788	28	0.6918
chr1	250825	250826	32	0.5903
chr1	250875	250876	29	0.834
chr1	250931	250932	25	0.7426
chr1	251015	251016	20	0.7348
chr1	251101	251102	31	0.8494
chr1	251183	251184	29	0.704
chr1	251201	251202	30	0.7249
chr1	251273	251274	16	0.5748
chr1	251278	251279	29	0.7487
chr1	251284	251285	37	0.7188
chr1	251288	251289	26	0.7327
chr1	251295	251296	15	0.9169
chr1	251310	251311	38	0.8667
chr1	251315	251316	27	0.7041
chr1	251324	251325	31	0.8672
chr1	251328	251329	32	0.6486
chr1	251355	251356	25	0.6995
chr1	251371	251372	32	0.7919
chr1	251485	251486	40	0.6674
chr1	251591	251592	32	0.962
chr1	251613	251614	27	0.8247
chr1	251657	251658	25	0.7999
chr1	251679	251680	35	0.8995
chr1	251721	251722	32	0.6394
chr1	251749	251750	30	0.6349
chr1	251779	251780	30	0.697
chr1	251839	251840	30	0.7588
chr1	251847	251848	30	0.7629
chr1	251855	251856	21	0.7669
chr1	251862	251863	35	0.8725
chr1	251871	251872	28	0.8866
chr1	251886	251887	26	1.0
chr1	251891	251892	32	0.9096
chr1	251898	251899	24	1.0
chr1	251915	251916	31	0.9232
chr1	251930	251931	30	0.8095
chr1	251952	251953	28	0.869
chr1	252036	252037	32	1.0
chr1	252060	252061	30	0.948
chr1	252088	252089	36	0.69
chr1	252138	252139	33	0.8449
chr1	252308	252309	29	0.9043
chr1	252312	252313	25	0.9282
chr1	252332	252333	32	0.7727
chr1	252350	252351	34	0.9599
chr1	252422	252423	18	0.7182
chr1	252433	252434	30	0.6005
chr1	252438	252439	22	0.6657
chr1	252449	252450	42	0.7938
chr1	252455	252456	25	0.6511
chr1	252469	252470	35	0.7405
chr1	252477	252478	35	0.7736
chr1	252480	252481	41	0.7446
chr1	252483	252484	21	0.7603
chr1	252510	252511	36	0.6503
chr1	252530	252531	24	0.6266
chr1	252584	252585	33	0.8675
chr1	252600	252601	37	0.6617
chr1	252648	252649	36	0.0257
chr1	252658	252659	34	0.0953
chr1	252662	252663	38	0.0056
chr1	252666	252667	25	0.0869
chr1	252676	252677	28	0.1129
chr1	252691	252692	32	0.0
chr1	252698	252699	21	0.089
chr1	252724	252725	34	0.0075
chr1	252741	252742	18	0.117
chr1	252793	252794	20	0.0432
chr1	252809	252810	25	0.0617
chr1	252821	252822	34	0.2576
chr1	252826	252827	21	0.1109
chr1	252831	252832	27	0.3656
chr1	252837	252838	26	0.0197
chr1	252847	252848	28	0.3658
chr1	252852	252853	22	0.1263
chr1	252862	252863	21	0.2802
chr1	252866	252867	27	0.1783
chr1	252871	252872	25	0.3044
chr1	252890	252891	34	0.3324
chr1	252910	252911	29	0.0919
chr1	252972	252973	27	0.159
chr1	252977	252978	32	0.838
chr1	252983	252984	32	0.7545
chr1	252989	252990	40	0.6866
chr1	252995	252996	27	0.8944
chr1	253001	253002	31	0.6086
chr1	253006	253007	39	0.7901
chr1	253016	253017	26	0.7271
chr1	253027	253028	27	0.7188
chr1	253060	253061	24	0.5682
chr1	253078	253079	28	0.6659
chr1	253316	253317	29	0.7707
chr1	253432	253433	27	0.7879
chr1	253434	253435	28	0.8001
chr1	253450	253451	25	0.8791
chr1	253478	253479	32	0.0728
chr1	253484	253485	38	0.0674
chr1	253489	253490	32	0.0945
chr1	253504	253505	32	0.1265
chr1	253513	253514	20	0.0971
chr1	253523	253524	26	0.153
chr1	253528	253529	21	0.0
chr1	253624	253625	30	0.1069
chr1	253670	253671	24	0.8642
chr1	253679	253680	33	0.8421
chr1	253687	253688	28	0.8735
chr1	253694	253695	35	0.8531
chr1	253706	253707	29	0.897
chr1	253715	253716	22	0.8275
chr1	253723	253724	30	0.7775
chr1	253767	253768	22	0.7111
chr1	253795	253796	30	0.9319
chr1	253805	253806	33	0.9239
chr1	253810	253811	28	0.8636
chr1	253817	253818	24	0.9262
chr1	253830	253831	28	0.954
chr1	253840	253841	21	1.0
chr1	253843	253844	32	0.9107
chr1	253848	253849	20	0.8599
chr1	253854	253855	31	0.9148
chr1	253855	253856	34	0.8825
chr1	253880	253881	27	0.7769
chr1	253950	253951	23	0.8163
chr1	253988	253989	33	0.8374
chr1	254066	254067	31	0.8025
chr1	254078	254079	30	0.6592
chr1	254162	254163	31	0.9165
chr1	254176	254177	36	0.8314
chr1	254234	254235	31	0.845
chr1	254240	254241	15	0.7339
chr1	254280	254281	23	0.7996
chr1	254296	254297	27	0.9277
chr1	254332	254333	31	0.669
chr1	254336	254337	28	0.6595
chr1	254339	254340	25	0.9142
chr1	254346	254347	22	0.9801
chr1	254361	254362	35	0.6949
chr1	254372	254373	30	0.7542
chr1	254380	254381	34	0.8491
chr1	254382	254383	28	0.7497
chr1	254390	254391	34	0.7766
chr1	254444	254445	34	0.8943
chr1	254491	254492	23	0.5951
chr1	254500	254501	33	0.7319
chr1	254512	254513	36	0.743
chr1	254527	254528	24	0.6791
chr1	254534	254535	26	0.7759
chr1	254541	254542	23	0.7429
chr1	254588	254589	30	0.5717
chr1	254638	254639	32	0.6961
chr1	254662	254663	22	0.7971
chr1	254699	254700	37	0.2814
chr1	254705	254706	30	0.0621
chr1	254715	254716	25	0.067
chr1	254730	254731	34	0.1204
chr1	254740	254741	28	0.029
chr1	254747	254748	29	0.1254
chr1	254750	254751	36	0.167
chr1	254797	254798	36	0.1492
chr1	254849	254850	31	0.2292
chr1	254879	254880	29	0.2231
chr1	254911	254912	35	0.6657
chr1	254922	254923	31	0.7858
chr1	254929	254930	34	0.6766
chr1	254933	254934	32	0.6361
chr1	254943	254944	24	0.7162
chr1	254946	254947	31	0.6478
chr1	254961	254962	34	0.6403
chr1	255006	255007	29	0.6593
chr1	255094	255095	29	0.7194
chr1	255130	255131	24	0.8372
chr1	255134	255135	35	0.8576
chr1	255140	255141	29	0.9446
chr1	255146	255147	34	0.9477
chr1	255161	255162	32	0.9604
chr1	255170	255171	29	1.0
chr1	255175	255176	40	0.8987
chr1	255180	255181	32	0.8636
chr1	255195	255196	28	0.8694
chr1	255223	255224	28	0.8935
chr1	255273	255274	32	0.9376
chr1	255321	255322	28	0.7901
chr1	255342	255343	31	0.8998
chr1	255348	255349	23	0.7531
chr1	255358	255359	33	0.7965
chr1	255366	255367	23	0.7641
chr1	255370	255371	27	0.7567
chr1	255377	255378	16	0.7646
chr1	255385	255386	28	0.9112
chr1	255392	255393	27	0.9483
chr1	255431	255432	25	0.6369
chr1	255505	255506	30	0.8371
chr1	255529	255530	33	0.7129
chr1	255538	255539	32	0.9467
chr1	255545	255546	28	1.0
chr1	255555	255556	29	0.8992
chr1	255562	255563	33	0.7163
chr1	255566	255567	29	0.8359
chr1	255571	255572	27	0.8993
chr1	255579	255580	31	1.0
chr1	255601	255602	26	0.8698
chr1	255617	255618	22	0.8113
chr1	255703	255704	34	0.8261
chr1	255709	255710	28	0.8097
chr1	255715	255716	30	0.8324
chr1	255720	255721	21	0.7224
chr1	255725	255726	30	0.7953
chr1	255732	255733	24	0.7029
chr1	255737	255738	31	0.6448
chr1	255744	255745	36	0.7056
chr1	255756	255757	34	0.712
chr1	255759	255760	28	0.8032
chr1	255800	255801	39	0.7529
chr1	255872	255873	34	0.5863
chr1	255968	255969	33	0.7274
chr1	256032	256033	26	0.766
chr1	256054	256055	23	0.7818
chr1	256072	256073	32	0.8646
chr1	256104	256105	38	0.6393
chr1	256140	256141	35	0.6537
chr1	256156	256157	24	0.7653
chr1	256161	256162	37	0.0
chr1	256167	256168	25	0.2356
chr1	256182	256183	32	0.1402
chr1	256194	256195	41	0.0
chr1	256205	256206	37	0.1235
chr1	256211	256212	32	0.0636
chr1	256244	256245	32	0.0
chr1	256400	256401	17	0.1276
chr1	256438	256439	41	0.0628
chr1	256552	256553	21	0.1318
chr1	256628	256629	28	0.1603
chr1	256684	256685	35	0.1572
chr1	256736	256737	33	0.1647
chr1	256742	256743	25	0.2058
chr1	256778	256779	26	0.7223
chr1	256784	256785	26	0.6039
chr1	256792	256793	23	0.6529
chr1	256797	256798	35	0.6133
chr1	256804	256805	37	0.728
chr1	256807	256808	21	0.8248
chr1	256814	256815	30	0.5255
chr1	256818	256819	34	0.7895
chr1	256828	256829	24	0.6463
chr1	256862	256863	25	0.6023
chr1	256888	256889	36	0.9439
chr1	256903	256904	31	0.8025
chr1	256913	256914	33	0.7809
chr1	256918	256919	30	0.7173
chr1	256924	256925	32	0.714
chr1	256929	256930	24	0.7511
chr1	256938	256939	27	0.8426
chr1	256954	256955	35	0.7343
chr1	256969	256970	25	0.6362
chr1	256991	256992	25	0.8313
chr1	257029	257030	31	0.6022
chr1	257035	257036	34	0.6776
chr1	257043	257044	27	0.6937
chr1	257049	257050	38	0.5398
chr1	257060	257061	26	0.7133
chr1	257068	257069	30	0.8618
chr1	257074	257075	31	0.8023
chr1	257079	257080	32	0.6811
chr1	257114	257115	31	0.8179
chr1	257140	257141	32	0.8354
chr1	257168	257169	25	0.8441
chr1	257173	257174	29	0.6787
chr1	257178	257179	27	0.6506
chr1	257185	257186	30	0.8119
chr1	257194	257195	37	0.7735
chr1	257205	257206	26	0.8083
chr1	257210	257211	26	0.6293
chr1	257213	257214	36	0.8247
chr1	257219	257220	31	0.7409
chr1	257230	257231	26	0.6559
chr1	257231	257232	21	0.6758
chr1	257271	257272	42	0.7415
chr1	257309	257310	23	0.7932
chr1	257385	257386	24	0.631
chr1	257477	257478	29	0.8412
chr1	257529	257530	41	0.6764
chr1	257543	257544	28	0.6643
chr1	257613	257614	26	0.799
chr1	257635	257636	26	0.0238
chr1	257639	257640	27	0.2976
chr1	257647	257648	34	0.1899
chr1	257662	257663	30	0.2651
chr1	257665	257666	35	0.3353
chr1	257669	257670	32	0.1527
chr1	257677	257678	23	0.1214
chr1	257683	257684	31	0.1816
chr1	257691	257692	26	0.1556
chr1	257693	257694	36	0.2733
chr1	257709	257710	36	0.1034
chr1	257724	257725	34	0.2621
chr1	257796	257797	36	0.1634
chr1	257843	257844	37	0.7331
chr1	257848	257849	31	0.8935
chr1	257862	257863	27	0.8808
chr1	257868	257869	28	0.8772
chr1	257878	257879	28	0.9003
chr1	257883	257884	24	0.8624
chr1	257887	257888	28	0.8252
chr1	257893	257894	33	0.9162
chr1	257934	257935	29	0.9632
chr1	258020	258021	27	0.8151
chr1	258024	258025	28	0.8011
chr1	258055	258056	32	0.011
chr1	258063	258064	31	0.0
chr1	258070	258071	29	0.1682
chr1	258076	258077	37	0.084
chr1	258083	258084	20	0.2278
chr1	258092	258093	22	0.0331
chr1	258105	258106	22	0.0
chr1	258151	258152	33	0.0277
chr1	258171	258172	26	0.0672
chr1	258189	258190	29	0.1357
chr1	258199	258200	35	0.9321
chr1	258214	258215	39	0.7928
chr1	258218	258219	30	0.7638
chr1	258231	258232	30	0.9124
chr1	258240	258241	28	0.8855
chr1	258244	258245	32	0.7291
chr1	258249	258250	39	0.8525
chr1	258269	258270	32	0.7584
chr1	258295	258296	30	0.6865
chr1	258431	258432	27	0.7361
chr1	258445	258446	35	0.7673
chr1	258461	258462	32	0.8269
chr1	258475	258476	26	0.8082
chr1	258587	258588	32	0.8057
chr1	258705	258706	26	0.7616
chr1	258711	258712	31	0.6855
chr1	258751	258752	39	0.1735
chr1	258755	258756	37	0.0158
chr1	258764	258765	26	0.0586
chr1	258775	258776	15	0.2604
chr1	258789	258790	31	0.2701
chr1	258795	258796	36	0.1601
chr1	258804	258805	39	0.2599
chr1	258854	258855	35	0.0976
chr1	258950	258951	26	0.2035
chr1	258952	258953	26	0.177
chr1	258975	258976	34	0.6674
chr1	258982	258983	29	0.7909
chr1	258989	258990	34	0.6583
chr1	258992	258993	29	0.7993
chr1	258998	258999	40	0.7561
chr1	259005	259006	27	0.759
chr1	259012	259013	24	0.5574
chr1	259020	259021	27	0.7392
chr1	259025	259026	33	0.5435
chr1	259068	259069	34	0.6615
chr1	259130	259131	37	0.8495
chr1	259139	259140	33	0.7637
chr1	259145	259146	34	0.8326
chr1	259152	259153	32	0.7742
chr1	259157	259158	37	0.8445
chr1	259167	259168	34	0.8923
chr1	259171	259172	34	0.7687
chr1	259178	259179	25	0.812
chr1	259188	259189	27	0.9425
chr1	259194	259195	28	0.9648
chr1	259214	259215	33	0.9617
chr1	259246	259247	21	0.8432
chr1	259398	259399	30	0.7878
chr1	259426	259427	33	0.8693
chr1	259560	259561	28	0.9358
chr1	259604	259605	30	0.9034
chr1	259652	259653	28	0.9059
chr1	259660	259661	20	0.0372
chr1	259666	259667	29	0.0
chr1	259673	259674	28	0.0
chr1	259681	259682	30	0.0
chr1	259685	259686	23	0.0459
chr1	259689	259690	37	0.0632
chr1	259697	259698	30	0.0
chr1	259703	259704	20	0.0
chr1	259712	259713	23	0.0504
chr1	259714	259715	37	0.0129
chr1	259753	259754	28	0.0
chr1	259765	259766	40	0.1435
chr1	259797	259798	34	0.1243
chr1	259835	259836	24	0.1372
chr1	259897	259898	27	0.1102
chr1	260063	260064	28	0.1202
chr1	260185	260186	33	0.0749
chr1	260217	260218	32	0.0825
chr1	260227	260228	33	0.0767
chr1	260234	260235	35	0.1622
chr1	260241	260242	30	0.1251
chr1	260252	260253	25	0.1127
chr1	260264	260265	30	0.0191
chr1	260267	260268	33	0.3057
chr1	260292	260293	30	0.2172
chr1	260346	260347	24	0.1366
chr1	260352	260353	26	0.1277
chr1	260393	260394	20	0.9716
chr1	260396	260397	23	1.0
chr1	260403	260404	34	0.83
chr1	260414	260415	26	0.8616
chr1	260422	260423	30	0.9007
chr1	260434	260435	31	0.8513
chr1	260443	260444	28	0.7441
chr1	260487	260488	43	0.8342
chr1	260573	260574	30	0.8006
chr1	260587	260588	19	0.9178
chr1	260617	260618	35	0.1923
chr1	260627	260628	31	0.2024
chr1	260632	260633	24	0.1546
chr1	260635	260636	30	0.162
chr1	260650	260651	23	0.2309
chr1	260661	260662	29	0.1083
chr1	260665	260666	32	0.2933
chr1	260667	260668	23	0.2459
chr1	260711	260712	42	0.1701
chr1	260763	260764	34	0.2324
chr1	260809	260810	34	0.6817
chr1	260823	260824	32	0.745
chr1	260829	260830	38	0.8471
chr1	260844	260845	29	0.8211
chr1	260859	260860	29	0.8146
chr1	260893	260894	30	0.7835
chr1	260933	260934	37	0.7856
chr1	260978	260979	27	0.7227
chr1	260989	260990	26	0.9906
chr1	260994	260995	26	0.848
chr1	260998	260999	28	0.7158
chr1	261008	261009	33	0.8799
chr1	261016	261017	20	0.8996
chr1	261022	261023	25	0.826
chr1	261028	261029	33	0.8209
chr1	261071	261072	30	0.6967
chr1	261097	261098	35	0.8138
chr1	261128	261129	33	0.2212
chr1	261137	261138	22	0.0948
chr1	261148	261149	34	0.2029
chr1	261163	261164	23	0.2565
chr1	261174	261175	20	0.2871
chr1	261178	261179	32	0.1827
chr1	261260	261261	26	0.1152
chr1	261285	261286	28	0.8603
chr1	261291	261292	27	0.9735
chr1	261301	261302	28	0.9016
chr1	261316	261317	25	0.9445
chr1	261327	261328	29	0.808
chr1	261335	261336	28	0.8567
chr1	261399	261400	34	0.9177
chr1	261419	261420	27	0.8464
chr1	261450	261451	32	0.7081
chr1	261460	261461	31	0.7891
chr1	261464	261465	28	0.9304
chr1	261471	261472	20	0.5971
chr1	261474	261475	33	0.8172
chr1	261489	261490	24	0.9529
chr1	261494	261495	36	0.8726
chr1	261502	261503	21	0.8584
chr1	261512	261513	32	0.9092
chr1	261539	261540	32	0.9211
chr1	261567	261568	35	0.762
chr1	261625	261626	39	0.8873
chr1	261657	261658	32	0.8997
chr1	261667	261668	31	0.9196
chr1	261679	261680	23	0.8587
chr1	261691	261692	35	1.0
chr1	261703	261704	25	0.8793
chr1	261707	261708	35	0.812
chr1	261730	261731	28	0.9235
chr1	261752	261753	15	0.9192
chr1	261796	261797	36	0.8032
chr1	261803	261804	26	0.9031
chr1	261810	261811	28	0.8143
chr1	261820	261821	30	0.9509
chr1	261828	261829	29	1.0
chr1	261843	261844	23	0.8941
chr1	261849	261850	36	0.8033
chr1	261869	261870	31	0.9209
chr1	261961	261962	29	0.8937
chr1	261966	261967	32	0.7376
chr1	261974	261975	36	0.6109
chr1	261987	261988	31	0.6116
chr1	261997	261998	33	0.7093
chr1	262007	262008	34	0.8743
chr1	262020	262021	30	0.8011
chr1	262023	262024	30	0.7826
chr1	262047	262048	26	0.8698
chr1	262070	262071	35	0.6426
chr1	262088	262089	33	0.6492
chr1	262152	262153	26	0.6607
chr1	262194	262195	32	0.6452
chr1	262352	262353	27	0.8819
chr1	262382	262383	31	0.7637
chr1	262438	262439	34	0.7743
chr1	262544	262545	32	0.6884
chr1	262554	262555	31	0.6495
chr1	262560	262561	34	0.5768
chr1	262564	262565	24	0.8432
chr1	262571	262572	24	0.8953
chr1	262583	262584	30	0.8643
chr1	262598	262599	25	0.7793
chr1	262604	262605	22	0.8603
chr1	262619	262620	37	0.6811
chr1	262634	262635	31	0.7541
chr1	262654	262655	21	0.7043
chr1	262748	262749	29	0.6657
chr1	262778	262779	29	0.7769
chr1	262816	262817	28	0.8341
chr1	262830	262831	33	0.8674
chr1	262874	262875	27	0.5621
chr1	262968	262969	29	0.7337
chr1	262998	262999	33	0.8534
chr1	263032	263033	27	0.7245
chr1	263074	263075	28	0.6242
chr1	263084	263085	34	0.0
chr1	263089	263090	32	0.1763
chr1	263100	263101	29	0.0841
chr1	263114	263115	38	0.1978
chr1	263122	263123	23	0.0801
chr1	263129	263130	31	0.3175
chr1	263134	263135	31	0.2405
chr1	263174	263175	23	0.1725
chr1	263194	263195	34	0.2452
chr1	263216	263217	31	0.1767
chr1	263222	263223	29	0.657
chr1	263227	263228	23	1.0
chr1	263241	263242	33	0.8522
chr1	263253	263254	27	0.6972
chr1	263263	263264	25	0.8534
chr1	263272	263273	25	0.9812
chr1	263311	263312	33	0.7279
chr1	263383	263384	27	0.8333
chr1	263395	263396	32	0.7432
chr1	263431	263432	40	0.8006
chr1	263485	263486	25	0.7949
chr1	263521	263522	32	0.8462
chr1	263549	263550	25	0.748
chr1	263629	263630	29	0.8326
chr1	263691	263692	28	0.8984
chr1	263785	263786	21	0.8578
chr1	263793	263794	28	0.8314
chr1	263812	263813	29	0.1086
chr1	263817	263818	36	0.1195
chr1	263826	263827	39	0.0641
chr1	263833	263834	31	0.1267
chr1	263843	263844	35	0.1788
chr1	263849	263850	41	0.0379
chr1	263859	263860	29	0.0787
chr1	263862	263863	34	0.0955
chr1	263890	263891	31	0.1991
chr1	263900	263901	24	0.1564
chr1	263939	263940	30	1.0
chr1	263954	263955	25	0.8733
chr1	263961	263962	24	0.9581
chr1	263972	263973	28	1.0
chr1	263986	263987	28	0.8321
chr1	263995	263996	23	0.8931
chr1	264045	264046	35	0.9493
chr1	264051	264052	40	0.9096
chr1	264111	264112	29	0.8237
chr1	264160	264161	28	0.8978
chr1	264166	264167	34	0.6777
chr1	264173	264174	25	0.885
chr1	264179	264180	30	0.8896
chr1	264190	264191	23	0.8019
chr1	264196	264197	29	0.8787
chr1	264205	264206	35	0.8532
chr1	264210	264211	31	0.7768
chr1	264246	264247	30	0.7597
chr1	264314	264315	29	0.8769
chr1	264358	264359	33	0.7263
chr1	264364	264365	28	0.767
chr1	264370	264371	26	0.889
chr1	264375	264376	32	0.7755
chr1	264388	264389	34	0.8001
chr1	264401	264402	25	0.7273
chr1	264408	264409	31	0.7298
chr1	264423	264424	32	0.7427
chr1	264449	264450	34	0.5896
chr1	264453	264454	20	0.6325
chr1	264463	264464	27	0.9705
chr1	264468	264469	28	0.9425
chr1	264476	264477	35	0.9537
chr1	264489	264490	32	0.9729
chr1	264494	264495	27	0.9922
chr1	264501	264502	35	0.9415
chr1	264512	264513	26	0.846
chr1	264514	264515	32	0.9973
chr1	264541	264542	32	0.9479
chr1	264556	264557	27	0.9142
chr1	264646	264647	34	0.8404
chr1	264655	264656	29	0.676
chr1	264664	264665	30	0.4742
chr1	264677	264678	25	0.8775
chr1	264692	264693	28	0.7974
chr1	264705	264706	33	0.6361
chr1	264713	264714	26	0.6496
chr1	264729	264730	23	0.7557
chr1	264757	264758	26	0.7737
chr1	264791	264792	25	0.8281
chr1	264811	264812	24	0.7466
chr1	264891	264892	32	0.7703
chr1	264933	264934	28	0.7576
chr1	264959	264960	28	0.6862
chr1	264989	264990	32	0.6484
chr1	265059	265060	36	0.6932
chr1	265067	265068	27	0.7196
chr1	265133	265134	36	0.7427
chr1	265144	265145	33	0.7451
chr1	265156	265157	33	0.7585
chr1	265171	265172	27	0.9383
chr1	265179	265180	24	0.5749
chr1	265190	265191	41	0.4348
chr1	265195	265196	36	0.4674
chr1	265245	265246	29	0.8386
chr1	265320	265321	19	0.7691
chr1	265341	265342	25	0.7693
chr1	265344	265345	34	0.6573
chr1	265359	265360	29	0.9079
chr1	265362	265363	33	0.7505
chr1	265370	265371	26	0.8845
chr1	265377	265378	27	0.8678
chr1	265384	265385	30	0.7266
chr1	265390	265391	30	0.9266
chr1	265391	265392	21	0.8582
chr1	265427	265428	41	0.7242
chr1	265503	265504	23	0.8545
chr1	265546	265547	25	0.7869
chr1	265551	265552	20	0.8099
chr1	265561	265562	26	0.8821
chr1	265572	265573	26	0.7652
chr1	265580	265581	31	0.6328
chr1	265594	265595	37	0.7194
chr1	265596	265597	41	0.9577
chr1	265635	265636	33	0.8303
chr1	265639	265640	37	0.9143
chr1	265697	265698	27	0.829
chr1	265704	265705	32	0.8421
chr1	265714	265715	35	0.8627
chr1	265725	265726	26	0.6824
chr1	265740	265741	28	0.6308
chr1	265749	265750	21	0.6724
chr1	265757	265758	36	0.8131
chr1	265806	265807	30	0.7491
chr1	265824	265825	24	0.7069
chr1	265838	265839	31	0.7503
chr1	265888	265889	35	0.8544
chr1	265902	265903	30	0.6212
chr1	266004	266005	22	0.836
chr1	266020	266021	34	0.7493
chr1	266052	266053	35	0.8378
chr1	266106	266107	28	0.7732
chr1	266184	266185	36	0.8156
chr1	266189	266190	26	0.898
chr1	266193	266194	43	0.9405
chr1	266201	266202	33	0.7838
chr1	266209	266210	31	0.9191
chr1	266222	266223	35	0.9151
chr1	266228	266229	25	0.9993
chr1	266235	266236	26	0.8461
chr1	266239	266240	22	0.7604
chr1	266265	266266	28	0.874
chr1	266373	266374	37	0.938
chr1	266405	266406	26	0.9481
chr1	266439	266440	32	0.9522
chr1	266651	266652	32	0.9633
chr1	266709	266710	21	0.8759
chr1	266761	266762	23	0.8548
chr1	266796	266797	33	0.7113
chr1	266811	266812	28	0.7695
chr1	266826	266827	38	0.9175
chr1	266835	266836	34	0.85
chr1	266841	266842	22	0.7683
chr1	266849	266850	20	0.7504
chr1	266874	266875	32	0.6277
chr1	266954	266955	38	0.8043
chr1	266979	266980	33	0.7346
chr1	266985	266986	34	0.6981
chr1	266996	266997	32	0.7431
chr1	267001	267002	32	0.5998
chr1	267013	267014	20	0.5948
chr1	267020	267021	36	0.6144
chr1	267027	267028	34	0.655
chr1	267031	267032	32	0.6572
chr1	267033	267034	37	0.6641
chr1	267071	267072	31	0.6214
chr1	267121	267122	28	0.7269
chr1	267133	267134	33	0.6418
chr1	267145	267146	29	0.694
chr1	267151	267152	29	1.0
chr1	267159	267160	36	1.0
chr1	267164	267165	33	1.0
chr1	267175	267176	22	0.5681
chr1	267185	267186	32	0.4565
chr1	267193	267194	24	0.6871
chr1	267195	267196	30	0.9723
chr1	267226	267227	31	0.5981
chr1	267314	267315	25	0.8369
chr1	267348	267349	23	0.791
chr1	267354	267355	33	0.9074
chr1	267369	267370	23	0.8366
chr1	267377	267378	33	0.5898
chr1	267390	267391	30	0.7877
chr1	267398	267399	30	0.8847
chr1	267413	267414	27	0.8497
chr1	267436	267437	29	0.6743
chr1	267448	267449	22	0.8705
chr1	267468	267469	28	0.9502
chr1	267518	267519	33	0.638
chr1	267523	267524	26	0.8696
chr1	267532	267533	27	0.7414
chr1	267541	267542	36	0.9192
chr1	267547	267548	32	0.6591
chr1	267560	267561	30	0.7351
chr1	267563	267564	34	0.6679
chr1	267568	267569	22	0.7323
chr1	267594	267595	29	0.5488
chr1	267642	267643	23	0.9429
chr1	267683	267684	23	0.0922
chr1	267690	267691	34	0.0633
chr1	267703	267704	30	0.0
chr1	267707	267708	34	0.0704
chr1	267716	267717	26	0.0
chr1	267728	267729	33	0.0257
chr1	267733	267734	32	0.0
chr1	267776	267777	31	0.0261
chr1	267808	267809	34	0.115
chr1	267860	267861	32	0.0302
chr1	267869	267870	27	0.2988
chr1	267875	267876	24	0.3514
chr1	267883	267884	30	0.2026
chr1	267888	267889	23	0.0619
chr1	267893	267894	36	0.1787
chr1	267901	267902	31	0.0394
chr1	267909	267910	30	0.2151
chr1	267918	267919	24	0.2359
chr1	267919	267920	19	0.3149
chr1	267983	267984	35	0.3163
chr1	268009	268010	30	0.2699
chr1	268085	268086	19	0.2278
chr1	268145	268146	32	0.1215
chr1	268175	268176	34	0.2559
chr1	268213	268214	29	0.2476
chr1	268335	268336	23	0.2346
chr1	268343	268344	33	0.1073
chr1	268387	268388	24	0.1098
chr1	268403	268404	29	0.7908
chr1	268409	268410	35	0.7927
chr1	268421	268422	21	0.9488
chr1	268425	268426	39	0.6444
chr1	268432	268433	28	0.8647
chr1	268444	268445	24	0.7305
chr1	268455	268456	25	0.8856
chr1	268480	268481	30	0.8872
chr1	268599	268600	28	0.7807
chr1	268607	268608	23	0.0
chr1	268621	268622	23	0.0275
chr1	268626	268627	36	0.0857
chr1	268631	268632	22	0.0102
chr1	268637	268638	29	0.1657
chr1	268640	268641	29	0.0567
chr1	268646	268647	25	0.1638
chr1	268654	268655	27	0.2498
chr1	268657	268658	30	0.0482
chr1	268695	268696	26	0.0323
chr1	268711	268712	32	0.0601
chr1	268761	268762	24	0.0092
chr1	268763	268764	26	0.0836
chr1	268775	268776	23	0.1099
chr1	268793	268794	26	0.1163
chr1	268837	268838	26	0.0792
chr1	268847	268848	29	0.0557
chr1	268935	268936	25	0.0893
chr1	269121	269122	33	0.1157
chr1	269135	269136	25	0.6611
chr1	269139	269140	26	0.4353
chr1	269145	269146	33	0.6791
chr1	269160	269161	36	0.6415
chr1	269170	269171	24	0.4779
chr1	269178	269179	25	0.5015
chr1	269185	269186	28	0.567
chr1	269187	269188	29	0.6442
chr1	269237	269238	33	0.4331
chr1	269295	269296	36	0.4924
chr1	269309	269310	25	0.5431
chr1	269321	269322	25	0.9974
chr1	269330	269331	30	0.8723
chr1	269345	269346	27	0.901
chr1	269350	269351	25	1.0
chr1	269358	269359	30	0.9971
chr1	269362	269363	30	0.8502
chr1	269369	269370	29	1.0
chr1	269371	269372	34	0.8673
chr1	269419	269420	37	1.0
chr1	269433	269434	22	0.9003
chr1	269467	269468	33	0.9212
chr1	269490	269491	23	0.79
chr1	269503	269504	32	0.6276
chr1	269509	269510	25	0.8592
chr1	269514	269515	27	0.7731
chr1	269526	269527	28	0.7992
chr1	269531	269532	30	0.6792
chr1	269537	269538	27	0.8267
chr1	269540	269541	22	0.7438
chr1	269542	269543	28	0.8959
chr1	269580	269581	33	0.9422
chr1	269620	269621	28	0.8011
chr1	269658	269659	32	0.7215
chr1	269704	269705	35	0.9235
chr1	269715	269716	26	0.6973
chr1	269721	269722	27	0.8025
chr1	269728	269729	39	0.7545
chr1	269740	269741	32	0.7503
chr1	269748	269749	29	0.8535
chr1	269754	269755	15	0.7551
chr1	269774	269775	28	0.7806
chr1	269791	269792	27	0.7808
chr1	269823	269824	25	0.8298
chr1	269853	269854	37	0.8289
chr1	269887	269888	27	0.7946
chr1	269895	269896	35	0.7269
chr1	269898	269899	20	0.9026
chr1	269913	269914	31	0.7343
chr1	269918	269919	23	0.7034
chr1	269933	269934	24	0.7399
chr1	269942	269943	28	0.7768
chr1	269965	269966	28	0.8975
chr1	269991	269992	22	0.7202
chr1	270019	270020	36	0.8437
chr1	270049	270050	33	0.8729
chr1	270067	270068	19	0.8448
chr1	270075	270076	33	0.9318
chr1	270081	270082	28	0.8981
chr1	270087	270088	34	0.9378
chr1	270097	270098	31	0.9118
chr1	270104	270105	27	0.8604
chr1	270115	270116	35	0.8065
chr1	270117	270118	30	1.0
chr1	270142	270143	27	0.8694
chr1	270164	270165	31	0.863
chr1	270186	270187	32	0.951
chr1	270226	270227	28	0.741
chr1	270263	270264	33	0.8963
chr1	270271	270272	27	0.8719
chr1	270275	270276	32	0.9334
chr1	270282	270283	23	0.974
chr1	270288	270289	33	0.895
chr1	270298	270299	34	0.9049
chr1	270305	270306	31	1.0
chr1	270312	270313	32	0.8224
chr1	270317	270318	33	0.8507
chr1	270321	270322	24	0.9735
chr1	270344	270345	23	0.9279
chr1	270390	270391	23	0.916
chr1	270439	270440	30	0.9166
chr1	270446	270447	35	0.8512
chr1	270453	270454	15	0.8635
chr1	270457	270458	29	1.0
chr1	270462	270463	28	0.901
chr1	270469	270470	32	0.8795
chr1	270473	270474	27	0.8774
chr1	270480	270481	43	0.9664
chr1	270488	270489	33	0.9741
chr1	270489	270490	24	0.9523
chr1	270504	270505	26	0.9347
chr1	270537	270538	32	0.9463
chr1	270551	270552	33	0.8882
chr1	270571	270572	32	0.9388
chr1	270598	270599	31	0.1836
chr1	270603	270604	35	0.2391
chr1	270608	270609	41	0.2853
chr1	270615	270616	29	0.309
chr1	270630	270631	33	0.2444
chr1	270633	270634	33	0.2541
chr1	270641	270642	20	0.0565
chr1	270648	270649	28	0.1078
chr1	270663	270664	30	0.1526
chr1	270686	270687	28	0.1295
chr1	270694	270695	27	0.1305
chr1	270726	270727	36	0.8246
chr1	270734	270735	35	0.9178
chr1	270741	270742	33	1.0
chr1	270746	270747	28	0.9861
chr1	270758	270759	33	0.9754
chr1	270764	270765	29	0.773
chr1	270769	270770	27	0.8762
chr1	270774	270775	31	0.7808
chr1	270783	270784	35	0.6098
chr1	270784	270785	23	0.9332
chr1	270806	270807	26	0.8426
chr1	270834	270835	32	0.8566
chr1	270846	270847	29	0.9423
chr1	270893	270894	36	0.72
chr1	270907	270908	29	0.7665
chr1	270914	270915	25	0.5952
chr1	270919	270920	34	0.6195
chr1	270927	270928	28	0.7268
chr1	270939	270940	32	0.7531
chr1	270943	270944	31	0.8849
chr1	270973	270974	25	0.8039
chr1	270981	270982	34	0.667
chr1	270988	270989	21	0.0
chr1	270998	270999	27	0.0
chr1	271006	271007	36	0.1353
chr1	271015	271016	32	0.0771
chr1	271026	271027	27	0.1372
chr1	271034	271035	21	0.0
chr1	271038	271039	33	0.0048
chr1	271042	271043	32	0.2731
chr1	271044	271045	19	0.0
chr1	271069	271070	27	0.051
chr1	271097	271098	21	0.17
chr1	271101	271102	31	0.228
chr1	271301	271302	30	0.2316
chr1	271417	271418	17	0.1566
chr1	271419	271420	37	0.1174
chr1	271445	271446	31	0.2186
chr1	271455	271456	40	0.6774
chr1	271460	271461	39	0.5921
chr1	271463	271464	28	0.5424
chr1	271477	271478	31	0.5593
chr1	271486	271487	30	0.5935
chr1	271498	271499	32	0.7475
chr1	271505	271506	36	0.8474
chr1	271523	271524	28	0.7273
chr1	271529	271530	33	0.6863
chr1	271593	271594	28	0.8184
chr1	271659	271660	38	0.5367
chr1	271803	271804	27	0.6597
chr1	271813	271814	25	0.9387
chr1	271825	271826	36	0.9136
chr1	271841	271842	19	0.7898
chr1	271913	271914	22	0.9185
chr1	271940	271941	26	0.0137
chr1	271948	271949	37	0.0937
chr1	271952	271953	28	0.0
chr1	271959	271960	39	0.0
chr1	271967	271968	42	0.0
chr1	271972	271973	31	0.0
chr1	271976	271977	25	0.0488
chr1	271981	271982	33	0.1604
chr1	271994	271995	36	0.145
chr1	272006	272007	34	0.137
chr1	272051	272052	37	0.1029
chr1	272111	272112	34	0.1373
chr1	272145	272146	32	0.7226
chr1	272148	272149	21	0.7444
chr1	272157	272158	34	0.6688
chr1	272166	272167	34	0.8497
chr1	272177	272178	35	0.6258
chr1	272183	272184	30	0.7498
chr1	272190	272191	22	0.7353
chr1	272195	272196	25	0.7526
chr1	272219	272220	21	0.7904
chr1	272299	272300	28	0.7825
chr1	272307	272308	30	0.796
chr1	272336	272337	26	0.8876
chr1	272340	272341	26	0.9723
chr1	272348	272349	27	0.8531
chr1	272359	272360	29	0.8942
chr1	272365	272366	23	0.9906
chr1	272371	272372	31	0.888
chr1	272381	272382	30	0.9067
chr1	272385	272386	29	0.8661
chr1	272391	272392	27	0.7165
chr1	272415	272416	32	0.8873
chr1	272438	272439	38	0.8828
chr1	272466	272467	35	0.8216
chr1	272530	272531	26	0.7554
chr1	272719	272720	34	0.787
chr1	272731	272732	21	0.7034
chr1	272737	272738	25	0.71
chr1	272747	272748	27	0.7413
chr1	272762	272763	29	0.816
chr1	272771	272772	30	0.5413
chr1	272774	272775	34	0.6286
chr1	272819	272820	27	0.5887
chr1	272875	272876	27	0.7112
chr1	272887	272888	33	0.7073
chr1	272924	272925	38	0.7106
chr1	272931	272932	37	0.5272
chr1	272938	272939	27	0.4706
chr1	272943	272944	27	0.7025
chr1	272949	272950	22	0.5093
chr1	272952	272953	32	0.6586
chr1	272960	272961	24	0.5978
chr1	272970	272971	27	0.5392
chr1	272975	272976	26	0.5535
chr1	272991	272992	37	0.6765
chr1	273007	273008	27	0.5147
chr1	273071	273072	29	0.5404
chr1	273085	273086	27	0.1421
chr1	273093	273094	34	0.1973
chr1	273100	273101	24	0.1141
chr1	273114	273115	31	0.0266
chr1	273120	273121	24	0.0026
chr1	273128	273129	34	0.0181
chr1	273135	273136	32	0.2781
chr1	273151	273152	40	0.1362
chr1	273175	273176	27	0.0142
chr1	273195	273196	46	0.0824
chr1	273253	273254	41	0.2248
chr1	273261	273262	27	0.7225
chr1	273270	273271	31	0.6769
chr1	273285	273286	23	0.6724
chr1	273300	273301	30	0.7249
chr1	273310	273311	32	0.7627
chr1	273319	273320	28	0.6875
chr1	273358	273359	23	0.6047
chr1	273388	273389	26	0.7998
chr1	273528	273529	28	0.6533
chr1	273622	273623	32	0.6865
chr1	273634	273635	24	0.7298
chr1	273694	273695	39	0.702
chr1	273716	273717	28	0.6483
chr1	273722	273723	33	0.7357
chr1	273836	273837	39	0.8041
chr1	273846	273847	36	0.6377
chr1	273868	273869	33	0.8551
chr1	273883	273884	29	0.8474
chr1	273897	273898	35	0.715
chr1	273912	273913	28	0.6311
chr1	273917	273918	33	0.6902
chr1	273921	273922	27	0.7648
chr1	273964	273965	30	0.7398
chr1	274064	274065	34	0.6428
chr1	274093	274094	28	0.6487
chr1	274101	274102	28	0.6889
chr1	274107	274108	30	0.8161
chr1	274113	274114	28	0.5745
chr1	274122	274123	26	0.6021
chr1	274135	274136	29	0.8301
chr1	274144	274145	36	0.6814
chr1	274147	274148	28	0.8508
chr1	274197	274198	33	0.5983
chr1	274293	274294	44	0.7072
chr1	274324	274325	22	0.126
chr1	274335	274336	28	0.1177
chr1	274343	274344	27	0.0
chr1	274351	274352	18	0.0948
chr1	274365	274366	27	0.1591
chr1	274374	274375	28	0.1343
chr1	274376	274377	24	0.1778
chr1	274426	274427	22	0.2015
chr1	274520	274521	31	0.1912
chr1	274530	274531	32	0.6966
chr1	274534	274535	27	0.8498
chr1	274540	274541	29	0.6802
chr1	274549	274550	37	0.7221
chr1	274554	274555	38	0.8044
chr1	274569	274570	30	0.6815
chr1	274577	274578	25	0.7293
chr1	274580	274581	29	0.7956
chr1	274623	274624	39	0.6675
chr1	274697	274698	25	0.7811
chr1	274737	274738	32	0.9251
chr1	274783	274784	29	0.7275
chr1	274825	274826	36	0.8657
chr1	274863	274864	32	0.723
chr1	274963	274964	26	0.7365
chr1	275089	275090	29	0.8391
chr1	275107	275108	21	1.0
chr1	275114	275115	25	0.8966
chr1	275118	275119	38	0.5192
chr1	275124	275125	29	0.6297
chr1	275136	275137	36	0.8384
chr1	275146	275147	22	1.0
chr1	275153	275154	32	0.9294
chr1	275157	275158	36	0.7251
chr1	275185	275186	30	0.5128
chr1	275206	275207	37	0.6577
chr1	275237	275238	34	0.8291
chr1	275289	275290	29	0.8234
chr1	275310	275311	41	0.6387
chr1	275316	275317	33	0.564
chr1	275327	275328	26	0.8962
chr1	275335	275336	26	0.7578
chr1	275347	275348	26	0.7441
chr1	275352	275353	25	0.7984
chr1	275360	275361	24	0.8694
chr1	275386	275387	32	0.8176
chr1	275402	275403	34	0.5591
chr1	275410	275411	33	0.5096
chr1	275438	275439	29	0.9078
chr1	275446	275447	34	0.7867
chr1	275451	275452	33	0.9853
chr1	275456	275457	35	0.7114
chr1	275463	275464	24	0.7982
chr1	275471	275472	34	0.6778
chr1	275483	275484	25	0.9124
chr1	275488	275489	36	0.8954
chr1	275520	275521	30	0.8374
chr1	275535	275536	27	0.6419
chr1	275550	275551	15	0.832
chr1	275580	275581	26	0.8564
chr1	275587	275588	23	0.7386
chr1	275594	275595	15	0.8035
chr1	275605	275606	33	0.7627
chr1	275611	275612	33	0.7032
chr1	275615	275616	29	0.8834
chr1	275626	275627	38	0.6889
chr1	275633	275634	27	0.924
chr1	275637	275638	32	0.8633
chr1	275685	275686	33	0.8029
chr1	275703	275704	25	0.7214
chr1	275721	275722	32	0.864
chr1	275957	275958	24	0.8402
chr1	276057	276058	23	0.6184
chr1	276073	276074	30	0.8938
chr1	276103	276104	30	0.6922
chr1	276138	276139	32	0.7245
chr1	276145	276146	32	0.693
chr1	276150	276151	32	0.7897
chr1	276156	276157	31	0.857
chr1	276162	276163	21	0.8326
chr1	276165	276166	30	0.6415
chr1	276175	276176	39	0.9212
chr1	276186	276187	24	0.7682
chr1	276188	276189	27	0.8385
chr1	276236	276237	32	0.5849
chr1	276262	276263	27	0.8632
chr1	276308	276309	33	0.6891
chr1	276316	276317	32	0.6639
chr1	276322	276323	30	0.7957
chr1	276328	276329	32	0.8618
chr1	276337	276338	22	0.5764
chr1	276347	276348	24	0.6976
chr1	276358	276359	32	0.4606
chr1	276373	276374	28	0.8266
chr1	276375	276376	29	0.7879
chr1	276420	276421	36	0.9517
chr1	276425	276426	26	0.8549
chr1	276431	276432	28	0.8607
chr1	276435	276436	31	0.8798
chr1	276442	276443	44	0.9874
chr1	276447	276448	27	0.8522
chr1	276450	276451	28	0.6982
chr1	276465	276466	24	0.9559
chr1	276470	276471	33	0.9007
chr1	276502	276503	31	0.8747
chr1	276518	276519	37	0.6609
chr1	276588	276589	22	0.786
chr1	276594	276595	31	0.8089
chr1	276609	276610	28	0.5927
chr1	276621	276622	25	0.6601
chr1	276628	276629	28	0.7001
chr1	276636	276637	29	0.6895
chr1	276649	276650	19	0.8134
chr1	276650	276651	32	0.5876
chr1	276681	276682	31	0.6587
chr1	276700	276701	31	0.809
chr1	276720	276721	23	0.883
chr1	276778	276779	30	0.5152
chr1	276888	276889	26	0.714
chr1	276912	276913	39	0.6956
chr1	277014	277015	37	0.7092
chr1	277024	277025	38	0.8044
chr1	277080	277081	31	0.834
chr1	277106	277107	40	0.6675
chr1	277136	277137	30	0.703
chr1	277158	277159	30	0.872
chr1	277186	277187	28	0.7992
chr1	277201	277202	27	0.6526
chr1	277208	277209	22	0.5556
chr1	277223	277224	30	0.6387
chr1	277230	277231	34	0.621
chr1	277234	277235	36	0.6528
chr1	277236	277237	27	0.589
chr1	277274	277275	30	0.6578
chr1	277288	277289	34	0.728
chr1	277366	277367	28	0.7511
chr1	277374	277375	33	0.0385
chr1	277377	277378	31	0.1834
chr1	277382	277383	29	0.2929
chr1	277393	277394	32	0.2336
chr1	277404	277405	27	0.312
chr1	277412	277413	26	0.0476
chr1	277418	277419	28	0.1217
chr1	277424	277425	26	0.2106
chr1	277460	277461	30	0.3668
chr1	277464	277465	20	0.194
chr1	277500	277501	38	0.1915
chr1	277516	277517	32	0.1251
chr1	277566	277567	30	0.1604
chr1	277654	277655	20	0.251
chr1	277802	277803	39	0.0608
chr1	277820	277821	33	0.971
chr1	277827	277828	33	0.8835
chr1	277835	277836	29	0.9167
chr1	277843	277844	31	0.8388
chr1	277847	277848	30	0.9449
chr1	277855	277856	39	0.9761
chr1	277869	277870	30	0.9348
chr1	277870	277871	28	0.8904
chr1	277887	277888	37	0.7825
chr1	277909	277910	40	1.0
chr1	277955	277956	27	0.8612
chr1	277974	277975	31	0.6009
chr1	277980	277981	31	0.6403
chr1	277983	277984	27	0.4172
chr1	277998	277999	28	0.7485
chr1	278013	278014	31	0.6449
chr1	278028	278029	34	0.702
chr1	278029	278030	24	0.7331
chr1	278061	278062	30	0.7533
chr1	278099	278100	30	0.8235
chr1	278104	278105	30	0.5582
chr1	278110	278111	26	0.5982
chr1	278113	278114	36	0.6532
chr1	278117	278118	30	0.7779
chr1	278126	278127	26	0.564
chr1	278140	278141	28	0.6843
chr1	278155	278156	19	0.5666
chr1	278170	278171	28	0.7075
chr1	278188	278189	38	0.7439
chr1	278203	278204	30	0.5325
chr1	278209	278210	22	0.5878
chr1	278257	278258	23	0.5542
chr1	278271	278272	33	0.5523
chr1	278279	278280	24	0.5715
chr1	278321	278322	31	0.5715
chr1	278415	278416	24	0.6768
chr1	278463	278464	12	0.534
chr1	278511	278512	29	0.5307
chr1	278523	278524	38	0.4688
chr1	278531	278532	31	0.6048
chr1	278539	278540	37	0.5312
chr1	278544	278545	24	0.545
chr1	278552	278553	27	0.6652
chr1	278560	278561	37	0.583
chr1	278565	278566	27	0.4779
chr1	278602	278603	29	0.6773
chr1	278606	278607	29	0.494
chr1	278692	278693	32	0.666
chr1	278725	278726	36	0.6685
chr1	278732	278733	22	0.702
chr1	278737	278738	24	0.8039
chr1	278746	278747	27	0.8778
chr1	278757	278758	24	0.8947
chr1	278768	278769	37	0.7892
chr1	278773	278774	22	0.8316
chr1	278775	278776	42	0.7628
chr1	278790	278791	14	0.8108
chr1	278805	278806	33	0.8295
chr1	278820	278821	23	0.8374
chr1	278858	278859	32	0.7249
chr1	278868	278869	30	0.1938
chr1	278880	278881	27	0.0542
chr1	278892	278893	24	0.245
chr1	278899	278900	35	0.0536
chr1	278902	278903	26	0.0
chr1	278913	278914	28	0.1031
chr1	278918	278919	26	0.0
chr1	278941	278942	32	0.0
chr1	278945	278946	24	0.0979
chr1	278963	278964	27	0.2366
chr1	279015	279016	21	0.0756
chr1	279045	279046	37	0.0773
chr1	279059	279060	29	0.116
chr1	279237	279238	26	0.1873
chr1	279249	279250	29	0.0695
chr1	279391	279392	29	0.0387
chr1	279411	279412	29	0.0572
chr1	279424	279425	33	0.1214
chr1	279439	279440	28	0.1552
chr1	279451	279452	30	0.0
chr1	279461	279462	39	0.0
chr1	279486	279487	33	0.0607
chr1	279502	279503	42	0.2336
chr1	279538	279539	30	0.0571
chr1	279546	279547	22	0.1191
chr1	279592	279593	24	0.8317
chr1	279604	279605	36	0.8685
chr1	279614	279615	26	0.5688
chr1	279619	279620	23	0.9457
chr1	279624	279625	28	0.7619
chr1	279634	279635	27	1.0
chr1	279641	279642	24	0.8384
chr1	279642	279643	35	0.7698
chr1	279668	279669	41	0.6279
chr1	279694	279695	31	0.8565
chr1	279731	279732	32	0.2225
chr1	279739	279740	35	0.1252
chr1	279744	279745	25	0.0
chr1	279759	279760	33	0.2965
chr1	279766	279767	26	0.2837
chr1	279769	279770	29	0.1573
chr1	279776	279777	31	0.1857
chr1	279780	279781	17	0.0885
chr1	279781	279782	33	0.2491
chr1	279828	279829	32	0.1829
chr1	279878	279879	32	0.2804
chr1	279910	279911	26	0.1518
chr1	279936	279937	24	0.3115
chr1	279947	279948	34	0.3546
chr1	279956	279957	30	0.4104
chr1	279965	279966	30	0.3614
chr1	279980	279981	29	0.4241
chr1	279988	279989	37	0.3175
chr1	280003	280004	24	0.4229
chr1	280018	280019	29	0.3327
chr1	280033	280034	30	0.4076
chr1	280105	280106	23	0.2352
chr1	280148	280149	26	0.9522
chr1	280155	280156	24	0.7874
chr1	280159	280160	33	0.8026
chr1	280170	280171	28	0.9112
chr1	280175	280176	30	0.9357
chr1	280184	280185	29	0.8371
chr1	280197	280198	29	0.7561
chr1	280198	280199	22	0.8268
chr1	280241	280242	36	0.9346
chr1	280247	280248	33	0.7293
chr1	280253	280254	34	0.8776
chr1	280288	280289	22	0.8353
chr1	280295	280296	33	0.6799
chr1	280307	280308	34	0.8074
chr1	280310	280311	31	0.95
chr1	280321	280322	20	0.8113
chr1	280329	280330	22	0.9719
chr1	280337	280338	36	0.8699
chr1	280339	280340	32	0.7563
chr1	280368	280369	21	0.8139
chr1	280434	280435	28	0.8693
chr1	280443	280444	36	0.1039
chr1	280447	280448	23	0.0682
chr1	280453	280454	22	0.0815
chr1	280468	280469	33	0.2847
chr1	280481	280482	30	0.0
chr1	280487	280488	29	0.2196
chr1	280493	280494	29	0.222
chr1	280508	280509	37	0.1801
chr1	280552	280553	23	0.0923
chr1	280586	280587	26	0.2293
chr1	280608	280609	37	0.1556
chr1	280662	280663	20	0.3058
chr1	280704	280705	42	0.1307
chr1	280718	280719	36	0.1361
chr1	280738	280739	29	0.1385
chr1	280796	280797	29	0.108
chr1	280820	280821	37	0.1037
chr1	280874	280875	33	0.1757
chr1	280893	280894	26	0.1243
chr1	280899	280900	42	0.1189
chr1	280906	280907	34	0.0061
chr1	280912	280913	23	0.0257
chr1	280919	280920	31	0.0448
chr1	280925	280926	28	0.032
chr1	280928	280929	31	0.1111
chr1	280937	280938	29	0.0
chr1	280945	280946	28	0.0664
chr1	280960	280961	35	0.1153
chr1	280982	280983	39	0.1595
chr1	281030	281031	37	0.0531
chr1	281066	281067	26	0.9349
chr1	281076	281077	29	0.8866
chr1	281086	281087	25	0.8804
chr1	281090	281091	20	0.7334
chr1	281105	281106	28	0.9593
chr1	281116	281117	23	0.8815
chr1	281142	281143	29	0.905
chr1	281164	281165	34	0.8245
chr1	281174	281175	25	0.7907
chr1	281179	281180	33	0.8675
chr1	281190	281191	27	0.9119
chr1	281194	281195	32	0.8068
chr1	281203	281204	35	0.7415
chr1	281208	281209	22	0.8519
chr1	281221	281222	28	0.8908
chr1	281226	281227	26	0.8853
chr1	281268	281269	26	0.7492
chr1	281294	281295	20	0.9503
chr1	281296	281297	45	0.796
chr1	281326	281327	26	0.8396
chr1	281368	281369	37	0.7475
chr1	281578	281579	25	0.8567
chr1	281614	281615	30	0.7417
chr1	281642	281643	32	0.7644
chr1	281690	281691	31	0.8737
chr1	281738	281739	25	0.842
chr1	281764	281765	30	0.8875
chr1	281793	281794	33	0.9585
chr1	281802	281803	21	0.9191
chr1	281814	281815	34	0.8296
chr1	281822	281823	41	0.8012
chr1	281832	281833	28	0.8371
chr1	281840	281841	29	0.8543
chr1	281848	281849	23	0.7811
chr1	281851	281852	32	0.9334
chr1	281888	281889	29	0.7131
chr1	281928	281929	30	0.9803
chr1	281934	281935	26	0.858
chr1	281957	281958	25	0.0
chr1	281961	281962	34	0.173
chr1	281969	281970	27	0.0533
chr1	281984	281985	28	0.0767
chr1	281993	281994	28	0.068
chr1	281998	281999	21	0.0728
chr1	282007	282008	29	0.1533
chr1	282044	282045	32	0.0
chr1	282130	282131	22	0.2009
chr1	282142	282143	29	0.0489
chr1	282180	282181	35	0.7607
chr1	282194	282195	29	0.7662
chr1	282198	282199	24	0.8711
chr1	282211	282212	28	0.8316
chr1	282219	282220	29	0.9119
chr1	282223	282224	34	0.8126
chr1	282227	282228	24	0.8549
chr1	282234	282235	27	0.8755
chr1	282259	282260	31	0.9025
chr1	282285	282286	32	0.7351
chr1	282299	282300	32	0.7836
chr1	282329	282330	24	0.9288
chr1	282346	282347	40	0.2295
chr1	282361	282362	30	0.141
chr1	282368	282369	24	0.2728
chr1	282374	282375	16	0.0615
chr1	282380	282381	26	0.116
chr1	282389	282390	29	0.0674
chr1	282396	282397	35	0.2776
chr1	282426	282427	21	0.1025
chr1	282441	282442	41	0.1285
chr1	282469	282470	23	0.1391
chr1	282477	282478	22	0.3046
chr1	282497	282498	33	0.07
chr1	282501	282502	38	0.0
chr1	282507	282508	37	0.1798
chr1	282516	282517	34	0.1613
chr1	282521	282522	36	0.1338
chr1	282527	282528	32	0.0533
chr1	282540	282541	31	0.0
chr1	282547	282548	32	0.1962
chr1	282603	282604	34	0.1518
chr1	282648	282649	29	0.878
chr1	282656	282657	36	0.8015
chr1	282666	282667	29	0.9215
chr1	282681	282682	38	0.7161
chr1	282691	282692	28	0.6924
chr1	282698	282699	30	0.7555
chr1	282739	282740	28	0.7527
chr1	282825	282826	33	0.8032
chr1	282827	282828	28	0.7146
chr1	282864	282865	35	0.1543
chr1	282879	282880	30	0.2074
chr1	282887	282888	22	0.3614
chr1	282902	282903	29	0.3014
chr1	282913	282914	29	0.1364
chr1	282914	282915	25	0.2562
chr1	282934	282935	28	0.3767
chr1	282996	282997	24	0.2381
chr1	283031	283032	31	0.8836
chr1	283046	283047	30	0.6813
chr1	283053	283054	29	0.8545
chr1	283066	283067	32	0.7514
chr1	283073	283074	20	0.705
chr1	283081	283082	39	0.9911
chr1	283119	283120	26	0.7883
chr1	283219	283220	31	0.7421
chr1	283256	283257	26	0.0381
chr1	283264	283265	33	0.3171
chr1	283276	283277	25	0.0461
chr1	283290	283291	37	0.1294
chr1	283298	283299	28	0.1027
chr1	283307	283308	13	0.0841
chr1	283357	283358	29	0.1408
chr1	283367	283368	28	0.1397
chr1	283375	283376	29	0.8527
chr1	283384	283385	20	0.7238
chr1	283389	283390	22	0.7604
chr1	283398	283399	26	0.7922
chr1	283405	283406	31	0.7969
chr1	283415	283416	30	0.789
chr1	283427	283428	34	0.8398
chr1	283428	283429	30	0.6923
chr1	283469	283470	26	0.9437
chr1	283533	283534	35	0.6938
chr1	283541	283542	34	0.8555
chr1	283581	283582	33	0.764
chr1	283713	283714	18	0.7491
chr1	283793	283794	30	0.7586
chr1	283823	283824	30	0.7483
chr1	283891	283892	33	0.7315
chr1	283925	283926	33	0.9246
chr1	283936	283937	30	0.8946
chr1	283942	283943	29	0.9316
chr1	283952	283953	38	0.7799
chr1	283957	283958	30	0.9288
chr1	283965	283966	38	0.8585
chr1	283973	283974	27	0.8971
chr1	283975	283976	23	0.6499
chr1	283991	283992	33	0.7897
chr1	283993	283994	22	0.8327
chr1	284075	284076	27	0.726
chr1	284089	284090	24	0.9397
chr1	284095	284096	35	0.9773
chr1	284105	284106	32	0.8813
chr1	284109	284110	27	0.8919
chr1	284117	284118	28	0.9157
chr1	284129	284130	25	0.8758
chr1	284139	284140	36	0.7681
chr1	284140	284141	23	0.8538
chr1	284156	284157	23	0.9177
chr1	284164	284165	31	0.894
chr1	284192	284193	28	0.8164
chr1	284231	284232	20	0.9151
chr1	284237	284238	26	0.6394
chr1	284252	284253	34	0.9598
chr1	284258	284259	34	0.5948
chr1	284266	284267	31	0.7004
chr1	284273	284274	25	0.979
chr1	284280	284281	24	0.7931
chr1	284281	284282	28	0.9238
chr1	284299	284300	29	0.9972
chr1	284327	284328	23	0.797
chr1	284425	284426	28	0.8936
chr1	284466	284467	32	0.7519
chr1	284477	284478	28	0.8807
chr1	284484	284485	31	1.0
chr1	284492	284493	35	0.85
chr1	284495	284496	28	0.8862
chr1	284502	284503	28	0.956
chr1	284509	284510	30	0.9276
chr1	284518	284519	36	0.7397
chr1	284553	284554	32	0.858
chr1	284569	284570	38	0.7853
chr1	284617	284618	31	0.7891
chr1	284664	284665	30	0.7676
chr1	284673	284674	32	0.8138
chr1	284677	284678	31	0.8186
chr1	284682	284683	26	0.9681
chr1	284688	284689	32	0.895
chr1	284694	284695	30	0.7405
chr1	284703	284704	32	0.7875
chr1	284712	284713	29	0.7581
chr1	284715	284716	29	0.9146
chr1	284762	284763	34	0.8954
chr1	284820	284821	29	0.6019
chr1	284829	284830	18	0.6945
chr1	284836	284837	31	0.5396
chr1	284842	284843	20	0.538
chr1	284847	284848	29	0.5088
chr1	284853	284854	30	0.6645
chr1	284860	284861	28	0.6959
chr1	284871	284872	30	0.6249
chr1	284877	284878	27	0.6785
chr1	284879	284880	24	0.6557
chr1	284911	284912	30	0.626
chr1	284939	284940	29	0.6707
chr1	285003	285004	31	0.7202
chr1	285017	285018	35	0.5647
chr1	285055	285056	30	0.5525
chr1	285133	285134	35	0.656
chr1	285243	285244	35	0.6055
chr1	285301	285302	26	0.7169
chr1	285339	285340	36	0.6743
chr1	285369	285370	30	0.7865
chr1	285407	285408	29	0.5713
chr1	285436	285437	28	0.8736
chr1	285443	285444	20	0.7828
chr1	285452	285453	22	0.8966
chr1	285458	285459	33	0.7881
chr1	285470	285471	34	0.9101
chr1	285476	285477	24	0.7264
chr1	285482	285483	18	0.8842
chr1	285486	285487	22	0.9046
chr1	285527	285528	38	0.7636
chr1	285593	285594	35	0.928
chr1	285600	285601	32	0.9207
chr1	285606	285607	32	0.9259
chr1	285609	285610	32	0.8523
chr1	285618	285619	34	0.9726
chr1	285633	285634	40	0.7125
chr1	285639	285640	24	0.8011
chr1	285647	285648	27	0.8843
chr1	285650	285651	39	1.0
chr1	285697	285698	31	0.8673
chr1	285765	285766	24	0.8691
chr1	285769	285770	29	0.968
chr1	286119	286120	26	0.8351
chr1	286129	286130	27	0.8125
chr1	286163	286164	27	0.8553
chr1	286173	286174	25	0.8767
chr1	286183	286184	26	0.9181
chr1	286212	286213	33	0.6287
chr1	286220	286221	22	0.629
chr1	286229	286230	26	0.6651
chr1	286237	286238	32	0.576
chr1	286251	286252	33	0.5551
chr1	286262	286263	34	0.5328
chr1	286306	286307	32	0.7654
chr1	286312	286313	36	0.4681
chr1	286321	286322	33	0.2316
chr1	286328	286329	30	0.2053
chr1	286336	286337	22	0.1078
chr1	286344	286345	27	0.0
chr1	286350	286351	37	0.1468
chr1	286358	286359	25	0.0647
chr1	286364	286365	33	0.1492
chr1	286371	286372	30	0.1992
chr1	286376	286377	27	0.3049
chr1	286393	286394	30	0.0942
chr1	286429	286430	39	0.0394
chr1	286447	286448	27	0.1865
chr1	286515	286516	29	0.2226
chr1	286565	286566	33	0.0943
chr1	286617	286618	34	0.1245
chr1	286637	286638	24	0.0839
chr1	286661	286662	30	0.1434
chr1	286851	286852	31	0.1183
chr1	286881	286882	29	0.099
chr1	286891	286892	25	0.1705
chr1	286939	286940	27	0.5757
chr1	286942	286943	30	0.5657
chr1	286952	286953	33	0.6488
chr1	286962	286963	37	0.6241
chr1	286969	286970	34	0.3861
chr1	286973	286974	22	0.4623
chr1	286982	286983	25	0.5288
chr1	286985	286986	32	0.4377
chr1	286989	286990	23	0.5498
chr1	287020	287021	33	0.6258
chr1	287092	287093	39	0.522
chr1	287096	287097	33	0.6436
chr1	287140	287141	22	0.9585
chr1	287144	287145	32	0.8269
chr1	287148	287149	38	0.7709
chr1	287163	287164	33	0.6856
chr1	287170	287171	32	0.8745
chr1	287182	287183	33	0.5763
chr1	287187	287188	24	0.7797
chr1	287190	287191	32	0.8873
chr1	287211	287212	21	0.6223
chr1	287229	287230	36	0.6283
chr1	287275	287276	28	0.89
chr1	287546	287547	25	0.5926
chr1	287553	287554	26	0.734
chr1	287558	287559	24	0.8606
chr1	287573	287574	29	0.8467
chr1	287576	287577	32	0.7968
chr1	287584	287585	31	0.6277
chr1	287591	287592	35	0.6794
chr1	287596	287597	30	0.6981
chr1	287622	287623	29	0.8301
chr1	287637	287638	35	0.6892
chr1	287687	287688	24	0.7622
chr1	287714	287715	32	0.3079
chr1	287723	287724	27	0.2389
chr1	287728	287729	30	0.1547
chr1	287736	287737	28	0.1592
chr1	287743	287744	24	0.2266
chr1	287749	287750	32	0.1887
chr1	287761	287762	25	0.3018
chr1	287771	287772	36	0.3678
chr1	287798	287799	30	0.3274
chr1	287820	287821	28	0.1149
chr1	287900	287901	31	0.2168
chr1	287909	287910	32	0.8311
chr1	287913	287914	34	0.8976
chr1	287918	287919	24	0.8456
chr1	287921	287922	29	1.0
chr1	287926	287927	31	0.9026
chr1	287931	287932	20	0.994
chr1	287938	287939	35	0.8687
chr1	287942	287943	38	0.9401
chr1	287949	287950	28	0.9133
chr1	287954	287955	28	0.7873
chr1	287959	287960	31	0.947
chr1	287986	287987	28	0.8425
chr1	288034	288035	32	0.8541
chr1	288074	288075	38	0.9181
chr1	288158	288159	26	0.9184
chr1	288232	288233	30	0.8929
chr1	288270	288271	28	0.9113
chr1	288314	288315	24	0.881
chr1	288352	288353	24	0.8329
chr1	288362	288363	33	0.8567
chr1	288399	288400	44	0.881
chr1	288406	288407	27	0.7806
chr1	288421	288422	29	0.8768
chr1	288430	288431	29	0.936
chr1	288437	288438	34	0.6762
chr1	288449	288450	26	0.9303
chr1	288465	288466	33	0.87
chr1	288479	288480	29	0.7985
chr1	288489	288490	21	0.8115
chr1	288496	288497	28	0.8387
chr1	288503	288504	31	0.7173
chr1	288506	288507	31	0.6527
chr1	288514	288515	31	0.8916
chr1	288526	288527	34	0.7111
chr1	288534	288535	41	0.5941
chr1	288539	288540	29	0.7797
chr1	288561	288562	28	0.6767
chr1	288581	288582	22	0.8678
chr1	288681	288682	27	0.8183
chr1	288695	288696	20	0.8837
chr1	288697	288698	27	0.78
chr1	288773	288774	28	0.8117
chr1	288805	288806	26	0.8999
chr1	288812	288813	37	0.8175
chr1	288820	288821	42	0.9351
chr1	288829	288830	32	0.8517
chr1	288836	288837	33	0.8239
chr1	288846	288847	30	0.8871
chr1	288856	288857	25	0.8669
chr1	288859	288860	28	0.8443
chr1	288869	288870	30	0.8944
chr1	288890	288891	33	0.761
chr1	288928	288929	34	0.8492
chr1	288940	288941	35	0.9491
chr1	288984	288985	26	0.849
chr1	288986	288987	24	0.7953
chr1	289062	289063	24	0.8508
chr1	289086	289087	26	0.8516
chr1	289140	289141	33	0.9012
chr1	289206	289207	29	0.8321
chr1	289370	289371	27	0.7133
chr1	289375	289376	33	0.2009
chr1	289387	289388	29	0.0
chr1	289392	289393	43	0.0648
chr1	289401	289402	40	0.0
chr1	289411	289412	27	0.0942
chr1	289424	289425	32	0.0189
chr1	289425	289426	26	0.1017
chr1	289471	289472	34	0.1078
chr1	289493	289494	32	0.116
chr1	289507	289508	31	0.1396
chr1	289517	289518	32	0.1764
chr1	289711	289712	32	0.0216
chr1	289801	289802	33	0.1834
chr1	289869	289870	26	0.1296
chr1	289897	289898	29	0.272
chr1	289929	289930	30	0.7526
chr1	289935	289936	34	0.8728
chr1	289941	289942	25	0.808
chr1	289949	289950	29	0.7651
chr1	289958	289959	28	0.7221
chr1	289970	289971	32	0.818
chr1	289979	289980	37	0.7985
chr1	290006	290007	24	0.8285
chr1	290074	290075	27	0.9245
chr1	290080	290081	29	0.87
chr1	290095	290096	32	0.7981
chr1	290101	290102	31	0.7849
chr1	290109	290110	30	0.7728
chr1	290117	290118	27	0.9121
chr1	290129	290130	35	0.9357
chr1	290130	290131	17	0.9894
chr1	290164	290165	26	0.9568
chr1	290348	290349	32	0.8434
chr1	290364	290365	24	0.9379
chr1	290518	290519	29	0.957
chr1	290542	290543	28	0.858
chr1	290554	290555	36	0.7498
chr1	290601	290602	33	0.7858
chr1	290613	290614	24	0.6
chr1	290619	290620	20	0.7469
chr1	290626	290627	40	0.7556
chr1	290632	290633	24	0.7615
chr1	290643	290644	34	0.7468
chr1	290651	290652	29	0.6171
chr1	290709	290710	29	0.6382
chr1	290718	290719	31	0.9301
chr1	290731	290732	35	0.8065
chr1	290745	290746	26	1.0
chr1	290750	290751	30	0.9049
chr1	290759	290760	28	0.8559
chr1	290765	290766	30	0.8371
chr1	290770	290771	27	1.0
chr1	290790	290791	29	0.7996
chr1	290807	290808	27	1.0
chr1	290837	290838	29	0.9521
chr1	290859	290860	28	0.785
chr1	290969	290970	37	0.9181
chr1	291019	291020	32	0.8542
chr1	291083	291084	33	0.9106
chr1	291153	291154	33	0.8227
chr1	291175	291176	35	0.8131
chr1	291225	291226	27	0.9073
chr1	291287	291288	37	0.9005
chr1	291307	291308	35	0.0759
chr1	291313	291314	27	0.1384
chr1	291320	291321	35	0.0261
chr1	291324	291325	30	0.0527
chr1	291328	291329	32	0.1616
chr1	291338	291339	27	0.0249
chr1	291351	291352	34	0.07
chr1	291357	291358	36	0.1363
chr1	291387	291388	30	0.1369
chr1	291401	291402	26	0.1352
chr1	291417	291418	19	0.2117
chr1	291423	291424	35	0.5332
chr1	291427	291428	25	0.7307
chr1	291436	291437	34	0.6777
chr1	291441	291442	32	0.5695
chr1	291450	291451	30	0.5901
chr1	291462	291463	33	0.574
chr1	291470	291471	28	0.6502
chr1	291473	291474	25	0.5387
chr1	291517	291518	33	0.6751
chr1	291529	291530	32	0.6534
chr1	291611	291612	23	0.6949
chr1	291785	291786	35	0.5911
chr1	291917	291918	38	0.5906
chr1	291953	291954	21	0.7733
chr1	291961	291962	38	0.6517
chr1	291969	291970	21	0.7521
chr1	291981	291982	26	0.6797
chr1	291990	291991	25	0.7691
chr1	291997	291998	35	0.6227
chr1	292002	292003	27	0.6048
chr1	292009	292010	29	0.6837
chr1	292021	292022	33	0.6472
chr1	292029	292030	22	0.7909
chr1	292040	292041	33	0.7258
chr1	292077	292078	34	0.7524
chr1	292285	292286	28	0.5552
chr1	292299	292300	25	0.945
chr1	292323	292324	29	0.7873
chr1	292375	292376	32	0.6974
chr1	292423	292424	39	0.7919
chr1	292471	292472	23	0.7142
chr1	292634	292635	28	0.8204
chr1	292646	292647	29	0.9192
chr1	292652	292653	32	0.922
chr1	292663	292664	32	0.6018
chr1	292668	292669	25	0.9007
chr1	292674	292675	27	0.9544
chr1	292684	292685	33	0.8999
chr1	292703	292704	41	0.7573
chr1	292774	292775	33	0.9347
chr1	292784	292785	30	0.2297
chr1	292796	292797	35	0.0951
chr1	292806	292807	27	0.1341
chr1	292811	292812	35	0.0
chr1	292816	292817	22	0.0613
chr1	292820	292821	28	0.0
chr1	292824	292825	26	0.1633
chr1	292834	292835	28	0.14
chr1	292865	292866	36	0.0456
chr1	292941	292942	29	0.085
chr1	293021	293022	41	0.0968
chr1	293159	293160	33	0.1278
chr1	293217	293218	29	0.1096
chr1	293297	293298	29	0.1295
chr1	293329	293330	25	0.0799
chr1	293335	293336	23	0.1304
chr1	293341	293342	25	0.2696
chr1	293356	293357	35	0.1622
chr1	293371	293372	19	0.1734
chr1	293380	293381	34	0.0779
chr1	293381	293382	27	0.2164
chr1	293406	293407	20	0.2337
chr1	293429	293430	21	0.1409
chr1	293441	293442	26	0.1024
chr1	293464	293465	30	1.0
chr1	293476	293477	34	0.5653
chr1	293489	293490	24	0.6563
chr1	293496	293497	26	0.9899
chr1	293502	293503	28	0.9532
chr1	293515	293516	25	0.4034
chr1	293539	293540	17	0.5724
chr1	293554	293555	36	1.0
chr1	293590	293591	28	0.188
chr1	293630	293631	28	0.5283
chr1	293660	293661	34	0.7205
chr1	293675	293676	23	0.8667
chr1	293687	293688	24	0.7705
chr1	293693	293694	24	0.9263
chr1	293704	293705	25	0.9033
chr1	293710	293711	27	0.938
chr1	293742	293743	26	0.916
chr1	293757	293758	26	0.845
chr1	293809	293810	37	0.9049
chr1	293847	293848	29	0.7117
chr1	293865	293866	26	0.6937
chr1	293879	293880	30	0.8501
chr1	293893	293894	35	0.8389
chr1	293899	293900	21	0.6788
chr1	293907	293908	32	0.6546
chr1	293915	293916	39	0.7364
chr1	293997	293998	38	0.7738
chr1	294038	294039	21	0.2193
chr1	294052	294053	30	0.0662
chr1	294067	294068	28	0.0283
chr1	294082	294083	37	0.1167
chr1	294087	294088	21	0.1016
chr1	294093	294094	28	0.1126
chr1	294094	294095	33	0.1858
chr1	294109	294110	26	0.0739
chr1	294124	294125	31	0.0689
chr1	294142	294143	29	0.0708
chr1	294158	294159	26	0.1374
chr1	294224	294225	29	0.2135
chr1	294229	294230	31	0.8449
chr1	294236	294237	23	0.9867
chr1	294244	294245	27	0.8935
chr1	294256	294257	26	0.8748
chr1	294265	294266	23	0.7085
chr1	294270	294271	25	0.9583
chr1	294279	294280	29	0.76
chr1	294313	294314	31	0.9476
chr1	294321	294322	41	0.954
chr1	294349	294350	31	0.7182
chr1	294443	294444	30	0.8131
chr1	294541	294542	35	0.9137
chr1	294617	294618	29	0.7723
chr1	294627	294628	34	0.7709
chr1	294647	294648	32	0.8577
chr1	294793	294794	31	0.8933
chr1	294813	294814	28	0.9179
chr1	294863	294864	31	0.6107
chr1	294866	294867	33	0.555
chr1	294881	294882	29	0.6226
chr1	294889	294890	30	0.7363
chr1	294894	294895	25	0.7441
chr1	294905	294906	28	0.5545
chr1	294913	294914	24	0.5006
chr1	294953	294954	37	0.6507
chr1	295021	295022	19	0.5351
chr1	295025	295026	32	0.7626
chr1	295045	295046	26	0.811
chr1	295060	295061	29	0.6517
chr1	295068	295069	33	0.7067
chr1	295074	295075	26	0.8249
chr1	295084	295085	30	0.6471
chr1	295092	295093	24	0.8849
chr1	295095	295096	30	0.8242
chr1	295115	295116	19	0.8071
chr1	295163	295164	24	0.7754
chr1	295200	295201	17	0.8474
chr1	295213	295214	34	0.885
chr1	295224	295225	34	0.9497
chr1	295230	295231	37	0.8118
chr1	295238	295239	32	0.874
chr1	295243	295244	29	0.9216
chr1	295253	295254	30	0.9828
chr1	295256	295257	37	0.9827
chr1	295283	295284	28	0.9335
chr1	295301	295302	30	0.8182
chr1	295311	295312	28	0.9401
chr1	295338	295339	26	0.6957
chr1	295353	295354	31	0.7414
chr1	295368	295369	27	0.6617
chr1	295375	295376	23	0.6125
chr1	295381	295382	25	0.7625
chr1	295388	295389	36	0.7284
chr1	295411	295412	24	0.7985
chr1	295465	295466	34	0.7237
chr1	295491	295492	34	0.7918
chr1	295499	295500	29	0.6784
chr1	295504	295505	34	0.6273
chr1	295509	295510	29	0.7616
chr1	295519	295520	33	0.7532
chr1	295526	295527	36	0.7811
chr1	295533	295534	25	0.7494
chr1	295539	295540	21	0.7352
chr1	295541	295542	28	0.8821
chr1	295583	295584	26	0.7295
chr1	295675	295676	22	0.8494
chr1	295695	295696	28	0.0853
chr1	295706	295707	27	0.2023
chr1	295711	295712	34	0.1506
chr1	295717	295718	34	0.1219
chr1	295724	295725	38	0.0379
chr1	295730	295731	23	0.0
chr1	295737	295738	32	0.1686
chr1	295741	295742	36	0.063
chr1	295749	295750	31	0.0211
chr1	295768	295769	31	0.067
chr1	295788	295789	39	0.2063
chr1	295804	295805	30	0.1157
chr1	295833	295834	31	0.5786
chr1	295840	295841	32	0.7761
chr1	295847	295848	22	0.6032
chr1	295860	295861	31	0.6838
chr1	295867	295868	17	0.7911
chr1	295874	295875	20	0.6705
chr1	295883	295884	30	0.6438
chr1	295945	295946	28	0.6951
chr1	295951	295952	33	0.614
chr1	295960	295961	33	0.8133
chr1	295967	295968	33	0.6086
chr1	295976	295977	34	0.6754
chr1	295981	295982	26	0.7858
chr1	295987	295988	24	0.6482
chr1	295995	295996	30	0.6387
chr1	296001	296002	32	0.8119
chr1	296021	296022	26	0.8066
chr1	296049	296050	31	0.7806
chr1	296079	296080	25	0.684
chr1	296089	296090	25	0.7137
chr1	296123	296124	31	0.5398
chr1	296261	296262	20	0.69
chr1	296297	296298	26	0.7474
chr1	296327	296328	30	0.563
chr1	296333	296334	30	0.68
chr1	296471	296472	28	0.7431
chr1	296486	296487	33	0.8027
chr1	296493	296494	37	0.7892
chr1	296508	296509	28	0.7345
chr1	296517	296518	25	0.6956
chr1	296521	296522	25	0.7231
chr1	296527	296528	33	0.6846
chr1	296533	296534	31	0.8245
chr1	296540	296541	39	0.7111
chr1	296543	296544	35	0.842
chr1	296558	296559	16	0.8131
chr1	296585	296586	29	0.6515
chr1	296663	296664	29	0.8396
chr1	296706	296707	23	0.5827
chr1	296713	296714	25	0.5541
chr1	296717	296718	29	0.7343
chr1	296724	296725	25	0.7787
chr1	296736	296737	27	0.7771
chr1	296743	296744	35	0.6217
chr1	296748	296749	30	0.7836
chr1	296755	296756	27	0.7897
chr1	296756	296757	22	0.7288
chr1	296790	296791	26	0.7301
chr1	296828	296829	25	0.7155
chr1	296859	296860	35	1.0
chr1	296863	296864	22	0.9459
chr1	296869	296870	26	0.8665
chr1	296881	296882	31	0.8248
chr1	296889	296890	23	0.8919
chr1	296898	296899	23	0.8404
chr1	296906	296907	30	0.973
chr1	296909	296910	24	0.8403
chr1	297001	297002	21	0.8731
chr1	297007	297008	28	0.8504
chr1	297025	297026	18	0.8225
chr1	297033	297034	31	0.8074
chr1	297040	297041	32	0.7938
chr1	297054	297055	23	0.8242
chr1	297062	297063	29	0.5424
chr1	297074	297075	34	0.6601
chr1	297075	297076	33	0.6545
chr1	297090	297091	34	0.6793
chr1	297113	297114	21	0.9063
chr1	297141	297142	32	0.7593
chr1	297151	297152	30	0.6387
chr1	297166	297167	37	0.7914
chr1	297172	297173	34	0.785
chr1	297184	297185	31	0.6853
chr1	297192	297193	32	0.9359
chr1	297207	297208	20	0.7028
chr1	297216	297217	27	0.7063
chr1	297235	297236	24	0.6138
chr1	297281	297282	32	0.7919
chr1	297286	297287	37	0.7983
chr1	297300	297301	26	0.8996
chr1	297310	297311	26	0.7394
chr1	297324	297325	25	0.8811
chr1	297332	297333	29	0.8479
chr1	297336	297337	32	0.7909
chr1	297357	297358	27	0.8359
chr1	297361	297362	24	0.8479
chr1	297371	297372	32	0.7847
chr1	297391	297392	31	0.8552
chr1	297409	297410	18	0.8634
chr1	297575	297576	30	0.8268
chr1	297657	297658	34	0.795
chr1	297665	297666	24	0.6669
chr1	297689	297690	36	0.95
chr1	297741	297742	21	0.9019
chr1	297770	297771	22	0.7272
chr1	297776	297777	37	0.7507
chr1	297787	297788	22	0.7901
chr1	297794	297795	27	0.9105
chr1	297799	297800	29	0.7312
chr1	297805	297806	26	0.6566
chr1	297812	297813	26	0.6228
chr1	297820	297821	42	0.8664
chr1	297852	297853	25	0.6604
chr1	297868	297869	35	0.679
chr1	297886	297887	27	0.5975
chr1	297904	297905	28	0.6629
chr1	297919	297920	24	0.7949
chr1	297924	297925	37	0.7638
chr1	297937	297938	28	0.7259
chr1	297943	297944	28	0.8564
chr1	297954	297955	24	0.7324
chr1	297961	297962	25	0.8727
chr1	298011	298012	34	0.8141
chr1	298033	298034	29	0.7955
chr1	298052	298053	24	0.7888
chr1	298067	298068	30	0.7492
chr1	298075	298076	36	0.5944
chr1	298082	298083	35	0.5773
chr1	298094	298095	24	0.6884
chr1	298105	298106	40	0.7226
chr1	298109	298110	33	0.7691
chr1	298136	298137	25	0.7131
chr1	298156	298157	31	0.759
chr1	298174	298175	27	0.7671
chr1	298376	298377	35	0.2704
chr1	298387	298388	30	0.2897
chr1	298395	298396	28	0.3167
chr1	298405	298406	34	0.1129
chr1	298419	298420	29	0.4009
chr1	298424	298425	32	0.3801
chr1	298426	298427	26	0.3547
chr1	298458	298459	29	0.3342
chr1	298542	298543	27	0.4618
chr1	298555	298556	32	0.194
chr1	298567	298568	27	0.0
chr1	298574	298575	33	0.174
chr1	298584	298585	31	0.1009
chr1	298599	298600	24	0.2132
chr1	298605	298606	36	0.1963
chr1	298637	298638	26	0.1903
chr1	298659	298660	33	0.0481
chr1	298667	298668	31	0.0877
chr1	298673	298674	26	0.6632
chr1	298682	298683	37	0.6681
chr1	298692	298693	29	0.4912
chr1	298699	298700	20	0.5714
chr1	298706	298707	29	0.7117
chr1	298716	298717	28	0.5719
chr1	298723	298724	31	0.8388
chr1	298738	298739	27	0.7141
chr1	298770	298771	20	0.6048
chr1	298910	298911	36	0.6909
chr1	298972	298973	29	0.7595
chr1	298996	298997	29	0.5259
chr1	299130	299131	30	0.5169
chr1	299166	299167	24	0.5241
chr1	299242	299243	30	0.797
chr1	299252	299253	28	0.7658
chr1	299269	299270	29	1.0
chr1	299277	299278	40	0.956
chr1	299287	299288	32	1.0
chr1	299294	299295	35	0.9604
chr1	299301	299302	33	1.0
chr1	299309	299310	28	0.9175
chr1	299317	299318	29	0.9349
chr1	299319	299320	29	0.9513
chr1	299368	299369	33	0.9592
chr1	299396	299397	29	0.8772
chr1	299450	299451	33	0.9637
chr1	299464	299465	30	0.9072
chr1	299475	299476	24	0.685
chr1	299486	299487	24	0.8945
chr1	299501	299502	37	0.9384
chr1	299504	299505	29	0.9635
chr1	299508	299509	28	0.8419
chr1	299521	299522	16	0.8191
chr1	299558	299559	26	0.8613
chr1	299572	299573	25	0.6617
chr1	299596	299597	23	0.8993
chr1	299626	299627	30	1.0
chr1	299633	299634	41	0.7828
chr1	299643	299644	27	0.9877
chr1	299648	299649	40	0.8777
chr1	299656	299657	28	0.9198
chr1	299661	299662	37	0.495
chr1	299665	299666	31	1.0
chr1	299676	299677	29	0.511
chr1	299718	299719	30	1.0
chr1	299756	299757	34	0.4566
chr1	299802	299803	32	0.8384
chr1	299817	299818	38	0.76
chr1	299827	299828	31	0.8432
chr1	299836	299837	30	0.8566
chr1	299844	299845	27	0.8841
chr1	299848	299849	27	0.7576
chr1	299852	299853	25	0.7638
chr1	299896	299897	31	0.8149
chr1	299922	299923	30	0.8386
chr1	299932	299933	24	0.9184
chr1	299953	299954	25	0.1791
chr1	299964	299965	19	0.3039
chr1	299971	299972	21	0.1245
chr1	299979	299980	27	0.169
chr1	299988	299989	29	0.1017
chr1	299998	299999	32	0.0562
chr1	300002	300003	21	0.3834
chr1	300003	300004	29	0.158
chr1	300033	300034	29	0.1601
chr1	300131	300132	29	0.323
chr1	300157	300158	27	0.6021
chr1	300169	300170	28	0.7233
chr1	300172	300173	30	0.5552
chr1	300176	300177	31	0.7289
chr1	300183	300184	27	0.6825
chr1	300188	300189	23	0.5552
chr1	300197	300198	24	0.5702
chr1	300205	300206	36	0.6139
chr1	300211	300212	34	0.6456
chr1	300215	300216	35	0.5407
chr1	300256	300257	33	0.6943
chr1	300352	300353	31	0.7822
chr1	300356	300357	28	0.5597
chr1	300364	300365	24	0.8437
chr1	300375	300376	41	0.9053
chr1	300384	300385	34	0.7745
chr1	300393	300394	28	0.914
chr1	300403	300404	34	0.9328
chr1	300409	300410	28	0.7256
chr1	300414	300415	25	0.833
chr1	300440	300441	31	0.8302
chr1	300455	300456	29	0.8586
chr1	300503	300504	30	0.7992
chr1	300609	300610	27	0.917
chr1	300705	300706	28	0.8497
chr1	300727	300728	27	0.8334
chr1	300763	300764	36	0.8678
chr1	300777	300778	34	0.9384
chr1	300809	300810	25	0.8254
chr1	300811	300812	30	0.8451
chr1	300861	300862	36	0.7702
chr1	300917	300918	32	0.7516
chr1	300967	300968	28	0.8433
chr1	300978	300979	23	0.8917
chr1	300988	300989	32	0.7281
chr1	301002	301003	23	0.9552
chr1	301012	301013	40	0.7398
chr1	301016	301017	21	0.743
chr1	301021	301022	25	0.7842
chr1	301051	301052	32	0.9336
chr1	301103	301104	26	0.9245
chr1	301115	301116	25	0.8019
chr1	301120	301121	37	0.867
chr1	301126	301127	26	0.8092
chr1	301131	301132	31	0.8133
chr1	301137	301138	27	0.917
chr1	301146	301147	29	0.9637
chr1	301153	301154	28	0.8625
chr1	301160	301161	32	0.795
chr1	301172	301173	30	0.9722
chr1	301201	301202	37	0.8743
chr1	301223	301224	28	0.8948
chr1	301273	301274	12	0.8533
chr1	301301	301302	23	0.8663
chr1	301385	301386	15	0.6749
chr1	301449	301450	38	0.867
chr1	301471	301472	26	0.8652
chr1	301495	301496	34	0.8725
chr1	301579	301580	28	0.748
chr1	301601	301602	24	0.743
chr1	301651	301652	32	0.8313
chr1	301721	301722	26	0.8642
chr1	301765	301766	25	0.7389
chr1	301770	301771	23	0.653
chr1	301774	301775	30	0.7694
chr1	301782	301783	25	0.8058
chr1	301790	301791	38	0.7771
chr1	301798	301799	28	0.7266
chr1	301809	301810	36	0.8013
chr1	301813	301814	35	0.5172
chr1	301815	301816	28	0.7141
chr1	301836	301837	30	0.8901
chr1	301920	301921	31	0.8499
chr1	301949	301950	37	0.307
chr1	301957	301958	31	0.1417
chr1	301961	301962	35	0.3366
chr1	301965	301966	33	0.4538
chr1	301974	301975	24	0.5082
chr1	301981	301982	28	0.3616
chr1	301991	301992	34	0.3196
chr1	301999	302000	36	0.2804
chr1	302024	302025	32	0.2962
chr1	302108	302109	32	0.2574
chr1	302138	302139	26	0.9755
chr1	302146	302147	25	0.9484
chr1	302159	302160	30	0.8812
chr1	302166	302167	30	0.9093
chr1	302180	302181	32	0.901
chr1	302186	302187	27	0.8487
chr1	302188	302189	27	0.8185
chr1	302212	302213	33	0.8443
chr1	302246	302247	35	0.8554
chr1	302260	302261	34	0.5845
chr1	302267	302268	24	0.8479
chr1	302274	302275	33	0.7479
chr1	302284	302285	30	0.6686
chr1	302290	302291	25	0.7305
chr1	302297	302298	21	0.9127
chr1	302303	302304	27	0.7846
chr1	302309	302310	34	0.7218
chr1	302315	302316	21	0.8096
chr1	302360	302361	27	0.6664
chr1	302420	302421	39	0.9218
chr1	302457	302458	35	0.8831
chr1	302470	302471	28	0.9161
chr1	302476	302477	21	0.8927
chr1	302486	302487	23	0.9266
chr1	302493	302494	30	0.8864
chr1	302503	302504	33	0.9147
chr1	302508	302509	33	0.9057
chr1	302509	302510	30	0.9639
chr1	302549	302550	44	0.9716
chr1	302603	302604	19	0.755
chr1	302605	302606	24	0.8842
chr1	302653	302654	39	0.9455
chr1	302665	302666	35	1.0
chr1	302673	302674	38	0.8764
chr1	302680	302681	17	0.7543
chr1	302693	302694	27	0.8484
chr1	302701	302702	28	0.8995
chr1	302703	302704	34	0.8992
chr1	302729	302730	30	0.9604
chr1	302747	302748	36	0.7772
chr1	302771	302772	31	0.8375
chr1	302839	302840	26	0.7926
chr1	302860	302861	34	0.8488
chr1	302873	302874	27	0.8999
chr1	302885	302886	37	0.7934
chr1	302891	302892	27	0.7603
chr1	302897	302898	27	1.0
chr1	302903	302904	24	0.835
chr1	302910	302911	29	0.7244
chr1	302925	302926	36	0.907
chr1	302947	302948	33	0.832
chr1	302977	302978	25	0.8119
chr1	303041	303042	34	0.735
chr1	303051	303052	39	0.7988
chr1	303058	303059	30	0.9193
chr1	303065	303066	26	0.8931
chr1	303071	303072	27	0.7839
chr1	303077	303078	27	0.8474
chr1	303080	303081	27	0.8783
chr1	303086	303087	35	0.8768
chr1	303098	303099	30	0.8082
chr1	303104	303105	26	0.5976
chr1	303119	303120	28	0.818
chr1	303145	303146	26	0.9054
chr1	303167	303168	33	0.7836
chr1	303215	303216	23	0.7384
chr1	303237	303238	30	0.8531
chr1	303289	303290	30	0.6363
chr1	303291	303292	26	0.9094
chr1	303337	303338	27	0.8796
chr1	303407	303408	31	0.8237
chr1	303547	303548	32	0.8276
chr1	303588	303589	26	0.8109
chr1	303593	303594	27	0.6357
chr1	303606	303607	35	0.6976
chr1	303614	303615	25	0.9524
chr1	303625	303626	39	0.8864
chr1	303633	303634	30	0.7507
chr1	303638	303639	35	0.8549
chr1	303654	303655	32	0.9019
chr1	303706	303707	24	1.0
chr1	303732	303733	30	0.8175
chr1	303737	303738	10	0.8145
chr1	303742	303743	26	0.6996
chr1	303747	303748	25	0.8556
chr1	303755	303756	35	0.7202
chr1	303763	303764	32	0.7852
chr1	303767	303768	24	0.769
chr1	303778	303779	38	0.6699
chr1	303782	303783	29	0.623
chr1	303830	303831	27	0.6497
chr1	303874	303875	29	0.751
chr1	303901	303902	29	0.6932
chr1	303907	303908	30	0.8096
chr1	303920	303921	31	0.7749
chr1	303925	303926	25	0.7195
chr1	303934	303935	35	0.822
chr1	303941	303942	31	0.7139
chr1	303949	303950	25	0.6894
chr1	303953	303954	30	0.9588
chr1	303976	303977	29	0.7251
chr1	303988	303989	28	0.7712
chr1	304010	304011	30	0.8571
chr1	304047	304048	35	0.4595
chr1	304053	304054	40	0.1503
chr1	304062	304063	29	0.1244
chr1	304075	304076	27	0.2695
chr1	304081	304082	42	0.3428
chr1	304092	304093	35	0.2646
chr1	304097	304098	30	0.1287
chr1	304114	304115	30	0.3467
chr1	304134	304135	33	0.1017
chr1	304198	304199	29	0.2121
chr1	304206	304207	26	0.3849
chr1	304215	304216	34	0.3049
chr1	304230	304231	28	0.1162
chr1	304237	304238	30	0.2653
chr1	304252	304253	39	0.2386
chr1	304259	304260	38	0.2222
chr1	304265	304266	32	0.2207
chr1	304312	304313	36	0.248
chr1	304454	304455	30	0.2655
chr1	304512	304513	29	0.0588
chr1	304674	304675	30	0.1884
chr1	304682	304683	23	0.1413
chr1	304708	304709	32	0.1577
chr1	304749	304750	24	0.6253
chr1	304753	304754	35	0.7538
chr1	304756	304757	33	0.5658
chr1	304765	304766	21	0.5913
chr1	304778	304779	42	0.5822
chr1	304784	304785	32	0.6109
chr1	304799	304800	24	0.7802
chr1	304803	304804	36	0.7794
chr1	304818	304819	27	0.7346
chr1	304880	304881	26	0.5894
chr1	304914	304915	35	0.744
chr1	304960	304961	27	0.5674
chr1	304975	304976	27	0.6657
chr1	304985	304986	27	0.744
chr1	304996	304997	36	0.8885
chr1	305000	305001	40	0.7835
chr1	305007	305008	37	0.731
chr1	305010	305011	38	0.7534
chr1	305034	305035	32	0.8012
chr1	305046	305047	30	0.7076
chr1	305060	305061	33	0.7891
chr1	305086	305087	20	0.7579
chr1	305101	305102	34	0.7509
chr1	305106	305107	38	0.5465
chr1	305114	305115	30	0.791
chr1	305124	305125	25	0.822
chr1	305135	305136	33	0.8809
chr1	305139	305140	23	0.6901
chr1	305145	305146	33	0.7011
chr1	305182	305183	33	0.6711
chr1	305206	305207	29	0.7809
chr1	305240	305241	21	0.8011
chr1	305245	305246	23	0.9723
chr1	305260	305261	31	0.9999
chr1	305266	305267	24	0.7954
chr1	305275	305276	31	0.8745
chr1	305278	305279	30	0.9018
chr1	305286	305287	27	0.8357
chr1	305292	305293	33	0.9208
chr1	305295	305296	31	0.9265
chr1	305332	305333	32	0.9959
chr1	305370	305371	33	0.9125
chr1	305412	305413	27	0.9034
chr1	305570	305571	31	0.9577
chr1	305650	305651	29	0.8779
chr1	305780	305781	24	0.8037
chr1	305790	305791	29	0.6506
chr1	305793	305794	25	0.6986
chr1	305799	305800	33	0.5893
chr1	305803	305804	40	0.742
chr1	305818	305819	30	0.6116
chr1	305826	305827	38	0.6665
chr1	305836	305837	35	0.6766
chr1	305840	305841	35	0.7915
chr1	305859	305860	29	0.6941
chr1	305883	305884	26	0.6099
chr1	305916	305917	29	0.8721
chr1	305922	305923	34	0.8919
chr1	305929	305930	25	0.8355
chr1	305936	305937	29	0.8348
chr1	305943	305944	19	0.8789
chr1	305951	305952	35	0.7873
chr1	305954	305955	25	0.909
chr1	305960	305961	20	0.7508
chr1	305966	305967	32	0.8709
chr1	305981	305982	24	0.8823
chr1	305983	305984	36	0.8242
chr1	306065	306066	30	0.7708
chr1	306070	306071	32	0.7564
chr1	306079	306080	28	0.7879
chr1	306094	306095	36	0.6547
chr1	306105	306106	27	0.7592
chr1	306113	306114	40	0.7093
chr1	306120	306121	34	0.6234
chr1	306294	306295	28	0.6575
chr1	306298	306299	26	0.6958
chr1	306408	306409	30	0.6701
chr1	306412	306413	32	0.727
chr1	306414	306415	25	0.606
chr1	306440	306441	27	0.6135
chr1	306516	306517	33	0.7364
chr1	306620	306621	27	0.7393
chr1	306656	306657	37	0.1225
chr1	306666	306667	33	0.1212
chr1	306676	306677	36	0.0
chr1	306687	306688	32	0.0443
chr1	306696	306697	22	0.0948
chr1	306704	306705	20	0.123
chr1	306706	306707	30	0.1307
chr1	306722	306723	39	0.0416
chr1	306744	306745	20	0.2152
chr1	306754	306755	33	0.1509
chr1	306784	306785	29	0.4753
chr1	306794	306795	27	0.5266
chr1	306803	306804	26	0.6132
chr1	306818	306819	27	0.4712
chr1	306833	306834	36	0.5721
chr1	306836	306837	29	0.6567
chr1	306886	306887	23	0.5871
chr1	306888	306889	30	0.6868
chr1	306902	306903	31	0.4369
chr1	306919	306920	36	0.0949
chr1	306925	306926	33	0.0
chr1	306930	306931	26	0.0979
chr1	306942	306943	27	0.0194
chr1	306947	306948	22	0.0413
chr1	306957	306958	29	0.0
chr1	306970	306971	28	0.0109
chr1	306971	306972	39	0.1744
chr1	306993	306994	24	0.0
chr1	307008	307009	26	0.0
chr1	307016	307017	30	0.0631
chr1	307108	307109	34	0.1089
chr1	307113	307114	30	0.027
chr1	307124	307125	25	0.0
chr1	307135	307136	33	0.0337
chr1	307148	307149	22	0.0
chr1	307161	307162	32	0.0937
chr1	307167	307168	30	0.0
chr1	307170	307171	33	0.0181
chr1	307174	307175	35	0.0724
chr1	307224	307225	28	0.0587
chr1	307366	307367	32	0.1544
chr1	307524	307525	29	0.0465
chr1	307548	307549	24	0.152
chr1	307584	307585	38	0.1395
chr1	307720	307721	29	0.0701
chr1	307763	307764	22	0.7483
chr1	307768	307769	27	0.8489
chr1	307775	307776	27	0.7862
chr1	307785	307786	35	0.8078
chr1	307796	307797	25	0.7863
chr1	307811	307812	25	0.9422
chr1	307813	307814	26	0.7832
chr1	307836	307837	26	0.9202
chr1	307866	307867	28	0.8347
chr1	307884	307885	28	0.9062
chr1	307898	307899	32	0.1226
chr1	307902	307903	34	0.1391
chr1	307910	307911	30	0.3498
chr1	307925	307926	20	0.3165
chr1	307928	307929	31	0.2182
chr1	307935	307936	31	0.1723
chr1	307942	307943	31	0.4012
chr1	307948	307949	30	0.5206
chr1	307970	307971	28	0.161
chr1	307987	307988	31	0.2441
chr1	308012	308013	29	0.2346
chr1	308080	308081	31	0.1068
chr1	308102	308103	27	0.1202
chr1	308114	308115	25	0.0593
chr1	308123	308124	32	0.1998
chr1	308134	308135	46	0.1087
chr1	308149	308150	31	0.2149
chr1	308152	308153	35	0.0075
chr1	308189	308190	30	0.1374
chr1	308265	308266	29	0.1729
chr1	308294	308295	21	0.7832
chr1	308306	308307	22	0.7061
chr1	308318	308319	30	0.7906
chr1	308325	308326	37	0.7495
chr1	308331	308332	27	0.7127
chr1	308338	308339	35	0.8285
chr1	308344	308345	31	0.6758
chr1	308365	308366	32	0.7174
chr1	308389	308390	26	0.86
chr1	308463	308464	36	0.8537
chr1	308485	308486	35	0.9402
chr1	308492	308493	37	0.9704
chr1	308506	308507	26	0.8768
chr1	308513	308514	30	0.4976
chr1	308516	308517	39	0.4964
chr1	308528	308529	34	0.5587
chr1	308532	308533	22	0.6808
chr1	308536	308537	26	0.5784
chr1	308576	308577	33	0.6851
chr1	308637	308638	34	0.9345
chr1	308642	308643	35	0.8137
chr1	308648	308649	25	0.7795
chr1	308654	308655	27	0.8329
chr1	308660	308661	30	0.7414
chr1	308674	308675	24	0.6923
chr1	308681	308682	36	0.621
chr1	308687	308688	34	0.7214
chr1	308694	308695	26	0.6801
chr1	308697	308698	25	0.6347
chr1	308713	308714	32	0.8023
chr1	308736	308737	37	0.6377
chr1	308751	308752	31	0.5911
chr1	308799	308800	29	0.7697
chr1	308803	308804	31	0.7282
chr1	308845	308846	28	0.748
chr1	308871	308872	26	0.716
chr1	309159	309160	29	0.7982
chr1	309163	309164	27	0.6781
chr1	309169	309170	24	0.7774
chr1	309175	309176	23	0.6601
chr1	309187	309188	34	0.6002
chr1	309219	309220	27	0.694
chr1	309224	309225	32	0.7965
chr1	309235	309236	31	0.815
chr1	309243	309244	20	0.8303
chr1	309247	309248	29	0.7662
chr1	309256	309257	27	0.6403
chr1	309262	309263	25	0.6741
chr1	309269	309270	27	0.8041
chr1	309274	309275	33	0.7949
chr1	309281	309282	26	0.6966
chr1	309284	309285	33	0.8816
chr1	309318	309319	22	0.7155
chr1	309348	309349	36	0.7809
chr1	309370	309371	36	0.9545
chr1	309374	309375	32	0.9043
chr1	309379	309380	29	0.9678
chr1	309385	309386	24	0.8139
chr1	309391	309392	21	0.8675
chr1	309401	309402	22	0.8432
chr1	309409	309410	28	0.7671
chr1	309424	309425	41	0.8802
chr1	309431	309432	24	0.8453
chr1	309476	309477	16	0.9241
chr1	309492	309493	29	0.7658
chr1	309512	309513	35	0.7272
chr1	309618	309619	24	0.7784
chr1	309772	309773	36	0.9315
chr1	309854	309855	28	0.7911
chr1	309862	309863	35	0.0
chr1	309877	309878	33	0.0
chr1	309884	309885	24	0.0804
chr1	309893	309894	30	0.1638
chr1	309898	309899	31	0.0969
chr1	309903	309904	19	0.1702
chr1	309910	309911	26	0.0
chr1	309912	309913	31	0.0737
chr1	309933	309934	29	0.2086
chr1	309960	309961	30	0.0983
chr1	309996	309997	25	0.2352
chr1	310032	310033	28	0.0329
chr1	310094	310095	33	0.0756
chr1	310114	310115	31	0.0617
chr1	310264	310265	18	0.1116
chr1	310320	310321	40	0.0974
chr1	310354	310355	24	0.2673
chr1	310458	310459	33	0.1035
chr1	310468	310469	23	0.0
chr1	310476	310477	32	0.1125
chr1	310487	310488	29	0.0755
chr1	310495	310496	25	0.1165
chr1	310503	310504	32	0.0726
chr1	310513	310514	31	0.0205
chr1	310528	310529	28	0.0
chr1	310532	310533	28	0.0
chr1	310582	310583	23	0.0617
chr1	310598	310599	31	0.1807
chr1	310628	310629	36	0.0655
chr1	310764	310765	29	0.1726
chr1	310788	310789	33	0.1717
chr1	310794	310795	24	0.1327
chr1	310944	310945	17	0.1332
chr1	311034	311035	24	0.0787
chr1	311057	311058	26	0.6833
chr1	311062	311063	24	0.8519
chr1	311070	311071	32	0.8342
chr1	311081	311082	29	0.7427
chr1	311091	311092	29	0.6904
chr1	311106	311107	37	0.8605
chr1	311109	311110	32	0.8196
chr1	311159	311160	36	0.7145
chr1	311221	311222	29	0.792
chr1	311234	311235	30	0.236
chr1	311249	311250	20	0.2271
chr1	311264	311265	32	0.3986
chr1	311279	311280	25	0.1506
chr1	311284	311285	25	0.2296
chr1	311314	311315	32	0.2122
chr1	311400	311401	31	0.3798
chr1	311424	311425	26	0.2944
chr1	311433	311434	29	0.153
chr1	311443	311444	36	0.1012
chr1	311452	311453	30	0.3052
chr1	311456	311457	34	0.3101
chr1	311468	311469	24	0.2094
chr1	311474	311475	23	0.1397
chr1	311506	311507	28	0.2098
chr1	311544	311545	26	0.1614
chr1	311559	311560	41	0.8818
chr1	311568	311569	17	0.8084
chr1	311575	311576	36	0.7057
chr1	311590	311591	21	0.7168
chr1	311595	311596	29	0.7714
chr1	311605	311606	19	0.6563
chr1	311609	311610	33	0.7514
chr1	311673	311674	28	0.8676
chr1	311691	311692	29	0.857
chr1	311741	311742	29	0.8461
chr1	311747	311748	31	0.9057
chr1	311761	311762	27	0.7647
chr1	311771	311772	25	0.7954
chr1	311775	311776	29	0.776
chr1	311781	311782	30	0.9279
chr1	311792	311793	24	0.9758
chr1	311798	311799	32	0.9352
chr1	311838	311839	24	0.8608
chr1	311852	311853	39	0.9046
chr1	311865	311866	31	0.2103
chr1	311873	311874	34	0.0983
chr1	311881	311882	32	0.1389
chr1	311886	311887	35	0.2446
chr1	311898	311899	36	0.1826
chr1	311906	311907	27	0.0378
chr1	311912	311913	26	0.0026
chr1	311916	311917	28	0.077
chr1	311945	311946	40	0.0612
chr1	311967	311968	27	0.1267
chr1	312043	312044	26	0.025
chr1	312073	312074	33	0.78
chr1	312078	312079	25	0.5615
chr1	312091	312092	26	0.7944
chr1	312103	312104	31	0.8907
chr1	312110	312111	29	0.7012
chr1	312124	312125	30	0.5868
chr1	312165	312166	28	0.6638
chr1	312249	312250	25	0.7828
chr1	312265	312266	30	0.9417
chr1	312275	312276	30	0.7787
chr1	312281	312282	42	0.6711
chr1	312292	312293	38	0.7358
chr1	312299	312300	27	0.6377
chr1	312304	312305	24	0.7724
chr1	312317	312318	38	0.7882
chr1	312325	312326	34	0.8553
chr1	312361	312362	34	0.7974
chr1	312397	312398	31	0.7847
chr1	312417	312418	30	0.688
chr1	312461	312462	34	0.777
chr1	312473	312474	37	0.7465
chr1	312801	312802	32	0.6738
chr1	312839	312840	35	0.6217
chr1	312842	312843	32	0.6672
chr1	312853	312854	45	0.6888
chr1	312860	312861	32	0.695
chr1	312875	312876	21	0.5897
chr1	312880	312881	33	0.5699
chr1	312889	312890	26	0.5017
chr1	312959	312960	36	0.5658
chr1	312981	312982	29	0.6769
chr1	312986	312987	24	0.493
chr1	312994	312995	34	0.7018
chr1	313001	313002	38	0.6334
chr1	313010	313011	27	0.4963
chr1	313014	313015	35	0.5313
chr1	313020	313021	32	0.4891
chr1	313028	313029	27	0.5228
chr1	313031	313032	33	0.6055
chr1	313060	313061	26	0.615
chr1	313136	313137	36	0.8464
chr1	313148	313149	29	0.5751
chr1	313187	313188	27	0.6909
chr1	313198	313199	23	0.6817
chr1	313206	313207	29	0.57
chr1	313213	313214	33	0.685
chr1	313220	313221	38	0.6843
chr1	313227	313228	20	0.6126
chr1	313234	313235	35	0.7194
chr1	313237	313238	41	0.8535
chr1	313274	313275	24	0.6807
chr1	313372	313373	33	0.8316
chr1	313416	313417	36	0.9274
chr1	313431	313432	36	0.889
chr1	313442	313443	23	0.8917
chr1	313452	313453	25	0.9545
chr1	313458	313459	32	0.9797
chr1	313467	313468	40	0.9131
chr1	313472	313473	30	0.8272
chr1	313499	313500	35	0.9605
chr1	313537	313538	30	0.8097
chr1	313576	313577	29	0.8252
chr1	313585	313586	29	0.8357
chr1	313590	313591	30	0.8285
chr1	313594	313595	27	0.9585
chr1	313597	313598	28	0.7341
chr1	313604	313605	34	0.9625
chr1	313609	313610	36	0.8187
chr1	313621	313622	23	0.7788
chr1	313627	313628	31	0.7948
chr1	313677	313678	29	0.8819
chr1	313775	313776	31	1.0
chr1	313782	313783	29	0.6678
chr1	313795	313796	26	0.8727
chr1	313802	313803	34	0.9377
chr1	313815	313816	34	0.6596
chr1	313821	313822	21	0.7111
chr1	313830	313831	31	0.814
chr1	313832	313833	30	0.7204
chr1	313847	313848	34	0.7685
chr1	313873	313874	36	0.7717
chr1	313919	313920	30	0.7673
chr1	313953	313954	29	0.6494
chr1	313979	313980	26	0.6882
chr1	314097	314098	27	0.8017
chr1	314211	314212	30	0.9081
chr1	314251	314252	27	0.7555
chr1	314281	314282	36	0.8046
chr1	314307	314308	27	0.8273
chr1	314317	314318	29	0.7197
chr1	314326	314327	26	0.7209
chr1	314341	314342	32	0.7052
chr1	314349	314350	24	0.7692
chr1	314352	314353	36	0.6728
chr1	314358	314359	33	0.5949
chr1	314365	314366	34	0.7517
chr1	314367	314368	32	0.6984
chr1	314371	314372	34	0.7168
chr1	314413	314414	29	0.6457
chr1	314417	314418	35	0.8424
chr1	314473	314474	30	0.8405
chr1	314531	314532	39	0.7192
chr1	314579	314580	39	0.5823
chr1	314631	314632	30	0.502
chr1	314647	314648	30	0.7376
chr1	314767	314768	32	0.8248
chr1	314789	314790	32	0.6892
chr1	314812	314813	26	0.2081
chr1	314818	314819	34	0.0892
chr1	314822	314823	32	0.0395
chr1	314837	314838	33	0.0611
chr1	314845	314846	35	0.0281
chr1	314853	314854	29	0.0477
chr1	314856	314857	35	0.0656
chr1	314860	314861	29	0.1662
chr1	314862	314863	29	0.0
chr1	314900	314901	22	0.1249
chr1	314962	314963	33	0.1507
chr1	314987	314988	32	0.559
chr1	314992	314993	36	0.5499
chr1	314998	314999	19	0.6306
chr1	315006	315007	34	0.6738
chr1	315013	315014	30	0.5048
chr1	315018	315019	28	0.5983
chr1	315023	315024	25	0.535
chr1	315029	315030	19	0.5871
chr1	315037	315038	37	0.6796
chr1	315071	315072	33	0.5214
chr1	315101	315102	26	0.5224
chr1	315108	315109	32	0.5933
chr1	315121	315122	30	0.733
chr1	315128	315129	29	0.5297
chr1	315136	315137	30	0.8781
chr1	315147	315148	30	0.7692
chr1	315155	315156	31	0.806
chr1	315158	315159	27	0.7597
chr1	315204	315205	23	0.8318
chr1	315278	315279	38	0.8551
chr1	315428	315429	28	0.803
chr1	315456	315457	41	0.9025
chr1	315468	315469	35	0.6924
chr1	315496	315497	30	0.771
chr1	315516	315517	33	0.7556
chr1	315660	315661	30	0.7629
chr1	315664	315665	33	0.6464
chr1	315666	315667	26	0.6185
chr1	315670	315671	18	0.58
chr1	315676	315677	31	0.5568
chr1	315681	315682	31	0.698
chr1	315689	315690	28	0.6525
chr1	315699	315700	24	0.5848
chr1	315703	315704	33	0.5121
chr1	315708	315709	30	0.5978
chr1	315713	315714	25	0.5621
chr1	315720	315721	32	0.4431
chr1	315727	315728	24	0.5465
chr1	315777	315778	32	0.6371
chr1	315899	315900	25	0.6338
chr1	315905	315906	26	0.5431
chr1	316039	316040	34	0.7032
chr1	316043	316044	28	0.4414
chr1	316087	316088	30	0.6459
chr1	316113	316114	11	0.5743
chr1	316159	316160	32	0.5999
chr1	316217	316218	26	0.4866
chr1	316249	316250	40	0.5288
chr1	316284	316285	33	0.8477
chr1	316299	316300	33	0.7177
chr1	316309	316310	27	0.6299
chr1	316318	316319	20	0.7872
chr1	316323	316324	34	0.6948
chr1	316334	316335	24	0.7377
chr1	316335	316336	21	0.6053
chr1	316385	316386	31	0.8238
chr1	316405	316406	37	0.5338
chr1	316455	316456	27	0.8439
chr1	316461	316462	31	0.8048
chr1	316471	316472	28	0.7715
chr1	316486	316487	31	0.7559
chr1	316501	316502	27	0.7617
chr1	316511	316512	23	0.7955
chr1	316526	316527	30	0.6538
chr1	316556	316557	33	0.7189
chr1	316630	316631	15	0.7125
chr1	316682	316683	38	0.7364
chr1	316756	316757	34	0.7127
chr1	316784	316785	28	0.7017
chr1	316832	316833	21	0.6698
chr1	316928	316929	34	0.8705
chr1	316992	316993	32	0.7517
chr1	317008	317009	22	0.9184
chr1	317016	317017	25	0.931
chr1	317031	317032	26	0.9255
chr1	317039	317040	30	0.8974
chr1	317043	317044	24	0.9962
chr1	317055	317056	33	0.9481
chr1	317063	317064	25	0.9478
chr1	317084	317085	34	1.0
chr1	317112	317113	34	0.8591
chr1	317126	317127	26	0.845
chr1	317139	317140	26	0.6734
chr1	317148	317149	33	0.7013
chr1	317156	317157	29	0.7043
chr1	317170	317171	33	0.8023
chr1	317182	317183	31	0.6558
chr1	317188	317189	28	0.6653
chr1	317189	317190	23	0.6497
chr1	317195	317196	30	0.8939
chr1	317277	317278	31	0.7211
chr1	317312	317313	28	0.8665
chr1	317318	317319	25	0.7431
chr1	317323	317324	30	0.85
chr1	317330	317331	20	0.735
chr1	317338	317339	35	0.7191
chr1	317348	317349	34	0.7188
chr1	317356	317357	34	0.839
chr1	317359	317360	27	0.7658
chr1	317363	317364	25	0.7028
chr1	317413	317414	32	0.8437
chr1	317433	317434	38	0.7827
chr1	317507	317508	31	0.8407
chr1	317533	317534	31	0.0983
chr1	317542	317543	31	0.0805
chr1	317555	317556	30	0.1338
chr1	317561	317562	33	0.0726
chr1	317576	317577	23	0.0884
chr1	317583	317584	28	0.0341
chr1	317603	317604	13	0.0739
chr1	317633	317634	30	0.0704
chr1	317655	317656	34	0.3909
chr1	317661	317662	22	0.65
chr1	317670	317671	37	0.0
chr1	317681	317682	40	0.519
chr1	317694	317695	26	0.0
chr1	317703	317704	28	0.1612
chr1	317705	317706	24	0.0357
chr1	317731	317732	26	0.0
chr1	317759	317760	22	0.0
chr1	317779	317780	22	0.3582
chr1	317817	317818	27	0.0558
chr1	317822	317823	28	0.0
chr1	317826	317827	31	0.0127
chr1	317834	317835	29	0.0799
chr1	317842	317843	36	0.0875
chr1	317846	317847	33	0.0455
chr1	317854	317855	26	0.1254
chr1	317867	317868	35	0.0165
chr1	317900	317901	24	0.0452
chr1	318000	318001	24	0.0219
chr1	318031	318032	24	0.1645
chr1	318037	318038	39	0.0967
chr1	318047	318048	32	0.1259
chr1	318057	318058	33	0.0845
chr1	318064	318065	28	0.0
chr1	318070	318071	24	0.0329
chr1	318079	318080	24	0.046
chr1	318082	318083	26	0.0689
chr1	318085	318086	25	0.1469
chr1	318121	318122	32	0.2206
chr1	318153	318154	32	0.0938
chr1	318163	318164	29	0.0864
chr1	318209	318210	33	0.0
chr1	318220	318221	27	0.0
chr1	318232	318233	26	0.0
chr1	318240	318241	30	0.0375
chr1	318250	318251	28	0.119
chr1	318258	318259	27	0.0747
chr1	318269	318270	22	0.1376
chr1	318271	318272	27	0.0
chr1	318306	318307	35	0.0925
chr1	318370	318371	32	0.0163
chr1	318407	318408	36	0.6759
chr1	318415	318416	38	0.8128
chr1	318428	318429	31	0.8739
chr1	318435	318436	26	0.8683
chr1	318450	318451	31	0.8296
chr1	318456	318457	30	0.8222
chr1	318459	318460	36	0.8093
chr1	318506	318507	38	0.8087
chr1	318528	318529	29	0.7073
chr1	318548	318549	33	0.6607
chr1	318569	318570	27	0.8097
chr1	318574	318575	25	0.8806
chr1	318577	318578	32	0.8369
chr1	318581	318582	28	0.8326
chr1	318590	318591	20	0.7541
chr1	318599	318600	34	0.9488
chr1	318602	318603	28	0.897
chr1	318607	318608	37	1.0
chr1	318615	318616	21	0.8991
chr1	318621	318622	34	0.8045
chr1	318652	318653	34	0.9711
chr1	318694	318695	31	0.8913
chr1	318696	318697	30	0.8745
chr1	318715	318716	16	0.6695
chr1	318724	318725	30	0.7455
chr1	318739	318740	29	0.857
chr1	318751	318752	27	0.8224
chr1	318764	318765	35	0.7604
chr1	318765	318766	30	0.7771
chr1	318780	318781	32	0.7313
chr1	318807	318808	31	0.8593
chr1	318853	318854	36	0.9414
chr1	318897	318898	43	0.7973
chr1	318925	318926	27	0.7676
chr1	318929	318930	28	0.7092
chr1	318940	318941	45	0.966
chr1	318948	318949	33	0.732
chr1	318963	318964	35	0.8419
chr1	318969	318970	39	0.7748
chr1	318979	318980	30	0.8706
chr1	318994	318995	22	0.8519
chr1	319012	319013	26	0.9101
chr1	319094	319095	34	0.8363
chr1	319102	319103	29	0.1462
chr1	319109	319110	26	0.1132
chr1	319119	319120	25	0.101
chr1	319129	319130	27	0.0456
chr1	319139	319140	31	0.0779
chr1	319152	319153	34	0.124
chr1	319167	319168	29	0.1487
chr1	319183	319184	29	0.2192
chr1	319499	319500	40	0.1298
chr1	319537	319538	21	0.1873
chr1	319583	319584	28	0.0885
chr1	319655	319656	25	0.1505
chr1	319657	319658	16	0.1485
chr1	319684	319685	27	0.0342
chr1	319699	319700	24	0.0745
chr1	319705	319706	34	0.0
chr1	319715	319716	30	0.0465
chr1	319721	319722	29	0.0861
chr1	319734	319735	36	0.0825
chr1	319760	319761	29	0.1816
chr1	319777	319778	22	0.0787
chr1	319819	319820	30	0.0477
chr1	319875	319876	32	0.0759
chr1	319918	319919	32	0.2888
chr1	319921	319922	28	0.1776
chr1	319929	319930	30	0.198
chr1	319935	319936	31	0.1904
chr1	319945	319946	31	0.3096
chr1	319955	319956	34	0.3434
chr1	319959	319960	29	0.1849
chr1	319967	319968	27	0.1353
chr1	319970	319971	22	0.1806
chr1	319995	319996	30	0.2132
chr1	320069	320070	26	0.2908
chr1	320077	320078	30	0.7311
chr1	320088	320089	28	0.7782
chr1	320096	320097	26	0.7443
chr1	320103	320104	31	0.6117
chr1	320111	320112	24	0.6453
chr1	320126	320127	32	0.6625
chr1	320131	320132	31	0.7189
chr1	320170	320171	34	0.6776
chr1	320350	320351	34	0.6997
chr1	320422	320423	26	0.7047
chr1	320528	320529	34	0.7607
chr1	320638	320639	29	0.6892
chr1	320652	320653	27	0.6806
chr1	320659	320660	28	0.0161
chr1	320670	320671	29	0.0901
chr1	320677	320678	36	0.1976
chr1	320688	320689	36	0.0842
chr1	320700	320701	36	0.04
chr1	320711	320712	30	0.0
chr1	320740	320741	29	0.1777
chr1	320757	320758	25	0.1791
chr1	320831	320832	29	0.1231
chr1	320849	320850	20	0.0788
chr1	320861	320862	19	0.1329
chr1	320875	320876	21	0.0939
chr1	321049	321050	32	0.0523
chr1	321093	321094	38	0.0316
chr1	321173	321174	37	0.0788
chr1	321247	321248	34	0.1158
chr1	321288	321289	38	0.8794
chr1	321296	321297	25	0.7943
chr1	321307	321308	37	0.7211
chr1	321322	321323	28	0.8933
chr1	321329	321330	28	0.8952
chr1	321338	321339	23	0.8874
chr1	321341	321342	31	0.6899
chr1	321390	321391	32	1.0
chr1	321462	321463	29	0.6653
chr1	321489	321490	26	0.8091
chr1	321499	321500	28	0.5284
chr1	321504	321505	28	0.6649
chr1	321514	321515	29	0.6831
chr1	321529	321530	30	0.7683
chr1	321537	321538	26	0.9415
chr1	321539	321540	36	0.7495
chr1	321586	321587	32	0.7891
chr1	321588	321589	23	0.7049
chr1	321612	321613	41	0.7258
chr1	321619	321620	26	0.7465
chr1	321628	321629	36	0.5463
chr1	321637	321638	41	0.7561
chr1	321646	321647	30	0.8308
chr1	321650	321651	26	0.8153
chr1	321656	321657	23	0.8464
chr1	321663	321664	34	0.7352
chr1	321701	321702	23	0.8053
chr1	321799	321800	28	0.6953
chr1	321826	321827	31	0.9323
chr1	321830	321831	40	0.8774
chr1	321837	321838	35	1.0
chr1	321843	321844	33	0.9229
chr1	321851	321852	22	0.856
chr1	321866	321867	29	0.7213
chr1	321872	321873	24	0.7677
chr1	321877	321878	29	0.8385
chr1	321884	321885	26	0.8524
chr1	321886	321887	28	0.8612
chr1	321909	321910	21	0.8779
chr1	321941	321942	24	0.7874
chr1	322033	322034	26	0.8021
chr1	322041	322042	30	0.8238
chr1	322049	322050	33	0.6857
chr1	322061	322062	28	0.9503
chr1	322073	322074	34	0.7693
chr1	322081	322082	35	0.9865
chr1	322089	322090	28	0.7822
chr1	322100	322101	21	0.6818
chr1	322103	322104	30	0.9419
chr1	322118	322119	26	0.8358
chr1	322140	322141	27	0.9145
chr1	322155	322156	25	0.6688
chr1	322211	322212	24	0.831
chr1	322321	322322	29	0.749
chr1	322425	322426	33	0.8266
chr1	322461	322462	30	0.8541
chr1	322483	322484	23	0.9473
chr1	322549	322550	24	0.822
chr1	322597	322598	38	0.7868
chr1	322644	322645	33	0.8837
chr1	322647	322648	20	0.7533
chr1	322659	322660	26	0.7919
chr1	322666	322667	30	0.6933
chr1	322681	322682	24	0.7902
chr1	322689	322690	31	0.6158
chr1	322694	322695	30	0.767
chr1	322729	322730	24	0.8479
chr1	322761	322762	28	0.7405
chr1	322763	322764	33	0.8639
chr1	322788	322789	22	0.7128
chr1	322797	322798	35	1.0
chr1	322804	322805	27	0.7681
chr1	322812	322813	30	0.7348
chr1	322825	322826	31	0.6878
chr1	322832	322833	26	0.8567
chr1	322838	322839	39	0.7484
chr1	322872	322873	36	0.7217
chr1	322968	322969	32	0.6862
chr1	322981	322982	34	0.1259
chr1	322990	322991	32	0.0651
chr1	323003	323004	32	0.0
chr1	323009	323010	30	0.0706
chr1	323017	323018	21	0.0
chr1	323032	323033	31	0.1138
chr1	323034	323035	30	0.0
chr1	323059	323060	33	0.1133
chr1	323075	323076	31	0.0603
chr1	323115	323116	34	0.1
chr1	323153	323154	30	0.1131
chr1	323159	323160	17	0.8675
chr1	323166	323167	33	0.9054
chr1	323177	323178	36	0.8575
chr1	323185	323186	43	0.9053
chr1	323193	323194	27	0.9222
chr1	323200	323201	34	1.0
chr1	323206	323207	38	0.8576
chr1	323214	323215	34	0.8614
chr1	323252	323253	26	0.9629
chr1	323300	323301	32	0.8457
chr1	323304	323305	29	0.8825
chr1	323330	323331	28	0.919
chr1	323474	323475	30	0.8792
chr1	323598	323599	29	0.8775
chr1	323606	323607	23	0.8975
chr1	323653	323654	31	0.7204
chr1	323666	323667	33	0.7866
chr1	323679	323680	21	0.7092
chr1	323690	323691	31	0.7647
chr1	323695	323696	28	0.845
chr1	323702	323703	32	0.6585
chr1	323703	323704	35	0.6751
chr1	323705	323706	24	0.7563
chr1	323714	323715	26	0.0157
chr1	323719	323720	27	0.0709
chr1	323728	323729	34	0.0
chr1	323740	323741	34	0.0
chr1	323745	323746	29	0.0
chr1	323753	323754	30	0.0813
chr1	323768	323769	29	0.0533
chr1	323772	323773	29	0.0
chr1	323791	323792	29	0.0471
chr1	323825	323826	37	0.061
chr1	323889	323890	27	0.0888
chr1	324129	324130	30	0.1208
chr1	324153	324154	19	0.1867
chr1	324227	324228	41	0.0753
chr1	324247	324248	27	0.1203
chr1	324279	324280	26	0.845
chr1	324286	324287	22	0.773
chr1	324298	324299	30	0.738
chr1	324309	324310	30	0.7784
chr1	324317	324318	30	0.8794
chr1	324330	324331	25	0.9241
chr1	324336	324337	35	0.8986
chr1	324338	324339	27	0.7417
chr1	324375	324376	30	0.8384
chr1	324395	324396	39	0.7654
chr1	324403	324404	29	0.7266
chr1	324467	324468	30	0.9015
chr1	324489	324490	35	0.6851
chr1	324496	324497	24	0.7427
chr1	324511	324512	31	0.7404
chr1	324526	324527	25	0.8061
chr1	324530	324531	25	0.6665
chr1	324533	324534	24	0.7141
chr1	324542	324543	23	0.7562
chr1	324544	324545	33	0.6764
chr1	324559	324560	27	0.6951
chr1	324588	324589	30	0.776
chr1	324652	324653	30	0.6757
chr1	324667	324668	21	0.8459
chr1	324675	324676	29	1.0
chr1	324684	324685	29	0.7337
chr1	324696	324697	30	0.9023
chr1	324708	324709	32	0.9436
chr1	324714	324715	40	0.9056
chr1	324717	324718	33	0.8826
chr1	324744	324745	25	0.8185
chr1	324782	324783	28	0.7818
chr1	324804	324805	32	0.8962
chr1	324828	324829	36	0.8444
chr1	324835	324836	19	0.8414
chr1	324844	324845	34	0.8972
chr1	324851	324852	29	0.7103
chr1	324861	324862	32	0.8275
chr1	324866	324867	26	0.8346
chr1	324873	324874	30	1.0
chr1	324878	324879	33	0.9171
chr1	324904	324905	34	0.8834
chr1	324948	324949	29	0.7673
chr1	324992	324993	16	0.8728
chr1	324998	324999	29	0.8459
chr1	325005	325006	25	0.9047
chr1	325010	325011	36	0.8381
chr1	325018	325019	23	0.9706
chr1	325022	325023	35	0.8843
chr1	325032	325033	16	0.9409
chr1	325039	325040	47	0.87
chr1	325043	325044	28	0.9922
chr1	325047	325048	32	1.0
chr1	325049	325050	28	0.779
chr1	325099	325100	33	0.8022
chr1	325153	325154	42	0.8592
chr1	325311	325312	24	0.837
chr1	325363	325364	28	0.8882
chr1	325373	325374	36	0.8655
chr1	325385	325386	32	0.9177
chr1	325395	325396	29	0.7499
chr1	325549	325550	33	0.8916
chr1	325551	325552	27	0.8703
chr1	325599	325600	33	0.8509
chr1	325606	325607	27	0.7519
chr1	325611	325612	20	0.6463
chr1	325618	325619	34	0.5707
chr1	325626	325627	26	0.6832
chr1	325637	325638	28	0.6171
chr1	325642	325643	22	0.5928
chr1	325647	325648	21	0.578
chr1	325656	325657	29	0.7705
chr1	325660	325661	29	0.4573
chr1	325704	325705	39	0.6515
chr1	325742	325743	28	0.5463
chr1	325854	325855	32	0.6994
chr1	325928	325929	21	0.6156
chr1	326122	326123	33	0.8036
chr1	326146	326147	34	0.6309
chr1	326152	326153	29	0.7396
chr1	326159	326160	35	0.6862
chr1	326164	326165	26	0.7308
chr1	326170	326171	39	0.7822
chr1	326173	326174	30	0.7333
chr1	326181	326182	22	0.6983
chr1	326191	326192	32	0.7674
chr1	326194	326195	25	0.788
chr1	326204	326205	26	0.7088
chr1	326209	326210	34	0.6878
chr1	326243	326244	27	0.7584
chr1	326335	326336	32	0.8038
chr1	326347	326348	31	0.7035
chr1	326353	326354	31	0.7988
chr1	326699	326700	27	0.728
chr1	326743	326744	30	0.7107
chr1	326762	326763	39	0.6564
chr1	326772	326773	30	0.705
chr1	326778	326779	28	0.7204
chr1	326792	326793	30	0.6955
chr1	326805	326806	30	0.7305
chr1	326813	326814	30	0.6185
chr1	326818	326819	34	0.7879
chr1	326822	326823	29	0.7537
chr1	326855	326856	30	0.6592
chr1	326879	326880	25	0.6588
chr1	326943	326944	25	0.7446
chr1	326976	326977	29	0.0957
chr1	326982	326983	25	0.2235
chr1	326989	326990	31	0.1683
chr1	326999	327000	30	0.2171
chr1	327011	327012	27	0.1539
chr1	327021	327022	28	0.1938
chr1	327026	327027	24	0.1802
chr1	327052	327053	36	0.1269
chr1	327066	327067	37	0.3291
chr1	327076	327077	31	0.1853
chr1	327083	327084	27	0.196
chr1	327088	327089	36	0.1909
chr1	327101	327102	25	0.3659
chr1	327108	327109	35	0.0968
chr1	327120	327121	27	0.2059
chr1	327126	327127	22	0.1262
chr1	327149	327150	30	0.3471
chr1	327335	327336	25	0.1705
chr1	327437	327438	20	0.2433
chr1	327471	327472	22	0.1412
chr1	327595	327596	27	0.0602
chr1	327615	327616	33	0.2759
chr1	327631	327632	26	0.8413
chr1	327635	327636	28	0.8075
chr1	327645	327646	28	0.9354
chr1	327652	327653	33	0.9811
chr1	327658	327659	36	0.8068
chr1	327665	327666	33	1.0
chr1	327670	327671	19	0.939
chr1	327673	327674	37	0.8913
chr1	327681	327682	31	0.8844
chr1	327707	327708	36	0.9772
chr1	327728	327729	30	0.8809
chr1	327766	327767	32	0.6954
chr1	327786	327787	35	0.8597
chr1	327797	327798	26	0.8188
chr1	327806	327807	35	0.9067
chr1	327814	327815	24	0.7543
chr1	327821	327822	33	0.7275
chr1	327834	327835	24	0.8894
chr1	327836	327837	28	0.8146
chr1	327859	327860	31	0.6319
chr1	327909	327910	31	0.8159
chr1	327950	327951	40	0.6055
chr1	327959	327960	27	0.5012
chr1	327967	327968	31	0.5994
chr1	327972	327973	28	0.6683
chr1	327980	327981	23	0.572
chr1	327988	327989	32	0.4806
chr1	327999	328000	28	0.6322
chr1	328001	328002	32	0.6557
chr1	328025	328026	32	0.5092
chr1	328040	328041	36	0.5164
chr1	328058	328059	18	0.5383
chr1	328104	328105	34	0.5998
chr1	328113	328114	30	0.9227
chr1	328119	328120	34	0.9262
chr1	328129	328130	31	0.8323
chr1	328134	328135	29	1.0
chr1	328138	328139	28	0.9989
chr1	328148	328149	21	0.9244
chr1	328152	328153	19	0.9792
chr1	328159	328160	32	1.0
chr1	328165	328166	35	0.9855
chr1	328200	328201	42	0.959
chr1	328208	328209	35	0.8569
chr1	328390	328391	25	0.8603
chr1	328458	328459	32	0.9275
chr1	328532	328533	30	0.9196
chr1	328686	328687	34	0.7977
chr1	328692	328693	34	0.0955
chr1	328706	328707	29	0.0172
chr1	328712	328713	33	0.2243
chr1	328720	328721	27	0.0
chr1	328726	328727	31	0.0885
chr1	328737	328738	31	0.0943
chr1	328742	328743	32	0.081
chr1	328776	328777	34	0.0954
chr1	328968	328969	34	0.1508
chr1	329076	329077	38	0.1899
chr1	329162	329163	36	0.1958
chr1	329164	329165	22	0.183
chr1	329200	329201	28	0.0966
chr1	329221	329222	28	0.7309
chr1	329226	329227	38	0.6733
chr1	329241	329242	22	0.8144
chr1	329245	329246	33	0.6787
chr1	329260	329261	35	0.7585
chr1	329270	329271	31	0.7714
chr1	329273	329274	34	0.6833
chr1	329307	329308	26	0.557
chr1	329325	329326	22	0.6897
chr1	329385	329386	35	0.8296
chr1	329391	329392	30	0.219
chr1	329397	329398	24	0.1973
chr1	329405	329406	27	0.303
chr1	329411	329412	29	0.2328
chr1	329419	329420	35	0.1392
chr1	329422	329423	31	0.1832
chr1	329426	329427	22	0.11
chr1	329433	329434	26	0.4008
chr1	329440	329441	28	0.1962
chr1	329441	329442	33	0.2787
chr1	329471	329472	34	0.0907
chr1	329473	329474	20	0.2397
chr1	329535	329536	36	0.115
chr1	329583	329584	31	0.1683
chr1	329617	329618	24	0.3494
chr1	329631	329632	21	0.2738
chr1	329717	329718	33	0.141
chr1	329721	329722	30	0.0605
chr1	329729	329730	20	0.1524
chr1	329841	329842	33	0.2814
chr1	329847	329848	34	0.1454
chr1	329857	329858	25	0.2712
chr1	329864	329865	26	0.1133
chr1	329875	329876	42	0.0748
chr1	329883	329884	34	0.0931
chr1	329888	329889	25	0.1853
chr1	329898	329899	28	0.1598
chr1	329906	329907	27	0.1184
chr1	329907	329908	24	0.126
chr1	329941	329942	27	0.1022
chr1	329975	329976	26	0.1234
chr1	330041	330042	31	0.1652
chr1	330083	330084	32	0.1372
chr1	330237	330238	41	0.1352
chr1	330431	330432	25	0.1368
chr1	330439	330440	35	0.5913
chr1	330443	330444	29	0.6535
chr1	330454	330455	23	0.672
chr1	330463	330464	29	0.6558
chr1	330472	330473	29	0.6447
chr1	330481	330482	26	0.6079
chr1	330489	330490	33	0.6499
chr1	330506	330507	28	0.3756
chr1	330634	330635	36	0.6477
chr1	330650	330651	24	0.5194
chr1	330698	330699	34	0.5635
chr1	330840	330841	29	0.7106
chr1	330944	330945	28	0.5152
chr1	330976	330977	33	0.5221
chr1	331000	331001	38	0.5473
chr1	331030	331031	29	0.8868
chr1	331042	331043	21	0.8484
chr1	331055	331056	29	0.9147
chr1	331068	331069	36	0.9017
chr1	331080	331081	27	0.7517
chr1	331096	331097	32	0.9126
chr1	331132	331133	39	0.8023
chr1	331178	331179	34	0.8792
chr1	331187	331188	31	0.892
chr1	331193	331194	35	0.8408
chr1	331200	331201	34	0.8615
chr1	331215	331216	36	0.9351
chr1	331223	331224	31	0.9731
chr1	331228	331229	32	0.775
chr1	331260	331261	31	0.7757
chr1	331288	331289	28	0.9439
chr1	331328	331329	29	0.9919
chr1	331334	331335	42	0.6292
chr1	331338	331339	30	0.5823
chr1	331345	331346	17	0.72
chr1	331352	331353	34	0.7525
chr1	331359	331360	33	0.7633
chr1	331365	331366	24	0.5903
chr1	331370	331371	40	0.6509
chr1	331382	331383	24	0.5995
chr1	331386	331387	27	0.6888
chr1	331412	331413	31	0.7859
chr1	331420	331421	34	0.4694
chr1	331486	331487	25	0.6463
chr1	331502	331503	27	0.6709
chr1	331656	331657	30	0.7313
chr1	331746	331747	21	0.4363
chr1	331756	331757	29	0.6353
chr1	331760	331761	27	0.6651
chr1	331816	331817	26	0.7875
chr1	331876	331877	19	0.7417
chr1	331890	331891	23	0.737
chr1	331900	331901	31	0.8543
chr1	331903	331904	25	0.9543
chr1	331908	331909	25	0.8807
chr1	331917	331918	26	0.6265
chr1	331929	331930	43	0.9162
chr1	331939	331940	26	0.5236
chr1	331940	331941	27	0.6077
chr1	331944	331945	31	0.7504
chr1	332040	332041	30	0.698
chr1	332055	332056	34	0.992
chr1	332066	332067	26	0.9982
chr1	332080	332081	29	0.9486
chr1	332095	332096	42	0.8955
chr1	332105	332106	32	0.8754
chr1	332128	332129	26	0.8485
chr1	332153	332154	22	0.778
chr1	332253	332254	31	0.8338
chr1	332284	332285	37	0.9656
chr1	332290	332291	32	0.6652
chr1	332296	332297	26	0.9661
chr1	332303	332304	28	0.8652
chr1	332312	332313	31	0.8181
chr1	332317	332318	31	0.8207
chr1	332324	332325	38	0.7721
chr1	332334	332335	36	0.7847
chr1	332354	332355	17	0.9537
chr1	332418	332419	30	0.9169
chr1	332443	332444	29	0.0158
chr1	332455	332456	22	0.0256
chr1	332464	332465	39	0.1099
chr1	332474	332475	34	0.2052
chr1	332482	332483	30	0.0
chr1	332487	332488	36	0.1782
chr1	332491	332492	25	0.1252
chr1	332493	332494	26	0.1696
chr1	332518	332519	28	0.0337
chr1	332608	332609	28	0.137
chr1	332624	332625	24	0.5226
chr1	332632	332633	30	0.6385
chr1	332644	332645	38	0.5788
chr1	332648	332649	26	0.5971
chr1	332659	332660	28	0.668
chr1	332664	332665	27	0.5301
chr1	332674	332675	26	0.7374
chr1	332714	332715	18	0.5987
chr1	332770	332771	33	0.5658
chr1	332788	332789	24	0.4892
chr1	332824	332825	31	0.808
chr1	332829	332830	34	0.8633
chr1	332837	332838	24	0.9509
chr1	332844	332845	24	0.768
chr1	332859	332860	33	0.5922
chr1	332869	332870	19	0.8396
chr1	332876	332877	31	0.8214
chr1	332882	332883	31	0.8185
chr1	332929	332930	27	0.8506
chr1	332971	332972	41	0.8407
chr1	332979	332980	37	0.6454
chr1	332984	332985	36	0.8227
chr1	332994	332995	30	0.7144
chr1	333002	333003	28	0.6322
chr1	333010	333011	27	0.5814
chr1	333018	333019	22	0.6672
chr1	333029	333030	37	0.8318
chr1	333061	333062	25	0.6251
chr1	333123	333124	32	0.7707
chr1	333137	333138	38	0.8742
chr1	333257	333258	33	0.6439
chr1	333259	333260	19	0.7142
chr1	333317	333318	31	0.7215
chr1	333419	333420	39	0.6665
chr1	333455	333456	36	0.5794
chr1	333537	333538	26	0.7669
chr1	333544	333545	27	0.5824
chr1	333556	333557	37	0.6049
chr1	333561	333562	30	0.6978
chr1	333566	333567	25	0.8717
chr1	333581	333582	27	0.7897
chr1	333592	333593	28	0.7382
chr1	333598	333599	26	0.7848
chr1	333625	333626	22	0.6664
chr1	333677	333678	33	0.6767
chr1	333735	333736	25	0.7586
chr1	333745	333746	31	0.8432
chr1	333757	333758	22	0.8366
chr1	333969	333970	30	0.5608
chr1	333985	333986	33	0.2043
chr1	333993	333994	33	0.1313
chr1	333998	333999	38	0.1574
chr1	334003	334004	23	0.2151
chr1	334011	334012	36	0.185
chr1	334019	334020	20	0.2179
chr1	334024	334025	22	0.2349
chr1	334030	334031	26	0.1374
chr1	334035	334036	33	0.1913
chr1	334061	334062	31	0.0318
chr1	334151	334152	23	0.1582
chr1	334165	334166	34	0.5351
chr1	334171	334172	33	0.7545
chr1	334182	334183	30	0.6279
chr1	334192	334193	31	0.6765
chr1	334195	334196	23	0.8574
chr1	334202	334203	29	0.8344
chr1	334209	334210	27	0.5304
chr1	334215	334216	35	0.5908
chr1	334234	334235	32	0.7019
chr1	334306	334307	31	0.7192
chr1	334332	334333	31	0.9043
chr1	334346	334347	28	0.7755
chr1	334352	334353	24	0.6752
chr1	334367	334368	27	0.6983
chr1	334372	334373	37	0.8192
chr1	334376	334377	26	0.5836
chr1	334382	334383	21	0.6559
chr1	334397	334398	28	0.7307
chr1	334415	334416	30	0.6897
chr1	334489	334490	38	0.9241
chr1	334523	334524	28	0.9766
chr1	334534	334535	23	0.8732
chr1	334541	334542	25	0.8687
chr1	334550	334551	26	0.9438
chr1	334555	334556	32	0.9183
chr1	334563	334564	29	0.9141
chr1	334568	334569	26	0.9806
chr1	334576	334577	29	0.9318
chr1	334601	334602	30	1.0
chr1	334675	334676	21	0.8801
chr1	334690	334691	32	0.4111
chr1	334698	334699	24	0.398
chr1	334705	334706	29	0.385
chr1	334708	334709	25	0.2278
chr1	334723	334724	31	0.3544
chr1	334728	334729	35	0.0891
chr1	334740	334741	21	0.4775
chr1	334746	334747	19	0.5019
chr1	334769	334770	31	0.1302
chr1	334798	334799	21	0.0975
chr1	334828	334829	30	0.5614
chr1	334848	334849	31	0.6717
chr1	334858	334859	28	0.7967
chr1	334866	334867	18	0.8662
chr1	334881	334882	19	0.8398
chr1	334891	334892	32	0.7484
chr1	334901	334902	32	0.6625
chr1	334916	334917	31	0.7453
chr1	334933	334934	33	0.807
chr1	334989	334990	28	0.9087
chr1	335033	335034	33	0.6064
chr1	335049	335050	26	0.9216
chr1	335053	335054	40	0.8744
chr1	335064	335065	34	0.6948
chr1	335070	335071	32	0.7978
chr1	335079	335080	40	0.7414
chr1	335087	335088	33	0.8486
chr1	335099	335100	25	0.833
chr1	335115	335116	30	0.835
chr1	335130	335131	34	0.9413
chr1	335208	335209	29	0.9417
chr1	335253	335254	23	0.7802
chr1	335262	335263	27	0.7026
chr1	335277	335278	23	0.7384
chr1	335285	335286	28	0.6603
chr1	335291	335292	27	0.7672
chr1	335298	335299	29	0.5751
chr1	335303	335304	26	0.7098
chr1	335319	335320	29	0.6569
chr1	335343	335344	26	0.8369
chr1	335359	335360	37	0.6647
chr1	335361	335362	23	0.5828
chr1	335389	335390	33	0.7138
chr1	335395	335396	26	0.8851
chr1	335402	335403	29	0.6414
chr1	335408	335409	34	0.8167
chr1	335414	335415	22	0.8406
chr1	335429	335430	25	0.8908
chr1	335438	335439	26	0.8875
chr1	335439	335440	30	0.787
chr1	335469	335470	34	0.8861
chr1	335477	335478	26	0.8237
chr1	335497	335498	24	0.746
chr1	335542	335543	28	0.6934
chr1	335550	335551	22	0.6369
chr1	335557	335558	34	0.8826
chr1	335565	335566	29	0.747
chr1	335571	335572	31	0.8063
chr1	335586	335587	33	0.7524
chr1	335597	335598	34	0.7315
chr1	335630	335631	22	0.613
chr1	335666	335667	25	0.735
chr1	335699	335700	29	0.7048
chr1	335706	335707	36	0.7677
chr1	335715	335716	25	0.8495
chr1	335722	335723	35	0.9048
chr1	335735	335736	27	0.7746
chr1	335747	335748	33	0.8138
chr1	335749	335750	22	0.7435
chr1	335796	335797	31	0.6536
chr1	335868	335869	22	0.9005
chr1	335918	335919	29	0.8743
chr1	335932	335933	29	0.8545
chr1	335943	335944	30	0.961
chr1	335950	335951	32	0.7443
chr1	335955	335956	29	0.9959
chr1	335969	335970	20	0.8914
chr1	335985	335986	28	0.8712
chr1	336010	336011	32	0.8814
chr1	336072	336073	27	0.8264
chr1	336083	336084	32	0.6555
chr1	336090	336091	26	0.5481
chr1	336103	336104	35	0.74
chr1	336112	336113	25	0.6318
chr1	336123	336124	35	0.7434
chr1	336135	336136	27	0.7854
chr1	336136	336137	32	0.7731
chr1	336186	336187	30	0.7729
chr1	336222	336223	23	0.7767
chr1	336237	336238	33	0.8068
chr1	336252	336253	28	0.6136
chr1	336260	336261	35	0.6372
chr1	336267	336268	33	0.8963
chr1	336272	336273	33	0.9203
chr1	336281	336282	32	0.8477
chr1	336287	336288	38	0.7942
chr1	336319	336320	28	0.7779
chr1	336375	336376	39	0.6828
chr1	336383	336384	16	0.883
chr1	336394	336395	27	0.9206
chr1	336400	336401	36	0.9019
chr1	336407	336408	19	0.7333
chr1	336413	336414	34	0.8283
chr1	336416	336417	28	0.9866
chr1	336422	336423	31	0.8596
chr1	336427	336428	34	0.7931
chr1	336431	336432	24	0.6826
chr1	336436	336437	40	0.8354
chr1	336443	336444	34	0.8173
chr1	336479	336480	23	0.9751
chr1	336489	336490	29	0.7246
chr1	336549	336550	28	0.7276
chr1	336609	336610	29	0.7043
chr1	336719	336720	33	0.9335
chr1	336891	336892	25	0.7241
chr1	336917	336918	33	0.7019
chr1	336922	336923	30	0.5534
chr1	336927	336928	35	0.5784
chr1	336934	336935	17	0.6881
chr1	336947	336948	23	0.4133
chr1	336953	336954	36	0.5945
chr1	336957	336958	32	0.3732
chr1	336967	336968	35	0.3762
chr1	337000	337001	25	0.5444
chr1	337024	337025	29	0.4909
chr1	337078	337079	26	0.5973
chr1	337112	337113	20	0.7423
chr1	337121	337122	30	0.7739
chr1	337126	337127	40	0.7285
chr1	337141	337142	26	0.6677
chr1	337149	337150	32	0.777
chr1	337153	337154	30	0.5697
chr1	337160	337161	31	0.7676
chr1	337164	337165	24	0.7275
chr1	337201	337202	23	0.5342
chr1	337216	337217	35	0.6035
chr1	337316	337317	41	0.6796
chr1	337355	337356	35	0.8873
chr1	337362	337363	34	0.8767
chr1	337365	337366	27	0.7934
chr1	337374	337375	23	0.8257
chr1	337381	337382	29	0.9188
chr1	337389	337390	29	0.9854
chr1	337403	337404	18	0.8817
chr1	337405	337406	34	0.9475
chr1	337450	337451	38	0.9195
chr1	337466	337467	19	0.9706
chr1	337493	337494	33	0.6571
chr1	337497	337498	31	0.6435
chr1	337504	337505	25	0.9512
chr1	337512	337513	39	0.8041
chr1	337521	337522	35	0.8804
chr1	337529	337530	31	0.9064
chr1	337535	337536	28	0.6673
chr1	337538	337539	26	0.5818
chr1	337547	337548	33	0.7638
chr1	337597	337598	29	0.7228
chr1	337641	337642	24	0.7209
chr1	337643	337644	36	0.8423
chr1	337653	337654	23	0.9851
chr1	337658	337659	29	0.8355
chr1	337672	337673	25	1.0
chr1	337683	337684	30	0.9342
chr1	337691	337692	22	0.9278
chr1	337696	337697	30	0.8556
chr1	337703	337704	33	0.9197
chr1	337738	337739	36	0.8812
chr1	337878	337879	30	0.8134
chr1	337932	337933	31	0.936
chr1	337966	337967	30	0.7988
chr1	337976	337977	26	0.9012
chr1	337982	337983	35	0.8925
chr1	338118	338119	28	0.9691
chr1	338120	338121	30	0.9092
chr1	338138	338139	41	0.8854
chr1	338170	338171	34	0.9045
chr1	338176	338177	36	0.9125
chr1	338186	338187	22	0.9604
chr1	338192	338193	32	0.7896
chr1	338202	338203	31	0.8429
chr1	338216	338217	30	0.646
chr1	338225	338226	24	0.8239
chr1	338250	338251	30	0.9685
chr1	338279	338280	16	0.7006
chr1	338301	338302	29	0.8815
chr1	338313	338314	28	0.8536
chr1	338326	338327	32	0.8692
chr1	338335	338336	33	0.7557
chr1	338350	338351	31	0.956
chr1	338363	338364	31	0.837
chr1	338369	338370	25	0.6497
chr1	338375	338376	28	0.8036
chr1	338376	338377	23	0.6218
chr1	338416	338417	33	0.6979
chr1	338432	338433	33	0.6364
chr1	338440	338441	32	0.5861
chr1	338453	338454	26	0.6139
chr1	338462	338463	29	0.5538
chr1	338469	338470	24	0.7156
chr1	338474	338475	28	0.6698
chr1	338477	338478	31	0.5869
chr1	338490	338491	25	0.7032
chr1	338515	338516	24	0.6248
chr1	338547	338548	32	0.5636
chr1	338563	338564	37	0.7235
chr1	338661	338662	20	0.5152
chr1	338683	338684	23	0.766
chr1	338777	338778	36	0.7244
chr1	338795	338796	25	0.5646
chr1	338857	338858	32	0.6429
chr1	338861	338862	28	0.7108
chr1	338957	338958	31	0.8379
chr1	338959	338960	35	0.6996
chr1	338969	338970	40	0.7489
chr1	338973	338974	33	0.73
chr1	338982	338983	30	0.6648
chr1	338987	338988	34	0.9021
chr1	338992	338993	29	0.6684
chr1	338999	339000	36	0.6788
chr1	339013	339014	29	0.7111
chr1	339017	339018	29	0.7052
chr1	339022	339023	27	0.8785
chr1	339023	339024	38	0.8641
chr1	339041	339042	34	0.8176
chr1	339056	339057	32	0.7953
chr1	339074	339075	34	0.687
chr1	339280	339281	31	0.8361
chr1	339290	339291	35	0.8244
chr1	339360	339361	30	0.7167
chr1	339400	339401	23	0.6828
chr1	339410	339411	24	0.7482
chr1	339544	339545	31	0.8363
chr1	339570	339571	28	0.7403
chr1	339578	339579	32	0.5116
chr1	339587	339588	25	0.5845
chr1	339594	339595	24	0.5044
chr1	339602	339603	37	0.587
chr1	339612	339613	34	0.5641
chr1	339618	339619	32	0.4053
chr1	339625	339626	35	0.4736
chr1	339631	339632	31	0.6772
chr1	339647	339648	23	0.4476
chr1	339681	339682	29	0.5836
chr1	339729	339730	23	0.3723
chr1	339765	339766	28	0.3753
chr1	339849	339850	25	0.558
chr1	339899	339900	35	0.6924
chr1	339949	339950	39	0.4255
chr1	340125	340126	29	0.4255
chr1	340165	340166	27	0.3899
chr1	340180	340181	25	0.6311
chr1	340187	340188	27	0.72
chr1	340202	340203	23	0.5265
chr1	340209	340210	31	0.5505
chr1	340218	340219	29	0.5122
chr1	340226	340227	36	0.5228
chr1	340229	340230	26	0.703
chr1	340233	340234	18	0.6628
chr1	340275	340276	28	0.5526
chr1	340307	340308	26	0.5895
chr1	340309	340310	23	0.6847
chr1	340352	340353	32	0.8345
chr1	340360	340361	45	0.8225
chr1	340368	340369	42	0.8177
chr1	340375	340376	31	0.8622
chr1	340380	340381	30	0.6387
chr1	340389	340390	23	0.912
chr1	340393	340394	26	0.7247
chr1	340401	340402	34	0.8273
chr1	340405	340406	30	0.67
chr1	340420	340421	28	0.714
chr1	340439	340440	32	0.826
chr1	340471	340472	22	0.9004
chr1	340507	340508	29	0.7706
chr1	340545	340546	32	0.8641
chr1	340548	340549	25	0.5631
chr1	340554	340555	25	0.9757
chr1	340558	340559	26	0.613
chr1	340562	340563	28	0.8646
chr1	340572	340573	34	0.7191
chr1	340578	340579	38	0.844
chr1	340584	340585	25	0.7362
chr1	340595	340596	29	0.5675
chr1	340596	340597	33	0.8117
chr1	340642	340643	29	0.9064
chr1	340741	340742	27	0.9706
chr1	340791	340792	26	0.691
chr1	340800	340801	29	0.5034
chr1	340808	340809	28	0.5889
chr1	340817	340818	23	0.6783
chr1	340825	340826	36	0.6281
chr1	340830	340831	32	0.5336
chr1	340834	340835	32	0.3621
chr1	340845	340846	36	0.505
chr1	340846	340847	31	0.5457
chr1	340862	340863	32	0.4292
chr1	340922	340923	35	0.4464
chr1	340944	340945	36	0.4948
chr1	340949	340950	34	0.2215
chr1	340963	340964	31	0.1227
chr1	340969	340970	28	0.2062
chr1	340975	340976	28	0.2384
chr1	340979	340980	35	0.2758
chr1	340985	340986	29	0.2649
chr1	340994	340995	29	0.2204
chr1	341001	341002	29	0.2919
chr1	341019	341020	29	0.346
chr1	341052	341053	41	0.1228
chr1	341140	341141	32	0.2237
chr1	341252	341253	30	0.1614
chr1	341266	341267	29	0.0087
chr1	341314	341315	30	0.0304
chr1	341410	341411	29	0.0197
chr1	341440	341441	28	0.2669
chr1	341496	341497	21	0.1132
chr1	341514	341515	28	0.1946
chr1	341559	341560	29	0.6696
chr1	341565	341566	32	0.7864
chr1	341568	341569	27	0.7647
chr1	341583	341584	29	0.7928
chr1	341590	341591	25	0.7776
chr1	341602	341603	28	0.6363
chr1	341606	341607	35	0.6404
chr1	341609	341610	27	0.7748
chr1	341647	341648	33	0.8274
chr1	341739	341740	30	0.7383
chr1	341960	341961	22	0.2641
chr1	341970	341971	38	0.0967
chr1	341978	341979	25	0.0
chr1	341985	341986	31	0.084
chr1	341999	342000	29	0.0721
chr1	342013	342014	25	0.0928
chr1	342053	342054	35	0.0431
chr1	342077	342078	30	0.1132
chr1	342107	342108	32	0.1638
chr1	342138	342139	28	0.529
chr1	342152	342153	26	0.5601
chr1	342158	342159	22	0.5946
chr1	342169	342170	23	0.6594
chr1	342183	342184	30	0.5587
chr1	342191	342192	34	0.7443
chr1	342192	342193	35	0.8078
chr1	342231	342232	26	0.8289
chr1	342237	342238	37	0.8092
chr1	342277	342278	36	0.8109
chr1	342287	342288	24	0.6989
chr1	342302	342303	23	0.8879
chr1	342313	342314	25	0.8968
chr1	342328	342329	24	0.823
chr1	342333	342334	31	0.8727
chr1	342348	342349	27	0.92
chr1	342379	342380	38	0.9358
chr1	342407	342408	35	0.7875
chr1	342412	342413	21	0.7644
chr1	342417	342418	29	0.8469
chr1	342432	342433	38	0.7392
chr1	342439	342440	28	0.9233
chr1	342445	342446	36	0.795
chr1	342453	342454	26	0.8735
chr1	342460	342461	41	0.8304
chr1	342462	342463	36	0.9013
chr1	342484	342485	29	0.7538
chr1	342509	342510	27	0.8582
chr1	342585	342586	33	0.8756
chr1	342625	342626	28	0.8739
chr1	342737	342738	31	0.8277
chr1	342749	342750	21	0.7561
chr1	342775	342776	19	0.7477
chr1	342819	342820	26	0.7775
chr1	342879	342880	30	0.7205
chr1	342905	342906	22	0.6589
chr1	342975	342976	27	0.7111
chr1	343004	343005	27	0.7608
chr1	343008	343009	30	0.9282
chr1	343015	343016	33	0.6408
chr1	343026	343027	34	0.7106
chr1	343034	343035	35	0.9369
chr1	343037	343038	33	0.808
chr1	343046	343047	32	0.6407
chr1	343054	343055	30	0.8869
chr1	343069	343070	21	0.7799
chr1	343093	343094	29	0.8965
chr1	343111	343112	23	0.9286
chr1	343177	343178	11	0.792
chr1	343187	343188	27	0.2352
chr1	343197	343198	22	0.028
chr1	343208	343209	31	0.1811
chr1	343220	343221	35	0.1401
chr1	343228	343229	21	0.3363
chr1	343237	343238	29	0.1605
chr1	343309	343310	30	0.2442
chr1	343355	343356	27	0.2135
chr1	343453	343454	30	0.1598
chr1	343491	343492	38	0.2924
chr1	343493	343494	19	0.2694
chr1	343721	343722	23	0.1001
chr1	343735	343736	33	0.1697
chr1	343759	343760	33	0.9731
chr1	343774	343775	26	0.7839
chr1	343787	343788	35	0.8545
chr1	343790	343791	32	0.9265
chr1	343798	343799	25	0.8768
chr1	343809	343810	25	0.9783
chr1	343814	343815	36	0.7501
chr1	343860	343861	30	0.9075
chr1	343904	343905	33	0.9043
chr1	343950	343951	33	0.882
chr1	343988	343989	21	0.8807
chr1	344000	344001	33	1.0
chr1	344008	344009	30	1.0
chr1	344013	344014	36	0.9885
chr1	344018	344019	26	1.0
chr1	344028	344029	29	0.9552
chr1	344038	344039	31	0.9304
chr1	344046	344047	38	1.0
chr1	344080	344081	30	0.9019
chr1	344118	344119	29	0.9234
chr1	344136	344137	31	0.7533
chr1	344151	344152	30	0.1208
chr1	344160	344161	37	0.0662
chr1	344171	344172	28	0.1565
chr1	344176	344177	35	0.2667
chr1	344188	344189	31	0.1682
chr1	344195	344196	38	0.3825
chr1	344201	344202	29	0.3268
chr1	344219	344220	36	0.1806
chr1	344247	344248	28	0.2466
chr1	344333	344334	26	0.1488
chr1	344342	344343	29	0.8959
chr1	344347	344348	30	0.8127
chr1	344353	344354	28	0.7086
chr1	344363	344364	29	0.7301
chr1	344375	344376	27	0.9118
chr1	344385	344386	22	0.6981
chr1	344392	344393	42	0.7907
chr1	344407	344408	22	0.7199
chr1	344435	344436	26	0.7418
chr1	344539	344540	33	0.567
chr1	344587	344588	32	0.8225
chr1	344663	344664	23	0.7088
chr1	344699	344700	33	0.8678
chr1	344771	344772	39	0.8829
chr1	344835	344836	30	0.86
chr1	344843	344844	26	0.8021
chr1	344865	344866	31	0.7066
chr1	344887	344888	30	0.7746
chr1	344892	344893	33	0.9897
chr1	344896	344897	18	0.8988
chr1	344906	344907	29	0.8504
chr1	344921	344922	31	0.7869
chr1	344933	344934	37	0.6862
chr1	344940	344941	27	0.7348
chr1	344942	344943	31	0.8219
chr1	344957	344958	23	0.7999
chr1	344977	344978	40	0.9516
chr1	345101	345102	37	0.9016
chr1	345103	345104	30	0.7537
chr1	345139	345140	28	0.906
chr1	345141	345142	29	0.7438
chr1	345235	345236	34	0.8323
chr1	345299	345300	24	0.8714
chr1	345303	345304	24	0.9475
chr1	345321	345322	28	0.7273
chr1	345341	345342	28	0.8681
chr1	345361	345362	26	0.9323
chr1	345376	345377	24	0.6283
chr1	345383	345384	28	0.7813
chr1	345387	345388	26	0.8383
chr1	345398	345399	27	0.774
chr1	345409	345410	30	0.5545
chr1	345418	345419	26	0.6309
chr1	345448	345449	32	0.6459
chr1	345468	345469	19	0.7546
chr1	345514	345515	25	0.6362
chr1	345554	345555	28	0.6576
chr1	345562	345563	34	0.8184
chr1	345575	345576	35	0.7191
chr1	345581	345582	27	0.6565
chr1	345589	345590	26	0.7403
chr1	345600	345601	30	0.7992
chr1	345608	345609	31	0.8037
chr1	345612	345613	27	0.681
chr1	345640	345641	24	0.8775
chr1	345676	345677	28	0.6909
chr1	345700	345701	23	0.7609
chr1	345702	345703	25	0.9022
chr1	345744	345745	32	0.6304
chr1	345834	345835	26	0.8446
chr1	345854	345855	31	0.7913
chr1	345944	345945	32	0.7246
chr1	345970	345971	29	0.8203
chr1	346018	346019	30	0.7947
chr1	346138	346139	25	0.8127
chr1	346181	346182	25	0.957
chr1	346190	346191	32	0.8391
chr1	346199	346200	22	0.8021
chr1	346202	346203	24	0.9116
chr1	346207	346208	29	0.9458
chr1	346215	346216	32	0.7712
chr1	346224	346225	40	0.9508
chr1	346231	346232	29	0.8317
chr1	346246	346247	28	0.8064
chr1	346336	346337	26	0.7638
chr1	346358	346359	35	0.744
chr1	346367	346368	38	0.655
chr1	346379	346380	27	0.707
chr1	346389	346390	30	0.7413
chr1	346396	346397	31	0.6811
chr1	346409	346410	26	0.9065
chr1	346413	346414	26	0.8487
chr1	346435	346436	27	0.783
chr1	346457	346458	27	0.6337
chr1	346483	346484	28	0.701
chr1	346529	346530	33	0.5831
chr1	346542	346543	33	0.7753
chr1	346548	346549	25	0.6474
chr1	346554	346555	21	0.6044
chr1	346566	346567	30	0.623
chr1	346574	346575	30	0.7555
chr1	346584	346585	23	0.6954
chr1	346593	346594	27	0.7196
chr1	346624	346625	30	0.5704
chr1	346639	346640	32	0.6577
chr1	346661	346662	30	0.7708
chr1	346663	346664	35	0.6375
chr1	346702	346703	26	0.5852
chr1	346710	346711	30	0.7033
chr1	346718	346719	27	0.666
chr1	346727	346728	22	0.7917
chr1	346738	346739	30	0.5632
chr1	346744	346745	20	0.5269
chr1	346752	346753	31	0.6634
chr1	346784	346785	28	0.8078
chr1	346816	346817	33	0.7306
chr1	346833	346834	26	0.7509
chr1	346841	346842	28	0.6325
chr1	346845	346846	35	0.9295
chr1	346856	346857	21	0.8432
chr1	346859	346860	25	0.7347
chr1	346867	346868	29	0.9675
chr1	346873	346874	32	0.7626
chr1	346879	346880	28	0.9031
chr1	346889	346890	29	0.8392
chr1	346926	346927	30	0.8034
chr1	346982	346983	25	0.7608
chr1	347006	347007	30	0.7375
chr1	347027	347028	31	0.7384
chr1	347037	347038	27	0.6498
chr1	347052	347053	35	0.5676
chr1	347065	347066	26	0.6203
chr1	347076	347077	24	0.6892
chr1	347078	347079	25	0.4272
chr1	347102	347103	36	0.7234
chr1	347168	347169	32	0.5515
chr1	347198	347199	23	0.6506
chr1	347230	347231	39	0.3303
chr1	347236	347237	27	0.2228
chr1	347242	347243	40	0.1571
chr1	347257	347258	23	0.1855
chr1	347262	347263	30	0.268
chr1	347277	347278	26	0.1211
chr1	347281	347282	28	0.145
chr1	347301	347302	23	0.1337
chr1	347323	347324	24	0.4376
chr1	347335	347336	41	0.1517
chr1	347345	347346	30	0.8539
chr1	347349	347350	26	0.7729
chr1	347358	347359	30	0.8854
chr1	347368	347369	23	0.916
chr1	347377	347378	26	0.861
chr1	347386	347387	31	0.8213
chr1	347393	347394	32	0.8538
chr1	347395	347396	25	0.8835
chr1	347430	347431	29	0.7494
chr1	347438	347439	32	0.7615
chr1	347578	347579	31	0.8185
chr1	347594	347595	31	0.725
chr1	347608	347609	31	0.9762
chr1	347618	347619	27	0.7785
chr1	347648	347649	30	0.9267
chr1	347684	347685	31	0.9005
chr1	347762	347763	30	0.8441
chr1	347816	347817	35	0.8477
chr1	347821	347822	25	0.8445
chr1	347836	347837	27	0.8123
chr1	347844	347845	24	0.8251
chr1	347849	347850	36	0.8636
chr1	347861	347862	26	0.9389
chr1	347868	347869	28	0.8846
chr1	347878	347879	30	0.9352
chr1	347913	347914	37	0.9208
chr1	347928	347929	40	0.9652
chr1	347956	347957	28	0.8283
chr1	348008	348009	31	0.8366
chr1	348026	348027	20	0.9115
chr1	348182	348183	33	0.9518
chr1	348186	348187	21	0.8242
chr1	348304	348305	39	0.8307
chr1	348350	348351	40	0.8715
chr1	348414	348415	28	0.8166
chr1	348418	348419	30	0.8996
chr1	348452	348453	37	0.7813
chr1	348462	348463	39	0.8899
chr1	348472	348473	42	0.9045
chr1	348481	348482	36	0.8778
chr1	348491	348492	30	0.8798
chr1	348494	348495	25	0.9282
chr1	348498	348499	29	0.98
chr1	348502	348503	31	0.7971
chr1	348551	348552	29	1.0
chr1	348603	348604	38	0.7322
chr1	348626	348627	33	0.7108
chr1	348635	348636	29	0.6094
chr1	348645	348646	30	0.6114
chr1	348652	348653	23	0.6592
chr1	348663	348664	31	0.5689
chr1	348678	348679	30	0.5122
chr1	348702	348703	27	0.5026
chr1	348722	348723	25	0.5533
chr1	348798	348799	28	0.6158
chr1	348818	348819	28	0.5806
chr1	348825	348826	21	0.9224
chr1	348832	348833	28	1.0
chr1	348838	348839	34	0.7185
chr1	348853	348854	33	0.936
chr1	348858	348859	36	0.759
chr1	348863	348864	23	0.7939
chr1	348866	348867	20	0.7831
chr1	348875	348876	28	0.8342
chr1	348878	348879	27	0.9084
chr1	348914	348915	25	0.7811
chr1	349066	349067	34	0.8817
chr1	349070	349071	24	0.9066
chr1	349140	349141	34	0.8277
chr1	349180	349181	43	0.8598
chr1	349202	349203	30	0.7844
chr1	349306	349307	32	0.7883
chr1	349400	349401	28	0.7767
chr1	349442	349443	33	0.1614
chr1	349457	349458	27	0.1416
chr1	349466	349467	28	0.1874
chr1	349474	349475	29	0.1536
chr1	349480	349481	29	0.0
chr1	349489	349490	28	0.0296
chr1	349492	349493	23	0.1646
chr1	349516	349517	29	0.0182
chr1	349531	349532	37	0.0
chr1	349595	349596	32	0.1027
chr1	349613	349614	30	0.0574
chr1	349623	349624	33	0.0135
chr1	349632	349633	32	0.0807
chr1	349640	349641	33	0.0696
chr1	349644	349645	30	0.0973
chr1	349659	349660	19	0.0884
chr1	349663	349664	33	0.034
chr1	349692	349693	29	0.0396
chr1	349694	349695	27	0.1302
chr1	349700	349701	36	0.9689
chr1	349706	349707	24	1.0
chr1	349713	349714	29	0.9474
chr1	349721	349722	36	0.8896
chr1	349731	349732	30	0.9938
chr1	349736	349737	30	0.7796
chr1	349739	349740	30	0.8619
chr1	349750	349751	20	0.8906
chr1	349798	349799	30	0.8345
chr1	349978	349979	24	0.9544
chr1	350018	350019	34	0.9578
chr1	350034	350035	35	0.81
chr1	350180	350181	42	0.8029
chr1	350210	350211	27	0.8098
chr1	350239	350240	32	0.1788
chr1	350245	350246	28	0.1085
chr1	350253	350254	27	0.3086
chr1	350260	350261	30	0.183
chr1	350264	350265	33	0.2355
chr1	350273	350274	37	0.1492
chr1	350283	350284	32	0.0692
chr1	350289	350290	31	0.2441
chr1	350310	350311	27	0.193
chr1	350394	350395	25	0.3549
chr1	350417	350418	23	0.8329
chr1	350426	350427	39	0.8005
chr1	350437	350438	23	0.9064
chr1	350443	350444	28	0.9149
chr1	350454	350455	27	0.903
chr1	350460	350461	37	0.7346
chr1	350467	350468	26	0.7595
chr1	350482	350483	37	0.8481
chr1	350534	350535	24	0.7717
chr1	350538	350539	29	0.8201
chr1	350581	350582	30	0.7882
chr1	350589	350590	33	0.7362
chr1	350593	350594	36	0.8495
chr1	350601	350602	22	0.6428
chr1	350608	350609	27	0.7858
chr1	350615	350616	20	0.6679
chr1	350623	350624	30	0.8279
chr1	350632	350633	24	0.6827
chr1	350637	350638	35	0.7154
chr1	350680	350681	30	0.7693
chr1	350682	350683	29	0.8716
chr1	350715	350716	32	0.1585
chr1	350727	350728	29	0.0817
chr1	350735	350736	32	0.019
chr1	350743	350744	25	0.1309
chr1	350746	350747	30	0.0899
chr1	350756	350757	21	0.1932
chr1	350765	350766	19	0.0456
chr1	350785	350786	29	0.0737
chr1	350885	350886	35	0.1026
chr1	350893	350894	28	0.9675
chr1	350905	350906	29	0.932
chr1	350915	350916	31	1.0
chr1	350930	350931	24	0.9621
chr1	350943	350944	23	0.8975
chr1	350964	350965	33	0.8967
chr1	350978	350979	32	0.9383
chr1	350982	350983	21	0.8878
chr1	351010	351011	21	0.8606
chr1	351198	351199	39	0.9025
chr1	351270	351271	22	0.7948
chr1	351286	351287	30	0.831
chr1	351354	351355	23	0.872
chr1	351372	351373	35	0.8892
chr1	351399	351400	28	0.9066
chr1	351404	351405	29	0.9884
chr1	351413	351414	33	0.8489
chr1	351424	351425	25	0.785
chr1	351434	351435	28	0.7705
chr1	351437	351438	30	0.9092
chr1	351445	351446	24	0.9592
chr1	351449	351450	27	0.7107
chr1	351483	351484	26	0.9593
chr1	351495	351496	27	0.8475
chr1	351567	351568	34	0.8767
chr1	351574	351575	33	0.9262
chr1	351578	351579	31	0.751
chr1	351592	351593	32	0.7578
chr1	351600	351601	29	0.8738
chr1	351613	351614	21	0.9895
chr1	351624	351625	27	0.8562
chr1	351664	351665	33	0.8644
chr1	351706	351707	29	0.6722
chr1	351720	351721	29	0.7803
chr1	351732	351733	35	0.898
chr1	351860	351861	33	0.729
chr1	351932	351933	33	0.6579
chr1	352138	352139	26	0.8442
chr1	352167	352168	17	0.7881
chr1	352171	352172	35	0.9132
chr1	352179	352180	35	0.7832
chr1	352186	352187	30	0.8909
chr1	352195	352196	26	0.6903
chr1	352202	352203	33	0.7804
chr1	352215	352216	27	0.767
chr1	352218	352219	34	0.7207
chr1	352261	352262	30	0.9101
chr1	352275	352276	39	0.7509
chr1	352284	352285	22	0.4176
chr1	352295	352296	35	0.3917
chr1	352299	352300	30	0.4311
chr1	352310	352311	37	0.2687
chr1	352325	352326	24	0.3515
chr1	352328	352329	32	0.4521
chr1	352333	352334	36	0.4111
chr1	352337	352338	28	0.4678
chr1	352377	352378	22	0.4109
chr1	352383	352384	31	0.4604
chr1	352473	352474	35	0.5156
chr1	352715	352716	26	0.4979
chr1	352723	352724	22	0.4856
chr1	352727	352728	32	0.5401
chr1	352729	352730	26	0.2707
chr1	352749	352750	27	0.5523
chr1	352757	352758	35	0.3238
chr1	352775	352776	39	0.7973
chr1	352784	352785	33	0.6398
chr1	352788	352789	36	0.5279
chr1	352802	352803	39	0.6861
chr1	352807	352808	39	0.6967
chr1	352816	352817	39	0.5366
chr1	352822	352823	29	0.8018
chr1	352825	352826	33	0.6335
chr1	352858	352859	39	0.6022
chr1	352873	352874	26	0.6583
chr1	352875	352876	30	0.5033
chr1	352921	352922	29	0.6959
chr1	352928	352929	25	0.2008
chr1	352936	352937	38	0.2008
chr1	352943	352944	35	0.1631
chr1	352950	352951	41	0.1671
chr1	352960	352961	31	0.2629
chr1	352975	352976	27	0.1233
chr1	352978	352979	30	0.1027
chr1	353003	353004	28	0.2606
chr1	353069	353070	27	0.2179
chr1	353133	353134	23	0.191
chr1	353135	353136	22	0.3678
chr1	353157	353158	24	0.1689
chr1	353197	353198	31	0.1775
chr1	353233	353234	36	0.8036
chr1	353236	353237	35	0.7198
chr1	353242	353243	25	0.8842
chr1	353247	353248	29	0.8589
chr1	353256	353257	31	0.8113
chr1	353261	353262	20	0.8692
chr1	353265	353266	38	0.8084
chr1	353273	353274	17	0.948
chr1	353283	353284	27	0.755
chr1	353307	353308	36	0.816
chr1	353317	353318	29	0.7792
chr1	353363	353364	30	0.0643
chr1	353370	353371	25	0.1436
chr1	353383	353384	22	0.0946
chr1	353388	353389	35	0.297
chr1	353392	353393	41	0.3035
chr1	353401	353402	35	0.1862
chr1	353415	353416	30	0.2584
chr1	353418	353419	29	0.016
chr1	353460	353461	23	0.0648
chr1	353554	353555	26	0.1879
chr1	353560	353561	22	0.392
chr1	353565	353566	22	0.5591
chr1	353575	353576	33	0.4635
chr1	353585	353586	37	0.5202
chr1	353597	353598	31	0.451
chr1	353605	353606	26	0.3843
chr1	353610	353611	32	0.3293
chr1	353625	353626	21	0.5153
chr1	353627	353628	25	0.4225
chr1	353659	353660	34	0.4558
chr1	353667	353668	30	0.5567
chr1	353783	353784	25	0.6606
chr1	353881	353882	28	0.5174
chr1	353911	353912	31	0.3977
chr1	353949	353950	29	0.4113
chr1	354015	354016	28	0.4118
chr1	354025	354026	27	0.1852
chr1	354034	354035	28	0.356
chr1	354049	354050	26	0.1446
chr1	354054	354055	29	0.1894
chr1	354061	354062	28	0.1924
chr1	354075	354076	36	0.2563
chr1	354077	354078	29	0.2796
chr1	354109	354110	37	0.2641
chr1	354124	354125	28	0.3159
chr1	354132	354133	30	0.0961
chr1	354146	354147	27	0.0286
chr1	354160	354161	22	0.1897
chr1	354248	354249	28	0.157
chr1	354384	354385	25	0.1608
chr1	354390	354391	34	0.137
chr1	354490	354491	31	0.1813
chr1	354568	354569	31	0.1951
chr1	354597	354598	28	0.0926
chr1	354605	354606	31	0.1873
chr1	354613	354614	31	0.0
chr1	354619	354620	33	0.0792
chr1	354634	354635	35	0.2427
chr1	354640	354641	38	0.1379
chr1	354645	354646	26	0.0853
chr1	354647	354648	34	0.1495
chr1	354667	354668	32	0.0257
chr1	354686	354687	30	0.1523
chr1	354702	354703	34	0.1082
chr1	354744	354745	31	0.0265
chr1	354784	354785	30	0.7299
chr1	354790	354791	31	0.657
chr1	354803	354804	29	0.7107
chr1	354818	354819	31	0.7616
chr1	354825	354826	34	0.7879
chr1	354835	354836	32	0.8328
chr1	354839	354840	16	0.7325
chr1	354859	354860	30	0.6488
chr1	354874	354875	28	0.7853
chr1	354904	354905	26	0.5676
chr1	354913	354914	36	0.1955
chr1	354923	354924	30	0.0719
chr1	354927	354928	36	0.1158
chr1	354936	354937	27	0.2322
chr1	354948	354949	27	0.0502
chr1	354953	354954	29	0.1823
chr1	354958	354959	34	0.0902
chr1	354963	354964	20	0.2006
chr1	355001	355002	36	0.135
chr1	355087	355088	37	0.194
chr1	355215	355216	33	0.0801
chr1	355393	355394	24	0.2912
chr1	355431	355432	33	0.0977
chr1	355459	355460	17	0.2444
chr1	355465	355466	29	0.5172
chr1	355472	355473	25	0.66
chr1	355487	355488	31	0.7463
chr1	355497	355498	33	0.5796
chr1	355508	355509	28	0.6616
chr1	355512	355513	34	0.4623
chr1	355515	355516	31	0.6697
chr1	355538	355539	25	0.6696
chr1	355558	355559	29	0.5633
chr1	355614	355615	30	0.7183
chr1	355662	355663	29	0.6719
chr1	355674	355675	31	0.6823
chr1	355720	355721	21	0.6863
chr1	355746	355747	31	0.6851
chr1	355784	355785	32	0.6131
chr1	355956	355957	44	0.682
chr1	356012	356013	20	0.6216
chr1	356019	356020	26	0.9744
chr1	356027	356028	33	0.9128
chr1	356032	356033	25	0.7965
chr1	356038	356039	26	0.8542
chr1	356046	356047	32	0.792
chr1	356053	356054	34	0.8503
chr1	356064	356065	28	0.8223
chr1	356069	356070	27	0.8175
chr1	356109	356110	27	0.8638
chr1	356119	356120	25	0.8162
chr1	356227	356228	22	0.8224
chr1	356363	356364	27	0.8504
chr1	356393	356394	32	0.9468
chr1	356399	356400	24	0.8862
chr1	356517	356518	38	0.7279
chr1	356523	356524	31	0.8436
chr1	356549	356550	31	0.9161
chr1	356605	356606	34	0.8651
chr1	356629	356630	33	0.0743
chr1	356640	356641	26	0.133
chr1	356648	356649	31	0.0031
chr1	356657	356658	23	0.1177
chr1	356663	356664	38	0.0775
chr1	356670	356671	39	0.0245
chr1	356678	356679	29	0.2295
chr1	356679	356680	29	0.0
chr1	356711	356712	28	0.0321
chr1	356717	356718	29	0.081
chr1	356725	356726	34	0.9706
chr1	356733	356734	31	0.901
chr1	356744	356745	28	0.8813
chr1	356752	356753	29	0.957
chr1	356756	356757	37	1.0
chr1	356764	356765	31	0.9342
chr1	356771	356772	20	0.9678
chr1	356775	356776	35	0.8184
chr1	356779	356780	33	0.9952
chr1	356812	356813	28	1.0
chr1	356824	356825	25	0.9326
chr1	356874	356875	33	0.8793
chr1	356912	356913	29	0.96
chr1	357114	357115	28	0.8604
chr1	357182	357183	31	0.9177
chr1	357242	357243	24	0.8913
chr1	357302	357303	21	0.8609
chr1	357309	357310	36	0.1571
chr1	357317	357318	30	0.2354
chr1	357325	357326	40	0.3016
chr1	357338	357339	34	0.0107
chr1	357346	357347	39	0.2115
chr1	357354	357355	26	0.0217
chr1	357360	357361	24	0.2617
chr1	357377	357378	41	0.2169
chr1	357481	357482	31	0.3251
chr1	357533	357534	30	0.3803
chr1	357577	357578	31	0.1617
chr1	357589	357590	30	0.0408
chr1	357593	357594	25	0.1031
chr1	357753	357754	34	0.2644
chr1	357803	357804	35	0.2068
chr1	357809	357810	34	0.235
chr1	357856	357857	18	0.0349
chr1	357870	357871	25	0.0007
chr1	357881	357882	33	0.0772
chr1	357887	357888	27	0.0969
chr1	357897	357898	27	0.0
chr1	357903	357904	32	0.0824
chr1	357906	357907	31	0.0391
chr1	357909	357910	36	0.0571
chr1	357924	357925	29	0.214
chr1	357958	357959	29	0.1138
chr1	357992	357993	26	0.2231
chr1	358009	358010	29	0.2067
chr1	358017	358018	25	0.1309
chr1	358023	358024	37	0.1164
chr1	358032	358033	30	0.1211
chr1	358038	358039	33	0.1617
chr1	358043	358044	30	0.1655
chr1	358051	358052	28	0.1388
chr1	358059	358060	30	0.0966
chr1	358101	358102	26	0.0424
chr1	358135	358136	33	0.2098
chr1	358193	358194	34	0.1437
chr1	358240	358241	38	0.7649
chr1	358251	358252	32	0.8519
chr1	358260	358261	27	0.6966
chr1	358265	358266	26	0.6543
chr1	358271	358272	27	0.7313
chr1	358282	358283	26	0.7396
chr1	358288	358289	42	0.7816
chr1	358290	358291	34	0.7243
chr1	358323	358324	34	0.6115
chr1	358387	358388	34	0.8167
chr1	358421	358422	29	0.8231
chr1	358436	358437	29	0.9701
chr1	358441	358442	31	0.9501
chr1	358450	358451	33	1.0
chr1	358456	358457	27	0.7751
chr1	358471	358472	29	0.9787
chr1	358533	358534	34	0.7805
chr1	358567	358568	29	0.788
chr1	358580	358581	18	0.7198
chr1	358595	358596	28	0.7844
chr1	358600	358601	27	0.8487
chr1	358607	358608	24	0.766
chr1	358612	358613	31	0.8436
chr1	358619	358620	27	0.8925
chr1	358626	358627	36	0.8314
chr1	358630	358631	27	0.8126
chr1	358677	358678	28	0.7651
chr1	358723	358724	18	0.7502
chr1	358769	358770	28	0.7779
chr1	358776	358777	38	0.8578
chr1	358786	358787	30	0.7566
chr1	358791	358792	36	0.6922
chr1	358800	358801	29	0.8288
chr1	358808	358809	40	0.804
chr1	358819	358820	32	0.8045
chr1	358860	358861	32	0.929
chr1	358894	358895	31	0.9082
chr1	358924	358925	21	0.8588
chr1	358945	358946	34	0.831
chr1	358953	358954	31	0.7245
chr1	358963	358964	28	0.785
chr1	358970	358971	28	0.9112
chr1	358980	358981	29	0.8091
chr1	358987	358988	26	0.7935
chr1	358995	358996	34	0.8742
chr1	359024	359025	34	0.6983
chr1	359054	359055	28	0.7209
chr1	359075	359076	26	0.8616
chr1	359083	359084	31	0.8679
chr1	359091	359092	41	0.7687
chr1	359096	359097	31	0.9716
chr1	359109	359110	27	0.9885
chr1	359118	359119	28	0.9799
chr1	359125	359126	28	0.9371
chr1	359148	359149	28	0.9198
chr1	359202	359203	25	0.9116
chr1	359220	359221	28	0.8613
chr1	359247	359248	33	0.108
chr1	359252	359253	35	0.0857
chr1	359261	359262	31	0.0955
chr1	359267	359268	27	0.1929
chr1	359276	359277	33	0.0245
chr1	359282	359283	28	0.0535
chr1	359288	359289	27	0.1307
chr1	359294	359295	25	0.0495
chr1	359300	359301	25	0.0656
chr1	359340	359341	35	0.1392
chr1	359374	359375	33	0.0519
chr1	359412	359413	33	0.1333
chr1	359432	359433	37	0.7291
chr1	359440	359441	26	0.7799
chr1	359446	359447	26	0.7148
chr1	359453	359454	31	0.5726
chr1	359465	359466	28	0.826
chr1	359480	359481	34	0.7202
chr1	359482	359483	23	0.4932
chr1	359501	359502	34	0.7394
chr1	359526	359527	22	0.8089
chr1	359622	359623	20	0.8172
chr1	359659	359660	21	0.9388
chr1	359665	359666	38	1.0
chr1	359670	359671	28	0.9013
chr1	359680	359681	26	0.9002
chr1	359689	359690	31	0.7488
chr1	359697	359698	35	0.8653
chr1	359709	359710	21	0.8808
chr1	359716	359717	32	0.8094
chr1	359754	359755	20	1.0
chr1	359771	359772	26	0.9144
chr1	359841	359842	22	0.8558
chr1	359875	359876	34	1.0
chr1	359883	359884	29	0.7889
chr1	359890	359891	26	1.0
chr1	359894	359895	38	0.8534
chr1	359901	359902	25	1.0
chr1	359905	359906	27	0.478
chr1	359915	359916	36	0.5822
chr1	359920	359921	32	0.5223
chr1	359928	359929	32	0.332
chr1	359931	359932	29	0.484
chr1	359981	359982	33	0.412
chr1	360019	360020	29	1.0
chr1	360063	360064	26	0.8361
chr1	360066	360067	38	0.8199
chr1	360073	360074	36	0.8071
chr1	360079	360080	31	0.8128
chr1	360084	360085	39	0.7379
chr1	360094	360095	22	0.8877
chr1	360104	360105	22	0.8381
chr1	360108	360109	23	0.7142
chr1	360114	360115	41	0.8916
chr1	360146	360147	28	0.7079
chr1	360176	360177	44	0.7958
chr1	360224	360225	26	0.8629
chr1	360233	360234	27	0.0329
chr1	360240	360241	28	0.0418
chr1	360246	360247	23	0.0067
chr1	360250	360251	26	0.0327
chr1	360259	360260	27	0.1077
chr1	360269	360270	25	0.1489
chr1	360277	360278	35	0.1282
chr1	360282	360283	26	0.0874
chr1	360284	360285	30	0.2452
chr1	360325	360326	31	0.1608
chr1	360331	360332	34	0.2276
chr1	360405	360406	27	0.1455
chr1	360505	360506	31	0.1002
chr1	360515	360516	23	0.1802
chr1	360517	360518	32	0.0842
chr1	360539	360540	33	0.1757
chr1	360587	360588	29	0.1357
chr1	360651	360652	24	0.2455
chr1	360661	360662	25	0.9103
chr1	360664	360665	27	0.8845
chr1	360674	360675	32	0.6885
chr1	360684	360685	31	0.7479
chr1	360690	360691	30	0.8796
chr1	360705	360706	33	0.8958
chr1	360711	360712	31	0.8534
chr1	360745	360746	31	0.8017
chr1	360760	360761	25	0.7765
chr1	360776	360777	30	0.7893
chr1	360812	360813	30	0.7877
chr1	360841	360842	40	0.1994
chr1	360848	360849	30	0.4983
chr1	360855	360856	29	0.0101
chr1	360859	360860	34	0.0
chr1	360864	360865	34	0.2807
chr1	360867	360868	31	0.5054
chr1	360875	360876	30	0.3009
chr1	360879	360880	21	0.0466
chr1	360882	360883	39	0.0956
chr1	360891	360892	24	0.0142
chr1	360908	360909	26	0.3849
chr1	360926	360927	32	0.2005
chr1	360951	360952	26	0.0662
chr1	360958	360959	32	0.6437
chr1	360973	360974	33	0.5947
chr1	360988	360989	28	0.5993
chr1	360999	361000	34	0.4141
chr1	361004	361005	24	0.7509
chr1	361008	361009	20	0.6077
chr1	361042	361043	33	0.3535
chr1	361092	361093	28	0.4575
chr1	361106	361107	37	0.4344
chr1	361126	361127	33	0.4067
chr1	361142	361143	23	0.4709
chr1	361168	361169	21	0.6908
chr1	361186	361187	31	0.5877
chr1	361310	361311	20	0.5599
chr1	361468	361469	34	0.5835
chr1	361470	361471	32	0.4497
chr1	361513	361514	34	0.8755
chr1	361517	361518	24	0.8719
chr1	361528	361529	26	0.7242
chr1	361533	361534	33	0.8363
chr1	361539	361540	23	0.9117
chr1	361546	361547	26	0.7815
chr1	361554	361555	21	0.9244
chr1	361559	361560	19	0.7273
chr1	361563	361564	35	0.7483
chr1	361586	361587	35	0.7721
chr1	361646	361647	34	0.713
chr1	361666	361667	35	0.8867
chr1	361672	361673	38	0.8361
chr1	361683	361684	29	0.8643
chr1	361693	361694	25	0.882
chr1	361699	361700	37	1.0
chr1	361703	361704	31	0.9143
chr1	361717	361718	28	0.8439
chr1	361723	361724	24	0.7252
chr1	361773	361774	29	0.9631
chr1	361791	361792	32	0.7774
chr1	361925	361926	21	0.8859
chr1	361985	361986	24	0.9243
chr1	362005	362006	30	0.8734
chr1	362021	362022	24	0.7506
chr1	362027	362028	32	0.901
chr1	362135	362136	30	0.8572
chr1	362251	362252	32	0.9149
chr1	362273	362274	33	0.9313
chr1	362314	362315	32	0.6648
chr1	362321	362322	32	0.7505
chr1	362330	362331	29	0.6545
chr1	362333	362334	23	0.8515
chr1	362340	362341	29	0.7478
chr1	362348	362349	24	0.8162
chr1	362354	362355	30	0.8354
chr1	362357	362358	26	0.7478
chr1	362364	362365	29	0.7174
chr1	362400	362401	34	0.9436
chr1	362448	362449	28	0.5801
chr1	362483	362484	39	0.7751
chr1	362491	362492	27	0.947
chr1	362506	362507	27	0.7568
chr1	362516	362517	31	0.9284
chr1	362522	362523	32	0.808
chr1	362528	362529	36	0.8051
chr1	362533	362534	34	0.8777
chr1	362563	362564	34	0.6203
chr1	362581	362582	34	0.0
chr1	362596	362597	24	0.211
chr1	362611	362612	35	0.0358
chr1	362622	362623	25	0.0
chr1	362631	362632	31	0.0652
chr1	362632	362633	23	0.1031
chr1	362656	362657	30	0.1465
chr1	362722	362723	33	0.0562
chr1	362746	362747	31	0.172
chr1	362788	362789	39	0.8666
chr1	362800	362801	32	0.7686
chr1	362810	362811	33	0.7867
chr1	362815	362816	27	0.8619
chr1	362825	362826	29	0.7948
chr1	362832	362833	35	0.9991
chr1	362839	362840	27	0.8115
chr1	362840	362841	34	0.7489
chr1	362857	362858	37	0.808
chr1	362888	362889	27	0.8013
chr1	362960	362961	36	0.876
chr1	362978	362979	28	0.7611
chr1	362983	362984	26	0.2904
chr1	362987	362988	34	0.1709
chr1	362997	362998	27	0.2896
chr1	363007	363008	31	0.3658
chr1	363013	363014	35	0.0747
chr1	363025	363026	32	0.3844
chr1	363032	363033	34	0.1817
chr1	363033	363034	29	0.2557
chr1	363171	363172	31	0.1483
chr1	363201	363202	31	0.0866
chr1	363323	363324	34	0.261
chr1	363347	363348	27	0.2487
chr1	363381	363382	35	0.2334
chr1	363403	363404	29	0.1829
chr1	363451	363452	33	0.3644
chr1	363485	363486	43	0.3389
chr1	363535	363536	27	0.645
chr1	363543	363544	36	0.6118
chr1	363550	363551	29	0.7509
chr1	363565	363566	29	0.5864
chr1	363571	363572	35	0.6973
chr1	363585	363586	24	0.6136
chr1	363588	363589	22	0.6603
chr1	363622	363623	35	0.6497
chr1	363660	363661	31	0.548
chr1	363669	363670	23	0.1002
chr1	363680	363681	39	0.0701
chr1	363685	363686	34	0.0924
chr1	363695	363696	31	0.003
chr1	363701	363702	31	0.0546
chr1	363708	363709	27	0.1024
chr1	363719	363720	25	0.0
chr1	363739	363740	34	0.1105
chr1	363765	363766	28	0.0968
chr1	363847	363848	21	0.0698
chr1	363945	363946	26	0.2048
chr1	363953	363954	26	0.0506
chr1	363999	364000	27	0.0701
chr1	364073	364074	31	0.0904
chr1	364111	364112	30	0.0459
chr1	364215	364216	24	0.1378
chr1	364228	364229	33	0.8376
chr1	364232	364233	36	0.8388
chr1	364238	364239	29	0.9042
chr1	364250	364251	20	0.9942
chr1	364265	364266	36	0.7857
chr1	364271	364272	27	0.7149
chr1	364278	364279	31	0.7989
chr1	364316	364317	33	0.7948
chr1	364392	364393	35	0.8354
chr1	364409	364410	22	0.7112
chr1	364416	364417	40	0.8237
chr1	364431	364432	13	0.7886
chr1	364444	364445	35	0.9016
chr1	364453	364454	33	0.6083
chr1	364459	364460	28	0.645
chr1	364499	364500	37	0.8081
chr1	364547	364548	26	0.8769
chr1	364564	364565	32	0.8246
chr1	364575	364576	37	0.9027
chr1	364581	364582	22	0.8609
chr1	364586	364587	32	0.9316
chr1	364592	364593	25	0.9765
chr1	364603	364604	35	0.8586
chr1	364612	364613	29	0.8476
chr1	364614	364615	35	0.8746
chr1	364649	364650	28	0.962
chr1	364735	364736	34	0.9222
chr1	364741	364742	36	0.8262
chr1	364756	364757	35	0.9302
chr1	364767	364768	30	0.7886
chr1	364774	364775	35	0.9031
chr1	364780	364781	34	0.9441
chr1	364791	364792	24	0.8478
chr1	364792	364793	30	0.9232
chr1	364809	364810	22	0.848
chr1	364841	364842	26	0.7494
chr1	364865	364866	29	0.8359
chr1	364929	364930	37	0.8804
chr1	364965	364966	28	0.8669
chr1	364993	364994	42	0.9163
chr1	365115	365116	33	0.9234
chr1	365201	365202	30	0.9257
chr1	365235	365236	19	0.8616
chr1	365257	365258	19	0.8952
chr1	365289	365290	30	0.8776
chr1	365339	365340	27	0.6424
chr1	365343	365344	33	0.8219
chr1	365352	365353	27	0.9482
chr1	365367	365368	29	0.649
chr1	365377	365378	31	0.8418
chr1	365383	365384	23	0.7585
chr1	365389	365390	30	0.7001
chr1	365411	365412	29	0.7526
chr1	365433	365434	28	0.6921
chr1	365439	365440	30	0.8466
chr1	365482	365483	27	0.7246
chr1	365488	365489	25	0.8762
chr1	365503	365504	36	0.7692
chr1	365513	365514	27	0.7569
chr1	365521	365522	27	0.6811
chr1	365531	365532	22	0.6981
chr1	365538	365539	38	0.717
chr1	365588	365589	24	0.6678
chr1	365610	365611	29	0.8283
chr1	365646	365647	28	0.865
chr1	365664	365665	38	0.9161
chr1	365671	365672	38	0.7384
chr1	365683	365684	24	0.7429
chr1	365693	365694	35	0.9267
chr1	365696	365697	28	0.9085
chr1	365702	365703	30	0.8273
chr1	365711	365712	35	0.9614
chr1	365716	365717	26	0.7998
chr1	365719	365720	33	0.7869
chr1	365760	365761	30	0.7581
chr1	365806	365807	34	0.8181
chr1	365818	365819	33	0.7545
chr1	365834	365835	25	0.716
chr1	365845	365846	25	0.7117
chr1	365850	365851	44	0.7026
chr1	365856	365857	34	0.6333
chr1	365866	365867	26	0.6442
chr1	365870	365871	17	0.762
chr1	365883	365884	31	0.7719
chr1	365884	365885	24	0.6525
chr1	365962	365963	27	0.5582
chr1	365980	365981	31	0.7198
chr1	366002	366003	29	0.168
chr1	366008	366009	38	0.0596
chr1	366015	366016	30	0.1261
chr1	366022	366023	25	0.0468
chr1	366037	366038	32	0.1449
chr1	366047	366048	35	0.0
chr1	366052	366053	28	0.0315
chr1	366126	366127	23	0.0664
chr1	366152	366153	33	0.0633
chr1	366184	366185	24	0.8131
chr1	366191	366192	26	1.0
chr1	366196	366197	34	0.416
chr1	366208	366209	33	0.8784
chr1	366223	366224	30	0.6863
chr1	366234	366235	36	0.8875
chr1	366235	366236	24	0.7336
chr1	366250	366251	28	1.0
chr1	366276	366277	32	0.9537
chr1	366304	366305	30	0.5714
chr1	366312	366313	33	0.5739
chr1	366326	366327	31	0.6537
chr1	366336	366337	27	0.6294
chr1	366343	366344	34	0.5437
chr1	366349	366350	28	0.7573
chr1	366354	366355	35	0.7499
chr1	366381	366382	26	0.5431
chr1	366467	366468	40	0.8058
chr1	366490	366491	35	0.0241
chr1	366505	366506	29	0.1626
chr1	366512	366513	34	0.1161
chr1	366527	366528	31	0.1907
chr1	366534	366535	37	0.0
chr1	366540	366541	24	0.1908
chr1	366630	366631	40	0.1521
chr1	366638	366639	34	0.773
chr1	366652	366653	32	0.8527
chr1	366663	366664	35	0.6981
chr1	366667	366668	33	0.6591
chr1	366670	366671	33	0.8902
chr1	366684	366685	32	0.7592
chr1	366688	366689	28	0.7384
chr1	366712	366713	21	0.8532
chr1	366902	366903	32	0.6626
chr1	366952	366953	28	0.8223
chr1	366962	366963	33	0.8695
chr1	366992	366993	24	0.6808
chr1	367012	367013	28	0.734
chr1	367092	367093	43	0.6454
chr1	367136	367137	30	0.5899
chr1	367164	367165	19	0.7545
chr1	367188	367189	25	0.6229
chr1	367198	367199	27	0.7192
chr1	367210	367211	24	0.632
chr1	367217	367218	27	0.7491
chr1	367232	367233	34	0.5671
chr1	367240	367241	23	0.8405
chr1	367246	367247	31	0.7815
chr1	367248	367249	35	0.7923
chr1	367271	367272	24	0.7213
chr1	367296	367297	29	0.7939
chr1	367336	367337	24	0.6135
chr1	367353	367354	35	0.0
chr1	367365	367366	31	0.048
chr1	367369	367370	26	0.1913
chr1	367379	367380	27	0.0894
chr1	367394	367395	35	0.0461
chr1	367398	367399	35	0.2037
chr1	367402	367403	32	0.2139
chr1	367403	367404	20	0.0938
chr1	367432	367433	38	0.1846
chr1	367498	367499	33	0.1149
chr1	367540	367541	23	0.8477
chr1	367545	367546	35	0.6872
chr1	367559	367560	29	0.674
chr1	367565	367566	31	0.6882
chr1	367580	367581	21	0.6521
chr1	367588	367589	26	0.8953
chr1	367590	367591	24	0.7699
chr1	367617	367618	30	0.6883
chr1	367728	367729	35	0.7637
